Num_Acc;jour;mois;an;hrmn;lum;dep;com;agg;int;atm;col;adr;lat;long
202200000491;6;5;2022;17:30;1;64;64477;2;1;1;6;D15;43,1814640000; -1,3245340000
202200000492;20;10;2022;19:13;5;92;92060;2;9;3;6;GENERAL LECLERC (AVENUE) (RD 60);48,7832753035;2,2663856149
202200000493;26;3;2022;15:30;1;43;43216;1;1;1;1;Tressac;45,1385540000;3,7951780000
202200000494;19;10;2022;14:20;1;92;92023;2;1;1;6;BIEVRES (RUE DE);48,7940300000;2,2651100000
202200000495;3;5;2022;13:30;1;18;18141;2;1;1;6;5 Rue Gilbert Demay;47,1434910000;2,2220330000
202200000496;19;10;2022;15:15;1;92;92009;2;1;1;2;MAURICE PELLETIER ( RUE );48,9112380000;2,2648920000
202200000497;23;3;2022;14:05;1;53;53097;2;6;1;2;Super U (Carburant);48,1476450000; -0,4130170000
202200000498;26;3;2022;16:50;1;85;85031;1;1;1;7;RD26 route du boupère;46,7695800000; -0,9522560000
202200000499;5;5;2022;18:30;1;07;07339;1;1;1;6;;44,6772060000;4,4607660000
202200000500;20;10;2022;08:15;2;35;35245;2;1;1;6;Rue Anne Macé;48,2147054409; -1,8924929202
202200000501;26;3;2022;07:13;2;48;48176;1;1;1;6;D63;44,2061960000;3,2895210000
202200000502;20;10;2022;18:50;2;01;01378;2;1;1;6;Chemin de la Riviere;45,8171210000;5,2065320000
202200000503;1;5;2022;12:30;1;07;07196;1;1;1;2;Route du Dauphine;44,5649300000;4,2224720000
202200000504;26;3;2022;07:45;1;987;98734;1;1;1;3;PK 29.200 - en face du magasin Proxi; -17,7413520000; -149,5727020000
202200000505;18;10;2022;09:20;1;95;95487;2;1;1;6;Rue Maurice Thorez;49,1504551291;2,2712570429
202200000506;6;5;2022;02:00;3;40;40123;1;1;1;6;PK07+600;43,8238150000; -1,0945130000
202200000507;19;10;2022;16:15;1;31;31467;2;1;1;3;Rue Léon Blum;43,6867330000;1,4202610000
202200000508;25;3;2022;17:30;2;13;13051;1;1;1;2;Route de Coudoux;43,5865320000;5,1597940000
202200000509;21;10;2022;15:20;1;28;28261;1;1;1;2;A11 au PK 090.800;48,2681120000;1,1533930000
202200000510;5;5;2022;23:00;5;85;85146;2;6;1;1;49 Avenue Villebois Mareuil;46,9825200000; -1,3179100000
202200000511;28;6;2022;12:15;1;69;69029;2;1;1;3;GENAS (DE)                          (RO);45,7498200000;4,9126000000
202200000512;21;10;2022;03:40;5;972;97205;2;1;1;6;Nationale 2;14,6428110000; -61,1369200000
202200000513;26;3;2022;17:25;1;45;45169;1;1;1;2;A10 PK 97+657;47,9107690000;1,8493290000
202200000514;5;5;2022;23:40;5;85;85177;2;1;1;6;2 Rue du port;46,4102600000; -0,8957280000
202200000515;28;12;2022;15:40;1;08;08362;2;1;1;6;1 Rue Henri Jadart;49,5104069939;4,3672906011
202200000516;26;3;2022;11:00;1;988;98811;2;1;1;7;Avenue de Koniambo; -21,0551060000;164,8639600000
202200000517;3;5;2022;19:20;3;973;97307;1;1;2;6;RD6;4,7909690000; -52,3547460000
202200000518;21;10;2022;08:55;1;01;01354;2;3;2;3;Rue de Genève;46,2421770000;6,0246440000
202200000519;31;12;2022;15:05;1;14;N/C;2;6;1;6;D577;48,8643370000; -0,8733480000
202200000520;25;3;2022;18:25;2;973;97305;1;1;1;1;Avenue de la Laitiere;4,9324870000; -52,4470140000
202200000521;1;5;2022;00:25;5;2A;2A004;2;1;1;7;BEVERINI VICO PAIR AVENUE;41,9265400000;8,7363900000
202200000522;5;5;2022;09:30;1;973;97307;1;1;1;1;Chemin de la Chaumiere;4,8922765735; -52,3481208086
202200000523;17;10;2022;05:05;3;14;14061;1;4;2;7;D577;48,9512900000; -0,8044800000
202200000524;2;6;2022;17:00;1;11;11262;2;1;1;2;;43,1872300000;2,9728800000
202200000525;11;10;2022;07:15;2;34;34095;1;1;1;3;Route Departementale 613;43,5607010000;3,7988660000
202200000526;6;5;2022;09:10;1;13;13087;1;1;1;6;Autoroute A8, PK36,328;43,4757040000;5,6232830000
202200000527;25;11;2022;16:00;1;22;22020;2;1;7;1;Rue de Dinan;48,3180610000; -2,2603940000
202200000528;19;10;2022;17:00;1;63;63132;1;1;1;7;lieu-dit Omaly;45,6497150000;3,5594840000
202200000529;19;12;2022;17:34;2;04;04157;1;1;1;6;départementale 8;43,8957750000;6,1121360000
202200000530;4;9;2022;23:50;5;2B;2B050;2;1;1;2;Résidence les eucalyptus;42,5500230000;8,7666000000
202200000531;21;10;2022;14:00;1;47;47069;2;3;2;3;D813;44,2194080000;0,5830000000
202200000532;21;3;2022;20:15;3;13;13088;1;1;1;1;RD 5;43,3614520000;5,2329580000
202200000533;5;5;2022;08:00;1;988;98831;1;3;1;3;Intersection VU 60 - Voie privée; -20,9305400000;164,7207500000
202200000534;8;10;2022;10:10;1;29;29025;1;1;1;7;Lieu Dit Pen Ar Hoat;48,1567609700; -4,0622620580
202200000535;2;4;2022;11:50;1;13;13071;1;1;1;5;A51-Sens Marseille vers Aix en Provence;43,4151000000;5,3650000000
202200000536;26;3;2022;07:55;1;77;77415;1;3;1;1;D603;48,9508596726;3,0593628398
202200000537;6;5;2022;19:00;5;988;98809;1;1;1;1;RM6; -22,6545020000;167,4449600000
202200000538;13;10;2022;12:20;1;29;29069;1;1;2;1;Route de Saint-Pierre ;48,4062010000; -4,5516660000
202200000539;27;3;2022;00:20;3;66;66190;1;1;1;6;A9 PK 238+500;42,8169960000;2,9073160000
202200000540;5;5;2022;18:00;3;986;98613;2;1;1;3;Utufua; -13,3398220000; -176,1949490000
202200000541;17;10;2022;13:15;1;29;29195;2;1;1;7;Lieu dit Kreiz Ker;48,6179990000; -4,5545300000
202200000542;3;1;2022;18:30;5;78;78498;2;1;2;6;DEVAUX BD;48,9315600000;2,0470600000
202200000543;17;3;2022;22:20;3;13;13007;1;1;1;5;D560;43,3785918649;5,6902098656
202200000544;26;3;2022;16:00;1;13;13085;1;1;1;6;D1;43,2562990000;5,6486250000
202200000545;19;10;2022;09:25;1;38;38561;1;1;1;2;D519;45,3365490000;5,1856060000
202200000546;8;4;2022;19:00;1;57;57487;2;3;1;3;VERDUN (RUE DE );49,1075300000;6,1062300000
202200000547;3;5;2022;16:15;1;13;13040;1;1;1;3;Route Departementale 96;43,4346910000;5,5611040000
202200000548;21;10;2022;00:00;3;38;38012;1;1;2;7;D592 Route de Belley Pont de Cordon Saint-Didier;45,6241150000;5,6143570000
202200000549;29;11;2022;17:10;1;69;69259;2;9;1;2;Rue Albert Einstein;45,6980464351;4,8770250558
202200000550;25;3;2022;16:15;1;68;68249;1;1;1;3;D48;48,1014200000;7,1356310000
202200000551;19;10;2022;23:54;4;38;38183;1;1;1;6;D82;45,5923300000;5,5806260000
202200000552;17;6;2022;16:00;1;06;06048;2;1;1;3;RD 2204;43,8065870000;7,3273540000
202200000553;6;5;2022;01:30;3;33;33199;2;1;1;2;N250;44,6166010000; -1,1087850000
202200000554;25;3;2022;15:00;1;67;67282;1;1;1;1;D1004;48,6230560000;7,4737870000
202200000555;25;11;2022;11:00;1;78;78158;2;9;1;6;POTTIER (RUE);48,8277300000;2,1258900000
202200000556;21;10;2022;16:45;1;03;03212;2;1;1;6;Rue du Plan d'Eau;46,3283390000;2,5135620000
202200000557;25;3;2022;23:45;3;67;67046;1;1;1;1;départementale 29;48,7566590000;7,8870620000
202200000558;2;5;2022;18:00;1;77;77115;1;1;1;7;D28;48,2528550000;2,9706430000
202200000559;21;10;2022;14:00;1;14;14143;1;1;1;6;Rue de l’Abbaye;49,0966768826; -0,7747936249
202200000560;30;12;2022;18:30;3;32;32377;1;1;1;1;RD654 PR58+200;43,7227650000;0,9272130000
202200000561;3;5;2022;19:35;1;91;91461;1;1;1;7;Route de Baillot;48,5983770000;2,2161580000
202200000562;25;3;2022;14:30;1;88;88101;1;3;1;3;D159;48,1444020000;6,5992160000
202200000563;20;10;2022;07:00;3;60;60238;1;1;2;6;D1017;49,2767930000;2,5943720000
202200000564;30;12;2022;14:30;1;91;91657;2;1;2;3;RUE DU MUGUET;48,6994300000;2,4265100000
202200000565;3;5;2022;12:30;1;2B;2B355;1;1;1;1;T20;42,5087420000;9,3561460000
202200000566;25;3;2022;16:30;1;57;57211;1;9;7;3;Rue du Pre Meunier;49,1897150000;6,1447960000
202200000567;17;12;2022;02:40;5;91;91521;2;1;1;7;BROSSOLETTE (RUE PIERRE) N°1 A 81;48,6485920000;2,4079960000
202200000568;20;10;2022;10:50;1;64;64559;2;1;6;3;d11 04+100;43,2507360000; -0,8788420000
202200000569;27;12;2022;18:55;5;91;91687;2;1;1;7;ROCHEFOUCAULT (RUE DE LA);48,6652500000;2,3619500000
202200000570;1;5;2022;19:15;1;13;13089;2;1;1;1;CD 24;43,8388760000;4,9451140000
202200000571;21;10;2022;10:15;1;18;18087;2;1;7;6;Rue de Boissereau;46,8860670000;2,5627860000
202200000572;25;3;2022;18:15;1;38;38481;1;1;1;3;Route de St Victor;45,5558910000;5,3494630000
202200000573;1;12;2022;13:45;1;75;75102;2;3;8;6;RUE MONTORGUEIL;48,8651410000;2,3469170000
202200000574;26;3;2022;16:27;1;38;38565;2;1;1;7;135 Rue Beyle Stendhal;45,2769060000;5,6480460000
202200000575;12;8;2022;03:00;5;972;97231;1;1;1;6;RD7;14,5337850000; -61,0258230000
202200000576;21;10;2022;08:40;1;43;43205;1;9;1;6;D500;45,3528540000;4,3160390000
202200000577;26;3;2022;16:37;1;76;76261;1;2;1;3;Route des Brouillards;49,5642370000;1,5474110000
202200000578;9;10;2022;10:46;2;16;16096;1;1;1;2;D178;45,8135130000;0,5407730000
202200000579;8;11;2022;17:10;1;14;14047;2;1;1;7;Rue Eustache de Boulogne;49,2876210000; -0,7149120000
202200000580;27;12;2022;13:38;1;36;36159;1;1;9;7;ROUTE DEPARTEMENTALE 990;46,7063200000;1,7504000000
202200000581;25;3;2022;20:30;5;60;60589;1;9;1;6;D1016;49,2324764758;2,4708445072
202200000582;21;12;2022;18:00;5;36;36044;2;4;9;3;;46,8197100000;1,7110100000
202200000583;25;3;2022;18:48;2;13;13005;1;1;1;4;A50 - Sens Aubagne vers Marseille;43,2777600000;5,5867500000
202200000584;14;12;2022;15:03;1;36;36044;2;1;1;6;Avenue d'Argenton;46,7957701547;1,6650724411
202200000585;21;10;2022;17:30;2;07;07181;1;1;3;4;RD104;44,7585430000;4,7362020000
202200000586;24;3;2022;17:00;1;13;13117;1;1;1;7;A7-Sens Lyon vers Marseille;43,4268800000;5,2627000000
202200000587;15;10;2022;01:35;3;42;42044;1;1;1;3;N88;45,3933700000;4,3247000000
202200000588;24;3;2022;17:17;1;13;13211;1;1;1;3;A50-Sens Marseille vers Aubagne;43,2929784052;5,4763774141
202200000589;2;10;2022;03:45;3;42;42005;1;1;1;2;A72;45,5249310000;4,2884540000
202200000590;21;10;2022;08:30;1;53;53019;1;1;1;3;la Petite Lande;47,9679230000; -0,3778160000
202200000591;24;3;2022;17:22;1;13;13071;1;1;1;2;A51-Sens Aix en Provence vers Marseille;43,4152800000;5,3647900000
202200000592;28;9;2022;13:15;1;22;22050;2;1;2;2;Rue Carnot;48,4564790000; -2,0511720000
202200000593;2;9;2022;01:00;3;22;22302;2;1;3;-1;Rue de Dinan;48,5901400000; -2,1916670000
202200000594;24;3;2022;10:00;1;13;13005;1;1;1;2;A50-Sens Aubagne vers Marseille;43,2785000000;5,5862200000
202200000595;18;10;2022;07:00;5;87;87154;2;9;1;3;Avenue Henri Barbusse;45,8928870000;0,9074070000
202200000596;20;10;2022;07:25;1;30;30294;2;9;1;1;7 Chemin de Saint Hilaire;44,1290370000;4,1293120000
202200000597;23;3;2022;13:34;1;13;13212;1;1;1;3;A507 sens Aubagne- Marseille;43,2943720000;5,4243920000
202200000598;16;9;2022;15:50;1;03;03038;1;1;1;2;;46,3150700000;3,2244650000
202200000599;25;3;2022;14:00;1;69;69297;1;1;1;3;Autoroute 47;45,5885198982;4,7928897142
202200000600;20;10;2022;19:15;3;13;13008;1;1;1;1;Route Departementale 16;43,6688960000;5,1517080000
202200000601;19;3;2022;12:00;1;54;54528;1;1;1;2;Nationale 4;48,6505520000;5,8738790000
202200000602;20;10;2022;09:00;1;35;35210;1;1;2;7;;48,1377690000; -1,7724040000
202200000603;18;10;2022;12:50;1;22;22187;2;6;1;6;EUROPE (Rdp de l');48,5332400000; -2,7598800000
202200000604;25;3;2022;20:30;4;33;33318;1;1;1;7;ROCADE A 630;44,7911400000; -0,6457800000
202200000605;22;12;2022;18:00;1;988;98821;1;1;1;5;; -22,1021500000;166,3207000000
202200000606;25;3;2022;14:45;1;33;33013;1;1;1;3;;44,8611200000; -0,5041600000
202200000607;20;10;2022;12:10;1;06;06152;1;1;1;2;Route des Cretes;43,6265490000;7,0443830000
202200000608;16;10;2022;02:30;3;11;11126;1;1;1;7;D6;43,2267448519;2,6997704031
202200000609;25;3;2022;18:40;1;78;78498;1;1;1;2;A13;48,9150020000;2,0056050000
202200000610;15;1;2022;10:13;1;13;13211;1;1;1;6;A50-Sens Marseille vers Aubagne;43,2920614867;5,4530721902
202200000611;25;3;2022;13:10;1;92;92064;1;1;1;2;A13;48,8397805788;2,2045647677
202200000612;20;10;2022;17:20;1;67;67506;1;9;3;3;autoroute A4 PK 472+500;48,6740700000;7,7357270000
202200000613;14;11;2022;15:09;1;14;14174;2;9;2;7;Rue G. le Conquérant - Condé (Condé-sur-Noireau);48,8544130000; -0,5720510000
202200000614;25;3;2022;04:55;3;78;78455;1;1;1;6;A13;48,8604020000;2,0478070000
202200000615;9;11;2022;17:05;2;22;22187;2;3;1;3;Rue de la Ville Solon;48,5381700000; -2,7611500000
202200000616;19;10;2022;10:45;1;69;69043;2;1;1;6;Avenue André Devienne;45,7137240000;4,7411530000
202200000617;25;3;2022;18:25;2;93;93005;1;9;1;5;D170;48,9721100000;2,4953900000
202200000618;31;12;2022;17:00;1;10;10298;1;1;1;1;;48,5103220000;3,6064340000
202200000619;25;3;2022;16:30;1;93;93066;1;1;7;2;AUTOROUTE A1;48,9338056959;2,3831856251
202200000620;20;10;2022;18:10;1;21;21475;1;1;1;2;autoroute A36 (sens Mulhouse-Beaune) PK 191+300;47,0484738633;5,2237150183
202200000621;27;12;2022;07:30;1;43;43108;2;1;5;6;20 Route de Chamborne;45,3057460000;3,7907120000
202200000622;24;12;2022;10:40;1;43;43157;2;1;1;3;Avenue Baptiste Marcet;45,0228000000;3,8884900000
202200000623;24;3;2022;09:20;1;93;93063;1;1;1;2;AUTOROUTE A3;48,8773300000;2,4443000000
202200000624;20;10;2022;21:00;3;974;97420;1;1;2;6;Route Nationale 2; -20,9353350000;55,6379070000
202200000625;12;7;2022;17:50;1;30;30311;2;9;1;4;Route de Quissac;43,9369981400;3,9593482018
202200000626;23;3;2022;19:15;2;92;92036;1;1;1;3;RN 315 ;48,9374765581;2,2987285712
202200000627;21;10;2022;06:00;3;73;73162;1;1;2;6;D1090;45,6073430000;6,2831070000
202200000628;24;3;2022;08:15;1;95;95351;1;1;1;2;RN 104;49,0389768653;2,4839562178
202200000629;14;12;2022;13:00;1;14;14455;1;1;4;1;D156A;48,9900630000; -0,3391810000
202200000630;24;3;2022;01:15;3;93;93063;1;1;1;4;AUTOROUTE A3;48,8792900000;2,4491800000
202200000631;19;11;2022;16:00;1;14;14762;1;1;8;6;D524;48,8438050000; -0,9209530000
202200000632;25;3;2022;21:50;3;77;77363;1;1;1;6;A104;48,9135931233;2,6348812060
202200000633;19;10;2022;16:20;1;45;45252;2;3;1;3;D921 PR 17 + 207;48,1855326446;2,2498108149
202200000634;3;8;2022;18:50;1;73;73065;2;3;1;2;Pont des Amours;45,5675845444;5,9245372676
202200000635;25;3;2022;14:00;1;77;77122;1;1;1;7;RN104;48,6463951434;2,5993517524
202200000636;4;11;2022;19:05;3;83;83136;1;1;1;3;RD84;43,4413440000;6,3672420000
202200000637;25;3;2022;08:20;1;94;94042;1;1;1;2;A4;48,8272864270;2,4692556276
202200000638;4;11;2022;15:00;1;09;09013;1;1;2;1;20 (R.N.) COTE NORD DU TUNNEL;42,9754200000;1,6224400000
202200000639;24;3;2022;09:49;1;32;32013;2;1;1;7;LAGARRASIC (PONT);43,6434200000;0,5885490000
202200000640;7;10;2022;21:20;5;84;84092;2;2;1;6;chemin du grand bois;43,9683340000;4,8822050000
202200000641;1;11;2022;05:30;5;09;09122;2;1;8;6;LERIDA (AVENUE DE);42,9660680000;1,5994110000
202200000642;24;3;2022;19:00;5;83;83009;2;1;1;6;BEAUSSET (ROUTE DU);43,1449100000;5,7679300000
202200000643;7;10;2022;16:30;1;69;69382;1;1;1;2;Route de Métropole 6;45,7500122647;4,8252457380
202200000644;24;3;2022;13:00;1;974;97409;2;1;1;6;MASCAREIGNES (Avenue des); -20,9372720000;55,6467460000
202200000645;23;12;2022;19:15;5;93;93014;2;1;8;6;Allee de la Fosse Maussoin;48,9060519290;2,5322923064
202200000646;21;10;2022;14:22;1;13;13067;2;1;8;6;100 Avenue de la Victoire;43,7919930000;5,0390500000
202200000647;17;1;2022;10:25;1;54;54318;2;3;1;6;D90B;48,7706159050;6,0540086039
202200000648;23;3;2022;16:40;1;976;97611;2;1;1;1;kaweni-Mangrove (route de la); -12,7751400000;45,2302700000
202200000649;2;8;2022;02:45;3;14;14625;1;1;1;6;Chemin Saint Hippolyte;49,1105100000;0,2158700000
202200000650;19;10;2022;15:45;1;13;13076;1;1;1;3;D26;43,8142470000;5,0188640000
202200000651;24;3;2022;04:15;3;974;97416;2;1;1;2;RN2 (1); -21,3344400000;55,4855700000
202200000652;18;10;2022;08:40;1;92;92035;2;1;1;3;Général de Gaulle  ( avenue du );48,9102600000;2,2549600000
202200000653;16;10;2022;07:35;2;13;13053;1;1;1;7;D7n;43,7067710000;5,2012540000
202200000654;21;10;2022;16:00;1;13;13022;1;1;1;3;Route de Belle Fille;43,2149580000;5,5803570000
202200000655;24;3;2022;14:31;1;974;97416;1;1;1;2;ENTRE DEUX (CHEMIN) CD26; -21,3012600000;55,4336400000
202200000656;18;9;2022;17:14;1;14;14098;1;1;1;7;N13;49,2110230000; -0,5203490000
202200000657;18;10;2022;14:40;1;13;13041;2;6;1;1;D6;43,4578220000;5,4632920000
202200000658;24;3;2022;21:37;5;973;97302;2;2;1;6;DE GAULLE (AVENUE);4,9396000000; -52,3284900000
202200000659;1;8;2022;21:30;2;14;14726;1;1;1;7;D311;48,8277740000; -0,7346030000
202200000660;24;3;2022;17:48;1;973;97302;2;1;1;2;BADUEL (ROUTE DE);4,9351410896; -52,3122811317
202200000661;17;10;2022;08:20;1;21;21268;1;1;1;1;Chemin communal 3;47,1378529581;5,4027166218
202200000662;14;10;2022;12:40;1;68;68322;1;3;2;3;4 Route de Thann;47,8114790000;7,1600730000
202200000663;29;12;2022;14:30;1;62;62525;2;9;3;6;avenue des frais fonds;50,7352600000;2,2735400000
202200000664;24;3;2022;16:30;1;973;97302;2;3;1;3;BADUEL (ROUTE DE);4,9374100000; -52,3158200000
202200000665;13;8;2022;22:00;3;67;67210;1;1;1;1;cd 425;48,3949390000;7,3047280000
202200000666;24;8;2022;16:00;1;2A;2A004;2;1;1;1;MONTEE SAINT JEAN;41,9315100000;8,7381900000
202200000667;14;12;2022;17:10;2;60;60159;2;1;1;1;Avenue Alphonse Chovet;49,4229846874;2,8203771114
202200000668;25;3;2022;00:15;5;69;69383;2;4;1;3;Rue Général Mouton-Duvernet;45,7508400000;4,8607400000
202200000669;10;10;2022;13:50;1;88;88160;1;1;8;6;RN 57;48,1566805766;6,4854177833
202200000670;15;11;2022;16:35;1;17;17299;2;1;2;2;DE GAULLE AVENUE DU GENERAL;45,9356100000; -0,9625700000
202200000671;24;3;2022;18:30;1;69;69259;2;1;1;3;Avenue Jacques Duclos;45,6976200000;4,8928700000
202200000672;20;10;2022;06:30;5;69;69089;2;9;2;1;Route de la Libération;45,7333550000;4,7758610000
202200000673;25;11;2022;01:10;5;13;13071;1;1;1;1;ROUTE NATIONALE 113 - MONTEE DE L'ASSASS;43,4078300000;5,3294900000
202200000674;24;3;2022;10:55;1;69;69199;2;3;1;6;Rue du Midi;45,6887392803;4,8611927032
202200000675;26;12;2022;17:25;5;74;74281;2;2;2;6;RONDE (CHEMIN DE);46,3710000000;6,4850000000
202200000676;24;3;2022;11:43;1;972;97209;1;9;1;3;REDOUTE (ROUTE DE LA);14,6290300000; -61,0559100000
202200000677;24;12;2022;11:05;1;974;97409;2;9;1;6;PETUNIAS (RUE DES); -20,9674900000;55,6719300000
202200000678;25;9;2022;12:30;1;33;33449;2;9;1;3;Rue Albert Menaut;44,8937090000; -0,7177220000
202200000679;17;10;2022;11:16;1;2A;2A004;2;1;1;6;MACCHINI EUGENE AVENUE;41,9178700000;8,7370600000
202200000680;24;3;2022;09:35;1;69;69382;1;1;1;6;Route de Métropole 7;45,7342000000;4,8189000000
202200000681;18;11;2022;16:45;2;13;13005;1;3;1;3;SAINT JEAN DE GARGUIER (CHEMIN);43,3087530203;5,6079823777
202200000682;24;3;2022;13:20;1;91;91103;2;1;1;1;RUE ALBERT CAMUS;48,6084830000;2,3160010000
202200000683;21;10;2022;08:30;2;49;49023;2;1;1;6;18 Rue de la Sablière (Beaupréau);47,2075510000; -0,9894510000
202200000684;31;12;2022;16:24;1;63;63113;2;1;1;7;PUY DE DOME (AVENUE DU);45,7879800000;3,0559200000
202200000685;23;3;2022;12:41;1;87;87085;2;1;1;3;BLANC LOUIS (BOULEVARD);45,8279900000;1,2612400000
202200000686;10;12;2022;14:55;1;93;93029;2;2;1;3;Avenue Henri Barbusse / Rue Charles Gide;48,9166200000;2,4445400000
202200000687;23;3;2022;12:25;1;87;87085;2;2;1;6;REVOLUTION (AVENUE DE LA);45,8211700000;1,2629200000
202200000688;6;12;2022;20:12;5;93;93029;2;1;8;6;Rue Roger Salengro;48,9179225898;2,4361458421
202200000689;24;3;2022;16:50;1;85;85191;2;3;1;3;FOCH RUE DU MARECHAL;46,6720600000; -1,4274400000
202200000690;1;12;2022;17:50;5;93;93050;2;2;1;6;Rue Paul et Camille Thomoux / Rue Louis Vannini;48,8666500000;2,5288600000
202200000691;24;3;2022;08:40;1;85;85191;2;9;1;3;92 Rue rené coty;46,6583180000; -1,4481581000
202200000692;23;9;2022;11:00;1;84;84007;2;2;1;6;Verdière(chemin)-MONTFAVET;43,9432900000;4,8657400000
202200000693;24;3;2022;17:15;1;81;81004;2;6;1;3;AGRICULTEURS (DES);43,9208400000;2,1720500000
202200000694;14;10;2022;17:00;1;13;13070;1;1;1;2;A50-Sens Aubagne vers Marseille;43,2853900000;5,5152800000
202200000695;23;3;2022;13:40;1;78;78238;2;4;1;1;RENAULT (ROUTE DE);48,9766950000;1,8615370000
202200000696;18;10;2022;20:58;5;13;13213;1;1;1;2;A507 sens Marseille - Aubagne;43,3253300000;5,4221200000
202200000697;13;11;2022;04:50;4;93;93027;2;2;1;6;rue Raspail;48,9262828105;2,3966401552
202200000698;22;3;2022;22:35;5;78;78362;2;1;1;6;BOULEVARD ROGER SALENGRO;48,9828240000;1,6977300000
202200000699;29;11;2022;08:20;1;38;38053;2;6;2;6;D522;45,5984500000;5,2497900000
202200000700;16;11;2022;10:39;1;38;38169;2;1;1;6;Avenue du Vercors;45,1924100000;5,6983500000
202200000701;24;3;2022;07:45;1;74;74281;2;1;1;2;DE GAULLE (AV DU GAL) APRES N°26;46,3643100000;6,4642100000
202200000702;20;10;2022;20:00;5;94;94034;1;1;3;4;AUTOROUTE A86;48,7585473054;2,3255730855
202200000703;5;10;2022;18:30;1;38;38544;1;1;1;2;D41;45,5268400000;4,8799200000
202200000704;23;3;2022;20:05;5;67;67482;2;3;1;3;FRANÇOIS MITTERRAND (AVENUE);48,5841700000;7,6932500000
202200000705;26;9;2022;08:10;2;38;38318;1;1;1;6;D75;45,5452700000;4,9245800000
202200000706;23;3;2022;17:00;1;67;67482;2;3;1;3;EUGENE CARRIERE (RUE);48,5880100000;7,7842800000
202200000707;20;10;2022;18:00;2;91;91553;1;1;8;3;RN 104;48,6289600000;2,4823600000
202200000708;21;7;2022;17:55;1;38;38053;2;1;1;2;Avenue d’Italie;45,5845800000;5,2807200000
202200000709;22;3;2022;17:20;1;67;67482;2;1;1;6;CANONNIERS (RUE DES);48,5538800000;7,7623800000
202200000710;15;12;2022;08:30;1;55;55545;2;6;1;6;DOUAUMONT ( AVENUE DE );49,1606200000;5,3889900000
202200000711;19;10;2022;19:00;2;94;94034;1;1;1;2;AUTOROUTE A86;48,7589540937;2,3243421458
202200000712;24;3;2022;08:40;1;64;64269;1;1;1;4;D938;43,2847100000; -0,3205300000
202200000713;9;12;2022;09:45;1;74;74018;1;1;4;4;A40;46,0942750000;6,3552050000
202200000714;23;3;2022;07:53;1;64;64335;2;1;7;7;TARBES DE;43,3314590154; -0,4126028717
202200000715;20;10;2022;15:00;1;92;92036;1;1;1;7;RN315 W;48,9180501697;2,3073887640
202200000716;23;3;2022;12:45;1;64;64122;2;1;1;7;MADRID (RUE DE);43,4676200000; -1,5711700000
202200000717;23;3;2022;15:20;1;64;64102;2;1;1;7;Avenue Interne Jacques Loeb;43,4827640000; -1,4825730000
202200000718;16;12;2022;14:40;1;93;93051;2;2;1;5;Avenue Victor Basch / Rue Rouget de Lisle;48,8433870000;2,5594920000
202200000719;20;10;2022;07:45;2;92;92047;1;1;8;5;A13;48,8350835791;2,1757683191
202200000720;24;3;2022;12:25;1;62;62894;1;1;1;5;TERLINCTHUN;50,7459400000;1,6104000000
202200000721;2;11;2022;09:50;1;91;91161;1;1;1;4;AUTOROUTE A6;48,7083600000;2,3066600000
202200000722;24;3;2022;16:55;1;59;59367;2;9;1;6;VERT PRE (RUE DU);50,6753700000;3,2102700000
202200000723;19;10;2022;16:35;1;92;92050;1;1;1;4;A86;48,9143352249;2,2194984555
202200000724;16;10;2022;19:05;5;73;73241;2;3;1;6;D925 / Chemin des moulins;45,6149890000;6,3190860000
202200000725;24;3;2022;16:35;1;59;59512;2;1;1;6;LANNOY (RUE DE);50,6845000000;3,1896900000
202200000726;15;10;2022;19:57;5;73;73181;2;3;1;1;D915 Place des victoires;45,4834340702;6,5296348929
202200000727;23;3;2022;18:20;1;59;59008;2;1;1;1;DELESTRAINT (RUE DU GENERAL);50,3362100944;3,2587387561
202200000728;19;10;2022;09:40;1;92;92025;1;1;1;3;A86;48,9334299689;2,2520676266
202200000729;23;3;2022;07:55;1;56;56098;2;2;1;3;SCRIBE (RUE  AUGUSTIN );47,7679510000; -3,3555510000
202200000730;10;9;2022;08:50;1;73;73297;2;9;1;3;D201C / montée de la mairie;45,6436990000;6,3176970000
202200000731;29;8;2022;13:45;1;73;73124;2;9;1;2;Avenue georges pompidou;45,6549770000;6,3583170000
202200000732;23;3;2022;23:53;5;49;49007;2;2;1;3;MEIGNANNE ROUTE DE LA;47,4791000000; -0,5705400000
202200000733;20;10;2022;20:15;3;93;93006;1;1;2;5;AUTOROUTE A3;48,8656200000;2,4207100000
202200000734;22;8;2022;18:14;1;73;73151;1;3;1;2;D1090;45,4936543694;6,0003084540
202200000735;23;3;2022;08:36;1;49;49007;2;1;1;3;BIRGE BOULEVARD;47,4718400000; -0,5192400000