Num_Acc;jour;mois;an;hrmn;lum;dep;com;agg;int;atm;col;adr;lat;long
202200000736;20;10;2022;18:15;1;95;95488;1;1;1;4; A15;49,0123338101;2,1503912473
202200000737;23;3;2022;07:51;1;49;49267;2;6;1;3;PATIS;47,4742933504; -0,5155581236
202200000738;18;8;2022;18:15;1;73;73032;1;6;1;3;D66;45,6289250000;6,4436370000
202200000739;24;3;2022;07:00;2;44;44162;2;1;1;6;Boulevard Salvador Allende;47,2221500000; -1,6377200000
202200000740;20;10;2022;18:15;1;95;95582;1;1;1;3; A15;48,9639515455;2,2631313398
202200000741;18;3;2022;19:15;1;41;41018;2;1;1;3;PAPIN (RUE DENIS);47,5875000000;1,3332000000
202200000742;30;9;2022;13:30;1;62;62852;1;2;1;3;rue du pont neuf;50,9103870000;2,0784760000
202200000743;20;10;2022;16:00;1;95;95127;1;1;1;5;A15;49,0412212246;2,0807994769
202200000744;28;12;2022;10:20;1;09;09225;1;1;1;2;BELPECH ROUTE DE;43,1171090000;1,6345570000
202200000745;20;10;2022;13:20;1;93;93053;1;1;2;6;AUTOROUTE A103;48,8877000000;2,4725300000
202200000746;24;3;2022;16:45;1;38;38185;2;1;1;3;MARIE REYNOARD (AVENUE);45,1646900000;5,7289700000
202200000747;24;11;2022;11:41;1;93;93031;2;1;1;6; Rue de Paris;48,9529053098;2,3130525649
202200000748;20;10;2022;09:40;1;93;93066;1;1;1;5;AUTOROUTE A1;48,9210200000;2,3569400000
202200000749;23;3;2022;17:15;1;37;37214;2;1;1;3;DE GAULLE (BD CHARLES);47,4145500000;0,6698600000
202200000750;20;10;2022;07:30;3;93;93005;1;1;3;3;AUTOROUTE A3;48,9685400000;2,4789700000
202200000751;23;3;2022;16:30;1;37;37261;2;1;1;1;FRANCE (PLACE ANATOLE);47,3967800000;0,6859000000
202200000752;8;7;2022;19:45;1;93;93064;2;3;1;3;Rue Leon Blum / Rue Conrad Adenauer;48,8809750000;2,4800840000
202200000753;20;10;2022;17:50;1;77;77146;1;1;1;2;A4.Y;48,8318200000;2,6483940000
202200000754;24;3;2022;18:10;1;35;35238;1;1;1;2;N136;48,1059148961; -1,7172348884
202200000755;20;10;2022;07:25;3;77;77059;1;1;2;2;A104;48,8464770000;2,6622180000
202200000756;7;7;2022;11:05;1;93;93064;2;1;1;6;Rue du Général Gallièni;48,8732811102;2,4837829471
202200000757;24;3;2022;09:35;1;35;35238;1;1;1;2;N136;48,0807600000; -1,6758300000
202200000758;29;6;2022;18:00;1;93;93064;2;1;1;3;Rue Jules Ferry;48,8738990000;2,4791710000
202200000759;24;3;2022;11:55;1;34;34172;2;2;1;6;617 Rue du Pas du Loup;43,5966000000;3,8452700000
202200000760;19;10;2022;23:05;3;94;94022;1;1;1;7;A86 INT;48,7763087259;2,4242660012
202200000761;21;6;2022;20:28;1;93;93077;2;2;1;3;Avenue Longpérier / Avenue Girardot;48,8826790000;2,5203810000
202200000762;24;3;2022;07:40;1;33;33200;2;6;1;3;Avenue de Magudas;44,8584730000; -0,6775350000
202200000763;31;7;2022;05:30;3;73;73055;1;1;1;7;D89A - route de villemartin lieu dit le plan;45,4473440000;6,6412030000
202200000764;4;5;2022;15:15;1;93;93027;2;2;1;3;Rue Jean-pierre Timbaud / Avenue Jean Jaurès;48,9247600000;2,4150000000
202200000765;24;3;2022;02:05;5;33;33063;2;1;1;6;Rue Sainte-Catherine;44,8378100000; -0,5738900000
202200000766;16;7;2022;23:40;5;73;73008;2;1;1;6;Boulevard de la roche du roi;45,6806700000;5,9125700000
202200000767;26;4;2022;19:00;1;93;93064;2;1;1;2;Rue de Lisbonne;48,8793579201;2,4748823047
202200000768;19;10;2022;18:00;3;976;97611;1;1;1;2;kaweni-Centrale EDM (rue de la ); -12,7599500000;45,2271300000
202200000769;23;3;2022;12:15;1;31;31555;2;2;1;3;ALL JEAN JAURES;43,6057400000;1,4488300000
202200000770;11;4;2022;10:15;1;93;93064;2;1;1;2;Rue Galilée;48,8622510000;2,4882190000
202200000771;19;10;2022;20:36;5;974;97416;2;1;1;2;ALIZEES (PROMENADE DES); -21,3506300000;55,4842200000
202200000772;28;11;2022;07:55;2;62;62758;2;1;2;6;D96;50,7223900000;1,6334500000
202200000773;23;3;2022;09:30;1;31;31555;1;1;1;2;ECHANGEUR ST MARTIN ( A624-RD 901);43,6112800000;1,3829800000
202200000774;19;10;2022;20:38;1;973;97302;2;2;1;3;CONSTANT CHLORE(RUE);4,9342000000; -52,3204000000
202200000775;11;10;2022;18:20;1;62;62893;2;1;1;3;D940;50,7770770000;1,6125330000
202200000776;23;3;2022;16:20;2;28;28220;2;2;1;3;LEPINE (françois);48,4284700000;1,4674900000
202200000777;19;10;2022;16:53;1;973;97302;2;2;1;3;MANDELA  (BOULEVARD);4,9406400000; -52,3267800000
202200000778;29;9;2022;08:30;1;62;62160;2;1;1;3;D940;50,7421500000;1,5965030000
202200000779;24;3;2022;19:50;5;27;27229;2;4;1;3;CHURCHILL (AVENUE WINSTON);49,0200600000;1,1595700000
202200000780;19;10;2022;15:15;1;972;97213;1;1;1;5;AUTOROUTE A1;14,6154747736; -61,0140591860
202200000781;23;9;2022;09:50;1;62;62215;1;1;1;5;chemin des postes;50,5003080000;2,9442060000
202200000782;24;3;2022;08:00;1;26;26362;2;9;1;3;ALPES RUE DES;44,9271200000;4,8997400000
202200000783;19;10;2022;16:40;1;69;69384;2;1;1;3;55 Quai Joseph Gillet;45,7804100000;4,8118800000
202200000784;30;10;2022;15:50;1;14;14191;2;6;7;3;D79;49,3223990000; -0,4552880000
202200000785;24;3;2022;16:30;1;25;25056;2;1;1;2;CHURCHILL BD WINSTON (sup19);47,2505100000;6,0067600000
202200000786;19;10;2022;11:00;1;69;69385;2;2;1;2;Avenue de Ménival;45,7546200000;4,7884700000
202200000787;24;3;2022;13:49;1;15;15014;1;1;1;3;LIEU- DIT VEYRAC (CD117);44,9247900000;2,4742400000
202200000788;18;10;2022;17:30;1;14;14762;2;6;1;1;D407;48,8667040000; -0,8706110000
202200000789;19;10;2022;06:52;3;2B;2B120;1;1;1;6;11 - RT;42,6492600000;9,4404400000
202200000790;18;10;2022;19:00;3;971;97101;1;1;1;6;RN5-BOISRIPEAUX;16,2792373472; -61,5079450607
202200000791;21;12;2022;18:35;3;25;25031;2;7;8;6;GRANDE RUE;47,4822700000;6,8405500000
202200000792;24;3;2022;08:50;1;14;14271;2;2;1;6;Rue Marcel Cachin;49,1461000000; -0,3772400000
202200000793;19;10;2022;12:25;1;2A;2A004;2;1;1;2;SEBASTIANU COSTA BD;41,9399300000;8,7437900000
202200000794;24;3;2022;18:00;1;13;13117;1;1;1;3;ROUTE NATIONALE 113 - CADESTEAUX;43,4755400000;5,2279800000
202200000795;3;10;2022;19:30;5;95;95582;2;3;1;3;Rue d'Argenteuil;48,9668500000;2,2563600000
202200000796;24;3;2022;14:20;1;13;13213;2;3;1;3;CHATEAU GOMBERT CHEMIN;43,3457300000;5,4248300000
202200000797;19;10;2022;17:30;1;91;91691;2;1;1;1;CORNEILLE(RUE);48,6972200000;2,4818700000
202200000798;26;12;2022;14:18;1;93;93029;2;3;2;3;Avenue de la Division Leclerc / Rue Georges Marie;48,9351205717;2,4509879630
202200000799;18;10;2022;16:50;1;91;91174;2;1;8;6;AV GENERAL DE GAULLE;48,6164370000;2,4587550000
202200000800;24;3;2022;12:40;1;13;13203;2;2;1;3;BONNARDEL (RUE);43,3114046242;5,3873455576
202200000801;13;12;2022;14:00;1;2A;2A004;2;2;1;3;MORO GIAFFERI VINCENT RUE;41,9344400000;8,7418300000
202200000802;24;3;2022;10:05;1;13;13206;2;2;1;3;TILSIT (RUE);43,2928100000;5,3875400000
202200000803;13;10;2022;19:04;5;80;80021;2;3;2;3;SAINT QUENTIN (BOULEVARD);49,8793800000;2,2982100000
202200000804;24;9;2022;01:50;5;78;78168;2;6;1;6;GARE (AVENUE DE LA);48,7443760000;1,9206210000
202200000805;24;3;2022;09:30;1;13;13205;2;1;1;3;BAILLE (BOULEVARD);43,2886000000;5,3930800000
202200000806;6;12;2022;13:45;1;2A;2A004;2;6;1;3;CAMPI LOUIS BD;41,9420600000;8,7496800000
202200000807;24;3;2022;12:40;1;13;13004;2;1;1;3;AV JEAN MONNET BARRIOL;43,6737254418;4,6179412005
202200000808;18;10;2022;21:20;2;77;77514;2;1;1;3;D84;48,9346470000;2,6021310000
202200000809;4;12;2022;21:15;4;19;19272;2;1;2;6;Raymond Poincaré (Av);45,2780120296;1,7695605755
202200000810;23;3;2022;23:22;3;11;11069;1;1;1;6;Chemin de Lavalette Villalbe;43,1972500000;2,2927800000
202200000811;17;10;2022;19:15;3;76;76481;1;6;1;6;MONTIVILLIERS (ROUTE DE);49,5619500000;0,1164100000
202200000812;23;3;2022;12:50;1;11;11069;2;1;1;3;240 Avenue Paul Henri Mouton;43,2033470000;2,3114960000
202200000813;3;9;2022;22:30;3;14;14406;1;1;1;3;D613;49,2459450000; -0,6138090000
202200000814;19;10;2022;02:05;3;71;71499;1;1;1;7;ROUTE DEPARTEMENTALE (N°224);46,6724210000;4,2647500000
202200000815;23;3;2022;21:55;5;10;10325;2;6;1;6;GUSTAVE EIFFEL (RUE);48,2671050761;4,0761637688
202200000816;2;9;2022;13:20;1;62;62108;2;2;1;3;Rue du Docteur Victor Ménard;50,4027480000;1,5613560000
202200000817;19;10;2022;20:25;3;71;71540;1;6;1;3;Rond-Point du Vieux Saule;46,7677900000;4,4531800000
202200000818;23;3;2022;07:49;1;10;10387;2;2;1;1;CHARMILLES (MAIL DES);48,3017308039;4,0872466564
202200000819;19;10;2022;10:25;1;69;69259;2;6;1;3;Rue Pierre Brossolette;45,7285500000;4,8589800000
202200000820;23;3;2022;15:30;1;07;07019;2;1;1;3;PONSON (CHEMIN DE);44,6086282729;4,3910765650
202200000821;22;3;2022;16:30;1;06;06029;2;1;1;6;CROISETTE (BOULEVARD DE LA);43,5501500000;7,0230800000
202200000822;18;10;2022;19:00;5;67;67482;2;2;1;3;BALE (RUE DE);48,5659700000;7,7667800000
202200000823;24;3;2022;10:40;1;75;75119;2;1;1;3;BD PERIPHERIQUE EXTERIEUR;48,9006230000;2,3875040000
202200000824;27;12;2022;14:00;1;09;09324;1;8;7;3;D12;43,0646510000;1,6390710000
202200000825;18;10;2022;10:10;1;67;67482;2;3;1;3;JEAN JAURES (AVENUE);48,5694900000;7,7631500000
202200000826;24;3;2022;08:20;1;75;75112;2;1;1;3;BD PERIPHERIQUE INTERIEUR;48,8281780000;2,3961360000
202200000827;16;11;2022;15:50;1;73;73008;2;6;1;3;D1201;45,6935000000;5,8963400000
202200000828;18;10;2022;13:50;1;66;66136;2;9;1;4;;42,6838400000;2,9108400000
202200000829;24;3;2022;07:00;1;75;75117;2;1;1;2;BD PERIPHERIQUE EXTERIEUR;48,8970220000;2,3110830000
202200000830;13;12;2022;11:45;1;93;93077;2;2;1;3;Boulevard du Général de Gaulle / Rue Pottier;48,8849190000;2,5195110000
202200000831;18;10;2022;13:50;1;66;66136;2;6;1;3;;42,7050387372;2,8810049593
202200000832;24;3;2022;13:48;1;75;75120;2;3;1;2;AVENUE GAMBETTA;48,8639350000;2,3917080000
202200000833;19;10;2022;17:35;1;64;64129;2;1;1;3;Avenue de la Republique;43,3033100000; -0,3953400000
202200000834;29;11;2022;20:10;5;93;93005;2;2;1;3;Rue Paul Cézanne / Rue Auguste Renoir;48,9524000000;2,4907000000
202200000835;22;3;2022;22:50;5;75;75120;2;4;1;6;RUE DES PLATRIERES;48,8673219809;2,3906756938
202200000836;18;10;2022;10:00;1;64;64284;2;1;1;2;RAUSKI;43,2596100000; -0,3905400000
202200000837;19;11;2022;17:10;5;93;93071;2;2;2;1;Avenue Alfred Nobel / Avenue John Fitzgerald Kennedy;48,9334970000;2,5161640000
202200000838;24;3;2022;15:50;1;75;75119;2;3;1;7;AVENUE SIMON BOLIVAR;48,8752430000;2,3823120000
202200000839;12;10;2022;13:45;1;63;63113;2;6;1;3;PALISSY (RUE BERNARD);45,7880900000;3,1391600000
202200000840;30;12;2022;12:20;1;74;74096;1;1;2;1;D27;46,0520140000;6,1321310000
202200000841;24;3;2022;12:30;1;75;75116;2;1;1;3;AVENUE KLEBER;48,8697800000;2,2922170000
202200000842;29;12;2022;17:10;3;74;74109;1;1;2;7;Route de frenay;46,0738860000;5,8455740000
202200000843;11;10;2022;15:00;1;63;63113;2;4;1;3;RICHEPIN (RUE JEAN);45,7815000000;3,0884800000
202200000844;23;3;2022;17:45;1;75;75116;2;1;1;2;AVENUE DU MAHATMA GANDHI;48,8766760000;2,2656950000
202200000845;25;12;2022;22:45;5;74;74262;1;1;1;7;Route de thonon;46,1138840000;6,3136520000
202200000846;11;10;2022;08:00;1;63;63113;2;1;1;6;QUINET (BD EDGAR);45,8011380824;3,1135747432
202200000847;23;3;2022;18:22;1;75;75116;2;4;1;2;VOIE GEORGES POMPIDOU;48,8578030000;2,2879660000
202200000848;23;12;2022;18:45;5;74;74010;2;4;3;6;Avenue des carres;45,9131480000;6,1426110000
202200000849;11;10;2022;08:01;1;63;63113;2;1;2;3;CLEMENTEL (BD ETIENNE);45,8163000000;3,1104400000
202200000850;19;10;2022;16:30;1;59;59386;2;1;1;6;GUERIN RUE DU DOCTEUR;50,6778510000;3,0618210000
202200000851;23;3;2022;15:00;1;75;75116;2;3;1;2;ALLEE DE LONGCHAMP;48,8670720000;2,2492840000
202200000852;23;12;2022;15:40;1;74;74010;1;1;3;1;D16;45,9181540000;6,1858390000
202200000853;23;9;2022;12:25;1;59;59507;2;1;1;6;SAINT VENANT CHARLES RUE;50,5997990535;3,0870348215
202200000854;23;3;2022;12:25;1;75;75116;2;1;1;5;ALLEE DU BORD DE L EAU;48,8684300000;2,2353910000
202200000855;18;12;2022;20:00;5;74;74010;2;1;1;6;Avenue du petit port   alv;45,9051990000;6,1503940000
202200000856;19;10;2022;08:00;2;59;59350;2;1;1;2;MONTEBELLO BOULEVARD N° RESTE;50,6225900000;3,0448300000
202200000857;24;3;2022;17:10;1;75;75115;2;1;1;6;RUE SAINT CHARLES;48,8457670000;2,2847980000
202200000858;30;11;2022;12:40;1;74;74010;1;6;1;3;pk 0 D38;45,8439340000;6,0577230000
202200000859;18;10;2022;17:20;1;56;56121;2;2;1;3;8 Rue de Carnel;47,7402840000; -3,3688090000
202200000860;24;3;2022;08:00;1;75;75115;2;1;1;6;RUE MADEMOISELLE;48,8429480000;2,3016760000
202200000861;16;12;2022;16:00;1;93;93005;2;3;1;6;Rue du 11 Novembre / Rue Fernand Herbaut;48,9323700000;2,4949700000
202200000862;24;3;2022;06:15;2;75;75112;2;3;1;6;RUE DE BERCY;48,8391210000;2,3805390000
202200000863;18;10;2022;08:25;2;56;56121;2;6;8;3;6 Rue François Toullec;47,7337700000; -3,3766700000
202200000864;24;3;2022;19:30;5;75;75111;2;2;1;3;AVENUE PHILIPPE AUGUSTE;48,8557440000;2,3913620000
202200000865;19;10;2022;15:40;1;54;54395;2;2;1;6;BRIAND (RUE ARISTIDE);48,6823500000;6,1655600000
202200000866;19;10;2022;08:20;1;51;51454;2;1;1;2;avenue Nationale - la Neuvillette;49,2921398362;4,0024392307
202200000867;17;10;2022;20:05;5;51;51454;2;6;2;7;place Aristide Briand;49,2571248014;4,0393048525
202200000868;19;10;2022;08:59;1;49;49007;2;1;1;6;MEIGNANNE;47,4817900000; -0,5754700000
202200000869;24;3;2022;13:30;1;75;75111;2;3;1;6;RUE DU CHEMIN VERT;48,8607140000;2,3799510000
202200000870;19;10;2022;08:21;2;45;45234;2;1;1;4;29 Boulevard Alexandre Martin;47,9054990000;1,9094540000
202200000871;18;12;2022;23:50;3;21;21459;1;1;1;7;D959;47,4384870000;5,2906890000
202200000872;19;10;2022;07:10;5;45;45075;2;1;1;6;31 Route de Blois;47,8856830000;1,8263180000
202200000873;19;10;2022;07:15;5;45;45004;2;6;1;6;258 Rue du Vernisson ;47,9802250000;2,7295030000
202200000874;7;6;2022;19:05;2;73;73065;1;3;1;1;D10 Av des Landiers;45,5925790000;5,9021990000
202200000875;19;10;2022;19:00;2;44;44162;1;1;1;2;N844 ;47,2169900000; -1,6248800000
202200000876;23;10;2022;18:15;2;38;38544;2;1;2;6;LAFAYETTE(RUE);45,5270000000;4,8980000000
202200000877;14;10;2022;22:35;5;38;38544;2;1;1;6;JEAN JAURES(QUAI);45,5263000000;4,8726000000
202200000878;19;10;2022;20:40;5;38;38185;2;3;1;3;AVENUE DES JEUX OLYMPIQUES;45,1738800000;5,7420000000
202200000879;19;10;2022;21:50;5;35;35238;2;1;1;6;VITRE (BLD DE);48,1236200000; -1,6514100000
202200000880;14;10;2022;22:05;3;38;38544;2;1;1;3;ST MARCEL(MONTEE);45,5209000000;4,8833700000
202200000881;19;10;2022;11:14;1;33;33063;2;1;1;6;Cours Xavier Arnozan;44,8489993701; -0,5733034015
202200000882;14;10;2022;18:00;2;38;38544;1;9;8;6;CD 41;45,5134700000;4,9210400000
202200000883;19;10;2022;08:00;1;33;33162;2;2;1;3;AVE DU TAILLAN-MEDOC;44,8796107949; -0,6472894549
202200000884;28;9;2022;14:45;1;38;38053;2;2;1;3;Rue de l’Hôtel de Ville;45,5917700000;5,2851700000
202200000885;19;10;2022;08:15;1;31;31555;2;3;8;3;BD LAZARE CARNOT;43,6048180000;1,4494540000
202200000886;7;9;2022;17:15;1;38;38053;2;1;3;1;Avenue Maréchal Leclerc;45,5881600000;5,2815000000
202200000887;19;10;2022;20:30;5;29;29232;2;1;1;1;41 Rue de Kerfeunteun;48,0007100000; -4,1009090000
202200000888;24;8;2022;06:35;5;38;38053;1;2;1;3;D 1006;45,5960900000;5,2409400000
202200000889;16;10;2022;15:40;1;29;29019;2;6;2;1;rue Duquesne;48,3913100000; -4,4883100000
202200000890;5;7;2022;18:25;1;38;38053;2;1;1;3;ITALIE (AVE);45,5846300000;5,2765200000
202200000891;19;10;2022;16:55;1;28;28134;2;9;1;1;ORLEANS (RUE D');48,7372600000;1,3666200000
202200000892;18;10;2022;14:20;1;19;19031;2;2;1;6;SAULE (AVENUE ANDRE);45,1637400000;1,5404800000
202200000893;26;3;2022;02:00;5;38;38053;2;1;1;2;PONTCOTTIER;45,5847000000;5,2855600000
202200000894;11;2;2022;16:00;1;38;38053;2;1;1;6;BARBUSSE;45,5908200000;5,2716100000
202200000895;17;10;2022;19:40;5;19;19031;2;2;1;3;;45,1619800000;1,5310600000
202200000896;19;10;2022;22:35;3;17;17028;1;1;2;7;SABLES   CHEMIN DES;46,1246300000; -1,1244100000
202200000897;21;11;2022;17:50;3;88;88218;1;1;3;6;Lieu-dit 'Petempre';48,1229250000;6,8374660000
202200000898;19;10;2022;18:50;1;13;13117;2;2;1;3;LONDRES (AVENUE DE);43,4272365061;5,2354753871
202200000899;14;10;2022;19:50;3;60;60646;1;1;2;2;D901 Pk 5-11;49,4792790000;2,0629410000
202200000900;19;10;2022;15:40;1;13;13117;2;9;1;2;STADIUM (CD9);43,4421804291;5,2957800278
202200000901;21;10;2022;07:59;2;29;29147;2;6;3;3;N165;47,8675599000; -3,5845930000
202200000902;19;10;2022;23:40;5;13;13203;1;1;1;1;PLOMBIERES (BOULEVARD DES);43,3202300000;5,3773200000
202200000903;9;8;2022;07:15;1;22;22272;1;1;1;1;ZI de Bellevue;48,5525730000; -3,1075970000
202200000904;19;10;2022;03:05;5;12;12013;1;1;1;6;La Croix du Broual;44,5492220666;2,2519254684
202200000905;19;10;2022;02:05;5;06;06088;2;1;1;6;MERCANTOUR (BD);43,6728000000;7,2021900000
202200000906;21;12;2022;18:15;5;74;74012;1;3;8;3;THONON (ROUTE DE);46,1975300000;6,2671600000
202200000907;17;10;2022;10:20;1;06;06069;2;1;1;6;THIERS (AVENUE);43,6608900000;6,9225270000
202200000908;19;10;2022;18:45;2;06;06029;2;1;1;6;BACHAGA SAID BOUALAM (AVENUE);43,5536900000;7,0155900000
202200000909;21;12;2022;00:30;3;74;74284;1;4;2;2;D907;46,1351510000;6,4422800000
202200000910;22;12;2022;18:00;5;74;74275;2;1;2;1;D909a;45,8467390000;6,2141530000
202200000911;15;5;2022;19:37;2;74;74311;2;1;2;1;Route du Fer-à-Cheval;46,1448230000;6,3968860000
202200000912;19;12;2022;19:03;5;74;74012;2;1;1;6;MASSENET (RUE);46,1875500000;6,2405200000
202200000913;13;5;2022;16:15;1;74;74096;1;1;1;6;Route des Bornes;46,0484550000;6,1256290000
202200000914;23;12;2022;19:00;5;74;74012;2;1;3;6;18 AOUT 44 (RUE DU);46,1929200000;6,2511600000
202200000915;29;7;2022;09:55;1;45;45162;1;3;1;1;D22 PR 8 + 250;48,2082589618;2,1581976414
202200000916;18;12;2022;20:30;3;74;74172;1;1;1;6;CRETES (ROUTE DES);46,3861400000;6,6438200000
202200000917;23;7;2022;23:30;3;45;45051;1;1;1;6;D948 PR 27 + 223;47,8267020000;2,3796130000
202200000918;20;12;2022;07:40;2;74;74243;2;3;1;3;Route de cervonnex;46,1336680000;6,0819570000
202200000919;7;7;2022;15:30;1;45;45155;2;6;1;1;Place Foch;47,6812310000;2,6302190000
202200000920;29;4;2022;16:50;1;62;62040;1;2;1;3;D942;50,7183470000;2,3256420000
202200000921;18;12;2022;16:10;1;74;74305;2;1;1;3;THOUVENEL (RUE);46,2015300000;6,2455400000
202200000922;17;12;2022;11:50;1;74;74118;1;1;8;3;LIBERATION (ROUTE DE LA);46,1778700000;6,2345600000
202200000923;20;7;2022;22:00;5;69;69266;2;1;1;2;Avenue Roger Salengro;45,7818900000;4,8883400000
202200000924;15;12;2022;19:32;5;74;74012;2;3;3;6;ANNEXION (RUE DE L');46,1862900000;6,2364200000
202200000925;14;12;2022;12:00;1;74;74281;2;1;8;6;DE GAULLE (AV DU GAL) APRES N°26;46,3634000000;6,4687300000
202200000926;9;12;2022;08:00;2;74;74026;2;1;4;6;Route de choisy;45,9719500000;6,0520400000
202200000927;23;5;2022;15:45;1;39;39198;1;1;1;1;;47,1077240000;5,4834300000
202200000928;5;12;2022;09:00;1;74;74010;2;3;8;2;CRAN (AVENUE DE);45,9054300000;6,1196300000
202200000929;11;5;2022;12:35;1;39;39198;2;3;1;3;115 Avenue de Lattre de Tassigny;47,1115700000;5,5002700000
202200000930;24;10;2022;06:20;3;74;74178;1;1;3;3;D910;45,9526270000;5,9187340000
202200000931;27;5;2022;14:55;1;67;67152;1;1;1;2;Route Nationale 83;48,5277100000;7,6943400000
202200000932;24;11;2022;08:20;1;74;74010;2;6;8;3;PLAINE (AVENUE DE LA);45,9161900000;6,1286000000
202200000933;3;5;2022;08:35;1;67;67447;1;1;1;4;M35;48,6012400000;7,7339800000
202200000934;31;10;2022;14:45;1;62;62225;1;1;8;6;D209;50,7747030000;2,3525940000
202200000935;10;10;2022;10:21;1;976;97611;2;1;2;7;tsoundzou-Kadjifouni ( rue ); -12,8064500000;45,2083200000
202200000936;9;10;2022;15:00;1;62;62765;2;6;1;3;Rue d'Arras;50,7450740000;2,2589930000
202200000937;10;10;2022;17:00;1;973;97302;2;3;1;6;CABASSOU (ROUTE DE);4,9192337946; -52,3176026344
202200000938;10;10;2022;09:40;1;973;97302;2;1;2;3;FELIX EBOUE(ROCADE);4,9306766101; -52,3136624694
202200000939;10;10;2022;09:34;1;973;97302;1;1;1;6;ROUTE NATIONALE 1;4,9215872217; -52,3297584057
202200000940;30;11;2022;18:15;3;80;80187;1;1;1;5;D1001;49,9712770000;2,1549730000
202200000941;10;10;2022;22:14;1;973;97309;2;1;2;7;TIGRE (ROUTE DU);4,9147400000; -52,3101100000
202200000942;21;12;2022;20:41;5;54;54451;2;1;2;1;LONGWY (RUE DE);49,5072400000;5,7547800000
202200000943;10;10;2022;19:35;1;69;69387;2;2;1;3;Rue Félix Brun;45,7398400000;4,8331200000
202200000944;10;10;2022;12:15;1;69;69386;2;3;1;3;Boulevard des Belges;45,7700700000;4,8569800000
202200000945;10;10;2022;10:10;1;972;97213;1;1;1;1;ROUTE DEPARTEMENTALE 13;14,6319470000; -61,0315590000
202200000946;27;11;2022;21:38;3;38;38053;1;1;1;2;D 1006;45,5921400000;5,2512300000
202200000947;10;10;2022;13:15;1;972;97209;2;1;2;3;RD 13;14,6150400000; -61,0513800000
202200000948;10;10;2022;14:00;1;971;97101;2;1;1;4;Secteur Pont de la Gabarre;16,2530082798; -61,5460002422
202200000949;8;10;2022;05:15;2;971;97113;1;1;1;6;Pont de BLANCHARD;16,2229916145; -61,5234053135
202200000950;9;10;2022;15:20;1;95;95018;2;3;1;5;Avenue Gabriel Peri;48,9429556402;2,2522696853
202200000951;10;10;2022;13:30;1;91;91421;1;1;1;2;NATIONALE 6 (CES POMPIDOU);48,7122400000;2,4421100000
202200000952;7;10;2022;23:09;5;87;87085;2;1;1;2;DE GAULLE (AVENUE DU GENERAL);45,8333400000;1,2651600000
202200000953;7;10;2022;18:27;1;87;87085;2;1;1;6;MAUVENDIERE (RUE DE LA);45,8331100000;1,2485100000
202200000954;8;10;2022;17:55;1;85;85194;2;3;1;3;169 Bis Rue de la bauduère;46,5065870000; -1,7841786100
202200000955;10;10;2022;07:50;1;83;83137;2;1;1;1;INFANTERIE DE MARINE (AVE D');43,1139300000;5,9351500000
202200000956;10;10;2022;22:50;5;83;83069;2;1;1;1;GIENS (ROUTE DE );43,0808200000;6,1499100000
202200000957;10;10;2022;21:10;3;78;78418;2;1;1;6;GABRIEL PERI (AVENUE);48,9297800000;2,1439600000
202200000958;10;10;2022;20:15;5;78;78440;2;1;1;6;VEUVE FLEURET (RUE);48,9912860000;1,9086010000
202200000959;10;10;2022;18:30;1;78;78401;2;1;1;2;RHIN ET DANUBE (PONT);49,0000940000;1,9074260000
202200000960;10;10;2022;17:10;2;78;78624;2;1;1;1;FRERES LEIRIS RUE DES;48,9950860000;2,0191880000
202200000961;10;10;2022;07:45;1;77;77058;2;1;1;6;BOULEVARD PIERRE MENDES FRANCE;48,8366190000;2,7080080000
202200000962;10;10;2022;09:10;1;76;76540;2;3;1;3;Boulevard de l'Yser;49,4476400000;1,0975800000
202200000963;9;10;2022;15:15;1;76;76351;2;2;1;3;APLEMONT (D');49,5054100000;0,1693300000
202200000964;6;10;2022;18:25;1;76;76351;1;1;1;4;RD 6015;49,5004800000;0,1803600000
202200000965;10;10;2022;10:45;1;76;76217;2;9;1;6;BOURSE (ARCADES DE LA);49,9268100000;1,0796400000
202200000966;10;10;2022;17:45;1;69;69259;2;9;1;3;12 Avenue Maurice Thorez;45,6995666730;4,8621089742
202200000967;8;10;2022;18:45;2;67;67447;2;3;1;3;ERSTEIN (RUE D );48,6106600000;7,7338900000
202200000968;7;10;2022;18:05;2;67;67482;2;1;1;4;ILL (RUE DE L );48,6129400000;7,7686000000
202200000969;15;9;2022;17:39;1;49;49355;1;1;1;3;la malnodiere;47,1389720000; -0,7931180000
202200000970;18;9;2022;16:04;1;49;49355;1;1;1;3;D960;47,0994020000; -0,7774110000
202200000971;18;9;2022;23:30;3;81;81075;2;1;1;6;Route de Lautrec;43,6485210000;2,1020260000
202200000972;17;9;2022;18:30;1;28;28219;1;1;1;6;Autoroute A11 PK 103+000;48,2325770000;1,0352900000
202200000973;19;9;2022;12:30;1;51;51217;2;2;1;3;Rue du General Leclerc;49,0757760000;3,6394770000
202200000974;18;9;2022;19:15;2;14;14347;1;1;1;6;D577;48,9804990000; -0,7543230000
202200000975;12;9;2022;18:20;1;68;68043;2;1;1;1;53 Rue de Staffelfelden;47,8563050000;7,2606860000
202200000976;18;9;2022;21:19;3;72;72200;1;1;1;2;1 Boulevard des Avocats;47,8823520000;0,1908980000