Num_Acc;jour;mois;an;hrmn;lum;dep;com;agg;int;atm;col;adr;lat;long
202200001222;5;7;2022;07:55;1;93;93050;2;3;1;3;Rue Paul et Camille Thomoux / Rue de Villemomble;48,8738196834;2,5297000855
202200001223;5;7;2022;10:45;1;93;93046;2;1;7;6;Allée de l'Est - Parking LeroyMerlin;48,9293400000;2,5561100000
202200001224;5;7;2022;14:30;1;93;93027;2;1;1;6;Avenue Paul Vaillant Couturier;48,9212700000;2,4113000000
202200001225;5;7;2022;13:10;1;93;93010;2;6;1;6;Avenue de la République;48,8950600000;2,4775800000
202200001226;5;7;2022;17:00;1;93;93008;2;1;1;3;Avenue Henri Barbusse;48,9081580000;2,4267790000
202200001227;5;7;2022;20:45;1;93;93005;2;2;1;1;Route de Mitry / Rue Ambroise Paré;48,9494650000;2,5196470000
202200001228;5;7;2022;16:25;1;92;92073;2;1;1;6;SELLIER (BOULEVARD HENRI);48,8647660000;2,2190360000
202200001229;4;7;2022;17:45;1;92;92033;2;1;1;7;REGARD;48,8436543426;2,1834468842
202200001230;5;7;2022;12:23;1;92;92063;2;1;1;4;BONAPARTE (AVENUE NAPOLEON) SUD;48,8767300000;2,1717600000
202200001231;5;7;2022;19:35;1;92;92062;2;1;1;2;BAS-ROGERS (RUE DES) N° 2 AU 38;48,8799580109;2,2311405837
202200001232;4;7;2022;12:30;1;92;92050;2;9;1;1;JOLIOT CURIE F. ET IRENE AVENUE  N°PAIRS;48,8894060221;2,2042828202
202200001233;5;7;2022;09:40;1;92;92049;2;1;1;3;BRIAND AVENUE ARISTIDE N°1 A 129;48,8155000000;2,3258100000
202200001234;4;7;2022;15:20;1;92;92036;2;2;1;3;LOUIS ROCHE (AVENUE) (1/45);48,9210327293;2,3252311349
202200001235;5;7;2022;13:00;1;92;92062;2;6;1;2;ROND POINT DE LA LIBERTE;48,8867718525;2,2451478839
202200001236;5;7;2022;08:45;1;92;92062;2;1;1;2;DE DION BOUTON (QUAI) DU 1 AU 28;48,8760983065;2,2396783233
202200001237;2;7;2022;23:15;5;92;92025;2;2;1;3;GABRIEL PERI (RUE);48,9157486797;2,2324300557
202200001238;5;7;2022;09:55;1;92;92014;2;1;1;5;GENERAL LECLERC (AV.) (1 A 55BIS - 2 A 4;48,7855470687;2,3176895678
202200001239;13;5;2022;20:04;1;92;92002;2;6;1;7;LE NOTRE (AVENUE);48,7691671411;2,3063452989
202200001240;2;7;2022;12:45;1;83;83043;1;1;1;7;route departementale 41;43,2185780000;6,2981000000
202200001241;5;7;2022;15:00;1;54;54462;1;1;1;1;D1;48,6217327480;6,3212156297
202200001242;2;7;2022;14:30;1;62;62275;2;9;1;1;Rue Dubrulle;50,3340430000;1,8748710000
202200001243;6;7;2022;01:10;3;38;38448;1;1;1;6;Route de Glay;45,4351000000;4,8087560000
202200001244;20;6;2022;13:30;1;91;91016;1;9;1;2;Rue Nationale;48,3021380000;1,9923440000
202200001245;21;6;2022;19:50;1;91;91613;1;1;1;7;D113;48,3971170000;1,9920080000
202200001246;5;7;2022;18:55;1;33;33393;1;1;1;1;185 Route de Paris;44,9685940000; -0,2201960000
202200001247;6;7;2022;07:45;1;71;71448;1;1;1;2;AUtoroute A6, Pk 379+110, sens PARIS/LYON;46,3789710000;4,8458720000
202200001248;6;7;2022;00:45;3;972;97210;1;1;3;7;RN6;14,6034040000; -60,9332980000
202200001249;5;7;2022;16:50;1;21;21362;1;1;1;2;A6;47,2234740000;4,5920280000
202200001250;5;7;2022;18:15;1;34;34270;2;1;1;3;M5;43,5939200000;3,8338210000
202200001251;5;7;2022;18:40;1;66;66028;2;1;2;1;D22C;42,6869098001;2,9208478332
202200001252;5;7;2022;09:15;1;34;34077;2;1;7;6;Grand Rue Marie Lacroix;43,6569430000;3,8860170000
202200001253;5;7;2022;16:30;1;56;56251;2;1;1;3;Rue des Sports;47,6289730000; -2,6537080000
202200001254;6;7;2022;15:30;1;82;82102;1;1;1;1;D88;44,0147080000;0,8357010000
202200001255;5;7;2022;13:25;1;82;82005;1;1;1;6;D3;43,7985170000;1,2224650000
202200001256;5;7;2022;16:40;1;65;65258;2;1;1;7;764 Rue de la Lande;43,1070070000;0,3782640000
202200001257;5;7;2022;21:30;3;11;11129;2;1;1;6;;42,9341730000;2,2044650000
202200001258;5;7;2022;14:40;1;71;71073;1;3;1;3;Route du Pont de Paris;46,9186210000;4,7523860000
202200001259;6;7;2022;00:40;3;71;71184;1;1;1;6;D681;47,0127790000;4,3226480000
202200001260;5;7;2022;17:40;1;89;89311;2;2;1;2;Les Michauts;47,7486120000;3,3969480000
202200001261;6;7;2022;07:45;1;49;49205;1;1;1;6;route départementale 768;47,7489910000; -0,5009080000
202200001262;6;7;2022;00:05;5;42;42005;1;6;1;3;La Gouyonnière;45,5228110000;4,2941740000
202200001263;5;7;2022;15:50;1;22;22226;1;1;1;2;Penn ar Vouilhenn;48,7128120000; -3,5252590000
202200001264;24;6;2022;12:23;1;25;25402;1;1;1;7;D437c - PR 09+770;47,3467630000;6,9087030000
202200001265;5;7;2022;19:23;1;29;29031;1;1;1;7;D49 - Route de la Foret;47,7750380000; -3,5428430000
202200001266;5;7;2022;10:10;1;31;31031;2;2;1;3;Rue du Lavet;43,0929080000;0,5854140000
202200001267;6;7;2022;01:30;5;31;31390;2;9;1;6;Avenue de Saint-Gaudens;43,0871731779;0,5756798387
202200001268;30;6;2022;18:45;1;38;38069;1;1;8;1;Route départementale 1085;45,4807610000;5,2920250000
202200001269;5;7;2022;14:55;1;38;38073;1;1;1;7;RD 526;44,9578740000;5,9616010000
202200001270;5;7;2022;18:50;1;01;01163;1;3;7;1;D1;46,4041050000;5,2217590000
202200001271;6;7;2022;08:50;1;01;01125;1;1;1;1;D936;46,2542740000;5,5057380000
202200001272;5;7;2022;14:40;1;26;26083;1;1;7;7;départementale 53;45,2219370000;4,9600700000
202200001273;6;7;2022;08:00;1;58;58062;2;1;7;6;Rue de Nevers;47,0631390000;3,9315230000
202200001274;6;7;2022;08:40;1;50;50142;1;1;1;3;Cosqueville;49,6907460000; -1,4061210000
202200001275;6;7;2022;18:45;1;64;64530;1;1;1;7;Chemin des Tuileries;43,3015870000; -0,7951570000
202200001276;5;7;2022;11:11;1;10;10114;1;1;1;1;;48,5114161266;3,6150423996
202200001277;5;8;2022;11:30;1;14;14437;2;1;1;1;D513;49,1852138720; -0,3140115738
202200001278;8;8;2022;12:35;1;13;13208;2;1;1;3;ANDRE ZENATTI (AVENUE);43,2763400000;5,3825600000
202200001279;8;8;2022;09:00;1;13;13215;2;1;1;3;GAFFAREL (RUE);43,3492500000;5,3594200000
202200001280;7;8;2022;05:30;5;13;13202;2;1;1;2;JOLIETTE (QUAI DE LA);43,3004700000;5,3638700000
202200001281;8;8;2022;17:50;1;06;06088;2;3;1;6;JOLY (CORNICHE ANDRE DE);43,6989200000;7,2938200000
202200001282;8;8;2022;13:30;1;06;06088;2;1;1;5;STE MARGUERITE (AV.) A PARTIR DU 62-63);43,6778900000;7,2145500000
202200001283;8;8;2022;09:02;1;06;06088;2;1;1;2;ANGLAIS (DU N° 114 AU N° 263);43,6865600000;7,2382200000
202200001284;8;8;2022;09:10;1;06;06088;2;1;1;3;CASSIN (BD RENE);43,6696500000;7,2139300000
202200001285;7;8;2022;05:30;2;06;06029;2;1;1;6;VALLOMBROSA (BOULEBARD);43,5526700000;7,0060000000
202200001286;5;8;2022;15:20;1;75;75115;2;4;1;3;BOULEVARD PERIPHERIQUE INTERIEUR SUD;48,8353040000;2,2722670000
202200001287;8;8;2022;14:40;1;75;75119;2;7;1;3;PLACE AUGUSTE BARON;48,9002790000;2,3870160000
202200001288;8;8;2022;06:10;2;75;75118;2;1;1;2;BOULEVARD DE CLICHY;48,8841790000;2,3286900000
202200001289;8;8;2022;07:30;1;75;75113;2;3;1;2;AVENUE PIERRE MENDES FRANCE;48,8404050000;2,3688460000
202200001290;7;8;2022;15:20;1;75;75112;2;2;1;3;AVENUE DES TERROIRS DE FRANCE;48,8306470000;2,3863560000
202200001291;7;8;2022;15:58;1;75;75103;2;2;1;3;RUE GRENETA;48,8653770000;2,3535370000
202200001292;6;8;2022;20:10;1;75;75104;2;2;1;6;QUAI DE GESVRES;48,8567160000;2,3489310000
202200001293;7;8;2022;12:40;1;93;93073;2;3;1;3;Avenue de Navarre / Avenue Henri IV;48,9507134060;2,5846507088
202200001294;7;8;2022;22:37;5;93;93071;2;2;1;3;Rue d'Aulnay / Avenue John Fitzgerald Kennedy;48,9397100000;2,5130300000
202200001295;8;8;2022;18:30;1;93;93066;2;1;1;1;Rue des Blés;48,9129364537;2,3593832021
202200001296;8;8;2022;14:10;1;93;93048;2;3;1;3;Rue de Rosny / Rue Pierre de Montreuil;48,8635200000;2,4498200000
202200001297;8;8;2022;21:00;1;93;93008;2;3;1;3;Rue du Bois d’Amour / Rue d’Ankara;48,9093400000;2,4658100000
202200001298;8;8;2022;17:45;1;92;92051;2;3;1;3;SABLONS (BOULEVARD DES);48,8788853567;2,2708356678
202200001299;8;8;2022;14:40;1;92;92002;2;3;1;3;DIVISION LECLERC (53 A 217 - 58 A 186);48,7427471113;2,3028518557
202200001300;7;8;2022;19:30;1;92;92002;2;1;1;4;DOCTEUR TENINE (AVENUE DU);48,7625674476;2,3114520907
202200001301;3;8;2022;16:25;1;24;24555;1;1;1;1;D67;45,2981960000;1,0559750000
202200001302;8;8;2022;17:45;1;01;01248;1;1;1;5;D38;45,8821890000;4,9032280000
202200001303;8;8;2022;16:00;1;85;85080;1;4;1;3;;46,4331750000; -0,8297970000
202200001304;8;8;2022;18:50;1;16;16171;2;3;1;7;314 Route de la Croisille;45,5897040000; -0,2637070000
202200001305;3;8;2022;07:20;2;71;71452;1;1;1;7;Les Janiauds;46,5225820000;4,4716930000
202200001306;5;8;2022;14:50;1;62;62087;2;1;1;7;Rue de Longue Digue;50,8087640000;2,1165730000
202200001307;9;8;2022;11:15;1;91;91363;1;1;1;2;D3;48,6439120000;2,1915580000
202200001308;7;8;2022;23:35;3;84;84027;1;1;1;6;D237;44,1119630000;4,7260090000
202200001309;8;8;2022;18:10;1;30;30326;1;1;1;7;;43,9981710000;4,7149800000
202200001310;9;8;2022;13:35;1;34;34095;1;1;1;5;M114;43,5324260000;3,7589120000
202200001311;8;8;2022;18:00;1;51;51029;2;3;1;7;Rue de la Carriere;48,9719320000;4,0076280000
202200001312;8;8;2022;08:55;1;56;56258;2;6;7;3;4 Route de Carnac;47,5895120000; -3,0294930000
202200001313;9;8;2022;20:00;2;76;76224;1;2;1;3;D925;49,6344400000;0,3378700000
202200001314;9;8;2022;06:30;2;2B;2B286;2;1;1;2;Querciolo;42,4859680000;9,4798170000
202200001315;8;8;2022;18:45;1;81;81220;2;1;1;6;rue des cordeliers;43,8212840000;1,7235550000
202200001316;8;8;2022;19:00;1;89;89143;2;3;1;3;Grande Rue;48,2125060000;3,0747880000
202200001317;9;8;2022;13:25;1;61;61464;2;1;1;2;route de mortagne;48,6061530000;0,1843540000
202200001318;9;8;2022;12:55;1;55;55332;1;1;1;7;chemin rural de Menaucourt;48,6527970000;5,3678410000
202200001319;8;8;2022;01:45;4;49;49373;2;1;1;6;Place de l Église;47,2006100000; -0,4291240000
202200001320;9;8;2022;13:20;1;49;49160;1;1;7;6;La Charbonnerie;47,4164660000; -0,9584610000
202200001321;9;8;2022;16:27;1;02;02710;1;1;1;7;D341;49,7653690000;3,2331560000
202200001322;9;8;2022;18:45;1;54;54029;2;1;1;6;Route de Briey;49,3661973910;5,9060043104
202200001323;6;8;2022;01:30;5;06;06038;2;1;1;6;parking de pré du lac;43,6808310000;6,9722840000
202200001324;5;8;2022;21:00;1;14;14586;1;1;1;6;D124;49,3320275089; -1,0499280130
202200001325;9;8;2022;11:15;1;50;50349;1;2;7;3;RD249 - RD437;48,9953470000; -1,5319810000
202200001326;8;8;2022;15:28;1;18;18161;1;1;1;1;;46,8053690000;2,8237790000
202200001327;8;8;2022;15:45;1;21;21543;1;1;1;6;rue de la planchotte RD102;47,7044320000;4,8404570000
202200001328;7;8;2022;23:30;3;21;21638;1;1;1;7;Rue de l Ignon;47,5183930000;5,1765860000
202200001329;9;8;2022;04:04;5;04;04121;1;1;1;6;D907;44,0035350000;6,1994000000
202200001330;8;8;2022;18:38;1;04;04121;1;1;1;6;Gros Prefaissal;44,0301690000;6,1727710000
202200001331;8;8;2022;15:50;1;85;85234;2;1;1;7;3 Rue du Marche;46,7847527000; -2,0736680900
202200001332;8;8;2022;22:28;3;27;27032;1;1;1;6;Chemin de Corneuil;48,9280910000;1,1473720000
202200001333;1;8;2022;18:00;1;31;31457;1;1;1;2;A64 - PK 224.300 sens BAYONNE TOULOUSE;43,1557630000;0,9657670000
202200001334;7;8;2022;20:50;2;67;67506;2;1;1;7;12 Rue du Moulin;48,6703540000;7,7047470000
202200001335;7;8;2022;11:30;1;42;42155;1;1;1;4;A89;45,8242240000;4,1294700000
202200001336;8;8;2022;13:15;1;74;74010;2;1;1;2;42 Rue des Églantines;45,8865470000;6,1095480000
202200001337;9;8;2022;07:55;1;06;06085;2;6;1;3;avenue des alliés;43,5856020000;7,0062790000
202200001338;8;8;2022;20:20;1;44;44026;1;1;1;3;A11;47,2902720000; -1,5002480000
202200001339;7;8;2022;12:00;1;91;91649;1;1;1;7;D31;48,5538940000;2,3441330000
202200001340;7;8;2022;00:45;3;2B;2B220;1;1;1;1;D18;42,4488900000;9,1835190000
202200001341;8;8;2022;17:00;1;34;34145;2;1;1;5;Avenue du Vidourle;43,6887600000;4,1579280000
202200001342;9;8;2022;03:16;5;83;83065;1;1;1;6;D98a;43,2597450000;6,5905630000
202200001343;8;8;2022;21:20;2;13;13111;1;1;1;1;RD10;43,5548930000;5,5448340000
202200001344;9;8;2022;10:30;1;21;21138;1;3;1;7;Intersection D905 et D110A;47,2055150000;5,3218210000
202200001345;4;8;2022;17:25;1;68;68247;1;1;1;7;D13bis1;47,9174130000;6,9487400000
202200001346;9;8;2022;14:00;1;67;67544;1;1;1;7;D3;49,0268380000;7,8913590000
202200001347;23;7;2022;05:00;3;73;73242;1;1;1;6;D926;45,1960457074;6,2996537408
202200001348;7;8;2022;16:50;1;69;69094;1;1;1;6;Route du Col de la Luère;45,7489520000;4,6668080000
202200001349;7;8;2022;18:00;1;69;69031;2;1;1;6;Route Départementale 389;45,7402615626;4,5207318664
202200001350;8;8;2022;18:30;2;60;60553;1;1;1;3;D75;49,4477010000;2,6042870000
202200001351;7;8;2022;23:50;3;60;60700;1;1;1;6;D1001;49,3856690000;2,1459930000
202200001352;8;8;2022;13:10;1;60;60395;2;1;1;3;Rue des Dentellières;49,2420625674;2,1387387514
202200001353;9;8;2022;16:00;1;60;60009;1;6;1;3;D1001;49,4006310000;2,1317500000
202200001354;8;8;2022;18:00;1;59;59303;2;9;7;7;Rue Forte;50,5758180000;2,8559760000
202200001355;9;7;2022;23:30;3;38;38487;1;1;1;2;N7;45,5605300000;4,8608900000
202200001356;8;8;2022;16:00;1;33;33096;1;1;1;2;AUTOROUTE A 10;44,9034900000; -0,4931800000
202200001357;8;8;2022;15:30;1;33;33143;1;1;1;4;AUTOROUTE A 10;44,9547400000; -0,4551900000
202200001358;8;8;2022;12:35;1;33;33397;1;1;1;2;AUTOROUTE A 10;44,8947685315; -0,4977499401
202200001359;8;8;2022;01:30;3;33;33143;1;1;1;2;AUTOROUTE A 10;44,9732300000; -0,4342700000
202200001360;8;8;2022;15:35;1;77;77495;1;1;1;6;AUTOROUTE A5A;48,5936624954;2,6199415545
202200001361;7;8;2022;09:45;1;78;78402;1;1;1;2;A13;48,9651940000;1,7641690000
202200001362;8;8;2022;14:15;1;94;94017;1;1;1;4;A4;48,8284416936;2,5027316394
202200001363;8;8;2022;12:45;1;94;94052;1;1;1;2;A86 INT;48,8344513814;2,4934520994
202200001364;8;8;2022;08:00;1;94;94065;1;1;1;3;N186;48,7536630868;2,3571275664
202200001365;5;8;2022;17:45;1;62;62276;2;1;1;6;D163;50,5085420000;2,8289560000
202200001366;6;8;2022;20:40;5;988;98818;2;1;1;6;RUE DE PAPEETE; -22,2466000000;166,4449900000
202200001367;5;8;2022;22:10;3;988;98818;1;1;1;2;VE1 à hauteur du Caillou Bleu; -22,2278200000;166,4595300000
202200001368;6;8;2022;05:35;5;974;97416;2;1;1;7;AMIRAL LACAZE(RUE); -21,3494600000;55,4848400000
202200001369;5;8;2022;17:00;2;974;97416;2;9;1;6;PRESBYTERE (RUE DU); -21,3344000000;55,4719100000
202200001370;7;8;2022;05:50;2;973;97302;2;2;1;3;FELIX EBOUE(ROCADE);4,9296148219; -52,3151108623
202200001371;7;8;2022;01:16;3;972;97213;1;1;2;1;ROUTE NATIONALE 6;14,5994340876; -60,9748721123
202200001372;7;8;2022;21:00;2;69;69382;2;1;1;2;Place Bellecour;45,7565000000;4,8328100000
202200001373;7;8;2022;11:00;1;69;69382;2;1;1;6;Quai Saint Antoine;45,7627984058;4,8321229219
202200001374;6;8;2022;17:20;1;69;69389;2;1;1;6;Avenue Rosa Parks;45,7865393465;4,7942957282
202200001375;7;8;2022;20:54;1;95;95585;2;1;1;6;Avenue Paul Valéry;48,9790790000;2,3811510000
202200001376;6;8;2022;23:50;5;91;91201;2;3;1;3;RUE EUGENE DELACROIX;48,6767600000;2,4206200000
202200001377;6;8;2022;20:50;1;91;91589;2;1;1;6;RUE VAN GOGH;48,6750720000;2,3402200000
202200001378;6;8;2022;18:53;1;88;88429;2;2;1;1;route de Raon aux Bois;48,0295500000;6,5758800000
202200001379;7;8;2022;13:30;1;83;83061;1;6;1;6;AVENUE PIERRE NIETO;43,4596400000;6,7436100000
202200001380;7;8;2022;10:15;1;76;76540;1;1;1;2;N28;49,4385000000;1,1211300000
202200001381;7;8;2022;20:08;2;74;74118;1;1;1;7;SALEVE (ROUTE DU);46,1780700000;6,2303300000
202200001382;6;8;2022;17:04;1;74;74305;2;4;1;3;JURA (RUE DU);46,2009600000;6,2435800000
202200001383;6;8;2022;17:40;1;71;71306;2;1;1;3;DE LATTRE DE TASSIGNY (BLD DU MARECHAL);46,6771700000;4,3688100000
202200001384;3;8;2022;19:50;1;68;68297;2;1;1;3;MULHOUSE ( RUE)CITE BOURGLIBRE JUSQUE RU;47,5935135172;7,5553793914
202200001385;7;8;2022;11:55;1;64;64483;1;1;1;3;Chemin d’Iratchabal;43,3934000000; -1,6277000000
202200001386;7;8;2022;15:15;1;62;62193;2;1;1;2;Avenue Antoine de Saint Exupéry;50,9461950000;1,8878970000
202200001387;7;8;2022;22:40;5;62;62516;2;1;1;6;D69;50,5625700000;2,4814100000
202200001388;7;8;2022;20:45;1;59;59350;2;9;1;3;ESPLANADE FACADE;50,6424916722;3,0535393953
202200001389;7;8;2022;15:20;1;59;59648;2;9;1;2;DE GIRARD RUE PHILIPPE;50,6000200000;3,0517700000
202200001390;6;8;2022;06:20;2;59;59244;1;6;1;6;RD1643;50,1755800000;3,1975900000
202200001391;7;8;2022;18:50;1;54;54375;1;1;7;2;RD 958;48,8946300000;5,9787700000
202200001392;7;8;2022;05:40;2;51;51573;2;1;1;7;Rue Nicolas Appert;49,2391100000;3,9874800000
202200001393;6;8;2022;20:05;1;51;51454;2;3;1;3;place de la République;49,2615700000;4,0296500000
202200001394;7;8;2022;22:41;5;49;49007;2;1;1;7;SAINT ETIENNE;47,4736500000; -0,5492400000
202200001395;7;8;2022;16:30;1;49;49007;2;2;1;2;STRASBOURG BOULEVARD;47,4570500000; -0,5540600000
202200001396;7;8;2022;13:30;1;49;49007;2;2;1;3;BOREAU;47,4761600000; -0,5451100000
202200001397;7;8;2022;06:00;2;49;49246;2;1;1;6;MOULIN MARCILLE CHEMIN;47,4376900000; -0,5065700000
202200001398;6;8;2022;12:00;1;44;44109;2;1;1;1;Boulevard Saint Aignan;47,2069610000; -1,5790920000
202200001399;7;8;2022;11:30;1;35;35238;1;6;1;3;RD 29;48,1548100000; -1,6253700000
202200001400;8;8;2022;01:05;5;33;33056;2;6;1;6;Avenue de Labarde -Rd 209;44,9138000000; -0,5621000000
202200001401;7;8;2022;13:30;1;33;33039;2;1;1;4;A631;44,8187800000; -0,5378900000
202200001402;6;8;2022;17:47;1;33;33063;2;3;1;3;Boulevard Maréchal Leclerc;44,8298400000; -0,5962000000
202200001403;7;8;2022;19:27;1;29;29232;1;1;1;7;N165;47,9834800000; -4,0183700000
202200001404;6;8;2022;10:00;1;25;25056;2;1;1;2;DOLE RUE DE (sup 200);47,2256000000;5,9751400000
202200001405;7;8;2022;19:20;1;17;17200;2;1;1;3;ROSE AVENUE DU FIEF;46,1763700000; -1,1671500000
202200001406;7;8;2022;20:48;1;13;13203;2;1;1;6;JOUVEN (RUE);43,3134500000;5,3759400000
202200001407;7;8;2022;08:00;1;13;13213;2;1;1;2;OLIVES (AVENUE DES);43,3264913351;5,4383860335
202200001408;6;8;2022;17:20;1;13;13210;2;1;1;6;CAPELETTE (AVENUE DE LA);43,2794000000;5,4111300000
202200001409;7;8;2022;23:50;4;13;13004;1;1;1;2;RTE DE CRAU;43,6578500000;4,6601600000
202200001410;5;8;2022;18:40;1;13;13004;2;2;1;5;RTE DE CRAU;43,6636900000;4,6487100000
202200001411;6;8;2022;18:40;1;05;05061;2;2;1;3;PROVENCE (AVENUE DE);44,5258400000;6,0484800000
202200001412;6;8;2022;15:25;1;03;03185;2;9;1;6;Place Jean Dormoy;46,3464000000;2,5981000000
202200001413;7;8;2022;15:45;1;75;75116;2;4;1;3;AVENUE DU PRESIDENT KENNEDY;48,8524820000;2,2803780000
202200001414;7;8;2022;12:30;1;75;75116;2;4;1;4;RUE DE REMUSAT;48,8479360000;2,2714040000
202200001415;7;8;2022;10:10;1;75;75115;2;2;1;3;BOULEVARD DE VAUGIRARD;48,8404790000;2,3149070000
202200001416;7;8;2022;03:30;5;75;75109;2;7;1;6;BOULEVARD DE CLICHY;48,8836340000;2,3326320000
202200001417;7;8;2022;18:00;1;75;75108;2;1;1;6;AVENUE DES CHAMPS ELYSEES;48,8666250000;2,3175120000
202200001418;7;8;2022;10:15;1;75;75108;2;7;1;3;PLACE DE LA CONCORDE;48,8666660000;2,3220150000
202200001419;7;8;2022;20:20;1;75;75107;2;2;1;3;AVENUE BOSQUET;48,8611590000;2,3024000000
202200001420;7;8;2022;18:40;1;94;94075;2;3;1;2;Av du Mal de Lattre de Tassigny / Route de la Grange;48,7342949408;2,5204798579
202200001421;6;8;2022;23:00;5;93;93073;2;3;1;3;Avenue Gilbert Berger / Avenue des Myosotis;48,9507202792;2,5801311110
202200001422;7;8;2022;16:45;1;93;93051;2;1;1;6;Rue Charles Pranard;48,8480100000;2,5728700000
202200001423;7;8;2022;18:40;1;93;93050;2;2;1;3;Rue Paul et Camille Thomoux / Avenue Robert Schumann;48,8733425078;2,5296743658
202200001424;7;8;2022;14:19;1;93;93010;2;2;1;6;Rue Raoul / Rue Denys Cochin;48,8989700000;2,4922000000
202200001425;6;8;2022;22:15;5;93;93010;2;1;1;2;Rue Jules Guesde;48,9034045269;2,4789967463
202200001426;7;8;2022;14:20;1;92;92062;2;1;1;5;REPUBLIQUE (RUE DE LA ) N°129 AU 45;48,8841650589;2,2358277440
202200001427;7;8;2022;13:25;1;92;92050;2;1;1;6;STALINGRAD RUE DE;48,8935660000;2,1970220000
202200001428;7;8;2022;05:03;5;92;92026;2;7;1;3;CHARRAS;48,8941778966;2,2505246401
202200001429;6;8;2022;20:20;1;92;92025;2;2;1;3;VALMY (BD DE);48,9343184424;2,2558912038
202200001430;7;8;2022;00:12;5;92;92007;2;1;1;2;RAVERA (AVENUE HENRI) N° 1 A 109 ET 2 A;48,7996907773;2,3072850108
202200001431;7;8;2022;18:40;5;974;97415;2;2;1;3;Rue Saint Louis; -20,9973930000;55,2833640000
202200001432;8;8;2022;14:00;1;86;86262;1;1;1;1;D727;46,4147730000;0,8325360000
202200001433;7;8;2022;15:50;1;27;27391;1;1;1;7;D52;48,8287460000;1,3331120000
202200001434;8;8;2022;12:00;1;83;83019;1;1;1;1;rd98;43,1496300000;6,2976550000
202200001435;6;8;2022;23:00;3;71;71341;2;1;1;3;Rue Principale;46,9545280000;5,0334550000
202200001436;5;8;2022;10:05;1;74;74314;2;9;1;6;Route de Faramaz;46,1017420000;5,9366550000
202200001437;6;8;2022;18:20;1;79;79012;1;1;1;7;;46,4463440000; -0,5856870000
202200001438;8;8;2022;18:45;1;80;80050;1;1;1;7;Voie communale 4 direction Clairy Saulchoix;49,8359900000;2,2168350000
202200001439;8;8;2022;16:15;1;81;81288;2;3;1;2;D629 PK 2+120  ST fereol;43,4329770000;2,0496580000
202200001440;9;7;2022;22:30;5;49;49266;2;1;1;6;Rue de Saint-Georges;47,4575450000; -0,7933970000
202200001441;7;8;2022;17:45;1;46;46039;1;1;7;6;route départementale 38;44,5805150000;1,8305650000
202200001442;7;8;2022;22:15;3;68;68270;1;1;1;6;Rue de Kingersheim;47,7875850000;7,2787860000
202200001443;7;8;2022;19:00;1;39;39269;1;1;1;1;;46,3629340000;5,7085340000
202200001444;7;8;2022;15:15;1;25;25453;2;1;1;2;Rue de Laviron;47,2180780000;6,5426110000
202200001445;8;8;2022;08:55;1;25;25036;2;1;1;6;16 rue Saint-Vincent;47,2018290000;5,9620090000
202200001446;8;8;2022;17:05;1;35;35162;1;1;1;1;Roche Gaudin;48,4665607212; -1,1727395654
202200001447;7;8;2022;15:10;1;70;70516;1;2;1;3;D9;47,5580480000;6,2964050000
202200001448;8;8;2022;05:15;2;58;58115;1;1;1;6;D116;46,8442140000;3,3066060000
202200001449;7;8;2022;20:58;2;54;54205;1;1;7;2;N4;48,6708284110;5,7811045648
202200001450;8;8;2022;08:00;1;06;06010;1;1;1;7;166 Route de Gourdon;43,6859860000;6,9749720000
202200001451;6;8;2022;23:40;3;50;50604;1;1;1;1;Le Hameau Bourget;49,5421040000; -1,8401780000
202200001452;7;8;2022;06:30;2;64;64010;1;1;1;6;D933;43,3405980000; -1,0121370000
202200001453;5;8;2022;07:40;2;64;64297;1;1;1;6;Route départementale 422;43,1955010000; -1,1677910000
202200001454;8;8;2022;14:23;1;16;16028;2;1;1;6;Route de Chalais;45,4588020000; -0,1523440000
202200001455;7;8;2022;20:05;1;53;53005;1;1;1;6;le bordage;48,1782780000; -0,7615540000
202200001456;7;8;2022;14:34;1;27;27204;1;1;1;1;D14bis;49,3085610000;1,5793490000
202200001457;8;8;2022;00:50;3;17;17434;1;1;1;7;rd 209;46,1183610000; -0,7272650000
202200001458;7;8;2022;17:40;1;30;30245;2;1;1;6;Route de Clarensac;43,8287900000;4,2045850000
202200001459;7;8;2022;18:16;1;30;30062;1;1;1;6;;43,8042850000;4,1958200000
202200001460;26;7;2022;14:45;1;08;08017;1;1;1;6;RD 242;49,2696350000;4,9922990000
202200001461;7;8;2022;15:30;1;08;08361;2;1;1;1;;49,8390860000;4,6036680000
202200001462;6;5;2022;16:05;1;57;57145;1;1;1;2;Ogy-Montoy-Flanville;49,1173520000;6,2609410000
202200001463;6;5;2022;18:15;1;74;74154;1;1;1;2;Route de Thollon;46,4001670000;6,6724390000
202200001464;1;8;2022;15:22;1;68;68242;1;1;1;2;autoroute a35;47,9760900000;7,3735000000
202200001465;1;5;2022;13:30;1;01;01386;1;1;1;7;D60b;45,8927670000;5,3622940000
202200001466;5;5;2022;18:25;1;65;65019;1;3;1;3;Intersection D935 - Rue du Claret;43,1464480000;0,0929870000
202200001467;6;8;2022;20:00;1;68;68234;1;1;1;6;autoroute A35;47,9575710000;7,3673200000
202200001468;25;4;2022;18:30;1;17;17118;1;3;1;3;Route de la Grosse Pierre;45,2425310000; -0,4034130000
202200001469;6;8;2022;02:30;3;56;56129;1;1;1;6;Couesnehan;48,1253240000; -2,4915470000