Num_Acc;jour;mois;an;hrmn;lum;dep;com;agg;int;atm;col;adr;lat;long
202200001470;5;5;2022;09:40;1;44;44103;1;1;1;5;Pont de Saint-Nazaire;47,2822600000; -2,1685260000
202200001471;15;4;2022;10:17;1;57;57104;1;2;1;3;D57;49,4385800000;6,2057950000
202200001472;4;5;2022;10:10;1;13;13106;1;1;1;2;A51-Sens Aix en Provence vers Marseille;43,3955360297;5,3510924480
202200001473;8;8;2022;07:10;1;10;10375;1;1;1;6;A26;48,2866000000;4,1649130000
202200001474;1;5;2022;19:57;2;13;13211;1;1;1;3;A50-Sens Aubagne vers Marseille;43,2945000000;5,4689000000
202200001475;14;4;2022;21:35;5;33;33162;1;1;1;2;ROCADE A 630;44,8770900000; -0,6319500000
202200001476;8;8;2022;10:00;1;24;24035;1;1;1;6;Le Poteau de Bos;44,7516590000;0,9688030000
202200001477;4;5;2022;08:30;1;91;91692;1;1;1;4;RN 118;48,6811400000;2,1904600000
202200001478;4;5;2022;20:00;1;92;92050;1;1;2;3;A86;48,8996570000;2,1999880000
202200001479;4;5;2022;18:15;1;93;93053;1;1;1;2;AUTOROUTE A103;48,9020700000;2,4681400000
202200001480;29;7;2022;22:30;3;35;35210;1;1;1;6;RN12;48,1449200000; -1,7826245484
202200001481;4;5;2022;00:20;3;93;93006;1;1;1;3;AUTOROUTE A3;48,8658300000;2,4205800000
202200001482;4;5;2022;06:40;1;94;94033;1;1;1;2;A86.INT;48,8491582156;2,4907286998
202200001483;3;5;2022;20:00;5;974;97416;2;1;1;6;POUDRIERE (RUE DE LA); -21,3365000000;55,4565900000
202200001484;3;5;2022;06:45;1;974;97416;1;1;1;2;RN1 (ROUTE NATIONALE); -21,3280200000;55,4518000000
202200001485;5;8;2022;18:03;1;01;01151;1;1;1;3;A40 PK 148+600;46,0793471966;5,2959734201
202200001486;2;5;2022;12:20;1;974;97411;2;2;1;3;JAURES (BOULEVARD JEAN); -20,8900500000;55,4529000000
202200001487;8;8;2022;05:50;3;47;47225;1;1;1;2;A62;44,1857527781;0,5447412680
202200001488;2;5;2022;11:10;1;974;97411;2;1;1;6;BOUVET; -20,8868600000;55,4631800000
202200001489;7;8;2022;16:00;1;38;38253;1;1;1;5;D1091;45,0338920000;6,0915060000
202200001490;2;5;2022;17:15;1;974;97407;1;9;1;1;MASCAREIGNES(BOULEVARD); -20,9494500000;55,3024500000
202200001491;3;5;2022;07:35;1;973;97302;2;1;8;7;MANDELA  (BOULEVARD);4,9374600000; -52,3261100000
202200001492;7;8;2022;20:00;5;987;98747;2;1;1;1;Pk 59 RT01; -17,7560000000; -148,7360000000
202200001493;3;5;2022;17:40;1;69;69387;2;1;1;3;Avenue Debourg;45,7315176014;4,8285341263
202200001494;3;5;2022;16:05;1;69;69388;2;1;1;3;Avenue Jean Mermoz;45,7351800000;4,8731300000
202200001495;3;5;2022;13:30;1;69;69387;2;1;1;3;Avenue Leclerc;45,7382322188;4,8251652718
202200001496;3;5;2022;08:15;1;69;69387;2;2;1;3;Rue Domer;45,7474400000;4,8487700000
202200001497;3;5;2022;18:10;1;69;69389;2;7;1;3;Place Dumas de Loire;45,7730484312;4,8053115606
202200001498;3;5;2022;18:00;1;2A;2A004;2;1;1;3;SARTENE ANCIENNE ROUTE;41,9300500000;8,7623600000
202200001499;3;5;2022;21:45;5;91;91201;2;1;1;7;AV GAMBETTA;48,6840000000;2,4130000000
202200001500;3;5;2022;00:25;5;91;91432;2;1;1;1;AV DES FROIDES BOUILLIES;48,7070350000;2,3471400000
202200001501;2;5;2022;09:09;1;87;87113;2;1;1;4;LIMOGES (AVENUE DE);45,8546600000;1,3068000000
202200001502;29;4;2022;22:20;5;85;85194;2;3;1;3;BLOSSAC (COURS PAUL ESPRIT DE);46,4945900000; -1,7796400000
202200001503;3;5;2022;10:25;1;83;83090;1;1;1;6;GORGES (ROUTE DES);43,1534206311;5,8451342583
202200001504;3;5;2022;11:05;1;83;83137;2;1;1;3;PERRICHI (RUE EDOUARD);43,1369600000;5,9339100000
202200001505;2;5;2022;11:49;1;83;83144;2;1;1;3;UNIVERSITE (AVE DE L');43,1375800000;6,0097800000
202200001506;27;4;2022;12:08;1;80;80021;1;1;1;6;MARIVAUX (RUE);49,9094600000;2,3260200000
202200001507;30;4;2022;20:00;1;78;78551;1;2;1;6;RD 308;48,9397500000;2,0959400000
202200001508;2;5;2022;10:55;1;77;77312;2;9;1;1;RUE ORGIAZZI;48,3407100000;2,7499500000
202200001509;1;5;2022;03:33;3;77;77131;1;6;1;6;D402;48,7963640000;3,0729060000
202200001510;30;4;2022;08:18;1;76;76540;2;3;6;6;Rue Martainville;49,4392200000;1,1013000000
202200001511;29;4;2022;18:10;1;76;76540;2;1;1;3;Boulevard de l'Europe;49,4285400000;1,0944100000
202200001512;22;4;2022;13:50;1;76;76391;1;1;1;6;Route de la Londe;49,3105167585;0,9794837236
202200001513;18;4;2022;00:15;3;76;76497;1;1;1;6;N138 - Sud 3;49,3750900000;1,0458000000
202200001514;2;5;2022;16:50;1;76;76351;2;2;1;3;COMMANDANT ABADIE;49,5012800000;0,1699300000
202200001515;30;4;2022;04:50;5;76;76351;2;1;1;3;Chaussée Lamandé;49,4873000000;0,1161400000
202200001516;29;4;2022;01:15;5;67;67482;2;1;1;3;HOPITAL (ROUTE DE L );48,5695400000;7,7511300000
202200001517;29;4;2022;17:25;1;67;67482;2;8;1;6;SCHUTZENBERGER (AVENUE);48,5956887204;7,7586288750
202200001518;2;5;2022;10:25;1;64;64122;2;6;8;3;Rue Peyroloubilh;43,4788100000; -1,5647400000
202200001519;3;5;2022;19:00;1;61;61001;2;9;1;6;Petit bois de perseigne;48,4119700000;0,0985700000
202200001520;3;5;2022;15:10;1;61;61001;2;2;1;7;LARRONS (SENTE DES );48,4414400000;0,1080200000
202200001521;3;5;2022;18:20;1;59;59279;2;2;1;3;AUSTERLITZ (RUE);50,7855700000;3,1308200000
202200001522;3;5;2022;08:30;1;59;59646;2;2;1;1;FAIDHERBE (RUE);50,6541795475;3,1257342696
202200001523;28;4;2022;01:45;5;59;59392;2;9;1;6;HAUTMONT (RUE D');50,2666079757;3,9445477724
202200001524;13;4;2022;15:35;1;59;59350;2;6;1;3;LEZENNES BOULEVARD DE;50,6179600000;3,1025800000
202200001525;28;4;2022;11:20;1;59;59431;2;9;1;3;HOUCKE (AVENUE JULES);50,6962100000;2,8480300000
202200001526;2;5;2022;17:25;1;54;54395;2;1;1;1;BATAILLE (QUAI DE LA);48,6767605483;6,1920082569
202200001527;3;5;2022;21:00;1;51;51454;2;1;1;3;rue Charles Guggiari;49,2854190000;4,0244780000
202200001528;2;5;2022;11:29;1;51;51230;2;2;1;3;Avenue d’Ettlingen;49,0357200000;3,9651800000
202200001529;29;4;2022;18:58;1;51;51663;2;3;1;3;Avenue Alfred Anatole Thevenet;49,0558900000;3,9651000000
202200001530;2;5;2022;18:20;1;50;50532;2;6;1;3;NATIONALE (ANCIENNE ROUTE);48,8140300000; -1,5432900000
202200001531;2;5;2022;09:00;1;50;50218;2;6;1;3;VENDEENS (AV DES);48,8329100000; -1,5737200000
202200001532;2;5;2022;16:30;1;50;50129;2;1;1;6;LECLERC (RUE DU GENERAL);49,6392400000; -1,6051800000
202200001533;2;5;2022;14:00;1;50;50129;2;1;1;3;JOLIOT CURIE (RUE);49,6304000000; -1,6442500000
202200001534;2;5;2022;08:10;1;49;49007;2;1;1;3;GAULLE BOULEVARD CHARLES DE;47,4685900000; -0,5588400000
202200001535;1;5;2022;19:38;1;49;49007;2;1;2;6;MAURIAC SQUARE;47,4459700000; -0,5638900000
202200001536;1;5;2022;16:50;1;49;49007;2;1;1;6;AYRAULT;47,4766000000; -0,5517400000
202200001537;30;4;2022;14:34;1;49;49007;2;1;1;2;Boulevard Carnot;47,4738000000; -0,5454900000
202200001538;30;4;2022;02:10;5;49;49007;2;1;1;6;MOULIN BOULEVARD;47,4923100000; -0,5547300000
202200001539;2;5;2022;18:10;1;47;47031;2;2;1;3;Avenue de Bigorre;44,1852100000;0,6320200000
202200001540;3;5;2022;13:10;1;45;45284;2;1;1;2;44 Avenue de Verdun;47,9183626566;1,9810645580
202200001541;3;5;2022;11:30;1;45;45234;2;1;1;6;96 Rue du Faubourg Madeleine;47,8995900000;1,8787200000
202200001542;3;5;2022;08:50;1;45;45284;2;2;1;6;Rue de la Griffonnerie;47,9112500000;1,9616800000
202200001543;3;5;2022;10:20;1;45;45004;2;3;1;2;Rue de la Nivelle;47,9887300000;2,7470100000
202200001544;27;4;2022;09:15;1;42;42218;2;2;1;6;Cours Fauriel;45,4268900000;4,4035300000
202200001545;12;3;2022;12:50;1;38;38544;2;1;1;3;VIADUC(RUE DU);45,5342620000;4,8735620000
202200001546;29;4;2022;11:40;1;38;38185;2;1;1;1;RUE DES ALLIÉS;45,1690100000;5,7301500000
202200001547;29;4;2022;18:52;1;33;33318;2;1;1;6;Avenue de la Chataigneraie;44,7976800000; -0,6453700000
202200001548;19;4;2022;22:20;5;33;33522;2;1;2;6;Boulevard George V;44,8228500000; -0,5855400000
202200001549;3;5;2022;12:55;1;31;31555;2;1;1;1;AV D ATLANTA;43,6290500000;1,4763800000
202200001550;3;5;2022;09:05;1;31;31555;2;1;1;6;RIEUX (AV JEAN) DU 1AU 41;43,5982500000;1,4569900000
202200001551;24;4;2022;18:00;1;31;31483;2;1;1;7;LANDORTHE (ROUTE);43,1135000000;0,7412000000
202200001552;1;5;2022;17:00;1;28;28404;1;1;1;1;RN 154;48,7094610000;1,3696290000
202200001553;3;5;2022;08:10;1;70;70285;2;1;1;6;PAUL VINOT(RUE);47,5737500000;6,7634600000
202200001554;3;5;2022;10:15;1;25;25056;2;3;1;2;MONTRAPON AVENUE DE;47,2464410000;6,0085080000
202200001555;3;5;2022;13:00;1;17;17333;2;1;1;7;SCIENCES (DES);45,6062510000; -0,9945430000
202200001556;3;5;2022;09:30;1;13;13215;2;6;1;4;DE SAINT LOUIS AU ROVE (chemin);43,3507809089;5,3542433963
202200001557;3;5;2022;11:35;1;13;13210;2;1;1;5;OCTROI (PLACE GARE DE L');43,2815125015;5,4261976539
202200001558;3;5;2022;09:30;1;13;13210;2;1;1;3;ACIERIES (BOULEVARD DES);43,2761600000;5,4041100000
202200001559;2;5;2022;11:58;1;13;13202;2;1;1;3;DUNKERQUE  (BOULEVARD DE);43,3084400000;5,3679800000
202200001560;2;5;2022;18:40;1;13;13028;2;1;1;3;MIREILLE (AVENUE);43,1893000000;5,6345300000
202200001561;3;5;2022;12:30;1;11;11069;2;1;1;2;PAPIN DENIS -BD-;43,2090000000;2,3226000000
202200001562;8;4;2022;22:05;5;08;08409;2;1;1;3;CHANZY (BOULEVARD);49,7035400000;4,9316500000
202200001563;3;5;2022;09:56;1;06;06088;2;1;1;6;THIERS (AV.);43,7045400000;7,2630400000
202200001564;3;5;2022;17:05;1;06;06069;2;1;1;6;VICTOR HUGO  (BD);43,6560230000;6,9195590000
202200001565;2;5;2022;17:35;1;01;01283;2;1;1;6;CHEMIN DE FER (RUE DU);46,2563700000;5,6504400000
202200001566;3;5;2022;09:10;1;75;75113;2;1;1;3;BD PERIPHERIQUE INTERIEUR;48,8230400000;2,3812350000
202200001567;2;5;2022;22:59;5;75;75119;2;4;1;3;BOULEVARD SERURIER;48,8850150406;2,3944221875
202200001568;3;5;2022;13:26;1;75;75118;2;2;1;6;RUE STEPHENSON;48,8887045193;2,3560389876
202200001569;3;5;2022;02:02;5;75;75118;2;2;1;2;AVENUE DE LA PORTE DE CLIGNANCOURT;48,8979890000;2,3443240000
202200001570;2;5;2022;23:15;5;75;75117;2;1;1;3;BOULEVARD DU FORT DE VAUX;48,8935130000;2,3033940000
202200001571;3;5;2022;09:15;1;75;75115;2;3;1;3;RUE DE VAUGIRARD;48,8432360000;2,3135860000
202200001572;3;5;2022;12:07;1;75;75115;2;1;1;4;BD PERIPHERIQUE EXTERIEUR;48,8343910000;2,2755460000
202200001573;3;5;2022;01:05;5;75;75113;2;2;1;3;BOULEVARD VINCENT AURIOL;48,8334290000;2,3635210000
202200001574;3;5;2022;08:00;1;75;75110;2;1;1;3;QUAI DE VALMY;48,8809404779;2,3678997159
202200001575;24;3;2022;09:00;1;75;75111;2;1;1;2;BOULEVARD DE CHARONNE;48,8525130000;2,3973080000
202200001576;23;3;2022;16:15;1;75;75103;2;3;1;2;BOULEVARD BEAUMARCHAIS;48,8601010000;2,3674640000
202200001577;3;5;2022;17:50;1;75;75108;2;1;1;3;RUE PIERRE CHARRON;48,8689470000;2,3021890000
202200001578;23;3;2022;10:45;1;94;94068;2;1;1;6;91 Rue Lafayette;48,8069900000;2,5093800000
202200001579;24;3;2022;10:50;1;94;94079;2;6;1;6;Rue Jean Jaurès / Boulevard Jean Monnet;48,8272900000;2,5269900000
202200001580;3;5;2022;17:25;1;75;75108;2;2;1;2;RUE ROYALE;48,8683800038;2,3232677579
202200001581;24;3;2022;16:42;1;94;94018;2;2;1;3;Rue de Paris / Rue de Valmy;48,8277800000;2,4040700000
202200001582;24;3;2022;12:10;1;93;93070;2;1;1;6;Rue Edouard Vaillant;48,9027600000;2,3325800000
202200001583;2;5;2022;19:30;1;75;75104;2;2;1;3;RUE MORNAY;48,8495130000;2,3656490000
202200001584;24;3;2022;09:28;1;93;93055;2;1;1;3;Avenue Édouard Vaillant;48,8987110000;2,3976590000
202200001585;24;3;2022;14:40;1;93;93005;2;1;1;6;AMBROISE PARE (RUE);48,9500499986;2,5160008882
202200001586;30;4;2022;18:15;1;75;75103;2;1;1;6;RUE CHAPON;48,8632214163;2,3567162454
202200001587;24;3;2022;18:03;1;92;92064;2;1;1;3;GOUNOD;48,8429270000;2,2134340000
202200001588;23;3;2022;09:35;1;92;92060;2;6;1;2;REAUMUR (AVENUE);48,7776344586;2,2397376001
202200001589;3;5;2022;13:33;1;94;94022;2;1;1;2;Boulevard de Stalingrad;48,7724100000;2,4004700000
202200001590;23;3;2022;21:48;5;92;92012;2;2;1;6;BILLANCOURT (RUE DE) 63/FIN - COTE IMPAI;48,8361600000;2,2366500000
202200001591;23;3;2022;12:25;1;92;92012;2;2;1;3;REINE (ROUTE DE LA) 1/37- 6/80;48,8392025193;2,2455467284
202200001592;24;3;2022;20:30;3;06;06161;1;1;1;7;Route de Grasse;43,6576890000;7,1128750000
202200001593;25;3;2022;04:00;3;81;81059;1;1;1;6;d84;43,8970190000;2,1169070000
202200001594;1;5;2022;03:00;5;94;94068;2;5;1;3;Avenue du Bac;48,7963500000;2,5067300000
202200001595;25;3;2022;01:30;3;62;62454;2;1;1;6;Rue du 8 Mai 1945;50,5758720000;2,6247670000
202200001596;24;3;2022;13:45;1;68;68315;2;1;1;1;Route de Soultz;47,8889359409;7,2271592994
202200001597;19;3;2022;01:05;3;40;40227;1;1;1;6;route de castelnau;44,3229690000; -0,8105210000
202200001598;23;3;2022;07:55;1;83;83116;1;1;1;6;D3;43,4682020000;5,8398070000
202200001599;3;5;2022;07:00;1;94;94003;2;2;1;3;Avenue de la Convention;48,8008900000;2,3333200000
202200001600;3;5;2022;00:00;5;94;94076;2;2;1;6;Rue Jean Jaurès;48,7950071893;2,3663735388
202200001601;24;3;2022;18:00;1;51;51051;1;1;1;7;D430;49,3646570000;4,0046450000
202200001602;23;3;2022;16:30;1;51;51244;1;1;1;7;D79;48,8034339766;4,3924498558
202200001603;3;5;2022;13:50;1;94;94021;2;3;1;6;Rue du Berry;48,7736800000;2,3593300000
202200001604;24;3;2022;21:00;3;56;56147;1;1;1;6;Trélay;47,5407590000; -2,2674750000
202200001605;3;5;2022;10:00;1;94;94017;2;2;1;6;Avenue Maurice Thorez / Rue Pasteur;48,8158000000;2,5383300000
202200001606;3;5;2022;02:40;5;93;93064;2;9;1;3;DE GAULLE (AV DU GENERAL) 58/49 - FIN;48,8776007345;2,4793213606
202200001607;23;3;2022;18:30;2;82;82155;1;9;1;7;route des fours à chaux;44,1511890000;1,7440150000
202200001608;2;5;2022;09:40;1;93;93051;2;7;1;-1;Place de la Résistance;48,8479700000;2,5478400000
202200001609;25;3;2022;08:05;1;86;86225;2;9;1;6;1 Rue de la Pree;46,8405550000;0,0923190000
202200001610;25;3;2022;10:00;1;22;22211;1;1;1;1;la lande;48,6763120000; -3,4449220000
202200001611;3;5;2022;08:10;1;93;93046;2;2;1;3;Avenue Winston Churchill / Chemin des Postes;48,9128100000;2,5399100000
202200001612;24;3;2022;11:48;1;25;25157;1;1;1;3;N57;46,8222060000;6,3698820000
202200001613;3;5;2022;16:00;1;93;93079;2;1;1;3;Route de Saint-leu;48,9523890000;2,3379260000
202200001614;24;3;2022;13:58;1;25;25237;2;3;1;1;Rue du 8 Mai;47,5217470000;6,9135600000
202200001615;3;5;2022;19:00;1;93;93057;2;1;1;6;Avenue du 14 Juillet;48,9118002045;2,4911874533
202200001616;24;3;2022;12:05;1;44;44133;1;6;1;7;D751;47,1329320000; -1,7984750000
202200001617;1;5;2022;04:50;5;93;93008;2;1;1;6;Avenue de la Division Leclerc;48,9094400000;2,4173800000
202200001618;24;3;2022;08:40;1;35;35018;1;1;1;7;Le Moulin d Ory;48,4497780000; -1,1039060000
202200001619;3;5;2022;14:55;1;92;92049;2;3;1;6;MULIN RUE HIPPOLYTE;48,8129630000;2,3119960000
202200001620;25;3;2022;18:40;2;29;29004;1;1;1;2;D765 - Kerluc;47,9216630000; -3,6505080000
202200001621;3;5;2022;09:00;1;92;92049;2;1;1;3;BROSSOLETTE AVENUE PIERRE;48,8172626575;2,3072968125
202200001622;20;3;2022;18:00;1;29;29160;2;6;1;7;Rue de l Aber;48,5017920000; -4,4376180000
202200001623;25;3;2022;10:30;1;38;38409;1;1;1;6;1190 Route de Bluvinaye;45,0826950000;5,3070670000
202200001624;3;5;2022;00:45;5;92;92036;2;1;1;2;PRINCIPALE DU PORT (ROUTE) (1/17);48,9400040707;2,2885456234
202200001625;3;5;2022;11:30;1;92;92025;2;1;1;6;VERRIER (AV);48,9215326970;2,2563312203
202200001626;24;3;2022;14:30;1;01;01124;1;1;1;3;D56;46,4467370000;5,2259480000
202200001627;2;5;2022;23:55;5;92;92025;2;1;1;3;EUROPE (AV DE L');48,9264210000;2,2438520000
202200001628;3;5;2022;00:35;5;92;92071;2;1;1;1;BOURG-LA-REINE (AVENUE DE);48,7852277695;2,3040048033
202200001629;20;3;2022;15:30;1;53;53225;1;1;1;7;Route d Andouille;48,1994350000; -0,8060840000
202200001630;5;5;2022;19:00;1;65;65137;1;1;1;6;D59 - route d'Estriac;43,5069286924;0,0216239691
202200001631;5;5;2022;11:10;1;86;86159;1;1;1;2;D11;46,2186830000;0,6969450000
202200001632;25;3;2022;14:00;1;85;85234;1;1;1;1;PK 005;46,7963140000; -2,0207760000
202200001633;3;5;2022;13:30;1;76;76288;1;1;1;7;D98;49,8234010000;1,2259200000
202200001634;2;5;2022;18:20;1;57;57496;1;1;1;7;D28;48,9105840000;6,8131540000
202200001635;23;3;2022;07:30;1;37;37151;2;2;1;1;D959;47,4403086833;0,6382799149
202200001636;5;5;2022;15:00;1;77;77141;1;1;1;2;Autoroute A4 PK 36 +700;48,8653360000;2,8500940000
202200001637;24;3;2022;18:00;2;48;48030;1;3;7;3;D41;44,4825320000;3,5190260000
202200001638;3;5;2022;12:00;1;88;88181;2;1;1;6;Rue de l Eglise;48,1863900000;7,0012200000
202200001639;24;3;2022;18:15;1;35;35068;1;1;1;6;RN157;48,0983798334; -1,4136475325
202200001640;25;3;2022;08:50;1;49;49080;2;3;1;3;Rue Chantelune;47,6615430000; -0,5720700000
202200001641;25;3;2022;17:30;1;57;57606;1;1;1;2;Autoroute A4 - PK 361+300 - sens Strasbourg Paris;49,1357890000;6,7000290000
202200001642;15;4;2022;23:15;5;41;41008;1;1;5;4;A10;47,7378870000;1,5221290000
202200001643;24;3;2022;11:25;1;69;69036;1;1;1;3;Route Départementale 337;46,1184965141;4,6483460069
202200001644;4;5;2022;18:30;1;79;79230;1;1;1;6;Route de Couhé;46,2879070000;0,1297330000
202200001645;23;3;2022;10:30;1;973;97304;1;1;8;1;PK 048.500;5,1006260000; -52,6279770000
202200001646;5;5;2022;11:25;1;76;76018;1;2;1;3;Route Departementale 101;49,7203180000;1,0000990000
202200001647;23;3;2022;23:55;3;78;78321;1;6;1;7;Intersection RD15 et RD23;48,7892450000;1,8997710000
202200001648;30;4;2022;17:30;1;33;33043;1;6;1;3;pk 21 D671;44,7341080000; -0,2124260000
202200001649;25;3;2022;01:15;3;34;34052;1;1;1;6;La Tamarissiere;43,3036600000;3,0306890000
202200001650;5;5;2022;16:50;1;71;71014;2;1;2;6;Rue Mazagran;46,9536900000;4,3013730000
202200001651;25;3;2022;14:00;1;83;83101;2;1;1;3;2998 Route des Plages;43,2436650000;6,6484650000
202200001652;4;5;2022;16:11;1;12;12153;1;1;1;6;RD 993  Bouloc/Montjaux;44,1227150000;2,8918500000
202200001653;25;3;2022;07:45;2;13;13004;1;1;7;1;D572n;43,6629670000;4,4628520000
202200001654;5;5;2022;17:30;1;29;29069;2;1;1;6;Rue de Kermonfort;48,4242030000; -4,5508290000
202200001655;25;3;2022;08:50;1;89;89295;2;1;1;3;Rue de l Auge;47,8202640000;3,5559070000
202200001656;3;5;2022;10:20;1;26;26108;2;9;1;6;Montee de la Barbeyere;44,7293770000;5,0268750000
202200001657;20;3;2022;15:20;1;21;21623;1;1;1;6;D110g;47,1884681146;5,2303133010
202200001658;5;5;2022;05:00;3;90;90045;1;1;2;1;RD 463 sortie RN19 PK 2+210;47,5086350000;6,9685080000
202200001659;27;2;2022;18:50;3;67;67339;1;1;1;1;D199;48,9191904975;7,8853726387
202200001660;5;5;2022;20:55;2;60;60164;2;1;1;6;Rue Rene Samson;49,4124640933;1,8419904113
202200001661;25;3;2022;16:00;1;54;54584;1;1;1;7;D191;48,7050100000;5,9431310000
202200001662;5;5;2022;18:25;5;974;97418;2;1;2;6;Rue Noel Tessier; -20,8964890000;55,5557480000
202200001663;25;3;2022;16:00;1;74;74128;1;1;1;2;D903;46,1554890000;6,3191130000
202200001664;25;3;2022;08:50;1;42;42269;1;1;1;7;Route de Mornand;45,6791180000;4,0849080000
202200001665;4;5;2022;15:30;1;63;63181;1;1;3;6;A71 PR 358+000 direction ISSOIRE;46,0286670000;3,1164410000
202200001666;4;5;2022;22:00;3;67;67067;1;1;9;6;Autoroute A4;48,7029420000;7,7135180000
202200001667;24;3;2022;17:00;1;38;38003;1;1;1;1;Chemin de Coinaud;45,3194850000;4,8564290000
202200001668;4;5;2022;20:45;1;31;31254;2;6;8;1;258 La Meridienne;43,5404560000;1,5121280000
202200001669;23;3;2022;16:35;2;26;26206;1;3;1;3;D538a;44,8365630000;4,9692750000
202200001670;4;5;2022;21:56;3;62;62476;1;1;1;1;autoroute A1;50,3580290000;2,9579400000
202200001671;25;3;2022;07:35;2;26;26196;1;2;1;1;Chemin des Vercheres;44,8607550000;4,9273740000
202200001672;4;5;2022;08:35;1;34;34123;1;1;1;6;Rue de Kalkar;43,6201670000;3,7898920000
202200001673;23;3;2022;20:00;5;69;69243;2;1;1;6;Boulevard Lamartine;45,8949751675;4,4306820631
202200001674;4;5;2022;21:30;5;973;97311;2;9;1;3;avenue st symphorien;5,4982560000; -54,0291040000
202200001675;25;3;2022;19:55;5;31;31149;1;1;1;2;N124;43,6053960000;1,2914300000
202200001676;5;5;2022;17:45;1;45;45133;1;2;1;3;D23 - PR 6 + 638;48,2418580107;2,2482790947
202200001677;20;2;2022;00:50;4;47;47263;1;1;1;4;D813;44,4771990000;0,1922070000
202200001678;4;5;2022;17:00;1;77;77107;1;2;1;3;N36 / D48;48,6645010000;2,8105150000
202200001679;25;3;2022;03:11;3;33;33330;1;1;1;1;Route nationale 89;44,8680210000; -0,4455040000
202200001680;28;4;2022;09:00;1;13;13092;2;1;1;4;Chemin Departemental 10;43,5459350000;5,0412230000
202200001681;8;2;2022;18:00;1;33;33433;2;2;1;1;Avenue Pasteur;44,9195680000; -0,4400110000
202200001682;4;5;2022;23:30;5;70;70279;2;4;1;6;2 Rue Rome de l Isle;47,4462440000;5,5843860000
202200001683;5;5;2022;08:10;1;68;68180;2;6;1;7;Rue Principale;47,7928250000;7,1044070000
202200001684;25;3;2022;08:10;1;14;14759;2;1;1;1;D69;48,8972130000; -0,1362240000
202200001685;4;5;2022;18:45;1;67;67300;2;3;1;6;Rue de la Commanderie;48,5348830000;7,4982170000
202200001686;23;3;2022;17:20;1;56;56023;1;2;1;3;La Madeleine D768;47,7224150000; -3,0113480000
202200001687;29;4;2022;13:45;1;74;74007;1;1;1;3;D1203;46,0711540000;6,3326530000
202200001688;25;3;2022;16:35;1;60;60695;1;1;1;1;RD 606;49,2127750000;2,5027160000
202200001689;25;3;2022;17:30;1;60;60612;2;1;1;1;Cours Thore Montmorency;49,2078320000;2,5877920000
202200001690;5;5;2022;16:18;1;73;73181;1;1;2;3;N90;45,4915140000;6,5504690000
202200001691;24;3;2022;06:30;2;59;59482;2;1;1;6;1170 Route de Comines;50,7179120000;3,0209530000
202200001692;25;3;2022;14:05;1;59;59416;1;1;1;7;632 Route d Hazebrouck;50,6627519330;2,5960665643
202200001693;24;3;2022;16:35;1;59;59408;2;1;1;7;Rue du Haut;50,4494950000;3,0739990000
202200001694;5;5;2022;15:00;1;38;38445;1;1;2;6;N85;45,0546076604;5,7532234889
202200001695;4;5;2022;19:05;1;17;17119;2;1;1;7;50 Rue de Beaunant;45,6549940000; -0,8757540000
202200001696;24;3;2022;01:40;3;59;59256;2;1;1;1;Boulevard du Petit Quinquin;50,5767639876;3,1229689120
202200001697;4;5;2022;21:30;3;86;86197;1;1;1;7;Lieu Dit la Balivotte;47,0099680000;0,2915450000
202200001698;24;3;2022;07:10;1;13;13212;1;1;1;2;A507 sens Marseille - Aubagne;43,3033300000;5,4253670000
202200001699;24;3;2022;09:25;1;13;13215;1;1;1;3;A7-Sens Lyon vers Marseille;43,3664970000;5,3605960000
202200001700;4;5;2022;19:45;1;33;33238;1;3;1;3;la caze;44,7428160000; -0,5722810000
202200001701;24;3;2022;06:00;3;13;13210;2;1;1;2;A507 sens Marseille - Aubagne;43,2859690000;5,4255510000
202200001702;22;3;2022;09:25;1;59;59410;1;1;1;6;ROUTE NATIONALE 356;50,6502219320;3,1009376048
202200001703;4;5;2022;17:00;1;27;27602;2;1;1;6;Rue du Chant des Oiseaux;49,0072670000;1,0976730000
202200001704;22;3;2022;12:12;1;59;59435;1;1;1;6;AUTOROUTE A23;50,4882109977;3,2141804695
202200001705;4;5;2022;09:55;1;62;62746;2;1;1;1;176 tue pasteur;50,6769290000;1,6151940000
202200001706;2;10;2022;13:30;1;974;97409;2;1;1;7;CAMBUSTON (rue de); -20,9334000000;55,6547900000
202200001707;3;5;2022;18:25;1;13;13211;1;1;1;2;A50-Sens Marseille vers Aubagne;43,2864100000;5,5093100000
202200001708;24;3;2022;10:50;1;91;91689;1;1;1;3;AUTOROUTE A6;48,7332700000;2,3157700000
202200001709;24;3;2022;08:30;1;91;91161;2;1;1;7;AUTOROUTE A126;48,7110000000;2,2963200000
202200001710;3;5;2022;13:30;1;13;13214;1;1;1;4;A7-Sens Marseille vers Lyon;43,3216400000;5,3781400000
202200001711;24;3;2022;20:00;3;78;78423;1;1;1;2;N12W;48,7988180000;1,9956500000
202200001712;23;12;2022;16:15;1;09;09122;1;6;1;2;PERMILHAC;43,0023400000;1,6152700000
202200001713;28;4;2022;08:05;1;13;13001;1;1;1;7;A51-Sens Aix en Provence vers Marseille;43,5118900000;5,4228000000
202200001714;24;3;2022;10:50;1;78;78238;1;1;1;7;A13;48,9706890000;1,8790960000
202200001715;14;8;2022;20:00;1;22;22197;1;1;1;6;RD 137-pk 100;48,4845570000; -1,9080590000