Num_Acc;jour;mois;an;hrmn;lum;dep;com;agg;int;atm;col;adr;lat;long
202200001716;23;3;2022;14:50;1;78;78208;1;1;1;3;RN12 EXT;48,8003090000;1,9774620000
202200001717;28;4;2022;16:35;1;67;67447;1;1;1;4;M35;48,6115800000;7,7265800000
202200001718;23;12;2022;13:55;1;43;43041;2;1;8;7;36 Avenue des Sports;45,0413900000;3,9365400000
202200001719;1;5;2022;20:03;1;59;59350;1;1;1;2;AUTOROUTE A25;50,6166905954;3,0588197707
202200001720;3;5;2022;17:30;1;94;94043;1;1;1;3;AUTOROUTE A6B;48,8067716076;2,3462255274
202200001721;24;3;2022;18:08;1;92;92078;1;1;1;6;AUTOROUTE A86;48,9274870000;2,3333830000
202200001722;2;11;2022;12:00;1;38;38053;2;6;1;7;ISLE D'ABEAU (ROUTE DE);45,6018800000;5,2670200000
202200001723;2;5;2022;19:30;1;91;91312;1;1;1;5;RD 444;48,7378000000;2,2268000000
202200001724;24;3;2022;17:00;1;93;93008;1;1;1;2;AUTOROUTE A86;48,9120100000;2,4384000000
202200001725;30;10;2022;15:40;1;14;14266;1;1;1;7;D212;49,1217620000; -0,4234670000
202200001726;3;5;2022;21:20;3;92;92050;1;1;1;3;A86;48,9133682536;2,2186275803
202200001727;24;3;2022;16:20;1;93;93051;1;1;1;3;A4;48,8361000000;2,5535000000
202200001728;3;5;2022;06:55;1;92;92050;1;1;1;6;A86;48,9162740461;2,2212873621
202200001729;22;12;2022;18:35;5;43;43089;2;1;2;7;3 Avenue du Puy;45,0449400000;3,8704400000
202200001730;3;5;2022;09:45;1;93;93006;1;1;1;3;AUTOROUTE A3;48,8656400000;2,4184600000
202200001731;24;3;2022;16:15;1;94;94069;1;1;1;4;A4;48,8172046066;2,4285178250
202200001732;10;1;2022;07:37;3;10;10357;1;1;5;6;GEORGES POMPIDOU (RUE);48,3046710000;4,0996500000
202200001733;2;5;2022;10:45;1;93;93064;1;1;1;3;AUTOROUTE A86;48,8776700000;2,4773100000
202200001734;24;3;2022;08:30;1;94;94015;1;1;1;6;A4;48,8294535608;2,5282723079
202200001735;27;4;2022;12:50;1;94;94052;1;1;1;2;A86 INT;48,8372752260;2,4939611143
202200001736;23;2;2022;05:50;3;75;75116;1;1;1;6;A13Y;48,8484080000;2,2472340000
202200001737;24;3;2022;06:30;1;94;94018;1;1;1;6;A4;48,8214118828;2,3987454677
202200001738;14;4;2022;16:45;1;77;77337;1;1;1;6;A4;48,8299638999;2,6185584039
202200001739;23;3;2022;14:09;1;32;32013;2;1;7;7;YSER (AVENUE DE L');43,6496400000;0,5935400000
202200001740;2;5;2022;16:14;1;973;97302;2;1;8;6;CATAYEE (JUSTIN);4,9380912639; -52,3302894831
202200001741;22;3;2022;07:25;1;05;05061;2;1;1;7;ST JEAN ( ROUTE DE );44,5322400000;6,0412300000
202200001742;9;11;2022;18:45;3;03;03137;1;1;2;3;N7;46,2761030000;3,4765610000
202200001743;1;5;2022;12:50;1;973;97302;2;2;1;3;MAILLARD DUMESLE;4,9387041004; -52,3291522264
202200001744;22;3;2022;09:39;1;75;75116;2;1;1;6;AVENUE RAYMOND POINCARE;48,8640600000;2,2867880000
202200001745;7;11;2022;18:45;5;14;14658;2;1;1;6;D524;48,8391750000; -1,0407390000
202200001746;3;5;2022;01:45;4;69;69383;2;2;1;2;Rue Paul Bert;45,7570800000;4,8586100000
202200001747;2;5;2022;22:35;5;69;69387;2;1;1;2;Avenue Leclerc;45,7474443438;4,8332870007
202200001748;23;3;2022;14:20;1;973;97302;2;1;2;3;;4,9053200000; -52,3199200000
202200001749;2;5;2022;20:00;1;69;69387;2;2;1;3;Boulevard Yves Farge;45,7389300000;4,8305600000
202200001750;23;3;2022;12:05;1;69;69383;2;1;1;6;Rue de la Balme;45,7502800000;4,8940400000
202200001751;16;8;2022;19:45;1;83;83101;1;3;1;1;Route de la Rouillere;43,2239690000;6,6126750000
202200001752;2;5;2022;18:35;1;69;69387;2;2;1;6;Rue de l’Université;45,7490552741;4,8422402143
202200001753;23;3;2022;13:30;1;972;97213;1;1;1;1;ROUTE NATIONALE 6;14,5962400000; -60,9797900000
202200001754;29;11;2022;17:30;5;14;14366;2;6;5;3;Chemin de Colandon;49,1436180000;0,2799960000
202200001755;2;5;2022;16:15;1;69;69383;2;1;1;3;Avenue Félix Faure;45,7555370119;4,8749041557
202200001756;13;3;2022;06:50;1;972;97209;1;1;1;1;POSTE COLON (VOIE COMMUNALE DE);14,6482000000; -61,0697600000
202200001757;17;8;2022;20:00;1;85;85082;1;1;1;2;RD11 le Fosse;46,8758630000; -0,9296804000
202200001758;2;5;2022;08:32;1;69;69383;2;2;1;3;Boulevard Marius Vivier-Merle;45,7570266536;4,8588162661
202200001759;23;3;2022;15:00;1;69;69384;2;1;1;6;Grande Rue de la Croix-Rousse;45,7806200000;4,8326600000
202200001760;7;12;2022;14:00;1;21;21278;2;1;8;6;Rue du Dr Majnoni d’Intignano;47,3471840000;5,0316780000
202200001761;3;5;2022;01:23;5;69;69389;2;1;1;6;Avenue 25ème Régiment des Tirailleurs Sénégalais;45,7852900000;4,8030600000
202200001762;16;11;2022;15:10;1;14;14138;1;1;3;7;Route de l'Épinay Tesson;49,2311980000; -0,9987150000
202200001763;23;3;2022;17:40;1;95;95680;2;3;7;6;Avenue Pierre Sémard;49,0001452670;2,4109357595
202200001764;1;5;2022;18:20;1;971;97101;2;9;1;1;HIBISCUS;16,2498701697; -61,5294510126
202200001765;23;3;2022;15:55;1;95;95210;2;1;1;6;Rue de l’Arrivée;48,9731725955;2,3061686754
202200001766;1;5;2022;00:00;4;971;97113;1;1;1;6;BAS DU FORT;16,2184210709; -61,5009123087
202200001767;5;12;2022;07:00;5;74;74012;2;2;1;3;ROMAGNY (RUE DE);46,1972100000;6,2521000000
202200001768;2;5;2022;22:50;5;2A;2A004;2;2;2;3;MORETTI ANGE RUE;41,9337400000;8,7439300000
202200001769;4;12;2022;21:35;5;74;74012;2;1;3;6;THONON (ROUTE DE);46,1933000000;6,2557000000
202200001770;23;3;2022;08:55;1;91;91027;2;2;1;3;AV FRANCOIS MITTERRAND;48,7161600000;2,3708700000
202200001771;15;3;2022;12:20;1;91;91174;2;6;3;6;RUE PABLO PICASSO;48,6140140000;2,4588220000
202200001772;29;11;2022;17:15;5;38;38185;2;3;2;3;RUE DE LA STATION PONSARD;45,1763800000;5,7392800000
202200001773;27;11;2022;05:55;5;61;61260;2;3;2;7;8 Rue de Lange;48,6759470000; -0,3970210000
202200001774;22;4;2022;08:10;1;95;95210;2;3;1;3;Rue de la Barre;48,9646856120;2,3140543699
202200001775;19;11;2022;16:30;1;49;49311;1;2;1;3;Saint-Philbert-du-Peuple;47,3915370000; -0,0303200000
202200001776;22;3;2022;19:16;1;87;87085;2;2;1;3;PONT NEUF;45,8260500000;1,2679100000
202200001777;1;5;2022;19:17;1;90;90010;2;1;1;7;BRUXELLES (RUE DE);47,6343800000;6,8418000000
202200001778;27;11;2022;01:00;3;68;68078;1;1;5;6;D1b;48,0386540000;7,3111650000
202200001779;1;5;2022;16:42;1;87;87085;2;1;1;6;JUIN (RUE DU MARECHAL);45,8326800000;1,2239600000
202200001780;22;3;2022;12:33;1;87;87085;2;2;1;6;GAGNANT (AVENUE JEAN);45,8339600000;1,2735400000
202200001781;26;11;2022;03:15;4;29;29112;2;1;2;6;22 Route de Bréles;48,4755370000; -4,7406750000
202200001782;1;10;2022;04:05;3;33;33075;1;1;2;6;ROCADE A 630;44,8883262365; -0,5883827806
202200001783;30;4;2022;18:00;1;86;86194;2;1;1;1;Avenue du 8 Mai 1945;46,5563000000;0,3089420000
202200001784;22;3;2022;16:05;1;86;86041;2;3;1;3;Rue de la Vincenderie;46,5944980000;0,3409810000
202200001785;26;11;2022;17:45;2;38;38315;1;2;1;6;D82;45,5308592482;5,6738972531
202200001786;25;11;2022;05:55;3;74;74010;1;1;1;5;A41;45,9609950000;6,1308860000
202200001787;26;11;2022;15:25;1;01;01323;1;1;1;6;Chemin des Chapelles;46,4194830000;4,9132620000
202200001788;1;5;2022;03:35;3;80;80724;1;6;1;7;RN1029;49,8604000000;2,2115500000
202200001789;18;9;2022;19:30;5;06;06069;2;1;1;6;TOURACHE (CHEMIN DE LA);43,6288700000;6,9342100000
202200001790;17;9;2022;17:05;1;06;06069;2;1;1;6;VICTORIA (AVENUE ET TRAVERSE);43,6634130000;6,9291160000
202200001791;29;4;2022;17:15;1;80;80674;2;1;1;6;GEORGES MATIFAS (RUE);49,8985346082;2,3297846315
202200001792;27;11;2022;02:00;3;58;58148;1;1;5;3;D13;46,8706950000;3,2654290000
202200001793;9;9;2022;06:51;1;06;06088;2;1;1;6;TURIN (RTE DE);43,7265590000;7,2858820000
202200001794;23;3;2022;06:15;5;83;83137;2;2;1;3;MARCHAND (AVE COMMANDANT);43,1261100000;5,9366900000
202200001795;27;4;2022;09:00;1;80;80021;2;1;1;6;JULES BARNI (RUE);49,8858100000;2,3189600000
202200001796;25;11;2022;10:40;1;14;14755;2;1;7;6;71 Rue Butin;49,3995450000;0,1272760000
202200001797;7;9;2022;16:18;1;06;06159;2;1;1;3;BELLAVISTA (AVENUE);43,7120000000;7,3240000000
202200001798;22;3;2022;23:15;5;83;83090;2;1;1;7;;43,1479550000;5,8474318000
202200001799;27;11;2022;11:00;1;64;64393;1;4;1;1;Route De Cuqueron;43,3217986518; -0,5531472510
202200001800;27;4;2022;09:00;1;80;80021;2;1;1;2;LEON BLUM (RUE);49,8946228766;2,2944581506
202200001801;14;12;2022;11:09;1;92;92025;2;9;8;6;ESTIENNE D'ORVES (RUE);48,9157480000;2,2423750000
202200001802;27;11;2022;04:30;3;30;30065;1;1;1;6;Route de Lezan;43,9907070000;4,0508440000
202200001803;28;11;2022;14:00;1;38;38179;2;1;2;1;AVENUE DE VIGNATE;45,1917900000;5,7780500000
202200001804;23;3;2022;12:20;1;81;81004;2;3;1;3;THOMAS (AV ALBERT);43,9417519348;2,1493202448
202200001805;22;11;2022;10:25;1;78;78466;2;6;1;3;241 Avenue Pasteur;48,9255160000;1,9771530000
202200001806;26;11;2022;13:00;1;38;38185;2;1;1;6;RUE CONDILLAC;45,1889500000;5,7293200000
202200001807;20;11;2022;09:54;1;38;38421;2;1;7;6;RUE DU PRÉ RUFFIER;45,1690800000;5,7546300000
202200001808;7;11;2022;18:52;5;38;38151;2;1;1;3;COURS JEAN JAURÈS;45,1457100000;5,7051100000
202200001809;26;11;2022;18:45;3;987;98729;1;1;1;3;RT 91 PK 7+950 AFAREAITU; -17,5770000000; -150,2020000000
202200001810;17;4;2022;05:00;3;33;33042;1;1;1;3;A63 pr42+100;44,4813559103; -0,8323591948
202200001811;23;3;2022;17:25;1;77;77058;2;3;1;3;D406;48,8312900000;2,6883000000
202200001812;27;11;2022;03:45;3;988;98822;1;3;1;6;Tribu de OUINDO - RT3/RM 43; -20,9907240000;165,4002080000
202200001813;14;11;2022;09:50;1;69;69081;1;1;1;3;Route de Métropole 6;45,7840000000;4,7841000000
202200001814;25;11;2022;00:00;3;988;98827;1;4;1;6;Intersection des tribus MONFAOUE et GOAPHIN; -21,2573000000;165,2585400000
202200001815;23;3;2022;17:50;1;77;77186;1;1;1;7;D607;48,4430600000;2,6449300000
202200001816;14;10;2022;22:40;5;2B;2B033;2;1;1;4;11 - RT;42,6858000000;9,4461000000
202200001817;7;11;2022;17:48;5;92;92026;2;1;1;6;GAULTIER;48,8980900000;2,2410600000
202200001818;27;11;2022;12:40;1;988;98817;2;1;1;1;route de la fontaine; -22,2558100000;166,6141800000
202200001819;26;10;2022;14:00;1;92;92026;2;2;1;3;MISSION MARCHAND (COTE IMPAIR);48,9022200000;2,2394900000
202200001820;26;11;2022;13:40;1;973;97304;2;1;1;7;rue Gustave Eiffel;5,1578600000; -52,6673520000
202200001821;23;3;2022;08:30;1;77;77186;1;5;1;1;D607 / D409;48,4086800000;2,6864200000
202200001822;31;10;2022;15:04;1;92;92026;2;1;1;5;MARECHAL JOFFRE (QUAI DU);48,9017400000;2,2798800000
202200001823;26;11;2022;22:10;3;971;97124;2;1;1;6;Rue Benoit Esdras;16,0109390000; -61,6921860000
202200001824;21;4;2022;08:58;1;93;93055;2;1;1;1;Avenue Jean Lolive;48,8906540000;2,4003020000
202200001825;15;5;2022;22:35;3;93;93008;2;1;2;6;251 Rue de Stalingrad;48,9186887578;2,4149045348
202200001826;27;11;2022;06:00;3;34;34058;1;1;1;7;D68;43,6797290000;3,9467530000
202200001827;22;3;2022;17:30;1;77;77131;2;1;7;6;MONTBILLARD (RUE DU);48,8209907850;3,0941335280
202200001828;4;9;2022;19:53;1;06;06004;2;1;1;3;WILSON BD;43,5780330000;7,1190220000
202200001829;23;3;2022;07:30;1;76;76351;2;1;1;6;JOSEPH MADEC;49,5066497867;0,1411753893
202200001830;27;11;2022;18:50;3;42;42299;1;2;1;2;Route de Montrond;45,6152930000;4,1165150000
202200001831;1;9;2022;16:20;1;67;67482;1;1;1;4;M35;48,5882800000;7,7294500000
202200001832;22;3;2022;13:44;1;76;76351;2;1;1;6;SAINTE ADRESSE (DE);49,5006200000;0,0915000000
202200001833;27;11;2022;06:50;5;38;38565;2;1;1;6;Avenue du 11 Novembre;45,2826470000;5,6453960000
202200001834;29;11;2022;15:00;1;74;74010;2;6;1;3;GENEVE (AVENUE DE)(SECTEUR 410);45,9118101154;6,1238243191
202200001835;22;3;2022;18:50;2;72;72181;2;2;1;3;AH AH (RUE DE);48,0069700000;0,1915600000
202200001836;28;11;2022;08:30;1;74;74298;1;1;1;6;TANINGES (ROUTE DE );46,1884900000;6,2666000000
202200001837;25;11;2022;06:51;2;38;38543;2;1;1;1;D19b;45,6641610000;5,4692200000
202200001838;15;11;2022;10:45;1;74;74133;1;1;8;6;Douane de Vallard;46,1870006463;6,2056353852
202200001839;22;3;2022;23:30;5;69;69266;2;2;1;3;Rue Jean-Claude Vivant;45,7695100000;4,8681400000
202200001840;28;11;2022;06:50;4;74;74118;2;1;1;3;SAINT-JULIEN (ROUTE DE);46,1775800000;6,2251700000
202200001841;23;3;2022;08:30;1;67;67447;2;1;1;6;GENERAL DE GAULLE (ROUTE DU);48,6101200000;7,7342800000
202200001842;26;11;2022;02:30;3;09;09039;1;1;1;6;D625;43,0502290000;1,8897820000
202200001843;24;11;2022;16:30;1;74;74105;2;6;1;3;avenue du lac;46,3070690000;6,2937070000
202200001844;25;11;2022;17:40;5;56;56178;2;1;8;6;35 Rue Albert de Mun;48,0566200000; -2,9615620000
202200001845;22;3;2022;17:30;1;67;67482;2;3;7;3;ABBE LEMIRE (RUE DE L );48,5806932003;7,7232110000
202200001846;27;11;2022;09:40;1;74;74281;2;6;1;6;CANAL (BOULEVARD DU);46,3709600000;6,4817600000
202200001847;27;11;2022;04:40;5;76;76069;2;1;2;6;Route de Paris;49,3697640000;1,1277720000
202200001848;19;3;2022;17:00;1;67;67482;1;1;1;3;FORET NOIRE (AVENUE DE LA);48,5857300000;7,7654500000
202200001849;19;11;2022;15:30;1;74;74010;2;1;1;3;209 Avenue d'aix-les-bains;45,8810460000;6,0946330000
202200001850;26;11;2022;08:11;2;60;60281;1;1;1;6;D1017;49,4965350000;2,6732080000
202200001851;23;3;2022;16:23;1;65;65440;2;1;1;3;RAMOND (RUE);43,2331410000;0,0709840000
202200001852;12;11;2022;21:20;3;74;74056;1;1;1;6;RN 205;45,9080940000;6,8476070000
202200001853;12;11;2022;13:50;1;74;74090;1;1;1;1;D2;46,0856890000;6,2915830000
202200001854;22;3;2022;13:05;1;64;64445;2;9;1;3;ALFRED NOBEL;43,3075800000; -0,3309400000
202200001855;7;11;2022;17:10;1;74;74224;2;2;1;6;Avenue lucien rannard;46,0686250000;6,3031240000
202200001856;26;11;2022;18:15;3;60;60530;1;1;8;7;D94;49,4377845010;2,2803868150
202200001857;14;3;2022;12:10;1;62;62510;1;1;1;7;CD 58;50,4210710000;2,7665770000
202200001858;26;11;2022;23:30;3;60;60403;1;1;1;7;D133;49,4981398598;2,0068228679
202200001859;23;3;2022;18:35;1;59;59512;2;1;1;6;ROLLAND (RUE ROMAIN);50,6903600000;3,1829000000
202200001860;26;10;2022;15:30;1;74;74087;1;1;1;1;Route des vallées;46,1501600000;6,3269070000
202200001861;23;3;2022;13:40;1;59;59512;2;1;1;6;GUESDE (RUE JULES);50,6877470000;3,1892390000
202200001862;26;11;2022;19:35;5;60;60542;2;2;1;3;D12;49,4050180000;2,1822880000
202200001863;6;10;2022;16:30;1;67;67482;2;1;1;3;ROMAINS (ROUTE DES);48,5796700000;7,7158000000
202200001864;23;3;2022;15:30;1;59;59368;2;1;1;6;REPUBLIQUE AVENUE DE LA;50,6489556021;3,0782952904
202200001865;23;9;2022;19:10;1;92;92078;2;3;1;3;CHARLES DE GAULLE (BD)(72 AU 308);48,9429625401;2,3182868958
202200001866;9;10;2022;19:38;2;66;66136;2;1;1;6;PANCHOT (AVENUE JULIEN);42,6928200000;2,8858400000
202200001867;23;3;2022;13:15;1;51;51454;2;2;1;1;Avenue du Général Eisenhower;49,2401900000;4,0098900000
202200001868;16;11;2022;09:30;1;95;95218;2;8;1;6;Rue de Pierrelaye;49,0232500000;2,0962330000
202200001869;26;11;2022;22:52;3;80;80199;1;1;1;2;Autoroute A1 point Kilométrique 130.900 sens Lille/Paris;49,9616050000;2,8560270000
202200001870;8;10;2022;23:05;5;66;66136;2;1;1;6;;42,7091600000;2,8856900000
202200001871;23;3;2022;11:10;1;51;51474;2;1;1;3;Rue de la Dent d’Oches;49,2812800000;4,0023500000
202200001872;31;10;2022;22:00;3;92;92050;2;1;2;6;CLEMENCEAU GEORGES AVENUE N° PAIR;48,8869100000;2,2024800000
202200001873;8;10;2022;20:09;3;66;66136;1;1;2;7;;42,7145730000;2,9366380000
202200001874;25;11;2022;05:20;5;13;13106;1;4;1;2;A7-Sens Marseille vers Lyon;43,3931100000;5,3513900000
202200001875;23;3;2022;07:45;1;51;51454;2;1;1;7;Avenue Brébant;49,2542059056;4,0173777938
202200001876;10;10;2022;15:25;1;64;64102;2;1;1;2;Avenue du 14 Avril 1814;43,5048500000; -1,4472500000
202200001877;28;10;2022;00:45;3;42;42218;1;1;1;3;N88;45,4321000000;4,4165900000
202200001878;26;11;2022;15:00;1;13;13213;1;1;1;3;A507 sens Aubagne- Marseille;43,3244400000;5,4226300000
202200001879;22;3;2022;14:30;1;50;50129;1;1;1;1;GRANDS RAGOTINS (CHEMIN DES);49,6156600000; -1,6483200000
202200001880;26;11;2022;01:20;3;69;69266;1;1;2;2;Route Départementale 383;45,7628500000;4,9096100000
202200001881;11;3;2022;16:35;1;59;59350;2;2;1;3;Rue du Faubourg des Postes;50,6072470000;3,0433270000
202200001882;9;10;2022;18:50;1;64;64024;2;1;1;5;ADOUR (AVENUE DE L');43,5106200000; -1,4998700000
202200001883;23;3;2022;11:35;1;44;44162;1;9;1;2;155 Boulevard Marcel Paul;47,2393500000; -1,6278600000
202200001884;25;11;2022;23:20;3;91;91064;1;1;1;6;RN 118;48,7498100000;2,2067100000
202200001885;9;3;2022;17:58;5;59;59350;2;1;1;3;Boulevard Montebello;50,6223970000;3,0450940000
202200001886;22;3;2022;16:38;1;44;44162;2;7;1;3;1 Place Océane;47,2248400000; -1,6285400000
202200001887;25;11;2022;08:50;1;91;91589;1;1;1;2;AUTOROUTE A6;48,6791320000;2,3344890000
202200001888;9;10;2022;16:40;1;64;64024;2;1;1;4;Avenue de Biarritz;43,4803400000; -1,5162300000
202200001889;22;2;2022;20:25;3;14;14251;1;1;2;1;D6;48,9741322911; -0,4512880415
202200001890;23;3;2022;13:30;1;37;37261;2;1;1;6;PRESLE (RUE DE LA);47,4222549597;0,7084894180
202200001891;26;11;2022;22:40;3;78;78073;1;1;1;2;A12 Y;48,8002000000;2,0452800000
202200001892;6;10;2022;19:50;2;62;62516;2;6;1;3;D943;50,5703000000;2,4751650000
202200001893;23;8;2022;12:30;1;69;69266;2;2;1;3;Rue Château Gaillard;45,7736200000;4,8882200000
202200001894;23;3;2022;17:10;1;35;35334;1;1;1;3;N136;48,1411257309; -1,5837498388
202200001895;26;11;2022;19:05;2;78;78646;1;1;1;2;RN12 INT;48,7844200000;2,1569100000
202200001896;9;10;2022;12:20;1;57;57672;2;1;1;6;DOUAI (AVENUE DE);49,3664300000;6,1728600000
202200001897;9;6;2022;22:40;3;68;68311;1;1;1;7;Route du Schnepfenried;47,9873370000;7,0461630000
202200001898;23;3;2022;16:30;1;35;35051;2;6;1;3;ALLIES (BOULEVARD DES);48,1070634338; -1,6162830591
202200001899;9;10;2022;14:45;1;56;56121;2;1;1;7;KERMELO (PONT);47,7316500000; -3,3861300000
202200001900;26;11;2022;13:20;1;92;92036;1;1;1;2;RN315 W;48,9274099467;2,3031799505
202200001901;4;12;2022;20:28;3;54;54115;1;1;3;2;D400;48,6944430490;6,0957952921
202200001902;25;2;2022;17:50;2;34;34003;2;6;1;3;GUIRAUDETTE (K13 A V10;43,2982600000;3,4703100000
202200001903;8;10;2022;13:55;1;56;56121;2;1;1;6;2 Rue Georges Gaigneux;47,7492113000; -3,3590094000
202200001904;26;11;2022;05:05;3;78;78029;1;1;1;6;A13Y;48,9679770000;1,8578310000
202200001905;23;3;2022;09:20;1;31;31555;1;1;1;2;VA007493 LES IZARDS A62 Sortie 12;43,6472900000;1,4418000000
202200001906;7;12;2022;18:30;5;44;44109;2;6;1;6;11 Boulevard Nicéphore Niepce;47,2758990000; -1,5126800000
202200001907;10;10;2022;14:35;1;51;51454;1;1;1;7;rue de Nice;49,2597300000;4,0629600000
202200001908;22;3;2022;01:00;3;31;31483;1;1;1;6;ROUTE DE LA SERRE DE CAZAUX;43,1367000000;0,7275600000
202200001909;10;10;2022;05:50;5;51;51454;2;9;1;7;rue de Louvois;49,2299100000;4,0356300000
202200001910;22;3;2022;13:30;1;29;29019;2;3;1;3;Rue Jean Jaurès;48,3983160000; -4,4736190000
202200001911;26;11;2022;05:00;3;93;93063;1;1;1;6;AUTOROUTE A3;48,8776800000;2,4454700000
202200001912;26;9;2022;20:00;5;69;69256;2;1;2;2;Avenue de Böhlen;45,7650131499;4,9216550589
202200001913;10;10;2022;09:10;1;47;47001;2;4;1;3;LECLERC (AV. DU GENERAL);44,1907800000;0,6167300000
202200001914;22;3;2022;07:45;1;29;29019;2;6;1;4;Avenue Maréchal Foch;48,3970190766; -4,4888888597
202200001915;26;11;2022;01:20;3;95;95582;1;1;1;5;A15;48,9644078548;2,2619996143
202200001916;10;10;2022;08:50;1;37;37214;2;1;1;3;PERIGOURD (RUE DE);47,4175073444;0,6564331055
202200001917;23;3;2022;09:05;1;17;17300;2;1;1;1;ROSES   RUE DES;46,1673700000; -1,1320300000
202200001918;25;9;2022;12:45;1;69;69275;1;1;1;3;Rue Michel Servet;45,7565400000;4,9711200000
202200001919;10;10;2022;14:25;1;35;35238;2;1;2;6;SAINT-JEAN BAPTISTE DE LA SALLE;48,1161514614; -1,7077651620
202200001920;25;11;2022;17:50;2;77;77121;1;1;1;2;A4;48,8315830000;2,6795430000
202200001921;10;10;2022;09:15;1;31;31555;1;9;1;2;A64 - BORDELONGUE;43,5564000000;1,4116800000
202200001922;21;9;2022;06:15;5;69;69256;2;1;1;5;Avenue du 8 Mai 1945;45,7878900000;4,9143700000
202200001923;22;3;2022;15:46;1;14;14731;1;3;1;3;D27;49,3119637788;0,0460213423
202200001924;25;11;2022;17:30;5;94;94065;1;1;1;3;N186;48,7538424491;2,3542632476
202200001925;9;9;2022;17:50;1;30;30189;2;3;1;3;Rue Colbert;43,8376500000;4,3653400000
202200001926;23;3;2022;10:00;1;14;14118;2;6;1;3;D401;49,2112450000; -0,3632090000
202200001927;16;9;2022;03:00;5;69;69264;2;1;1;6;Rue de Thizy;45,9878800000;4,7116500000
202200001928;10;10;2022;16:55;1;27;27299;1;1;1;7;RN 154;49,0454259279;1,1822104453
202200001929;10;10;2022;16:25;1;27;27229;2;1;1;7;GAY LUSSAC (RUE);49,0265700000;1,1848700000
202200001930;24;11;2022;08:30;1;69;69264;2;2;1;6;Boulevard Louis Blanc;45,9893000000;4,7216200000
202200001931;23;3;2022;08:45;1;14;14383;1;1;1;4;N814;49,1422300000; -0,4018300000
202200001932;21;11;2022;07:00;5;18;18033;2;3;1;7;1 Rue Théophile Lamy;47,0769500000;2,3900300000
202200001933;23;3;2022;07:30;1;14;14118;2;1;1;3;Boulevard Yves Guillou;49,1750600000; -0,3706600000
202200001934;18;11;2022;19:00;5;57;57631;2;1;2;6;MONTAGNE (RUE DE LA);49,1101700000;7,0654600000
202200001935;8;10;2022;17:30;1;14;14172;1;1;1;6;D514;49,3409230000; -0,7414910000
202200001936;22;3;2022;15:40;1;13;13056;1;1;1;3;PONTEAU ROUTE DE;43,3695900000;5,0603200000
202200001937;8;10;2022;16:20;1;19;19031;2;3;1;3;ALVITRE (AVENUE ABBE);45,1520684158;1,5037502646
202200001938;23;3;2022;22:00;5;13;13201;2;1;1;3;LÉON GAMBETTA (ALLEE);43,2991300000;5,3822100000
202200001939;4;12;2022;02:47;5;75;75109;2;3;1;6;BOULEVARD DE ROCHECHOUART;48,8820130000;2,3404060000
202200001940;23;11;2022;16:20;1;974;97416;1;1;1;2;RN02; -21,3414000000;55,4942600000
202200001941;23;3;2022;18:20;1;13;13212;2;1;1;3;24 AVRIL 15 (AVENUE DU);43,3080377917;5,4342129993
202200001942;5;10;2022;07:30;2;19;19031;2;3;1;3;ALSACE LORRAINE (AVENUE) A PARTIR DE N°;45,1519000000;1,5412600000
202200001943;22;3;2022;11:30;1;44;44109;2;4;1;3;20 Rue des Rochettes;47,2251030000; -1,5376980000
202200001944;23;3;2022;19:25;5;13;13028;2;6;1;3;SERPOLET (AVENUE DU);43,2000000000;5,5900000000
202200001945;24;11;2022;06:45;1;974;97416;2;3;7;3;ANCIENNE RN 1; -21,3270400000;55,4502600000
202200001946;10;10;2022;22:23;5;17;17300;2;6;2;6;JOFFRE   BOULEVARD (79 et 18);46,1520000000; -1,1480000000
202200001947;23;3;2022;09:40;1;13;13005;2;1;1;1;FOCH (COURS MARECHAL);43,2937722886;5,5672381322
202200001948;23;11;2022;08:55;1;974;97411;2;1;1;6;LITTORAL (ROUTE 1 DU); -20,8765300000;55,4416100000
202200001949;23;3;2022;05:15;3;13;13004;1;1;1;3;RTE N113 MARSEILLE A BORBEAUX;43,6619000000;4,6395000000
202200001950;29;10;2022;18:47;2;74;74010;2;3;1;5;ILES (AVENUE DES)(SECTEUR 410);45,9113700000;6,1145000000
202200001951;24;11;2022;15:45;1;69;69387;2;2;1;3;Avenue Debourg;45,7314600000;4,8299300000
202200001952;8;10;2022;17:50;2;13;13071;2;1;1;2;MITTERRAND (AVENUE FRANCOIS);43,3814800000;5,3467500000
202200001953;3;6;2022;18:20;1;41;41161;1;2;1;3;D105;47,4995210000;1,9895880000
202200001954;23;3;2022;07:38;1;06;06027;2;9;1;3;NICE AVENUE DE (RN7);43,6591770000;7,1631790000
202200001955;28;10;2022;14:00;1;74;74305;2;3;1;3;DEUX MONTAGNES AU QUEBEC (RUE);46,2070000000;6,2794900000
202200001956;10;10;2022;09:20;1;13;13203;2;1;1;6;STRASBOURG (BOULEVARD);43,3082640166;5,3770564414
202200001957;23;11;2022;19:30;2;972;97209;1;1;1;2;Bretelle sortie A1;14,6144200000; -61,0507000000
202200001958;23;3;2022;09:10;1;75;75113;2;1;1;3;BD PERIPHERIQUE INTERIEUR;48,8164670000;2,3445500000
202200001959;23;5;2022;16:50;1;41;41237;1;1;1;3;RD 675 sassay;47,3860560000;1,4078000000
202200001960;23;11;2022;14:00;1;972;97213;1;1;1;6;ROUTE DEPARTEMENTALE 3;14,6411700000; -60,9913200000