Num_Acc;jour;mois;an;hrmn;lum;dep;com;agg;int;atm;col;adr;lat;long
202200001961;27;10;2022;13:10;1;74;74012;2;1;1;3;FLORISSANT (AVENUE);46,1971800000;6,2401900000
202200001962;10;10;2022;19:30;5;13;13001;2;6;1;3;PAGNOL MARCEL (AV);43,5248462302;5,4237250039
202200001963;5;6;2022;21:00;2;68;68362;1;1;2;1;D473;47,5546780000;7,4654570000
202200001964;26;10;2022;00:10;5;74;74012;2;1;1;6;GENEVE (RUE DE);46,1929100000;6,2284900000
202200001965;22;3;2022;16:35;1;75;75116;2;4;1;4;BD PERIPHERQUE EXTERIEUR;48,8658880000;2,2681590000
202200001966;7;10;2022;14:50;1;11;11262;1;1;1;3;;43,1927000000;3,0301000000
202200001967;24;11;2022;18:05;5;972;97209;1;1;1;2;RD 41 (ROCADE);14,6146600000; -61,0485900000
202200001968;2;6;2022;14:55;1;68;68090;1;1;2;7;RD432;47,4890880000;7,3166690000
202200001969;21;3;2022;09:50;1;75;75113;2;1;1;3;BD PERIPHERIQUE EXTERIEUR;48,8162240000;2,3639410000
202200001970;25;10;2022;19:47;5;74;74012;2;1;1;6;FAUCIGNY (RUE DU);46,1942000000;6,2394200000
202200001971;7;10;2022;17:10;1;02;02691;2;1;1;6;26 Rue Georges Pompidou;49,8536900000;3,2870200000
202200001972;25;11;2022;01:00;5;69;69382;2;2;1;6;Quai Jules Courmont;45,7601200000;4,8379600000
202200001973;6;6;2022;16:15;1;68;68152;2;1;1;1;84 Route de Mulhouse;47,6815370000;7,2718120000
202200001974;23;3;2022;16:38;1;75;75120;2;2;1;6;RUE DE BELLEVILLE;48,8724150000;2,3781240000
202200001975;24;11;2022;20:30;5;69;69385;2;1;1;3;Quai Romain Rolland;45,7645998655;4,8290920257
202200001976;19;10;2022;14:30;1;75;75112;2;1;1;4;PORTE DE CHARENTON;48,8330990000;2,4071660000
202200001977;3;6;2022;15:57;1;22;22203;1;1;1;1;la ville deuseux;48,3258800000; -2,8285670000
202200001978;24;10;2022;07:40;2;74;74010;2;6;2;3;JEAN JAURES;45,9055900000;6,1260500000
202200001979;23;3;2022;19:15;2;75;75105;2;3;1;6;QUAI SAINT BERNARD;48,8468560000;2,3609610000
202200001980;3;6;2022;17:30;1;39;39040;1;1;7;7;;46,8190190000;5,7156800000
202200001981;19;10;2022;08:00;1;75;75113;2;1;1;4;QUAI D IVRY;48,8257910000;2,3865890000
202200001982;24;11;2022;17:45;5;69;69384;2;1;1;3;34 Boulevard de la Croix-Rousse;45,7729621773;4,8210740089
202200001983;13;10;2022;05:15;5;74;74010;2;1;1;1;CITEE;45,8909000000;6,1219000000
202200001984;29;5;2022;15:35;1;39;39436;1;1;1;7;;46,8627070000;5,8996050000
202200001985;23;3;2022;13:30;1;75;75119;2;2;1;6;RUE PETITOT;48,8763570000;2,3931300000
202200001986;19;10;2022;15:20;1;75;75120;2;5;1;6;AVENUE GAMBETTA;48,8683080000;2,4014220000
202200001987;4;6;2022;17:17;1;25;25029;1;1;1;7;D67;47,0253270000;6,3048600000
202200001988;24;11;2022;08:05;1;2B;2B033;1;1;1;2;11 - RT;42,6869400000;9,4463600000
202200001989;23;3;2022;06:30;1;75;75119;2;2;1;2;AVENUE DE LA PORTE DES LILAS;48,8772100000;2,4069130000
202200001990;9;10;2022;20:20;3;74;74010;1;1;2;5;OUEST (BOULEVARD);45,9009900000;6,1085700000
202200001991;5;6;2022;21:00;1;25;25262;1;1;1;6;D242;47,1312650000;6,5846940000
202200001992;19;10;2022;14:30;1;75;75119;2;3;1;3;RUE MANIN;48,8817110000;2,3810820000
202200001993;24;11;2022;18:35;1;971;97105;2;1;1;6;BOLOGNE (ROUTE DE);16,0053000000; -61,7393500000
202200001994;23;3;2022;14:30;1;75;75112;2;1;1;2;ROUTE DE CEINTURE DU LAC DAUMESNIL;48,8301330000;2,4183730000
202200001995;5;6;2022;02:10;3;25;25151;1;1;3;7;D50;47,1628310000;6,3777030000
202200001996;19;10;2022;14:10;1;75;75119;2;1;1;6;RUE LOUISE THULIEZ;48,8775580000;2,3946130000
202200001997;17;1;2022;19:40;5;59;59606;2;1;1;2;31 avenue Faidherbe;50,3541620000;3,5089930000
202200001998;24;11;2022;09:00;1;2A;2A004;2;1;1;3;CAMPI LOUIS BD;41,9422233369;8,7502343059
202200001999;3;6;2022;10:00;1;25;25375;1;1;1;6;Rue Granges du Liege;47,1744360000;6,0720920000
202200002000;23;3;2022;11:10;1;75;75108;2;1;1;3;RUE LA BOETIE;48,8708490000;2,3060120000
202200002001;25;11;2022;21:17;3;974;97407;2;1;1;6;ROUTE DU SACRE COEUR; -20,9589200000;55,3200000000
202200002002;19;10;2022;10:20;1;75;75119;2;2;1;3;BOULEVARD DE LA VILLETTE;48,8843000000;2,3675670000
202200002003;4;6;2022;18:35;1;44;44156;1;1;1;7;2 grissauland;46,9478800000; -1,5928100000
202200002004;23;3;2022;00:30;5;75;75108;2;5;1;7;BOULEVARD HAUSSMANN;48,8748110000;2,3059810000
202200002005;19;10;2022;21:35;5;75;75115;2;2;1;1;RUE DE VAUGIRARD;48,8444270000;2,3177010000
202200002006;5;6;2022;02:54;3;44;44128;2;3;1;6;15 Rue du Pont de Saint-Clair;47,5301690000; -1,9495800000
202200002007;29;8;2022;15:03;1;69;69266;2;2;1;3;Route de Genas;45,7537400000;4,8955600000
202200002008;22;3;2022;22:55;5;75;75108;2;4;1;7;AVENUE DE FRIEDLAND;48,8747832406;2,3050039262
202200002009;24;11;2022;18:30;5;91;91339;2;3;1;1;RTE DE LEUVILLE;48,6264100000;2,2644800000
202200002010;19;10;2022;07:56;2;75;75114;2;3;1;6;BOULEVARD BRUNE;48,8245350000;2,3192460000
202200002011;3;6;2022;19:30;1;44;44036;2;1;1;3;21 Rue Alsace Lorraine;47,7163810000; -1,3813220000
202200002012;23;3;2022;18:50;1;75;75107;2;5;1;2;RUE SAINT DOMINIQUE;48,8576660000;2,3002450000
202200002013;24;11;2022;18:21;5;32;32013;2;1;2;1;DARWIN;43,6311700000;0,5879700000
202200002014;23;11;2022;16:08;1;87;87114;2;3;2;3;CROIX-FINOR (AVENUE);45,8346900000;1,3111300000
202200002015;19;10;2022;12:20;1;75;75113;2;2;1;2;BOULEVARD AUGUSTE BLANQUI;48,8303420000;2,3458910000
202200002016;3;6;2022;18:30;1;29;29218;1;3;1;3;D43 - D765;48,0406172500; -4,5252715940
202200002017;23;3;2022;03:20;5;75;75107;2;3;1;6;QUAI VOLTAIRE;48,8595620000;2,3293030000
202200002018;2;10;2022;21:10;5;13;13056;2;1;1;3;MISTRAL AVENUE FREDERIC;43,4019200000;5,0586700000
202200002019;19;10;2022;17:50;1;75;75112;2;7;1;1;PLACE DE LA BASTILLE;48,8521350000;2,3696080000
202200002020;22;3;2022;17:55;1;75;75107;2;4;1;3;QUAI ANATOLE FRANCE;48,8623050000;2,3197930000
202200002021;4;6;2022;21:57;3;02;02302;1;1;2;6;;49,2239070000;3,2001170000
202200002022;2;3;2022;19:05;3;92;92072;1;1;1;7;N118;48,8256717265;2,2217026207
202200002023;19;10;2022;17:15;1;75;75112;2;7;1;6;PLACE DE LA BASTILLE;48,8533280000;2,3697580000
202200002024;23;11;2022;18:30;3;83;83069;1;1;1;3;TOULON (VIEUX CHEMIN DE);43,1235000000;6,0968000000
202200002025;24;7;2022;20:20;2;11;11068;2;8;1;6;;43,1825630000;2,5582270000
202200002026;23;3;2022;13:05;1;75;75104;2;3;1;6;RUE DES ROSIERS;48,8569560000;2,3598470000
202200002027;19;10;2022;19:30;2;75;75111;2;3;1;6;RUE DE CHARONNE;48,8555730000;2,3901220000
202200002028;1;6;2022;21:15;2;02;02822;1;3;1;3;;49,3075430000;3,1034070000
202200002029;24;11;2022;15:51;1;78;78609;1;4;1;3;CD 28;49,0158590000;1,9104080000
202200002030;28;12;2022;19:35;5;971;97107;1;1;1;3;Rue de Chateau Neuf - Bélair;16,0854440000; -61,5774680000
202200002031;2;6;2022;20:50;1;02;02140;2;1;1;6;11 Route de Noyon;49,5260570000;3,1324380000
202200002032;19;10;2022;15:15;1;75;75111;2;6;1;6;PLACE LEON BLUM;48,8584200000;2,3800180000
202200002033;24;11;2022;07:10;3;78;78172;1;9;1;2;RN 184;48,9917730000;2,0812710000
202200002034;3;6;2022;20:30;2;02;02237;1;9;1;6;D967;49,6832350000;3,6175490000
202200002035;24;9;2022;00:04;5;74;74010;2;1;1;2;ROND POINT (DU);45,8977700000;6,1108100000
202200002036;19;10;2022;07:50;1;75;75111;2;1;8;3;BOULEVARD VOLTAIRE;48,8569000000;2,3816180000
202200002037;3;6;2022;17:45;1;03;03143;1;1;1;6;D2144;46,6497450000;2,5883420000
202200002038;29;7;2022;23:55;4;74;74281;1;1;1;1;RD 1005;46,3799800000;6,5071700000
202200002039;19;10;2022;19:30;2;75;75116;2;2;1;2;AVENUE MOZART;48,8546870000;2,2693600000
202200002040;3;6;2022;23:40;3;01;01252;1;1;3;7;La grenardière;46,1593900000;4,8175470000
202200002041;13;4;2022;19:00;2;73;73065;2;2;1;3;D991;45,5976120000;5,9164540000
202200002042;18;10;2022;23:30;5;75;75108;2;4;1;3;RUE DU FAUBOURG SAINT HONORE;48,8722430000;2,3124450000
202200002043;22;3;2022;19:40;5;75;75103;2;4;1;7;RUE REAUMUR;48,8654587712;2,3561181128
202200002044;24;11;2022;11:05;1;77;77018;2;1;1;3;BD DES ECOLES;48,8477600000;2,8162800000
202200002045;3;6;2022;16:00;1;01;01034;2;1;1;6;7 Boulevard du Mail;45,7608640000;5,6878070000
202200002046;18;10;2022;09:48;1;75;75108;2;7;1;2;RUE DES SAUSSAIES;48,8710640000;2,3164900000
202200002047;24;11;2022;08:20;2;77;77243;2;3;8;6;MACHERET  (RUE   );48,8738940000;2,7043100000
202200002048;6;6;2022;18:20;1;01;01266;1;1;1;6;Avenue de Macon;46,3325880000;5,1130090000
202200002049;19;10;2022;16:15;1;75;75107;2;2;1;3;QUAI D ORSAY;48,8628260000;2,3134680000
202200002050;22;3;2022;19:00;5;75;75102;2;7;1;2;AVENUE DE L OPERA;48,8702740000;2,3325210000
202200002051;24;11;2022;12:50;1;77;77186;2;1;1;3;D210;48,4129700000;2,7115000000
202200002052;20;12;2022;19:15;3;33;33015;1;1;2;6;212 Tertre du Lait;44,8895940000; -0,2798510000
202200002053;23;3;2022;18:40;2;94;94038;2;1;1;6;Rue Paul Hochart;48,7757800000;2,3571400000
202200002054;19;10;2022;18:05;1;75;75103;2;2;1;6;RUE DE TURBIGO;48,8668430000;2,3619150000
202200002055;24;11;2022;07:50;1;76;76322;2;6;1;1;Avenue Gal Leclerc;49,4209507954;1,0513132811
202200002056;23;3;2022;08:57;1;94;94021;2;1;1;6;134 Av du Pdt F Roosevelt;48,7697100000;2,3653100000
202200002057;5;6;2022;23:30;3;70;70263;1;2;1;5;N57;47,7236100000;6,3072410000
202200002058;19;10;2022;17:15;1;94;94041;2;1;1;6;Rue Gagnée;48,8026000000;2,3814400000
202200002059;20;9;2022;13:40;1;25;25388;2;1;1;2;LUDWIGSBURG (AVENUE DE);47,5049500000;6,8112100000
202200002060;19;10;2022;09:15;1;94;94033;2;1;1;7;Avenue Rabelais;48,8520140000;2,4766390000
202200002061;23;3;2022;17:43;1;94;94001;2;7;7;6;Place de la Victoire / Rue du Bac;48,7245527749;2,4187350448
202200002062;26;10;2022;05:40;5;73;73011;2;1;1;6;CHAMP DE MARS (AVENUE DU);45,6648200000;6,3869800000
202200002063;19;10;2022;11:00;1;94;94022;2;1;1;6;Avenue Jean Jaures;48,7652110000;2,4080300000
202200002064;5;6;2022;11:35;1;70;70482;2;1;1;1;Route de Saint Albin;47,6639130000;5,9635480000
202200002065;24;11;2022;20:10;5;69;69266;2;2;1;3;Cours Emile Zola;45,7655200000;4,9010900000
202200002066;23;3;2022;08:46;1;93;93050;2;1;1;4;Avenue du Général de Gaulle;48,8579600000;2,5335900000
202200002067;19;10;2022;08:45;1;94;94069;2;1;1;6;5bis Quai de la République;48,8178110000;2,4213760000
202200002068;3;6;2022;17:25;1;58;58074;2;1;1;1;rd 985;46,8484316858;3,9324346419
202200002069;15;10;2022;08:00;1;73;73330;1;1;5;1;D1504;45,6968069903;5,7999704604
202200002070;19;10;2022;18:15;2;93;93078;2;1;1;3;Boulevard Robert Ballanger;48,9570600000;2,5436800000
202200002071;4;6;2022;17:30;1;54;54072;1;2;1;1;D40;48,8492415666;6,0949230196
202200002072;24;11;2022;19:02;3;69;69264;1;1;1;1;Avenue de l’Europe;45,9983400000;4,7369600000
202200002073;18;10;2022;19:35;5;93;93078;2;9;1;6;Boulevard Robert Ballanger;48,9563576884;2,5415137601
202200002074;22;3;2022;14:30;1;94;94069;2;1;1;2;4 Quai de la République;48,8177800000;2,4207600000
202200002075;2;10;2022;07:30;2;59;59527;2;2;2;6;111;50,6620420000;3,0500260000
202200002076;23;3;2022;14:05;1;93;93071;2;1;1;3;WESTINGHOUSE (BOULEVARD);48,9270691351;2,5199466927
202200002077;19;10;2022;21:05;5;93;93055;2;3;1;1;Rue Jules Auffret / Rue Rouget de Lisle;48,8898189215;2,4100582144
202200002078;24;11;2022;18:20;3;69;69029;2;1;1;1;Avenue Louis Mouillard;45,7258143125;4,9359208346
202200002079;23;5;2022;07:30;2;69;69091;1;1;1;2;Autoroute 47;45,5751744940;4,7185313702
202200002080;5;6;2022;18:10;1;72;72300;2;1;1;1;Rue du Mans;48,0286836264;0,3689467905
202200002081;19;10;2022;11:50;1;93;93055;2;1;7;3;Avenue Jean Lolive;48,8921339498;2,4075249493
202200002082;24;11;2022;12:10;1;69;69259;2;1;1;6;Boulevard Ambroise Croizat;45,7000672189;4,8875498775
202200002083;23;3;2022;18:00;1;93;93039;2;1;1;6;CITE MARCEL PAUL;48,9198883109;2,3270944508
202200002084;4;6;2022;02:20;3;05;05011;1;1;1;6;Route d Avançon;44,5233553933;6,1870193481
202200002085;12;12;2022;14:41;1;13;13077;2;1;8;1;MILLE CLEMENT (avenue);43,4123000000;4,9963400000
202200002086;3;6;2022;16:50;1;05;05011;1;1;1;7;D942;44,5472980000;6,1996360000
202200002087;19;10;2022;20:30;5;93;93005;2;6;1;1;Route des Petits Ponts / Rue Julien Mira;48,9319153848;2,4906534885
202200002088;22;3;2022;22:50;5;93;93077;2;3;1;3;ROSNY (AVENUE DE);48,8848100000;2,5064600000
202200002089;24;11;2022;19:39;5;69;69091;2;6;1;3;Place Pasteur;45,5855200000;4,7690400000
202200002090;22;9;2022;18:30;1;84;84007;2;2;1;1;C.De GAULLE (Rocade);43,9341400000;4,8315300000
202200002091;21;3;2022;18:21;1;93;93053;2;1;1;6;PARIS (RUE DE);48,9020790000;2,4613400000
202200002092;4;6;2022;12:20;1;50;50523;2;1;1;3;Sainte-Mère-Église;49,4083970000; -1,3124590000
202200002093;19;10;2022;18:00;2;93;93001;2;3;1;3;Avenue de la République / Rue du Docteur Pesque;48,9131460884;2,3829018204
202200002094;4;6;2022;20:20;1;50;50402;1;1;1;6;La Belle Etoile;49,5121490000; -1,7828270000
202200002095;24;11;2022;12:05;1;67;67218;2;1;8;6;FRANÇOIS MITTERRAND (ALLEE);48,5263900000;7,7073600000
202200002096;18;10;2022;19:40;5;93;93001;2;2;1;6;Rue Henri Barbusse / Rue Paul Bert;48,9087799348;2,3905567549
202200002097;22;3;2022;23:00;5;93;93050;2;3;1;2;Rue Paul et Camille Thomoux / Avenue Robert Schumann;48,8733400000;2,5296300000
202200002098;20;11;2022;06:40;2;62;62107;1;1;5;2;N47;50,4842300000;2,8360500000
202200002099;10;4;2022;07:45;2;60;60584;2;1;1;6;Rue de la Libération;49,2159050000;2,4184460000
202200002100;17;10;2022;10:30;1;92;92064;2;1;1;7;ALEXANDRE COUTUREAU;48,8462950000;2,2152380000
202200002101;23;11;2022;17:20;5;67;67218;1;6;2;6;ALFRED KASTLER (ROUTE);48,5273100000;7,7350000000
202200002102;5;6;2022;10:20;1;64;64316;1;1;1;7;D26;43,0189410000; -0,9327650000
202200002103;22;3;2022;23:55;5;93;93031;2;5;1;3;Avenue du 18 Juin 1940 / Avenue Salvador Allende;48,9547300000;2,3079500000
202200002104;19;10;2022;08:08;1;92;92063;2;3;1;3;DIX-HUIT JUIN 1940 (AVENUE DU) EST;48,8673000000;2,1981500000
202200002105;17;12;2022;10:35;1;40;40192;2;1;1;3;CLEMENCEAU (AV GEORGES);43,8867700000; -0,4978900000
202200002106;27;5;2022;12:00;1;64;64316;1;1;1;7;D26;43,0176470000; -0,9592550000
202200002107;23;3;2022;22:30;5;93;93029;2;1;1;3;Avenue Jean Jaurès;48,9127714104;2,4633981586
202200002108;22;11;2022;17:50;2;67;67482;2;1;1;2;FABRIQUE (RUE DE LA);48,6102500000;7,7771800000
202200002109;2;6;2022;16:40;1;64;64037;1;1;1;2;D2;43,3471950000; -0,5198170000
202200002110;19;10;2022;15:10;1;92;92050;2;7;1;3;PLAINCHAMP J.BAPTISTE PLACE;48,8913582798;2,2002992034
202200002111;26;12;2022;17:30;2;35;35288;2;6;1;6;LAUNAY BRETON (AVENUE);48,6261600000; -1,9938900000
202200002112;24;11;2022;12:30;1;64;64102;2;6;1;3;Rond Point de la Faiencerie;43,4937500000; -1,4914600000
202200002113;19;10;2022;05:50;5;92;92046;2;1;5;2;BROSSOLETTE AVENUE PIERRE;48,8140626725;2,3029623627
202200002114;2;6;2022;15:35;1;73;73067;1;1;1;1;D1006;45,3674940000;6,2882290000
202200002115;22;12;2022;18:10;3;01;01159;1;1;3;2;Autoroute A40;46,3363730000;4,8643790000
202200002116;23;3;2022;16:30;1;93;93001;2;3;1;3;Rue du Moutier / Rue de la Courneuve;48,9146700000;2,3835500000
202200002117;4;6;2022;11:15;1;18;18023;1;1;1;6;;47,0605450000;2,7225660000
202200002118;23;11;2022;14:10;1;63;63103;1;1;8;7;RD 227;45,9250000000;3,0395000000
202200002119;19;10;2022;07:25;5;92;92044;2;2;1;6;LEVALLOIS( PONT DE);48,8991482105;2,2786100507
202200002120;22;3;2022;10:40;1;93;93047;2;1;1;6;13 Place Jean Mermoz;48,9036600000;2,5708600000
202200002121;6;6;2022;02:00;3;36;36154;2;1;1;6;Rue du chemin vert;46,5765920000;1,5393950000
202200002122;27;11;2022;21:40;3;74;74183;2;1;8;3;3395 Route de sommand;46,1475570000;6,5147410000
202200002123;19;10;2022;00:44;5;92;92040;2;1;1;6;GENERAL DE GAULLE (AVE DU) 32 A 62;48,8205800000;2,2802800000
202200002124;9;11;2022;09:00;3;62;62626;1;1;1;7;D166;50,4888020000;2,7244400000
202200002125;23;3;2022;21:30;3;93;93005;2;1;1;6;ABRAHAM DUQUESNE (RUE);48,9547261800;2,5024460491
202200002126;5;6;2022;18:20;1;36;36154;2;1;8;6;Avenue du Vivier;46,5754340000;1,5331290000
202200002127;18;10;2022;19:25;1;92;92036;2;1;1;6;GABRIEL PERI (AVENUE) (60/134);48,9200573657;2,2952290177
202200002128;27;11;2022;13:10;1;74;74236;1;1;1;7;Route de bionnassay;45,8758030000;6,7619350000
202200002129;24;11;2022;19:50;5;59;59512;2;1;1;6;DELESPAUL (RUE);50,7040400000;3,1856500000
202200002130;22;3;2022;10:10;1;92;92051;2;4;1;3;DAMES AUGUSTINES (RUE DES);48,8865832261;2,2830858529
202200002131;3;6;2022;10:56;1;16;16076;1;1;2;7;D740;45,9869430000;0,3844360000
202200002132;19;10;2022;12:55;1;92;92026;2;2;1;6;HÉROLD ( RUE );48,8968610000;2,2554560000
202200002133;24;11;2022;23:55;5;59;59378;2;1;2;6;COUTURE RUE DE LA;50,6533220247;3,1156057119
202200002134;23;3;2022;04:20;5;92;92036;2;6;1;3;CHAMPS FOURGONS (RUE DES) (1);48,9417397720;2,2953439504
202200002135;26;11;2022;14:00;1;74;74137;1;4;1;1;D1203;46,0019740000;6,1835590000
202200002136;19;10;2022;07:40;2;92;92026;2;1;1;6;MISSION MARCHAND (COTE IMPAIR);48,8987630000;2,2400780000
202200002137;2;6;2022;23:18;3;16;16234;1;1;1;1;N141;45,6724610000; -0,0136900000
202200002138;23;11;2022;17:15;5;59;59350;2;1;2;6;VAUBAN BOULEVARD N°2-18-1-39;50,6373000000;3,0515000000
202200002139;26;11;2022;01:33;3;74;74133;1;1;8;6;ZONE (ROUTE DE);46,1767900000;6,2137000000
202200002140;6;6;2022;15:30;1;07;07338;1;1;1;6;Les Bernards;44,9072820000;4,6915380000
202200002141;19;10;2022;14:54;1;76;76258;1;3;1;2;D926;49,6467570000;0,6121870000
202200002142;22;3;2022;17:30;1;92;92036;2;3;1;3;CHAMPS FOURGONS (RUE DES) (1);48,9426300000;2,3029800000
202200002143;25;11;2022;18:00;3;74;74282;1;1;2;6;d205;46,0424530000;6,2232180000
202200002144;4;6;2022;02:27;3;07;07294;2;1;1;6;D901;44,2947090000;4,2601200000
202200002145;24;11;2022;16:05;1;59;59507;2;2;1;6;JAURES JEAN AVENUE.;50,6015900000;3,0793800000
202200002146;25;11;2022;06:00;5;74;74012;2;2;1;3;AMOUREUX (RUE DES);46,1904000000;6,2344000000
202200002147;22;3;2022;22:35;5;92;92024;2;2;1;3;VICTOR MERIC (RUE);48,9011583608;2,3052752316
202200002148;4;6;2022;07:40;1;21;21115;1;1;1;7;D971;47,8286000000;4,5679000000
202200002149;23;11;2022;07:45;2;74;74081;2;1;1;6;Avenue du docteur jacques arnaud;46,0645630000;6,5721060000
202200002150;21;3;2022;22:40;5;92;92024;2;1;1;3;GENERAL LECLERC (BD DU) (9 A 59)   (4 A;48,9002038117;2,3174665421
202200002151;24;11;2022;12:50;1;59;59328;2;3;1;6;avenue du colysée;50,6358600000;3,0277000000
202200002152;5;6;2022;17:30;1;40;40273;2;1;1;7;2942 Route Océane;43,5496940000; -1,3999490000
202200002153;18;11;2022;23:00;5;74;74010;2;1;1;7;140 Avenue d'aix-les-bains;45,8851850000;6,1004030000
202200002154;22;3;2022;14:58;1;92;92004;2;1;1;6;MOURINOUX ( RUE DES );48,9305228474;2,2752645314
202200002155;24;5;2022;06:30;2;24;24090;1;1;1;7;La Veyssiere;45,3031160000;0,4085970000
202200002156;18;11;2022;22:20;3;74;74242;1;1;8;7;Route du col de leschaux;45,8230310000;6,1366740000
202200002157;24;11;2022;08:30;1;59;59350;2;3;1;3;JACQUET EUGENE RUE N°PAIRS;50,6378000000;3,0809800000
202200002158;19;10;2022;17:44;1;47;47040;1;1;1;3;42 Avenue des Landes;44,1934510000;0,5798560000
202200002159;23;3;2022;13:05;1;35;35250;1;3;1;3;La Chesnais;48,0185395703; -1,5769886971
202200002160;18;11;2022;13:30;1;74;74012;2;1;1;3;BRIAND (RUE ARISITIDE);46,1919400000;6,2392100000
202200002161;27;5;2022;13:40;1;04;04209;1;4;1;1;RD 946 / RD 53;44,1716820000;5,9185030000
202200002162;22;11;2022;18:26;5;57;57672;2;1;2;6;MARCHAL (QUAI);49,3588300000;6,1701300000
202200002163;18;11;2022;12:25;1;74;74012;2;1;1;3;BARON DE LOE (RUE DU);46,1931900000;6,2285300000
202200002164;4;6;2022;10:30;1;04;04007;1;1;1;1;RN 202;43,9362720000;6,5310980000
202200002165;23;3;2022;18:30;1;37;37123;2;3;1;3;Avenue de Clémortier;47,3347780000;0,4127490000
202200002166;18;10;2022;11:00;1;11;11041;1;1;2;5;;43,2910920000;2,8663050000
202200002167;17;11;2022;20:55;5;74;74264;2;1;2;6;10 Rue du collège;46,0649760000;6,5451530000
202200002168;23;11;2022;17:51;5;57;57630;2;1;2;6;GAULLE (AV GAL DE);48,7280000000;7,0490000000
202200002169;4;6;2022;18:45;1;04;04084;1;1;1;7;RD 907;43,9322700000;6,1544900000
202200002170;24;3;2022;19:45;3;01;01105;1;1;1;1;RD4;45,9362740000;4,8751830000
202200002171;20;10;2022;08:25;1;01;01353;2;1;2;6;200bis Rue de la Mairie;45,9725260000;4,7968550000
202200002172;6;6;2022;09:40;1;04;04127;1;1;1;6;RD 801;44,0712070000;5,9449770000
202200002173;15;11;2022;07:20;1;74;74118;2;3;1;1;VERDUN (CHEMIN DE);46,1630500000;6,1839100000
202200002174;23;11;2022;12:42;1;56;56260;2;2;6;1;28 Rue du Capitaine Jude;47,6634300000; -2,7652900000
202200002175;24;3;2022;08:30;2;31;31282;2;1;1;2;Impasse de la Saudrune;43,6744330000;1,4463440000
202200002176;13;11;2022;13:30;1;74;74220;1;1;1;1;Route d'annemasse;46,1494240000;6,2571110000
202200002177;23;11;2022;15:45;2;56;56121;1;1;1;7;30 Rue Émile Zola;47,7565800000; -3,3725400000
202200002178;19;10;2022;13:55;1;01;01419;1;3;1;2;;46,2385630000;6,0038410000
202200002179;4;6;2022;13:30;1;27;27284;2;6;1;5;Avenue Victor Hugo;49,2839210000;1,7687830000
202200002180;23;3;2022;10:45;1;57;57177;2;1;1;6;21 Rue Poincaré;48,8121700000;6,7200390000
202200002181;13;11;2022;11:40;1;74;74280;2;1;1;6;53 Rue des clefs;45,8772410000;6,3242250000
202200002182;6;6;2022;10:35;1;27;27095;1;1;1;7;56 Route des Bruyères;49,2115660000;0,7594060000
202200002183;4;9;2022;04:50;3;17;17407;1;1;1;7;ROUTE NATIONALE 11;46,1995570000; -1,0364910000
202200002184;23;11;2022;17:35;5;54;54395;2;1;1;2;POINCARE (RUE RAYMOND 1-29-2-30);48,6902780489;6,1726158857
202200002185;24;3;2022;19:05;2;81;81219;1;1;1;7;la grange;43,6096300000;2,0151700000
202200002186;8;10;2022;00:15;3;69;69382;2;3;1;6;Rue Grenette;45,7632900000;4,8326400000
202200002187;18;10;2022;07:55;1;62;62045;1;1;1;7;D939;50,3433892314;2,5902375709
202200002188;3;6;2022;17:00;1;17;17446;1;2;1;3;Rue des Sablieres;45,8300180000; -0,3222840000
202200002189;24;11;2022;08:15;2;54;54270;1;1;8;1;D26;49,5116500000;5,8486400000
202200002190;11;10;2022;13:50;1;84;84031;1;1;1;4;D942;44,0598800000;5,0382100000
202200002191;23;11;2022;20:35;5;51;51454;2;1;1;7;rue Jean d'Orbais;49,2481200000;4,0290400000
202200002192;19;10;2022;07:30;2;56;56089;1;3;1;3;Route de Bubry D2;47,9511510000; -3,2269330000
202200002193;24;3;2022;12:45;1;50;50592;1;1;1;2;L Aumone - Pont Farcy;48,9496290000; -1,0060380000
202200002194;4;6;2022;15:15;1;87;87071;1;1;1;5;D704;45,4749690000;1,1743730000
202200002195;19;10;2022;22:15;3;82;82110;1;1;1;6;819 Route d'Albias;44,1367940000;1,4238370000
202200002196;23;11;2022;16:00;1;51;51525;1;1;1;2;N44;48,9166288721;4,4232094288
202200002197;15;5;2022;04:00;3;976;97603;1;1;1;1;Route nationale 3; -12,9005740000;45,1939880000
202200002198;5;6;2022;14:15;1;30;30352;1;1;1;1;Route Departementale 6110;43,8021060000;4,0868710000
202200002199;23;3;2022;17:45;1;51;51030;2;2;1;3;Rue d Avenay;49,0461050000;4,0402190000
202200002200;18;10;2022;17:20;1;81;81220;2;1;1;6;Route Départementale 12;43,8200530000;1,7263980000
202200002201;23;8;2022;16:45;1;89;89451;2;1;1;7;rue des Etangs;48,0937220000;3,5154380000
202200002202;20;11;2022;08:00;1;03;03297;2;9;1;1;rue jean jaures;46,5352940000;2,6141750000
202200002203;19;10;2022;09:00;1;32;32160;1;1;1;3;En Baziège;43,6416110000;1,0550090000
202200002204;6;6;2022;03:00;3;30;30013;1;1;1;6;RD 981;43,9705110000;4,5004460000
202200002205;24;11;2022;09:20;1;49;49007;2;1;1;2;Rue Saumuroise;47,4537400000; -0,5268700000