Num_Acc;jour;mois;an;hrmn;lum;dep;com;agg;int;atm;col;adr;lat;long
202200002698;15;9;2022;19:45;1;94;94068;2;1;1;7;BONNEUIL (QU DE);48,7850100000;2,4973300000
202200002699;16;9;2022;18:50;1;94;94046;2;2;1;3;BELLE IMAGE (R DE LA);48,8100000000;2,4340000000
202200002700;16;9;2022;12:00;1;94;94041;2;1;1;1;RASPAIL (R);48,8120000000;2,3867900000
202200002701;16;9;2022;08:20;1;94;94018;2;1;1;6;Rue Gabrielle;48,8210600000;2,4158400000
202200002702;16;9;2022;14:30;1;93;93053;2;3;1;6;Allée Joséphine / Boulevard de la République;48,8952612161;2,4621596325
202200002703;16;9;2022;17:30;1;93;93048;2;3;8;1;Rue Pepin / Place de l’Eglise;48,8641500000;2,4448600000
202200002704;15;9;2022;18:30;1;93;93029;2;1;1;6;Avenue Jean Jaurès;48,9174638054;2,4560834441
202200002705;17;9;2022;21:20;5;93;93010;2;1;1;3;Avenue Henri Varagnat;48,9151288602;2,4840430755
202200002706;16;9;2022;20:00;5;93;93007;2;3;1;1;ALBERT EINSTEIN (AVENUE);48,9441700254;2,4724173546
202200002707;16;9;2022;13:40;1;92;92046;2;1;1;7;DE STALINGRAD;48,8142900000;2,2788300000
202200002708;16;9;2022;05:00;5;92;92064;2;3;1;6;GENERAL LECLERC;48,8391876020;2,2057473063
202200002709;16;9;2022;21:45;5;92;92050;2;2;1;3;HEBERT CELESTIN RUE;48,8968768532;2,2240231410
202200002710;15;9;2022;18:25;1;92;92025;2;3;1;6;GABRIEL PERI (RUE);48,9131260000;2,2258450000
202200002711;15;9;2022;14:40;1;92;92025;2;1;1;3;HENRI BARBUSSE (AV);48,9186860000;2,2526860000
202200002712;16;9;2022;18:56;2;92;92024;2;2;1;2;VICTOR HUGO (BD);48,8979540000;2,3112750000
202200002713;16;9;2022;18:50;1;92;92024;1;1;1;5;GENNEVILLIERS (PONT DE);48,9125352432;2,3113312572
202200002714;16;9;2022;08:15;1;92;92004;1;1;1;3;DOCTEUR DERVAUX  ( QUAI DU );48,9081984949;2,2926326394
202200002715;17;9;2022;05:30;3;47;47324;1;1;1;6;Route de Castillonnes;44,6347400000;0,7337970000
202200002716;17;9;2022;16:00;1;47;47145;1;1;1;6;D129;44,1322106572;0,6740008711
202200002717;6;7;2022;18:10;1;10;10035;1;1;7;5;Bayel;48,2039688033;4,7579383850
202200002718;16;9;2022;21:40;4;66;66172;1;1;1;6;;42,7044572800;2,8655219078
202200002719;17;9;2022;02:30;3;84;84043;1;1;1;6;Avenue des Valayans;43,9950950000;4,9562420000
202200002720;6;7;2022;00:00;3;07;07096;1;1;1;7;D120;44,8633220000;4,5657740000
202200002721;16;9;2022;14:46;1;84;84069;1;1;1;3;D974;44,1606260000;5,1468800000
202200002722;17;9;2022;09:15;1;77;77128;1;1;1;5;A4 direction province pk 38.800;48,8752300000;2,8736330000
202200002723;5;7;2022;15:00;1;53;53064;1;1;1;7;La Goupillière;48,3560090000; -0,7656320000
202200002724;17;9;2022;10:15;1;71;71444;1;1;8;3;A6;46,7129290000;4,8403570000
202200002725;5;7;2022;21:45;3;53;53225;1;1;1;3;Chemin du Plessis;48,2028960000; -0,8156810000
202200002726;17;9;2022;18:50;1;85;85301;1;1;1;1;VC la Grollerie;46,8251570000; -1,1365490000
202200002727;6;7;2022;18:38;1;04;04018;2;1;1;7;RD 950;44,0436740000;5,6333260000
202200002728;17;9;2022;10:35;1;87;87107;2;3;1;1;Rue de l'Emetteur;45,9292630000;1,1659080000
202200002729;17;9;2022;10:25;1;87;87021;2;8;1;7;Rue de Saint-Paul;45,7783510000;1,2052610000
202200002730;5;7;2022;02:05;5;04;04094;2;1;1;6;RD 8 (av du Verdon);43,7545120000;5,8907750000
202200002731;16;9;2022;22:19;3;37;37104;1;1;1;6;Autoroute A85;47,3139230000;0,7570270000
202200002732;15;9;2022;16:30;1;62;62279;2;1;1;6;Rue du Château;50,3097290000;2,6811980000
202200002733;16;9;2022;21:25;3;66;66189;1;4;6;3;;42,6560230000;2,9259900000
202200002734;17;9;2022;14:42;1;57;57163;2;1;1;6;11 Route du Zollstock;48,6459850000;7,2771660000
202200002735;3;7;2022;19:15;1;85;85232;2;4;1;3;RD 48;46,6907600000; -1,1308360000
202200002736;17;9;2022;06:10;2;62;62440;2;4;9;6;D19;50,1105300000;3,0366790000
202200002737;6;7;2022;07:00;1;08;08090;2;1;7;6;;49,6316500000;5,1680400000
202200002738;6;7;2022;09:55;1;06;06152;1;1;1;1;Route des Dolines;43,6270070000;7,0529760000
202200002739;6;7;2022;08:45;1;72;72096;1;1;1;6;A81 PK185+350;48,0323762274;0,0030434129
202200002740;6;7;2022;07:10;1;76;76484;1;1;1;2;A13;49,3443760000;1,0492590000
202200002741;4;7;2022;16:30;1;77;77185;1;1;1;2;Autoroute A6, point kilométrique 50+250 en direction de Lyon;48,4258330000;2,5402880000
202200002742;2;7;2022;14:47;1;988;98814;1;1;1;7;Lifou; -20,8282300000;167,2341660000
202200002743;30;6;2022;18:00;2;973;97306;1;1;2;2;CD 9 PK 17;5,5984500000; -53,7063870000
202200002744;5;7;2022;19:30;5;973;97311;2;1;1;3;Route Saint Maurice;5,4844645363; -54,0281935036
202200002745;6;7;2022;02:00;3;977;97701;2;1;8;3;St-jean Coupe-gorge;17,9045810000; -62,8320110000
202200002746;5;7;2022;19:10;1;45;45177;2;1;1;6;Rue de la Croix Saint Eutrope;48,1181880480;2,2105184197
202200002747;3;7;2022;01:00;3;78;78601;1;1;1;7;D936;48,6010130000;1,8654760000
202200002748;6;7;2022;15:30;1;34;34157;1;1;1;5;D 51;43,4157330000;3,5457350000
202200002749;6;7;2022;09:30;1;83;83107;2;3;1;3;AVENUE GENERAL DE GAULLE;43,4454140000;6,6375610000
202200002750;4;7;2022;12:10;1;06;06121;2;1;1;3;boulevard du général DE GAULLE;43,6793640000;7,3333790000
202200002751;5;7;2022;18:30;1;13;13064;1;3;1;3;D99;43,7871670000;4,9455210000
202200002752;6;7;2022;06:15;1;13;13100;2;1;1;3;Avenue Vincent Van-Gogh;43,7813660000;4,8317740000
202200002753;6;7;2022;13:15;1;13;13004;1;1;1;1;D36;43,5948220000;4,6494910000
202200002754;6;7;2022;16:00;1;13;13015;1;1;1;1;D6;43,4440000000;5,4376210000
202200002755;5;7;2022;15:15;1;71;71415;1;1;1;7;Bois Gryan;46,2724840000;4,1133610000
202200002756;5;7;2022;13:30;1;71;71512;1;9;1;3;Route de Gigny;46,6469910000;4,8997200000
202200002757;5;7;2022;17:45;1;21;21590;1;1;1;1;Route départementale 2;47,0800520000;4,7825830000
202200002758;5;7;2022;13:45;1;03;03102;1;1;1;6;RD 55 PK 10+500;46,5423330000;3,6980040000
202200002759;5;7;2022;17:15;1;63;63284;2;1;1;3;Avenue du Docteur Besserve;45,7990540000;3,2556410000
202200002760;5;7;2022;18:50;1;73;73329;2;2;1;3;Chemin de Sonnaz;45,6250460000;5,9003020000
202200002761;6;7;2022;07:30;1;26;26149;1;3;1;3;Les Tonets;45,0278900000;5,1968340000
202200002762;5;7;2022;15:45;1;69;69121;2;1;1;3;33 Chemin de Vavre;45,8556470000;4,6926200000
202200002763;5;7;2022;17:30;1;33;33029;2;2;1;3;Avenue du Médoc;44,6076940000; -0,7708450000
202200002764;5;7;2022;11:30;1;50;50041;1;5;1;3;D401E2 Hameau Ribon Jobourg;49,6788440000; -1,9088960000
202200002765;6;7;2022;15:10;1;35;35124;2;3;1;6;Rue Avice Legrain;47,7221560000; -1,7326690000
202200002766;3;7;2022;19:30;1;27;27447;1;1;1;2;D140;48,9372720000;0,9768120000
202200002767;5;7;2022;20:27;1;60;60007;2;1;7;2;Rue Van Lancker;49,3866890000;2,3841190000
202200002768;5;7;2022;21:45;2;60;60309;1;1;1;1;CD 105;49,2066020000;2,0628210000
202200002769;5;7;2022;17:00;1;60;60322;2;3;1;7;rue d'Hardencourt;49,2977450000;1,8716240000
202200002770;5;7;2022;12:00;1;62;62604;2;7;7;6;19 Avenue du Marechal Biez;50,6354480000;1,5796390000
202200002771;5;7;2022;21:30;1;59;59269;2;1;1;6;Rue de l Ouest;50,0588730000;3,1227140000
202200002772;6;7;2022;21:00;1;59;59106;2;6;1;3;Rue Felix Dehau;50,5768260000;3,1941410000
202200002773;5;7;2022;20:26;1;13;13005;1;1;1;2;A52 sens Aubagne- Marseille;43,2777000000;5,5864000000
202200002774;4;7;2022;16:21;1;13;13210;1;1;1;2;A507 sens Aubagne- Marseille;43,2888436964;5,4247172177
202200002775;4;7;2022;08:20;1;13;13005;1;1;1;7;A50-Sens Aubagne vers Marseille;43,2890940860;5,5596121908
202200002776;3;7;2022;23:15;3;13;13211;1;1;1;4;A50-Sens Aubagne vers Marseille;43,2927900000;5,4544500000
202200002777;5;7;2022;10:15;1;91;91340;1;1;1;6;AUTOROUTE A6;48,5962000000;2,4421700000
202200002778;4;7;2022;18:30;1;91;91659;1;1;1;3;AUTOROUTE A6;48,5874300000;2,4498500000
202200002779;4;7;2022;20:15;1;94;94038;1;1;1;4;AUTOROUTE A6A;48,7722202322;2,3457574536
202200002780;5;7;2022;09:50;1;91;91689;1;1;1;4;AUTOROUTE A6;48,7258500000;2,3131400000
202200002781;5;7;2022;07:50;1;91;91589;1;1;1;2;AUTOROUTE A6;48,6715500000;2,3460100000
202200002782;5;7;2022;07:20;1;94;94034;1;1;1;4;A6B;48,7571668131;2,3355898841
202200002783;4;7;2022;17:00;1;91;91689;1;1;1;4;AUTOROUTE A6B;48,7399300000;2,3202500000
202200002784;5;7;2022;18:40;1;92;92012;1;1;1;4;A13;48,8484428933;2,2412597537
202200002785;5;7;2022;08:15;1;78;78466;1;1;1;2;A13;48,9219050000;2,0020070000
202200002786;5;7;2022;17:45;1;95;95572;1;1;1;4;RN 184;49,0377100000;2,1231200000
202200002787;5;7;2022;15:50;1;92;92078;1;1;1;3;AUTOROUTE A86;48,9309792515;2,3233129103
202200002788;5;7;2022;00:10;3;93;93078;1;1;1;3;AUTOROUTE A104;48,9581900000;2,5273000000
202200002789;5;7;2022;19:45;1;77;77294;1;1;1;3;A104;48,9689100000;2,6011500000
202200002790;5;7;2022;15:20;1;77;77121;1;1;1;5;A104;48,8366222215;2,6649838163
202200002791;5;7;2022;09:50;1;77;77083;1;1;1;3;A4.W;48,8322724632;2,5993101225
202200002792;4;7;2022;16:40;1;94;94018;1;1;1;2;A4;48,8179097928;2,4115495449
202200002793;4;7;2022;07:00;1;77;77337;1;1;1;6;A4;48,8299562502;2,6210469540
202200002794;3;7;2022;11:50;1;83;83137;2;1;1;3;BERENGER FERAUD (RUE J-B);43,1141700000;5,9393800000
202200002795;4;7;2022;19:10;1;77;77449;2;9;7;6;RUE DE CASTILLE;48,8545300000;2,7828900000
202200002796;4;7;2022;14:00;1;94;94067;2;2;1;3;SAINTE MARIE (AV);48,8368300000;2,4203400000
202200002797;4;7;2022;09:00;1;93;93070;2;1;1;6;Avenue Gabriel Péri;48,9072712740;2,3322574497
202200002798;5;5;2022;21:35;1;78;78498;2;6;1;3;GAMBETTA BD;48,9334360000;2,0430760000
202200002799;30;4;2022;17:30;1;63;63113;2;1;1;6;BERNARD (BOULEVARD CLAUDE);45,7651200000;3,0891700000
202200002800;22;4;2022;12:54;1;92;92024;2;2;1;6;GASTON PAYMAL (RUE) DE (5 A 51)   (4 A 4;48,9030957461;2,3093700260
202200002801;3;7;2022;18:49;5;987;98736;2;2;1;3;TAUTU TEFAATAU (RUE); -17,5318070000; -149,5431540000
202200002802;4;7;2022;11:55;1;973;97302;2;1;1;7;RABAN (ROUTE DE);4,9345700000; -52,3139700000
202200002803;4;7;2022;12:30;1;69;69388;2;1;1;6;Rue Professeur Beauvisage;45,7297028258;4,8683273792
202200002804;4;7;2022;14:15;1;69;69386;2;2;1;2;Cours Vitton;45,7699000000;4,8570000000
202200002805;4;7;2022;12:50;1;69;69386;2;1;1;6;Rue Boileau;45,7741687245;4,8480309714
202200002806;4;7;2022;16:50;1;972;97209;1;1;1;7;AVE CAMILLE DARSIERES;14,5959500000; -61,0593000000
202200002807;4;7;2022;18:30;1;2B;2B033;2;1;1;3;11 - RT;42,6856000000;9,4464300000
202200002808;4;7;2022;19:30;5;971;97101;2;1;1;6;ROUTE DES ABYMES;16,2512300000; -61,5277400000
202200002809;4;7;2022;05:40;1;971;97113;1;1;1;1;PETIT HAVRE (SECTEUR);16,2176900000; -61,4308000000
202200002810;13;6;2022;13:40;1;95;95014;2;2;7;3;Route de la Berchère;49,0118200000;2,3050200000
202200002811;4;7;2022;10:55;1;91;91345;2;1;1;6;RUE MICHEL VINCENT;48,6974000000;2,2934900000
202200002812;4;7;2022;18:00;1;91;91223;2;1;1;6;MAI 1945 (AVENUE DU 8);48,4410100000;2,1472600000
202200002813;4;7;2022;08:50;1;91;91433;1;9;1;7;RD 191;48,4341060000;2,1879050000
202200002814;1;7;2022;18:37;1;87;87085;2;1;1;3;LECLERC (AVENUE DU GENERAL);45,8479200000;1,2620200000
202200002815;1;7;2022;16:22;1;87;87085;2;3;1;3;NEXON (RUE DE);45,8101600000;1,2568800000
202200002816;3;7;2022;16:00;1;83;83141;2;1;1;1;YAN MOTO HONDA (RN 555);43,4922560000;6,4855610000
202200002817;4;7;2022;17:55;1;81;81065;2;1;1;6;ALBERT 1° (AV);43,5960300000;2,2261000000
202200002818;1;7;2022;20:00;1;80;80021;2;1;1;3;LEO LAGRANGE (RUE);49,9105800000;2,3136300000
202200002819;4;7;2022;17:00;1;78;78498;2;2;1;6;CAPUCINES RUE DES;48,9261900000;2,0483600000
202200002820;4;7;2022;15:40;1;76;76540;2;2;1;6;Boulevard de l'Yser;49,4466100000;1,1056900000
202200002821;4;7;2022;14:55;1;76;76108;2;1;1;2;Route de Neufchâtel;49,4540300000;1,1049800000
202200002822;3;7;2022;19:18;1;76;76351;2;2;1;3;FLANDRES DUNKERQUE;49,5133390000;0,1694200000
202200002823;3;7;2022;06:30;2;72;72181;2;9;1;6;ALENCON (RTE D');48,0240675023;0,1821398733
202200002824;4;7;2022;13:45;1;71;71486;2;6;1;3;HENRI DUNAND (BOULEVARD);46,6436700000;4,3328500000
202200002825;3;7;2022;08:15;1;71;71306;2;3;1;6;GENERAL DE GAULLE (QUAI DU);46,6767460000;4,3644120000
202200002826;4;7;2022;12:15;1;69;69290;1;2;1;2;Allée des Parcs;45,7150600000;4,9255500000
202200002827;4;7;2022;10:30;1;69;69264;2;3;1;1;Rue de Verdun;45,9879373999;4,7355231643
202200002828;3;7;2022;22:52;5;67;67447;2;1;1;2;PIERRE MENDES FRANCE (AVENUE);48,6012200000;7,7544700000
202200002829;2;7;2022;21:00;1;67;67482;2;3;1;3;OBERHAUSBERGEN (ROUTE D );48,5950600000;7,7101100000
202200002830;1;7;2022;22:00;5;67;67482;2;3;1;3;SENGENWALD (RUE);48,5775500000;7,7531300000
202200002831;1;7;2022;19:00;1;67;67267;2;3;1;3;MARECHAL FOCH (RUE DU);48,5564900000;7,6811700000
202200002832;1;7;2022;17:54;1;66;66136;2;3;1;3;ROSERAIE (CHEMIN DE LA);42,7012000000;2,9433300000
202200002833;3;7;2022;02:20;5;64;64122;2;2;1;3;Avenue de Verdun;43,4807600000; -1,5453500000
202200002834;5;7;2022;03:05;5;64;64102;2;1;1;7;Avenue Docteur Camille Delvaille;43,5070680000; -1,4859410000
202200002835;2;7;2022;13:10;1;64;64024;2;1;1;2;Avenue de l' Adour;43,5264300000; -1,5118600000
202200002836;1;7;2022;14:09;1;63;63113;2;2;1;3;TEMPLE (RUE DU);45,7929500000;3,1162500000
202200002837;16;6;2022;16:00;1;62;62041;2;3;1;6;STRASBOURG ( BOULEVARD DE );50,2877200000;2,7792300000
202200002838;4;7;2022;17:40;1;59;59350;2;4;1;6;LAMBRET OSCAR AVENUE;50,6159650000;3,0368160000
202200002839;4;7;2022;08:40;1;59;59009;2;1;1;3;JAURES JEAN RUE AVANT LE N°5 AU RPT GHIS;50,6559600000;3,1331600000
202200002840;3;7;2022;05:30;2;59;59165;2;1;1;1;Rue George Sand;50,3770085701;3,0570852757
202200002841;3;7;2022;01:20;3;56;56162;1;1;1;6;MOULIN DU TER (RUE DU );47,7330100000; -3,4039500000
202200002842;2;7;2022;18:25;1;56;56107;2;1;1;2;Kermélo D29;47,7279700000; -3,3844600000
202200002843;4;7;2022;22:25;5;54;54547;2;1;1;6;PERI (RUE GABRIEL);48,6666243043;6,1766391993
202200002844;4;7;2022;07:20;1;54;54395;2;1;1;6;MOULIN (BOULEVARD JEAN);48,6770200000;6,2080100000
202200002845;3;7;2022;22:20;2;51;51344;1;9;1;3;Allee de Cumieres;49,0691800000;3,9318700000
202200002846;1;7;2022;14:15;1;44;44184;2;1;1;2;Route de Saint-Marc;47,2540000000; -2,2603100000
202200002847;4;7;2022;22:50;5;44;44190;2;1;1;3;RUE DE LA FONTAINE;47,2035490000; -1,4903630000
202200002848;4;7;2022;12:40;1;35;35238;2;1;1;2;ROBINOT DE ST-CYR (QUAI);48,1045700000; -1,7189800000
202200002849;4;7;2022;08:00;1;35;35238;2;6;1;2;N136;48,0814454608; -1,6756014526
202200002850;1;7;2022;18:20;1;34;34032;1;1;1;7;RD.64;43,3089600000;3,2101500000
202200002851;4;7;2022;21:25;5;33;33063;2;8;1;3;Rue Sainte-Catherine;44,8375962478; -0,5737969279
202200002852;4;7;2022;08:40;1;33;33529;2;1;2;6;INDUSTRIE (BD DE L') DU 01 ET +;44,6131700000; -1,1281050000
202200002853;4;7;2022;21:35;1;31;31555;2;1;1;6;ALL JEAN JAURES;43,6087500000;1,4532000000
202200002854;4;7;2022;11:00;1;13;13117;2;1;1;4;STADIUM (CD9);43,4236300000;5,2416600000
202200002855;4;7;2022;07:40;1;13;13103;1;1;1;2;ROUTE DE JEAN MOULIN-RN 538;43,6218818686;5,0988181636
202200002856;4;7;2022;16:30;1;13;13210;2;2;1;5;Boulevard Urbain Sud;43,2690000000;5,4210000000
202200002857;4;7;2022;07:25;1;13;13002;2;1;1;2;PALMIERS (ROND POINT DES);43,3380000000;5,4790000000
202200002858;2;5;2022;15:34;1;13;13215;2;1;1;1;BOURRELY (CHEMIN DES);43,3784116037;5,3604059725
202200002859;1;7;2022;21:14;1;03;03023;2;1;1;6;Avenue du Général de Gaulle;46,1149100000;3,4152500000
202200002860;4;7;2022;09:10;1;75;75116;2;1;1;3;ECHANGEUR MUETTE;48,8642390000;2,2666410000
202200002861;3;7;2022;23:19;5;75;75114;2;1;1;5;PORTE DE CHATILLON;48,8237130000;2,3089650000
202200002862;4;7;2022;12:30;1;75;75117;2;3;1;3;BOULEVARD MALESHERBES;48,8890130000;2,3042240000
202200002863;3;7;2022;04:30;2;75;75117;2;1;1;6;RUE DE ROME;48,8841400000;2,3184090000
202200002864;30;6;2022;19:20;1;75;75117;2;1;1;3;PORTE D ASNIERES;48,8870350000;2,2902900000
202200002865;4;7;2022;09:45;1;75;75120;2;2;1;6;RUE DES PYRENEES;48,8505070000;2,4064080000
202200002866;3;7;2022;22:45;5;75;75120;2;2;1;3;RUE BELGRAND;48,8645560000;2,4073410000
202200002867;4;7;2022;08:20;1;75;75119;2;1;1;3;AVENUE SECRETAN;48,8806030000;2,3747140000
202200002868;4;7;2022;07:55;1;75;75117;2;7;1;3;PLACE DE WAGRAM;48,8875510000;2,3044830000
202200002869;4;7;2022;11:00;1;75;75116;2;4;1;6;RUE DE REMUSAT;48,8481110000;2,2706290000
202200002870;4;7;2022;02:20;5;75;75115;2;3;1;6;AVENUE DU MAINE;48,8432420000;2,3205000000
202200002871;4;7;2022;07:20;1;75;75114;2;2;1;3;AVENUE DU MAINE;48,8375400000;2,3229380000
202200002872;3;7;2022;18:00;1;75;75114;2;1;1;3;AVENUE DENFERT ROCHEREAU;48,8349740000;2,3330050000
202200002873;4;7;2022;14:21;1;75;75113;2;3;1;3;BOULEVARD ARAGO;48,8360520000;2,3495450000
202200002874;4;7;2022;07:30;1;75;75113;2;4;1;3;RUE DE LA GLACIERE;48,8317120000;2,3443750000
202200002875;3;7;2022;23:50;5;75;75113;2;2;1;6;RUE CHARCOT;48,8303260000;2,3704310000
202200002876;4;7;2022;11:10;1;75;75111;2;2;1;3;BOULEVARD VOLTAIRE;48,8547000000;2,3853210000
202200002877;4;7;2022;08:27;1;75;75110;2;3;1;6;BOULEVARD DE LA VILLETTE;48,8761560000;2,3721460000
202200002878;4;7;2022;09:45;1;75;75107;2;2;1;3;RUE MALAR;48,8616960000;2,3054570000
202200002879;4;7;2022;16:30;1;75;75102;2;2;1;3;BOULEVARD DE SEBASTOPOL;48,8670310000;2,3529740000
202200002880;4;7;2022;10:42;1;94;94081;2;1;1;3;PRESIDENT SALVADOR ALLENDE (AV DU);48,7958630000;2,4110490000
202200002881;4;7;2022;01:50;5;94;94076;2;2;1;3;PRESIDENT ALLENDE (AV DU);48,7949700000;2,3545300000
202200002882;4;7;2022;13:50;1;93;93073;1;1;1;6;rue de Dublin;49,0090300000;2,5614400000
202200002883;4;7;2022;08:30;1;93;93078;2;2;1;1;Avenue Jean Paul Sartre / Boulevard Robert Ballanger;48,9600800000;2,5531200000
202200002884;4;7;2022;11:25;1;93;93070;2;3;1;2;Boulevard Jean Jaurès / Rue du Docteur Léonce Basset;48,9141800000;2,3365000000
202200002885;4;7;2022;12:45;1;93;93066;2;9;1;2;Avenue du Président Wilson;48,9114508152;2,3584105967
202200002886;4;7;2022;18:50;1;93;93077;2;1;1;6;Avenue de Rosny;48,8852000000;2,5034600000
202200002887;4;7;2022;09:00;1;93;93031;2;9;1;3;Avenue de la République;48,9486400000;2,3348300000
202200002888;4;7;2022;06:33;2;93;93029;2;3;1;3;Rue d'Alsace Lorraine / Rue Rene Thuillier;48,9278737695;2,4396794206
202200002889;4;7;2022;11:30;1;93;93007;2;3;1;6;Avenue Paul Vaillant Couturier / Avenue Danielle Casanova;48,9268900000;2,4718800000
202200002890;4;7;2022;17:00;1;93;93005;2;2;7;2;Boulevard Marc Chagall / Chemin du Moulin de la Ville;48,9532380000;2,5025720000
202200002891;1;7;2022;19:20;1;92;92046;2;1;1;6;CAMELINAT;48,8130514636;2,2985630706
202200002892;4;7;2022;09:50;1;92;92073;2;6;1;3;BOMBIGER (RUE DU DOCTEUR MARC);48,8616337394;2,2123766541
202200002893;4;7;2022;07:45;1;92;92064;2;6;1;3;DE LATTRE DE TASSIGNY;48,8548171793;2,2197578251
202200002894;4;7;2022;06:45;1;92;92050;2;2;1;3;CROIX RUE DE LA;48,8864900000;2,1940500000
202200002895;4;7;2022;18:55;1;92;92049;2;1;7;6;VERDIER AVENUE AUTRES N°;48,8161210150;2,3104253411
202200002896;4;7;2022;16:20;1;92;92049;2;1;1;7;FORT AVENUE DU;48,8116754440;2,3234686553
202200002897;3;7;2022;10:00;1;92;92020;2;1;1;1;PARIS AVENUE DE N°84 A FIN;48,8073426664;2,2941822857
202200002898;4;7;2022;07:36;1;92;92040;2;2;1;2;GALLIENI (BOULEVARD);48,8315821096;2,2672103941
202200002899;4;7;2022;10:40;1;92;92036;2;1;1;7;PRINCIPALE DU PORT (ROUTE) (1/17);48,9376867574;2,2771509290
202200002900;4;7;2022;05:40;5;92;92036;2;1;1;1;CHAMPS FOURGONS (RUE DES) (1);48,9432700000;2,3008600000
202200002901;2;7;2022;12:40;1;92;92004;2;1;1;2;GRESILLONS (AVENUE DES) (103/139);48,9133408252;2,2980285734
202200002902;1;7;2022;12:35;1;92;92036;2;2;1;2;PRINCIPALE DU PORT (ROUTE) (19/+);48,9384601981;2,2804345563
202200002903;4;7;2022;08:20;1;92;92026;2;3;1;3;BEZONS  (DE 01 A 22);48,8950580134;2,2500520348
202200002904;4;7;2022;17:30;1;92;92024;2;1;1;6;GEORGES BOISSEAU (RUE);48,9044017958;2,3162502944
202200002905;3;7;2022;15:35;1;92;92012;2;1;1;4;EDOUARD VAILLANT (AVENUE) 57/FIN - 58/FI;48,8346079992;2,2465446442
202200002906;3;7;2022;00:07;5;92;92004;1;1;1;6;DOCTEUR DERVAUX  ( QUAI DU );48,9080400000;2,2925400000
202200002907;5;7;2022;19:30;2;80;80776;1;1;1;7;D447;50,0453570000;2,5452700000
202200002908;5;7;2022;07:10;1;38;38199;2;4;1;3;Route de Bérardier;45,5080990000;4,9178140000
202200002909;3;7;2022;16:30;1;17;17010;1;9;1;6;D137;46,1064280000; -1,0974610000
202200002910;4;7;2022;20:30;1;40;40304;2;6;1;7;Avenue de Pascouaou;43,6700560000; -1,3824270000
202200002911;2;7;2022;17:45;1;40;40004;2;3;1;3;Avenue de la Mairie;43,6585190000; -1,3714720000
202200002912;5;7;2022;12:05;1;84;84091;2;1;1;6;1728 Avenue de Provence;44,1783553424;4,7601681084
202200002913;3;7;2022;12:04;1;68;68064;1;9;1;3;Route Départementale 52;47,8265250000;7,5459000000
202200002914;30;6;2022;08:50;1;84;84029;1;6;1;2;D43;44,1573050000;4,8637570000
202200002915;5;7;2022;09:00;1;50;50546;1;2;1;7;Le Ronceur - St.romphaire (Saint-Romphaire);49,0509690000; -1,0983220000
202200002916;5;7;2022;06:42;2;62;62477;2;1;1;6;D54;50,3146050000;2,5364500000
202200002917;7;8;2022;09:30;1;988;98822;1;9;1;6;Tribu d'Ina - POINIDMIE; -20,9371200000;165,3657400000
202200002918;5;8;2022;23:30;3;971;97125;1;1;3;6;CD 118;16,2556310000; -61,2441020000
202200002919;7;8;2022;06:30;1;66;66164;1;1;1;6;;42,7717180000;2,8473990000
202200002920;5;8;2022;12:25;1;30;30297;1;1;1;7;;44,1242400000;3,4579250000
202200002921;6;8;2022;07:50;2;34;34059;1;1;1;7;D907;43,3760440000;2,7776530000
202200002922;2;8;2022;19:15;1;34;34042;1;1;1;2;D4;43,8828950000;3,7030600000
202200002923;7;8;2022;18:30;1;71;71219;1;1;1;1;D18;46,6642560000;4,9458270000
202200002924;8;8;2022;18:30;1;68;68028;1;1;1;7;d42;48,2132420000;7,3383840000
202200002925;6;8;2022;19:30;1;74;74224;2;1;1;6;Rue des Fours;46,0659660000;6,3137000000
202200002926;8;8;2022;15:00;1;42;42094;2;1;1;5;Rue de la Loire;45,7424830000;4,2119800000
202200002927;8;8;2022;10:55;1;65;65059;1;1;1;7;Route du Col de Tourmalet;42,9242200000;0,2033110000
202200002928;7;8;2022;17:10;1;31;31395;2;1;1;6;Avenue Bernard IV;43,4657450000;1,3363360000
202200002929;7;8;2022;07:10;2;31;31395;2;6;1;2;A64;43,4764360000;1,3193570000
202200002930;6;8;2022;11:55;1;17;17164;2;1;1;3;23 Route de Chez Boret;45,7621380000; -0,6142040000
202200002931;7;8;2022;16:30;1;17;17219;2;9;1;3;CD 728E - Marennes-plage;45,8135890000; -1,1330080000
202200002932;7;8;2022;01:00;5;33;33238;2;1;1;7;100 avenue de Bordeaux;44,7478000000; -0,5912390000
202200002933;8;8;2022;16:30;1;44;44172;2;1;1;7;1 Rue des Roches;47,2356260000; -1,4767650000
202200002934;7;8;2022;19:00;2;56;56092;1;3;1;1;Penvern;48,0251040000; -2,8410230000
202200002935;8;8;2022;18:30;1;76;76057;2;1;1;6;Rue Pierre et Marie Curie;49,5363710000;0,9605100000
202200002936;5;8;2022;19:00;1;59;59581;2;1;1;6;22 Rue du Stade;50,6988910000;2,7789460000
202200002937;7;8;2022;06:30;2;13;13212;2;1;1;2;A507 sens Aubagne- Marseille;43,2962100000;5,4248100000
202200002938;7;8;2022;06:35;2;13;13056;1;1;1;2;A55-Sens Marseille vers Martigues;43,3987438854;5,0861862301
202200002939;6;8;2022;11:55;1;13;13215;1;1;1;2;A7-Sens Marseille vers Lyon;43,3615400000;5,3615600000
202200002940;7;8;2022;11:20;1;91;91136;1;1;1;4;AUTOROUTE A10;48,7143400000;2,2739900000
202200002941;6;8;2022;03:23;3;91;91235;1;1;1;6;RN 104;48,6251200000;2,3655900000