Num_Acc;jour;mois;an;hrmn;lum;dep;com;agg;int;atm;col;adr;lat;long
202200002942;6;8;2022;22:43;5;92;92063;1;1;1;6;A86;48,8843014277;2,1656397422
202200002943;7;8;2022;12:25;1;93;93027;1;1;1;2;AUTOROUTE A86;48,9279701620;2,4181916762
202200002944;7;8;2022;05:30;3;95;95682;1;1;1;6;RN 104;49,0685147303;2,3858517408
202200002945;7;8;2022;02:35;3;92;92036;1;1;1;2;AUTOROUTE A15;48,9378886633;2,2976672190
202200002946;13;2;2022;18:34;5;60;60157;2;6;1;6;114 Rue du Général de Gaulle;49,3839360000;2,4136140000
202200002947;6;8;2022;10:50;1;32;32013;1;1;1;6;FONTAINE (PLACE DE LA);43,6356600000;0,5926300000
202200002948;5;8;2022;07:35;1;52;52121;2;4;1;6;;48,1086200000;5,1362400000
202200002949;5;8;2022;21:05;1;29;29019;2;1;1;6;rue Auguste Kervern;48,3996400000; -4,4891700000
202200002950;5;8;2022;17:00;1;976;97611;2;1;1;6;kaweni-Caserne ( rue de la ); -12,7742300000;45,2227100000
202200002951;5;8;2022;16:00;1;974;97416;1;1;1;6;RN1; -21,2966300000;55,4172400000
202200002952;5;8;2022;16:45;1;974;97407;2;3;1;5;MASCAREIGNES(BOULEVARD); -20,9482800000;55,3031600000
202200002953;6;8;2022;02:15;5;69;69387;2;1;1;1;Rue Garibaldi;45,7461300000;4,8498000000
202200002954;6;8;2022;05:30;2;972;97209;1;1;3;6;AUTOROUTE (A1);14,6145000000; -61,0499800000
202200002955;6;8;2022;13:15;1;971;97101;1;1;2;3;Frédéric JALTON;16,2761236870; -61,5017223358
202200002956;6;8;2022;13:55;1;2A;2A004;2;1;1;2;ACHILLE PERETTI RUE;41,9365067816;8,7426071763
202200002957;7;8;2022;01:03;5;91;91027;2;1;1;7;AV HENRI DUNANT;48,7132800000;2,3964200000
202200002958;6;8;2022;19:17;1;91;91286;2;1;1;6;SABLONS (AVENUE DES);48,6545000000;2,3937700000
202200002959;6;8;2022;19:00;1;91;91326;2;1;1;3;GABRIEL PERI (AVENUE);48,6918500000;2,3634800000
202200002960;6;8;2022;14:55;1;91;91027;2;1;1;4;AV FRANCOIS MITTERRAND;48,6992200000;2,3718600000
202200002961;5;8;2022;14:30;1;86;86194;2;2;1;3;Avenue du Tiers Etat;46,5921800000;0,3824700000
202200002962;6;8;2022;03:00;5;83;83144;2;1;1;7;CABANNE (IMPASSE DE LA GARNDE);43,1499800000;5,9811000000
202200002963;6;8;2022;04:00;3;83;83062;1;1;1;2;ROUTE DE HYERES;43,1379100000;6,0244400000
202200002964;2;8;2022;14:10;1;83;83126;2;1;1;3;ALLENDE (AV. SALVADOR);43,0863700000;5,8809200000
202200002965;6;8;2022;09:05;1;83;83069;2;1;1;3;GODILLOT  ( AVENUE ALEXIS );43,1106060000;6,1241910000
202200002966;6;8;2022;17:35;1;82;82121;2;3;1;3;ALBI D 999 (AVENUE D');44,0027000000;1,3666700000
202200002967;6;8;2022;19:40;1;69;69290;2;9;1;6;Route de Lyon;45,7010118189;4,9188512565
202200002968;5;8;2022;11:55;1;64;64445;2;2;1;3;LOUP DU;43,3148100000; -0,3545000000
202200002969;5;8;2022;18:20;1;61;61001;2;1;1;1;HAUT ECLAIR (CHEMIN DE);48,4123000000;0,0867500000
202200002970;6;8;2022;01:15;3;60;60175;1;9;1;3;D201;49,2469600000;2,4565200000
202200002971;6;8;2022;08:00;1;59;59599;2;1;7;6;DHERIN (RUE CHARLES);50,7359291233;3,1536481976
202200002972;6;8;2022;11:30;1;59;59507;2;6;1;3;JAURES JEAN AVENUE.;50,6016000000;3,0793200000
202200002973;6;8;2022;09:30;1;54;54547;2;1;1;6;FRERE (RUE DU GENERAL);48,6630090000;6,1681900000
202200002974;6;8;2022;03:15;5;51;51108;2;6;1;7;Avenue de Sainte-Ménehould;48,9626600000;4,3894600000
202200002975;5;8;2022;20:01;1;49;49246;2;1;1;7;GALLIENI AVENUE;47,4343400000; -0,5261700000
202200002976;6;8;2022;18:23;1;49;49353;2;1;1;6;RECLUS;47,4514000000; -0,5019000000
202200002977;6;8;2022;17:05;1;49;49007;2;1;1;6;CHAUMIN BOULEVARD;47,4503000000; -0,5556100000
202200002978;6;8;2022;02:40;5;44;44109;2;1;1;7;2bis Boulevard Emile Romanet;47,2096300000; -1,5980200000
202200002979;6;8;2022;15:30;1;43;43157;1;1;1;7;88 (ROUTE NATIONALE);45,0297700000;3,9056900000
202200002980;5;8;2022;11:25;1;39;39198;1;1;1;5;;47,1079420000;5,4841690000
202200002981;6;8;2022;20:10;1;35;35238;2;1;1;6;FREVILLE (AVENUE HENRI);48,0862260623; -1,6750663519
202200002982;6;8;2022;15:25;1;33;33529;2;3;1;3;OCEAN (BD DE L');44,6224900000; -1,2018400000
202200002983;6;8;2022;23:20;5;30;30007;2;6;1;2;Avenue Monge;44,1434600000;4,1033100000
202200002984;5;8;2022;11:25;1;29;29039;1;1;1;7;N165;47,9322651000; -3,9053828000
202200002985;5;8;2022;12:25;1;29;29019;2;2;1;3;rue Paul Doumer;48,3997680000; -4,4860940000
202200002986;5;8;2022;12:00;1;29;29019;2;3;1;2;rue Yves Collet;48,3922920000; -4,4797070000
202200002987;6;8;2022;19:00;1;28;28085;2;1;1;4;MAUNOURY (RUE DU DOCTEUR);48,4414200000;1,4829100000
202200002988;6;8;2022;16:40;1;27;27229;2;1;1;1;SAINT GERMAIN (RUE);49,0175982571;1,1297464371
202200002989;6;8;2022;12:10;1;26;26362;1;4;1;3;MONTELEGER ROUTE DE;44,8973000000;4,9150800000
202200002990;6;8;2022;16:35;1;13;13213;2;1;1;1;(RUE) RAYMONDE MARTIN;43,3285443945;5,4101165961
202200002991;6;8;2022;00:40;5;13;13208;2;1;1;1;MADRAGUE DE MONTREDON (AVE DE LA) ;43,2351037021;5,3603558555
202200002992;6;8;2022;02:45;5;10;10387;2;1;1;6;EMMANUEL BUXTORF (RUE);48,3048100000;4,0647200000
202200002993;5;8;2022;18:45;1;10;10297;2;3;1;3;MICHEL BERGER (RUE);48,3200657884;4,1037958860
202200002994;6;8;2022;10:20;1;08;08105;2;9;7;6;Rue de Vaudidon;49,7735486540;4,7178549170
202200002995;4;8;2022;13:30;1;75;75119;2;1;1;2;PORTE DE PANTIN;48,8918430000;2,3957800000
202200002996;5;8;2022;20:28;2;75;75113;2;5;1;3;RUE BOBILLOT;48,8258130000;2,3503650000
202200002997;6;8;2022;21:40;5;75;75117;2;2;1;7;BOULEVARD DU FORT DE VAUX;48,8922600000;2,3010190000
202200002998;6;8;2022;14:25;1;75;75117;2;2;1;6;RUE DE ROME;48,8873490000;2,3141350000
202200002999;6;8;2022;05:30;5;75;75116;2;1;1;2;PONT DE SURESNES;48,8666750000;2,2302470000
202200003000;6;8;2022;22:15;5;75;75115;2;7;1;3;QUAI DE GRENELLE;48,8491520000;2,2818960000
202200003001;6;8;2022;00:35;5;75;75113;2;2;1;3;QUAI FRANCOIS MAURIAC;48,8322280000;2,3797870000
202200003002;6;8;2022;22:05;5;75;75112;2;1;1;6;BOULEVARD DIDEROT;48,8479030000;2,3917330000
202200003003;6;8;2022;15:00;1;75;75111;2;2;1;6;AVENUE LEDRU ROLLIN;48,8513250000;2,3761390000
202200003004;6;8;2022;09:45;1;75;75108;2;1;1;6;AVENUE DES CHAMPS ELYSEES;48,8709050000;2,3042960000
202200003005;6;8;2022;02:25;5;75;75108;2;1;1;3;AVENUE HOCHE;48,8770220000;2,3028320000
202200003006;5;8;2022;22:40;5;75;75108;2;1;1;5;BOULEVARD DES BATIGNOLLES;48,8831280000;2,3261890000
202200003007;5;8;2022;05:05;5;75;75103;2;2;2;3;RUE DE TURBIGO;48,8654600000;2,3561180000
202200003008;6;8;2022;10:07;1;94;94081;2;1;1;2;ABBE ROGER DERRY (AV DE L);48,7910300000;2,3944300000
202200003009;6;8;2022;14:30;1;94;94044;2;1;1;3;GABRIEL PERI (AV);48,7564400000;2,4834700000
202200003010;6;8;2022;06:45;2;94;94021;2;6;1;3;DES MARAICHERS (AVENUE);48,7651030000;2,3533800000
202200003011;6;8;2022;04:10;5;94;94038;2;2;1;3;BICETRE (R DE);48,7739400000;2,3518460000
202200003012;6;8;2022;19:00;1;94;94033;2;3;1;1;Rue la Fontaine / Avenue Jean Moulin;48,8583160000;2,4797080000
202200003013;6;8;2022;09:35;1;94;94079;2;2;1;3;Avenue Montrichard / Rue Maurice Dudragne;48,8307500000;2,5484700000
202200003014;6;8;2022;11:55;1;93;93027;2;2;1;3;Avenue Paul Vaillant Couturier / Rue Jean-pierre Timbaud;48,9248000000;2,4150000000
202200003015;31;7;2022;17:20;1;93;93057;2;1;1;6;FABIEN ( AL. DU COLONEL) 1 A 85;48,9106398725;2,5011125341
202200003016;6;8;2022;19:30;1;93;93001;2;3;1;3;Rue des Cités / Rue Gaston Carré;48,9110616219;2,3882203979
202200003017;6;8;2022;07:25;1;92;92012;2;1;7;6;GENERAL LECLERC (AVENUE DU) 35/FIN - 60/;48,8312124736;2,2360315919
202200003018;6;8;2022;18:50;1;51;51270;1;2;1;3;D396;48,6094900000;4,5552710000
202200003019;6;8;2022;15:10;1;22;22375;1;1;1;1;D6;48,6238820000; -2,9722850000
202200003020;6;8;2022;23:20;3;45;45239;1;9;1;1;4 les Vergers;47,9090502312;2,6437354088
202200003021;7;8;2022;12:00;1;33;33066;1;4;1;3;Le Flautat;44,5757460000; -0,0121930000
202200003022;15;7;2022;11:55;1;31;31418;1;4;1;1;M50d;43,6126010000;1,5468290000
202200003023;6;8;2022;03:35;5;974;97412;2;1;1;7;223 Rue Edmond Albius; -21,3515480000;55,6119340000
202200003024;7;8;2022;12:25;1;28;28403;1;2;1;3;D935;48,3755730000;1,4947950000
202200003025;6;8;2022;15:45;1;74;74213;2;1;1;7;Route des Creusettes;45,9132220000;6,0806680000
202200003026;7;8;2022;17:30;1;71;71520;1;4;1;6;A6, PK 335+200, sens Lyon-Paris;46,7479480000;4,8327830000
202200003027;6;8;2022;12:35;1;974;97414;2;3;1;3;Rue Saint-louis; -21,2882310000;55,4123070000
202200003028;7;8;2022;03:00;3;79;79312;1;1;1;7;;46,1309800000; -0,2541230000
202200003029;5;8;2022;20:15;1;65;65353;2;1;1;6;32 Cami Naü;43,1708590000;0,2556920000
202200003030;7;8;2022;06:30;2;51;51617;1;1;1;7;D944;49,0450883752;4,3073487282
202200003031;6;8;2022;18:05;1;56;56257;1;2;1;3;D793a;48,0974300000; -2,5535900000
202200003032;7;8;2022;14:55;1;65;65283;1;1;1;7;rd618;42,8010690000;0,4411700000
202200003033;7;8;2022;16:20;1;65;65258;1;1;1;3;D929;43,1049450000;0,4014450000
202200003034;7;8;2022;15:03;1;33;33544;1;1;1;1;Route du port autonome;45,5264010000; -1,0991590000
202200003035;7;8;2022;12:50;1;71;71370;1;1;1;6;Route du Val d Arroux;46,5365620000;4,0203740000
202200003036;6;8;2022;20:15;2;71;71460;1;1;1;7;Route de Laize;46,3966440000;4,7932360000
202200003037;6;8;2022;18:19;1;61;61483;1;1;1;3;le grand gué;48,5816080000; -0,4298190000
202200003038;6;8;2022;20:25;1;46;46304;1;1;1;1;Route du Causse;44,7019570000;1,5457790000
202200003039;6;8;2022;09:35;1;47;47186;1;1;1;3;2371 Route de l Océan;44,2060500000;0,4434010000
202200003040;6;8;2022;19:55;1;22;22135;1;1;1;1;Saint Sylvestre;48,6121430000; -3,3496930000
202200003041;3;8;2022;08:00;1;39;39189;2;3;7;2;4 Rue de l’Abergement;47,0753170000;5,4081650000
202200003042;7;8;2022;15:25;1;39;39035;1;3;1;3;;46,4525740000;5,3468820000
202200003043;6;8;2022;19:20;2;44;44006;2;1;1;6;17 Rue du Pont aux Pages;47,4289620000; -2,3940480000
202200003044;6;8;2022;13:20;1;35;35299;1;1;1;2;Le Petit Porcon;48,6532385167; -1,8733821809
202200003045;7;8;2022;08:00;1;02;02643;2;2;7;2;;49,3960070000;3,1142870000
202200003046;7;8;2022;14:05;1;02;02183;2;1;1;7;11 Rue du Mont des Vaches;49,4748480000;3,5912900000
202200003047;6;8;2022;18:07;1;01;01321;1;4;7;1;;46,1657010000;5,3606370000
202200003048;6;8;2022;21:25;2;70;70105;1;1;1;6;RD 3 PK 33+800;47,6344100000;5,9795240000
202200003049;5;8;2022;10:15;1;72;72356;1;1;1;6;ROUTE DE LA JUMENT BLANCHE;47,7743630000;0,4807380000
202200003050;6;8;2022;18:30;2;50;50615;2;2;1;6;Boulevard de Verdun;49,5062530000; -1,4646710000
202200003051;7;8;2022;12:15;1;64;64040;1;1;1;6;D113;42,9972897732; -0,7551491261
202200003052;7;8;2022;18:30;1;43;43177;2;1;1;6;2 Rue des Coquelicots;45,3019210000;4,2680590000
202200003053;6;8;2022;10:00;1;10;10218;1;1;1;7;D34;48,0142335431;4,1680455208
202200003054;6;8;2022;15:20;1;36;36146;1;1;1;6;;46,5059347538;1,6980984807
202200003055;7;8;2022;19:00;1;16;16104;2;1;1;6;Chemin de Montigne;46,0232040000;0,2242640000
202200003056;7;8;2022;02:30;3;21;21210;2;1;1;6;Rue des Roches;47,2574977577;4,5724062560
202200003057;6;8;2022;11:28;1;24;24571;1;1;1;1;Route de la Diligence;45,0685500000;0,7265190000
202200003058;6;8;2022;10:40;1;85;85101;1;1;1;7;La Bouchetière;46,4917650000; -1,4005840000
202200003059;7;8;2022;10:45;1;85;85254;1;1;1;2;RD27;46,8291800000; -0,7600790000
202200003060;7;8;2022;10:40;1;85;85117;1;1;1;6;RD60;46,4347175000; -1,2635926900
202200003061;7;8;2022;10:35;1;87;87028;1;1;1;4;Maisons Neuves;46,2372970000;0,8946350000
202200003062;7;8;2022;03:30;3;48;48080;1;1;1;6;D906;44,7033140000;3,8662430000
202200003063;7;8;2022;09:00;1;973;97309;2;1;1;3;Avenue Gaston Monnerville;4,8875480000; -52,2822400000
202200003064;6;8;2022;22:45;5;987;98715;1;9;1;-1;Aratia Nelson Mandela; -17,5589640000; -149,6065930000
202200003065;6;8;2022;05:20;2;28;28199;1;1;1;7;autoroute A10 point kilométrique 063+900;48,2102660000;1,8477980000
202200003066;6;8;2022;21:29;2;45;45067;1;1;1;6;A10 PK 102+900;47,8982395152;1,7946636800
202200003067;7;8;2022;17:45;1;34;34134;1;1;1;6;D5;43,5902450000;3,8059470000
202200003068;7;8;2022;06:30;1;988;98807;1;1;1;7;Route de WERAP; -20,7122700000;164,9403620000
202200003069;6;8;2022;22:15;3;974;97423;1;1;1;1;N1a; -21,1228910000;55,2635130000
202200003070;6;8;2022;10:45;1;973;97310;2;1;1;1;Route nationale 2 PK 29;4,7107082603; -52,3909664154
202200003071;24;7;2022;08:00;1;971;97104;2;1;1;2;Avenue du Père Labat;16,0174840956; -61,7467582226
202200003072;7;8;2022;03:45;3;45;45315;1;1;1;6;D951 PK 53 + 735;47,7798581847;2,3176603680
202200003073;7;8;2022;10:40;1;45;45155;2;8;1;3;D122 PK 0 + 405;47,6863120000;2,6542070000
202200003074;6;8;2022;19:14;1;77;77500;1;4;7;3;D225 / D69A;48,2090100000;2,9495070000
202200003075;5;8;2022;07:50;1;77;77177;1;1;1;1;D10;48,7717610000;2,7752070000
202200003076;7;8;2022;07:45;1;2B;2B148;1;1;1;3;Brancale;42,5369710000;9,4725220000
202200003077;5;8;2022;05:00;3;66;66182;1;1;1;6;;42,7232799525;3,0297414958
202200003078;6;8;2022;19:10;1;11;11195;1;3;1;3;D623;43,2616440000;1,9968130000
202200003079;8;7;2022;09:55;1;84;84019;2;1;1;3;Avenue Emile Lachaux;44,2787570000;4,7776030000
202200003080;6;8;2022;22:50;5;67;67237;2;1;1;3;106 Rue du Lieutenant de Bettignies;48,6748770000;7,8476720000
202200003081;7;8;2022;16:45;1;88;88388;1;1;1;7;Cense Maimbourg;48,1521580000;6,3885280000
202200003082;6;8;2022;10:21;1;57;57261;1;1;1;7;D662;49,0766490000;7,2106360000
202200003083;7;8;2022;08:30;1;57;57260;1;1;1;2;D81 SENS ROUHLING -> GROSBLIEDERSTROFF;49,1441410000;7,0151461000
202200003084;7;8;2022;06:22;2;74;74185;1;1;8;6;684 Route des Bornes;46,1485760000;6,2191060000
202200003085;6;8;2022;18:15;1;74;74079;1;1;1;7;Départementale 12;45,8559820000;6,3288120000
202200003086;7;8;2022;14:50;1;26;26232;1;1;1;7;D68;44,9003710000;5,1130630000
202200003087;25;11;2022;17:30;2;52;52140;1;1;1;7;Route départementale 2, la sérazinière;48,2572410000;4,9284520000
202200003088;25;11;2022;16:05;1;73;73140;1;1;8;6;D921;45,7426053963;5,7895357715
202200003089;25;11;2022;22:45;3;69;69285;1;1;1;6;Route de Jonage;45,7707860000;5,0653520000
202200003090;26;11;2022;08:00;2;52;52469;1;1;5;6;Péage de Semoutiers;48,0428070000;5,0594190000
202200003091;25;11;2022;15:00;1;35;35125;2;1;1;6;10 Rue Henri Platier;47,9405110000; -1,2291280000
202200003092;7;8;2022;11:50;1;69;69049;1;3;1;1;Route de Montluzin;45,8725160000;4,7641660000
202200003093;25;11;2022;09:30;1;06;06033;1;1;1;7;3800 - 3998 M1;43,7817490000;7,1959750000
202200003094;14;11;2022;09:35;1;57;57483;1;6;2;7;D674;48,9474370000;6,6620590000
202200003095;6;8;2022;20:30;1;72;72025;1;1;1;6;la gourderie 72200;47,6605530000; -0,1821650000
202200003096;24;11;2022;14:15;1;77;77522;1;2;1;3;D411;48,4517910000;3,3813700000
202200003097;6;8;2022;09:00;1;27;27307;1;1;1;6;pk 17 D1;49,2202320000;1,4491870000
202200003098;24;11;2022;18:10;3;76;76196;1;3;3;2;Route de Gonneville la Mallet;49,6428070000;0,2556150000
202200003099;6;8;2022;10:15;1;60;60589;2;6;1;3;D162;49,2332780000;2,4596390000
202200003100;7;8;2022;01:15;3;60;60524;1;1;1;6;D1016;49,3300200000;2,4350780000
202200003101;25;11;2022;10:30;1;79;79278;1;2;2;3;;46,5975620000; -0,1155400000
202200003102;6;8;2022;16:15;1;60;60157;2;3;1;6;Rue de Béthencourtel;49,3715460000;2,4160050000
202200003103;7;8;2022;11:45;1;60;60644;2;1;7;6;Route nationale;49,2854189901;1,8210030555
202200003104;26;11;2022;05:14;5;33;33514;2;2;2;3;Rue Joseph Lahens;45,5105250000; -1,1250340000
202200003105;7;8;2022;10:45;1;02;02521;1;1;1;3;D1003;49,0135900000;3,1861960000
202200003106;25;11;2022;22:20;3;81;81288;2;1;8;6;D85;43,4576593013;2,0769910812
202200003107;6;8;2022;23:47;3;59;59626;1;1;1;1;D934;50,2882207700;3,6294659972
202200003108;5;8;2022;13:45;1;13;13212;1;1;1;2;A507 sens Marseille - Aubagne;43,3041885753;5,4255527258
202200003109;3;6;2022;17:20;1;60;60352;1;1;2;6;D166;49,2464190000;1,8130870000
202200003110;26;11;2022;19:00;3;12;12224;1;1;1;1;RD 95 Les  Ifers;44,4572410000;2,9769840000
202200003111;4;6;2022;08:30;1;80;80803;1;1;1;6;D934;49,7126140000;2,7556690000
202200003112;18;7;2022;17:35;1;69;69029;1;1;1;4;Autoroute 43;45,7272700000;4,9108200000
202200003113;6;8;2022;18:30;1;33;33065;1;1;1;6;ROUTE NATIONALE 230;44,8106200000; -0,5233100000
202200003114;2;5;2022;17:55;1;03;03310;2;3;2;6;Avenue des Célestins;46,1244100000;3,4296000000
202200003115;5;8;2022;19:10;1;33;33090;1;1;1;3;AUTOROUTE A 63;44,7767540000; -0,6476180000
202200003116;25;11;2022;12:05;1;68;68018;1;1;2;1;D18ii;47,6761720000;7,1779240000
202200003117;12;1;2022;07:50;2;83;83069;2;1;1;6;LECLERC (AVENUE MARECHAL);43,1181800000;6,1190700000
202200003118;28;2;2022;13:45;1;02;02691;2;3;1;3;MORCOURT (CHEMIN DE);49,8628400000;3,3076400000
202200003119;6;5;2022;10:45;1;77;77251;1;1;1;5;N104;48,6447680000;2,5435930000
202200003120;21;11;2022;13:30;1;31;31584;1;1;3;1;Route du Born;43,8670110000;1,5097890000
202200003121;5;6;2022;04:10;5;974;97416;1;1;1;7;RN3 (1); -21,3118800000;55,4963200000
202200003122;5;8;2022;18:35;1;77;77384;1;1;1;6;AUTOROUTE A5A;48,5987213793;2,6065129475
202200003123;25;11;2022;13:45;1;03;03043;1;2;1;3;D2009;46,2070940000;3,2799450000
202200003124;5;6;2022;00:18;5;974;97416;1;1;1;3;CD 29; -21,3326000000;55,5234400000
202200003125;5;8;2022;18:35;1;78;78206;1;1;1;3;A13;48,9529020000;1,9408080000
202200003126;3;6;2022;09:50;1;974;97416;2;1;1;6;RECHERCHANT(RUE ADRIEN); -21,2871930000;55,4821480000
202200003127;25;11;2022;18:25;3;54;54162;1;1;1;6;departementale 11;48,6469140000;5,8353060000
202200003128;5;8;2022;15:05;1;78;78322;1;1;1;4;RN12;48,7871420000;2,1484990000
202200003129;2;6;2022;16:30;1;974;97416;1;4;1;3;MAURICE THOREZ(CHEMIN); -21,2769400000;55,4702500000
202200003130;6;8;2022;15:20;1;93;93007;1;1;1;2;AUTOROUTE A1;48,9461510301;2,4408797622
202200003131;26;11;2022;01:10;3;05;05056;1;2;9;3;Route de Gap;44,6334590000;6,1364440000
202200003132;4;6;2022;15:00;1;974;97411;2;2;1;3;JAURES (BLD 1 JEAN); -20,8903000000;55,4529000000
202200003133;26;11;2022;11:25;1;50;50236;1;1;1;6;Route de Carentan;49,2919230000; -1,5262310000
202200003134;25;11;2022;21:00;5;50;50394;2;1;2;6;Place du Général Leclerc (Parking);49,1867610000; -1,4081340000
202200003135;3;6;2022;16:50;1;974;97411;2;1;1;3;BOUGAINVILLEES (ROUTE DES); -20,9210000000;55,4032700000
202200003136;5;8;2022;16:35;1;59;59599;2;1;1;2;GRAMME (CHAUSSEE);50,7378357817;3,1635662913
202200003137;2;6;2022;07:40;1;974;97411;2;9;1;3;CHAUDRON  (BLD 1 DU); -20,8880030000;55,4898910000
202200003138;1;6;2022;09:30;1;974;97411;2;1;1;3;MARIE (RUE SAINTE); -20,8840700000;55,4499000000
202200003139;25;11;2022;19:30;3;50;50484;2;1;1;4;les Isles;48,5806390000; -1,1064380000
202200003140;26;11;2022;14:45;1;83;83046;1;9;1;3;D22;43,4926888960;6,1409249454
202200003141;30;5;2022;11:30;1;974;97409;2;1;1;6;BRAS MOUSSELINE (chemin du); -20,9637600000;55,6196400000
202200003142;6;8;2022;02:15;3;988;98818;2;1;1;6;AVENUE JAMES COOK; -22,2626800000;166,3968000000
202200003143;3;6;2022;19:35;5;974;97407;2;3;1;3;LENINE (AVENUE); -20,9416900000;55,3024700000
202200003144;25;11;2022;18:34;2;17;17020;1;1;1;1;D699;45,5066480000; -0,3315640000
202200003145;5;8;2022;21:35;5;974;97411;2;3;1;3;MACE (BOULEVARD GABRIEL); -20,8724500000;55,4496600000
202200003146;27;4;2022;13:25;1;76;76681;2;1;1;3;Rue Francois Raspail;49,4160100000;1,0957300000
202200003147;3;6;2022;06:30;2;974;97407;2;2;1;3;LASSERVE ALEXANDRE(RUE); -20,9367200000;55,2909500000
202200003148;25;11;2022;16:45;2;87;87044;1;1;2;7;Chez Daniel;45,7547240000;0,7652880000
202200003149;5;8;2022;07:00;2;974;97411;2;2;1;3;DODU 1 (RUE JULIETTE); -20,8841340000;55,4533680000
202200003150;25;4;2022;17:10;1;76;76486;1;1;1;4;D938;49,3345900000;1,0118500000
202200003151;1;6;2022;07:20;1;974;97407;2;2;1;5;SANS SOUCIS(RUE); -20,9492300000;55,2939500000
202200003152;25;11;2022;20:45;3;48;48132;1;1;2;6;D987 - LE GALIER;44,7760400000;3,3679100000
202200003153;4;6;2022;12:20;1;973;97302;2;1;1;7;PREVOT (ERNEST);4,9340900000; -52,3330400000
202200003154;5;8;2022;18:15;1;973;97302;2;1;1;3;UNIVERSITE CHICAGO (RUE DE);4,9341585860; -52,2990551591
202200003155;16;4;2022;16:30;1;76;76498;1;1;1;2;N338 - Sud 3;49,4346200000;1,0692900000
202200003156;6;9;2022;00:45;3;35;35353;1;1;1;6;D125;48,1184649985; -1,7430979013
202200003157;4;6;2022;10:20;1;973;97302;1;1;1;5;ROUTE NATIONALE 1;4,9053300000; -52,3233500000
202200003158;2;5;2022;09:15;1;74;74012;2;1;1;6;ARVE (RUE DE L');46,1858400000;6,2235500000
202200003159;2;5;2022;19:00;1;73;73065;2;2;1;3;GAMBETTA LEON (BOULEVARD);45,5730900000;5,9141500000
202200003160;4;6;2022;08:30;1;973;97302;1;6;2;3;LEBLOND (ROND POINT);4,9211200000; -52,3294200000
202200003161;2;6;2022;09:55;1;973;97302;2;1;1;6;ESTREES (AVENUE D');4,9405800181; -52,3242598772
202200003162;25;11;2022;19:00;3;34;34172;1;1;1;2;A 709, PK 13+400 sens sud;43,5927620000;3,9032680000
202200003163;27;4;2022;08:15;1;72;72181;2;2;1;6;QUERU COLONEL ENTRE ST-AUBIN ET DEGRE;48,0150000000;0,1828400000
202200003164;29;4;2022;18:05;1;72;72181;2;1;1;6;BOEUFS PETIT FOUILLET (CHEMIN AUX);47,9749500000;0,2397100000
202200003165;4;6;2022;15:40;1;69;69276;1;1;1;1;1 Avenue Albert Ramboz;45,6805844609;4,8461884260
202200003166;26;11;2022;05:45;3;13;13114;1;1;1;6;807 Route de Berre;43,5459020000;5,3334700000
202200003167;1;5;2022;03:05;3;71;71059;1;1;1;7;SAINT FIRMIN (VOIE COMMUNALE N°3);46,8263700000;4,4692000000
202200003168;8;5;2022;10:35;1;69;69259;2;2;1;3;Boulevard Marcel Sembat;45,7131000000;4,8768700000
202200003169;25;11;2022;06:55;2;971;97103;2;1;1;6;Houelbourg;16,2415660000; -61,5642070000
202200003170;2;5;2022;07:45;1;69;69029;2;3;1;3;Rue du 19 Mars 1962;45,7382700000;4,9047100000
202200003171;3;6;2022;18:20;1;69;69383;2;1;1;3;Rue Docteur Bouchut;45,7594809896;4,8552824728
202200003172;2;5;2022;07:00;2;69;69266;2;2;1;3;Rue d’Inkermann;45,7680518382;4,8658114672
202200003173;26;11;2022;11:30;1;976;97616;1;1;1;7;route departementale 5; -12,8619810000;45,1094770000
202200003174;3;6;2022;17:20;1;69;69199;2;1;1;2;Avenue des Frères Perret;45,6852166641;4,8471432924
202200003175;2;5;2022;16:10;1;69;69013;1;1;1;2;Avenue de Joux;46,0078869177;4,7292579567
202200003176;2;6;2022;16:20;1;69;69383;2;1;1;1;31 Rue Maurice Flandin;45,7605000000;4,8629900000
202200003177;25;11;2022;18:10;3;971;97107;1;1;1;1;Section Carangaise RN1;16,0678980000; -61,5682630000
202200003178;26;4;2022;22:12;4;68;68066;2;1;1;3;DE GAULLE (AVENUE DU GENERAL);48,0743590000;7,3432180000
202200003179;3;6;2022;17:50;1;972;97213;2;1;1;4;AUTOROUTE A1;14,6158100000; -61,0146400000
202200003180;28;4;2022;22:10;5;67;67482;2;3;1;6;GENERAL KOENIG (QUAI DU);48,5753000000;7,7548800000
202200003181;24;11;2022;08:30;2;77;77392;1;1;1;2;RN2;49,0651370000;2,7082530000
202200003182;3;6;2022;04:15;3;972;97213;1;1;2;1;ROUTE NATIONALE 1;14,6593900000; -60,9714100000
202200003183;25;11;2022;19:00;3;91;91318;2;1;8;7;Rue de la Tour de Pocancy;48,5125840000;2,2702590000
202200003184;28;4;2022;08:40;1;67;67482;2;6;1;3;COMTES (ALLEE DES);48,5838700000;7,7146400000
202200003185;2;6;2022;21:00;5;972;97213;1;1;1;6;ROUTE DEPARTEMENTALE 14;14,6201000000; -61,0215700000
202200003186;25;11;2022;12:05;1;2B;2B337;1;1;3;6;T 20;42,4706090000;9,2265630000
202200003187;1;5;2022;04:55;3;66;66136;1;1;1;6;R D 900;42,7085700000;2,8784700000
202200003188;5;6;2022;14:40;1;972;97209;2;1;1;3;FRANCOIS ARAGO (RUE);14,6057400000; -61,0725800000