Num_Acc;jour;mois;an;hrmn;lum;dep;com;agg;int;atm;col;adr;lat;long
202200003679;4;6;2022;12:10;1;45;45234;2;1;1;6;Boulevard Guy-Marie Riobé;47,9128500000;1,9128500000
202200003680;23;11;2022;07:10;2;69;69382;2;1;1;2;Rue de la Charité;45,7547051727;4,8325493932
202200003681;21;3;2022;10:40;1;05;05061;2;1;1;2;FAUVINS ( ROUTE  DES );44,5640000000;6,0939500000
202200003682;1;5;2022;13:50;1;974;97411;1;1;1;3;JAURES (BOULEVARD JEAN); -20,8942400000;55,4716700000
202200003683;7;11;2022;19:17;5;75;75118;2;2;1;3;BOULEVARD NEY;48,8976470000;2,3290430000
202200003684;7;11;2022;18:40;5;75;75118;2;1;1;6;RUE DE LA CHAPELLE;48,8976330000;2,3594590000
202200003685;23;11;2022;01:20;5;69;69389;2;1;2;6;Rue du Chapeau Rouge;45,7710700000;4,8076800000
202200003686;3;6;2022;02:50;5;45;45234;2;3;1;3;2 Rue de la Poterne;47,8984600000;1,9092500000
202200003687;1;5;2022;16:25;1;973;97302;2;1;1;3;MANGO (ROUTE);4,9326701305; -52,3186138272
202200003688;7;11;2022;12:40;1;75;75110;2;3;1;2;QUAI DE JEMMAPES;48,8755230000;2,3642660000
202200003689;12;12;2022;17:25;5;62;62155;2;1;1;1;Impasse du Hericat;50,7750350000;2,0239420000
202200003690;2;6;2022;20:12;1;45;45232;2;6;1;3;1296 Rue Marcel Belot;47,8567066447;1,9029972553
202200003691;1;5;2022;05:30;5;973;97302;2;3;2;3;RABAN (ROUTE DE);4,9280100000; -52,3138300000
202200003692;22;12;2022;14:15;1;68;68374;2;1;1;3;18 Rue des Prés;48,0851970000;7,3085220000
202200003693;1;5;2022;23:15;5;69;69383;2;1;1;2;41 Cours Richard Vitton;45,7535888734;4,8904274404
202200003694;15;11;2022;17:15;2;16;16424;1;1;1;1;route départementale 731 - pk 58+400;45,2830550000;0,0087550000
202200003695;17;3;2022;17:21;1;03;03013;2;1;1;3;Route de Paris;46,5806400000;3,3214900000
202200003696;2;6;2022;13:05;1;45;45234;2;2;1;4;19 Rue Basse Mouillère;47,8794900000;1,9089500000
202200003697;1;5;2022;19:30;1;69;69259;2;1;1;7;88 Avenue Francis de Pressensé;45,7249176257;4,8639003932
202200003698;11;12;2022;11:20;1;62;62014;2;1;2;7;D196;50,6472820000;2,3660560000
202200003699;23;11;2022;19:35;5;95;95268;2;1;2;6;Avenue Frédéric Joliot-curie;48,9748100000;2,4121000000
202200003700;5;1;2022;15:20;1;59;59350;2;1;1;3;Rue de Turenne;50,6294062024;3,0363196135
202200003701;4;6;2022;15:40;1;44;44162;2;1;2;6;1 Place Océane;47,2242500000; -1,6277400000
202200003702;1;5;2022;18:40;1;69;69386;2;2;1;6;Rue Bossuet;45,7682700000;4,8554500000
202200003703;22;9;2022;19:26;1;73;73008;2;6;1;6;TRESSERVE AVENUE DE;45,6860213537;5,9133484013
202200003704;2;1;2022;17:10;2;59;59574;1;1;2;6;;50,3606810000;3,2620640000
202200003705;3;6;2022;20:45;1;44;44162;2;1;1;1;15 Rue d'Issoire;47,2134700000; -1,6117100000
202200003706;1;5;2022;19:00;1;69;69388;2;2;1;3;Rue Professeur Marcel Dargent;45,7224501980;4,8847510099
202200003707;2;1;2022;13:42;1;59;59491;1;1;1;1;;50,4004260000;3,4469720000
202200003708;2;6;2022;09:15;1;44;44109;2;1;1;3;Quai de la Fosse;47,2095100000; -1,5657400000
202200003709;1;5;2022;12:10;1;69;69386;2;2;1;3;Rue Bellecombe;45,7651800000;4,8636100000
202200003710;29;12;2022;14:12;1;972;97209;2;1;1;3;SALVADOR ALLENDE (AVENUE);14,6103200000; -61,0497500000
202200003711;21;3;2022;19:35;5;75;75120;2;1;1;2;BD PERIPHERIQUE INTERIEUR;48,8696430000;2,4132670000
202200003712;30;4;2022;01:25;3;44;44114;1;1;1;6;N844;47,2599590000; -1,6191020000
202200003713;13;7;2022;20:00;1;45;45028;2;1;1;2;186 Rue de Chateaudun;47,7992980000;1,6247430000
202200003714;1;5;2022;10:30;1;69;69388;2;2;1;3;Avenue Paul Santy;45,7311800000;4,8725900000
202200003715;23;11;2022;13:15;1;95;95197;2;1;1;6;Rue Charles de Gaulle;48,9756920000;2,3280180000
202200003716;12;12;2022;18:15;4;26;26333;2;4;8;3;Rue du Port;45,1781850000;4,8132050000
202200003717;1;5;2022;14:20;1;972;97213;1;1;1;7;AUTOROUTE A1;14,6053800000; -61,0031800000
202200003718;3;6;2022;16:15;1;43;43157;2;9;1;6;18 Boulevard Carnot;45,0452000000;3,8801200000
202200003719;2;5;2022;01:00;5;69;69383;2;4;1;6;Rue Trarieux;45,7451100000;4,8804600000
202200003720;20;5;2022;10:25;1;42;42110;2;1;1;6;Avenue Louis Pasteur;45,4839100000;4,5356500000
202200003721;17;12;2022;17:30;2;987;98747;1;1;1;2;PK 58 devant la marina; -17,7560000000; -148,7360000000
202200003722;21;3;2022;08:55;1;75;75114;2;1;1;2;BD PERIPHERIQUE EXTERIEUR;48,8177210000;2,3339990000
202200003723;26;9;2022;19:10;2;70;70550;1;1;2;6;R.N. 19;47,6298500000;6,1670900000
202200003724;1;5;2022;10:30;1;69;69381;2;3;1;3;Rue des Capucins;45,7695300000;4,8350000000
202200003725;4;6;2022;01:30;4;42;42305;1;1;1;6;Rue George Sand;45,4743400000;4,4303000000
202200003726;30;12;2022;06:05;5;54;54395;2;1;1;3;CARMES (RUE DES);48,6910376878;6,1808918417
202200003727;23;11;2022;13:30;1;91;91201;2;1;1;2;AV DU GENERAL DE GAULLE;48,6864500000;2,4043200000
202200003728;1;5;2022;19:54;1;2A;2A004;1;1;1;2;T21;41,9286800000;8,7665000000
202200003729;3;6;2022;02:40;5;42;42305;1;3;1;6;Rue Salvador Allende;45,4716400000;4,4238900000
202200003730;25;3;2022;16:30;1;971;97101;1;1;1;2;JEAN  IGNACE (RUE) ;16,2518800000; -61,5194500000
202200003731;24;4;2022;16:55;1;95;95205;2;1;1;1;PARIS (RUE DE);49,0229500000;2,3865600000
202200003732;2;6;2022;09:20;1;42;42187;2;1;1;6;Rue Voltaire;46,0344670000;4,0721120000
202200003733;1;5;2022;17:22;1;95;95288;2;1;1;6;Rue du Docteur Goldstein;48,9879315747;2,3542660475
202200003734;23;11;2022;13:10;1;91;91657;2;3;2;3;AV HENRI CHARON;48,7052000000;2,4256800000
202200003735;5;6;2022;16:30;1;42;42095;1;9;1;7;Route de Roche-la-Molière;45,4034099351;4,2922653258
202200003736;21;3;2022;23:55;5;75;75120;2;1;1;4;BD PERIPHERIQUE EXTERIEUR;48,8500380000;2,4153270000
202200003737;6;10;2022;19:45;1;87;87085;2;1;1;3;CORDERIE (BOULEVARD DE LA);45,8272400000;1,2652000000
202200003738;30;4;2022;17:45;1;91;91479;2;1;1;2;AV DU GENERAL DE GAULLE;48,7098070000;2,3595900000
202200003739;30;5;2022;23:00;5;38;38185;2;7;1;6;PLACE VICTOR HUGO;45,1884300000;5,7244700000
202200003740;21;11;2022;17:40;2;87;87085;2;2;3;6;PALISSY (RUE BERNARD);45,8331900000;1,2533500000
202200003741;28;2;2022;11:10;1;59;59512;2;3;2;7;TOURCOING (RUE DE);50,7044520000;3,1709370000
202200003742;22;3;2022;14:15;1;75;75106;2;1;1;6;RUE SUGER;48,8529441207;2,3414578289
202200003743;1;5;2022;11:55;1;85;85191;1;9;1;6;RD 160 ROCADE NORD;46,6856500000; -1,4451950000
202200003744;14;12;2022;12:20;1;87;87050;2;1;2;7;BEAUNE (ROUTE DE);45,8855300000;1,2660600000
202200003745;18;11;2022;16:02;1;84;84035;2;1;1;5;CAMP-CR84 (CHEMIN DU);43,8298100000;5,0548800000
202200003746;29;12;2022;08:00;3;62;62758;2;9;2;7;Centre Commercial Auchan;50,7329200000;1,6734800000
202200003747;22;3;2022;07:30;1;75;75105;2;5;1;3;AVENUE DES GOBELINS;48,8384715071;2,3507671058
202200003748;1;5;2022;02:10;5;83;83137;2;2;1;3;15EME CORPS (AVE DU);43,1273166707;5,9185588360
202200003749;5;6;2022;14:53;1;37;37233;2;3;1;2;JAURES (BOULEVARD JEAN);47,3968712977;0,7286220789
202200003750;23;11;2022;22:00;5;83;83126;2;3;1;3;SAINT-EXUPERY (AV ANTOINE DE);43,1114000000;5,8730600000
202200003751;15;12;2022;17:30;5;45;45068;2;1;2;6;21 Rue Saint-Just;48,0077920000;2,7200350000
202200003752;22;3;2022;13:34;1;75;75120;2;1;1;6;RUE D AVRON;48,8520431429;2,4024304748
202200003753;29;12;2022;14:45;1;14;14341;1;6;1;7;N158;49,1451000000; -0,3386000000
202200003754;23;11;2022;19:25;5;77;77449;2;6;8;1;D345/D344;48,8520000000;2,7785700000
202200003755;4;6;2022;15:20;1;37;37261;2;1;6;6;SAVONNIERES (ROUTE DE);47,3703364404;0,6759354472
202200003756;22;3;2022;20:30;5;75;75119;2;2;1;6;RUE D AUBERVILLIERS;48,8897020000;2,3681240000
202200003757;21;12;2022;17:35;3;45;45239;1;1;2;6;D42 PR 12 + 807;47,9019080000;2,6440360000
202200003758;30;4;2022;15:55;1;83;83137;1;1;1;4;WEYGAND (AVE GENERAL);43,1208154508;5,9511816502
202200003759;23;11;2022;11:00;1;77;77438;2;1;3;6;D418;48,8650000000;2,6770000000
202200003760;22;3;2022;16:50;1;75;75119;2;5;1;7;AVENUE SECRETAN;48,8801530000;2,3756950000
202200003761;3;6;2022;12:26;1;37;37261;2;9;1;6;HEURTELOUP (BOULEVARD);47,3936000000;0,6897600000
202200003762;7;12;2022;17:00;1;56;56036;2;3;1;5;182 Rue Pierre Landais;47,7850370000; -3,3372310000
202200003763;22;4;2022;08:55;1;83;83129;2;9;1;3;COUDOULIERE (LA);43,0974397372;5,8121339679
202200003764;22;3;2022;18:15;1;75;75117;2;2;1;6;AVENUE NIEL;48,8786490000;2,2942230000
202200003765;24;12;2022;15:30;1;63;63411;1;1;1;6;D713;45,5929931962;3,2253064462
202200003766;3;6;2022;11:35;1;37;37261;2;1;1;3;GRAMMONT (AVENUE DE);47,3790474155;0,6935676187
202200003767;23;11;2022;20:45;5;76;76217;2;3;2;1;BONNE NOUVELLE (ROUTE);49,9218268023;1,0931643248
202200003768;24;12;2022;12:25;1;13;13007;2;1;1;3;40 Rue Grande;43,3691700000;5,6310730000
202200003769;22;3;2022;13:15;1;75;75117;2;3;1;3;AVENUE DE VILLIERS;48,8847750279;2,2985646129
202200003770;22;11;2022;12:05;1;72;72181;2;1;1;6;DURAND GEORGES (AV) N° PAIRS 312 A 460;47,9680800000;0,2189100000
202200003771;29;10;2022;20:25;3;33;33038;1;1;1;1;Route de Goulée;45,3704220000; -0,9160920000
202200003772;30;4;2022;10:25;1;77;77431;2;6;1;1;RUE DES PYRENEES;48,2634300000;2,6790000000
202200003773;22;3;2022;17:10;1;75;75115;2;4;1;6;RUE CORBON;48,8356070000;2,3027550000
202200003774;2;6;2022;08:05;1;37;37122;1;1;1;4;RD 37;47,3407348069;0,6590777636
202200003775;3;12;2022;19:35;3;33;33229;2;1;2;6;Cassy;44,7145100000; -1,0439800000
202200003776;21;11;2022;18:00;5;72;72095;2;1;1;5;SAINT MICHEL (BD);48,0308600000;0,2047100000
202200003777;31;12;2022;16:30;1;14;14009;1;1;1;6;D514;49,2593230000; -0,2369300000
202200003778;1;5;2022;23:40;5;74;74010;2;1;1;6;ASTERS (DES);45,9007820000;6,1013670000
202200003779;22;3;2022;15:20;1;75;75115;2;2;1;6;RUE DE LOURMEL;48,8456560000;2,2879960000
202200003780;26;12;2022;15:00;1;95;95488;2;1;1;6;Route d'Eragny à Bessancourt;49,0229384933;2,1385735273
202200003781;18;11;2022;13:35;1;70;70550;2;1;2;6;BELIN (RUE EDOUARD);47,6325800000;6,1648200000
202200003782;5;6;2022;06:45;1;35;35278;1;1;1;6;N136;48,1406400000; -1,6882500000
202200003783;1;5;2022;18:15;1;69;69256;2;1;1;2;Rue de la Poudrette;45,7630048602;4,9196836352
202200003784;31;12;2022;16:25;1;88;88383;1;1;1;6;D 23;47,9938900000;6,5719300000
202200003785;22;3;2022;15:15;1;75;75114;2;1;1;6;RUE DU PERE CORENTIN;48,8237230000;2,3272960000
202200003786;24;11;2022;00:02;5;69;69266;2;1;2;2;Cours Emile Zola;45,7636730247;4,9114680289
202200003787;20;11;2022;04:30;4;26;26198;1;1;1;6;RN 7 (Meyrol));44,5726900000;4,7399300000
202200003788;5;6;2022;03:00;5;35;35238;2;2;2;3;MITTERAND (MAIL FRANCOIS);48,1086699351; -1,6926361620
202200003789;22;3;2022;09:30;1;75;75114;2;3;7;6;RUE SAINT YVES;48,8256580000;2,3344550000
202200003790;1;5;2022;17:50;1;69;69266;2;2;1;3;Rue Alexis Perroncel;45,7758700000;4,8832700000
202200003791;6;11;2022;05:20;3;94;94052;2;1;1;6;ALBERT 1ER (BD);48,8345440000;2,4932980000
202200003792;23;11;2022;07:30;1;69;69286;1;3;8;3;Route de Strasbourg;45,8525800000;4,9080900000
202200003793;15;12;2022;07:30;3;62;62421;1;1;9;6;D15;50,0972105340;3,0777840951
202200003794;21;3;2022;19:20;5;75;75114;2;2;1;3;BOULEVARD SAINT JACQUES;48,8330550000;2,3359970000
202200003795;5;6;2022;00:40;3;35;35281;1;1;1;5;PORTE DE ST NAZAIRE;48,0923237509; -1,7074117810
202200003796;30;4;2022;19:10;1;69;69264;2;2;1;3;Rue Jules Ferry;45,9814465955;4,7348552942
202200003797;24;5;2022;17:00;1;2A;2A345;1;3;1;3;T20;42,0458510000;8,9249750000
202200003798;4;6;2022;13:55;1;35;35238;2;1;1;2;CHEZY (BD DE);48,1150700000; -1,6872500000
202200003799;21;3;2022;17:00;1;75;75114;2;5;1;2;RUE D ALESIA;48,8305100000;2,3192910000
202200003800;27;4;2022;19:30;1;67;67180;2;2;7;1;BISCHWILLER (ROUTE DE);48,8023300000;7,8127200000
202200003801;10;12;2022;16:25;1;88;88116;1;4;1;3;Rue de Chermenil;47,9769430000;6,8330450000
202200003802;26;4;2022;18:06;1;59;59350;2;1;1;6;FAUBOURG DES POSTES RUE;50,6073692909;3,0433337688
202200003803;4;6;2022;00:20;5;35;35238;2;2;1;6;ARMORIQUE (BD D');48,1278900000; -1,6832200000
202200003804;21;3;2022;12:45;1;75;75114;2;3;1;6;RUE RAYMOND LOSSERAND;48,8356100000;2,3211910000
202200003805;16;12;2022;14:10;1;973;97311;1;1;2;1;Avenue Christophe Colomb;5,4576410000; -54,0409330000
202200003806;22;3;2022;04:40;5;75;75113;2;1;1;6;RUE DU MOULIN DE LA POINTE;48,8246042361;2,3571453989
202200003807;31;12;2022;05:00;3;54;54571;1;1;2;2;Autoroute A 33;48,6186000000;6,2437250000
202200003808;2;6;2022;23:00;3;35;35238;2;1;1;3;LORIENT (DE);48,1072200000; -1,7185900000
202200003809;1;5;2022;18:40;1;51;51454;2;4;1;2;rue Clovis Chézel;49,2392300000;4,0313300000
202200003810;17;1;2022;12:10;1;51;51108;2;3;1;7;Rue du Temple;48,9538646385;4,3472450226
202200003811;21;3;2022;05:07;5;75;75112;2;2;1;3;AVENUE DAUMESNIL;48,8486240000;2,3726090000
202200003812;2;6;2022;17:45;1;35;35281;2;1;1;3;MENDES FRANCE (BD PIERRE);48,0969345047; -1,6931477934
202200003813;30;4;2022;23:45;5;51;51230;2;1;1;3;Avenue Maréchal Joffre;49,0515600000;3,9552600000
202200003814;2;6;2022;16:25;1;35;35238;2;1;1;6;DUPONT DES LOGES;48,1080102777; -1,6668312997
202200003815;21;3;2022;12:50;1;75;75112;2;3;1;3;RUE DE LYON;48,8514120000;2,3699130000
202200003816;25;12;2022;02:36;5;71;71076;2;3;2;3;PARIS (AVENUE DE);46,7878000000;4,8510500000
202200003817;1;5;2022;18:40;1;45;45234;2;7;1;3;Boulevard de Verdun;47,9066400000;1,9039300000
202200003818;2;6;2022;07:35;1;35;35238;2;1;1;3;MALAKOFF;48,1064395484; -1,6932456940
202200003819;22;3;2022;08:50;1;75;75111;2;3;1;2;RUE DE CHARONNE;48,8538190000;2,3815730000
202200003820;27;12;2022;16:55;1;48;48095;2;3;1;7;ONZE NOVEMBRE (AVENUE DU);44,5285500000;3,4729600000
202200003821;4;6;2022;21:30;1;35;35150;2;1;1;6;BLICHE (BOULEVARD DE);48,3532190000; -1,2197410000
202200003822;30;4;2022;17:00;1;37;37214;2;3;1;3;CROIX PERIGOURD (RUE DE LA);47,4197233144;0,6557276845
202200003823;4;6;2022;02:15;5;34;34172;2;3;1;3;RENOUVIER (BOULEVARD);43,6048100000;3,8675700000
202200003824;1;5;2022;19:40;1;35;35238;2;2;1;3;Boulevard Maréchal de Lattre de Tassigny;48,1122642936; -1,6870974004
202200003825;24;11;2022;18:30;3;42;42189;2;4;8;3;Rue de la Chiorarie;45,4346900000;4,3367800000
202200003826;22;3;2022;07:45;1;75;75111;2;4;1;3;BOULEVARD VOLTAIRE;48,8528091074;2,3884776235
202200003827;30;4;2022;20:05;1;33;33063;2;2;1;3;Rue du Jardin Public;44,8602469329; -0,5706335305
202200003828;3;6;2022;00:15;5;34;34172;2;2;1;3;BLUM (RUE LEON);43,6089900000;3,8907100000
202200003829;30;12;2022;19:15;5;13;13005;2;1;1;3;Camp Major;43,2869676424;5,5330244448
202200003830;22;3;2022;14:25;1;75;75110;2;5;1;2;RUE LA FAYETTE;48,8785340000;2,3540600000
202200003831;30;4;2022;17:30;1;33;33550;2;1;1;2;Route de Toulouse;44,7820531252; -0,5660732388
202200003832;4;6;2022;03:00;5;33;33063;2;2;1;3;Cours d’Alsace et Lorraine;44,8375500000; -0,5737900000
202200003833;21;12;2022;06:55;5;01;01445;2;1;2;6;Route de Strasbourg;46,3452910000;5,3205590000
202200003834;22;3;2022;19:30;5;75;75108;2;2;1;6;AVENUE GEORGE V;48,8710220000;2,3008990000
202200003835;29;12;2022;15:20;1;987;98722;2;1;1;6;RT2 PK 32.100 à MAHAENA; -17,5920000000; -149,3910000000
202200003836;3;6;2022;08:50;1;33;33032;1;1;1;2;Quai Alfred de Vial;44,9057300000; -0,5352300000
202200003837;21;3;2022;21:10;5;75;75103;2;2;1;6;RUE AUX OURS;48,8630420000;2,3524220000
202200003838;29;4;2022;13:20;1;29;29232;2;6;1;3;Rue du Cosquer;48,0012610000; -4,1109350000
202200003839;22;3;2022;15:50;1;94;94037;2;3;1;7;141 Avenue Paul Vaillant-Couturier;48,8167300000;2,3338600000
202200003840;2;6;2022;18:05;1;33;33318;2;1;1;3;Avenue de Magonty;44,7939100000; -0,7018700000
202200003841;29;4;2022;16:35;1;27;27375;1;1;1;2;TABARLY (VOIE ERIC);49,2141500000;1,1803300000
202200003842;22;3;2022;15:00;1;94;94038;2;9;1;6;39 Rue Paul Hochart;48,7759400000;2,3575900000
202200003843;1;5;2022;18:22;1;18;18033;2;1;7;6;Avenue d'Orléans;47,0870000000;2,3874400000
202200003844;29;12;2022;20:03;3;87;87085;1;1;2;2;AUTOROUTE A20;45,8587600000;1,2841800000
202200003845;1;6;2022;19:40;1;33;33550;2;2;1;3;Route de Toulouse;44,7786952934; -0,5663435571
202200003846;18;12;2022;04:20;3;60;60382;1;1;1;7;D 202;49,4439400000;2,7943300000
202200003847;22;3;2022;15:20;1;94;94028;2;2;1;7;Avenue Laferrière / Allee Maurice Angot;48,8018700000;2,4590000000
202200003848;4;6;2022;18:15;1;33;33009;2;1;1;7;MESTREZAT (BD);44,6547100000; -1,1464400000
202200003849;11;12;2022;02:50;5;59;59527;2;1;1;6;SANGNIER MARC AVENUE;50,6602000000;3,0431200000
202200003850;30;4;2022;17:14;1;18;18033;2;6;1;3;Chaussée de Chappe;47,0916100000;2,4220500000
202200003851;21;3;2022;17:45;1;94;94028;2;1;1;6;Rue Madeleine Pingot;48,7836271247;2,4646558501
202200003852;2;6;2022;01:35;3;33;33529;1;6;2;6;CAZAUX (BD DE);44,5485600000; -1,1575300000
202200003853;1;11;2022;21:26;2;94;94081;2;2;1;3;JULES GUESDE (QU);48,7947100000;2,4180300000
202200003854;1;5;2022;17:15;1;13;13203;2;2;1;7;LOUBON (RUE);43,3112543993;5,3780662273
202200003855;21;3;2022;13:15;1;94;94028;2;2;1;3;Route de Choisy / Rue de la Porte des Champs;48,7877300000;2,4506400000
202200003856;3;6;2022;17:30;1;31;31555;2;1;1;6;AV DES MAZADES;43,6226300000;1,4422200000
202200003857;24;12;2022;18:16;3;82;82156;1;1;5;2;Route de Lavit;44,0030950000;0,9892850000
202200003858;26;4;2022;12:24;1;13;13005;2;1;1;3;MANOUCHIAN (AVENUE);43,2865440958;5,5484905518
202200003859;30;12;2022;16:40;2;29;29216;1;1;3;7;Chemin de Kergorentin;47,9977330000; -4,2100490000
202200003860;3;6;2022;07:20;1;31;31555;1;1;1;6;AV DU GENERAL EISENHOWER;43,5583800000;1,4012000000
202200003861;22;3;2022;20:00;5;94;94022;2;1;1;3;Avenue Anatole France;48,7600500000;2,4119300000
202200003862;2;5;2022;01:15;5;06;06088;2;1;2;6;CANTA GALET (RTE DE);43,7075600000;7,2201780000
202200003863;25;12;2022;15:15;1;69;69266;1;1;1;2;Boulevard Périphérique Laurent Bonnevay;45,7559200000;4,9086600000
202200003864;2;6;2022;20:50;1;31;31555;2;3;1;3;RUE HENRI DESBALS;43,5824607768;1,4143529534
202200003865;19;3;2022;12:35;1;94;94019;2;1;1;5;Avenue de l’Hippodrome;48,7952800000;2,5623900000
202200003866;2;6;2022;10:20;1;31;31483;2;1;1;6;PASTEUR (BOULEVARD);43,1084100000;0,7207800000
202200003867;24;9;2022;13:15;1;73;73011;2;1;8;6;BERGES (RUE ARISTIDE);45,6582915653;6,3716079540
202200003868;30;4;2022;15:40;1;01;01053;2;2;1;5;boulevard john kennedy;46,2035881777;5,2424633503
202200003869;22;3;2022;10:00;1;93;93049;2;1;1;6;Boulevard Galliéni;48,8531200000;2,5143800000
202200003870;29;7;2022;00:01;4;73;73011;2;1;1;1;D990 - TOURS (ROUTE DE);45,6687706848;6,4014649987
202200003871;22;3;2022;20:00;5;93;93029;2;2;1;6;Avenue Pasteur / Rue Dominique Roberty;48,9344423334;2,4529954791
202200003872;1;5;2022;18:40;1;75;75118;2;1;1;2;BD PERIPHERIQUE INTERIEUR;48,9006169404;2,3317149368
202200003873;28;8;2022;04:10;5;70;70388;2;6;1;6;RD13;47,6170700000;6,1339800000
202200003874;20;4;2022;18:25;1;30;30189;2;1;3;7;Avenue du Maréchal Juin;43,8187000000;4,3422000000
202200003875;31;10;2022;16:50;1;38;38063;1;9;1;1;D73;45,4242390000;5,4279110000
202200003876;22;3;2022;11:00;1;93;93057;2;5;1;3;Avenue Aristide Briand / Boulevard Roy;48,9111570000;2,5167760000
202200003877;31;10;2022;15:25;1;38;38442;1;1;1;7;Route du Col du Coq;45,2988000000;5,8097930000
202200003878;22;3;2022;07:00;1;92;92046;2;1;1;3;GABRIEL PERI;48,8192463407;2,2969220280
202200003879;30;10;2022;16:00;1;38;38434;2;1;1;6;D73;45,5263630000;5,5527040000
202200003880;1;5;2022;17:50;1;75;75112;2;1;1;4;BD PERIPHERIQUE EXTERIEUR;48,8335690000;2,4083410000
202200003881;29;10;2022;17:00;1;38;38022;2;1;1;7;Avenue Perriollat (Les Avenières);45,6340830000;5,5537260000
202200003882;1;5;2022;22:45;5;30;30189;2;1;1;3;THALES (RUE OU PLACE);43,8310100000;4,3296700000
202200003883;22;3;2022;10:59;1;92;92022;2;1;1;3;SALENGRO (AVENUE ROGER);48,8163323374;2,1945429146
202200003884;29;10;2022;10:00;1;38;38140;2;4;1;3;Avenue Ambroise Croizat;45,2721910000;5,8873040000
202200003885;22;3;2022;17:50;1;92;92063;2;1;1;6;HOPITAL STELL (BOULEVARD DE L');48,8791800000;2,1861100000
202200003886;29;4;2022;15:45;1;75;75116;2;1;1;3;BD PERIPHERIQUE INTERIEUR;48,8558397390;2,2568050996
202200003887;24;10;2022;07:15;2;38;38553;2;2;1;6;Avenue de la Verpillière;45,6174970000;5,1532320000
202200003888;22;3;2022;17:05;1;92;92050;2;1;1;3;VAILLANT COUTURIER PAUL RUE;48,8799000000;2,2071600000
202200003889;31;12;2022;18:20;5;14;14118;2;1;2;6;D401;49,2101320000; -0,3689230000
202200003890;29;4;2022;01:43;5;75;75114;2;2;1;3;AVENUE DU GENERAL LECLERC;48,8232718365;2,3254640045
202200003891;30;12;2022;00:49;5;87;87085;2;1;1;6;PERRIN (RUE FRANCOIS);45,8265300000;1,2373600000
202200003892;22;3;2022;17:40;1;92;92049;2;5;1;3;ARNOUX AVENUE MAURICE AUTRES N°;48,8159600000;2,3113600000
202200003893;29;12;2022;18:35;5;87;87114;2;3;2;1;BLUM (AVENUE LEON-);45,8323500000;1,3037200000
202200003894;21;3;2022;12:50;1;92;92049;2;1;1;3;PERI RUE GABRIEL N°1 A 35;48,8178247267;2,3235587776
202200003895;1;5;2022;21:40;5;75;75115;2;1;1;6;AVENUE DE BRETEUIL;48,8460300000;2,3118530000
202200003896;7;12;2022;15:35;1;30;30351;2;6;1;6;Avenue Gabriel Peri;43,9629700000;4,7994600000
202200003897;31;12;2022;02:10;3;76;76341;2;1;2;2;ROBERT ANCEL;49,5178400000;0,2032300000
202200003898;22;3;2022;07:55;1;92;92048;2;1;1;4;VAUGIRARD (ROUTE DE);48,8204300000;2,2379700000
202200003899;1;5;2022;16:00;1;75;75115;2;2;1;3;BOULEVARD DE GRENELLE;48,8491831278;2,2979755704
202200003900;30;12;2022;15:00;1;76;76351;2;1;2;3;CAPUCHET (DU);49,5233000000;0,1005000000
202200003901;31;12;2022;17:40;3;49;49007;2;1;1;3;ATLANTIQUE  AVENUE DE L';47,4700000000; -0,6010000000
202200003902;1;5;2022;01:30;5;75;75104;2;1;1;2;QUAI DE L HOTEL DE VILLE;48,8537560000;2,3565930000
202200003903;30;12;2022;13:00;1;34;34032;2;1;1;6;28bis Boulevard de Verdun;43,3365300000;3,2203200000
202200003904;22;3;2022;15:25;1;92;92044;2;2;1;3;ANA.FRANCE(RUE)77A139 ET 74A124;48,8953904558;2,2820234299
202200003905;30;12;2022;19:10;3;02;02059;1;1;2;6;;49,6461400000;3,3392700000
202200003906;1;5;2022;21:30;5;75;75109;2;7;1;3;RUE DE CLICHY;48,8765330000;2,3309630000
202200003907;2;11;2022;10:50;1;92;92025;2;1;1;3;VALMY (BD DE);48,9244069631;2,2526223957
202200003908;25;10;2022;15:25;1;92;92025;2;2;1;1;PAUL BERT (RUE);48,9274300000;2,2470500000
202200003909;21;3;2022;20:10;5;92;92036;2;1;1;2;BAS ( RUE DES );48,9188219189;2,2907038629
202200003910;1;5;2022;00:30;5;75;75104;2;1;1;3;RUE DE RIVOLI;48,8581710000;2,3493500000
202200003911;14;6;2022;20:40;2;88;88158;2;1;1;1;Zone Industrielle la Plaine;48,0787990000;6,5989240000
202200003912;22;3;2022;12:50;1;92;92002;2;1;1;3;LEON JOUHAUX (AVENUE);48,7347326696;2,3098569810
202200003913;3;12;2022;21:00;5;92;92036;2;2;1;3;rue Jues Guesde;48,9275400000;2,2846300000
202200003914;1;5;2022;17:54;1;75;75107;2;2;1;3;AVENUE DE BRETEUIL;48,8516480000;2,3125370000
202200003915;23;3;2022;08:00;1;22;22097;1;2;1;3;La Tombe;48,4300230000; -2,1784200000
202200003916;29;12;2022;17:25;2;26;26169;1;1;1;2;Gare de Péage de Montélimar Sud, Sortie 18, A7;44,4812860000;4,7637530000
202200003917;30;12;2022;10:00;1;80;80621;1;1;2;3;CD 45;49,8302040000;2,8395470000
202200003918;22;3;2022;17:20;2;972;97210;1;1;1;6;D31;14,5792740000; -60,8858660000
202200003919;1;5;2022;04:00;5;75;75103;2;4;1;3;RUE DE TURBIGO;48,8668410000;2,3619160000