Num_Acc;jour;mois;an;hrmn;lum;dep;com;agg;int;atm;col;adr;lat;long
202200003920;29;12;2022;20:30;3;38;38140;2;1;2;6;Chemin Mayard (Pont);45,2867120000;5,9066320000
202200003921;23;3;2022;14:00;1;01;01419;1;1;1;3;Chemin de Pré Jacquet;46,2296760000;5,9975800000
202200003922;30;4;2022;23:05;5;75;75101;2;3;1;3;RUE DE RICHELIEU;48,8656120000;2,3366440000
202200003923;12;11;2022;16:59;1;28;28371;1;2;1;1;D116/D301.11;48,8481680000;1,4082670000
202200003924;22;3;2022;11:15;1;974;97413;2;1;1;2;Rue du Musee; -21,1999730000;55,2940140000
202200003925;29;12;2022;03:50;3;13;13005;1;1;1;2;A50-Sens Marseille vers Aubagne;43,2877959012;5,5463455617
202200003926;22;3;2022;17:00;1;30;30232;1;1;1;6;Route de Donnat;44,1747630000;4,5141260000
202200003927;30;4;2022;23:00;5;75;75104;2;2;1;3;RUE MORNAY;48,8495140000;2,3656500000
202200003928;21;3;2022;22:50;5;74;74134;2;1;1;1;Route des Grandes Alpes;46,1445700000;6,6493140000
202200003929;6;12;2022;09:10;1;59;59378;1;1;1;4;AUTOROUTE A22;50,6587000000;3,1165800000
202200003930;30;4;2022;22:00;5;75;75102;2;2;1;3;BOULEVARD DES ITALIENS;48,8714480000;2,3369500000
202200003931;30;12;2022;15:58;1;59;59009;1;1;2;2;ROUTE NATIONALE 227;50,6219500018;3,1344384655
202200003932;23;3;2022;16:15;1;71;71184;1;3;1;3;Surmoulin (Arrêt de bus);47,0071020000;4,3209480000
202200003933;24;12;2022;23:12;3;62;62274;1;1;1;6;A21;50,4255600000;2,9870800000
202200003934;30;4;2022;22:40;5;94;94081;2;2;1;3;Avenue Youri Gagarine;48,7893164459;2,3889791965
202200003935;31;12;2022;22:13;5;77;77373;2;1;1;7;RN 4;48,7769490000;2,5953910000
202200003936;22;3;2022;08:40;1;61;61163;2;1;7;3;L Ancrage;48,6496930000; -0,5150540000
202200003937;5;5;2022;12:25;1;94;94058;2;4;1;3;LEDRU ROLLIN (AV);48,8425756291;2,5025745034
202200003938;31;12;2022;03:10;3;60;60175;2;1;2;2;Boulevard Salvador Allende;49,2487100000;2,4571700000
202200003939;23;3;2022;07:50;1;49;49215;2;3;1;3;Rue des Collèges;47,1284690000; -0,1456490000
202200003940;1;5;2022;20:30;2;94;94017;2;6;1;2;Avenue du 8 Mai 1945 / Avenue Salvador Allendé;48,8096939047;2,5428720116
202200003941;31;12;2022;23:05;3;54;54263;1;1;1;6;RD 337;49,2117200000;5,9937300000
202200003942;23;3;2022;15:50;1;47;47052;2;6;1;3;Place de la Cardine;44,3131190000;0,0915630000
202200003943;31;12;2022;23:25;5;31;31044;1;1;1;6;16 SOUPETARD (PERIPH EST A61);43,5909300000;1,4940900000
202200003944;1;5;2022;00:10;5;93;93078;2;3;1;1;Avenue Emile Dambel / Rue Francois Mauriac;48,9566410000;2,5455760000
202200003945;1;5;2022;20:04;1;93;93055;2;1;1;3;Avenue Jean Lolive;48,8937060000;2,4155890000
202200003946;20;3;2022;19:40;3;34;34245;1;1;3;1;D612;43,4259120000;2,9272330000
202200003947;21;8;2022;19:45;1;74;74208;1;9;1;3;RN 205;45,9268270000;6,7538880000
202200003948;29;9;2022;11:15;1;14;14623;2;3;1;3;D562A;49,1100666296; -0,3742539883
202200003949;1;5;2022;15:00;1;93;93048;2;1;1;2;Avenue Jean Moulin;48,8621500000;2,4547500000
202200003950;22;3;2022;22:45;3;68;68042;1;1;1;2;D201;47,5920700000;7,5047460000
202200003951;22;9;2022;09:35;1;14;14610;1;3;1;1;D147A;49,1788858090; -0,4867967960
202200003952;13;9;2022;13:35;1;14;14258;2;1;1;6;Rue de la Roche;48,8947800000; -0,2037000000
202200003953;23;3;2022;17:05;1;25;25119;1;2;1;6;D70 PK/PR 4+500;47,2576670000;5,9172420000
202200003954;1;5;2022;18:15;1;93;93007;2;1;1;1;Avenue Paul Vaillant Couturier;48,9263730000;2,4689220000
202200003955;1;5;2022;20:46;4;93;93007;2;1;1;3;68 Avenue Paul Vaillant Couturier;48,9275740000;2,4736970000
202200003956;22;3;2022;19:15;5;25;25200;2;3;1;3;D108;47,3275410000;6,0083900000
202200003957;31;12;2022;01:00;5;75;75116;2;1;2;4;BD PERIPHERIQUE EXTERIEUR;48,8546400000;2,2547110000
202200003958;31;12;2022;05:47;5;75;75108;2;7;1;1;AVENUE DES CHAMPS ELYSEES;48,8735317156;2,2958409627
202200003959;22;3;2022;12:00;1;29;29220;2;6;1;7;Kerouant;47,8556000000; -4,2430370000
202200003960;23;12;2022;16:45;2;38;38378;2;4;1;1;D4;45,4457910000;4,7671890000
202200003961;30;4;2022;23:30;5;93;93005;2;2;1;3;Avenue de Nonneville / Rue Pierre Jouhet;48,9249670000;2,5040310000
202200003962;23;3;2022;12:45;1;29;29225;2;2;7;1;D40 - Rue de Quimper;47,9568530000; -4,3551780000
202200003963;31;12;2022;19:30;5;59;59260;2;2;1;3;Route de Furnes;51,0617500000;2,5221730000
202200003964;31;12;2022;17:55;3;04;04203;1;1;1;7;D900;44,3633940000;6,3261510000
202200003965;31;12;2022;10:00;1;42;42229;1;1;8;6;Route de Botoret;46,1812860000;4,3818280000
202200003966;1;5;2022;14:15;1;92;92024;2;1;1;3;CLAUDE DEBUSSY (AVENUE);48,9097495835;2,3092926443
202200003967;22;3;2022;08:30;1;02;02442;1;1;1;6;D15;49,2409210000;3,5344110000
202200003968;31;12;2022;16:05;1;41;41151;2;2;1;3;Rue de Tours;47,3422720000;1,1773130000
202200003969;31;12;2022;19:15;3;68;68168;1;1;1;7;D21;47,5619030000;7,4193550000
202200003970;23;3;2022;08:30;1;06;06059;2;1;1;6;197 avenue de Verdun;43,7305030000;7,3629110000
202200003971;1;5;2022;12:35;1;92;92024;2;1;1;1;JEAN JAURES (BD) DE (1 A 45)   (2 A 54);48,8996928307;2,3064949661
202200003972;31;12;2022;10:30;1;28;28342;1;1;1;2;D955;48,2998970000;0,8352400000
202200003973;21;3;2022;14:00;1;50;50481;1;1;1;6;Rue de Focherville;49,2388270000; -1,6191100000
202200003974;1;5;2022;09:35;1;92;92060;2;1;1;6;LIBERATION (AVENUE DE LA);48,7787082661;2,2531184703
202200003975;31;12;2022;13:30;1;987;98752;1;1;1;7;RT 20 - Route du lac Vaihiria; -17,7403480000; -149,3915750000
202200003976;22;3;2022;11:55;1;83;83051;1;4;1;1;D31;43,5186076381;6,2353527546
202200003977;31;12;2022;15:00;1;973;97301;1;1;2;1;PK 85.000;4,2935658637; -52,1419930458
202200003978;16;4;2022;20:10;1;80;80003;1;1;1;6;D114;50,0784180000;2,5368550000
202200003979;31;12;2022;15:30;1;29;29233;2;6;1;3;7 Allée Victor Schoelcher;47,8690200000; -3,5698060000
202200003980;31;12;2022;16:15;1;13;13023;1;1;1;7;route départementale 559 a;43,2353860000;5,5908390000
202200003981;22;3;2022;09:10;1;83;83012;1;1;1;1;RD554;43,5472730000;6,0080570000
202200003982;2;5;2022;12:40;1;86;86081;1;2;1;1;Route des Trainebots;46,7855330000;0,4803810000
202200003983;30;10;2022;15:40;1;74;74294;1;1;1;7;D354;46,1485020000;6,7052010000
202200003984;29;10;2022;22:25;3;74;74267;1;1;1;7;Route du col de leschaux;45,8416750000;6,1380480000
202200003985;28;10;2022;18:20;3;74;74010;2;1;2;6;D1201;45,9403920000;6,1177330000
202200003986;26;10;2022;10:30;1;74;74276;2;9;1;6;39 Rue de la poste;46,1077370000;6,5917380000
202200003987;22;3;2022;13:30;1;36;36007;1;2;1;2;;46,9526020000;1,4328410000
202200003988;28;10;2022;12:35;1;74;74280;2;1;1;6;12 Rue louis haase;45,8829280000;6,3189130000
202200003989;22;3;2022;10:56;1;40;40313;2;9;1;6;Rue Victor Hugo;43,8329360000; -0,8115350000
202200003990;28;10;2022;00:15;3;74;74243;1;1;1;7;Route de la capitaine;46,1282370000;6,0897520000
202200003991;21;10;2022;20:45;4;74;74012;2;1;3;7;BROUAZ (RUE DU);46,1854000000;6,2295000000
202200003992;24;10;2022;01:15;3;74;74213;1;1;2;1;Viaduc de Brassily (Pont);45,9082600000;6,0865060000
202200003993;22;10;2022;16:30;1;74;74242;2;6;7;3;295 route d'annecy;45,8359460000;6,1604650000
202200003994;20;3;2022;15:30;1;85;85264;2;3;1;2;RD938T;46,6920420000; -0,7047170000
202200003995;18;10;2022;14:55;1;74;74267;2;1;1;3;736 route d'Annecy;45,8778550000;6,1416870000
202200003996;21;3;2022;16:45;1;17;17339;1;1;1;2;Route de Saint Genis;45,4502940000; -0,4700090000
202200003997;29;10;2022;16:55;1;74;74083;1;1;1;5;Route de Saint Gervais;45,8900080000;6,6531010000
202200003998;21;10;2022;19:30;3;74;74042;2;1;3;3;392 Avenue de geneve;46,0820980000;6,4039400000
202200003999;22;3;2022;06:50;1;39;39508;1;1;1;7;;46,8416150000;5,5606360000
202200004000;27;6;2022;13:00;1;06;06150;1;9;1;1;58 Route de Menton;43,7516410000;7,4163780000
202200004001;21;10;2022;15:10;1;74;74012;2;3;2;3;ESSERTS (RUE DES);46,1972000000;6,2637100000
202200004002;23;3;2022;07:45;1;63;63181;1;1;1;2;A 71 PR 357+450;46,0351532232;3,1141476636
202200004003;17;10;2022;22:40;5;74;74012;2;1;1;1;DUSSONCHET (RUE JEAN-PHILIPPE);46,1872080000;6,2467980000
202200004004;23;3;2022;13:20;1;06;06152;1;6;1;7;Route des Cretes;43,6280280000;7,0362590000
202200004005;14;10;2022;15:00;1;74;74042;2;6;2;7;291 Avenue des glières;46,0739740000;6,4024990000
202200004006;22;3;2022;18:45;1;91;91045;2;-1;1;1;Rue de la Ferme de Maison Neuve;48,5244990000;2,3891080000
202200004007;28;6;2022;08:00;1;06;06149;2;9;1;1;Pénétrante du Paillon (Pont);43,7403441000;7,3101350000
202200004008;9;10;2022;15:00;1;74;74078;1;3;1;3;rue des closets;45,9680350000;5,9070610000
202200004009;22;3;2022;20:40;3;67;67223;1;9;1;6;A 35 PK411.900;48,4981730000;7,5623270000
202200004010;8;10;2022;09:05;1;74;74281;2;9;2;6;VALLEES (AVENUE DES);46,3705300000;6,4879000000
202200004011;23;3;2022;10:30;1;44;44211;1;3;1;3;2261 Boulevard de Lauvergnac;47,3662550000; -2,5118240000
202200004012;4;10;2022;08:00;2;74;74119;2;1;1;6;LEGER (QUAI PAUL) RD 1005;46,4000000000;6,5900000000
202200004013;31;12;2022;18:20;5;44;44109;2;1;1;6;13 Rue Gaëtan Rondeau;47,2064900000; -1,5342700000
202200004014;16;6;2022;22:33;5;06;06088;2;2;1;3;VEIL (AV. SIMONE);43,6974300000;7,1965900000
202200004015;23;3;2022;07:40;1;986;98613;1;1;1;3;RT2 MALAE; -13,2494100000; -176,1961070000
202200004016;30;12;2022;18:05;4;71;71475;2;1;2;6;CHARLES DODILLE (RUE);46,7630300000;4,8398400000
202200004017;30;12;2022;16:57;2;49;49007;2;1;3;6;DOYENNE BOULEVARD ET PASSAGE;47,4906100000; -0,5324400000
202200004018;14;2;2022;07:30;1;978;97801;2;1;1;3;Morne Valois, RN7;18,0781040000; -63,0769230000
202200004019;16;6;2022;17:32;1;06;06088;2;9;1;6;ARIANE (BD DE L');43,7346300000;7,2961900000
202200004020;16;9;2022;13:30;1;19;19275;2;1;1;6;COMBE (RUE DE LA);45,5457774282;2,3039270639
202200004021;23;3;2022;08:20;1;971;97111;1;1;1;1;RN 2 TILLET;16,3522620000; -61,7655010000
202200004022;29;12;2022;20:30;5;77;77058;2;1;1;6;Rue Claude Nicolas Ledoux;48,8381500000;2,7198800000
202200004023;13;6;2022;14:30;1;06;06088;2;2;1;6;SAINT-SYLVESTRE (AV. DE);43,7255000000;7,2498200000
202200004024;29;12;2022;18:20;5;54;54547;2;6;2;6;LECLERC (AVENUE DU GENERAL);48,6667035318;6,1662359834
202200004025;23;3;2022;15:59;1;77;77382;2;1;1;2;D436;48,9009750000;2,8728280000
202200004026;29;12;2022;15:40;1;22;22187;2;1;7;6;Rue de la Croix Lormel;48,5345150887; -2,7528262138
202200004027;11;6;2022;08:39;1;06;06088;2;2;1;6;CORNICHE FLEURIE (AV. DE LA);43,6817000000;7,2146100000
202200004028;23;3;2022;14:20;1;95;95142;1;1;1;1;RD 915;49,1543637023;1,9554162025
202200004029;31;12;2022;08:00;1;974;97411;2;2;1;3;SOURCE (RUE DE LA); -20,8886650000;55,4487800000
202200004030;22;3;2022;17:45;1;91;91318;2;1;1;1;1ter Rue Joliot Curie;48,5162380000;2,2690840000
202200004031;31;12;2022;02:25;5;972;97209;1;1;1;5;AUTOROUTE (A1);14,6181600000; -61,0388300000
202200004032;19;3;2022;12:00;1;78;78683;2;1;1;1;77 rue de saint germain;48,8106170000;1,8890290000
202200004033;10;6;2022;12:40;1;06;06088;2;1;1;6;SAINT-PIERRE DE FERIC (RTE DE);43,7120770000;7,2437650000
202200004034;30;12;2022;16:30;1;972;97209;1;1;2;4;RD 41;14,6165000000; -61,0428500000
202200004035;23;3;2022;06:50;1;34;34027;1;2;1;3;M120;43,7325150000;4,0096240000
202200004036;30;12;2022;07:50;1;972;97209;2;1;1;2;RAVINE VILAINE (CHEMIN DEPARTEMENTAL DE);14,6368200000; -61,0594200000
202200004037;10;6;2022;10:15;1;06;06088;2;1;1;1;VERDUN (AV. DE);43,6965500000;7,2680740000
202200004038;31;12;2022;20:30;5;69;69389;2;1;1;6;Quai Paul Sédallian;45,7978000000;4,8296000000
202200004039;22;3;2022;19:10;5;68;68154;2;3;1;1;3 Avenue des Rives de l Ill;47,7775610000;7,3534150000
202200004040;31;12;2022;07:55;1;2B;2B033;2;1;1;3;CDT L'HERMINIER - RUE;42,7041300000;9,4524100000
202200004041;31;12;2022;03:56;5;2B;2B033;1;6;1;7;11 - RT;42,6632000000;9,4420000000
202200004042;17;3;2022;22:50;3;26;26179;1;2;1;3;Avenue du Vercors;45,0665420000;4,8842840000
202200004043;8;6;2022;14:50;1;06;06088;2;9;1;1;VEIL (AV. SIMONE);43,7045700000;7,1965600000
202200004044;31;12;2022;08:55;1;971;97101;2;9;1;6;PETIT PEROU;16,2608087035; -61,5168714523
202200004045;23;3;2022;08:20;1;69;69009;2;1;1;1;477 Route de Villefranche;45,9415100000;4,7159370000
202200004046;31;12;2022;06:37;1;971;97101;1;9;2;1;BESSON;16,2386000000; -61,5084100000
202200004047;31;12;2022;00:20;5;971;97120;2;9;2;6;GERTY ARCHIMEDE (RESIDENCE);16,2507285196; -61,5432375669
202200004048;6;6;2022;19:57;1;06;06088;2;9;1;6;GAMBETTA (A PARTIR DU N° 63-74);43,7031800000;7,2561700000
202200004049;19;3;2022;12:25;1;33;33415;1;1;1;5;RD 137;45,0166670000; -0,4452900000
202200004050;24;1;2022;01:30;3;33;33448;1;1;1;6;;44,7145396200; -0,5210210200
202200004051;22;12;2022;07:16;3;91;91161;2;1;2;6;AV PIERRE BROSSOLETTE;48,7006000000;2,3183200000
202200004052;22;3;2022;10:15;1;49;49023;1;1;1;7;Touche Ronde (jallais);47,2274120000; -0,8092920000
202200004053;1;6;2022;14:00;1;06;06088;2;9;1;3;CESSOLE (BD DE) (A PARTIR DU 101-114);43,7203000000;7,2515400000
202200004054;30;12;2022;15:05;1;91;91433;2;1;2;4;FOUR A CHAUX (RUE DU);48,4509100000;2,1725200000
202200004055;31;12;2022;18:00;5;76;76165;2;6;1;7;Zone industrielle de l'Oison;49,2898600000;1,0364100000
202200004056;22;3;2022;22:15;5;59;59396;2;1;1;7;550 rue du centre;50,2743480504;3,8010162860
202200004057;31;12;2022;22:30;5;64;64445;2;3;1;3;DESPOURRINS;43,3001500000; -0,3669800000
202200004058;21;3;2022;16:40;1;13;13214;1;1;1;2;A507 sens Marseille - Aubagne;43,3298500000;5,4007500000
202200004059;31;12;2022;09:30;1;64;64024;2;1;1;3;Avenue d' Espagne;43,4793640000; -1,5199890000
202200004060;23;5;2022;13:56;1;06;06088;2;1;8;3;ROQUEBILLIERE (R. DE);43,7088600000;7,2877600000
202200004061;21;3;2022;17:30;1;13;13202;1;1;1;2;Tunnel Joliette Marseille vers Aubagne;43,3021700000;5,3647500000
202200004062;31;12;2022;02:00;5;40;40312;2;2;1;3;HENRI DE NAVARRE (AVENUE);43,5138900000; -1,4360800000
202200004063;22;3;2022;08:45;1;13;13215;1;1;1;4;A7-Sens Lyon vers Marseille;43,3677200000;5,3607600000
202200004064;19;5;2022;15:31;1;06;06088;2;1;1;2;ANGLAIS PLAGE (N°1 AU 43);43,6950164575;7,2643661499
202200004065;21;3;2022;09:00;1;13;13043;1;1;1;2;A55-Sens Marseille vers Martigues;43,3818200000;5,2258600000
202200004066;31;12;2022;04:00;3;59;59299;1;1;2;1;CD 700;50,6502400000;3,2066900000
202200004067;30;12;2022;16:55;2;56;56121;2;6;3;4;1 Avenue Anatole France;47,7468300000; -3,3663400000
202200004068;11;5;2022;07:56;1;06;06088;2;9;1;6;SOLA (BD PIERRE);43,7079400000;7,2840400000
202200004069;31;12;2022;18:55;5;54;54257;2;2;1;1;rue de Mirecourt;48,6475640000;6,1823900000
202200004070;31;12;2022;14:45;1;49;49353;2;1;1;7;RECLUS;47,4536500000; -0,4989600000
202200004071;10;5;2022;21:45;5;06;06088;2;1;1;3;ARIANE (BD DE L');43,7344600000;7,2948500000
202200004072;30;12;2022;18:23;5;45;45234;2;6;2;7;24bis Avenue de la Bolière;47,8350623244;1,9314179420
202200004073;21;3;2022;08:55;1;13;13214;1;1;1;2;A507 sens Aubagne- Marseille;43,3312723052;5,3875063983
202200004074;22;12;2022;15:50;1;43;43157;2;1;1;6;25 Rue de la Gazelle;45,0442000000;3,8929000000
202200004075;10;5;2022;17:05;1;06;06088;2;2;1;3;FERRIE (SQUARE GENERAL);43,6909700000;7,2451300000
202200004076;31;12;2022;05:00;5;34;34172;2;2;1;1;25 Rue de Bionne;43,6113300000;3,8286000000
202200004077;16;10;2022;11:30;1;75;75113;2;1;1;3;QUAI D IVRY;48,8230400000;2,3812350000
202200004078;16;10;2022;21:15;5;75;75105;2;2;1;2;QUAI SAINT BERNARD;48,8494080000;2,3568070000
202200004079;18;10;2022;12:30;1;75;75116;2;2;8;3;AVENUE PAUL DOUMER;48,8592520000;2,2773980000
202200004080;18;10;2022;20:50;5;75;75115;2;3;1;3;QUAI ANDRE CITROEN;48,8484550000;2,2809100000
202200004081;18;10;2022;18:15;1;75;75115;2;2;1;3;BOULEVARD VICTOR;48,8344410000;2,2840510000
202200004082;18;10;2022;13:45;1;75;75113;2;3;1;6;AVENUE D ITALIE;48,8283290000;2,3566170000
202200004083;18;10;2022;18:50;2;75;75110;2;3;1;6;BOULEVARD DE LA VILLETTE;48,8824320000;2,3704030000
202200004084;18;10;2022;18:00;1;75;75104;2;3;1;6;RUE SAINT ANTOINE;48,8537070000;2,3656500000
202200004085;18;10;2022;19:15;4;94;94081;2;1;1;3;PORT A L ANGLAIS NELSON MANDELA (PONT DU;48,7965900000;2,4175600000
202200004086;18;10;2022;14:45;1;94;94078;2;1;1;6;Avenue de l'Europe;48,7283760000;2,4540260000
202200004087;17;10;2022;13:20;1;94;94028;2;1;2;1;Rue Claude Nicolas Ledoux;48,7660700000;2,4674900000
202200004088;18;10;2022;16:10;1;93;93048;2;1;1;6;Boulevard de Chanzy;48,8586715972;2,4279012509
202200004089;17;10;2022;19:00;5;93;93048;2;1;2;6;Avenue du President Salvador Allende;48,8736600000;2,4606200000
202200004090;18;10;2022;08:58;1;93;93071;2;2;8;3;Rue d'Aulnay / Boulevard Lucien Gelot;48,9400300000;2,5203600000
202200004091;17;10;2022;18:00;1;93;93006;2;1;2;6;Rue Sadi Carnot;48,8720144154;2,4214593117
202200004092;18;10;2022;15:28;1;93;93007;2;3;8;1;Rue Maurice Audin;48,9457982798;2,4526644301
202200004093;18;10;2022;11:15;1;93;93001;2;2;1;3;Rue du Landy / Quai Adrien Agnès;48,9153339238;2,3712346058
202200004094;18;10;2022;13:20;1;92;92051;2;1;8;6;CHATEAU (BOULEVARD DU);48,8916414125;2,2725748122
202200004095;18;10;2022;15:05;1;92;92048;2;1;1;7;BELGIQUE (RUE DE LA);48,8107890000;2,2474400000
202200004096;18;10;2022;20:40;5;92;92040;2;1;1;6;BARA;48,8335490712;2,2673276067
202200004097;17;10;2022;23:28;5;92;92023;2;1;2;6;GENERAL DE GAULLE (AVENUE DU);48,7936200000;2,2713950000
202200004098;15;10;2022;14:20;1;92;92004;2;1;2;7;VOLTAIRE ( BD 16 A FIN );48,9120090000;2,2965940000
202200004099;17;10;2022;12:40;1;92;92004;2;2;1;3;VOLTAIRE ( BD );48,9163615095;2,2894984782
202200004100;18;10;2022;17:15;1;974;97415;1;4;1;7;D6; -21,0215900000;55,2576790000
202200004101;19;10;2022;17:15;1;38;38340;2;1;1;1;Quai de la Paillasse;45,4558350000;4,7693670000
202200004102;11;10;2022;15:35;1;95;95313;2;1;1;6;chemin des trois sources;49,1272090103;2,2354093194
202200004103;19;10;2022;17:30;1;72;72287;2;9;1;3;Rue de Touraine;47,8759080000;0,2166580000
202200004104;17;10;2022;21:57;3;79;79103;2;3;8;3;15 Chemin du Bois;46,7778370000; -0,5693040000
202200004105;18;10;2022;19:25;2;42;42289;1;3;1;5;441 route de lyon;45,9458490000;4,2245440000
202200004106;19;10;2022;09:15;1;68;68059;1;1;5;2;D466;47,7183840000;7,1691420000
202200004107;12;10;2022;16:45;1;22;22249;1;2;1;3;Ty Person;48,4613260000; -3,2682500000
202200004108;8;10;2022;15:00;1;44;44128;1;3;1;3;D164;47,5270440000; -1,9009570000
202200004109;18;10;2022;17:25;1;84;84089;2;9;1;3;Chemin de Malespine;43,6830260000;5,5051480000
202200004110;18;10;2022;18:30;2;15;15192;1;1;7;2;N122;45,0760970000;2,7250440000
202200004111;18;10;2022;18:15;2;70;70410;2;3;1;2;8 Route de Chambornay;47,3186650000;5,8718970000
202200004112;18;10;2022;12:09;1;58;58144;1;1;1;7;Les Usseaux;46,7485120000;3,0813400000
202200004113;16;9;2022;16:00;1;56;56091;2;2;1;3;D724;47,9605170000; -2,5557270000
202200004114;17;10;2022;20:50;3;60;60668;1;1;1;7;D149;49,5028128986;2,0868190731
202200004115;14;9;2022;09:30;1;33;33108;2;3;1;3;D936;44,8590780000; -0,0118020000
202200004116;17;5;2022;20:10;2;43;43223;1;1;1;6;D23;45,2565220000;4,3386550000
202200004117;18;10;2022;18:10;1;07;07002;1;1;1;6;route de LARGENTIERE;44,5981990000;4,3239780000
202200004118;16;9;2022;06:00;3;11;11262;1;1;1;2;;43,1813970000;2,9548930000
202200004119;18;10;2022;09:25;1;40;40224;2;3;1;2;357 Avenue du Général de Gaulle;43,5462660000; -1,1116900000
202200004120;17;9;2022;15:30;1;89;89199;1;3;1;3;N151;47,7122880000;3,5448930000
202200004121;18;10;2022;15:35;1;24;24321;1;1;7;2;Maneyrol;45,1270320000;1,3577340000
202200004122;16;9;2022;12:55;1;63;63453;2;1;1;6;34 Avenue Jacques Duclos;45,7858697413;3,2882782817
202200004123;17;9;2022;18:00;1;61;61121;2;1;1;7;Rue de Mortagne;48,4756490000;0,4684000000
202200004124;19;10;2022;18:30;1;04;04111;2;1;1;7;Avenue de la Burlière;43,9358660000;5,7685410000
202200004125;16;9;2022;22:00;5;12;12198;2;1;1;6;19 Rue de la mairie;44,3063720000;2,2368600000
202200004126;19;10;2022;18:30;1;85;85160;2;1;1;7;RD36 ;46,5921990000; -1,4043510000
202200004127;17;9;2022;08:35;1;29;29241;1;1;1;1;D36;47,9855490000; -3,8308810000
202200004128;17;10;2022;20:10;3;17;17436;2;1;5;1;Rue de la Gare;45,8314340000; -0,6462780000
202200004129;5;9;2022;18:40;1;29;29076;1;2;2;3;Lieu Dit Kerivod;48,4615180000; -4,5247040000
202200004130;19;10;2022;11:20;1;30;30138;1;1;1;3;Voie Verte (Piste cyclable);43,8171890000;4,2543480000
202200004131;16;10;2022;07:45;2;34;34333;1;1;1;7;Route des Aresquiers;43,4755456426;3,8064072002
202200004132;14;9;2022;18:00;1;29;29015;1;1;1;5;Lieu dit Cleuziou;48,4905330000; -4,5118400000
202200004133;16;9;2022;18:15;1;29;29003;1;1;1;1;D765;48,0354606850; -4,5335741041
202200004134;12;10;2022;11:20;1;06;06085;2;2;1;2;Chemin des Campelieres;43,5801000000;6,9980290000
202200004135;16;9;2022;19:15;1;50;50082;1;1;1;7;La Cocotterie - Quettetot;49,4944240000; -1,6986540000
202200004136;18;10;2022;17:40;1;68;68297;1;1;1;4;A 35 PK 121.400;47,6046290000;7,5309560000
202200004137;16;9;2022;12:45;1;50;50615;2;2;1;3;Rue Saint-malo;49,5076290000; -1,4672760000
202200004138;19;10;2022;17:15;1;66;66172;2;1;1;2;Avenue du Général de Gaulle;42,7090520000;2,8444720000
202200004139;17;9;2022;15:00;1;64;64419;2;1;1;2;2 D817;43,2695500000; -0,1991220000
202200004140;17;9;2022;11:45;1;53;53013;1;1;1;6;les douaires;48,3269820000; -0,2127210000
202200004141;18;10;2022;19:15;3;976;97603;1;1;1;5;Carrière de M'Tsamoudou; -12,9445520000;45,1613300000
202200004142;16;9;2022;22:40;3;27;27563;2;1;1;1;Route de Quillebeuf;49,3646600000;0,5124900000
202200004143;17;9;2022;11:40;1;88;88116;1;1;1;3;Travexin;47,9509320000;6,8278740000
202200004144;17;10;2022;23:30;3;976;97614;1;9;1;5;CCD1; -12,8392570000;45,1344310000
202200004145;16;9;2022;19:45;3;987;98734;2;1;1;3;PK 37 C/Mt; -17,7120000000; -149,5080000000
202200004146;19;10;2022;13:30;1;974;97419;2;1;1;7;142 Route Nationale 2; -21,1257160000;55,7831010000
202200004147;17;9;2022;20:05;4;974;97408;2;6;1;3;Rue Raymond Mondon; -20,9227920000;55,3452800000
202200004148;19;10;2022;07:15;1;973;97305;2;1;1;3;Rue Chawari;4,9321134060; -52,4089640379
202200004149;17;9;2022;14:00;1;24;24091;1;1;1;1;Le Sireyjol;44,7870130000;1,1827900000
202200004150;18;10;2022;16:40;1;83;83027;1;1;1;1;route départementale 559;43,1571244939;5,7395088673
202200004151;16;9;2022;16:30;1;06;06085;1;6;1;2;Route du Cannet;43,5855550000;7,0061120000
202200004152;18;10;2022;18:25;1;05;05173;1;3;1;3;Rourebeau;44,3206380000;5,8921710000
202200004153;17;9;2022;12:15;1;33;33498;1;1;1;2;A 63 - PK 034.300;44,5472876264; -0,8329653740
202200004154;18;10;2022;19:17;2;21;21261;1;1;1;6;Route de Magny sur Tille;47,2606400000;5,1595720000
202200004155;14;9;2022;01:00;3;63;63267;1;9;1;6;A89 PK 439+000 bretelle d'accès de la sortie THIERS-EST;45,8812250000;3,6247160000
202200004156;18;10;2022;15:10;1;68;68352;2;1;1;6;D468;48,0267690000;7,5341160000
202200004157;17;9;2022;15:10;1;51;51211;1;1;1;7;A4;49,0774689485;4,8208361864
202200004158;17;9;2022;08:50;1;51;51507;1;1;1;7;A4;49,0824850000;4,9554240000
202200004159;19;10;2022;14:40;1;54;54397;2;1;1;3;Rue de la Paix;48,6142820000;6,1057537802
202200004160;16;9;2022;07:20;2;73;73296;1;1;1;6;D87A;45,4779100000;6,9216120000
202200004161;19;10;2022;16:00;1;57;57058;1;3;1;3;;49,1589410000;6,9630360000