Num_Acc;jour;mois;an;hrmn;lum;dep;com;agg;int;atm;col;adr;lat;long
202200004162;16;9;2022;06:30;1;988;98819;1;1;1;1;RPN7 (Creek du piquant); -20,3851210000;164,4135120000
202200004163;16;9;2022;11:40;1;973;97311;1;1;1;1;RN1;5,4884100000; -53,9706210000
202200004164;17;9;2022;01:50;5;2A;2A247;2;1;1;6;Rue Henry Frenay;41,5964460000;9,2781420000
202200004165;19;10;2022;10:05;1;26;26084;1;1;1;6;D877;44,9899380000;4,8813900000
202200004166;18;10;2022;23:49;3;01;01301;1;1;1;6;D1079;46,2513322641;5,1057069004
202200004167;16;9;2022;13:15;1;05;05166;2;9;1;6;Place du Lac;44,4293650000;5,7176520000
202200004168;16;9;2022;17:50;1;58;58214;2;1;1;7;Rue de Bramepain;47,0811070000;3,1009070000
202200004169;17;10;2022;12:30;1;69;69066;1;2;1;3;19 Route de Cours;46,0978170000;4,3602960000
202200004170;11;10;2022;16:57;1;64;64407;2;1;1;7;978 Route de Briscous;43,4621240000; -1,4040400000
202200004171;12;9;2022;14:05;1;69;69291;1;3;1;4;Route Nationale;45,6145250000;4,8540420000
202200004172;16;9;2022;12:00;1;81;81294;1;1;1;1;Les Pigots;43,8656380000;1,9211800000
202200004173;14;10;2022;23:35;3;72;72336;1;9;3;6;D309;47,8378620000; -0,2793900000
202200004174;16;9;2022;16:50;1;61;61165;1;1;1;7;Lieu Dit le Theil;48,4270080000; -0,0180670000
202200004175;18;10;2022;18:43;2;44;44047;1;1;1;3;9 route de la Montagne;47,2264390000; -1,7140820000
202200004176;8;9;2022;14:30;1;27;27329;2;1;1;3;16 Rue de Castenay;49,1898800000;1,4674900000
202200004177;17;9;2022;08:35;1;60;60346;2;1;1;6;Avenue de la Libération;49,1515030000;2,4433210000
202200004178;16;10;2022;13:45;1;80;80232;1;2;1;3;D34;49,7325280000;2,7551170000
202200004179;18;10;2022;21:10;5;62;62861;2;3;1;1;D51;50,3778620000;2,8048720000
202200004180;14;9;2022;16:30;1;83;83069;1;1;1;4;RN98;43,1143880000;6,1166200000
202200004181;18;10;2022;15:00;1;59;59078;2;1;1;3;N Rte Nationale;50,1628426618;4,0116351843
202200004182;16;9;2022;10:47;1;33;33249;1;1;1;2;ROCADE A 630;44,8829900000; -0,5210000000
202200004183;18;10;2022;17:35;1;59;59323;1;1;1;6;D2649;50,3063360000;3,6287930000
202200004184;16;9;2022;07:30;2;94;94021;1;1;1;3;AUTOROUTE A6A;48,7702962559;2,3452238968
202200004185;18;10;2022;12:30;1;59;59212;1;2;1;3;rue du bois;50,6660948215;2,7190250158
202200004186;16;9;2022;17:45;1;78;78090;1;1;1;5;A13;48,9699860000;1,9120640000
202200004187;17;10;2022;23:35;5;13;13212;1;1;1;3;A507 sens Aubagne- Marseille;43,3034628828;5,4253718194
202200004188;16;9;2022;14:15;1;78;78117;1;1;1;3;RN12;48,7880860000;2,1424670000
202200004189;15;9;2022;09:35;1;78;78126;1;1;1;2;A13;48,8369020000;2,1265740000
202200004190;16;10;2022;21:10;3;13;13088;1;1;1;6;A55-Sens Marseille vers Martigues;43,3912400000;5,2508100000
202200004191;16;9;2022;09:45;1;92;92050;1;1;1;2;A86;48,9145462162;2,2193848208
202200004192;15;9;2022;12:14;1;92;92062;1;1;1;6;A14;48,8929383054;2,2351294535
202200004193;17;10;2022;17:35;1;69;69283;1;1;1;2;Autoroute 46;45,6734400000;4,9473900000
202200004194;15;9;2022;03:50;3;92;92036;1;1;1;2;A86;48,9337071386;2,2742219004
202200004195;16;10;2022;05:20;3;54;54351;1;9;2;4;Autoroute A 31;48,8092800000;6,1137600000
202200004196;16;9;2022;11:30;1;95;95424;1;1;1;3; A15;48,9934228271;2,1857267618
202200004197;16;9;2022;09:30;1;95;95176;1;1;1;6; A15;48,9886543894;2,2030350566
202200004198;10;10;2022;08:25;1;59;59343;1;1;1;4;AUTOROUTE A22;50,6003279565;3,1135404110
202200004199;15;9;2022;23:00;3;93;93005;1;1;1;2; A3;48,9482000000;2,4755900000
202200004200;18;10;2022;07:25;1;78;78217;1;1;2;2;A13;48,9656750000;1,8105320000
202200004201;15;9;2022;23:40;4;93;93007;1;1;1;4;AUTOROUTE A3;48,9182700000;2,4786100000
202200004202;18;10;2022;02:50;5;78;78362;1;1;2;6;A13;48,9765150000;1,7189140000
202200004203;16;9;2022;17:45;1;94;94073;1;1;1;3;A86 INT;48,7713955830;2,3923722546
202200004204;15;9;2022;08:30;1;42;42099;2;1;7;6;Rue Jean Padel;45,3879200000;4,2709700000
202200004205;18;10;2022;17:00;1;95;95127;1;1;1;4; A15;49,0417900000;2,0799370000
202200004206;14;9;2022;12:10;1;60;60414;2;1;1;6;Allée des Marronniers;49,2580230000;2,4448970000
202200004207;18;10;2022;17:33;1;95;95060;1;1;1;2;A115;49,0384989794;2,1923775628
202200004208;18;10;2022;10:40;1;92;92036;1;1;1;7;AUTOROUTE A15;48,9378886633;2,2976672190
202200004209;16;9;2022;07:25;1;988;98818;2;3;1;6;RUE JULES GARNIER/RUE TINDALE; -22,2899900000;166,4424700000
202200004210;18;10;2022;08:50;1;95;95018;1;1;1;6; A15;48,9496723024;2,2802208006
202200004211;15;9;2022;17:34;1;976;97611;2;9;1;1;tsoundzou-Cadjifouteni ( rue ); -12,8070800000;45,2073700000
202200004212;18;10;2022;05:30;3;92;92036;1;1;2;6;AUTOROUTE A15;48,9436471157;2,2877561673
202200004213;15;9;2022;07:55;1;974;97416;1;1;1;3;RN3 (1); -21,3062800000;55,4988200000
202200004214;15;9;2022;07:20;1;974;97411;2;1;1;6;WAGNER (AVENUE RICHARD); -20,8984100000;55,4861000000
202200004215;17;10;2022;17:00;1;77;77053;1;1;2;6;RN104;48,6973400000;2,5944900000
202200004216;15;9;2022;08:00;1;973;97302;1;1;1;7;ROUTE NATIONALE 1;4,9033332457; -52,3241364956
202200004217;30;7;2022;19:45;1;74;74250;1;1;1;7;D12;46,0533990000;6,3742160000
202200004218;15;9;2022;22:52;5;69;69383;2;2;2;3;Avenue Maréchal de Saxe;45,7539200000;4,8469600000
202200004219;27;7;2022;19:45;1;74;74154;1;3;1;3;Route du Champ Poirier;46,4078300000;6,6939940000
202200004220;15;9;2022;18:22;1;69;69384;2;3;1;6;Boulevard de la Croix-Rousse;45,7730700000;4,8214600000
202200004221;15;7;2022;16:10;1;74;74042;2;1;1;6;144 Rue Pertuiset;46,0777000000;6,4110000000
202200004222;14;9;2022;15:20;1;69;69034;2;1;1;2;120 Avenue Général de Gaulle;45,8129000000;4,8601700000
202200004223;14;7;2022;11:15;1;74;74063;2;1;1;1;Route du Linga;46,2615910000;6,8378270000
202200004224;14;9;2022;13:40;1;69;69149;2;2;1;3;Rue Raspail;45,7148000000;4,8087100000
202200004225;10;7;2022;18:00;1;74;74250;1;1;1;2;D27;46,0507330000;6,3658690000
202200004226;12;9;2022;17:30;1;69;69149;2;3;1;1;52 Rue Louis Aulagne;45,7114500000;4,8164100000
202200004227;4;7;2022;14:55;1;74;74010;2;3;1;3;GENEVE (AVENUE DE)(SECTEUR 420);45,9171300000;6,1238500000
202200004228;12;9;2022;14:00;1;69;69389;2;3;1;3;Rue de Saint-Cyr;45,7948700000;4,8148400000
202200004229;2;7;2022;13:05;1;74;74096;1;1;1;7;D41a;46,0633750000;6,1110810000
202200004230;12;9;2022;10:00;1;971;97113;1;1;1;6;SECTION LEROUX;16,2430700000; -61,4704200000
202200004231;16;10;2022;12:00;1;71;71306;2;6;1;6;CHAMP DU MOULIN (RUE DU );46,6757900000;4,3758400000
202200004232;12;9;2022;08:40;1;971;97101;2;1;1;3;BESSON;16,2380000000; -61,5070000000
202200004233;17;10;2022;21:00;5;69;69266;2;3;1;6;Rue du 4 Août 1789;45,7649800000;4,8931700000
202200004234;15;9;2022;21:55;5;95;95680;2;2;1;3;Rue de la République;49,0015100000;2,3846800000
202200004235;17;10;2022;04:51;5;68;68224;2;1;1;6;PFASTATT (RUE DE);47,7495620000;7,3209630000
202200004236;15;9;2022;12:00;1;95;95268;2;2;1;5;AV DE STALINGRAD;48,9676438947;2,4107640982
202200004237;15;9;2022;12:25;1;95;95607;2;1;8;6;Boulevard du Temps des Cerises;49,0222100000;2,2185000000
202200004238;16;10;2022;06:05;5;33;33167;2;1;1;6;Côte de Monrepos;44,8438700000; -0,5225500000
202200004239;14;9;2022;10:12;1;87;87085;2;2;3;2;GAMBETTA (BOULEVARD);45,8277400000;1,2581400000
202200004240;9;10;2022;11:25;1;42;42044;2;3;1;6;Rue Emile Zola;45,3973000000;4,3239700000
202200004241;14;9;2022;07:25;2;87;87085;2;2;2;6;RD941 (OUEST);45,8346300000;1,2257500000
202200004242;17;10;2022;19:50;5;974;97407;2;1;1;6;LABOUDONNAIS M (RUE); -20,9412690000;55,2950900000
202200004243;14;9;2022;09:20;1;87;87114;1;1;2;3;CROIX DE LA LIEUE (LA) - LIEU DIT;45,8475600000;1,3454600000
202200004244;17;10;2022;13:45;1;69;69383;2;1;1;6;Rue du Lac;45,7585000000;4,8544300000
202200004245;11;9;2022;12:12;1;87;87085;2;1;1;3;TOULOUSE (RUE DE);45,8031310000;1,2924820000
202200004246;17;10;2022;07:35;2;69;69383;2;2;1;3;Rue Ferdinand Buisson;45,7516700000;4,8949600000
202200004247;15;9;2022;17:45;1;83;83090;2;1;1;5;SEYNE (ROUTE DE LA);43,1264400000;5,8457600000
202200004248;17;10;2022;06:35;1;972;97213;2;1;1;3;ROUTE DEPARTEMENTALE 3;14,6161200000; -60,9908400000
202200004249;15;9;2022;10:16;1;83;83137;2;1;1;2;STRASBOURG (BD DE );43,1250216333;5,9318921864
202200004250;11;9;2022;16:30;1;83;83129;2;1;7;3;SOLVIOU (CORNICHE DE);43,1054590000;5,8136080000
202200004251;16;10;2022;16:10;1;972;97213;1;1;1;3;;14,6167600000; -60,9540100000
202200004252;16;10;2022;11:24;1;972;97209;2;1;1;6;MARNE (BOULEVARD DE LA);14,6047200000; -61,0835500000
202200004253;9;9;2022;16:45;1;83;83118;2;1;1;3;BOULEVARD GEORGES CLEMENCEAU;43,4241010000;6,7720150000
202200004254;17;10;2022;18:45;2;69;69382;2;1;1;3;20 Place Antonin Poncet;45,7558826413;4,8351028562
202200004255;13;9;2022;14:50;1;80;80021;2;1;1;1;CHATEAUDUN (BOULEVARD DE);49,8861600000;2,2792400000
202200004256;15;9;2022;08:05;1;79;79191;2;1;1;3;;46,3362900000; -0,4246300000
202200004257;17;10;2022;12:50;1;2B;2B033;2;6;1;3;Avenue Jean Zuccarelli;42,7029200000;9,4464800000
202200004258;15;10;2022;03:10;5;971;97113;1;1;1;2;RN4 - SECTION RIVIERA;16,2175000000; -61,4942000000
202200004259;17;10;2022;12:05;1;2A;2A004;2;1;1;3;AVENUE DU DOCTEUR NOEL FRANCHINI;41,9435800000;8,7573500000
202200004260;15;9;2022;18:20;1;76;76486;1;1;1;1;D132;49,3193550000;0,9887980000
202200004261;17;10;2022;16:42;1;95;95019;2;2;2;6;Rue Jean Jaurès;48,9874730000;2,4194570000
202200004262;14;9;2022;16:20;1;76;76351;2;3;1;3;DIEPPEDALLE (PASSAGE);49,5000200000;0,1289000000
202200004263;17;10;2022;09:45;1;95;95277;2;1;2;6;Avenue Gabriel Péri;48,9943340000;2,4237500000
202200004264;14;9;2022;09:55;1;76;76351;2;2;1;3;JOHANN STRAUSS;49,5059600000;0,1103100000
202200004265;17;10;2022;18:50;5;91;91477;2;9;3;6;STALINGRAD (AVENUE DE);48,7148700000;2,2569500000
202200004266;9;9;2022;23:50;5;76;76351;2;2;1;3;JEAN MACE;49,4891800000;0,1086700000
202200004267;15;9;2022;17:15;1;76;76329;2;9;1;3;ABBAYE (RUE DE L');49,5487100000;0,4931900000
202200004268;17;10;2022;07:00;5;91;91477;2;1;2;1;CD 128;48,7125200000;2,1986800000
202200004269;14;9;2022;17:50;1;74;74133;2;3;1;3;INDUSTRIE (RUE DE L');46,1857700000;6,2207100000
202200004270;15;9;2022;15:20;1;71;71153;2;1;1;6;MONTCENIS (ROUTE DE);46,7986000000;4,3993000000
202200004271;17;10;2022;13:30;1;91;91421;2;3;2;3;GENERAL LECLERC (RUE DU);48,7076100000;2,4630600000
202200004272;15;9;2022;11:55;1;67;67218;2;1;3;2;Route Alfred Kastler;48,5430280000;7,7359420000
202200004273;17;10;2022;15:45;1;91;91286;2;6;3;2;PREMIERE ARMEE (AVENUE);48,6490000000;2,3886100000
202200004274;14;10;2022;09:34;1;87;87085;2;1;2;7;QUEUILLE (PLACE HENRI);45,8152300000;1,2695700000
202200004275;14;9;2022;16:35;1;67;67267;2;3;8;5;MARECHAL FOCH (RUE DU);48,5546300000;7,6780000000
202200004276;16;10;2022;05:30;5;83;83034;1;1;1;6;CD559;43,1057900000;6,0522700000
202200004277;14;9;2022;14:30;1;67;67482;2;1;2;2;JACQUES PREISS (BOULEVARD);48,5913700000;7,7632700000
202200004278;14;9;2022;05:30;2;67;67180;1;1;2;7;RD 1063;48,8343100000;7,7654600000
202200004279;13;10;2022;17:10;1;79;79329;2;2;2;3;;46,9904400000; -0,2228900000
202200004280;15;9;2022;09:48;1;66;66136;2;1;1;2;;42,6984200000;2,8873100000
202200004281;15;9;2022;07:02;3;65;65440;2;1;1;6;COURBET (RUE AMIRAL);43,2380780000;0,0652940000
202200004282;17;10;2022;20:50;5;78;78133;2;2;3;3;MANTES (ROUTE DE);48,9066900000;2,0474600000
202200004283;15;9;2022;08:35;1;64;64125;2;1;1;5;Avenue de Biarritz;43,4541700000; -1,5735300000
202200004284;17;10;2022;10:10;1;78;78624;2;6;2;1;POISSY AVENUE DE;48,9649790000;2,0132000000
202200004285;15;9;2022;10:25;1;63;63113;2;2;1;3;AURIOL (BOULEBARD VINCENT);45,7921500000;3,1176400000
202200004286;11;9;2022;17:15;1;62;62178;2;1;1;3;Rue de Boulogne;50,4848980000;2,5308510000
202200004287;16;10;2022;11:40;1;76;76341;2;1;1;7;FRIEDRICH ENGELS;49,5125600000;0,1919200000
202200004288;15;9;2022;08:45;1;60;60057;2;1;1;3;Av du Pdt J Fitzgerald Kennedy;49,4298230000;2,0935370000
202200004289;9;10;2022;04:58;5;76;76351;2;1;1;2;MONT GAILLARD (AVENUE DU);49,5232600000;0,1111100000
202200004290;15;9;2022;18:35;1;59;59378;2;3;1;3;GUESDE JULES RUE;50,6675772747;3,0738383532
202200004291;10;10;2022;13:24;1;70;70550;2;1;1;6;Quai Yves Barbier;47,6204116503;6,1470548808
202200004292;15;9;2022;17:10;1;59;59588;1;1;7;5;COUDEKERQUE VILLAGE - CD2 ROUTE;51,0014500000;2,4139400000
202200004293;14;9;2022;12:14;1;56;56121;2;1;1;7;PLENENO (RUE  DU );47,7603300000; -3,3891600000
202200004294;17;10;2022;08:20;1;69;69266;2;2;7;1;Rue Antonin Perrin;45,7580800000;4,8852000000
202200004295;14;9;2022;17:30;1;54;54578;2;1;2;4;LECLERC (AVENUE DU GENERAL);48,6749800000;6,1516600000
202200004296;17;10;2022;12:20;1;69;69029;2;1;1;3;Avenue Franklin Roosevelt;45,7322900000;4,9122900000
202200004297;14;9;2022;17:40;1;54;54395;2;1;2;2;JARDINIERS (RUE DES;48,6916200000;6,1907500000
202200004298;17;10;2022;09:50;1;66;66136;2;1;1;3;;42,6875600000;2,8721300000
202200004299;15;9;2022;18:46;1;54;54321;2;1;1;1;LONGWY (AVENUE DE);49,5291600000;5,7918000000
202200004300;15;9;2022;15:45;1;54;54321;2;1;1;6;THERMES (CHEMIN DES);49,5286700000;5,7945700000
202200004301;16;10;2022;13:20;1;66;66136;2;3;1;5;;42,6947306848;2,9042020440
202200004302;14;9;2022;17:28;1;49;49007;2;1;1;3;CAMUS;47,4486300000; -0,5256700000
202200004303;17;10;2022;20:30;5;64;64102;2;1;1;2;Avenue Louis de Foix;43,5098200000; -1,4682000000
202200004304;17;10;2022;09:15;1;64;64024;2;1;2;3;rue de Bahinos;43,4934700000; -1,5182200000
202200004305;14;9;2022;15:36;1;49;49007;2;1;1;3;BIRGE BOULEVARD;47,4713800000; -0,5190000000
202200004306;14;9;2022;06:36;3;49;49007;2;2;8;3;VIVIERS;47,4517500000; -0,5357200000
202200004307;12;9;2022;18:15;1;44;44162;2;7;1;3;Place Océane;47,2252410000; -1,6277240000
202200004308;16;10;2022;04:07;5;59;59512;2;6;1;6;METZ (BOULEVARD DE);50,7062860000;3,1798790000
202200004309;15;9;2022;17:00;1;41;41018;2;1;1;4;GAMBETTA (AVENUE);47,5837000000;1,3213100000
202200004310;15;9;2022;04:50;3;34;34108;1;1;8;5;D612;43,4511041485;3,7637293339
202200004311;13;10;2022;08:15;2;59;59017;2;2;1;3;SCHUMAN (RUE ROBERT );50,6813370000;2,8764520000
202200004312;14;9;2022;18:45;2;34;34336;1;9;1;3;Rond-Point de la Méditerranée ;43,3201000000;3,2935800000
202200004313;15;10;2022;16:35;1;56;56083;2;1;8;6;Mané el Cuff (LIEU-DIT);47,8188600000; -3,2970100000
202200004314;15;9;2022;18:25;1;33;33063;2;2;1;3;Rue Judaïque;44,8412200000; -0,5866800000
202200004315;15;10;2022;03:25;3;56;56098;1;1;2;2;N165 sens Lorient/Vannes;47,7779546000; -3,3557940000
202200004316;15;9;2022;09:52;1;33;33039;2;6;1;6;Cours Victor Hugo;44,8078500000; -0,5606900000
202200004317;15;9;2022;08:30;1;33;33192;2;6;1;3;Route de Léognan;44,7613200000; -0,6125800000
202200004318;16;10;2022;15:10;1;56;56083;2;6;2;3;33 Rue de la Liberté;47,8106700000; -3,2736200000
202200004319;14;9;2022;20:44;5;33;33318;2;2;1;6;Avenue Pasteur;44,8059200000; -0,6323200000
202200004320;17;10;2022;21:32;5;54;54395;2;1;8;6;ESPLANADE DU SOUVENIR FRANCAIS;48,6971500000;6,1747500000
202200004321;15;9;2022;08:25;1;31;31555;2;9;1;3;BD LASCROSSES;43,6088400000;1,4298200000
202200004322;15;9;2022;14:15;1;30;30028;2;1;1;3;MOLIERE (RUE);44,1599100000;4,6210300000
202200004323;17;10;2022;15:25;1;54;54547;2;3;1;3;LUDWIGSHAFEN (RUE DE);48,6617467517;6,1780473590
202200004324;5;9;2022;07:00;1;28;28085;2;3;1;1;ORLEANS (AVENUE D');48,4356970000;1,5061670000
202200004325;17;10;2022;13:50;1;54;54395;2;1;1;6;CHALNOT (RUE PIERRE);48,6860154706;6,1730155349
202200004326;15;9;2022;11:05;1;27;27681;2;1;1;6;ISAMBARD (BOULEVARD);49,0917800000;1,4720000000
202200004327;15;9;2022;17:45;1;25;25462;2;1;2;2;BESANCON (RUE DE);46,9139300000;6,3461500000
202200004328;17;10;2022;12:30;1;51;51454;2;2;1;3;rue de Courlancy;49,2456300000;4,0177800000
202200004329;14;9;2022;17:50;1;15;15012;2;1;1;6;RD990;44,8954600000;2,4613600000
202200004330;8;10;2022;14:15;1;50;50502;2;3;1;3;MARNE;49,1131900000; -1,0807600000
202200004331;17;10;2022;13:35;1;49;49353;2;1;2;7;A87N;47,4550100000; -0,5153100000
202200004332;14;10;2022;19:45;5;44;44184;2;1;2;6;Boulevard Georges Charpak;47,2668400000; -2,2544300000
202200004333;15;9;2022;11:30;1;14;14254;1;1;1;5;N814;49,1514700000; -0,4166800000
202200004334;17;10;2022;08:50;1;43;43157;2;1;1;2;13 Boulevard de Cluny;45,0489500000;3,8915400000
202200004335;15;9;2022;18:40;2;13;13043;2;1;1;3;ROVE (AV DU );43,3840037258;5,2194004588
202200004336;15;9;2022;10:40;1;13;13103;2;1;1;6;RUE MASSENET;43,6404300000;5,0951300000
202200004337;17;10;2022;05:49;5;42;42207;2;1;1;6;Route de la Varizelle;45,4596100000;4,4849200000
202200004338;15;9;2022;19:25;2;13;13215;2;1;1;6;SAINT ANTOINE (AVENUE DE);43,3707100000;5,3562000000
202200004339;15;9;2022;14:00;1;13;13208;2;1;1;5;MONTREDON (AVENUE DE);43,2422422621;5,3691502915
202200004340;14;9;2022;15:00;1;13;13208;2;1;1;3;BONNEVEINE (AVENUE);43,2543597380;5,3793294700
202200004341;16;10;2022;22:58;5;37;37195;2;2;1;3;MONTILS (RUE DES);47,3790600000;0,6438200000
202200004342;14;9;2022;16:40;1;13;13070;2;9;1;6;VOLTAIRE (BOULEVARD);43,2817401367;5,5137956142
202200004343;17;10;2022;16:50;1;35;35281;2;1;1;6;NANTES (RUE DE);48,0886400000; -1,6937000000
202200004344;14;9;2022;21:00;5;10;10387;2;1;8;1;VOULDY (CHAUSSEE DU);48,2936100000;4,0837100000
202200004345;17;10;2022;08:00;2;35;35238;2;1;8;6;PARIS (RUE DE);48,1123100000; -1,6691500000
202200004346;14;9;2022;07:10;1;10;10387;2;1;1;1;VOULDY (CHAUSSEE DU);48,2852600000;4,0986700000
202200004347;13;10;2022;07:00;5;35;35115;2;1;1;6;GROSLAY (BD DE JUSQU'AU N°23);48,3480000000; -1,1826700000
202200004348;15;9;2022;17:25;1;06;06088;2;3;1;2;DUNANT (AV. HENRI);43,7236400000;7,2660600000
202200004349;17;10;2022;11:10;1;31;31555;2;1;1;3;AV DE GRANDE BRETAGNE;43,6076800000;1,3979800000
202200004350;15;9;2022;17:39;1;06;06088;2;1;1;1;LYAUTEY (AV. DU MAL);43,7070400000;7,2816000000
202200004351;17;10;2022;17:10;1;26;26058;2;6;1;3;GAY-LUSSAC RUE;44,9410560000;4,8936880000
202200004352;15;9;2022;16:20;1;06;06088;2;8;1;6;CALIFORNIE (AV.) (JUSQU'AU N° 21-24);43,6905200000;7,2429500000
202200004353;17;10;2022;09:30;1;25;25056;2;6;1;3;RN 1057 (BD CHURCHIL-ROUTE DE GRAY);47,2451380000;5,9962440000
202200004354;15;9;2022;16:05;1;06;06088;2;9;1;6;CALIFORNIE (AV.) (DU 23-25 AU 199-210);43,6829940000;7,2328370000
202200004355;12;10;2022;12:20;1;21;21231;2;2;1;3;BERANGER (RUE);47,3404160000;5,0494280000
202200004356;15;9;2022;13:27;1;06;06088;2;1;1;1;ESTIENNE -D'ORVES (AV. D');43,7001400000;7,2499100000
202200004357;15;9;2022;12:30;1;06;06029;2;1;1;3;ALSACE ( BOULEVARD D');43,5540800000;7,0242100000
202200004358;12;10;2022;06:10;4;21;21231;2;3;1;3;VICTOR HUGO (AVENUE);47,3265780000;5,0295320000
202200004359;9;9;2022;10:30;1;05;05061;2;1;8;2;EMILE DIDIER ( AV );44,5673094171;6,0971009731
202200004360;17;10;2022;19:52;2;13;13210;2;1;1;6;CAPELETTE (AVENUE DE LA);43,2803300000;5,4081600000
202200004361;13;9;2022;23:48;5;75;75113;2;1;1;7;BD PERIPHERIQUE EXTERIEUR;48,8168800000;2,3483260000
202200004362;17;10;2022;12:56;1;13;13028;2;3;1;3;TRAMONTANE (AVENUE DE LA );43,2047900000;5,6036000000
202200004363;15;9;2022;18:00;1;75;75118;2;3;1;6;RUE CAULAINCOURT;48,8896150000;2,3385020000
202200004364;15;9;2022;11:10;1;75;75118;2;1;1;3;BOULEVARD NEY;48,8976680000;2,3316190000
202200004365;13;10;2022;10:10;1;11;11262;2;1;1;5;16 Boulevard Frederic Mistral;43,1859000000;3,0016000000
202200004366;14;9;2022;10:00;1;75;75118;2;2;2;6;BOULEVARD BARBES;48,8883530000;2,3495990000
202200004367;14;9;2022;08:00;1;75;75108;2;7;2;3;PLACE CHARLES DE GAULLE;48,8743260000;2,2954390000
202200004368;17;10;2022;15:10;1;06;06069;2;3;1;3;AURIBEAU (ROUTE D') -D609-;43,6383100000;6,9110000000
202200004369;15;9;2022;08:50;1;75;75116;2;2;1;2;AVENUE DU MAHATMA GANDHI;48,8758540000;2,2622040000
202200004370;16;10;2022;12:30;1;974;97416;2;3;1;3;ISAUTIER (RUE FRANCOIS); -21,3416500000;55,4724700000
202200004371;14;9;2022;11:13;1;75;75116;2;3;1;6;RUE DUBAN;48,8576320000;2,2775520000
202200004372;15;10;2022;12:25;1;971;97107;2;1;1;6;FILAOS ( RUE DES );16,0541410106; -61,5619915724
202200004373;15;10;2022;13:10;1;91;91552;2;1;1;7;RTE DE CORBEIL;48,5954700000;2,2699700000
202200004374;15;9;2022;15:10;1;75;75115;2;3;1;3;AVENUE DE LA MOTTE PICQUET;48,8492600000;2,2981970000
202200004375;14;9;2022;11:50;1;75;75115;2;2;1;2;RUE DE LA CONVENTION;48,8392550000;2,2919660000
202200004376;16;10;2022;15:00;1;91;91421;1;1;1;4;RESISTANCE(AVENUE);48,6900000000;2,4700000000
202200004377;15;9;2022;17:45;1;75;75113;2;2;1;6;RUE DE TOLBIAC;48,8256530000;2,3472030000
202200004378;10;10;2022;18:05;1;83;83061;2;9;1;3;ROND-POINT DE PROVENCE;43,4270000000;6,7560000000
202200004379;15;9;2022;20:15;5;75;75112;2;2;1;3;AVENUE DE LA PORTE DE VINCENNES;48,8466840000;2,4138220000
202200004380;15;9;2022;19:20;2;75;75110;2;7;1;7;PLACE DE LA REPUBLIQUE;48,8684880000;2,3629450000
202200004381;16;10;2022;05:35;3;77;77186;1;6;2;6;D606 / D301;48,3906800000;2,7548300000
202200004382;15;9;2022;14:50;1;75;75110;2;3;1;3;RUE DU FAUBOURG SAINT MARTIN;48,8726210000;2,3576960000
202200004383;16;10;2022;22:30;3;76;76319;1;4;1;7;N138 - Sud 3;49,3445500000;1,0112200000
202200004384;14;9;2022;23:40;5;75;75109;2;7;1;3;RUE SAINT LAZARE;48,8761710000;2,3311330000
202200004385;14;10;2022;20:20;5;76;76384;2;9;2;1;MARRECHAL LECLERC (AVENUE DU);49,5162100000;0,5309200000
202200004386;15;9;2022;00:02;5;75;75109;2;2;1;7;RUE DE CHATEAUDUN;48,8760560000;2,3371530000
202200004387;16;10;2022;01:40;5;71;71059;1;3;1;3;MARMAGNE (ROUTE DE);46,8190394812;4,4737850045
202200004388;15;9;2022;18:29;1;94;94003;2;1;1;6;PAUL VAILLANT COUTURIER (AV);48,7982800000;2,3468000000
202200004389;15;10;2022;01:20;5;69;69264;2;1;1;1;Avenue de la Plage;45,9833700000;4,7484700000
202200004390;15;9;2022;07:35;1;94;94018;2;1;1;3;Cheminement de l'Ancienne Ecluse;48,8181400000;2,4097800000
202200004391;16;10;2022;01:10;5;69;69259;2;1;1;2;Route de Vienne;45,7160200000;4,8547600000
202200004392;15;9;2022;11:45;1;94;94017;2;1;1;3;44 Rue Jean Jaurès;48,8148700000;2,5065400000
202200004393;16;10;2022;18:25;1;69;69259;2;1;1;2;Route Départementale 95;45,6896923862;4,8859521747
202200004394;15;9;2022;18:45;1;93;93066;2;1;1;6;Rue Gabriel Péri;48,9433303107;2,3569221390
202200004395;16;10;2022;15:03;1;59;59512;2;1;1;3;LEBAS (AVENUE JEAN);50,6931600000;3,1692800000
202200004396;15;9;2022;20:55;5;93;93077;2;2;1;2;Rue Simon Guitlevitch / Boulevard André;48,8781191964;2,5249122853
202200004397;15;10;2022;15:00;1;59;59467;1;1;1;6;BERLAIMONT (ROUTE DE) ;50,2246150000;3,8299930000
202200004398;14;9;2022;23:45;3;93;93077;2;5;1;3;Boulevard André / Avenue Aimé;48,8791900000;2,5240300000
202200004399;16;10;2022;12:00;1;59;59009;2;3;1;3;COLBERT RUE;50,6177500000;3,1734900000
202200004400;15;9;2022;18:20;1;93;93050;2;3;1;1;Rue Paul et Camille Thomoux / Rue du 19 Mars 1962;48,8627000000;2,5302500000
202200004401;15;10;2022;19:15;1;59;59122;2;2;1;3;SOLESMES (RUE DE);50,1787578244;3,2535785437
202200004402;15;9;2022;09:40;1;93;93048;2;2;1;6;Rue de Romainville / Rue des Hanots;48,8684001408;2,4468301316
202200004403;15;10;2022;20:10;5;54;54395;2;2;2;3;Avenue du Rhin;48,6993758461;6,1372563243