Num_Acc;jour;mois;an;hrmn;lum;dep;com;agg;int;atm;col;adr;lat;long
202200005382;18;3;2022;12:15;1;34;34032;2;1;1;2;DEVEZE (AV DE LA);43,3313800000;3,2478300000
202200005383;1;5;2022;18:50;1;57;57095;2;1;1;3;17 Rue de Boulay;49,1414990000;6,6074550000
202200005384;30;12;2022;19:00;3;32;32013;1;1;1;7;TESTAS (CHEMIN DE);43,6572000000;0,5375900000
202200005385;3;5;2022;16:14;1;57;57563;1;1;1;6;D603;49,0984310000;6,4844230000
202200005386;21;3;2022;20:13;5;17;17300;2;9;1;1;Rue Flora Tristan;46,1578000000; -1,1416400000
202200005387;1;6;2022;14:50;1;01;01053;2;1;1;5;MAGINOT ( AVENUE ) DE 1A 41;46,2078400000;5,2275900000
202200005388;30;12;2022;07:50;2;31;31555;2;6;2;3;PL DE LA PATTE D OIE;43,5963300000;1,4228600000
202200005389;20;3;2022;01:20;5;14;14566;2;1;1;1;D401;49,2010000000; -0,3957000000
202200005390;30;12;2022;22:20;3;29;29019;1;1;2;7;42 rue Amiral Romain-Desfossés;48,4276533219; -4,4735008478
202200005391;4;6;2022;11:50;1;75;75116;2;1;1;3;PORT DE PASSY;48,8579070000;2,2595460000
202200005392;30;12;2022;17:15;5;27;27681;2;1;8;6;EGLANTIER (RUE DE L');49,0915950000;1,4643600000
202200005393;3;5;2022;00:40;3;86;86061;1;1;1;6;les Roderies;46,1430560000;0,3745970000
202200005394;3;6;2022;18:50;1;75;75112;2;4;1;3;ECHANGEUR BERCY;48,8256743461;2,3916506767
202200005395;19;3;2022;12:27;1;13;13039;1;9;1;4;ROUTE NATIONALE 569;43,4700100000;4,9451400000
202200005396;30;12;2022;08:00;5;27;27562;2;3;1;7;CHAMBRAY (ROUTE DE);49,0952700000;1,4511500000
202200005397;30;4;2022;05:15;3;40;40277;1;1;1;6;Route de Dax;43,6745730000; -1,0357300000
202200005398;3;6;2022;16:40;1;75;75117;2;1;2;3;PORTE D ASNIERES;48,8913710000;2,3004760000
202200005399;30;12;2022;20:05;3;22;22360;1;1;2;7;AUDIARD (RUE MICHEL);48,4890000000; -2,7630000000
202200005400;21;3;2022;20:30;5;13;13208;2;3;1;3;DAUMIER (RUE);43,2785723674;5,3858047057
202200005401;3;5;2022;14:50;1;85;85019;2;6;1;3;Rue des Nouettes;46,7800720000; -1,4321230000
202200005402;2;6;2022;20:25;1;75;75115;2;1;1;7;PORTE DE SEVRES;48,8294780000;2,2874410000
202200005403;30;12;2022;20:50;5;18;18279;2;3;2;3;Avenue du 8 Mai 1945;47,2364400000;2,0874200000
202200005404;31;12;2022;01:30;1;17;17300;2;1;1;7;JOFFRE   BOULEVARD (79 et 18);46,1580600000; -1,1423300000
202200005405;21;3;2022;15:00;1;13;13212;2;1;1;2;GENERAL NOLLET (BOULEVARD DU);43,3040100000;5,4308400000
202200005406;2;6;2022;18:25;1;75;75119;2;1;1;4;PORTE DE LA VILLETTE;48,9004250000;2,3902070000
202200005407;30;12;2022;06:06;5;13;13206;2;2;1;3;NAVARIN (RUE);43,2899600000;5,3883600000
202200005408;21;3;2022;15:50;1;13;13202;2;3;1;1;DAMES (BOULEVARD DES);43,3018306161;5,3724287343
202200005409;2;6;2022;15:00;1;75;75120;2;1;1;2;PORTE DE BAGNOLET;48,8696630000;2,4134940000
202200005410;2;5;2022;18:50;1;59;59010;1;1;1;5;D630;50,1608590000;3,1318550000
202200005411;29;12;2022;22:52;5;13;13201;2;2;1;3;LONGCHAMP (BOULEVARD)   1 A 21;43,3011500000;5,3879100000
202200005412;18;3;2022;08:00;1;06;06069;2;1;1;7;ROUQUIER (BOULEVARD EMMANUEL);43,6389600000;6,9413800000
202200005413;2;6;2022;09:30;1;75;75116;2;1;1;3;PORTE DAUPHINE;48,8697840000;2,2716840000
202200005414;29;12;2022;20:00;5;13;13202;2;1;1;3;Rue de la republique;43,2991521286;5,3717927634
202200005415;3;5;2022;07:10;1;59;59034;2;1;7;3;Rue de Lille;50,5414970000;3,0835320000
202200005416;29;12;2022;05:40;5;75;75120;2;1;2;7;ECHANGEUR BAGNOLET;48,8642570000;2,4132790000
202200005417;20;3;2022;14:55;1;06;06123;2;9;1;3;POINT DU JOUR BOULEVARD DU;43,6734100000;7,1898100000
202200005418;2;6;2022;09:05;1;75;75116;2;1;1;2;PORTE DAUPHINE;48,8704830000;2,2725290000
202200005419;30;4;2022;17:00;1;13;13214;1;1;1;2;A7-Sens Lyon vers Marseille;43,3247729309;5,3785084629
202200005420;30;12;2022;23:55;5;75;75118;2;1;3;2;BD PERIPHERIQUE INTERIEUR;48,9010130000;2,3494070000
202200005421;1;6;2022;20:45;1;75;75113;2;1;1;2;PORTE DE GENTILLY;48,8170450000;2,3484020000
202200005422;19;3;2022;11:02;1;05;05061;2;1;1;4;EMILE DIDIER ( AV );44,5647500000;6,0906200000
202200005423;31;12;2022;19:09;5;75;75119;2;1;1;6;AVENUE DE FLANDRE;48,8913610000;2,3775200000
202200005424;1;5;2022;07:30;1;13;13026;1;1;1;2;A55-Sens Marseille vers Martigues;43,3788500000;5,1673600000
202200005425;3;6;2022;06:14;2;75;75116;2;3;1;6;AVENUE DE VERSAILLES;48,8426270000;2,2686900000
202200005426;31;12;2022;18:15;5;75;75114;2;2;1;6;BOULEVARD DU MONTPARNASSE;48,8430580000;2,3263280000
202200005427;21;3;2022;08:40;1;75;75113;2;1;1;3;BD PERIPHERIQUE EXTERIEUR;48,8235130000;2,3823940000
202200005428;26;4;2022;18:00;1;13;13215;1;1;1;2;A7-Sens Marseille vers Lyon;43,3575948230;5,3629044657
202200005429;4;6;2022;01:55;5;75;75105;2;2;1;7;RUE CLAUDE BERNARD;48,8412470000;2,3436400000
202200005430;30;12;2022;23:10;5;75;75113;2;2;2;6;RUE DE TOLBIAC;48,8257450000;2,3466050000
202200005431;19;3;2022;19:50;5;75;75114;2;1;1;3;BD PERIPHERIQUE INTERIEUR;48,8195170000;2,3283140000
202200005432;25;4;2022;11:14;1;13;13005;1;1;1;2;A501-Sens Pont de l' Etoile vers Aubagne;43,3195231876;5,5919972085
202200005433;3;6;2022;23:36;5;75;75105;2;2;1;2;BOULEVARD SAINT MICHEL;48,8513880000;2,3431680000
202200005434;21;3;2022;14:38;1;75;75119;2;7;1;6;AVENUE JEAN JAURES;48,8894670000;2,3957220000
202200005435;31;12;2022;21:46;5;94;94078;2;1;1;4;PARIS (R DE);48,7522100000;2,4452100000
202200005436;3;6;2022;18:20;1;75;75105;2;2;1;1;QUAI DE LA TOURNELLE;48,8511160000;2,3512880000
202200005437;20;3;2022;21:04;5;75;75117;2;7;1;6;BOULEVARD MALESHERBES;48,8833490000;2,3095040000
202200005438;29;4;2022;23:30;3;67;67482;1;1;1;2;M35;48,5682200000;7,7318500000
202200005439;31;12;2022;21:00;5;94;94074;2;2;1;1;COLONEL FABIEN (R);48,7473320000;2,4621420000
202200005440;3;6;2022;16:39;1;75;75105;2;2;8;3;RUE SOUFFLOT;48,8469140000;2,3428080000
202200005441;21;3;2022;14:30;1;75;75106;2;3;1;6;RUE DE SEVRES;48,8478720000;2,3194140000
202200005442;1;5;2022;20:10;1;91;91345;1;1;1;5;AUTOROUTE A6;48,6870800000;2,3261100000
202200005443;31;12;2022;17:40;5;93;93053;2;2;1;6;Rue Jean Jaurès / Avenue Georges Clemenceau / Boulevard Gambetta;48,8942900000;2,4581000000
202200005444;2;6;2022;18:40;1;75;75106;2;4;1;6;RUE GUYNEMER;48,8486280000;2,3325820000
202200005445;1;5;2022;07:20;1;78;78117;1;1;1;6;RN12;48,7874950000;2,1466730000
202200005446;31;12;2022;14:40;1;93;93048;2;3;1;6;Boulevard Théophile Sueur / Rue des Petits Pêchers;48,8589900000;2,4668500000
202200005447;20;3;2022;07:00;2;75;75120;2;2;1;3;RUE PLANCHAT;48,8547520000;2,3975130000
202200005448;2;6;2022;14:15;1;75;75105;2;2;1;7;RUE DES ECOLES;48,8474820000;2,3527210000
202200005449;30;12;2022;19:02;5;93;93008;2;2;8;3;Avenue Louis Aragon / Rue Paul Belwo;48,9148800000;2,4409300000
202200005450;21;3;2022;10:00;1;75;75119;2;1;1;2;AVENUE JEAN JAURES;48,8863580000;2,3838230000
202200005451;1;5;2022;07:00;1;92;92050;1;1;1;3;A86;48,9046200000;2,2077720000
202200005452;2;6;2022;08:30;1;75;75106;2;5;1;3;BOULEVARD DU MONTPARNASSE;48,8450970000;2,3202520000
202200005453;31;12;2022;09:30;1;92;92076;2;2;1;7;REPUBLIQUE;48,8368660088;2,1459174156
202200005454;29;4;2022;22:30;3;77;77122;1;1;1;2;RN104;48,6463590000;2,5961290000
202200005455;31;12;2022;15:35;1;92;92050;2;9;1;6;PROVINCES FRANCAISES BD DES;48,9003150000;2,2144490000
202200005456;21;3;2022;16:40;1;75;75117;2;3;1;3;AVENUE DES TERNES;48,8789860000;2,2927780000
202200005457;31;12;2022;00:20;5;92;92050;2;1;2;6;VENETS RUE DES;48,8889485444;2,2045467496
202200005458;4;6;2022;13:05;1;75;75120;2;2;8;3;AVENUE GAMBETTA;48,8696410000;2,4026060000
202200005459;29;4;2022;19:17;1;94;94017;1;1;1;2;A86.EXT;48,8297175111;2,4830468102
202200005460;5;6;2022;19:45;1;75;75119;2;1;8;7;AVENUE SIMON BOLIVAR;48,8763400410;2,3761770129
202200005461;30;12;2022;22:35;5;92;92050;1;1;2;6;HAVRE BOULEVARD DU;48,9196456416;2,2216131091
202200005462;21;3;2022;15:10;1;75;75117;2;2;1;2;AVENUE NIEL;48,8829290000;2,2963850000
202200005463;29;4;2022;14:45;1;94;94073;1;1;1;2;A86 EXT;48,7537093297;2,3800721167
202200005464;4;6;2022;13:10;1;75;75119;2;1;1;3;RUE D AUBERVILLIERS;48,8979250000;2,3705230000
202200005465;31;12;2022;19:50;5;92;92020;2;1;1;6;PARIS AVENUE DE N° IMPAIRS;48,8077179103;2,2948395610
202200005466;20;4;2022;19:30;1;77;77294;1;1;1;3;A104;48,9697800000;2,5983600000
202200005467;21;3;2022;09:30;1;75;75117;2;4;1;6;RUE DES ACACIAS;48,8783880000;2,2942260000
202200005468;1;6;2022;23:35;5;75;75119;2;3;1;3;RUE MANIN;48,8840200000;2,3903200000
202200005469;30;12;2022;22:48;5;92;92026;2;2;2;3;PRÉSIDENT PAUL DOUMER (QUAI DU);48,8900700000;2,2562700000
202200005470;30;4;2022;10:30;1;974;97407;2;1;1;6;COMMUNE DE PARIS (AVENUE); -20,9372700000;55,2980000000
202200005471;20;3;2022;16:25;1;75;75116;2;5;1;3;AVENUE VICTOR HUGO;48,8657700000;2,2759540000
202200005472;1;5;2022;00:00;5;69;69386;2;6;1;3;Rue Vauban;45,7659800000;4,8558800000
202200005473;31;12;2022;15:10;1;33;33315;1;3;1;3;D674;45,0738690000; -0,0778480000
202200005474;4;6;2022;19:20;1;75;75118;2;2;3;3;BOULEVARD BARBES;48,8915570000;2,3496240000
202200005475;21;3;2022;09:20;1;75;75113;2;2;1;3;RUE AUGUSTE LANCON;48,8225840000;2,3440450000
202200005476;31;12;2022;16:15;1;89;89347;1;1;1;6;;47,4463820000;3,9009300000
202200005477;30;3;2022;20:00;2;69;69199;2;1;1;6;Rue de la Tannerie;45,7096918017;4,8605006933
202200005478;3;6;2022;16:18;2;75;75118;2;2;8;6;RUE DU POTEAU;48,8977920000;2,3375150000
202200005479;31;12;2022;21:45;3;63;63011;1;1;1;1;Rd 2144;46,1932300000;2,7693270000
202200005480;21;3;2022;09:05;1;75;75111;2;1;7;6;BOULEVARD DE MENILMONTANT;48,8589220000;2,3891710000
202200005481;31;12;2022;21:35;3;61;61121;1;1;1;6;La Bodinière;48,4661350000;0,4833230000
202200005482;30;4;2022;14:15;1;69;69259;2;3;1;4;279 Route de Vienne;45,7271400000;4,8539100000
202200005483;3;6;2022;17:20;1;75;75118;2;4;2;3;RUE CHRISTIANI;48,8863130000;2,3478770000
202200005484;20;3;2022;14:45;1;75;75107;2;7;1;3;PLACE DE LA RESISTANCE;48,8622560000;2,3015550000
202200005485;31;12;2022;17:55;5;25;25199;2;2;1;3;D9;47,0025290000;6,0712390000
202200005486;1;5;2022;00:00;5;69;69382;2;1;1;2;Quai Perrache;45,7409500000;4,8237600000
202200005487;3;6;2022;16:25;1;75;75118;2;2;2;3;AVENUE DE LA PORTE DE CLIGNANCOURT;48,8980840000;2,3443910000
202200005488;31;12;2022;14:35;1;38;38431;1;1;1;7;D30;45,2533050000;5,8425380000
202200005489;30;4;2022;19:00;1;69;69386;2;2;1;6;Rue Vauban;45,7657800000;4,8531700000
202200005490;21;3;2022;20:10;5;75;75101;2;2;1;3;QUAI DES TUILERIES;48,8605710000;2,3301190000
202200005491;3;6;2022;14:30;1;75;75118;2;3;3;6;RUE ORDENER;48,8908760000;2,3532490000
202200005492;31;12;2022;15:30;1;03;03043;1;1;1;7;8 Route de Vendat;46,1884490000;3,3198090000
202200005493;4;6;2022;19:30;1;75;75117;2;7;3;6;PLACE DU GENERAL KOENIG;48,8808520000;2,2839800000
202200005494;31;12;2022;14:33;1;60;60509;2;1;1;1;123 Rue de la Plaine;49,3129270000;2,6215640000
202200005495;29;4;2022;19:00;1;2B;2B033;2;1;1;5;11 - RT;42,6788000000;9,4466000000
202200005496;21;3;2022;16:40;1;94;94021;2;2;1;6;FRANKLIN ROOSEVELT (AV);48,7704800000;2,3634000000
202200005497;31;12;2022;16:00;1;36;36207;1;1;1;3;Les Brumales;46,4704877517;1,6337227821
202200005498;3;6;2022;21:15;2;75;75117;2;2;1;2;AVENUE DE LA PORTE D ASNIERES;48,8922980000;2,3010070000
202200005499;21;3;2022;09:20;1;94;94065;1;1;1;3;RN 186;48,7534500000;2,3569500000
202200005500;25;4;2022;22:04;5;95;95555;2;1;1;6;RD 109;48,9644200000;2,2826500000
202200005501;31;12;2022;22:25;5;48;48017;2;1;1;6;Avenue du Lot;44,4393910000;3,1984910000
202200005502;21;3;2022;20:45;3;94;94054;2;1;1;7;Route Charles Tillon;48,7378200000;2,3919300000
202200005503;2;6;2022;23:30;5;75;75117;2;3;1;3;AVENUE DE CLICHY;48,8921870000;2,3175560000
202200005504;30;4;2022;20:30;1;91;91657;2;3;1;4;AV HENRI BARBUSSE;48,6959900000;2,4149100000
202200005505;31;12;2022;19:45;3;42;42299;1;1;1;3;Route de Montrond;45,6123560000;4,1051100000
202200005506;4;6;2022;06:30;2;75;75116;2;3;1;6;CARREFOUR DES TRIBUNES;48,8619910000;2,2303790000
202200005507;31;12;2022;19:29;3;92;92019;1;1;1;2;RN 385 Extèrieure;48,7723095382;2,2428001395
202200005508;30;4;2022;19:24;1;91;91286;1;1;1;2;EMILE ALLIAUD (AVENUE);48,6489800000;2,3875300000
202200005509;20;3;2022;16:50;1;94;94002;2;1;1;2;Chemin Latéral;48,8099000000;2,4218700000
202200005510;31;12;2022;09:45;1;91;91064;1;1;8;7;RN 118;48,7568100000;2,2236900000
202200005511;2;6;2022;20:50;1;75;75116;2;1;1;4;HYPPODROME DE LONGCHAMP;48,8633125831;2,2375094891
202200005512;30;4;2022;16:15;1;91;91589;2;1;7;6;RUE VAN GOGH;48,6753910000;2,3396530000
202200005513;21;3;2022;08:00;1;93;93072;2;1;1;3;51 Avenue Paul Vaillant Couturier;48,9507296749;2,3814027607
202200005514;31;12;2022;04:35;3;91;91521;1;1;2;7;RN 104;48,6267700000;2,3986400000
202200005515;30;12;2022;21:20;5;94;94043;1;1;2;3;AUTOROUTE A6B;48,8158400000;2,3566300000
202200005516;30;4;2022;14:30;1;91;91589;2;2;7;3;AV CHARLES DE GAULLE;48,6768790000;2,3498460000
202200005517;3;6;2022;01:30;5;75;75116;2;3;1;5;AVENUE FOCH;48,8735510000;2,2924530000
202200005518;21;3;2022;10:45;1;93;93066;2;2;1;3;Rue Paul Eluard / Quai de Seine;48,9418930000;2,3416880000
202200005519;30;4;2022;15:55;1;79;79191;2;1;1;1;5 Rue de la Levée de Sevreau;46,3210300000; -0,5137900000
202200005520;2;6;2022;12:53;1;75;75116;2;2;1;6;RUE MICHEL ANGE;48,8431970000;2,2602360000
202200005521;21;3;2022;17:05;1;93;93077;2;2;1;6;Boulevard d'Aulnay / Rue Jean Fallay;48,8935000000;2,5022200000
202200005522;30;12;2022;19:34;5;94;94034;1;1;2;4;AUTOROUTE A86;48,7594589498;2,3225375404
202200005523;2;6;2022;13:50;1;75;75116;2;2;1;6;AVENUE DE VERSAILLES;48,8461420000;2,2724250000
202200005524;21;3;2022;09:35;1;93;93046;2;1;1;2;EUROPE BOULEVARD DE L';48,9285100000;2,5523800000
202200005525;31;12;2022;22:00;3;93;93005;1;1;1;3;AUTOROUTE A3;48,9290162824;2,4812525511
202200005526;30;4;2022;17:00;1;78;78005;1;1;1;1;CENTRALE (ROUTE);48,9646700000;2,1746700000
202200005527;2;6;2022;08:15;1;75;75116;2;1;1;3;BOULEVARD SUCHET;48,8543220000;2,2627150000
202200005528;30;4;2022;01:40;5;77;77284;2;1;1;1;EPINETTE (AV.DE L');48,9593200000;2,9038800000
202200005529;21;3;2022;19:45;5;93;93010;2;3;1;3;Avenue Galliéni / Villa Fleury;48,9054710000;2,4784370000
202200005530;1;6;2022;13:55;1;75;75116;2;1;1;3;BOULEVARD DE BEAUSEJOUR;48,8576790000;2,2711370000
202200005531;31;12;2022;15:45;1;95;95582;1;1;1;4; A15;48,9664443028;2,2562747404
202200005532;29;4;2022;17:30;1;77;77209;2;1;1;1;D217B;48,8549930000;2,7015790000
202200005533;21;3;2022;17:30;1;93;93005;2;1;1;6;PAUL CEZANNE (RUE);48,9530620881;2,4953341484
202200005534;30;12;2022;16:45;1;95;95572;1;1;1;6;RN 184;49,0342660733;2,1124421464
202200005535;1;6;2022;07:19;1;75;75116;2;2;1;2;ROUTE DE LA PTE DES SABLONS A LA PTE MAI;48,8773430000;2,2792440000
202200005536;30;4;2022;12:00;1;69;69290;2;2;1;3;Rue Aristide Briand;45,6963689042;4,9262402790
202200005537;30;12;2022;16:15;2;95;95582;1;1;2;6;A15;48,9691950000;2,2507770000
202200005538;20;3;2022;17:00;1;92;92063;2;9;1;7;BONAPARTE (AVENUE NAPOLEON) SUD;48,8692200000;2,1554300000
202200005539;3;6;2022;15:35;1;75;75115;2;2;2;7;BOULEVARD PASTEUR;48,8428680000;2,3123810000
202200005540;30;12;2022;13:00;1;95;95582;1;1;2;6;A115;48,9752700000;2,2411000000
202200005541;18;3;2022;17:45;1;92;92050;2;1;1;3;SURESNES RUE DE;48,8841620606;2,2145937681
202200005542;30;4;2022;11:15;1;69;69290;2;2;1;3;Boulevard André Boulloche;45,7189300000;4,9309400000
202200005543;31;12;2022;09:00;1;94;94017;1;1;1;6;A4;48,8301463257;2,4891312295
202200005544;2;6;2022;19:15;1;75;75115;2;2;1;2;RUE DE LA CONVENTION;48,8447640000;2,2799080000
202200005545;31;12;2022;09:10;1;94;94044;1;1;1;7;RN406.Y;48,7572047538;2,4763169398
202200005546;20;4;2022;20:40;1;59;59033;2;1;1;7;ANATOLE France (RUE);50,1947844494;3,8312941790
202200005547;31;12;2022;01:24;3;94;94073;1;1;2;6;A86 EXT;48,7680357492;2,3785302403
202200005548;18;3;2022;14:00;1;92;92036;2;6;1;3;GENERAL DE GAULLE (AVENUE) (1/41);48,9347277110;2,3196828514
202200005549;2;6;2022;15:30;1;75;75115;2;2;1;3;RUE DE VAUGIRARD;48,8444280000;2,3176770000
202200005550;30;4;2022;18:10;1;59;59350;2;9;1;2;SCHUMAN ROBERT BOULEVARD;50,6483467445;3,0512360930
202200005551;31;12;2022;00:31;3;77;77294;1;1;2;2;RN104;48,9714198105;2,5734611015
202200005552;21;3;2022;17:15;1;92;92023;2;1;1;3;GENERAL DE GAULLE (AV DU) N°130 A 340 ET;48,7842293001;2,2487098574
202200005553;29;12;2022;16:45;1;974;97416;2;1;1;7;RN2; -21,3517311000;55,5074807000
202200005554;4;6;2022;09:30;1;75;75114;2;2;1;3;RUE DE L OUEST;48,8365020000;2,3201500000
202200005555;27;4;2022;17:00;1;59;59286;2;1;1;1;MESNY RUE DU GENERAL;50,6016200000;2,9835500000
202200005556;20;3;2022;22:26;5;92;92004;2;1;1;3;GRESILLONS ( AVENUE DES  );48,9170297221;2,3068191111
202200005557;30;12;2022;05:10;5;974;97411;2;1;1;2;JAURES (BLD 1 JEAN); -20,8936000000;55,4710100000
202200005558;30;4;2022;12:10;1;45;45234;2;1;1;3;Rue Eugène Vignat;47,9098426240;1,9114703983
202200005559;3;6;2022;20:35;1;75;75114;2;4;1;2;AVENUE DU MAINE;48,8340940000;2,3243530000
202200005560;29;12;2022;21:05;5;69;69386;2;2;2;6;175 Cours Lafayette;45,7637100000;4,8563700000
202200005561;22;3;2022;10:30;1;26;26139;1;6;1;3;Vachier de la Grand Pierre;45,0655540000;5,0929250000
202200005562;30;4;2022;10:06;1;45;45302;2;2;1;1;Rue Nationale 20;47,9545500000;1,8910100000
202200005563;29;12;2022;18:05;5;69;69382;2;3;2;6;Cours Charlemagne;45,7398400000;4,8180300000
202200005564;3;6;2022;14:55;1;75;75114;2;1;2;5;AVENUE JEAN MOULIN;48,8263100000;2,3233010000
202200005565;21;3;2022;03:40;3;66;66164;1;1;3;6;AUTOROUTE A9 - PK 243+200;42,7702660000;2,8925800000
202200005566;26;12;2022;18:30;2;971;97107;2;1;1;2;DELGRES ( BOULEVARD );16,0474000000; -61,5641000000
202200005567;29;4;2022;16:25;1;45;45234;2;2;1;3;Boulevard Marie Stuart;47,9114285717;1,9295473248
202200005568;29;12;2022;09:32;1;87;87085;1;1;3;7;AUTOROUTE A20;45,8629900000;1,2871000000
202200005569;22;3;2022;10:50;1;31;31418;2;1;1;1;240 route de TOULOUSE;43,6240530000;1,5347250000
202200005570;4;6;2022;21:00;1;75;75113;2;5;8;3;AVENUE DE LA PORTE D ITALIE;48,8157990000;2,3605770000
202200005571;23;12;2022;08:45;1;85;85194;2;6;2;7;RD949;46,5138500000; -1,7818600000
202200005572;26;4;2022;10:40;1;44;44132;2;6;1;5;25 Avenue du Baulois;47,2632500000; -2,3342000000
202200005573;21;3;2022;18:55;1;35;35033;1;1;1;2;RN137;47,9188955819; -1,6800043574
202200005574;29;12;2022;18:00;5;83;83062;2;1;1;5;SALENGRO (AVENUE ROGER);43,1265732448;6,0127488971
202200005575;30;4;2022;17:10;1;37;37261;2;3;1;3;FLORENCE (AVENUE DE);47,3767430047;0,7369798422
202200005576;4;6;2022;18:20;1;75;75113;2;2;3;3;RUE DE TOLBIAC;48,8259410000;2,3452170000
202200005577;27;12;2022;07:50;2;80;80021;2;1;1;3;JULES BARNI (RUE);49,8894700000;2,3098900000
202200005578;30;4;2022;14:20;1;37;37261;2;7;1;6;HALLES (PLACE DES);47,3926516032;0,6791970134
202200005579;4;6;2022;02:25;5;75;75113;2;3;1;6;BOULEVARD ARAGO;48,8349670000;2,3461130000
202200005580;21;3;2022;19:45;2;80;80424;1;1;1;2;D1001;49,8074370000;2,2602760000
202200005581;27;12;2022;11:55;1;80;80021;2;1;7;3;PONT JACQUES CHIRAC;49,8909100000;2,2769700000
202200005582;30;4;2022;11:35;1;35;35238;2;9;1;3;MALAKOFF (PONT);48,1077595295; -1,6930512339
202200005583;3;6;2022;15:50;1;75;75113;2;2;2;3;RUE OLIVIER MESSIAEN;48,8310260000;2,3776030000
202200005584;29;12;2022;20:55;5;77;77373;2;9;1;6;LES PETITES FRICHES RN4;48,7829014814;2,6139036227
202200005585;22;3;2022;13:20;1;71;71073;2;6;1;3;Rue du 11 Novembre 1918;46,9038240000;4,7559910000
202200005586;30;4;2022;10:35;1;35;35238;2;1;1;2;VOLTAIRE (BD);48,1051535641; -1,6984371096
202200005587;3;6;2022;00:10;5;75;75113;2;2;1;6;BOULEVARD MASSENA;48,8198070000;2,3649060000
202200005588;28;12;2022;21:15;5;77;77058;2;2;2;3;ANTOINE GIROUST (BOULEVARD );48,8399600000;2,7107500000
202200005589;21;3;2022;21:50;4;47;47041;1;1;1;6;D119;44,2093620000;0,3947860000
202200005590;4;6;2022;23:15;5;75;75112;2;1;2;6;QUAI DE BERCY;48,8373450000;2,3778680000
202200005591;28;12;2022;12:00;1;72;72181;2;1;8;3;EVENTAIL RUE DE L' N° IMP 1 A 61;48,0047200000;0,2220400000
202200005592;29;12;2022;19:00;5;69;69290;2;1;2;6;Rue Aristide Briand;45,6920500000;4,9334000000
202200005593;30;4;2022;21:00;1;33;33119;2;2;1;3;Rue Aristide Briand;44,8602000000; -0,5235500000
202200005594;4;6;2022;07:00;1;75;75112;2;1;1;6;QUAI DE BERCY;48,8297330000;2,3869430000
202200005595;21;3;2022;16:50;1;31;31416;2;2;6;3;pk 24 D49;43,3199110000;1,1840020000
202200005596;30;12;2022;00:40;5;68;68166;2;1;2;6;MULHOUSE (FAUBOURG DE);47,7896700000;7,3358100000
202200005597;5;6;2022;02:15;5;75;75111;2;4;1;6;AVENUE LEDRU ROLLIN;48,8557113717;2,3787123710
202200005598;30;4;2022;18:40;1;27;27229;2;1;1;2;CONCHES (ROUTE DE);49,0174400000;1,1144300000
202200005599;22;3;2022;07:30;1;38;38134;1;1;1;3;route de Beaurepaire;45,4378970000;5,0057530000
202200005600;28;12;2022;15:15;1;67;67447;2;9;1;3;ERSTEIN (RUE D );48,6109000000;7,7373000000
202200005601;29;4;2022;00:40;3;26;26198;1;1;1;6;TEIL (Route du);44,5521200000;4,7023000000
202200005602;3;6;2022;15:30;1;75;75111;2;2;2;3;RUE DE LA FONTAINE AU ROI;48,8684360000;2,3749300000
202200005603;23;12;2022;07:30;2;67;67204;2;1;2;1;FONTAINE (RUE DE LA);48,6246300000;7,7387600000
202200005604;30;4;2022;17:50;1;21;21054;2;1;1;6;PASUMOT (RUE);47,0227100000;4,8375100000
202200005605;21;3;2022;13:00;1;58;58095;1;1;1;4;D978a;46,8055420000;3,4465260000
202200005606;3;6;2022;10:25;1;75;75111;2;1;1;3;BOULEVARD VOLTAIRE;48,8569240000;2,3815960000
202200005607;29;12;2022;01:50;5;66;66136;2;1;1;1;LYCEE (AVENUE);42,6948800000;2,8875700000
202200005608;29;4;2022;17:20;1;21;21054;1;3;8;3;JAFFELIN (AVENUE CHARLES);47,0305300000;4,8134500000
202200005609;2;6;2022;10:46;1;75;75120;2;2;1;6;RUE DES PYRENEES;48,8514870000;2,4063020000
202200005610;21;3;2022;19:00;2;85;85204;1;1;1;5;Beauséjour;46,8171100000; -1,7582200000
202200005611;28;12;2022;13:00;1;62;62133;2;7;2;3;Avenue de la République;50,4198690000;2,9110840000
202200005612;26;4;2022;10:15;1;15;15014;2;9;1;3;Avenue Georges Pompidou;44,9109600000;2,4518100000
202200005613;3;6;2022;10:00;1;75;75110;2;2;1;2;RUE LA FAYETTE;48,8816100000;2,3657820000
202200005614;22;3;2022;14:46;1;30;30167;1;1;1;1;;44,2629160000;4,1626380000
202200005615;29;12;2022;21:30;5;59;59009;1;2;1;3;BREUCQ BOULEVARD DU;50,6262100000;3,1364900000
202200005616;20;3;2022;20:00;3;988;98805;1;1;1;6;VE2; -22,2086130000;166,4552260000
202200005617;30;4;2022;19:45;2;13;13117;2;3;1;1;MARSEILLE ( AVENUE DE );43,4325000000;5,2649000000
202200005618;2;6;2022;02:30;5;75;75110;2;2;1;3;RUE DU FAUBOURG SAINT MARTIN;48,8738080000;2,3583160000
202200005619;29;12;2022;08:15;3;59;59350;2;2;1;3;HOOVER AVENUE DU PRESIDENT;50,6312070000;3,0773970000
202200005620;30;4;2022;18:58;1;13;13103;2;3;1;3;AVENUE DE LATTRE DE TASSIGNY-RD 17-;43,6500800000;5,0912600000
202200005621;28;12;2022;14:15;1;59;59178;2;1;2;3;PASTEUR (BOULEVARD);50,3644720000;3,0721960000
202200005622;21;3;2022;22:00;5;973;97309;2;1;1;3;Avenue Louis Caristan;4,9120122308; -52,2694502771
202200005623;5;6;2022;12:30;1;75;75109;2;2;1;3;RUE LE PELETIER;48,8722437439;2,3383008689
202200005624;29;12;2022;18:45;5;59;59122;2;9;1;3;VALENCIENNES (AVENUE DE);50,1815900000;3,2484400000