Num_Acc;jour;mois;an;hrmn;lum;dep;com;agg;int;atm;col;adr;lat;long
202200005625;30;4;2022;18:10;1;13;13201;2;1;1;1;ATHENES (BOULEVARD D');43,3002800000;5,3807100000
202200005626;2;6;2022;12:40;1;75;75109;2;2;1;6;RUE D AMSTERDAM;48,8812810000;2,3271340000
202200005627;21;3;2022;20:05;5;987;98715;1;1;1;3;Aratia Aéroport; -17,5639650000; -149,6028740000
202200005628;28;12;2022;09:40;1;56;56162;2;7;2;6;1 Rue Sainte - Anne;47,7366400000; -3,4271100000
202200005629;2;6;2022;09:00;1;75;75108;2;1;1;3;RUE DE LABORDE;48,8755400000;2,3178160000
202200005630;28;12;2022;16:03;1;54;54431;2;7;1;3;JOFFRE (RUE DU MARECHAL);48,9031800000;6,0557800000
202200005631;29;4;2022;16:25;1;13;13207;2;2;1;3;Corniche John Fitzgérald Kennedy;43,2700000000;5,3655100000
202200005632;19;3;2022;03:45;2;987;98715;1;9;1;6;Route Nelson MANDELA au PK 3.500; -17,5845220000; -149,5685780000
202200005633;1;6;2022;08:45;1;75;75108;2;1;1;3;RUE DU FAUBOURG SAINT HONORE;48,8689420000;2,3210750000
202200005634;29;4;2022;09:35;1;13;13209;2;9;1;3;REGNY (TRAVERSE);43,2637185641;5,4198215453
202200005635;27;12;2022;19:00;5;49;49328;2;2;1;5;BEAUREPAIRE (RUE);47,2603500000; -0,0815700000
202200005636;5;6;2022;21:35;2;75;75107;2;4;2;7;BOULEVARD SAINT GERMAIN;48,8600028377;2,3217053711
202200005637;26;4;2022;16:40;1;13;13202;2;1;1;3;JOLIETTE (PLACE DE LA);43,3046400000;5,3658200000
202200005638;21;3;2022;15:35;1;18;18245;1;1;1;2;;46,6180650000;2,5058910000
202200005639;29;12;2022;13:10;1;49;49267;2;6;1;3;PERREYEUX;47,4579900000; -0,5148400000
202200005640;30;4;2022;09:10;1;13;13047;1;1;1;2;RD 569;43,5360300000;4,9749500000
202200005641;5;6;2022;20:25;1;75;75107;2;3;1;3;BOULEVARD RASPAIL;48,8524020063;2,3264797032
202200005642;22;3;2022;08:45;1;13;13036;1;4;1;1;Intersection RD29 et RD32;43,8474880000;4,8146240000
202200005643;26;4;2022;16:55;1;13;13004;2;3;1;3;BD EMILE ZOLA;43,6715600000;4,6281800000
202200005644;22;3;2022;16:00;1;34;34179;1;1;1;6;Route de Cournonterral;43,5999340000;3,7328300000
202200005645;5;6;2022;15:05;1;75;75107;2;3;8;3;QUAI ANATOLE FRANCE;48,8611190000;2,3241790000
202200005646;30;12;2022;00:50;3;38;38544;1;1;2;7;CD 41;45,5199390077;4,8947588670
202200005647;3;6;2022;10:40;1;75;75107;2;3;1;6;QUAI BRANLY;48,8590560000;2,2932280000
202200005648;30;4;2022;05:29;5;10;10387;2;1;1;3;ANATOLE FRANCE (RUE);48,2836500000;4,0724400000
202200005649;21;3;2022;18:40;2;974;97415;1;1;1;6;N1a; -21,0286810000;55,2273010000
202200005650;3;6;2022;08:00;1;75;75107;2;2;1;3;BOULEVARD RASPAIL;48,8543250000;2,3261290000
202200005651;16;3;2022;17:15;1;971;97129;1;1;1;3;Plessis Nogent;16,3532250000; -61,7346080000
202200005652;30;4;2022;14:20;1;06;06088;2;1;1;5;CIMIEZ (BD) JUSQU'AU 14-15;43,7080520000;7,2712310000
202200005653;2;6;2022;14:05;1;75;75107;2;2;1;7;RUE DU BAC;48,8560860000;2,3258010000
202200005654;29;12;2022;13:55;1;35;35238;2;1;1;3;RN24;48,1068520000; -1,7280650000
202200005655;18;3;2022;17:10;1;45;45108;1;1;1;1;D51 -PR 18 + 400;47,6202670000;2,5126930000
202200005656;30;4;2022;19:20;1;06;06083;2;3;2;6;BOYER (AVENUE);43,7757800000;7,4953520000
202200005657;21;3;2022;17:10;1;84;84138;2;1;1;3;22 cours victor hugo;44,3709970000;4,9798900000
202200005658;30;4;2022;14:00;1;06;06069;1;1;1;6;MALLE (CHEMIN DE LA);43,6800050000;6,9164100000
202200005659;4;6;2022;18:00;1;75;75104;2;2;3;3;QUAI DE GESVRES;48,8567330000;2,3489540000
202200005660;29;12;2022;18:30;5;33;33063;2;1;3;6;Place de l'Europe;44,8595000000; -0,5803000000
202200005661;26;4;2022;07:00;1;06;06155;2;1;1;6;LIBERTE AV.DE LA;43,5684570000;7,0736220000
202200005662;21;3;2022;19:27;2;83;83107;1;1;1;1;Route du Col du Bougnon;43,3935890000;6,6756530000
202200005663;4;6;2022;16:00;1;75;75101;2;2;2;6;RUE DES PETITS CHAMPS;48,8672890000;2,3346250000
202200005664;4;6;2022;16:10;2;75;75102;2;1;2;7;RUE DE TURBIGO;48,8639380000;2,3493850000
202200005665;28;4;2022;18:15;1;75;75118;2;1;1;3;BD PERIPHERIQUE EXTERIEUR;48,9009350000;2,3385420000
202200005666;15;3;2022;17:00;1;67;67098;1;1;2;6;D392;48,5387230000;7,4011700000
202200005667;3;6;2022;04:00;5;75;75104;2;3;1;7;RUE DE RIVOLI;48,8566740000;2,3549790000
202200005668;24;2;2022;13:40;1;38;38148;1;1;1;6;Route de chataigneray;45,6259090000;5,4917590000
202200005669;30;4;2022;15:30;1;75;75105;2;2;1;3;BOULEVARD SAINT MARCEL;48,8384750000;2,3570300000
202200005670;2;6;2022;18:15;1;75;75103;2;3;1;7;RUE BEAUBOURG;48,8614460000;2,3536230000
202200005671;28;12;2022;17:10;2;33;33318;2;2;1;3;Avenue du Général Leclerc;44,7855600000; -0,6821400000
202200005672;21;3;2022;21:30;5;07;07324;2;1;1;7;Avenue de Nimes;45,0572850000;4,8403470000
202200005673;29;4;2022;11:18;1;75;75106;2;4;1;3;RUE DE RENNES;48,8501029623;2,3297668325
202200005674;2;6;2022;08:35;1;75;75104;2;4;1;6;VOIE GEORGES POMPIDOU;48,8512540000;2,3611500000
202200005675;20;3;2022;18:05;1;69;69269;1;1;1;7;Route de Thurins;45,6979480778;4,6018853186
202200005676;18;3;2022;09:00;1;85;85152;1;1;1;6;La Marguerite;46,5923309000; -1,6345908000
202200005677;1;6;2022;09:10;1;75;75104;2;3;1;7;BOULEVARD HENRI IV;48,8500910000;2,3589150000
202200005678;30;4;2022;10:50;1;75;75119;2;2;1;3;AVENUE JEAN JAURES;48,8887880000;2,3930970000
202200005679;27;11;2022;19:53;5;30;30189;2;2;1;3;SAINT MATHIEU (RUE);43,8348300000;4,3550900000
202200005680;22;3;2022;06:10;2;85;85097;1;1;1;6;19 Rue des moulins;46,9334550000; -1,0521160000
202200005681;4;6;2022;03:10;5;94;94081;2;5;1;3;YOURI GAGARINE (AV);48,7860800000;2,3918900000
202200005682;30;4;2022;17:25;1;75;75118;2;2;1;3;BOULEVARD NEY;48,8975359294;2,3289976269
202200005683;22;3;2022;11:10;1;56;56176;1;1;1;6;Lieu Dit Kervamentad;47,6690070000; -2,9483270000
202200005684;4;6;2022;15:00;1;94;94067;2;1;1;1;PARIS (av. de);48,8459400000;2,4203900000
202200005685;29;12;2022;20:45;3;29;29039;1;1;1;6;D44;47,9207779873; -3,9280843735
202200005686;30;4;2022;11:03;1;75;75118;2;2;1;3;RUE MARX DORMOY;48,8902394297;2,3599885404
202200005687;4;6;2022;21:05;1;94;94078;2;1;2;2;Rue de Paris;48,7366360000;2,4467290000
202200005688;21;3;2022;15:30;1;56;56023;1;3;1;3;Lieu Dit Kerbellec - D768;47,6865680000; -3,0135580000
202200005689;30;4;2022;16:20;1;75;75116;2;2;1;3;AVENUE DE LA GRANDE ARMEE;48,8744318881;2,2929735482
202200005690;28;12;2022;15:30;1;18;18033;2;1;1;6;28 Avenue Jean Jaurés;47,0883850000;2,3931120000
202200005691;15;3;2022;15:00;1;29;29103;2;1;1;6;Quai de Cornouaille;48,4485490000; -4,2514580000
202200005692;4;6;2022;11:40;1;94;94074;2;1;1;6;Rue du Colonel Fabien;48,7468700000;2,4676600000
202200005693;21;3;2022;10:10;1;22;22389;1;1;1;6;Rue de Saint-Laurent;48,4607530000; -2,7163290000
202200005694;30;4;2022;08:00;2;75;75116;2;3;1;6;AVENUE DU PRESIDENT KENNEDY;48,8529040000;2,2810790000
202200005695;2;6;2022;12:43;1;94;94078;2;1;1;3;L'APPEL DU DIX-HUIT JUIN 1940 (AV DE);48,7582200000;2,4434490000
202200005696;30;4;2022;14:00;1;75;75115;2;2;1;6;RUE DE VAUGIRARD;48,8360920000;2,2939870000
202200005697;19;3;2022;15:00;1;78;78640;1;1;1;5;A86 EXT;48,7781940000;2,2134480000
202200005698;29;12;2022;14:50;1;14;14341;2;6;1;4;N158;49,1451280000; -0,3385560000
202200005699;30;4;2022;12:10;1;75;75115;2;2;1;3;AVENUE DE LA PORTE BRANCION;48,8254324251;2,3004703224
202200005700;29;12;2022;09:30;1;13;13054;1;1;1;6;D9 (BRETELLE);43,4239039808;5,2379068990
202200005701;19;3;2022;13:10;1;92;92050;1;1;1;7;A86;48,9142766490;2,2194430375
202200005702;28;4;2022;19:30;1;75;75115;2;2;1;6;RUE LECOURBE;48,8420150000;2,3006280000
202200005703;30;10;2022;15:10;1;13;13026;1;1;1;5;CD 9;43,3856200000;5,1921700000
202200005704;29;12;2022;15:30;1;13;13214;2;1;1;1;SIMON BOLIVAR (BOULEVARD);43,3411400000;5,3778000000
202200005705;3;6;2022;13:50;1;94;94081;2;1;2;6;53 Rue du Moulin de Saquet;48,7910900000;2,3814300000
202200005706;21;3;2022;10:40;1;77;77294;1;1;1;6;A104;48,9718000000;2,5936000000
202200005707;30;4;2022;09:50;1;75;75114;2;4;1;3;AVENUE DU GENERAL LECLERC;48,8247580000;2,3259770000
202200005708;29;4;2022;18:30;1;75;75114;2;1;1;7;RUE D ALESIA;48,8295960000;2,3218490000
202200005709;1;6;2022;19:50;1;94;94076;2;1;1;3;25 Boulevard Maxime Gorki;48,7880900000;2,3680000000
202200005710;29;12;2022;00:30;5;13;13215;2;3;1;3;Avenue ibrahim ali ( 1977-1995);43,3382669153;5,3667707346
202200005711;30;4;2022;13:00;1;75;75113;2;2;1;3;PONT DE TOLBIAC;48,8322420000;2,3797660000
202200005712;20;3;2022;05:50;5;62;62548;2;1;1;6;RUE HENRI RAVISSE;50,9410400000;1,9324400000
202200005713;31;5;2022;08:30;1;94;94003;2;1;1;3;20 Avenue Paul Vaillant-couturier;48,8014400000;2,3395500000
202200005714;28;12;2022;18:10;5;13;13213;2;1;1;2;OLIVES (AVENUE DES);43,3262982991;5,4389837974
202200005715;30;4;2022;14:40;1;75;75101;2;7;1;6;PLACE DE LA CONCORDE;48,8664062644;2,3235239089
202200005716;4;6;2022;21:25;1;94;94033;2;2;2;3;Rue Squéville / Rue Legrand;48,8432500000;2,4733400000
202200005717;9;3;2022;18:30;5;973;97302;2;1;9;6;BECKER (LIEUTENANT);4,9382208682; -52,3286466300
202200005718;30;12;2022;22:55;5;75;75119;2;3;8;6;BOULEVARD D ALGERIE;48,8802991837;2,4003593306
202200005719;30;4;2022;11:05;1;75;75104;2;3;1;6;RUE SAINT ANTOINE;48,8552557623;2,3601199687
202200005720;20;3;2022;10:10;1;69;69383;2;1;1;2;Rue Villeroy;45,7555000000;4,8478600000
202200005721;4;6;2022;13:40;1;94;94028;2;6;1;3;Carefour de Pompadour / Avenue du Maréchal Foch;48,7739900000;2,4391800000
202200005722;19;3;2022;20:40;5;69;69387;2;1;1;2;Rue de l’Université;45,7509300000;4,8393100000
202200005723;30;12;2022;19:00;5;75;75118;2;2;2;3;RUE D AUBERVILLIERS;48,8986380000;2,3705160000
202200005724;2;6;2022;19:30;1;94;94028;2;1;1;2;28 Avenue François Mitterrand;48,7689439950;2,4649141903
202200005725;20;3;2022;20:00;5;69;69382;2;1;1;7;17 Place Carnot;45,7505043729;4,8267282522
202200005726;30;4;2022;16:30;1;94;94076;2;1;1;5;Avenue Paul Vaillant-Couturier;48,7948800000;2,3660800000
202200005727;29;12;2022;19:00;3;75;75116;2;4;1;6;AVENUE PRUDHON;48,8597400000;2,2682080000
202200005728;20;3;2022;12:15;1;69;69381;2;1;1;2;26 Quai Saint Vincent;45,7682707837;4,8227462054
202200005729;2;6;2022;14:30;1;94;94028;2;1;1;2;21 Avenue du Général de Gaulle;48,7829000000;2,4534600000
202200005730;30;4;2022;05:50;5;94;94041;2;1;1;3;Avenue Maurice Thorez;48,8152505777;2,3781065940
202200005731;30;4;2022;19:15;1;94;94073;2;9;1;6;Avenue de Versailles;48,7568600000;2,3876400000
202200005732;1;6;2022;16:00;1;94;94011;2;2;1;6;Avenue Jean Rostand / Mail de la Résistance;48,7668000000;2,4846000000
202200005733;20;3;2022;20:14;5;2A;2A004;2;3;8;3;NAPOLEON COURS AVANT BEVERINI;41,9263800000;8,7383600000
202200005734;30;12;2022;17:45;5;75;75115;2;1;2;1;QUAI DE GRENELLE;48,8523610000;2,2857850000
202200005735;30;4;2022;14:20;1;94;94011;2;1;1;2;Avenue de Boissy;48,7635600000;2,4936400000
202200005736;1;6;2022;15:18;1;94;94028;2;1;1;6;4 Route de Choisy;48,7903700000;2,4528300000
202200005737;15;3;2022;19:50;5;95;95598;2;1;1;4;RD 109;48,9851400000;2,2955200000
202200005738;1;6;2022;16:00;1;94;94028;2;1;1;6;Rue de Joly;48,7910400000;2,4636500000
202200005739;30;4;2022;11:15;1;94;94028;2;6;1;3;Route de la Pompadour / Avenue du Maréchal Foch;48,7740900000;2,4388200000
202200005740;1;6;2022;11:45;1;94;94028;2;6;1;3;Carrefour Pompadour / Avenue de la Pompadour / Avenue du Maréchal Foch;48,7741100000;2,4389600000
202200005741;20;3;2022;20:35;3;91;91201;2;1;1;1;AV DU GENERAL DE GAULLE;48,6866900000;2,4029100000
202200005742;29;12;2022;18:40;5;75;75114;2;2;1;6;RUE D ALESIA;48,8305560620;2,3192712665
202200005743;4;6;2022;14:10;1;94;94022;2;1;1;2;Avenue Victor Hugo;48,7691660502;2,4216300715
202200005744;3;6;2022;18:55;1;94;94022;2;9;1;7;Avenue Victor Hugo;48,7686720000;2,4204160000
202200005745;30;4;2022;12:14;1;93;93077;2;3;1;3;Route de Noisy / Allee de l’Esperance;48,8829500000;2,4954900000
202200005746;4;6;2022;12:35;1;94;94018;2;2;1;6;Rue du Pont / Rue de Paris;48,8184656567;2,4195711315
202200005747;3;6;2022;00:30;5;94;94018;2;1;1;2;9 Avenue de la Liberte;48,8241100000;2,4051200000
202200005748;20;3;2022;18:20;2;91;91687;2;1;1;2;TOUSSAINT CAUROT (AVENUE);48,6819700000;2,3750100000
202200005749;1;6;2022;21:00;2;94;94044;2;1;1;3;Rue Claude Bernard;48,7484420000;2,4896430000
202200005750;30;4;2022;00:30;5;93;93014;2;2;1;7;Allée de Gagny / Allée Maurice Audin;48,9093700000;2,5500500000
202200005751;20;3;2022;14:15;1;91;91687;2;9;1;1;GENERAL DE GAULLE (AVENUE DU);48,6724070000;2,3893330000
202200005752;29;12;2022;22:40;5;75;75110;2;1;1;3;BOULEVARD DE MAGENTA;48,8825840000;2,3505640000
202200005753;16;3;2022;14:25;1;78;78498;2;1;1;6;SALENGRO RUE ROGER;48,9324400000;2,0580100000
202200005754;30;4;2022;17:45;1;93;93074;1;1;1;2;D933;48,9343590000;2,5815440000
202200005755;3;6;2022;15:55;1;94;94075;2;3;2;2;Av du Mal de Lattre de Tassigny / Rue du Lieutenant Dagorno;48,7275500000;2,5312300000
202200005756;27;4;2022;11:50;1;93;93048;2;1;1;3;Avenue Ferdinand Buisson;48,8734000000;2,4340800000
202200005757;30;12;2022;19:00;5;94;94044;2;1;2;4;HENRI BARBUSSE (R);48,7553850000;2,4845550000
202200005758;2;6;2022;19:15;1;94;94047;2;6;1;6;Rue François Coppée / Rue de Verdun;48,7025800000;2,5452200000
202200005759;21;4;2022;00:50;5;93;93006;2;2;1;2;Avenue de Stalingrad / Rue des Rigondes;48,8710800000;2,4310200000
202200005760;3;6;2022;17:50;1;94;94002;2;3;2;3;Rue Véron;48,8088200000;2,4143900000
202200005761;20;3;2022;14:05;1;72;72181;1;1;1;7;ESTEREL USINE DES EAUX;47,9909600000;0,2389600000
202200005762;30;4;2022;12:40;1;93;93029;2;1;1;1;Rue Roger Salengro;48,9198178840;2,4386054277
202200005763;20;3;2022;04:05;5;69;69282;2;1;1;6;Rue Victor Hugo;45,7907500000;4,9922700000
202200005764;3;6;2022;20:04;1;93;93078;2;1;1;4;Boulevard Robert Ballanger;48,9570950679;2,5437477529
202200005765;30;4;2022;20:15;1;93;93047;2;1;1;2;Rue Henri Barbusse;48,9000699839;2,5669150650
202200005766;30;4;2022;17:42;1;93;93005;2;1;1;6;Rue du Préfet Chaleil;48,9395700000;2,5094900000
202200005767;30;12;2022;15:45;1;94;94074;2;1;2;4;HENRI BARBUSSE (AV);48,7631800000;2,4422700000
202200005768;2;6;2022;22:30;5;93;93073;2;2;1;3;Rue de l'Argonne / Avenue Blaise Pascal;48,9386900000;2,5755900000
202200005769;20;3;2022;18:40;2;69;69266;2;2;1;3;Rue Antoine Primat;45,7581800000;4,8932900000
202200005770;29;4;2022;18:20;1;93;93005;2;1;1;6;Allée Sainte Anne;48,9188220000;2,5019380000
202200005771;2;6;2022;13:20;1;93;93073;2;1;1;6;Avenue Henri Barbusse;48,9617692132;2,5706006885
202200005772;4;6;2022;23:00;5;93;93072;2;1;8;6;53 Rue des Huleux;48,9635300000;2,3902100000
202200005773;28;12;2022;18:35;4;94;94052;2;1;2;3;STALINGRAD (RTE DE);48,8411050000;2,4802370000
202200005774;3;6;2022;23:30;5;93;93066;2;3;1;3;Rue Ambroise Croizat / Rue Charles Christofle;48,9302200000;2,3504800000
202200005775;30;4;2022;17:22;1;92;92073;2;1;1;6;SELLIER (BOULEVARD HENRI);48,8622619228;2,2163602710
202200005776;3;6;2022;12:15;1;93;93066;2;9;1;2;Boulevard de la Libération;48,9283969554;2,3412095905
202200005777;19;3;2022;13:30;1;69;69256;2;1;1;5;Avenue Paul Marcellin;45,7686093781;4,9362462759
202200005778;30;4;2022;13:20;1;92;92073;2;1;1;6;BLUM (QUAI LEON);48,8626500000;2,2259000000
202200005779;30;12;2022;18:07;5;94;94073;1;1;2;7;RN 186;48,7540000000;2,3757000000
202200005780;30;4;2022;02:30;5;92;92049;2;1;1;7;DORMOY AVENUE MARX N°2 A 100;48,8096800000;2,3244200000
202200005781;19;3;2022;11:15;1;69;69290;2;1;1;6;Route de Grenoble;45,7145700000;4,9650900000
202200005782;2;6;2022;15:40;1;93;93066;2;3;1;1;Rue Ahmed Boughera el Ouafi / Rue Jesse Owens;48,9228110000;2,3645310000
202200005783;30;4;2022;18:30;1;92;92007;2;1;1;3;BRIAND (AVENUE ARISTIDE) N° 162 A 300;48,7908125402;2,3196230382
202200005784;4;6;2022;11:10;1;93;93064;2;3;1;6;Rue du Général Leclerc / Rue a Combattants Afrique Nord;48,8652237624;2,4957662523
202200005785;30;12;2022;12:00;1;94;94038;2;1;2;7;JULES GRAVEREAUX (AV);48,7770700000;2,3307000000
202200005786;20;3;2022;17:20;1;59;59350;2;4;1;6;WAULT QUAI DU;50,6379200000;3,0539400000
202200005787;30;4;2022;16:40;1;92;92007;2;1;1;6;VAILLANT-COUTURIER (AVENU PAUL);48,7911585748;2,3198479414
202200005788;1;5;2022;10:05;1;60;60359;1;1;1;7;D 1;49,4824540000;1,9426170000
202200005789;4;6;2022;07:55;1;93;93055;2;1;1;2;Avenue du Général Leclerc;48,9017400000;2,4136000000
202200005790;20;3;2022;04:50;5;59;59378;2;1;1;2;REPUBLIQUE AV DE LA (N°512-832);50,6567819501;3,0887585878
202200005791;30;12;2022;15:30;1;94;94017;2;6;2;3;MAURICE THOREZ (AV);48,8061000000;2,5343900000
202200005792;1;5;2022;20:50;5;38;38019;2;3;1;5;RN7;45,4314970000;4,8178590000
202200005793;5;6;2022;02:50;5;93;93033;2;2;1;3;Place Churchill / Avenue du Général Leclerc;48,8592540000;2,5814860000
202200005794;20;3;2022;11:45;1;45;45147;2;1;1;6;Rue Frédéric et Irène Joliot-Curie ;47,9461210000;1,9189960000
202200005795;1;5;2022;06:20;2;86;86092;1;1;1;7;D22;46,9428400000;0,5862180000
202200005796;4;6;2022;20:05;1;93;93077;2;1;2;2;Rue Laënnec;48,8785990000;2,4973020000
202200005797;20;3;2022;23:15;5;44;44109;2;1;1;7;Place du Garigliano;47,1982500000; -1,6059400000
202200005798;1;5;2022;17:00;1;17;17330;1;1;1;1;D728;45,7536610000; -0,9380870000
202200005799;30;12;2022;00:00;5;94;94017;2;9;8;7;STALINGRAD - PONT DE NOGENT (BD DE);48,8295959196;2,4932862523
202200005800;3;6;2022;08:20;1;93;93029;2;3;1;2;Rue de la République / Rue Jean Jacques Rousseau;48,9235600000;2,4386400000
202200005801;20;3;2022;06:00;5;37;37233;1;1;1;2;GRANGE QUILLET (RUE DE LA);47,3827300000;0,7230800000
202200005802;2;6;2022;14:55;1;93;93029;2;1;1;6;Parking - Rue Saint Stenay;48,9197800000;2,4202100000
202200005803;2;5;2022;10:50;1;83;83057;1;1;1;6;A8;43,4067000000;6,1874490000
202200005804;30;4;2022;21:00;3;972;97214;1;1;1;3;Assier N1;14,8338000000; -61,0755970000
202200005805;20;3;2022;12:32;1;33;33063;2;2;1;3;Rue Judaïque;44,8402100000; -0,5991500000
202200005806;3;6;2022;02:30;5;93;93027;2;2;1;3;Avenue Jean Jaurès / Rue Corneille;48,9244000000;2,4016600000
202200005807;30;12;2022;12:10;1;93;93066;2;1;2;2;Rue Ambroise Croizat;48,9322273094;2,3489827765
202200005808;20;3;2022;04:50;5;31;31555;2;1;1;1;RAMELET MOUNDI (CHE DU) DU 1AU 133;43,5857200000;1,3875300000
202200005809;1;6;2022;12:10;1;93;93027;2;1;1;2;Rue Pascal;48,9274800000;2,4042400000
202200005810;29;4;2022;21:40;2;27;27309;1;1;1;5;pk 14 D68;48,8745503779;1,3692427575
202200005811;4;6;2022;15:00;1;93;93047;2;1;1;6;61 Boulevard Bargue;48,9013100000;2,5588300000
202200005812;30;12;2022;18:45;5;93;93064;2;9;1;6;Avenue du Président John Kennedy;48,8783781774;2,4887780147
202200005813;19;3;2022;22:13;5;29;29232;1;6;1;3;Rond-Point de Kerogan;47,9712935588; -4,0938717126
202200005814;4;6;2022;21:30;1;93;93010;2;1;1;2;Avenue Léon Jouhaux;48,9182600000;2,4774400000
202200005815;4;6;2022;18:30;1;93;93057;2;1;3;6;Allée Monthyon;48,9135400000;2,5049400000
202200005816;29;12;2022;23:35;5;93;93053;2;1;1;3;Avenue de Rosny;48,8879339665;2,4716235283
202200005817;20;3;2022;19:30;5;13;13212;2;9;1;3;CAILLOLS (AVENUE DES);43,3029200000;5,4464700000
202200005818;30;4;2022;11:00;1;12;12027;1;1;1;6;Labiouradou;44,5287490000;2,6969130000
202200005819;4;6;2022;12:00;1;93;93010;2;1;1;6;Avenue Galliéni;48,9057900000;2,4816900000
202200005820;20;3;2022;16:50;1;13;13208;2;1;1;3;RABATAU (BOULEVARD);43,2763201060;5,3972812446
202200005821;2;6;2022;18:40;1;93;93010;2;1;1;3;Avenue Galliéni - Station Esso;48,9059340000;2,4816200000
202200005822;1;5;2022;17:00;1;12;12157;1;1;1;1;RN 88;44,4001230000;2,7205320000
202200005823;2;6;2022;15:57;1;93;93057;2;1;1;6;Avenue Victor Hugo;48,9095842257;2,5146390795
202200005824;29;12;2022;20:26;5;93;93053;2;2;1;3;Rue du Progrès / Rue de Neuilly;48,8854600000;2,4619100000
202200005825;20;3;2022;05:47;2;13;13204;2;1;1;1;MARÉCHAL JUIN (BOULEVARD);43,3136900000;5,4059700000
202200005826;1;5;2022;11:30;1;85;85065;2;1;1;6;RD62;46,8966730000; -1,2483644000
202200005827;2;6;2022;07:10;1;93;93010;2;3;1;3;Rue Jules Guesde / Rue du Breuil;48,9037400000;2,4762800000
202200005828;20;3;2022;04:45;5;13;13209;2;1;2;3;SCHLOESING (BOULEVARD);43,2713772234;5,4018712992
202200005829;16;4;2022;18:00;1;34;34079;1;1;1;2;A75;43,6320338021;3,4481641075
202200005830;30;12;2022;18:14;5;93;93050;2;3;2;2;Rue de Paris / Avenue Roger Salengro;48,8658500000;2,5674000000
202200005831;5;6;2022;00:30;5;93;93008;2;3;2;6;Avenue Paul Vaillant - Couturier;48,9090680000;2,4495640000
202200005832;20;3;2022;03:15;5;13;13204;2;9;1;5;FRANÇOISE DUPARC (BOULEVARD);43,3038500000;5,4000000000
202200005833;23;4;2022;18:05;1;71;71003;1;3;1;6;Route de Saint-Martin;46,9243620000;4,9905230000
202200005834;3;6;2022;09:57;1;93;93010;2;3;1;6;Rue Jean Jacques Rousseau / Avenue Jean Moulin;48,9105900000;2,4756800000
202200005835;30;12;2022;11:45;1;93;93047;2;2;2;3;Rue du Général de Gaulle / Avenue Daniel Perdrigé;48,8993700000;2,5595500000
202200005836;19;3;2022;16:10;1;13;13209;2;3;1;6;LÉON LACHAMP (ROUTE);43,2487531623;5,4404417208
202200005837;28;4;2022;13:20;1;62;62655;1;2;1;1;D939;50,3860780000;2,2519400000
202200005838;30;4;2022;12:20;1;62;62850;1;1;1;3;D939;50,3806480000;2,1162590000
202200005839;29;12;2022;06:55;5;92;92047;2;3;1;6;RAYMOND POINCARE;48,8384855567;2,1717739105
202200005840;20;3;2022;17:25;1;75;75114;2;1;1;2;BD PERIPHERIQUE EXTERIEUR;48,8202740000;2,3243970000
202200005841;2;5;2022;07:00;1;59;59287;2;1;1;3;Place Francois Richez;50,1032620000;3,3419360000
202200005842;29;12;2022;23:30;5;92;92051;2;1;9;7;GENERAL KOENIG (BOULEVARD DU);48,8788709804;2,2492398619
202200005843;30;4;2022;22:00;3;59;59461;1;1;1;6;rue du village;50,0999480000;3,8236600000
202200005844;28;4;2022;08:30;1;56;56094;1;1;8;7;Lieu Dit Lumelen;47,7527310000; -3,2724770000
202200005845;18;3;2022;15:35;1;75;75117;2;2;1;3;RUE DES DAMES;48,8840254265;2,3224315792
202200005846;1;5;2022;20:55;3;77;77109;1;1;1;3;D231;48,6077310000;3,2003260000
202200005847;31;12;2022;16:02;1;49;49063;1;1;1;1;Chapelle Sainte-Barbe-des-Mines (Lieu de culte);47,3435920000; -0,7103350000
202200005848;2;5;2022;14:00;1;47;47252;1;1;1;1;rd911;44,3890910000;0,5625990000
202200005849;30;12;2022;19:30;3;54;54462;1;1;2;6;RD 1;48,5840598940;6,3468360902
202200005850;20;3;2022;18:15;2;75;75106;2;3;1;2;BOULEVARD SAINT MICHEL;48,8518480000;2,3433890000
202200005851;30;4;2022;18:00;1;47;47147;1;2;1;3;La Boutou;44,6250380000;0,2050070000
202200005852;20;3;2022;18:45;2;75;75119;2;3;1;3;AVENUE JEAN JAURES;48,8889530000;2,3937350000
202200005853;29;12;2022;18:20;3;22;22206;1;1;1;7;Rue de Kernabat;48,5367340084; -2,9848838747
202200005854;29;4;2022;13:00;1;29;29259;2;1;1;1;20 Rue Cadiou;48,6819189962; -3,9871609211
202200005855;2;5;2022;13:00;1;29;29165;1;1;1;6;D102 - Ty Mejour;47,8159070000; -4,2286800000
202200005856;20;3;2022;14:15;1;75;75118;2;1;1;6;AVENUE DE LA PORTE D AUBERVILLIERS;48,9014080000;2,3701360000
202200005857;30;12;2022;22:40;5;31;31044;2;1;1;6;40 Avenue des Arenes;43,6141590000;1,4893390000
202200005858;30;4;2022;13:40;1;31;31413;1;1;1;6;8 route de cadours;43,7349960000;1,1070230000
202200005859;29;4;2022;18:45;1;02;02613;1;1;1;7;Route de la Ville-aux-Bois;49,4120060000;3,8300010000
202200005860;20;3;2022;06:52;1;75;75118;2;3;1;3;BOULEVARD DE CLICHY;48,8845544280;2,3292444812