Num_Acc;jour;mois;an;hrmn;lum;dep;com;agg;int;atm;col;adr;lat;long
202200006107;8;6;2022;12:05;1;69;69388;2;3;2;3;Rue Professeur Beauvisage;45,7288600000;4,8658000000
202200006108;30;8;2022;19:55;2;42;42218;2;9;1;3;Rue Charles Cholat;45,4639400000;4,3982200000
202200006109;13;9;2022;20:00;2;42;42218;2;1;1;6;Rue Jean Allemane;45,4203700000;4,3910600000
202200006110;20;5;2022;18:50;1;69;69259;2;1;1;3;20 Rue Paul Bert;45,7003200000;4,8862100000
202200006111;14;9;2022;21:50;3;37;37233;2;1;8;1;LOIRE (LEVEE DE LA);47,4019600000;0,7490400000
202200006112;18;5;2022;01:05;5;69;69387;2;2;1;3;Avenue Jean Jaurès;45,7482000000;4,8436000000
202200006113;14;9;2022;07:30;1;37;37261;2;2;1;6;MARECHAL JUIN (BD);47,4089800000;0,7035200000
202200006114;17;5;2022;19:35;1;69;69383;2;1;1;2;Rue Maurice Flandin;45,7557362978;4,8625327632
202200006115;13;9;2022;09:09;1;37;37208;2;3;1;3;CARNOT (QUAI SADI);47,3678000000;0,7232800000
202200006116;14;9;2022;18:40;1;35;35238;2;3;8;2;VERN (DE);48,0999100000; -1,6580700000
202200006117;14;9;2022;17:00;1;35;35278;2;1;2;6;SCHUMAN (BOULEVARD R);48,1537400000; -1,6875700000
202200006118;16;10;2022;20:00;5;75;75120;2;4;1;2;PORTE DE BAGNOLET;48,8669620000;2,4134350000
202200006119;14;9;2022;20:15;3;34;34172;2;1;1;2;Avenue du Mondial 98;43,6026900000;3,9031000000
202200006120;14;9;2022;12:00;1;32;32013;1;1;1;1;AGEN (ROUTE D');43,6894400000;0,6045200000
202200006121;15;10;2022;02:10;5;75;75118;2;4;2;4;PORTE D AUBERVILLIERS;48,9006730000;2,3663030000
202200006122;14;9;2022;13:15;1;29;29232;1;1;1;2;Route de Coray;47,9947900000; -4,0723100000
202200006123;14;10;2022;15:10;1;75;75116;2;1;2;2;ECHANGEUR MUETTE;48,8628190000;2,2649750000
202200006124;14;9;2022;17:00;1;29;29039;2;2;1;7;Rue de Trégunc;47,8742492800; -3,9052568070
202200006125;16;10;2022;16:20;1;75;75120;2;3;1;3;RUE DE MENILMONTANT;48,8691160000;2,3911448000
202200006126;13;9;2022;15:10;1;29;29019;2;3;1;5;route de Roc'h Glas;48,4300257672; -4,5006877184
202200006127;14;9;2022;19:45;1;28;28404;2;1;1;1;CHAPPEY (AVE MARC);48,7306400000;1,3398300000
202200006128;16;10;2022;15:35;1;75;75119;2;2;1;6;AVENUE DE LA PORTE CHAUMONT;48,8860250000;2,3981210000
202200006129;13;9;2022;13:15;1;25;25031;2;9;1;6;MAI 1945 (AVENUE DU 8);47,4740020000;6,8606230000
202200006130;16;10;2022;10:10;1;75;75117;2;2;1;3;AVENUE DE LA GRANDE ARMEE;48,8762670000;2,2872100000
202200006131;13;9;2022;17:00;1;21;21231;2;6;1;3;1ER MAI (PLACE);47,3151628998;5,0295893368
202200006132;16;10;2022;12:40;1;75;75115;2;4;1;3;QUAI BRANLY;48,8551280000;2,2894300000
202200006133;8;9;2022;09:45;1;21;21231;2;3;1;3;ARISTIDE BRIAND (AVENUE);47,3316447522;5,0500405493
202200006134;16;10;2022;17:25;1;75;75112;2;2;1;3;BOULEVARD DIDEROT;48,8480390000;2,3928530000
202200006135;14;9;2022;00:35;5;21;21054;2;6;8;7;GAULLE (AVENUE DU GENERAL DE);47,0153500000;4,8377600000
202200006136;12;9;2022;18:20;1;19;19031;2;2;1;3;MARBEAU (AVENUE FIRMIN);45,1552200000;1,5299900000
202200006137;15;10;2022;23:50;5;94;94018;2;1;2;3;PARIS (R DE);48,8235300000;2,4105800000
202200006138;15;9;2022;00:15;5;14;14341;2;1;1;6;Boulevard du Stade;49,1485100000; -0,3451900000
202200006139;16;10;2022;00:30;5;94;94076;2;1;2;3;MAXIME GORKI (BD);48,7936000000;2,3691000000
202200006140;14;9;2022;09:00;1;13;13210;2;1;2;3;L ARMEE D AFRIQUE (CHEMIN DE L');43,2867030817;5,4149633676
202200006141;13;9;2022;12:20;1;03;03095;2;1;1;3;Rue Antoinette Mizon;46,1352100000;3,4527800000
202200006142;16;10;2022;21:20;5;94;94041;2;2;1;3;MAURICE GUNSBOURG (R);48,8116300000;2,4030850000
202200006143;14;9;2022;10:45;1;75;75120;2;3;1;3;RUE MARYSE HILSZ;48,8499860000;2,4128970000
202200006144;16;10;2022;10:40;1;93;93051;2;2;1;3;Rue des Aerostiers / Boulevard du Ru de Nesles;48,8317800000;2,5840800000
202200006145;16;10;2022;02:10;5;93;93031;2;1;1;6;Avenue Jean Jaurès;48,9566376325;2,3200386238
202200006146;14;9;2022;21:05;5;75;75119;2;2;1;3;RUE PETIT;48,8860960000;2,3898550000
202200006147;16;10;2022;14:10;1;93;93008;2;1;1;6;Rue Rene Camier;48,9104702561;2,4536612479
202200006148;14;9;2022;08:15;1;75;75119;2;2;1;3;BOULEVARD DE LA VILLETTE;48,8841770000;2,3685980000
202200006149;16;10;2022;18:30;2;92;92078;2;2;1;3;GALLIENI (BD) (1 A 79 ET 22 A 102);48,9249301160;2,3254435658
202200006150;14;9;2022;11:45;1;75;75117;2;5;1;7;AVENUE NIEL;48,8812480000;2,2955460000
202200006151;16;10;2022;10:25;1;92;92072;2;3;1;3;GRANDE RUE;48,8242600000;2,2109800000
202200006152;13;9;2022;16:47;1;75;75116;2;3;1;6;AVENUE KLEBER;48,8712730000;2,2932310000
202200006153;15;10;2022;15:30;1;54;54089;1;1;3;3;D913;48,7883188380;6,2792873382
202200006154;12;9;2022;18:23;1;75;75116;2;1;1;2;BOULEVARD DELESSERT;48,8591490000;2,2869960000
202200006155;16;10;2022;00:10;5;40;40004;2;2;1;6;Route de Seignosse;43,6613910000; -1,3723090000
202200006156;13;9;2022;00:30;5;75;75115;2;2;1;3;RUE DE VAUGIRARD;48,8404070000;2,3042470000
202200006157;17;10;2022;07:00;3;86;86239;1;1;2;1;D2;46,6213280000;0,7047170000
202200006158;14;9;2022;17:00;1;75;75113;2;2;1;3;AVENUE DE FRANCE;48,8304910000;2,3765960000
202200006159;14;10;2022;08:00;2;17;17142;1;6;2;7;D9;46,1803210000; -1,0904040000
202200006160;14;9;2022;14:50;1;75;75110;2;1;1;2;AVENUE CLAUDE VELLEFAUX;48,8728580000;2,3699540000
202200006161;17;10;2022;06:10;2;26;26010;1;1;1;3;Route du Creux de la Thine;45,2688160000;4,8471590000
202200006162;13;9;2022;12:17;1;75;75108;2;3;1;3;BOULEVARD MALESHERBES;48,8707210000;2,3229080000
202200006163;17;10;2022;16:00;1;50;50095;1;1;1;3;RUE DE LA VIRE;49,0885850000; -1,1289310000
202200006164;14;9;2022;22:57;5;75;75102;2;2;1;3;RUE REAUMUR;48,8685470000;2,3419080000
202200006165;14;10;2022;17:35;2;57;57605;1;3;3;3;D955;48,9560020000;6,3012810000
202200006166;14;9;2022;12:20;1;94;94003;2;9;1;6;Avenue Laplace;48,8084940000;2,3316990000
202200006167;16;10;2022;00:20;5;56;56014;1;2;3;6;La Croix des Nations;48,0112200000; -3,3996170000
202200006168;17;10;2022;17:25;1;56;56141;1;1;2;7;Moulin du Resto D16;47,8493240000; -2,8671260000
202200006169;14;9;2022;10:30;1;94;94076;2;1;1;7;PAUL VAILLANT COUTURIER (AV);48,7947300000;2,3624000000
202200006170;16;10;2022;16:00;1;59;59587;1;1;1;7;786 Rue Saint Jean;50,8003656917;2,5797486305
202200006171;14;9;2022;08:45;1;94;94003;2;9;1;5;ARISTIDE BRIAND (AV);48,8058130000;2,3257690000
202200006172;13;10;2022;19:12;2;65;65390;2;4;1;3;D7;43,3715520000;0,0346490000
202200006173;14;9;2022;14:35;1;94;94041;2;1;1;7;COLONEL FABIEN - PONT D'IVRY (BD DU);48,8145700000;2,4093400000
202200006174;15;10;2022;11:15;1;63;63122;1;1;8;1;D26;45,5009077495;3,0335837603
202200006175;14;9;2022;07:40;1;94;94073;2;1;1;3;Rue de la Liberté;48,7672670000;2,3892070000
202200006176;17;10;2022;13:30;1;34;34142;1;1;2;7;D609;43,6975410000;3,3381700000
202200006177;14;9;2022;02:32;5;94;94071;2;3;1;3;Rue Jean Moulin / Rue des Champs Saint-denis;48,7749100000;2,5127400000
202200006178;14;10;2022;08:15;2;22;22293;1;1;2;1;D65;48,6451520000; -3,0963210000
202200006179;14;9;2022;07:50;1;93;93064;2;1;8;3;Avenue du Général de Gaulle;48,8793836326;2,4781861217
202200006180;14;9;2022;16:15;1;93;93077;2;1;1;6;Boulevard d'Aulnay;48,8968046368;2,5058538180
202200006181;15;10;2022;18:35;2;25;25040;2;3;1;3;rue de delle;47,5034570000;6,9393900000
202200006182;14;9;2022;20:11;5;93;93055;2;1;1;6;Avenue Jean Jaurès;48,9101800000;2,3992500000
202200006183;12;10;2022;15:00;1;29;29196;1;1;1;5;Lieu Dit Coz Ribin;48,5224140000; -4,5886700000
202200006184;14;9;2022;16:30;1;93;93051;2;2;1;6;Allée de Maintenon / Boulevard Paul Pambrun;48,8496900000;2,5578800000
202200006185;15;10;2022;09:35;1;84;84089;2;3;1;-1;1524 Avenue Pierre Augier;43,6882610000;5,5250900000
202200006186;14;9;2022;21:03;5;93;93050;2;3;1;3;Rue Paul et Camille Thomoux / Rue Gaston Navailles;48,8687902792;2,5286728152
202200006187;14;10;2022;07:50;2;03;03114;1;1;2;3;RN 7;46,4068240000;3,3532660000
202200006188;14;9;2022;07:00;1;93;93030;2;6;1;6;Avenue du Maréchal Leclerc de Hautecloque / Rond Point de la Luzerniere;48,9434600000;2,4191500000
202200006189;14;9;2022;10:49;1;93;93001;2;1;1;3;LOUIS GIRARD (RUE);48,9034701000;2,3779164310
202200006190;16;10;2022;21:30;3;01;01038;1;1;1;3;Route de la Vavre;46,3126790000;5,3045030000
202200006191;14;9;2022;09:22;1;93;93001;2;1;7;6;Quai Adrien Agnès;48,9187923611;2,3690892704
202200006192;14;9;2022;13:40;1;92;92063;2;1;1;6;SOLFERINO (BOULEVARD);48,8737400000;2,1828300000
202200006193;14;9;2022;12:40;1;92;92051;2;1;1;3;LONGCHAMP (RUE DE);48,8804700000;2,2538600000
202200006194;15;10;2022;18:45;3;58;58204;1;1;2;7;D26;47,0728050561;3,2803075338
202200006195;14;10;2022;17:50;1;66;66160;1;1;1;7;;42,4982070000;2,7105760000
202200006196;14;9;2022;10:30;1;92;92051;2;1;1;6;GENERAL GOURAUD (PLACE);48,8863360000;2,2617740000
202200006197;17;10;2022;11:48;1;54;54312;2;1;1;6;1 Rue Saint-denis;48,9332210000;6,1033610000
202200006198;14;9;2022;20:30;5;92;92050;2;3;1;3;JOFFRE MARECHAL AVENUE DU;48,8854268487;2,1960505843
202200006199;15;10;2022;16:30;1;50;50550;1;1;1;6;D534;49,1119310000; -1,4662560000
202200006200;14;9;2022;12:15;1;92;92049;2;1;1;2;BRIAND AVENUE ARISTIDE N°2 A 114;48,8171880000;2,3257050000
202200006201;14;9;2022;09:50;1;92;92044;2;2;1;7;J. GUESDE(RUE)153+ ET 160+;48,9004494705;2,2864882350
202200006202;13;9;2022;13:50;1;92;92036;2;6;1;3;PIERRE TIMBAUD (RUE) (PAIRS);48,9331493373;2,3026801944
202200006203;15;10;2022;16:20;1;64;64461;2;1;1;4;rd 817;43,5309480000; -0,9224440000
202200006204;13;10;2022;07:35;2;18;18216;1;1;1;7;;46,7619730000;2,1258970000
202200006205;14;9;2022;09:20;1;92;92026;2;1;2;3;NEUILLY DEFENSE (RESIDENCE);48,8888056920;2,2483654618
202200006206;16;10;2022;18:15;1;43;43221;1;1;1;6;D589;44,9925970000;3,6938310000
202200006207;14;9;2022;17:57;1;92;92024;2;1;1;4;GENERAL ROGUET (RUE DU) DE (1 A 57)   (2;48,9073630000;2,3129380000
202200006208;17;10;2022;06:50;3;40;40303;1;2;2;3;intersection de la RD44 et RD402;44,1450310000; -0,8967800000
202200006209;12;9;2022;18:15;1;92;92004;2;1;1;6;HENRI POINCARE;48,9323068949;2,2765227556
202200006210;8;10;2022;11:00;1;24;24222;2;1;1;7;Rue du Breil;44,8741930000;0,3733180000
202200006211;14;9;2022;16:48;1;67;67225;1;3;8;3;INTERSECTION D7/D91;48,8045700000;7,5307100000
202200006212;16;10;2022;08:20;1;87;87101;1;9;1;7;Rue de l'Echauguette;46,0440310000;0,9498020000
202200006213;13;9;2022;13:45;1;42;42032;1;1;1;1;Route du Val Fleury;45,5226840000;4,4970020000
202200006214;16;10;2022;18:10;1;87;87017;1;6;1;7;RN145 - PK0 - Rond point des Gatines;46,1257350000;1,0745390000
202200006215;14;9;2022;15:25;1;61;61181;1;1;1;2;A28;48,7842810000;0,3194460000
202200006216;16;10;2022;06:45;3;52;52438;1;1;1;7;Nationale 19;47,8095587826;5,5473725588
202200006217;14;9;2022;18:12;1;57;57179;2;1;1;7;Z.I. Les Carrières (Zone industrielle);49,3355400000;6,2619280000
202200006218;16;10;2022;00:45;4;52;52197;2;1;1;6;Rue Jean Brugnon;47,7813290000;5,6005490000
202200006219;15;9;2022;10:10;1;74;74103;1;1;8;6;D199;45,9070990000;6,6461060000
202200006220;15;10;2022;19:26;5;987;98738;1;1;1;6;Pk 14+700 RT1 sens PAEA/PAPEETE; -17,6180000000; -149,5490000000
202200006221;16;8;2022;16:40;1;74;74256;2;1;1;1;Route de meribel;45,9476700000;6,6447330000
202200006222;16;10;2022;07:10;3;33;33126;1;1;1;6;Autoroute A10 - PK 516.850;45,0952140000; -0,4748070000
202200006223;15;9;2022;04:05;3;76;76574;1;1;5;6;Route départementale 22;49,7105640000;1,0963150000
202200006224;17;10;2022;16:35;1;57;57468;1;1;1;2;N4, PR 032+550;48,7658070000;7,2339820000
202200006225;14;9;2022;21:00;3;63;63364;1;1;2;3;RD 2089 PK 26+380;45,8266286279;3,4527379274
202200006226;16;10;2022;03:25;3;38;38193;1;1;1;2;A43 - PK 030+200;45,6121240000;5,2166070000
202200006227;13;9;2022;15:55;1;61;61394;1;1;1;6;Les Grandes Courbes;48,2667800000;0,6000530000
202200006228;14;9;2022;20:50;3;61;61043;1;1;2;6;D955;48,3416530000;0,7562320000
202200006229;15;9;2022;18:13;1;61;61187;1;1;1;7;D930 SENS SOLIGNY LA TRAPPE -  LES ASPRES APRES LES CARREFOUR D930 / D 298;48,6607660000;0,5842390000
202200006230;16;10;2022;22:49;3;60;60494;1;1;1;2;A1;49,1293020000;2,5588270000
202200006231;15;9;2022;06:10;3;61;61101;2;1;5;6;le bourg;48,6791920000;0,1221690000
202200006232;16;10;2022;20:45;3;987;98729;2;1;1;-1;PK 15+500 RT 91- Plage de Mareto; -17,5770000000; -150,2020000000
202200006233;14;9;2022;18:50;1;49;49248;2;3;1;3;Rue gustave lariviere;47,7193300000; -0,9858080000
202200006234;16;10;2022;08:40;1;987;98747;2;1;1;1;PK 9+700 RT 4 / PUEU; -17,7560000000; -148,7360000000
202200006235;29;8;2022;16:30;1;49;49054;1;6;1;7;D923;47,5550870000; -1,0483630000
202200006236;17;10;2022;14:37;1;83;83099;2;1;1;6;;43,4510220000;6,6925350000
202200006237;9;6;2022;13:15;1;34;34130;1;1;1;6;RD 909;43,5284320000;3,1856920000
202200006238;14;10;2022;07:00;2;70;70250;2;1;1;6;1 Rue Messire;47,7506750000;6,4594890000
202200006239;8;9;2022;18:00;1;44;44131;1;1;1;6;1 Rue Jules Ferry;47,1193810000; -2,0908060000
202200006240;17;10;2022;08:00;1;71;71275;2;6;1;3;ZI Saint Nizier;46,2766480000;4,0335810000
202200006241;14;9;2022;21:02;3;31;31502;1;1;1;6;D5;43,1988250000;0,7332090000
202200006242;16;10;2022;16:40;1;71;71150;2;1;1;6;711 Route de Dracé;46,2352420000;4,7788410000
202200006243;14;9;2022;11:49;1;01;01100;1;1;1;2;D1504;45,8191400000;5,6242280000
202200006244;17;10;2022;07:40;2;26;26038;1;3;1;3;Route de Pont;45,0275680000;4,9234840000
202200006245;13;9;2022;19:50;2;01;01159;2;2;1;3;Rue Basse;46,3329580000;4,8893770000
202200006246;17;10;2022;08:30;1;26;26206;1;9;1;3;D125;44,8399520000;4,9918540000
202200006247;14;9;2022;18:24;1;72;72080;1;1;1;6;D323;48,1620580000;0,6413460000
202200006248;15;9;2022;10:15;1;72;72051;2;9;1;2;Face au 174 Rue Nationale;47,8248180000;0,0733160000
202200006249;14;9;2022;17:15;1;50;50484;1;1;1;1;La Maucrais - ST MARTIN DE LANDELLES;48,5512170000; -1,1823820000
202200006250;14;9;2022;13:15;1;83;83056;1;1;2;1;RD54 Route de La Motte;43,5461450000;6,5349180000
202200006251;16;10;2022;11:30;1;33;33322;1;1;1;6;Allée de Geneste;44,9439000000; -0,6787650000
202200006252;15;9;2022;13:15;1;09;09235;1;1;1;7;cd117 - pk 99+100;43,0309880000;1,0186600000
202200006253;14;9;2022;08:09;1;45;45167;1;1;1;7;D3 PR 10 + 660;47,9191071604;1,6980385320
202200006254;16;10;2022;18:20;1;85;85155;1;1;1;7;Mouilleron-le-Captif;46,7222016000; -1,4301323000
202200006255;15;10;2022;17:45;1;50;50099;2;6;1;3;Rue du Pont;49,3027500000; -1,2315540000
202200006256;15;9;2022;18:25;1;43;43162;1;1;8;1;D9;45,2365950000;3,9931650000
202200006257;8;9;2022;16:00;1;43;43012;1;1;1;2;Route de Firminy;45,3795089869;4,2211688197
202200006258;15;9;2022;10:05;1;43;43122;1;2;7;3;D.13 - Chadernac;45,1563720000;3,7617120000
202200006259;15;10;2022;17:35;1;14;14046;1;2;1;5;D513;49,2266300000; -0,2162830000
202200006260;14;9;2022;10:30;1;10;10334;1;1;1;3;D619;48,4958480000;3,5321360000
202200006261;11;9;2022;15:00;1;07;07294;2;1;1;6;510 rte departementale 901;44,2942130000;4,2605500000
202200006262;17;10;2022;14:40;1;56;56146;1;1;2;6;Bel Air;48,1013560000; -2,9804710000
202200006263;14;9;2022;19:40;1;87;87154;2;1;1;6;46 Rue Lucien Dumas;45,8891180000;0,9022250000
202200006264;15;10;2022;18:19;2;22;22081;2;1;1;3;Rue du Haut du Bois;48,5180770000; -2,6424180000
202200006265;11;10;2022;17:30;1;60;60175;1;1;1;4;D1016;49,2438940000;2,4746650000
202200006266;14;9;2022;19:00;3;973;97307;1;1;1;3;Route de Stoupan;4,7899710000; -52,3540580000
202200006267;15;9;2022;17:10;1;988;98821;1;1;1;1;RT1 - PORT-LAGUERRE; -22,1125100000;166,3250100000
202200006268;15;9;2022;09:15;1;06;06004;1;1;1;2;A8;43,6028950000;7,0745300000
202200006269;16;10;2022;11:15;1;59;59256;2;2;1;3;rue du chemin vert;50,5790670000;3,1378090000
202200006270;15;9;2022;07:45;1;38;38530;1;1;8;2;A43 pk 027+000;45,6210310000;5,1838090000
202200006271;14;9;2022;12:15;1;988;98831;1;1;1;6;RT1 sortie Nord de Temala; -20,8840200000;164,6545500000
202200006272;15;9;2022;02:00;3;77;77191;1;1;1;6;D408;48,5509900000;2,9125680000
202200006273;14;9;2022;21:15;3;66;66008;2;1;1;6;;42,5382980000;3,0510610000
202200006274;16;10;2022;16:00;1;13;13211;1;1;1;4;A50-Sens Aubagne vers Marseille;43,2917000000;5,4801000000
202200006275;14;9;2022;18:15;1;11;11099;1;1;1;6;;43,2793850000;2,3584660000
202200006276;14;10;2022;15:50;1;13;13211;1;1;1;2;A50-Sens Marseille vers Aubagne;43,2909000000;5,4499000000
202200006277;14;9;2022;06:00;3;26;26124;1;1;3;5;Autoroute A7 - PK 082.000;44,8125930000;4,8555280000
202200006278;15;9;2022;15:40;1;38;38336;1;1;2;6;A7;45,4764130000;4,8335660000
202200006279;16;10;2022;20:05;3;69;69199;1;1;1;5;Route Départementale 383;45,7089600000;4,8436600000
202200006280;14;9;2022;07:00;1;67;67254;1;1;8;1;Route de Woerth;48,9339180000;7,8475640000
202200006281;16;10;2022;05:10;3;69;69290;1;1;1;2;Rocade Est;45,7106900000;4,9682800000
202200006282;9;9;2022;18:30;1;01;01301;2;3;2;1;296 avenue de la gare;46,2458680000;5,1246980000
202200006283;15;10;2022;23:55;5;69;69199;1;1;1;2;Route Départementale 383;45,7007500000;4,8454300000
202200006284;14;9;2022;16:20;1;69;69204;2;6;1;2;Route de Vourles;45,6909080000;4,7939180000
202200006285;14;9;2022;17:50;1;86;86297;2;1;3;3;Rue du Lavoir;46,5771400000;0,2735770000
202200006286;14;10;2022;22:50;3;69;69204;1;1;1;2;Autoroute 450 ;45,6810500000;4,7983100000
202200006287;16;10;2022;22:15;3;33;33448;1;1;1;7;AUTOROUTE A 62;44,7151884402; -0,5181276798
202200006288;15;9;2022;07:30;2;85;85214;1;3;1;1;VC la parerie;46,5283930000; -1,6860660000
202200006289;14;9;2022;11:10;1;13;13214;1;1;2;7;A507 sens Marseille - Aubagne;43,3385900000;5,3767800000
202200006290;16;10;2022;02:05;5;33;33013;1;1;1;2;ROUTE NATIONALE 230;44,8600567471; -0,5042767525
202200006291;16;10;2022;02:05;3;94;94037;1;1;1;7;AUTOROUTE A6A;48,8159800000;2,3366300000
202200006292;9;9;2022;17:55;1;13;13210;1;1;1;4;A50-Sens Marseille vers Aubagne;43,2800000000;5,4040000000
202200006293;16;10;2022;20:50;5;92;92051;1;1;1;2;N13;48,8867500000;2,2539000000
202200006294;5;6;2022;01:00;3;42;42307;1;1;2;6;A47;45,5528980000;4,6824510000
202200006295;16;10;2022;02:25;3;95;95641;1;1;1;2;A1;49,0739000000;2,5519000000
202200006296;14;9;2022;20:35;3;33;33080;1;1;1;6;AUTOROUTE A 62;44,7596900000; -0,5463600000
202200006297;15;10;2022;12:40;1;95;95572;1;1;2;6; A15;49,0309188745;2,1212960669
202200006298;16;10;2022;05:30;3;77;77373;1;1;2;6;RN104;48,8022780000;2,6262200000
202200006299;13;9;2022;22:40;5;33;33249;1;1;1;2;ROUTE NATIONALE 230;44,8719500000; -0,5059030000
202200006300;14;9;2022;00:59;5;91;91235;2;9;1;7;RN 445;48,6428400000;2,3639700000
202200006301;4;7;2022;08:45;1;60;60628;1;1;1;5;N31;49,4262020000;2,1336870000
202200006302;14;9;2022;15:41;1;78;78291;1;1;1;6;A13;48,9674400000;1,7460110000
202200006303;15;10;2022;18:00;1;94;94042;1;1;1;4;A4;48,8272864270;2,4692556276
202200006304;3;7;2022;12:30;1;59;59626;1;1;1;2;D129;50,2951650000;3,6352730000
202200006305;14;9;2022;08:10;1;92;92048;1;1;2;1;N118;48,8066242514;2,2126419686
202200006306;3;7;2022;13:30;1;59;59057;1;1;1;3;Route de Solesmes;50,2168520390;3,5756313801
202200006307;13;9;2022;08:50;1;78;78640;1;1;1;2;A86 EXT;48,7781680000;2,2134130000
202200006308;15;10;2022;09:56;1;94;94052;1;1;2;4;A86 INT;48,8392376061;2,4933950229
202200006309;9;9;2022;20:00;2;93;93064;1;1;2;3;AUTOROUTE A86;48,8783381284;2,4768781620
202200006310;2;7;2022;08:28;1;13;13026;1;1;1;4;A55-Sens Marseille vers Martigues;43,3749000000;5,1777000000
202200006311;14;9;2022;10:00;1;93;93066;1;1;1;3;A1;48,9286129942;2,3584904121
202200006312;27;7;2022;10:00;1;45;45272;1;1;1;1;Rue de Gautray;47,8021440000;1,9546650000
202200006313;1;7;2022;04:20;5;13;13202;2;1;1;3;A557-Liaison A7 Marseille-A55 Marseille;43,3175720000;5,3640820000
202200006314;21;7;2022;02:30;3;45;45327;1;1;1;6;D11 PR 19 + 394;47,9432420000;2,1212410000
202200006315;13;8;2022;02:00;3;93;93066;1;1;1;2;AUTOROUTE A1;48,9337609403;2,3832666278
202200006316;13;9;2022;08:50;1;95;95582;1;1;1;3; A15;48,9740529051;2,2452074289
202200006317;3;7;2022;03:10;3;33;33090;1;1;1;2;AUTOROUTE A 63;44,7741938891; -0,6529623270
202200006318;15;10;2022;06:13;5;75;75110;2;2;2;3;BOULEVARD SAINT DENIS;48,8693610000;2,3542790000
202200006319;3;7;2022;19:45;1;91;91521;1;1;1;2;RN 104;48,6257600000;2,3966300000
202200006320;12;9;2022;19:10;1;93;93073;1;1;1;4;AUTOROUTE A104;48,9669231229;2,5606076717
202200006321;3;7;2022;13:40;1;91;91179;1;1;1;2;AUTOROUTE A6;48,5488400000;2,4952400000
202200006322;12;9;2022;18:30;1;93;93066;1;1;1;4;A1;48,9162304301;2,3575208466
202200006323;15;10;2022;12:20;1;973;97302;2;6;1;3;CATAYEE (JUSTIN);4,9244600000; -52,3243000000
202200006324;14;9;2022;11:15;1;94;94028;1;1;1;3;A86 INT;48,8027232706;2,4479364478
202200006325;3;7;2022;19:45;1;78;78126;1;1;1;2;A13;48,8378000000;2,1243000000
202200006326;15;10;2022;16:08;1;69;69383;2;2;1;3;Cours Gambetta;45,7539700000;4,8468400000
202200006327;3;7;2022;09:15;1;78;78291;1;1;1;6;A13;48,9654040000;1,7560680000
202200006328;15;10;2022;10:00;1;69;69389;2;1;1;3;Rue Marietton;45,7758121881;4,8014599085
202200006329;3;7;2022;07:30;1;78;78126;1;1;1;6;A13;48,8391990000;2,1203370000
202200006330;15;10;2022;07:30;1;971;97101;2;3;1;3;8 MAI 1981 (BOULEVARD DU);16,2767819539; -61,5081408620
202200006331;2;7;2022;19:45;1;92;92047;1;1;1;4;A13;48,8333531740;2,1613108381
202200006332;3;7;2022;18:50;1;94;94028;1;1;1;6;A86 EXT;48,7894301040;2,4404687895
202200006333;14;10;2022;17:00;1;971;97101;2;1;1;6;RN05;16,2638600000; -61,5126700000
202200006334;3;7;2022;16:00;1;94;94015;1;1;1;4;A4;48,8294535608;2,5282723079
202200006335;15;10;2022;14:30;1;95;95277;2;1;2;6;Avenue Aristide Briand;49,0008890205;2,4249395728
202200006336;2;7;2022;06:50;2;54;54395;2;2;7;6;CHANZY (RUE DE);48,6894981359;6,1784668565
202200006337;2;7;2022;14:10;1;47;47001;2;2;1;3;MONNET (AV. JEAN);44,1921000000;0,6153200000
202200006338;2;7;2022;16:36;1;75;75113;2;2;1;6;RUE NATIONALE;48,8217000000;2,3693650000
202200006339;2;7;2022;17:25;1;93;93029;2;3;1;6;Rue des Bois de Groslay / Rue Victor Schoelcher;48,9182400000;2,4654000000
202200006340;1;7;2022;17:43;1;31;31555;1;1;1;5;VA007331 A620;43,5833234388;1,4035436511
202200006341;2;7;2022;06:50;1;988;98818;2;3;1;6;ROUTE DE L'ANSE VATA/RUE AUGUSTE BOURGINE; -22,2815800000;166,4481300000
202200006342;1;7;2022;14:35;1;976;97611;2;1;1;1;m'tsapere-Nationale 2 (route); -12,7958320000;45,2161040000
202200006343;1;7;2022;16:40;1;974;97416;1;1;1;4;ENTRE DEUX (CHEMIN) CD26; -21,2962100000;55,4435000000
202200006344;2;7;2022;18:30;1;973;97302;2;1;1;7;MERE THERESA (rue);4,9273900000; -52,3194200000
202200006345;2;7;2022;01:58;5;973;97302;1;9;2;2;ROUTE NATIONALE 1;4,9032800000; -52,3242000000
202200006346;2;7;2022;17:55;1;69;69387;2;1;1;3;Rue Paul Massimi;45,7373984683;4,8424442092
202200006347;2;7;2022;23:10;5;69;69382;2;2;1;3;Rue de la République;45,7649400000;4,8358900000
202200006348;1;7;2022;19:30;1;95;95218;2;1;1;3;Boulevard des Aviateurs Alliés;49,0169274618;2,0915973186
202200006349;3;7;2022;00:13;5;91;91286;2;1;1;7;CONDORCET (RUE);48,6468850000;2,3756600000
202200006350;1;7;2022;17:55;1;83;83137;2;1;1;6;;43,1283100000;5,9085400000