Num_Acc;jour;mois;an;hrmn;lum;dep;com;agg;int;atm;col;adr;lat;long
202200006351;2;7;2022;21:35;2;77;77152;1;1;1;6;D142;48,5109900000;2,5961300000
202200006352;2;7;2022;17:30;1;76;76540;2;1;1;6;Rue Louette;49,4511800000;1,0874100000
202200006353;1;7;2022;01:10;5;76;76351;2;2;1;2;PAUL VERLAINE (AVENUE);49,5091300000;0,1591300000
202200006354;2;7;2022;23:49;5;72;72181;2;1;1;2;COURBOULAY PAUL (RUE);48,0037372910;0,1913416383
202200006355;2;7;2022;14:30;1;72;72181;2;1;1;2;GENESLAY FELIX (AV) N° PAIRS 288 ET plus;47,9710194069;0,2045631407
202200006356;2;7;2022;11:05;1;71;71499;1;1;1;6;JEAN ZAY (RUE);46,6472460000;4,2980610000
202200006357;2;7;2022;18:30;1;69;69256;2;3;1;2;Avenue Maurice Thorez;45,7812000000;4,9134500000
202200006358;2;7;2022;07:25;1;69;69266;2;1;1;3;Rue du Canal;45,7757298409;4,9002720597
202200006359;2;7;2022;16:15;1;64;64483;2;6;1;3;Avenue André Ithurralde;43,3916300000; -1,6549400000
202200006360;2;7;2022;13:30;1;64;64545;1;1;1;2;D404;43,3241162015; -1,6863584518
202200006361;2;7;2022;20:25;1;64;64284;1;1;1;3;RAUSKI;43,2631710965; -0,3901487589
202200006362;1;7;2022;17:20;1;61;61001;2;1;1;1;FREDERIC MISTRAL (RUE);48,4301000000;0,0699500000
202200006363;2;7;2022;18:10;1;59;59512;2;2;1;6;EPEULE (RUE DE L');50,6902400000;3,1615900000
202200006364;29;6;2022;07:30;1;59;59220;2;3;1;3;LECLERCQ AVENUE DU GENERAL.;50,5968547936;3,0819332600
202200006365;2;7;2022;17:00;1;54;54304;2;2;1;3;BARROIS (RUE DU);48,6932824534;6,1281148195
202200006366;1;7;2022;17:15;1;47;47323;2;7;1;6;CAYREL JEAN-CLAUDE (AVENUE);44,4196100000;0,7004000000
202200006367;2;7;2022;19:55;1;47;47032;1;1;7;6;SAINTE RADEGONDE;44,1949400000;0,6559600000
202200006368;2;7;2022;04:50;5;43;43157;2;1;1;6;54 Avenue D 'Ours Mons;45,0381441926;3,9009538293
202200006369;2;7;2022;23:00;5;42;42095;2;2;1;3;Rue du Professeur Calmette;45,3968200000;4,2964200000
202200006370;3;7;2022;00:15;3;38;38185;1;1;1;2;A480;45,1852800000;5,7025900000
202200006371;2;7;2022;09:38;1;37;37261;2;3;7;6;MAINE (RUE DU);47,4269313776;0,6923291087
202200006372;2;7;2022;09:37;1;37;37261;2;2;1;2;BERANGER (BOULEVARD);47,3892469132;0,6828233600
202200006373;2;7;2022;10:45;1;35;35238;2;1;1;2;HAUTES-CHALAIS (SQUARE DES);48,0917957030; -1,6769841313
202200006374;2;7;2022;13:40;1;33;33249;2;1;1;6;Avenue de Paris;44,8667700000; -0,5130900000
202200006375;2;7;2022;07:15;1;33;33063;2;1;1;4;Quai de la Grave;44,8350600000; -0,5636200000
202200006376;1;7;2022;17:40;1;31;31555;1;1;1;4;A62;43,6423200000;1,4733000000
202200006377;2;7;2022;02:05;5;17;17333;2;6;1;6;FRENAL (BOULEVARD DU GAL);45,6021400000; -1,0021360000
202200006378;2;7;2022;14:40;1;14;14437;1;1;1;3;Avenue des Commerces;49,1653100000; -0,2904300000
202200006379;2;7;2022;20:05;1;13;13208;2;1;1;2;PARADIS (RUE);43,2802500000;5,3824800000
202200006380;2;7;2022;01:00;5;13;13201;2;1;1;3;PORT (QUAI DU);43,2954400000;5,3744100000
202200006381;2;7;2022;20:45;1;11;11069;2;1;1;4;116 Avenue du Général Leclerc;43,2082700000;2,3713700000
202200006382;2;7;2022;14:35;1;11;11069;2;1;1;6;Avenue Achille Mir;43,2114300000;2,3611700000
202200006383;2;7;2022;18:08;1;10;10387;2;1;1;3;ROBERT SCHUMANN (RUE);48,3075898670;4,0958833694
202200006384;2;7;2022;18:20;1;06;06159;2;1;1;6;PRINCESSE GRACE DE MONACO (AVENUE);43,7058650000;7,3103990000
202200006385;1;7;2022;16:50;1;01;01344;1;2;1;3;Chemin de Chalandre;46,2078971997;5,1859250665
202200006386;1;7;2022;11:30;5;75;75120;2;1;1;5;PORTE DES LILAS;48,8705360000;2,4132240000
202200006387;1;7;2022;14:16;1;75;75106;2;3;1;3;RUE BONAPARTE;48,8504990000;2,3327800000
202200006388;2;7;2022;16:40;1;75;75117;2;2;1;3;BOULEVARD MALESHERBES;48,8839970000;2,3087150000
202200006389;2;7;2022;17:40;1;75;75116;2;1;1;6;AVENUE DU MAHATMA GANDHI;48,8770520000;2,2685650000
202200006390;1;7;2022;20:00;1;75;75116;2;2;1;2;ALLEE DE LONGCHAMP;48,8725320000;2,2644400000
202200006391;1;7;2022;22:45;5;75;75113;2;3;1;3;QUAI D AUSTERLITZ;48,8386400000;2,3723590000
202200006392;2;7;2022;16:00;1;75;75111;2;1;1;2;AVENUE PARMENTIER;48,8643100000;2,3752470000
202200006393;2;7;2022;13:05;1;75;75111;2;2;1;6;RUE SAINT MAUR;48,8705770000;2,3729000000
202200006394;2;7;2022;17:05;1;75;75110;2;1;1;6;RUE DU FAUBOURG SAINT DENIS;48,8807260000;2,3578220000
202200006395;2;7;2022;01:30;5;75;75107;2;1;1;6;QUAI D ORSAY;48,8624240000;2,3031920000
202200006396;2;7;2022;02:05;4;75;75103;2;2;1;6;RUE DES QUATRE FILS;48,8599520000;2,3607700000
202200006397;2;7;2022;21:50;5;94;94067;2;9;1;3;Avenue Daumesnil;48,8341800000;2,4173200000
202200006398;2;7;2022;15:15;1;94;94076;2;1;1;1;JULES VERNE (R);48,7988930000;2,3480260000
202200006399;1;7;2022;21:10;5;94;94076;2;3;1;2;Avenue de Stalingrad;48,7827700000;2,3670100000
202200006400;2;7;2022;15:55;1;94;94038;2;3;7;3;Avenue Flouquet;48,7671700000;2,3191300000
202200006401;2;7;2022;15:20;1;94;94073;2;1;1;3;LUXEMBOURG (AV DU);48,7610300000;2,3711400000
202200006402;2;7;2022;01:40;5;94;94033;2;1;1;3;Avenue de la Belle Gabrielle;48,8401612735;2,4664673179
202200006403;1;7;2022;20:10;1;94;94033;2;1;1;2;Boulevard Galliéni;48,8499300000;2,4766500000
202200006404;2;7;2022;08:00;1;94;94011;2;2;1;1;Avenue du 19 Mars 1962 / Quai du Rancy;48,7758400000;2,4900900000
202200006405;2;7;2022;00:06;5;94;94028;2;1;1;3;Rue Camille Robert;48,7779500000;2,4708000000
202200006406;2;7;2022;20:30;1;93;93073;2;1;1;1;rue du Fortin;48,9867200000;2,5241800000
202200006407;2;7;2022;18:10;1;93;93078;2;1;1;2;Boulevard Robert Ballanger;48,9550200000;2,5375200000
202200006408;2;7;2022;19:30;1;93;93071;2;1;1;6;Avenue du General Leclerc;48,9391382676;2,5263807178
202200006409;2;7;2022;15:25;1;93;93051;2;2;1;3;Avenue Aristide Briand / Rue du Docteur Jean Vaquier;48,8477500000;2,5527600000
202200006410;2;7;2022;14:36;1;93;93051;2;6;1;3;Boulevard du Levant / Boulevard du Rempart;48,8372200000;2,5470700000
202200006411;2;7;2022;17:15;1;93;93048;2;1;7;6;Rue de Paris;48,8557679622;2,4233125449
202200006412;1;7;2022;23:10;3;93;93007;2;3;1;3;Avenue du 8 Mai 1945 / Rue Diderot;48,9450800000;2,4352000000
202200006413;2;7;2022;20:40;1;93;93010;2;1;1;6;Rue des Ecoles;48,9072898733;2,4880889654
202200006414;2;7;2022;01:45;5;93;93057;2;3;1;6;Avenue de Rome / Quai d’Amsterdam;48,9147210000;2,5018070000
202200006415;1;7;2022;23:00;5;93;93001;2;1;1;6;174 Boulevard Félix Faure;48,9114288028;2,3753508925
202200006416;2;7;2022;20:00;1;92;92049;2;1;1;3;VERDIER AVENUE AUTRES N°;48,8161375729;2,3100467473
202200006417;2;7;2022;09:00;1;92;92035;2;1;1;5;République ( boulevard de la );48,9065459865;2,2470836341
202200006418;2;7;2022;15:00;1;92;92004;1;1;1;3;ARGENTEUIL AV D';48,9155939618;2,2826703787
202200006419;1;7;2022;16:50;1;92;92002;2;1;1;2;ARISTIDE BRIAND (AVENUE);48,7588814357;2,3071482181
202200006420;3;7;2022;01:40;3;60;60396;1;1;1;7;RD 938;49,5464310000;2,6375990000
202200006421;21;6;2022;10:40;1;80;80016;2;1;1;6;2 rue Felix FAURE;50,0060120000;2,6476380000
202200006422;2;7;2022;22:00;3;37;37031;2;4;1;1;35 Rue du Pont du Gué;47,2924050000;0,1892430000
202200006423;3;7;2022;01:00;3;54;54089;1;1;1;6;RD37;48,7603900340;6,2696743013
202200006424;2;7;2022;02:15;3;24;24139;1;1;1;6;Route de Maraval;45,1270380000;0,6528870000
202200006425;3;7;2022;20:57;1;91;91016;1;1;1;7;D6;48,3016560000;2,0091460000
202200006426;2;7;2022;13:13;1;95;95452;1;1;1;6;RD 78;49,1266990000;2,2824040000
202200006427;2;7;2022;15:30;2;974;97401;2;1;1;1;114 Chemin Numero 1; -21,2499970000;55,3536270000
202200006428;3;7;2022;05:30;2;972;97222;1;1;1;1;RN1;14,6677020000; -60,9635690000
202200006429;30;6;2022;16:00;1;86;86070;1;1;3;1;D951;46,5753950000;0,6767160000
202200006430;3;7;2022;11:05;1;21;21630;1;1;1;2;262+400;47,2576820000;4,5300310000
202200006431;2;7;2022;20:10;1;71;71384;1;1;1;2;A6 PK 341+700;46,6883090000;4,8447560000
202200006432;2;7;2022;19:00;1;62;62506;2;4;1;3;426 Rue de l Abbe Pruvost;50,7881810000;1,9307940000
202200006433;2;7;2022;05:30;2;84;84083;1;1;1;-1;3361b Route Nationale 7;44,2129050000;4,7255700000
202200006434;3;7;2022;01:21;3;40;40246;1;1;1;6;Route de Luglon;44,1450780000; -0,7415030000
202200006435;2;7;2022;10:25;1;51;51555;1;2;7;3;N4;48,7350780000;4,3002250000
202200006436;1;7;2022;18:05;1;56;56185;2;1;1;2;73 Rue Jean Jaures;47,7844350000; -3,4152490000
202200006437;3;7;2022;07:00;1;76;76025;1;1;1;6;Route des Vallons;49,5458460000;1,5123260000
202200006438;3;7;2022;12:10;1;80;80017;1;1;1;7;D1017;49,9606700000;2,9244450000
202200006439;2;7;2022;20:10;1;89;89062;1;1;1;1;D8;47,9261130000;3,8523600000
202200006440;2;7;2022;17:30;1;63;63003;1;1;1;7;Rd 996;45,5355185297;3,7752143472
202200006441;2;7;2022;15:00;1;63;63371;1;9;1;6;Chaillargues Haut;45,4684080000;3,8024070000
202200006442;3;7;2022;10:30;1;63;63374;1;1;1;7;Longechaud;45,5396620000;3,7948430000
202200006443;1;7;2022;14:45;1;76;76711;2;1;1;6;2 Avenue Jean Moulin;50,0554750000;1,3659150000
202200006444;3;7;2022;08:15;1;41;41049;1;1;1;7;Rue des Vignes;47,3758190000;1,5078390000
202200006445;3;7;2022;02:40;3;34;34292;1;1;1;7;D148 PK15;43,6295800000;3,3191100000
202200006446;2;7;2022;12:55;1;34;34335;1;1;7;7;D922, route de Saint Gervais;43,6236730000;3,1204500000
202200006447;2;7;2022;13:50;1;44;44129;1;3;1;3;Route des Moulins de Bilais;47,4595860000; -2,0774780000
202200006448;3;7;2022;11:45;1;29;29041;1;1;1;1;D15 - Route de Quimper;48,0564850000; -3,8433770000
202200006449;3;7;2022;01:30;3;38;38018;2;1;1;7;Route du Birollet;45,0713120000;5,3150810000
202200006450;3;7;2022;16:30;1;15;15196;1;2;1;3;nationale 122 intersection 26+520;44,8508340000;2,2534310000
202200006451;3;7;2022;09:35;1;70;70561;1;3;1;3;D9 intersection rue de la belle Huguette;47,5491530000;6,4450850000
202200006452;2;7;2022;09:40;1;72;72073;1;1;1;1;"Lieu-dit ""la Denisière""";48,0278920000;0,0850370000
202200006453;3;7;2022;16:30;1;05;05163;1;1;1;7;Route Départementale 954;44,4995050000;6,3456020000
202200006454;3;7;2022;00:40;3;05;05139;1;1;1;6;D17b;44,6740360000;5,9356800000
202200006455;3;7;2022;16:45;1;83;83128;2;1;1;6;D560;43,5664759780;6,1830067635
202200006456;3;7;2022;20:00;2;83;83032;1;1;1;3;Route de Brignoles;43,4650580000;6,1360360000
202200006457;25;6;2022;12:25;1;60;60054;2;4;1;3;Grand Rue;49,3247620992;2,0133218763
202200006458;2;7;2022;19:25;1;64;64490;1;1;1;3;RD918;43,2077410000; -1,2754120000
202200006459;2;7;2022;22:30;5;64;64559;2;4;1;7;7 route principale;43,2410530000; -0,8805400000
202200006460;2;7;2022;02:30;3;64;64316;1;1;1;6;RD 26 ;43,0215125382; -0,9247923260
202200006461;2;7;2022;23:45;3;10;10058;1;1;1;6;D 452;47,9644968094;4,2978858948
202200006462;3;7;2022;06:00;2;53;53109;1;1;1;6;route départementale 35;48,2830650000; -0,4557180000
202200006463;2;7;2022;00:40;3;40;40228;1;1;1;6;Avenue du Béarn - CD15;43,6293620000; -0,8200370000
202200006464;3;7;2022;15:20;1;40;40217;1;1;1;6;Route de Blaise;44,3552170000; -1,1289950000
202200006465;2;7;2022;19:50;1;24;24520;1;3;1;3;Route de Gourdon;44,8647820000;1,2501450000
202200006466;2;7;2022;22:45;3;85;85116;1;1;1;2;D747;46,4363600000; -1,4029700000
202200006467;3;7;2022;11:45;1;85;85190;2;6;1;3;D753;46,9401100000; -1,5100400000
202200006468;3;7;2022;16:30;1;48;48115;1;1;1;6;RD 9;44,1958280000;3,6450790000
202200006469;2;7;2022;20:40;1;34;34255;1;1;1;6;D986;43,6762530000;3,8205600000
202200006470;2;7;2022;19:30;1;06;06018;1;1;1;1;Route des Colles;43,6159570000;7,0827480000
202200006471;2;7;2022;20:50;3;987;98738;1;1;1;1;servitude AUFFRAY; -17,6175800000; -149,5496960000
202200006472;2;7;2022;19:45;1;06;06088;1;1;1;3;A8 PK 186+000 sens NICE-CANNES;43,6708260000;7,2015780000
202200006473;3;7;2022;19:41;1;64;64122;1;1;2;6;A.63 - PK 183.420 - Barrière de péage Biarritz La Négresse - Voie 208;43,4486310000; -1,5531490000
202200006474;3;7;2022;00:28;3;51;51545;1;1;1;7;A26;48,7297000000;4,2233470000
202200006475;3;7;2022;05:15;3;988;98830;1;1;2;1;Transversale Koné Tiwaka (Pont); -21,0113650000;164,9924180000
202200006476;3;7;2022;02:55;3;974;97418;1;1;2;7;N2; -20,9027180000;55,5372620000
202200006477;3;7;2022;15:20;1;973;97311;1;9;1;7;Avenue Christophe Colomb;5,4645780000; -54,0430680000
202200006478;3;7;2022;11:30;1;95;95446;1;1;1;3;RD 64;49,1194223817;2,1891894937
202200006479;2;7;2022;20:15;1;78;78209;2;1;1;6;chemin 14;48,5891840000;1,7301630000
202200006480;3;7;2022;12:25;1;78;78444;1;1;1;1;D 11;48,9354410000;1,5582350000
202200006481;2;7;2022;18:40;1;30;30258;1;1;1;2;;43,7184200000;4,4182040000
202200006482;3;7;2022;02:20;3;34;34327;2;1;1;6;Route de Sommieres;43,6614200000;3,9662540000
202200006483;3;7;2022;17:10;1;13;13007;1;1;1;7;Route Nationale 560;43,3698910000;5,6590020000
202200006484;4;6;2022;16:50;1;38;38061;1;1;1;2;D1075;45,3395680000;5,6155050000
202200006485;2;7;2022;17:00;1;81;81140;2;1;1;2;Route de Gaillac;43,7066510000;1,8209730000
202200006486;3;7;2022;11:40;1;09;09042;1;1;1;7;Unjat;43,0219500000;1,4645150000
202200006487;3;7;2022;11:00;1;79;79049;2;1;1;7;;46,8433920000; -0,4977700000
202200006488;2;7;2022;12:20;1;79;79088;1;1;7;1;Lieu dit Bellevue;46,8012930000; -0,3682460000
202200006489;2;7;2022;22:30;2;79;79049;1;1;1;7;;46,8498050000; -0,4722570000
202200006490;2;7;2022;15:00;1;56;56176;1;6;1;6;D17B;47,6704020000; -2,9490350000
202200006491;2;7;2022;21:15;1;22;22210;2;1;1;6;Rue du General de Gaulle;48,8007350000; -3,0314210000
202200006492;2;7;2022;18:10;1;60;60612;2;3;7;6;Rue Saint Frambourg;49,2056510000;2,5852140000
202200006493;3;7;2022;02:45;3;59;59409;1;1;1;6;D47;50,3130873915;3,2237040997
202200006494;2;7;2022;20:35;2;13;13005;1;1;1;6;A501-Sens Pont de l' Etoile vers Aubagne;43,3066900000;5,5757400000
202200006495;1;7;2022;16:30;1;13;13088;1;1;1;2;A55-Sens Martigues vers Marseille;43,3870799756;5,2422942996
202200006496;1;7;2022;01:10;5;13;13212;1;1;1;2;A507 sens Aubagne- Marseille;43,3035109026;5,4255553650
202200006497;1;7;2022;19:40;1;78;78490;1;1;1;6;RN12 EXT;48,7999700000;1,9851500000
202200006498;2;7;2022;15:45;1;93;93013;1;1;1;5;AUTOROUTE A1;48,9362200000;2,4276097000
202200006499;2;7;2022;09:35;1;93;93027;1;1;1;4;AUTOROUTE A86;48,9248100000;2,3917000000
202200006500;1;7;2022;18:00;1;93;93078;1;1;1;5;AUTOROUTE A104;48,9703300000;2,5017700000
202200006501;2;7;2022;06:45;2;77;77169;1;1;1;2;RN104;48,8164432683;2,6214711348
202200006502;1;7;2022;13:10;1;83;83137;2;1;1;6;PICOT (AVE DU COLONEL);43,1286000000;5,9664300000
202200006503;1;7;2022;17:10;1;54;54395;2;2;1;6;SAINT LEON (RUE ET EGLISE);48,6883975876;6,1732199192
202200006504;1;7;2022;16:10;1;92;92025;2;1;1;6;G.PERI 2 A 192   1 A 247 (RUE);48,9230293100;2,2516224682
202200006505;16;4;2022;14:20;1;84;84031;2;1;1;2;ROUTE DE BEDOIN;44,0662800000;5,0667900000
202200006506;1;5;2022;14:50;1;38;38151;2;9;1;3;ROND-POINT PIERRE ET MARIE CURIE;45,1598700000;5,7206400000
202200006507;1;7;2022;22:25;3;974;97416;1;1;1;2;ANCIENNE RN 1; -21,3301100000;55,4538000000
202200006508;1;7;2022;07:30;1;974;97411;2;1;7;3;MACE (BOULEVARD GABRIEL); -20,8725000000;55,4495000000
202200006509;1;7;2022;15:10;1;973;97302;2;1;1;6;ESTREES (AVENUE D');4,9409198381; -52,3230864108
202200006510;1;4;2022;12:13;1;973;97302;2;1;1;3;MONTABO (ROUTE DE) 2;4,9447200000; -52,3166200000
202200006511;30;6;2022;08:00;1;973;97302;1;6;1;7;COLLERY (ZONE INDUSTRIELLE);4,9072723412; -52,3219370842
202200006512;11;2;2022;19:00;5;33;33162;2;1;1;3;Avenue du Taillan-Médoc;44,8905700000; -0,6666400000
202200006513;11;2;2022;03:00;5;33;33063;2;2;2;6;Cours Saint Louis;44,8599700000; -0,5687500000
202200006514;11;2;2022;19:40;5;31;31555;2;2;1;3;SAINT SIMON (RTE DE) DU 276 AU 389;43,5883074664;1,4112550020
202200006515;11;2;2022;07:36;5;31;31555;2;3;1;7;CHE DE GABARDIE;43,6345200000;1,4819900000
202200006516;11;2;2022;00:20;5;31;31555;2;1;1;3;BD PIERRE ET MARIE CURIE;43,6261900000;1,4371700000
202200006517;9;2;2022;09:50;1;31;31555;1;1;1;3;14 CROIX DAURADE (PERIPH EST A62);43,6391700000;1,4762700000
202200006518;11;2;2022;05:30;3;30;30189;1;1;1;6;Route d'Alès;43,8717000000;4,3203700000
202200006519;11;2;2022;19:30;3;26;26252;1;1;1;6;rue Estienne d' Orves;44,8704100000;4,8679750000
202200006520;11;2;2022;17:45;2;26;26362;2;1;1;6;ROMANS AVENUE DE (301);44,9339300000;4,9038100000
202200006521;11;2;2022;16:40;1;26;26198;1;3;1;2;POMPIDOU (Boulevard Georges);44,5471300000;4,7732700000
202200006522;11;2;2022;11:30;1;26;26198;2;3;1;5;RN 7 (Bouquet-Sarda);44,5472050000;4,7733270000
202200006523;11;2;2022;21:10;5;25;25056;2;3;1;3;ARENES RUE D';47,2382370000;6,0166650000
202200006524;10;2;2022;22:15;5;25;25056;2;1;3;5;OUEST BOULEVARD;47,2310100000;5,9822600000
202200006525;10;2;2022;14:37;1;14;14118;2;9;2;1;Avenue Général Laperrine;49,1604600000; -0,3617200000
202200006526;11;2;2022;20:15;5;13;13204;2;3;1;3;LIBERATION (BOULEVARD);43,3022900000;5,3953700000
202200006527;11;2;2022;14:12;1;13;13202;2;1;1;3;DAMES (BOULEVARD DES);43,3017800000;5,3727100000
202200006528;11;2;2022;12:15;1;13;13208;2;1;1;3;MICHELET (BOULEVARD);43,2674095974;5,3939362113
202200006529;11;2;2022;10:05;1;13;13214;2;1;1;5;ANATOLE DE LA FORGE (BOULEVARD);43,3383198389;5,3932344077
202200006530;11;2;2022;08:58;1;13;13210;2;9;1;1;MIREILLE LAUZE (BOULEVARD);43,2834200000;5,4144500000
202200006531;11;2;2022;15:30;1;11;11069;1;1;1;4;;43,2244900000;2,3284000000
202200006532;11;2;2022;17:30;1;10;10325;2;1;1;1;LOUIS FRANCOIS ARMAND (RUE);48,2678954233;4,0640991926
202200006533;11;2;2022;11:25;1;10;10362;2;9;1;6;;48,2930000000;4,0473300000
202200006534;11;2;2022;08:58;1;10;10387;2;9;1;3;PIERRE BROSSOLETTE (RUE);48,2858900000;4,0775800000
202200006535;10;2;2022;17:43;1;10;10387;2;9;1;6;REPUBLIQUE (RUE DE LA );48,2982500000;4,0739900000
202200006536;10;2;2022;19:10;5;09;09122;2;6;1;6;FAURE (COURS GABRIEL);42,9634090000;1,6041900000
202200006537;9;2;2022;09:45;1;06;06083;2;3;1;5;SOLEIL (PROMENADE DU, N° 850 A 960);43,7706400000;7,4949700000
202200006538;11;2;2022;18:45;5;06;06069;2;9;1;6;FRAGONARD (BOULEVARD ET IMPASSE);43,6569730000;6,9224000000
202200006539;11;2;2022;20:45;5;01;01344;1;2;1;3;GRANDES CADALLES (CHEMIN DES);46,2099500000;5,2042600000
202200006540;10;2;2022;01:35;5;01;01451;2;1;1;2;PARIS (ROUTE DE);46,2189840000;5,2114830000
202200006541;11;2;2022;18:00;5;75;75116;2;4;1;2;BD PERIPHERIQUE EXTERIEUR;48,8610069012;2,2637481987
202200006542;10;2;2022;13:50;1;75;75117;2;5;2;3;PORTE DE CLICHY;48,8865620000;2,2900770000
202200006543;8;2;2022;09:40;1;75;75104;2;2;1;3;QUAI DE LA CORSE;48,8550740000;2,3502800000
202200006544;11;2;2022;12:15;1;75;75105;2;3;1;3;RUE DES ECOLES;48,8493709993;2,3457017541
202200006545;11;2;2022;09:05;1;75;75119;2;1;1;3;AVENUE SIMON BOLIVAR;48,8799991397;2,3743061721
202200006546;11;2;2022;11:00;1;75;75117;2;7;1;3;PLACE DE CLICHY;48,8835260000;2,3268650000
202200006547;11;2;2022;10:30;1;75;75116;2;2;1;3;AVENUE DE L HIPPODROME;48,8622856265;2,2383168340
202200006548;10;2;2022;20:27;5;75;75116;2;7;2;6;AVENUE D EYLAU;48,8633070000;2,2866570000
202200006549;10;2;2022;14:36;1;75;75116;2;3;1;3;AVENUE FERDINAND BUISSON;48,8385420000;2,2522200000
202200006550;11;2;2022;09:00;1;75;75115;2;2;1;1;QUAI BRANLY;48,8546010189;2,2888885438
202200006551;11;2;2022;17:35;5;75;75114;2;4;1;6;AVENUE DU MAINE;48,8302270000;2,3258930000
202200006552;11;2;2022;11:15;1;75;75112;2;3;1;6;BOULEVARD DE BERCY;48,8399370000;2,3823410000
202200006553;11;2;2022;10:00;1;75;75112;2;4;1;3;RUE DE CHARENTON;48,8369473662;2,3915407062
202200006554;11;2;2022;08:03;1;75;75112;2;1;1;3;QUAI DE LA RAPEE;48,8448382662;2,3688974977
202200006555;11;2;2022;11:00;1;75;75110;2;3;7;3;RUE DU FAUBOURG SAINT MARTIN;48,8761036575;2,3605719209
202200006556;11;2;2022;15:00;1;75;75108;2;1;1;3;RUE DE ROME;48,8762380000;2,3236090000
202200006557;11;2;2022;12:05;1;75;75104;2;2;1;3;QUAI DES CELESTINS;48,8533315098;2,3578199744
202200006558;10;2;2022;18:16;5;75;75104;2;2;3;6;RUE DE RIVOLI;48,8562850000;2,3566020000
202200006559;11;2;2022;15:55;1;94;94044;2;3;1;3;Rue Jean-Marie Prugnot;48,7508900000;2,4845500000
202200006560;10;2;2022;20:00;5;94;94068;2;2;2;1;Place ;48,7992900000;2,4898300000
202200006561;11;2;2022;15:25;1;94;94076;2;1;1;3;Boulevard Maxime Gorki;48,7959500000;2,3683800000
202200006562;10;2;2022;19:00;5;94;94076;2;1;2;6;36 Rue Marcel Grosménil;48,7984100000;2,3549550000
202200006563;11;2;2022;17:45;2;94;94073;2;3;1;6;Allée de Bretagne;48,7576100000;2,4027100000
202200006564;11;2;2022;09:15;1;94;94034;2;1;9;2;DIVISION LECLERC - CAR DE LA DEPORTATION;48,7610000000;2,3185800000
202200006565;10;2;2022;19:00;5;94;94033;2;2;3;3;Avenue de Neuilly / Rue Marceau;48,8476000000;2,4878900000
202200006566;10;2;2022;14:00;1;94;94011;2;2;1;3;Avenue Jean Monnet / Rue Pierre Sémard;48,7630200000;2,4795400000
202200006567;11;2;2022;16:45;2;94;94022;2;1;1;6;Avenue Gambetta;48,7637200000;2,4033000000
202200006568;10;2;2022;10:00;1;94;94022;2;3;1;3;Rue Fauler Prolongee / Quai Jules Guesde;48,7734300000;2,4099600000
202200006569;11;2;2022;09:56;1;94;94070;2;1;1;7;Rue du Réveillon;48,7263869113;2,5675005911
202200006570;11;2;2022;14:00;1;93;93073;2;6;1;7;Circuit Carole / Avenue du Valquiou;48,9819200000;2,5258400000
202200006571;11;2;2022;10:30;1;93;93073;2;1;1;6;RAPERIE (RUE DE LA);48,9733921470;2,5614669391
202200006572;11;2;2022;22:28;5;93;93070;2;7;1;6;Place de la Republique;48,9120000000;2,3340600000
202200006573;11;2;2022;16:55;1;93;93006;2;5;1;3;GAMBETTA AV.;48,8762037678;2,4231597036
202200006574;11;2;2022;13:00;1;93;93063;2;2;1;3;BARBUSSE HENRI BOULEVARD;48,8797715932;2,4411374331
202200006575;11;2;2022;00:20;5;93;93027;2;7;2;2;Avenue Jean Jaurès / Avenue Paul Vaillant Couturier;48,9208900000;2,4105300000
202200006576;11;2;2022;22:35;5;93;93010;2;1;9;3;AULNAY (PONT D');48,9072253871;2,4802791077
202200006577;10;2;2022;22:45;5;93;93010;2;3;1;3;NOEMIE (RUE);48,9001700000;2,4862500000
202200006578;11;2;2022;12:25;1;93;93008;2;1;1;6;STALINGRAD (RUE DE) A10;48,9163337355;2,4230006240
202200006579;11;2;2022;10:05;1;93;93005;2;2;1;6;QUATORZE JUILLET (AVENUE DU);48,9291020424;2,4953770638
202200006580;11;2;2022;14:10;1;93;93005;2;9;1;3;MITRY [CD115] (ROUTE DE);48,9464249962;2,5108408824
202200006581;11;2;2022;12:20;1;92;92073;2;2;1;6;CARNOT (RUE);48,8717381519;2,2253046334
202200006582;11;2;2022;14:00;1;92;92077;2;1;1;7;THIERRY (AVENUE);48,8276373601;2,1839680374
202200006583;9;2;2022;22:50;5;92;92077;2;3;1;6;MARNES (RUE DE);48,8271309349;2,1860236823
202200006584;11;2;2022;20:35;5;92;92044;2;1;1;6;VIC. HUGO(RUE)001A067 ET002A078;48,8945519173;2,2981054187
202200006585;11;2;2022;16:45;1;92;92040;2;3;1;3;GAMBETTA (BOULEVARD);48,8277260000;2,2754380000
202200006586;11;2;2022;16:45;1;92;92026;2;1;1;3;GEORGES CLEMENCEAU;48,9029787196;2,2710918188
202200006587;11;2;2022;09:20;1;92;92026;2;1;1;4;JOFFRE ( DE 52 A FIN ET DE 61 A FIN );48,8999798394;2,2730924785
202200006588;11;2;2022;07:40;2;92;92026;2;1;1;6;JOFFRE ( DE 30 A 50 ET DE 31 A 55 );48,9004104155;2,2744217813
202200006589;10;2;2022;16:55;1;92;92012;2;2;1;3;REPUBLIQUE (BOULEVARD DE LA) 5/77BIS - 6;48,8320800000;2,2530700000
202200006590;11;2;2022;20:58;5;92;92007;2;3;1;1;HUGO (AVENUE VICTOR);48,8032008407;2,3191092610
202200006591;12;2;2022;13:00;1;54;54571;2;1;1;7;Grande Rue;48,6161350223;6,2541738133