Num_Acc;jour;mois;an;hrmn;lum;dep;com;agg;int;atm;col;adr;lat;long
202200006592;11;2;2022;11:25;1;51;51649;2;6;1;7;Place du Général-Giraud;48,7231710000;4,5835040000
202200006593;12;2;2022;08:40;3;49;49092;1;1;1;7;La Jolinière (cossé-d'Anjou);47,1774770000; -0,6741730000
202200006594;12;2;2022;05:15;3;76;76220;1;1;1;1;Route de Londinieres;49,8845150000;1,2886400000
202200006595;11;2;2022;17:25;1;81;81156;1;3;1;3;Chemin de Guille;43,9142220000;2,0456300000
202200006596;11;2;2022;17:00;1;10;10037;2;9;1;1;40 Rue de Chamoy;48,2058420000;3,8954040000
202200006597;11;2;2022;16:30;1;63;63354;1;1;1;7;D 987 PK 27+50;46,0132444074;2,7815781534
202200006598;11;2;2022;18:10;3;74;74112;1;1;1;2;Route de Bellegarde;45,9256700000;6,0873750000
202200006599;12;2;2022;15:00;1;87;87148;1;9;1;5;A20 - PK 195.800;45,7397050000;1,3404610000
202200006600;11;2;2022;09:00;1;38;38030;1;6;2;1;rd1085;45,3438590000;5,4830090000
202200006601;11;2;2022;14:00;1;87;87021;1;9;7;1;Sous le Bastier;45,7713100000;1,1861160000
202200006602;11;2;2022;15:40;1;74;74138;1;1;1;1;1872 Route des Bauges;45,7939090000;6,0557390000
202200006603;12;2;2022;13:57;1;74;74225;2;1;1;1;Route de Lornay;45,8813260000;5,9307830000
202200006604;12;2;2022;09:50;1;55;55463;2;1;1;6;1 Rue des Carmes;48,8902030000;5,5408320000
202200006605;11;2;2022;15:00;1;49;49180;2;1;1;7;Rue Traversière;47,3737508287; -0,1092785597
202200006606;9;2;2022;11:30;1;22;22321;2;3;8;3;Rue du Stade;48,3111550000; -3,1616610000
202200006607;11;2;2022;17:00;1;39;39470;1;1;1;3;Parking du Balancier;46,4481370000;6,0765860000
202200006608;12;2;2022;14:35;1;25;25349;1;1;1;2;CD 31 pk 600;47,1723890000;6,4799430000
202200006609;12;2;2022;08:20;1;44;44131;1;1;1;6;3 Les Grandes Landes;47,1047260000; -2,0497120000
202200006610;12;2;2022;04:35;3;29;29033;1;1;1;6;D48 - Pont Ar Grossec;48,2479830480; -3,8658750056
202200006611;3;8;2022;19:38;1;54;54431;2;2;1;3;CORDERIE (CHEMIN DE LA);48,9075490000;6,0457100000
202200006612;11;2;2022;19:35;5;31;31107;2;1;1;6;10 Chemin de l Industrie;43,3077840000;1,2224810000
202200006613;11;2;2022;19:15;3;01;01199;1;3;1;3;D1084;46,0582270000;5,3861440000
202200006614;3;8;2022;18:30;1;50;50129;2;1;1;2;NAPOLEON (PLACE);49,6422600000; -1,6223600000
202200006615;12;2;2022;15:45;1;01;01034;1;3;1;3;D992;45,7169670000;5,6666710000
202200006616;11;2;2022;18:45;3;72;72329;1;1;1;2;"lieu dit ""La Roseraie""";48,0621420000;0,2755920000
202200006617;11;2;2022;04:00;3;14;14057;1;1;8;6;Lieu Dit la Perquette;49,1312570000; -0,2216360000
202200006618;11;2;2022;14:35;1;05;05176;1;1;1;7;D942;44,4964300000;6,1485490000
202200006619;29;6;2022;20:48;1;49;49099;1;1;9;1;RD960;47,0802700000; -0,8283900000
202200006620;11;2;2022;13:55;1;50;50267;2;1;1;1;Route du Ferrage;49,2123690000; -1,5260320000
202200006621;12;2;2022;01:46;3;28;28121;1;1;1;7;D954;48,0981740000;1,8649720000
202200006622;11;2;2022;16:55;1;17;17331;2;2;1;3;Route de Port-Maubert;45,4783010000; -0,5729410000
202200006623;11;2;2022;12:50;1;08;08185;1;1;1;1;D988;49,9657910000;4,6597050000
202200006624;3;8;2022;23:05;5;49;49007;2;2;1;3;LETANDUERE;47,4570100000; -0,5540100000
202200006625;11;2;2022;19:40;3;03;03186;1;1;1;4;PK 316+000, Autoroute A71;46,3275060000;2,9426840000
202200006626;12;2;2022;00:55;3;45;45302;1;1;1;6;A10 PK 93 + 561;47,9474640000;1,8487340000
202200006627;12;2;2022;15:08;1;27;27656;1;1;1;6;autoroute A13 PK 159.970 sens Province/PARIS;49,3510040000;0,4432620000
202200006628;11;2;2022;22:27;3;988;98808;1;1;2;6;tribu de Paraouyé ; -21,2732300000;165,6429900000
202200006629;12;2;2022;06:40;2;95;95170;1;1;8;1;RD 28;49,0407492101;1,9443762302
202200006630;3;8;2022;13:32;1;49;49007;2;1;1;3;BIRGE BOULEVARD;47,4756800000; -0,5201600000
202200006631;12;2;2022;13:50;1;66;66030;1;1;1;1;;42,7718150000;2,7566300000
202200006632;3;8;2022;13:20;1;47;47201;2;4;1;3;PYRENEES (AVENUE DES);44,1790900000;0,6053200000
202200006633;12;2;2022;05:25;5;34;34151;2;6;1;7;Allée-du-8-Mai-1945;43,6642950000;4,1744530000
202200006634;2;2;2022;11:35;1;71;71251;1;4;2;4;RD681;46,9190680000;4,1884730000
202200006635;4;8;2022;08:00;1;45;45232;2;1;1;6;Rue de Bourges;47,8468920000;1,9113830000
202200006636;11;2;2022;16:15;1;51;51250;2;1;7;7;Allée des Missions;49,3100530000;3,6721930000
202200006637;4;8;2022;03:12;5;45;45286;2;1;1;2;68 Rue du General de Gaulle;47,8904500000;1,9226000000
202200006638;12;2;2022;08:30;1;63;63263;2;1;1;6;36 Route des Puys;45,7800170000;3,0111960000
202200006639;12;2;2022;16:56;1;74;74094;2;1;1;3;752 Route de Lossy;46,1881500000;6,3019860000
202200006640;2;8;2022;01:15;3;44;44109;1;1;1;6;N844;47,2554300000; -1,5354700000
202200006641;12;2;2022;15:55;1;42;42051;1;1;1;6;Route du Pilon;45,4821750000;4,7245500000
202200006642;30;7;2022;05:45;5;42;42123;2;1;1;6;Rue Antoine Durafour;45,5087000000;4,5734200000
202200006643;11;2;2022;16:30;1;47;47157;1;1;1;1;RD 933;44,5223180000;0,1558420000
202200006644;17;7;2022;19:45;1;42;42237;2;3;1;3;Rue Victor Hugo;45,4470400000;4,4394500000
202200006645;12;2;2022;15:40;1;85;85003;1;1;1;3;;46,7220000000; -1,6193570000
202200006646;4;8;2022;19:40;1;42;42184;2;1;1;6;Avenue Charles de Gaulle;46,0523600000;4,0654300000
202200006647;11;2;2022;20:25;5;22;22363;2;2;1;3;Rue de Nantouar;48,8071920000; -3,3744340000
202200006648;3;8;2022;11:15;1;42;42095;2;1;1;1;Rue de Chazeau;45,3785200000;4,2755100000
202200006649;22;1;2022;12:45;1;22;22144;1;1;1;2;D36;48,4961360000; -2,8502660000
202200006650;12;2;2022;02:50;4;60;60619;1;1;1;7;Rue de Nanteuil;49,1160180000;2,7973940000
202200006651;4;8;2022;21:20;2;37;37261;2;1;1;2;RN 76 - Route de St Avertin;47,3653000000;0,7122700000
202200006652;11;2;2022;16:30;1;80;80353;1;1;1;2;Autoroute A29 PK 236+000;49,8435180000;2,8664820000
202200006653;4;8;2022;13:30;1;37;37261;2;2;1;1;MALRAUX (QUAI ANDRE);47,3975300000;0,6994700000
202200006654;11;2;2022;19:05;5;33;33167;1;1;1;3;ROUTE NATIONALE 230;44,8243370000; -0,5112800000
202200006655;10;2;2022;08:50;1;33;33039;1;1;1;6;ROCADE A 630;44,8035920000; -0,5325410000
202200006656;11;2;2022;15:15;1;94;94003;1;1;1;2;AUTOROUTE A6A;48,8010000000;2,3420000000
202200006657;4;8;2022;14:30;1;37;37208;2;2;8;3;PETIT BOIS (RUE DU);47,3583000000;0,7221400000
202200006658;11;2;2022;04:15;3;94;94038;1;1;2;6;AUTOROUTE A6B;48,7765100000;2,3458100000
202200006659;4;8;2022;15:30;1;35;35055;1;1;1;6;RD 286;48,0874324906; -1,5896540880
202200006660;11;2;2022;16:00;1;78;78423;1;1;1;6;RN12 INT;48,7991760000;1,9956230000
202200006661;11;2;2022;10:10;1;92;92050;1;1;1;7;A86;48,9116500516;2,2168203970
202200006662;11;2;2022;00:30;3;78;78672;1;1;8;2;A13;48,9302400000;1,9829400000
202200006663;4;8;2022;17:42;1;32;32013;2;3;1;7;BAZILLAC;43,6486400000;0,5836300000
202200006664;11;2;2022;16:30;1;93;93048;1;1;1;5;AUTOROUTE A86;48,8652500000;2,4819900000
202200006665;11;2;2022;09:00;1;95;95252;1;1;1;2; A115;48,9846660000;2,2416210000
202200006666;4;8;2022;14:20;1;31;31069;2;2;1;2;BD DE L'EUROPE;43,6511100000;1,3743300000
202200006667;11;2;2022;19:15;3;75;75112;1;1;1;2;A4;48,8231700000;2,4629700000
202200006668;11;2;2022;11:50;1;94;94069;1;1;1;2;A4;48,8173300000;2,4224700000
202200006669;2;8;2022;21:45;1;19;19031;2;1;1;1;DUBAYLE (RUE ANTOINE);45,1457611211;1,4904226938
202200006670;11;2;2022;07:55;1;94;94046;1;1;1;3;A86 EXT;48,8085628803;2,4490578633
202200006671;4;8;2022;01:30;5;13;13206;2;9;1;3;BAILLE (BOULEVARD);43,2870104626;5,3877851063
202200006672;10;2;2022;16:30;1;29;29232;2;2;1;3;Quai de l’Odet;47,9936800000; -4,1064500000
202200006673;4;8;2022;13:52;1;13;13214;2;1;1;3;AVENUE RAIMU;43,3315984065;5,3984345141
202200006674;10;2;2022;20:45;5;93;93010;2;2;3;6;Avenue de Rosny / Avenue Galliéni;48,9040000000;2,4713100000
202200006675;10;2;2022;11:00;1;07;07186;2;3;1;6;EGLISE (RUE DE L');44,7351800000;4,5962500000
202200006676;2;8;2022;10:20;1;12;12202;1;1;1;5;Route de Rignac;44,3647000000;2,5498400000
202200006677;9;2;2022;13:00;1;974;97411;2;1;1;6;JAURES (BOULEVARD JEAN); -20,8897500000;55,4516600000
202200006678;3;8;2022;13:30;1;12;12089;1;1;7;6;RD 840;44,5616800000;2,2528300000
202200006679;10;2;2022;16:20;2;974;97416;2;1;1;3;LEBLOND 1 (RUE MARIUS ET ARY); -21,3330600000;55,4592800000
202200006680;3;8;2022;10:53;1;11;11069;2;1;1;3;87 Rue de la Liberte;43,2157479755;2,3487782478
202200006681;10;2;2022;15:40;1;69;69259;2;4;1;6;Avenue de la République;45,7060000000;4,8765100000
202200006682;3;8;2022;14:10;1;07;07008;2;6;1;3;;44,7054500000;4,6503700000
202200006683;10;2;2022;09:10;1;972;97213;1;1;1;4;AUTOROUTE A1;14,6146700000; -61,0126600000
202200006684;4;8;2022;18:00;1;06;06088;2;1;1;1;ARCHET (CH. DE L');43,6939500000;7,2283700000
202200006685;10;2;2022;19:50;4;972;97209;2;1;1;6;GENERAL DE GAULLE (BLD DU);14,6059700000; -61,0656700000
202200006686;10;2;2022;19:15;5;69;69142;2;1;1;7;Quai Jean-Jacques Rousseau;45,7481800000;4,8157400000
202200006687;3;8;2022;17:45;1;05;05023;2;1;8;3;SAVOIE (AVENUE DE);44,9084500000;6,6270300000
202200006688;10;2;2022;11:55;1;69;69034;2;1;1;7;Montée de la Boucle;45,7827400000;4,8354200000
202200006689;3;8;2022;19:30;1;75;75105;2;2;1;3;RUE CLOVIS;48,8461670000;2,3491170000
202200006690;10;2;2022;08:25;1;69;69286;2;3;1;6;Avenue Maurice Ravel;45,8159700000;4,8987400000
202200006691;3;8;2022;23:35;5;75;75120;2;1;1;6;RUE DES FRERES FLAVIEN;48,8757300000;2,4125360000
202200006692;9;2;2022;20:15;5;69;69384;2;3;1;1;79 Rue Eugène Pons;45,7794300000;4,8403600000
202200006693;3;8;2022;23:35;5;75;75120;2;2;1;2;RUE BELGRAND;48,8646610000;2,4046480000
202200006694;9;2;2022;15:45;1;69;69034;2;1;1;2;82 Quai Clémenceau;45,8018200000;4,8420800000
202200006695;10;2;2022;15:45;1;2A;2A004;2;1;1;6;SAMPIERO BD;41,9266074417;8,7389127017
202200006696;4;8;2022;16:40;1;75;75117;2;7;1;2;AVENUE DE WAGRAM;48,8868490000;2,3045480000
202200006697;10;2;2022;14:50;1;91;91549;2;1;1;6;CORBEIL (ROUTE DE);48,6378600000;2,3330700000
202200006698;2;8;2022;21:00;5;75;75116;2;2;1;3;BOULEVARD MURAT;48,8479140000;2,2589310000
202200006699;8;2;2022;14:54;1;87;87050;2;6;1;3;RD947;45,8795700000;1,2382000000
202200006700;3;8;2022;20:20;2;75;75115;2;1;1;7;RUE DE LA CROIX NIVERT;48,8440710000;2,2962510000
202200006701;10;2;2022;16:45;1;83;83098;2;9;1;6;GANZIN (AVENUE DE);43,1087780000;6,0355230000
202200006702;2;8;2022;19:30;1;75;75115;2;2;1;3;RUE SAINT CHARLES;48,8471030000;2,2868060000
202200006703;10;2;2022;11:20;1;83;83126;2;1;1;3;ALLENDE (AV. SALVADOR);43,0839400000;5,8814900000
202200006704;4;8;2022;16:32;1;75;75113;2;2;1;3;BOULEVARD MASSENA;48,8222810000;2,3716450000
202200006705;10;2;2022;07:10;2;83;83126;2;3;1;3;CHARLES DE GAULLE (AV);43,0809300000;5,8878790000
202200006706;4;8;2022;18:40;1;75;75110;2;3;1;3;QUAI DE VALMY;48,8697360000;2,3661860000
202200006707;10;2;2022;17:10;1;83;83034;1;9;1;2;RUE DES 3 PINS;43,1086900000;6,0469700000
202200006708;9;2;2022;18:30;5;80;80001;2;1;1;6;MENCHECOURT (de);50,1191250864;1,8161730362
202200006709;2;8;2022;19:30;1;75;75108;2;2;1;3;BOULEVARD MALESHERBES;48,8794350000;2,3142770000
202200006710;3;8;2022;07:00;1;75;75104;2;2;1;6;RUE DU TEMPLE;48,8590170000;2,3537130000
202200006711;7;2;2022;16:30;1;77;77285;2;1;1;6;RESISTANCE  (AVENUE DE LA );48,5400414246;2,6259189332
202200006712;10;2;2022;06:20;3;77;77186;1;6;8;5;D138 / D606;48,4744907945;2,6784163356
202200006713;4;8;2022;02:45;5;94;94041;2;2;1;3;JEAN COMPAGNON (QU);48,8194600000;2,3978500000
202200006714;10;2;2022;18:20;5;76;76681;2;2;2;6;Rue Marcel Lechevallier;49,4094900000;1,0837900000
202200006715;4;8;2022;10:40;1;94;94068;2;3;2;6;Boulevard de Champigny;48,8051500000;2,5088100000
202200006716;8;2;2022;19:50;5;76;76351;2;2;1;3;MARECHAL JOFFRE (RUE);49,4985400000;0,1179600000
202200006717;10;2;2022;18:30;3;76;76565;1;1;2;7;D915;49,8740000000;1,0990000000
202200006718;4;8;2022;00:15;3;94;94046;2;3;1;3;JEAN JAURES (R);48,7871300000;2,4357700000
202200006719;10;2;2022;07:40;2;69;69115;2;6;1;3;Avenue de la Libération;45,9775560348;4,7078213096
202200006720;2;8;2022;20:30;1;94;94028;2;2;1;2;Avenue du Maréchal de Lattre de Tassigny / Rue Alfred Thomereau;48,7963200000;2,4578000000
202200006721;10;2;2022;05:27;5;69;69264;2;1;1;3;Place de la Gare;45,9843700000;4,7204300000
202200006722;2;8;2022;18:20;1;94;94055;2;1;1;3;Route de Provins;48,7939800000;2,5524600000
202200006723;10;2;2022;12:00;1;67;67447;2;1;1;6;BITCHE (RUE DE);48,6098426275;7,7512782000
202200006724;4;8;2022;13:30;1;94;94017;2;2;1;6;Boulevard Gabriel Péri / Rue Prairial;48,8211200000;2,5088540000
202200006725;10;2;2022;02:10;5;67;67482;2;2;1;1;SCHIRMECK (ROUTE DE);48,5629000000;7,7006700000
202200006726;4;8;2022;00:00;5;94;94017;2;6;1;6;Avenue Marx Dormoy / Avenue Maurice Thorez;48,8061500000;2,5331700000
202200006727;10;2;2022;22:20;3;64;64102;2;1;1;3;Avenue du Grand Basque;43,4895000000; -1,4570100000
202200006728;4;8;2022;07:35;1;93;93046;2;2;1;3;Avenue du Maréchal Leclerc / Rue Rabelais;48,9200725086;2,5393657356
202200006729;9;2;2022;09:30;1;62;62040;2;1;1;5;DANVERS (RUE ADRIEN...N°65et+ ET 54et+ );50,7360700000;2,2901100000
202200006730;4;8;2022;07:10;1;93;93066;2;1;1;1;Rue de la Poterie;48,9441791688;2,3466132704
202200006731;4;8;2022;17:30;1;93;93064;2;1;1;2;Boulevard Gabriel Péri;48,8775226091;2,4827537805
202200006732;10;2;2022;18:20;5;62;62193;2;2;1;2;SAINT EXUPERY (AVENUE. 220 A ...);50,9461840000;1,8890390000
202200006733;2;2;2022;16:20;1;60;60463;2;9;1;6;Rue Jean Jaurès;49,2664100000;2,4523200000
202200006734;4;8;2022;09:00;1;93;93077;2;2;1;3;Avenue Detouche / Rue Circulaire Henri Jousseaume;48,8846000000;2,5115000000
202200006735;10;2;2022;21:45;5;59;59560;1;9;1;1;AVELIN ROUTE D;50,5449174911;3,0551326275
202200006736;4;8;2022;18:30;1;93;93007;2;1;2;3;Avenue Descartes;48,9499000000;2,4632800000
202200006737;7;2;2022;20:30;5;59;59350;2;2;2;3;VAUBAN BOULEVARD N° RESTE;50,6332100000;3,0474400000
202200006738;4;8;2022;10:30;1;93;93005;2;2;8;3;Route de Mitry / Rue Ambroise Paré;48,9494943849;2,5196034856
202200006739;9;2;2022;12:15;1;51;51454;2;3;1;3;Rue Saint Maurice;49,2464900000;4,0394400000
202200006740;10;2;2022;08:50;1;48;48095;2;6;1;7;OCTROI (RUE DE L');44,5348700000;3,5013900000
202200006741;10;2;2022;15:20;1;45;45302;2;1;1;2;Rue Louis Aragon;47,9358800000;1,8894300000
202200006742;4;8;2022;01:37;5;92;92046;2;2;1;3;Charles de gaulle;48,8247802642;2,3020624816
202200006743;9;2;2022;14:35;1;37;37261;2;2;1;6;ALLERON (RUE);47,3954469163;0,6752474606
202200006744;10;2;2022;12:50;1;35;35238;2;1;1;6;Allée de Beaulieu;48,1202900000; -1,6360300000
202200006745;11;2;2022;00:10;5;33;33063;2;3;1;3;Cours Portal;44,8528000000; -0,5731500000
202200006746;3;8;2022;21:00;1;92;92040;2;1;1;6;LEON BLUM (PLACE);48,8210100000;2,2605700000
202200006747;10;2;2022;07:25;5;33;33039;2;1;1;6;Avenue Lucien Lerousseau;44,8077000000; -0,5592200000
202200006748;9;2;2022;20:50;5;33;33063;2;2;1;3;Boulevard Antoine Gautier;44,8333600000; -0,5987300000
202200006749;9;2;2022;17:15;1;33;33249;2;1;1;6;Avenue du Président J.F. Kennedy;44,8675217784; -0,5070367455
202200006750;4;8;2022;15:50;1;92;92026;2;1;1;6;BEZONS  (DE 01 A 22);48,8930940000;2,2525490000
202200006751;10;2;2022;11:30;1;30;30028;2;3;1;6;Avenue Jean Perrin;44,1620000000;4,6235000000
202200006752;8;2;2022;12:40;1;29;29232;2;6;1;7;Rond point de l'Eau Blanche;47,9910900000; -4,0737600000
202200006753;10;2;2022;17:45;1;27;27299;2;1;2;2;BRIAND (AVENUE ARISTIDE);49,0424923409;1,1596986208
202200006754;4;8;2022;08:08;1;92;92024;2;1;1;6;CASTERES (RUE);48,8997930000;2,3025760000
202200006755;9;2;2022;16:39;1;22;22278;1;1;2;2;RN12;48,5231067974; -2,7498927721
202200006756;8;2;2022;20:15;5;21;21231;2;3;1;3;CARNOT (BOULEVARD);47,3178940252;5,0460213595
202200006757;10;2;2022;17:00;1;19;19272;2;1;1;6;Dr Aimé Audubert (Rue);45,2505658642;1,7659299374
202200006758;9;2;2022;13:40;1;15;15014;2;9;1;3;GAULLE (AVENUE CHARLES DE);44,9096420000;2,4246290000
202200006759;4;8;2022;10:15;1;83;83072;1;3;7;3;D10;43,4648260000;6,3963500000
202200006760;5;8;2022;19:00;1;22;22190;2;1;1;6;Rue Sainte-Brigide;48,5260798054; -2,0804674923
202200006761;10;2;2022;14:50;1;13;13071;2;3;1;5;MITTERRAND (AVENUE FRANCOIS);43,3791900000;5,3513500000
202200006762;5;8;2022;07:00;1;972;97210;1;1;1;1;N6;14,6099600000; -60,8970880000
202200006763;28;7;2022;15:30;1;84;84083;2;1;1;2;Route Nationale 7;44,2011900000;4,7274150000
202200006764;5;8;2022;04:45;3;30;30308;1;1;1;7;;43,9835000000;4,4138400000
202200006765;3;8;2022;18:10;1;66;66021;2;1;7;6;;42,7212110000;2,9339080000
202200006766;4;8;2022;21:40;3;24;24059;1;1;1;6;A 89;45,0232200000;0,3916030000
202200006767;4;8;2022;23:35;3;31;31588;2;6;1;6;Route de Portet;43,5242660000;1,3691820000
202200006768;4;8;2022;20:00;2;51;51165;1;1;3;7;D44;48,7589713776;3,8768018782
202200006769;18;11;2022;14:10;1;87;87085;2;1;1;2;SCHUMAN (BOULEVARD ROBERT);45,8570000000;1,2698100000
202200006770;5;8;2022;16:55;1;51;51075;1;1;1;7;D74;49,3305340000;4,0892310000
202200006771;21;9;2022;10:45;1;76;76255;2;2;1;6;Chaussée de Picardie;50,0541550000;1,4226010000
202200006772;5;8;2022;09:05;1;19;19237;2;2;8;3;Rue des Tilleuls;45,1369204945;2,0984101295
202200006773;5;8;2022;04:15;3;56;56091;1;1;1;6;La Coudraie;47,9496350000; -2,5602780000
202200006774;18;11;2022;07:29;2;87;87085;2;3;1;6;LATTRE-DE-TASSIGNY (AVENUE DU MARECHAL);45,8252900000;1,2724200000
202200006775;5;8;2022;13:30;1;79;79131;1;1;1;7;;46,8768930000; -0,3395890000
202200006776;17;11;2022;18:55;5;87;87085;2;3;2;5;PERRIN (RUE FRANCOIS);45,8249000000;1,2299700000
202200006777;30;7;2022;08:30;1;82;82176;1;3;1;6;Route d 8 Salvetat Monclar;43,9781450000;1,5082760000
202200006778;22;11;2022;11:35;1;86;86194;2;1;1;6;Boulevard Coligny;46,5773940000;0,3543790000
202200006779;5;8;2022;08:30;1;65;65239;1;1;2;2;RD929A - PK 5 + 100;43,0440160959;0,3631308675
202200006780;10;10;2022;16:30;1;86;86194;2;2;1;3;Avenue John Kennedy;46,5846700000;0,3665700000
202200006781;16;11;2022;20:28;5;83;83061;2;1;1;6;BOULEVARD DE LA MER;43,4239300000;6,7405600000
202200006782;5;8;2022;15:10;1;11;11103;2;1;1;2;;42,9393903565;2,2460428201
202200006783;21;11;2022;18:11;5;83;83050;2;9;2;6;BROSSOLETTE(AVENUE  PIERRE);43,5337800000;6,4538700000
202200006784;5;8;2022;14:00;1;71;71584;2;1;1;6;18 Rue du 8 Mai 1945;46,4493690000;4,8464940000
202200006785;21;11;2022;18:00;3;81;81144;2;1;2;6;BARRIERE ( CH DE LA );43,9581300000;2,1670100000
202200006786;4;8;2022;15:35;1;89;89273;1;1;7;6;D955;47,6067580000;3,2021330000
202200006787;30;7;2022;10:00;1;63;63394;1;1;1;7;D67;45,4911656858;3,8867568970
202200006788;19;11;2022;17:15;5;80;80021;2;1;2;3;DEFENSE PASSIVE (AVENUE DE LA);49,9069300000;2,3186500000
202200006789;13;11;2022;20:22;5;80;80021;2;1;1;3;RIOLAN (RUE);49,8893600000;2,3132200000
202200006790;5;8;2022;10:30;1;12;12162;1;2;1;2;Route départementale 57;44,3347080000;2,4351130000
202200006791;20;11;2022;19:25;5;80;80021;2;1;2;1;SAINT FUSCIEN (RUE);49,8809360000;2,3047930000
202200006792;2;8;2022;22:45;3;34;34291;1;1;1;7;D908;43,5422650000;2,8734400000
202200006793;4;8;2022;22:30;3;34;34312;2;1;1;7;12 Avenue du Chateau;43,6516460000;3,1496000000
202200006794;5;8;2022;09:27;1;29;29125;1;1;1;1;Kereonnec Vihan;48,0983260936; -3,7687686681
202200006795;22;11;2022;15:45;1;78;78227;1;1;8;6;SARRAZINS (SENTE DES);49,0104800000;1,9376400000
202200006796;5;8;2022;15:20;1;03;03044;1;1;1;1;D1093;46,0916700000;3,3895590000
202200006797;3;8;2022;10:30;1;26;26264;1;1;1;3;RD61;44,4196780000;5,3587640000
202200006798;21;11;2022;08:00;2;77;77215;1;1;5;6;RTE NATIONALE N 4;48,7332470000;2,7207640000
202200006799;20;6;2022;17:55;1;26;26262;1;1;1;7;RD93;44,6664400000;5,4045440000
202200006800;5;8;2022;18:15;1;72;72073;1;3;1;6;L Homme Mort;48,0239400000;0,0613640000
202200006801;4;8;2022;19:55;1;50;50596;1;4;1;2;Maison des Champs;49,6495000000; -1,3874800000
202200006802;3;8;2022;15:30;1;60;60021;2;1;7;7;Rue de la Mairie;49,5809122503;3,1187460422
202200006803;21;11;2022;14:38;1;77;77251;1;6;2;4;ALL DU TRAIT D'UNION;48,6189400000;2,5425400000
202200006804;19;9;2022;16:50;1;76;76363;1;1;1;1;D49;49,8707840000;1,7118500000
202200006805;5;8;2022;05:45;2;64;64023;1;1;2;5;RD938;43,2298320000; -0,2586190000
202200006806;2;8;2022;04:58;3;73;73171;1;6;1;3;D1006 - Quai de l Isère;45,5021195083;6,0682528317
202200006807;5;8;2022;03:50;5;36;36088;2;1;1;6;2 Rue de Chantejot;46,9428680000;1,9829040000
202200006808;23;6;2022;07:50;1;16;16208;1;2;1;3;carrefour D75 et D119;45,7611760000; -0,1521890000
202200006809;19;11;2022;21:20;5;76;76351;2;2;1;7;ALBERT ANDRE HUET;49,4948800000;0,1112200000
202200006810;5;8;2022;04:00;3;40;40158;1;1;1;6;D377;44,1103300000; -0,0603820000
202200006811;5;8;2022;08:50;1;30;30083;1;1;1;2;;43,7300117583;4,2119774222
202200006812;22;11;2022;10:25;1;74;74305;2;3;8;3;REPUBLIQUE (RUE DE LA);46,2009600000;6,2436500000
202200006813;11;11;2022;18:20;5;74;74298;2;1;1;6;HUTINS (ROUTE DES);46,1749800000;6,2641300000
202200006814;19;9;2022;08:30;1;76;76057;1;6;1;3;départementale 67;49,5239970000;0,9620550000
202200006815;1;8;2022;16:40;1;35;35131;1;2;1;3;D125;48,1305690000; -1,8172070000
202200006816;22;11;2022;14:50;1;71;71306;2;1;1;6;DE LATTRE DE TASSIGNY (BLD DU MARECHAL);46,6778900000;4,3675000000
202200006817;5;8;2022;14:30;1;01;01332;1;1;1;6;Autoroute A40, PK 198.100;46,2995980000;4,9007180000
202200006818;21;11;2022;08:00;1;71;71270;2;9;1;3;ROCADE (RUE DE LA);46,3194800000;4,8127400000
202200006819;22;11;2022;17:20;2;69;69256;2;1;2;2;Boulevard des Droits de l'Homme;45,7683500000;4,9325000000
202200006820;5;8;2022;07:30;1;06;06088;1;9;1;6;A8 - PK 199+500 - France vers Italie;43,7320650000;7,2793010000
202200006821;22;11;2022;17:00;2;69;69286;2;1;8;6;85 Avenue de l'Ain;45,8184900000;4,8912000000
202200006822;21;11;2022;18:20;5;69;69013;2;9;2;7;Route Départementale 306;46,0217377178;4,7206516564
202200006823;5;8;2022;15:25;1;58;58296;1;1;1;6;RN 7;46,6901340000;3,2164890000
202200006824;4;8;2022;11:30;1;34;34259;2;6;1;3;rue du réservoir;43,6146810000;3,7760300000
202200006825;22;11;2022;17:45;5;69;69290;2;2;2;1;Boulevard de la Cité Berliet;45,7039025777;4,9148261547
202200006826;3;8;2022;20:10;5;971;97107;1;1;1;3;N1;16,0261390000; -61,5741420000
202200006827;22;11;2022;07:10;2;69;69259;2;3;8;6;Boulevard Ambroise Croizat;45,7034140696;4,8874747754
202200006828;3;8;2022;20:25;1;45;45272;1;1;1;1;D14 PK 13 + 640;47,8183890000;1,9913580000
202200006829;17;9;2022;11:30;1;76;76351;2;2;1;3;PAUL BERT (AVENUE).;49,5054900000;0,1711400000
202200006830;2;10;2022;20:40;5;69;69029;2;9;1;7;Avenue Franklin Roosevelt;45,7329329965;4,9105185270
202200006831;5;8;2022;16:00;1;77;77142;2;1;1;1;D33;48,8646510000;2,9044510000
202200006832;5;8;2022;01:15;3;11;11385;1;1;1;6;;43,3824230000;1,9053980000
202200006833;21;11;2022;17:50;4;69;69199;2;3;2;1;Avenue des Frères Perret;45,6894000000;4,8462000000
202200006834;3;8;2022;15:40;1;06;06075;2;1;1;1;457 Avenue Porte des Alpes;43,8557010000;7,1970400000
202200006835;5;8;2022;11:26;1;13;13096;1;1;1;1;D570;43,5776860000;4,4328120000
202200006836;20;11;2022;12:25;1;68;68066;2;2;1;3;NEUF BRISACH (ROUTE DE);48,0800100000;7,3687000000
202200006837;22;11;2022;12:05;1;67;67482;2;1;1;6;PROVENCE (RUE DE);48,5452900000;7,7536300000