Num_Acc;jour;mois;an;hrmn;lum;dep;com;agg;int;atm;col;adr;lat;long
202200006838;4;8;2022;10:40;1;21;21021;2;1;1;3;68 Rue de Genlis;47,3388970000;5,1945460000
202200006839;5;8;2022;06:25;2;51;51250;1;1;2;7;N31;49,3101550000;3,6511300000
202200006840;20;11;2022;07:05;5;67;67482;2;3;2;1;SCHIRMECK (ROUTE DE);48,5721800000;7,7141800000
202200006841;3;8;2022;12:15;1;67;67001;1;1;1;6;Canal de la Bruche;48,5759510000;7,6283850000
202200006842;18;11;2022;21:00;5;67;67482;2;1;3;6;DOUBS (RUE DU);48,5645100000;7,7356800000
202200006843;5;8;2022;12:15;1;86;86294;2;1;1;1;N149;46,6455460000;0,1780820000
202200006844;20;11;2022;04:28;3;66;66136;1;1;1;1;;42,6795220000;2,9178860000
202200006845;4;8;2022;23:55;3;33;33378;1;1;1;7;D130e9;44,8669810000;0,2472840000
202200006846;4;8;2022;23:15;2;56;56046;1;1;1;7;Lieu Dit Kerveurh;47,6059280000; -3,0121850000
202200006847;21;11;2022;08:54;1;66;66136;2;3;2;3;;42,6947000000;2,8845700000
202200006848;5;8;2022;15:00;1;76;76714;1;1;1;6;11 La Mare Heberge;49,5414780000;0,4093100000
202200006849;18;11;2022;10:58;1;66;66136;2;1;1;6;;42,7337600000;2,8902000000
202200006850;4;8;2022;16:52;1;13;13070;1;1;1;2;A50-Sens Aubagne vers Marseille;43,2855700000;5,5152100000
202200006851;16;11;2022;18:35;5;66;66136;2;3;1;2;;42,7243700000;2,8909700000
202200006852;4;8;2022;13:00;1;13;13214;1;1;1;2;A507 sens Marseille - Aubagne;43,3299300000;5,3965100000
202200006853;3;8;2022;04:20;3;13;13026;1;1;1;2;A55-Sens Martigues vers Marseille;43,4022100000;5,1068800000
202200006854;16;11;2022;18:30;5;66;66136;1;1;1;4;;42,6755700000;2,8661400000
202200006855;21;11;2022;17:00;2;64;64129;2;1;3;6;JEAN MERMOZ;43,3152100000; -0,3779800000
202200006856;4;8;2022;15:35;1;91;91377;1;1;1;1;RD 444;48,7303600000;2,2419300000
202200006857;22;11;2022;23:25;5;64;64122;2;1;2;6;Rue Marie Hope Vère;43,4833800000; -1,5567100000
202200006858;4;8;2022;11:00;1;91;91339;1;9;1;2;RN 104;48,6237700000;2,2607500000
202200006859;22;11;2022;10:15;1;64;64122;2;6;3;7;ROND POINT DU MOUSSE;43,4679700000; -1,5398800000
202200006860;22;11;2022;02:00;5;64;64102;2;6;6;7;ROND POINT DE JORLIS ;43,4982000000; -1,4935500000
202200006861;4;8;2022;09:05;1;91;91174;1;1;8;2;RN 104;48,6186900000;2,4554700000
202200006862;4;8;2022;06:40;2;91;91377;1;1;1;2;RD 188;48,7267400000;2,2862100000
202200006863;20;11;2022;23:35;5;64;64024;1;1;2;6;Boulevard d'Aritxague;43,4725810000; -1,4905940000
202200006864;4;8;2022;10:00;1;93;93066;1;1;2;7;AUTOROUTE A86;48,9253606113;2,3393929727
202200006865;20;11;2022;16:20;1;64;64102;2;1;8;6;MAUBEC (RUE);43,4970000000; -1,4683300000
202200006866;4;8;2022;05:05;5;93;93001;1;1;1;6;AUTOROUTE A86;48,9216250938;2,3669528961
202200006867;21;11;2022;07:46;2;63;63224;2;3;1;6;CHAMP-BERNARD (RUE DU);45,8717000000;3,1331100000
202200006868;3;8;2022;13:30;1;95;95491;1;1;1;2; A115;49,0114669493;2,2247636318
202200006869;22;11;2022;17:40;5;61;61117;2;1;1;3;ALENCON (RUE D');48,4351200000;0,0523100000
202200006870;4;8;2022;20:00;1;77;77294;1;1;1;2;A104;48,9653629156;2,6087478900
202200006871;22;11;2022;11:30;1;59;59560;2;1;2;1;EPINETTE ROND POINT DE L;50,5474900000;3,0490800000
202200006872;4;8;2022;12:30;1;94;94073;1;1;1;4;A86 INT;48,7621005260;2,3816766713
202200006873;3;8;2022;13:10;1;77;77249;1;1;1;7;RN104;48,7282852389;2,6050673614
202200006874;17;11;2022;16:00;1;59;59271;2;1;1;6;PAPIN DENIS;51,0178250000;2,3003450000
202200006875;3;8;2022;06:25;2;29;29019;2;3;1;6;rue Gutenberg;48,4013390000; -4,4869700000
202200006876;21;11;2022;11:55;1;59;59178;1;1;8;6;SAINT AMAND (RUE DE);50,3948560000;3,1335580000
202200006877;1;5;2022;06:20;4;78;78646;2;3;1;6;ROYALE (RUE);48,7988300000;2,1276600000
202200006878;21;11;2022;18:15;5;59;59431;2;1;2;6;ARMENTIERES  (RUE D' );50,6965900000;2,8593000000
202200006879;23;4;2022;11:40;1;92;92004;2;1;1;6;VOLTAIRE  ( BD 01 A 15 );48,9112575671;2,2971758991
202200006880;21;11;2022;07:37;1;57;57672;2;3;2;6;10a Avenue Vauban;49,3612585970;6,1577524245
202200006881;14;4;2022;08:51;1;92;92004;2;1;1;3;PIERRE BROSSOLETTE;48,9117693114;2,2944810837
202200006882;21;11;2022;18:30;5;56;56121;2;6;8;7;BIR-HAKEIM ( RD-PT );47,7391900000; -3,3800900000
202200006883;3;8;2022;17:30;1;974;97409;1;3;1;3;Rio (chemin); -20,9509500000;55,6665570000
202200006884;19;11;2022;01:30;3;56;56098;1;1;1;2;N165 sens Lorient/Vannes;47,7805650000; -3,3436930000
202200006885;3;8;2022;18:55;1;69;69388;2;1;1;7;Rue Marius Berliet;45,7398262594;4,8653079743
202200006886;20;11;2022;10:30;1;56;56121;2;1;1;2;Boulevard d'Oradour-sur-Glane;47,7537900000; -3,3711800000
202200006887;3;8;2022;13:30;1;972;97213;1;9;1;7;ROUTE DEPARTEMENTALE 13;14,6304800000; -61,0098000000
202200006888;21;11;2022;11:15;1;54;54395;2;2;1;3;FRANCE (AVENUE ANATOLE);48,6858200000;6,1580400000
202200006889;1;8;2022;15:04;1;972;97213;1;6;1;5;ROUTE NATIONALE 1;14,6195100000; -60,9946000000
202200006890;20;11;2022;18:15;5;54;54395;2;3;3;6;BOUFFLERS (AV. DE 74 A 334 - 53 A 399);48,6927800000;6,1445500000
202200006891;2;8;2022;22:25;3;972;97209;1;9;1;6;RD 41 (ROCADE);14,6117600000; -61,0781800000
202200006892;16;11;2022;20:40;5;54;54395;2;1;2;6;LOBAU (BOULEVARD);48,6860650000;6,1953900000
202200006893;3;8;2022;14:00;1;95;95277;1;1;1;7;RD170;48,9781702010;2,4414002895
202200006894;22;11;2022;17:35;5;51;51058;2;1;1;7;Rue Pierre Salmon;49,2183900000;3,9902600000
202200006895;3;8;2022;14:50;1;91;91477;2;9;1;6;PARIS (RUE DE);48,7144200000;2,2451800000
202200006896;2;8;2022;20:25;1;91;91514;2;1;1;6;RUE DE LA GARE;48,6796600000;2,5341600000
202200006897;21;11;2022;20:15;5;51;51172;2;6;1;3;Place de la Solidarité;49,2169800000;4,0460600000
202200006898;3;8;2022;20:50;1;91;91589;2;3;1;3;RUE FAIDHERBE;48,6785700000;2,3427200000
202200006899;21;11;2022;10:10;1;50;50129;1;9;3;6;Rue des Ajoncs (Tourlaville);49,6318000000; -1,5797800000
202200006900;3;8;2022;16:20;1;91;91589;2;1;1;3;RUE HENRI DUNANT;48,6775800000;2,3391300000
202200006901;21;11;2022;08:20;2;50;50129;2;3;2;3;CORNAT (RUE HENRI);49,6171600000; -1,6009200000
202200006902;3;8;2022;14:45;1;91;91687;2;6;1;2;AMEDEE GORDINI (PLACE);48,6704950000;2,3777590000
202200006903;2;8;2022;20:45;1;91;91479;2;1;1;6;AV DE MORANGIS;48,7057400000;2,3651400000
202200006904;20;11;2022;20:15;4;50;50129;2;3;2;3;GOUBERT (RUE JEAN);49,6479800000; -1,5869000000
202200006905;31;7;2022;14:30;1;88;88383;1;1;1;1;RN 57;47,9931500000;6,5463900000
202200006906;21;11;2022;16:46;1;49;49007;2;1;2;2;Square du Pâtis;47,4659800000; -0,5960500000
202200006907;2;8;2022;16:14;1;87;87085;2;1;1;6;VIGENAL (BOULEVARD DU);45,8524300000;1,2548600000
202200006908;21;11;2022;11:03;1;49;49007;2;1;2;4;LARREY;47,4813000000; -0,5555700000
202200006909;1;8;2022;11:05;1;87;87085;2;3;1;3;THIMONNIER (RUE);45,8795100000;1,2679600000
202200006910;21;11;2022;13:27;1;49;49007;1;1;2;6;BARANGE BOULEVARD;47,4567700000; -0,5716200000
202200006911;2;8;2022;21:10;1;85;85194;2;6;1;1;la petite bardiniere;46,5190300000; -1,7571300000
202200006912;21;11;2022;10:15;1;49;49015;1;1;2;4;D775;47,5090600000; -0,6182900000
202200006913;2;8;2022;20:20;1;85;85194;2;1;1;3;STRASBOURG (PLACE DE);46,4912800000; -1,7730600000
202200006914;22;11;2022;11:33;1;47;47001;2;1;2;3;LACOUR (BD EDOUARD);44,1903600000;0,6299800000
202200006915;3;8;2022;02:00;3;84;84087;1;1;1;6;LAURIOL (CHEMIN);44,1530100000;4,8009600000
202200006916;21;11;2022;18:50;5;45;45232;2;1;2;2;Avenue de Sologne;47,8644700000;1,9130700000
202200006917;21;11;2022;07:10;3;45;45284;1;1;1;7;D2060 PR 91 + 500;47,9250335673;1,9804500576
202200006918;3;11;2022;13:50;1;40;40192;1;1;1;6;CANENX (AV DE) R.D. 53;43,9124400000; -0,4806600000
202200006919;22;11;2022;20:40;5;37;37261;2;1;1;1;MALRAUX (QUAI ANDRE);47,3968386164;0,6869137287
202200006920;2;8;2022;07:50;1;77;77269;1;2;7;3;D408;48,5424900000;2,7041500000
202200006921;21;11;2022;10:30;1;37;37261;2;1;2;6;GRAMMONT (AVENUE DE);47,3774800000;0,6941000000
202200006922;2;8;2022;17:15;1;76;76351;2;1;1;2;SALVADOR ALLENDE (RUE);49,5043800000;0,1472200000
202200006923;21;11;2022;16:45;1;35;35238;2;1;2;6;STRASBOURG (BOULEVARD DE);48,1129500000; -1,6564100000
202200006924;21;11;2022;12:20;1;35;35238;2;6;7;3;MONTS D'ARREE (AVENUE DES);48,1366200000; -1,6668400000
202200006925;2;8;2022;12:58;1;76;76351;2;2;1;3;ETRETAT (D');49,4989200000;0,0946800000
202200006926;3;8;2022;17:05;1;73;73065;2;3;1;3;CHAMPAGNE (RUE DE);45,5896300000;5,9162700000
202200006927;22;11;2022;11:00;1;33;33281;2;3;2;3;Rue Prosper Mérimée;44,8380717003; -0,6610545516
202200006928;3;8;2022;17:45;1;72;72181;2;1;1;3;DEMORIEUX PAIRS-ROCADE A RP D'ALLONNES;47,9767900000;0,1691700000
202200006929;22;11;2022;06:45;5;33;33063;2;2;2;3;Rue Millière;44,8280400000; -0,5764200000
202200006930;3;8;2022;19:40;1;69;69286;2;1;1;6;Route de Genève;45,8079873546;4,9182540178
202200006931;21;11;2022;11:45;1;33;33318;2;1;2;6;Avenue de Noès;44,8122000000; -0,6465300000
202200006932;3;8;2022;19:00;1;69;69256;2;3;1;3;Chemin Maurice Ferréol;45,7869100000;4,9169600000
202200006933;21;11;2022;08:50;1;33;33032;2;1;3;3;Avenue de la République;44,8986200000; -0,5173000000
202200006934;22;11;2022;00:25;5;32;32013;2;6;3;7;VERDUN (PLACE DE);43,6480300000;0,5927800000
202200006935;3;8;2022;09:20;1;69;69282;2;1;1;3;Avenue Lionel Terray;45,7712100000;5,0218700000
202200006936;22;10;2022;07:10;5;30;30189;2;4;1;7;ALLENDE SALVADOR (RUE);43,8143000000;4,3397000000
202200006937;19;10;2022;21:30;5;30;30189;2;1;1;2;BIR HAKEIM (AVENUE);43,8423000000;4,3854000000
202200006938;2;8;2022;17:50;1;67;67365;2;3;1;3;MULHOUSE (RUE DE);48,5391100000;7,7102300000
202200006939;21;11;2022;12:45;1;29;29051;2;1;2;1;Avenue Per Jakez Helias;47,9978312869; -4,0525370594
202200006940;2;8;2022;17:40;1;67;67482;1;3;1;3;MOLIERE (AVENUE);48,5976860000;7,7013550000
202200006941;21;11;2022;18:20;5;29;29019;2;2;2;1;rue Marcellin Duval;48,4133000000; -4,4866600000
202200006942;2;8;2022;10:40;1;66;66136;2;2;1;3;;42,6782000000;2,9049000000
202200006943;21;11;2022;12:45;1;29;29019;2;3;1;3;rue de Gouesnou;48,4070426181; -4,4679763913
202200006944;22;11;2022;12:35;1;27;27229;2;1;2;2;POTIER (CHEMIN);49,0050007146;1,1392500000
202200006945;1;8;2022;15:50;1;66;66136;2;1;1;4;;42,6736400000;2,8886700000
202200006946;2;8;2022;18:15;1;64;64024;2;1;1;6;Avenue de l' Adour;43,5189200000; -1,5018600000
202200006947;21;11;2022;15:25;1;27;27306;2;1;2;5;CARAVELLES (RUE DES);49,0077800000;1,1708800000
202200006948;21;11;2022;07:00;5;27;27229;2;1;1;2;BROSSOLETTE (RUE PIERRE);49,0231700000;1,1691000000
202200006949;2;8;2022;20:24;1;63;63113;2;2;1;3;SABLON (COURS);45,7749000000;3,0901400000
202200006950;22;11;2022;07:50;1;25;25056;2;1;2;3;OUEST BOULEVARD;47,2239000000;5,9789100000
202200006951;3;8;2022;15:50;1;59;59090;2;1;1;3;GAULLE (AVENUE DU GENERAL DE);50,7070762416;3,1026721001
202200006952;21;11;2022;20:55;5;25;25056;2;9;2;3;BRULARD  RUE GENERAL;47,2284300000;6,0052840000
202200006953;2;8;2022;21:00;2;59;59599;2;1;1;6;SPEYBROCK (RUE ROGER);50,7315433336;3,1755691767
202200006954;21;11;2022;18:00;5;25;25056;1;1;2;4;RN 1057 (ROUTE DE GRAY-CH.EPITAPHE);47,2479130000;5,9834490000
202200006955;3;8;2022;16:55;1;59;59350;2;3;1;3;STRASBOURG BOULEVARD;50,6180300000;3,0558100000
202200006956;21;11;2022;18:20;5;25;25056;2;2;2;6;BLUM BOULEVARD LEON (sup 90);47,2634800000;6,0474200000
202200006957;3;8;2022;09:15;1;59;59378;2;3;1;6;DE GAULLE RUE DU GENERAL;50,6482552453;3,1181296706
202200006958;22;11;2022;18:55;3;22;22360;2;1;1;2;RD700;48,4777600000; -2,7723400000
202200006959;3;8;2022;09:55;1;59;59009;2;2;1;3;SCIENCES PONT DES;50,6203000000;3,1351300000
202200006960;21;11;2022;17:10;5;21;21223;2;3;2;3;TROYES (DE) (ROUTE);47,3431000000;5,0001000000
202200006961;3;8;2022;12:15;1;59;59122;2;7;1;3;PORTE DE PARIS (PLACE DE LA);50,1702923879;3,2316327095
202200006962;14;11;2022;15:15;1;19;19031;2;3;2;3;RIBOT (AVENUE);45,1645800000;1,5027400000
202200006963;3;8;2022;11:10;1;56;56260;2;1;1;6;186 Avenue du Marechal Juin;47,6331100000; -2,7786320000
202200006964;21;11;2022;13:25;1;18;18279;2;3;3;3;1 Rue de Wittelsheim;47,2229500000;2,0719600000
202200006965;2;8;2022;10:35;1;56;56121;2;3;1;6;LE CORRE ( PONT  FRANCOIS );47,7443900000; -3,3592000000
202200006966;22;11;2022;19:48;5;17;17306;2;1;3;6;THIERS  (BD);45,6211200000; -1,0310800000
202200006967;3;8;2022;15:55;1;54;54547;2;4;1;6;HUITIEME REGIMENT D'ARTILLERIE;48,6672790000;6,1891000000
202200006968;18;11;2022;08:43;1;17;17306;2;1;1;2;31 Rue André Marie Ampère;45,6312500000; -1,0045100000
202200006969;3;8;2022;09:13;1;54;54395;2;2;1;3;AUSTRASIE (BOULEVARD);48,6876690000;6,2055600000
202200006970;3;8;2022;07:05;2;54;54184;2;6;1;3;SAULXURES (AVENUE DE);48,7083489000;6,2441390000
202200006971;22;11;2022;14:45;1;13;13206;2;4;1;3;GOUFFE (COURS);43,2862394688;5,3861814737
202200006972;3;8;2022;17:19;1;51;51454;2;1;1;5;rue du Colonel Fabien;49,2501700000;4,0195300000
202200006973;21;11;2022;18:40;5;13;13214;2;1;2;3;GAY LUSSAC (BOULEVARD);43,3344000000;5,3746100000
202200006974;2;8;2022;20:25;1;49;49007;2;2;1;1;ROMANERIE BOULEVARD;47,4862900000; -0,5143700000
202200006975;2;8;2022;15:34;1;49;49007;2;1;1;3;HOTELLERIE RUE ET SQUARE;47,4875100000; -0,5205400000
202200006976;21;11;2022;14:30;1;13;13215;2;1;2;3;BOSPHORE (BOULEVARD DU);43,3709700000;5,3640000000
202200006977;2;8;2022;21:20;2;36;36044;2;2;1;3;2 Avenue John Kennedy;46,8042900000;1,6917900000
202200006978;29;6;2022;08:33;1;35;35051;2;1;1;3;ALLIES (BOULEVARD DES);48,1352421771; -1,6232293099
202200006979;22;11;2022;16:30;1;13;13001;2;3;1;3;CLUB HIPPIQUE (AV);43,5141086684;5,4309395753
202200006980;3;8;2022;07:45;1;35;35051;1;1;1;6;N136;48,1277320000; -1,5742840000
202200006981;3;8;2022;12:30;1;33;33529;1;1;1;7;CAZAUX (BD DE);44,5977500000; -1,1300500000
202200006982;21;11;2022;06:45;3;13;13001;1;1;8;2;GARDANNE (ROUTE DE );43,4748032065;5,4341296189
202200006983;3;8;2022;09:45;1;25;25462;2;6;1;3;CHATEAU CHASTAIN (DU 0 AU 30);46,9058680000;6,3576460000
202200006984;20;11;2022;05:30;3;11;11262;1;1;1;6;;43,1806140000;2,9673680000
202200006985;3;8;2022;22:30;5;25;25056;2;4;1;6;Rue de l'Epitaphe;47,2526420000;5,9893100000
202200006986;1;8;2022;16:00;1;19;19031;2;1;1;3;ALVITRE (AVENUE ABBE);45,1531640000;1,5074170000
202200006987;21;11;2022;11:20;1;11;11069;2;3;2;3;26 Avenue d’Alexandrie;43,2259940000;2,3547960000
202200006988;19;5;2022;10:08;1;18;18033;2;6;1;3;98 Avenue François Mitterrand;47,0836100000;2,4357200000
202200006989;4;8;2022;00:37;5;14;14118;2;1;1;1;Rue de Geôle;49,1848800000; -0,3630200000
202200006990;20;11;2022;18:04;5;11;11069;2;2;8;3;VERDUN;43,2126300000;2,3513500000
202200006991;3;8;2022;22:15;3;14;14301;1;1;1;2;D230;49,1660900000; -0,2828400000
202200006992;21;11;2022;18:35;5;10;10333;2;1;2;1;;48,2894955364;4,0674655164
202200006993;28;10;2022;09:30;1;08;08409;2;1;1;6;13 Rue Gambetta;49,7009300000;4,9458100000
202200006994;29;8;2022;17:30;1;08;08409;2;9;1;2;MIRBRITZ (RUE DE);49,7000000000;4,9400000000
202200006995;2;6;2022;09:18;1;93;93007;2;1;1;3;Avenue Aristide Briand;48,9441980000;2,4469270000
202200006996;2;8;2022;15:36;1;10;10387;2;1;1;3;CHOMEDEY DE MAISONNEUVE (AVE);48,3056000000;4,0713489000
202200006997;22;11;2022;08:20;1;07;07102;2;1;8;7;BLANCHE (RUE PIERRE);44,9379700000;4,8683300000
202200006998;2;8;2022;16:40;1;06;06083;2;1;1;6;GREVILLE (RUE HENRI);43,7763700000;7,4983300000
202200006999;21;11;2022;19:45;5;05;05061;2;1;1;6;FAUVINS ( ROUTE  DES );44,5640100000;6,0939500000
202200007000;4;6;2022;14:40;1;93;93005;1;6;1;4;Carrefour Jean Monnet;48,9545870000;2,5087900000
202200007001;19;11;2022;11:35;1;05;05023;2;1;1;3;BARRY (CHEMIN DU);44,9006528027;6,6410583258
202200007002;3;6;2022;08:15;1;93;93005;2;6;1;3;Carrefour de l’Europe / Rue Jacques Duclos;48,9511870000;2,4857760000
202200007003;22;11;2022;18:35;5;04;04112;2;9;1;4;MISTRAL (AVENUE F.);43,8117400000;5,7828400000
202200007004;2;8;2022;14:41;1;05;05023;1;1;7;6;R N  94;44,8724200000;6,6107200000
202200007005;12;11;2022;14:35;1;02;02157;2;1;1;6;;49,5852900000;3,6513100000
202200007006;1;8;2022;18:20;1;04;04112;2;1;1;6;LIBERATION (AV. DE LA);43,8201700000;5,7939400000
202200007007;22;11;2022;17:35;5;75;75116;2;1;2;5;PORTE DAUPHINE;48,8697840000;2,2716840000
202200007008;2;6;2022;22:40;5;93;93005;2;1;1;4;Rue Jean Charcot;48,9338300000;2,4907100000
202200007009;4;6;2022;12:00;1;93;93001;2;3;1;1;Avenue de la République;48,9109409195;2,3849789501
202200007010;3;8;2022;09:50;1;75;75119;2;1;1;6;PORTE DE LA VILLETTE;48,8999070000;2,3914750000
202200007011;22;11;2022;08:15;1;75;75120;2;2;2;3;RUE DES PYRENEES;48,8640610000;2,3991260000
202200007012;22;11;2022;18:50;5;75;75119;2;1;1;6;AVENUE DE FLANDRE;48,8850490000;2,3696930000
202200007013;2;6;2022;10:45;1;92;92075;2;1;1;3;LYCEE (BOULEVARD DU);48,8239354649;2,2829200923
202200007014;2;8;2022;19:40;1;75;75116;2;1;1;4;PORTE DE SAINT CLOUD;48,8432210000;2,2543640000
202200007015;22;11;2022;08:30;1;75;75119;2;2;2;6;RUE MANIN;48,8847670000;2,3922520000
202200007016;5;6;2022;12:00;1;92;92073;2;7;1;6;HENRI IV (PLACE);48,8701876479;2,2276598811
202200007017;4;6;2022;20:40;1;92;92072;2;1;8;7;SEVRES (PONT DE);48,8279555506;2,2253732979
202200007018;2;6;2022;12:35;1;92;92072;2;1;1;7;PAVE DES GARDES (ROUTE DU);48,8114355756;2,2107397020
202200007019;22;11;2022;21:00;3;75;75117;2;7;1;2;AVENUE CARNOT;48,8743200000;2,2944920000
202200007020;22;11;2022;16:18;1;75;75117;2;5;1;3;PLACE GENERAL CATROUX;48,8828910000;2,3090490000
202200007021;2;6;2022;15:15;1;92;92064;2;2;1;3;GENERAL LECLERC;48,8406667329;2,2071907371
202200007022;2;6;2022;08:55;1;92;92064;2;3;1;3;MARCEL DASSAULT;48,8541262289;2,2226192728
202200007023;21;11;2022;22:40;5;75;75116;2;7;1;4;PLACE DE BARCELONE;48,8474270000;2,2737190000
202200007024;4;6;2022;14:55;1;92;92063;2;3;1;2;BELIN (AVENUE EDOUARD);48,8881700000;2,1687000000
202200007025;22;11;2022;16:30;2;75;75116;2;3;1;3;AVENUE MOZART;48,8567400000;2,2721250000
202200007026;2;6;2022;14:31;1;92;92063;2;1;1;1;DRIANT (RUE DU LIEUTENANT COLONEL);48,8786684771;2,2004418969
202200007027;22;11;2022;19:50;5;75;75115;2;4;1;3;BOULEVARD GARIBALDI;48,8472340000;2,3035260000
202200007028;3;6;2022;19:25;1;92;92062;2;1;1;2;REPUBLIQUE (RUE DE LA ) N°129 AU 45;48,8845000000;2,2382800000
202200007029;3;6;2022;15:10;1;92;92062;2;1;2;3;DE DION BOUTON (QUAI) DU 29 AU 65;48,8796477135;2,2437963858
202200007030;22;11;2022;18:10;5;75;75115;2;3;1;3;RUE DE VAUGIRARD;48,8392660000;2,3004120000
202200007031;22;11;2022;08:45;1;75;75113;2;2;2;3;RUE MAX JACOB;48,8202320000;2,3528440000
202200007032;5;6;2022;02:12;5;92;92050;2;1;9;1;VAILLANT COUTURIER PAUL RUE;48,8831000000;2,2039600000
202200007033;3;6;2022;13:45;1;92;92050;2;1;8;6;CLEMENCEAU GEORGES AVENUE N° PAIR;48,8860057021;2,2144569754
202200007034;22;11;2022;07:00;5;75;75108;2;4;2;6;AVENUE GEORGE V;48,8675730000;2,3012190000
202200007035;2;6;2022;09:20;1;92;92049;2;1;1;3;REPUBLIQUE AVENUE DE LA N°1 A 79;48,8164135810;2,3183273971
202200007036;22;11;2022;16:10;1;75;75107;2;2;9;3;PONT ALEXANDRE III;48,8628500000;2,3134440000
202200007037;4;6;2022;13:40;1;92;92044;2;3;1;6;GABRIEL PERI(RUE) 25A49 ET 38A46;48,8903010000;2,2893250000
202200007038;21;11;2022;16:00;1;75;75107;2;3;2;7;AVENUE DE LA MOTTE PICQUET;48,8556980000;2,3076410000
202200007039;3;6;2022;18:20;1;92;92040;2;7;1;3;PDT ROBERT SCHUMANN (PLACE DU);48,8277245007;2,2674906850
202200007040;22;11;2022;17:55;5;75;75102;2;5;1;2;RUE DU QUATRE SEPTEMBRE;48,8689120000;2,3400810000
202200007041;4;6;2022;17:50;2;92;92025;2;3;2;3;ESTIENNE D'ORVES (RUE);48,9099800000;2,2334320000
202200007042;21;11;2022;09:08;1;75;75102;2;2;1;3;BOULEVARD DES ITALIENS;48,8712850000;2,3359240000
202200007043;22;11;2022;10:10;1;94;94067;2;1;2;3;LAC (R DU);48,8412400000;2,4183900000
202200007044;3;6;2022;15:25;1;92;92025;2;2;2;6;SAINT DENIS (RUE);48,9240219308;2,2525965124
202200007045;21;11;2022;21:45;5;94;94068;2;2;8;3;BAC (AV DU);48,7956300000;2,5083000000
202200007046;22;11;2022;17:45;5;94;94046;2;2;8;3;GAMBETTA (AV);48,8100400000;2,4400800000
202200007047;2;6;2022;19:00;1;92;92004;1;1;1;2;HOTEL DE VILLE   ( PLACE );48,9102500000;2,2888100000
202200007048;21;11;2022;09:05;1;94;94046;2;3;1;3;GENERAL DE GAULLE (AV DU);48,8117800000;2,4225300000
202200007049;22;11;2022;17:20;5;94;94076;2;9;1;3;CHEVILLY (R DE);48,7801100000;2,3554200000
202200007050;2;6;2022;14:10;1;92;92004;2;1;1;1;CHEVREUIL ( AVENUE );48,9086607106;2,2655440047
202200007051;21;11;2022;15:08;1;94;94028;2;1;2;2;VERDUN.(AVENUE DE);48,7991600000;2,4657800000
202200007052;22;11;2022;09:14;1;94;94001;2;3;2;6;Rue du Bac / Place de la Victoire;48,7245474699;2,4186448939
202200007053;21;11;2022;20:10;5;94;94079;2;3;2;6;Route de Bry / Boulevard Aristide Briand;48,8311700000;2,5352100000
202200007054;3;6;2022;18:15;1;92;92002;2;3;1;6;ARISTIDE BRIAND (AVENUE);48,7554413914;2,3058095276
202200007055;22;11;2022;18:30;3;93;93073;1;1;1;1;D40 - Circuit Carole;48,9772500000;2,5436200000
202200007056;22;11;2022;09:30;1;93;93066;2;9;2;3;EINSTEIN ALBERT;48,9403908431;2,3507577327
202200007057;3;6;2022;10:00;1;92;92002;2;3;1;3;ARISTIDE BRIAND (AVENUE);48,7563365470;2,3061816841
202200007058;22;11;2022;08:25;1;93;93033;2;1;2;6;Promenade Marx Dormoy;48,8659345417;2,5749447942
202200007059;2;6;2022;16:55;1;92;92014;2;1;1;3;MARECHAL JOFFRE (BD DU) (43 A 97 - 58 A;48,7820300000;2,3145500000
202200007060;22;11;2022;08:45;2;93;93007;2;1;2;6;Rue Pierre Sémard;48,9325240000;2,4776520000
202200007061;2;6;2022;08:37;1;92;92002;2;1;1;3;PRESIDENT KENNEDY (2 A 48);48,7396047030;2,3004292175
202200007062;22;11;2022;09:00;1;92;92048;2;4;2;6;JACQUEMINOT (AVENUE) N°10 A 50;48,8098609471;2,2320726514
202200007063;22;11;2022;16:00;1;92;92044;2;6;8;3;ANDRE MALRAUX(AVENUE);48,8964933940;2,2733625769
202200007064;22;11;2022;16:40;1;92;92004;2;1;1;6;HOTEL DE VILLE   ( PLACE );48,9104060000;2,2895250000
202200007065;27;2;2022;17:10;1;37;37046;1;1;1;6;D511;47,2379270000;1,1668460000
202200007066;22;11;2022;08:00;2;92;92002;2;2;3;3;DOCTEUR TENINE (AVENUE DU);48,7632502681;2,3091217875
202200007067;5;6;2022;05:40;1;13;13117;1;1;1;6;A7-Sens Marseille vers Lyon;43,4558600000;5,2362700000
202200007068;23;11;2022;11:00;1;16;16057;1;1;3;6;D95;45,6064900000; -0,1392060000
202200007069;22;11;2022;17:15;2;10;10282;2;9;1;1;Rue des Maupas;48,3847370000;3,9759670000
202200007070;23;11;2022;15:15;1;67;67534;1;1;1;1;Rue du General Leclerc;48,7490668152;7,4970873649
202200007071;4;6;2022;17:00;1;13;13214;1;1;1;4;A507 sens Marseille - Aubagne;43,3344784818;5,3826825320
202200007072;22;11;2022;17:20;5;06;06033;2;6;1;2;Rond point de la manda;43,7660970000;7,2009100000
202200007073;30;12;2022;20:30;3;30;30036;1;1;1;1;;43,7624320000;4,2794540000
202200007074;31;5;2022;09:54;1;13;13117;1;1;1;2;A7-Sens Lyon vers Marseille;43,4392300000;5,2502200000
202200007075;23;11;2022;16:35;1;68;68315;2;2;2;6;rue de la marne;47,8888320000;7,2273380000
202200007076;23;11;2022;11:15;1;30;30014;1;1;1;6;D982;43,9935400000;4,3474320000
202200007077;4;6;2022;06:30;2;13;13214;1;1;1;2;A507 sens Marseille - Aubagne;43,3330000000;5,3860000000
202200007078;23;11;2022;02:40;3;50;50592;1;1;8;7;La Bénouvière - Pont Farcy;48,9255090000; -1,0655830000