Num_Acc;jour;mois;an;hrmn;lum;dep;com;agg;int;atm;col;adr;lat;long
202200007079;23;11;2022;07:45;1;95;95352;1;1;2;6;RD 922;49,1177953987;2,4038526783
202200007080;5;6;2022;07:30;1;69;69142;2;1;1;2;Route de Métropole 7 ;45,7197000000;4,8185700000
202200007081;22;11;2022;19:50;4;56;56197;1;2;1;6;Le Faux;47,8823230000; -2,4366580000
202200007082;22;5;2022;20:35;5;42;42218;1;1;1;6;RN88;45,4198400000;4,4100500000
202200007083;30;12;2022;00:40;5;987;98738;2;1;1;1;RT1 - PK 07+500; -17,6180000000; -149,5490000000
202200007084;21;11;2022;15:30;1;2A;2A001;2;1;1;3;T22;41,9548949085;8,7944807158
202200007085;31;12;2022;09:00;1;06;06029;1;1;1;6;A8, PK 162.200 chaussée nord;43,5603360000;6,9663190000
202200007086;20;11;2022;06:15;4;2A;2A271;1;6;1;6;rond point de la caldaniccia;41,9530310000;8,8115560000
202200007087;5;6;2022;20:05;1;94;94043;1;1;1;4;AUTOROUTE A6B;48,8055355390;2,3452217156
202200007088;30;12;2022;20:40;3;51;51572;1;1;2;7;A4;49,0401162371;4,6370834112
202200007089;7;11;2022;14:36;1;61;61483;1;1;1;4;D916;48,5567420000; -0,4007430000
202200007090;5;6;2022;15:10;1;94;94038;1;1;1;2; A6A;48,7773036134;2,3463835834
202200007091;22;11;2022;16:00;1;68;68042;2;6;1;3;Rue du 19 Novembre;47,6079030000;7,5036780000
202200007092;30;12;2022;20:15;3;95;95371;1;1;2;3;RD 9;49,0717794755;2,5039690264
202200007093;23;11;2022;17:00;2;39;39434;1;1;1;6;RN5;46,8161060000;5,7753660000
202200007094;5;6;2022;22:30;3;95;95582;1;1;2;6; A115;48,9772000000;2,2410600000
202200007095;18;11;2022;09:05;1;25;25578;2;6;2;3;Residence le Chanois;47,1547200000;6,3287770000
202200007096;5;6;2022;18:30;1;95;95580;1;1;1;6; A1;49,0889510390;2,5506520271
202200007097;22;11;2022;19:55;5;01;01291;2;1;2;6;D80;46,2539440000;4,9574630000
202200007098;5;6;2022;06:55;2;95;95527;1;1;8;2; A1;48,9943500000;2,5155700000
202200007099;31;12;2022;09:40;1;976;97607;1;1;1;2;RN3 - route de l'Est PK 005.000; -12,8513640000;45,1936100000
202200007100;4;6;2022;21:10;2;95;95212;1;1;2;6;RN 104;49,0334100000;2,5423900000
202200007101;9;12;2022;21:45;3;77;77142;1;1;1;7;D21;48,8624720000;2,9360840000
202200007102;22;11;2022;12:25;1;70;70575;2;2;1;3;D15b Intersection rue des savourots;47,3476340000;6,0205610000
202200007103;23;11;2022;08:45;1;58;58095;2;1;8;6;Avenue de Verdun;46,8296570000;3,4721090000
202200007104;18;12;2022;11:30;1;66;66037;1;3;1;3;RD81A;42,6409990000;3,0328700000
202200007105;4;6;2022;20:00;1;92;92036;1;1;3;2;AUTOROUTE A86;48,9338406446;2,2766638113
202200007106;22;11;2022;22:00;3;50;50410;1;1;8;3;Rue de Beau Seuil - les Pas;48,5884170000; -1,4845280000
202200007107;30;12;2022;20:50;3;11;11076;2;1;1;6;D6313;43,3015590000;1,9723140000
202200007108;4;6;2022;15:50;3;93;93001;1;1;1;3;AUTOROUTE A86;48,9209454040;2,3717513176
202200007109;22;11;2022;18:15;3;85;85051;1;1;1;4;16 Route de Saint Mars;46,6840730000; -1,0323870000
202200007110;31;12;2022;10:30;1;84;84140;1;1;1;7;RD 56;43,7750180000;5,4043080000
202200007111;22;11;2022;16:15;1;30;30106;1;1;2;7;Ancien Chemin de Sauve;43,9876240000;3,9658500000
202200007112;30;4;2022;13:30;1;93;93007;1;1;1;7;AUTOROUTE A1;48,9476360000;2,4438370000
202200007113;31;12;2022;00:00;4;83;83150;2;1;1;1;Rue Saint André;43,7291540000;5,8127280000
202200007114;4;6;2022;06:00;1;93;93001;1;1;1;7;AUTOROUTE A86;48,9212735683;2,3755162197
202200007115;23;11;2022;08:45;1;95;95394;2;1;8;3;31 Avenue de la Liberation;49,0542116271;2,1944370354
202200007116;31;12;2022;16:15;2;70;70026;1;1;1;2;D2;47,4643590000;5,6070290000
202200007117;5;6;2022;13:00;1;77;77373;1;1;2;2;RN104;48,7729790000;2,6117200000
202200007118;12;11;2022;17:00;1;35;35047;1;1;1;1;Champcors;48,0651390000; -1,7605590000
202200007119;29;4;2022;18:10;1;93;93007;1;1;1;4;AUTOROUTE A1;48,9462300000;2,4411600000
202200007120;31;12;2022;20:25;3;89;89037;1;1;1;6;;47,9663210000;3,3359600000
202200007121;21;11;2022;22:44;3;95;95351;1;1;2;6;RD 317;49,0284443192;2,4997589695
202200007122;29;4;2022;22:00;3;95;95028;1;1;1;6;RN 104;49,0637400000;2,3336200000
202200007123;5;6;2022;04:45;3;77;77363;1;1;1;2;A104;48,9265820000;2,6288950000
202200007124;30;12;2022;17:20;5;88;88513;2;1;2;1;rue de lorraine;48,3435360000;6,3299700000
202200007125;29;4;2022;18:00;1;93;93007;1;1;1;3;AUTOROUTE A3;48,9373437166;2,4799919128
202200007126;20;11;2022;13:40;1;83;83001;2;1;1;3;420 route départementale 837;43,5337759346;6,8190920949
202200007127;4;6;2022;03:20;3;94;94017;1;1;1;3;A4;48,8264802908;2,5222880130
202200007128;30;12;2022;00:44;5;38;38382;2;3;2;2;Route de Grenoble;45,2282610000;5,6841050000
202200007129;13;11;2022;11:00;1;13;13004;1;3;1;3;D83;43,6662260000;4,7251870000
202200007130;29;4;2022;17:50;1;93;93005;1;1;1;4;AUTOROUTE A3;48,9450884284;2,4771487713
202200007131;19;12;2022;07:25;3;33;33023;1;1;1;6;Beautiran;44,6957101621; -0,4880185425
202200007132;4;6;2022;01:20;3;94;94018;1;1;1;4;A4;48,8205076244;2,4018322324
202200007133;23;11;2022;13:25;1;71;71372;2;3;2;3;220 rue de la Gare;46,1813010000;4,7452030000
202200007134;30;12;2022;16:38;2;94;94034;1;1;2;2;AUTOROUTE A86;48,7603900000;2,3192300000
202200007135;29;4;2022;13:15;1;93;93007;1;1;1;4;AUTOROUTE A1;48,9462300000;2,4411600000
202200007136;30;12;2022;10:37;1;91;91659;1;1;2;3;AUTOROUTE A6;48,5785800000;2,4630000000
202200007137;16;10;2022;19:30;3;67;67551;2;9;2;3;Route de Wasselonne;48,5916570000;7,6717720000
202200007138;4;6;2022;14:05;1;59;59036;2;3;1;3;Route de Landrecies;50,1194710000;3,9254080000
202200007139;30;12;2022;07:00;5;91;91340;1;1;1;7;AUTOROUTE A6;48,6096800000;2,4329900000
202200007140;30;4;2022;16:45;1;77;77294;1;1;1;2;A104;48,9587380000;2,6231900000
202200007141;17;11;2022;13:10;1;67;67313;2;1;2;3;11 Rue du 18 Novembre;48,5390610000;7,4522060000
202200007142;4;6;2022;02:45;3;13;13043;1;1;1;2;A55-Sens Marseille vers Martigues;43,3915800000;5,2625600000
202200007143;27;4;2022;16:00;1;974;97411;2;6;1;3;PALMIERS (ROUTE DES); -20,8892600000;55,4233300000
202200007144;30;12;2022;13:00;1;92;92050;1;1;2;4;A14;48,8955649122;2,2262703777
202200007145;23;11;2022;17:50;5;54;54111;2;3;2;6;Route de Maron;48,6205590030;6,0818177469
202200007146;29;4;2022;17:52;2;973;97302;2;1;1;6;MONTABO (ROUTE DE) 1;4,9441700000; -52,3093100000
202200007147;3;6;2022;22:28;5;13;13214;1;1;1;3;A507 sens Marseille - Aubagne;43,3325710913;5,3853964805
202200007148;30;12;2022;08:59;1;78;78242;1;1;3;2;A12 Y;48,8207890000;2,0689200000
202200007149;22;11;2022;19:40;5;42;42056;2;1;1;6;Route Departementale 1086;45,4085360000;4,7365450000
202200007150;4;6;2022;21:35;1;33;33281;1;1;1;6;ROCADE A 630;44,8129630000; -0,6722840000
202200007151;29;4;2022;21:36;5;69;69387;2;1;1;6;Allée Pierre de Coubertin;45,7234000000;4,8282800000
202200007152;30;12;2022;10:00;1;95;95582;1;1;3;3; A115;48,9805970000;2,2410660000
202200007153;29;4;2022;12:30;1;69;69387;2;3;1;6;Rue Crépet;45,7405145129;4,8318423308
202200007154;4;6;2022;06:39;1;33;33065;1;1;1;2;ROUTE NATIONALE 230;44,8102900000; -0,5237900000
202200007155;29;12;2022;22:45;5;93;93063;1;1;1;2;AUTOROUTE A3;48,8751781051;2,4401664734
202200007156;22;11;2022;08:00;1;69;69204;2;1;8;3;120 Avenue Maréchal Foch;45,6843160000;4,7835860000
202200007157;29;4;2022;10:40;1;69;69388;2;2;1;6;Cours Albert Thomas;45,7476137112;4,8652507350
202200007158;3;6;2022;23:26;3;33;33167;1;1;1;6;ROUTE NATIONALE 230;44,8230500000; -0,5126300000
202200007159;28;12;2022;22:35;3;77;77373;1;1;2;6;N104;48,7610946050;2,6158292368
202200007160;17;10;2022;17:42;1;33;33056;2;1;1;3;Rue Dupaty;44,9084330000; -0,6287370000
202200007161;29;12;2022;16:00;1;75;75115;2;1;1;2;PORTE DE SEVRES;48,8323730000;2,2805420000
202200007162;28;4;2022;22:25;5;972;97209;2;6;1;3;BISHOP (Avenue Maurice);14,6072800000; -61,0570100000
202200007163;4;6;2022;03:50;3;93;93005;1;1;1;2;AUTOROUTE A3;48,9450766843;2,4770200253
202200007164;10;11;2022;15:40;1;33;33019;2;1;1;6;Allée Ernest de Boissière;44,6823320000; -1,0141970000
202200007165;29;12;2022;12:45;1;75;75116;2;3;1;7;ROUTE DES TRIBUNES;48,8555190000;2,2286720000
202200007166;3;6;2022;10:45;1;93;93005;1;1;1;2;AUTOROUTE A3;48,9296900000;2,4811200000
202200007167;29;4;2022;22:50;5;69;69382;2;2;1;3;Place Antonin Gourju;45,7591400000;4,8298000000
202200007168;23;11;2022;11:13;1;85;85214;1;2;1;3;Route de la Girardière;46,5346240000; -1,7055900000
202200007169;29;4;2022;22:00;5;69;69034;2;1;1;6;Avenue Général Leclerc;45,8039000000;4,8622000000
202200007170;28;12;2022;23:45;5;75;75116;2;2;2;2;AVENUE VICTOR HUGO;48,8669680000;2,2789810000
202200007171;4;6;2022;13:50;1;94;94018;1;1;1;4;A4;48,8232003361;2,3958043224
202200007172;29;12;2022;16:45;1;75;75110;2;2;1;3;RUE LA FAYETTE;48,8789710000;2,3557500000
202200007173;23;11;2022;00:03;3;60;60619;1;1;1;5;N2;49,1122260000;2,7705720000
202200007174;29;4;2022;00:50;5;69;69382;2;2;1;1;14 Quai Jean Moulin;45,7650100000;4,8381000000
202200007175;2;6;2022;08:47;1;13;13070;1;1;1;2;A50-Sens Marseille vers Aubagne;43,2849900000;5,5168800000
202200007176;29;12;2022;07:53;4;75;75108;2;2;1;7;COURS LA REINE;48,8649900000;2,3136860000
202200007177;22;11;2022;08:00;2;60;60134;1;1;1;4;D 1016;49,3210380000;2,4393940000
202200007178;29;12;2022;16:10;1;75;75107;2;7;1;3;PLACE JOFFRE;48,8512510000;2,3009430000
202200007179;2;6;2022;08:10;1;83;83090;1;1;1;2;A50;43,1222762978;5,8687591553
202200007180;28;4;2022;10:30;1;971;97101;1;1;1;4;Secteur Pont de la Gabarre;16,2530855299; -61,5469899774
202200007181;23;11;2022;17:00;1;80;80302;1;1;2;1;D930;49,6479120000;2,6300760000
202200007182;29;12;2022;03:50;5;75;75107;2;3;3;6;QUAI ANATOLE FRANCE;48,8611000000;2,3241590000
202200007183;25;5;2022;13:15;1;69;69029;2;1;1;3;Route Départementale 383;45,7295300000;4,8983200000
202200007184;29;4;2022;04:50;5;2A;2A004;2;3;1;3;MONTEE SAINT JEAN;41,9328000000;8,7374200000
202200007185;23;11;2022;08:05;1;59;59011;2;1;1;6;Rue Roger Salengro;50,5308890000;2,9402910000
202200007186;29;12;2022;23:00;5;75;75103;2;2;1;6;RUE AU MAIRE;48,8648053375;2,3554542661
202200007187;28;12;2022;10:01;1;94;94078;2;1;1;6;47 Rue de Crosne;48,7217110000;2,4502140000
202200007188;25;4;2022;21:36;5;95;95210;2;2;1;1;RD 311;48,9692849615;2,3053009808
202200007189;3;6;2022;19:45;1;33;33550;1;1;1;4;AUTOROUTE A 62;44,7751300000; -0,5569600000
202200007190;29;12;2022;14:40;2;94;94043;2;3;1;3;CHARLES GIDE (AV);48,8052100000;2,3463500000
202200007191;21;11;2022;19:15;3;13;13071;1;1;2;5;A5502D-Sens Marseille vers A55-Martigues;43,4047200000;5,3043600000
202200007192;12;4;2022;20:45;3;91;91471;1;2;8;3;NICOLAS APPERT (RUE);48,7104550000;2,1769360000
202200007193;28;12;2022;20:15;5;94;94016;2;3;2;3;DIVISION LECLERC (AV DE LA);48,7859300000;2,3291270000
202200007194;3;6;2022;17:20;1;33;33090;1;1;1;4;AUTOROUTE A 63;44,7666583655; -0,6698119640
202200007195;28;4;2022;23:06;5;87;87113;2;1;1;7;BRIAND (AVENUE ARISTIDE);45,8702700000;1,3272700000
202200007196;21;11;2022;15:27;1;13;13215;1;1;1;4;A7-Sens Lyon vers Marseille;43,3675100000;5,3609400000
202200007197;28;12;2022;23:30;5;94;94033;2;1;3;2;Avenue du Maréchal Joffre;48,8524672157;2,4837693813
202200007198;13;4;2022;20:17;2;78;78242;1;1;1;3;CD 11;48,8159500000;2,0282100000
202200007199;29;12;2022;19:50;5;94;94060;2;1;1;6;Rue du Général de Gaulle;48,7800690000;2,5770330000
202200007200;1;6;2022;20:30;1;33;33039;1;1;1;2;ROCADE A 630;44,8010330000; -0,5347170000
202200007201;17;4;2022;19:00;1;76;76474;1;1;1;6;Le Mont Cauvel;49,4868030000;1,0377100000
202200007202;29;12;2022;18:00;5;93;93062;2;2;1;6;Allée Nicolas Carnot / Allée de Gagny;48,8905700000;2,5155100000
202200007203;17;4;2022;10:15;1;76;76561;2;1;1;3;Rue Jean Jaurès;49,2973220000;1,0133330000
202200007204;28;12;2022;17:35;5;92;92025;2;1;2;6;GABRIEL PERI (RUE);48,9182370000;2,2389560000
202200007205;3;6;2022;18:30;1;91;91617;1;1;1;4;RN6 PROVINCE / RN104 INT;48,6316900000;2,5186600000
202200007206;21;11;2022;17:22;2;13;13085;1;1;3;7;A50-Sens Toulon vers Aubagne;43,2510500000;5,5958500000
202200007207;29;12;2022;10:20;1;92;92024;2;1;1;6;VILLENEUVE (RUE) DE (55 A 87BIS);48,9062200000;2,3133600000
202200007208;3;6;2022;16:30;1;92;92050;1;1;2;2;A86;48,9107409163;2,2159690170
202200007209;29;12;2022;12:50;1;11;11079;1;1;8;6;Route de Cuxac;43,3720280000;2,3061310000
202200007210;28;4;2022;23:07;5;76;76259;2;9;1;3;GARE ( PLACE DE LA);49,7591100000;0,3756900000
202200007211;22;11;2022;09:45;3;13;13214;1;1;1;2;A7-Sens Marseille vers Lyon;43,3289950748;5,3779922291
202200007212;30;12;2022;13:30;1;37;37024;1;1;2;7;D369;47,3319440000;0,1965520000
202200007213;21;11;2022;12:00;1;83;83129;1;1;1;6;A50;43,1214000000;5,8338200000
202200007214;29;4;2022;17:30;1;71;71270;2;1;8;1;VREMONTOISE (RUE);46,3522700000;4,8304100000
202200007215;3;6;2022;16:25;1;94;94069;1;1;1;2;A4;48,8171389327;2,4422619339
202200007216;30;12;2022;12:25;1;38;38336;1;1;2;1;N7;45,4963080000;4,8379760000
202200007217;28;4;2022;16:24;1;66;66136;1;1;1;2;R D 900;42,7162760000;2,8729790000
202200007218;1;6;2022;00:20;5;91;91027;2;9;1;3;RUE DE LA CONCORDE;48,7161300000;2,3709400000
202200007219;30;12;2022;13:50;1;26;26005;1;1;1;2;AUTOROUTE 7, PK 121+500, Sens Sud/Nord;44,5112120000;4,7763170000
202200007220;27;4;2022;15:15;1;64;64445;2;1;1;2;Cours Léon Bérard;43,3122900000; -0,3674000000
202200007221;27;4;2022;12:50;1;64;64445;2;1;1;7;Avenue Jean Biray;43,2934905487; -0,3759424388
202200007222;29;12;2022;15:05;1;52;52349;1;1;2;4;A5 pk210+850;48,0263616511;5,0896229769
202200007223;1;6;2022;14:05;1;16;16015;2;6;1;2;Boulevard de Bigorre;45,6296960000;0,1439400000
202200007224;29;4;2022;21:15;5;64;64102;2;3;1;3;Rue de Ravignan;43,4905800000; -1,4701100000
202200007225;29;12;2022;15:15;1;79;79150;2;1;2;7;;46,1317150000;0,1711360000
202200007226;31;5;2022;08:27;1;29;29019;2;1;1;6;Rue de Verdun;48,3983640000; -4,4615610000
202200007227;29;12;2022;14:15;1;12;12291;1;1;8;2;A75;44,2373500000;3,0593640000
202200007228;29;4;2022;19:00;1;60;60057;2;9;1;3;Avenue Marcel Dassault;49,4498380000;2,0972290000
202200007229;29;12;2022;17:45;5;23;23079;2;1;2;6;Grande Rue;45,8830640000;2,1740350000
202200007230;20;3;2022;00:00;5;93;93057;2;3;1;3;Avenue Aristide Briand / Allée Robert Schmitt;48,9089770000;2,5011890000
202200007231;30;5;2022;16:55;1;95;95183;2;1;1;6;CHASSEURS (BOULEVARD DES);49,0471440000;2,0035670000
202200007232;26;4;2022;17:00;1;59;59392;2;1;1;6;EUROPE (BOULEVARD DE L');50,2752826123;3,9685481787
202200007233;19;3;2022;13:00;1;972;97221;2;1;1;7;Thoraille;14,5156730000; -60,9659230000
202200007234;30;5;2022;10:30;1;04;04112;2;1;1;6;SAUNERIE (PORTE);43,8316300000;5,7841300000
202200007235;30;12;2022;11:30;1;41;41228;1;1;2;1;Départementale 917;47,7667340000;0,9054710000
202200007236;29;4;2022;13:15;1;59;59350;2;1;1;1;Rue Carnot;50,6279800000;2,9948300000
202200007237;21;3;2022;17:50;2;01;01194;2;1;1;6;Rue des Sports;45,9838210000;4,7578540000
202200007238;29;5;2022;20:00;1;14;14118;2;2;1;3;Quai de Juillet;49,1782300000; -0,3534100000
202200007239;25;12;2022;20:15;3;33;33144;1;1;1;1;RN 524;44,4057110000; -0,2259060000
202200007240;29;4;2022;05:30;5;59;59378;2;1;1;2;REPUBLIQUE AV DE LA (N°834-920);50,6609800000;3,0947700000
202200007241;28;12;2022;13:50;1;61;61029;1;1;2;7;D8;48,5465580000;0,4893310000
202200007242;21;3;2022;15:30;1;19;19248;1;1;1;4;A20 PK 233+300 SENS 2;45,4628843864;1,5136198980
202200007243;28;5;2022;16:30;1;29;29232;2;1;1;1;Route de Pont l'Abbe;47,9840980000; -4,1208190000
202200007244;21;4;2022;15:15;1;59;59431;2;1;1;3;ARMENTIERES  (RUE D' );50,7003266373;2,8494179249
202200007245;30;12;2022;17:10;3;39;39283;1;1;2;6;;46,3495730000;5,6927780000
202200007246;19;3;2022;04:00;3;50;50411;1;1;1;6;D7E1 Bretelle d'insertion A84;48,7034950000; -1,3386530000
202200007247;27;5;2022;16:05;1;38;38185;2;3;1;6;MARCELIN BERTHELOT (AVENUE);45,1763400000;5,7318500000
202200007248;30;12;2022;01:57;3;25;25122;1;1;9;6;Rue de Chapelle d Huin;46,9413040000;6,1538300000
202200007249;20;3;2022;04:50;5;30;30209;1;6;1;7;;43,9878740000;4,7474670000
202200007250;29;4;2022;07:55;1;56;56098;2;6;1;6;PAPIN (RUE DENIS);47,7829700000; -3,3380610000
202200007251;27;5;2022;21:40;1;22;22187;1;1;1;6;BEAUREGARD (RUE DE);48,5277700000; -2,7770000000
202200007252;30;12;2022;14:15;1;15;15122;1;1;2;1;les Aurières;44,6803540000;2,1862850000
202200007253;20;3;2022;15:55;1;57;57089;2;1;1;6;Chemin de Dambach;49,0478940000;7,4635430000
202200007254;29;4;2022;10:34;1;54;54332;2;1;1;3;Eisenhower ( avenue );48,9025200000;6,0380600000
202200007255;29;12;2022;12:45;1;14;14138;1;1;8;6;D29;49,2464193990; -1,0010594130
202200007256;20;3;2022;11:50;1;51;51105;1;1;1;7;D980;49,2651200000;4,1249690000
202200007257;26;5;2022;22:55;5;75;75101;2;7;1;3;PLACE DU CHATELET;48,8571958110;2,3473451836
202200007258;30;12;2022;01:30;3;14;14098;1;1;1;6;D9 ;49,1731190000; -0,5457970000
202200007259;20;3;2022;05:45;5;51;51056;2;1;1;7;Grande Rue;48,6137070000;3,6134240000
202200007260;24;5;2022;05:45;2;971;97113;1;1;1;7;GRAND BAIE ( RN4);16,2180192975; -61,5095490217
202200007261;28;4;2022;18:50;1;54;54257;2;2;1;3;VANDOEUVRE (RUE DE);48,6526400000;6,1848600000
202200007262;19;3;2022;19:57;3;74;74167;1;1;1;7;781 Lieu-Dit Grange Neuve;45,7491690000;6,3155080000
202200007263;29;12;2022;13:20;1;50;50074;1;2;1;3;le Carrefour;48,7162590000; -1,1772480000
202200007264;23;5;2022;12:15;1;54;54547;1;2;1;6;BOURGOGNE (AVENUE DE);48,6539120951;6,1523196101
202200007265;21;3;2022;00:40;3;79;79030;1;1;1;7;;46,2882190000; -0,1560200000
202200007266;26;4;2022;08:45;1;54;54304;2;2;1;3;BOIS GRONEE (AVENUE DU);48,6794000000;6,1426300000
202200007267;29;12;2022;18:30;3;04;04123;1;1;9;1;RD 4075;44,2921550000;5,8429880000
202200007268;21;3;2022;19:20;3;12;12262;1;1;1;6;D997;44,2126490000;2,3122360000
202200007269;29;12;2022;11:25;1;85;85146;1;1;1;1;RD84;46,9468350000; -1,3629060000
202200007270;23;5;2022;13:20;1;75;75119;2;7;3;1;AVENUE JEAN JAURES;48,8827820000;2,3703590000
202200007271;29;4;2022;16:20;1;51;51454;2;1;1;2;Avenue Salvador Allende Gossens;49,2835900000;4,0146200000
202200007272;28;12;2022;17:30;5;08;08090;2;1;3;6;Rue Maria Visseaux;49,6314750000;5,1662830000
202200007273;18;3;2022;16:40;1;42;42086;1;1;1;3;Route de la Buche;46,1506580000;4,3127990000
202200007274;21;5;2022;07:00;1;76;76351;2;1;1;6;IENA (D');49,4915500000;0,1357500000
202200007275;29;12;2022;18:00;3;08;08367;1;1;8;6;;49,9360190000;4,5387820000
202200007276;21;3;2022;18:15;1;22;22184;1;1;1;6;D768;48,3153136497; -2,6720300317
202200007277;29;4;2022;10:00;1;51;51454;2;2;1;3;allée de l'Argonne;49,2461400000;4,0569500000
202200007278;20;5;2022;12:15;1;27;27229;2;4;3;6;SAINT LOUIS (RUE);49,0236900000;1,1550200000
202200007279;29;12;2022;13:05;1;973;97307;2;1;1;5;RN2;4,8845407141; -52,3357129097
202200007280;21;3;2022;11:45;1;44;44169;1;2;1;3;1 Les Places;47,2296810000; -1,4361940000
202200007281;19;5;2022;22:30;5;34;34172;2;1;1;6;BRINGUIER (AVENUE PAUL);43,6126600000;3,8389300000
202200007282;28;4;2022;15:20;1;50;50502;2;3;1;3;DE LATTRE DE TASSIGNY (RUE DU MARECHAL);49,1102130000; -1,0751140000
202200007283;29;12;2022;12:28;1;78;78431;1;1;1;2;517 route de quarante sous;48,9362590000;1,9486060000
202200007284;20;3;2022;18:45;1;44;44005;1;1;1;7;D751;47,1319360000; -1,8639850000
202200007285;19;5;2022;20:30;1;31;31149;2;1;7;6;COUBERTIN (ALLEE PIERRE DE);43,6235310000;1,3231400000
202200007286;29;4;2022;13:25;1;45;45169;2;1;1;3;Rue Pierre et Marie Curie;47,9015296268;1,8550906778
202200007287;19;5;2022;21:30;2;94;94070;2;1;1;6;413 Avenue des Erables;48,7162900000;2,5710500000
202200007288;28;12;2022;19:15;3;62;62592;1;1;2;2;A26 ;50,7537020000;2,1231010000
202200007289;20;3;2022;18:00;1;29;29293;1;3;1;3;Lieu Dit le Paradis;47,7985770000; -3,8138240000
202200007290;29;4;2022;18:50;1;37;37214;2;6;1;3;DE GAULLE (BD CHARLES);47,4261000000;0,6550600000
202200007291;19;5;2022;08:01;1;92;92004;2;2;1;3;PONT DE CLICHY;48,9111422345;2,2988089621
202200007292;30;12;2022;16:00;1;22;22147;1;1;2;1;RN164;48,1917705282; -2,4399119442
202200007293;20;3;2022;17:25;1;29;29177;1;2;1;1;D5 - Carrefour de saint éloi;48,4385470000; -4,7320010000
202200007294;19;5;2022;15:15;1;26;26321;1;1;1;7;départementale 335;44,5420220000;5,2835010000
202200007295;22;12;2022;17:45;5;73;73257;1;1;1;6;D117;45,3706630000;6,5131820000
202200007296;21;3;2022;04:58;5;31;31182;1;1;1;3;Route de Paris;43,6782620000;1,4080740000
202200007297;29;4;2022;12:20;1;37;37261;2;3;1;3;CHOISEUL (PLACE);47,4016788683;0,6840088964
202200007298;29;12;2022;17:45;1;971;97116;1;1;1;7;Route de Champfleury;16,3129520000; -61,5039430000
202200007299;10;5;2022;22:55;3;66;66148;1;1;1;1;Dépatementale 914;42,5125070000;3,1126930000
202200007300;29;4;2022;07:19;1;37;37122;2;1;1;6;RD 86 DE MONTS à TOURS;47,3282066691;0,6632995605
202200007301;18;3;2022;12:50;1;15;15221;1;3;1;3;Le Pas du Rieu;44,8962020000;2,3482150000
202200007302;27;12;2022;17:10;5;45;45252;2;2;1;6;D921 PR 17 + 304;48,1853920000;2,2498850000
202200007303;17;5;2022;10:27;1;74;74081;2;3;1;3;intersection Avenue de la Gare et Rue du Pré Bénévix;46,0612960000;6,5813710000
202200007304;19;3;2022;04:00;3;01;01402;2;1;1;6;route de pont de vaux Rd 933;46,4901830000;4,9777130000
202200007305;30;12;2022;14:30;1;2B;2B079;1;1;1;1;Ponte Novo;42,4888440000;9,2845040000
202200007306;29;4;2022;19:50;1;35;35238;2;2;1;3;FREVILLE (AVENUE HENRI);48,0836494477; -1,6744856536
202200007307;29;5;2022;01:25;5;60;60409;2;3;1;7;1 Rue Raymond Maillet;49,2907900000;2,4626970000
202200007308;19;3;2022;09:10;1;70;70177;2;1;1;6;Rue Jean Monasson;47,9180930000;5,9910950000
202200007309;29;12;2022;20:50;3;84;84032;1;3;1;-1;D209 - D231;43,8804490000;5,4471530000
202200007310;2;6;2022;14:50;1;59;59452;2;1;1;7;CD 354;50,4653240000;3,0293730000
202200007311;28;4;2022;17:45;1;35;35238;2;1;1;2;LORIENT (DE);48,1080300000; -1,7007700000
202200007312;21;3;2022;12:30;1;72;72383;1;1;1;2;Le Poirier;48,0896040000;0,5621050000
202200007313;29;12;2022;18:20;3;63;63470;1;4;3;1;D986;45,8690500000;3,0305740000
202200007314;20;3;2022;17:30;2;50;50246;1;1;7;6;Route de l Orangerie;49,3813180000; -1,2605260000
202200007315;29;4;2022;21:00;4;34;34108;2;6;1;5;MUSCAT (AVENUE DU);43,4415700000;3,7466700000
202200007316;20;3;2022;22:30;3;50;50582;1;1;1;6;La Besnardiere;48,7186910000; -0,8437370000
202200007317;29;12;2022;17:30;3;81;81104;1;1;2;7;D12;43,7711400000;1,7705480000
202200007318;2;6;2022;15:15;1;13;13106;1;1;1;5;A7 sens Lyon-Marseille;43,3900344691;5,3509675797
202200007319;20;3;2022;17:15;1;64;64488;1;2;1;3;route départementale 7;43,3688695105; -0,1871967316
202200007320;29;4;2022;12:15;1;33;33063;2;3;1;2;Rue Lucien Faure;44,8604400000; -0,5541600000
202200007321;1;6;2022;20:00;1;13;13213;1;1;1;2;A507 sens Marseille - Aubagne;43,3285405218;5,4168284333
202200007322;29;12;2022;19:25;5;29;29042;2;1;2;1;rue de Poulpatré;48,2476210000; -4,4834510000
202200007323;29;12;2022;16:10;1;27;27014;2;1;1;7;Route de Louviers;49,1468680000;1,1499060000
202200007324;20;3;2022;06:35;2;53;53230;1;1;1;7;La Buchere;48,4608390000; -0,4135750000
202200007325;2;6;2022;10:57;1;13;13213;1;1;1;2;A507 sens Aubagne- Marseille;43,3298314950;5,4053487467