Num_Acc;jour;mois;an;hrmn;lum;dep;com;agg;int;atm;col;adr;lat;long
202200007326;25;4;2022;14:40;1;33;33069;2;3;1;3;Avenue de la Libération Charles de Gaulle;44,8570300000; -0,5971900000
202200007327;26;12;2022;14:10;1;60;60259;1;1;1;6;D49;49,2038237578;2,2674061566
202200007328;1;6;2022;19:15;1;13;13202;1;1;1;3;A55-Sens Martigues vers Marseille;43,3127881063;5,3665532807
202200007329;20;3;2022;15:00;1;21;21548;2;4;1;1;Le Frêne;47,4004260000;4,1257630000
202200007330;24;4;2022;03:20;5;33;33063;2;1;1;6;Avenue de la République;44,8396100000; -0,6049600000
202200007331;30;12;2022;14:06;1;60;60668;1;2;2;3;D149;49,5038467001;2,0865182874
202200007332;20;3;2022;13:15;1;85;85227;1;1;1;7;Bel-Air;46,5061700000; -0,6475300000
202200007333;29;4;2022;02:35;5;31;31555;2;1;1;7;PL DOMINIQUE MARTIN DUPUY;43,5998100000;1,4539200000
202200007334;1;6;2022;14:30;1;13;13202;1;1;1;2;A55-Sens Marseille vers Martigues;43,3351700000;5,3535500000
202200007335;30;12;2022;17:15;3;80;80570;1;1;2;1;D935;49,7592840000;2,5011060000
202200007336;20;3;2022;17:40;1;28;28341;1;1;1;6;D138;48,6086530000;1,2438370000
202200007337;30;12;2022;14:30;1;80;80074;1;1;6;3;D329;49,6897040000;2,6405810000
202200007338;18;4;2022;18:10;1;30;30007;2;4;1;3;SAINT JEAN DU PIN;44,1217100000;4,0595900000
202200007339;1;6;2022;11:45;1;13;13071;1;1;1;2;A7-Sens Marseille vers Lyon;43,4097259219;5,2855035702
202200007340;20;3;2022;17:45;1;91;91085;1;9;1;7;D19;48,5636860000;2,2091320000
202200007341;29;4;2022;04:50;5;29;29232;2;3;1;6;Avenue Pierre Mendes-France;47,9776946900; -4,1233943403
202200007342;28;12;2022;23:10;5;13;13206;1;1;1;7;Tunnel Prado Carénage;43,2871900000;5,3729100000
202200007343;21;3;2022;10:50;1;27;27469;1;1;1;3;A13, PK 104+000 vers ROUEN;49,2852685206;1,1260442733
202200007344;1;6;2022;07:00;1;13;13214;1;1;1;5;A507 sens Aubagne- Marseille;43,3346274028;5,3827017545
202200007345;25;4;2022;12:10;1;19;19031;2;3;1;3;BOURLIAGUET (RUE LEONCE);45,1452470146;1,4976865053
202200007346;20;3;2022;14:00;1;987;98748;1;1;1;3;PK 2+200 C/MER TOAHOTU; -17,7475830000; -149,3228890000
202200007347;28;4;2022;18:55;1;18;18213;2;4;1;7;7ter Rue Raoul Néron;47,0930730000;2,4889800000
202200007348;6;5;2022;22:44;5;13;13213;1;1;1;6;A507 sens Aubagne- Marseille;43,3300600000;5,4108800000
202200007349;17;3;2022;06:20;1;987;98733;2;3;1;3;PKP 24.500 route territoriale 1; -17,7138190000; -149,5825800000
202200007350;29;12;2022;23:00;5;33;33143;1;1;1;3;AUTOROUTE A 10;44,9553968576; -0,4537707567
202200007351;11;5;2022;03:15;3;54;54167;1;1;1;2;Autoroute A 31;48,6648200000;5,9132500000
202200007352;29;4;2022;12:00;1;13;13211;2;9;1;3;ARNOULD (RUE);43,3027700000;5,5217000000
202200007353;18;3;2022;18:05;1;987;98733;1;9;1;1;RT1 pk 27,900 Coté montagne; -17,7446500000; -149,5678870000
202200007354;29;12;2022;15:40;1;91;91228;1;1;1;2;AUTOROUTE A6;48,6253500000;2,4172400000
202200007355;12;3;2022;15:00;1;971;97128;2;1;1;6;Route Maurice Satineau;16,2288810000; -61,3928030000
202200007356;29;12;2022;09:00;1;91;91064;1;1;1;7;RN 118;48,7500900000;2,2215200000
202200007357;20;4;2022;10:45;1;13;13211;2;1;1;3;TROIS LUCS A LA VALENTINE (ROUTE);43,2977000000;5,4828900000
202200007358;29;12;2022;07:10;3;91;91521;1;1;1;7;RN 104;48,6333500000;2,4007900000
202200007359;29;4;2022;15:30;1;10;10387;2;9;1;6;GRAND VEON (RUE DU);48,2956900000;4,0978090000
202200007360;19;3;2022;14:00;1;77;77474;1;3;1;2;N3 / D27 ou D27 / N3;48,9577350000;2,8018140000
202200007361;29;12;2022;10:45;1;93;93006;1;1;1;3;AUTOROUTE A3;48,8696602928;2,4297243504
202200007362;28;4;2022;20:40;2;10;10357;2;6;1;3;HENRI BARBUSSE (RUE);48,3004509030;4,1085916758
202200007363;29;12;2022;05:00;3;95;95042;1;1;1;6;RN 104;49,0599700000;2,2817100000
202200007364;21;3;2022;08:30;1;91;91136;2;6;1;3;Route de Versailles;48,7029320000;2,2832140000
202200007365;2;6;2022;20:45;1;91;91174;1;1;1;2;RN 104;48,6104900000;2,4441500000
202200007366;20;3;2022;23:00;5;83;83023;2;1;1;6;Chemin de la Tour;43,4100510000;6,0542020000
202200007367;29;12;2022;00:05;4;95;95018;1;1;2;2;A15;48,9552880915;2,2779641674
202200007368;28;4;2022;20:37;2;10;10387;2;6;1;3;GENERAL PATTON (NATIONALE);48,2948400000;4,0670000000
202200007369;2;6;2022;17:20;1;77;77251;1;1;1;2;RN 104;48,6443880000;2,5396370000
202200007370;28;12;2022;23:00;3;93;93078;1;1;2;2;AUTOROUTE A104;48,9657440033;2,5168227811
202200007371;27;4;2022;16:20;1;02;02738;2;3;1;3;;49,6583340000;3,2985890000
202200007372;19;3;2022;13:00;1;74;74160;1;4;1;1;4910 Route du Col de la Croix Fry;45,8717320000;6,3843920000
202200007373;2;6;2022;13:25;1;91;91521;1;1;1;2;RN 104;48,6293700000;2,4000700000
202200007374;28;4;2022;18:10;1;75;75116;2;1;1;7;BD PERIPHERIQUE INTERIEUR;48,8602587082;2,2635966539
202200007375;29;12;2022;00:40;3;95;95018;1;1;2;2;A15;48,9552880915;2,2779641674
202200007376;2;6;2022;10:45;1;91;91161;1;1;1;3;AUTOROUTE A6;48,7159400000;2,3095000000
202200007377;20;3;2022;16:30;1;07;07324;2;1;8;1;Rue du Doux;45,0699590000;4,8261710000
202200007378;28;4;2022;13:00;1;75;75120;2;4;1;3;BD PERIPHERIQUE EXTERIEUR;48,8491739069;2,4151615798
202200007379;28;12;2022;06:00;4;95;95277;1;1;2;4;RD 170 ;48,9769700000;2,4758800000
202200007380;2;6;2022;00:37;3;94;94076;1;1;1;6;AUTOROUTE A6B;48,7930959416;2,3450827925
202200007381;21;3;2022;14:07;1;01;01396;2;1;1;7;rue de l'industrie;45,8524780000;5,4142370000
202200007382;29;12;2022;03:00;3;94;94079;1;1;2;6;A4;48,8354458972;2,5387118132
202200007383;21;3;2022;08:01;1;69;69208;1;1;1;3;588 Route des Grenadieres;45,8604060000;4,6177350000
202200007384;1;6;2022;17:30;1;78;78362;1;1;1;2;A13;48,9756100000;1,7235700000
202200007385;28;4;2022;10:00;1;75;75118;2;1;1;4;BD PERIPHERIQUE INTERIEUR;48,9010410000;2,3507640000
202200007386;28;12;2022;21:20;3;94;94069;1;1;2;3;A4;48,8165048505;2,4525248344
202200007387;20;3;2022;20:50;5;31;31277;1;6;1;6;N224;43,6425390000;1,1598300000
202200007388;2;6;2022;18:00;1;93;93066;1;1;1;5;AUTOROUTE A1;48,9296800000;2,3619700000
202200007389;28;12;2022;18:30;3;77;77373;1;1;2;6;RN104;48,7664000000;2,6139000000
202200007390;29;4;2022;13:45;1;75;75120;2;2;1;1;RUE BELGRAND;48,8646640000;2,4046310000
202200007391;21;3;2022;06:10;3;79;79048;1;1;1;3;;46,3501250000; -0,3245540000
202200007392;28;12;2022;15:10;1;77;77373;1;1;2;2;RN104;48,7820000000;2,6160000000
202200007393;2;6;2022;10:10;1;95;95241;1;1;1;6;RN 104;49,0534800000;2,4262500000
202200007394;29;4;2022;14:40;1;75;75119;2;2;1;6;RUE DU HAINAUT;48,8860880000;2,3898340000
202200007395;28;12;2022;17:35;2;31;31483;2;1;1;6;SUBERVILLE JEAN (RUE);43,1120000000;0,7410000000
202200007396;19;3;2022;22:10;5;64;64496;2;3;1;1;Avenue du Labourd;43,4778447070; -1,4578664303
202200007397;2;6;2022;07:46;1;93;93053;1;1;1;3;AUTOROUTE A3;48,8992000000;2,4694100000
202200007398;25;12;2022;17:18;5;51;51108;2;3;1;1;Avenue de Paris;48,9545000000;4,3362400000
202200007399;29;4;2022;17:40;1;75;75118;2;5;1;3;RUE MARCADET;48,8918503033;2,3335247221
202200007400;21;3;2022;17:15;1;76;76647;2;2;1;3;vieille route;49,5236900000;0,3609070000
202200007401;2;6;2022;08:36;1;93;93010;1;1;1;5;AUTOROUTE A86;48,8902100000;2,4736600000
202200007402;27;10;2022;13:15;1;50;50218;2;1;1;3;COURAYE (RUE);48,8377300000; -1,5898000000
202200007403;19;3;2022;17:00;1;59;59029;1;1;1;7;D954;50,4748610000;3,1788310000
202200007404;22;10;2022;03:45;5;50;50218;2;6;1;6;SAINT GAUD (RUE);48,8332540000; -1,5873730000
202200007405;29;4;2022;09:30;1;75;75117;2;4;1;3;BOULEVARD MALESHERBES;48,8895725451;2,3039921888
202200007406;1;6;2022;20:00;1;95;95277;1;1;1;4;RD 170 B7;48,9746585493;2,4869227409
202200007407;29;4;2022;02:35;5;75;75116;2;1;1;6;ALLEE DE LONGCHAMP;48,8701340000;2,2578040000
202200007408;20;3;2022;17:50;1;13;13215;1;1;1;2;A7-Sens Lyon vers Marseille;43,3667300000;5,3606340000
202200007409;12;10;2022;15:40;1;50;50218;2;3;1;6;DIOR (BD);48,8384480000; -1,5923650000
202200007410;1;6;2022;19:15;1;93;93007;1;1;1;7;AUTOROUTE A3;48,9202000000;2,4790500000
202200007411;1;6;2022;07:34;1;93;93005;1;9;1;6;AUTOROUTE A1;48,9590400000;2,4654700000
202200007412;10;10;2022;13:30;1;50;50218;2;1;2;6;MATIGNON (AV DES);48,8378300000; -1,5643100000
202200007413;29;4;2022;19:15;1;75;75117;2;7;1;2;AVENUE DE LA GRANDE ARMEE;48,8757130000;2,2889400000
202200007414;20;3;2022;19:00;2;91;91136;1;1;1;4;AUTOROUTE A10;48,7127500000;2,2820800000
202200007415;1;6;2022;09:40;1;95;95604;1;1;1;3; A1;49,1002337861;2,5502389669
202200007416;28;12;2022;07:44;1;976;97610;1;1;1;3;Hauts Vallons - Majicavo ( rue des); -12,7565200000;45,2327400000
202200007417;29;4;2022;16:30;1;75;75116;2;1;1;3;RUE DU GENERAL NIOX;48,8368209598;2,2621497276
202200007418;1;6;2022;09:00;1;95;95678;1;1;1;2;RN 184;49,0698620000;2,2206740000
202200007419;28;12;2022;14:35;1;974;97416;1;3;1;3;ANCIENNE RN 1; -21,3213900000;55,4445000000
202200007420;20;3;2022;16:35;1;92;92002;1;1;1;4;AUTOROUTE A10;48,7314488693;2,3098661005
202200007421;26;4;2022;18:45;1;75;75116;2;7;1;3;PLACE DE LA PORTE MAILLOT;48,8770233126;2,2831512988
202200007422;1;6;2022;07:50;1;93;93005;1;1;1;2;AUTOROUTE A3;48,9395660104;2,4795413018
202200007423;20;3;2022;14:20;1;94;94038;1;1;1;6;AUTOROUTE A6B;48,7903600000;2,3448100000
202200007424;28;12;2022;11:15;1;69;69383;2;2;1;3;Rue de la Villette;45,7589700000;4,8616500000
202200007425;1;6;2022;08:25;1;93;93006;1;1;1;2;AUTOROUTE A3;48,8658000000;2,4183300000
202200007426;20;3;2022;08:05;1;91;91347;1;1;1;7;RN 104;48,6226700000;2,2870100000
202200007427;29;4;2022;12:05;1;75;75114;2;3;1;3;RUE DIDOT;48,8324470000;2,3205480000
202200007428;28;12;2022;08:10;2;69;69388;2;1;1;6;6 Rue Nungesser et Coli;45,7405400000;4,8781100000
202200007429;28;12;2022;01:53;5;972;97213;1;1;3;6;AUTOROUTE (A1);14,6006087800; -61,0002929700
202200007430;19;3;2022;21:45;3;91;91589;1;1;1;6;AUTOROUTE A6;48,6741400000;2,3424700000
202200007431;1;6;2022;06:40;1;92;92036;1;1;1;2;AUTOROUTE A15;48,9453289651;2,2847409892
202200007432;29;4;2022;10:20;1;75;75114;2;7;1;2;AVENUE DU GENERAL LECLERC;48,8280770000;2,3270230000
202200007433;28;12;2022;13:00;1;971;97101;1;1;1;2;BAIMBRIDGE;16,2474800000; -61,5265800000
202200007434;20;3;2022;01:48;3;91;91235;1;1;1;7;RN 104;48,6259500000;2,3530800000
202200007435;28;4;2022;19:15;1;75;75107;2;2;1;6;RUE D ESTREES;48,8517670000;2,3138560000
202200007436;2;6;2022;17:50;1;94;94042;1;1;1;4;A4;48,8267148148;2,4672374839
202200007437;28;12;2022;19:38;3;2A;2A004;1;1;1;2;T21;41,9271820956;8,7926087378
202200007438;19;3;2022;13:30;1;94;94034;1;1;1;6;AUTOROUTE A86;48,7593600000;2,3232400000
202200007439;28;12;2022;19:40;3;2A;2A004;1;1;1;7;CASTELLUCCIO ROUTE;41,9343707230;8,7191635966
202200007440;28;4;2022;15:50;1;75;75114;2;2;1;3;BOULEVARD BRUNE;48,8278050784;2,3052272201
202200007441;12;5;2022;19:15;5;974;97412;1;3;1;6;521 Rue Raphaël Babet; -21,3796970000;55,6351900000
202200007442;20;3;2022;15:10;1;92;92036;1;1;1;6;AUTOROUTE A86;48,9354173550;2,3198823491
202200007443;28;12;2022;22:30;5;95;95127;2;1;1;3;Avenue du Sud;49,0303050000;2,0809610000
202200007444;16;5;2022;15:45;1;51;51662;2;1;1;7;Rue de Bétheny;49,2915013220;4,1164451838
202200007445;29;4;2022;20:06;1;75;75113;2;2;1;3;BOULEVARD KELLERMANN;48,8194860000;2,3446000000
202200007446;17;5;2022;17:15;1;61;61464;2;1;1;6;Rue de la République;48,6020410000;0,1715860000
202200007447;20;3;2022;13:38;1;93;93066;1;1;1;4;AUTOROUTE A86;48,9261806033;2,3383789255
202200007448;29;4;2022;18:15;1;75;75113;2;5;1;2;AVENUE DES GOBELINS;48,8367855339;2,3518480361
202200007449;17;5;2022;16:00;1;49;49132;1;1;1;6;Départementale 52;47,6484840000; -0,4520430000
202200007450;19;3;2022;23:50;3;93;93027;1;1;1;3;BDL;48,9356000000;2,4049600000
202200007451;28;12;2022;19:20;5;91;91027;2;1;2;4;AV FRANCOIS MITTERRAND;48,7057700000;2,3715600000
202200007452;17;5;2022;12:05;1;29;29218;2;1;1;6;5 Rue de la Liberté;48,0431960000; -4,4899670000
202200007453;29;4;2022;22:22;5;75;75111;2;2;1;3;BOULEVARD VOLTAIRE;48,8651830000;2,3677320000
202200007454;19;3;2022;07:30;1;94;94018;1;1;1;6;A4;48,8194300000;2,4048100000
202200007455;23;12;2022;16:20;1;85;85194;2;6;1;2;34 Rue du docteur charcot (Les Sables-d'Olonne);46,5057900000; -1,7754500000
202200007456;17;5;2022;17:05;1;31;31582;2;1;7;6;Rue Armand Barbés;43,4001800000;1,7166030000
202200007457;29;4;2022;08:30;1;75;75108;2;7;1;3;PLACE DE L EUROPE;48,8789440000;2,3236170000
202200007458;18;3;2022;20:50;5;988;98818;2;1;1;1;RUE JACQUES IEKAWE; -22,2204300000;166,4816500000
202200007459;15;12;2022;19:00;5;80;80021;2;1;1;6;WINSTON CHURCHILL (RUE);49,9102400000;2,3062200000
202200007460;17;5;2022;17:10;1;02;02822;1;5;1;3;Départementale D81;49,2976790000;3,1077790000
202200007461;19;3;2022;20:30;5;974;97416;2;9;1;3;BOEUF(CHEMIN); -21,2970400000;55,4567400000
202200007462;29;4;2022;20:00;1;75;75104;2;3;1;1;RUE SAINT ANTOINE;48,8533860000;2,3676540000
202200007463;18;5;2022;16:30;1;60;60063;1;1;1;7;RD 35;49,3443900000;2,0347880000
202200007464;27;12;2022;18:55;5;78;78396;2;1;1;1;MAURICE BERTEAUX (RUE);48,9269300000;2,1217500000
202200007465;18;3;2022;17:20;1;974;97416;2;1;2;6;BORY SAINT VINCENT(RUE); -21,3300000000;55,4700000000
202200007466;28;4;2022;20:10;2;94;94067;2;1;1;3;Avenue de Paris;48,8453600000;2,4278800000
202200007467;17;5;2022;19:15;1;77;77203;2;1;1;3;Route de Rézel;48,9923480000;2,9598610000
202200007468;28;12;2022;05:55;5;78;78372;2;3;2;3;COMBATTANTS (AVENUE DES);48,8668700000;2,1008300000
202200007469;19;3;2022;07:00;1;974;97409;2;1;1;1;CAMBUSTON (rue de); -20,9330200000;55,6521300000
202200007470;16;5;2022;12:30;1;38;38548;1;1;1;6;Départementale 531;45,0717020000;5,4945370000
202200007471;29;4;2022;15:10;1;94;94068;2;3;1;2;93 Avenue Louis Blanc;48,7911300000;2,4965900000
202200007472;28;12;2022;17:55;5;78;78440;2;1;2;6;PAUL RAOULT (AVENUE);48,9893800000;1,9132800000
202200007473;18;3;2022;23:30;5;973;97302;1;1;1;6;ROUTE NATIONALE 1;4,8997100000; -52,3260800000
202200007474;18;5;2022;12:20;1;50;50129;2;2;1;6;ONGLET (RUE DE L');49,6434000000; -1,6285800000
202200007475;28;12;2022;20:00;5;77;77186;2;1;2;1;ARISTIDE BRIAND (RUE);48,4119800000;2,7089900000
202200007476;19;3;2022;18:45;1;69;69383;2;1;1;6;Avenue des Acacias;45,7516362609;4,8813752532
202200007477;18;5;2022;07:45;1;25;25056;2;1;1;6;ALLENDE  BOULEVARD SALVADOR;47,2204800000;5,9780600000
202200007478;27;4;2022;16:30;1;94;94068;2;1;1;4;;48,7987855434;2,4741978049
202200007479;27;12;2022;22:14;5;72;72181;2;3;1;3;PAVOINE PIERRE (RUE);47,9745000000;0,2015200000
202200007480;19;3;2022;13:20;1;972;97213;1;1;1;2;AUTOROUTE A1;14,6183400000; -61,0201900000
202200007481;28;4;2022;14:20;1;94;94058;2;1;1;6;Rue de Chanzy;48,8448349709;2,5026040076
202200007482;17;5;2022;08:00;1;60;60057;2;6;1;6;Rue de l'Abbe Pierre;49,4237600000;2,1052100000
202200007483;20;3;2022;00:32;5;69;69382;2;2;1;7;Quai Tilsitt;45,7592200000;4,8294000000
202200007484;28;12;2022;13:50;1;69;69282;2;2;1;1;Avenue de Verdun;45,7819554063;5,0054901838
202200007485;29;4;2022;11:50;1;94;94046;2;1;1;6;52 Avenue Gambetta;48,8100500000;2,4403000000
202200007486;28;12;2022;17:35;5;69;69290;1;1;1;3;Rue de l'Aviation;45,7192900000;4,9352000000
202200007487;20;3;2022;00:15;5;69;69381;2;3;1;3;155 Boulevard de la Croix-Rousse;45,7742526477;4,8306564823
202200007488;17;5;2022;14:10;1;30;30011;1;4;1;2;;43,9494000000;4,7845000000
202200007489;29;4;2022;15:05;1;94;94043;2;3;1;3;Avenue Charles Gide;48,8065900000;2,3510300000
202200007490;16;3;2022;08:20;1;971;97120;2;1;1;6;GERTY ARCHIMEDE (RESIDENCE);16,2471700000; -61,5383000000
202200007491;27;12;2022;15:00;1;67;67482;2;3;1;3;MELANIE (RUE);48,6037300000;7,7875600000
202200007492;17;5;2022;11:05;1;77;77382;1;1;1;3;Bretelle d'accès autroute A140 direction PARIS;48,9052190000;2,8861910000
202200007493;29;4;2022;14:30;1;94;94043;2;2;1;3;50 Avenue de Fontainebleau;48,8127912526;2,3615380525
202200007494;19;3;2022;16:50;1;2A;2A004;2;9;1;6;NAPOLEON COURS AVANT BEVERINI;41,9271204000;8,7384787202
202200007495;28;12;2022;16:00;2;54;54184;2;1;1;3;Rue Georges Brassens;48,7111800000;6,2464700000
202200007496;16;5;2022;17:15;1;71;71340;2;4;1;1;route de Genelard;46,5626520000;4,2250370000
202200007497;29;4;2022;13:11;1;94;94043;2;1;1;6;72 Avenue de Fontainebleau;48,8114354283;2,3620219229
202200007498;16;3;2022;11:20;1;2A;2A004;2;1;1;2;AVENUE DU DOCTEUR NOEL FRANCHINI;41,9360500000;8,7534400000
202200007499;15;5;2022;13:45;1;71;71559;1;1;1;6;Route Départementale 987;46,2859200000;4,3454360000
202200007500;27;12;2022;15:40;1;50;50129;2;2;1;2;VAL DE SAIRE (RUE DU);49,6390200000; -1,6190500000
202200007501;15;5;2022;09:40;1;02;02203;1;1;7;7;;49,1641640000;3,4155200000
202200007502;29;3;2022;13:50;1;94;94028;2;9;1;3;Rue Juliette Savar;48,7812657481;2,4648470877
202200007503;25;12;2022;18:50;5;50;50129;2;1;2;1;GLACERIE (ROUTE DE LA);49,6222500000; -1,5845000000
202200007504;15;5;2022;16:45;1;84;84089;2;3;1;1;Chemin du Père Grand;43,6741420000;5,5032870000
202200007505;22;4;2022;21:00;2;94;94015;2;3;1;7;Rue des Marais / Avenue du Général Leclerc;48,8292600000;2,5178800000
202200007506;18;3;2022;19:30;3;95;95280;2;1;1;2;SARRAUT ALBERT (AVENUE);49,0318657516;2,4590438604
202200007507;27;12;2022;10:04;1;49;49007;2;2;1;3;FOULQUES NERRA BOULEVARD;47,4710200000; -0,5645700000
202200007508;17;5;2022;13:45;1;66;66160;1;9;1;1;Route d Amélie;42,4959880000;2,7066980000
202200007509;29;4;2022;17:30;1;93;93066;2;1;1;3;20 Rue Jules Saulnier;48,9258931363;2,3547483088
202200007510;8;12;2022;08:15;5;35;35288;2;6;2;6;TALARDS (BOULEVARD DES);48,6438600000; -2,0085300000
202200007511;18;3;2022;17:30;1;91;91691;2;6;1;6;DOCTEUR CHARCOT(RUE);48,7010200000;2,4864000000
202200007512;16;5;2022;18:45;1;30;30341;1;1;1;6;route départementale 6572;43,6571610000;4,2855910000
202200007513;29;4;2022;02:30;5;93;93014;2;3;1;6;Boulevard du Temple / Allée Devillette;48,9042650534;2,5276408130
202200007514;28;12;2022;14:55;1;35;35238;2;3;2;6;ROPARTZ (GUY);48,1312600000; -1,6565300000
202200007515;16;5;2022;16:50;1;33;33339;1;1;1;6;102 Avenue des Côtes de Bourg;45,0321520000; -0,4899380000
202200007516;28;12;2022;08:45;1;33;33281;2;1;1;6;Avenue Maréchal de Lattre de Tassigny;44,8461800000; -0,6560500000
202200007517;29;4;2022;20:10;1;93;93055;2;3;1;3;Avenue Jean Jaurès / Avenue du Cimetière Parisien;48,9091870000;2,3981930000
202200007518;20;3;2022;00:20;5;83;83061;2;9;1;7;ROND-POINT DU MARÉCHAL JUIN;43,4250000000;6,7460000000
202200007519;28;12;2022;10:15;1;31;31555;2;1;1;6;AV DE TABAR;43,5744400000;1,4023500000
202200007520;16;5;2022;17:40;1;46;46038;2;3;1;3;Avenue de la libération;44,9156510000;1,8387400000
202200007521;19;3;2022;17:00;1;82;82121;1;4;1;3;MOLIERES (ROUTE DE);44,0629900000;1,3611900000
202200007522;29;4;2022;16:30;1;93;93063;2;1;1;2;Boulevard Edouard Branly;48,8732730000;2,4402320000
202200007523;24;12;2022;12:20;1;30;30189;2;1;1;3;Route de Montpellier;43,8099000000;4,3284000000
202200007524;15;5;2022;02:30;3;29;29017;1;1;1;6;Lestreïna;48,4645910000; -4,6974170000
202200007525;28;12;2022;19:01;5;29;29019;2;1;1;6;rue du Commandant Drogou;48,4046219727; -4,4993305206
202200007526;19;3;2022;11:02;1;78;78372;2;3;1;3;PRESIDENT J.F KENNEDY (AVENUE DU);48,8852670000;2,1010300000
202200007527;15;5;2022;20:10;1;85;85020;2;1;1;6;11 Rue des Granges Dixmières;46,3674930000; -0,5939820000
202200007528;28;4;2022;19:45;1;93;93006;2;2;1;3;Rue Jeanne Hornet / Avenue de Stalingrad;48,8742180000;2,4280250000
202200007529;27;12;2022;15:10;1;27;27681;2;1;7;2;CLEMENCEAU (PONT);49,0962700000;1,4885200000
202200007530;15;5;2022;04:20;5;06;06088;2;1;1;5;A8 pk 185+300 chaussée nord;43,6685580000;7,1984590000
202200007531;29;4;2022;10:55;1;93;93029;2;2;1;3;Avenue Jean Jaurès / Rue du 4 Septembre;48,9181980000;2,4547020000
202200007532;19;3;2022;04:38;3;77;77180;1;1;1;6;D216;48,7176300000;2,6468800000
202200007533;27;12;2022;15:08;1;27;27234;1;1;1;2;RN 154;49,0302306193;1,1871000000
202200007534;15;5;2022;18:30;1;83;83107;1;3;1;3;Route Départementale 7;43,4420260000;6,6510630000
202200007535;29;4;2022;17:15;1;92;92046;2;9;1;3;DE STALINGRAD;48,8149538689;2,2862657458
202200007536;19;3;2022;21:15;5;76;76681;2;1;1;6;Rue de Paris;49,4127200000;1,0987490000
202200007537;28;12;2022;12:10;1;25;25056;2;1;1;3;MITTERAND AVENUE FRANCOIS;47,2237000000;5,9905500000
202200007538;26;4;2022;20:34;1;92;92063;2;1;1;6;DOUMER (AVENUE PAUL) NORD;48,8808709217;2,1831899285
202200007539;11;5;2022;16:30;1;33;33015;2;2;1;3;Avenue du Général de Gaulle;44,9128890000; -0,2514520000
202200007540;27;12;2022;18:00;5;14;14366;2;7;2;3;Place Fournet;49,1407500000;0,2272300000
202200007541;19;3;2022;11:05;1;71;71076;2;2;1;3;DRILLIEN (RUE CAPITAINE);46,7749600000;4,8369900000
202200007542;29;4;2022;10:45;1;92;92051;2;9;1;2;CHARLES DE GAULLE (AVENUE,N°118 A 192 +;48,8844472183;2,2622248381
202200007543;16;5;2022;19:00;1;78;78362;2;1;1;6;ROUTE DE HOUDAN;48,9736070000;1,7126750000
202200007544;27;12;2022;19:00;5;13;13204;2;1;1;2;CHARTREUX (AVENUE DES);43,3031100000;5,3971400000
202200007545;20;3;2022;00:25;4;69;69290;1;3;1;6;Cours du Troisième Millénaire;45,7116608449;4,9360585213
202200007546;27;12;2022;18:00;5;07;07281;2;1;1;1;MALET (RUE FERNINAND);44,9428400000;4,8404800000
202200007547;29;4;2022;17:20;1;92;92044;2;3;1;3;GEO.POMPIDOU(AVE) 21+ ET 22+;48,8981883112;2,2800493240
202200007548;18;3;2022;07:58;1;65;65433;2;6;8;6;BARBUSSE (AVENUE HENRI);43,2136710000;0,0955280000
202200007549;27;12;2022;23:00;5;75;75116;2;4;1;7;ECHANGEUR AUTEUIL;48,8465750000;2,2548750000
202200007550;29;4;2022;19:00;1;92;92044;2;1;1;3;ARISTIDE BRIAND;48,8895038132;2,2814899385
202200007551;19;3;2022;16:00;1;64;64545;1;1;1;3;RD 913 ;43,3846407385; -1,6966958808
202200007552;1;6;2022;08:30;1;11;11328;1;1;1;3;D623;43,1179171548;2,1411011115
202200007553;27;12;2022;11:15;1;75;75113;2;1;1;2;BD PERIPHERIQUE INTERIEUR;48,8207980000;2,3766640000
202200007554;29;4;2022;18:40;1;92;92019;2;1;1;6;DIVISION LECLERC (AVENUE DE LA);48,7642298394;2,2694495022
202200007555;19;3;2022;14:15;1;64;64260;2;2;1;3;GRENADIERS (RUE DES);43,3719000000; -1,7775300000
202200007556;2;6;2022;08:30;1;974;97415;1;1;1;2;Chaussee Royale; -20,9914780000;55,2878760000
202200007557;26;12;2022;22:40;5;75;75112;2;1;1;2;PORTE DE CHARENTON;48,8291100000;2,3999710000
202200007558;29;4;2022;08:30;1;92;92012;2;1;1;2;EDOUARD VAILLANT (AVENUE) - DEBUT/55 - C;48,8341707654;2,2454488277
202200007559;2;6;2022;15:30;1;01;01074;1;1;1;2;D22;45,9829770000;5,1627160000
202200007560;19;3;2022;21:15;5;64;64102;2;1;1;3;LIBERTE (PLACE DE LA);43,4930000000; -1,4751800000
202200007561;28;12;2022;18:10;5;75;75120;2;2;2;6;COURS DE VINCENNES;48,8475360000;2,4063950000
202200007562;28;12;2022;09:38;1;75;75117;2;2;9;6;AVENUE NIEL;48,8812685604;2,2955390811
202200007563;1;6;2022;18:45;1;62;62882;2;1;1;3;Rue Bernard Chochoy;50,6823570000;2,1385630000
202200007564;1;5;2022;16:00;1;51;51590;1;1;1;3;D61;48,8290320000;4,7906670000
202200007565;13;3;2022;17:40;1;62;62193;2;1;2;6;ARMES (PLACE D');50,9594400000;1,8517000000
202200007566;27;12;2022;13:05;1;75;75117;2;2;1;3;RUE LA CONDAMINE;48,8857560000;2,3216430000
202200007567;1;5;2022;18:15;1;26;26231;1;1;1;6;route de ST DONAT;45,1003635697;5,0283533335