Num_Acc;jour;mois;an;hrmn;lum;dep;com;agg;int;atm;col;adr;lat;long
202200007568;2;6;2022;13:20;1;26;26301;1;1;1;1;Route de Sizeranne;45,1212790000;5,0025450000
202200007569;19;3;2022;17:40;1;59;59350;2;5;1;3;TURENNE RUE;50,6303100000;3,0350100000
202200007570;28;12;2022;17:40;5;75;75116;2;1;2;6;ALLEE DU BORD DE L EAU;48,8570910000;2,2267190000
202200007571;30;4;2022;20:06;1;95;95452;1;1;1;1;RD 85;49,1318260000;2,2990930000
202200007572;2;6;2022;18:00;1;09;09038;1;1;1;7;D326;43,1827980000;1,2636100000
202200007573;6;3;2022;14:45;1;59;59328;2;1;1;7;BOIS, Rue du;50,6476400000;3,0433900000
202200007574;28;12;2022;14:35;1;75;75116;2;2;2;6;RUE GREUZE;48,8644190000;2,2823780000
202200007575;2;6;2022;16:45;1;68;68019;1;1;1;1;D52;48,1039350000;7,5737430000
202200007576;19;3;2022;01:30;5;57;57463;1;1;1;2;VOIE RAPIDE EST;49,1160000000;6,1900000000
202200007577;30;4;2022;22:08;5;974;97422;2;1;1;3;rue de paris; -21,2827560000;55,5112020000
202200007578;27;12;2022;13:15;1;75;75115;2;2;1;6;RUE DE LA CONVENTION;48,8434520000;2,2827490000
202200007579;2;6;2022;12:25;1;52;52307;1;1;1;6;A5 PK222+500;47,9462504901;5,1825160169
202200007580;19;3;2022;17:48;1;51;51573;2;2;1;3;Route de Soissons;49,2511000000;3,9849200000
202200007581;28;12;2022;17:10;5;75;75112;2;2;2;3;BOULEVARD DIDEROT;48,8476060000;2,3890750000
202200007582;23;5;2022;13:50;1;72;72213;2;1;1;6;boulevard de la Butte;47,9169950000;0,2528650000
202200007583;30;4;2022;14:55;1;88;88115;2;1;1;1;51 Rue de la Gare;48,1732940000;6,8818780000
202200007584;28;12;2022;16:45;2;75;75112;2;3;2;6;BOULEVARD DIDEROT;48,8471520000;2,3850980000
202200007585;19;3;2022;13:35;1;51;51454;2;2;1;3;Avenue d’Epernay;49,2398680157;4,0136200190
202200007586;28;12;2022;19:10;5;75;75103;2;4;2;3;RUE DE TURENNE;48,8614620000;2,3646000000
202200007587;2;6;2022;15:20;1;76;76517;1;2;1;3;Intersection route de crèvecoeur - route d'Houppeville;49,5221820000;1,1362270000
202200007588;30;4;2022;08:05;1;62;62784;1;2;1;3;RN 25;50,2040100000;2,5351600000
202200007589;19;3;2022;17:00;1;47;47001;2;1;1;4;JAURES (AV. JEAN);44,1992538062;0,6361716593
202200007590;27;12;2022;19:50;5;75;75101;2;2;1;3;AVENUE DE L OPERA;48,8692364117;2,3329150798
202200007591;2;6;2022;14:50;1;89;89418;2;1;7;6;20 avenue alfred grevin;47,8651070000;3,9748940000
202200007592;28;12;2022;21:25;5;94;94081;2;1;2;3;COMMUNE DE PARIS (AV DE LA);48,7831000000;2,3908900000
202200007593;1;5;2022;07:30;2;62;62332;2;3;1;6;7 Rue de Boisleux;50,2272060000;2,7404670000
202200007594;19;3;2022;03:05;5;45;45285;2;1;1;1;D520 PR 5 + 900;47,8993900000;1,8727100000
202200007595;1;6;2022;21:00;1;89;89201;2;2;1;3;Rue de Saint Florentin;47,9077590000;3,6425580000
202200007596;30;4;2022;09:45;1;57;57097;2;1;1;6;29 Rue de Sarrelouis;49,1858550000;6,4989020000
202200007597;28;12;2022;13:23;1;94;94018;2;2;1;3;PARIS (R DE);48,8248870000;2,4091480000
202200007598;31;5;2022;22:40;3;22;22245;1;1;1;6;Poul Melan;48,6528360000; -3,3313680000
202200007599;30;4;2022;15:45;1;74;74282;2;1;1;7;Route de Cruseilles;46,0531170000;6,2085490000
202200007600;19;3;2022;21:00;5;45;45234;2;2;1;3;Rue Croix de Bois;47,8997400000;1,8970000000
202200007601;1;5;2022;12:15;1;76;76709;1;1;1;7;Route de Yainville;49,4648190000;0,8297470000
202200007602;1;6;2022;10:50;1;44;44069;1;1;1;2;5250 Route de Herbignac;47,3784140000; -2,3909510000
202200007603;19;3;2022;21:25;3;37;37195;2;1;1;1;SAINT-GENOUPH (ROUTE DE);47,3827692236;0,6329034269
202200007604;28;12;2022;16:05;1;94;94071;2;9;2;6;FONTAINES (R DES);48,7718000000;2,5181000000
202200007605;30;4;2022;19:40;1;63;63267;2;1;1;6;21 Rue du Bourg;45,9051692427;3,6285660962
202200007606;1;6;2022;07:20;1;44;44146;1;1;1;7;Rue de la Guerivais;47,7597530000; -1,4103480000
202200007607;19;3;2022;09:30;1;37;37208;2;6;1;7;GRANGES GALANT (RUE DES);47,3670592918;0,7203957438
202200007608;28;12;2022;20:20;5;93;93064;2;1;2;3;Avenue du Général de Gaulle;48,8810314435;2,4767893629
202200007609;31;5;2022;07:25;1;31;31276;2;1;1;6;D633;43,1952270000;0,6051060000
202200007610;1;5;2022;11:30;1;63;63424;1;1;1;1;D210;45,9532980000;3,2501290000
202200007611;28;12;2022;11:35;1;93;93032;2;1;1;6;Rue de Franceville;48,8884900000;2,5443300000
202200007612;19;3;2022;08:15;1;37;37261;2;2;1;7;NATIONALE (RUE);47,3911553825;0,6884050369
202200007613;30;4;2022;17:00;1;42;42021;1;1;1;6;Route de Margerie;45,5154220000;4,0875900000
202200007614;2;6;2022;09:11;1;02;02614;1;3;1;3;;49,9110640000;3,1970470000
202200007615;27;12;2022;14:15;1;93;93027;2;8;1;3;Pont Palmier / Rue de la Convention;48,9261200000;2,3966200000
202200007616;1;5;2022;06:00;2;47;47195;1;1;1;6;D930;44,1506350000;0,3223480000
202200007617;19;3;2022;20:00;2;33;33281;2;1;1;6;Avenue du Maréchal Leclerc;44,8368300000; -0,6471500000
202200007618;28;12;2022;15:04;1;93;93008;2;9;2;3;Avenue Jean Jaures;48,9054110175;2,4393190159
202200007619;28;4;2022;10:10;1;34;34028;1;6;1;3;D908e2;43,5981770000;3,1395260000
202200007620;1;6;2022;11:45;1;03;03103;1;3;1;3;D994;46,3520780000;3,8091020000
202200007621;19;3;2022;10:52;1;33;33063;2;4;1;6;Rue Frédéric Bentayoux;44,8576341903; -0,5788981831
202200007622;1;6;2022;18:05;1;85;85064;1;9;1;2;A83 pr 040.750;46,8341850000; -1,2282370000
202200007623;28;12;2022;20:20;5;92;92078;2;2;2;6;VERDUN (AVENUE) (PAIRS 92 ET PLUS);48,9344944667;2,3210908770
202200007624;30;4;2022;22:30;3;14;14161;1;1;1;6;D675;49,2634520000;0,1362050000
202200007625;27;12;2022;14:55;1;92;92022;2;3;1;6;PAVE DES GARDES (ROUTE DU);48,8085500000;2,1957800000
202200007626;31;5;2022;16:40;1;50;50145;1;2;1;3;La Hastonniere;49,0660530000; -1,3908060000
202200007627;18;3;2022;11:30;1;33;33063;2;3;1;3;Rue Camille Godard;44,8550200000; -0,5755500000
202200007628;28;12;2022;21:31;5;92;92044;2;9;2;3;CARNOT(RUE) 43A71 ET 38A58;48,8917100000;2,2867800000
202200007629;30;4;2022;22:30;3;50;50364;1;1;1;1;Le Haut Bingard;49,1343530000; -1,5014680000
202200007630;19;3;2022;13:05;1;33;33529;1;1;1;2;RD 1250 (OUSTALET - BONNEVAL);44,6181280000; -1,1310190000
202200007631;27;12;2022;23:53;5;92;92040;2;1;1;6;JEAN-PIERRE TIMBAUD;48,8180763974;2,2494080365
202200007632;2;6;2022;17:15;1;10;10035;1;3;7;3;;48,2147690000;4,7383340000
202200007633;30;4;2022;18:20;1;50;50092;1;4;1;3;D972;49,0735390000; -1,3608110000
202200007634;1;6;2022;15:40;1;53;53115;2;1;1;2;14 Rue Saint Pierre;48,4182890000; -0,8542460000
202200007635;27;12;2022;00:40;5;92;92026;2;3;1;4;MARECHAL JOFFRE (QUAI DU);48,9006039267;2,2752551436
202200007636;30;4;2022;14:00;1;45;45087;1;2;1;3;D951 PR 8 + 417;47,5680030000;2,7716980000
202200007637;28;12;2022;16:39;1;92;92002;2;1;2;6;CHATENAY (RUE DE);48,7597334312;2,2893724143
202200007638;2;6;2022;07:50;1;40;40164;1;1;1;1;lieu dit la poste;44,1604720000; -0,2855160000
202200007639;19;3;2022;19:25;5;31;31555;2;1;1;3;CHE DE RIBAUTE;43,5767700000;1,5086000000
202200007640;28;12;2022;10:20;1;35;35123;1;1;2;6;D776;47,9968963514; -1,7928166687
202200007641;2;4;2022;19:10;2;43;43062;1;2;8;3;Fontannes;45,0665570000;3,7779830000
202200007642;18;5;2022;14:20;1;24;24520;2;3;1;3;Côte du Roc Mol;44,8913370000;1,2064150000
202200007643;19;3;2022;21:36;3;29;29232;1;1;1;6;Boulevard Flandres Dunkerque1940;47,9793400000; -4,0899400000
202200007644;29;12;2022;20:40;3;21;21210;1;1;1;6;A38 Pk 3.200;47,2728230000;4,5935730000
202200007645;1;5;2022;17:30;1;36;36161;1;1;1;1;;46,6194084165;1,4940977097
202200007646;16;3;2022;13:50;1;29;29232;2;2;1;1;Rue Charles Hernu;47,9961900000; -4,1188900000
202200007647;2;6;2022;12:15;1;04;04108;1;3;1;1;Inter traverse Gombert / RN 85;44,0461180000;6,0380980000
202200007648;29;12;2022;07:00;3;62;62233;1;2;2;3;D940E1;50,3647700000;1,7036390000
202200007649;29;12;2022;11:40;1;79;79216;2;1;2;7;;46,2589140000; -0,3444550000
202200007650;1;6;2022;16:30;1;27;27391;1;1;1;1;;48,8029060000;1,3496020000
202200007651;30;4;2022;17:20;1;27;27493;2;1;1;2;300 Rue de la Liberation;49,3321360000;1,2491620000
202200007652;29;12;2022;10:20;1;82;82024;1;1;1;6;830 route de mongaudon;44,2073860000;0,9843070000
202200007653;29;12;2022;15:45;1;03;03279;1;1;8;7;D993 - PK 12+100;46,2499560000;2,5123500000
202200007654;2;6;2022;17:50;1;17;17221;1;2;1;1;D119;46,1197300000; -0,6304910000
202200007655;1;5;2022;03:30;3;37;37167;1;1;1;6;CD 766;47,5460060000;0,5206220000
202200007656;19;3;2022;11:35;1;27;27229;2;1;1;2;CITES UNIES (BOULEVARD DES);49,0170800000;1,1434300000
202200007657;29;5;2022;14:45;1;17;17253;1;1;1;7;D911;46,0165900000; -0,8527710000
202200007658;28;12;2022;14:30;1;03;03155;1;1;1;2;le champ de la chevre;46,7170190000;2,9695920000
202200007659;30;4;2022;04:55;3;33;33001;1;1;1;6;A89;45,0091820000; -0,1082510000
202200007660;28;12;2022;14:10;1;01;01010;1;1;1;7;D992;45,9252680000;5,8099740000
202200007661;2;6;2022;08:22;1;95;95392;1;1;1;3;Rue Georges Duhamel;49,0845946216;2,2067338228
202200007662;15;4;2022;18:20;1;69;69244;2;1;1;6;Rue Joliot Curie;45,7526500000;4,7717300000
202200007663;28;12;2022;19:30;5;70;70393;2;1;8;1;Rue des Romains;47,4216710000;5,9278270000
202200007664;19;3;2022;16:50;1;17;17449;2;9;1;3;SAINTONGE AVENUE DE;45,9526900000; -0,8820900000
202200007665;28;12;2022;23:22;3;72;72223;1;1;2;6;lieu dit le petit mont;47,8849530000; -0,0777200000
202200007666;2;6;2022;10:45;1;49;49138;1;2;1;5;D62;47,4587330000; -0,1025840000
202200007667;30;4;2022;09:30;1;44;44073;1;1;1;2;La Feuilletais;47,4347950000; -1,6723540000
202200007668;19;3;2022;22:00;5;13;13213;2;1;1;3;OLIVES (AVENUE DES);43,3262749954;5,4391037790
202200007669;19;12;2022;11:30;1;14;14174;2;2;8;6;D511;48,8515000000; -0,5458670000
202200007670;27;12;2022;10:45;1;21;21142;1;1;1;7;Courceau;47,5323530000;4,6963760000
202200007671;2;6;2022;05:00;3;26;26057;1;1;1;4;Autoroute A49;45,0192990000;5,0332190000
202200007672;28;4;2022;16:50;1;976;97613;1;1;1;2;Chembenyoumba; -12,7636360000;45,0808200000
202200007673;19;3;2022;20:30;5;13;13203;2;1;1;1;GUIBAL (RUE);43,3059362368;5,3843798029
202200007674;29;12;2022;12:15;1;85;85018;2;3;1;6;grand place;46,9156530000; -2,0429580000
202200007675;2;6;2022;15:00;1;03;03118;1;1;1;6;A719;46,1148700000;3,1929020000
202200007676;30;4;2022;10:45;1;988;98819;1;1;1;7;RPN7; -20,4159930000;164,4049720000
202200007677;27;12;2022;18:45;3;85;85130;1;1;1;6;D948;46,7776910000; -1,6809314000
202200007678;19;3;2022;12:30;1;13;13202;2;2;1;2;CARGO RHIN FIDELI (RUE);43,3268700000;5,3582100000
202200007679;1;6;2022;18:00;1;06;06152;1;1;1;7;Route de Nice;43,6441890000;7,0181390000
202200007680;16;12;2022;16:05;1;17;17038;1;1;1;3;D145;45,1844870000; -0,3184590000
202200007681;30;4;2022;18:45;3;988;98818;1;1;1;1;COL DE LA PIROGUE; -22,0848900000;166,3190700000
202200007682;29;12;2022;16:15;1;23;23045;1;9;1;6;Route de Lépaud  D917;46,1940770000;2,4229570000
202200007683;1;6;2022;19:00;1;18;18212;1;1;1;5;;46,8603080000;2,4282790000
202200007684;19;3;2022;11:10;1;13;13004;2;2;1;3;AV SADI CARNOT;43,6721100000;4,6233500000
202200007685;28;12;2022;07:45;2;37;37245;1;2;1;3;D938;47,5084320000;0,5943670000
202200007686;30;4;2022;19:30;3;974;97402;2;3;1;3;Rue des Becs Roses; -20,9972180000;55,6811090000
202200007687;1;6;2022;09:50;1;44;44072;1;1;1;1;rue de ranrouët;47,4452180000; -2,3016140000
202200007688;19;3;2022;16:00;1;10;10333;2;2;1;3;AUXERRE (ROUTE);48,2768290000;4,0634100000
202200007689;31;5;2022;19:10;1;13;13088;1;1;1;6;vallon du douard;43,3710530000;5,2321100000
202200007690;23;12;2022;18:20;5;978;97801;2;1;1;5;RN7, Grand Case;18,0987940000; -63,0643880000
202200007691;1;5;2022;18:45;1;973;97306;1;1;1;1;CD 8 PK 33;5,6604450000; -53,7638710000
202200007692;19;3;2022;16:00;1;10;10387;2;1;1;6;PIERRE BROSSOLETTE (RUE);48,2917000000;4,0747000000
202200007693;29;12;2022;02:45;3;987;98724;1;1;1;6;district de maeva; -16,7520510000; -150,9954660000
202200007694;1;6;2022;17:00;1;37;37011;1;1;1;4;D749, ZA les buttes;47,2135305509;0,1692165434
202200007695;30;4;2022;13:45;1;971;97102;1;1;1;1;Campeche;16,4297560000; -61,4254620000
202200007696;18;3;2022;12:05;1;10;10333;2;2;1;3;PRESIDENT WILSON (RUE);48,2886900000;4,0628390000
202200007697;29;12;2022;06:45;1;988;98817;2;1;1;6;ROUTE DE LA COULEE; -22,2358960000;166,5971300000
202200007698;1;6;2022;16:35;1;2B;2B298;1;1;1;1;RD81;42,6934680000;9,3289160000
202200007699;30;4;2022;18:15;5;972;97224;2;1;1;3;Riviere l Or;14,6627310000; -61,0637660000
202200007700;20;12;2022;17:45;5;971;97125;1;1;1;6;May;16,2653540000; -61,2899620000
202200007701;16;3;2022;15:26;1;10;10081;2;9;1;3;GENERAL SARRAIL (AVE);48,3026800000;4,0281890000
202200007702;1;6;2022;08:05;1;30;30243;1;1;1;3;D24;44,0697482328;4,0705277324
202200007703;26;12;2022;13:56;1;45;45252;1;1;2;6;D2152 PR 17 + 838;48,1821050000;2,2615850000
202200007704;28;4;2022;11:55;1;66;66115;2;2;1;3;Avenue de la Mer;42,5406150000;2,8794050000
202200007705;18;3;2022;17:00;1;09;09130;1;1;8;7;D1;42,9346370000;1,5866290000
202200007706;2;6;2022;08:06;1;34;34226;1;2;1;3;D37;43,3513110000;2,9934850000
202200007707;27;12;2022;10:00;1;34;34256;1;2;1;3;M610;43,7048170000;4,0250730000
202200007708;1;5;2022;06:15;2;34;34113;1;1;1;1;RD 613;43,5070590000;3,7190190000
202200007709;18;3;2022;13:50;1;01;01053;2;9;1;3;ALSACE LORRAINE (AVENUE );46,2032520000;5,2227510000
202200007710;1;5;2022;19:05;2;83;83115;2;1;1;6;274 Route du Plan de la Tour;43,3290862584;6,5835764407
202200007711;1;6;2022;18:15;1;13;13064;1;9;1;3;Route de Saint-Andiol;43,8162750000;4,9480430000
202200007712;29;12;2022;11:00;3;13;13004;1;1;1;1;D570;43,6362300000;4,5505290000
202200007713;19;3;2022;19:30;1;75;75114;2;4;1;3;BD PERIPHERIQUE EXTERIEUR;48,8194170000;2,3282910000
202200007714;1;5;2022;11:00;1;13;13100;1;1;1;2;RD24 Quartier Coste Plantier;43,7408400000;4,9070690000
202200007715;30;5;2022;17:40;1;26;26252;1;1;1;3;A7 Pk 075.000;44,8934880000;4,8727800000
202200007716;1;5;2022;05:30;2;52;52205;2;1;1;6;81 Route Nationale;48,0361210000;5,2188330000
202200007717;18;3;2022;12:20;1;75;75106;2;4;1;6;RUE D ASSAS;48,8459190000;2,3313940000
202200007718;1;5;2022;16:20;1;55;55114;1;1;1;6;D12;48,7397200000;5,4889150000
202200007719;19;3;2022;19:55;2;75;75119;2;2;1;6;RUE DE BELLEVILLE;48,8752450000;2,3953200000
202200007720;28;4;2022;18:30;2;73;73179;1;6;1;3;D16A av Jean Rostand;45,5936360000;5,8861830000
202200007721;1;6;2022;12:50;1;988;98818;2;9;1;3;Entrée Résidence de La Plage/PROMENADE ROGER LAROQUE; -22,3024400000;166,4398800000
202200007722;8;12;2022;10:10;1;21;21656;1;2;1;3;D25;47,2224830000;5,1866200000
202200007723;19;3;2022;00:05;5;75;75118;2;4;1;6;RUE EUGENE CARRIERE;48,8902110000;2,3330320000
202200007724;29;3;2022;17:15;1;38;38556;2;2;1;3;chemin du moulin;45,3759010000;4,8536210000
202200007725;19;3;2022;17:10;1;75;75116;2;2;1;6;ROUTE DE LA PTE DAUPHINE A LA PTE DES SA;48,8739270000;2,2717290000
202200007726;27;12;2022;23:45;3;67;67339;1;1;8;7;D243;48,8981150000;7,9298540000
202200007727;1;6;2022;15:30;1;974;97416;2;1;1;6;ISAUTIER (RUE FRANCOIS); -21,3384210000;55,4735650000
202200007728;30;4;2022;21:30;5;38;38401;2;3;1;3;291 Route de Lyon;45,5679960000;5,4332810000
202200007729;19;3;2022;14:30;1;75;75116;2;3;1;3;RUE BENJAMIN FRANKLIN;48,8599720000;2,2855910000
202200007730;1;5;2022;04:20;3;69;69113;1;1;1;6;Route de la Vallée;45,9541220000;4,5254280000
202200007731;27;12;2022;18:10;5;57;57433;2;1;2;6;Route de Marange (Pont);49,2110790000;6,1599080000
202200007732;19;3;2022;16:10;1;75;75110;2;9;1;6;BOULEVARD DE LA VILLETTE;48,8841360000;2,3668210000
202200007733;6;5;2022;20:10;5;974;97407;2;1;1;6;LONDRES (RUE); -20,9436700000;55,2953200000
202200007734;19;3;2022;08:45;1;94;94058;2;1;1;3;Quai de l’Artois;48,8307200000;2,5140200000
202200007735;30;4;2022;18:13;1;69;69277;2;1;1;2;Rue Henri Reaux;45,7292020000;5,0073770000
202200007736;1;5;2022;17:00;1;31;31291;1;1;1;6;Route de Saint-Lys;43,5906820000;1,2282060000
202200007737;19;3;2022;17:50;1;94;94041;2;1;1;6;PIERRE SEMARD (AV);48,8194700000;2,3802200000
202200007738;19;3;2022;20:20;5;93;93050;2;3;1;3;Avenue de Blancheville / Rue Duguay Trouin;48,8642700000;2,5394390000
202200007739;28;12;2022;19:20;3;44;44198;1;1;2;5;D178;47,1358190000; -1,5143540000
202200007740;30;4;2022;16:55;1;85;85092;1;1;1;5;D938t;46,4498260000; -0,8097430000
202200007741;19;3;2022;18:40;1;93;93050;2;1;1;6;5 Rue Duguay Trouin;48,8639210000;2,5369720000
202200007742;30;4;2022;18:40;2;85;85003;2;6;1;3;Avenue de Verdun;46,7392980000; -1,6070830000
202200007743;29;12;2022;18:25;3;76;76332;1;1;1;6;Rue du Calvaire Justine;49,6166740000;1,6871200000
202200007744;19;3;2022;15:10;1;93;93031;2;1;1;6;Avenue de la Marne;48,9538760000;2,3271380000
202200007745;1;5;2022;14:40;1;76;76223;1;1;1;2;D6015;49,6266830000;0,8037190000
202200007746;1;5;2022;16:30;1;60;60439;2;4;1;7;Rue de la Gare;49,3207345237;2,3227230012
202200007747;19;3;2022;19:50;5;93;93013;2;3;1;2;Rue Edouard Vaillant / Rue Buottourenville;48,9371604786;2,4306938052
202200007748;29;12;2022;07:30;5;60;60575;2;1;8;6;85 Route Départementale 1;49,2893701612;2,2007222275
202200007749;29;4;2022;00:30;3;80;80105;2;1;1;6;Rue d Herly;49,7374440000;2,8931000000
202200007750;19;3;2022;14:52;1;93;93047;2;1;1;6;Boulevard de l'Europe;48,8952750000;2,5706360000
202200007751;19;3;2022;12:45;1;93;93008;2;1;1;6;Rue Pierre Sémard;48,9080276670;2,4455351836
202200007752;29;12;2022;14:45;1;59;59449;2;2;8;6;D938;50,4800530000;3,2473240000
202200007753;1;5;2022;10:00;1;59;59120;1;1;1;5;1135 Route de Cassel;50,7640620000;2,5904310000
202200007754;19;3;2022;17:30;1;93;93005;2;1;1;6;PARINOR;48,9563900000;2,4770000000
202200007755;20;4;2022;21:35;3;13;13211;1;1;1;7;A50-Sens Marseille vers Aubagne;43,2912000000;5,4808500000
202200007756;19;3;2022;05:53;5;93;93005;2;6;1;1;Cours Salvador Allende / Carrefour Jean Monnet;48,9546130092;2,5100700651
202200007757;29;4;2022;16:00;1;13;13213;1;1;1;2;TVPCD-Sens Les Ports vers Saint Victor;43,3299800000;5,4064300000
202200007758;23;3;2022;18:50;2;92;92064;2;1;1;3;MARECHAL JUIN;48,8307900000;2,2227400000
202200007759;18;4;2022;18:35;1;13;13214;1;1;1;4;A557-Liaison A7 Marseille-A55 Marseille;43,3211830294;5,3757194523
202200007760;19;3;2022;11:05;1;92;92060;2;4;1;3;REPUBLIQUE (AVENUE DE LA) (RD 60);48,7823240723;2,2703792900
202200007761;19;3;2022;18:30;1;60;60050;2;1;1;3;Route de Compiègne;49,3425596035;2,6094675061
202200007762;14;4;2022;18:50;1;13;13071;1;1;1;7;A7-Sens Lyon vers Marseille;43,4042810000;5,3160860000
202200007763;19;3;2022;07:30;1;76;76279;1;1;1;1;D40;49,6162160000;0,5930040000
202200007764;20;3;2022;17:15;1;38;38157;1;1;1;6;Le Plan de Gemens;45,5079343757;4,9341152363
202200007765;28;4;2022;07:45;1;13;13026;1;1;1;4;A55-Sens Martigues vers Marseille;43,3976300000;5,1217800000
202200007766;20;3;2022;06:50;2;02;02063;1;1;1;2;autoroute A26 pk 159+200;49,9255740000;3,2267890000
202200007767;20;3;2022;20:00;3;95;95058;1;1;1;6;RD 924;49,1647150000;2,2874950000
202200007768;28;4;2022;07:45;1;13;13026;1;1;1;2;A55-Sens Martigues vers Marseille;43,3976300000;5,1217800000
202200007769;19;3;2022;23:15;3;40;40133;1;1;1;2;Route de Maremne;43,6094200000; -1,4073340000
202200007770;19;3;2022;22:00;5;07;07319;2;3;1;2;Boulevard Stalingrad;44,5520190000;4,6849390000
202200007771;28;4;2022;17:25;1;83;83137;1;1;1;2;A50 TUNNEL TUBE SUD;43,1209300000;5,9435000000
202200007772;19;3;2022;21:30;5;972;97231;2;1;1;3;Rue Schoelcher;14,5380780000; -61,0340690000
202200007773;29;4;2022;19:40;1;91;91689;1;1;1;3;AUTOROUTE A6;48,7298800000;2,3145900000
202200007774;19;3;2022;15:15;1;42;42284;1;2;1;3;Rte de Saint Germain Lespinasse;46,0929810000;3,9747330000
202200007775;19;3;2022;15:35;1;57;57358;2;1;1;2;4 Rue de Thionville;49,3068890000;6,3356300000
202200007776;29;4;2022;16:30;1;91;91161;1;1;1;2;AUTOROUTE A6;48,7039300000;2,3062600000
202200007777;19;3;2022;23:20;3;56;56175;1;2;1;6;Lieu Dit Locmaria;47,7181790000; -2,9439600000
202200007778;18;3;2022;15:35;1;80;80355;1;4;1;6;intersection D29 et D96;49,8821370000;1,8215200000
202200007779;29;4;2022;15:35;1;94;94043;1;1;1;2;AUTOROUTE A6B;48,8094200000;2,3488600000
202200007780;19;3;2022;16:44;1;71;71119;2;1;1;6;Place Montfort;46,9144510000;4,7925820000
202200007781;29;4;2022;09:10;1;94;94043;1;1;1;3;AUTOROUTE A6B;48,8158837940;2,3564735681
202200007782;19;3;2022;12:55;1;71;71543;2;3;1;3;Avenue du Marechal Leclerc;46,5617300000;4,9093810000
202200007783;19;3;2022;12:20;1;89;89168;1;1;1;6;Chemin de Serrigny;47,8175820000;3,8820250000
202200007784;29;4;2022;06:40;1;94;94034;1;1;1;6;AUTOROUTE A86;48,7560970401;2,3412195553
202200007785;19;3;2022;17:20;1;63;63275;2;1;1;6;29 Avenue de l Orme;45,5439190000;3,2030300000
202200007786;20;3;2022;12:15;1;61;61007;1;3;1;2;Le Pont des Bots;48,7807300000; -0,5278430000
202200007787;19;3;2022;01:30;3;49;49109;1;1;1;6;D960;47,1281110000; -0,6324970000
202200007788;29;4;2022;16:00;1;78;78029;1;1;1;2;A13Y;48,9643020000;1,8446970000
202200007789;20;3;2022;19:50;3;41;41059;2;1;1;6;La Pastourellerie;47,4100870000;1,2879130000
202200007790;19;3;2022;18:00;1;39;39047;1;1;1;1;;46,5662960000;6,0800580000
202200007791;27;4;2022;17:35;1;78;78362;1;1;1;4;A13;48,9756620000;1,7242070000
202200007792;20;3;2022;11:00;1;29;29212;2;3;7;3;Avenue Jean Moulin;48,3789520000; -4,6032450000
202200007793;19;3;2022;19:30;3;29;29061;1;1;1;3;D112;48,4311650000; -4,4722941000
202200007794;13;3;2022;15:30;1;29;29077;1;3;1;3;Lieu Dit Keribert;48,6118265405; -4,3856030703
202200007795;29;4;2022;14:45;1;93;93063;1;1;1;4;AUTOROUTE A3;48,8749100000;2,4393600000
202200007796;20;3;2022;13:15;1;29;29284;1;1;1;6;Lieu dit Kersauz;47,7985550000; -4,2362320000
202200007797;20;3;2022;13:30;1;02;02422;1;1;1;6;D946;49,9266380000;3,6296080000
202200007798;18;3;2022;17:20;1;02;02814;1;1;1;1;D1029;49,9191910000;3,6713920000
202200007799;28;4;2022;13:15;1;93;93053;1;1;1;5;AUTOROUTE A3;48,8980694688;2,4693498171
202200007800;20;3;2022;06:30;2;03;03157;1;1;1;7;D906e;46,2080090000;3,5008380000
202200007801;20;3;2022;05:20;3;15;15162;1;1;1;7;RD3 PR24;45,2854570000;2,6397820000
202200007802;20;3;2022;10:00;1;15;15255;1;1;1;6;Voie Romaine;44,9013260000;2,5408540000
202200007803;27;4;2022;21:00;3;93;93006;1;1;1;2;AUTOROUTE A3;48,8678700000;2,4279000000
202200007804;20;3;2022;12:30;1;26;26018;1;1;1;7;D359 PK2;44,2365630000;5,4373790000
202200007805;20;3;2022;10:15;1;58;58095;2;1;1;5;28 Route de Moulins;46,8267680000;3,4541810000
202200007806;27;4;2022;23:40;5;93;93013;1;1;1;2;AUTOROUTE A1;48,9385744444;2,4155606321
202200007807;19;3;2022;15:30;1;54;54533;2;3;1;3;Rue Emile Binda;49,3238700000;5,9254000000
202200007808;20;3;2022;18:00;1;50;50263;1;1;1;3;Route du Bois Leger;48,5444270000; -1,0076580000
202200007809;27;4;2022;22:45;5;93;93063;1;1;1;5;AUTOROUTE A3;48,8790700000;2,4485900000
202200007810;13;3;2022;20:15;5;45;45188;2;2;1;3;D2152 PR 43 + 145;47,9983580000;2,0876010000
202200007811;21;2;2022;16:30;1;45;45307;1;2;1;3;Les Hauts de la Selle;48,0591680000;2,8925640000
202200007812;17;4;2022;04:45;3;93;93051;1;1;1;2;A4;48,8354896904;2,5666343411
202200007813;19;3;2022;18:05;1;64;64009;1;1;1;7;Chemin Ostalapea;43,3988366136; -1,5935702456
202200007814;19;3;2022;17:25;1;73;73270;1;3;1;1;D32 /  CREVACOR;45,5683340000;6,1794230000