Num_Acc;jour;mois;an;hrmn;lum;dep;com;agg;int;atm;col;adr;lat;long
202200008054;15;10;2022;21:29;5;92;92026;2;1;1;2;PAUL DOUMER;48,8935802690;2,2603667378
202200008055;14;9;2022;11:15;1;74;74282;1;1;8;3;D1203;46,0400400000;6,2470580000
202200008056;15;10;2022;11:35;1;92;92007;2;3;1;6;BRIAND (AVENUE ARISTIDE) N° 100 A 160;48,7992060000;2,3228310000
202200008057;13;9;2022;15:42;1;69;69165;2;3;1;3;Route de Saint Vincent;46,1243370000;4,6338300000
202200008058;16;10;2022;07:15;3;09;09202;1;1;1;6;RD 919 - PK 30;43,0773750000;1,4792280000
202200008059;15;10;2022;06:10;3;84;84043;1;1;1;1;D942;43,9929920000;4,9135920000
202200008060;6;9;2022;14:15;1;32;32119;2;2;1;3;Avenue de Gounon;43,8602930000;0,0989900000
202200008061;14;9;2022;14:40;1;44;44129;2;1;1;7;7 Rue la Chere Soeur St Colomban;47,4364550000; -2,0862170000
202200008062;16;10;2022;00:40;3;84;84027;1;1;1;6;Route Départementale 237;44,1078950000;4,7272320000
202200008063;14;9;2022;16:50;1;02;02514;1;1;3;5;D2;49,3892730000;3,1153110000
202200008064;14;9;2022;00:22;3;02;02816;2;1;2;6;73 Rue Saint Denis;49,1765940000;3,5333650000
202200008065;15;10;2022;23:00;5;63;63349;2;2;1;2;D19;45,9407880000;2,8392790000
202200008066;13;9;2022;18:45;1;01;01199;1;1;1;1;Route de la Combe;46,0451450000;5,4183040000
202200008067;15;10;2022;21:05;3;29;29075;1;1;8;2;N12;48,4456197357; -4,3967511608
202200008068;14;9;2022;18:45;2;72;72333;2;1;1;6;Rue du Gue Hubert;48,0216170000;0,6493520000
202200008069;13;9;2022;12:35;1;72;72023;2;1;1;6;Rue Simone Veil;48,1759000000;0,2388780000
202200008070;15;10;2022;17:00;1;51;51508;1;1;2;7;D12;48,5951160000;4,4119550000
202200008071;16;10;2022;00:55;3;56;56206;1;6;8;6;Giratoire de Catric;47,6883990000; -2,7511525000
202200008072;14;9;2022;10:35;1;72;72073;1;1;1;2;Le pré de la groie d'en haut;48,0241820000;0,0655990000
202200008073;18;7;2022;13:00;1;49;49109;1;1;7;1;D960;47,1283160000; -0,6305440000
202200008074;15;10;2022;19:38;5;39;39434;2;1;1;6;;46,8482630000;5,6974732000
202200008075;14;9;2022;20:20;3;83;83149;1;9;1;1;1560 Route de Salernes;43,5739910000;6,2637370000
202200008076;14;9;2022;13:00;1;60;60486;2;3;8;3;Rue de la Libération;49,6656280000;2,3198050000
202200008077;15;10;2022;09:10;1;44;44128;1;3;8;3;9 le Pellerin;47,5491800000; -1,9475980000
202200008078;9;9;2022;17:30;1;18;18153;1;1;1;1;;46,6997240000;2,2996370000
202200008079;16;10;2022;20:30;3;29;29010;1;1;1;1;D30;48,5208260000; -4,1138540000
202200008080;14;9;2022;05:10;3;53;53137;1;1;2;1;La Luannière;48,0708460000; -0,9369220000
202200008081;15;10;2022;10:45;1;84;84002;1;1;1;2;RD 56, pk5;43,7266380000;5,4939580000
202200008082;12;9;2022;18:00;1;40;40321;1;1;1;7;D2;43,6448490000; -0,4385730000
202200008083;15;10;2022;23:45;3;54;54097;1;1;1;6;route départementale 180;48,5283221240;6,9223737710
202200008084;13;9;2022;18:00;1;85;85244;2;6;1;3;VC route de puy sec;46,4322520000; -0,7488080000
202200008085;13;9;2022;12:55;1;37;37218;2;1;1;6;8 Rue de l'Eglise;46,9677710000;1,0273210000
202200008086;16;10;2022;10:30;1;50;50403;1;6;1;3;D650;49,1674790000; -1,5894340000
202200008087;13;9;2022;20:00;3;48;48016;1;2;1;3;D31;44,4593310000;3,4523030000
202200008088;1;10;2022;10:30;1;45;45098;2;3;2;6;91 Rue du Maréchal Foch;47,8200760000;1,7546280000
202200008089;13;9;2022;10:15;1;88;88082;1;9;1;3;D392a;48,4729250000;6,9760660000
202200008090;16;10;2022;00:10;3;73;73283;1;1;1;6;D1090;45,6197260000;6,3068820000
202200008091;14;10;2022;18:15;1;07;07291;1;1;1;1;Route de Gras;44,4096200000;4,5157670000
202200008092;2;9;2022;09:00;1;49;49092;1;2;1;2;RD 756;47,2108490000; -0,8084710000
202200008093;16;10;2022;11:10;1;21;21527;1;1;1;6;RD 906;46,9463070000;4,6697960000
202200008094;14;9;2022;03:30;3;72;72231;1;1;1;6;A28;47,9451130000;0,3182180000
202200008095;16;10;2022;18:30;1;40;40209;2;1;1;3;909 Avenue du 8 Mai 1945;43,5561290000; -1,4391980000
202200008096;12;9;2022;18:10;1;24;24226;1;1;1;3;D936;44,8539521913;0,0119276047
202200008097;16;10;2022;18:45;1;85;85284;1;1;1;2;Route des sables;46,8007712300; -1,8811391290
202200008098;11;9;2022;07:10;2;31;31391;1;1;1;2;A64 point kilométrique 222.000;43,1272510000;0,9387950000
202200008099;2;10;2022;08:50;1;37;37109;2;1;2;6;138 Avenue du Général de Gaulle;47,3993160000;0,6429730000
202200008100;25;8;2022;16:40;1;18;18172;1;1;1;3;;46,7203870000;2,4522260000
202200008101;15;10;2022;19:05;1;30;30263;1;1;1;1;;43,9589664524;3,8308167458
202200008102;9;9;2022;19:15;1;22;22044;1;1;1;6;RN12;48,4766684626; -2,5892170894
202200008103;13;9;2022;15:30;1;973;97310;1;1;2;7;PK 32 - route de l'est - RN 2;4,6926450000; -52,3783920000
202200008104;15;10;2022;19:45;3;30;30103;1;3;1;3;;43,9507700000;4,6699300000
202200008105;15;10;2022;17:25;1;52;52306;1;1;3;7;D674;48,2607240000;5,3783170000
202200008106;14;9;2022;06:50;2;95;95351;1;1;1;4;RD 317;49,0364800025;2,5068354607
202200008107;15;10;2022;17:40;1;13;13069;2;9;1;1;impasse caronte;43,6427530000;5,1545620000
202200008108;10;9;2022;21:20;3;78;78164;1;1;1;7;D29;48,6001310000;1,9268560000
202200008109;16;10;2022;12:30;1;01;01069;1;1;1;6;Autoroute A40 P 153+300;46,1193430000;5,2868910000
202200008110;14;9;2022;16:00;1;66;66230;1;1;1;5;;42,6447940000;2,5075860000
202200008111;15;10;2022;19:00;1;31;31506;2;1;1;3;7 Avenue de Gameville;43,5548350000;1,5318500000
202200008112;14;9;2022;10:00;1;66;66065;2;1;1;6;35 boulevard Voltaire;42,6010539715;2,9719519615
202200008113;16;10;2022;04:10;3;987;98722;1;1;1;1;RT 2 - PK 19,100; -17,5153670000; -149,4117290000
202200008114;13;9;2022;22:50;3;84;84054;1;1;1;3;route de caumont;43,9044690000;5,0185500000
202200008115;16;10;2022;07:25;2;41;41155;1;1;1;6;115 Route de Blois;47,6603370000;1,5070630000
202200008116;16;10;2022;07:40;1;78;78108;1;1;1;6;Route de Mantes;48,7334400000;1,8338100000
202200008117;9;9;2022;17:55;1;13;13097;1;3;1;3;N568;43,5847630672;4,7652049141
202200008118;16;10;2022;03:20;3;34;34094;1;1;1;6;Route de Beziers;43,4295650000;3,2524140000
202200008119;13;9;2022;12:55;1;89;89384;1;9;1;6;;47,9076350000;3,3395340000
202200008120;13;9;2022;18:50;1;67;67065;1;1;1;1;M45;48,5754860000;7,5972600000
202200008121;30;8;2022;01:45;3;67;67523;1;1;1;7;D139;48,7684720000;7,7791630000
202200008122;14;10;2022;16:40;1;84;84092;2;2;1;1;Avenue François Lascour;43,9617310000;4,8600230000
202200008123;10;9;2022;18:15;1;67;67130;1;1;1;2;RD1083;48,4251280000;7,6415060000
202200008124;15;10;2022;18:30;2;13;13027;2;2;1;3;Boulevard Ernest Genevet;43,8878950000;4,8521430000
202200008125;14;9;2022;18:35;1;88;88098;2;1;1;1;Rue de Darney;48,1727830000;6,3328670000
202200008126;13;9;2022;17:00;1;42;42094;1;1;1;2;6 Route de Chambeon;45,7316360000;4,2073180000
202200008127;15;10;2022;19:55;3;71;71588;1;3;1;3;D979;46,4679040000;4,0587080000
202200008128;8;9;2022;10:40;1;38;38515;1;1;1;6;Route des Alpes;45,7043960000;5,3286910000
202200008129;8;9;2022;15:00;1;65;65123;1;1;1;3;route du col de Tourmalet;42,9556370000;0,2279020000
202200008130;14;10;2022;21:00;3;88;88147;1;1;3;7;D460;48,1514780000;6,2831280000
202200008131;13;9;2022;18:20;1;85;85003;1;4;1;3;VC la martinière;46,7440220000; -1,5572150000
202200008132;16;10;2022;01:00;3;26;26232;1;1;1;6;D68;44,8961940000;5,1184700000
202200008133;13;9;2022;22:30;3;53;53158;1;1;1;7;D124;48,0221300000; -0,9394710000
202200008134;13;9;2022;15:00;1;13;13028;1;1;1;3;A50-Sens Aubagne vers Toulon;43,2018600000;5,5940200000
202200008135;15;10;2022;17:15;1;01;01202;2;3;7;3;Avenue Montferrand;45,8987110000;5,3463400000
202200008136;12;9;2022;12:01;1;13;13001;1;9;1;7;A51-Sens Aix en Provence vers Marseille;43,5221500000;5,4268900000
202200008137;16;10;2022;01:05;3;69;69019;2;1;1;6;15 rue maréchal Foch;46,1120470000;4,7327360000
202200008138;12;9;2022;09:30;1;13;13211;1;1;1;3;A50-Sens Aubagne vers Marseille;43,2871900000;5,4374300000
202200008139;16;10;2022;03:20;3;69;69159;1;1;1;7;Route de Tarare;45,9727079741;4,6741032600
202200008140;13;9;2022;17:15;1;33;33281;1;1;1;4;ROCADE A 630;44,8344400000; -0,6766300000
202200008141;15;10;2022;20:05;3;17;17283;1;1;1;2;D732;45,5732420000; -0,5718040000
202200008142;8;9;2022;12:40;1;33;33122;1;1;1;4;AUTOROUTE A 63;44,7197190000; -0,7388700000
202200008143;16;10;2022;14:45;1;33;33448;2;3;1;3;Avenue du Cordon d'Or;44,7200960000; -0,5135570000
202200008144;13;9;2022;11:15;1;91;91589;1;1;1;2;AUTOROUTE A6;48,6701500000;2,3487700000
202200008145;15;10;2022;22:00;3;14;14046;1;1;1;6;D224;49,2248850000; -0,1515340000
202200008146;12;9;2022;21:50;3;94;94034;1;9;1;5;AUTOROUTE A6B;48,7564688398;2,3348937825
202200008147;16;10;2022;18:50;5;60;60570;2;3;1;3;Rue du Clos des Princes;49,2625890000;2,0654510000
202200008148;12;9;2022;21:50;5;92;92072;2;1;1;3;N118;48,8212822361;2,2194610728
202200008149;14;10;2022;21:10;3;13;13015;1;1;1;2;A51-Sens Aix en Provence vers Marseille;43,4422900000;5,3960400000
202200008150;12;9;2022;19:25;1;78;78140;1;1;1;2;A13;48,9595420000;1,9318630000
202200008151;14;10;2022;01:10;5;69;69256;1;1;2;3;Autoroute 46;45,8042030050;4,9253028631
202200008152;12;9;2022;08:00;2;78;78158;1;1;1;2;A13;48,8413140000;2,1029370000
202200008153;11;9;2022;23:30;3;93;93048;1;1;1;2;AUTOROUTE A86;48,8663945017;2,4814295769
202200008154;15;10;2022;19:50;3;33;33397;1;1;1;4;AUTOROUTE A 10;44,9160310000; -0,4781410000
202200008155;11;9;2022;22:00;3;93;93027;1;1;1;2;AUTOROUTE A86;48,9283100000;2,4124000000
202200008156;15;10;2022;08:30;1;91;91103;1;1;2;4;RN 104;48,6237700000;2,2977800000
202200008157;11;9;2022;22:20;3;93;93027;1;1;1;6;AUTOROUTE A86;48,9283600000;2,4126700000
202200008158;15;10;2022;00:59;5;92;92072;1;1;2;6;N118;48,8270146574;2,2242258975
202200008159;12;9;2022;17:20;1;77;77337;1;1;1;2;A4;48,8300800000;2,6168800000
202200008160;12;9;2022;17:00;1;93;93051;1;1;1;2;A4;48,8349688564;2,5786542892
202200008161;15;10;2022;00:05;3;78;78431;1;1;2;5;A13;48,9440200000;1,9499900000
202200008162;20;5;2022;16:50;1;38;38557;1;1;1;2;Autoroute A432 PK 018+700 sens VILLEFRANCHE/MARSEILLE;45,7853880000;5,0803990000
202200008163;14;10;2022;19:55;3;93;93063;1;1;3;3;AUTOROUTE A3;48,8743733216;2,4381279467
202200008164;14;10;2022;18:40;1;95;95582;1;1;2;7;RD 170;48,9642340000;2,2682050000
202200008165;29;5;2022;10:57;1;14;14384;2;1;1;6;D514;49,3170690000; -0,3495030000
202200008166;15;10;2022;10:10;1;95;95252;1;1;2;6;A15;48,9865657075;2,2105532885
202200008167;15;10;2022;09:15;3;95;95582;1;1;2;6; A15;48,9752078480;2,2427719831
202200008168;20;5;2022;15:40;1;26;26324;2;1;1;4;Avenue du Général de Gaulle;44,3458650000;4,7582980000
202200008169;14;10;2022;22:30;3;93;93053;1;1;8;6;AUTOROUTE A103;48,8874488088;2,4732059240
202200008170;12;9;2022;09:45;1;75;75116;2;1;1;3;BD PERIPHERIQUE INTERIEUR;48,8735780000;2,2752950000
202200008171;14;10;2022;18:00;1;95;95582;1;1;2;3;RD 170;48,9643240321;2,2683870792
202200008172;14;10;2022;06:30;3;93;93027;1;1;2;2;AUTOROUTE A86;48,9273600000;2,4035000000
202200008173;12;9;2022;09:55;1;75;75118;2;1;1;2;BD PERIPHERIQUE EXTERIEUR;48,9008440000;2,3670720000
202200008174;13;10;2022;22:30;3;95;95572;1;1;2;6;A15;49,0352748989;2,0988714695
202200008175;14;10;2022;22:45;5;94;94052;1;1;2;7;A86 INT;48,8353272552;2,4937909007
202200008176;11;9;2022;05:07;5;75;75119;2;3;1;6;AVENUE DE LA PORTE DE LA VILLETTE;48,8997670000;2,3880070000
202200008177;14;10;2022;08:15;1;69;69388;2;1;2;6;Passage des Alouettes;45,7391500000;4,8760600000
202200008178;14;10;2022;20:40;5;35;35238;2;6;3;6;KENNEDY (COURS JOHN-FITZGERALD);48,1213300000; -1,7043600000
202200008179;11;10;2022;20:30;5;95;95539;2;1;1;1;Rue de Marainval;49,0062720000;2,3593310000
202200008180;12;9;2022;15:45;1;75;75118;2;4;1;3;RUE DU PROFESSEUR GOSSET;48,9012493113;2,3441889882
202200008181;25;7;2022;15:10;1;33;33009;2;1;1;2;RD1250;44,6531400000; -1,1588500000
202200008182;14;10;2022;12:45;1;974;97416;2;1;1;6;LACAZE (RUE AMIRAL); -21,3400000000;55,4800000000
202200008183;14;10;2022;18:10;2;974;97411;1;1;7;2;VINH-SAN (BLD 1 DU PRINCE); -20,8789800000;55,4382500000
202200008184;30;6;2022;20:30;5;973;97302;2;1;1;6;SOURCE DE BADUEL (CHEMIN DE LA);4,9262000000; -52,3055400000
202200008185;30;6;2022;11:15;1;973;97302;2;1;1;3;RABAN (ROUTE DE);4,9359500000; -52,3147700000
202200008186;14;10;2022;14:45;1;973;97302;2;2;1;3;DE GAULLE (AVENUE);4,9395900000; -52,3284800000
202200008187;30;6;2022;08:20;1;973;97302;2;3;1;3;MONTABO (ROUTE DE) 3;4,9439229860; -52,3081907630
202200008188;1;7;2022;18:40;1;69;69386;2;3;1;6;Cours Vitton;45,7694900000;4,8523800000
202200008189;14;10;2022;15:35;1;973;97302;2;2;1;3;MANDELA  (BOULEVARD);4,9419459783; -52,3271204531
202200008190;1;7;2022;16:50;1;69;69383;2;2;1;3;Rue Jeanne d'Arc;45,7503700000;4,8842700000
202200008191;1;7;2022;13:40;1;69;69382;2;1;1;6;Quai Jules Courmont;45,7620700000;4,8383100000
202200008192;1;7;2022;15:00;1;971;97113;2;1;2;6;GENERAL DE GAULLE (AVENUE);16,2059039006; -61,4898025990
202200008193;13;10;2022;08:30;1;973;97302;2;2;1;3;DIGUE RONJON;4,9330400000; -52,3328000000
202200008194;30;6;2022;17:05;1;971;97120;2;3;1;3;CHANZY (BOULEVARD);16,2411500000; -61,5363800000
202200008195;13;10;2022;18:05;2;973;97302;2;3;2;3;MONTABO (ROUTE DE) 1;4,9428000000; -52,3060000000
202200008196;1;7;2022;16:41;1;2A;2A004;1;9;1;3;MEZZAVIA ROUTE DE;41,9478800000;8,7644600000
202200008197;1;7;2022;14:57;1;2A;2A004;1;1;1;3;T20;41,9345300000;8,8027800000
202200008198;13;10;2022;11:12;1;973;97302;2;1;1;3;RABAN (ROUTE DE);4,9259537778; -52,3133338988
202200008199;1;7;2022;17:28;1;95;95268;1;1;1;1;RD 84A;48,9595200000;2,4058500000
202200008200;30;6;2022;18:00;1;95;95288;1;1;1;2;RD 301;48,9860400000;2,3611500000
202200008201;26;6;2022;00:10;5;90;90010;2;1;1;3;VOLTAIRE (RUE);47,6440000000;6,8500000000
202200008202;14;10;2022;06:50;5;69;69386;2;3;2;7;Avenue de Grande-Bretagne;45,7767300000;4,8440100000
202200008203;30;6;2022;08:49;1;87;87085;1;1;3;4;SCHUMAN (BOULEVARD ROBERT);45,8598600000;1,2724200000
202200008204;14;10;2022;14:30;1;972;97213;1;2;1;6;ROUTE DEPARTEMENTALE 15 A;14,6109600000; -61,0014300000
202200008205;30;6;2022;14:31;1;87;87085;2;1;3;6;FERRY (RUE JULES);45,8273000000;1,2395600000
202200008206;29;6;2022;11:22;1;87;87085;2;1;1;3;AUTOROUTE A20;45,8375000000;1,2827300000
202200008207;13;10;2022;10:20;1;972;97213;2;1;1;2;ROUTE NATIONALE 1;14,6170920000; -61,0081610000
202200008208;30;6;2022;14:25;1;87;87085;2;1;3;7;GUERIN (RUE CAMILLE);45,8208500000;1,2303700000
202200008209;14;10;2022;08:59;1;2B;2B033;2;1;1;2;PAOLI DU NR 1 A 20 - BLD;42,6977800000;9,4491600000
202200008210;1;7;2022;18:03;1;86;86194;2;1;1;6;Boulevard Pont Achard;46,5776520000;0,3311938000
202200008211;1;4;2022;09:35;1;84;84087;2;3;8;6;ARTAUD (AVENUE ANTOINE);44,1414820000;4,8051670000
202200008212;13;10;2022;20:25;5;971;97109;2;1;1;5;BOUGAINVILIERS (CHEMINS DES);15,9959301915; -61,7083221674
202200008213;24;6;2022;17:40;1;84;84007;2;1;1;3;CARDINAL BERTRAND (Cours)-MONTFAVET;43,9328800000;4,8727000000
202200008214;3;5;2022;14:25;1;81;81065;2;1;1;3;166 Rue Marcel Briguiboul;43,5928600000;2,2322194000
202200008215;14;10;2022;21:15;5;91;91377;2;3;2;1;AV CARNOT;48,7288900000;2,2668900000
202200008216;14;10;2022;08:30;1;91;91286;2;1;8;6;MERIDIEN (QUARTIER DU);48,6562900000;2,3758200000
202200008217;14;10;2022;08:00;3;91;91027;2;1;2;6;AV JULES VALLES;48,6999600000;2,3757800000
202200008218;29;6;2022;16:13;1;77;77114;1;2;1;3;D471 / D216;48,7347500000;2,7009400000
202200008219;13;10;2022;17:56;1;87;87085;2;1;2;3;VANTEAUX (BOULEVARD DE);45,8206300000;1,2312500000
202200008220;1;7;2022;05:25;2;77;77186;1;5;1;6;D607;48,4077300000;2,6868800000
202200008221;8;9;2022;08:30;1;84;84007;2;9;7;2;MORIERES (Route de );43,9510000000;4,8490000000
202200008222;1;7;2022;10:30;1;76;76319;1;1;1;2;Avenue de Caen;49,3433626554;0,9767818451
202200008223;14;10;2022;07:21;2;83;83069;2;1;1;3;PALYVESTRE (CHEMIN DU);43,1008100000;6,1389600000
202200008224;9;5;2022;01:00;5;76;76351;2;2;1;3;FREDERIC BELLANGER;49,4954600000;0,0995200000
202200008225;1;7;2022;23:15;5;74;74012;2;6;1;3;GENEVE (RUE DE);46,1929500000;6,2325900000
202200008226;14;10;2022;19:45;2;81;81065;2;1;8;3;SICARD (BD.DES DOCTEURS);43,6080900000;2,2401900000
202200008227;2;7;2022;02:15;5;72;72181;2;3;1;1;ARCOLE (RUE D') N° IMP;48,0006700000;0,1922400000
202200008228;1;7;2022;04:30;5;72;72181;2;1;1;6;SABLE (RTE DE );47,9837230000;0,1535620000
202200008229;30;6;2022;09:30;1;72;72181;2;1;1;7;BROSSOLETTE PIERRE (BD) N° IMP;47,9787400000;0,2056000000
202200008230;11;10;2022;15:50;1;78;78498;2;2;1;3;HUGO BD VICTOR;48,9300200000;2,0440500000
202200008231;1;7;2022;16:15;1;69;69266;2;1;1;2;Allée du Frère Benoit;45,7867400000;4,8873200000
202200008232;1;7;2022;05:19;3;66;66136;1;1;1;4;;42,7121010000;2,9593751000
202200008233;30;6;2022;15:00;1;66;66136;2;9;1;2;GILLES (AVENUE GENERAL);42,6965800000;2,9224000000
202200008234;14;10;2022;23:30;5;77;77438;2;1;2;6;D418;48,8589000000;2,6710000000
202200008235;1;7;2022;23:16;5;64;64445;2;1;1;3;rue d'Étigny;43,2965700000; -0,3852000000
202200008236;1;7;2022;11:28;1;64;64102;2;1;1;3;Giratoire de Maignon;43,4628800000; -1,4955400000
202200008237;14;10;2022;07:40;5;72;72181;2;3;2;3;LAIGNE RUE DE N° IMP 229 A 385;47,9660100000;0,2096200000
202200008238;1;7;2022;10:53;1;64;64102;2;1;1;4;Boulevard d'Aritxague;43,4672000000; -1,4946000000
202200008239;14;10;2022;19:20;5;71;71153;2;1;2;2;MARECHAL FOCH (RUE);46,8032200000;4,4513800000
202200008240;1;7;2022;08:50;1;64;64102;2;1;1;2;Avenue de Sainte-Croix;43,4999700000; -1,4539800000
202200008241;1;7;2022;15:40;1;59;59599;2;1;1;6;GUERRE (RUE FIN DE LA);50,7300700000;3,1407000000
202200008242;30;6;2022;20:30;1;56;56121;2;1;1;3;31 Place Jules Ferry;47,7457100000; -3,3632700000
202200008243;14;10;2022;11:50;1;71;71153;2;2;2;2;PRESIDENT WILSON (RUE DU);46,7995900000;4,4398300000
202200008244;30;6;2022;12:21;1;56;56098;2;6;1;2;4a Rue Jean le Coutaller;47,7619100000; -3,3313400000
202200008245;1;7;2022;16:30;1;54;54547;2;3;1;6;HOLLANDE (RUE DE);48,6620784619;6,1808443666
202200008246;14;10;2022;11:30;1;71;71153;2;2;2;3;ETANG DE LA FORGE (rue);46,7975700000;4,4332500000
202200008247;30;6;2022;13:32;1;54;54329;2;1;1;6;Rue de la Résistance;48,5996100000;6,4894100000
202200008248;13;10;2022;09:30;1;71;71153;2;1;1;7;BEDOUINS (RUE DES);46,8104500000;4,4306600000
202200008249;30;6;2022;20:10;1;54;54549;1;1;1;6;RD400;48,6326100000;6,3255300000
202200008250;14;10;2022;07:15;2;69;69282;2;6;2;6;Avenue du Carreau;45,7669700000;4,9960200000
202200008251;1;7;2022;23:18;5;51;51454;2;4;1;3;boulevard Carteret;49,2585700000;4,0486800000
202200008252;14;10;2022;07:40;2;69;69115;2;1;1;2;Route d'Anse;45,9723800000;4,7169700000
202200008253;1;7;2022;18:00;1;51;51454;2;2;1;3;boulevard Albert 1er;49,2721500000;4,0127000000
202200008254;1;7;2022;08:53;1;51;51454;2;2;1;3;rue de Cernay;49,2575000000;4,0494700000
202200008255;12;10;2022;05:05;5;69;69199;2;2;1;3;Avenue Albert Ramboz;45,6945000000;4,8442200000
202200008256;1;7;2022;08:35;1;51;51454;2;3;1;3;rue de Rouen;49,2341500000;4,0141300000
202200008257;1;7;2022;19:01;1;49;49007;2;1;1;7;pont des confluences;47,4806400000; -0,5530600000
202200008258;14;10;2022;07:15;5;69;69290;2;1;2;3;224 Route de Grenoble;45,7167780410;4,9587713099
202200008259;1;7;2022;00:43;5;49;49007;2;2;1;3;GASNIER AVENUE;47,4874200000; -0,5734800000
202200008260;14;10;2022;21:44;5;68;68224;2;1;2;3;STOESSEL (BOULEVARD CHARLES);47,7372500000;7,3190100000
202200008261;30;6;2022;21:51;2;49;49353;2;3;1;3;JEAN JAURES RUE;47,4451000000; -0,5034000000
202200008262;1;7;2022;08:30;1;47;47001;2;1;1;5;PONT DE PIERRE;44,1949242571;0,6106209754
202200008263;13;10;2022;19:30;5;67;67447;2;1;1;2;PIERRE MENDES FRANCE (AVENUE);48,6001160000;7,7537110000
202200008264;27;6;2022;17:05;1;42;42186;2;3;1;3;Rue Edouard Vaillant;45,5194200000;4,5950200000
202200008265;14;10;2022;13:35;1;64;64445;2;9;2;2;cours Lyautey;43,3093000000; -0,3636000000
202200008266;1;7;2022;12:15;1;42;42184;2;1;1;2;Rue du Maréchal Foch;46,0397000000;4,0185200000
202200008267;24;6;2022;18:25;1;40;40192;2;1;1;2;ROCADE EST (RD 932 E);43,8734100000; -0,4703900000
202200008268;14;10;2022;10:52;1;64;64024;2;1;1;3;Avenue de l' Adour;43,5101900000; -1,4995400000
202200008269;1;7;2022;16:55;1;37;37261;2;1;1;2;GANCE (BOULEVARD ABEL);47,4277400000;0,7087200000
202200008270;13;10;2022;23:44;5;64;64102;2;1;1;6;NAVARRE (AVENUE HENRI DE);43,5125640000; -1,4379990000
202200008271;1;7;2022;09:13;1;37;37261;2;6;7;3;DOUETS (RUE DES);47,4327613472;0,6859776378
202200008272;1;7;2022;07:52;1;37;37122;2;1;7;2;BRETONNIERES (BOULEVARD DES);47,3444061587;0,6327009201
202200008273;13;10;2022;10:55;1;64;64102;2;1;1;1;Avenue de l'Aquitaine;43,4862651958; -1,4665031433
202200008274;30;6;2022;20:20;1;35;35288;2;6;1;3;GRAND JARDIN (RUE DU);48,6266800000; -1,9850000000
202200008275;1;7;2022;09:20;1;35;35238;2;2;1;3;CHATEAUGIRON (DE);48,1018775711; -1,6563472152
202200008276;1;7;2022;21:14;2;33;33200;2;3;7;3;Rue de la Liberté;44,8728000000; -0,6814200000
202200008277;13;10;2022;10:45;1;64;64102;2;1;1;2;Avenue Maréchal Soult;43,4850900000; -1,4947700000
202200008278;1;7;2022;23:10;5;33;33063;2;3;1;3;Cours de la Somme;44,8162800000; -0,5723400000
202200008279;30;6;2022;08:35;1;33;33063;2;1;2;2;Rue du Pas Saint-Georges;44,8392000000; -0,5719800000
202200008280;30;6;2022;08:00;1;33;33069;2;1;2;3;Avenue d'Eysines;44,8637100000; -0,6195500000
202200008281;10;10;2022;08:05;1;64;64102;2;2;8;3;Avenue Louis de Foix;43,5045000000; -1,4673500000
202200008282;1;7;2022;13:50;1;31;31555;2;1;1;1;AV DES ETATS UNIS;43,6625600000;1,4153200000
202200008283;13;10;2022;18:15;1;63;63193;1;1;2;7;M 52;45,7627200000;3,2062900000
202200008284;1;7;2022;11:00;1;31;31555;1;1;1;2;A624;43,6046000000;1,3990000000
202200008285;1;10;2022;09:30;1;62;62215;2;9;1;6;RD 919;50,4929600000;2,9849900000
202200008286;1;7;2022;20:20;1;25;25388;2;4;1;2;;47,5029770809;6,8023791094
202200008287;22;6;2022;15:27;1;70;70285;1;1;1;3;;47,5877066000;6,7663688000
202200008288;14;10;2022;19:45;5;59;59378;2;2;1;3;CLEMENCEAU BLVD (N°168-294);50,6578928814;3,1030100584
202200008289;1;7;2022;10:50;1;21;21231;2;3;1;6;OUEST (DE L') (BOULEVARD);47,3240200000;5,0174400000
202200008290;24;6;2022;09:45;1;13;13077;2;1;1;6;NEDELEC CHARLES (rue);43,4063000000;4,9846400000
202200008291;11;10;2022;13:45;1;59;59183;2;1;1;6;PORTE D'EAU;51,0363702164;2,3846018314
202200008292;2;7;2022;00:10;5;13;13210;2;1;1;3;ELLEON (AVENUE);43,2837287927;5,4428359618
202200008293;14;10;2022;07:05;5;57;57463;2;2;2;3;GENERAL METMAN;49,1201000000;6,2167000000
202200008294;1;7;2022;20:30;2;13;13208;2;1;1;3;PRADO (AVENUE DU);43,2808700000;5,3872700000
202200008295;1;7;2022;19:00;1;13;13209;2;6;1;3;LUMINY (AVENUE DE);43,2380100000;5,4360400000
202200008296;14;10;2022;07:53;3;56;56162;2;6;2;3;24 Rue du Fort Bloque;47,7365600000; -3,4324800000
202200008297;1;7;2022;17:50;1;13;13206;2;2;1;3;LIEUTAUD (COURS);43,2882900000;5,3846000000
202200008298;1;7;2022;08:30;1;13;13208;2;4;1;3;PARANGON (TRAVERSE);43,2424780474;5,3796275792
202200008299;30;6;2022;19:45;1;13;13001;2;1;1;4;DE LATTRE DE TASSIGNY (AV);43,5327700000;5,4369900000
202200008300;14;10;2022;23:00;5;54;54304;1;1;2;1;QUATRE VENTS (AVENUE DES);48,6995000000;6,1366000000