Num_Acc;jour;mois;an;hrmn;lum;dep;com;agg;int;atm;col;adr;lat;long
202200008301;29;6;2022;11:30;1;11;11069;2;3;1;3;124 Route de Saint Hilaire;43,2026600000;2,3597000000
202200008302;29;6;2022;08:35;1;11;11069;2;6;1;3;;43,2149900000;2,3668500000
202200008303;14;10;2022;12:30;1;51;51454;2;2;8;1;boulevard des Belges;49,2762981554;4,0268674493
202200008304;1;7;2022;18:34;1;10;10387;2;1;1;4;GEORGES POMPIDOU (RUE);48,2977100000;4,0952690000
202200008305;13;10;2022;12:05;1;51;51454;2;6;1;3;rond-point de la Défense;49,2466300000;4,0621700000
202200008306;1;7;2022;18:49;1;06;06088;2;1;1;3;CESSOLE (BD DE) (A PARTIR DU 101-114);43,7203000000;7,2515400000
202200008307;29;6;2022;19:31;1;06;06088;2;1;1;6;ANGLAIS (DU N° 45 AU N° 112);43,6919300000;7,2484400000
202200008308;14;10;2022;08:30;2;50;50129;2;2;2;6;COTENTIN (BOULEVARD DU);49,6373600000; -1,5748700000
202200008309;1;7;2022;07:43;1;06;06069;2;1;1;2;DE LATTRE DE TASSIGNY (AVENUE DU MARECHA;43,6495200000;6,9233330000
202200008310;13;10;2022;08:55;1;50;50129;2;3;2;3;GOUBERT (RUE JEAN);49,6479700000; -1,5868800000
202200008311;1;7;2022;11:00;1;06;06029;2;1;1;3;CROISETTE (BOULEVARD DE);43,5514600000;7,0168000000
202200008312;14;10;2022;11:05;1;49;49099;2;6;2;7;MOINIE(BOULEVARD DE LA );47,0590000000; -0,9040000000
202200008313;1;7;2022;16:18;1;75;75115;2;4;1;6;QUAI D ISSY LES MOULINEAUX;48,8353140000;2,2721280000
202200008314;14;10;2022;15:00;1;49;49007;2;1;2;6;PROUDHON;47,4691000000; -0,6021200000
202200008315;1;7;2022;08:30;1;75;75118;2;1;1;3;PORTE DE LA CHAPELLE;48,9008990000;2,3616080000
202200008316;14;10;2022;13:05;1;45;45234;2;1;2;3;30 Avenue de la Bolière;47,8314650000;1,9286680000
202200008317;30;6;2022;23:00;5;75;75117;2;1;1;5;PORTE DE CHAMPERRET;48,8865230000;2,2891010000
202200008318;14;10;2022;13:20;1;43;43251;2;9;1;3;Avenue Jeanne d'Arc;45,0265800000;3,8805700000
202200008319;30;6;2022;19:40;1;75;75120;2;1;1;4;PORTE DE MONTREUIL;48,8563440000;2,4139230000
202200008320;13;10;2022;16:55;1;43;43157;2;1;1;7;Boulevard Philippe Jourde;45,0397680000;3,8900160000
202200008321;29;6;2022;11:15;1;75;75119;2;1;1;2;BOULEVARD PERIPHERIQUE EXTERIEUR NORD  ;48,9004790000;2,3752800000
202200008322;1;7;2022;15:00;1;75;75105;2;2;1;2;RUE POLIVEAU;48,8396950000;2,3566150000
202200008323;1;7;2022;19:20;1;75;75118;2;3;1;3;AVENUE DE LA PORTE DES POISSONNIERS;48,8996420000;2,3523520000
202200008324;13;10;2022;17:10;1;41;41018;2;1;2;7;DUPUIS (BOULEVARD DANIEL);47,5809900000;1,3222480000
202200008325;1;7;2022;12:50;1;75;75118;2;3;1;6;AVENUE DE LA PORTE DES POISSONNIERS;48,8984800000;2,3524720000
202200008326;30;6;2022;21:15;1;75;75118;2;1;1;3;RUE RAMEY;48,8899780000;2,3458760000
202200008327;30;6;2022;10:18;1;75;75118;2;1;2;3;AVENUE DE LA PORTE DE MONTMARTRE;48,8983270000;2,3369830000
202200008328;30;6;2022;22:35;5;75;75118;2;5;1;3;AVENUE DE SAINT OUEN;48,8930200000;2,3274450000
202200008329;1;7;2022;12:15;1;75;75116;2;1;1;3;BOULEVARD SUCHET;48,8514570000;2,2608850000
202200008330;1;7;2022;09:00;1;75;75116;2;2;1;3;BOULEVARD EXELMANS;48,8431550000;2,2602100000
202200008331;30;6;2022;12:40;1;75;75116;2;2;3;3;AVENUE DE MALAKOFF;48,8750890000;2,2839660000
202200008332;1;7;2022;10:42;1;75;75115;2;3;1;3;BOULEVARD LEFEBVRE;48,8311260000;2,2924640000
202200008333;1;7;2022;06:50;1;75;75115;2;2;1;3;RUE DE LA CONVENTION;48,8380320000;2,2946830000
202200008334;1;7;2022;11:45;1;75;75114;2;4;1;4;BOULEVARD RASPAIL;48,8387500000;2,3308790000
202200008335;1;7;2022;13:15;1;75;75113;2;2;1;6;RUE NEUVE TOLBIAC;48,8306030000;2,3768210000
202200008336;1;7;2022;03:20;5;75;75113;2;2;1;6;RUE REGNAULT;48,8229290000;2,3687300000
202200008337;30;6;2022;23:55;5;75;75113;2;2;1;7;RUE DE L ESPERANCE;48,8256740000;2,3472470000
202200008338;1;7;2022;22:10;5;75;75112;2;1;1;6;BOULEVARD DE REUILLY;48,8391670000;2,3913300000
202200008339;1;7;2022;13:20;1;75;75112;2;3;1;3;RUE DE PICPUS;48,8462430000;2,3944990000
202200008340;30;6;2022;08:30;1;75;75112;2;2;2;3;RUE DE CHARENTON;48,8318290000;2,3976720000
202200008341;1;7;2022;04:35;5;75;75109;2;7;1;6;PLACE DE CLICHY;48,8834570000;2,3276970000
202200008342;1;7;2022;20:15;1;75;75108;2;5;1;6;RUE DARU;48,8771420000;2,3003370000
202200008343;1;7;2022;07:55;1;75;75115;2;3;1;6;RUE DE VOUILLE;48,8354370000;2,3027200000
202200008344;1;7;2022;17:40;1;75;75104;2;3;1;3;RUE DE RIVOLI;48,8563140000;2,3566390000
202200008345;30;6;2022;18:40;1;75;75101;2;3;1;7;RUE SAINT DENIS;48,8582830000;2,3473210000
202200008346;1;7;2022;21:40;1;94;94078;2;1;1;3;Avenue de Choisy;48,7477300000;2,4360700000
202200008347;1;7;2022;16:20;1;94;94065;2;3;1;3;SAGITTAIRE (R DU);48,7437850000;2,3572550000
202200008348;1;7;2022;18:00;1;94;94028;2;3;1;4;Avenue du Général de Gaulle / Route de Choisy;48,7857200000;2,4493200000
202200008349;30;6;2022;20:55;2;94;94028;2;3;1;1;Rue Neuve / Rue Charles Beuvin;48,8024100000;2,4552700000
202200008350;1;7;2022;21:10;2;94;94077;2;1;1;2;Avenue le Foll;48,7277000000;2,4360400000
202200008351;1;7;2022;18:20;1;94;94022;2;3;1;2;Avenue Victor Hugo / Rue d'Alsace-lorraine;48,7687065718;2,4207031799
202200008352;1;7;2022;16:43;1;94;94022;2;1;1;6;Allée des Lilas;48,7734294158;2,4194569946
202200008353;27;6;2022;20:37;1;93;93066;2;1;1;6;Avenue du Franc Moisin;48,9270860553;2,3724085093
202200008354;1;7;2022;03:30;5;93;93066;2;9;1;6;Rue Paul Eluard;48,9388752247;2,3490035534
202200008355;1;7;2022;05:55;1;93;93050;2;1;1;1;Rue du Docteur Schapira;48,8552700000;2,5267700000
202200008356;1;7;2022;11:17;1;93;93001;2;1;1;1;92 Rue de la Haie Coq;48,9052585708;2,3725667596
202200008357;29;6;2022;18:20;1;92;92022;2;1;1;7;JOUY (RUE DE);48,7998387427;2,1860016882
202200008358;1;7;2022;12:30;1;92;92064;2;3;1;3;MONT VALERIEN;48,8524523206;2,2162627727
202200008359;1;7;2022;12:10;1;92;92064;2;2;1;3;PLACE CLEMENCEAU;48,8416328777;2,2218838781
202200008360;1;7;2022;09:40;1;92;92063;2;3;1;3;HUGO (AVENUE VICTOR);48,8859679274;2,1756552270
202200008361;1;7;2022;08:55;1;92;92063;2;1;1;1;COLMAR (AVENUE DE);48,8867600000;2,1756300000
202200008362;1;7;2022;21:45;5;92;92050;2;1;1;3;VAILLANT COUTURIER PAUL RUE;48,8785557593;2,2118471860
202200008363;1;7;2022;19:40;1;92;92020;2;1;1;6;PARIS AVENUE DE N° IMPAIRS;48,8082580000;2,2957770000
202200008364;30;6;2022;18:00;1;92;92040;2;1;1;3;GALLIENI (BOULEVARD);48,8281319495;2,2674673498
202200008365;1;7;2022;13:45;1;92;92035;2;1;1;2;Général de Gaulle  ( avenue du );48,9084581736;2,2554084062
202200008366;30;6;2022;18:55;1;92;92035;2;1;1;6;Cambon ( rue );48,9130485168;2,2566178143
202200008367;30;6;2022;07:00;1;92;92025;2;9;2;1;STALINGRAD (AV DE);48,9287895756;2,2688626349
202200008368;1;7;2022;11:55;1;92;92060;2;1;1;6;ARISTIDE BRIAND (AVENUE) A PARTIR N°17;48,7797642876;2,2601695955
202200008369;27;6;2022;23:31;5;92;92009;2;1;1;3;ARGENTEUIL AV D';48,9194448015;2,2802663147
202200008370;27;6;2022;18:00;1;92;92004;1;1;1;6;STATION ( RUE );48,9067201693;2,2851087749
202200008371;1;7;2022;18:15;1;92;92002;2;1;1;2;ARISTIDE BRIAND (AVENUE);48,7581406910;2,3068484813
202200008372;28;6;2022;22:20;3;66;66024;1;1;1;6;Autotroute A9 sens ESPAGNE/FRANCE;42,5381880000;2,8403090000
202200008373;28;6;2022;14:35;1;71;71166;1;1;1;1;D985;46,7450700000;4,0580960000
202200008374;1;7;2022;15:00;1;51;51582;1;4;7;7;D26;49,3024450000;3,9038100000
202200008375;2;7;2022;02:45;3;31;31150;1;1;1;6;N224;43,6609180000;1,3508890000
202200008376;1;7;2022;00:25;5;65;65283;1;3;1;6;Route du Col de Peyresourde;42,8088730000;0,4212780000
202200008377;2;7;2022;13:10;1;71;71490;1;2;1;3;Chemin du gué;46,5277450000;4,1269221000
202200008378;1;7;2022;10:15;1;68;68090;2;1;1;6;8 Place Mazarin;47,4938690000;7,3138290000
202200008379;2;7;2022;11:45;1;39;39133;1;1;1;6;;46,8928340000;5,8791770000
202200008380;2;7;2022;18:00;1;25;25082;2;3;1;3;Rue de la Plaine;47,4092560000;6,7724650000
202200008381;2;7;2022;00:20;5;25;25112;2;3;1;6;Route de Belfort;47,2644480000;6,0661540000
202200008382;1;7;2022;18:30;1;31;31315;2;1;1;1;Avenue du Couserans;43,0788140000;0,9567010000
202200008383;2;7;2022;10:00;1;38;38518;1;1;1;6;D26;44,8944990000;5,8694080000
202200008384;1;7;2022;12:49;1;02;02467;1;1;1;7;5 Rue des Pres;49,1881420000;3,2450810000
202200008385;1;7;2022;16:52;1;02;02131;2;1;1;6;14 Rue Quinquet;49,3910060000;3,3920080000
202200008386;1;7;2022;20:40;2;01;01152;2;1;1;3;1468 Route du Haut-Jura;46,2208030000;5,7375240000
202200008387;2;7;2022;09:25;1;01;01321;2;1;1;2;Route de Tossiat;46,1591190000;5,3277040000
202200008388;2;7;2022;14:00;1;70;70120;1;1;1;6;Avenue de France;47,6902950000;6,6696020000
202200008389;2;7;2022;16:15;1;26;26086;1;1;1;7;D539;44,6739400000;5,5614100000
202200008390;2;7;2022;02:30;3;54;54086;2;1;1;6;35 Route de Commercy;48,7508320000;5,7630040000
202200008391;2;7;2022;19:15;1;14;14203;1;3;1;3;A13;49,2306580000; -0,0866030000
202200008392;2;7;2022;12:30;1;14;14754;2;1;1;2;D118;49,3212280742;0,0151705742
202200008393;29;6;2022;11:50;1;90;90004;1;9;1;3;Intersection D18 / N19;47,5981550000;6,8071350000
202200008394;1;7;2022;08:50;1;83;83139;1;1;1;3;D77;43,6036530000;6,2752570000
202200008395;1;7;2022;16:00;1;73;73184;1;3;1;3;D921 route du Lac;45,5792500000;5,7933350000
202200008396;1;7;2022;20:30;1;18;18142;1;1;1;7;;46,7723240000;2,5112770000
202200008397;2;7;2022;18:40;1;21;21023;2;1;1;1;Rue René Laforge;47,1315460000;4,4884620000
202200008398;2;7;2022;11:51;1;40;40268;1;1;1;6;D12;43,5429430000; -1,2752570000
202200008399;2;7;2022;18:20;1;27;27049;2;1;1;6;Route de la Barre (Landepéreuse);49,0015180000;0,6389000000
202200008400;2;7;2022;06:25;2;48;48092;1;1;1;6;Route de l Empery;44,5521450000;3,3160900000
202200008401;1;7;2022;17:30;1;08;08349;1;1;1;6;D317;49,6661940000;5,1700330000
202200008402;2;7;2022;00:00;3;31;31433;1;1;1;2;a.64 PK 281+700;43,5256510000;1,3816380000
202200008403;2;7;2022;10:55;1;53;53096;1;1;1;3;Route nationale 12 PK 067.900;48,3004356768; -0,9660643960
202200008404;1;7;2022;16:20;1;34;34256;1;1;1;4;A9 PK 084+650;43,6855320000;4,0503500000
202200008405;19;6;2022;18:30;1;30;30169;1;1;1;4;;43,7917000000;4,3029000000
202200008406;2;7;2022;10:10;1;58;58296;1;1;1;7;N7;46,6876010000;3,2194130000
202200008407;2;7;2022;07:20;2;13;13103;1;1;1;2;A54 - PK 062+200 - SENS SALON - ARLES;43,6398640000;5,0091650000
202200008408;2;7;2022;07:30;1;988;98824;2;1;1;1;TRIBU DE ST LOUIS; -20,3676100000;164,5620200000
202200008409;2;7;2022;12:50;1;976;97608;2;1;1;1;Route des Badamiers; -12,7840970000;45,2751950000
202200008410;2;7;2022;12:40;1;976;97615;2;1;1;1;Route Nationale 4; -12,7977820000;45,2759300000
202200008411;2;7;2022;11:35;1;41;41155;1;4;1;2;D112;47,6626710000;1,5339550000
202200008412;2;7;2022;16:30;1;95;95370;1;1;1;1;RD 28;49,1424370000;1,9813390000
202200008413;22;6;2022;09:00;1;78;78522;1;2;1;3;Intersection D988 et D149;48,5935520000;1,9925000000
202200008414;2;7;2022;19:55;1;78;78668;1;1;1;6;PK 58.700;49,0211760000;1,5540040000
202200008415;1;7;2022;11:50;1;2B;2B148;2;3;1;1;Corsu Di l Aeroportu;42,5499470000;9,4532420000
202200008416;28;6;2022;06:20;2;84;84078;2;2;1;3;Rue des Anciens Combattants;44,2405800000;4,7117350000
202200008417;1;7;2022;14:10;1;63;63449;1;1;1;7;D145;45,6103848512;2,9522109032
202200008418;2;7;2022;02:50;3;42;42304;1;1;1;6;Route de Saint Romain;45,5271160000;4,1594280000
202200008419;1;7;2022;10:00;1;38;38072;1;3;1;1;Route de Grenoble;45,3172151000;4,8104990000
202200008420;1;7;2022;20:40;2;07;07324;2;1;1;6;Quai Charles de Gaulle;45,0667110000;4,8368310000
202200008421;1;7;2022;18:15;1;01;01386;1;3;1;3;D20;45,8841080000;5,3453850000
202200008422;1;7;2022;15:30;1;09;09160;2;1;1;6;3 Av du Onze Novembre 1918;42,9333800000;1,8490020000
202200008423;30;6;2022;17:15;1;79;79049;2;3;1;3;;46,8385380000; -0,4955380000
202200008424;1;7;2022;19:05;1;86;86247;1;2;1;3;D104;46,1485820000;0,2238740000
202200008425;2;7;2022;16:45;1;02;02553;2;9;1;1;Route des Ardennes;49,5659960000;4,0561630000
202200008426;2;7;2022;12:20;1;80;80467;1;2;1;3;D1017;49,6695790000;2,7594460000
202200008427;28;6;2022;09:00;1;13;13215;1;1;1;6;A7-Sens Lyon vers Marseille;43,3758715819;5,3598573803
202200008428;28;6;2022;07:50;1;13;13071;1;1;1;5;A7-Sens Marseille vers Lyon;43,4051300000;5,2966500000
202200008429;30;6;2022;20:50;1;83;83112;1;1;1;1;A50;43,2015470802;5,7253789902
202200008430;10;2;2022;20:40;5;13;13214;2;3;1;6;ALPHONSE ALLAIS (RUE);43,3408000000;5,3823800000
202200008431;10;2;2022;12:55;1;13;13201;2;1;1;3;BELGES (QUAI DES);43,2944300000;5,3745900000
202200008432;10;2;2022;09:25;1;13;13210;2;2;1;2;JACQUES HEBERT (RUE);43,2831502436;5,3928188156
202200008433;10;2;2022;02:40;5;13;13208;2;9;1;2;RABATAU (BOULEVARD);43,2772321562;5,3986553919
202200008434;9;2;2022;19:50;5;13;13206;2;1;1;1;CASTELLANE (PLACE);43,2860800000;5,3839100000
202200008435;9;2;2022;13:54;1;10;10321;2;3;1;3;Rue Auguste Buck;48,2866471053;4,0190380812
202200008436;9;2;2022;12:56;1;10;10387;2;1;1;2;GOURNAY (RUE DE);48,2994400000;4,0896600000
202200008437;10;2;2022;12:25;1;09;09122;2;1;1;1;VICTOR HUGO (RUE);42,9462090000;1,6250680000
202200008438;9;2;2022;10:10;1;09;09122;2;1;1;6;ESPAGNE (ROUTE D');42,9551200000;1,6239100000
202200008439;10;2;2022;21:08;5;08;08105;2;2;2;3;MARCEAU RUE;49,7511687445;4,7249469459
202200008440;9;2;2022;16:50;1;06;06069;2;1;1;7;FANTON D'ANDON (ROND-POINT JEAN);43,6550370000;6,9391180000
202200008441;10;2;2022;16:25;1;01;01053;2;3;1;5;Avenue Marechal Juin;46,1895460000;5,2434930000
202200008442;10;2;2022;18:30;5;75;75113;2;1;2;3;QUAI D IVRY;48,8256750000;2,3866930000
202200008443;10;2;2022;13:00;1;75;75120;2;1;1;3;PORTE DE MONTREUIL;48,8544570000;2,4138350000
202200008444;10;2;2022;20:45;5;75;75120;2;7;3;6;RUE BELGRAND;48,8648860000;2,3988140000
202200008445;10;2;2022;20:15;5;75;75118;2;3;2;6;RUE DE LA CHAPELLE;48,8933160000;2,3596240000
202200008446;10;2;2022;19:35;5;75;75117;2;3;2;6;AVENUE DES TERNES;48,8789870000;2,2927910000
202200008447;10;2;2022;09:30;1;75;75117;2;7;1;3;PLACE DE VERDUN;48,8789500000;2,2803290000
202200008448;10;2;2022;19:00;5;75;75107;2;1;2;3;AVENUE DUQUESNE;48,8522740000;2,3092180000
202200008449;9;2;2022;12:05;1;75;75114;2;2;1;3;RUE DU PERE CORENTIN;48,8244850000;2,3283210000
202200008450;10;2;2022;17:15;1;75;75113;2;1;1;6;AVENUE D ITALIE;48,8199070000;2,3592450000
202200008451;10;2;2022;21:10;5;75;75112;2;2;2;6;BOULEVARD SOULT;48,8441850000;2,4101250000
202200008452;8;2;2022;18:40;5;75;75112;2;2;1;6;BOULEVARD DE BERCY;48,8404210000;2,3789960000
202200008453;10;2;2022;20:47;5;75;75111;2;4;2;6;AVENUE LEDRU ROLLIN;48,8545650000;2,3780800000
202200008454;10;2;2022;20:38;5;75;75110;2;4;2;3;RUE LA FAYETTE;48,8824430000;2,3691700000
202200008455;10;2;2022;15:45;1;75;75110;2;2;1;2;RUE LA FAYETTE;48,8813260000;2,3647180000
202200008456;10;2;2022;15:10;1;75;75107;2;3;1;7;AVENUE DE SEGUR;48,8508940000;2,3089390000
202200008457;10;2;2022;15:40;1;75;75102;2;2;1;6;BOULEVARD DE SEBASTOPOL;48,8670320000;2,3529370000
202200008458;10;2;2022;07:15;5;94;94081;2;3;1;1;Quai Jules Guesde;48,7833500000;2,4178300000
202200008459;10;2;2022;21:00;5;94;94067;2;9;2;3;Rue du Lac;48,8414100000;2,4183400000
202200008460;10;2;2022;13:50;1;94;94043;2;1;2;3;Avenue de Fontainebleau;48,8159000000;2,3603200000
202200008461;9;2;2022;15:15;1;94;94054;2;3;1;2;Route Charles Tillon / Rue Nungesser;48,7397700000;2,3898800000
202200008462;10;2;2022;14:45;1;94;94069;2;1;2;5;Pont de Charenton;48,8170800000;2,4198300000
202200008463;10;2;2022;21:30;5;93;93027;2;1;8;3;ZOLA (RUE EMILE);48,9201800000;2,3870800000
202200008464;10;2;2022;15:32;1;93;93007;2;1;2;7;Rue Eugène Varlin;48,9240500000;2,4804300000
202200008465;10;2;2022;17:35;1;92;92046;2;2;1;4;GARMANTS (RUE DES);48,8128065899;2,2796923220
202200008466;9;2;2022;17:03;1;92;92063;2;1;1;3;POMPIDOU (AVENUE DU PRESIDENT);48,8671713623;2,2002359032
202200008467;10;2;2022;18:24;5;92;92026;2;1;2;6;VERDUN 1916 ( AVENUE DE );48,9031800000;2,2580900000
202200008468;9;2;2022;07:45;1;92;92025;2;1;1;6;GABRIEL PERI (RUE);48,9185210000;2,2396720000
202200008469;10;2;2022;18:05;5;92;92023;2;6;2;3;PETIT CLAMART (ROND POINT DU);48,7768535576;2,2301315367
202200008470;10;2;2022;12:00;1;92;92009;2;1;1;6;ARGENTEUIL N° 176 A 388;48,9264101938;2,2736187279
202200008471;11;2;2022;02:10;3;95;95504;1;1;8;7; A16;49,1030903639;2,2669172287
202200008472;14;1;2022;10:50;1;51;51649;2;1;7;7;Faubourg Léon Bourgeois;48,7220840000;4,5920370000
202200008473;8;2;2022;15:25;1;38;38344;1;3;1;2;Nationale 7;45,4039040000;4,8103170000
202200008474;10;2;2022;15:20;1;73;73085;2;3;1;3;D57 / D991 Route de Seyssel;45,8300550000;5,8428280000
202200008475;11;2;2022;09:15;1;22;22048;1;3;1;3;La Ville au Sang;48,4669630065; -2,1234848500
202200008476;11;2;2022;09:20;1;06;06161;2;9;1;2;Route du Bord de Mer;43,6402060000;7,1400350000
202200008477;10;2;2022;20:15;3;972;97214;1;1;1;1;RN1;14,8327050000; -61,0431670000
202200008478;9;2;2022;18:21;5;67;67150;2;2;1;1;RD 30 / R 1004;48,6102612299;7,5593447685
202200008479;11;2;2022;18:35;5;69;69260;2;1;1;6;150 Rue du Pont;45,6471310000;4,8140130000
202200008480;11;2;2022;16:34;1;95;95652;2;1;1;6;Rue de Paris;49,1270404753;2,3702064157
202200008481;10;2;2022;13:00;1;56;56206;1;1;1;3;465 Route de Plescop, Kervaines;47,6984770000; -2,7779640000
202200008482;9;2;2022;14:05;1;74;74170;2;1;1;6;231 Route de Rumilly;45,8311210000;5,9203290000
202200008483;11;2;2022;17:00;1;82;82037;2;1;9;6;route Départementale 117;44,1543990000;1,5301900000
202200008484;11;2;2022;17:28;1;63;63397;1;9;1;6;D922;45,6005720000;2,6917170000
202200008485;11;2;2022;15:45;1;55;55445;1;1;1;7;618;49,4052034569;5,6213033460
202200008486;10;2;2022;14:00;1;86;86288;1;1;1;1;Lieu Dit la Moraliere;46,7206930000;0,8171350000
202200008487;11;2;2022;09:20;1;29;29217;1;1;1;6;N165;47,8847626745; -3,7522935815
202200008488;10;2;2022;16:50;1;38;38314;2;1;7;6;Rue des Alpes;45,4317300000;6,0243800000
202200008489;10;2;2022;21:45;3;03;03028;1;1;1;1;D907;46,2209140000;3,5587230000
202200008490;10;2;2022;16:30;1;03;03040;1;1;1;7;RD 2009;46,5473400000;3,3203230000
202200008491;3;2;2022;16:55;1;06;06105;2;1;1;1;Route Départementale 2085;43,6721980000;7,0367540000
202200008492;7;2;2022;13:55;1;18;18033;1;1;1;3;;47,0796570000;2,4690110000
202200008493;11;2;2022;18:50;3;10;10209;2;1;1;1;24 Avenue Pierre Gomand;48,2539230000;4,2598880000
202200008494;11;2;2022;02:00;2;56;56178;2;4;1;6;Quai des Récollets;48,0743010000; -2,9624030000
202200008495;11;2;2022;02:15;3;26;26061;1;1;2;7;D112;45,1402180000;4,9406780000
202200008496;11;2;2022;02:30;3;17;17021;1;1;1;7;D141;45,7309140000; -1,1340590000
202200008497;11;2;2022;17:49;1;03;03168;1;1;1;7;RD2144;46,5756780000;2,6183080000
202200008498;19;1;2022;18:20;5;06;06152;2;1;1;6;Rue Louis Funel;43,6228460000;7,0474720000
202200008499;11;2;2022;14:30;1;02;02280;1;1;1;6;A4;49,1031320000;3,4557930000
202200008500;11;2;2022;13:20;1;57;57227;1;1;1;2;A320, PK11+400, sens Allemagne / France;49,1968910000;6,9342610000
202200008501;11;2;2022;14:00;1;95;95554;1;1;1;6;RD 14;49,1538301214;1,7765879631
202200008502;11;2;2022;08:50;1;91;91069;1;1;1;4;D449;48,3248130000;2,3599580000
202200008503;10;2;2022;19:10;3;84;84026;1;1;1;2;D973 route de Pertuis;43,7241490000;5,3903010000
202200008504;8;2;2022;13:10;1;83;83138;1;3;1;3;D19;43,6113740000;6,7258110000
202200008505;9;2;2022;07:00;2;06;06003;1;1;1;1;Route de Saint Vallier;43,7672640000;6,8567220000
202200008506;10;2;2022;21:15;3;13;13097;1;1;1;7;Chemin du Vallon;43,6381250000;4,8643680000
202200008507;10;2;2022;21:00;3;68;68171;1;1;2;6;Départementale 13bis;47,9244600000;6,9692480000
202200008508;10;2;2022;18:50;3;68;68063;2;9;1;6;Rue de Wittelsheim;47,8016970000;7,1952350000
202200008509;8;2;2022;11:35;1;03;03070;1;2;1;3;Les quatre routes ( intersection D33/D68);46,4032070000;2,9436250000
202200008510;11;2;2022;07:41;2;42;42046;1;4;1;3;Route de Chalain;45,6429980000;4,0688680000
202200008511;11;2;2022;15:40;1;01;01043;1;1;1;1;Chemin de la grande montée;45,8422090000;4,9956460000
202200008512;11;2;2022;17:40;1;81;81054;2;1;1;6;Route de Soual;43,5769790000;2,1144180000
202200008513;24;1;2022;13:15;1;31;31395;1;1;1;3;D817;43,4811040000;1,3364060000
202200008514;4;1;2022;00:00;3;64;64230;1;1;1;7;D934;43,1916230000; -0,3906400000
202200008515;11;2;2022;18:40;5;76;76557;2;2;1;3;D982;49,5271370000;0,6960330000
202200008516;10;2;2022;17:00;1;13;13215;1;1;1;2;A7-Sens Marseille vers Lyon;43,3499630000;5,3689290000
202200008517;9;2;2022;19:30;4;13;13033;1;1;1;6;A55-Sens Marseille vers Martigues;43,3732220000;5,1858410000
202200008518;10;2;2022;08:35;1;69;69152;1;1;1;5;Autoroute 450;45,6950200000;4,8298000000
202200008519;9;2;2022;09:55;1;69;69283;1;1;1;2;Autoroute 46;45,6707700000;4,9352900000
202200008520;9;2;2022;05:05;1;33;33448;1;1;1;6;AUTOROUTE A 62;44,7191810000; -0,5214800000
202200008521;10;2;2022;09:55;1;94;94038;1;1;1;3;AUTOROUTE A6A;48,7806300000;2,3464500000
202200008522;10;2;2022;09:05;1;75;75116;1;1;1;4;A13W;48,8483190000;2,2476910000
202200008523;10;2;2022;06:30;2;92;92025;1;1;1;4;A86;48,9310731507;2,2444587455
202200008524;9;2;2022;08:20;1;92;92036;1;1;1;6;A86;48,9351372064;2,2666542124
202200008525;10;2;2022;08:09;2;95;95212;1;1;1;2; A1;49,0288200000;2,5379850000
202200008526;10;2;2022;04:55;3;93;93007;2;1;1;2;AUTOROUTE A1;48,9463900000;2,4416900000
202200008527;9;2;2022;16:35;1;95;95527;1;1;1;6; A1;48,9888400000;2,5095300000
202200008528;9;2;2022;09:45;1;93;93066;1;1;1;3;AUTOROUTE A1;48,9301900000;2,3641500000
202200008529;9;2;2022;23:15;5;94;94018;1;9;1;6;A4;48,8209000000;2,4008000000
202200008530;9;2;2022;16:55;1;27;27229;2;1;7;6;BRIAND (AVENUE ARISTIDE);49,0166600000;1,1230900000
202200008531;9;2;2022;18:45;5;06;06027;2;1;1;1;CANNES AVENUE DE (RN7);43,6529390000;7,1447320000
202200008532;9;2;2022;08:55;1;38;38151;2;1;7;3;AVENUE DE KIMBERLEY;45,1471400000;5,7268500000
202200008533;9;2;2022;11:35;1;974;97416;2;1;1;5;VERGES (AVENUE LAURENT); -21,2984480000;55,4568040000
202200008534;8;2;2022;19:40;5;974;97407;2;2;1;3;COMMUNE DE PARIS (AVENUE); -20,9492000000;55,2939000000
202200008535;9;2;2022;10:15;1;973;97302;2;1;2;3;BADUEL (ROUTE DE);4,9320900000; -52,3076900000
202200008536;9;2;2022;21:05;5;69;69387;2;1;1;6;Avenue Berthelot;45,7417200000;4,8526400000
202200008537;9;2;2022;07:34;2;69;69387;2;2;1;3;Avenue Jean Jaurès;45,7349324269;4,8357083067
202200008538;9;2;2022;04:30;5;69;69387;2;2;1;3;Avenue Berthelot;45,7423800000;4,8506800000
202200008539;9;2;2022;08:37;1;95;95585;2;1;1;6;BERGSON (BOULEVARD HENRI);48,9744026773;2,3763433099
202200008540;9;2;2022;16:40;1;95;95019;2;1;1;6;COUTURIER PAUL VAILLANT (AVENUE);48,9821768069;2,4218872190
202200008541;9;2;2022;10:00;1;95;95598;2;1;1;2;EGALITE (RUE DE L');48,9922976388;2,2947183251
202200008542;9;2;2022;08:50;1;95;95197;2;1;7;6;CAMP (RUE DU) ;48,9653618065;2,3289567232
202200008543;9;2;2022;01:30;3;91;91215;2;1;1;7;RUE DE QUINCY;48,6872860000;2,5161490000
202200008544;9;2;2022;07:20;2;91;91223;1;6;2;7;CD63;48,4227500000;2,1791300000
202200008545;8;2;2022;21:50;3;88;88462;1;1;9;1;Route de Julienrupt;48,0540000000;6,7033000000
202200008546;8;2;2022;21:33;3;87;87065;1;1;1;6;AUTOROUTE A20;45,7900800000;1,3032900000