Num_Acc;jour;mois;an;hrmn;lum;dep;com;agg;int;atm;col;adr;lat;long
202200008547;9;2;2022;11:55;1;83;83090;2;3;1;3;MONNET (AVE JEAN);43,1275700000;5,8592000000
202200008548;9;2;2022;18:30;2;78;78586;2;3;1;1;ROLLAND (ROMAIN);48,9449900000;2,2021300000
202200008549;9;2;2022;13:05;1;77;77037;2;4;7;6;D115;48,4747300000;2,6931400000
202200008550;9;2;2022;13:30;1;76;76540;2;3;1;3;Boulevard des Belges;49,4452300000;1,0859100000
202200008551;9;2;2022;08:45;1;69;69290;2;1;7;3;Rue Henri-Alain Fournier;45,6923665936;4,9556493759
202200008552;9;2;2022;08:00;2;69;69282;2;2;1;1;Avenue Docteur Schweitzer;45,7662800000;5,0291000000
202200008553;9;2;2022;08:30;1;69;69013;2;1;1;2;Avenue de Joux;46,0079800000;4,7267400000
202200008554;9;2;2022;11:25;1;67;67482;2;3;1;3;ROBERTSAU (ALLEE DE LA);48,5861600000;7,7628700000
202200008555;8;2;2022;20:10;5;67;67482;2;3;1;6;SCHIRMECK (ROUTE DE);48,5620000000;7,6974800000
202200008556;5;2;2022;19:35;5;67;67482;2;1;1;6;ROBERTSAU (ALLEE DE LA);48,5893139850;7,7666071057
202200008557;9;2;2022;11:00;1;64;64132;2;2;1;3;RENE CHAR;43,3068700000; -0,3277300000
202200008558;9;2;2022;08:40;1;64;64348;1;6;1;3;MARTYRS DU PONT LONG DES;43,3392990000; -0,3800040000
202200008559;8;2;2022;14:02;1;63;63113;2;1;1;2;CLEMENTEL (BD ETIENNE);45,8130900000;3,1094600000
202200008560;9;2;2022;08:55;1;60;60159;2;1;1;6;Rue du Docteur Schweitzer;49,3996400000;2,8001000000
202200008561;6;1;2022;08:45;1;59;59220;2;1;1;3;CARNOT RUE;50,6059207993;3,0665588379
202200008562;9;2;2022;08:15;2;59;59350;2;1;1;3;HUGO VICTOR  BVD N°104 - 294;50,6215245833;3,0596119165
202200008563;9;2;2022;11:50;1;54;54483;2;1;1;2;VILLE EN VERMOIS (ROUTE DE);48,6235500000;6,2901700000
202200008564;9;2;2022;18:00;5;51;51454;2;1;1;7;Rue Payen;49,2508570675;4,0241027706
202200008565;9;2;2022;17:45;5;51;51454;2;6;1;2;Rue Chrétien de Troyes;49,2127500000;4,0162300000
202200008566;9;2;2022;16:10;1;51;51454;2;1;1;7;Rue Duquenelle;49,2655318443;4,0298750929
202200008567;9;2;2022;08:50;1;51;51454;2;2;1;3;Rue Gustave Laurent;49,2545500000;4,0482500000
202200008568;8;2;2022;18:02;2;50;50502;1;3;8;1;MONTS (lieu dit Les);49,1324950000; -1,0683520000
202200008569;8;2;2022;21:14;5;49;49007;2;1;1;2;FAURE QUAI;47,4808000000; -0,5505300000
202200008570;8;2;2022;16:26;1;49;49007;2;1;1;3;ROBERT BOULEVARD;47,4771500000; -0,5527300000
202200008571;8;2;2022;12:24;1;49;49007;2;1;1;2;LICES;47,4675100000; -0,5556200000
202200008572;9;2;2022;17:00;1;43;43157;2;9;1;2;45 Rue de la Gazelle;45,0450300000;3,8945700000
202200008573;9;2;2022;17:54;2;38;38185;2;1;1;6;CHENOISE (RUE);45,1934900000;5,7311000000
202200008574;9;2;2022;11:10;1;37;37122;1;1;1;2;;47,3630700000;0,6487200000
202200008575;9;2;2022;05:45;5;37;37261;2;1;1;6;MIRABEAU (RUE);47,3973978280;0,6993484497
202200008576;8;2;2022;19:50;3;37;37050;2;1;1;6;RD 37;47,3221014879;0,6992197037
202200008577;9;2;2022;15:50;1;35;35238;2;1;1;6;Avenue de Cucillé;48,1283000000; -1,7010400000
202200008578;9;2;2022;07:35;2;33;33318;2;6;1;3;Avenue de Beutre;44,8009400000; -0,6853800000
202200008579;10;2;2022;00:10;5;31;31555;2;9;1;6;PL ANDRE ABBAL;43,5705200000;1,4024500000
202200008580;3;2;2022;16:50;1;30;30189;2;1;1;3;Boulevard des Francais Libres;43,8242200000;4,3274600000
202200008581;8;2;2022;18:34;3;29;29232;1;1;1;6;Route de Brest;48,0217000000; -4,0838800000
202200008582;8;2;2022;19:20;5;29;29039;2;1;2;6;Rue des Martins Pêcheurs;47,8738450000; -3,8919130000
202200008583;9;2;2022;16:15;1;22;22278;2;6;1;2;PARIS (DE);48,5026800000; -2,7382300000
202200008584;9;2;2022;18:35;5;14;14341;2;1;1;6;Rue de Rocquancourt;49,1429600000; -0,3405700000
202200008585;9;2;2022;20:10;5;13;13054;2;6;1;2;8 MAI 1945 (AV DU );43,4136122323;5,2216152197
202200008586;8;2;2022;19:30;3;13;13103;2;1;1;3;AVENUE JUIN - DU 18 ... 1940;43,6281765074;5,1142271116
202200008587;9;2;2022;20:34;5;13;13047;2;9;1;3;NELSON MANDELA ROND POINT;43,4987000000;4,9865800000
202200008588;9;2;2022;00:15;5;06;06088;2;3;1;3;CESSOLE (BD DE) (JUSQU'AU N° 93-110);43,7174530000;7,2529200000
202200008589;8;2;2022;17:35;1;06;06069;1;1;1;2;Pénétrante;43,6354950000;6,9452320000
202200008590;9;2;2022;09:15;1;02;02738;1;1;7;2;16 Rue du Mauger;49,6492398000;3,3185200000
202200008591;8;2;2022;13:22;1;75;75116;2;1;1;2;BD PERIPHERIQUE EXTERIEUR;48,8764458841;2,2783246636
202200008592;9;2;2022;10:10;1;75;75105;2;1;1;7;RUE GAY LUSSAC;48,8451000000;2,3416690000
202200008593;9;2;2022;16:35;1;75;75120;2;7;1;3;AVENUE DE LA PORTE DE BAGNOLET;48,8644742062;2,4089978635
202200008594;8;2;2022;12:40;1;75;75120;2;2;1;3;BOULEVARD DAVOUT;48,8535300000;2,4107860000
202200008595;9;2;2022;14:00;1;75;75119;2;1;1;3;AVENUE JEAN JAURES;48,8881090014;2,3905791342
202200008596;9;2;2022;15:30;1;75;75118;2;7;1;3;RUE DE LA CHAPELLE;48,8955230765;2,3593293875
202200008597;9;2;2022;11:40;1;75;75117;2;2;1;3;RUE LEGENDRE;48,8919280000;2,3261690000
202200008598;8;2;2022;23:00;5;75;75113;2;2;1;3;RUE DE LA GLACIERE;48,8311060000;2,3442420000
202200008599;9;2;2022;12:20;1;75;75112;2;3;1;6;AVENUE DAUMESNIL;48,8406340000;2,3911400000
202200008600;8;2;2022;23:20;5;75;75112;2;1;1;2;QUAI DE BERCY;48,8368810000;2,3778530000
202200008601;8;2;2022;22:33;5;75;75112;2;2;1;3;AVENUE DE LA PORTE DE CHARENTON;48,8316630000;2,3978650000
202200008602;9;2;2022;17:00;1;75;75111;2;3;1;7;BOULEVARD DE CHARONNE;48,8578140625;2,3919859529
202200008603;9;2;2022;12:35;1;75;75108;2;7;1;6;PLACE DE LA CONCORDE;48,8640860000;2,3201230000
202200008604;8;2;2022;07:45;5;75;75108;2;3;1;6;RUE LINCOLN;48,8710890000;2,3035210000
202200008605;9;2;2022;07:20;2;75;75107;2;1;1;3;BOULEVARD RASPAIL;48,8529060000;2,3263160000
202200008606;9;2;2022;09:10;1;94;94067;2;1;1;2;Avenue Foch;48,8456900000;2,4196600000
202200008607;8;2;2022;17:05;2;94;94068;2;2;1;3;Avenue du Bel Air;48,8067400000;2,5039200000
202200008608;9;2;2022;15:50;1;94;94046;2;1;1;3;5 Rue de Marne;48,8073520000;2,4599840000
202200008609;9;2;2022;10:35;1;94;94046;2;2;1;3;Rue du Capitaine R Deplanque;48,8024200000;2,4278100000
202200008610;8;2;2022;11:55;1;94;94019;2;1;8;3;Rue Aristide Briand;48,7940600000;2,5332800000
202200008611;9;2;2022;19:50;5;94;94079;2;9;1;1;Rue du Regard des Luats;48,8198100000;2,5322600000
202200008612;9;2;2022;14:50;1;94;94004;2;2;1;6;Avenue du Général Leclerc / Rue de la Fontaine;48,7498442258;2,5083632468
202200008613;8;2;2022;22:30;5;93;93032;2;2;1;3;GAY     (ALLEE);48,8969000000;2,5378800000
202200008614;9;2;2022;15:50;1;93;93055;2;1;1;6;HUIT MAI 1945 (AVENUE DU);48,8910900000;2,4113000000
202200008615;9;2;2022;09:10;1;93;93050;2;1;1;3;FONTAINEBLEAU (ESPLANADE);48,8627844029;2,5358033180
202200008616;8;2;2022;23:17;5;93;93063;2;1;1;1;AVENUE GASTON ROUSSEL;48,8935945810;2,4361809473
202200008617;9;2;2022;16:40;1;93;93031;2;1;1;6;Route d'Argenteuil;48,9598950000;2,2916630000
202200008618;9;2;2022;13:15;1;93;93008;2;3;1;3;Rue de la République / Rue Albert Einstein;48,9070400000;2,4295100000
202200008619;9;2;2022;10:10;1;92;92050;2;1;1;6;SADI CARNOT RUE;48,8876155699;2,2067562863
202200008620;9;2;2022;11:55;1;92;92049;2;1;1;6;BRIAND AVENUE ARISTIDE N°1 A 129;48,8139610249;2,3259604275
202200008621;8;2;2022;08:45;2;92;92049;2;1;1;7;JAURES AVENUE JEAN N°53 A FIN;48,8144000247;2,3082591891
202200008622;8;2;2022;18:40;2;92;92036;2;2;1;5;LAURENT CELY (AVENUE) (2/152);48,9221886796;2,3061473519
202200008623;9;2;2022;09:25;1;92;92026;2;1;1;2;FICATIER;48,8919702184;2,2580696940
202200008624;8;2;2022;13:40;1;92;92026;2;1;1;7;PUVIS DE CHAVANNES;48,8990463828;2,2351628244
202200008625;9;2;2022;14:56;1;92;92024;2;6;1;4;CLICHY (QUAI DE) DE (104 A 202);48,9106464376;2,3060554862
202200008626;1;8;2022;14:00;1;75;75112;2;1;1;4;PORTE DE CHARENTON;48,8302760000;2,4020370000
202200008627;3;8;2022;19:00;1;75;75119;2;2;1;6;AVENUE CORENTIN CARIOU;48,8958080000;2,3835760000
202200008628;2;8;2022;23:30;5;75;75119;2;7;1;3;PLACE AUGUSTE BARON;48,9009380000;2,3882110000
202200008629;3;8;2022;09:10;1;75;75116;2;1;1;3;ALLEE DE LA REINE MARGUERITE;48,8689320000;2,2517320000
202200008630;3;8;2022;19:45;1;75;75111;2;1;1;3;AVENUE LEDRU ROLLIN;48,8539130000;2,3776620000
202200008631;3;8;2022;17:24;1;75;75108;2;3;1;2;AVENUE DE MARIGNY;48,8690410000;2,3147750000
202200008632;3;8;2022;16:30;1;75;75104;2;2;1;6;RUE DE RIVOLI;48,8565720000;2,3554730000
202200008633;3;8;2022;14:45;1;75;75103;2;2;1;3;BOULEVARD DE SEBASTOPOL;48,8634020000;2,3509500000
202200008634;2;8;2022;09:00;1;94;94017;1;9;1;4;TUNNEL CHAMPIGNY SUR MARNE;48,8286570000;2,5013210000
202200008635;1;8;2022;21:55;5;94;94041;2;1;1;3;HENRI MARTIN (R);48,8060500000;2,3729100000
202200008636;3;8;2022;11:30;1;94;94073;2;9;7;3;Avenue du Général de Gaulle;48,7681000000;2,3733000000
202200008637;3;8;2022;15:15;1;94;94018;2;2;1;3;Avenue de Gravelle / Chemin du Cimetière;48,8246800000;2,4125900000
202200008638;2;8;2022;16:00;1;94;94017;2;1;7;3;24 Rue de Musselburgh ;48,8111287725;2,5159429014
202200008639;3;8;2022;13:10;1;93;93073;2;2;1;3;Rue Hector Berlioz / Rue Jean Racine;48,9601400000;2,5743500000
202200008640;3;8;2022;15:10;1;93;93077;2;2;1;3;Route de Noisy / Rue de la Fosse aux Bergers;48,8831700000;2,4969000000
202200008641;3;8;2022;10:30;1;93;93051;2;2;1;3;Route de Neuilly / Boulevard Souchet;48,8480900000;2,5389000000
202200008642;11;4;2022;19:42;1;93;93051;2;2;1;1;Rue de la République / Avenue du Marechal Joffre;48,8465600000;2,5563800000
202200008643;2;8;2022;23:00;5;93;93048;2;1;1;6;Rue Georges Melies;48,8741871486;2,4555063012
202200008644;3;8;2022;16:00;1;93;93057;2;2;7;1;Allee de Berlin / Avenue de Rome;48,9152000000;2,5011200000
202200008645;3;8;2022;00:10;5;93;93008;2;1;1;3;Avenue Paul Vaillant - Couturier;48,9069900000;2,4548400000
202200008646;3;8;2022;19:15;1;93;93005;2;5;1;3;Rue Jean Charcot / Avenue Anatole France;48,9358229240;2,4939114750
202200008647;3;8;2022;10:30;1;93;93005;2;3;1;3;Boulevard Charles Floquet / Rue Jules Princet;48,9371678815;2,4986164954
202200008648;3;8;2022;12:05;1;93;93001;2;1;1;3;Rue du Landy;48,9152600000;2,3733800000
202200008649;3;8;2022;11:40;1;92;92040;2;1;1;6;GOUVERNEUR GAL EBOUE DU 02 AU 64;48,8258894830;2,2694701552
202200008650;2;8;2022;09:50;1;92;92040;2;2;1;6;ERNEST RENAN;48,8289103752;2,2825357318
202200008651;3;8;2022;18:00;1;92;92024;2;2;1;3;JEAN JAURES (BD) DE 47 A 109)   (56 A 14;48,9000400000;2,3061500000
202200008652;3;8;2022;20:34;1;92;92023;2;1;1;3;HENRI BARBUSSE (AVENUE);48,8154993176;2,2568680644
202200008653;10;6;2022;15:38;1;86;86272;1;9;1;3;D725;46,8160900000;0,4575310000
202200008654;3;8;2022;10:20;1;22;22182;2;1;1;2;Rue du Pré Boissel;48,5460040000; -2,9647960000
202200008655;3;8;2022;07:28;2;84;84027;2;1;1;2;chemin de Saint Charles;44,1073120000;4,7591860000
202200008656;4;8;2022;05:55;2;52;52469;1;1;1;6;Auroute A5;48,0389145439;5,0648924073
202200008657;3;8;2022;16:35;1;84;84029;1;1;1;6;D23;44,1644360000;4,9009320000
202200008658;4;8;2022;16:45;1;58;58303;1;1;1;6;AUtoroute A77 PK 148;47,0367890000;3,1409740000
202200008659;4;8;2022;19:30;2;30;30141;1;1;1;6;;44,1208820000;4,6854760000
202200008660;3;8;2022;20:20;1;30;30127;1;2;1;1;D6086;44,0777160000;4,5871410000
202200008661;4;8;2022;17:35;1;74;74070;1;1;1;7;Avenue du Lac;46,3114240000;6,2794170000
202200008662;3;8;2022;23:40;3;83;83057;1;1;1;6;D39;43,3649697328;6,2397193909
202200008663;3;8;2022;18:45;1;56;56141;1;1;1;1;Kervehel;47,8633290000; -2,8195030000
202200008664;2;8;2022;18:25;1;74;74108;2;1;1;6;182 Rte d Annecy;45,8290660000;6,2046620000
202200008665;3;8;2022;10:50;1;81;81199;1;1;1;7;RD100 PK029+050;44,0384870000;2,3612670000
202200008666;4;8;2022;08:30;1;11;11157;2;4;1;6;D50;42,9634730000;2,8624270000
202200008667;3;8;2022;14:50;1;89;89169;1;1;1;7;D905;47,9469940000;3,8919500000
202200008668;3;8;2022;16:50;1;63;63066;2;1;1;7;La Chabanne;45,8597410000;3,6623200000
202200008669;3;8;2022;18:50;1;63;63050;2;1;1;7;Voie Jean Jaures;45,4136931172;3,3295708895
202200008670;4;8;2022;17:55;1;63;63350;1;2;1;2;RD 212 / RD 4;45,7247950000;3,2784100000
202200008671;4;8;2022;10:00;1;61;61167;1;1;1;6;Lieu Dit la Polinière;48,8468410000;0,3985980000
202200008672;3;8;2022;18:45;1;12;12105;1;1;1;2;bestes;44,2323320000;2,0197140000
202200008673;3;8;2022;23:25;3;46;46193;1;1;1;7;Route départemental D20;44,8753510000;1,7011540000
202200008674;2;8;2022;19:18;1;25;25062;1;1;1;7;D329;47,1325500000;6,6777480000
202200008675;3;8;2022;15:20;1;29;29171;1;1;1;7;Ty Boutic - D785;47,8496563900; -4,2492914190
202200008676;4;8;2022;00:25;3;38;38124;1;1;1;3;Route du Guillermard;45,5934290000;5,5546560000
202200008677;4;8;2022;08:30;1;05;05179;1;4;1;2;RD994;44,5474550000;5,8540180000
202200008678;4;8;2022;00:30;3;50;50261;1;1;1;7;La Pourrie;49,0749050000; -0,9171620000
202200008679;3;8;2022;17:10;1;64;64279;1;1;1;5;R.d. 918 - PK 33 950 m;43,3249280000; -1,3814020000
202200008680;4;8;2022;15:50;1;64;64101;2;2;1;6;Rue de Navarre;43,2059260822; -0,2579349324
202200008681;4;8;2022;09:30;1;18;18159;1;1;1;6;;47,3712250000;2,1556320000
202200008682;3;8;2022;10:40;1;43;43163;2;3;1;7;Route du Midi;45,2349480000;4,4072720000
202200008683;28;7;2022;08:50;1;07;07028;1;1;1;7;pléoux;44,3551130000;4,2279820000
202200008684;4;8;2022;14:10;1;53;53007;1;1;1;7;PK 21 + 0.3;48,0750400000; -0,6314130000
202200008685;3;8;2022;19:50;1;40;40275;1;1;1;6;D824;43,8038691721; -0,4519578228
202200008686;30;7;2022;14:45;1;27;27638;1;1;1;7;Rue du Thuit Agron;49,2745810000;0,9483220000
202200008687;4;8;2022;16:00;1;27;27398;2;2;1;3;Allee des Chateaux;49,0989750000;0,6107280000
202200008688;4;8;2022;12:00;1;30;30038;1;1;7;7;;43,9763500000;3,5418680000
202200008689;3;8;2022;09:20;1;30;30266;1;1;1;7;Route de Barjac;44,2734910000;4,3036790000
202200008690;3;8;2022;15:45;1;51;51480;1;1;1;7;A4;49,1491240000;3,6700080000
202200008691;2;8;2022;10:50;1;69;69120;1;1;1;7;Route Départementale 7;45,7928510000;4,4027280000
202200008692;2;8;2022;17:20;1;987;98724;2;1;1;2;Fare; -16,7156380000; -151,0332100000
202200008693;31;7;2022;09:00;1;988;98822;1;1;1;6;Tribu de Tiéti - POINDIMIE; -20,9176360000;165,3131890000
202200008694;20;7;2022;18:50;1;2B;2B311;1;2;1;1;T10;42,3500840000;9,5326030000
202200008695;3;8;2022;10:00;1;11;11379;1;1;9;3;D6139;43,0220332173;2,9878842225
202200008696;3;8;2022;08:35;1;11;11279;1;2;1;3;D203;43,2717470000;2,3166430000
202200008697;4;8;2022;02:17;3;08;08486;2;1;1;6;;50,0928315477;4,7123188376
202200008698;4;8;2022;15:30;1;03;03042;1;1;1;7;Départementale 7;46,1979380000;3,6421390000
202200008699;3;8;2022;21:30;5;74;74056;2;1;1;6;D1506;45,9186470000;6,8735630000
202200008700;4;8;2022;09:50;1;73;73256;1;1;1;6;D902;45,2093940000;6,4561250000
202200008701;3;8;2022;17:30;1;49;49138;1;1;1;1;D60;47,4740999675; -0,1584394276
202200008702;4;8;2022;18:30;1;27;27022;1;1;8;1;D6015;49,1689520000;1,2936190000
202200008703;3;8;2022;15:26;1;13;13071;1;1;1;7;F1-Sens Lyon vers A55-Martigues;43,4021700000;5,2961000000
202200008704;3;8;2022;06:15;1;91;91689;1;1;1;3;AUTOROUTE A6B;48,7426600000;2,3224700000
202200008705;3;8;2022;11:30;1;78;78118;1;1;1;4;A13;48,9827400000;1,6837300000
202200008706;2;8;2022;12:00;1;78;78640;1;1;1;5;A86 EXT;48,7791650000;2,2004060000
202200008707;2;8;2022;09:25;1;78;78242;1;1;1;3;A12 W;48,8057030000;2,0510590000
202200008708;8;5;2022;12:20;1;32;32013;1;1;1;7;MONTEGUT (CHEMIN DE);43,6503700000;0,6366000000
202200008709;30;7;2022;17:10;1;974;97411;2;1;1;6;CARAMBOLES (DES); -20,8938500000;55,4782000000
202200008710;8;3;2022;05:50;1;974;97409;2;1;2;3;DAHLIAS (RUE DES); -20,9669400000;55,6686400000
202200008711;2;8;2022;08:20;1;974;97407;2;1;1;2;BREST (BOULEVARD); -20,9352000000;55,2963300000
202200008712;1;8;2022;11:05;1;974;97407;2;2;1;3;JACQUES DUCLOS (RUE) - RIVIERE DES GAL  ; -20,9574700000;55,3140900000
202200008713;2;8;2022;12:15;1;973;97302;2;1;1;3;RABAN (ROUTE DE);4,9324273986; -52,3127599061
202200008714;3;8;2022;00:25;5;69;69383;2;1;1;6;Rue Ferdinand Buisson;45,7478500000;4,8839200000
202200008715;2;8;2022;10:45;1;69;69387;2;1;1;2;Cours Gambetta;45,7512824950;4,8544523120
202200008716;2;8;2022;09:20;1;972;97209;2;1;1;5;CHATEAUBOEUF (ROUTE DE);14,6190180000; -61,0447970000
202200008717;2;8;2022;14:50;1;69;69382;2;3;1;6;Rue Colonel Chambonnet;45,7588001421;4,8309735954
202200008718;2;8;2022;09:09;1;2A;2A004;2;3;1;2;STEPHANOPOLI NICEPHORE  DE COMENE BD;41,9087400000;8,7180000000
202200008719;2;8;2022;09:00;1;2A;2A004;2;1;1;2;SARTENE ANCIENNE ROUTE;41,9298347901;8,7756128311
202200008720;2;8;2022;08:40;1;95;95539;2;1;1;3;Rue de la Planchette;49,0001600000;2,3486500000
202200008721;1;8;2022;12:30;1;91;91201;2;1;1;6;AV DU GENERAL DE GAULLE;48,6861700000;2,4062700000
202200008722;2;8;2022;12:35;1;91;91434;2;2;1;3;PAUL VAILLANT COUTURIER (AVENUE);48,6524100000;2,3526400000
202200008723;1;8;2022;13:31;1;91;91027;2;3;1;3;RUE DU PROGRES;48,7005100000;2,3641700000
202200008724;30;7;2022;10:06;1;87;87050;1;1;1;7;DE L'HERMITERIE (RUE);45,8709200000;1,1962900000
202200008725;2;8;2022;12:08;1;86;86194;2;2;1;3;Rue de la Roche;46,5886090000;0,3300670000
202200008726;28;7;2022;19:15;1;85;85194;2;1;1;3;47 Avenue de talmont;46,4871000000; -1,7412100000
202200008727;19;7;2022;10:50;1;85;85194;2;3;1;3;ROULIERS (RUE DES);46,5287500000; -1,7749600000
202200008728;19;7;2022;09:45;1;85;85194;2;1;1;3;77a Avenue charles de gaulle;46,5101030000; -1,7683817000
202200008729;2;8;2022;08:30;1;83;83137;2;3;1;3;LECLERC (AVE GENERAL);43,1256770000;5,9284920000
202200008730;1;8;2022;16:30;1;80;80021;2;1;1;2;MIRAUMONT (RUE);49,8857400000;2,3260000000
202200008731;28;7;2022;12:10;1;80;80021;2;1;1;4;ALEXANDRE DUMAS (RUE);49,8710800000;2,3024900000
202200008732;2;8;2022;12:00;1;76;76351;2;1;1;7;JACQUES ANQUETIL (AVENUE);49,5126700000;0,1467000000
202200008733;1;8;2022;19:30;1;76;76217;2;1;7;2;AVENUE JEAN JAURES;49,9096200000;1,0662300000
202200008734;27;7;2022;23:45;5;76;76217;2;1;1;6;BELVEDERE;49,9097099778;1,0777229816
202200008735;1;8;2022;20:30;1;74;74008;2;3;1;1;JEAN-JAURES (RUE);46,1951300000;6,2240900000
202200008736;2;8;2022;21:15;1;69;69091;2;9;1;3;Rue Jean Ligonnet;45,5952600000;4,7697700000
202200008737;2;8;2022;10:00;1;67;67482;2;1;1;2;VOSGES (AVENUE DES);48,5877100000;7,7574100000
202200008738;30;7;2022;11:40;1;66;66136;2;3;1;3;;42,7028400000;2,8933100000
202200008739;29;7;2022;18:30;1;66;66136;2;1;1;2;;42,7332500000;2,8898000000
202200008740;2;8;2022;17:35;1;64;64445;2;6;1;3;rond-point des allées de Morlaàs;43,3082600000; -0,3385300000
202200008741;2;8;2022;13:10;1;64;64445;2;1;1;3;avenue Gaston Lacoste;43,2921000000; -0,3653400000
202200008742;2;8;2022;16:05;1;64;64024;2;1;1;3;Rue de Quesnel;43,4800200000; -1,5225500000
202200008743;1;8;2022;18:30;1;60;60057;2;1;1;6;Rue de l'Abbaye;49,4401900000;2,0781200000
202200008744;2;8;2022;12:30;1;59;59508;1;2;1;3;BILLEMONT (RUE);50,7558392821;3,1245052814
202200008745;31;7;2022;20:45;1;59;59220;2;1;1;3;LAVOISIER RUE;50,6061908912;3,0635145307
202200008746;31;7;2022;11:20;1;59;59009;2;3;1;3;THIERS RUE;50,6087669013;3,1734019518
202200008747;31;7;2022;02:45;5;59;59276;2;1;1;6;CROIZAT (BOULEVARD AMBROISE);50,3456429866;3,1502223015
202200008748;2;8;2022;09:25;1;57;57463;2;1;1;7;GEORGES DUCROCQ (RUE );49,1036830577;6,1874265280
202200008749;28;7;2022;15:15;1;56;56260;2;1;1;3;30 Rue Gay-lussac;47,6674200000; -2,7883800000
202200008750;30;7;2022;18:17;1;56;56083;2;2;1;6;1 Impasse Marivaux;47,7962500000; -3,2941300000
202200008751;2;8;2022;18:10;1;51;51454;2;2;1;2;avenue Paul Marchandeau;49,2440200000;4,0275500000
202200008752;1;8;2022;17:15;1;49;49007;2;2;1;3;MAINE;47,4804900000; -0,5448700000
202200008753;2;8;2022;21:25;3;45;45338;2;1;1;6;Rue du Limetin;47,9879972857;2,6772630215
202200008754;3;8;2022;08:38;1;44;44184;2;5;7;3;2 Route de la Côte d'Amour;47,2626800000; -2,2389000000
202200008755;2;8;2022;16:20;1;44;44114;2;1;1;6;296 Route de Vannes;47,2508100000; -1,6185600000
202200008756;1;8;2022;20:00;1;43;43041;2;1;1;7;N88;45,0552900000;3,9098000000
202200008757;1;8;2022;10:55;1;43;43041;2;1;1;1;24 Route de Coubon;45,0479800000;3,9168000000
202200008758;2;8;2022;18:30;1;41;41018;2;1;1;7;CHATEAUDUN (AVENUE DE);47,5971700000;1,3291300000
202200008759;17;6;2022;09:00;1;40;40088;2;1;1;6;SAINT-PIERRE (BLD);43,7115200000; -1,0499900000
202200008760;2;8;2022;19:07;1;35;35051;1;1;1;4;N136;48,1490451053; -1,6110822558
202200008761;2;8;2022;15:20;1;33;33318;2;2;1;3;Avenue de Gradignan;44,7999400000; -0,6244300000
202200008762;2;8;2022;01:50;3;33;33529;1;1;1;1;LIGNON (BD LOUIS);44,6338000000; -1,1884000000
202200008763;2;8;2022;04:08;5;27;27229;2;1;1;7;BROSSOLETTE (RUE PIERRE);49,0222970000;1,1634140000
202200008764;2;8;2022;08:30;1;26;26198;2;1;1;6;Rue Paul Loubet;44,5629300000;4,7470400000
202200008765;30;7;2022;14:50;1;19;19031;2;2;1;3;QUATORZE JUILLET (AVENUE DU);45,1625076525;1,5327858925
202200008766;2;8;2022;16:30;1;13;13215;2;1;1;3;ODETTE JASSE (rue);43,3443300000;5,3699200000
202200008767;2;8;2022;01:30;5;13;13208;2;1;1;1;MENDES FRANCE (AVENUE);43,2551367578;5,3763415709
202200008768;1;8;2022;22:36;5;13;13205;2;1;1;2;JEANNE D'ARC (BOULEVARD);43,2939200000;5,4013100000
202200008769;1;8;2022;19:58;1;13;13201;2;7;1;3;CAPUCINES (PLACE DES);43,2990200000;5,3808500000
202200008770;1;8;2022;10:30;1;13;13207;2;1;1;1;Corniche John Fitzgérald Kennedy;43,2771322913;5,3569918661
202200008771;2;8;2022;15:35;1;13;13047;2;1;1;2;CORNICHE DE SUFFREN;43,5129200000;5,0014300000
202200008772;2;8;2022;18:50;1;13;13005;2;9;1;3;RN 8;43,2852800000;5,5907600000
202200008773;1;8;2022;15:00;1;11;11355;1;1;1;3;Le Sarradel Bas;43,1158000000;2,2130100000
202200008774;22;7;2022;11:20;1;02;02722;2;1;1;1;MAIL ( AVENUE DU );49,3855000000;3,3291900000
202200008775;2;8;2022;11:38;1;75;75112;2;7;1;3;PLACE FELIX EBOUE;48,8395930000;2,3954290000
202200008776;2;8;2022;15:37;1;75;75119;2;4;1;7;AVENUE SIMON BOLIVAR;48,8759830000;2,3813230000
202200008777;2;8;2022;14:53;1;75;75119;2;2;1;6;RUE DE CRIMEE;48,8795780000;2,3895120000
202200008778;2;8;2022;11:00;1;75;75118;2;3;1;6;RUE MARX DORMOY;48,8890570000;2,3599040000
202200008779;1;8;2022;11:38;1;75;75118;2;1;1;6;BOULEVARD NEY;48,8984240000;2,3509190000
202200008780;2;8;2022;10:45;1;75;75117;2;3;1;2;RUE DE TOCQUEVILLE;48,8870430000;2,3081500000
202200008781;2;8;2022;19:30;1;75;75116;2;1;1;2;AVENUE DU PRESIDENT WILSON;48,8635320000;2,2896990000
202200008782;2;8;2022;16:55;1;75;75116;2;7;1;3;PLACE DU TROCADERO;48,8631110000;2,2865120000
202200008783;2;8;2022;00:15;5;75;75116;2;2;1;3;RUE DE LA POMPE;48,8595490000;2,2752020000
202200008784;2;8;2022;14:20;1;75;75115;2;1;1;6;AVENUE FELIX FAURE;48,8378990000;2,2804920000
202200008785;1;8;2022;22:41;5;75;75113;2;5;1;3;BOULEVARD SAINT MARCEL;48,8367450000;2,3518770000
202200008786;21;11;2022;22:00;3;38;38336;1;1;3;2;A7   32.870 A 35.680;45,4927307093;4,8337742514
202200008787;2;8;2022;07:51;1;75;75110;2;1;1;1;RUE LA FAYETTE;48,8775750000;2,3503290000
202200008788;20;11;2022;22:10;3;67;67482;1;1;3;6;M350;48,5924800000;7,7385200000
202200008789;2;8;2022;14:40;1;75;75108;2;1;1;3;RUE LA BOETIE;48,8729400000;2,3111210000
202200008790;21;11;2022;08:50;2;33;33003;1;1;3;3;AUTOROUTE A 10;44,9281400000; -0,4705000000