Num_Acc;jour;mois;an;hrmn;lum;dep;com;agg;int;atm;col;adr;lat;long
202200008791;1;8;2022;00:15;5;75;75107;2;7;1;7;PLACE DE L ECOLE MILITAIRE;48,8544140000;2,3052120000
202200008792;2;8;2022;15:45;1;75;75102;2;2;1;7;BOULEVARD SAINT DENIS;48,8693180000;2,3542640000
202200008793;22;11;2022;10:45;1;91;91286;1;1;1;4;AUTOROUTE A6;48,6574800000;2,3768300000
202200008794;2;8;2022;21:46;5;94;94081;2;9;1;3;PONT DU PORT A L'ANGLAIS;48,7963040000;2,4167330000
202200008795;22;11;2022;09:30;1;92;92025;1;1;2;2;A86;48,9275585140;2,2372593370
202200008796;2;8;2022;09:10;1;94;94078;2;3;1;3;HUIT MAI 1945 (AV DU);48,7276960000;2,4455700000
202200008797;2;8;2022;07:40;1;94;94068;2;1;1;3;Promenade des Anglais;48,7864960000;2,5145800000
202200008798;22;11;2022;11:40;1;92;92036;1;1;8;4;AUTOROUTE A15;48,9435578314;2,2873807879
202200008799;1;8;2022;14:50;1;94;94068;2;3;1;1;CEDRES (R DES);48,7972200000;2,5097000000
202200008800;22;11;2022;11:30;1;93;93066;2;1;1;2;AUTOROUTE A1;48,9198600000;2,3574900000
202200008801;22;11;2022;08:45;1;92;92036;1;1;2;7;AUTOROUTE A86;48,9385801095;2,3013526425
202200008802;31;7;2022;23:45;5;94;94016;2;2;1;3;LORRAINE (R DE);48,7914680000;2,3266570000
202200008803;22;11;2022;09:15;1;92;92036;1;1;3;7;AUTOROUTE A15;48,9481266928;2,2808524269
202200008804;2;8;2022;12:45;1;94;94065;1;1;1;3;RN 186;48,7536030000;2,3585710000
202200008805;22;11;2022;06:00;4;93;93005;1;1;1;4;AUTOROUTE A1;48,9571638618;2,4614532100
202200008806;1;8;2022;10:40;1;94;94028;2;2;1;3;Rue René Arcos / Rue Emmanuel Chabrier;48,7777840000;2,4625900000
202200008807;21;11;2022;23:30;3;95;95018;1;1;1;6;RD 170;48,9615205250;2,2612202168
202200008808;2;8;2022;10:30;1;94;94022;2;3;1;3;Avenue d'Alfortville / Avenue du Docteur Charcot;48,7684700000;2,4138200000
202200008809;21;11;2022;18:55;3;93;93005;1;1;2;2;AUTOROUTE A3;48,9600890000;2,4733800000
202200008810;1;8;2022;19:19;1;94;94022;2;9;1;1;Avenue du 8 Mai 1945;48,7682630000;2,4095910000
202200008811;21;11;2022;07:45;2;95;95277;1;1;8;2; A3;48,9744286987;2,4883440027
202200008812;2;8;2022;20:38;1;93;93070;2;6;1;6;Quai de Seine / Rue Albert Dhalenne;48,9181100000;2,3296400000
202200008813;23;9;2022;16:35;1;89;89013;2;1;1;2;Route de Paris;47,8808180000;3,5285740000
202200008814;2;8;2022;14:20;1;93;93066;2;3;1;3;Avenue Jeanne d’Arc / Avenue Paul Vaillant-couturier;48,9315040087;2,3643230430
202200008815;1;8;2022;13:45;1;93;93066;2;1;1;2;Rue Ambroise Croizat;48,9323200679;2,3488919044
202200008816;21;11;2022;16:30;1;75;75116;2;4;1;2;ECHANGEUR MUETTE;48,8620140000;2,2643930000
202200008817;2;8;2022;17:10;1;93;93048;2;2;1;3;Avenue Gabriel Péri / Avenue du Président Wilson;48,8575500000;2,4402800000
202200008818;18;11;2022;17:50;5;75;75119;2;1;2;2;PORTE DU PRE SAINT GERVAIS;48,8827350000;2,4006030000
202200008819;2;8;2022;16:00;1;93;93074;2;1;1;6;Rue Robert Schumann;48,9318700000;2,5725800000
202200008820;2;8;2022;05:30;2;93;93074;2;1;1;2;Boulevard Jacques Amyot;48,9387897478;2,5688730040
202200008821;21;11;2022;12:20;1;75;75106;2;3;1;6;RUE DU FOUR;48,8526630000;2,3337020000
202200008822;2;8;2022;00:56;5;93;93050;2;3;1;3;Place de la Gare / Avenue Paul Doumer;48,8586900000;2,5216500000
202200008823;21;11;2022;16:50;5;75;75120;2;3;2;6;RUE DE BAGNOLET;48,8623500000;2,4063130000
202200008824;1;8;2022;22:30;5;93;93010;2;1;1;7;25 Allee des Sylphes;48,8955400000;2,4885600000
202200008825;21;11;2022;09:40;1;75;75119;2;2;8;2;AVENUE DE FLANDRE;48,8845410000;2,3693940000
202200008826;2;8;2022;20:15;1;92;92024;2;3;1;3;BAC D'ASNIERE (RUE DU);48,9033590216;2,2908505797
202200008827;3;8;2022;11:10;1;974;97415;2;3;1;6;Chemin Ah Ken; -20,9839600000;55,3261240000
202200008828;21;11;2022;11:25;1;75;75118;2;1;8;6;BOULEVARD NEY;48,8983790000;2,3638480000
202200008829;31;7;2022;06:15;2;974;97411;1;1;1;6;N1; -20,9904710000;55,2892920000
202200008830;3;8;2022;15:50;1;80;80129;1;1;1;1;D938;50,0258370000;2,6031640000
202200008831;21;11;2022;18:50;5;75;75117;2;1;2;6;BOULEVARD BERTHIER;48,8887030000;2,3013270000
202200008832;2;8;2022;21:00;5;2A;2A249;2;1;1;3;Route de Bonifacio;41,6704350000;8,9140270000
202200008833;20;11;2022;03:35;5;75;75117;2;2;1;3;BOULEVARD BERTHIER;48,8880340000;2,2996970000
202200008834;2;8;2022;08:15;1;2A;2A048;1;1;1;1;RD 81;42,0340660000;8,7648480000
202200008835;1;6;2022;12:52;1;973;97302;2;1;1;6;BADUEL (ROUTE DE);4,9347000000; -52,3116300000
202200008836;2;8;2022;11:35;1;33;33352;2;1;1;6;Rue des Remparts;44,5829520000; -0,0341230000
202200008837;21;11;2022;18:10;5;75;75116;2;2;2;3;AVENUE D IENA;48,8722980000;2,2952830000
202200008838;1;6;2022;16:30;1;69;69387;2;3;1;6;Avenue Berthelot;45,7428300000;4,8497800000
202200008839;31;7;2022;16:30;1;74;74295;1;1;1;1;D902;46,3175770000;6,6028260000
202200008840;20;11;2022;22:30;5;75;75115;2;1;1;2;RUE DE VAUGIRARD;48,8400270000;2,3029180000
202200008841;1;6;2022;13:51;1;69;69388;2;1;1;3;Rue Audibert et Lavirotte;45,7399900000;4,8597700000
202200008842;1;8;2022;13:30;1;71;71494;1;1;1;6;A6 Pk 375.700 sens Paris/Lyon;46,4095000000;4,8583200000
202200008843;2;8;2022;20:00;2;10;10340;1;1;1;1;;48,2599056899;3,9840728045
202200008844;1;6;2022;16:30;1;91;91339;2;7;1;2;PL ERNEST PILLON;48,6314820000;2,2669640000
202200008845;1;8;2022;00:45;3;972;97221;1;1;1;6;D7 PK 1.5;14,5279850000; -60,9963730000
202200008846;7;11;2022;18:20;2;75;75112;2;1;1;6;BOULEVARD SOULT;48,8450220000;2,4106580000
202200008847;3;8;2022;06:35;2;12;12157;1;1;7;1;N88;44,4026100000;2,7411160000
202200008848;1;6;2022;08:25;1;91;91421;2;4;1;3;MARECHAL  LYAUTEY (AVENUE DU);48,6990290000;2,4699310000
202200008849;21;11;2022;20:20;5;75;75111;2;2;2;3;BOULEVARD RICHARD LENOIR;48,8640050000;2,3706830000
202200008850;2;8;2022;17:15;1;65;65340;2;2;1;3;N21;43,2757490000;0,1081410000
202200008851;30;5;2022;10:15;1;91;91421;2;9;1;6;REPUBLIQUE (AVENUE DE LA);48,7030300000;2,4625900000
202200008852;2;8;2022;19:30;1;30;30110;1;1;7;6;;44,0287020000;4,5022270000
202200008853;21;11;2022;17:00;2;75;75110;2;3;2;6;BOULEVARD DE STRASBOURG;48,8758550000;2,3580900000
202200008854;1;6;2022;15:55;1;91;91434;2;2;1;3;ROGER SALENGRO (AVENUE);48,6563536000;2,3537970000
202200008855;31;5;2022;18:54;1;87;87113;2;1;1;7;ANGUERNAUD;45,8765500000;1,3042500000
202200008856;21;11;2022;21:35;5;75;75108;2;2;1;3;RUE FRANCOIS 1ER;48,8686480000;2,3037070000
202200008857;21;11;2022;10:20;1;75;75108;2;7;1;3;PLACE SAINT AUGUSTIN;48,8752390000;2,3194260000
202200008858;1;6;2022;19:00;1;85;85191;2;6;1;3;COTY RUE RENE;46,6580100000; -1,4499200000
202200008859;21;11;2022;19:15;5;75;75107;2;7;2;7;PLACE JOFFRE;48,8542700000;2,3054310000
202200008860;31;5;2022;18:05;1;83;83062;2;1;1;4;DRAGUIGNAN (AVENUE DE);43,1390380000;6,0338680000
202200008861;30;5;2022;17:55;1;83;83009;2;1;1;1;NARON (CHEMIN DE);43,1630400000;5,7450000000
202200008862;21;11;2022;18:00;5;75;75107;2;2;2;3;AVENUE DU MARECHAL GALLIENI;48,8599470000;2,3131110000
202200008863;1;6;2022;18:00;1;83;83069;1;1;7;4;ALMANARRE (ROUTE DE L');43,0846900000;6,1103500000
202200008864;21;11;2022;21:15;5;75;75103;2;3;1;2;RUE DU TEMPLE;48,8673260000;2,3633750000
202200008865;19;5;2022;18:45;1;83;83061;2;3;1;3;RUE DES COMBATTANTS D'AFRIQUE DU NORD;43,4594900000;6,7283800000
202200008866;31;5;2022;07:45;1;80;80021;2;2;1;3;GRACE (RUE DE);49,9112000000;2,2550200000
202200008867;1;6;2022;04:10;5;78;78440;2;1;1;3;Avenue de l'Europe;48,9722470000;1,9185490000
202200008868;21;11;2022;16:00;2;94;94046;2;1;3;3;LEON BLUM (AV);48,8026600000;2,4345000000
202200008869;21;11;2022;07:10;2;94;94043;2;1;1;6;FONTAINEBLEAU (AV DE);48,8090200000;2,3625800000
202200008870;21;11;2022;17:55;5;94;94022;2;3;2;6;Avenue du Général Leclerc / Avenue de la République;48,7623100000;2,4064400000
202200008871;1;6;2022;08:10;1;77;77243;2;1;7;6;D10;48,8754150000;2,7045500000
202200008872;1;6;2022;11:45;1;74;74012;2;1;8;3;NAUDIN (RUE RENE);46,1934200000;6,2473900000
202200008873;21;11;2022;08:50;2;94;94059;2;2;1;6;Avenue Clara / Avenue Champion;48,8063238216;2,5606789220
202200008874;1;6;2022;10:40;1;73;73011;2;6;8;3;D990 - DE GAULLE (AV) GILLY A WINNEDEN;45,6669700000;6,3711600000
202200008875;1;6;2022;06:25;1;71;71076;2;1;1;3;AVENUE Pierre MENDES FRANCE;46,7753061748;4,8427526951
202200008876;21;11;2022;09:04;1;94;94046;2;1;1;3;Avenue du Général de Gaulle;48,8162100000;2,4197640000
202200008877;21;11;2022;11:50;1;94;94071;2;1;1;1;5 Place de la Gare;48,7711700000;2,5088500000
202200008878;1;6;2022;13:00;1;69;69013;2;1;1;4;Route Départementale 306;46,0228600000;4,7204800000
202200008879;1;6;2022;11:30;1;67;67482;2;1;1;3;HAVRE (RUE DU);48,5652500000;7,7841100000
202200008880;21;11;2022;09:00;1;94;94075;2;3;1;3;Route de la Grange;48,7325960000;2,5122310000
202200008881;31;5;2022;07:55;1;67;67482;2;3;1;3;THUMENAU (RUE DE LA);48,5717500000;7,7560600000
202200008882;31;5;2022;18:45;1;66;66136;1;1;1;2;R D 900;42,6790360000;2,8725260000
202200008883;19;11;2022;11:15;1;94;94002;2;1;1;3;50 Boulevard Carnot;48,7962350000;2,4284060000
202200008884;31;5;2022;18:40;1;65;65331;2;3;1;3;LOURDES (AVENUE DE);43,2137610000;0,0516310000
202200008885;21;11;2022;07:50;2;93;93072;2;1;2;3;FRANCIS AUFFRAY (RUE);48,9679400000;2,3784500000
202200008886;1;6;2022;15:10;1;64;64284;1;6;7;2;18 JUIN 1940 DU;43,2912100000; -0,4050200000
202200008887;21;11;2022;18:40;3;93;93062;2;1;2;6;Avenue Thiers;48,9011952222;2,5126518309
202200008888;1;6;2022;21:00;1;64;64024;2;3;1;5;CAVALIERS (PLAGE DES);43,5199600000; -1,5232000000
202200008889;21;11;2022;17:35;5;93;93047;2;1;2;6;Rue du Génèral Leclerc;48,8977190000;2,5752970000
202200008890;31;5;2022;19:25;1;64;64024;2;1;1;2;Boulevard du B.A.B.;43,4967300000; -1,5100600000
202200008891;21;11;2022;06:00;5;93;93010;2;1;1;6;Rue Etienne Dolet;48,8919510000;2,4776930000
202200008892;9;5;2022;12:00;1;64;64102;2;1;1;3;Chemin de Sabalce;43,4915500000; -1,4909500000
202200008893;1;5;2022;17:40;1;63;63193;1;2;1;3;M 52/Rue de Dallet;45,7720000000;3,2083300000
202200008894;31;5;2022;11:00;1;63;63113;2;1;1;6;APOLLON (RUE);45,7954900000;3,1005700000
202200008895;21;11;2022;07:40;1;93;93005;2;2;8;5;Boulevard de Strasbourg / Rue Diderot;48,9210650000;2,4829270000
202200008896;1;6;2022;15:20;1;59;59286;2;4;1;2;CARNOT SADI RUE;50,6120600000;3,0001300000
202200008897;21;11;2022;06:35;5;92;92078;2;1;1;3;CHARLES DE GAULLE (BD) (71 AU 153);48,9412622047;2,3214406371
202200008898;31;5;2022;12:00;1;59;59378;2;2;1;5;MENIN RUE DE;50,6764778097;3,0810481310
202200008899;31;5;2022;17:40;1;59;59597;2;1;8;3;MARQUETTE (ROUTE DE);50,1932900000;3,2236500000
202200008900;21;11;2022;18:40;5;92;92073;2;3;2;3;ROOSVELT (AVENUE FRANKLIN);48,8727700000;2,2210600000
202200008901;1;6;2022;18:20;1;54;54395;2;3;1;2;BATAILLE (QUAI DE LA);48,6817842528;6,1857678294
202200008902;21;11;2022;17:25;5;92;92072;2;3;2;3;PAVE DES GARDES (ROUTE DU);48,8106742111;2,2087293863
202200008903;30;5;2022;15:10;1;52;52121;2;6;1;3;;48,0922500000;5,1454100000
202200008904;21;11;2022;18:15;5;92;92051;2;9;2;3;VICTOR HUGO (BOULEVARD, N° 9 A 49 ET 16;48,8840878055;2,2814628482
202200008905;1;11;2022;20:45;5;92;92050;2;1;1;1;FRANCE ANATOLE RUE;48,9016188123;2,2090378403
202200008906;1;6;2022;18:30;1;51;51454;2;3;1;3;rue Jobert Lucas;49,2708300000;4,0144100000
202200008907;21;11;2022;08:32;1;92;92048;2;1;1;6;MARCHE COUVERT (RUE DU);48,8098481407;2,2383063733
202200008908;1;6;2022;16:10;1;51;51172;2;3;1;3;Rue de la Sentelle;49,2148697703;4,0489742160
202200008909;21;11;2022;17:15;5;92;92035;2;2;2;3;Général de Gaulle  ( avenue du );48,9111748467;2,2546968162
202200008910;1;6;2022;16:15;1;51;51573;1;1;1;2;Route de Soissons;49,2540900000;3,9735400000
202200008911;21;11;2022;17:20;3;60;60186;1;2;2;3;RD 570;49,4560822528;2,4711830020
202200008912;31;5;2022;19:15;1;51;51454;2;3;1;3;rue de Bétheny;49,2681300000;4,0470980000
202200008913;22;11;2022;05:30;3;57;57043;1;3;8;3;D1;49,2556430000;6,2008390000
202200008914;29;5;2022;15:45;1;50;50002;2;9;1;7;COUTANCES (route de);49,1088100000; -1,1352300000
202200008915;21;11;2022;18:35;3;35;35236;1;1;2;1;Rue Jean Vinouze;47,6726660000; -2,0591370000
202200008916;31;5;2022;15:08;1;49;49007;2;1;1;2;GASNIER AVENUE;47,4904200000; -0,5759200000
202200008917;20;11;2022;11:00;1;63;63307;1;4;1;1;D 2089 et RD 120;45,7114310000;3,0746750000
202200008918;28;4;2022;12:45;1;69;69256;2;3;1;3;Avenue Charles de Gaulle;45,7822300000;4,9423700000
202200008919;31;5;2022;12:19;1;49;49267;2;1;1;3;HERAUDIERES;47,4634300000; -0,4854700000
202200008920;21;11;2022;12:20;1;95;95487;2;1;2;7;Rue Etienne Dolet;49,1522656016;2,2692829370
202200008921;1;6;2022;08:40;1;47;47201;2;1;7;4;BRAX (route de);44,1935300000;0,5912000000
202200008922;28;4;2022;00:29;5;67;67482;2;3;1;3;ARISTIDE BRIAND (AVENUE);48,5688680725;7,7770408900
202200008923;21;11;2022;16:32;1;44;44169;1;1;8;1;RD215;47,2410770000; -1,4299370000
202200008924;22;11;2022;16:50;2;69;69277;1;1;2;6;Route de Meyzieu;45,7072580000;5,0291200000
202200008925;1;6;2022;17:50;1;45;45075;2;6;7;6;Avenue Georges Pompidou;47,8981100000;1,8545500000
202200008926;27;4;2022;09:25;1;66;66136;1;1;8;1;R D 900;42,6547984352;2,8822106123
202200008927;19;11;2022;03:20;3;38;38557;1;6;2;2;D302;45,7667853607;5,0762609975
202200008928;26;4;2022;14:30;1;66;66136;2;1;1;2;CLEMENCEAU (BOULEVARD);42,7005597282;2,8906193376
202200008929;1;6;2022;04:10;5;45;45302;2;6;1;3;1013 Rue Nationale 20;47,9468500000;1,8923900000
202200008930;4;4;2022;08:30;1;61;61006;2;1;1;6;HUGO (BOULEVARD);48,7319650000; -0,0201870000
202200008931;1;6;2022;08:00;1;45;45208;2;1;1;6;Avenue du Général de Gaulle;48,0031920000;2,7360360000
202200008932;18;11;2022;20:10;4;69;69285;2;3;2;3;Avenue Satolas Green;45,7598400000;5,0463200000
202200008933;31;5;2022;22:21;5;45;45004;2;1;1;1;Rue de la Nivelle;47,9857500000;2,7485600000
202200008934;28;4;2022;13:05;1;61;61001;2;1;1;7;VICQUES (RUE DE);48,4350000000;0,1080000000
202200008935;21;11;2022;19:16;3;76;76532;1;2;3;1;Route des Murs;49,6193370000;1,3224690000
202200008936;22;11;2022;07:50;2;79;79202;2;1;8;7;60 Avenue du Marechal Leclerc;46,6407760000; -0,2424900000
202200008937;1;6;2022;22:50;3;43;43157;2;3;1;1;20 Route de Montredon;45,0505700000;3,8990800000
202200008938;18;11;2022;12:35;1;61;61007;2;3;1;2;La Colomblee;48,8036340000; -0,5016210000
202200008939;28;4;2022;06:55;1;59;59648;2;3;1;1;HUGO VICTOR RUE;50,5861970000;3,0343690000
202200008940;21;11;2022;18:00;3;44;44087;1;1;2;1;Boulevard de l’atlantique;46,9962660000; -1,8097400000
202200008941;1;6;2022;12:00;1;43;43157;2;2;1;3;25 Boulevard de la Republique;45,0447700000;3,8907000000
202200008942;21;11;2022;16:15;1;35;35204;1;3;8;3;D34;48,0409012033; -1,5339687467
202200008943;1;6;2022;10:40;1;41;41269;2;1;1;7;VENDOME (RUE CESAR DE);47,7923000000;1,0709900000
202200008944;25;4;2022;11:40;1;59;59009;2;1;1;6;LECLERC RUE DU GENERAL;50,6366405198;3,1281141042
202200008945;20;10;2022;12:30;1;26;26035;1;1;1;7;D70;44,7864190000;5,1441500000
202200008946;1;6;2022;14:15;1;37;37214;2;1;1;4;VOISIN (BOULEVARD ANDRE-GEORGES);47,4306700000;0,6710900000
202200008947;1;6;2022;09:00;1;35;35055;1;1;1;4;N136;48,0948269202; -1,6221651435
202200008948;26;4;2022;17:30;1;57;57672;2;3;1;3;FOCH (BOULEVARD);49,3603100000;6,1635800000
202200008949;22;11;2022;07:50;2;72;72275;2;1;1;6;garnde rue;48,0711290000;0,3470510000
202200008950;1;6;2022;12:35;1;34;34172;2;3;1;3;NAZARETH (RUE DE);43,6222500000;3,8828700000
202200008951;27;4;2022;06:55;1;54;54395;2;1;1;6;VOSGES (PLACE DES);48,6849850000;6,1870280000
202200008952;19;11;2022;12:30;1;14;14005;1;1;1;7;Rue de Mézidon;49,1003400000; -0,1494700000
202200008953;1;6;2022;12:45;1;32;32013;2;4;1;1;BARON (CHEMIN DE);43,6548300000;0,5727600000
202200008954;21;4;2022;12:00;1;50;50129;1;1;1;3;GRAND PRE (RUE DU);49,6375000000; -1,5969000000
202200008955;22;11;2022;17:50;3;60;60238;1;1;2;4;D1017;49,2571967360;2,5848675114
202200008956;25;4;2022;17:50;1;30;30007;2;9;1;3;LECLERC (PLACE GENERAL);44,1254700000;4,0794100000
202200008957;24;4;2022;17:30;1;27;27229;2;1;8;7;QUATORZE JUILLET (BOULEVARD);49,0168500000;1,1711600000
202200008958;21;11;2022;14:25;1;64;64424;1;1;2;6;route de garindein;43,1993243907; -0,9152401040
202200008959;21;11;2022;13:20;1;16;16261;1;1;3;6;D11;45,7930230000;0,3782560000
202200008960;1;6;2022;05:37;2;26;26198;1;1;1;4;RN7 ( Secteur Sud);44,5372700000;4,7294900000
202200008961;28;4;2022;20:20;1;47;47001;2;3;1;3;SCALIGER (BOULEVARD);44,2066397978;0,6138282670
202200008962;1;6;2022;19:15;1;25;25056;2;3;1;6;CLERC RUE FRANCIS (inf 29);47,2552000000;6,0228000000
202200008963;21;11;2022;08:44;2;16;16014;1;3;3;6;Chez Bouffard;45,4681780000; -0,0590190000
202200008964;22;11;2022;10:30;1;53;53084;2;1;7;6;Route de Chatelais;47,8411450000; -0,9495340000
202200008965;31;5;2022;12:30;1;19;19031;2;6;1;3;TOULZAC (RUE JEAN BAPTISTE);45,1564304564;1,5040079355
202200008966;23;5;2022;18:30;1;19;19031;2;1;1;3;DUMAITRE (RUE JEAN);45,1567700000;1,5479800000
202200008967;22;11;2022;18:00;5;88;88319;2;6;2;7;rond point beregovoy;48,3761220000;6,8786000000
202200008968;28;4;2022;10:35;1;45;45286;2;1;1;4;Avenue Gaston Galloux;47,8853900000;1,9245500000
202200008969;1;6;2022;18:45;1;17;17300;2;2;1;1;LECLERC   AVENUE DU GENERAL;46,1626400000; -1,1606500000
202200008970;21;11;2022;09:30;1;33;33393;1;1;3;5;A89 PR 32+600;44,9759304522; -0,2155852318
202200008971;27;4;2022;16:35;1;37;37122;1;1;1;2;RD 37;47,3406866414;0,6638802588
202200008972;22;11;2022;08:00;1;31;31395;1;1;2;5;A64 sens tarbes Toulouse;43,4671860000;1,3151840000
202200008973;31;5;2022;22:10;5;13;13206;2;2;1;3;ARMENY (RUE D');43,2912000000;5,3807200000
202200008974;21;11;2022;19:20;3;72;72339;1;1;1;2;A11 PK 189.900;47,9588906438;0,0218117235
202200008975;21;11;2022;18:00;2;69;69250;1;1;2;6;Autoroute 89;45,8198500000;4,7053030000
202200008976;1;6;2022;19:15;1;13;13001;1;1;1;7;SISTERON (RTE DE );43,5441400000;5,4610600000
202200008977;28;4;2022;19:30;1;35;35238;2;1;1;6;FOULON (AVENUE PROFESSEUR CHARLES);48,1206636872; -1,6442477703
202200008978;21;11;2022;16:20;1;69;69102;1;1;2;6;Autoroute 89 ;45,8788746023;4,3974924088
202200008979;27;12;2022;22:36;3;94;94021;1;1;1;3;AUTOROUTE A6A;48,7684000000;2,3446200000
202200008980;22;11;2022;07:45;2;69;69086;1;1;1;6;Autoroute 89;45,8537630000;4,6579030000
202200008981;1;6;2022;17:45;1;13;13001;2;1;1;2;PAGNOL MARCEL (AV);43,5242000000;5,4236100000
202200008982;21;11;2022;18:20;5;66;66172;2;6;2;6;;42,7159513965;2,8370958567
202200008983;28;12;2022;21:00;3;78;78297;1;1;2;7;RN12;48,7887880000;2,0607380000
202200008984;22;11;2022;07:30;2;69;69244;2;1;1;6;Rue Joliot Curie;45,7521370000;4,7710110000
202200008985;28;4;2022;15:15;1;35;35238;2;3;1;1;MALAKOFF;48,1067428213; -1,6931967437
202200008986;28;12;2022;17:25;3;92;92048;1;1;2;2;N118;48,8048605042;2,2135432693
202200008987;28;4;2022;08:55;1;35;35238;2;2;1;3;RICHEPIN (JEAN);48,1232537871; -1,6628026217
202200008988;22;9;2022;22:45;3;38;38170;1;1;1;2;A48;45,2554758269;5,6446588805
202200008989;28;12;2022;08:00;2;95;95582;1;1;2;6; A15;48,9642113313;2,2629368305
202200008990;1;6;2022;02:00;3;11;11069;2;1;1;7;BAZALAC -CHEMIN-;43,1850600000;2,4114700000
202200008991;20;11;2022;13:55;1;987;98714;2;1;1;3;Vaitape; -16,5093390000; -151,7505830000
202200008992;26;12;2022;18:50;5;94;94028;2;1;1;2;FOCH(AVENUE DU MARECHAL);48,7814800000;2,4373500000
202200008993;14;4;2022;18:25;1;33;33063;2;7;1;3;Cours de Luze;44,8594400000; -0,5817800000
202200008994;27;12;2022;11:40;1;31;31483;2;9;1;6;FOCH (AVENUE DU MARECHAL);43,1066830000;0,7202410000
202200008995;19;11;2022;13:40;1;45;45173;1;2;1;3;D951 PR 70 + 830;47,8476620000;2,1355160000
202200008996;23;12;2022;19:30;3;30;30032;2;1;1;6;Quai General de Gaulle;43,8053600000;4,6464800000
202200008997;1;6;2022;19:50;1;06;06029;2;6;1;2;TONNER (AVENUE FRANCIS);43,5497880000;6,9723210000
202200008998;26;4;2022;15:30;1;33;33063;2;1;1;4;Quai de Brazza;44,8658800000; -0,5385400000
202200008999;21;11;2022;09:43;1;77;77203;1;1;9;1;D17;48,9795410000;2,9667810000
202200009000;27;12;2022;07:30;1;974;97411;2;3;7;1;BANCOUL (CHEMIN); -20,9060400000;55,4790400000
202200009001;22;11;2022;07:30;2;2B;2B289;1;1;2;3;RT20;42,3550240000;9,1743350000
202200009002;30;5;2022;17:30;1;06;06027;2;3;2;3;NICE AVENUE DE (RN7);43,6598380000;7,1713400000
202200009003;18;4;2022;07:00;2;33;33063;2;1;1;3;Boulevard des Frères Moga;44,8229800000; -0,5420700000
202200009004;19;3;2022;15:15;1;73;73017;1;1;1;2;D201 - Route d Apremont;45,5212750000;5,9554620000
202200009005;31;5;2022;18:30;1;03;03310;2;1;1;6;Boulevard de la Mutualite;46,1308150000;3,4256580000
202200009006;22;10;2022;10:00;1;84;84019;2;6;1;7;Avenue Emile Lachaux;44,2774090000;4,7580030000
202200009007;19;3;2022;16:25;1;38;38415;1;1;1;1;D208a;45,6314520000;5,2384420000
202200009008;27;12;2022;08:10;1;974;97407;1;6;1;3;ROND POINT ROSE DES VENTS; -20,9400900000;55,3069100000
202200009009;26;4;2022;12:56;1;32;32013;2;1;1;5;ROCADE (RN 124 OUEST);43,6626000000;0,5869000000
202200009010;18;11;2022;20:38;3;83;83081;1;1;1;6;RD 562;43,6058000000;6,7664090000
202200009011;20;3;2022;04:45;3;38;38203;1;1;1;6;13 Route de Saint Jean;45,0243380000;5,7715770000
202200009012;26;12;2022;10:22;1;973;97302;1;6;2;7;GIRATOIRE MARINGOUINS;4,9076892321; -52,3226371408
202200009013;28;5;2022;20:10;1;02;02722;2;4;1;2;Boulevard Gambetta;49,3774800000;3,3306900000
202200009014;20;3;2022;04:00;3;09;09217;1;1;1;7;1 Quartier Prat Nouvel;42,8076450000;1,5904960000
202200009015;27;4;2022;10:25;1;31;31555;2;1;1;6;FITTE (ALL CHARLES DE) DU 39AU 109;43,5996300000;1,4296000000
202200009016;22;11;2022;06:20;3;13;13027;1;1;1;1;Avenue de la Durance;43,8902070000;4,8801770000
202200009017;27;12;2022;12:50;1;69;69259;2;1;1;2;Boulevard Irène Joliot Curie;45,7240700000;4,8716500000
202200009018;31;5;2022;23:45;5;75;75118;2;5;1;6;RUE MARCADET;48,8918540000;2,3335220000
202200009019;19;3;2022;20:40;3;31;31248;1;1;1;6;3270 Route du Plantaurel;43,4466420000;1,3858230000
202200009020;22;11;2022;14:00;1;13;13060;2;1;1;7;D7n;43,5069700000;5,5075350000
202200009021;19;3;2022;05:30;3;33;33164;1;1;1;6;18 Route de Villandraut;44,5424450000; -0,3027060000
202200009022;27;12;2022;10:00;1;69;69384;2;2;1;6;Boulevard des Canuts;45,7792841997;4,8275202513
202200009023;24;4;2022;17:15;1;29;29039;1;2;3;4;D783 - D22 Rue des Roses;47,8744500000; -3,8984600000
202200009024;1;6;2022;15:30;1;75;75117;2;2;1;3;BOULEVARD PEREIRE;48,8831270000;2,2934890000
202200009025;19;3;2022;15:20;1;85;85155;1;1;1;2;;46,7152000000; -1,4297890000
202200009026;21;11;2022;16:00;2;55;55120;1;3;2;1;D635;48,7539820000;5,1281260000
202200009027;21;4;2022;01:43;5;29;29019;2;1;1;1;Rue de Kerabécam;48,3921180000; -4,4867390000
202200009028;1;6;2022;19:00;1;75;75116;2;7;1;3;PLACE DU MARECHAL DE LATTRE DE TASSIGNY;48,8722740000;2,2747850000
202200009029;20;3;2022;11:35;1;22;22134;2;1;1;7;32 Route de Perros;48,7949630000; -3,4177780000
202200009030;22;11;2022;18:00;5;42;42094;2;1;1;6;Avenue Jean Jaurés;45,7439940000;4,2280650000
202200009031;27;12;2022;19:00;5;91;91027;2;1;1;1;RUE MARX DORMOY;48,7030000000;2,3680000000
202200009032;1;6;2022;17:00;1;75;75116;2;2;1;6;BOULEVARD SUCHET;48,8573660000;2,2646930000