Num_Acc;jour;mois;an;hrmn;lum;dep;com;agg;int;atm;col;adr;lat;long
202200009033;25;12;2022;06:01;4;87;87085;1;1;1;6;AUTOROUTE A20;45,9104588050;1,2922512300
202200009034;27;4;2022;10:05;1;22;22113;2;2;1;6;SAINT PIERRE (RUE);48,7524200000; -3,4551000000
202200009035;22;11;2022;14:48;1;38;38320;1;3;8;1;D1075;45,8528370000;5,4050160000
202200009036;18;3;2022;20:35;3;13;13215;1;1;1;2;A7-Sens Lyon vers Marseille;43,3772200000;5,3579900000
202200009037;1;6;2022;11:00;1;75;75116;2;3;1;6;AVENUE VICTOR HUGO;48,8688170000;2,2833210000
202200009038;29;10;2022;02:47;5;33;33389;1;1;1;6;40 Route des Ferres;45,2697900000; -0,6168220000
202200009039;27;4;2022;16:45;1;16;16102;2;1;1;3;QUATORZE JUILLET (RUE DU);45,6922400000; -0,3269000000
202200009040;18;3;2022;03:10;3;67;67218;1;1;8;7;M35;48,5318100000;7,6955700000
202200009041;24;12;2022;09:15;1;84;84007;2;1;1;6;C.De GAULLE (Rocade);43,9287400000;4,8123900000
202200009042;1;6;2022;15:02;1;75;75115;2;1;1;7;BOULEVARD DE GRENELLE;48,8534720000;2,2896040000
202200009043;19;3;2022;14:30;1;91;91689;1;1;1;7;AUTOROUTE A6B;48,7420500000;2,3220200000
202200009044;22;11;2022;07:45;1;85;85003;1;1;3;5;D6;46,7244353000; -1,6542388000
202200009045;28;4;2022;18:00;1;13;13002;1;1;1;3;CD46A (DE PICHAURIS A GRÉASQUE);43,3711744600;5,5395082834
202200009046;27;12;2022;12:50;1;83;83069;2;6;1;6;BERNARD ( RUE MARIO );43,1126700000;6,1182500000
202200009047;1;6;2022;07:15;1;75;75114;2;3;1;3;RUE SAINT YVES;48,8256600000;2,3344530000
202200009048;16;11;2022;12:55;1;72;72378;1;1;2;3;D306;47,8081870000; -0,2776430000
202200009049;28;4;2022;19:20;1;13;13209;2;1;1;1;REDON (BOULEVARD DU);43,2516400000;5,4220100000
202200009050;22;12;2022;16:05;2;80;80021;2;1;2;6;CHATEAUDUN (BOULEVARD DE);49,8852300000;2,2804700000
202200009051;19;3;2022;11:45;1;91;91689;1;1;1;4;AUTOROUTE A6;48,7320600000;2,3152900000
202200009052;16;11;2022;11:10;1;60;60524;1;1;1;6;D1016;49,3445370000;2,4320230000
202200009053;31;5;2022;21:40;5;75;75107;2;3;1;7;QUAI BRANLY;48,8574781666;2,2910075001
202200009054;20;12;2022;04:50;5;80;80021;2;1;1;6;GENERAL LECLERC (RUE DU );49,8963790000;2,2941760000
202200009055;18;3;2022;20:30;5;92;92050;1;1;1;6;A86;48,8934770765;2,1888457004
202200009056;28;4;2022;13:25;1;13;13204;2;1;1;2;MARÉCHAL JUIN (BOULEVARD);43,3104600000;5,4034100000
202200009057;22;11;2022;05:00;5;59;59249;2;3;2;6;Rue Faidherbe;50,0165060000;4,0478660000
202200009058;31;5;2022;17:05;1;75;75114;2;1;1;3;RUE DU COMMANDANT RENE MOUCHOTTE;48,8391740000;2,3206750000
202200009059;16;12;2022;10:20;1;80;80021;2;1;7;6;DELPECH (RUE);49,8870200000;2,2965300000
202200009060;16;11;2022;17:57;3;57;57582;1;1;1;3;Autoroute A31;49,2836400000;6,1728100000
202200009061;28;4;2022;08:15;1;13;13209;2;1;1;3;VITON (AVENUE);43,2600000000;5,4074300000
202200009062;23;12;2022;14:50;1;80;80021;2;1;1;2;Boulevard de Beauvillé;49,8987500000;2,3122800000
202200009063;19;3;2022;14:00;1;92;92047;1;1;1;4;A13;48,8339754444;2,1664687519
202200009064;1;6;2022;12:10;1;75;75113;2;3;1;3;AVENUE DE FRANCE;48,8262960000;2,3809040000
202200009065;21;11;2022;07:40;5;33;33013;1;1;3;2;ROUTE NATIONALE 230;44,8624700000; -0,5038300000
202200009066;28;4;2022;20:08;1;13;13047;2;9;1;3;JEAN MARIE L'HUILLIER (BOULEVARD);43,5118000000;4,9847900000
202200009067;14;12;2022;18:15;3;80;80131;1;1;9;6;RN 25;49,8638200000;2,3728700000
202200009068;19;3;2022;07:00;1;92;92025;1;1;1;6;A86;48,9354125442;2,2611899740
202200009069;20;11;2022;21:05;4;59;59009;1;1;1;6;AUTOROUTE A22;50,6483600000;3,1448300000
202200009070;28;4;2022;05:44;5;13;13047;1;9;1;2;TRANSHUMANCE ROND POINT DE LA;43,5277400000;4,9610800000
202200009071;1;6;2022;15:50;1;75;75112;2;3;1;3;BOULEVARD DE LA BASTILLE;48,8511590000;2,3692150000
202200009072;18;3;2022;20:00;3;78;78090;1;1;1;2;A13;48,9706060000;1,8891740000
202200009073;18;11;2022;09:20;1;59;59507;1;1;1;5;AUTOROUTE A1;50,6086134928;3,0939382460
202200009074;27;4;2022;17:20;1;09;09225;2;1;1;3;RIJOLE AVENUE DE LA;43,1216890000;1,6211510000
202200009075;29;11;2022;10:15;1;77;77216;2;9;1;3;D607;48,3110000000;2,6824100000
202200009076;19;3;2022;07:15;1;95;95572;1;1;1;6; A15;49,0345300000;2,1010200000
202200009077;21;11;2022;17:30;3;91;91235;1;1;2;1;RN 104;48,6268400000;2,3553800000
202200009078;1;6;2022;12:55;1;75;75111;2;3;1;3;AVENUE PARMENTIER;48,8626340000;2,3765120000
202200009079;28;4;2022;20:58;2;06;06088;2;1;1;3;COSTIERE (CH. DE LA);43,7297600000;7,2294700000
202200009080;27;12;2022;14:15;1;76;76540;2;2;1;2;Boulevard Jean Jaures;49,4523500000;1,0591300000
202200009081;19;3;2022;06:30;3;93;93053;1;1;1;2;AUTOROUTE A3;48,8929900000;2,4726600000
202200009082;21;11;2022;09:45;1;91;91235;1;1;1;2;RN 104;48,6248700000;2,3632800000
202200009083;28;4;2022;15:02;1;06;06088;1;1;1;6;MAGNAN (CORNICHE DE);43,7089200000;7,2324600000
202200009084;27;12;2022;11:35;1;76;76391;2;1;7;6;Rue des Canadiens;49,3017770000;0,9520510000
202200009085;18;3;2022;18:20;2;95;95241;1;1;1;4;RN 104;49,0477371663;2,4636733532
202200009086;20;11;2022;06:40;3;78;78133;1;1;1;2;A13;48,8927510000;2,0085610000
202200009087;28;4;2022;10:25;1;06;06027;2;1;1;6;HOTEL DE VILLE AVENUE DE L';43,6632880000;7,1474510000
202200009088;26;12;2022;06:48;3;76;76322;1;1;1;6;N338 - Sud 3;49,4163900000;1,0461400000
202200009089;1;6;2022;12:20;1;75;75109;2;7;1;2;RUE DE CHATEAUDUN;48,8763560000;2,3324120000
202200009090;19;11;2022;18:10;5;92;92062;1;1;1;6;A14;48,8926794647;2,2348099552
202200009091;18;3;2022;12:05;1;93;93048;1;1;1;3;AUTOROUTE A86;48,8645671382;2,4823039923
202200009092;26;12;2022;17:50;5;72;72181;2;3;1;3;RUBILLARD AV N° PAIRS 118 ET >;48,0127200000;0,1784700000
202200009093;28;4;2022;08:25;1;06;06027;2;1;1;2;PLAGE BOULEVARD DE LA;43,6508920000;7,1522710000
202200009094;21;11;2022;05:10;4;93;93005;1;1;1;6;A1;48,9633100000;2,4718800000
202200009095;19;3;2022;04:00;3;77;77384;1;1;1;6;A5b;48,6121200000;2,6324300000
202200009096;1;6;2022;07:45;1;75;75109;2;7;1;3;PLACE DE CLICHY;48,8833140000;2,3271730000
202200009097;27;12;2022;00:20;5;71;71076;2;1;2;6;GIDE (RUE ANDRE);46,7995539059;4,8461066186
202200009098;18;3;2022;11:30;1;94;94028;1;1;1;6;A86 EXT;48,7776016949;2,4400786182
202200009099;28;4;2022;07:45;1;06;06027;2;3;1;6;PLAGE BOULEVARD DE LA;43,6507610000;7,1520300000
202200009100;21;11;2022;19:00;3;77;77169;1;1;2;2;A4.Y;48,8319570000;2,6011260000
202200009101;1;6;2022;18:30;1;75;75108;2;2;1;3;BOULEVARD HAUSSMANN;48,8742010000;2,3239080000
202200009102;27;12;2022;16:50;2;69;69092;1;1;1;6;1011 Route du Saule d’Oingt;45,9801900000;4,6631000000
202200009103;18;3;2022;11:10;1;77;77363;1;1;1;2;A104;48,9163300000;2,6337600000
202200009104;21;11;2022;16:55;3;94;94046;1;1;2;3;A86 EXT;48,8084200000;2,4489200000
202200009105;28;4;2022;18:35;1;06;06155;2;1;1;6;PICASSO AV.ET SQUARE PABLO;43,5746850000;7,0550320000
202200009106;27;12;2022;13:30;1;69;69259;2;9;1;3;Boulevard Irène Joliot Curie;45,7152600000;4,8764400000
202200009107;1;6;2022;00:15;5;75;75108;2;7;1;3;AVENUE DES CHAMPS ELYSEES;48,8677800000;2,3139090000
202200009108;18;3;2022;14:15;1;27;27229;2;1;1;6;QUATORZE JUILLET (BOULEVARD);49,0063200000;1,1625900000
202200009109;21;11;2022;10:30;1;94;94017;1;1;1;3;A4;48,8266507839;2,5161742429
202200009110;27;4;2022;16:10;1;03;03095;2;1;1;6;ROUX (AVENUE GILBERT);46,1383500000;3,4372600000
202200009111;26;12;2022;21:10;5;67;67482;2;3;1;3;SEBASTIEN BRANT (PLACE);48,5861500000;7,7628900000
202200009112;17;3;2022;13:00;1;77;77288;2;1;1;6;MARCHE  (ALLEE DU);48,5386200000;2,6643200000
202200009113;21;11;2022;07:20;3;94;94069;1;1;8;2;A86 EXT;48,8159619621;2,4517516855
202200009114;1;6;2022;10:05;1;75;75104;2;2;1;6;RUE DES ARCHIVES;48,8600700000;2,3568760000
202200009115;22;12;2022;18:05;5;67;67482;2;3;2;3;FRERES EBERTS (RUE DES);48,5550991638;7,7374649048
202200009116;27;4;2022;18:30;1;03;03101;1;6;1;3;rue Michel Faye;46,3701000000;2,5850300000
202200009117;11;3;2022;19:35;5;86;86194;2;1;2;6;Rue de Chaumont;46,5565710000;0,3044790000
202200009118;5;9;2022;15:50;1;84;84025;1;9;1;5;intersection RD900 et RD 148;43,8644510000;5,1665460000
202200009119;1;6;2022;09:30;1;75;75101;2;3;1;2;PONT ROYAL;48,8607150000;2,3306290000
202200009120;22;12;2022;18:00;5;67;67447;2;6;2;3;HAYE (RUE DE LA);48,6133000000;7,7161200000
202200009121;19;4;2022;22:40;5;02;02408;2;1;1;1;GAMBETTA (AVENUE);49,5666000000;3,6312900000
202200009122;22;9;2022;17:10;1;89;89195;1;1;1;3;D1060;48,1658990000;3,2669090000
202200009123;1;6;2022;08:00;1;75;75103;2;2;1;3;RUE DU VERTBOIS;48,8669660000;2,3582660000
202200009124;22;12;2022;15:20;1;67;67482;2;1;1;6;WANTZENAU (RTE DE LA);48,6119707737;7,7820432186
202200009125;18;3;2022;21:10;5;988;98818;2;3;1;3;BRETTELLE INSERTION VE1/ECHANGEUR BONAPARTE FOREST; -22,2420418858;166,4573912323
202200009126;22;9;2022;08:00;1;29;29076;2;1;1;6;171 Rue du Ponant;48,4638910000; -4,5703290000
202200009127;28;4;2022;12:20;1;01;01289;1;1;1;1;COUPES BLANCHES (CHEMIN DES) COTE SEILLO;46,1752390000;5,2372020000
202200009128;31;5;2022;10:10;1;75;75103;2;7;1;7;PLACE DE LA REPUBLIQUE;48,8673204267;2,3634242945
202200009129;18;3;2022;07:10;1;976;97611;2;3;1;6;tsoundzou-Kadjifouni ( rue ); -12,8070400000;45,2073000000
202200009130;21;9;2022;17:05;1;29;29145;2;1;1;7;Keravel;48,0512760960; -4,4335348605
202200009131;26;12;2022;19:35;5;61;61001;2;9;1;1;REPUBLIQUE (BOULEVARD DE LA);48,4253730000;0,0914480000
202200009132;27;4;2022;18:30;1;75;75117;2;1;1;3;BD PERIPHERIQUE INTERIEUR;48,8851930000;2,2873020000
202200009133;1;6;2022;17:35;1;94;94081;2;1;1;1;52 Boulevard de Stalingrad;48,8002820000;2,3803110000
202200009134;20;9;2022;18:50;1;29;29216;1;1;1;4;les Quatre Chemins ;47,9935596060; -4,2309415340
202200009135;27;12;2022;18:35;3;59;59288;1;1;1;1;LA CROIX SAINTE MARIE;50,3104655359;3,4040182829
202200009136;18;3;2022;17:25;2;974;97411;2;3;1;2;SOURCE (RUE DE LA); -20,8857800000;55,4507200000
202200009137;20;11;2022;18:40;5;973;97302;2;1;1;7;FELIX EBOUE(ROCADE);4,9272700000; -52,3196100000
202200009138;28;4;2022;08:05;1;75;75113;2;1;1;6;RUE DE PATAY;48,8247350000;2,3758950000
202200009139;1;6;2022;15:18;1;94;94028;2;1;1;1;CHOISY(ROUTE DE);48,7900000000;2,4726000000
202200009140;26;12;2022;10:50;1;56;56121;2;6;1;2;95 Boulevard René Laënnec;47,7572700000; -3,3553900000
202200009141;20;11;2022;16:45;1;973;97302;2;9;1;7;MADELEINE (ROUTE DE LA);4,9117800000; -52,3213600000
202200009142;1;6;2022;12:00;1;94;94058;2;1;1;6;Avenue du Général de Gaulle;48,8423400000;2,5047600000
202200009143;18;3;2022;07:30;1;974;97411;2;6;1;5;BOIS DE NEFLES (ROUTE DE); -20,9087800000;55,4800200000
202200009144;26;4;2022;09:40;1;75;75106;2;2;1;2;BOULEVARD SAINT GERMAIN;48,8520996199;2,3403212428
202200009145;20;11;2022;14:25;1;972;97209;1;1;1;2;RD 41;14,6170500000; -61,0742200000
202200009146;27;12;2022;21:45;5;54;54304;2;2;8;6;BARROIS (RUE DU);48,6932906861;6,1281057001
202200009147;18;3;2022;19:20;2;69;69383;2;1;1;3;Cours Gambetta;45,7550000000;4,8442000000
202200009148;20;11;2022;22:30;5;95;95598;2;2;8;3;Avenue Gavignot;48,9788556015;2,3008257151
202200009149;26;12;2022;16:45;1;49;49015;2;6;1;3;BEURRIERE CHEMIN DE LA;47,4967600000; -0,5915500000
202200009150;28;4;2022;14:20;1;75;75120;2;2;1;3;Avenue de la Porte de Vincennes;48,8466957714;2,4158857763
202200009151;20;11;2022;21:00;5;91;91421;2;1;8;7;MARECHAL FOCH (AVENUE DU);48,7093100000;2,4647600000
202200009152;1;6;2022;14:56;1;94;94046;2;1;1;6;GENERAL LECLERC - CAR DE LA RESISTANCE (;48,8096560000;2,4338510000
202200009153;26;12;2022;16:43;1;49;49007;2;1;1;6;GRAND MONTREJEAU;47,4683200000; -0,5286600000
202200009154;18;3;2022;17:20;1;69;69386;2;2;1;3;Rue de la Viabert;45,7663100000;4,8634400000
202200009155;28;4;2022;09:50;1;75;75120;2;7;1;3;PLACE GAMBETTA;48,8650025475;2,3985697032
202200009156;27;12;2022;14:10;1;45;45004;1;1;1;2;D2007 PR 21 + 380;47,9790956081;2,7422953248
202200009157;20;11;2022;15:50;1;83;83137;2;6;1;3;MATISSE (RUE / IMP HENRI);43,1288600000;5,9821500000
202200009158;18;3;2022;15:30;1;69;69388;2;1;1;2;Boulevard Pinel;45,7323400000;4,8882300000
202200009159;31;5;2022;22:25;5;94;94046;2;2;1;3;Rue Chevreul;48,8092000000;2,4368400000
202200009160;26;12;2022;00:05;5;42;42189;1;1;1;6;Boulevard Maréchal Leclerc;45,4326500000;4,3312700000
202200009161;28;4;2022;10:46;1;75;75119;2;3;1;2;BOULEVARD MACDONALD;48,8988800000;2,3798160000
202200009162;1;6;2022;18:25;1;94;94038;2;1;1;2;GENERAL DE GAULLE (AV DU);48,7827870000;2,3446330000
202200009163;18;3;2022;10:20;1;69;69383;2;2;1;3;Rue Chaponnay;45,7583500000;4,8487400000
202200009164;22;12;2022;18:10;5;36;36044;2;1;1;6;Boulevard du Moulin Neuf;46,8194940000;1,6854440000
202200009165;1;6;2022;13:17;1;94;94073;1;1;1;2;RN 186;48,7538700000;2,3732900000
202200009166;19;11;2022;13:15;1;77;77186;1;4;8;3;D142 / D606;48,4828420000;2,6663360000
202200009167;18;3;2022;16:30;1;972;97213;1;1;1;3;ROUTE DEPARTEMENTALE 15;14,6544300000; -61,0117300000
202200009168;27;4;2022;21:30;5;75;75117;2;7;1;2;PLACE DE LA PORTE MAILLOT;48,8782875169;2,2810927033
202200009169;27;12;2022;12:50;1;35;35238;2;3;1;3;RN24;48,1059937863; -1,7324946625
202200009170;1;6;2022;19:30;1;94;94022;2;2;1;6;Avenue Gambetta / Avenue Léon Gourdault;48,7641000000;2,4053300000
202200009171;27;4;2022;12:25;1;75;75116;2;1;1;6;VILLA MALAKOFF;48,8655640000;2,2868370000
202200009172;20;11;2022;22:45;5;69;69256;2;3;2;6;Avenue Paul Marcellin;45,7826600000;4,9292100000
202200009173;18;3;2022;09:20;1;69;69382;2;3;1;3;26 Quai Jules Courmont;45,7601405501;4,8377233744
202200009174;27;12;2022;07:15;5;34;34129;2;1;1;6;39 Centre commercial Grand Sud;43,5840100000;3,9264200000
202200009175;27;4;2022;16:40;1;75;75115;2;1;1;3;RUE DES MORILLONS;48,8342350000;2,2964520000
202200009176;1;6;2022;17:20;1;94;94022;2;9;1;2;Avenue de Newburn;48,7559473319;2,4110183711
202200009177;20;11;2022;16:10;1;69;69266;2;2;1;3;Cours Emile Zola;45,7698200000;4,8779000000
202200009178;21;12;2022;12:45;1;34;34172;2;1;1;6;99 Avenue Frédéric Sabatier d'Espeyran;43,6244000000;3,8627100000
202200009179;27;4;2022;16:15;1;75;75114;2;1;1;7;BOULEVARD ROMAIN ROLLAND;48,8199000000;2,3253260000
202200009180;18;3;2022;10:05;1;69;69034;2;2;1;6;Rue de Montessuy;45,7909200000;4,8424500000
202200009181;20;11;2022;01:45;5;69;69034;2;1;1;6;Boulevard Périphérique Nord;45,7885600000;4,8646800000
202200009182;1;6;2022;14:05;1;94;94077;2;9;1;4;Avenue le Foll;48,7275300000;2,4396100000
202200009183;27;12;2022;19:00;5;33;33063;2;5;1;3;Quai de Bacalan;44,8604800866; -0,5538091063
202200009184;18;3;2022;13:00;1;2B;2B120;1;1;1;1;STADE (Route du) D764;42,6544000000;9,4419900000
202200009185;31;5;2022;20:10;2;93;93070;2;1;1;2;Quai de Seine;48,9172800000;2,3279400000
202200009186;20;11;2022;17:15;2;69;69259;2;1;2;4;Avenue Pierre Sémard;45,7108900000;4,8751500000
202200009187;27;12;2022;18:15;5;33;33063;2;6;1;6;Rue Docteur Etienne Ginestous;44,8779344508; -0,5613031983
202200009188;28;4;2022;14:00;1;75;75113;2;4;1;7;BOULEVARD DE L HOPITAL;48,8428282936;2,3640832677
202200009189;20;11;2022;05:15;3;64;64545;1;1;2;7;Chemin de Berruetakoborda;43,3368000000; -1,6919000000
202200009190;1;6;2022;10:45;1;93;93066;2;1;1;6;Boulevard Félix Faure;48,9386690000;2,3580870000
202200009191;27;12;2022;13:00;1;28;28134;2;1;1;7;DOGUEREAU (RUE);48,7360800000;1,3698300000
202200009192;27;4;2022;23:18;5;75;75113;2;1;1;3;AVENUE DE CHOISY;48,8269650000;2,3593280000
202200009193;15;3;2022;03:35;5;91;91425;2;2;1;3;RTE D ORLEANS RN 20;48,6398450000;2,2680600000
202200009194;20;11;2022;06:20;3;64;64122;2;1;2;6;Boulevard Marcel Dassault;43,4692400000; -1,5384100000
202200009195;27;12;2022;12:45;1;26;26362;2;4;1;6;VERDUN AVENUE DE (301);44,9383800000;4,9004100000
202200009196;28;4;2022;18:10;1;75;75111;2;4;1;6;AVENUE LEDRU ROLLIN;48,8566070000;2,3792300000
202200009197;1;6;2022;06:36;1;93;93027;2;2;1;3;Avenue Jean Jaurès / Rue Danton;48,9224610000;2,4070470000
202200009198;16;3;2022;08:38;1;91;91421;1;1;8;4;NATIONALE 6 (CES POMPIDOU);48,6921300000;2,4509100000
202200009199;19;11;2022;14:32;1;60;60463;2;1;1;6;Avenue Saint Exupery;49,2719600000;2,4643800000
202200009200;27;12;2022;17:18;1;26;26198;2;1;1;3;POMPIDOU (Boulevard Georges);44,5463300000;4,7731100000
202200009201;28;4;2022;18:28;1;75;75110;2;7;1;3;PLACE DU COLONEL FABIEN;48,8776350000;2,3703690000
202200009202;1;6;2022;19:15;1;93;93007;2;3;1;3;Avenue Aristide Briand / Avenue Marcel Alizard;48,9435500000;2,4443200000
202200009203;5;3;2022;00:05;5;89;89338;2;3;1;3;JEAN MERMOZ (RUE);48,2129510000;3,2777570000
202200009204;31;5;2022;19:50;2;92;92073;2;1;1;6;ROOSVELT (AVENUE FRANKLIN);48,8755900000;2,2180400000
202200009205;28;4;2022;13:10;1;75;75110;2;3;1;3;BOULEVARD DE BONNE NOUVELLE;48,8703742484;2,3495762050
202200009206;27;12;2022;12:50;1;14;14242;2;2;7;3;D7;49,2191070000; -0,3666350000
202200009207;20;11;2022;02:20;4;60;60175;1;9;1;6;RD 1016 PIERRE BLANCHE;49,2576000000;2,4923300000
202200009208;17;3;2022;20:29;5;87;87085;2;1;1;3;LABUSSIERE (AVENUE EMILE);45,8430900000;1,2521300000
202200009209;27;12;2022;22:37;5;13;13209;2;1;1;1;SAINTE MARGUERITE (BOULEVARD);43,2657342351;5,4086772190
202200009210;31;5;2022;13:45;1;92;92051;2;1;1;3;PIERRET (RUE);48,8827047190;2,2605086267
202200009211;20;11;2022;18:40;5;59;59599;2;1;1;3;GAND (RUE DE);50,7310500000;3,1597000000
202200009212;28;4;2022;13:10;1;75;75110;2;3;1;6;RUE DU FAUBOURG SAINT MARTIN;48,8754112589;2,3592194170
202200009213;1;6;2022;07:50;1;92;92050;2;1;1;1;HAUTES PATURES RUE DES;48,9185256107;2,2211553231
202200009214;27;12;2022;19:00;5;13;13208;2;1;1;2;COMMANDANT ROLLAND;43,2709200000;5,3814800000
202200009215;20;11;2022;18:50;5;51;51454;2;6;2;3;place Aristide Briand;49,2575800000;4,0388500000
202200009216;28;4;2022;12:50;1;75;75107;2;1;1;1;QUAI BRANLY;48,8615940000;2,2976820000
202200009217;17;3;2022;13:42;1;87;87085;2;1;1;1;BABYLONE (RUE DE);45,8221300000;1,2726200000
202200009218;1;6;2022;16:30;1;92;92020;2;1;1;6;PARIS AVENUE DE N° IMPAIRS;48,8076940000;2,2948010000
202200009219;20;11;2022;09:15;1;50;50129;2;1;1;7;CALIGNY (QUAI DE);49,6394300000; -1,6209400000
202200009220;27;12;2022;14:45;1;13;13214;2;9;1;3;DANIEL CASANOVA (BOULEVARD);43,3264330468;5,3746835273
202200009221;27;4;2022;19:00;1;75;75102;2;2;1;3;RUE REAUMUR;48,8673727585;2,3473070217
202200009222;20;11;2022;10:00;1;42;42071;2;1;1;6;Avenue de la Libération;46,0312600000;4,0827600000
202200009223;16;3;2022;13:10;1;82;82121;2;2;1;3;ABBAYE (RUE DE L');44,0136100000;1,3508200000
202200009224;27;12;2022;01:15;5;13;13002;2;1;1;1;MARCEL DELESTRADE (BOULEVARD);43,3360319439;5,4659091846
202200009225;1;6;2022;12:10;1;92;92044;2;2;1;3;VOLTAIRE(RUE)1A51 ET2A40;48,8908182863;2,2811688781
202200009226;27;4;2022;18:05;1;75;75104;2;1;1;6;VOIE GEORGES POMPIDOU;48,8554420000;2,3516500000
202200009227;19;11;2022;17:25;5;42;42187;2;1;1;6;Place des Promenades Populle;46,0362800000;4,0651100000
202200009228;26;12;2022;22:15;5;13;13028;2;1;1;1;RIPERT (AVENUE EMILE);43,1909227602;5,6176214512
202200009229;18;3;2022;07:31;2;82;82033;2;1;1;3;TOULOUSE RD 813 (ROUTE DE) ;44,0356850000;1,1136810000
202200009230;1;6;2022;09:00;1;92;92044;2;5;1;6;P.V.COUTURIER(RUE)81A113ET60A100;48,8982814785;2,2943505943
202200009231;27;12;2022;17:20;2;13;13005;2;9;1;6;SALENGRO (AVENUE ROGER);43,3011600000;5,5703600000
202200009232;28;4;2022;13:20;1;93;93070;2;1;1;3;Boulevard Jean Jaurès;48,9150000000;2,3376900000
202200009233;20;11;2022;14:00;1;42;42099;2;1;1;2;Rue Vaillant Couturier;45,3825900000;4,2728000000
202200009234;1;6;2022;17:50;1;92;92024;2;1;1;1;GUSTAVE EIFFEL (RUE);48,9036769075;2,2940214872
202200009235;27;12;2022;10:30;1;13;13005;2;6;1;6;SALENGRO (AVENUE ROGER);43,3008700000;5,5700700000
202200009236;18;3;2022;08:32;1;78;78551;2;2;1;5;PEREIRE;48,9015750000;2,0739110000
202200009237;20;11;2022;06:18;5;37;37261;2;3;1;2;A10;47,3654300000;0,7131100000
202200009238;28;4;2022;09:03;1;93;93062;2;2;1;3;Allée de la Fontaine / Allée de Gagny;48,8920800000;2,5200200000
202200009239;26;5;2022;18:55;1;92;92024;2;1;1;6;MARTRE (RUE) DE (59 A 109)   (58 A 120);48,9041842335;2,3050214946
202200009240;26;12;2022;18:05;5;13;13004;2;1;1;1;RUE ANATOLE FRANCE;43,6778900000;4,6242200000
202200009241;20;11;2022;19:00;5;35;35238;2;3;1;1;LECLERC (AVENUE DU GENERAL);48,1146621713; -1,6557745636
202200009242;31;5;2022;19:00;1;92;92004;2;1;1;1;MENIL;48,9217758716;2,2830257714
202200009243;28;4;2022;11:00;1;93;93051;2;1;1;2;Route de Neuilly;48,8500700000;2,5359900000
202200009244;27;12;2022;17:35;5;07;07281;2;6;1;3;;44,9397300000;4,8651100000
202200009245;20;11;2022;17:40;2;35;35238;2;2;1;3;GINGUENE;48,0991800000; -1,6792000000
202200009246;1;6;2022;19:35;1;92;92002;2;1;1;3;JEAN MONNET (AVENUE);48,7474848615;2,2985018491
202200009247;28;4;2022;17:10;1;93;93048;2;1;1;2;Rue Kléber;48,8538900000;2,4343600000
202200009248;20;11;2022;04:25;3;35;35238;1;1;2;6;;48,1421900000; -1,6484700000
202200009249;26;12;2022;19:05;5;75;75119;2;4;1;2;PORTE DE LA VILLETTE;48,9002380000;2,3765440000
202200009250;1;6;2022;08:45;1;92;92002;2;3;1;3;ARISTIDE BRIAND (AVENUE);48,7579400000;2,3068300000
202200009251;16;11;2022;17:00;1;29;29254;2;1;2;1;Allée Saint François;48,5965100000; -3,8415500000
202200009252;28;4;2022;09:20;1;93;93031;2;3;1;3;Avenue Léon Blum / Rue des Saules;48,9584170000;2,3108190000
202200009253;25;12;2022;15:55;1;75;75115;2;4;1;2;PORTE D ISSY;48,8349382541;2,2733893991
202200009254;17;3;2022;12:15;1;77;77067;1;1;8;6;BOISSENART CENTRE COMMERCIAL;48,5860000000;2,6010000000
202200009255;14;5;2022;10:55;1;06;06161;2;1;1;3;1662 Route Départementale 6007;43,6345850000;7,1337480000
202200009256;20;11;2022;18:20;5;25;25462;2;1;2;6;PAIX DE LA;46,9096300000;6,3510800000
202200009257;28;4;2022;11:05;1;93;93027;2;2;1;6;Rue Jean-pierre Timbaud / Avenue Paul Vaillant Couturier;48,9247950620;2,4150127172
202200009258;25;12;2022;04:01;5;75;75113;2;7;9;6;PLACE D ITALIE;48,8313500000;2,3548400000
202200009259;20;11;2022;20:46;3;17;17200;1;1;2;2;N237;46,1757000000; -1,1694900000
202200009260;14;5;2022;09:30;1;16;16268;1;2;1;7;Intersection D76 / rue de la Chataigneraie;45,9628000000;0,2859880000
202200009261;18;3;2022;18:00;1;76;76165;2;2;1;1;Rue Armand Barbès;49,2807700000;1,0126600000
202200009262;28;4;2022;20:25;2;93;93014;2;1;1;3;Allée Maurice Audin;48,9086700000;2,5440900000
202200009263;27;12;2022;11:25;1;75;75119;2;7;1;2;PLACE SKANDERBEG;48,9009425181;2,3703190684
202200009264;20;11;2022;16:00;1;13;13019;1;1;1;1;ROUTE D’APT;43,4283749835;5,3695392608
202200009265;18;3;2022;17:19;1;72;72181;1;1;1;6;SUD EST DEVIATION  RT TOURS A RT PARIGNE;47,9664300000;0,2313100000
202200009266;15;5;2022;11:20;1;30;30210;2;1;1;2;Avenue des Cévènnes;43,9070530000;4,0044200000
202200009267;28;4;2022;17:10;1;93;93014;2;3;1;3;Allée Etienne Laurent / Allée Nelson Mandela;48,9033500000;2,5508700000
202200009268;15;5;2022;12:00;1;73;73065;2;1;1;6;VEYRAT JEAN PIERRE (RUE);45,5670070470;5,9182988852
202200009269;27;12;2022;14:15;1;75;75117;2;7;1;3;AVENUE DE VILLIERS;48,8848498714;2,2979184554
202200009270;18;3;2022;13:30;1;72;72003;2;1;1;2;ANJOU (BD D');47,9642900000;0,1626800000