Num_Acc;jour;mois;an;hrmn;lum;dep;com;agg;int;atm;col;adr;lat;long
202200009271;20;11;2022;03:25;5;13;13206;2;2;1;3;EDMOND ROSTAND (RUE);43,2834700000;5,3823300000
202200009272;28;4;2022;11:30;1;93;93001;2;1;1;3;167 Avenue Victor Hugo;48,9118040000;2,3796320000
202200009273;26;12;2022;23:20;5;75;75113;2;2;1;7;AVENUE DES GOBELINS;48,8334163597;2,3542043567
202200009274;20;11;2022;05:50;5;13;13205;2;1;1;2;GOUFFE (COURS);43,2851400000;5,3912300000
202200009275;18;3;2022;09:00;1;72;72181;2;2;1;3;CHANZY (RUE)  N° PAIRS 2 A 50;48,0007300000;0,2027600000
202200009276;30;5;2022;19:10;1;33;33366;1;1;1;5;D137;45,0130270000; -0,4423710000
202200009277;28;4;2022;08:05;1;92;92078;2;2;1;3;VERDUN (AVENUE) (IMPAIRS JJAURES>A86);48,9347600000;2,3248600000
202200009278;27;12;2022;15:35;1;75;75110;2;1;1;3;RUE DU FAUBOURG SAINT DENIS;48,8744750000;2,3066470000
202200009279;28;4;2022;14:15;1;92;92064;2;1;1;6;VAL D'OR (RUE DU);48,8598500000;2,2193200000
202200009280;17;3;2022;16:00;1;72;72181;1;1;1;2;PATTON GENERAL RTE ST-AUBIN A AV RUBILLA;48,0295400000;0,1806000000
202200009281;2;6;2022;07:45;1;60;60139;1;3;1;3;Ancienne Route de Champagne;49,1593841629;2,2378887534
202200009282;26;12;2022;17:15;5;94;94068;2;3;1;3;PONT DE CRETEIL - PONT DE CRETEIL (R DU);48,8071200000;2,4712900000
202200009283;20;11;2022;05:10;5;13;13208;2;6;1;3;LOUIS BONNEFON (PLACE);43,2541100000;5,3818200000
202200009284;27;4;2022;15:30;1;92;92076;2;1;1;6;REPUBLIQUE;48,8375320000;2,1539890000
202200009285;17;3;2022;01:33;5;67;67482;2;3;1;3;GENERAL KOENIG (QUAI DU);48,5753190531;7,7547839284
202200009286;26;12;2022;11:55;1;94;94017;2;2;1;6;LOUIS TALAMONI (R);48,8136700000;2,5103300000
202200009287;30;5;2022;05:13;2;60;60398;1;1;1;3;D4;49,1581940000;2,2679420000
202200009288;19;11;2022;17:40;2;06;06083;1;1;1;2;ASTRID (PROMENADE REINE);43,7845700000;7,5296000000
202200009289;28;4;2022;14:00;1;92;92049;2;3;1;5;PERI RUE GABRIEL N°2 A 36;48,8177098408;2,3241249919
202200009290;27;12;2022;16:50;1;94;94002;2;3;1;3;BLANQUI (QU);48,8012500000;2,4161600000
202200009291;15;11;2022;17:45;5;01;01014;2;3;2;3;TUILERIE ( RUE DE LA );46,2725900000;5,6660920000
202200009292;18;3;2022;18:50;1;65;65440;2;1;1;2;ALSACE LORRAINE (AVENUE);43,2443740000;0,0733620000
202200009293;1;6;2022;18:10;1;13;13215;1;1;1;2;A7-Sens Lyon vers Marseille;43,3429000000;5,3757900000
202200009294;27;12;2022;07:30;5;93;93051;2;1;1;6;Rue Jean Richepin;48,8445400000;2,5464900000
202200009295;19;11;2022;04:40;5;75;75120;2;1;1;7;RUE DES PYRENEES;48,8602780000;2,4009390000
202200009296;28;4;2022;10:55;1;92;92049;2;1;1;3;PERI RUE GABRIEL N°37 A 99;48,8182917736;2,3208543062
202200009297;18;3;2022;17:20;1;64;64545;2;3;1;3;Rue de Maillarenea;43,3488800000; -1,7628590000
202200009298;28;4;2022;14:45;1;92;92023;2;1;1;7;HENRI BARBUSSE (AVENUE);48,8113464637;2,2582520842
202200009299;1;6;2022;13:47;1;33;33039;1;1;1;3;ROCADE A 630;44,7888600000; -0,5408810000
202200009300;27;12;2022;14:18;1;93;93007;2;2;1;3;Rue du Général Giraud / Rue des Pâquerettes;48,9443100000;2,4557100000
202200009301;20;11;2022;11:23;1;75;75120;2;3;2;3;RUE DE BELLEVILLE;48,8725350000;2,3785520000
202200009302;28;4;2022;10:57;1;92;92019;2;1;1;3;SALENGRO ROGER (RUE);48,7698359062;2,2740270942
202200009303;30;5;2022;18:50;1;33;33281;1;1;1;2;ROCADE A 630;44,8160560000; -0,6729890000
202200009304;19;3;2022;00:38;5;64;64445;2;9;1;3;YITZHAK RABIN;43,3063020000; -0,3337800000
202200009305;26;12;2022;23:00;5;92;92063;2;3;8;3;DIX-HUIT JUIN 1940 (AVENUE DU) EST;48,8682536186;2,1911110282
202200009306;20;11;2022;12:50;1;75;75118;2;2;2;6;RUE DES POISSONNIERS;48,8942300000;2,3528630000
202200009307;27;4;2022;17:55;2;92;92004;2;1;1;2;HENRI POINCARE;48,9321580873;2,2754705250
202200009308;30;4;2022;12:10;1;33;33122;1;1;1;2;AUTOROUTE A 63;44,7370500000; -0,7167900000
202200009309;18;3;2022;12:25;1;61;61001;2;1;1;3;BASINGSTOKE (AVENUE DE);48,4360000000;0,0950000000
202200009310;26;12;2022;18:35;5;92;92023;2;9;1;1;GENERAL DE GAULLE (AV DU) N°130 A 340 ET;48,7854000000;2,2511100000
202200009311;18;11;2022;18:20;2;75;75117;2;3;1;3;BOULEVARD MALESHERBES;48,8811920000;2,3121390000
202200009312;28;4;2022;06:30;1;92;92002;2;1;1;3;GABRIEL PERI (AVENUE);48,7519473511;2,3029559254
202200009313;1;6;2022;16:55;1;94;94065;1;1;1;2;AUTOROUTE A86;48,7546257294;2,3470137674
202200009314;27;12;2022;08:10;2;92;92007;2;2;1;1;COSSON (RUE GABRIEL);48,8012698769;2,3150966763
202200009315;15;3;2022;17:30;1;61;61077;2;6;1;7;FRANCIS CAGNARD (AVENUE);48,4470000000;0,1130000000
202200009316;20;11;2022;16:50;2;75;75115;2;7;1;1;PLACE DES INSURGES DE VARSOVIE;48,8277820000;2,2924160000
202200009317;29;4;2022;19:45;1;50;50541;1;2;1;3;D924 - LES PERRIERES;48,8370690000; -1,4986470000
202200009318;27;12;2022;13:00;1;976;97610;2;1;1;1;Rue Bamana; -12,7351310000;45,2038910000
202200009319;18;3;2022;09:25;1;59;59426;2;1;1;6;TOURCOING (RUE DE);50,7461830000;3,1576960000
202200009320;1;6;2022;08:26;1;91;91521;1;1;1;2;AUTOROUTE A6;48,6339980000;2,4044550000
202200009321;20;11;2022;01:50;5;75;75108;2;2;1;3;RUE DU BOCCADOR;48,8668540000;2,3025940000
202200009322;17;3;2022;07:05;1;57;57306;2;1;1;6;WENDEL (RUE DE);49,3278000000;6,0679400000
202200009323;18;6;2022;18:30;1;60;60479;1;1;1;2;D136;49,1896700000;2,8355030000
202200009324;31;5;2022;18:00;1;92;92036;1;1;1;3;AUTOROUTE A86;48,9388411377;2,3085756868
202200009325;19;4;2022;14:55;1;22;22121;1;3;1;2;D6;48,6400690000; -2,9906850000
202200009326;19;11;2022;23:40;5;75;75108;2;7;1;2;BOULEVARD DE COURCELLES;48,8791270000;2,3032170000
202200009327;18;3;2022;10:45;1;56;56185;1;1;1;6;N165 sens Lorient/Vannes;47,7709900000; -3,3781400000
202200009328;11;5;2022;18:00;1;92;92036;1;1;1;6;AUTOROUTE A15;48,9435578314;2,2873807879
202200009329;27;12;2022;14:35;1;62;62268;2;1;8;1;D204;50,6689870000;1,8430960000
202200009330;20;11;2022;05:05;5;75;75107;2;7;1;7;PLACE DE LA RESISTANCE;48,8619180000;2,3020160000
202200009331;18;3;2022;13:00;1;51;51172;2;6;1;3;Place de la Solidarité;49,2169700000;4,0461700000
202200009332;30;4;2022;14:10;1;68;68026;1;4;2;3;intersection D4 et D4.1;48,1346010000;7,3428660000
202200009333;27;12;2022;11:50;1;56;56185;1;2;1;3;Kerrous D765;47,7719730000; -3,4112120000
202200009334;31;5;2022;16:20;1;92;92036;1;1;1;3;AUTOROUTE A86;48,9389254025;2,3037921616
202200009335;20;11;2022;19:40;5;75;75103;2;3;1;3;RUE DE TURENNE;48,8588190000;2,3645180000
202200009336;18;3;2022;09:15;1;51;51454;2;1;1;7;Allée des Monts de Champagne;49,2490235944;4,0545907617
202200009337;27;12;2022;14:29;1;56;56097;1;1;2;3;D765;47,7578920000; -3,1181220000
202200009338;1;6;2022;16:45;1;94;94017;1;1;1;2;A4;48,8298263325;2,4968192711
202200009339;20;11;2022;11:15;1;94;94073;2;1;2;6;Rue du 11 Novembre;48,7548700000;2,3979600000
202200009340;28;12;2022;10:10;1;76;76490;2;1;1;7;297 Rue de l'Ecole;49,7264670000;0,6035500000
202200009341;29;4;2022;17:50;1;59;59594;2;2;1;3;Rue Alfred Matez;50,4852457968;3,4442950487
202200009342;17;3;2022;19:24;5;51;51454;2;1;1;3;Boulevard de la Paix;49,2541719130;4,0406821668
202200009343;25;4;2022;09:00;1;74;74096;1;1;3;1;540 Route de Vovray;46,0450960000;6,1239390000
202200009344;28;12;2022;10:40;1;65;65473;1;1;1;5;D913;42,9588060000; -0,0636430000
202200009345;1;6;2022;07:30;1;77;77083;1;1;1;4;A4;48,8308130000;2,6077300000
202200009346;28;12;2022;01:50;3;61;61078;1;1;2;6;404 Route de Montsecret;48,7811590000; -0,6196890000
202200009347;16;12;2022;02:15;3;47;47185;1;1;1;6;D102;44,4667740000;0,9506820000
202200009348;18;3;2022;14:14;1;49;49007;2;2;1;3;BREMONT;47,4663100000; -0,5592800000
202200009349;14;5;2022;14:20;1;55;55348;1;1;1;7;Départementale 5;48,5581020000;5,2722140000
202200009350;20;11;2022;15:55;1;94;94022;2;2;2;5;Avenue de Lugo / Rue du Docteur Roux;48,7714892012;2,4089951440
202200009351;30;4;2022;09:40;1;80;80011;2;1;1;2;47 Rue Jean Catelas;49,9239670000;2,2069240000
202200009352;28;12;2022;19:30;3;29;29049;1;1;3;7;Lieu Dit Stang Penker;47,9682910000; -3,9082100000
202200009353;26;12;2022;16:00;1;29;29024;1;1;1;6;N164;48,2618623941; -3,5715860036
202200009354;27;12;2022;16:15;1;31;31232;1;1;1;3;2488 Route de Montaigut;43,7516990000;1,2761410000
202200009355;18;3;2022;08:25;1;49;49267;2;1;1;3;BEAUFORT ROUTE;47,4728800000; -0,4928100000
202200009356;14;5;2022;20:20;1;31;31424;1;1;1;6;Départementale 42;43,5403130000;1,3001100000
202200009357;20;11;2022;00:05;5;94;94017;2;6;1;3;Avenue Maurice Thorez / Rue du Bois l'Abbé;48,8116900000;2,5365600000
202200009358;30;4;2022;14:55;1;33;33482;1;2;1;3;D9;44,6827400000; -0,1198890000
202200009359;28;12;2022;14:15;1;15;15122;2;1;1;6;N122;44,7117660000;2,1980540000
202200009360;20;11;2022;17:15;5;93;93070;2;1;2;6;Rue du Landy;48,9169130000;2,3334180000
202200009361;13;5;2022;16:45;1;77;77508;1;6;1;6;D231 / N36;48,7917470000;2,8690950000
202200009362;27;12;2022;19:00;3;70;70245;1;1;1;6;route nationale 57;47,8771170000;6,3823970000
202200009363;17;3;2022;19:45;5;47;47001;2;2;1;1;GRANDE HORLOGE (RUE DE LA);44,2053000000;0,6154100000
202200009364;29;4;2022;21:10;1;61;61484;1;2;1;3;Amilly;48,3285940000;0,7307830000
202200009365;27;12;2022;20:25;5;58;58079;2;1;1;7;D 951 - Rue Jules Renard;47,4599160000;3,5236020000
202200009366;20;11;2022;15:45;1;93;93066;2;1;2;3;Avenue du Président Wilson;48,9111700000;2,3576300000
202200009367;18;3;2022;08:35;1;45;45234;2;1;1;6;Rue de Coulmiers;47,9064000000;1,8926500000
202200009368;28;12;2022;17:13;2;05;05036;1;1;1;1;RN 94;44,5937220000;6,5196780000
202200009369;14;5;2022;03:13;5;34;34032;2;1;1;6;LATTRE DE TASSIGNY MARECHAL DE (BD);43,3341800000;3,2336300000
202200009370;20;11;2022;08:50;2;92;92048;2;1;1;7;LOUVOIS (AVENUE);48,8071400000;2,2395400000
202200009371;27;12;2022;19:50;3;50;50372;1;1;2;6;RD 900;49,3160240000; -1,5381820000
202200009372;18;3;2022;09:00;1;44;44184;2;1;1;3;53 Rue Jean Jaurès;47,2796500000; -2,2115500000
202200009373;14;5;2022;20:15;1;75;75120;2;2;1;6;BOULEVARD MORTIER;48,8690690000;2,4088340000
202200009374;20;11;2022;16:15;2;92;92012;2;1;2;1;JEAN JAURES (BOULEVARD) 217/FIN - 210/FI;48,8301000000;2,2454600000
202200009375;22;4;2022;19:10;1;49;49050;1;1;1;6;5bis Route du Vignoble;47,3847850000; -0,4381550000
202200009376;18;3;2022;04:20;5;44;44109;2;1;1;6;48 Rue des Usines;47,1946640000; -1,6118420000
202200009377;28;12;2022;08:50;1;50;50486;1;1;3;3;44 Route de la Breche;49,4203820000; -1,6336260000
202200009378;20;11;2022;05:00;5;92;92002;2;1;1;6;RAYMON ARON (AVENUE);48,7688341253;2,3109714389
202200009379;26;12;2022;18:50;3;45;45307;1;1;1;6;14 Les Frondeaux;48,0687740000;2,8775490000
202200009380;16;3;2022;14:25;1;40;40281;2;1;1;2;MONT-ALMA (BD DE);43,8737600000; -0,5076800000
202200009381;13;5;2022;00:05;5;75;75115;2;2;1;3;QUAI ANDRE CITROEN;48,8460860000;2,2769680000
202200009382;29;4;2022;17:30;1;42;42126;1;3;1;3;Route de Saint-Bonnet;45,4433360000;4,0713520000
202200009383;21;11;2022;18:20;5;14;14689;2;1;3;6;D562;48,9834260000; -0,4762850000
202200009384;23;12;2022;13:20;1;45;45146;2;3;2;3;Rue Masséna;47,7229060000;1,9356810000
202200009385;26;4;2022;16:00;1;29;29010;1;1;1;7;D712 - Kerfaven;48,4855950000; -4,1485830000
202200009386;18;3;2022;05:45;5;38;38185;2;2;2;3;JEANNE D'ARC (AVENUE)     10 A 56;45,1828800000;5,7442300000
202200009387;21;12;2022;14:00;1;10;10074;2;1;8;6;4 Rue aux Francs;48,1178040000;3,9719360000
202200009388;20;11;2022;15:30;1;26;26249;1;3;8;2;D310;44,5981570000;5,0061610000
202200009389;12;5;2022;21:00;2;63;63370;1;1;2;1;Route départementale82;45,6545630000;2,6911140000
202200009390;30;4;2022;05:37;3;02;02450;1;1;1;6;D1029;49,8626440000;3,5485730000
202200009391;27;12;2022;20:20;3;36;36089;1;1;1;3;;46,6798590000;1,8398240000
202200009392;19;11;2022;21:00;4;86;86128;2;1;1;6;35 Rue du 8 Mai 1945;46,8211930000;0,3275930000
202200009393;11;5;2022;15:45;1;86;86116;1;1;1;1;Rue de la Mimaudière;46,4584730000;0,0781270000
202200009394;30;4;2022;19:00;1;02;02014;1;1;1;7;Amigny-Rouy;49,6151170000;3,2964460000
202200009395;18;3;2022;07:35;1;37;37214;2;1;1;3;BORDIERS (RUE DES);47,4209691895;0,6733497977
202200009396;21;11;2022;07:40;2;80;80001;1;1;8;6;autorute A28;50,1311640000;1,8236120000
202200009397;28;12;2022;18:40;3;16;16106;1;1;2;1;D951;46,0319870000;0,6588450000
202200009398;29;4;2022;22:15;5;02;02719;2;1;1;6;22 Rue Charles Fouquet;49,5985100000;3,2562850000
202200009399;13;5;2022;02:20;3;44;44150;2;1;1;6;20 Route du Grand Pré;47,1290570000; -1,6464080000
202200009400;27;12;2022;18:40;3;16;16034;1;1;1;6;route de libourne;45,2299390000;0,0357270000
202200009401;19;11;2022;14:20;1;68;68145;1;1;2;2;D415;48,0689980000;7,4056780000
202200009402;13;3;2022;13:22;1;35;35207;1;1;2;6;RN157;48,1103870687; -1,5334525847
202200009403;29;4;2022;20:00;1;84;84151;1;4;1;3;d42;43,7900870000;5,6055590000
202200009404;24;12;2022;01:15;3;16;16120;1;1;1;1;D104;45,6054480000;0,2318280000
202200009405;20;11;2022;15:15;1;62;62057;1;2;1;1;D224;50,8804660000;2,0583050000
202200009406;28;4;2022;13:15;1;84;84073;1;1;1;1;D3;43,8404240000;5,2013500000
202200009407;27;12;2022;18:45;3;85;85267;1;1;5;1;RD10;46,3667570000; -1,0582280000
202200009408;18;3;2022;19:40;5;34;34172;2;1;2;6;LIBERTE (AVENUE DE LA;43,6090600000;3,8564000000
202200009409;20;11;2022;16:40;2;01;01166;1;1;2;1;d 44;46,0072232190;4,7992551327
202200009410;30;4;2022;09:05;1;50;50215;1;1;1;1;334 Route de Coutances (Boisroger);49,0833290000; -1,5399800000
202200009411;22;12;2022;12:00;1;78;78455;2;1;8;3;Chemin du Stade;48,8393540000;2,0663010000
202200009412;21;11;2022;15:30;1;44;44073;1;1;2;7;N137;47,4384920000; -1,6397890000
202200009413;6;5;2022;15:10;1;67;67067;2;9;1;3;24 Rue du Général Duport;48,7315190000;7,7062820000
202200009414;18;3;2022;15:23;1;33;33069;2;2;1;3;Boulevard Pierre 1er;44,8592800000; -0,5894300000
202200009415;28;12;2022;08:30;1;64;64203;1;1;1;2;Autoroute 65;43,4460760000; -0,3944210000
202200009416;30;4;2022;17:10;1;73;73229;2;4;1;1;Route de la chapelle;45,4481000000;5,7840090000
202200009417;20;11;2022;16:10;1;83;83097;1;1;1;3;;43,4847970791;5,7342846393
202200009418;11;5;2022;13:30;1;12;12057;2;1;1;6;30 Avenue de Lodève;44,1657120000;2,5281940000
202200009419;28;12;2022;13:45;1;27;27005;1;1;2;6;A13 pk 087+700;49,1708390000;1,2499520000
202200009420;4;4;2022;18:45;1;21;21420;2;1;1;7;23 grande rue;47,0164606625;4,5847542285
202200009421;18;3;2022;07:14;2;31;31149;2;6;1;3;FONTAINE LUMINEUSE (Rd Point);43,6092800000;1,3526800000
202200009422;21;11;2022;06:45;3;31;31056;1;1;3;6;M924;43,6693850000;1,3565590000
202200009423;23;12;2022;04:55;3;34;34123;2;1;1;2;Allee de l Europe;43,6137220000;3,8074650000
202200009424;11;5;2022;17:55;1;68;68152;2;4;1;6;Rue de la Barrière;47,6715430000;7,2667260000
202200009425;21;11;2022;07:20;1;80;80011;2;1;1;6;Rue jean jaures;49,9277580000;2,1997470000
202200009426;29;4;2022;08:45;1;17;17080;1;1;5;1;CD117;46,1078150000; -0,8369890000
202200009427;28;12;2022;05:56;1;974;97408;2;6;1;6;Rue Pablo Neruda; -20,9575670000;55,3330810000
202200009428;21;11;2022;12:45;1;41;41099;1;1;2;6;Autoroute A 85 PK 168+696 en direction de Vierzon;47,3345470000;1,5704980000
202200009429;8;5;2022;17:45;2;987;98714;1;1;1;3;RT 101 - Amanahune après la résidence Faretai - District de NUNUE; -16,5232250000; -151,7341300000
202200009430;30;4;2022;12:02;1;37;37172;1;1;1;6;Le Marais;47,4455000000;0,6989890000
202200009431;17;3;2022;22:45;5;14;14118;2;1;1;6;Avenue de Courseulles;49,1964200000; -0,3717700000
202200009432;28;12;2022;16:15;1;33;33527;2;1;1;6;18 Rue des Pins;44,6269770000; -1,0214660000
202200009433;20;11;2022;12:25;1;81;81053;1;1;1;1;la Sabatarié;43,6085230000;2,4290300000
202200009434;8;5;2022;20:00;5;971;97117;2;3;1;3;Boulevard Rougé;16,3311050000; -61,3458060000
202200009435;28;12;2022;02:00;4;33;33199;2;1;5;7;19 Boulevard de la Côte d'Argent;44,6394180000; -1,0558780000
202200009436;18;3;2022;11:10;1;13;13211;2;1;1;3;SAINT MARCEL (BOULEVARD DE );43,2874900413;5,4652981808
202200009437;25;4;2022;17:00;1;10;10438;1;1;1;6;A5;48,1687630000;4,5523300000
202200009438;6;11;2022;04:45;3;55;55463;1;1;1;7;RD 964;48,9020650000;5,5421950000
202200009439;12;5;2022;16:55;1;81;81033;2;1;1;6;ALBI (AV. D' );44,0393823560;2,1572152116
202200009440;18;3;2022;10:30;1;13;13208;2;1;1;1;SABLIER (BOULEVARD DU);43,2510149575;5,3822047929
202200009441;29;4;2022;15:50;1;34;34337;2;3;1;2;D185E4;43,5546750000;3,8448980000
202200009442;19;11;2022;18:40;5;42;42302;2;2;1;6;Rue de la Vaure;45,4819270000;4,4425210000
202200009443;27;12;2022;21:30;3;84;84053;1;1;1;2;D941;44,3918130000;4,9507360000
202200009444;12;5;2022;19:30;2;92;92062;2;1;1;6;FUSILLES DE LA RESISTANCES (RUE DES) N°1;48,8842039502;2,2258357108
202200009445;27;12;2022;18:15;5;06;06146;2;1;5;1;M2205;43,9271530000;7,1818240000
202200009446;18;3;2022;10:55;1;13;13213;2;9;1;2;SAINT JEROME (AVENUE DE);43,3329000000;5,4200200000
202200009447;20;11;2022;17:00;2;22;22335;1;1;1;1;Leurmin D 22;48,4316210000; -3,0467750000
202200009448;11;5;2022;18:00;1;06;06029;2;1;1;6;AMOURETTI (RUE FREDERIC);43,5503400000;7,0258200000
202200009449;27;12;2022;16:15;1;06;06078;1;1;5;1;D6202;43,9305650000;7,1109640000
202200009450;21;11;2022;06:06;3;25;25559;1;1;2;1;D237;47,2652230000;6,8494610000
202200009451;30;4;2022;18:03;1;38;38046;1;1;1;6;A48;45,4519640000;5,4000260000
202200009452;18;3;2022;22:40;5;10;10387;2;3;1;3;VICTOR HUGO (RUE);48,2934700000;4,0687700000
202200009453;26;12;2022;10:45;1;26;26332;1;1;1;6;A7;45,1930690000;4,8759450000
202200009454;29;4;2022;10:55;1;84;84087;1;1;1;1;A9;44,1202240000;4,7890200000
202200009455;13;11;2022;09:00;1;44;44081;1;1;7;2;la Planche;46,8796500000; -1,5814470000
202200009456;31;5;2022;15:00;1;95;95436;1;1;1;5;RD 922;49,1326345874;2,2635483742
202200009457;28;12;2022;15:34;1;52;52269;2;1;1;6;Rue des Chavannes;47,8600380000;5,3317650000
202200009458;17;3;2022;17:30;1;10;10357;2;1;1;2;GENERAL DE GAULLE (RUE DU);48,2981300000;4,1192490000
202200009459;28;12;2022;13:30;1;55;55553;1;1;8;7;Route de Boncourt;48,7763890000;5,5815830000
202200009460;29;4;2022;08:40;1;84;84091;1;1;1;2;Autoroute A7 Pk 162.500 direction Lyon;44,1709700000;4,7607280000
202200009461;20;11;2022;12:20;1;29;29146;1;9;1;1;Kérampaou (Embranchement d'autoroute);47,8923630000; -3,7989840000
202200009462;18;3;2022;09:00;1;07;07316;1;1;1;7;LONES (PONT DES);44,9197600000;4,8623400000
202200009463;22;12;2022;10:08;1;38;38072;1;1;2;7;D519;45,3232310000;4,8525020000
202200009464;21;11;2022;16:19;1;29;29202;2;1;1;2;2 Rue du General Leclerc;48,4414870000; -3,8850720000
202200009465;31;5;2022;09:40;1;10;10391;1;1;1;4;D677;48,3697900191;4,1060320776
202200009466;18;3;2022;17:15;1;06;06030;2;1;1;6;CARNOT (BOULEVARD);43,5663450000;7,0165120000
202200009467;27;12;2022;20:20;3;26;26311;1;1;1;6;Route de l'Arps;45,0213540000;5,3321670000
202200009468;20;11;2022;19:10;3;15;15092;1;1;2;1;D922;45,4154510000;2,5025980000
202200009469;30;4;2022;14:30;1;976;97607;2;1;1;2;Route nationale 03; -12,8645330000;45,1982800000
202200009470;18;3;2022;08:00;1;06;06027;2;1;1;3;CANNES AVENUE DE (RN7);43,6505480000;7,1412200000
202200009471;27;12;2022;18:20;3;69;69183;1;1;1;6;Route de Marchessy;46,0657398949;4,4228178263
202200009472;29;5;2022;17:45;1;26;26338;1;9;1;3;A7;44,5724020000;4,8086210000
202200009473;29;4;2022;16:20;1;13;13088;1;1;1;6;D568;43,3711620000;5,2317450000
202200009474;28;12;2022;14:45;1;33;33123;2;1;1;7;Rue des Haras;45,0638250000; -0,4676000000
202200009475;1;6;2022;01:15;3;01;01109;1;6;1;6;D884;46,1430240000;5,9106930000
202200009476;16;3;2022;07:15;1;06;06027;2;1;1;2;CANNES AVENUE DE (RN7);43,6541500000;7,1479060000
202200009477;9;11;2022;20:35;3;06;06023;1;1;3;1;Libre (Pont);43,9074860000;7,5262880000
202200009478;30;4;2022;07:20;1;2A;2A247;1;2;1;3;T10;41,6426720000;9,2954470000
202200009479;31;5;2022;22:50;3;42;42032;1;1;1;6;Route du Val Fleury;45,5271110000;4,5285020000
202200009480;18;3;2022;18:30;1;75;75120;2;1;1;3;BD PERIPHERIQUE INTERIEUR;48,8599300000;2,4139820000
202200009481;28;12;2022;17:35;3;60;60162;1;1;2;4;D927;49,2745330000;2,1043610000
202200009482;21;11;2022;17:45;4;50;50267;2;3;6;1;D2;49,2079990000; -1,5252600000
202200009483;30;4;2022;02:15;5;83;83065;1;1;1;3;RD98A;43,2640150000;6,6202180000
202200009484;1;6;2022;06:45;1;83;83130;2;1;1;2;Avenue des Plantades;43,2011010000;6,0447120000
202200009485;18;3;2022;16:10;1;75;75116;2;1;1;3;BD PERIPHERIQUE EXTERIEUR;48,8705970000;2,2723520000
202200009486;28;12;2022;13:45;1;59;59416;1;1;2;7;63 Rue du Parc;50,6789850000;2,5418960000
202200009487;24;9;2022;16:30;1;43;43025;1;1;1;7;272 Route de Chazelet;45,2635300000;4,0874720000
202200009488;30;4;2022;15:08;1;88;88021;1;3;1;1;D50;48,2863340000;6,6988280000
202200009489;21;12;2022;10:23;1;13;13001;1;1;8;2;A51-Sens Marseille vers Aix en Provence;43,5265200000;5,4269300000
202200009490;1;6;2022;15:05;1;95;95352;2;1;1;6;18 Rue Bonnet;49,1133210000;2,4243090000
202200009491;17;3;2022;21:05;5;75;75117;2;4;1;3;BD PERIPHERIQUE INTERIEUR;48,8822357444;2,2831781209
202200009492;26;12;2022;18:00;3;92;92047;1;1;1;3;A13;48,8341640188;2,1670079550
202200009493;9;4;2022;19:30;1;73;73051;1;1;1;1;D13 Route de la Serraz;45,6163640000;5,8496400000
202200009494;31;5;2022;18:00;1;56;56144;1;1;1;1;La Poste D764;48,0173430000; -2,7960960000
202200009495;26;12;2022;04:50;5;92;92025;1;1;8;6;A86;48,9330031952;2,2509069744
202200009496;29;4;2022;14:09;1;73;73243;1;1;1;1;D912;45,5835600000;5,9792720000
202200009497;30;5;2022;13:00;1;79;79066;1;1;1;7;Lieu Dit la Roche Biraud;46,4664610000; -0,3985400000
202200009498;17;3;2022;20:20;5;75;75118;2;1;1;3;BD PERIPHERIQUE EXTERIEUR;48,9008866839;2,3657043278
202200009499;25;12;2022;07:00;3;78;78571;1;1;1;4;A13;48,8725770000;2,0259380000
202200009500;29;4;2022;19:45;1;07;07323;1;1;1;3;;44,9171060000;4,8299500000
202200009501;6;5;2022;09:44;1;33;33275;1;2;1;3;Les Fagnards;44,7038630000; -0,1677560000
202200009502;27;12;2022;20:10;3;95;95424;1;1;1;7;A15;48,9907688432;2,1937817845
202200009503;29;5;2022;06:00;2;69;69162;1;1;1;6;Route de Brouilly;46,1136280000;4,6447060000
202200009504;17;3;2022;23:37;5;75;75105;2;2;1;3;RUE LINNE;48,8451070000;2,3546820000
202200009505;30;4;2022;01:00;5;01;01224;2;1;1;6;210 Rue du Bugey;45,7744970000;5,2061630000
202200009506;27;12;2022;19:15;3;93;93005;1;1;1;2;AUTOROUTE A3;48,9690500000;2,4812400000
202200009507;18;3;2022;17:20;1;75;75120;2;1;1;6;RUE LEON FRAPIE;48,8738532535;2,4120207131
202200009508;30;4;2022;18:00;1;69;69126;2;1;1;1;368 Route de Charnay;45,9124970000;4,6802000000
202200009509;31;5;2022;15:15;1;41;41002;1;1;1;1;D976;47,3339650000;1,2325370000
202200009510;25;12;2022;23:40;3;94;94028;1;1;1;3;A86 INT;48,8017265347;2,4474144299
202200009511;29;4;2022;17:38;1;64;64496;2;1;1;6;Avenue du Labourd;43,4771870000; -1,4574800000
202200009512;18;3;2022;20:20;5;75;75118;2;1;1;2;BOULEVARD NEY;48,8984480000;2,3673550000
202200009513;18;3;2022;14:15;1;35;35115;2;1;1;6;;48,3481310000; -1,1925580000
202200009514;31;5;2022;19:00;1;22;22029;1;1;7;6;Le Baudry;48,3546310000; -3,0826200000
202200009515;15;8;2022;02:30;3;57;57227;1;1;2;6;A320, pk 8+900, sens Allemagne France;49,1772883157;6,9110533967