Num_Acc;jour;mois;an;hrmn;lum;dep;com;agg;int;atm;col;adr;lat;long
202200009516;26;4;2022;14:20;1;33;33138;1;3;1;3;D10;45,0426600000; -0,1366970000
202200009517;30;5;2022;06:50;1;25;25058;2;6;1;2;Voie des Mercureaux (Pont);47,2107360000;5,9996030000
202200009518;18;3;2022;19:00;5;75;75118;2;3;1;2;RUE ORDENER;48,8902910000;2,3583230000
202200009519;16;4;2022;15:10;1;33;33449;2;1;1;2;Avenue de Capeyron;44,8657510000; -0,7129930000
202200009520;28;10;2022;14:45;1;38;38153;1;1;1;6;D531;45,1782610000;5,6190070000
202200009521;1;6;2022;09:15;1;31;31210;1;1;1;1;D500 Canal du Midi;43,3938660000;1,6880450000
202200009522;29;4;2022;21:00;2;33;33312;1;1;1;6;Rue des Palus;44,9452400000; -0,5758380000
202200009523;18;3;2022;20:00;5;75;75117;2;3;1;3;AVENUE DE WAGRAM;48,8758943218;2,2965623438
202200009524;28;10;2022;09:45;1;38;38162;1;9;1;2;Route de Closel et Claritière;45,5839810000;5,5082810000
202200009525;31;5;2022;18:10;1;31;31042;2;1;7;3;Avenue Jean MOULIN;42,7934480000;0,5878110000
202200009526;28;10;2022;04:05;3;38;38239;1;1;1;7;D1085;45,3362930000;5,5502600000
202200009527;29;4;2022;19:10;1;60;60695;1;1;1;6;D606;49,2109980000;2,5005260000
202200009528;27;10;2022;21:52;5;38;38269;2;1;1;6;37 route des alpes;44,9053860000;5,7919680000
202200009529;31;5;2022;21:00;2;31;31079;2;1;1;6;1037 Route de Vacquiers;43,7831510000;1,4208360000
202200009530;18;3;2022;10:00;1;75;75117;2;4;1;3;AVENUE DE LA PORTE D ASNIERES;48,8918824548;2,3016008735
202200009531;25;1;2022;08:15;2;59;59051;2;1;5;6;Rue de la marne;50,5368376029;2,8015968204
202200009532;26;10;2022;16:00;1;38;38431;2;2;1;3;Chemin du Piat;45,2507590000;5,8478700000
202200009533;27;4;2022;23:52;5;13;13207;1;1;1;5;Tunnel Prado Carénage;43,2914600000;5,3657900000
202200009534;27;4;2022;09:20;1;13;13212;2;1;1;3;A507 sens Aubagne- Marseille;43,2965083233;5,4248258471
202200009535;26;10;2022;12:15;1;38;38511;1;1;1;4;D1090;45,3559450000;5,9533770000
202200009536;17;3;2022;22:00;5;75;75117;2;7;1;6;RUE DE TILSITT;48,8750660000;2,2938530000
202200009537;26;10;2022;05:33;3;38;38076;1;2;1;1;Route de Faverges;45,5882680000;5,4848920000
202200009538;31;5;2022;18:40;1;15;15142;1;1;1;3;Lieu Dit la Taillade;44,8914440000;2,9680790000
202200009539;22;4;2022;16:45;1;13;13202;1;1;1;4;A5501G-Sens Mlle Vieux Port vers A7-Lyon;43,3119286838;5,3669571874
202200009540;1;6;2022;10:30;1;15;15153;2;1;1;6;29 Avenue du Puy Mary;45,1402250000;2,2311850000
202200009541;25;10;2022;12:40;1;38;38062;1;1;1;1;D1090;45,4221600000;5,9898230000
202200009542;18;3;2022;10:45;1;75;75116;2;3;1;3;RUE DURET;48,8752290000;2,2864880000
202200009543;27;4;2022;18:15;1;83;83137;1;1;1;2;A50;43,1213200000;5,9533100000
202200009544;25;10;2022;10:00;1;38;38466;2;4;1;3;Rue de la Branchy;45,3708690000;5,9575760000
202200009545;31;5;2022;14:20;1;54;54157;2;3;1;6;117 Avenue du Général de Gaulle;48,8366550000;6,0746990000
202200009546;18;3;2022;16:30;1;75;75115;2;2;1;3;Quai André Citroën;48,8460815137;2,2769312561
202200009547;12;10;2022;20:45;5;38;38344;2;4;1;5;Route de Sablons;45,3591360000;4,7938670000
202200009548;19;4;2022;17:00;1;69;69259;1;1;1;2;Boulevard Laurent Bonnevay;45,7182500000;4,8685100000
202200009549;4;10;2022;07:45;2;28;28085;2;1;8;1;LECLERC (RUE DU MARECHAL);48,4402200000;1,4755000000
202200009550;1;6;2022;12:15;1;06;06105;2;1;1;6;Chemin de la Basse Ferme;43,6658950000;7,0450930000
202200009551;18;3;2022;13:20;1;75;75115;2;3;1;6;RUE DE LA CROIX NIVERT;48,8437410000;2,2958920000
202200009552;13;8;2022;06:27;3;22;22278;2;2;1;1;FERRY (JULES);48,5046400000; -2,7672000000
202200009553;28;4;2022;15:35;1;91;91179;1;1;1;2;AUTOROUTE A6;48,5717900000;2,4695000000
202200009554;1;6;2022;19:35;1;60;60509;2;1;1;6;7 Place Pierre Mendes France;49,3015210000;2,6050790000
202200009555;18;3;2022;14:00;1;75;75113;2;1;1;3;RUE DE TOLBIAC;48,8287650000;2,3734550000
202200009556;26;12;2022;13:50;1;988;98818;2;1;3;1;DE BECHADE (RUE ANDRE); -22,2447700000;166,4666500000
202200009557;27;4;2022;16:25;1;94;94011;1;1;1;3;RN406.Y;48,7593963988;2,4844051229
202200009558;31;5;2022;20:45;2;60;60477;1;4;1;3;Rue du Trou Marot;49,4138290000;1,9297060000
202200009559;26;12;2022;08:45;1;974;97416;2;1;1;3;BASSIN PLAT(CHEMIN); -21,3251700000;55,4878500000
202200009560;18;3;2022;08:50;1;75;75112;2;1;1;3;BOULEVARD DIDEROT;48,8479210000;2,3918430000
202200009561;19;4;2022;13:00;1;94;94017;1;1;1;6;A86.INT;48,8298000000;2,4851300000
202200009562;23;12;2022;00:49;5;972;97213;2;1;1;7;VIEUX CHEMIN CALIFORNIE (RUE DU);14,6217000000; -61,0069500000
202200009563;31;5;2022;11:15;1;45;45073;1;1;1;6;D2060 PR 7 + 680;48,0334920000;2,9963650000
202200009564;25;12;2022;04:45;3;972;97209;1;1;2;6;BALATA (ROUTE DE);14,6889300000; -61,0860400000
202200009565;17;3;2022;11:30;1;75;75112;2;2;1;2;RUE ROBERT ETLIN;48,8280710000;2,3902070000
202200009566;28;4;2022;07:30;1;988;98818;2;2;1;2;Rue Auer/rue Ampère; -22,2326500000;166,4473000000
202200009567;25;12;2022;07:45;1;971;97101;1;1;1;1;DUGAZON;16,2515100000; -61,5175900000
202200009568;1;6;2022;06:35;1;18;18008;1;1;1;3;;46,9694690000;2,3216560000
202200009569;18;3;2022;18:20;1;75;75111;2;2;1;6;RUE DE CHARONNE;48,8535800000;2,3804180000
202200009570;27;4;2022;15:00;1;988;98818;2;2;1;6;RUE DE L'ALMA/RUE AUSTERLITZ; -22,2697300000;166,4407700000
202200009571;25;12;2022;20:45;5;971;97105;2;6;2;3;GOUVERNEUR DU LYON (AVE);16,0005643051; -61,7361903191
202200009572;11;5;2022;04:35;3;07;07115;1;1;1;6;Route des Defiles;44,4600210000;4,3331840000
202200009573;27;4;2022;19:40;3;974;97407;2;1;1;6;COMMUNE DE PARIS (AVENUE); -20,9435000000;55,2925000000
202200009574;27;4;2022;15:15;1;973;97302;2;1;1;3;CATAYEE (JUSTIN);4,9387793688; -52,3304316401
202200009575;26;12;2022;14:30;1;95;95585;2;3;2;3;Route des Refuznicks;48,9852913339;2,3816460371
202200009576;31;5;2022;20:00;1;53;53062;1;1;1;1;RD 28 LA MONNAIRIE 53200;47,8347580000; -0,6780460000
202200009577;18;3;2022;12:50;1;75;75110;2;2;1;3;RUE LA FAYETTE;48,8778912070;2,3516656458
202200009578;1;6;2022;03:30;3;85;85051;2;6;1;6;Route de Saint Mars;46,6843330000; -1,0353890000
202200009579;27;4;2022;10:30;1;973;97302;2;1;1;6;GALMOT (AVENUE);4,9318000000; -52,3289400000
202200009580;26;12;2022;16:50;3;91;91345;2;2;1;3;RUE PDT FRANCOIS MITTERRAND;48,6944700000;2,2951500000
202200009581;24;12;2022;11:18;1;87;87113;1;1;2;6;MITTERRAND (AVENUE FRANCOIS);45,8708700000;1,3330700000
202200009582;18;3;2022;11:48;1;75;75107;2;2;1;6;PONT DE LA CONCORDE;48,8640648474;2,3201201856
202200009583;31;5;2022;16:45;1;17;17008;1;1;1;3;D137;46,2427740000; -1,0158490000
202200009584;24;12;2022;00:06;5;87;87085;2;1;2;6;PORT DU NAVEIX (RUE DU);45,8390500000;1,2819600000
202200009585;18;3;2022;10:58;1;75;75108;2;7;1;6;PLACE DE LA CONCORDE;48,8640666118;2,3201228678
202200009586;31;5;2022;18:35;1;37;37044;1;3;7;1;D50;46,9403887719;0,8973920345
202200009587;27;4;2022;17:20;1;69;69386;2;1;1;4;Quai Charles de Gaulle;45,7800923093;4,8458933830
202200009588;15;12;2022;10:55;1;80;80131;1;6;1;3;D167;49,8518800000;2,4046400000
202200009589;17;3;2022;13:17;1;75;75108;2;1;1;6;RUE DE COURCELLES;48,8768250000;2,3073420000
202200009590;27;4;2022;07:30;1;972;97213;2;1;1;3;ROUTE DEPARTEMENTALE 14;14,6203400000; -61,0212700000
202200009591;14;12;2022;22:30;5;80;80021;2;1;1;3;BELFORT (BOULEVARD DE);49,8886100000;2,3048000000
202200009592;31;5;2022;08:19;1;37;37243;2;3;1;3;Rue des fontaines;47,3432450000;0,5589830000
202200009593;18;3;2022;17:45;1;75;75101;2;3;1;7;RUE DE RIVOLI;48,8660827895;2,3250668496
202200009594;2;4;2022;02:40;5;972;97209;2;1;1;2;BISHOP (Avenue Maurice);14,6080770000; -61,0565240000
202200009595;26;12;2022;22:30;5;78;78551;1;1;1;6;CENTRALE (ROUTE);48,9842920000;2,1158820000
202200009596;26;12;2022;08:50;1;78;78005;2;1;1;6;ST GERMAIN (RUE DE);48,9533090000;2,0728940000
202200009597;18;3;2022;15:00;1;94;94067;2;4;1;3;Avenue de Paris;48,8459200000;2,4234100000
202200009598;27;4;2022;23:15;5;69;69385;2;2;1;3;Rue de Champvert;45,7597000000;4,7959400000
202200009599;26;12;2022;15:37;1;77;77186;1;1;2;7;D409;48,4167500000;2,6060580000
202200009600;17;3;2022;17:15;1;94;94068;2;1;1;3;Rue Danton;48,7929094593;2,4968190192
202200009601;27;4;2022;11:15;1;69;69286;2;3;1;4;Route du Mas-Rillier;45,8235500000;4,9067200000
202200009602;1;6;2022;04:20;3;85;85164;1;1;1;1;Le Fief Haut;46,8497540000; -2,1216600000
202200009603;26;12;2022;22:30;5;76;76498;2;2;1;6;Rue Ursin Scheid;49,4223000000;1,0645100000
202200009604;26;4;2022;19:50;5;971;97101;1;1;1;6;BLANCHARD;16,2249900000; -61,5241800000
202200009605;11;3;2022;19:00;1;94;94058;2;1;3;3;Avenue du Général de Gaulle;48,8433600000;2,5032600000
202200009606;26;12;2022;08:40;1;76;76341;1;1;1;6;RD 6382;49,5105400000;0,1978100000
202200009607;18;3;2022;16:20;1;94;94046;2;1;1;6;16 Avenue de la République;48,8010000000;2,4315000000
202200009608;1;6;2022;14:20;1;53;53185;1;1;1;1;RN12;48,4650576675; -0,1860936091
202200009609;26;4;2022;13:00;1;95;95539;2;1;1;3;RN 1 SENS PROVINCE-PARIS;48,9913600000;2,3599100000
202200009610;25;12;2022;03:45;4;76;76447;2;1;1;6;PRESIDENT WILSON;49,5437000000;0,1826100000
202200009611;18;3;2022;20:25;5;94;94037;2;2;1;1;Avenue Jean Jaurès;48,8136000000;2,3505200000
202200009612;23;12;2022;18:10;5;76;76351;2;2;1;6;BERNARDIN DE SAINT PIERRE;49,4908800000;0,1051600000
202200009613;26;4;2022;17:15;1;91;91103;1;9;1;3;RUE DE LA COTE VALORGE;48,6125400000;2,2782700000
202200009614;23;12;2022;06:30;5;76;76351;2;1;2;6;PARIS (DE);49,4856400000;0,1072600000
202200009615;27;4;2022;22:10;5;91;91434;2;1;1;2;DOCTEUR ROUX (PAIRS DU 16 AU 126)  (AVEN;48,6596400000;2,3523500000
202200009616;18;3;2022;12:35;1;94;94003;2;3;1;3;Avenue Laplace;48,8075800000;2,3342000000
202200009617;26;12;2022;01:55;3;76;76382;1;1;9;6;D6015;49,5781100000;0,5170000000
202200009618;18;3;2022;16:50;1;94;94041;2;2;1;3;Avenue du Général Leclerc;48,8105900000;2,3799800000
202200009619;31;5;2022;16:55;1;13;13086;2;1;1;3;Route Nationale 96;43,3266800000;5,5959210000
202200009620;26;4;2022;21:00;2;91;91223;2;2;1;3;MAI 1945 (AVENUE DU 8);48,4412600000;2,1498500000
202200009621;26;12;2022;07:30;2;69;69266;2;9;1;5;Pont Raymond Poincaré;45,7866000000;4,8604200000
202200009622;22;12;2022;11:30;1;69;69290;2;1;1;6;Boulevard André Boulloche;45,7214200000;4,9256900000
202200009623;18;3;2022;19:40;5;94;94021;2;1;1;6;Boulevard Circulaire Min;48,7644300000;2,3517900000
202200009624;26;4;2022;10:12;1;91;91223;2;6;1;3;RD 191;48,4417400000;2,1365000000
202200009625;23;12;2022;12:47;1;66;66136;2;2;1;3;;42,6953201192;2,9022386670
202200009626;18;3;2022;12:00;1;94;94033;2;2;1;6;Rue Dalayrac / Rue Eugéne Martin;48,8494000000;2,4578000000
202200009627;26;4;2022;14:57;1;87;87085;2;3;1;2;GUERIN (RUE CAMILLE);45,8191600000;1,2300200000
202200009628;22;12;2022;21:49;5;66;66136;2;3;1;2;;42,6994100000;2,8887610000
202200009629;26;12;2022;22:40;5;59;59352;1;1;1;6;NORD (ROUTE DE LA PLAINE DU);50,7449085704;3,0800904035
202200009630;22;4;2022;16:18;1;80;80021;2;1;1;6;OTAGES (RUE DES);49,8903100000;2,3025500000
202200009631;18;3;2022;20:45;5;94;94028;2;1;1;6;Rue du Port;48,8009300000;2,4671100000
202200009632;24;12;2022;17:55;5;56;56121;2;1;2;1;73 Boulevard René Laënnec;47,7584200000; -3,3574800000
202200009633;27;4;2022;15:30;1;78;78238;1;3;1;6;RENAULT (ROUTE DE);48,9675700000;1,8650200000
202200009634;26;12;2022;11:00;1;45;45285;2;3;1;1;159 Rue Charles Beauhaire;47,9162126087;1,8648304939
202200009635;24;12;2022;06:10;3;39;39198;2;1;3;6;Rue du General Bethouart;47,0840000000;5,4920000000
202200009636;18;3;2022;17:20;1;94;94077;2;6;1;4;Avenue Paul Vaillant Couturier / Rue Marcel Risser;48,7355866077;2,4193482398
202200009637;22;4;2022;20:25;1;78;78172;2;6;1;2;DAMME (RUE DES FRERES);49,0056090000;2,0858400000
202200009638;22;12;2022;17:00;3;39;39198;2;1;3;6;9 Rue Henri et Marie Jeanrenaud;47,1069930000;5,5023470000
202200009639;26;12;2022;21:35;5;32;32013;2;1;1;7;SADI-CARNOT (BOULEVARD);43,6449800000;0,5875800000
202200009640;18;3;2022;07:19;1;94;94004;2;3;1;1;Rue de Sucy / Rue André;48,7531800000;2,5217900000
202200009641;26;4;2022;15:20;1;76;76351;2;2;1;6;AUGUSTIN NORMAND;49,4904700000;0,0995900000
202200009642;24;12;2022;18:00;5;27;27681;2;1;1;2;MENDES FRANCE (AVENUE PIERRE);49,0899600000;1,4833800000
202200009643;18;3;2022;08:50;1;93;93064;2;1;7;6;Rue Claude Pernès;48,8711812025;2,4906809804
202200009644;26;4;2022;17:30;1;72;72181;2;1;1;3;CHAMPION HENRI (RUE) N° IMP;47,9824600000;0,2280100000
202200009645;25;12;2022;18:18;5;27;27299;2;1;3;6;BRIAND (AVENUE ARISTIDE);49,0392500000;1,1579600000
202200009646;17;3;2022;17:55;1;93;93053;2;9;8;3;Rue du Parc;48,8930092624;2,4444011449
202200009647;22;12;2022;17:18;1;21;21231;1;1;1;6;PONT DES TANNERIES (DU) (RUE);47,3151050000;5,0299920000
202200009648;25;4;2022;21:45;5;72;72181;2;2;1;1;CYRUS (RUE) N° IMP;48,0055800000;0,2137400000
202200009649;26;12;2022;21:10;5;06;06088;2;2;1;3;DELFINO (BD GENERAL);43,7054800000;7,2843400000
202200009650;26;12;2022;14:10;1;06;06088;2;1;1;6;MONZIE (R. ANATOLE DE);43,7366300000;7,2973300000
202200009651;18;3;2022;12:50;1;93;93048;2;2;1;1;Rue des Graviers / Boulevard Henri Barbusse;48,8713204724;2,4396944046
202200009652;27;4;2022;19:30;1;69;69256;2;1;1;1;Rue Pierre Mendès France;45,7766700000;4,9342400000
202200009653;17;10;2022;09:00;1;22;22278;1;1;1;2;RN12;48,5054300000; -2,7331500000
202200009654;15;10;2022;10:40;1;22;22360;2;1;1;7;FONTAINE (RUE DE LA);48,4893100000; -2,7565500000
202200009655;17;3;2022;17:36;1;93;93006;2;1;1;6;Avenue Raspail;48,8751141972;2,4299808982
202200009656;25;12;2022;20:15;3;988;98818;2;3;1;6;RUE Jacques IEKAWE/VE1 - Bretelle d'échangeur; -22,2239400000;166,4809300000
202200009657;22;4;2022;16:00;1;67;67447;2;3;1;3;BISCHWILLER (ROUTE DE);48,5994400000;7,7427700000
202200009658;18;3;2022;09:45;1;92;92073;2;1;1;1;GALLIENI (QUAI);48,8682200961;2,2292777896
202200009659;25;12;2022;16:17;1;69;69034;2;1;1;1;Rue François Peissel;45,7924300000;4,8377500000
202200009660;25;12;2022;15:20;1;2B;2B033;2;1;1;2;11 - RT;42,6717600000;9,4433900000
202200009661;20;4;2022;19:05;1;67;67482;2;1;1;1;WANTZENAU (RTE DE LA);48,6269297000;7,8048822200
202200009662;18;3;2022;17:49;1;92;92064;2;6;1;3;DE LATTRE DE TASSIGNY;48,8547801623;2,2198024839
202200009663;24;12;2022;19:30;5;91;91339;1;2;3;3;RUE DE LA DIVISION LECLERC;48,6261300000;2,2625700000
202200009664;25;12;2022;13:30;1;91;91689;1;1;1;4;RUE DU PONT DE PIERRES;48,7147900000;2,3292100000
202200009665;26;4;2022;18:12;1;65;65440;2;3;1;3;SOULE (RUE JULES);43,2396400000;0,0753400000
202200009666;18;3;2022;20:20;5;92;92026;2;2;1;3;GAMBETTA;48,8936955981;2,2484512925
202200009667;26;4;2022;20:50;1;64;64102;2;2;1;3;Rue Jacques Laffitte;43,4923400000; -1,4723200000
202200009668;16;3;2022;15:30;1;92;92012;2;2;1;6;SAUSSIERE (RUE DE LA);48,8377440887;2,2403740883
202200009669;25;12;2022;08:50;1;77;77384;2;2;1;3;D306;48,5982700000;2,5912100000
202200009670;26;4;2022;15:55;1;64;64024;2;1;1;3;BOULEVARD DU BAB;43,4963300000; -1,5114600000
202200009671;18;3;2022;18:55;5;92;92002;2;1;1;6;AUGUSTE MOUNIE (RUE);48,7541303480;2,3015845120
202200009672;19;3;2022;00:30;3;34;34102;1;9;2;6;D109;43,8022980093;3,9216139125
202200009673;25;12;2022;18:45;3;77;77186;1;1;1;6;D606;48,4845400000;2,6658100000
202200009674;25;12;2022;14:10;1;76;76212;1;1;1;7;D43 (Bretelle de sortie);49,4561626871;1,1438173056
202200009675;19;3;2022;15:50;1;51;51195;1;1;1;1;N44;48,7589236367;4,5886158943
202200009676;18;3;2022;17:05;1;43;43080;2;1;2;3;10 Rue Saint-Roch;45,3284000000;3,8458080000
202200009677;25;12;2022;13:47;1;64;64269;1;1;1;2;D938;43,2856300000; -0,3241200000
202200009678;19;3;2022;18:20;2;76;76220;1;1;1;7;Route de la Garenne;49,8783430000;1,2916560000
202200009679;27;4;2022;18:20;1;59;59599;2;3;1;3;GRAMME (CHAUSSEE);50,7371929948;3,1675547361
202200009680;19;3;2022;04:05;3;01;01322;1;1;1;6;Chemin de la Graviere;45,9417800000;4,7990140000
202200009681;18;3;2022;18:32;2;19;19100;2;7;1;7;place du champ de oire;45,3589900000;1,6296530000
202200009682;25;12;2022;13:45;1;64;64269;1;1;1;2;D938;43,2852600000; -0,3226300000
202200009683;19;3;2022;14:00;1;62;62415;2;1;1;6;Départementale 62;50,3296230000;2,6400330000
202200009684;27;4;2022;18:20;1;56;56260;2;1;1;3;PAIX(BLD DE LA) 41 A 109 ET 52 A 124;47,6613900000; -2,7565800000
202200009685;19;3;2022;12:05;1;62;62036;1;1;1;2;Rue d Eps;50,4478680000;2,2654050000
202200009686;18;3;2022;19:15;3;62;62436;1;1;1;3;D23;50,3534700000;2,3400450000
202200009687;27;4;2022;20:07;1;51;51573;2;1;1;3;Route de Soissons;49,2538600000;3,9785600000
202200009688;17;3;2022;15:45;1;61;61385;1;1;1;6;A28 PK 207+000 sens 1;48,8052910000;0,3438910000
202200009689;18;3;2022;16:15;1;66;66028;2;6;1;3;Avenue Général-de-Gaulle;42,6857120000;2,9400247000
202200009690;19;3;2022;06:20;3;56;56185;1;1;1;6;Lieu-Dit Kerlaën;47,7713670000; -3,4206960000
202200009691;12;4;2022;16:40;1;50;50129;2;2;1;3;LEMONNIER (AVENUE AMIRAL);49,6344000000; -1,6023200000
202200009692;19;3;2022;09:40;1;65;65452;1;1;1;6;Quartier de Cestias;43,3321000000;0,3458980000
202200009693;19;3;2022;18:08;1;71;71170;1;1;1;7;Route de Cretaine;46,9143050000;4,8307010000
202200009694;19;2;2022;20:00;5;71;71543;2;1;1;3;Avenue du Clos Mouron;46,5759800000;4,9026270000
202200009695;26;4;2022;19:40;1;49;49007;2;1;1;3;CAMUS BOULEVARD;47,4813500000; -0,5759000000
202200009696;19;3;2022;17:45;1;63;63338;1;1;1;1;D110 PK +0960;46,1514310000;2,8310610000
202200009697;27;4;2022;11:00;1;42;42123;2;1;1;6;Rue Antoine Durafour;45,5090500000;4,5738100000
202200009698;18;3;2022;19:45;3;86;86180;1;1;1;7;D95;46,4827540000;0,4269730000
202200009699;19;3;2022;08:45;1;34;34237;1;1;8;6;D13;43,5093280000;3,2855990000
202200009700;18;3;2022;19:30;5;68;68338;2;1;1;3;Rue du Logelbach;48,0810930000;7,3026140000
202200009701;18;3;2022;15:00;1;25;25633;1;1;1;6;D67;47,0574380000;6,2262280000
202200009702;27;4;2022;08:15;1;37;37122;2;2;1;3;CHENONCEAUX (RUE DE);47,3492621288;0,6775400788
202200009703;19;3;2022;16:40;1;31;31324;1;1;1;1;Avenue-des-Pyrénées;43,1843860000;0,9770750000
202200009704;26;4;2022;11:50;1;37;37233;2;1;1;6;REPUBLIQUE (AVENUE DE LA);47,3897244909;0,7221901417
202200009705;19;3;2022;00:20;3;70;70473;1;1;1;6;D270;47,7997510000;6,3757780000
202200009706;18;3;2022;19:45;5;06;06032;2;1;1;3;Avenue prince rainier III;43,7241690000;7,4056330000
202200009707;19;3;2022;13:00;1;05;05132;2;1;1;7;d  945 - pk 2 +480;44,6753440000;6,0843440000
202200009708;26;4;2022;08:10;1;37;37233;2;6;1;3;DUCLOS (AVENUE JACQUES);47,3802701881;0,7267713547
202200009709;19;3;2022;05:00;3;50;50365;1;1;1;7;Route de Coutances;48,9396690000; -1,4878960000
202200009710;19;3;2022;14:20;1;83;83056;1;1;1;3;rd54;43,5611347830;6,5125753284
202200009711;18;3;2022;08:25;1;45;45161;1;2;1;1;pk 006+950 RD 115;48,0672300000;2,8246830000
202200009712;16;4;2022;17:10;1;35;35241;1;1;1;4;D168;48,6136509962; -2,0413122699
202200009713;18;3;2022;21:15;5;16;16393;2;1;1;6;Allee des Platanes;45,7590200000;0,1396890000
202200009714;18;3;2022;14:30;1;07;07296;1;3;1;1;D579;44,5812210000;4,3918920000
202200009715;27;4;2022;11:15;1;35;35055;1;1;1;2;RD 463;48,0837496505; -1,6224139184
202200009716;18;3;2022;15:40;1;40;40187;2;1;1;1;Rue du Général Caunegre;43,8520880000; -1,3628630000
202200009717;19;3;2022;13:50;1;27;27426;1;1;1;7;D10;49,2753370000;1,7447230000
202200009718;23;4;2022;16:25;1;35;35115;2;6;1;6;TRIBUNAL (RUE DU);48,3534857600; -1,2009875849
202200009719;18;3;2022;17:50;1;08;08263;1;1;1;2;D5a;49,7425920000;4,7845890000
202200009720;14;4;2022;15:35;1;27;27684;1;1;1;7;NATIONALE 13 (ROUTE);49,0155800000;1,1838300000
202200009721;19;3;2022;01:45;5;88;88081;2;1;1;6;40 Rue 3e Rta;47,8798230000;6,8504110000
202200009722;13;4;2022;16:00;1;27;27299;1;1;2;7;NETREVILLE (RUE DE);49,0373900000;1,1736899000
202200009723;16;3;2022;12:00;1;78;78356;2;6;1;6;D 91;48,7477600000;2,0253250000
202200009724;19;3;2022;13:20;1;67;67152;1;1;1;2;M400;48,5288590000;7,6637040000
202200009725;27;4;2022;15:20;1;25;25388;2;3;7;3;HOLLANDE (RUE DE LA PETITE);47,5038800000;6,7948000000
202200009726;18;3;2022;10:30;1;01;01283;1;9;1;6;Autoroute A404, point kilométrique 16.900;46,2593050000;5,6319200000
202200009727;8;4;2022;15:30;1;18;18033;2;1;1;6;25 Boulevard de la République;47,0886000000;2,3962300000
202200009728;18;3;2022;20:00;3;57;57599;1;1;1;5;;49,2127940917;6,4738011360
202200009729;26;4;2022;09:08;1;14;14699;2;1;1;3;D62;49,3446550522;0,1022604964
202200009730;19;3;2022;17:55;2;95;95250;2;1;1;6;Rue de la Mairie;49,0970252083;2,4881096184
202200009731;18;3;2022;23:20;5;973;97311;2;9;1;1;Avenue Gaston Monnerville;5,4948070000; -54,0209340000
202200009732;27;4;2022;16:40;1;13;13201;2;1;1;1;NATIONAL   1 A 51 (BOULEVARD);43,3055859114;5,3839988305
202200009733;18;3;2022;22:10;4;13;13025;2;3;1;3;D7n;43,4899612516;5,5872588937
202200009734;18;3;2022;18:00;1;45;45028;2;2;1;3;55 Rue du Pont;47,7793130000;1,6306600000
202200009735;27;4;2022;12:00;1;13;13215;2;1;1;2;SAINT ANTOINE (AVENUE DE);43,3751600000;5,3553700000
202200009736;18;3;2022;18:00;1;78;78030;1;3;1;3;La Petite Hogue;48,6622730000;1,8997660000
202200009737;19;4;2022;07:00;1;13;13214;2;1;1;2;BON SECOURS (BOULEVARD);43,3199669535;5,3818703115
202200009738;19;3;2022;00:30;5;68;68197;2;2;1;3;rue ZUMSTEIM;47,6383970000;7,4094580000
202200009739;19;3;2022;17:15;1;68;68154;1;4;1;2;rue de berne;47,7710930000;7,3813960000
202200009740;26;4;2022;14:48;1;10;10333;2;1;1;2;TILLEULS (AVENUE DES);48,2848000000;4,0622100000
202200009741;17;3;2022;13:30;1;67;67248;2;1;1;6;Rue des Jardins;48,4761660000;7,5681080000
202200009742;18;3;2022;19:50;5;88;88253;1;1;1;6;33 Rue du Saut-le-Cerf;48,1978480000;6,4778350000
202200009743;26;4;2022;18:35;1;07;07281;2;6;1;3;Chemin des MULETS;44,9394300000;4,8585300000
202200009744;18;3;2022;23:20;3;73;73248;1;1;1;6;D906;45,2855914476;6,3514797380
202200009745;18;3;2022;16:30;1;22;22339;2;9;1;6;Route de Ploubalay;48,4618740000; -2,0581130000
202200009746;26;4;2022;23:50;5;75;75115;2;1;1;6;BD PERIPHERIQUE EXTERIEUR;48,8299592632;2,2862961888
202200009747;19;3;2022;06:30;2;59;59256;1;1;1;1;Intersection M145 - Chemin vert;50,5675020117;3,1247882545
202200009748;27;4;2022;00:42;5;75;75106;2;2;1;3;RUE SAINT SULPICE;48,8514690000;2,3370640000
202200009749;18;3;2022;16:20;1;13;13215;1;1;1;2;A7-Sens Marseille vers Lyon;43,3664530000;5,3608180000
202200009750;16;3;2022;09:02;1;13;13026;1;1;1;2;A55-Sens Martigues vers Marseille;43,3815210000;5,1570560000
202200009751;26;4;2022;02:03;5;75;75115;2;2;1;6;BOULEVARD LEFEBVRE;48,8310200000;2,2923510000
202200009752;18;3;2022;21:55;3;33;33122;1;1;1;2;AUTOROUTE A 63;44,7584370000; -0,6827680000
202200009753;27;4;2022;19:00;1;75;75106;2;1;1;6;RUE VAVIN;48,8447074144;2,3320820025
202200009754;18;3;2022;20:14;5;33;33063;1;1;1;2;ROCADE A 630;44,8803300000; -0,5391270000
202200009755;18;3;2022;15:47;1;33;33039;1;1;1;2;ROUTE NATIONALE 230;44,7962420000; -0,5384920000
202200009756;26;4;2022;11:17;1;75;75106;2;2;8;3;BOULEVARD SAINT GERMAIN;48,8524870000;2,3387560000
202200009757;18;3;2022;12:00;1;91;91589;1;1;7;4;AUTOROUTE A6;48,6731000000;2,3431700000