Num_Acc;jour;mois;an;hrmn;lum;dep;com;agg;int;atm;col;adr;lat;long
202200009758;26;4;2022;18:50;1;75;75114;2;1;1;3;BOULEVARD RASPAIL;48,8361710000;2,3317640000
202200009759;18;3;2022;18:35;1;92;92064;1;9;1;3;A13;48,8394776443;2,2189659962
202200009760;26;4;2022;23:38;5;75;75113;2;1;1;7;RUE DE TOLBIAC;48,8261540000;2,3592010000
202200009761;27;4;2022;11:55;1;75;75111;2;1;1;3;RUE DES TROIS BORNES;48,8669500000;2,3735880000
202200009762;18;3;2022;18:00;1;78;78043;1;1;1;5;A12 W;48,8391790000;2,0931990000
202200009763;27;4;2022;19:55;1;75;75110;2;2;1;1;BOULEVARD DE STRASBOURG;48,8722650000;2,3559030000
202200009764;27;4;2022;10:00;1;75;75110;2;3;1;3;BOULEVARD DE MAGENTA;48,8763513307;2,3559903404
202200009765;27;4;2022;13:50;1;75;75109;2;1;1;6;BOULEVARD HAUSSMANN;48,8734509538;2,3293659129
202200009766;27;4;2022;10:05;1;75;75108;2;1;1;3;BOULEVARD HAUSSMANN;48,8749860000;2,3079130000
202200009767;27;4;2022;16:04;1;75;75107;2;3;1;3;QUAI VOLTAIRE;48,8583993464;2,3328217010
202200009768;27;4;2022;10:40;1;75;75103;2;7;1;7;PLACE DE LA REPUBLIQUE;48,8673835725;2,3633085360
202200009769;27;4;2022;17:15;1;94;94081;2;1;1;6;Rue Edouard Tremblay;48,7846600000;2,3762900000
202200009770;12;9;2022;16:00;1;75;75116;2;1;1;6;ALLEE MARIA CALLAS;48,8631190744;2,2856430709
202200009771;10;9;2022;13:30;1;75;75117;2;1;1;7;BOULEVARD PEREIRE;48,8813370000;2,2908660000
202200009772;11;9;2022;21:50;5;75;75113;2;5;1;3;AVENUE D IVRY;48,8216090000;2,3691240000
202200009773;12;9;2022;14:46;1;75;75112;2;7;1;6;PLACE LOUIS ARMAND;48,8455584474;2,3740902543
202200009774;12;9;2022;09:15;1;75;75111;2;2;1;3;RUE DE LA ROQUETTE;48,8574460000;2,3797030000
202200009775;11;9;2022;03:25;5;75;75109;2;7;1;3;BOULEVARD DE ROCHECHOUART;48,8828340000;2,3445400000
202200009776;12;9;2022;21:05;4;75;75107;2;3;1;6;BOULEVARD DES INVALIDES;48,8505390000;2,3145250000
202200009777;11;9;2022;17:35;1;75;75114;2;3;1;6;BOULEVARD JOURDAN;48,8213120000;2,3338170000
202200009778;11;9;2022;04:15;5;75;75104;2;3;1;6;RUE DE L ARSENAL;48,8510650000;2,3664940000
202200009779;12;9;2022;19:00;1;94;94081;2;1;1;3;GENIE (R DU);48,7910000000;2,3750000000
202200009780;12;9;2022;00:50;5;94;94076;2;1;1;7;PRESIDENT ALLENDE (AV DU);48,7963000000;2,3511000000
202200009781;12;9;2022;13:00;1;94;94065;2;1;1;3;PORTE DE PARAY MIN;48,7543100000;2,3613100000
202200009782;12;9;2022;02:00;3;94;94073;2;1;1;7;JEAN JAURES (R);48,7720300000;2,3927200000
202200009783;12;9;2022;12:30;1;94;94028;2;3;1;6;GAULLE(AVENUE DU GENERAL DE);48,7916900000;2,4463600000
202200009784;11;9;2022;00:10;5;94;94028;2;4;8;7;POMPADOUR(ROUTE DE LA);48,7683700000;2,4651800000
202200009785;12;9;2022;12:10;1;94;94048;2;1;1;3;Route Nationale 19;48,7277200000;2,5512500000
202200009786;12;9;2022;18:20;1;93;93073;2;6;1;6;Route de Tremblay / Avenue Vauban;48,9709500000;2,5489300000
202200009787;12;9;2022;12:45;1;93;93078;2;1;1;1;Avenue du Général de Gaulle;48,9433834292;2,5688714484
202200009788;12;9;2022;10:50;1;93;93073;1;9;1;3;Aeroport Charles de Gaulle;49,0034600000;2,5668800000
202200009789;11;9;2022;14:00;1;93;93073;1;1;1;2;Route périphérique sud;48,9901400000;2,5513100000
202200009790;12;9;2022;09:20;1;93;93055;2;1;1;1;Rue Candale;48,8873857252;2,4138410261
202200009791;12;9;2022;19:19;1;93;93049;2;3;1;6;Rue des Loges d'Avron / Rue des Hersiers;48,8667044070;2,5092736106
202200009792;12;9;2022;10:20;1;93;93050;2;1;1;2;Rue Paul et Camille Thomoux;48,8648056121;2,5296400182
202200009793;12;9;2022;08:15;1;93;93051;2;6;1;6;Rue de Bourges / Rue Jean Moulin;48,8317900000;2,5667100000
202200009794;10;9;2022;11:45;1;93;93048;2;3;2;6;Boulevard de Chanzy / Place du Marché;48,8584000000;2,4336800000
202200009795;12;9;2022;11:15;1;93;93046;2;1;1;3;Avenue de la Gare de Gargan;48,9079261715;2,5177609493
202200009796;12;9;2022;07:12;1;93;93079;2;3;1;3;Avenue de la Division Leclerc / Centre Commercial Bienvenu;48,9499900000;2,3424500000
202200009797;12;9;2022;12:20;1;93;93013;2;3;1;6;Avenue Jean Jaurès / Avenue Francis de Pressensé;48,9329200000;2,4247700000
202200009798;11;9;2022;20:05;5;93;93010;2;1;1;4;Avenue Galliéni;48,9059744813;2,4816718494
202200009799;12;9;2022;09:45;1;92;92075;2;2;1;3;VICTOR BASCH (AVENUE);48,8187400000;2,2917500000
202200009800;12;9;2022;15:10;1;92;92064;2;3;1;3;MARCEL DASSAULT;48,8557241957;2,2230325341
202200009801;10;9;2022;02:40;5;92;92063;2;1;1;6;RODRIGUES (RUE SOPHIE);48,8852480000;2,1861560000
202200009802;8;9;2022;21:10;5;92;92020;2;2;1;6;VERDUN AVENUE DE AUTRES N°;48,8024300000;2,2863300000
202200009803;10;9;2022;00:00;5;92;92025;2;1;1;3;JEAN WIENER (RUE);48,9150400000;2,2481990000
202200009804;12;9;2022;13:25;1;92;92024;2;1;1;6;JEAN JAURES (BD) DE 47 A 109)   (56 A 14;48,9002150000;2,3060530000
202200009805;12;9;2022;09:05;1;92;92023;2;1;1;6;VANVES (RUE DE);48,8115800000;2,2713600000
202200009806;11;9;2022;19:40;2;92;92004;2;9;1;6;REDOUTE ( AVENUE DE LA  );48,9286001826;2,2786911875
202200009807;10;9;2022;15:50;1;92;92004;2;1;2;3;DOCTEUR DERVAUX  ( QUAI DU );48,9112528516;2,2988639474
202200009808;12;9;2022;17:05;1;35;35176;1;2;1;3;La Bourgonniere;47,8448680000; -1,7623350000
202200009809;12;9;2022;09:10;1;08;08362;2;6;7;6;Rue Thiers;49,5083730000;4,3663040000
202200009810;10;9;2022;15:55;1;17;17094;2;1;1;3;81 Avenue d Angoulins;46,0874410000; -1,0959180000
202200009811;13;9;2022;12:00;1;84;84088;2;3;1;1;Avenue du Barriot;43,9964340000;5,0588070000
202200009812;12;9;2022;14:45;1;81;81190;1;1;1;6;D81;43,8610040000;2,2538920000
202200009813;11;9;2022;18:00;1;972;97227;1;1;1;3;RN 5;14,4692460000; -60,9163410000
202200009814;12;9;2022;16:04;1;55;55400;1;1;1;4;Autoroute de l'Est (Pont);49,1492080000;5,7204220000
202200009815;13;9;2022;06:00;3;58;58187;1;1;1;2;lieu dit l'étape;47,4396480000;2,9332750000
202200009816;12;9;2022;07:05;2;84;84091;1;3;1;1;route nationale 7;44,1672760000;4,7649340000
202200009817;11;9;2022;18:00;1;62;62752;1;1;1;7;D143;50,4922360000;1,6473140000
202200009818;13;9;2022;07:40;2;31;31157;2;6;8;2;Rue de la Francoy;43,5452480000;1,3430950000
202200009819;12;9;2022;08:45;1;56;56177;2;1;1;6;Rue Jean Moulin;47,7779960000; -3,0111760000
202200009820;9;9;2022;14:30;1;74;74103;1;1;1;6;Route de megève;45,9062260000;6,6407630000
202200009821;13;9;2022;10:15;1;2B;2B063;1;1;1;6;Casa Soprana;42,3556740000;9,3657700000
202200009822;11;9;2022;23:15;3;82;82155;1;9;9;6;D75;44,1462620000;1,6401170000
202200009823;12;9;2022;19:50;1;82;82090;1;1;1;6;Côte de Mirabel;44,0919760000;1,3836240000
202200009824;13;9;2022;12:10;1;82;82134;1;1;1;2;Route de Negrepelisse;44,0818911477;1,5307672117
202200009825;12;9;2022;17:30;1;89;89407;1;1;7;2;D965;47,8530830000;4,0559720000
202200009826;10;9;2022;22:20;3;49;49241;1;1;1;6;D113;47,4880730000; -0,4224910000
202200009827;12;9;2022;22:10;3;41;41051;1;1;1;6;chemin de la varenne;47,3364960000;1,1504960000
202200009828;12;9;2022;14:30;1;31;31513;1;1;1;1;D39;43,1662600000;0,5460090000
202200009829;11;9;2022;18:45;1;38;38409;1;1;1;1;D1532;45,0617580000;5,2477020000
202200009830;12;9;2022;21:15;2;02;02062;1;1;1;7;;49,0752720000;3,3058980000
202200009831;21;7;2022;10:40;1;15;15135;1;1;7;1;D120;44,9935270000;2,1469070000
202200009832;12;9;2022;19:18;2;72;72305;1;1;1;6;D310;48,2941500000;0,0723100000
202200009833;11;9;2022;11:40;1;72;72183;1;2;1;3;lieu dit les petits bournais;47,7168696510;0,5683314798
202200009834;13;9;2022;13:00;1;06;06125;1;1;1;7;D278;44,1403260000;6,7527130000
202200009835;12;9;2022;11:00;1;06;06163;2;1;1;1;la Colombera;44,0792320000;7,5986980000
202200009836;12;9;2022;11:10;1;64;64134;2;1;1;5;D22;43,3691970000; -1,2706050000
202200009837;11;9;2022;23:20;3;73;73107;1;3;1;6;D912;45,4564370000;5,8900450000
202200009838;11;9;2022;19:05;1;18;18245;1;1;1;3;Le Petit Bord;46,6183250000;2,4931990000
202200009839;12;9;2022;16:17;1;43;43213;2;1;1;7;Lieu Dit Lichemiaille;45,2568530000;4,2943380000
202200009840;12;9;2022;16:10;1;40;40209;2;1;1;7;avenue du 11 novembre 1918;43,5598540000; -1,4511980000
202200009841;12;9;2022;09:15;1;24;24211;1;3;1;3;RD 38 / ALLEE DE MONTREAL;45,0163710000;0,4387990000
202200009842;9;9;2022;17:00;1;52;52208;1;4;1;7;RD124/D5A;47,9185878638;5,8317768574
202200009843;13;9;2022;07:40;1;13;13044;1;1;8;1;rd 569;43,6207920000;5,0150010000
202200009844;12;9;2022;21:00;3;01;01024;1;1;1;2;Bourg-en-Bresse Nord (Embranchement d'autoroute);46,2614250000;5,1696520000
202200009845;13;9;2022;02:55;3;01;01032;1;1;1;6;A42;45,8630460000;5,1543920000
202200009846;12;9;2022;17:29;1;24;24226;2;9;1;6;parking de la gare;44,8533740000;0,0212060000
202200009847;13;9;2022;08:40;1;59;59377;1;1;3;6;A26 - PK 136+700;50,1186520000;3,1567240000
202200009848;9;9;2022;22:00;5;987;98725;2;1;2;1;PK 9.5; -17,5580000000; -149,4760000000
202200009849;4;9;2022;16:40;1;987;98729;1;1;1;-1;Afareaitu; -17,5404420000; -149,7748090000
202200009850;2;9;2022;17:45;1;987;98729;2;1;1;1;Haapiti - Athia - PK 18+100 - RT 91; -17,5769440000; -150,2019670000
202200009851;12;9;2022;10:15;1;971;97129;2;1;1;3;avenue des cités unies;16,3302140000; -61,6976680000
202200009852;12;9;2022;17:25;1;77;77171;2;3;1;1;23 Avenue Foch;48,9050760000;2,8132890000
202200009853;13;9;2022;10:48;1;77;77063;2;1;1;7;37 Route du Grand Morin;48,8165540000;2,9743770000
202200009854;12;9;2022;18:10;1;77;77177;1;1;1;1;24 Ferme de Villemigeon;48,7547600000;2,7825880000
202200009855;2;9;2022;12:18;1;06;06091;1;1;1;1;3850 Route de la Grave;43,7968750000;7,3888930000
202200009856;11;9;2022;15:00;1;13;13107;2;1;1;6;RD6;43,4345350000;5,4238880000
202200009857;12;9;2022;14:25;1;38;38311;1;1;1;1;Route de Champier;45,4073310000;5,1152620000
202200009858;12;9;2022;18:51;2;38;38487;1;1;1;1;Chemin du Vivier;45,5647460000;4,8381790000
202200009859;11;9;2022;02:25;3;69;69077;1;1;1;7;792 Route du Barrage;46,1546070000;4,7879260000
202200009860;12;9;2022;08:40;1;65;65320;1;1;1;7;D8;43,1305620000;0,1148310000
202200009861;12;9;2022;15:00;1;64;64230;1;1;1;1;N134;43,2401770000; -0,3878580000
202200009862;9;9;2022;12:15;1;33;33273;1;6;1;6;Avenue Pierre et Marcelle Girard;44,8355890000; -0,8027260000
202200009863;12;9;2022;12:00;1;85;85226;2;1;1;6;VC Rue des Tressanges;46,7098320000; -1,9672610000
202200009864;13;9;2022;14:15;1;85;85151;1;6;1;7;RD149;47,0040400000; -0,9684100000
202200009865;12;9;2022;06:50;2;22;22198;1;3;1;3;Route de Crec'H Meur;48,7821940000; -3,4904770000
202200009866;12;9;2022;17:45;1;60;60338;2;1;1;6;Rue Bellum Villare;49,3841151700;2,7819904089
202200009867;12;9;2022;15:35;1;80;80474;1;1;1;6;AUTOROUTE A29, PK 238+600;49,8367650000;2,8954980000
202200009868;12;9;2022;18:15;1;13;13214;1;1;1;3;A7-Sens Marseille vers Lyon;43,3274800000;5,3783000000
202200009869;12;9;2022;17:00;1;33;33122;1;1;1;2;AUTOROUTE A 63;44,7592412114; -0,6812542677
202200009870;12;9;2022;07:05;2;33;33023;1;1;1;4;AUTOROUTE A 62;44,6980000000; -0,4997210000
202200009871;10;9;2022;08:35;1;62;62249;1;1;1;4;A21;50,4240400000;3,0189000000
202200009872;12;9;2022;18:45;1;93;93006;1;1;1;3;AUTOROUTE A3;48,8669900000;2,4250000000
202200009873;12;9;2022;08:55;1;93;93007;1;1;1;2;AUTOROUTE A1;48,9481000000;2,4446200000
202200009874;11;9;2022;19:25;1;95;95424;1;1;1;4;A15;48,9899662247;2,1973139048
202200009875;10;9;2022;22:05;3;95;95572;1;9;2;6;A15;49,0329853563;2,1080419421
202200009876;10;9;2022;20:00;3;93;93048;1;1;2;2;AUTOROUTE A3;48,8714060684;2,4323476457
202200009877;24;3;2022;09:07;1;23;23096;2;9;1;3;TABARLY (Rue Eric);46,1831000000;1,8796000000
202200009878;1;5;2022;19:30;1;61;61169;2;1;1;7;;48,7439600000; -0,5497500000
202200009879;11;9;2022;03:30;5;976;97611;2;1;1;6;mamoudzou centre-Rassi Boina Kaïm (rue); -12,7845600000;45,2290900000
202200009880;12;9;2022;01:10;3;09;09225;2;1;1;6;ROUTE DE VERNIOLLE À CALMONT;43,1301690000;1,6491600000
202200009881;11;9;2022;18:20;3;988;98818;2;1;3;7;ROUTE STRATEGIQUE - RUE PAUL CACOT; -22,2636900000;166,4497100000
202200009882;10;9;2022;11:50;1;976;97611;2;9;1;3;les hauts vallons-M'Biwi ( ront point ); -12,7594000000;45,2300200000
202200009883;10;9;2022;12:30;1;974;97416;2;9;1;3;RECHERCHANT(RUE ADRIEN); -21,2990000000;55,4842000000
202200009884;11;9;2022;12:58;1;973;97302;2;1;1;3;MANGO (ROUTE);4,9322612721; -52,3181551695
202200009885;11;9;2022;06:15;2;973;97302;2;6;1;6;MADELEINE (ROUTE DE LA);4,9249200000; -52,3240300000
202200009886;11;9;2022;22:05;5;69;69388;2;3;1;6;Rue Laennec;45,7372158528;4,8857779792
202200009887;11;9;2022;19:05;1;69;69386;2;3;1;3;Avenue Maréchal Foch;45,7713200000;4,8433200000
202200009888;11;9;2022;18:10;1;69;69388;2;3;1;3;Route de Vienne;45,7380300000;4,8525100000
202200009889;10;9;2022;21:27;5;972;97213;1;1;2;2;ROUTE DEPARTEMENTALE 15;14,6387100000; -61,0103080000
202200009890;11;9;2022;13:45;1;972;97209;2;3;1;5;BALATA (ROUTE DE);14,6436000000; -61,0778200000
202200009891;11;9;2022;21:23;5;69;69384;2;2;1;3;Rue Dumont d'Urville;45,7783800000;4,8361300000
202200009892;11;9;2022;11:58;1;2B;2B033;2;1;1;3;GAUDIN - BLD AUGUSTE;42,6940000000;9,4500000000
202200009893;10;9;2022;21:00;3;971;97107;2;1;1;2;MARQUISAT ( ROUTE DE );16,0408091912; -61,5679675341
202200009894;10;9;2022;17:00;1;83;83069;2;1;1;1;SERRES (BOULEVARD OLIVIER DE);43,1227100000;6,1469400000
202200009895;6;9;2022;18:00;1;83;83118;2;1;1;3;AVENUE COMMANDANT CHARCOT;43,4275000000;6,7739900000
202200009896;10;9;2022;18:05;1;77;77209;2;1;8;6;HAUT VILLIERS  (RUE DU  );48,8590700000;2,6926200000
202200009897;10;9;2022;03:15;5;74;74281;2;1;2;7;VALLEES (AVENUE DES);46,3705200000;6,4880500000
202200009898;11;9;2022;18:10;1;69;69266;2;1;1;6;Rue Yvonne Chanu;45,7535700000;4,9092700000
202200009899;10;9;2022;13:25;1;65;65047;2;3;1;5;Avenue Jean Jaurès;43,2497350000;0,0982090000
202200009900;23;8;2022;19:10;1;62;62193;2;6;7;3;D940;50,9461000000;1,8382000000
202200009901;11;9;2022;18:15;1;59;59599;2;1;1;6;FERRAIN (RUE DU);50,7403242343;3,1593820453
202200009902;11;9;2022;13:25;1;59;59350;2;1;1;1;GUESDE JULES RUE;50,6230155334;3,0506794900
202200009903;11;9;2022;10:50;1;59;59350;2;1;1;6;ARRAS RUE D;50,6210753321;3,0660921335
202200009904;14;10;2022;21:00;5;37;37261;2;9;2;3;EIFFEL (AVENUE GUSTAVE);47,4356700000;0,6983800000
202200009905;11;9;2022;10:45;1;42;42095;2;1;1;6;Chemin des 4 Vents;45,3843500000;4,2955700000
202200009906;14;10;2022;08:15;2;37;37261;2;1;2;6;MAINE (RUE DU);47,4268400000;0,6917900000
202200009907;11;9;2022;04:40;5;35;35238;2;1;1;6;COMBES (BD EMILE);48,0935000000; -1,6677200000
202200009908;14;10;2022;23:45;3;35;35278;2;1;2;6;Route de Saint-Malo;48,1382000000; -1,6969000000
202200009909;11;9;2022;07:50;1;34;34172;2;9;1;1;Avenue de la Liberté;43,6120900000;3,8241700000
202200009910;14;10;2022;14:05;1;35;35055;1;1;2;2;N136;48,0934474877; -1,6241499782
202200009911;10;9;2022;19:40;1;34;34172;2;3;1;3;Rue du Pas du Loup;43,5950500000;3,8442200000
202200009912;14;10;2022;08:20;2;35;35238;2;1;2;3;SAINT-MALO (RUE DE);48,1209861338; -1,6825523973
202200009913;11;9;2022;02:45;5;33;33039;2;3;1;3;Boulevard Jean-Jacques Bosc;44,8156889240; -0,5512985587
202200009914;11;9;2022;13:00;1;30;30028;1;1;1;3;;44,1678000000;4,6054300000
202200009915;13;10;2022;19:35;5;33;33167;2;3;2;3;Avenue Pierre Mendès-France;44,8426600000; -0,5099500000
202200009916;11;9;2022;16:20;1;28;28134;2;1;1;2;RN 12 (CARREFOUR DELISLE);48,7460200000;1,3658800000
202200009917;15;10;2022;01:35;3;32;32013;1;1;1;6;HAGET (CHEMIN DU);43,6582600000;0,6125300000
202200009918;11;9;2022;10:55;1;27;27701;2;6;1;6;FALAISES (RUE DES);49,2546500000;1,1921600000
202200009919;14;10;2022;07:24;2;31;31555;2;8;2;3;CHE DE GABARDIE;43,6370200000;1,4822700000
202200009920;14;10;2022;19:45;1;29;29232;2;1;3;7;Boulevard Dupleix;47,9947000000; -4,1021000000
202200009921;10;9;2022;09:30;1;25;25388;2;1;1;6;GAMBETTA (AVENUE);47,5144600000;6,7972000000
202200009922;10;10;2022;12:15;1;29;29019;2;6;1;3;boulevard Montaigne;48,4035850000; -4,4804680000
202200009923;11;9;2022;16:40;1;25;25056;2;6;1;6;SAVOIE RUE DE;47,2198940000;5,9650720000
202200009924;11;9;2022;18:10;1;25;25056;2;2;1;6;RN 1057 (BD CHURCHIL-ROUTE DE GRAY);47,2445800000;5,9930700000
202200009925;13;10;2022;17:50;1;25;25462;2;2;8;3;MORTEAU DE (DU 31 A LA FIN);46,9109100000;6,3572600000
202200009926;11;9;2022;19:35;1;22;22187;2;2;1;4;Avenue du Chalutier Sans Pitié;48,5301125988; -2,7644294500
202200009927;11;9;2022;19:40;2;18;18033;2;1;1;3;22 Rue Gustave Eiffel;47,1060200000;2,4086100000
202200009928;12;10;2022;17:18;1;21;21166;2;3;1;3;Boulevard Henri Bazin;47,2951200000;5,0113400000
202200009929;10;9;2022;09:48;1;17;17306;2;3;1;6;HEDDE (AVENUE DANIEL);45,6375600000; -1,0281100000
202200009930;10;9;2022;18:30;1;15;15014;2;6;1;2;Carrefour du Vialenc;44,9160790000;2,4292040000
202200009931;11;10;2022;18:00;1;19;19031;2;4;1;3;MELITOPOL (AVENUE DE);45,1605100000;1,5152100000
202200009932;11;9;2022;01:00;5;13;13054;2;1;1;7;AEROPORT (ROUTE DE L') DU BAOU JUSQU'A 1;43,4475666669;5,2177557349
202200009933;14;10;2022;17:45;1;17;17200;1;1;1;1;BRIDENELLE   CHEMIN DE LA;46,1918500000; -1,1661300000
202200009934;11;9;2022;16:00;1;13;13209;2;1;1;3;CONCORDE (BOULEVARD DE LA);43,2493574248;5,4022322295
202200009935;14;10;2022;00:55;3;17;17028;1;1;2;7;D108;46,1407300000; -1,0969100000
202200009936;11;9;2022;08:45;1;13;13204;2;1;1;1;AMEDEE PALMIERI (RUE);43,3154000000;5,4003300000
202200009937;12;10;2022;19:45;5;14;14366;2;6;1;6;D613;49,1444610000;0,2633750000
202200009938;11;10;2022;13:55;1;14;14366;2;1;1;6;Rue Henri Cheron;49,1455550000;0,2245980000
202200009939;1;9;2022;10:20;1;13;13063;2;1;1;5;ARISTIDE BRIAND BOULEVARD;43,5804938214;5,0032396695
202200009940;10;9;2022;17:10;1;13;13001;2;1;1;3;JAS DE BOUFFAN (AV DU);43,5285300000;5,4291900000
202200009941;7;10;2022;07:45;2;14;14437;2;1;1;6;D513A;49,1770350000; -0,3301920000
202200009942;10;9;2022;12:40;1;09;09225;2;1;1;6;9° R.C.P. AVENUE DU;43,1153600000;1,6221700000
202200009943;8;10;2022;10:34;1;14;14118;2;9;1;3;Rue d’Authie;49,1895170000; -0,3955150000
202200009944;11;9;2022;05:25;2;06;06029;2;3;1;3;ANTIBES (RUE D');43,5521300000;7,0262300000
202200009945;14;10;2022;15:50;1;13;13215;2;1;1;1;SAINT ANTOINE (AVENUE DE);43,3813300000;5,3577500000
202200009946;9;9;2022;12:08;1;05;05061;2;9;1;3;CAPITAINE DE BRESSON ( RUE DU );44,5599000000;6,0840500000
202200009947;14;10;2022;11:49;1;13;13212;2;1;1;6;24 AVRIL 15 (AVENUE DU);43,3083200000;5,4360500000
202200009948;11;9;2022;16:15;1;75;75120;2;1;1;3;BD PERIPHERIQUE INTERIEUR;48,8581330000;2,4141100000
202200009949;13;10;2022;23:50;5;13;13208;2;6;1;1;PIERRE GUERRE (ROND-POINT);43,2503600000;5,3890900000
202200009950;11;9;2022;06:15;5;75;75116;2;1;1;6;BD PERIPHERIQUE INTERIEUR;48,8349950000;2,2640400000
202200009951;11;9;2022;13:15;1;75;75118;2;1;1;6;BOULEVARD BARBES;48,8907720000;2,3496330000
202200009952;14;10;2022;03:45;5;13;13001;2;1;1;7;HAUT DU COURS MIRABEAU (PLACE);43,5269000000;5,4498700000
202200009953;11;9;2022;19:00;2;75;75116;2;1;1;3;AVENUE RAYMOND POINCARE;48,8667000000;2,2861200000
202200009954;14;10;2022;07:40;3;11;11069;1;1;1;2;RD 6113;43,2041400000;2,4125900000
202200009955;11;9;2022;12:40;1;75;75115;2;2;1;3;RUE ROBERT DE FLERS;48,8501850000;2,2849070000
202200009956;14;10;2022;09:25;1;10;10387;2;1;2;3;VOULDY (CHAUSSEE DU);48,2905000000;4,0921000000
202200009957;14;10;2022;05:30;5;10;10387;2;6;8;7;Place Robert Galley;48,2896100000;4,0678100000
202200009958;11;9;2022;10:25;1;75;75115;2;3;1;5;QUAI DE GRENELLE;48,8537150000;2,2876830000
202200009959;14;10;2022;02:00;5;10;10387;2;2;1;6;CHARMILLES (MAIL DES);48,2966900000;4,0857200000
202200009960;11;9;2022;11:02;1;75;75113;2;2;1;2;AVENUE D ITALIE;48,8261820000;2,3572720000
202200009961;13;10;2022;13:51;1;10;10387;2;3;2;3;VERDUN (RUE DE);48,2789800000;4,0753100000
202200009962;11;9;2022;16:30;1;75;75112;2;3;1;3;BOULEVARD DE BERCY;48,8386050000;2,3812180000
202200009963;10;9;2022;23:25;5;75;75110;2;1;8;3;RUE DU FAUBOURG SAINT MARTIN;48,8834780000;2,3681030000
202200009964;14;10;2022;14:30;1;09;09225;1;1;1;3;BELPECH ROUTE DE;43,1171420000;1,6349210000
202200009965;11;9;2022;06:23;2;94;94074;2;1;5;3;HENRI BARBUSSE (AV);48,7664650000;2,4412700000
202200009966;14;10;2022;14:15;1;06;06029;2;1;1;3;PICAUD (AVENUE DR) BOCCA;43,5505700000;6,9956200000
202200009967;11;9;2022;18:35;1;94;94041;2;3;1;3;REPUBLIQUE (AV DE LA);48,8024100000;2,3973800000
202200009968;14;10;2022;09:30;1;06;06123;2;1;1;3;AICARD AVENUE;43,6837470000;7,1844090000
202200009969;11;9;2022;20:00;2;94;94073;2;1;1;6;Avenue de l’Europe;48,7570000000;2,3691000000
202200009970;11;9;2022;16:30;1;94;94002;2;1;1;6;115 VAILLANT COUTURIER (R);48,8088300000;2,4176100000
202200009971;14;10;2022;13:41;1;05;05061;2;1;1;2;EMBRUN ( AVENUE D');44,5686291810;6,1000353098
202200009972;14;10;2022;07:15;5;93;93050;2;1;2;6;Avenue du Dauphine;48,8695242822;2,5333317484
202200009973;11;9;2022;08:05;1;93;93073;1;1;7;2;Aeroport Charles de Gaulle;49,0056900000;2,5388200000
202200009974;14;10;2022;13:50;1;75;75119;2;1;2;2;PORTE DE PANTIN;48,8927250000;2,3955280000
202200009975;11;9;2022;17:08;1;93;93027;2;1;1;3;Rue de l'Abreuvoir;48,9313100000;2,3942700000
202200009976;11;9;2022;03:50;5;93;93031;2;1;1;6;Boulevard Foch;48,9486991297;2,3306828375
202200009977;11;9;2022;20:25;5;93;93001;2;1;9;6;Avenue de la République;48,9092253717;2,3866133130
202200009978;14;10;2022;13:12;1;75;75112;2;1;2;4;BOULEVARD PERIPHERIQUE;48,8458310000;2,4142090000
202200009979;11;9;2022;02:45;5;93;93031;2;3;5;1;Rue de Paris / Rue du Maréchal Maison;48,9530247619;2,3125816524
202200009980;14;10;2022;05:30;5;75;75112;2;1;2;6;ECHANGEUR BERCY;48,8280405130;2,3914951086
202200009981;10;9;2022;23:17;5;93;93007;2;2;8;6;Avenue du 8 Mai 1945 / Rue de l'Abbé Niort;48,9406488034;2,4311631326
202200009982;12;10;2022;12:10;1;75;75116;2;1;1;4;BOULEVARD PERIPHERIQUE;48,8611710000;2,2638910000
202200009983;10;9;2022;22:30;5;92;92046;2;3;1;7;MARECHAL LECLERC (AVENUE DU);48,8207300000;2,3099500000
202200009984;14;10;2022;09:15;1;75;75105;2;3;2;3;RUE SOUFFLOT;48,8473230000;2,3409300000
202200009985;11;9;2022;14:30;1;92;92026;2;1;1;6;11 NOVEMBRE ( AVENUE );48,9024145204;2,2751065492
202200009986;13;10;2022;16:40;1;75;75105;2;3;2;3;QUAI DE LA TOURNELLE;48,8511160000;2,3513280000
202200009987;11;9;2022;16:00;1;92;92024;2;1;1;3;AVENIR (RUE DE L') DE (36 A 42)   (37 A;48,9036000000;2,3004800000
202200009988;10;9;2022;17:35;1;974;97415;1;1;1;6;Route Nationale 1; -20,9887430000;55,2900370000
202200009989;13;10;2022;17:15;5;75;75117;2;7;2;6;AVENUE DES TERNES;48,8794430000;2,2907870000
202200009990;11;9;2022;07:40;1;35;35289;1;1;7;6;Pont Monvoisin;47,8672540000; -1,7898540000
202200009991;13;10;2022;08:20;1;75;75116;2;4;1;6;RUE DE BOULAINVILLIERS;48,8562790000;2,2748760000
202200009992;11;9;2022;00:50;3;84;84142;1;2;1;3;D938;43,9559580000;5,0436630000
202200009993;14;10;2022;22:00;5;75;75115;2;3;2;6;BOULEVARD DE GRENELLE;48,8504140000;2,2940640000
202200009994;7;9;2022;20:30;3;62;62736;1;1;1;6;Rue des Sûres;50,6465800000;2,7697150000
202200009995;13;10;2022;22:00;5;75;75114;2;1;2;3;BOULEVARD EDGAR QUINET;48,8401090000;2,3277200000
202200009996;11;9;2022;16:45;1;14;14027;1;1;1;1;D54;49,0164929647; -0,6310905218
202200009997;14;10;2022;16:30;1;75;75112;2;3;2;6;AVENUE DAUMESNIL;48,8381880000;2,3994180000