Num_Acc;jour;mois;an;hrmn;lum;dep;com;agg;int;atm;col;adr;lat;long
202200009998;11;9;2022;16:00;1;72;72231;1;9;1;1;lieu dit le poste avance;47,8938130000;0,4105280000
202200009999;14;10;2022;13:15;1;75;75112;2;3;2;6;COURS DES MARECHAUX;48,8425400000;2,4383500000
202200010000;12;9;2022;10:20;1;44;44089;1;3;1;3;10 Les Chaillereaux;47,3275030000; -1,8821490000
202200010001;11;9;2022;17:30;1;21;21439;1;1;1;7;D977bis;47,2642980000;4,6485420000
202200010002;14;10;2022;13:00;1;75;75111;2;2;2;3;BOULEVARD VOLTAIRE;48,8637650000;2,3701170000
202200010003;9;9;2022;07:35;1;51;51514;1;2;1;3;D53;48,6987360000;3,7664330000
202200010004;14;10;2022;09:30;1;75;75110;2;2;2;3;BOULEVARD DE BONNE NOUVELLE;48,8697773361;2,3522785306
202200010005;11;9;2022;12:45;1;59;59647;1;1;1;7;D26;50,8290264818;2,2190022469
202200010006;15;8;2022;18:00;1;94;94081;2;3;1;3;YOURI GAGARINE (AV);48,7861200000;2,3918500000
202200010007;11;9;2022;15:20;1;71;71248;1;2;1;3;Route départementale 37;46,5536000000;4,9386550000
202200010008;14;10;2022;11:15;1;94;94078;2;1;2;2;CHOISY (AV DE);48,7516140000;2,4322890000
202200010009;9;9;2022;18:15;1;47;47143;2;1;1;6;Avenue du Général De Gaulle;44,1775840000;0,2956980000
202200010010;13;10;2022;08:50;1;94;94068;2;2;1;3;SAINT LOUIS (AV);48,7882900000;2,5066600000
202200010011;11;9;2022;14:30;1;68;68017;1;3;1;3;D419;47,6284490000;7,1484950000
202200010012;16;7;2022;10:00;1;22;22195;2;2;1;3;Place du Château;48,8418350000; -3,1388340000
202200010013;14;10;2022;07:35;5;94;94058;2;1;8;3;PIERRE BROSSOLETTE - PONT DE BRY (AV);48,8354600000;2,4955300000
202200010014;12;9;2022;01:00;4;44;44007;1;1;1;6;La Haie;47,6680210000; -1,9861330000
202200010015;14;10;2022;09:40;1;94;94046;2;1;2;3;EDMOND NOCARD (R);48,8134000000;2,4298000000
202200010016;1;9;2022;19:20;1;29;29188;1;3;2;6;21 Rue de l'Abbesse;48,7056680000; -3,8300550000
202200010017;14;10;2022;17:30;1;94;94073;2;9;3;2;VERSAILLES (AV DE);48,7571900000;2,3884100000
202200010018;10;9;2022;17:00;1;29;29062;1;1;1;7;Meilh an Abad;48,1552360000; -4,0137860000
202200010019;14;10;2022;17:50;1;94;94033;2;1;2;3;Avenue du Maréchal de Lattre de Tassigny;48,8558231349;2,4923456995
202200010020;12;9;2022;08:15;1;38;38450;1;3;1;3;D1532;45,2917280000;5,5765810000
202200010021;14;10;2022;08:15;1;94;94033;2;1;8;6;Rue d'Estienne d'Orves;48,8525000000;2,4555000000
202200010022;13;10;2022;18:35;1;94;94028;2;1;2;6;Avenue du Maréchal de Lattre de Tassigny;48,7955592694;2,4587275305
202200010023;14;10;2022;14:50;1;94;94054;2;3;2;2;Route Charles Tillon / Avenue de la Victoire;48,7451300000;2,3859700000
202200010024;14;10;2022;07:49;5;94;94022;2;1;2;3;Rue Jean Jaures;48,7661200000;2,4116300000
202200010025;14;10;2022;17:30;1;94;94018;2;2;2;2;Quai des Carrieres / Rue du Pont;48,8178251682;2,4195215106
202200010026;13;10;2022;19:45;2;94;94017;2;3;2;2;Avenue Roger Salengro / Rue du Chemin Vert;48,8166759662;2,4996230006
202200010027;14;10;2022;14:20;1;93;93078;2;3;2;6;Route de Tremblay / Rue Jacques Balmat;48,9672500000;2,5428000000
202200010028;14;10;2022;10:40;1;93;93066;2;2;2;6;Avenue de Stalingrad;48,9455008980;2,3638489494
202200010029;14;10;2022;07:35;2;93;93066;2;3;8;6;Avenue du Colonel Fabien / Rue Max Jacob;48,9448267804;2,3534741511
202200010030;14;10;2022;18:00;1;93;93055;2;9;2;6;Avenue Jean Jaurès;48,9031900000;2,3916900000
202200010031;13;10;2022;12:07;1;93;93008;2;8;1;2;Avenue Henri Barbusse;48,9125400000;2,4359700000
202200010032;14;10;2022;16:35;1;93;93051;2;3;2;1;Avenue du Pave Neuf / Rue du Docteur Vaillant;48,8369100000;2,5627700000
202200010033;14;10;2022;09:15;1;93;93048;2;1;2;3;Rue de Rosny;48,8661678595;2,4549892917
202200010034;14;10;2022;08:28;1;93;93045;2;1;2;6;Rue de Romainville;48,8773821493;2,4162352997
202200010035;14;10;2022;06:15;2;93;93032;2;6;2;3;Avenue de la Pepinière / Avenue du Dragon;48,8784669669;2,5652992150
202200010036;14;10;2022;19:00;5;93;93007;2;1;2;3;Avenue Diderot;48,9446237566;2,4367386682
202200010037;14;10;2022;23:00;5;93;93001;2;3;2;1;Avenue Victor Hugo / Rue Villebois Mareuil;48,9117643514;2,3796133113
202200010038;14;10;2022;20:42;5;92;92078;2;1;2;2;VERDUN (AVENUE) (PAIRS 92 ET PLUS);48,9354242657;2,3305832147
202200010039;14;10;2022;17:00;1;92;92051;2;1;2;6;VILLIERS (RUE DE, N° 59 BIS A 91);48,8924417764;2,2772893309
202200010040;14;10;2022;20:15;5;92;92050;2;3;2;1;FOCH MARECHAL PLACE DU;48,8882700000;2,1941400000
202200010041;12;10;2022;12:10;1;92;92050;2;3;1;3;AGRICULTURE RUE DE L';48,9098500000;2,2243400000
202200010042;14;10;2022;18:40;2;92;92020;2;1;2;6;REPUBLIQUE AV. N°1 A 25 ET 2 A 24;48,8007570000;2,2930440000
202200010043;13;10;2022;14:29;1;92;92020;2;1;3;3;VERDUN AVENUE DE N°2 A 28;48,8035279312;2,2877325118
202200010044;14;10;2022;17:25;1;92;92040;2;1;2;6;ERNEST RENAN;48,8300100000;2,2843300000
202200010045;14;10;2022;14:00;1;92;92036;2;1;3;7;PIERRE GRAINDORGE (RUE);48,9328342821;2,3011470437
202200010046;14;10;2022;12:25;1;92;92025;2;1;1;6;VALMY (BD DE);48,9306369459;2,2551621795
202200010047;14;10;2022;08:10;1;92;92012;2;2;2;7;REPUBLIQUE (BOULEVARD DE LA) 5/77BIS - 6;48,8326200000;2,2496800000
202200010048;15;10;2022;07:30;2;80;80468;1;1;2;7;D929;49,9824060000;2,5825810000
202200010049;14;10;2022;12:15;1;49;49244;1;3;2;1;;47,3339460000; -0,8249190000
202200010050;10;10;2022;07:15;2;83;83136;1;1;1;6;D17;43,4370590000;6,3208780000
202200010051;14;10;2022;08:35;2;43;43185;1;1;8;1;Route de Charbonnier;45,4157440000;3,2968590000
202200010052;9;2;2022;19:00;5;92;92002;2;1;1;3;GABRIEL PERI (AVENUE);48,7524737229;2,3015115559
202200010053;15;10;2022;11:30;1;81;81240;1;1;1;7;D53;43,9250537171;2,4718278223
202200010054;8;2;2022;08:15;2;51;51217;2;1;1;6;Place de Luxembourg;49,0766930000;3,6404200000
202200010055;15;10;2022;07:00;3;51;51410;1;1;2;7;D3;49,0745340000;3,8071380000
202200010056;9;2;2022;16:35;1;88;88009;2;1;1;6;494 Rue de Saint-Dié;48,1924440000;6,9505910000
202200010057;14;10;2022;20:00;3;23;23001;1;1;2;1;RD 942 PK 18+600;46,0881670000;2,0233400000
202200010058;2;2;2022;07:20;1;973;97306;1;1;3;2;Chemin Départementale N9 de Mana-à-Saint-Laurent;5,6182390000; -53,8810300000
202200010059;14;10;2022;15:45;1;62;62031;1;1;1;4;D231;50,8567220000;1,9012040000
202200010060;8;2;2022;11:18;1;65;65340;1;2;1;7;carrefour N21 - D93;43,2880150000;0,1128240000
202200010061;9;2;2022;17:00;1;51;51115;2;1;1;7;Grande Rue;49,1980380000;4,0131860000
202200010062;13;10;2022;16:00;1;85;85109;1;1;2;7;RD11 la Baudriere;46,8765130000; -1,0525547200
202200010063;10;2;2022;09:45;1;56;56097;1;1;7;3;N165 sens Lorient/Vannes;47,7603796000; -3,1358528000
202200010064;9;2;2022;13:55;1;67;67486;2;2;1;3;Rue de Richtolsheim;48,2467360000;7,6024850000
202200010065;9;2;2022;12:10;1;76;76101;2;9;7;3;Rue Notre-Dame;49,9311937084;1,6291147470
202200010066;9;2;2022;09:00;1;47;47302;1;1;7;2;Chemin Departemental 656;44,0429930000;0,1772370000
202200010067;7;2;2022;07:00;2;39;39451;1;1;1;6;;47,1518970000;5,7190510000
202200010068;10;2;2022;07:00;5;44;44030;2;1;1;6;33 Rue de la Brière;47,4455330000; -2,2445410000
202200010069;7;10;2022;19:30;3;30;30089;1;1;1;1;;43,8408100000;4,5818570000
202200010070;9;2;2022;18:30;2;31;31341;1;3;1;3;route départementale 2;43,7391350000;1,3126950000
202200010071;9;2;2022;19:20;3;01;01389;2;1;1;1;D936;46,0682180000;4,8972420000
202200010072;10;2;2022;16:10;1;85;85046;1;1;8;6;A.87 PK 108.015;46,6966390000; -1,3042560000
202200010073;10;2;2022;15:05;1;58;58273;1;1;1;3;pr6+400 RD 981;46,9638680000;3,2346580000
202200010074;5;2;2022;13:30;1;72;72275;1;2;7;3;D83;48,0949600000;0,3620300000
202200010075;15;10;2022;09:50;1;51;51617;1;1;2;2;D21;49,0426750000;4,3236940000
202200010076;10;2;2022;07:20;2;72;72070;1;1;1;1;Lieu Dit la Berconniere;48,0212600000; -0,1435200000
202200010077;9;2;2022;06:25;3;14;14191;1;1;1;6;D35;49,3035870000; -0,4358380000
202200010078;14;10;2022;15:30;1;19;19229;1;3;1;1;Rue De Cramier;45,1334130000;1,4008210000
202200010079;10;2;2022;00:15;3;05;05098;2;1;1;6;Route du Boussolenc;44,4988320000;6,5549270000
202200010080;15;10;2022;02:40;3;67;67462;1;1;1;7;D424 SELESTAT;48,2188330000;7,4976860000
202200010081;10;2;2022;07:00;2;60;60245;1;1;1;7;Rue du Bois (Formerie);49,6522030000;1,7322270000
202200010082;14;10;2022;21:45;3;79;79235;1;1;2;7;;46,8821830000; -0,7944700000
202200010083;9;2;2022;16:30;2;43;43162;1;1;1;1;Route de Craponne;45,2118680000;4,0282840000
202200010084;9;2;2022;16:50;1;40;40282;1;6;1;3;D933s;43,7473430000; -0,5619230000
202200010085;10;2;2022;10:40;1;04;04149;1;3;1;3;RD 4A;44,0435890000;5,9556950000
202200010086;9;2;2022;20:00;3;973;97307;1;1;2;6;RN1;4,8912900000; -52,3389210000
202200010087;10;2;2022;16:20;1;973;97309;2;1;1;3;Route de Rémire;4,9038390000; -52,2733140000
202200010088;14;10;2022;18:35;2;81;81042;1;3;2;5;LA TRIVALE;43,6283950000;2,3651500000
202200010089;10;2;2022;08:45;1;42;42279;2;1;1;6;Avenue Grégoire Chapoton;45,5020120000;4,2544180000
202200010090;10;2;2022;14:10;1;72;72098;1;1;2;1;Lieu-dit Les maisons rouges;47,6998600000;0,1920500000
202200010091;10;2;2022;07:45;2;77;77458;1;1;1;2;A77, PK003+600, circulant vers Paris;48,1937280000;2,7683830000
202200010092;9;2;2022;12:16;1;987;98748;2;1;1;7;RT 4  PK 2+200 face magasin Joseph TOAHOTU; -17,8272130000; -149,2423950000
202200010093;14;10;2022;17:15;1;11;11040;1;1;1;7;D613;43,1294280000;2,8568740000
202200010094;10;2;2022;13:35;1;78;78231;1;1;8;1;D928;48,9505030000;1,6476220000
202200010095;9;2;2022;18:00;2;34;34174;1;2;1;3;D999;43,9433460000;3,7267310000
202200010096;10;2;2022;05:50;5;84;84012;2;1;1;-1;Route de Caromb;44,1173890000;5,0328540000
202200010097;9;2;2022;20:00;3;83;83063;1;1;1;1;route de grimaud, RD558;43,3000940000;6,4774980000
202200010098;9;2;2022;14:10;1;83;83023;1;1;1;6;;43,4012830000;6,1066170000
202200010099;10;2;2022;11:37;1;04;04245;2;3;1;3;RD 4096 / Av des Farigoules;43,8703750000;5,8432670000
202200010100;9;2;2022;21:00;3;13;13027;1;4;1;1;RD571 route d'Avignon;43,8955500000;4,8189960000
202200010101;15;10;2022;11:15;1;71;71132;1;1;1;1;RN 70 PR 24+400;46,6169690000;4,2769860000
202200010102;9;2;2022;14:45;1;63;63254;1;1;1;7;M943;45,8088240000;3,0498590000
202200010103;4;2;2022;17:00;1;38;38067;2;4;1;2;Route de Panossas;45,6804020000;5,1717120000
202200010104;15;10;2022;12:10;1;63;63006;1;1;8;1;D724 PK 9+575;45,3342360000;2,9305710000
202200010105;30;6;2022;14:30;1;83;83137;1;1;1;3;A57;43,1243619026;5,9645783901
202200010106;9;2;2022;19:45;5;17;17393;1;1;1;6;Route de Saintes;45,6927740000; -0,8210460000
202200010107;1;7;2022;07:53;1;91;91064;1;1;1;2;RN 118;48,7529600000;2,2230900000
202200010108;15;10;2022;10:25;1;61;61484;2;1;2;3;41 Rue de la Bissonniere;48,2697890000;0,6866360000
202200010109;30;6;2022;23:05;3;91;91560;1;1;1;6;RN 104;48,6670600000;2,1907000000
202200010110;15;10;2022;09:20;1;12;12121;2;1;1;6;8 Route des Jonquilles;44,4247820000;2,1617280000
202200010111;1;7;2022;00:10;3;94;94016;1;1;1;4;AUTOROUTE A6A;48,7915086978;2,3442243502
202200010112;9;2;2022;13:20;1;60;60579;1;2;1;3;Route Departementale 332;49,3500310000;2,8813680000
202200010113;14;10;2022;09:00;1;46;46073;1;1;8;6;lieu dit les friches;44,4024530000;1,6215130000
202200010114;9;2;2022;23:15;3;60;60135;1;1;1;7;D44;49,3092758715;2,2365889548
202200010115;1;7;2022;09:00;1;78;78117;1;1;1;2;RN12;48,7884110000;2,1373480000
202200010116;1;7;2022;06:30;1;92;92036;1;1;1;6;RN315 W;48,9213068596;2,3061396405
202200010117;14;10;2022;19:35;3;68;68158;1;1;2;5;RD 419;47,5940960000;7,3999790000
202200010118;10;2;2022;19:15;5;60;60395;2;6;2;3;Rue Marcel Coquet;49,2208140000;2,1384070000
202200010119;30;6;2022;22:45;5;92;92050;1;1;1;4;A14;48,9000387105;2,2107122922
202200010120;15;10;2022;13:45;1;39;39339;1;3;1;6;;46,3549500000;5,7784250000
202200010121;4;2;2022;19:00;5;13;13213;1;1;1;2;A507-Sens Marseille vers Aubagne;43,3299800000;5,4064300000
202200010122;1;7;2022;18:45;1;93;93064;1;1;1;2;AUTOROUTE A86;48,8674911248;2,4818462133
202200010123;14;10;2022;13:50;1;39;39478;2;1;1;6;38 Avenue de la Gare;46,3902800000;5,8606640000
202200010124;9;2;2022;04:45;3;59;59646;1;1;1;6;ROUTE NATIONALE 356;50,6661097816;3,1141955852
202200010125;1;7;2022;08:20;1;93;93027;1;1;1;2;AUTOROUTE A86;48,9249800000;2,3915900000
202200010126;14;10;2022;06:40;3;29;29210;1;2;2;3;Lieu Dit Croas Ar Born;48,5774870000; -3,9938680000
202200010127;7;2;2022;17:00;1;59;59378;1;1;1;4;AUTOROUTE A22;50,6769004695;3,1136289239
202200010128;1;7;2022;07:30;1;93;93006;1;1;1;2;AUTOROUTE A3;48,8668700000;2,4251000000
202200010129;15;10;2022;01:15;3;29;29273;2;1;2;6;80 Route du Dossen;48,6907050000; -4,0340260000
202200010130;9;2;2022;10:00;1;94;94076;1;1;1;3;AUTOROUTE A6A;48,7970000000;2,3443800000
202200010131;1;7;2022;23:01;3;77;77237;1;1;1;2;A4;48,8321045335;2,7784835027
202200010132;14;10;2022;08:30;2;29;29290;1;1;2;1;Le Carpont;48,5551947958; -4,5778416395
202200010133;9;2;2022;07:30;1;91;91340;1;1;1;2;AUTOROUTE A6;48,6013000000;2,4388300000
202200010134;1;7;2022;18:35;1;94;94069;1;1;1;6;A4;48,8173109429;2,4424371778
202200010135;15;10;2022;05:30;3;29;29174;1;1;2;1;D240;47,9284570000; -4,2279980000
202200010136;1;7;2022;18:20;1;93;93051;1;1;1;2;A4;48,8354402862;2,5706512512
202200010137;9;2;2022;09:10;1;94;94065;1;1;1;3;AUTOROUTE A86;48,7544000000;2,3484000000
202200010138;14;10;2022;16:25;1;26;26113;1;1;1;6;quartier le plot route de gap;44,7317510000;5,3913690000
202200010139;9;2;2022;18:05;1;78;78640;1;1;1;2;A86 EXT;48,7808040000;2,1782770000
202200010140;30;6;2022;23:40;5;77;77373;1;1;1;2;RN104;48,7906144740;2,6182314062
202200010141;15;10;2022;18:05;1;60;60185;2;1;1;1;Rue de Blaincourt;49,2166110000;2,3234080000
202200010142;30;6;2022;08:35;1;22;22278;2;6;1;6;40 Rue Henri Becquerel;48,4974900000; -2,7479000000
202200010143;10;10;2022;18:30;2;60;60513;2;9;1;6;2 Rue du Martray;49,2059730000;2,3829750000
202200010144;9;2;2022;16:30;1;78;78640;1;1;7;2;A86 INT;48,7809100000;2,1767430000
202200010145;14;10;2022;20:30;5;73;73191;1;1;2;6;Route du neyret;45,5694760000;5,7862600000
202200010146;9;2;2022;10:00;1;94;94079;1;1;1;3;A4;48,8286965958;2,5272705307
202200010147;8;2;2022;19:35;5;30;30007;2;1;1;6;Quai Boissier de Sauvages;44,1274000000;4,0782700000
202200010148;30;5;2022;17:15;1;54;54395;2;1;1;6;AMERICAN LEGION  (BD DE L');48,6841532115;6,1766941845
202200010149;27;5;2022;18:30;1;21;21255;2;1;1;1;Rue de Prenois;47,4088060000;4,9370670000
202200010150;7;10;2022;16:25;1;85;85081;1;3;1;2;la braconnière;46,7505700000; -1,3755400000
202200010151;1;7;2022;08:00;1;988;98818;2;1;1;3;RUE EDOUARD UNGER; -22,2537300000;166,4497700000
202200010152;8;2;2022;17:40;1;976;97611;2;1;1;2;passamanty-Vahibé ( route ); -12,8024200000;45,2095800000
202200010153;14;10;2022;17:29;1;28;28226;2;2;2;3;2 Rue de la Chapelle;48,6529120000;1,1291870000
202200010154;29;6;2022;19:20;5;988;98818;2;9;1;3;ROND POINT IEKAWE; -22,2311600000;166,4813100000
202200010155;7;2;2022;14:20;1;976;97610;2;1;1;6;Trois Vallées - Majicavo (rue des ); -12,7553500000;45,2329700000
202200010156;30;6;2022;16:30;1;976;97611;2;1;1;7;kaweni-Centrale EDM (rue de la ); -12,7609100000;45,2264200000
202200010157;15;10;2022;11:55;1;30;30062;1;3;1;3; route de Nages;43,7810100000;4,1985150000
202200010158;8;2;2022;19:40;5;974;97416;1;3;1;3;BASSIN PLAT(CHEMIN); -21,3252000000;55,4879300000
202200010159;29;6;2022;18:00;3;974;97416;2;1;1;5;DIAGONAL (CHEMIN) (2); -21,3102500000;55,4716500000
202200010160;7;2;2022;14:30;1;974;97411;2;6;1;3;MONDON (RUE MONSEIGNEUR); -20,8933300000;55,4604900000
202200010161;29;6;2022;05:35;2;974;97416;1;1;1;2;RN02; -21,3471440000;55,4998760000
202200010162;8;2;2022;17:45;1;69;69383;2;1;1;6;Avenue Rockefeller;45,7406309783;4,8875199258
202200010163;14;10;2022;21:00;3;90;90076;1;1;3;1;Autoroute A36, sens 1, PK 032+000;47,6433810000;6,8939100000
202200010164;8;2;2022;16:30;1;69;69388;2;1;1;7;Rue Henri Barbusse;45,7307533883;4,8579551263
202200010165;30;6;2022;16:45;1;974;97411;2;6;1;3;JAURES (BOULEVARD JEAN); -20,9028300000;55,5025100000
202200010166;8;2;2022;12:55;1;69;69259;2;4;1;6;Boulevard Ambroise Croizat;45,7005846747;4,8877438903
202200010167;30;6;2022;13:30;1;69;69383;2;2;1;3;Rue de la Part-Dieu;45,7594400000;4,8457600000
202200010168;14;10;2022;20:40;3;34;34146;1;1;1;4;autoroute A9 PK 81+900 S1;43,6940437706;4,0821814940
202200010169;8;2;2022;08:50;1;972;97213;1;1;1;3;ROUTE DEPARTEMENTALE 13;14,6339900000; -61,0223600000
202200010170;30;6;2022;08:50;1;69;69387;2;3;1;3;Boulevard Yves Farge;45,7433300000;4,8342400000
202200010171;15;10;2022;12:25;1;51;51203;1;9;2;2;A4;49,0347380000;4,4397670000
202200010172;8;2;2022;07:50;1;972;97213;1;1;1;7;ROUTE NATIONALE 1;14,6192800000; -60,9969700000
202200010173;30;6;2022;08:29;1;69;69388;2;3;1;3;Avenue Paul Santy;45,7355100000;4,8702700000
202200010174;8;2;2022;15:20;1;971;97101;1;1;1;5;ROUTE DES ABYMES;16,2579400000; -61,5197000000
202200010175;15;10;2022;08:00;1;988;98808;1;1;1;6;Tribu de Nekoué; -21,2356650000;165,6020000000
202200010176;8;2;2022;08:45;1;95;95500;2;1;1;6;VERDUN (AVENUE DE);49,0429270450;2,0906317234
202200010177;1;5;2022;23:15;5;69;69383;2;3;1;6;Quai Victor Augagneur;45,7562900000;4,8404100000
202200010178;14;10;2022;17:00;2;986;98613;1;1;1;3;Vailala; -13,2214780000; -176,2018570000
202200010179;7;2;2022;08:30;1;91;91425;2;9;1;2;RUE DES BOURGUIGNONS;48,6474600000;2,2751800000
202200010180;1;7;2022;00:01;5;69;69384;2;1;3;3;12 Cours d'Herbouville;45,7752900000;4,8390900000
202200010181;14;10;2022;19:15;3;973;97311;1;1;1;1;D9;5,5527342913; -53,9342772961
202200010182;30;6;2022;12:00;1;95;95063;2;1;2;1;RUE JEAN CARRASSO;48,9210305556;2,2175592184
202200010183;3;2;2022;21:00;3;80;80131;1;3;2;3;CD 4935;49,8573100000;2,3815700000
202200010184;14;10;2022;23:15;3;77;77154;1;1;2;6;D20;48,8199200000;2,9077940000
202200010185;30;6;2022;07:45;1;91;91691;2;2;2;3;HOCHE(RUE);48,6957500000;2,4845300000
202200010186;3;2;2022;21:20;5;78;78531;2;1;1;1;RUE NATIONALE;49,0043800000;1,6198000000
202200010187;29;6;2022;01:40;5;90;90010;2;1;1;6;KENNEDY (BOULEVARD);47,6280000000;6,8440000000
202200010188;24;9;2022;19:45;5;91;91411;2;9;1;1;D838;48,6818300000;2,0755360000
202200010189;8;2;2022;14:20;1;76;76540;1;1;1;5;Avenue Gustave Flaubert;49,4447600000;1,0633600000
202200010190;30;4;2022;04:30;5;84;84007;2;1;1;5;C.De GAULLE (Rocade);43,9320000000;4,8289100000
202200010191;8;2;2022;11:30;1;74;74281;2;3;1;6;ITALIENS (RUE DES);46,3695200000;6,4760300000
202200010192;14;10;2022;19:30;3;2A;2A300;1;1;1;5;Route de Bastia;41,6459310000;9,2963430000
202200010193;29;6;2022;22:20;5;83;83123;2;1;1;6;BANDOL (ROUTE)N° PAIRS;43,1272200000;5,7856200000
202200010194;8;2;2022;08:20;1;74;74298;1;1;1;1;BONNEVILLE (ROUTE DE );46,1686500000;6,2664000000
202200010195;30;6;2022;14:40;1;83;83034;2;1;1;3;ROUTE DE LA BENOITE;43,0991920000;6,0800080000
202200010196;22;8;2022;03:00;4;66;66011;2;2;1;6;10 Chemin de Brouilla;42,6035860000;2,8946830000
202200010197;7;2;2022;11:15;1;71;71059;2;1;1;6;EPINAC (ROUTE D');46,8170200000;4,4546000000
202200010198;27;6;2022;16:20;1;83;83118;2;1;1;6;AVENUE GÉNÉRAL LECLERC;43,4271200000;6,7676100000
202200010199;27;9;2022;09:00;1;34;34213;1;1;1;3;D613 PK 48+390;43,4773700000;3,6928220000
202200010200;29;6;2022;19:30;1;80;80021;2;1;1;3;FAUBOURG DE HEM (RUE DU);49,9018700000;2,2791100000
202200010201;15;10;2022;14:28;1;84;84092;2;3;7;1;Chemin du Canal Crillon;43,9589050000;4,8833160000
202200010202;7;2;2022;23:30;5;68;68066;2;2;1;3;INGERSHEIM (ROUTE D');48,0845600000;7,3427000000
202200010203;29;6;2022;15:21;1;80;80021;2;1;1;3;SAINT QUENTIN (BOULEVARD);49,8793100000;2,2963700000
202200010204;15;10;2022;18:00;1;26;26307;1;1;1;1;D209;45,0247930000;5,2703370000
202200010205;7;2;2022;17:00;2;67;67204;2;1;1;6;FONTAINE (RUE DE LA);48,6235840000;7,7324310000
202200010206;29;6;2022;08:00;1;78;78481;2;1;1;2;JOHN FITZGERALD KENNEDY (AVENUE);48,8889340000;2,1032280000
202200010207;8;2;2022;14:42;1;66;66136;2;3;1;3;BAILLE GABRIEL;42,7175400000;2,8893300000
202200010208;15;10;2022;12:45;1;01;01027;1;2;1;1;D84;45,8311020000;5,1198920000
202200010209;29;6;2022;10:05;1;77;77305;2;6;1;2;D605;48,3757400000;2,9570400000
202200010210;8;2;2022;05:10;3;66;66136;1;1;1;6;R D 900;42,6972800000;2,8599100000
202200010211;15;10;2022;12:00;1;01;01249;2;2;1;3;Montée Neuve;45,8270820000;4,9526300000
202200010212;15;10;2022;17:45;1;69;69094;2;1;1;6;Route du Col de la Luère;45,7483790000;4,6749920000
202200010213;8;2;2022;08:15;1;64;64445;2;3;1;7;Boulevard du Recteur Jean Sarrailh;43,3084600000; -0,3742700000
202200010214;30;6;2022;18:50;1;77;77186;1;2;1;1;D152 / D301;48,3727140000;2,6433530000
202200010215;12;6;2022;00:55;5;76;76351;2;1;1;6;APLEMONT (AVENUE D');49,5028100000;0,1829400000
202200010216;15;10;2022;07:55;1;81;81099;1;1;1;1;D988;43,8854054000;1,8664202000
202200010217;8;2;2022;02:50;5;64;64102;2;1;1;7;Avenue Fernand Forgues;43,4875800000; -1,4814300000
202200010218;29;6;2022;12:46;1;72;72181;1;1;1;3;SUD EST DEVIATION  RT TOURS A RT PARIGNE;47,9712800000;0,2380600000
202200010219;12;10;2022;15:30;1;79;79049;2;6;1;3;68 Rue de Chachon;46,8350070000; -0,4814730000
202200010220;7;2;2022;17:02;1;63;63113;2;4;1;3;ORADOU (RUE DE L');45,7709900000;3,1023600000
202200010221;30;6;2022;18:45;1;69;69256;2;2;2;4;Avenue Garibaldi;45,7671902210;4,9328042758
202200010222;14;10;2022;16:40;1;86;86062;2;3;1;3;Route de Montamise;46,6482450000;0,3789050000
202200010223;8;2;2022;23:00;5;59;59360;2;3;1;3;BROSSOLETTE PIERRE RUE;50,6077100000;3,0160200000
202200010224;28;6;2022;22:55;3;68;68066;2;1;1;3;KLEBER (RUE DE);48,0791600000;7,3544000000
202200010225;15;10;2022;14:00;1;60;60141;2;1;1;2;1 Avenue du General de Gaulle;49,1981390000;2,4637750000
202200010226;7;2;2022;09:55;1;59;59569;2;3;7;1;VERDUN (RUE DE);50,3630800000;3,1143700000
202200010227;29;6;2022;22:05;5;67;67218;2;3;1;3;LYON (RTE DE);48,5252000000;7,7084800000
202200010228;14;10;2022;15:40;1;60;60589;2;1;2;2;D1016;49,2035230000;2,4614310000
202200010229;29;6;2022;10:00;1;66;66136;2;9;1;3;ARGELES SUR MER AVENUE D';42,6853666674;2,9082816839
202200010230;14;10;2022;03:15;3;38;38336;1;1;2;1;A7   32.870 A 35.680;45,4978500000;4,8392800000
202200010231;7;2;2022;11:28;1;56;56121;2;6;1;6;Rue Monistrol;47,7364500000; -3,3829200000
202200010232;6;2;2022;08:20;2;50;50129;2;1;3;7;CALIGNY (QUAI DE);49,6401000000; -1,6214100000
202200010233;30;6;2022;13:15;1;64;64445;2;6;2;3;Rond Point de la Commune de Paris;43,3117100000; -0,3629500000
202200010234;13;10;2022;18:45;5;69;69266;2;1;1;2;Route Départementale 383;45,7570600000;4,9089700000
202200010235;6;2;2022;16:45;1;49;49328;2;1;1;1;DE LATTRE DE TASSIGNY (BLD);47,2610994540; -0,0908571482
202200010236;29;6;2022;09:20;1;62;62193;2;6;1;3;NORVEGE (PLACE DE);50,9568540000;1,8574120000
202200010237;13;10;2022;05:38;3;33;33474;1;1;1;2;AUTOROUTE A 62;44,6746590528; -0,4799687552
202200010238;5;2;2022;10:25;1;49;49328;2;1;1;6;ROUEN (RUE DE);47,2734800000; -0,0628700000
202200010239;14;10;2022;16:30;1;91;91363;1;1;2;7;RN 104;48,6327900000;2,2240700000
202200010240;29;6;2022;08:30;1;62;62193;2;2;1;3;JACQUARD (BOULEVARD);50,9497200000;1,8541600000