Num_Acc;jour;mois;an;hrmn;lum;dep;com;agg;int;atm;col;adr;lat;long
202200010241;8;2;2022;07:50;2;49;49007;2;1;1;3;GARDOT;47,4678700000; -0,5367800000
202200010242;29;6;2022;18:30;1;61;61006;2;7;2;6;CHAMPAGNE (RUE DE);48,7504900000; -0,0279300000
202200010243;13;10;2022;23:45;3;91;91064;1;1;2;2;RN 118;48,7492600000;2,2198400000
202200010244;7;2;2022;11:50;1;45;45208;2;2;1;3;Rue Paul Doumer;48,0037295143;2,7419753373
202200010245;30;6;2022;13:17;1;60;60463;2;1;3;6;Rue Francois Villon;49,2696800000;2,4640700000
202200010246;14;10;2022;18:50;3;92;92036;1;1;2;3;A86;48,9354016608;2,2654496814
202200010247;6;2;2022;11:33;1;45;45068;2;1;2;6;Avenue du Général Leclerc;48,0093388275;2,7403571159
202200010248;29;6;2022;19:10;1;59;59512;2;3;1;2;LEBAS (AVENUE JEAN);50,6939900000;3,1671900000
202200010249;14;10;2022;16:10;1;78;78217;1;1;1;6;A13;48,9634800000;1,8390230000
202200010250;8;2;2022;11:00;1;44;44162;2;1;8;6;1 Avenue Claude Bernard;47,2257880000; -1,6123040000
202200010251;30;6;2022;13:00;1;59;59378;2;1;2;2;CLEMENCEAU BLVD (N°168-294);50,6636780000;3,0934600000
202200010252;14;10;2022;08:50;1;78;78640;1;1;2;3;N118;48,7791420000;2,2211120000
202200010253;9;2;2022;00:25;5;43;43089;2;1;1;6;10 Route de Saugues;45,0439000000;3,8706900000
202200010254;28;6;2022;10:05;1;59;59560;2;1;1;1;POINTE RUE DE LA;50,5666435888;3,0335766077
202200010255;14;10;2022;09:00;1;93;93078;1;1;1;5;AUTOROUTE A104;48,9605700000;2,5410400000
202200010256;21;6;2022;08:40;1;58;58194;2;1;1;3;GENERAL DE GAULLE;46,9879500000;3,1533600000
202200010257;18;1;2022;07:30;5;40;40279;2;3;2;3;PIERRE BENOIT (RUE);43,7407500000; -1,0535600000
202200010258;8;2;2022;20:50;5;37;37261;2;3;1;6;BAUGE (RUE MICHEL);47,3815959993;0,6709411740
202200010259;17;6;2022;17:00;1;58;58194;2;2;1;3;BARATTE (FAUBOURG);46,9889900000;3,1884500000
202200010260;13;10;2022;23:15;3;95;95488;1;1;2;5;A15;49,0112452790;2,1529796720
202200010261;27;6;2022;10:00;1;57;57591;2;4;2;3;MARNE (CHEMIN DE LA);49,2550000000;6,0964500000
202200010262;8;2;2022;20:48;5;35;35281;2;2;1;2;Avenue Roger Dodin;48,0870400000; -1,7074500000
202200010263;29;6;2022;08:30;1;56;56121;2;1;1;6;24 Cours Louis de Chazelles;47,7546100000; -3,3629600000
202200010264;14;10;2022;21:50;3;94;94073;1;1;2;4;A86 INT;48,7680357492;2,3785302403
202200010265;8;2;2022;09:50;1;35;35278;2;6;2;3;Boulevard de la Robiquette;48,1341100000; -1,6941700000
202200010266;30;6;2022;21:50;5;51;51055;2;1;1;6;boulevard des Tondeurs;49,2744100000;4,0561400000
202200010267;13;10;2022;21:40;5;974;97409;2;1;1;6;LETCHIS(RUE); -20,9734300000;55,6563400000
202200010268;2;2;2022;09:45;1;34;34003;2;6;1;3;QUAI DES CHANTIERS (G4 ET F12;43,3069300000;3,4654400000
202200010269;29;6;2022;06:15;1;50;50129;2;1;2;7;MILLET (AVENUE JEAN-FRANCOIS);49,6338100000; -1,6149100000
202200010270;8;2;2022;07:22;3;31;31555;2;9;1;6;AV DE REYNERIE;43,5759500000;1,4066200000
202200010271;13;10;2022;01:58;4;63;63103;2;1;1;6;Boulevard Thermal Robert Accart;45,9235042393;3,0699518323
202200010272;29;6;2022;10:35;1;49;49328;2;7;1;6;POTERNE (PLACE DE LA);47,2642900000; -0,0999900000
202200010273;7;2;2022;23:15;5;31;31555;2;1;1;1;AV DES ETATS UNIS;43,6480100000;1,4224900000
202200010274;30;6;2022;20:15;1;44;44162;2;1;7;6;13 Boulevard Charles Gautier;47,2215700000; -1,6053100000
202200010275;13;10;2022;08:00;2;44;44114;2;6;2;7;4 Boulevard Mendès France;47,2601720000; -1,5822830000
202200010276;8;2;2022;15:45;1;29;29019;2;1;1;2;Avenue de la Libération;48,3963460000; -4,5159630000
202200010277;13;10;2022;19:30;2;92;92004;2;4;2;6;ARGENTEUIL AV D';48,9126580000;2,2843020000
202200010278;29;6;2022;13:15;1;42;42218;2;6;1;3;Boulevard Georges Pompidou;45,4589403795;4,4080978632
202200010279;9;10;2022;16:45;1;59;59350;2;2;7;6;notebart;50,6352500000;3,0092900000
202200010280;8;2;2022;08:20;5;29;29019;2;2;6;6;Rue de Valmy;48,3996080000; -4,4659040000
202200010281;6;10;2022;19:50;2;58;58194;2;3;1;1;CHAUSSADE;46,9939300000;3,1652700000
202200010282;30;6;2022;08:45;1;37;37208;2;1;2;2;LAC (AVENUE DU);47,3659674693;0,7170242071
202200010283;8;2;2022;17:35;1;22;22215;2;1;1;1;CROIX (RUE DES);48,4858600000; -2,7892600000
202200010284;13;10;2022;11:45;1;988;98818;2;6;1;3;RUE ROGER GERVOLINO/Voie privée; -22,2485800000;166,4696700000
202200010285;29;6;2022;11:01;1;36;36044;2;1;1;6;53 Avenue Marcel Lemoine;46,8193178743;1,6972321272
202200010286;7;2;2022;15:35;1;19;19031;2;1;1;6;TILLEULS (PROMENADE DES);45,1631900000;1,5331300000
202200010287;13;10;2022;12:40;1;974;97416;1;1;1;6;BORY SAINT VINCENT(RUE); -21,3321700000;55,4739000000
202200010288;29;4;2022;13:55;1;35;35241;2;3;1;2;VILLES BILLY (ZONE ARTISANALE);48,6064731881; -2,0532009602
202200010289;8;2;2022;09:10;1;18;18033;2;2;7;3;Rue des Frères Michelin;47,1106200000;2,4144900000
202200010290;11;10;2022;10:00;1;974;97411;2;3;1;6;PAYET (RUE ROGER); -20,8931000000;55,4880000000
202200010291;30;6;2022;16:00;1;35;35238;1;1;1;2;N136;48,0817800000; -1,6474500000
202200010292;9;10;2022;12:30;1;974;97411;2;9;1;5;RAMBAUD (LEOPOLD); -20,8854000000;55,4735300000
202200010293;30;6;2022;09:15;1;34;34003;2;1;1;3;Boulevard des Lucioles;43,3007700000;3,4683400000
202200010294;7;2;2022;20:24;5;13;13207;2;1;1;3;ENDOUME (CHEMIN, VOIE);43,2891500000;5,3664200000
202200010295;13;10;2022;19:45;5;69;69387;2;2;2;2;Avenue Berthelot;45,7473900000;4,8349200000
202200010296;7;2;2022;14:10;1;13;13210;2;1;6;3;MIREILLE LAUZE (BOULEVARD);43,2834400000;5,4131900000
202200010297;30;6;2022;14:20;1;33;33281;2;6;8;3;Avenue de Magudas;44,8583000000; -0,6769800000
202200010298;13;10;2022;07:25;1;972;97213;1;1;1;6;ROUTE DEPARTEMENTALE 3;14,6167300000; -60,9895800000
202200010299;30;6;2022;12:40;1;33;33281;2;3;2;3;Cours d'Ornano;44,8334500000; -0,6172400000
202200010300;8;2;2022;16:35;1;10;10387;2;1;7;3;DANTON (RUE);48,3017300000;4,0751300000
202200010301;12;10;2022;22:15;3;972;97213;1;1;1;2;ROUTE NATIONALE 5;14,5928700000; -60,9837300000
202200010302;28;6;2022;15:30;1;29;29019;2;6;1;2;Rond point de Pen ar Ch'leuz;48,4151670000; -4,4796731000
202200010303;8;2;2022;12:00;1;06;06029;2;1;1;1;BEAUSEJOUR (AVENUE);43,5524500000;7,0324500000
202200010304;12;10;2022;20:13;5;972;97213;1;1;1;2;ROUTE DEPARTEMENTALE 13;14,6348100000; -61,0197400000
202200010305;8;2;2022;07:45;1;06;06123;2;1;1;3;SAUVAIGO PIERRE AVENUE;43,6630950000;7,1839710000
202200010306;28;6;2022;14:00;1;29;29019;2;3;1;3;avenue de Tarente;48,4031890000; -4,5063980000
202200010307;12;10;2022;12:25;1;972;97209;2;1;1;3;RD 41 (ROCADE);14,6102200000; -61,0846700000
202200010308;8;2;2022;17:40;1;04;04112;2;3;1;3;Bd St Joseph / rue Berthelot;43,8244500000;5,7978000000
202200010309;29;6;2022;16:55;1;27;27701;2;1;2;4;avenue des métiers;49,2462100000;1,1739000000
202200010310;13;10;2022;09:55;1;69;69381;2;2;1;5;Quai André Lassagne;45,7727000000;4,8384600000
202200010311;7;2;2022;22:00;3;02;02408;1;1;1;1;;49,5545750000;3,6293450000
202200010312;30;6;2022;16:15;1;25;25056;2;1;1;6;CHAR  RUE RENE;47,2157600000;5,9469400000
202200010313;8;2;2022;11:45;1;75;75112;2;1;1;7;Bd peripherique exterieur;48,8286420000;2,3988890000
202200010314;30;6;2022;05:55;2;15;15014;2;1;1;6;POMPIDOU (AVENUE GEORGES);44,9115200000;2,4490400000
202200010315;7;2;2022;16:00;1;75;75116;2;1;1;3;ECHANGEUR MUETTE;48,8674120000;2,2691630000
202200010316;7;10;2022;23:00;5;69;69389;2;2;1;3;Rue Sergent Michel Berthet;45,7723300000;4,8054300000
202200010317;14;6;2022;16:55;1;13;13056;1;1;1;7;SAINT MACAIRE (chemin);43,4214100000;5,0266000000
202200010318;12;10;2022;08:00;2;69;69385;2;2;5;6;Rue Chazay;45,7497600000;4,7833500000
202200010319;7;2;2022;10:20;1;75;75119;2;1;1;5;PORTE DE PANTIN;48,8953850000;2,3948020000
202200010320;30;6;2022;10:20;1;13;13206;2;2;1;1;PRADO (AVENUE DU);43,2840210852;5,3848157823
202200010321;13;10;2022;17:25;2;971;97120;2;1;1;6;BEAUPERTHUY;16,2423100000; -61,5355900000
202200010322;7;2;2022;08:40;1;75;75112;2;1;1;2;PORTE DOREE;48,8335690000;2,4083410000
202200010323;8;10;2022;15:00;1;971;97101;1;1;1;2;ALBERT LEOGANE - TERRASSON (RUE);16,2492229711; -61,5032002330
202200010324;30;6;2022;01:18;5;13;13201;2;3;1;3;FRANKLIN ROOSEVELT (COURS)   2 A 46;43,2989300000;5,3881300000
202200010325;8;2;2022;16:55;1;75;75119;2;1;1;6;RUE GASTON TESSIER;48,8959709720;2,3740171641
202200010326;11;10;2022;10:40;1;85;85194;2;9;1;2;SCHWABACH (PLACE DE);46,4880500000; -1,7650732000
202200010327;1;6;2022;17:00;1;13;13001;1;1;1;3;GARDANNE (ROUTE DE );43,4830825483;5,4160001962
202200010328;29;6;2022;11:25;1;13;13001;2;1;1;6;HUIT MAI (AV DU);43,5232300000;5,4330700000
202200010329;13;10;2022;18:10;1;81;81144;2;4;1;3;GOURGUES ( CH DES );43,9617930000;2,1898700000
202200010330;8;2;2022;19:45;5;75;75116;2;1;1;3;BD PERIPHERIQUE EXTERIEUR;48,8721120000;2,2738190000
202200010331;10;10;2022;15:20;1;80;80021;2;1;1;6;FRANCOIS DELAVIGNE (RUE);49,8898200000;2,2831000000
202200010332;29;6;2022;17:40;1;10;10343;2;1;1;3;GAMBETTA (RUE);48,2737607493;4,0941399336
202200010333;8;2;2022;12:15;1;75;75108;2;1;1;7;AVENUE DE WAGRAM;48,8768480000;2,2972680000
202200010334;10;10;2022;16:40;1;80;80674;2;1;1;6;JULES VERNE (RUE);49,9036400000;2,3229500000
202200010335;29;6;2022;16:50;1;10;10387;2;1;1;3;ROBERT SCHUMANN (RUE);48,3068548448;4,0950840712
202200010336;7;2;2022;19:00;5;94;94081;2;2;1;3;Rue des Marguerites;48,7928000000;2,3977100000
202200010337;29;6;2022;15:11;1;10;10387;2;1;1;3;GAMBETTA (RUE);48,2983192491;4,0689861774
202200010338;11;10;2022;17:40;1;80;80021;2;1;1;4;PIERRE ROLLIN (RUE);49,8775600000;2,3125500000
202200010339;29;1;2022;16:20;1;94;94043;2;9;8;7;EDMONT MICHELET (R);48,8110000000;2,3640100000
202200010340;29;6;2022;13:45;1;05;05061;1;1;1;6;rocade de Gap;44,5608706793;6,0555320978
202200010341;13;10;2022;12:50;1;78;78440;2;2;1;6;JEAN JAURES  (RUE);48,9915200000;1,9106000000
202200010342;8;2;2022;07:55;2;94;94021;2;3;1;3;Boulevard Jean Mermoz;48,7663600000;2,3357800000
202200010343;10;10;2022;17:55;1;77;77269;1;1;1;7;D215;48,5682700000;2,7110930000
202200010344;30;6;2022;20:45;1;04;04070;2;3;1;3;Ch des Alpilles / impasse;44,0831300000;6,2058600000
202200010345;6;2;2022;10:20;1;94;94033;2;1;2;6;Rue Dalayrac;48,8494600000;2,4573900000
202200010346;27;6;2022;19:00;1;02;02722;2;9;1;3;43 Avenue de Pasly;49,3892100000;3,3131100000
202200010347;8;2;2022;10:20;1;94;94017;2;3;8;3;Place Lénine / Rue Albert Thomas;48,8119500000;2,5107400000
202200010348;18;6;2022;10:10;1;02;02722;2;1;1;2;45 Avenue de Laon;49,3913000000;3,3408800000
202200010349;8;2;2022;09:30;1;94;94004;2;1;1;6;18 Rue de Sucy;48,7523681779;2,5203022956
202200010350;16;6;2022;08:05;1;02;02722;2;1;1;6;GEORGES CLEMENCEAU ( BOULEVARD);49,3786900000;3,3094100000
202200010351;8;2;2022;09:00;1;93;93072;2;2;1;3;Avenue de Stalingrad / Boulevard Maxime Gorki;48,9497500000;2,3863000000
202200010352;30;6;2022;14:15;1;75;75116;2;1;1;5;ECHANGEUR MUETTE;48,8649100000;2,2676040000
202200010353;11;10;2022;19:40;1;76;76351;1;1;1;6;ESTUAIRE (ROUTE DE L');49,4641100000;0,1834400000
202200010354;8;2;2022;13:40;1;93;93070;2;9;1;6;MICHELET (AVE) : DU 1 AU 103;48,9089593127;2,3442322251
202200010355;8;2;2022;12:10;1;93;93077;2;1;1;3;GALLIENI (AVENUE DU GENERAL);48,8901541907;2,5101118684
202200010356;12;10;2022;18:00;1;72;72181;1;1;1;4;LATTRE DE TASSIGNY MARECHAL DE (BD);48,0308100000;0,1873500000
202200010357;30;6;2022;01:45;5;75;75106;2;3;1;3;QUAI MALAQUAIS;48,8578700000;2,3362570000
202200010358;12;10;2022;04:45;4;72;72181;1;9;1;3;ALENCON (RTE D');48,0298400000;0,1798200000
202200010359;30;6;2022;22:50;5;75;75119;2;3;1;6;RUE JULES ROMAINS;48,8725360000;2,3785520000
202200010360;8;2;2022;16:10;1;93;93055;2;1;1;5;JEAN LOLIVE (AVENUE)(1/55 2/60);48,8905600000;2,3999000000
202200010361;30;6;2022;10:10;1;75;75119;2;1;2;2;RUE DU NOYER DURAND;48,8865940000;2,3991660000
202200010362;13;10;2022;07:10;5;71;71306;2;6;5;3;LUCY (RUE DE);46,6632800000;4,3409500000
202200010363;8;2;2022;16:15;1;93;93053;2;2;8;3;Rue du Parc / Rue Paul Vaillant Couturier;48,8918940000;2,4448980000
202200010364;30;6;2022;10:15;1;75;75119;2;1;2;6;Rue Colette Magny;48,8944665094;2,3772901297
202200010365;7;2;2022;17:50;1;93;93053;2;3;1;3;Rue de Brément;48,8868468090;2,4704217911
202200010366;13;10;2022;07:25;2;71;71306;2;2;5;3;MACON (RUE DE);46,6737600000;4,3739800000
202200010367;28;6;2022;23:25;5;75;75118;2;2;1;3;BOULEVARD NEY;48,8979770000;2,3443360000
202200010368;8;2;2022;17:50;5;93;93050;2;1;1;3;PAUL ET CAMILLE THOMOUX (RUE) COTE IMPAI;48,8648326786;2,5296479115
202200010369;12;10;2022;19:40;2;71;71153;2;2;1;3;MOUILLELONGUE (RUE DE LA);46,7916000000;4,4295300000
202200010370;8;2;2022;20:50;5;93;93047;2;1;1;6;COURTAIS  (RUE DE);48,9001200000;2,5606100000
202200010371;29;6;2022;23:10;5;75;75117;2;2;1;3;AVENUE DE CLICHY;48,8891330000;2,3227240000
202200010372;30;6;2022;15:20;1;75;75116;2;1;8;6;AVENUE DE NEW YORK;48,8621570000;2,2935020000
202200010373;8;2;2022;13:57;1;93;93008;2;1;1;6;Avenue Paul Vaillant - Couturier;48,9055500000;2,4648900000
202200010374;13;10;2022;18:55;5;69;69266;2;9;2;6;Rue Jean Voillot;45,7564552937;4,9094215035
202200010375;29;1;2022;12:40;1;93;93008;2;1;1;6;Rue de Stalingrad;48,9166676132;2,4210986495
202200010376;30;6;2022;09:45;1;75;75116;2;3;2;3;AVENUE VICTOR HUGO;48,8708100000;2,2880410000
202200010377;13;10;2022;11:15;1;69;69266;2;3;1;3;Boulevard du 11 Novembre 1918;45,7794200000;4,8605200000
202200010378;7;2;2022;08:20;1;92;92075;2;9;1;6;FRANCOIS ARNAUD (AVENUE DU DR);48,8159588358;2,2782942206
202200010379;28;6;2022;23:20;5;75;75116;2;3;1;6;RUE DE MAGDEBOURG;48,8640420000;2,2903400000
202200010380;13;10;2022;11:20;1;69;69264;2;3;1;3;Rue de Thizy;45,9900600000;4,7071000000
202200010381;8;2;2022;14:10;1;92;92073;2;9;1;4;SELLIER (BOULEVARD HENRI);48,8647350000;2,2190300000
202200010382;30;6;2022;14:10;1;75;75115;2;1;2;4;RUE BRANCION;48,8326580000;2,3034160000
202200010383;7;2;2022;10:10;1;92;92064;2;7;1;2;GEORGES CLEMENCEAU;48,8416736776;2,2213475034
202200010384;13;10;2022;19:15;5;69;69029;2;9;2;3;87 Boulevard Pinel;45,7390200000;4,8920600000
202200010385;8;2;2022;16:45;1;92;92063;2;1;1;6;REGNAULT (RUE HENRI);48,8593137162;2,1835506856
202200010386;29;6;2022;19:24;1;75;75114;2;3;1;6;AVENUE DU MAINE;48,8385220000;2,3226150000
202200010387;13;10;2022;08:30;1;67;67482;2;3;1;6;FAUBOURG DE PIERRE (RUE DU);48,5870200000;7,7465000000
202200010388;8;2;2022;11:40;1;92;92036;2;6;1;3;PIERRE TIMBAUD (RUE) (1/45);48,9329326930;2,3019337356
202200010389;30;6;2022;20:50;2;75;75111;2;2;1;3;BOULEVARD RICHARD LENOIR;48,8577822978;2,3709252477
202200010390;7;2;2022;18:10;1;92;92036;2;3;1;3;MARCEL PAUL (AVENUE) (1/103);48,9439286920;2,3035437316
202200010391;12;10;2022;17:45;2;66;66136;1;1;1;4;;42,6767200000;2,8682300000
202200010392;29;6;2022;23:40;5;75;75111;2;7;1;3;PLACE DE LA BASTILLE;48,8533480000;2,3703710000
202200010393;30;6;2022;17:27;1;75;75109;2;4;1;6;PLACE D ANVERS;48,8818000000;2,3449560000
202200010394;7;2;2022;13:45;1;92;92026;2;1;1;3;VERDUN (DE 01 A 61);48,8982135040;2,2629582881
202200010395;12;10;2022;16:54;1;66;66136;2;6;1;1;;42,7240100000;2,8982700000
202200010396;30;6;2022;11:55;1;75;75109;2;1;3;6;RUE AUBER;48,8734130000;2,3276830000
202200010397;12;10;2022;14:06;1;66;66136;2;1;1;6;LECLERC (AVENUE DU GENERAL);42,7018100000;2,8916100000
202200010398;30;6;2022;15:00;1;75;75108;2;1;8;2;RUE DE MIROMESNIL;48,8742540000;2,3158790000
202200010399;7;2;2022;23:40;5;92;92050;2;2;1;2;SARTROUVILLE (RUE DE );48,9179554840;2,2239612490
202200010400;29;6;2022;12:47;1;75;75116;2;2;1;3;RUE SCHEFFER;48,8628220000;2,2809730000
202200010401;12;10;2022;07:05;5;64;64024;2;6;1;2;Rond point de Bahinos;43,4946700000; -1,5187800000
202200010402;30;6;2022;08:00;1;75;75101;2;3;2;7;BOULEVARD DE SEBASTOPOL;48,8624690000;2,3504400000
202200010403;8;2;2022;12:20;1;92;92024;2;3;1;6;JEAN JAURES (BD) DE (1 A 45)   (2 A 54);48,8978309147;2,3080301285
202200010404;11;10;2022;19:35;5;62;62624;2;6;1;6;;50,4133800000;2,9891000000
202200010405;29;6;2022;11:50;1;75;75102;2;4;1;6;RUE ETIENNE MARCEL;48,8647260000;2,3454520000
202200010406;8;2;2022;14:25;1;92;92012;2;3;1;6;JEAN BAPTISTE CLEMENT (AVENUE) ;48,8461114472;2,2376489639
202200010407;30;6;2022;08:30;1;94;94081;2;1;2;6;ROUGET DE L ISLE (AV);48,7789550000;2,3962640000
202200010408;8;2;2022;13:45;1;49;49092;1;4;1;1;D171 valanjou;47,2034760000; -0,5993990000
202200010409;9;2;2022;11:00;1;31;31250;1;1;7;1;Route de Rieumes;43,3588230000;1,1202460000
202200010410;27;6;2022;18:00;1;94;94068;2;2;1;3;MESNIL (AV DU);48,7982400000;2,5168600000
202200010411;8;10;2022;09:30;1;62;62193;2;3;1;6;CURIE (BOULEVARD);50,9394100000;1,8639040000
202200010412;30;6;2022;10:45;1;94;94058;2;1;2;2;GENERAL DE GAULLE (AV DU);48,8357350000;2,5127790000
202200010413;8;2;2022;19:07;3;83;83054;1;1;1;4;A57;43,1614560000;6,0496580000
202200010414;30;6;2022;07:30;1;94;94042;2;1;2;4;EUROPE (BD DE L);48,8143680000;2,4644560000
202200010415;8;2;2022;11:15;1;01;01399;2;9;1;1;départementale 1005;46,2984340000;6,0718770000
202200010416;30;6;2022;12:05;1;94;94047;2;1;2;7;Rue de Brie;48,7000000000;2,5400000000
202200010417;9;2;2022;14:30;1;54;54153;1;2;1;3;RD 901;49,0162689603;5,8479908091
202200010418;30;6;2022;12:00;1;94;94075;2;3;2;6;Avenue de la Mairie / Rue des Pervenches;48,7226284323;2,5352427363
202200010419;29;6;2022;17:40;1;94;94048;2;2;1;2;Route Nationale 19 / Rue du Vallon;48,7274600000;2,5395000000
202200010420;9;2;2022;07:45;1;47;47059;1;2;1;5;Colas Billau;44,5829790000;0,1663180000
202200010421;30;6;2022;17:00;1;93;93059;2;1;1;6;Avenue Lénine;48,9587700000;2,3588500000
202200010422;9;2;2022;16:12;1;69;69133;2;3;7;6;Avenue Gilbert Fabre;45,6317380000;4,7830550000
202200010423;30;6;2022;22:30;5;93;93071;2;3;1;3;Boulevard Westinghouse / Allee de Bir Hakeim;48,9283870000;2,5185990000
202200010424;8;2;2022;08:30;1;51;51153;1;1;1;3;D3;49,0256490000;4,0217150000
202200010425;30;6;2022;09:00;1;93;93071;2;8;2;3;Allée de Surièges / Allée du Maréchal Gérard;48,9305700000;2,5154500000
202200010426;9;2;2022;08:47;1;74;74236;2;9;1;6;201 Route de Saint-Gervais;45,9059290000;6,7059380000
202200010427;1;2;2022;08:25;1;44;44003;2;1;1;6;336 Rue Francois Rene Chateaubriand;47,3755560000; -1,1799090000
202200010428;30;6;2022;13:34;1;93;93051;2;6;3;7;Boulevard du Mont d'Est / Route de Villiers;48,8434000000;2,5479700000
202200010429;9;2;2022;19:05;3;38;38386;1;1;1;6;D28;45,4781510000;5,6346610000
202200010430;9;2;2022;16:10;1;02;02504;2;1;1;6;35 Rue Paul Sebbe;49,7434830000;3,2558160000
202200010431;30;6;2022;08:18;1;93;93031;2;2;2;6;Rue des Carrières / Rue de Marseille;48,9581100000;2,2939700000
202200010432;8;2;2022;16:59;2;72;72241;1;1;1;7;Chemin du Piolay;48,0388540000;0,4282200000
202200010433;30;6;2022;08:13;1;93;93001;2;1;2;3;LUCIEN LEFRANC (QUAI);48,9111232709;2,3738508556
202200010434;29;6;2022;18:25;1;92;92064;2;1;1;6;REPUBLIQUE;48,8504297547;2,2133953571
202200010435;8;2;2022;19:05;3;14;14694;1;1;1;1;D45;49,2061500000;0,1602350000
202200010436;28;6;2022;20:45;2;92;92033;2;1;9;3;COLONEL DE ROCHEBRUNE;48,8550852313;2,1967045739
202200010437;8;2;2022;15:17;1;21;21247;1;1;1;3;Rue du Bedeau;47,5176610000;4,1693810000
202200010438;30;6;2022;17:24;1;92;92049;2;1;1;7;JAURES AV. JEAN N°1 A 51 ET 2 A 50;48,8170316465;2,3143488765
202200010439;8;2;2022;12:00;1;85;85073;1;1;1;6;Les Trois Fontaines;46,5164196000; -1,1528643900
202200010440;29;6;2022;17:06;1;92;92025;2;1;1;6;AUDRA (AV);48,9279508485;2,2500139475
202200010441;3;2;2022;22:15;5;17;17236;2;1;1;7;Avenue de Saintonge;45,3850990000; -0,5669440000
202200010442;8;2;2022;18:05;2;30;30188;1;1;1;6; route des vignerons;44,0243910000;4,1680080000
202200010443;30;6;2022;17:51;1;92;92024;2;2;1;3;VICTOR HUGO (BD);48,8999088698;2,3144518733
202200010444;5;2;2022;09:45;1;52;52423;2;1;1;1;2 Route de Joinville;48,2560090000;5,3334710000
202200010445;30;6;2022;09:30;1;92;92060;2;1;2;1;FRANCOIS MANSARD (RUE);48,7794170698;2,2543124556
202200010446;7;2;2022;09:30;1;03;03118;1;1;1;3;A71;46,0856960000;3,1307820000
202200010447;30;6;2022;09:15;1;35;35045;1;2;8;3;D777;47,7954630000; -2,0092640000
202200010448;8;2;2022;17:13;2;34;34337;2;1;1;6;Rue des Myosotis;43,5285020000;3,8651920000
202200010449;1;7;2022;15:53;1;01;01007;1;3;7;3;Rd1075;45,9895230000;5,3439900000
202200010450;8;2;2022;15:00;1;01;01072;1;1;1;3;;46,1864340000;5,2985160000
202200010451;9;2;2022;13:00;1;06;06085;2;1;1;3;588 Chemin des Cabrières;43,5837370000;6,9902870000
202200010452;30;6;2022;20:20;1;16;16012;1;2;1;3;D24;45,6310850000; -0,2772760000
202200010453;1;7;2022;08:00;1;95;95487;2;1;1;3;151 Avenue Jacques Vogt;49,1549130000;2,2683870000
202200010454;8;2;2022;18:00;2;01;01384;2;1;1;1;Avenue de Savoie;45,9502210000;5,4447720000
202200010455;28;6;2022;11:50;1;13;13078;1;1;1;6;D268;43,4229530000;4,8138840000
202200010456;8;2;2022;10:55;1;973;97311;2;1;1;3;51B route de saint maurice;5,4854190000; -54,0306970000
202200010457;5;6;2022;22:20;5;972;97226;1;4;1;1;Quartier Pointe Marin;14,4391270000; -60,8782590000
202200010458;9;2;2022;14:10;1;33;33333;2;1;1;1;94 Avenue du Bassin d Arcachon;44,8529590000; -1,1033410000
202200010459;1;7;2022;12:30;1;76;76616;1;1;1;3;Route de Montivilliers;49,5349020000;0,2320540000
202200010460;8;2;2022;07:55;1;30;30297;1;1;1;6;Camping Le Térondel;44,1072290000;3,4822310000
202200010461;1;7;2022;19:32;1;30;30174;1;1;1;1;Route de Saint-Ambroix;44,0607391644;4,3962088376
202200010462;8;2;2022;17:40;2;83;83023;2;6;1;6;Route de Marseille;43,4080910000;6,0490040000
202200010463;1;7;2022;11:10;1;2B;2B009;1;9;1;3;Lieu-dit Cateraggio;42,1266320000;9,5101850000
202200010464;9;2;2022;11:10;1;89;89249;2;1;1;1;Rue de la Côte Sainte-Anne;48,0309960000;3,6295650000
202200010465;22;6;2022;11:34;1;77;77436;2;1;2;3;D55;48,8016220000;3,2112760000
202200010466;12;1;2022;15:30;1;51;51464;1;1;1;6;Voie communale 14;49,3379870000;3,7602420000
202200010467;1;7;2022;10:15;1;61;61375;1;1;1;3;A88;48,6827330000;0,0305880000
202200010468;9;2;2022;08:00;1;73;73054;1;1;1;6;D1090;45,6256430000;6,7826240000
202200010469;30;6;2022;17:00;1;04;04126;1;1;1;7;RD 900;44,4090910000;6,3374810000
202200010470;8;2;2022;19:00;5;33;33122;2;1;1;6;332 Avenue du Maréchal de Lattre de Tassigny (rd);44,7585580000; -0,7336810000
202200010471;30;6;2022;08:35;1;19;19135;1;1;1;1;RD979;45,4911790000;2,3323040000
202200010472;8;2;2022;11:45;1;22;22070;2;1;1;6;Place du Champ au Roy;48,5615130000; -3,1488130000
202200010473;1;7;2022;11:05;1;56;56036;1;1;1;5;Lieu-Dit Kerustantin;47,7953190000; -3,3407640000
202200010474;9;2;2022;14:00;1;27;27553;1;3;1;3;inter D75 / D10 (rue du bois l'abbé);49,1374520000;1,2817200000
202200010475;28;6;2022;19:40;1;56;56034;1;1;1;1;Lieu dit Kergroix;47,6352920000; -3,0539630000
202200010476;8;2;2022;16:45;1;59;59139;2;3;1;6;Rue Gambetta;50,1204588611;3,4079772234
202200010477;1;7;2022;17:55;1;77;77239;1;1;1;6;N4;48,6886100000;3,1285760000
202200010478;7;2;2022;20:03;5;13;13212;1;1;1;2;A507 sens Marseille - Aubagne;43,2950207662;5,4244454205
202200010479;30;6;2022;12:42;1;69;69063;2;6;1;3;Quai de la Jonchère;45,8149040000;4,8464190000