Num_Acc;jour;mois;an;hrmn;lum;dep;com;agg;int;atm;col;adr;lat;long
202200010480;8;2;2022;17:40;1;69;69278;1;1;1;2;Autoroute 46;45,9046417074;4,8645879876
202200010481;5;2;2022;20:50;3;59;59284;1;1;1;6;AUTOROUTE A23;50,4208053629;3,4052279592
202200010482;1;7;2022;17:55;1;63;63178;2;1;1;4;Avenue Pierre Mendes-France;45,5514170000;3,2515240000
202200010483;4;2;2022;18:20;3;59;59560;1;1;1;2;AUTOROUTE A1;50,5321935980;3,0470323563
202200010484;28;6;2022;17:15;1;61;61168;2;1;1;7;Route de Domfront;48,5847940000; -0,3669420000
202200010485;8;2;2022;19:45;3;92;92002;1;1;1;3;AUTOROUTE A6;48,7337741367;2,3159380943
202200010486;10;6;2022;18:00;1;61;61139;1;1;1;6;D703;48,9211170000;0,1481000000
202200010487;7;2;2022;18:20;3;91;91617;1;1;1;2;RN 104;48,6352620000;2,5312080000
202200010488;8;2;2022;07:30;4;94;94038;1;1;1;2;AUTOROUTE A6B;48,7728445669;2,3453178748
202200010489;23;6;2022;16:20;1;55;55463;2;1;1;6;16 Rue Notre Dame;48,8916940000;5,5410160000
202200010490;7;2;2022;23:42;3;91;91661;1;1;1;2;AUTOROUTE A10;48,6943200000;2,2317300000
202200010491;7;2;2022;20:00;3;94;94016;1;1;1;2;AUTOROUTE A6A;48,7950700000;2,3443500000
202200010492;1;7;2022;13:45;1;42;42063;1;1;1;6;D64;45,9063000000;4,3121770000
202200010493;8;2;2022;08:15;1;78;78322;1;1;8;6;RN12;48,7872120000;2,1479680000
202200010494;1;7;2022;10:25;1;42;42254;1;4;1;1;Route de Néronde;45,8639770000;4,1941380000
202200010495;7;2;2022;17:50;2;78;78043;1;1;1;2;A12 W;48,8250800000;2,0745100000
202200010496;1;7;2022;15:25;1;68;68098;2;1;1;7;86 Rue Principale;47,5685020000;7,1455980000
202200010497;7;2;2022;14:40;1;78;78238;1;1;1;6;A13;48,9691650000;1,8641300000
202200010498;1;7;2022;14:55;1;25;25157;1;1;1;1;Pk 80 450 - RN 57;46,8222000000;6,3698870000
202200010499;4;2;2022;20:15;5;78;78423;1;1;1;4;RN12;48,7962810000;2,0300550000
202200010500;16;6;2022;15:25;1;29;29241;1;1;1;1;Bourdel-Tremel;47,9736910000; -3,7904760000
202200010501;8;2;2022;21:45;4;95;95582;1;1;1;2;A15;48,9660100000;2,2582600000
202200010502;1;7;2022;12:40;1;29;29184;2;1;1;3;D769;48,5987000000; -3,9355950000
202200010503;8;2;2022;14:15;1;93;93064;1;1;1;7;AUTOROUTE A86;48,8833923869;2,4698693137
202200010504;30;6;2022;19:30;1;29;29062;1;1;1;6;Kroaz Kervenn;48,1724966604; -3,9596529005
202200010505;8;2;2022;08:30;1;95;95060;1;1;1;4;A115;49,0333569892;2,1982473135
202200010506;1;7;2022;07:30;1;29;29260;2;6;1;2;Rue d'Armorique;48,4258549592; -4,6162455082
202200010507;29;6;2022;07:30;1;26;26124;1;1;1;2;route nationale 7;44,8450550000;4,8607980000
202200010508;30;6;2022;23:10;3;58;58110;1;1;1;6;Bois de Montaute;47,1584650000;3,7447930000
202200010509;8;2;2022;07:30;3;92;92036;1;1;1;2;AUTOROUTE A86;48,9385801095;2,3013526425
202200010510;29;6;2022;11:00;1;66;66053;1;1;1;5;;42,5127190000;3,0796430000
202200010511;29;6;2022;15:25;1;72;72262;2;9;1;3;42 Rue Nationale;47,7506030000;0,6211840000
202200010512;30;6;2022;18:15;1;14;14592;1;1;1;3;D36;49,0640676646; -0,5130762643
202200010513;30;6;2022;07:20;1;18;18179;1;1;2;1;;47,1667960000;2,4472110000
202200010514;1;7;2022;05:44;2;10;10254;1;1;1;6;D951;48,5739096710;3,5383272171
202200010515;30;6;2022;23:00;3;36;36127;1;1;1;6;;46,5999620000;1,9997530000
202200010516;30;6;2022;13:37;1;16;16073;2;1;1;1;D674;45,2708620000;0,0361350000
202200010517;29;6;2022;08:40;1;40;40051;1;4;1;3;Route de Gaillères;43,8968471579; -0,3885354996
202200010518;1;7;2022;13:50;1;85;85172;1;4;1;1;23 Chemin des cabanes;46,8074760000; -2,0163330000
202200010519;1;7;2022;07:10;2;85;85172;1;2;7;1;D753;46,8162900000; -1,9996100000
202200010520;1;7;2022;16:30;1;85;85051;1;1;1;1;Le Fief Poulet;46,6509310000; -1,0871740000
202200010521;1;7;2022;18:45;1;27;27579;1;2;1;2;croisement RD 840 et RD 86;49,2408230000;0,9569160000
202200010522;30;6;2022;22:45;3;87;87097;1;6;1;6;RD 951;46,1077630000;0,9052130000
202200010523;1;7;2022;01:50;3;30;30182;1;1;1;1;D999;43,8550510000;4,1817890000
202200010524;16;6;2022;08:05;1;10;10076;1;1;1;1;Autoroute A5;48,1305254524;4,6648091440
202200010525;19;6;2022;22:45;5;973;97307;2;1;1;1;Matoury;4,8770080000; -52,3372360000
202200010526;23;6;2022;11:00;1;06;06152;1;6;2;7;rond-point des bouillides;43,6166750000;7,0382290000
202200010527;1;7;2022;14:50;1;06;06149;1;1;1;7;A500;43,7463090000;7,3799320000
202200010528;29;6;2022;16:30;1;69;69127;2;6;1;2;Avenue des Alpes;45,7834390000;4,7131880000
202200010529;1;7;2022;04:40;3;30;30189;1;1;1;5;;43,8135800000;4,3582090000
202200010530;1;7;2022;21:30;2;27;27249;1;1;1;7;a13 pk 88.300;49,1762050000;1,2438580000
202200010531;30;6;2022;16:15;1;91;91047;1;1;8;3;D191;48,5038250000;2,3721030000
202200010532;1;7;2022;14:00;1;91;91386;2;1;1;5;52 Boulevard Charles de Gaulle;48,5648400000;2,4368460000
202200010533;29;6;2022;15:05;1;83;83035;1;9;1;2;2006 Avenue des Cigales;43,1821390000;5,7772680000
202200010534;1;7;2022;08:20;1;83;83107;2;3;1;3;Route du Col du Bougnon;43,3610950000;6,6733570000
202200010535;1;7;2022;15:40;1;13;13067;1;1;1;1;D24B route Eygalières;43,7810290000;5,0118470000
202200010536;11;6;2022;10:30;1;13;13074;1;1;1;2;D561;43,6456193534;5,5943584442
202200010537;29;6;2022;19:50;2;21;21487;1;3;7;1;Pluvet;47,2148425737;5,2652807235
202200010538;30;6;2022;23:30;3;03;03200;1;1;1;6;route de Bourbon;46,5710980000;3,2763720000
202200010539;27;6;2022;18:00;1;73;73072;1;1;2;7;D25;45,5129403206;6,2058079541
202200010540;30;6;2022;21:40;2;42;42121;1;1;3;6;Route de Lérigneux;45,6019310000;3,9537690000
202200010541;30;6;2022;15:35;1;38;38320;1;1;8;2;D1075;45,8528720000;5,4049840000
202200010542;30;6;2022;09:00;1;26;26235;1;1;1;3;rond point Volvey - CD 59;44,3597850000;4,7077610000
202200010543;1;7;2022;12:05;1;32;32368;1;1;1;1;route departementale 177;43,7574680000;0,6165750000
202200010544;29;6;2022;19:15;1;32;32091;1;1;1;6;rd930;43,6872550000;0,5241890000
202200010545;1;7;2022;11:00;1;33;33297;2;1;1;6;Avenue du Médoc;45,0449040000; -0,7971200000
202200010546;3;8;2022;07:30;1;21;21223;1;1;1;6;M971 pr 7.650 sens DAROIS, DIJON;47,3696059573;4,9622626975
202200010547;1;8;2022;09:50;1;37;37104;1;1;1;6;Autoroute A85;47,3136900000;0,7605460000
202200010548;1;8;2022;07:00;1;91;91272;1;1;1;7;D128;48,7104540000;2,1567430000
202200010549;2;8;2022;17:55;1;51;51437;1;1;1;7;D227;49,2204040000;3,8218770000
202200010550;2;8;2022;16:35;1;19;19269;1;7;1;6;Les Bariousses;45,5605560000;1,8158070000
202200010551;2;8;2022;13:30;1;56;56179;1;1;1;1;Kersamedy;47,8087380000; -3,4045710000
202200010552;3;8;2022;11:14;1;56;56184;2;2;1;3;Rue des Coquelicots;47,6691160000; -2,4464960000
202200010553;3;8;2022;15:10;1;80;80466;1;2;1;3;D118;50,0961510000;2,1476340000
202200010554;3;8;2022;11:25;1;82;82005;1;1;1;6;212 Route de Grenade;43,7985710000;1,2223420000
202200010555;3;8;2022;11:30;1;65;65329;1;1;1;7;vallée de nistos;43,0031490000;0,4644170000
202200010556;3;8;2022;13:15;1;63;63155;1;1;1;7;Le Pialoux;45,6975648719;3,4429129958
202200010557;3;8;2022;16:00;1;61;61145;2;1;7;6;Rue de la Gare;48,5906690000; -0,6527310000
202200010558;2;8;2022;17:55;1;01;01022;1;4;1;3;D904;45,8644440000;5,6863150000
202200010559;1;8;2022;09:10;1;41;41180;2;3;1;3;Route de Thenay;47,3914100000;1,2555900000
202200010560;3;8;2022;10:15;1;86;86225;1;2;1;2;D15 - PK 13;46,8255160000;0,1093380000
202200010561;2;8;2022;14:30;1;39;39138;1;3;1;2;;46,9916790000;5,3362070000
202200010562;3;8;2022;17:00;1;39;39397;1;4;1;1;;46,4920400000;5,6569080000
202200010563;3;8;2022;08:10;1;25;25287;2;1;1;6;Route de la Belle Etoile;47,2103710000;5,9153440000
202200010564;3;8;2022;02:30;3;35;35099;1;1;1;6;D 463;48,0649297355; -1,5617617965
202200010565;2;8;2022;21:40;2;29;29165;1;1;1;6;Lieu Dit Trevule;47,8391650000; -4,2465430000
202200010566;3;8;2022;06:10;2;31;31049;1;1;1;7;Route de Montjoire;43,7372010000;1,5192300000
202200010567;2;8;2022;21:45;2;02;02057;2;4;1;7;20 Rue Gabriel Hanoteaux;49,9995980000;3,3082850000
202200010568;3;8;2022;01:05;3;02;02382;1;1;1;2;D1029;49,8658330000;3,2078740000
202200010569;27;7;2022;15:20;1;26;26248;1;1;1;7;D93;44,7307790000;5,2670860000
202200010570;3;8;2022;08:20;1;66;66167;1;1;1;1;;42,4679500120;2,0355606000
202200010571;1;8;2022;20:00;2;06;06072;1;1;1;6;M 2205;44,0178180000;7,1315000000
202200010572;3;8;2022;19:15;1;60;60393;1;1;1;1;Route de Clermont;49,2809360000;2,3736160000
202200010573;30;7;2022;14:00;1;60;60567;2;1;1;3;route nationale 31;49,4368439850;1,8987700939
202200010574;2;8;2022;12:45;1;24;24199;1;2;1;3;intersection D100 - RD 708;45,4158840000;0,3916940000
202200010575;17;5;2022;18:40;1;37;37132;2;1;1;6;15 rue du cotillon blanc;47,1248810000;0,9872510000
202200010576;2;8;2022;09:05;1;30;30263;2;3;1;6;;43,9616000000;3,8568000000
202200010577;3;8;2022;14:00;1;48;48129;1;1;7;6;Les Combelles;44,7212300000;3,7812040000
202200010578;2;8;2022;21:45;2;52;52535;1;1;1;6;;48,1157260000;5,0595260000
202200010579;2;8;2022;12:10;1;42;42130;1;1;1;2;A72;45,6696050000;4,1583250000
202200010580;2;8;2022;17:30;1;74;74169;1;1;7;6;Route du Mont Saxonnex;46,0561050000;6,5143080000
202200010581;1;8;2022;11:00;1;22;22044;1;1;1;2;RN12;48,4760300000; -2,5825600000
202200010582;1;8;2022;10:00;1;68;68278;2;3;1;2;Rue de l Île Napoléon;47,7621260000;7,3970930000
202200010583;2;8;2022;12:30;1;987;98729;2;3;1;7;RT 91 - PK 9.5 PAOPAO; -17,5770000000; -150,2020000000
202200010584;23;6;2022;12:15;1;66;66023;2;2;1;3;D16 / route de la MELBA;42,6541300000;2,5866100000
202200010585;3;8;2022;00:00;3;66;66017;1;1;1;2;;42,8063120000;3,0311120000
202200010586;3;8;2022;08:00;1;34;34183;1;2;1;7;D609 Peries;43,2735180000;3,0780820000
202200010587;3;8;2022;19:30;1;83;83068;1;1;1;3;Route de Sainte Maxime;43,2754670000;6,5447670000
202200010588;2;8;2022;12:05;1;83;83023;1;1;1;5;;43,4141780000;6,0507680000
202200010589;2;8;2022;07:28;1;13;13110;1;1;7;2;Route de Saint-Maximin;43,4654690000;5,7289410000
202200010590;3;8;2022;17:30;1;89;89035;1;1;1;6;D84;48,0584630000;3,5955550000
202200010591;2;8;2022;10:42;1;71;71192;1;9;1;3;"Lieu dit ""la Chazée""";46,8439610000;4,1952860000
202200010592;2;8;2022;14:28;1;88;88531;1;4;1;6;d34d;48,0499290000;6,9870690000
202200010593;2;8;2022;11:40;1;42;42147;2;1;1;6;18 Boulevard Lachèze;45,6048850000;4,0658910000
202200010594;2;8;2022;19:15;1;38;38478;1;1;7;7;Fôret de Premol (Informations);45,0909440000;5,8550260000
202200010595;3;8;2022;12:55;1;69;69291;1;3;1;3;10 Montée du Carton;45,6353350000;4,8593100000
202200010596;2;8;2022;20:00;1;40;40244;1;3;1;3;D13;43,6847880000; -1,1719320000
202200010597;21;3;2022;07:40;1;33;33273;2;1;1;3;Avenue du 18 juin 1940;44,8417183173; -0,7750350237
202200010598;3;8;2022;15:20;1;61;61228;1;9;1;2;D2;48,5289830000; -0,0560690000
202200010599;2;8;2022;09:00;1;60;60141;2;2;7;6;2 rue des potagers;49,1945540000;2,4760240000
202200010600;2;8;2022;12:40;1;60;60139;1;1;1;4;D1001;49,1768740000;2,2332380000
202200010601;2;8;2022;14:40;1;02;02381;2;9;1;2;17bis Place Emile Villemant;49,9242770000;4,0795270000
202200010602;3;8;2022;13:05;1;80;80110;1;6;1;7;Rue de Saint-Valery;50,1714290000;1,6493870000
202200010603;3;8;2022;13:45;1;62;62751;1;1;1;6;A16;50,8773960000;1,7490850000
202200010604;23;7;2022;04:40;3;59;59440;1;1;1;6;D449;50,2907410000;3,3874960000
202200010605;2;8;2022;17:30;1;33;33122;1;1;1;4;AUTOROUTE A 63;44,7301090000; -0,7265000000
202200010606;2;8;2022;10:25;1;92;92002;1;1;1;2;RN 385 Extèrieure;48,7605590889;2,2843458463
202200010607;2;8;2022;08:30;1;91;91617;1;1;1;2;RN 104;48,6319300000;2,5071800000
202200010608;1;8;2022;11:25;1;91;91103;1;1;1;7;RN 104;48,6251400000;2,3027500000
202200010609;31;7;2022;07:17;2;92;92064;1;1;1;6;A13;48,8424553232;2,2221676172
202200010610;2;8;2022;14:15;1;95;95277;1;1;1;2; A3;48,9707616410;2,4837791920
202200010611;2;8;2022;11:50;1;93;93027;1;1;1;7;AUTOROUTE A86;48,9284112588;2,4157726764
202200010612;2;8;2022;08:45;1;93;93053;1;1;1;2;AUTOROUTE A3;48,9006900000;2,4700900000
202200010613;1;8;2022;15:30;1;94;94017;1;1;1;6;A4;48,8301463257;2,4891312295
202200010614;1;8;2022;10:10;1;94;94017;1;1;1;4;A4;48,8276988218;2,5065179704
202200010615;31;7;2022;22:40;5;987;98735;2;1;1;3;FARE UTE; -17,5306520000; -149,5681500000
202200010616;1;8;2022;08:45;1;976;97611;2;1;1;6;cavani-Cavani (route de); -12,7821900000;45,2219000000
202200010617;1;8;2022;17:45;1;69;69383;2;2;1;3;Rue de la Bannière;45,7549700000;4,8559900000
202200010618;1;8;2022;15:40;1;69;69388;2;1;1;4;Rue Marius Berliet;45,7411000000;4,8623600000
202200010619;31;7;2022;04:12;5;972;97213;1;1;1;7;ROUTE DEPARTEMENTALE 3;14,6252740000; -61,0247150000
202200010620;30;7;2022;21:00;5;972;97213;2;1;1;6;ROUTE DEPARTEMENTALE 14;14,6227500000; -61,0190390000
202200010621;1;8;2022;08:47;1;69;69149;2;4;1;6;Grande Rue;45,7174000000;4,8096000000
202200010622;1;8;2022;13:55;1;2B;2B037;1;1;1;2;TOUTES RUES;42,5941130000;9,4389700000
202200010623;1;8;2022;18:35;1;2A;2A004;2;1;1;3;MEZZAVIA ROUTE DE;41,9485800000;8,7660100000
202200010624;1;8;2022;08:00;1;91;91589;2;1;1;2;CD 257;48,6877180000;2,3564510000
202200010625;31;7;2022;12:35;1;87;87085;1;1;1;6;AUTOROUTE A20;45,8376000000;1,2827000000
202200010626;30;7;2022;21:30;2;87;87085;2;3;1;2;PONT NEUF;45,8259900000;1,2681800000
202200010627;1;8;2022;09:15;1;83;83137;2;1;1;6;PRUNEAU (AVE GENERAL);43,1210298602;5,9557271004
202200010628;30;7;2022;19:55;1;81;81004;1;3;1;1;MILLAU (RTE DE) DU N° 32 A LA FIN;43,9269470000;2,2015330000
202200010629;15;6;2022;07:42;1;79;79259;2;1;7;3;6 Route du Canton de Juillet;46,9599990000; -0,2093400000
202200010630;1;8;2022;13:30;1;78;78624;1;9;1;1;CALIFORNIE CHEMIN DE LA;48,9544900000;2,0200700000
202200010631;1;8;2022;20:10;2;76;76212;2;2;1;3;Rue Pierre Lefebvre;49,4379900000;1,1473700000
202200010632;31;7;2022;12:50;1;76;76351;2;1;2;6;CHANTIERS (DES);49,4797000000;0,1624600000
202200010633;1;8;2022;02:35;5;74;74012;2;6;1;2;EUROPE (AVENUE DE L');46,1806100000;6,2354300000
202200010634;1;8;2022;18:05;1;74;74010;2;1;1;6;MAQUIS (CHEMIN DU);45,9207400000;6,1329700000
202200010635;1;8;2022;00:05;5;73;73011;2;2;1;1;D990 / CHAUTEMPS;45,6746403198;6,3878026354
202200010636;1;8;2022;11:15;1;69;69266;2;2;1;1;Rue Anatole France;45,7694300000;4,8872100000
202200010637;31;7;2022;14:00;1;67;67482;2;1;1;6;COMTES (ALLEE DES);48,5836800000;7,7146800000
202200010638;31;7;2022;07:02;1;67;67447;2;1;1;6;DE LATTRE DE TASSIGNY (RUE);48,6081200000;7,7419900000
202200010639;25;9;2022;19:50;5;67;67482;2;4;1;3;PRESIDENT WILSON (BOULEVARD);48,5895900000;7,7409400000
202200010640;1;8;2022;14:05;1;64;64483;2;3;1;3;CHANTACO (AVENUE DE );43,3861373120; -1,6530749202
202200010641;31;7;2022;05:20;3;64;64335;1;1;1;6;SAULT DE NAVAILLES DE;43,3565700000; -0,4417500000
202200010642;1;8;2022;13:30;1;64;64102;2;1;1;3;Avenue Maréchal Soult;43,4835200000; -1,5009500000
202200010643;29;7;2022;18:29;1;63;63113;2;1;1;3;JACQUARD (RUE);45,7913850234;3,0783482194
202200010644;29;7;2022;17:48;1;63;63113;2;1;1;2;CARNOT (AVENUE);45,7762800000;3,0915000000
202200010645;26;6;2022;09:10;1;62;62510;2;3;1;3;LECLERC (AV DU MARECHAL);50,4224200000;2,7757700000
202200010646;1;8;2022;11:40;1;60;60057;2;9;1;3;69 Rue d'Amiens;49,4427885462;2,0915133315
202200010647;1;8;2022;21:50;1;59;59350;1;1;1;6;PERENCHIES RUE DE;50,6549426211;2,9996068776
202200010648;16;7;2022;20:20;1;59;59350;2;1;1;6;LANNOY RUE;50,6341597181;3,0965289473
202200010649;31;7;2022;08:15;2;59;59527;2;3;1;6;RESISTANCE AVENUE DE LA;50,6588300000;3,0434900000
202200010650;1;8;2022;19:25;1;42;42183;2;1;1;1;Route de Caintin;45,4126100000;4,3712600000
202200010651;29;7;2022;12:00;1;29;29019;2;6;1;2;avenue Georges Pompidou;48,4139460000; -4,4795530000
202200010652;1;8;2022;07:10;1;17;17291;1;1;7;4;N11;46,1727500000; -1,1181700000
202200010653;1;8;2022;08:15;1;13;13019;2;1;1;1;AVENUE MARCEL MATTEODA;43,4606600000;5,3714500000
202200010654;1;8;2022;15:30;1;13;13214;2;2;1;3;SAINTE MARTHE (chemin);43,3292723947;5,3880379884
202200010655;1;8;2022;10:40;1;13;13028;2;2;1;2;BAGUIER (AVENUE DU);43,1908000000;5,6408600000
202200010656;1;8;2022;16:45;1;06;06069;2;1;1;2;DUVAL (AVENUE MATHIAS);43,6543540000;6,9209230000
202200010657;30;7;2022;12:25;1;05;05023;1;1;1;4;GAP (ROUTE DE   RN94);44,8702100000;6,6049300000
202200010658;1;8;2022;14:50;1;75;75120;2;1;1;7;PORTE DE BAGNOLET;48,8653170000;2,4124090000
202200010659;1;8;2022;06:00;2;75;75117;2;4;1;6;PORTE DE CHAMPERRET;48,8883929461;2,2923821211
202200010660;31;7;2022;17:10;1;75;75119;2;1;1;5;PORTE DES LILAS;48,8821140000;2,4016940000
202200010661;27;7;2022;01:50;5;75;75117;2;3;1;6;RUE JACQUEMONT;48,8879330000;2,3227090000
202200010662;1;8;2022;22:15;5;75;75113;2;1;1;6;RUE DE TOLBIAC;48,8294680000;2,3747490000
202200010663;1;8;2022;02:50;5;75;75112;2;7;1;6;PLACE EDOUARD RENARD;48,8349410000;2,4082290000
202200010664;31;7;2022;23:45;5;75;75110;2;2;1;3;QUAI DE JEMMAPES;48,8710270000;2,3659080000
202200010665;1;8;2022;12:00;1;94;94076;2;2;1;3;REPUBLIQUE (AV DE LA);48,7884900000;2,3616900000
202200010666;1;8;2022;12:37;1;93;93066;2;2;1;3;Avenue de la Métallurgie / Rue de l'Encyclopédie;48,9092200000;2,3624200000
202200010667;1;8;2022;09:45;1;93;93064;2;5;1;6;Avenue de la République / Rue du Général Gallièni;48,8722292801;2,4851587246
202200010668;1;8;2022;19:45;1;93;93049;2;2;1;3;Avenue Carnot / Rue Gabriel Péri;48,8643300000;2,5032800000
202200010669;1;8;2022;09:23;1;93;93031;2;1;1;3;DIX HUIT JUIN 1940 (AVENUE DU);48,9528841632;2,3074415854
202200010670;1;8;2022;09:05;1;92;92051;2;9;1;3;ACHILLE PERETTI (AVENUE, N° 90 A 96 ET 9;48,8841700000;2,2703200000
202200010671;1;8;2022;12:55;1;92;92012;2;7;1;6;JEAN JAURES (BOULEVARD) 63/215 - 70/208;48,8335069184;2,2436034679
202200010672;31;7;2022;14:30;1;92;92002;2;1;1;1;BACONNETS (RUE DES);48,7396000000;2,2951300000
202200010673;1;8;2022;14:50;1;17;17407;1;2;7;2;Route des Pierrieres;46,1715130000; -1,0038440000
202200010674;2;8;2022;10:50;1;84;84126;1;1;1;3;CD 977;44,2205230000;5,0076410000
202200010675;1;8;2022;07:10;1;59;59016;2;3;1;3;Rue du Lac;50,9966540000;2,3352060000
202200010676;1;8;2022;22:50;3;44;44195;1;1;1;2;N165;47,3549800000; -1,8891300000
202200010677;1;8;2022;11:50;1;24;24029;1;1;1;3;Autoroute A 89 - PK 73+200;45,0052970000;0,2635650000
202200010678;31;7;2022;07:15;1;57;57321;2;1;1;6;22 Rue des Vosges;48,6958120000;7,0461900000
202200010679;1;8;2022;16:30;1;51;51412;1;1;1;1;D5;48,6950065946;3,8913595676
202200010680;20;11;2022;19:50;3;53;53127;1;3;2;3;lieu dit villeneuve;48,4512790000; -0,4620050000
202200010681;2;8;2022;18:45;1;74;74223;1;1;1;1;D4;46,0955830000;6,6079730000
202200010682;2;8;2022;09:40;1;79;79061;1;2;1;3;;46,2524530000; -0,1979520000
202200010683;21;11;2022;07:10;2;04;04116;1;1;8;6;RD4 - La Roberte;44,0350940000;5,9884450000
202200010684;30;7;2022;18:45;1;2A;2A330;1;3;7;3;RT 20;42,0595770000;8,9661020000
202200010685;1;8;2022;22:15;5;65;65283;1;3;1;6;D618;42,8087850000;0,4213660000
202200010686;2;8;2022;04:45;3;11;11084;1;1;1;1;Samary;43,2119560000;2,2565000000
202200010687;13;7;2022;12:25;1;35;35263;1;3;1;5;La Croix de l Etang;48,6805020000; -1,9342540000
202200010688;21;11;2022;17:50;3;17;17292;1;1;3;5;D739;45,9624530000; -0,7599230000
202200010689;1;8;2022;17:30;1;29;29240;1;1;1;4;D791 - Pont de Terenez;48,2738320000; -4,2659890000
202200010690;20;11;2022;20:00;3;48;48017;1;1;2;6;rd 809;44,4095970000;3,1625180000
202200010691;1;8;2022;22:50;5;29;29072;2;3;1;2;Rue Danielle Casanova;47,7965866027; -4,2842438221
202200010692;21;11;2022;09:55;1;88;88304;1;1;8;7;D10;48,3045320000;6,1518500000
202200010693;1;8;2022;18:40;1;29;29171;1;1;1;4;Route du Guilvinec;47,8175510000; -4,2864670000
202200010694;26;7;2022;15:40;1;29;29072;2;1;1;6;Quai d Estienne d Orves;47,7931790000; -4,2856980000
202200010695;20;11;2022;21:40;3;973;97307;1;1;1;2;Route de Stoupan;4,7951600000; -52,3584800000
202200010696;2;8;2022;16:00;1;38;38495;1;1;1;1;D71;45,1160400000;5,2748110000
202200010697;21;11;2022;09:10;1;78;78455;2;1;2;3;11 Chemin des Princes;48,8407010000;2,0670890000
202200010698;16;11;2022;09:00;1;01;01355;1;1;1;6;A40, pk 188+300, sens MACON;46,2715750000;5,0200490000
202200010699;30;7;2022;11:35;1;70;70093;1;3;1;3;D317;47,7927480000;6,3167340000
202200010700;30;7;2022;00:55;5;60;60471;2;1;1;7;Boulevard Charlemagne;49,5806284326;3,0233838558
202200010701;20;11;2022;19:00;3;34;34116;1;1;1;2;M986;43,6549690000;3,8346020000
202200010702;31;7;2022;21:00;2;73;73233;1;1;1;7;D1006;45,4831270000;5,7216420000
202200010703;2;8;2022;13:45;1;43;43241;1;3;1;2;Route nationale n°88, lieu-dit Montagnac;44,9602850000;3,8451080000
202200010704;21;11;2022;07:50;2;69;69244;2;3;2;3;24 Rue de la Pépinière;45,7667090000;4,7846210000
202200010705;2;8;2022;10:50;1;53;53003;1;1;1;1;la métairie;48,4139010000; -0,6639490000
202200010706;21;11;2022;06:00;3;06;06161;1;1;1;1;autoroute A8 PK 176.500 direction Nice;43,6266790000;7,1164160000
202200010707;14;6;2022;17:15;1;53;53062;1;2;1;3;La Grande Tuilerie;47,8190620000; -0,7697080000
202200010708;20;11;2022;20:20;3;83;83116;1;1;1;6;autoroute A8, PK 056.950, direction AIX EN PROVENCE;43,4569060000;5,8719350000
202200010709;1;8;2022;13:55;1;24;24547;2;9;1;3;avenue Victor Hugo;45,1316780000;1,2798350000
202200010710;21;11;2022;06:50;3;45;45281;1;1;8;6;A6 PR 105 + 100;48,0900562458;3,0387283957
202200010711;1;8;2022;15:45;1;85;85193;1;1;1;6;RD19;46,5293400000; -1,2975560000
202200010712;1;8;2022;19:00;1;23;23254;1;1;1;7;;46,2748987493;2,2453308105
202200010713;19;11;2022;21:00;3;973;97303;1;1;1;7;RN1 - PK 153;5,4808270000; -53,2681670000
202200010714;1;8;2022;15:33;1;37;37279;1;1;1;1;D959;47,5574730000;0,3043450000
202200010715;20;11;2022;13:15;1;29;29233;2;1;1;2;23 Rue d'Arzano;47,8692944508; -3,5357615946
202200010716;2;8;2022;10:30;1;30;30341;2;6;1;2;Route de Nimes;43,7070310000;4,2673840000
202200010717;2;8;2022;19:55;1;30;30346;1;1;1;1;D981;43,9679090000;4,5056180000
202200010718;16;11;2022;15:25;1;29;29233;2;1;3;4;Rue de Pont-aven;47,8717090000; -3,5607290000
202200010719;1;8;2022;19:15;1;77;77295;1;1;1;6;Autoroute A5 PK8+700 sens PROVINCE vers PARIS;48,5755000000;2,7462820000
202200010720;20;11;2022;11:50;1;45;45305;1;1;2;6;Route des Brulesses;47,9662070000;2,2824310000
202200010721;18;7;2022;17:05;1;13;13118;1;6;1;2;Le Moulin du Pont;43,5425520000;5,2593130000
202200010722;31;7;2022;21:55;3;34;34116;1;1;1;7;D127E3;43,6583250000;3,8250660000
202200010723;2;8;2022;09:45;1;21;21475;1;1;1;6;A36 PK 194.100 SENS MULHOUSE / BEAUNE;47,0344320756;5,1936291046
202200010724;21;11;2022;07:00;2;06;06099;1;1;5;1;D6202;43,9518140000;6,8768740000
202200010725;30;7;2022;04:15;3;987;98714;2;1;1;6;quartier faanui; -16,3880000000; -151,7650000000
202200010726;28;7;2022;16:40;1;971;97106;2;1;1;1;Rue Sylvere Lesueur;16,1458210000; -61,7650520000
202200010727;1;8;2022;21:15;3;77;77176;1;1;1;6;D216;48,8039060000;3,0016710000
202200010728;2;8;2022;17:00;1;2A;2A247;2;1;1;1;D368;41,6034100000;9,2669030000
202200010729;2;8;2022;09:10;1;66;66140;2;1;1;6;;42,6960770000;2,7702930000
202200010730;21;11;2022;07:30;2;01;01275;2;1;8;5;142 Route de Genève;45,8122360000;4,9285670000
202200010731;2;8;2022;20:20;1;84;84054;2;1;1;6;595 Route de Saumane;43,9278240000;5,0716120000
202200010732;2;8;2022;14:45;1;06;06078;1;1;1;2;D6102;43,9041080000;7,1873550000