Num_Acc;jour;mois;an;hrmn;lum;dep;com;agg;int;atm;col;adr;lat;long
202200010733;20;11;2022;21:15;5;33;33051;2;1;1;1;avenue de l'europe;44,6408270000; -0,9523770000
202200010734;2;8;2022;08:00;1;05;05065;2;6;1;3;rond point du serre;44,6579390000;6,6449370000
202200010735;20;11;2022;19:30;3;85;85189;1;1;1;1;Route des sables;46,7458600000; -1,8702940000
202200010736;2;8;2022;05:20;3;26;26072;1;1;1;2;A7;45,1198773684;4,8954568880
202200010737;7;7;2022;20:15;1;67;67286;1;1;1;3;RD426;48,4498450000;7,5700520000
202200010738;20;11;2022;22:50;3;22;22136;1;2;2;3;Piste cyclable;48,1783560000; -2,7786130000
202200010739;31;7;2022;06:50;2;57;57206;2;3;1;6;84 Avenue Jeanne d Arc;49,2982000000;6,1098790000
202200010740;2;8;2022;11:30;1;57;57069;1;1;1;1;D63b;49,2705039984;6,6389594572
202200010741;20;11;2022;00:20;3;13;13070;1;1;1;7;A50-Sens Marseille vers Aubagne;43,2852690000;5,5150970000
202200010742;31;7;2022;11:00;1;73;73290;1;3;1;3;D1006 - 74 Route du Fonder;45,2663470000;6,8132720000
202200010743;18;11;2022;21:10;3;69;69152;1;1;2;2;Route de Métropole 7;45,7059100000;4,8323700000
202200010744;1;8;2022;14:45;1;73;73232;1;1;1;3;D902;45,5466310000;6,9074580000
202200010745;31;7;2022;07:00;2;38;38498;1;1;1;6;Route de Biol;45,5317110000;5,3180270000
202200010746;31;5;2022;12:45;1;13;13062;1;2;1;3;D8;43,4169490000;5,5172400000
202200010747;18;11;2022;23:00;3;69;69297;1;1;2;2;Autoroute 7;45,6020700000;4,7971100000
202200010748;2;8;2022;17:20;1;26;26116;2;1;1;1;Route Nationale 7;44,4340560000;4,7152050000
202200010749;1;6;2022;17:40;1;25;25350;2;1;1;6;28 Rue de Beausoleil;47,4688946789;6,6959376633
202200010750;1;8;2022;13:00;1;14;14258;1;6;1;2;D658;48,9066680000; -0,2064174414
202200010751;31;5;2022;07:15;1;25;25048;2;3;1;3;41 rue des cerisiers;47,4801170000;6,7176510000
202200010752;30;7;2022;12:15;1;35;35031;2;1;1;3;Rue Théophile Remond;48,1837970000; -1,4362480000
202200010753;1;6;2022;09:15;1;38;38087;1;1;1;3;Route de la Moille;45,5890520000;4,8071030000
202200010754;2;8;2022;17:20;1;27;27022;2;1;7;3;D316;49,1702150000;1,3499770000
202200010755;15;11;2022;18:25;3;42;42218;1;1;8;4;A72;45,4588300000;4,4065500000
202200010756;1;6;2022;16:00;1;69;69116;2;3;1;6;Route Départementale 306;45,8073060000;4,7804500000
202200010757;20;11;2022;13:03;1;91;91521;1;1;2;7;RN 449;48,6350000000;2,4010000000
202200010758;1;8;2022;10:00;1;33;33192;1;1;1;2;AUTOROUTE A 63;44,7804900000; -0,6385700000
202200010759;1;6;2022;08:00;1;81;81099;1;1;1;1;55, Avenue Gustave Eiffel;43,9255320000;1,9218130000
202200010760;1;6;2022;06:00;1;31;31420;1;1;1;7;D820;43,4962526047;1,3897005326
202200010761;20;11;2022;15:04;1;92;92036;1;1;2;6;A15 ;48,9380200000;2,2999500000
202200010762;1;8;2022;07:35;1;92;92012;1;1;1;5;A13;48,8484056577;2,2377362841
202200010763;23;5;2022;17:15;1;17;17064;2;6;1;3;Route du Magarin;45,6978400000; -1,0512970000
202200010764;1;8;2022;15:00;1;93;93053;1;1;1;2;AUTOROUTE A3;48,8800996140;2,4509841307
202200010765;31;5;2022;14:30;1;22;22213;1;1;1;7;La Rusais;48,5152260000; -2,0189740000
202200010766;20;11;2022;12:25;1;92;92047;1;1;2;2;A13;48,8323157105;2,1543841825
202200010767;1;8;2022;11:00;1;94;94017;1;1;1;3;A4;48,8268960991;2,5128994984
202200010768;31;5;2022;09:00;1;974;97416;1;9;1;3;L'ENTRE DEUX(ROUTE DE); -21,3000000000;55,4350000000
202200010769;19;11;2022;20:15;3;92;92064;1;1;2;4;A13;48,8377471332;2,1898883645
202200010770;20;11;2022;07:00;3;78;78402;1;1;1;6;A13;48,9649000000;1,8014800000
202200010771;30;7;2022;17:10;2;974;97416;2;1;1;5;RN02; -21,3483700000;55,5014900000
202200010772;30;5;2022;10:00;1;974;97411;2;1;1;3;TOPAZES(ALLEE DES); -20,9014400000;55,4436400000
202200010773;20;11;2022;14:00;1;95;95572;1;1;2;6; A15;49,0336115249;2,1043758974
202200010774;31;5;2022;19:00;1;69;69199;1;1;1;6;Boulevard Pierre Sémard;45,6949650220;4,8446871321
202200010775;20;11;2022;02:32;5;93;93066;1;1;1;6;AUTOROUTE A1;48,9045700000;2,3586000000
202200010776;31;5;2022;13:50;1;69;69386;2;3;2;3;Cours Lafayette;45,7637500000;4,8686100000
202200010777;19;11;2022;21:20;4;93;93078;1;1;9;6;AUTOROUTE A104;48,9630043555;2,5223972297
202200010778;31;5;2022;11:30;1;972;97213;2;1;1;6;BOIS CARRE (RUE DU);14,6330900000; -60,9934400000
202200010779;19;11;2022;19:45;3;93;93010;1;1;1;2;AUTOROUTE A3;48,9145497516;2,4773225411
202200010780;31;5;2022;18:25;1;69;69389;2;1;1;3;Pont Georges Clémenceau;45,7748400000;4,8093900000
202200010781;31;5;2022;17:00;1;69;69034;2;1;2;6;11 Cours Aristide Briand;45,7805743791;4,8420529068
202200010782;18;11;2022;17:30;3;92;92036;1;1;2;2;AUTOROUTE A15;48,9436471157;2,2877561673
202200010783;10;6;2022;18:03;1;91;91174;2;1;1;6;BD HENRI DUNANT;48,5966400000;2,4791400000
202200010784;31;5;2022;08:50;1;69;69152;2;1;2;3;60-62 Chemin d'Yvours;45,6971400000;4,8319000000
202200010785;23;8;2022;09:55;1;22;22360;2;1;1;6;FAUVETTES (RUE DES);48,4898740000; -2,7433310000
202200010786;31;5;2022;17:00;1;971;97113;1;9;1;4;Blanchard;16,2210200000; -61,5214400000
202200010787;23;7;2022;09:20;1;22;22106;2;2;1;3;CHAMPS BIGNON (RUE DES);48,5003970000; -2,7235990000
202200010788;31;5;2022;08:00;1;91;91691;2;3;1;3;GOURGAUD(AVENUE);48,7324720000;2,5120670000
202200010789;21;7;2022;13:50;1;22;22360;1;1;1;2;RD700;48,4850500000; -2,7650700000
202200010790;30;5;2022;11:25;1;91;91421;2;9;1;6;REPUBLIQUE (AVENUE DE LA);48,7030300000;2,4625900000
202200010791;23;11;2022;14:00;1;988;98818;2;2;1;3;RUE EDOUARD UNGER/RUE GEORGES CLEMENCEAU; -22,2657400000;166,4412800000
202200010792;31;5;2022;17:30;1;91;91589;2;2;1;3;RUE DE LA VOIE VERTE;48,6828540000;2,3348600000
202200010793;19;11;2022;05:18;1;988;98818;2;1;1;3;PROMENADE ROGER LAROQUE; -22,3034700000;166,4464800000
202200010794;18;11;2022;07:30;1;976;97611;2;1;1;6;mamoudzou centre-Pasky ( rue ); -12,7806300000;45,2293600000
202200010795;31;5;2022;13:30;1;91;91589;2;2;1;3;AV GUYNEMER;48,6997321882;2,3573827744
202200010796;18;3;2022;00:45;3;78;78490;1;1;1;2;RN12 EXT;48,8015700000;1,9492000000
202200010797;18;11;2022;09:55;1;974;97416;2;1;1;3;HOARAU (CHEMIN EMMANUEL); -21,3036600000;55,4634000000
202200010798;27;5;2022;22:35;5;87;87085;2;2;1;3;SAINT MARTIAL (QUAI);45,8211800000;1,2630000000
202200010799;18;11;2022;15:40;1;974;97411;2;1;1;7;VIGIE (CHEMIN DE LA); -20,8840800000;55,4277100000
202200010800;17;3;2022;22:20;5;33;33063;2;3;1;6;Rue Charles Martin;44,8728500000; -0,5466800000
202200010801;19;11;2022;12:55;1;974;97407;2;1;1;3;20 DECEMBRE 1948(AVENUE DU); -20,9368600000;55,3004600000
202200010802;30;5;2022;17:33;1;87;87085;2;1;1;6;RHIN ET DANUBE (RUE);45,8840000000;1,2945400000
202200010803;18;11;2022;14:20;1;974;97407;1;1;1;7;BOUVET (AVENUE); -20,9514500000;55,2989500000
202200010804;16;3;2022;06:47;2;77;77445;2;3;1;6;CURIE (AVENUE PIERRE ET MARIE);48,6049300000;2,5693700000
202200010805;31;5;2022;10:00;1;83;83129;2;1;1;3;JUIN MARECHAL (AV DU);43,0937000000;5,8453800000
202200010806;18;11;2022;17:30;1;973;97302;2;3;1;1;BADUEL (ROUTE DE);4,9307900000; -52,3054900000
202200010807;21;5;2022;22:10;5;83;83069;1;6;1;7;PIERREFEU (ROUTE DE) RD 12;43,1724160411;6,1180779934
202200010808;14;3;2022;18:00;1;50;50502;2;3;1;3;Rue de la Varroquière;49,1098664000; -1,0847059000
202200010809;18;11;2022;15:49;1;973;97302;2;1;1;6;BADUEL (ROUTE DE);4,9306000000; -52,3056400000
202200010810;17;11;2022;13:25;1;973;97302;2;1;1;6;MADELEINE (ROUTE DE LA);4,9174400000; -52,3214000000
202200010811;25;5;2022;18:15;1;80;80021;2;1;1;3;DOULLENS (RUE DE);49,9037200000;2,3071700000
202200010812;10;3;2022;22:50;3;70;70550;1;1;1;6;R.N. 19;47,6387700000;6,1501370000
202200010813;21;4;2022;14:10;1;78;78517;1;1;1;7;D 906;48,6518660000;1,8748200000
202200010814;19;11;2022;05:10;3;972;97213;1;1;1;1;ROUTE DEPARTEMENTALE 3;14,6285300000; -60,9899900000
202200010815;7;3;2022;15:40;1;62;62510;2;1;1;6;COURTIN (R FRANCOIS);50,4250450000;2,7760700000
202200010816;30;5;2022;20:30;1;78;78498;2;1;1;6;CASTILLE AV BLANCHE DE;48,9241030000;2,0296110000
202200010817;19;11;2022;16:14;1;69;69382;2;8;1;3;82 Cours Charlemagne;45,7429955902;4,8210060596
202200010818;14;1;2022;14:50;1;71;71486;2;6;1;3;MAX DORMOY (AVENUE);46,6449765665;4,3212949767
202200010819;8;1;2022;12:31;1;02;02212;1;1;1;3;;49,6438830000;3,2634570000
202200010820;19;11;2022;11:05;1;69;69149;2;1;8;5;Boulevard Emile Zola;45,7209300000;4,7970200000
202200010821;31;5;2022;08:45;1;77;77268;2;6;1;6;D1005D;48,8747800000;2,8032300000
202200010822;17;11;2022;06:10;3;69;69142;1;1;1;6;Rue Stéphane Déchant;45,7289971200;4,8155254125
202200010823;17;3;2022;17:00;2;988;98818;1;1;2;4;VE1 sens Sud/Nord; -22,2576900000;166,4470000000
202200010824;19;11;2022;13:15;1;2B;2B033;2;1;1;7;AV DE LA LIBERATION;42,6776300000;9,4437000000
202200010825;31;5;2022;21:15;2;76;76498;2;1;1;3;Boulevard du 11 Novembre;49,4139500000;1,0717200000
202200010826;25;12;2022;08:45;1;59;59646;2;8;2;3;FLANDRE (AVENUE DE);50,6637500000;3,1301600000
202200010827;18;11;2022;04:22;5;2B;2B033;2;1;2;6;AV DE LA LIBERATION;42,6828000000;9,4444400000
202200010828;14;3;2022;18:35;5;988;98818;2;3;1;3;PROMENADE ROGER LAROQUE/ROUTE DE L'AQUARIUM; -22,3006700000;166,4379400000
202200010829;17;11;2022;17:30;5;95;95280;2;1;8;6;Avenue Albert Sarraut;49,0319642309;2,4589687586
202200010830;31;5;2022;17:30;1;76;76540;2;2;1;3;Boulevard des Belges;49,4440000000;1,0850000000
202200010831;25;12;2022;18:40;5;38;38185;2;3;1;3;RUE DE STALINGRAD;45,1694800000;5,7234700000
202200010832;14;3;2022;18:25;2;974;97409;2;2;1;3;RES DES LONGANIS; -20,9729300000;55,6569000000
202200010833;25;12;2022;07:40;2;38;38169;2;2;5;3;AVENUE DU VERCORS;45,1924100000;5,6948900000
202200010834;16;3;2022;15:15;1;974;97407;2;2;1;3;DESMOULINS(RUE); -20,9303300000;55,2934100000
202200010835;30;5;2022;09:30;1;74;74298;2;1;1;5;TANINGES (ROUTE DE );46,1884500000;6,2670300000
202200010836;23;12;2022;17:20;2;26;26362;1;1;9;2;LACRA RN532;44,9563300000;4,9354880000
202200010837;25;12;2022;15:40;1;25;25056;1;1;8;3;RN 1057 (CH. EPITAPHE-CH. MONTBOUCONS);47,2619500000;6,0052600000
202200010838;14;3;2022;12:00;1;973;97302;2;2;2;3;FELIX EBOUE(ROCADE);4,9310200000; -52,3132800000
202200010839;31;5;2022;13:10;1;71;71306;1;1;1;2;RN 70 (ROUTE EXPRESS);46,6855600000;4,3551200000
202200010840;25;12;2022;16:50;2;22;22215;1;1;2;2;PONT DES ILES (RUE DU);48,5230800000; -2,8186600000
202200010841;19;11;2022;16:00;1;91;91216;2;1;1;6;TOURELLES (CHEMIN);48,6681600000;2,3369500000
202200010842;14;3;2022;16:30;1;69;69387;2;2;1;3;Avenue Tony Garnier;45,7278000000;4,8243000000
202200010843;31;5;2022;14:15;1;71;71076;2;1;1;6;TEMPLE (RUE DU);46,7803700000;4,8529500000
202200010844;25;12;2022;18:45;5;13;13043;2;1;1;2;LIBERATION (BD DE LA );43,3965000000;5,2458000000
202200010845;16;11;2022;20:20;5;91;91477;2;9;2;6;MAURICE BERTEAUX (RUE);48,7189880000;2,2426690000
202200010846;14;3;2022;07:50;2;69;69387;2;3;1;3;Rue Bancel;45,7470101064;4,8389196396
202200010847;31;5;2022;16:20;1;69;69264;1;1;1;3;Boulevard Burdeau;45,9978000000;4,7338200000
202200010848;25;12;2022;07:55;1;13;13209;2;1;9;1;MORGIOU (chemin de );43,2349768734;5,4111779171
202200010849;18;11;2022;04:55;5;87;87085;2;3;1;3;PERRIN (RUE FRANCOIS);45,8246400000;1,2279900000
202200010850;13;3;2022;20:30;5;69;69383;2;9;2;3;Rue de Montbrillant;45,7497500000;4,8709900000
202200010851;16;11;2022;17:06;1;87;87085;2;1;2;7;CHENIEUX (RUE FRANCOIS);45,8385600000;1,2568300000
202200010852;25;12;2022;20:30;5;13;13047;2;6;1;2;RADOLFZELL AVENUE DE;43,5001400000;4,9668800000
202200010853;17;3;2022;18:00;1;972;97209;1;1;1;2;AVE CAMILLE DARSIERES;14,6004100000; -61,0484200000
202200010854;18;11;2022;08:05;2;86;86158;1;1;9;2;N149;46,6320960000;0,2783470000
202200010855;25;12;2022;07:20;2;06;06027;2;2;1;3;NICE AVENUE DE (RN7);43,6590200000;7,1627300000
202200010856;17;11;2022;15:30;1;78;78311;2;1;8;6;GENERAL DE GAULLE (AVENUE DU);48,9211100000;2,1861300000
202200010857;17;3;2022;15:15;1;69;69381;2;3;1;3;Quai Saint Vincent;45,7682558416;4,8156846939
202200010858;29;5;2022;02:00;5;67;67447;2;3;1;3;GENERAL DE GAULLE (ROUTE DU);48,6106300000;7,7339100000
202200010859;26;12;2022;20:00;5;75;75113;2;3;1;2;BOULEVARD SAINT MARCEL;48,8375940000;2,3544030000
202200010860;17;3;2022;10:30;1;69;69389;2;2;1;3;Rue du Four à Chaux;45,7853900000;4,8105800000
202200010861;26;12;2022;13:50;1;75;75112;2;3;2;3;AVENUE DU DOCTEUR ARNOLD NETTER;48,8415820000;2,4048790000
202200010862;30;5;2022;23:29;5;66;66136;2;3;2;3;REMPART-VILLENEUVE;42,6993106465;2,8897224739
202200010863;19;11;2022;21:05;5;77;77449;2;2;1;3;Cours du Danube;48,8537000000;2,7735000000
202200010864;17;3;2022;08:45;1;69;69286;1;1;8;3;Rue Maryse Bastié;45,8265000000;4,9175500000
202200010865;26;12;2022;00:50;5;75;75120;2;3;1;4;AVENUE DE LA PORTE DE BAGNOLET;48,8647812232;2,4101136625
202200010866;28;5;2022;15:22;1;66;66136;1;1;1;4;RN 116;42,6942400000;2,8495500000
202200010867;19;11;2022;13:00;1;72;72181;2;9;1;3;MAIGNANT ALBERT (RUE) N° IMP;48,0056400000;0,2016900000
202200010868;14;3;2022;09:40;1;69;69389;2;1;1;2;Avenue 25ème Régiment des Tirailleurs Sénégalais;45,7833321126;4,8006498814
202200010869;31;5;2022;12:10;1;64;64545;1;1;1;2;Route de la Corniche;43,3922970000; -1,6958300000
202200010870;18;11;2022;15:45;1;72;72181;2;1;1;2;SABLE (RTE DE );47,9858800000;0,1635600000
202200010871;8;3;2022;16:00;1;69;69382;2;2;1;5;Quai Jules Courmont;45,7573000000;4,8365700000
202200010872;26;12;2022;18:20;5;75;75110;2;2;8;4;BOULEVARD DE LA CHAPELLE;48,8666600000;2,3333300000
202200010873;18;11;2022;09:35;1;72;72181;2;9;1;3;BERTINIERE (RUE DE LA) N° IMP;47,9923900000;0,2162400000
202200010874;30;5;2022;17:10;1;64;64237;2;9;1;6;GELOS DE;43,2849200000; -0,3780600000
202200010875;16;3;2022;18:00;5;971;97101;1;1;1;1;ROUTE DE BOULIQUI;16,2583500000; -61,4606800000
202200010876;26;12;2022;19:00;5;75;75109;2;7;1;2;BOULEVARD HAUSSMANN;48,8731822878;2,3314538598
202200010877;18;11;2022;15:55;1;71;71306;2;1;2;1;ROGER SALENGRO (AVENUE);46,6663500000;4,3584100000
202200010878;28;5;2022;20:15;1;64;64102;2;1;1;3;Avenue Henri de Navarre;43,5010598368; -1,4458340406
202200010879;13;3;2022;21:35;5;971;97101;2;6;1;3;JEAN  IGNACE (RUE) ;16,2518752696; -61,5210744739
202200010880;23;12;2022;05:15;5;75;75108;2;2;8;2;PLACE DE LA CONCORDE;48,8640781792;2,3201320223
202200010881;16;11;2022;15:40;1;71;71153;2;1;1;7;MARECHAL FOCH (RUE);46,8029400000;4,4479100000
202200010882;27;2;2022;21:00;5;971;97101;2;1;2;6;BOULEVARD DES HEROS;16,2501517087; -61,5229654312
202200010883;26;12;2022;17:30;5;75;75104;2;2;1;2;RUE DE LA CERISAIE;48,8517580000;2,3670030000
202200010884;31;5;2022;08:03;1;63;63113;2;3;1;6;CATAROU (RUE DE);45,7876000000;3,1057100000
202200010885;19;11;2022;18:45;3;69;69266;2;6;1;2;Rue Gabriel Péri;45,7706200000;4,8634200000
202200010886;31;5;2022;08:55;1;59;59009;2;1;1;6;HALLEY, Avenue;50,6055000000;3,1497300000
202200010887;13;3;2022;15:30;1;971;97101;2;1;1;4;Frédéric JALTON;16,2764300000; -61,5013100000
202200010888;26;12;2022;14:25;1;75;75103;2;7;8;7;PLACE DE LA REPUBLIQUE;48,8673850000;2,3633150000
202200010889;18;11;2022;17:15;5;69;69256;2;1;1;6;Avenue Eugène Hénaff;45,7742700000;4,9277500000
202200010890;14;3;2022;08:35;1;95;95323;2;1;1;6;OISE (BOULEVARD DE L');49,0136200000;2,0274300000
202200010891;26;12;2022;18:25;5;94;94076;2;1;1;6;ARAGO (R);48,7862050000;2,3626870000
202200010892;30;5;2022;15:50;1;59;59378;2;1;1;3;CLEMENCEAU BLVD (N°168-294);50,6553900000;3,1075500000
202200010893;18;11;2022;07:40;1;69;69275;1;1;1;2;Rue Michel Servet;45,7540300000;4,9729900000
202200010894;30;5;2022;16:20;1;59;59008;2;1;1;6;JAURES (RUE JEAN);50,3326051627;3,2583260536
202200010895;26;12;2022;14:00;1;94;94041;2;3;2;3;GAGNEE (R);48,8026470000;2,3813810000
202200010896;18;11;2022;19:00;5;69;69264;2;3;3;1;Boulevard Henri Barbusse;45,9807868492;4,7157378495
202200010897;16;3;2022;12:00;1;91;91201;2;2;1;3;RUE DE RIS;48,6626700000;2,4177200000
202200010898;29;5;2022;04:35;5;56;56162;2;1;1;6;22 Kerduellic;47,7383100000; -3,4434900000
202200010899;25;12;2022;12:25;1;94;94021;2;1;1;3;FRANKLIN ROOSEVELT (AV);48,7718200000;2,3605300000
202200010900;14;3;2022;12:30;1;91;91201;2;4;1;1;BD HENRI BARBUSSE;48,6646700000;2,4195900000
202200010901;19;11;2022;16:30;1;69;69290;2;6;2;3;Avenue Pierre Cot;45,7072300000;4,8983500000
202200010902;28;5;2022;21:35;5;56;56098;2;2;1;6;REPUBLIQUE (RUE DE LA );47,7570600000; -3,3458400000
202200010903;14;3;2022;10:05;1;91;91215;2;3;1;3;AV DU HUIT MAI 1945;48,6972700000;2,5236000000
202200010904;26;12;2022;18:00;5;93;93048;2;2;1;6;Rue Cuvier / Rue Robespierre;48,8509600000;2,4242300000
202200010905;28;5;2022;02:35;5;56;56121;2;4;1;6;ORADOUR SUR GLANE ( BD D');47,7543100000; -3,3712800000
202200010906;14;3;2022;09:15;1;91;91201;2;1;1;3;AV DU GENERAL DE GAULLE;48,6876490000;2,3962840000
202200010907;26;12;2022;09:30;1;93;93048;2;1;1;6;Rue Pierre de Montreuil;48,8632107506;2,4603336212
202200010908;19;11;2022;12:05;1;69;69290;2;2;8;4;Boulevard de la Cité Berliet;45,7082500000;4,9181100000
202200010909;30;5;2022;13:00;1;56;56083;2;1;1;6;LIBERATION ( AV. DE LA );47,8033700000; -3,2671500000
202200010910;17;11;2022;19:15;5;67;67043;2;1;3;6;ROBERTSAU (RUE DE LA);48,6130700000;7,7642000000
202200010911;14;3;2022;14:05;1;91;91027;2;1;1;2;AV HENRI DUNANT;48,7175400000;2,3997200000
202200010912;26;12;2022;19:15;5;93;93031;2;3;1;3;Route d'Argenteuil / Route d'Argenteuil;48,9589977817;2,2902388297
202200010913;11;3;2022;19:30;5;91;91228;2;2;2;6;DE L'EUROPE ( BOULEVARD);48,6309420000;2,4250640000
202200010914;17;11;2022;16:55;5;67;67482;2;1;1;3;SAINTE MARGUERITE (RUE);48,5814500000;7,7371000000
202200010915;30;5;2022;13:30;1;56;56121;2;2;1;3;Rue Champlain;47,7383340000; -3,3840774000
202200010916;26;12;2022;11:20;1;93;93030;2;1;1;3;Avenue du Maréchal Leclerc de Hautecloque;48,9441500000;2,4176200000
202200010917;31;5;2022;21:30;2;51;51454;2;1;1;3;avenue de Champagne;49,2241187384;4,0248799324
202200010918;13;3;2022;17:45;1;91;91223;2;1;1;3;COQUERIVE (AVENUE DE);48,4346900000;2,1690900000
202200010919;26;12;2022;09:00;1;92;92049;2;2;1;6;BARBUSSE RUE HENRI AUTRES N°;48,8149747544;2,3092837930
202200010920;15;11;2022;19:30;3;66;66136;1;1;1;2;;42,7090600000;2,9759900000
202200010921;16;3;2022;11:27;1;87;87085;1;1;1;2;AUTOROUTE A20;45,8950300000;1,2920800000
202200010922;15;11;2022;18:30;5;66;66136;2;1;1;6;;42,6661281837;2,8867703676
202200010923;25;12;2022;22:11;5;92;92044;2;2;1;2;ANA.FRANCE(RUE)77A139 ET 74A124;48,8938757332;2,2833916247
202200010924;31;5;2022;21:20;2;51;51454;2;3;1;2;rue du Général Koenig;49,2266108400;4,0241423249
202200010925;14;3;2022;16:20;1;87;87085;2;3;1;6;RHIN ET DANUBE (RUE);45,8817500000;1,2991400000
202200010926;14;11;2022;18:40;5;66;66136;2;1;1;6;;42,6874565909;2,9083245993
202200010927;15;3;2022;16:16;1;87;87085;2;1;1;3;SAINT GENCE (RUE DE) (RD218);45,8451700000;1,2399300000
202200010928;26;12;2022;11:05;1;11;11254;1;1;1;2;A61, PK 304.700;43,2277570000;2,1315190000
202200010929;31;5;2022;06:35;1;50;50129;2;1;1;6;NORMANDIE (AVENUE DE);49,6267900000; -1,6345300000
202200010930;19;11;2022;12:45;1;64;64445;2;3;1;1;avenue du général Poeymirau;43,2942400000; -0,3588600000
202200010931;13;3;2022;12:33;1;87;87085;2;1;2;6;TOULOUSE (RUE DE);45,8018900000;1,2937400000
202200010932;26;12;2022;14:20;1;11;11234;1;1;1;2;A61, PK 291.000;43,2802520000;1,9842340000
202200010933;18;11;2022;17:06;1;64;64445;1;1;2;2;avenue de l'Europe;43,3266100000; -0,3270600000
202200010934;14;3;2022;07:44;1;87;87085;2;1;1;3;AURIOL (AVENUE DU PRESIDENT VINCENT);45,8371800000;1,2288400000
202200010935;27;5;2022;20:20;1;50;50129;2;1;1;7;EST (BOULEVARD DE L');49,6349400000; -1,5914500000
202200010936;18;11;2022;07:40;2;64;64335;2;6;8;4;D816;43,3580000000; -0,4143400000
202200010937;31;5;2022;07:45;1;49;49246;2;1;1;3;GAULLE RUE CHARLES DE;47,4248700000; -0,5251300000
202200010938;26;12;2022;21:15;3;29;29026;1;9;8;6;N165;48,2124209193; -4,0489944482
202200010939;11;3;2022;16:21;1;87;87114;1;3;1;2;CROIX DE LA LIEUE (LA) - LIEU DIT;45,8481500000;1,3465000000
202200010940;12;3;2022;06:00;2;84;84007;2;1;2;7;C.De GAULLE (Rocade);43,9313200000;4,8263600000
202200010941;31;5;2022;14:05;1;45;45234;2;1;1;6;21 Avenue de la Libération;47,9195200000;1,9020400000
202200010942;19;11;2022;20:01;5;64;64102;2;6;2;2;Avenue du 14 Avril 1814;43,5046900000; -1,4467700000
202200010943;27;12;2022;07:50;3;76;76244;1;1;1;4;A28, Pk 64+300;49,7056286365;1,3738274574
202200010944;16;3;2022;14:40;1;83;83144;1;1;1;6;UNIVERSITE (AVE DE L');43,1375300000;6,0099500000
202200010945;18;11;2022;08:34;1;64;64102;2;1;2;6;Rue Denis Etcheverry;43,4946900000; -1,4671700000
202200010946;31;5;2022;04:55;5;42;42071;2;3;1;1;Avenue de la Libération;46,0243000000;4,0870400000
202200010947;26;12;2022;22:54;3;17;17222;1;1;1;7;D105;46,2337060000; -1,1248860000
202200010948;13;11;2022;06:04;5;63;63075;2;1;1;6;5 COMBES (RUE DES);45,7658190105;3,0684015155
202200010949;16;3;2022;10:48;1;83;83126;2;1;1;2;JUIN (AV MARECHAL);43,1067700000;5,8722300000
202200010950;27;12;2022;04:10;3;42;42271;1;1;2;6;Route de Richore;45,4847030000;4,5617940000
202200010951;31;5;2022;07:55;1;37;37122;2;2;1;7;JUMEAUX (RUE DES);47,3533571890;0,6977874041
202200010952;13;3;2022;11:00;1;83;83069;1;2;2;3;AVENUE RITONDALE LEOPOLD;43,1134400000;6,1296700000
202200010953;10;11;2022;14:32;1;63;63113;2;8;1;3;JOUHAUX (BD LEON);45,7942700000;3,1172600000
202200010954;24;12;2022;19:15;3;19;19132;1;1;1;6;les prades;45,1128380000;1,7817910000
202200010955;30;5;2022;17:00;1;37;37214;2;6;1;3;BORDIERS (RUE DES);47,4189991871;0,6737011671
202200010956;15;3;2022;17:10;1;83;83050;2;1;1;1;GRASSE(AVENUE DE);43,5351490000;6,4913350000
202200010957;18;11;2022;17:30;5;59;59033;2;3;1;6;SAINT MARTIN (RUE);50,1983764782;3,8312458992
202200010958;27;12;2022;16:10;1;2B;2B050;1;1;1;1;départementale D151;42,5382830000;8,8026240000
202200010959;30;5;2022;12:10;1;37;37261;2;3;1;1;COLOMBIER (RUE);47,4233574123;0,7084216923
202200010960;15;3;2022;11:55;1;80;80021;2;1;1;4;ROUEN (RUE DE);49,8887800000;2,2875500000
202200010961;25;12;2022;18:30;3;82;82087;1;1;1;6;D68;44,1598410000;1,2492600000
202200010962;18;11;2022;12:30;1;59;59360;2;4;1;2;MOCQUET GUY RUE;50,6075200000;3,0213800000
202200010963;27;5;2022;16:57;1;36;36044;2;1;1;6;Allee du Commerce;46,7952719185;1,6943956912
202200010964;15;11;2022;16:45;2;59;59350;2;1;3;6;POT RUE LONG;50,6275731745;3,0885341763
202200010965;15;3;2022;22:30;5;80;80021;2;1;1;4;STRASBOURG (BOULEVARD DE);49,8893100000;2,2776100000
202200010966;11;3;2022;08:56;1;80;80021;2;1;7;6;VATABLE (RUE);49,8850700000;2,3185500000
202200010967;18;11;2022;09:30;1;59;59360;2;2;1;3;CLEMENCEAU RUE;50,6158950189;3,0102270842
202200010968;6;5;2022;10:16;1;36;36044;2;6;1;3;Avenue Bernard Louvet;46,8026700000;1,7040500000
202200010969;17;3;2022;15:40;1;80;80001;2;1;1;7;PETIT MARAIS (du);50,0962498864;1,8372595310
202200010970;19;11;2022;09:45;1;56;56121;2;6;1;6;1 Rue Léon Gambetta;47,7453800000; -3,3677760000
202200010971;26;12;2022;19:55;5;71;71263;2;7;2;6;Place de la Liberation;46,6303610000;5,2211560000
202200010972;30;5;2022;16:35;1;35;35051;2;1;1;3;EPINE (RUE DE LA BELLE);48,1237400000; -1,5978500000