Num_Acc;jour;mois;an;hrmn;lum;dep;com;agg;int;atm;col;adr;lat;long
202200011213;14;3;2022;07:07;2;37;37122;2;1;8;7;CHANTEPIE (RUE DE);47,3527124075;0,6589436531
202200011214;18;11;2022;23:00;5;75;75111;2;2;1;3;RUE DE LA ROQUETTE;48,8593370000;2,3868600000
202200011215;26;12;2022;01:30;3;03;03250;1;1;1;7;ravat;46,2203910000;3,7674520000
202200011216;31;5;2022;10:52;1;92;92044;2;3;1;3;MARIUS AUFAN(RUE) 69+ ET 80+;48,8959020000;2,2798660000
202200011217;19;11;2022;12:35;1;75;75102;2;2;8;7;BOULEVARD DE SEBASTOPOL;48,8689480000;2,3540070000
202200011218;14;3;2022;17:40;1;35;35278;2;3;1;3;RD 29;48,1581240000; -1,6975590000
202200011219;31;5;2022;06:35;1;92;92024;2;1;1;2;VICTOR HUGO (BD);48,8998021947;2,3142818212
202200011220;19;11;2022;10:17;1;94;94003;2;1;1;3;BERTHOLLET (R);48,8054000000;2,3268400000
202200011221;26;12;2022;10:15;1;14;14738;1;1;8;1;D147A;49,1697170000; -0,4803090000
202200011222;14;3;2022;06:32;5;34;34172;2;1;1;6;TOULOUSE (AVENUE DE;43,5950020000;3,8616420000
202200011223;29;5;2022;13:20;1;92;92023;2;1;1;3;GENERAL DE GAULLE (AV DU) N°130 A 340 ET;48,7872900000;2,2562100000
202200011224;19;11;2022;09:50;1;94;94079;2;2;1;3;Rue du Général de Gaulle / Rue des Chapelles;48,8268000000;2,5486500000
202200011225;26;12;2022;19:00;3;50;50402;1;2;8;3;D23;49,5113680000; -1,7692490000
202200011226;14;3;2022;15:30;1;33;33281;2;6;1;3;Avenue de la Grange Noire;44,8540200000; -0,6772700000
202200011227;19;11;2022;16:00;2;77;77291;2;1;3;6;Aeroport Charles de Gaulle;49,0119600000;2,5659600000
202200011228;3;6;2022;08:45;1;92;92012;2;1;1;3;TRANSVAAL (RUE DU);48,8478800000;2,2406900000
202200011229;14;3;2022;15:25;1;33;33063;2;1;1;3;Rue Lucien Faure;44,8644600000; -0,5586800000
202200011230;19;11;2022;21:30;5;93;93070;2;1;1;3;Rue du Docteur Bauer;48,9120211050;2,3355630040
202200011231;31;5;2022;13:35;1;92;92004;1;1;1;2;AULAGNIER ( QUAI );48,9141452043;2,3111549020
202200011232;26;12;2022;14:20;1;45;45272;1;1;1;1;D2020 PR 40 + 430;47,8044230000;1,9302930000
202200011233;17;3;2022;16:20;1;33;33529;2;1;1;3;rue Lagrua;44,6371300000; -1,1541800000
202200011234;19;11;2022;05:00;5;93;93070;2;2;2;3;Avenue Gabriel Péri / Rue des Rosiers;48,9084500000;2,3327100000
202200011235;31;5;2022;14:30;1;92;92004;2;1;1;3;GRESILLONS ( AVENUE DES  );48,9167997441;2,3061865121
202200011236;25;12;2022;16:30;1;40;40067;1;2;1;3;D41;43,8736550000; -0,8546000000
202200011237;14;3;2022;15:05;1;33;33529;2;1;1;2;LAGRUA (RUE);44,6391500000; -1,1543800000
202200011238;14;3;2022;08:22;1;32;32013;2;1;1;7;CAILLAOUERE (CHEMIN DE LA);43,6268000000;0,5748000000
202200011239;31;5;2022;18:23;1;92;92002;2;2;1;6;LEON BLUM (AVENUE);48,7584500000;2,3001700000
202200011240;19;11;2022;12:00;1;93;93064;2;1;1;2;Boulevard d'Alsace-lorraine;48,8843645858;2,4854475260
202200011241;25;12;2022;18:05;3;85;85130;1;1;1;4;RD40;46,7565260000; -1,7074569000
202200011242;31;5;2022;18:51;1;13;13215;1;1;1;3;A7-Sens Marseille vers Lyon;43,3650000000;5,3600000000
202200011243;23;12;2022;16:40;1;85;85051;2;6;1;6;D949 bis;46,6986110000; -1,0449240000
202200011244;19;11;2022;14:40;1;93;93048;2;2;1;3;Avenue de la Résistance / Rue Hoche;48,8638900000;2,4361600000
202200011245;14;3;2022;12:14;1;28;28085;2;1;1;3;EIFFEL (RUE GUSTAVE);48,4396000000;1,5323100000
202200011246;25;12;2022;07:00;3;37;37216;1;1;1;6;D910;47,1437450000;0,6461120000
202200011247;19;11;2022;17:15;2;93;93032;2;3;2;6;Chemin des 22 Arpents / Rue de Champagne;48,8813500000;2,5396100000
202200011248;31;5;2022;17:45;1;13;13071;1;1;1;4;A7-Sens Lyon vers Marseille;43,4110300000;5,2838000000
202200011249;18;3;2022;00:01;5;27;27229;2;5;1;3;NORMANDIE (BOULEVARD DE);49,0216300000;1,1374800000
202200011250;19;11;2022;09:45;1;93;93005;2;2;8;3;Rue Maxime Gorki / Av du Mal de Lattre de Tassigny;48,9277340000;2,4859730000
202200011251;30;5;2022;16:45;1;62;62274;1;1;1;7;AUTOROUTE A21;50,4294900000;2,9720700000
202200011252;17;3;2022;15:15;1;27;27229;2;1;1;3;ROUX (RUE DU DOCTEUR);49,0256400000;1,1384200000
202200011253;23;12;2022;17:35;5;37;37273;1;1;1;5;D142;47,3971339585;0,7890200615
202200011254;19;11;2022;12:25;1;93;93001;2;3;1;3;Avenue Jean Jaurès / Rue Emile Dubois;48,9135900000;2,4027500000
202200011255;25;5;2022;23:00;3;59;59327;1;1;2;6;AUTOROUTE A 21;50,3779000000;3,1659600000
202200011256;14;3;2022;16:20;1;27;27229;2;9;1;3;MONOD (RUE JACQUES);49,0268800000;1,1801500000
202200011257;19;11;2022;15:45;1;92;92062;2;9;1;1;GODEFROY (RUE) DU 1 AU 17;48,8809220000;2,2428730000
202200011258;26;12;2022;15:35;1;48;48016;2;4;7;3;N88;44,4825530000;3,4575980000
202200011259;31;5;2022;15:45;1;94;94003;1;1;1;3;AUTOROUTE A6B;48,8031045530;2,3437496731
202200011260;19;11;2022;05:40;5;92;92051;2;5;1;3;CHARLES DE GAULLE (AVENUE, N°27 A 129);48,8812225525;2,2712087631
202200011261;17;3;2022;15:12;1;26;26198;2;2;1;3;COTY (Boulevard du Président rené);44,5346200000;4,7586000000
202200011262;31;5;2022;19:20;1;75;75116;1;1;1;2;A13;48,8483565332;2,2483067321
202200011263;17;3;2022;16:50;1;22;22278;2;1;1;6;BREST (DE);48,5145000000; -2,7700300000
202200011264;19;11;2022;18:00;5;92;92020;2;2;2;3;SEMARD RUE PIERRE AUTRES N°;48,8050118688;2,2963177264
202200011265;25;12;2022;17:15;1;987;98734;1;2;1;3;RT 1 PK 41 Atimaono; -17,7120000000; -149,5080000000
202200011266;31;5;2022;15:15;1;93;93063;1;1;1;2;AUTOROUTE A3;48,8792756008;2,4490603927
202200011267;19;11;2022;14:00;1;92;92025;2;1;1;3;HENRI BARBUSSE (AV);48,9179060000;2,2528610000
202200011268;14;3;2022;19:40;5;22;22278;2;1;1;3;JOLIOT CURIE (FREDERIC ET IRENE);48,5065500000; -2,7512500000
202200011269;23;12;2022;19:45;3;47;47186;1;1;1;2;Autoroute A.62, pk 109.700, sens TOULOUSE;44,2125137831;0,4421562207
202200011270;19;11;2022;22:00;3;37;37031;1;1;8;6;départementale 749;47,3087723608;0,1906728745
202200011271;30;5;2022;08:15;1;93;93073;1;1;1;2;AUTOROUTE A104;48,9683746769;2,5654745010
202200011272;12;3;2022;07:25;1;22;22278;2;1;1;1;5 Rue Chaptal;48,5112300000; -2,7364900000
202200011273;19;11;2022;13:45;1;47;47145;1;1;1;1;route de contras - voitout;44,1103760000;0,6189890000
202200011274;24;12;2022;23:55;5;987;98715;2;1;1;7;Route de Pamatai; -17,5531050000; -149,5888950000
202200011275;24;5;2022;00:30;3;95;95018;1;1;3;6; A15;48,9612230000;2,2689480000
202200011276;20;11;2022;04:15;3;38;38160;1;1;1;6;D538;45,4874500000;4,9538950000
202200011277;14;3;2022;02:45;4;22;22278;2;1;1;6;FONTAINE-SAINT-BRIEUC (DE LA);48,5168000000; -2,7683000000
202200011278;20;11;2022;18:40;3;80;80446;1;1;4;7;A28;50,0221340000;1,7264840000
202200011279;19;11;2022;04:15;3;40;40004;1;1;3;6;Route de Capbreton;43,6487620000; -1,3949630000
202200011280;25;12;2022;23:30;3;988;98823;1;1;1;6;Tchamba (Tribu); -21,0404900000;165,2890500000
202200011281;30;5;2022;13:50;1;93;93005;1;1;1;4;A104;48,9724000000;2,4945100000
202200011282;19;11;2022;20:55;3;77;77128;1;1;2;4;Pk 037+850 vers Paris A4;48,8723580000;2,8645880000
202200011283;10;3;2022;16:20;1;22;22113;2;6;1;3;RENAN (AVENUE ERNEST);48,7325100000; -3,4617400000
202200011284;25;12;2022;07:05;1;988;98821;1;1;1;6;RT1 - la tontouta; -22,0293040000;166,2318580000
202200011285;31;5;2022;08:15;1;77;77122;1;1;1;6;RN104;48,6462370000;2,5569030000
202200011286;20;11;2022;01:10;3;28;28196;1;1;1;1;Monjouvin;48,2842030000;1,2245570000
202200011287;16;3;2022;16:00;1;17;17415;1;1;1;7;VARZAY ROUTE DE;45,7295600000; -0,6699200000
202200011288;24;12;2022;01:10;4;37;37003;2;1;2;6;Quai du Général de Gaulle;47,4109453974;0,9757447243
202200011289;31;5;2022;07:05;1;94;94046;1;1;1;2;A86 INT;48,8060163723;2,4486524061
202200011290;20;11;2022;06:35;1;974;97404;2;6;1;3;Avenue Octave Bénard; -21,2724940000;55,3344870000
202200011291;26;12;2022;10:15;1;45;45050;2;1;2;6;21 La Route de Barville;48,1193413572;2,3635388674
202200011292;13;3;2022;22:30;5;17;17300;2;5;1;2;NOUE   RUE DE LA;46,1620500000; -1,1551400000
202200011293;20;11;2022;10:15;1;974;97414;1;1;1;2;Route nationale 2001; -21,2730590000;55,3899770000
202200011294;16;12;2022;09:50;3;83;83107;1;1;9;7;D47 PK7;43,5153580000;6,6468410000
202200011295;20;11;2022;16:32;1;95;95056;1;1;2;2;Route de Paris;49,0898304025;2,3587956011
202200011296;22;12;2022;17:10;2;13;13081;2;1;1;3;route départementale 113;43,4848820000;5,2231780000
202200011297;18;11;2022;18:45;3;79;79190;1;1;1;1;;46,6833410000; -0,4626380000
202200011298;30;5;2022;10:50;1;77;77373;1;1;1;4;RN104;48,7984610000;2,6234770000
202200011299;13;3;2022;16:20;1;16;16102;2;6;1;3;RUE DE BARBEZIEUX;45,6876201398; -0,3289407492
202200011300;26;12;2022;13:30;1;13;13030;1;1;1;1;Place du Col de l?Ange;43,2726930000;5,7014740000
202200011301;18;11;2022;11:40;1;33;33394;1;1;2;3;Lieu Dit la Garelle;44,8703985357; -0,1490932703
202200011302;23;12;2022;14:45;1;13;13100;2;1;1;1;49 Boulevard Victor Hugo;43,7883180000;4,8330030000
202200011303;30;5;2022;08:00;1;77;77363;1;1;1;3;A104;48,9213800000;2,6306830000
202200011304;20;11;2022;00:00;3;71;71230;2;1;2;6;8 Route de Perrecy;46,6018040000;4,0713660000
202200011305;14;3;2022;14:29;1;14;14715;2;1;1;6;D513;49,3654580000;0,0841360000
202200011306;5;5;2022;13:45;1;17;17094;2;1;1;2;boulevard du maréchal de lattre de tassigny;46,0638370000; -1,0920990000
202200011307;19;11;2022;10:15;1;61;61309;1;2;1;1;La Grille;48,3286620000;0,7307680000
202200011308;25;12;2022;19:15;3;38;38498;1;1;1;7;D520;45,5307830000;5,3219330000
202200011309;25;12;2022;21:47;3;38;38485;1;1;1;6;200 Route de Saint-nizier;45,1648220000;5,6716330000
202200011310;18;3;2022;00:35;5;13;13209;2;1;1;3;GUSTAVE GANAY (BOULEVARD);43,2658000000;5,3998300000
202200011311;10;5;2022;18:30;1;79;79005;1;2;7;3;départementale 170;46,8465220000; -0,1912840000
202200011312;26;12;2022;06:40;5;69;69143;2;1;1;6;30 Route de Lyon;45,8709210000;4,8397460000
202200011313;7;5;2022;01:20;3;34;34294;1;1;1;1;A9;43,7061350000;4,1206240000
202200011314;26;12;2022;09:20;1;32;32307;1;1;1;3;RD 929;43,6173430000;0,5820820000
202200011315;17;3;2022;13:45;1;13;13208;2;1;1;2;MADRAGUE DE MONTREDON (AVE DE LA) ;43,2348483222;5,3599916262
202200011316;10;5;2022;20:00;1;33;33005;2;1;1;6;1 Allée François Villon;44,7434720000; -1,0718860000
202200011317;22;12;2022;18:10;2;29;29124;2;1;2;4;Rue de la Marne;48,5657420000; -4,3135880000
202200011318;26;12;2022;17:15;2;22;22162;2;1;1;6;Rue de la Marne;48,7774360000; -3,0494680000
202200011319;9;5;2022;17:30;1;27;27202;1;3;1;1;départementale 11;49,2514970000;1,2913760000
202200011320;16;3;2022;15:00;1;13;13211;2;6;1;2;SAINT MENET (AVENUE DE);43,2917200000;5,4856000000
202200011321;25;12;2022;18:17;3;13;13211;1;1;1;2;A50-Sens Aubagne vers Marseille;43,2938100000;5,4724000000
202200011322;11;5;2022;20:55;1;91;91228;2;1;1;6;PL WINSTON CHURCHILL;48,6262970000;2,4477920000
202200011323;14;3;2022;22:45;5;13;13204;2;1;1;2;ALEX. FLEMING (BOULEVARD);43,3165500000;5,3976300000
202200011324;11;5;2022;15:15;1;75;75120;2;2;1;6;BOULEVARD MORTIER;48,8679430000;2,4088750000
202200011325;24;12;2022;22:30;3;13;13215;1;1;1;3;A7-Sens Lyon vers Marseille;43,3662800000;5,3605100000
202200011326;24;12;2022;14:58;1;13;13106;1;1;1;4;A7-Sens Lyon vers Marseille;43,3908663621;5,3509983551
202200011327;10;5;2022;17:15;1;77;77291;2;6;1;7;rue de New York;49,0113800000;2,5674400000
202200011328;14;3;2022;16:50;1;13;13214;2;1;1;3;VOIRIE (IMPASSE DE LA);43,3175367135;5,3883256339
202200011329;8;5;2022;14:50;1;65;65243;2;3;1;2;Rue des Pyrénées;43,4403120000;0,0762870000
202200011330;25;12;2022;21:30;5;33;33013;1;1;1;2;ROUTE NATIONALE 89;44,8685220000; -0,5026460000
202200011331;17;3;2022;14:50;1;13;13001;1;6;1;6;AMPERE  ANDRE (RUE);43,4882578303;5,3775244309
202200011332;10;5;2022;08:03;1;01;01166;1;1;1;1;route départementale 28;46,0030130000;4,7969060000
202200011333;17;3;2022;11:00;1;13;13001;2;1;8;3;R.N 8;43,4843600000;5,4187000000
202200011334;9;5;2022;17:20;1;42;42323;2;4;1;3;Avenue d Andrézieux;45,5567000000;4,2852960000
202200011335;24;12;2022;18:45;3;91;91235;1;1;1;4;RN 104;48,6259300000;2,3569200000
202200011336;25;12;2022;00:40;5;75;75113;1;1;2;6;AUTOROUTE A6B;48,8191290000;2,3305660000
202200011337;8;5;2022;20:16;2;35;35117;1;2;1;3;Route Départementale 58;48,1368138066; -2,2271769494
202200011338;14;3;2022;18:00;2;13;13001;2;6;1;2;ARC DE MEYRAN (AV);43,5111400000;5,4432000000
202200011339;25;12;2022;09:30;1;93;93027;1;1;2;6;BDL;48,9269620059;2,4034222007
202200011340;9;5;2022;17:15;1;64;64528;1;1;1;6;route départementale 22;43,2321130000; -1,2046980000
202200011341;25;12;2022;05:00;3;93;93005;1;1;2;6;AUTOROUTE A104;48,9730763472;2,4910426140
202200011342;11;3;2022;09:41;1;12;12202;2;1;1;1;PARIS (AVENUE DE);44,3607100000;2,5830700000
202200011343;10;5;2022;04:00;3;04;04230;1;1;1;6;RD 6;43,8380130000;5,9598520000
202200011344;23;12;2022;11:10;1;95;95241;1;1;2;6;RN 104;49,0477566605;2,4630256597
202200011345;9;5;2022;16:15;1;88;88075;1;1;1;6;Route des Crètes;48,0318429213;7,0019227266
202200011346;13;3;2022;12:20;2;12;12013;1;1;3;6;RD 840;44,5510200000;2,2914000000
202200011347;25;12;2022;01:00;3;77;77373;1;1;2;6;RN104;48,7744700000;2,6119900000
202200011348;10;3;2022;13:00;1;11;11262;2;1;1;3;BIRAGADIER (RUE DU);43,1965800000;2,9691900000
202200011349;8;5;2022;15:43;1;78;78455;2;2;1;3;37 Rue André le Bourblanc;48,8440660000;2,0645310000
202200011350;24;12;2022;05:30;5;94;94065;1;1;1;2;A86 INT;48,7543063896;2,3502602337
202200011351;18;9;2022;16:40;1;88;88413;2;1;1;2;Route des 2 Hameaux;48,3143200000;6,9192500000
202200011352;16;3;2022;22:45;5;11;11069;2;3;1;3;Boulevard Marcou;43,2111100000;2,3466900000
202200011353;10;5;2022;15:15;1;78;78571;1;1;1;2;A13;48,8657900000;2,0366910000
202200011354;24;12;2022;18:10;5;72;72181;2;1;2;6;CHASSE ROYALE (PL DE LA);48,0143800000;0,1867900000
202200011355;18;3;2022;00:01;5;10;10387;2;2;1;3;HENRI BARBUSSE (RUE);48,2967200000;4,0848100000
202200011356;24;12;2022;17:57;1;973;97302;2;3;1;3;RABAN (ROUTE DE);4,9335390646; -52,3133178055
202200011357;9;5;2022;23:45;5;75;75118;2;2;1;6;BOULEVARD NEY;48,8980410000;2,3441270000
202200011358;23;12;2022;13:30;1;973;97302;2;1;2;7;CABASSOU (ROUTE DE);4,9202626404; -52,3204082251
202200011359;16;3;2022;07:18;1;10;10412;1;1;1;5;ROCADE EST (RD 610);48,3000070000;4,1337300000
202200011360;9;5;2022;17:55;1;54;54018;1;1;1;7;route communal numéro 2;49,2657182571;5,8503806586
202200011361;24;12;2022;09:00;1;972;97209;2;1;1;6;REDOUTE (ROUTE DE LA);14,6170200000; -61,0603900000
202200011362;17;3;2022;15:55;1;09;09225;2;1;3;3;VICTOR HUGO RUE;43,1155700000;1,6144500000
202200011363;24;12;2022;18:15;5;95;95598;2;1;2;6;Rue de l'Égalité;48,9924208359;2,2945842147
202200011364;9;5;2022;09:25;1;14;14445;1;1;1;2;D10;49,1985300000; -0,8656900000
202200011365;14;3;2022;17:00;1;06;06069;2;1;8;3;ROUQUIER (BOULEVARD EMMANUEL);43,6269780000;6,9367870000
202200011366;24;12;2022;17:30;5;95;95500;2;1;2;6;Rue de Gisors;49,0534370000;2,0942750000
202200011367;27;4;2022;17:00;1;94;94043;2;1;1;6;14 Place Jean Jaures;48,8127900000;2,3571400000
202200011368;8;5;2022;15:00;1;88;88075;1;1;1;3;D486 n°54;48,0192200000;6,9052290000
202200011369;13;3;2022;11:00;1;06;06123;2;1;2;2;BARONNE ROUTE DE LA;43,7149610000;7,1770700000
202200011370;26;4;2022;16:45;1;94;94028;2;3;1;3;Boulevard Jean-Baptiste Oudry / Avenue du General Pierre Billotte;48,7764200000;2,4552900000
202200011371;23;12;2022;12:10;1;88;88413;2;1;2;1;Rue d'ALSACE;48,2771400000;6,9610800000
202200011372;8;5;2022;06:40;2;24;24126;1;4;1;7;route des pyrénées - intersection N21 / D14;44,7748480000;0,5331050000
202200011373;13;3;2022;09:45;1;06;06123;2;2;1;3;Corniche Fahnestock;43,6743580000;7,1848650000
202200011374;7;12;2022;18:30;5;78;78517;2;1;1;6;GROUSSAY (RUE DE);48,6527490000;1,8193690000
202200011375;26;4;2022;11:15;1;94;94011;2;3;1;2;Avenue Rhin et Danube / Avenue du 19 Mars 1962;48,7727200000;2,4906000000
202200011376;9;5;2022;09:20;1;83;83047;1;3;1;3;carrefour D 29 avenue de Toulon - chemin de la Ruytèle;43,1408470000;6,0573610000
202200011377;12;3;2022;21:30;5;06;06027;2;1;1;2;PLAGE BOULEVARD DE LA;43,6503700000;7,1513630000
202200011378;27;4;2022;16:45;1;94;94019;2;9;1;6;Route de Provins;48,7942700000;2,5567900000
202200011379;9;5;2022;19:50;1;88;88168;1;1;1;1;Rue de la Poirière;48,3739980000;6,5465590000
202200011380;12;3;2022;11:26;1;05;05061;2;1;1;6;FOREST D'ENTRAIS ( RUE  DU );44,5728800000;6,0936800000
202200011381;24;12;2022;06:20;2;76;76391;1;1;1;6;A13 (Bretelle de Sortie);49,3425540111;0,9308874607
202200011382;9;5;2022;13:30;1;43;43157;2;9;1;6;Boulevard de Cluny;45,0495403995;3,8906353712
202200011383;27;4;2022;19:45;1;94;94056;2;2;1;3;Rue Paul Doumer / Rue de Brie;48,6962200000;2,5540500000
202200011384;12;3;2022;02:56;5;05;05061;2;1;1;7;EYSSAGNIERES ( ROUTE DES );44,5480200000;6,0544700000
202200011385;23;12;2022;17:45;2;71;71486;2;1;1;6;MAX DORMOY (AVENUE);46,6462000000;4,3194300000
202200011386;20;2;2022;06:13;5;02;02549;1;1;8;6;178 Route de la Fere;49,8193400000;3,3118100000
202200011387;9;5;2022;18:10;1;93;93074;2;2;1;6;Avenue du Général de Gaulle / Boulevard Charles Vaillant;48,9430225480;2,5690922141
202200011388;24;12;2022;19:15;5;69;69029;2;3;1;6;23bis Rue des Essarts;45,7339677241;4,8928186297
202200011389;17;3;2022;15:00;1;75;75118;2;1;1;2;BD PERIPHERIQUE EXTERIEUR;48,9009350000;2,3385420000
202200011390;29;5;2022;15:40;1;51;51311;2;1;1;7;Rue Principale;48,7900050000;4,7894700000
202200011391;27;4;2022;06:30;2;93;93064;2;2;1;1;Avenue du Président John Kennedy / Rue Laënnec;48,8811120894;2,4950069189
202200011392;17;3;2022;15:00;1;75;75116;2;4;1;6;AVENUE DU PRESIDENT KENNEDY;48,8579320000;2,2878920000
202200011393;24;12;2022;10:20;1;62;62510;2;1;2;3;Rue Germain Delebecque;50,4256970000;2,7756530000
202200011394;17;3;2022;12:25;1;75;75116;2;3;1;6;AVENUE DE NEW YORK;48,8633130000;2,2963540000
202200011395;27;4;2022;18:30;1;93;93050;2;3;1;6;Avenue du General de Gaulle / Rue Pasteur;48,8582600000;2,5344300000
202200011396;24;12;2022;18:05;5;62;62758;2;1;2;6;Route de Saint Omer;50,7258100000;1,6341300000
202200011397;30;5;2022;17:47;1;01;01261;2;2;1;3;Grande Rue;45,9566530000;4,9403310000
202200011398;23;12;2022;11:45;1;59;59599;2;1;3;6;GRAMME (CHAUSSEE);50,7365870000;3,1708430000
202200011399;27;4;2022;04:20;5;93;93053;2;1;1;6;Boulevard Roger Salengro;48,8836600000;2,4552200000
202200011400;16;3;2022;19:20;2;75;75116;2;3;1;3;AVENUE PAUL DOUMER;48,8619070000;2,2861150000
202200011401;24;12;2022;23:10;5;59;59512;2;9;1;1;CHEMIN VERT (RUE DU);50,6730714635;3,2000952959
202200011402;17;3;2022;11:50;1;75;75115;2;1;1;6;RUE DE LA CROIX NIVERT;48,8438850000;2,2960610000
202200011403;27;5;2022;22:00;3;66;66190;1;1;1;4;A9 - PK 238.900;42,8043144779;2,9002752900
202200011404;26;4;2022;17:15;1;93;93029;2;2;1;3;Avenue Henri Barbusse / Rue Roger Gibrat;48,9193400000;2,4504200000
202200011405;24;12;2022;18:00;3;59;59636;2;6;1;3;YPRES RUE D;50,6792200000;3,0478600000
202200011406;31;5;2022;10:53;1;01;01004;2;6;1;3;Avenue de Verdun;45,9595110000;5,3483140000
202200011407;17;3;2022;08:30;1;75;75115;2;2;1;3;RUE DE VAUGIRARD;48,8444240000;2,3176900000
202200011408;23;12;2022;17:50;5;45;45302;2;1;1;6;678 Rue de la Montjoie;47,9512200000;1,8824700000
202200011409;27;4;2022;08:10;1;93;93027;2;6;1;3;Avenue Jean Jaurès / Rue Rateau;48,9251075831;2,4005877972
202200011410;26;4;2022;15:55;1;93;93001;2;1;1;6;Boulevard Félix Faure;48,9096197478;2,3770562410
202200011411;24;12;2022;10:40;1;35;35278;2;6;1;3;CHESNAIS BEAUREGARD (RUE DU);48,1342236446; -1,6942039132
202200011412;16;3;2022;17:00;1;75;75115;2;2;1;3;AVENUE DE LA MOTTE PICQUET;48,8491309583;2,2981300950
202200011413;30;5;2022;09:05;1;31;31044;2;1;1;2;Avenue de Calvel;43,6019310000;1,5075840000
202200011414;18;4;2022;01:10;5;93;93001;2;9;1;6;Avenue Jean Jaurès;48,9122100000;2,4012000000
202200011415;24;12;2022;04:40;5;34;34172;2;2;1;1;PAVELET (AVENUE DU COLONEL);43,5851600000;3,8600400000
202200011416;30;5;2022;17:50;1;88;88218;1;1;1;7;Route de Gérardmer;48,1400350000;6,7994640000
202200011417;17;3;2022;08:55;1;75;75111;2;3;1;2;BOULEVARD RICHARD LENOIR;48,8647310000;2,3701250000
202200011418;23;12;2022;08:10;2;31;31483;2;1;1;7;ADOUE JEAN (RUE);43,1147900000;0,7529200000
202200011419;27;4;2022;08:52;1;92;92077;2;3;1;3;VERSAILLES (RUE DE);48,8202068059;2,1713235676
202200011420;31;5;2022;00:45;3;35;35200;1;2;1;6;Rue des Ecoliers;47,9722991485; -1,2032188475
202200011421;24;12;2022;21:20;5;29;29232;2;1;2;6;Avenue du Corniguel;47,9731700000; -4,1193600000
202200011422;17;3;2022;00:20;5;75;75111;2;1;1;3;RUE RICHARD LENOIR;48,8546539634;2,3823018372
202200011423;26;4;2022;18:30;1;92;92022;2;1;1;6;SALENGRO (AVENUE ROGER);48,8177755404;2,1966481805
202200011424;23;5;2022;16:45;1;56;56185;1;1;1;6;Lieu Dit Penquelen;47,7895155000; -3,4572543000
202200011425;23;12;2022;17:00;1;29;29254;1;1;8;2;N12;48,5712215430; -3,8539205621
202200011426;26;4;2022;18:30;1;92;92063;2;1;1;6;FOUILLEUSE (AVENUE DE);48,8631400000;2,1931900000
202200011427;31;5;2022;16:10;1;2B;2B353;2;9;1;1;pietranera;42,7128667388;9,4543480514
202200011428;24;12;2022;11:03;2;27;27229;2;1;1;3;MONOD (RUE JACQUES);49,0272200000;1,1802000000
202200011429;27;4;2022;16:45;1;92;92062;2;1;1;7;POMPIDOU (AV GEORGES) N°2 A 18;48,8739087944;2,2359857261
202200011430;17;3;2022;18:15;2;75;75110;2;4;1;3;BOULEVARD DE MAGENTA;48,8794064580;2,3532669246
202200011431;23;12;2022;11:53;1;21;21054;2;9;2;7;PHILIPPE LE BON (ROND POINT);47,0065000000;4,8501500000
202200011432;31;5;2022;16:40;1;65;65258;2;1;1;1;Rue Georges Clémenceau;43,1214720000;0,3778160000
202200011433;27;4;2022;18:30;1;92;92050;2;1;1;3;BECQUET RUE;48,8977500000;2,1992700000
202200011434;17;3;2022;12:00;1;75;75110;2;3;1;3;RUE DU FAUBOURG SAINT DENIS;48,8741600000;2,3552690000
202200011435;29;5;2022;15:00;1;11;11042;1;1;1;6;Ecluse de Fonfile;43,2119010000;2,5901770000
202200011436;24;12;2022;18:20;5;13;13210;2;3;1;6;ROMAIN ROLLAND (BOULEVARD);43,2759739437;5,4174764371
202200011437;27;4;2022;21:30;5;92;92044;2;4;1;3;ANDRE CITROEN (RUE);48,8985269262;2,2834436595
202200011438;24;12;2022;00:05;5;13;13209;2;1;1;6;MICHELET (BOULEVARD);43,2623981642;5,3970284013
202200011439;17;3;2022;12:25;1;75;75109;2;3;1;2;RUE CONDORCET;48,8795640000;2,3474270000
202200011440;24;12;2022;06:00;5;13;13208;2;1;1;3;HAIFA (AVENUE);43,2515333742;5,3907286338
202200011441;27;4;2022;17:30;1;92;92023;2;1;1;6;JEAN BAPTISTE CLEMENT (AVENUE);48,7920721337;2,2640290259
202200011442;30;5;2022;17:45;1;63;63430;2;4;1;1;Avenue de la Premiere Armee;45,8545520000;3,5297820000
202200011443;24;12;2022;09:20;1;11;11069;2;2;1;3;28 Rue de Verdun;43,2126100000;2,3533400000
202200011444;28;4;2022;18:15;1;60;60133;1;2;1;2;D916;49,5359250000;2,3845270000
202200011445;24;12;2022;01:06;5;06;06088;2;1;1;-1;ANGLAIS PLAGE(  PARTIR DU 351);43,6677800000;7,2191700000
202200011446;31;5;2022;13:30;1;49;49331;1;1;1;1;La Ballerie;47,7057510000; -0,7308800000
202200011447;17;3;2022;15:50;1;75;75108;2;7;1;4;PLACE SAINT AUGUSTIN;48,8746359375;2,3200437427
202200011448;24;12;2022;20:00;5;75;75105;2;3;2;6;RUE GUY DE LA BROSSE;48,8447930000;2,3547480000
202200011449;30;5;2022;05:10;2;12;12068;1;1;1;6;Route des Couvres;44,3155580000;2,3559340000