Num_Acc;jour;mois;an;hrmn;lum;dep;com;agg;int;atm;col;adr;lat;long
202200011450;28;4;2022;18:10;1;06;06031;1;1;1;4;D2204b;43,7730610000;7,3324540000
202200011451;17;3;2022;09:27;1;75;75101;2;2;1;3;BOULEVARD DE LA MADELEINE;48,8693990000;2,3251790000
202200011452;23;12;2022;21:20;5;75;75119;2;1;1;3;BOULEVARD DE LA VILLETTE;48,8798310000;2,3704110000
202200011453;28;4;2022;18:30;1;06;06114;1;6;1;3;Route de Levens;43,7528380000;7,2821550000
202200011454;31;5;2022;15:40;1;47;47195;2;2;1;3;88 Allées d Albret;44,1369390000;0,3364990000
202200011455;17;3;2022;19:30;5;94;94080;2;1;1;5;Avenue des Minimes;48,8414200000;2,4301200000
202200011456;24;12;2022;12:50;1;75;75118;2;3;1;3;RUE DE LA CHAPELLE;48,8920029607;2,3598302901
202200011457;27;5;2022;18:30;1;29;29023;2;1;1;6;Parking magasin Casino;48,6594011000; -3,9187059400
202200011458;24;12;2022;09:40;1;75;75116;2;3;1;6;AVENUE D IENA;48,8671940000;2,2953690000
202200011459;24;12;2022;10:50;1;94;94074;2;9;8;3;DIVISION GENERAL LECLERC (AV);48,7438160000;2,4592420000
202200011460;28;4;2022;00:15;3;06;06161;2;1;1;6;Avenue de la Batterie;43,6321870000;7,1356490000
202200011461;18;5;2022;16:40;1;84;84107;1;4;1;1;Route départementale 166;44,0229400000;5,5071540000
202200011462;24;12;2022;15:15;1;94;94068;2;2;2;2;BELLECHASSE (BD DE);48,7938100000;2,4922800000
202200011463;17;3;2022;17:00;1;94;94078;2;2;1;3;Avenue de Valenton;48,7401200000;2,4571200000
202200011464;30;5;2022;20:15;1;26;26112;1;1;1;7;route des amandiers;44,3830260000;5,2305870000
202200011465;30;5;2022;10:15;1;26;26318;1;1;1;6;RD94;44,4222110000;5,3296140000
202200011466;24;12;2022;05:00;5;93;93031;2;4;1;4;Avenue d'Enghien / Avenue Léon Blum;48,9587100000;2,3085300000
202200011467;16;3;2022;16:30;1;94;94068;2;1;1;6;22 Avenue du Raincy;48,7875600000;2,4802800000
202200011468;29;4;2022;08:28;1;71;71105;1;1;1;2;A6, PK 389.600 (sens LYON-PARIS);46,3000870000;4,7927860000
202200011469;17;3;2022;02:03;5;94;94076;2;1;1;6;34 Boulevard Maxime Gorki;48,7973900000;2,3677000000
202200011470;24;12;2022;08:35;1;93;93066;2;1;1;2;Avenue du Président Wilson;48,9146464403;2,3581267416
202200011471;31;5;2022;17:30;1;54;54518;1;3;1;3;D3;48,9396900000;5,8859243000
202200011472;28;4;2022;14:40;1;44;44137;1;1;1;7;N171;47,3565700000; -1,9946900000
202200011473;17;3;2022;09:45;1;94;94033;2;1;1;6;Avenue Charles Garcia;48,8560000000;2,4820000000
202200011474;24;12;2022;02:00;5;93;93066;2;1;1;2;Avenue du Président Wilson;48,9147389682;2,3581018676
202200011475;31;5;2022;16:45;1;06;06160;1;1;1;6;D2202;44,1238130000;6,7855730000
202200011476;29;4;2022;06:00;2;41;41072;2;1;1;6;9 Rue des Acacias;47,7283770000;1,0856830000
202200011477;16;3;2022;22:12;3;94;94028;2;1;1;1;Chemin des Marais;48,7768200000;2,4334100000
202200011478;30;5;2022;14:20;1;05;05146;1;1;1;6;RD1075;44,6343990000;5,6959390000
202200011479;24;12;2022;09:30;1;93;93051;2;3;1;3;Rue Cressent / Rue Marthe;48,8484900000;2,5634900000
202200011480;16;3;2022;18:10;1;94;94028;2;1;1;2;Rue du Castel;48,8032300000;2,4588400000
202200011481;30;5;2022;14:25;1;50;50353;2;1;1;1;Lieu-dit La Caserne;48,6146700000; -1,5103170000
202200011482;29;4;2022;11:00;1;57;57195;1;1;1;1;route départementale 620;49,1040780000;7,3113160000
202200011483;24;12;2022;12:50;1;92;92073;2;3;1;3;BLUM (QUAI LEON);48,8674180214;2,2277296185
202200011484;16;3;2022;15:00;1;93;93078;2;2;1;3;Avenue Georges Clémenceau / Avenue Charles de Gaulle;48,9581760000;2,5583710000
202200011485;22;3;2022;17:45;1;73;73183;1;4;1;3;Chemin du Lac des Pères;45,5100270000;5,9829620000
202200011486;24;12;2022;20:10;5;92;92026;2;1;2;3;COLOMBES;48,8979400184;2,2565612197
202200011487;29;4;2022;07:15;1;89;89239;1;6;1;3;route nationale 60;48,1878060000;3,3185150000
202200011488;30;5;2022;14:30;1;16;16137;1;1;1;6;D4;45,6045510000;0,4868420000
202200011489;16;3;2022;15:11;1;93;93010;2;3;8;2;Avenue de Rosny / Avenue de Rosny;48,9026422285;2,4706980586
202200011490;28;4;2022;18:55;2;74;74208;1;9;1;3;Route des Lacs de Passy;45,9188670000;6,6646830000
202200011491;24;12;2022;18:45;5;92;92026;2;1;2;4;PRÉSIDENT PAUL DOUMER (QUAI DU);48,8885500000;2,2541100000
202200011492;29;5;2022;05:30;2;07;07215;1;1;1;1;;44,8942490000;4,4893310000
202200011493;20;12;2022;20:50;3;92;92060;1;1;2;3;D986, bretelle de sortie Boursidière A86/N385;48,7734147442;2,2414217591
202200011494;17;3;2022;18:15;1;93;93048;2;1;1;2;Rue de Paris;48,8576000000;2,4336000000
202200011495;31;5;2022;07:10;2;53;53147;1;6;7;3;N162;48,2855044837; -0,6231234142
202200011496;24;12;2022;16:20;1;973;97353;2;1;2;1;Avenue Léonard Domerger;3,6424590840; -54,0316669643
202200011497;29;4;2022;11:10;1;74;74104;1;1;1;2;Route d Annecy;45,7861030000;6,2222150000
202200011498;28;4;2022;05:00;3;76;76062;1;1;1;6;D929;49,6610580000;1,2158440000
202200011499;16;3;2022;12:20;1;93;93048;2;3;8;3;Rue de Rosny / Avenue Paul Signac;48,8667100000;2,4558200000
202200011500;24;12;2022;16:25;1;33;33001;1;1;1;3;D17;45,0184210000; -0,1276260000
202200011501;31;5;2022;07:20;1;21;21230;1;4;1;3;D901;47,5193490000;5,0497520000
202200011502;29;5;2022;18:20;1;40;40210;1;3;1;6;pk 95 A63;44,0409670000; -1,0132250000
202200011503;24;12;2022;19:15;3;22;22180;1;1;2;6;N176;48,4250960000; -2,2164050000
202200011504;28;4;2022;18:20;1;79;79119;1;3;1;7;;46,5563080000; -0,4829050000
202200011505;16;3;2022;17:00;1;93;93032;2;3;1;6;Rue Clemenceau / Avenue Jean Jaurès;48,8831000000;2,5275000000
202200011506;24;12;2022;18:00;3;12;12291;1;1;1;6;A75 ;44,2070270000;3,0675030000
202200011507;16;3;2022;13:05;1;93;93032;2;1;1;6;Rue du 18 Juin;48,8788900000;2,5551400000
202200011508;11;5;2022;18:00;1;85;85084;2;1;1;3;La Miltière;46,7812680000; -1,2143620000
202200011509;29;4;2022;07:50;1;82;82112;1;1;1;1;D72;44,0926851000;1,0932587690
202200011510;17;3;2022;14:00;1;93;93001;2;1;1;3;ANATOLE FRANCE (BLD) PAIR;48,9173200000;2,3819600000
202200011511;31;5;2022;18:40;1;28;28319;1;1;1;1;départementale 2020;48,2830790000;1,9788910000
202200011512;24;12;2022;17:00;2;62;62199;2;3;1;2;D341;50,3728000000;2,6368500000
202200011513;28;4;2022;18:00;1;89;89348;2;2;1;3;Rue de la Folie;48,0328960000;3,3017190000
202200011514;17;3;2022;18:00;1;92;92046;2;1;1;7;IRENE ET FREDERIC JOLIOT CURIE (AVENUE);48,8144615779;2,3025415242
202200011515;17;3;2022;10:00;1;92;92063;2;4;1;6;PERI (AVENUE GABRIEL);48,8827700000;2,1883300000
202200011516;17;3;2022;19:10;5;92;92050;2;2;1;6;COUCHANT BOULEVARD DU;48,8944014100;2,1939238608
202200011517;17;3;2022;13:15;1;92;92044;2;2;1;3;ARISTIDE BRIAND(RUE)51A83  54A96;48,8936088368;2,2911177277
202200011518;28;4;2022;20:39;1;63;63420;1;2;1;3;D2089;45,8144140000;3,3375260000
202200011519;16;3;2022;22:00;5;92;92012;2;1;1;3;NATIONALE (RUE) 1/37 - 2/30BIS;48,8254300000;2,2435900000
202200011520;21;4;2022;15:50;1;61;61072;1;1;1;7;Route de Vimoutiers;48,9477040000;0,2501680000
202200011521;17;3;2022;14:05;1;92;92002;2;1;1;2;JEAN MONNET (AVENUE);48,7466567558;2,2969731241
202200011522;16;3;2022;23:29;5;92;92002;2;1;1;4;DOCTEUR TENINE (AVENUE DU);48,7636519202;2,3096752614
202200011523;18;3;2022;18:15;1;06;06149;2;1;8;7;Pénétrante du Paillon;43,7565110000;7,3183860000
202200011524;29;4;2022;19:30;1;55;55447;2;1;1;3;Rue Louis Best;48,6709910000;5,1117270000
202200011525;17;3;2022;15:15;1;09;09181;1;1;2;6;Lieu Dit Castagnes;43,0780300000;1,3774060000
202200011526;17;3;2022;15:40;1;95;95116;1;1;1;1;Chemin du Bac des Aubins;49,1502141957;2,3306813836
202200011527;17;3;2022;07:05;2;17;17310;1;1;1;1;RD 732;45,5759010000; -0,7684420000
202200011528;17;3;2022;21:15;3;88;88349;1;1;5;6;route departementale 415;48,1729550000;7,0397470000
202200011529;28;4;2022;17:55;1;41;41126;1;3;1;2;D17;47,2819220000;1,3558240000
202200011530;29;4;2022;01:30;3;25;25485;1;1;1;6;D73;47,3815380000;6,7013410000
202200011531;18;3;2022;07:50;1;85;85109;1;1;1;5;La Mariere;46,8595310000; -0,9665340000
202200011532;17;3;2022;23:40;3;08;08330;1;1;1;6;A34;49,5422820000;4,4319640000
202200011533;29;4;2022;11:30;1;25;25510;1;1;1;6;D67;47,2806770000;5,8031160000
202200011534;29;4;2022;16:15;1;29;29174;1;1;1;6;Lieu Dit Kereonval;47,8744760000; -4,2691110000
202200011535;18;3;2022;07:15;1;62;62384;1;2;7;3;rue nationale;50,1543180000;3,1007250000
202200011536;27;4;2022;23:30;3;38;38453;1;1;1;6;698 Route de Pont-En-Royans;45,1079540000;5,3233070000
202200011537;18;3;2022;16:55;1;76;76333;1;1;1;7;D115;49,9505430000;1,5227870000
202200011538;28;4;2022;11:15;1;15;15124;1;1;1;6;D36;45,2927810000;2,5948920000
202200011539;27;4;2022;14:50;1;15;15117;1;1;1;7;Moulin de Canhac;44,7986930000;2,3600540000
202200011540;29;4;2022;18:20;1;01;01355;1;1;2;1;Route de Vonnas;46,2606910000;5,0051580000
202200011541;28;4;2022;17:15;1;01;01025;2;2;1;3;D80;46,3371730000;4,9891020000
202200011542;29;4;2022;05:45;3;85;85084;1;1;1;4;A83;46,7930300000; -1,1991670000
202200011543;19;2;2022;03:05;3;57;57672;1;1;1;1;Autoroute A31;49,3632400000;6,1069600000
202200011544;28;4;2022;18:30;1;18;18121;1;2;1;3;;46,9206660000;2,6535840000
202200011545;28;4;2022;22:20;3;18;18130;1;1;1;6;;46,6529860000;2,3770700000
202200011546;12;9;2022;07:45;1;02;02319;1;1;7;1;Rue de Fontaine-notre-dame;49,8946210000;3,4062980000
202200011547;29;4;2022;15:25;1;24;24020;1;1;1;3;Route d Estieux;45,1416510000;1,1944180000
202200011548;5;9;2022;12:00;1;58;58261;1;1;7;3;Rosière;47,4179940000;2,9579940000
202200011549;28;4;2022;18:24;1;04;04136;2;9;1;3;RD 955;43,9816600000;6,5246770000
202200011550;11;9;2022;17:45;1;72;72132;2;1;1;1;Avenue de Verdun;48,1916330000;0,6613530000
202200011551;12;4;2022;14:20;1;04;04091;1;1;1;7;RD 4096;43,9991200000;5,9193560000
202200011552;11;9;2022;12:00;1;72;72346;1;1;1;7;D289;47,8830960000;0,0385170000
202200011553;29;4;2022;12:05;1;17;17465;1;1;1;1;rd 939;45,9689000000; -0,5593160000
202200011554;11;9;2022;19:00;1;50;50197;1;1;1;3;2 Route du 30 Juillet;48,8665110000; -1,3913260000
202200011555;29;4;2022;01:45;3;30;30082;1;1;1;6;D999;43,8592100000;4,2247370000
202200011556;11;9;2022;15:30;1;50;50588;1;1;1;7;Route de Saint Pierre;49,5356620000; -1,4679060000
202200011557;11;9;2022;19:30;1;53;53107;2;1;1;7;Place du General Barrabe;48,4105450000; -0,8120440000
202200011558;28;4;2022;18:50;1;06;06152;1;1;1;7;Route du Parc;43,6124900000;7,0474410000
202200011559;29;4;2022;10:00;1;51;51507;1;9;1;7;A4;49,0839430000;4,9573870000
202200011560;3;9;2022;10:00;1;85;85006;1;1;1;4;RD40;46,7564530000; -1,7151920000
202200011561;21;7;2022;06:00;2;85;85182;1;1;1;6;le coteau route de pouzauges;46,7855070000; -0,8134300000
202200011562;29;4;2022;09:30;1;69;69163;1;9;1;1;Route Départementale 51;45,9100550000;4,7908810000
202200011563;11;9;2022;03:00;5;971;97103;2;1;1;6;Rue Francois Fresneau;16,2443180000; -61,5598170000
202200011564;27;4;2022;20:45;3;976;97617;1;1;1;7;CCD1, combani; -12,7968300000;45,1305810000
202200011565;10;9;2022;18:50;5;987;98722;2;1;3;3;PK 27.700 C/MONTAGNE TIAREI; -17,5920000000; -149,3910000000
202200011566;27;4;2022;22:45;3;971;97118;1;1;1;2;n1 POINTE A PITRE / BASSE TERRE;16,2328210000; -61,5905140000
202200011567;11;9;2022;17:45;3;988;98821;1;1;3;4;VE2; -22,1400700000;166,3542510000
202200011568;28;4;2022;18:30;3;971;97132;1;1;8;1;RN1 - Morne Cinq Jours;15,9890130000; -61,6187100000
202200011569;11;9;2022;16:00;1;41;41071;1;1;1;7;Lieu dit Le Cormier;47,6613480000;1,6217280000
202200011570;28;4;2022;19:45;2;95;95641;1;1;1;1;RD 16;49,0484450000;2,5760360000
202200011571;11;9;2022;19:25;1;77;77273;2;1;1;3;D41;49,0500900000;2,7673320000
202200011572;11;9;2022;18:50;1;30;30231;1;1;1;1;D 907;44,1435370000;3,6986160000
202200011573;28;4;2022;16:50;1;30;30258;2;2;1;3;Boulevard Chanzy;43,6735000000;4,4335400000
202200011574;8;9;2022;09:00;1;13;13007;2;9;1;3;D560;43,3675870000;5,6455240000
202200011575;11;9;2022;16:18;1;13;13042;1;1;1;6;D2;43,3125950000;5,6659840000
202200011576;28;4;2022;17:50;1;21;21130;1;1;1;7;D25;47,2829260000;5,2692320000
202200011577;11;9;2022;18:35;1;89;89013;1;1;1;7;Autoroute A6;47,8702320000;3,4857900000
202200011578;26;4;2022;15:00;1;68;68322;1;1;1;6;108 Route de Thann;47,8095160000;7,1444280000
202200011579;11;9;2022;21:30;3;88;88457;1;1;1;1;RD 3;48,3901300000;5,6383470000
202200011580;11;9;2022;14:38;1;73;73077;1;3;1;3;N90 PR 71+220;45,5748865200;6,7275722623
202200011581;29;4;2022;14:15;1;67;67065;1;1;1;1;M45;48,5752730000;7,5970510000
202200011582;10;8;2022;15:10;1;38;38317;2;1;1;6;15 Allée Albert Camus;45,1342740000;5,6982100000
202200011583;29;4;2022;12:15;1;73;73248;2;6;1;3;Avenue du 8 mai 1945;45,2725910000;6,3615560000
202200011584;2;9;2022;10:15;1;01;01249;2;3;1;3;Rue du Four à Chaux;45,8254800000;4,9688780000
202200011585;29;4;2022;14:00;1;07;07245;1;4;1;1;;45,0775440000;4,7803510000
202200011586;11;9;2022;06:30;5;69;69233;2;9;1;5;Quai de Charézieux;45,8358340000;4,8329440000
202200011587;11;9;2022;23:30;3;09;09282;1;1;1;6;RD820;43,2432960000;1,5788340000
202200011588;28;4;2022;17:00;1;07;07324;2;1;1;1; Impasse Emile Junique;45,0530980000;4,8366500000
202200011589;9;9;2022;16:10;1;33;33475;2;1;1;6;Lieu Dit la Croix Blanche;45,0492990000; -0,5840530000
202200011590;11;9;2022;17:00;1;85;85178;1;3;1;7;les ajonnets;46,7833900000; -1,5383460000
202200011591;28;4;2022;14:11;1;19;19096;1;9;1;3;RD1120;45,2257049134;1,8126408756
202200011592;11;9;2022;13:35;1;50;50099;1;1;1;7;Rue des Planeurs;49,3532630000; -1,2565450000
202200011593;10;9;2022;12:30;1;14;14384;2;1;1;6;D514;49,3209030623; -0,3569253087
202200011594;28;4;2022;06:40;2;86;86115;2;3;1;3;65 Grand Rue;46,6840430000;0,3759180000
202200011595;11;9;2022;14:40;1;76;76164;2;1;1;6;Route de Rançon (Caudebec-en-Caux);49,5235860000;0,7502620000
202200011596;29;4;2022;11:30;1;49;49020;2;1;1;3;Rue Georges Morel;47,4784680000; -0,6180610000
202200011597;11;9;2022;16:15;1;13;13117;1;1;1;2;A7-Sens Lyon vers Marseille;43,4712200000;5,2356400000
202200011598;9;9;2022;15:20;1;13;13212;1;1;1;3;A507 sens Aubagne- Marseille;43,2926000000;5,4242000000
202200011599;10;9;2022;02:43;3;13;13071;1;1;1;2;A7-Sens Marseille vers Lyon;43,4048420000;5,3397220000
202200011600;25;4;2022;17:00;1;49;49306;1;6;1;5;D 723;47,4381900000; -0,6991340000
202200011601;11;9;2022;01:40;5;83;83090;1;1;1;6;A50;43,1270000000;5,8230200000
202200011602;28;4;2022;17:17;1;29;29046;2;1;1;6;8 Rue Desire Lucas;48,0852820000; -4,3297810000
202200011603;10;9;2022;15:43;1;83;83137;2;1;1;3;A57;43,1257200000;5,9717000000
202200011604;10;9;2022;10:30;1;42;42110;1;1;1;6;A47;45,4943194540;4,5407862067
202200011605;28;4;2022;17:26;1;60;60149;2;9;1;3;Rue de Beauvais;49,3468990000;2,6796560000
202200011606;11;9;2022;06:10;4;33;33318;1;1;1;6;ROCADE A 630;44,7895100000; -0,6447600000
202200011607;11;9;2022;18:38;2;91;91340;1;1;1;4;AUTOROUTE A6;48,5974500000;2,4414200000
202200011608;27;4;2022;09:45;1;13;13056;1;1;1;2;A55-Sens Marseille vers Martigues;43,3978152439;5,0748467445
202200011609;11;9;2022;14:42;1;92;92002;1;1;1;2;AUTOROUTE A10;48,7295420000;2,3069010000
202200011610;23;4;2022;01:40;3;13;13106;1;9;1;7;A7-Sens Marseille vers Lyon;43,4029013227;5,3452402353
202200011611;11;9;2022;05:36;3;91;91689;1;1;1;3;AUTOROUTE A6A;48,7279300000;2,3140900000
202200011612;10;9;2022;20:00;2;91;91064;1;1;8;1;RD 444;48,7472300000;2,2191200000
202200011613;18;4;2022;15:30;1;69;69199;1;1;1;6;Avenue Pierre Sémard;45,7036900000;4,8445200000
202200011614;11;9;2022;18:45;1;93;93006;1;1;1;3;A3;48,8658500000;2,4168400000
202200011615;15;4;2022;17:10;1;33;33162;1;1;1;4;ROCADE A 630;44,8767920000; -0,6325590000
202200011616;11;9;2022;12:15;1;93;93007;1;1;1;4; A3;48,9421443682;2,4781664745
202200011617;15;4;2022;15:30;1;33;33550;1;1;1;6;ROCADE A 630;44,7783300000; -0,5659600000
202200011618;11;9;2022;21:15;3;94;94069;1;1;1;2;A86 EXT;48,8162613201;2,4528248380
202200011619;11;9;2022;08:15;1;94;94017;1;1;8;6;A4;48,8290964148;2,4806796649
202200011620;27;4;2022;18:50;1;91;91136;1;1;1;2;AUTOROUTE A126;48,7117200000;2,2916620000
202200011621;11;9;2022;01:35;3;94;94069;1;1;1;7;A4;48,8176057496;2,4212441061
202200011622;27;4;2022;17:25;1;94;94034;1;1;1;4;AUTOROUTE A86;48,7602012934;2,3206169189
202200011623;11;3;2022;18:38;2;69;69096;2;3;6;1;Rue André Sabatier;45,6097200000;4,7770900000
202200011624;26;4;2022;20:10;1;78;78043;1;1;1;2;A12 Y;48,8225870000;2,0713200000
202200011625;10;9;2022;11:25;1;971;97105;2;9;1;6;CHARLES DE GAULLE (BD DU GENERAL);15,9946800000; -61,7312300000
202200011626;9;9;2022;16:27;1;91;91689;2;1;2;6;BD ARAGO;48,7270300000;2,3167300000
202200011627;26;4;2022;19:10;1;92;92023;1;1;1;2;A86 EXT ;48,7769354895;2,2248458868
202200011628;26;4;2022;08:10;1;78;78571;1;1;1;7;A13;48,8709790000;2,0281060000
202200011629;9;9;2022;17:15;1;59;59350;2;6;2;6;WAZEMMES RUE DE N°63-78 A FIN;50,6232205814;3,0539819598
202200011630;25;4;2022;20:40;1;92;92072;1;1;1;6;N118;48,8205945740;2,2186143918
202200011631;10;9;2022;12:55;1;53;53130;2;1;1;6;BOUDET ( QUAI PAUL );48,0680200000; -0,7686800000
202200011632;10;9;2022;09:50;1;37;37122;2;1;1;6;VERDUN (RUE DE);47,3421600000;0,6639200000
202200011633;25;4;2022;09:50;1;78;78126;1;1;1;4;A13;48,8397340000;2,1178700000
202200011634;8;9;2022;08:25;1;71;71306;2;1;1;6;PERRECY (IMPASSE DE);46,6584900000;4,3527900000
202200011635;25;4;2022;06:40;1;92;92064;1;1;1;2;A13;48,8388738592;2,1936046998
202200011636;8;9;2022;08:30;1;69;69290;2;3;1;6;Rue Henri Maréchal;45,6916200000;4,9384100000
202200011637;24;4;2022;18:20;1;94;94073;1;1;1;4;A86 INT;48,7669185754;2,3785361704
202200011638;8;9;2022;13:35;1;61;61143;2;6;8;7;PONT DU FRESNE (RUE DU);48,4458900000;0,0632100000
202200011639;8;9;2022;17:10;1;44;44184;2;1;1;6;114 Allée des Orchidées;47,2623900000; -2,2544900000
202200011640;19;4;2022;17:45;1;94;94069;1;1;1;2;A4;48,8172002825;2,4437061533
202200011641;8;9;2022;09:35;1;38;38185;2;1;1;6;Chemin de la Blanchisserie;45,1837011300;5,7468688100
202200011642;19;2;2022;11:12;1;95;95280;2;1;1;6;Avenue de Chantilly;49,0325269661;2,4773633480
202200011643;8;9;2022;08:40;1;33;33318;2;3;2;1;Rue Paul-Emile Victor;44,7839900000; -0,6797900000
202200011644;24;2;2022;21:40;5;62;62643;1;1;1;7;EUROPE ( Rue de l');50,7050810000;1,5904630000
202200011645;25;4;2022;09:00;1;974;97416;2;3;1;3;PARADIS (LIGNE) (2); -21,3011700000;55,4574400000
202200011646;10;9;2022;13:15;1;976;97611;2;1;1;7;mamoudzou centre-Adrian SOULI (avenue); -12,7788700000;45,2322500000
202200011647;25;4;2022;13:50;1;974;97411;2;3;1;5;Route la Riviere des Pluies; -20,9002100000;55,4993100000
202200011648;10;9;2022;19:50;3;974;97407;1;1;1;2;SACRE COEUR (RD POINT) -RIV. DES GALETS ; -20,9563100000;55,3111400000
202200011649;26;4;2022;09:50;1;972;97213;1;1;2;7;ROUTE NATIONALE 6;14,5982310000; -60,9762120000
202200011650;10;9;2022;13:30;1;974;97407;1;1;1;7;ROUTE NATIONALE N° 1; -20,9499000000;55,3199000000
202200011651;25;4;2022;06:35;1;971;97101;2;1;1;6;ROUTE DES ABYMES;16,2539300000; -61,5233800000
202200011652;9;9;2022;01:55;5;972;97213;1;1;1;2;ROUTE NATIONALE 5;14,6211250000; -60,9907550000
202200011653;25;4;2022;17:28;1;87;87085;1;1;1;7;AEROPORT LIMOGES BELLEGARDE (AVENUE DE);45,8621200000;1,1735700000
202200011654;10;9;2022;12:20;1;69;69389;2;1;1;6;Rue Marietton;45,7755000000;4,8034600000
202200011655;10;9;2022;14:57;1;2A;2A004;1;6;1;2;T20;41,9271300000;8,7791600000
202200011656;25;4;2022;17:00;1;83;83062;1;1;1;2;ROUTE DE HYERES;43,1379000000;6,0247500000
202200011657;20;4;2022;21:40;5;80;80021;2;1;1;6;DEPORTES (RUE DES);49,9009000000;2,2990600000
202200011658;10;9;2022;17:35;1;78;78138;2;1;2;2;DE GAULLE (AVENUE CHARLES);48,9704300000;2,0359400000
202200011659;21;4;2022;17:45;1;80;80001;2;1;1;6;HOCQUET (d');50,1090949093;1,8248132344
202200011660;10;9;2022;06:20;5;72;72181;2;9;1;3;BOHEME (ALLEE DE);47,9987863002;0,2184569833
202200011661;11;9;2022;01:00;5;71;71076;2;1;1;2;234 Avenue de Paris;46,8042500000;4,8452100000
202200011662;20;3;2022;15:10;1;78;78165;2;2;1;3;RUISSEAU (AVENUE DU);48,8161730000;1,9975330000
202200011663;10;9;2022;19:20;1;71;71076;2;1;1;3;ELUARD (RUE PAUL);46,8042500000;4,8452100000
202200011664;19;4;2022;18:54;1;76;76540;2;1;1;3;Rue Charles Baudelaire;49,4234400000;1,0974700000
202200011665;10;9;2022;23:10;5;64;64249;2;1;1;2;Avenue Getaria;43,4211520000; -1,6058320000
202200011666;10;9;2022;11:05;1;64;64249;1;1;1;2;RD810;43,4170900000; -1,6095700000
202200011667;16;4;2022;18:15;1;76;76157;2;1;1;2;Rue Lamartine;49,4471800000;1,0370200000
202200011668;10;9;2022;17:45;1;64;64284;2;1;1;3;OLLE LAPRUNE;43,2848100000; -0,3877500000
202200011669;25;4;2022;16:45;1;72;72181;2;1;1;2;ESTIENNE D'ORVES (BD D');47,9843100000;0,1858900000
202200011670;10;9;2022;12:20;1;64;64348;2;6;1;3;EUROPE DE L';43,3209940986; -0,3919351101
202200011671;26;4;2022;16:50;1;69;69029;2;1;1;6;Rue de la Pagère;45,7481800000;4,9145500000
202200011672;10;9;2022;09:30;1;64;64237;2;6;1;3;D 802;43,2790435022; -0,3755763173
202200011673;9;9;2022;04:50;5;64;64024;2;1;3;6;Avenue de Bayonne;43,4809900000; -1,5122000000
202200011674;25;4;2022;14:00;1;69;69290;2;4;1;3;Rue du Lyonnais;45,6955400000;4,9123500000
202200011675;10;9;2022;21:53;3;62;62239;1;9;1;6;D243E3;50,9220200000;1,7928170000
202200011676;10;9;2022;14:15;1;59;59508;2;1;1;6;LILLE (RUE DE);50,7349522257;3,1150746346
202200011677;22;4;2022;13:00;1;67;67218;2;1;1;2;WOLFLEY (RUE DE);48,5145700000;7,7063400000
202200011678;10;9;2022;04:15;5;57;57463;2;1;9;6;LORRY (ROUTE DE );49,1379000000;6,1421900000
202200011679;1;9;2022;16:08;1;54;54431;1;1;1;7;RD 657 ;48,9220000000;6,0654600000
202200011680;22;4;2022;10:55;1;67;67482;2;1;1;3;CLEMENCEAU (BOULEVARD);48,5909600000;7,7465330000
202200011681;10;9;2022;22:25;5;54;54395;2;2;2;3;Rue de Tomblaine;48,6867100000;6,2011000000
202200011682;25;4;2022;17:10;1;64;64129;2;6;1;2;BAYONNE DE;43,3051000000; -0,4019700000
202200011683;11;9;2022;00:10;3;51;51105;2;1;1;7;avenue Jacques de Bohan;49,2333800000;4,0999500000
202200011684;22;4;2022;19:30;1;62;62523;2;1;1;7;LILLE (RTE DE);50,4408390000;2,8501630000
202200011685;9;9;2022;17:55;1;51;51454;2;7;8;1;place du Forum;49,2566500000;4,0347100000
202200011686;10;9;2022;00:30;5;51;51454;2;1;2;7;rue Bacquenois;49,2523700000;4,0220000000
202200011687;17;4;2022;16:55;1;59;59350;2;2;7;2;JUSSIEU RUE;50,6166983111;3,0620902777
202200011688;10;9;2022;18:30;1;49;49007;2;1;1;7;PETITES MUSSES;47,4499300000; -0,5757400000
202200011689;23;4;2022;21:15;5;58;58194;2;1;2;6;CHARLEVILLE;46,9894400000;3,1504800000
202200011690;10;9;2022;03:00;5;47;47323;2;3;1;6;CASSENEUIL(ROUTE DE );44,4230829627;0,7003763785
202200011691;24;4;2022;08:50;1;57;57672;2;1;2;6;FORET (RUE DE LA);49,3562700000;6,0646700000
202200011692;10;9;2022;18:34;1;47;47032;1;9;1;1;CASSOU (Rte de);44,1904320000;0,6854100000
202200011693;24;4;2022;08:20;1;54;54395;2;2;1;2;ARC ( RUE JEANNE D'N;48,6834200000;6,1735100000
202200011694;9;9;2022;17:23;1;47;47201;1;1;1;3;D931;44,1645800000;0,5989100000
202200011695;10;9;2022;20:40;5;45;45284;2;3;1;3;138 Rue du Faubourg de Bourgogne;47,9038155315;1,9353181422
202200011696;26;4;2022;19:10;1;51;51454;2;1;1;3;avenue Jean Jaurès;49,2613000000;4,0500400000
202200011697;10;9;2022;10:15;1;45;45068;2;2;8;3;1 Avenue Jean Jaurès;48,0130400000;2,7312100000