Num_Acc;jour;mois;an;hrmn;lum;dep;com;agg;int;atm;col;adr;lat;long
202200011698;25;4;2022;12:44;1;49;49007;2;1;1;3;PASTEUR;47,4813900000; -0,5238300000
202200011699;10;9;2022;18:50;1;43;43041;2;1;1;6;1 Cote de Tireboeuf;45,0496100000;3,9120500000
202200011700;10;9;2022;02:20;5;43;43089;2;1;1;6;Route de Langeac;45,0504800000;3,8463100000
202200011701;22;4;2022;22:50;4;49;49007;2;1;1;3;MILLOT BOULEVARD JACQUES;47,4545500000; -0,5338600000
202200011702;10;7;2022;22:10;5;42;42218;2;2;1;3;Rue Chevreul;45,4244500000;4,3930900000
202200011703;23;4;2022;15:40;1;41;41018;2;2;1;3;VALLEE MAILLARD (RUE DE LA);47,6101800000;1,3328700000
202200011704;5;9;2022;11:45;1;42;42218;2;2;1;3;Rue Florent Evrard;45,4240100000;4,3751800000
202200011705;10;9;2022;17:30;1;35;35238;2;1;1;6;LAENNEC (BD RENE);48,1079100000; -1,6657700000
202200011706;26;4;2022;18:15;1;37;37122;2;3;1;2;RD 86 DE MONTS à TOURS;47,3267304362;0,6628704071
202200011707;10;9;2022;16:30;1;35;35238;1;1;1;4;;48,0789300000; -1,6737700000
202200011708;26;4;2022;18:30;1;35;35238;1;1;1;2;N136;48,1123600000; -1,7183900000
202200011709;10;9;2022;03:25;3;35;35238;1;1;1;2;;48,0825868966; -1,6446501017
202200011710;9;9;2022;14:25;1;31;31555;2;1;1;6;RUE REGUELONGUE;43,5577400000;1,3798200000
202200011711;26;4;2022;11:00;1;33;33281;2;6;1;3;Avenue du Maréchal Leclerc;44,8370600000; -0,6469200000
202200011712;10;9;2022;15:45;1;26;26198;2;1;1;6;KENNEDY(Avenue John F.);44,5534600000;4,7463500000
202200011713;25;4;2022;16:15;1;33;33032;2;1;1;3;Rue du Maréchal Joffre;44,8983400000; -0,5100600000
202200011714;10;9;2022;11:15;1;22;22278;2;1;1;6;CORDERIE (DE LA);48,5156300000; -2,7710100000
202200011715;26;4;2022;08:20;1;31;31069;2;9;1;6;RUE VELASQUEZ;43,6178200000;1,3886350000
202200011716;10;9;2022;15:00;1;14;14437;2;1;2;3;D613;49,1695979921; -0,3226053715
202200011717;26;4;2022;08:10;1;28;28134;1;1;1;1;RN 12 (ARCHE DU GAZON);48,7430000000;1,3377400000
202200011718;9;9;2022;17:54;1;14;14118;2;3;1;3;Avenue Robert Schuman;49,1915100000; -0,3923600000
202200011719;26;4;2022;17:22;1;27;27562;2;1;1;6;DE GAULLE (BOULEVARD);49,0987700000;1,4559100000
202200011720;10;9;2022;23:45;5;13;13103;2;9;1;3;BOULEVARD JOLY - VICTOR;43,6387000000;5,0953400000
202200011721;26;4;2022;18:15;1;14;14118;2;1;1;3;Boulevard Yves Guillou;49,1725516988; -0,3889954091
202200011722;10;9;2022;23:45;5;13;13211;2;3;1;3;JEAN LOMBARD (AVENUE);43,2889500000;5,4300100000
202200011723;26;4;2022;16:33;1;14;14118;2;1;1;6;12-54 Avenue de Paris;49,1734580000; -0,3341940000
202200011724;10;9;2022;04:50;5;13;13207;2;1;1;7;TELLENE (BOULEVARD);43,2849000000;5,3675600000
202200011725;26;4;2022;17:45;1;13;13214;2;1;1;2;Louis VILLECROZE (Bld);43,3200848944;5,3920024445
202200011726;9;9;2022;23:35;5;13;13202;2;2;1;3;PARIS (BOULEVARD DE);43,3061950996;5,3722956776
202200011727;26;4;2022;08:25;1;13;13215;2;1;1;2;SAINT ANTOINE A SAINT JOSEPH (CHEMIN DE);43,3593891940;5,3648255222
202200011728;10;9;2022;15:55;1;08;08105;1;1;3;7;;49,8008816098;4,7082831859
202200011729;10;9;2022;05:10;5;06;06088;2;1;1;-1;GAIRAUT (AV. DE);43,7345300000;7,2579100000
202200011730;15;4;2022;12:00;1;13;13201;2;2;1;3;FRANKLIN ROOSEVELT (COURS)   1 A 37;43,2991000000;5,3880200000
202200011731;10;9;2022;01:30;5;06;06004;2;1;1;1;NICE(RN.7) AV.ET RTE DE;43,5948430000;7,1200210000
202200011732;25;4;2022;16:30;1;13;13002;2;1;1;6;PIED D'AUTRY (TRAVERSE DE);43,3397619524;5,4776105073
202200011733;10;9;2022;13:50;1;75;75117;2;1;1;2;PORTE DE SAINT OUEN;48,9007640000;2,3302420000
202200011734;9;9;2022;22:15;5;75;75113;2;1;1;7;BD PERIPHERIQUE EXTERIEUR;48,8168800000;2,3483260000
202200011735;26;4;2022;21:30;5;13;13063;2;9;1;2;THEODORE AUBANEL BOULEVARD;43,5879600000;4,9995400000
202200011736;9;9;2022;19:50;1;75;75112;2;1;2;3;BD PERIPHERIQUE INTERIEUR;48,8458310000;2,4142090000
202200011737;10;9;2022;09:00;1;75;75117;2;2;1;6;RUE CARDINET;48,8886360000;2,3156520000
202200011738;25;4;2022;10:55;1;13;13070;2;6;1;2;GARE (BOULEVARD DE LA);43,2837124582;5,5141008246
202200011739;10;9;2022;04:21;5;75;75107;2;7;1;2;PONT DE L ALMA;48,8624140000;2,3015900000
202200011740;26;4;2022;18:00;1;11;11069;2;3;1;3;MUSSET ALFRED-DE -ET IMPASSE-;43,2229000000;2,3454100000
202200011741;9;9;2022;05:30;5;75;75115;2;2;1;7;AVENUE EMILE ZOLA;48,8469140000;2,2932750000
202200011742;25;4;2022;18:10;1;10;10387;2;1;1;6;LOMBARDS (AVENUE);48,2716921026;4,0788030624
202200011743;10;9;2022;11:50;1;75;75114;2;1;2;6;BOULEVARD JOURDAN;48,8204350000;2,3386760000
202200011744;10;9;2022;10:15;1;75;75111;2;2;2;3;RUE JEAN PIERRE TIMBAUD;48,8648650000;2,3665380000
202200011745;26;4;2022;11:45;1;06;06069;2;1;1;3;CANNES (ROUTE DE)  -RD 6085-;43,6380680000;6,9507160000
202200011746;10;9;2022;13:37;1;75;75110;2;1;8;6;RUE DU FAUBOURG DU TEMPLE;48,8682880000;2,3657120000
202200011747;21;4;2022;17:10;1;05;05061;2;1;8;3;GUILLAUME FAREL ( AVENUE );44,5591100000;6,0730900000
202200011748;10;9;2022;05:32;5;75;75110;2;2;1;3;RUE LOUIS BLANC;48,8810990000;2,3651650000
202200011749;10;9;2022;05:50;5;75;75110;2;2;1;3;BOULEVARD DE BONNE NOUVELLE;48,8707190000;2,3479550000
202200011750;25;4;2022;18:15;1;75;75120;2;1;1;4;BD PERIPHERIQUE INTERIEUR;48,8581320366;2,4140898383
202200011751;10;9;2022;06:50;2;75;75109;2;3;8;7;BOULEVARD DES ITALIENS;48,8710880000;2,3347830000
202200011752;10;9;2022;13:15;1;75;75108;2;3;2;6;AVENUE DES CHAMPS ELYSEES;48,8670800000;2,3161210000
202200011753;26;4;2022;22:28;5;75;75106;2;2;1;3;RUE DE TOURNON;48,8514700000;2,3370590000
202200011754;10;9;2022;03:20;5;75;75109;2;5;8;2;BOULEVARD MONTMARTRE;48,8719770000;2,3400450000
202200011755;26;4;2022;12:50;1;75;75105;2;3;8;3;BOULEVARD SAINT MARCEL;48,8370940000;2,3526830000
202200011756;10;9;2022;18:35;2;94;94042;2;1;2;4;EUROPE (BD DE L);48,8145200000;2,4636600000
202200011757;26;4;2022;04:20;5;75;75106;2;3;1;6;BOULEVARD SAINT GERMAIN;48,8540730000;2,3315560000
202200011758;10;9;2022;03:00;5;94;94043;2;2;1;3;GABRIEL PERI (R);48,8060970000;2,3459540000
202200011759;10;9;2022;00:30;5;94;94076;2;1;8;3;MAXIME GORKI (BD);48,7970000000;2,3680000000
202200011760;26;4;2022;21:10;5;75;75119;2;4;1;3;AVENUE DU BELVEDERE;48,8804677531;2,4071136117
202200011761;10;9;2022;15:24;1;94;94028;2;1;3;4;FOCH(AVENUE DU MARECHAL);48,7730000000;2,4399200000
202200011762;26;4;2022;14:20;1;75;75119;2;4;1;6;AVENUE JEAN JAURES;48,8830929655;2,3714549839
202200011763;10;9;2022;06:10;5;94;94028;2;6;1;6;FOCH(AVENUE DU MARECHAL);48,7846100000;2,4367600000
202200011764;25;4;2022;22:45;5;75;75119;2;3;1;3;AVENUE CORENTIN CARIOU;48,8981860000;2,3860220000
202200011765;9;9;2022;22:20;5;93;93072;2;1;1;2;Boulevard Maxime Gorki;48,9471090276;2,3865364982
202200011766;9;9;2022;23:30;5;93;93061;2;4;1;3;Rue André Joineau / Rue du 14 Juillet;48,8863300000;2,4039800000
202200011767;26;4;2022;17:40;1;75;75118;2;2;1;6;BOULEVARD BARBES;48,8865540000;2,3495580000
202200011768;10;9;2022;11:45;1;93;93027;2;1;2;2;Rue de la Convention;48,9278614403;2,3911815836
202200011769;26;4;2022;20:25;2;75;75115;2;2;1;3;BOULEVARD PASTEUR;48,8429980000;2,3127970000
202200011770;10;9;2022;18:00;1;93;93053;2;1;1;5;Avenue de Rosny;48,8946780658;2,4705612375
202200011771;10;9;2022;18:50;1;93;93005;2;1;2;6;Rue Louis Coutant;48,9389386692;2,4872589047
202200011772;26;4;2022;12:40;1;75;75114;2;7;1;2;AVENUE DU MAINE;48,8280511075;2,3268444836
202200011773;10;9;2022;14:00;1;92;92063;2;1;1;7;FILLIETTE (RUE NICOLAS-PHILIBERT);48,8695245429;2,1944318712
202200011774;25;4;2022;23:30;5;75;75113;2;2;1;2;RUE DU CHATEAU DES RENTIERS;48,8224090000;2,3715700000
202200011775;10;9;2022;18:29;1;92;92051;2;1;3;2;CHARLES DE GAULLE (AVENUE, N°27 A 129);48,8827490793;2,2670894265
202200011776;10;9;2022;09:10;1;92;92050;2;3;1;6;JOFFRE MARECHAL AVENUE DU;48,8840962716;2,1924161911
202200011777;26;4;2022;10:30;1;75;75111;2;2;1;6;BOULEVARD VOLTAIRE;48,8651870000;2,3677300000
202200011778;10;9;2022;09:25;1;92;92036;1;1;1;2;DANTON (RUE);48,9180660000;2,2989580000
202200011779;26;4;2022;01:00;5;75;75111;2;2;1;3;AVENUE PHILIPPE AUGUSTE;48,8557600000;2,3913350000
202200011780;10;9;2022;12:37;1;92;92025;2;9;8;2;BOURNARD (RUE DU);48,9230340000;2,2562850000
202200011781;11;9;2022;10:45;1;63;63084;1;1;1;2;RD 2089;45,7026800000;3,0444410000
202200011782;26;4;2022;10:20;1;75;75110;2;4;1;3;BOULEVARD DE MAGENTA;48,8814437721;2,3514336348
202200011783;11;9;2022;14:15;1;67;67485;1;1;1;6;RD 228 HURTIGHEIM;48,6102710000;7,6298980000
202200011784;5;9;2022;22:10;3;41;41245;1;1;9;6;A10;47,7461610000;1,5364850000
202200011785;26;4;2022;09:05;1;75;75109;2;7;1;7;BOULEVARD DES CAPUCINES;48,8706459442;2,3320533335
202200011786;16;8;2022;12:45;1;38;38403;1;1;1;3;D168a;44,8677470000;5,7796130000
202200011787;26;4;2022;10:10;1;75;75108;2;1;1;3;BOULEVARD MALESHERBES;48,8726370000;2,3214550000
202200011788;11;9;2022;10:30;1;22;22337;1;1;1;3;Les Tertres;48,3427730000; -2,3356350000
202200011789;9;9;2022;20:40;5;66;66141;2;1;1;1;24 Rue de l Alzine;42,7348070000;2,9093330000
202200011790;25;4;2022;07:40;1;75;75108;2;2;1;3;RUE DE LA VILLE L EVEQUE;48,8711637307;2,3216439345
202200011791;26;4;2022;09:08;1;94;94044;2;1;1;3;Rue Roger Salengro;48,7514400000;2,4888500000
202200011792;11;9;2022;14:45;1;83;83140;1;1;1;4;D205;43,3969170000;5,9688110000
202200011793;26;4;2022;08:00;1;94;94068;2;1;1;1;52 Quai du Parc;48,8100100000;2,4991800000
202200011794;10;9;2022;20:35;3;30;30047;1;9;1;2;;43,8040005903;4,4058403373
202200011795;30;8;2022;07:10;1;51;51612;1;1;2;4;D9;48,9175500000;4,0204810000
202200011796;26;4;2022;11:45;1;94;94076;2;1;1;3;9 Avenue de Paris;48,8067200000;2,3633600000
202200011797;11;9;2022;14:15;1;19;19126;1;1;1;6;lieu dit montmaur;45,0420141037;1,7479033470
202200011798;25;4;2022;15:30;1;93;93066;2;1;1;2;Rue Ambroise Croizat;48,9324790000;2,3486550000
202200011799;11;9;2022;16:50;1;19;19192;1;1;1;6;pk 35 D921;45,1415720000;1,8687160000
202200011800;10;9;2022;20:30;3;82;82129;1;1;1;6;route départementale 25;43,9413630000;0,8716640000
202200011801;26;4;2022;18:00;1;93;93031;2;1;1;6;Rue Félix Merlin;48,9552200000;2,2936200000
202200011802;10;9;2022;23:30;5;71;71157;2;1;1;6;Route de Surville;46,4919330000;5,3870080000
202200011803;11;9;2022;07:15;2;71;71412;1;1;1;6;RD 601 le bois du brulard;46,7125020000;4,4220830000
202200011804;26;4;2022;16:00;1;93;93008;2;2;1;2;Avenue Paul Vaillant - Couturier / Rue Honore d'Estienne d'Orves;48,9072000000;2,4568300000
202200011805;11;9;2022;15:00;1;71;71015;1;1;1;6;5 Route de Chalon;46,9514830000;4,3742140000
202200011806;11;9;2022;06:30;2;89;89309;1;1;5;2;RD 606;48,2955000000;3,1923870000
202200011807;26;4;2022;20:00;2;93;93005;2;2;1;2;Boulevard Marc Chagall;48,9522133560;2,4945769221
202200011808;11;9;2022;16:50;1;12;12254;1;1;1;7;D901;44,4350360000;2,5144100000
202200011809;26;4;2022;18:30;1;93;93001;2;1;1;6;Rue Edouard Poisson;48,9109600000;2,3819600000
202200011810;11;9;2022;03:30;3;12;12008;1;1;1;6;route départementale 1;44,4234980000;2,2547880000
202200011811;11;9;2022;13:00;1;47;47106;2;6;1;3;Avenue de l'Usine;44,4934630000;0,9636370000
202200011812;25;4;2022;16:40;1;92;92046;2;3;1;3;GABRIEL PERI (BOULEVARD);48,8192182161;2,3009385019
202200011813;9;9;2022;23:20;3;47;47250;1;1;1;6;2177 route de monheurt;44,3064170000;0,3240840000
202200011814;23;4;2022;11:45;1;92;92063;2;1;1;3;BUZENVAL (AVENUE DE);48,8655600000;2,1845600000
202200011815;25;4;2022;21:30;5;92;92036;2;1;1;3;PAUL VAILLANT COUTURIER (RUE) (48/120);48,9187230000;2,3027400000
202200011816;10;9;2022;10:10;1;41;41211;1;9;1;5;Route de Vierzon;47,3296030000;1,1518590000
202200011817;11;9;2022;19:15;1;34;34220;1;1;1;2;D148;43,6781380000;3,3468770000
202200011818;26;4;2022;16:48;1;92;92023;2;1;1;3;PAVE BLANC (ROUTE DU) N°2 A 94;48,7841675772;2,2381673008
202200011819;11;9;2022;03:45;3;31;31341;1;1;1;6;Route de Montaigut D17;43,7208150000;1,2476990000
202200011820;10;9;2022;19:45;2;38;38001;2;3;1;3;20 Rue d'Italie;45,5372720000;5,5868160000
202200011821;9;4;2022;05:50;3;01;01004;1;1;1;6;D1075;45,9589670000;5,3282830000
202200011822;26;4;2022;12:13;1;06;06149;2;3;1;1;12 Boulevard Fuon Santa;43,7421290000;7,3208800000
202200011823;11;9;2022;14:30;1;58;58180;1;1;1;1;D193;47,2082580000;4,0287850000
202200011824;11;9;2022;11:50;1;06;06160;1;1;1;7;D2202;44,1221300000;6,7920190000
202200011825;27;4;2022;13:15;1;13;13078;2;1;1;3;Avenue Maurice Thorez;43,3960360000;4,7960040000
202200011826;11;9;2022;03:00;3;06;06059;2;1;1;7;Route de laTurbie;43,7314620000;7,3724310000
202200011827;11;9;2022;09:30;1;90;90093;2;1;1;7;10 Rue de la Pouchotte;47,6888940000;6,8308030000
202200011828;25;4;2022;06:15;1;974;97422;2;6;1;6;Rue Marius et Ary Leblond; -21,2832360000;55,5205090000
202200011829;10;9;2022;16:33;1;43;43039;1;9;1;7;Les Ceyssoux;44,9132270000;3,8829230000
202200011830;11;9;2022;06:50;1;10;10159;2;1;1;1;15 Route de la Fontaine;48,1649690000;4,3776940000
202200011831;27;4;2022;14:30;1;974;97404;2;3;1;3;Avenue Raymond Barre; -21,2675250000;55,3710400000
202200011832;11;9;2022;02:30;3;16;16409;1;1;1;6;;46,0297710000;0,1016550000
202200011833;11;9;2022;08:45;1;07;07197;1;1;1;1;;45,2296740000;4,6740820000
202200011834;27;4;2022;17:00;1;42;42163;2;4;1;1;1000 Route de Paris;46,1838264999;3,8626280725
202200011835;11;9;2022;13:10;1;07;07126;1;3;1;1;Route de la Vallee de l'Ibie;44,4257050000;4,4170620000
202200011836;27;4;2022;22:20;5;974;97410;2;1;1;2;Route Nationale 2; -21,0361810000;55,7069490000
202200011837;11;9;2022;00:40;5;24;24229;1;9;1;3;La Galibe Est;45,1296610000;1,2550730000
202200011838;27;4;2022;12:30;1;59;59107;2;1;1;6;33 Rue Charles Pichon;51,0696840000;2,5133800000
202200011839;11;9;2022;19:20;2;04;04084;1;1;1;1;D907;43,9615300000;6,1874910000
202200011840;28;4;2022;11:40;1;62;62392;1;1;1;2;RD939;50,2644840000;2,8758060000
202200011841;11;9;2022;03:20;3;85;85145;1;1;1;6;RD23;46,7239300000; -0,9260310000
202200011842;9;9;2022;23:30;3;17;17394;1;1;1;7;D209;46,1306470000; -0,6910780000
202200011843;24;3;2022;09:30;1;34;34172;1;6;1;3;Rond-Point Maurice Gennevaux;43,5928000000;3,8215550000
202200011844;10;9;2022;07:30;1;23;23149;1;1;1;6;N145;46,1986480000;2,1392870000
202200011845;11;9;2022;05:45;3;87;87126;1;1;1;6;CD 675, Pk 64+576;45,8507220000;0,8573730000
202200011846;28;4;2022;04:30;3;33;33233;1;1;1;4;Nationale 10 pk 003,;45,1477540000; -0,3634820000
202200011847;11;9;2022;12:00;1;30;30276;1;9;1;3;Rd 58 - route des saintes Maries de la mer;43,5873700000;4,2181900000
202200011848;11;9;2022;02:40;3;88;88075;1;1;1;1;45 Route de Lispach;48,0366700000;6,9271110000
202200011849;26;4;2022;12:40;1;2A;2A104;2;1;1;2;D103;41,9208800000;8,9039470000
202200011850;26;8;2022;14:00;1;987;98734;2;9;1;3;PK 35.500 RT 1; -17,7120000000; -149,5080000000
202200011851;27;4;2022;09:30;1;32;32160;1;1;1;3;N124;43,6056950000;1,0746380000
202200011852;10;9;2022;02:20;3;33;33122;1;1;1;6;D1010;44,7082600000; -0,6988010000
202200011853;10;9;2022;19:54;2;73;73257;1;1;1;6;D117;45,3010940000;6,5689440000
202200011854;28;4;2022;11:50;1;71;71346;2;6;1;2;Rd985 pr 29 +1130;46,6101520000;4,2186370000
202200011855;10;9;2022;11:55;1;34;34202;1;1;1;2;Route de Saint Georges d Orques;43,5981510000;3,7824580000
202200011856;28;4;2022;05:14;5;89;89418;2;1;1;6;Rue du Pont;47,8584320000;3,9769540000
202200011857;11;9;2022;06:00;2;973;97305;1;1;2;1;N1;4,9151270000; -52,3746690000
202200011858;28;4;2022;11:45;1;42;42228;1;1;1;6;Route de Margerie;45,5442900000;4,0886740000
202200011859;10;9;2022;21:25;3;33;33214;1;1;1;6;route de saumos;44,9647210000; -1,0254470000
202200011860;27;4;2022;19:15;1;25;25442;1;1;1;6;D437;46,8616000000;6,3492390000
202200011861;10;9;2022;04:40;3;77;77100;1;1;5;1;D605;48,5110040000;2,7832850000
202200011862;27;4;2022;17:40;1;44;44154;2;1;1;6;Parc d'acitivités de la guerche;47,2442650000; -2,1586310000
202200011863;11;9;2022;15:08;1;91;91405;2;1;1;1;D837;48,4107450000;2,4713870000
202200011864;10;9;2022;15:00;1;34;34213;1;1;1;6;Route de Gigean;43,4895930000;3,6835900000
202200011865;28;4;2022;18:00;1;35;35186;1;1;1;1;La Crochais;48,5598520000; -1,7685950000
202200011866;11;9;2022;00:15;3;84;84032;1;1;1;7;D209;43,8920550000;5,4705370000
202200011867;10;9;2022;18:35;1;04;04226;1;1;1;1;D908;44,3103990000;6,5961960000
202200011868;27;4;2022;22:00;3;14;14120;1;1;1;5;D71;49,0885880000; -0,7478960000
202200011869;11;9;2022;08:30;1;13;13100;1;1;1;1;RD99 PK 19+794;43,7973670000;4,7993730000
202200011870;27;4;2022;17:15;1;05;05127;1;1;1;6;RD 3, bassin de compensation;44,4661270000;6,2466930000
202200011871;11;9;2022;18:25;1;70;70455;2;2;9;3;rue de la Verrerie;47,6771780000;6,5338450000
202200011872;25;4;2022;14:30;1;09;09065;1;1;1;7;Col de Port (Col de montagne);42,8991070000;1,4527520000
202200011873;10;9;2022;16:50;1;21;21390;1;1;1;3;M108;47,2873260000;4,9648330000
202200011874;26;4;2022;17:10;1;60;60029;1;1;1;3;RD 981;49,3881280000;2,0054980000
202200011875;9;9;2022;14:30;1;68;68269;2;4;1;7;1 Rue du Lutzelbach;48,1961660000;7,3188750000
202200011876;27;4;2022;19:00;2;64;64124;1;1;1;6;RD918;43,2888970000; -1,3520160000
202200011877;11;9;2022;00:45;5;57;57433;2;2;1;3;Route de Hauconcourt;49,2159120000;6,1637860000
202200011878;27;4;2022;14:30;1;16;16406;1;9;1;6;11 Rue du Gros Noyer;45,6771360000;0,4122790000
202200011879;28;4;2022;15:43;1;21;21577;2;6;1;6;Route de Dijon;47,1123100000;5,2541000000
202200011880;27;4;2022;23:02;3;04;04049;2;1;1;7;Av du Jas;44,0620560000;5,9970550000
202200011881;27;4;2022;15:30;1;69;69244;2;6;1;3;Rond-Point des Clarisses;45,7657880000;4,7518780000
202200011882;28;4;2022;12:00;1;17;17213;1;1;1;7;A 10 - PK 404.300 sens B/P;46,0392800000; -0,5367850000
202200011883;23;4;2022;17:34;1;973;97306;1;1;1;2;CD8 PK27;5,5984500000; -53,7063870000
202200011884;7;2;2022;10:30;1;95;95582;1;1;1;6; A15;48,9726584874;2,2472566366
202200011885;7;2;2022;09:00;1;93;93048;1;1;1;2;AUTOROUTE A86;48,8641300000;2,4822400000
202200011886;7;2;2022;10:00;1;94;94052;1;1;1;2;A86 INT;48,8411888425;2,4928625425
202200011887;7;2;2022;08:50;1;77;77450;1;1;1;2;RN104;48,7193293662;2,5987937246
202200011888;7;2;2022;06:15;3;77;77121;1;1;1;5;A4;48,8311700000;2,6829200000
202200011889;7;2;2022;07:45;1;974;97416;2;1;1;3;POUDRIERE(RUE DE LA); -21,3335200000;55,4571100000
202200011890;7;2;2022;16:30;1;06;06088;2;1;1;6;ANGLAIS (DU N° 1 AU N° 43);43,6948820000;7,2622480000
202200011891;3;2;2022;08:25;1;55;55029;2;2;1;6;THEURIET ( RUE ANDRE );48,7726600000;5,1654800000
202200011892;6;2;2022;10:54;1;974;97411;2;3;2;6;HAUTBOIS (CHEMIN); -20,8891800000;55,4249000000
202200011893;7;2;2022;17:30;2;69;69388;2;1;1;3;123 Rue Marius Berliet;45,7389100009;4,8666885495
202200011894;7;2;2022;16:00;1;69;69382;2;2;1;6;60 Cours Charlemagne;45,7444700000;4,8223100000
202200011895;7;2;2022;07:00;5;69;69384;2;6;8;3;Place Joannès Ambre;45,7817500000;4,8331900000
202200011896;7;2;2022;16:00;1;971;97113;1;1;1;7;RN4 - SECTION RIVIERA;16,2094500000; -61,4722400000
202200011897;7;2;2022;14:45;1;95;95277;1;2;1;3;BELLE ETOILE (RUE DE LA);48,9762993853;2,4993413687
202200011898;7;2;2022;08:00;1;91;91687;2;3;1;3;SABLONS (AVENUE DES);48,6661600000;2,3634200000
202200011899;7;2;2022;10:30;1;91;91687;2;6;1;2;VICTOR SCHOELCHER (AVENUE);48,6481600000;2,3667300000
202200011900;4;2;2022;15:44;1;87;87085;2;6;1;7;GORDINI ( RUE AMEDEE);45,8939800000;1,2811700000
202200011901;4;2;2022;11:39;1;87;87085;2;1;2;6;BLANC LOUIS (BOULEVARD);45,8283000000;1,2615200000
202200011902;7;2;2022;19:30;5;83;83137;2;1;1;6;FENELON (BD DR FRANCOIS);43,1314100000;5,9124600000
202200011903;6;2;2022;01:39;5;76;76322;2;1;1;2;Avenue des Canadiens;49,3920100000;1,0580190000
202200011904;4;2;2022;21:25;5;76;76351;2;2;1;6;WINSTON CHURCHILL;49,4942000000;0,1384000000
202200011905;4;2;2022;13:00;1;76;76270;1;1;2;6;E6382E1;49,5295000000;0,1472400000
202200011906;6;2;2022;00:28;3;74;74305;2;1;1;1;HENON (RUE ALBERT);46,2038000000;6,2444100000
202200011907;5;2;2022;14:05;1;74;74012;2;3;1;3;FERRY (AVENUE JULES);46,1929500000;6,2374100000
202200011908;26;1;2022;03:00;5;71;71076;2;2;1;3;LEDRU ROLLIN (RUE);46,7875300000;4,8390400000
202200011909;7;2;2022;09:15;1;69;69266;2;1;1;2;Pont de Cusset;45,7690546148;4,9057120085
202200011910;2;2;2022;21:20;3;67;67482;2;3;2;2;HOCHFELDEN (RUE DE);48,5952600000;7,7278800000
202200011911;7;2;2022;08:20;1;67;67218;2;1;1;6;DOMAINE DE L'ILL;48,5203700000;7,7023700000
202200011912;4;2;2022;16:05;1;67;67482;2;1;2;5;MONTAGNE VERTE (RUE DE LA);48,5702500000;7,7376100000
202200011913;4;2;2022;02:00;5;67;67447;2;3;1;3;BISCHWILLER (ROUTE DE);48,6114281238;7,7510046959
202200011914;6;2;2022;16:22;1;66;66136;1;1;1;6;;42,7006070000;2,9354451000
202200011915;6;2;2022;03:50;5;66;66136;2;2;1;3;;42,6895600000;2,8844800000
202200011916;6;2;2022;02:05;3;66;66136;1;1;1;6;R D 900;42,6709000000;2,8566700000
202200011917;5;2;2022;20:40;5;66;66136;2;3;1;3;MERMOZ (AVENUE JEAN);42,6961300000;2,9060500000
202200011918;5;2;2022;00:42;5;66;66136;1;1;1;6;AERODROME AVENUE DE L'(CD117);42,7298786566;2,8777366877
202200011919;4;2;2022;10:32;1;66;66136;2;1;1;6;FLANDRES/DUNKERQUE (CARREFOUR);42,6866600000;2,9072000000
202200011920;6;2;2022;15:13;1;65;65440;2;2;1;1;LASSALLE (RUE GEORGES);43,2348610000;0,0715540000
202200011921;13;10;2022;19:52;5;59;59122;2;4;2;3;VAUBAN (BOULEVARD);50,1732000000;3,2437000000
202200011922;7;2;2022;15:30;1;64;64445;2;4;1;7;LOUIS BARTHOU;43,2946100000; -0,3651700000
202200011923;5;2;2022;16:25;1;63;63113;2;1;1;6;FLAUBERT (BD GUSTAVE);45,7649900000;3,1254400000
202200011924;5;2;2022;15:20;1;63;63113;2;1;1;3;CRISTAL (AVENUE ERNEST);45,7575400000;3,1480000000
202200011925;5;8;2022;20:18;1;58;58194;2;6;1;3;TREIZIEME DE LIGNE;46,9941400000;3,1363300000
202200011926;7;2;2022;07:50;1;59;59279;2;1;1;1;LILLE (RUE DE);50,7720000000;3,1220500000
202200011927;7;2;2022;07:20;5;59;59512;2;1;1;6;GAMBETTA ( BOULEVARD);50,6924000000;3,1836900000
202200011928;13;10;2022;14:20;1;56;56083;2;1;2;3;33 Route de Lochrist;47,8111046600; -3,2641428700
202200011929;4;2;2022;09:40;1;58;58194;2;1;1;6;GRAND MOUESSE (FAUBOURG);46,9887500000;3,1716800000
202200011930;6;2;2022;11:18;1;56;56162;1;6;2;3;PENESCLUZ;47,7506500000; -3,4190400000
202200011931;4;2;2022;22:48;3;56;56083;1;1;8;6;N165 sens Lorient/Vannes;47,7880600000; -3,2812734000
202200011932;2;9;2022;12:00;1;54;54528;2;9;1;2;GENERAL BIGEARD (AVENUE);48,6685100000;5,8894400000
202200011933;7;2;2022;21:55;5;51;51454;2;1;1;7;Rue Rivart Prophétie;49,2699400000;4,0242400000
202200011934;13;10;2022;17:47;1;54;54528;2;1;1;6;Rue de la Liberté;48,6880000000;5,8990000000
202200011935;7;2;2022;15:50;1;51;51454;2;1;1;2;Avenue de Champagne;49,2325600000;4,0378000000
202200011936;13;10;2022;07:25;3;53;53130;2;1;1;6;ELAIN (BOULEVARD PIERRE);48,0846340000; -0,7870190000
202200011937;4;2;2022;14:52;1;49;49328;2;1;1;2;DELESSERT (BOULEVARD BENJAMIN);47,2581700000; -0,0883900000
202200011938;13;10;2022;18:35;2;51;51454;2;1;2;7;avenue de l'Yser;49,2482200000;4,0589300000
202200011939;7;2;2022;10:20;1;45;45302;2;1;1;3;Rue des Châtaigniers;47,9496059651;1,8434795737
202200011940;6;2;2022;21:30;3;44;44184;1;6;1;1;D492;47,2854300000; -2,2499000000