Num_Acc;jour;mois;an;hrmn;lum;dep;com;agg;int;atm;col;adr;lat;long
202200011941;6;2;2022;14:25;1;44;44184;1;6;1;2;Rond point de Cran Neuf;47,2868000000; -2,2509000000
202200011942;13;10;2022;16:35;1;51;51454;2;6;2;3;Avenue du Maréchal Juin;49,2249400000;4,0177800000
202200011943;2;2;2022;17:20;1;43;43251;2;1;8;6;12 Chemin de la Sermone;45,0361072921;3,8783347607
202200011944;8;10;2022;21:00;3;50;50129;2;7;1;6;CAPEL (RUE COTIS);49,6315600000; -1,6052500000
202200011945;7;2;2022;18:10;2;37;37122;2;3;1;3;DOUZILLIERE (RUE DE LA);47,3443400000;0,6556500000
202200011946;7;2;2022;09:30;1;37;37208;2;3;1;1;CICOTTEES (RUE DES);47,3551552080;0,7273299247
202200011947;7;2;2022;16:55;1;35;35238;2;1;1;2;ARMORIQUE (BD D');48,1295200000; -1,6791500000
202200011948;13;10;2022;07:42;5;49;49007;2;1;2;7;auriol;47,4957500000; -0,5644500000
202200011949;7;2;2022;14:08;1;35;35238;2;9;1;6;Loriettes (Rue des);48,0840000000; -1,6779600000
202200011950;7;2;2022;09:20;1;35;35238;2;9;1;6;HOCHE (PLACE);48,1152500000; -1,6768800000
202200011951;12;10;2022;15:51;1;49;49007;2;2;1;6;EVAIN;47,4604100000; -0,5545000000
202200011952;7;2;2022;21:50;5;34;34172;2;2;1;6;JUSTICE DE CASTELNAU (AVENUE DE LA);43,6268723911;3,8894216443
202200011953;7;2;2022;12:55;1;33;33200;2;2;1;6;Avenue Pasteur;44,8678300000; -0,6700000000
202200011954;12;10;2022;07:18;5;49;49007;2;6;1;7;VILLESICARD;47,4456100000; -0,5269600000
202200011955;7;2;2022;12:55;1;29;29019;2;2;1;3;Rue Marceau;48,4025900000; -4,4819300000
202200011956;12;10;2022;07:15;3;49;49007;2;1;1;7;HIRONDELLE;47,4447400000; -0,5362500000
202200011957;1;2;2022;09:00;1;29;29019;2;2;1;1;3 Rue du Tromeur;48,4223760000; -4,4982010000
202200011958;7;2;2022;12:55;1;27;27681;1;3;1;7;ROUTE DEPARTEMENTALE 313 Route de Magny;49,0993500000;1,5024800000
202200011959;11;10;2022;16:58;1;49;49007;2;1;1;6;ALSACE;47,4698000000; -0,5496000000
202200011960;7;2;2022;15:40;1;27;27528;2;2;1;3;SEINE (ROUTE DE) BERGES A ANDELLE;49,2636300000;1,2142400000
202200011961;4;2;2022;20:55;5;25;25462;2;3;8;3;;46,9162200000;6,3448000000
202200011962;7;2;2022;20:55;3;17;17415;1;1;1;6;ROCADE SUD;45,7303300000; -0,6218300000
202200011963;13;10;2022;13:50;1;45;45232;2;2;1;3;D168 PK 1 + 160;47,8462100000;1,8917000000
202200011964;7;2;2022;16:20;1;14;14220;2;9;7;6;Avenue de la République;49,3597700000;0,0806900000
202200011965;7;2;2022;17:45;1;14;14118;1;1;1;4;N814;49,1984100000; -0,3737800000
202200011966;7;2;2022;09:05;1;13;13207;2;1;1;3;Corniche John Fitzgérald Kennedy;43,2843500000;5,3496500000
202200011967;13;10;2022;12:40;1;44;44184;2;6;2;3;21 Boulevard de Sunderland;47,2709500000; -2,2443000000
202200011968;7;2;2022;01:19;5;13;13211;2;1;1;1;SAINT MARCEL (BOULEVARD DE );43,2875370028;5,4651593049
202200011969;6;2;2022;01:50;3;13;13098;1;1;1;7;D.5;43,4545800000;5,0095600000
202200011970;7;2;2022;12:00;1;06;06029;2;6;1;3;MISTRAL (AVENUE FREDERIC);43,5540700000;6,9730000000
202200011971;13;10;2022;07:05;5;44;44184;2;6;2;3;92 Boulevard du Docteur René Laënnec;47,2700000000; -2,2391300000
202200011972;7;2;2022;19:15;5;06;06123;2;1;1;2;CURIE PIERRE ET MARIE AVENUE;43,6734100000;7,1898100000
202200011973;7;2;2022;13:50;1;06;06155;2;1;1;3;SAINT BERNARD CH.;43,5909780000;7,0562970000
202200011974;30;9;2022;11:00;1;44;44143;1;1;1;2;N844;47,1599460000; -1,5345500000
202200011975;6;2;2022;18:00;2;05;05061;2;1;1;2;JEAN JAURES ( AVENUE );44,5515900000;6,0706800000
202200011976;4;2;2022;15:00;1;05;05061;2;1;1;2;EMILE DIDIER ( AV );44,5647500000;6,0905300000
202200011977;6;2;2022;13:30;1;75;75119;2;3;2;2;AVENUE JEAN JAURES;48,8851790000;2,3793710000
202200011978;12;10;2022;10:25;1;40;40192;2;1;1;4;PIERRE BENOIT;43,8985500000; -0,5114900000
202200011979;13;10;2022;20:30;5;37;37261;2;6;2;6;VICTOIRE (RUE DE LA);47,3955300000;0,6773800000
202200011980;6;2;2022;11:25;1;75;75116;2;2;1;5;BOULEVARD DE MONTMORENCY;48,8479260293;2,2601741552
202200011981;12;10;2022;16:40;1;37;37261;2;6;1;3;ALOUETTE (CARREFOUR DE L');47,3639406519;0,6995901018
202200011982;7;2;2022;18:55;5;75;75120;2;2;1;3;BOULEVARD DE CHARONNE;48,8530560000;2,3972380000
202200011983;13;10;2022;18:00;1;35;35238;2;5;2;6;PATTON (AVENUE DU GENERAL SIR GEORGES);48,1384900000; -1,6586000000
202200011984;13;10;2022;17:05;1;35;35238;2;3;2;6;RAULT (VICTOR);48,0923391376; -1,6913433373
202200011985;7;2;2022;13:45;1;75;75118;2;2;1;6;RUE ORDENER;48,8936270000;2,3363920000
202200011986;13;10;2022;12:10;1;35;35238;2;1;2;3;LAENNEC (BD RENE);48,1064413488; -1,6659441590
202200011987;7;2;2022;09:20;1;75;75118;2;2;1;3;BOULEVARD NEY;48,8976830000;2,3291650000
202200011988;12;10;2022;13:55;1;34;34172;2;1;1;3;Rue du Grand Saint Jean;43,6044800000;3,8776400000
202200011989;7;2;2022;09:00;1;75;75117;2;1;1;2;BOULEVARD PERIPHERIQUE;48,8826120000;2,2834970000
202200011990;13;10;2022;20:22;5;33;33063;2;1;2;6;Rue de la Béchade;44,8244500000; -0,5993100000
202200011991;6;2;2022;13:30;1;75;75117;2;2;2;7;RUE LEGENDRE;48,8862040000;2,3177490000
202200011992;7;2;2022;11:30;1;75;75116;2;7;1;2;PLACE DE LA PORTE D AUTEUIL;48,8479320000;2,2601320000
202200011993;10;10;2022;21:25;5;33;33063;2;2;1;3;Quai Sainte-Croix;44,8315020246; -0,5586274266
202200011994;6;2;2022;22:00;5;75;75116;2;1;2;3;RUE COPERNIC;48,8693040000;2,2883450000
202200011995;10;10;2022;07:22;5;33;33063;2;3;1;3;Place des Capucins;44,8306900000; -0,5668700000
202200011996;6;2;2022;15:50;1;75;75117;2;3;2;6;AVENUE DE CLICHY;48,8867330000;2,3259130000
202200011997;13;10;2022;21:05;5;31;31555;2;4;1;1;MOULIS (CHE DE) DU 21AU 100;43,6655960000;1,4389510000
202200011998;3;2;2022;13:15;1;75;75116;2;1;1;6;BOULEVARD DE L AMIRAL BRUIX;48,8763490000;2,2826790000
202200011999;7;2;2022;21:40;5;75;75115;2;2;1;6;RUE DU COMMERCE;48,8462000000;2,2951780000
202200012000;12;10;2022;13:12;1;31;31555;2;1;1;2;BD MATABIAU;43,6144020000;1,4492110000
202200012001;7;2;2022;20:35;5;75;75113;2;3;1;2;AVENUE D ITALIE;48,8274620000;2,3569050000
202200012002;13;10;2022;10:59;1;29;29051;2;3;2;1;Avenue du Rouillen;47,9957700000; -4,0636900000
202200012003;7;2;2022;17:20;1;75;75113;2;3;1;3;RUE JEAN ANTOINE DE BAIF;48,8280960000;2,3848520000
202200012004;13;10;2022;13:50;1;29;29039;1;1;8;7;59 Rue Pierre Carduner;47,8704700000; -3,8752900000
202200012005;7;2;2022;10:47;1;75;75113;2;3;1;3;RUE DE TOLBIAC;48,8264170000;2,3420040000
202200012006;7;2;2022;06:20;5;75;75112;2;3;1;6;COURS DE VINCENNES;48,8474170000;2,4034350000
202200012007;13;10;2022;21:00;3;25;25056;1;1;1;6;OUEST BOULEVARD;47,2686100000;6,0022100000
202200012008;7;2;2022;15:35;1;75;75111;2;3;1;6;RUE SAINT SEBASTIEN;48,8621320000;2,3729410000
202200012009;12;10;2022;18:00;1;14;14059;2;1;1;6;D513;49,3458070000;0,0438050000
202200012010;30;6;2022;17:00;1;13;13210;1;1;1;3;A50-Sens Marseille vers Aubagne;43,2847894092;5,4176223276
202200012011;13;10;2022;19:30;2;13;13103;2;9;1;6;BOULEVARD DU ROY RENE;43,6318600000;5,1000900000
202200012012;7;2;2022;11:50;1;75;75110;2;3;1;3;BOULEVARD DE LA VILLETTE;48,8725390000;2,3762450000
202200012013;13;10;2022;16:10;1;13;13103;1;1;1;6;RN 113;43,6400180243;4,9645093283
202200012014;29;6;2022;19:50;1;13;13212;1;1;1;4;A507 sens Marseille - Aubagne;43,3033095614;5,4253730178
202200012015;7;2;2022;13:00;1;75;75116;2;6;1;6;PORTE DE MADRID;48,8741160000;2,2554110000
202200012016;29;6;2022;10:30;1;13;13071;1;1;1;6;A55-Sens Martigues vers Marseille;43,3989100000;5,2945800000
202200012017;7;2;2022;10:00;1;75;75108;2;7;1;2;AVENUE DES CHAMPS ELYSEES;48,8734940000;2,2959060000
202200012018;12;10;2022;20:40;5;13;13063;2;2;1;3;ARMEL PUPPO RUE;43,5840000000;5,0070000000
202200012019;30;6;2022;07:35;1;13;13106;1;1;1;4;A7-Sens Marseille vers Lyon;43,3933524338;5,3513199090
202200012020;30;6;2022;07:27;1;13;13211;1;1;1;7;Sens Aubagne vers Marseille;43,2887000000;5,4980000000
202200012021;6;2;2022;19:00;5;75;75108;2;2;8;3;BOULEVARD DES BATIGNOLLES;48,8825690000;2,3234060000
202200012022;13;10;2022;09:00;1;13;13005;2;3;1;3;VERDUN (AVENUE DE);43,2878000000;5,5789000000
202200012023;7;2;2022;11:05;1;75;75107;2;1;1;6;QUAI BRANLY;48,8604704621;2,2952574492
202200012024;30;6;2022;00:30;4;13;13210;2;9;1;4;A50-Sens Marseille vers Aubagne;43,2833432206;5,4007932543
202200012025;30;6;2022;07:50;1;33;33063;1;1;2;6;ROCADE A 630;44,8829900000; -0,5612500000
202200012026;30;6;2022;11:05;1;59;59160;1;1;1;6;AUTOROUTE A2;50,4210879095;3,6346077919
202200012027;12;10;2022;18:35;1;10;10362;2;1;1;4;GENERAL LECLERC (RUE DU);48,2921521783;4,0404152870
202200012028;2;2;2022;16:35;1;94;94046;2;1;8;6;Rue Victor Hugo;48,7996744644;2,4386987685
202200012029;30;6;2022;18:20;1;91;91161;1;9;8;7;AUTOROUTE A126;48,7086700000;2,3063200000
202200012030;7;2;2022;17:25;2;94;94076;2;1;1;6;56 Avenue de la République;48,7875390000;2,3544710000
202200012031;30;6;2022;13:15;1;91;91286;1;1;1;2;AUTOROUTE A6;48,6534100000;2,3812000000
202200012032;13;10;2022;08:55;1;06;06088;2;2;1;6;BAVASTRO (RUE);43,7005050000;7,2854910000
202200012033;30;6;2022;09:00;1;91;91570;1;1;2;2;RN 104;48,6246600000;2,3084700000
202200012034;7;2;2022;10:10;1;94;94021;2;3;1;3;Avenue des Maraichers;48,7644200000;2,3517800000
202200012035;13;10;2022;11:30;1;06;06029;2;7;1;3;CROISETTE (BOULEVARD DE LA);43,5368600000;7,0369300000
202200012036;30;6;2022;18:00;1;78;78043;1;1;8;6;A12 W;48,8295490000;2,0806360000
202200012037;29;6;2022;20:00;1;92;92050;1;1;1;7;A14;48,9003281179;2,2094354778
202200012038;14;10;2022;12:45;1;85;85261;1;1;2;6;Autoroute A83, pk 071+150, sens NIORT - NANTES;46,5784800000; -1,1165700000
202200012039;7;2;2022;17:00;1;94;94017;2;3;1;3;Avenue de la République / Rue Alexandre Fourny;48,8198600000;2,5112500000
202200012040;7;2;2022;20:00;5;93;93070;2;1;1;6;GABRIEL-PERI (AV);48,9095340889;2,3329158152
202200012041;6;2;2022;13:20;1;93;93048;2;1;2;6;RESISTANCE (AVENUE DE LA);48,8631829865;2,4366805136
202200012042;29;6;2022;08:20;1;78;78043;1;1;1;3;A13W;48,8413640000;2,1017810000
202200012043;7;2;2022;14:40;1;93;93029;2;3;1;3;GARIBALDI (AVENUE) N°;48,9207215190;2,4496796583
202200012044;29;6;2022;06:30;2;92;92063;1;1;1;6;A86;48,8873433597;2,1665055928
202200012045;14;10;2022;14:30;1;21;21599;1;1;3;4;A 39 PK 76+800;47,5947040000;5,2065270000
202200012046;30;6;2022;13:30;1;93;93066;1;1;2;6;AUTOROUTE A1;48,9281288890;2,3579758958
202200012047;7;2;2022;20:20;5;93;93010;2;3;1;1;VILLEMOMBLE (RTE DE) DE 27 A FIN;48,8899861308;2,4931769723
202200012048;13;10;2022;13:40;1;974;97422;2;1;1;6;Rue Victor Hugo; -21,2800220000;55,5202250000
202200012049;30;6;2022;09:50;1;93;93007;1;1;2;3;AUTOROUTE A3;48,9273844641;2,4813437462
202200012050;7;2;2022;18:00;5;92;92063;2;2;1;6;POMPIDOU (AVENUE DU PRESIDENT);48,8673078365;2,2001465857
202200012051;16;9;2022;00:15;3;83;83086;2;1;1;2;Route de Frejus;43,4674500000;6,6080400000
202200012052;30;6;2022;02:20;4;93;93078;1;1;1;6;AUTOROUTE A104;48,9708600000;2,4999400000
202200012053;18;1;2022;10:15;1;92;92062;1;9;1;7;DE DION BOUTON (QUAI) DU 1 AU 28;48,8809990000;2,2456290000
202200012054;29;6;2022;18:20;1;93;93013;1;1;1;7;AUTOROUTE A1;48,9416500000;2,4300100000
202200012055;7;2;2022;15:00;1;92;92044;2;1;1;6;DANTON(RUE) 1A73 ET 2A88;48,8900600000;2,2839600000
202200012056;13;10;2022;19:27;3;26;26338;1;1;2;5;Autoroute A7;44,5782410000;4,8062610000
202200012057;6;2;2022;12:00;1;92;92036;2;1;1;7;MOZART (RUE);48,9281075107;2,2855086922
202200012058;29;6;2022;17:50;1;95;95527;1;1;1;5;RN 104;49,0271000000;2,5125600000
202200012059;9;10;2022;18:00;1;58;58227;1;1;1;6;D2;47,5577480000;3,0641180000
202200012060;7;2;2022;08:50;1;92;92024;2;2;1;6;HENRI BARBUSSE (RUE) DE (73 A 139);48,9020638541;2,3105460405
202200012061;29;6;2022;13:45;1;93;93005;1;1;1;2;AUTOROUTE A3;48,9670334697;2,4758934975
202200012062;7;2;2022;10:35;1;92;92004;2;1;1;3;BERNARD JUGAULT (  RUE );48,9100907866;2,2836408019
202200012063;14;10;2022;17:15;1;57;57097;2;2;2;6;Rue Robert Schuman;49,1855500000;6,4916590000
202200012064;28;6;2022;18:50;1;93;93005;1;1;1;3;AUTOROUTE A3;48,9610900000;2,4736200000
202200012065;14;10;2022;01:30;3;56;56219;1;1;1;7;Delliac D5;47,7766200000; -2,4540070000
202200012066;7;2;2022;07:30;2;35;35136;2;2;1;6;Boulevard Pasteur;47,9558390000; -1,4975360000
202200012067;20;1;2022;09:00;1;51;51006;1;1;5;7;D62;48,8069130000;4,8853430000
202200012068;30;6;2022;19:15;1;77;77121;1;1;1;6;A104;48,8366856383;2,6648136628
202200012069;13;10;2022;18:30;1;76;76104;1;2;2;3;D4;49,8534560000;0,7821860000
202200012070;3;2;2022;21:15;3;73;73330;1;1;1;6;D1504;45,7031557044;5,7787228681
202200012071;30;6;2022;10:10;1;94;94079;1;1;3;2;A4;48,8343300000;2,5362000000
202200012072;13;10;2022;19:00;5;2B;2B343;1;1;1;3;Cruciata;42,4948210000;9,4708590000
202200012073;7;2;2022;12:40;1;71;71576;1;1;1;3;;46,5234010000;4,9169500000
202200012074;29;6;2022;19:00;1;94;94069;1;1;1;2;A86 EXT;48,8169440126;2,4545718611
202200012075;8;2;2022;13:15;1;62;62085;1;1;2;6;D1;50,2317450000;2,6479410000
202200012076;29;6;2022;13:25;1;94;94069;1;1;1;6;A4;48,8175409327;2,4350450069
202200012077;8;2;2022;16:54;1;34;34295;1;2;1;3;intersection D613 D 5E3;43,5648250000;3,8036570000
202200012078;29;6;2022;09:30;1;94;94028;1;1;1;6;A86 EXT;48,7849557997;2,4403835348
202200012079;13;10;2022;17:10;1;65;65252;1;2;1;2;D940;43,1745690000; -0,1190770000
202200012080;6;2;2022;09:30;1;63;63381;1;1;8;7;Puy Chopine (Volcan);45,8301600000;2,9584550000
202200012081;8;10;2022;19:50;5;71;71543;2;1;1;6;Pont Roger Gautheron;46,5643750000;4,9133290000
202200012082;30;4;2022;18:20;1;69;69121;2;1;1;2;Route de la Tour;45,8532290000;4,6817530000
202200012083;8;2;2022;08:20;1;42;42235;1;2;1;3;Route du Pont du Rioux;45,3728760000;4,0517450000
202200012084;14;10;2022;11:05;1;89;89418;2;1;2;7;Route de Paris;47,8692260000;3,9711980000
202200012085;22;2;2022;19:10;2;48;48095;2;2;1;3;SEJALAN (CHEMIN DE);44,5140000000;3,4970000000
202200012086;7;2;2022;17:20;1;47;47078;1;6;1;3;Route de Mont de Marsan;44,2857690000;0,2694330000
202200012087;13;10;2022;08:40;1;76;76255;2;1;2;6;Rue Jean Duhornay;50,0487780000;1,4100400000
202200012088;7;2;2022;12:25;1;41;41164;2;3;1;3;30 Avenue de la Gare;47,2842930000;1,3832830000
202200012089;26;3;2022;16:00;1;14;14588;2;3;1;6;D43;48,9142790000; -0,3304700000
202200012090;13;10;2022;14:20;1;12;12270;1;1;1;3;Nationale 88;44,3439540000;3,0190030000
202200012091;2;3;2022;11:10;1;14;14174;1;1;1;6;La Mérousière-Condé (Condé-sur-Noireau);48,8482390000; -0,5813530000
202200012092;7;2;2022;18:25;3;68;68258;1;4;1;2;Route Départementale 430;47,8262290000;7,2860790000
202200012093;13;10;2022;21:09;3;42;42157;1;1;2;6;Route des Verdures;46,1656030000;4,0108570000
202200012094;14;2;2022;18:10;3;14;14658;1;3;2;3;Le Gaunay - Courson (Courson);48,8604240000; -1,0865730000
202200012095;6;2;2022;17:03;1;44;44125;2;1;8;6;212 Route de Saint-Sébastien;47,3676550000; -2,5204150000
202200012096;14;10;2022;19:40;5;47;47195;1;3;1;2;D930;44,1647110000;0,3039430000
202200012097;7;2;2022;21:55;5;35;35049;2;1;1;6;45 rue du port;48,6745740000; -1,8525210000
202200012098;30;4;2022;06:15;2;976;97611;1;1;1;3;kaweni-Kaweni nord ( Z I ); -12,7590800000;45,2306000000
202200012099;28;4;2022;00:30;5;64;64122;2;1;2;7;Rue André Lamandé;43,4830761872; -1,5536588430
202200012100;5;10;2022;21:17;4;22;22362;2;9;1;3;D70;48,7881670000; -3,2250450000
202200012101;7;2;2022;16:25;1;38;38137;1;3;1;3;Chemin du Suzet;45,2657650000;5,4630750000
202200012102;27;4;2022;18:30;1;69;69234;1;1;1;6;Route d Ancy;45,8415220000;4,5393490000
202200012103;8;2;2022;18:00;2;03;03161;1;1;1;6;Route de Pionsat;46,1502980000;2,6473380000
202200012104;1;3;2022;10:45;1;54;54115;1;1;1;7;Autoroute A 31;48,7273500000;6,1674600000
202200012105;12;10;2022;05:20;3;35;35068;1;1;1;6;RN157;48,1004940000; -1,4212190000
202200012106;29;6;2022;15:45;1;974;97416;1;6;7;6;RN1; -21,3095900000;55,4330900000
202200012107;14;10;2022;07:00;2;38;38075;1;1;1;1;D1090;45,4681820000;5,9916900000
202200012108;13;10;2022;10:25;1;13;13036;2;1;1;1;Avenue du 8 Mai;43,8385780000;4,8474060000
202200012109;8;2;2022;16:36;1;09;09326;1;1;1;3;La Remise;42,7712440000;1,7223650000
202200012110;29;6;2022;00:35;3;972;97209;2;6;2;6;SOLEIL LEVANT (BOULEVARD DU);14,6269800000; -61,0401800000
202200012111;7;2;2022;11:00;1;18;18197;2;3;1;6;Rue des Victoires;46,7228620000;2,5049040000
202200012112;14;10;2022;17:40;1;02;02755;1;1;2;2;N Rte Nationale;49,4949530000;3,5535730000
202200012113;28;6;2022;21:20;5;971;97101;1;1;1;7;CARAQUE;16,2526443436; -61,4905214310
202200012114;7;2;2022;15:49;1;16;16192;1;1;1;1;;45,8822790000;0,5714610000
202200012115;29;6;2022;23:30;4;95;95218;2;1;2;2;RN 184;49,0276100000;2,1033300000
202200012116;14;10;2022;12:30;1;70;70171;1;1;2;3;D19;47,9046630000;6,3329100000
202200012117;8;2;2022;07:15;3;53;53059;1;1;5;1;D 24 PR: 25+510;48,1060840000; -0,5270860000
202200012118;14;10;2022;15:00;1;72;72020;1;1;2;6;LA GRANDE JARDIERE;48,2366100000;0,6864500000
202200012119;29;6;2022;11:45;1;91;91345;2;1;1;3;RUE PDT FRANCOIS MITTERRAND;48,6903300000;2,2890600000
202200012120;7;2;2022;14:10;1;21;21304;1;1;1;6;D959;47,6849583480;4,9710037707
202200012121;13;10;2022;20:15;3;72;72211;1;1;2;6;Lieu Dit Le Pont Landry;48,2643500000; -0,0988700000
202200012122;6;2;2022;21:00;5;27;27679;2;2;2;3;RN 12;48,7327000000;0,9281520000
202200012123;29;6;2022;19:10;1;91;91286;2;2;1;3;RADARS (RUE DES);48,6513835589;2,3703283600
202200012124;13;10;2022;07:00;3;50;50327;1;2;2;7;Rue de la Liberté;48,8469220000; -1,4212330000
202200012125;7;2;2022;16:45;1;95;95394;2;1;7;6;38 Route de Pontoise;49,0617007600;2,1749925613
202200012126;14;10;2022;01:10;3;50;50148;1;1;1;7;8 route de l'avenue;49,1578540000; -1,0097960000
202200012127;7;2;2022;10:10;1;974;97415;1;1;1;5;Route du Théâtre; -21,0458840000;55,2314790000
202200012128;13;10;2022;19:50;5;90;90069;2;1;2;1;Rue de Morvillars;47,5318930000;6,9204320000
202200012129;7;2;2022;17:30;1;78;78420;2;1;1;6;15b Rue de la Croix de Rome;48,7816630000;1,8178940000
202200012130;28;6;2022;18:15;1;87;87085;2;1;1;2;BELLAC (RUE DE);45,8550670000;1,2480920000
202200012131;13;10;2022;13:27;1;60;60277;1;6;2;7;D626;49,4281980000;2,0279650000
202200012132;7;2;2022;19:35;3;13;13014;1;1;1;2;D113;43,5223500000;5,1978920000
202200012133;24;6;2022;14:20;1;83;83050;2;1;1;3;POMPIDOU(VOIE  GEORGES);43,5292700000;6,4492500000
202200012134;7;2;2022;07:00;2;13;13107;1;1;1;4;CD6;43,4383220000;5,4302500000
202200012135;13;10;2022;21:40;5;45;45083;2;3;2;3;D943 PK 18 + 80;47,9333650000;2,9308040000
202200012136;26;6;2022;18:00;1;83;83050;2;1;1;2;DE GAULLE(AVENUE CHARLES);43,5219300000;6,4730300000
202200012137;13;10;2022;20:20;3;64;64531;1;1;1;6;d23;43,3569309547; -0,8936540663
202200012138;8;2;2022;15:41;1;73;73054;2;2;7;6;Avenue du Centenaire;45,6168153109;6,7691418529
202200012139;29;6;2022;02:20;3;81;81065;1;1;1;6;LAUTREC RD 83 (RTE DE);43,6413000000;2,1894400000
202200012140;12;10;2022;19:00;1;43;43141;2;1;1;6;Avenue des Cévennes;45,1748980000;4,3112970000
202200012141;29;6;2022;10:05;1;79;79191;2;1;1;1;;46,3029100000; -0,4600600000
202200012142;6;2;2022;00:15;3;01;01032;1;2;1;6;route de geneve;45,8588780000;5,1378300000
202200012143;14;10;2022;05:39;3;16;16204;1;1;2;6;N10;45,5221810000; -0,0796520000
202200012144;29;6;2022;07:48;1;77;77058;2;2;1;1;Avenue du Général de Gaulle;48,8378400000;2,7100100000
202200012145;4;2;2022;16:05;1;33;33312;1;1;1;4;Chemin de Labarde - Rd 209;44,9666990000; -0,5533930000
202200012146;14;10;2022;18:35;2;30;30305;1;2;1;3;;44,1551300000;4,1591730000
202200012147;28;6;2022;18:55;1;77;77186;1;1;1;6;D301;48,3633700000;2,6932200000
202200012148;8;2;2022;13:15;1;50;50599;1;3;2;3;D411;49,5897830000; -1,6232190000
202200012149;14;10;2022;08:34;1;52;52177;1;1;2;1;D67a;48,3435250000;5,1660900000
202200012150;27;6;2022;11:25;1;76;76095;2;2;1;1;Avenue du Maréchal Juin;49,4620400000;1,1261600000
202200012151;7;2;2022;17:15;1;22;22282;1;1;1;6;Rue du Guebriant;48,5775160000; -2,2359540000
202200012152;28;6;2022;23:40;5;76;76351;2;1;1;7;Rue Denis Papin;49,4959800000;0,1376500000
202200012153;14;10;2022;11:25;1;38;38370;1;1;1;2;A49;45,0920960000;5,2206090000
202200012154;7;2;2022;16:50;1;59;59571;2;1;2;6;30 Rue Georges-Clémenceau;50,1868780000;3,4977810000
202200012155;29;6;2022;17:47;1;76;76600;2;1;1;2;Route du Havre;49,7241877902;0,3676186601
202200012156;6;2;2022;14:13;1;13;13028;1;1;1;3;A50;43,2033371011;5,5997904243
202200012157;13;10;2022;10:30;1;34;34159;1;1;8;2;D612;43,5239000000;3,8162110000
202200012158;7;2;2022;10:00;1;33;33318;1;1;1;6;AUTOROUTE A 63;44,7871300000; -0,6287400000
202200012159;29;6;2022;23:40;5;69;69266;2;1;1;6;Cours Emile Zola;45,7706300000;4,8647200000
202200012160;4;2;2022;13:45;1;59;59646;1;1;2;6;ROUTE DEPARTEMENTALE 652;50,6826348953;3,1166410446
202200012161;11;10;2022;08:30;1;34;34116;2;1;7;3;M127;43,6429000000;3,8245400000
202200012162;29;6;2022;14:35;1;67;67180;2;3;1;3;MARECHAL JOFFRE (RUE DU);48,8179900000;7,7845400000
202200012163;4;2;2022;08:52;1;59;59378;1;1;2;4;ROUTE NATIONALE 356;50,6642892934;3,1142042577
202200012164;7;10;2022;11:57;1;06;06085;2;1;1;3;9 chemin de carimai;43,5795860000;6,9955120000
202200012165;28;6;2022;18:36;1;67;67180;2;6;1;2;BITCHE (ROUTE DE);48,8278400000;7,7560600000
202200012166;3;2;2022;12:45;1;59;59155;1;1;2;6;AUTOROUTE A16;51,0155073414;2,3930990696
202200012167;10;10;2022;04:30;5;06;06088;1;1;2;3;A8 PK 186.000 NORD;43,6704170000;7,2014950000
202200012168;29;6;2022;14:25;1;64;64122;2;1;1;6;Boulevard du BAB;43,4829000000; -1,5400000000
202200012169;7;2;2022;18:43;3;91;91553;1;1;1;3;RN 104;48,6280000000;2,4800000000
202200012170;14;10;2022;18:40;2;27;27005;1;1;2;7;A13 PK 088+000 direction ROUEN;49,1717300000;1,2489010000
202200012171;7;2;2022;05:38;3;91;91687;1;1;1;7;AUTOROUTE A6;48,6601100000;2,3723500000
202200012172;29;6;2022;11:38;1;64;64102;2;1;1;3;Boulevard Alsace-Lorraine;43,4932264577; -1,4662885666
202200012173;13;10;2022;19:30;3;973;97311;1;1;2;6;Avenue Jean Galmot;5,4919820000; -53,9715810000
202200012174;7;2;2022;17:50;2;78;78455;1;1;1;2;A13;48,8556360000;2,0576800000
202200012175;29;6;2022;10:50;1;64;64102;2;7;1;3;Avenue de Sainte-Croix;43,4999700000; -1,4554400000
202200012176;28;6;2022;17:43;1;63;63113;2;1;1;6;FLAMINA (RUE DE);45,8141500000;3,1134900000
202200012177;13;10;2022;17:45;1;973;97310;1;1;2;3;RN 2 PK 31-600;4,7039360000; -52,3852590000
202200012178;6;2;2022;19:05;3;92;92047;1;1;2;2;A13;48,8345922746;2,1716273344
202200012179;24;6;2022;10:50;1;59;59043;2;1;1;6;YPRES (RUE D');50,7408232668;2,7380096912
202200012180;12;10;2022;06:50;1;971;97106;2;1;1;6;Rue du Plateau;16,1240320000; -61,7721100000
202200012181;4;2;2022;19:20;1;78;78140;1;1;1;3;A13;48,9609330000;1,9303220000
202200012182;27;6;2022;06:54;1;57;57631;2;1;9;1;DEVIATION SUD;49,1032700000;7,0766200000
202200012183;13;10;2022;16:10;1;971;97106;2;1;1;1;Galets;16,1644710000; -61,7755920000
202200012184;7;2;2022;15:20;1;94;94046;1;1;1;3;A86 EXT;48,8147500000;2,4490300000
202200012185;29;6;2022;17:45;1;51;51454;2;1;1;3;boulevard Dieu Lumière;49,2400800000;4,0376800000
202200012186;7;2;2022;13:00;1;94;94028;1;1;1;7;A86 INT;48,7823000000;2,4397000000
202200012187;14;10;2022;11:00;1;29;29002;1;1;3;1;Kermenguy;47,8985640000; -3,4671200000