Num_Acc;jour;mois;an;hrmn;lum;dep;com;agg;int;atm;col;adr;lat;long
202200012188;7;2;2022;00:05;3;94;94073;1;1;2;6;A86 EXT;48,7683100000;2,3789300000
202200012189;27;4;2022;18:25;1;50;50218;2;1;1;3;VENDEENS (AV DES);48,8316400000; -1,5713700000
202200012190;13;1;2022;18:30;3;59;59401;1;1;5;6;;50,7482345723;2,6625645158
202200012191;13;10;2022;22:25;5;29;29147;2;1;2;6;5 Route de Bannalec;47,9008110000; -3,5840021000
202200012192;29;6;2022;00:33;5;49;49007;2;1;1;3;BASSE CHAINE PONT;47,4702900000; -0,5628000000
202200012193;4;2;2022;08:30;1;05;05023;2;1;1;6;FROGER (RUE RENE);44,8957100000;6,6314500000
202200012194;14;10;2022;16:00;1;77;77318;1;1;2;6;N36;48,7860000000;2,8677750000
202200012195;28;6;2022;21:24;1;49;49007;2;1;1;1;PRE PIGEON;47,4764400000; -0,5393900000
202200012196;6;2;2022;19:27;5;976;97611;1;1;1;1;m'tsapere-Nationale 2 (route); -12,7946100000;45,2180600000
202200012197;28;6;2022;17:33;1;49;49007;2;1;1;3;MILLOT BOULEVARD JACQUES;47,4540700000; -0,5351500000
202200012198;29;6;2022;13:50;1;45;45234;2;2;1;6;29 Boulevard Jean Jaurès;47,9037700000;1,8945300000
202200012199;29;6;2022;08:25;1;35;35238;2;3;1;3;;48,1341947004; -1,6968368366
202200012200;29;4;2022;18:50;1;33;33063;2;1;1;2;Rue de la Reole;44,8221000000; -0,5672800000
202200012201;29;6;2022;16:10;1;33;33529;1;6;1;7;RD1250 (BONNEVAL - LA HUME) - Z.A.;44,6170200000; -1,1379800000
202200012202;6;2;2022;21:25;5;69;69386;2;2;1;2;Rue Notre-Dame;45,7651674956;4,8679389047
202200012203;14;10;2022;08:05;1;77;77142;2;3;1;7;D33;48,8638150000;2,9031910000
202200012204;29;6;2022;20:25;1;31;31555;2;2;1;3;RUE GUSTAVE CHARPENTIER;43,5756300000;1,4209400000
202200012205;5;2;2022;05:10;3;972;97209;1;1;1;1;RD 41 (ROCADE);14,6169300000; -61,0598800000
202200012206;29;6;2022;12:05;1;31;31483;2;1;1;3;ADOUE JEAN (RUE);43,1136707940;0,7527163625
202200012207;14;10;2022;08:15;1;78;78576;1;1;2;3;D34;48,7375530000;1,8858820000
202200012208;5;2;2022;14:50;1;69;69149;2;3;1;1;5 Rue Marc Seguin;45,7225350283;4,8030647511
202200012209;29;6;2022;16:55;1;28;28134;2;9;1;3;NOTRE DAME DE LA RONDE (RUE);48,7550100000;1,3673200000
202200012210;4;2;2022;09:00;1;971;97105;2;3;1;3;GOUVERNEUR DU LYON (AVE);16,0029400000; -61,7387600000
202200012211;29;6;2022;18:25;1;26;26198;2;1;1;2;ANDRE (Boulevard Charles);44,5255600000;4,7431000000
202200012212;5;2;2022;17:50;2;91;91161;2;1;1;2;AV CHARLES DE GAULLE;48,7047710000;2,3226640000
202200012213;29;6;2022;19:30;1;25;25056;2;6;1;6;ILE DE FRANCE AVENUE DE L';47,2215640000;5,9678000000
202200012214;14;10;2022;14:15;1;2B;2B079;1;1;1;1;RT20;42,4940340000;9,2919180000
202200012215;6;2;2022;20:26;5;91;91027;2;9;2;3;RUE EDOUARD VAILLANT;48,7113500000;2,4014400000
202200012216;29;6;2022;17:51;1;25;25056;2;5;1;3;DIDEROT BOULEVARD;47,2477540000;6,0366410000
202200012217;13;10;2022;09:40;1;83;83112;2;9;1;6;41 Chemin des Pradeaux;43,1818940000;5,6978170000
202200012218;6;2;2022;19:25;5;91;91326;2;2;2;6;BLAZY (RUE);48,6846000000;2,3753000000
202200012219;29;6;2022;12:40;1;22;22113;2;9;1;3;MENDES FRANCE (BOULEVARD);48,7300000000; -3,4687100000
202200012220;14;10;2022;00:20;5;83;83071;2;1;1;2;Boulevard Louis Bernard;43,1248670000;6,2444830000
202200012221;5;2;2022;15:14;1;88;88209;2;1;1;6;LORRAINE (RUE DE);48,2005900000;6,4395900000
202200012222;29;6;2022;20:05;1;17;17299;2;6;2;3;BRIAND BOULEVARD ARISTIDE;45,9476590000; -0,9709820000
202200012223;13;10;2022;18:00;2;04;04077;1;1;1;7;Route des Ajoncs;43,9702950000;6,0667710000
202200012224;6;2;2022;19:00;5;83;83090;2;1;1;1;SANARY (ROUTE DE);43,1256400000;5,8353000000
202200012225;28;6;2022;20:07;1;10;10081;2;1;1;7;NOZEAUX (RUE);48,3266182603;4,0341281891
202200012226;13;10;2022;15:15;1;89;89337;1;1;1;4;;47,7332550000;3,6031400000
202200012227;27;6;2022;08:45;1;10;10387;2;3;2;3;ROBERT SCHUMANN (RUE);48,3073186950;4,0956473351
202200012228;5;2;2022;09:00;1;83;83137;2;1;1;5;MARCHAND (AVE COMMANDANT);43,1245920000;5,9372440000
202200012229;14;10;2022;03:21;3;71;71358;1;1;9;6;D7;46,4679700000;4,5315600000
202200012230;29;6;2022;14:30;1;06;06084;2;1;1;3;CANNES (ROUTE DE)  -RD 6085-;43,6241500000;6,9658500000
202200012231;13;10;2022;12:30;1;67;67045;2;1;1;7;52 Rue Principale;48,4870030000;7,4889960000
202200012232;29;6;2022;13:40;1;75;75118;2;3;1;3;RUE ORDENER;48,8903960000;2,3558380000
202200012233;29;6;2022;17:45;1;75;75117;2;2;1;6;RUE GUY MOQUET;48,8915130000;2,3203330000
202200012234;5;2;2022;16:25;1;77;77374;1;1;1;1;D471;48,7878900000;2,7132200000
202200012235;28;6;2022;07:45;1;75;75117;2;2;1;3;RUE BROCHANT;48,8884200000;2,3172580000
202200012236;5;2;2022;20:15;5;73;73011;1;1;1;2;N90;45,6550750000;6,3671710000
202200012237;5;2;2022;17:55;1;60;60057;2;1;1;6;Place Georges Clémenceau;49,4291970000;2,0815880000
202200012238;10;10;2022;17:24;2;69;69242;1;2;1;3;Route de Villeneuve;46,1303710000;4,7703300000
202200012239;29;6;2022;17:30;1;75;75116;2;5;1;6;AVENUE PAUL DOUMER;48,8597128496;2,2789737582
202200012240;6;2;2022;03:20;5;57;57630;2;1;2;6;HESSE ( ROUTE DE);48,7247811000;7,0458845000
202200012241;6;10;2022;05:05;5;72;72167;2;9;5;3;Rue Principale;47,7924400000; -0,2520360000
202200012242;29;6;2022;18:25;1;75;75115;2;3;1;3;AVENUE DE LA PORTE DE LA PLAINE;48,8292140000;2,2923440000
202200012243;6;2;2022;21:01;3;45;45208;2;1;2;2;D2007 - PR 18+670;47,9952683912;2,7401769161
202200012244;14;10;2022;13:00;1;27;27348;1;3;2;1;Rue de Paris;49,3232410000;1,1490370000
202200012245;28;6;2022;18:45;1;75;75112;2;2;1;3;PLACE EDOUARD RENARD;48,8355770000;2,4065060000
202200012246;6;2;2022;20:35;5;35;35238;2;2;2;3;Boulevard de Metz;48,1161600000; -1,6582700000
202200012247;13;10;2022;16:00;1;62;62073;2;4;1;6;D919;50,3468622056;2,8487571018
202200012248;29;6;2022;14:05;1;75;75110;2;1;1;6;BOULEVARD DE MAGENTA;48,8726340000;2,3593460000
202200012249;13;10;2022;16:58;1;59;59108;1;1;2;7;12 Rue de Bellevue;50,1588905372;3,4990006685
202200012250;29;6;2022;09:50;1;75;75110;2;2;1;7;RUE LA FAYETTE;48,8777940000;2,3512620000
202200012251;1;2;2022;15:15;1;35;35238;2;9;1;6;PLELO (PASSAGE);48,1053900000; -1,6788900000
202200012252;13;10;2022;19:20;2;59;59308;2;3;1;3;128 Rue Verte;50,7472300000;2,5266730000
202200012253;28;6;2022;22:30;5;75;75110;2;2;1;3;BOULEVARD DE MAGENTA;48,8748210000;2,3573760000
202200012254;6;2;2022;21:40;5;33;33550;2;6;1;6;Rue Pablo Neruda;44,7855300000; -0,5787600000
202200012255;13;10;2022;08:20;1;75;75120;2;1;1;6;PORTE DE BAGNOLET;48,8648676817;2,4129742384
202200012256;29;6;2022;09:30;1;75;75109;2;7;1;3;BOULEVARD HAUSSMANN;48,8731430000;2,3313230000
202200012257;4;2;2022;18:35;2;27;27562;2;1;2;3;ROUEN (ROUTE DE );49,1057580000;1,4576280000
202200012258;11;10;2022;09:45;1;75;75106;2;1;1;3;QUAI MALAQUAIS;48,8578446507;2,3358660936
202200012259;29;6;2022;15:30;1;75;75108;2;2;1;2;AVENUE DES CHAMPS ELYSEES;48,8677910000;2,3138840000
202200012260;5;2;2022;19:00;5;15;15014;2;1;1;6;4 SEPTEMBRE (AVENUE DU);44,9226930000;2,4351780000
202200012261;13;10;2022;13:10;1;75;75120;2;1;2;6;BOULEVARD DE CHARONNE;48,8493770000;2,3992660000
202200012262;6;2;2022;21:10;5;13;13202;2;1;1;3;SAINT LAURENT (RUE);43,2964700000;5,3640400000
202200012263;29;6;2022;09:21;1;75;75108;2;2;1;3;AVENUE DES CHAMPS ELYSEES;48,8723700000;2,2995200000
202200012264;13;10;2022;10:20;1;75;75120;2;4;1;2;RUE PIERRE MOUILLARD;48,8669000000;2,4085000000
202200012265;29;6;2022;00:30;5;75;75104;2;4;1;3;QUAI DE L HOTEL DE VILLE;48,8559130000;2,3510710000
202200012266;1;2;2022;00:04;5;13;13206;2;3;1;6;PARADIS (RUE);43,2905000000;5,3780700000
202200012267;28;6;2022;14:11;1;75;75108;2;4;1;6;RUE DE ROME;48,8755430000;2,3239450000
202200012268;6;2;2022;13:00;1;13;13214;2;1;1;1;PLOMBIERES (BOULEVARD DES);43,3164500000;5,3833900000
202200012269;13;10;2022;10:09;1;75;75120;2;3;2;2;BOULEVARD DE BELLEVILLE;48,8690390000;2,3806790000
202200012270;6;2;2022;02:10;5;13;13207;2;1;1;2;Corniche John Fitzgérald Kennedy;43,2767118002;5,3577029378
202200012271;13;10;2022;20:50;5;75;75119;2;3;1;7;AVENUE DE FLANDRE;48,8857870000;2,3709810000
202200012272;27;6;2022;20:30;2;75;75108;2;3;1;3;AVENUE DES CHAMPS ELYSEES;48,8670870000;2,3160510000
202200012273;5;2;2022;16:20;1;13;13215;2;3;1;2;SAINT ANTOINE (CHEMIN DE);43,3753910570;5,3558614754
202200012274;29;6;2022;10:50;1;75;75107;2;2;1;3;AVENUE BOSQUET;48,8588290000;2,3035280000
202200012275;13;10;2022;16:50;1;75;75119;2;2;8;3;RUE DE CRIMEE;48,8905500000;2,3768720000
202200012276;28;6;2022;20:20;1;75;75107;2;3;1;2;AVENUE BOSQUET;48,8557590000;2,3051260000
202200012277;5;2;2022;14:20;1;13;13206;2;1;1;5;PARADIS (RUE);43,2818000000;5,3816800000
202200012278;5;2;2022;15:30;1;13;13204;2;3;1;2;BOSCARY (RUE);43,3006900000;5,4033900000
202200012279;28;6;2022;13:35;1;75;75107;2;4;1;2;AVENUE DE LA BOURDONNAIS;48,8558130000;2,3030310000
202200012280;13;10;2022;13:47;1;75;75119;2;5;2;3;RUE MANIN;48,8830280000;2,3854670000
202200012281;6;2;2022;04:30;3;13;13047;1;1;1;1;RN 1569;43,5577000000;4,9618200000
202200012282;13;10;2022;17:00;1;75;75118;2;3;8;7;RUE POLONCEAU;48,8854180000;2,3540230000
202200012283;29;6;2022;16:00;1;75;75101;2;2;1;3;RUE DE RIVOLI;48,8609120000;2,3408090000
202200012284;6;2;2022;05:00;5;13;13004;2;1;1;1;AV DE LA LIBERATION;43,7026400000;4,6412700000
202200012285;28;6;2022;23:00;5;75;75104;2;1;1;1;QUAI DES CELESTINS;48,8521410000;2,3609300000
202200012286;13;10;2022;16:45;1;75;75116;2;2;2;3;ALLEE DE LA REINE MARGUERITE;48,8585610000;2,2448770000
202200012287;5;2;2022;15:05;1;03;03185;2;6;1;3;ILES ( PONT DES );46,3311100000;2,6000000000
202200012288;29;6;2022;14:10;1;94;94078;1;9;1;2;Vieux Chemin de Paris;48,7462120000;2,4390560000
202200012289;13;10;2022;09:30;1;75;75116;2;1;2;7;AVENUE DE LA PORTE MOLITOR;48,8449250000;2,2534560000
202200012290;29;6;2022;19:30;1;94;94041;2;3;1;3;JEAN JAURES (AV);48,8086600000;2,4038800000
202200012291;13;10;2022;09:15;1;75;75115;2;3;1;3;RUE DE LA CONVENTION;48,8364560000;2,2991570000
202200012292;29;6;2022;15:27;1;94;94041;2;3;1;3;DANIELLE CASANOVA (AV);48,8174200000;2,3819400000
202200012293;12;10;2022;20:35;5;75;75113;2;5;1;6;BOULEVARD DE L HOPITAL;48,8357000000;2,3592950000
202200012294;6;2;2022;18:50;5;75;75113;2;1;2;3;PORTE DE GENTILLY;48,8162900000;2,3457770000
202200012295;29;6;2022;04:50;2;94;94065;2;9;1;2;FONTAINEBLEAU (AV DE);48,7520960000;2,3689290000
202200012296;13;10;2022;19:15;5;75;75111;2;1;2;3;BOULEVARD VOLTAIRE;48,8497020000;2,3937710000
202200012297;29;6;2022;21:20;2;94;94065;2;6;1;3;Avenue Charles Lindbergh / Rue des Halliers;48,7530740636;2,3499089690
202200012298;12;10;2022;12:00;1;75;75111;2;1;1;5;RUE DE MALTE;48,8677800000;2,3658730000
202200012299;29;6;2022;18:45;1;94;94001;2;3;1;3;Quai Magne / Route de Longjumeau;48,7207210000;2,4175350000
202200012300;28;6;2022;08:20;1;94;94019;2;3;1;6;Route de la Libération / Avenue Georges;48,8018300000;2,5401400000
202200012301;13;10;2022;19:25;5;75;75109;2;3;2;6;BOULEVARD DES ITALIENS;48,8712880000;2,3359510000
202200012302;27;6;2022;17:30;1;94;94079;2;1;1;6;Avenue de l'Europe;48,8239908479;2,5513574481
202200012303;13;10;2022;18:50;2;75;75108;2;7;2;7;PLACE DE LA MADELEINE;48,8704610000;2,3239350000
202200012304;13;10;2022;19:43;5;75;75101;2;3;2;7;RUE DE RIVOLI;48,8660610000;2,3250530000
202200012305;29;6;2022;14:10;1;94;94017;2;2;1;1;Avenue du Général de Gaulle / Boulevard de Stalingrad;48,8237300000;2,4966300000
202200012306;12;10;2022;18:20;1;75;75101;2;2;1;3;RUE DE L AMIRAL DE COLIGNY;48,8599450000;2,3402680000
202200012307;29;6;2022;08:45;1;94;94002;2;3;1;3;CAMELIAS (R DES)/ Rue Emile Zola;48,7997500000;2,4260900000
202200012308;11;10;2022;19:21;2;94;94068;2;1;1;6;GARIBALDI (R);48,7895800000;2,4928600000
202200012309;29;6;2022;18:50;1;93;93066;2;3;1;6;Rue Henri Barbusse / Allée Jean Richard Bloch;48,9377700000;2,3718350000
202200012310;29;6;2022;15:30;1;93;93077;2;3;1;2;Avenue de Rosny / Avenue Meissonier;48,8849390000;2,5024180000
202200012311;12;10;2022;15:50;1;94;94068;2;2;1;3;ALSACE LORRAINE (R D);48,8059340000;2,4729690000
202200012312;29;6;2022;16:17;1;93;93055;2;1;1;1;Parc des Courtillières;48,9144690000;2,4107830000
202200012313;13;10;2022;08:05;2;94;94076;2;3;1;6;CAMILLE DESMOULINS (R);48,7966900000;2,3501600000
202200012314;29;6;2022;12:10;1;93;93051;2;2;1;3;Avenue Médéric / Avenue des Graviers;48,8299700000;2,5813000000
202200012315;13;10;2022;19:45;5;94;94041;2;3;2;6;JEAN LE GALLEU (R);48,8125500000;2,3784400000
202200012316;29;6;2022;10:00;1;93;93051;2;3;1;3;Porte de Paris / Rue du Centre;48,8384400000;2,5432300000
202200012317;11;10;2022;11:25;1;94;94017;2;1;1;2;54 Avenue Marx Dormoy;48,8097900000;2,5221100000
202200012318;29;6;2022;19:30;1;93;93048;2;1;1;2;Boulevard de Chanzy;48,8585876004;2,4300027788
202200012319;13;10;2022;15:38;1;94;94004;2;3;2;3;Avenue du Général Leclerc / Rue Chirol;48,7516600000;2,5068000000
202200012320;13;10;2022;01:30;3;94;94004;2;6;1;6;Avenue Charles de Gaulle / Avenue Georges Brassens;48,7562600000;2,4971700000
202200012321;29;6;2022;14:40;1;93;93046;2;2;1;5;Boulevard Jean Jaurès / Avenue Vauban;48,9207000000;2,5261600000
202200012322;13;10;2022;10:56;1;93;93078;2;2;1;2;Avenue Charles de Gaulle / Avenue Georges Clémenceau;48,9581100000;2,5582500000
202200012323;29;6;2022;08:10;1;93;93074;2;4;1;6;Rue de Sevran / Rue de la Justice;48,9338306271;2,5603302217
202200012324;29;6;2022;19:00;1;93;93006;2;1;1;6;Rue Raymond Lefebvre;48,8722320000;2,4272140000
202200012325;13;10;2022;21:05;5;93;93066;2;2;2;3;Avenue de Stalingrad / Rue de la Liberté;48,9454862716;2,3638339726
202200012326;29;6;2022;14:35;1;93;93045;2;1;1;2;Rue de l'Egalité;48,8810820000;2,4126740000
202200012327;13;10;2022;08:35;1;93;93051;2;1;2;3;Boulevard du Mont d'Est;48,8429403933;2,5486135939
202200012328;29;6;2022;00:50;5;93;93031;2;2;1;1;Avenue de la République / Avenue de la Marne;48,9500800000;2,3285700000
202200012329;29;6;2022;18:00;1;93;93057;2;1;1;2;Allée Monthyon;48,9131000000;2,5061600000
202200012330;13;10;2022;16:57;1;93;93050;2;2;2;6;Avenue de Verdun / Avenue du Maréchal Leclerc;48,8596100000;2,5373100000
202200012331;29;6;2022;12:30;1;93;93008;2;1;1;6;Avenue Jean Jaures;48,9097600000;2,4374800000
202200012332;13;10;2022;18:48;2;93;93048;2;3;2;1;Boulevard de Chanzy / Rue Désiré Préaux;48,8586200000;2,4317200000
202200012333;29;6;2022;11:30;1;93;93005;2;1;1;3;Parking Andre Citroen;48,9656539992;2,4938342573
202200012334;14;6;2022;08:10;1;92;92063;2;1;1;3;CARREY DE BELLEMARE (RUE DU GENERAL);48,8650200000;2,1877500000
202200012335;13;10;2022;08:16;1;93;93079;2;1;1;3;Route de Saint-Leu;48,9518572951;2,3386166990
202200012336;29;6;2022;20:30;1;92;92062;2;3;1;3;GENERAL DE GAULLE (AV) DU 63 AU 107;48,8873071168;2,2331011109
202200012337;13;10;2022;19:55;5;92;92046;2;1;2;6;Charles de gaulle;48,8244615236;2,3010448515
202200012338;29;6;2022;00:00;5;92;92050;2;1;1;2;JOFFRE MARECHAL AVENUE DU;48,8845300000;2,1936800000
202200012339;13;10;2022;09:15;1;92;92072;2;1;2;6;Pont de Sèvres;48,8281820087;2,2261369228
202200012340;28;6;2022;11:40;1;92;92036;2;3;1;3;ARGENTEUIL (AVENUE D');48,9392200000;2,2561300000
202200012341;13;10;2022;08:36;1;92;92026;2;1;1;2;MARECHAL JOFFRE (QUAI DU);48,9022300000;2,2812900000
202200012342;29;6;2022;19:20;1;92;92025;2;1;1;6;CHARLES DE GAULLE (BD);48,9134729869;2,2304072678
202200012343;13;10;2022;12:00;1;92;92012;2;1;8;6;VICTOR HUGO (AVENUE) 49/FIN - 60/FIN;48,8388040000;2,2466880000
202200012344;29;6;2022;15:45;1;92;92024;2;2;1;2;GENERAL LECLERC (BD DU) (9 A 59)   (4 A;48,9023879853;2,3139028251
202200012345;29;6;2022;18:00;1;92;92019;2;1;1;7;FAYO VINCENT (RUE);48,7631100000;2,2824700000
202200012346;13;10;2022;08:10;1;94;94038;1;1;8;4;AUTOROUTE A6B;48,7747980569;2,3456436183
202200012347;29;6;2022;18:42;1;92;92019;2;1;1;7;DIVISION LECLERC (AVENUE DE LA);48,7644148603;2,2678120136
202200012348;13;10;2022;16:43;1;78;78140;1;1;2;3;A13;48,9609220000;1,9303700000
202200012349;28;6;2022;22:00;5;92;92007;2;1;1;2;PASTEUR (AVENUE LOUIS) N° 1 A 39 ET 2 A;48,7979710781;2,3174771368
202200012350;13;10;2022;14:18;1;92;92064;1;1;2;6;A13;48,8392231522;2,2111531980
202200012351;30;6;2022;10:15;1;39;39258;1;3;1;1;;46,5637330000;5,9350790000
202200012352;29;6;2022;10:15;1;85;85223;1;1;2;6;Autoroute A87, pk077+200,vers NIORT;46,5686560000; -1,1106490000
202200012353;12;10;2022;22:30;3;92;92048;1;1;1;4;N118;48,8086464963;2,2119533690
202200012354;20;6;2022;17:40;1;16;16090;2;2;1;3;D699 / Boulevard de la Croix Chadenne;45,5929530000; -0,0513480000
202200012355;26;6;2022;17:15;1;95;95436;1;1;1;6;RD 922;49,1280910000;2,2532220000
202200012356;12;10;2022;15:17;1;78;78545;1;1;1;4;A12 Y;48,8161480000;2,0626320000
202200012357;3;6;2022;13:00;1;31;31116;2;4;1;3;Route de Fonbeauzard;43,6831230000;1,4422720000
202200012358;12;10;2022;12:15;1;78;78029;1;1;1;2;A13W;48,9681480000;1,8591870000
202200012359;29;6;2022;21:30;1;81;81079;1;1;1;6;D74;43,8400030000;2,2177080000
202200012360;29;6;2022;22:55;3;62;62059;1;1;2;6;Rue de Louches;50,8372880000;1,9885190000
202200012361;13;10;2022;17:40;2;95;95488;1;1;2;2;A15;49,0173238417;2,1422427893
202200012362;23;6;2022;22:30;3;57;57509;1;1;3;6;D44;48,6405090000;7,0666120000
202200012363;13;10;2022;18:40;1;95;95572;1;1;2;6;RN 184;49,0477887340;2,1329408884
202200012364;27;6;2022;12:40;1;04;04033;1;1;1;3;RD 954;44,4504940000;6,3918330000
202200012365;13;10;2022;20:50;3;95;95582;1;1;2;7;A15;48,9761444589;2,2367316484
202200012366;13;10;2022;19:00;3;95;95582;1;1;2;6; A15;48,9638908371;2,2632077336
202200012367;29;6;2022;06:55;1;51;51105;2;2;7;3;Rue Charles de Gaulle;49,2628310000;4,1052110000
202200012368;12;10;2022;08:45;1;92;92036;1;1;1;3;AUTOROUTE A15;48,9493430159;2,2802250087
202200012369;29;6;2022;12:10;1;51;51052;2;2;1;3;rue de reims;49,2700660000;4,1457350000
202200012370;24;6;2022;21:36;2;95;95612;1;1;1;2;RD 47;49,0016562249;2,4645531178
202200012371;30;7;2022;16:30;1;50;50393;1;2;1;3;La Maison Blanche;48,9330660000; -1,1771890000
202200012372;20;6;2022;08:45;1;78;78104;1;1;1;7;D65;48,9333970000;1,7239520000
202200012373;24;7;2022;12:00;1;62;62133;2;1;1;7;OUSSEKINE (R MALIK);50,4202720000;2,9063920000
202200012374;29;6;2022;20:05;1;2A;2A017;1;3;1;3;D81;41,9928260000;8,7631470000
202200012375;30;6;2022;11:50;1;80;80443;1;1;2;6;D211;49,8602310000;1,9258690000
202200012376;20;6;2022;11:35;1;62;62765;2;1;1;6;GAMBETTA (RUE..79 et plus ET 46 et plus);50,7475260000;2,2574870000
202200012377;2;6;2022;15:00;1;32;32246;1;1;1;6;D32;43,8445090000; -0,1372860000
202200012378;12;10;2022;18:20;1;95;95210;2;1;1;6;Rue de l'Arrivée;48,9726990000;2,3065550000
202200012379;29;6;2022;09:55;1;32;32462;2;1;1;2;Départementale 35, PK 014+200;43,7905710000;0,3046130000
202200012380;12;10;2022;16:38;1;27;27229;2;1;1;6;DUPONT DE L'EURE (PLACE);49,0302900000;1,1529900000
202200012381;30;6;2022;08:10;1;63;63195;2;3;1;6;Saint-Taurin / Pasteur;45,8288901892;3,3808426559
202200012382;10;10;2022;16:15;1;974;97411;2;1;1;1;MACE (BOULEVARD GABRIEL); -20,8745400000;55,4464400000
202200012383;11;6;2022;16:50;1;61;61168;1;1;1;2;Les Fieffes;48,6138390000; -0,3593410000
202200012384;12;10;2022;10:00;1;974;97409;2;1;1;6;DE LA REPUBLIQUE(AVENUE); -20,9611500000;55,6510400000
202200012385;28;6;2022;17:20;1;49;49180;1;6;7;3;85 Impasse de l Échangeur;47,4043290000; -0,1132000000
202200012386;29;6;2022;21:00;1;47;47138;2;3;1;6;Rue du 8 Mai 1945;44,2832690000;0,7619260000
202200012387;10;10;2022;16:00;1;974;97407;2;6;1;3;ROND POINT BUTTE CITRONNELLE; -20,9317700000;55,2968500000
202200012388;29;6;2022;17:20;1;44;44069;2;2;1;2;4 boulevard du général de gaulle;47,3317840000; -2,4310470000
202200012389;27;9;2022;15:05;1;973;97302;2;1;1;6;REPUBLIQUE (BD DE LA);4,9409300819; -52,3228946328
202200012390;30;6;2022;16:00;1;35;35010;1;1;1;1;Lieu Dit la Roche;48,5603070000; -1,7155840000
202200012391;12;10;2022;07:35;1;973;97302;1;1;1;2;ROUTE NATIONALE 1;4,9186100000; -52,3308100000
202200012392;30;6;2022;10:45;1;29;29023;1;1;1;1;Lieu dit Le Fransic;48,6436570000; -3,8992880000
202200012393;30;6;2022;16:15;1;03;03303;1;1;3;1;RD 11 PK034+100;46,4920030000;2,7473730000
202200012394;12;10;2022;12:40;1;69;69386;2;2;1;3;Rue Garibaldi;45,7673400000;4,8507500000
202200012395;29;6;2022;16:40;1;15;15141;2;4;1;3;Rue Saint Eustache;45,1727500000;2,9683260000
202200012396;12;10;2022;13:58;1;2A;2A004;1;1;2;6;ALATA ROUTE;41,9491100000;8,7342100000
202200012397;30;6;2022;00:20;3;15;15056;1;1;1;1;RD59;44,9617610000;2,3630040000
202200012398;12;10;2022;19:30;3;95;95268;2;1;1;1;Boulevard de la Muette;48,9752078480;2,4159353971
202200012399;29;6;2022;09:50;1;70;70248;1;1;1;3;D16;47,6598050000;6,7356810000
202200012400;12;10;2022;09:30;1;95;95428;2;1;1;6;Avenue Nott;48,9924454753;2,3212400079
202200012401;30;6;2022;19:45;1;72;72190;1;2;1;3;Rue de l Huilerie;47,9169300000;0,7847100000
202200012402;29;6;2022;16:30;1;60;60647;2;1;1;6;71 Route de Rouen;49,4024260000;2,9662180000
202200012403;11;10;2022;16:35;1;87;87085;2;1;2;6;LOCARNO (AVENUE);45,8367131786;1,2705774307
202200012404;29;6;2022;17:15;1;60;60584;2;1;1;7;Rue d Hardilliere;49,2223760000;2,4151250000
202200012405;26;6;2022;13:50;1;64;64229;1;1;1;7;route départementale 933;43,2136210000; -1,1297890000
202200012406;11;10;2022;18:25;1;87;87085;2;1;1;3;MAUVENDIERE (RUE DE LA);45,8325800000;1,2496000000
202200012407;30;6;2022;15:04;1;04;04081;1;1;1;3;RD 82;43,7610210000;5,9655280000
202200012408;10;10;2022;08:38;1;87;87085;2;1;2;7;JAURES (RUE JEAN);45,8315400000;1,2587100000
202200012409;11;10;2022;17:13;1;87;87050;2;1;1;1;LIMOGES (AVENUE DE);45,8588400000;1,2409700000
202200012410;26;6;2022;06:20;2;72;72299;1;1;1;7;A28 PK 80+400;47,8641397466;0,2997159960
202200012411;11;10;2022;14:53;1;87;87085;2;1;1;7;GARIBALDI (AVENUE);45,8327100000;1,2619500000
202200012412;30;6;2022;04:20;2;01;01062;1;1;1;6;A42 sens Genève - Lyon pk 018+850;45,8544670000;5,1021730000
202200012413;28;6;2022;18:40;3;976;97603;1;1;1;7;RN 3 Bambo-est; -12,9165850000;45,1863600000
202200012414;11;10;2022;07:30;2;83;83137;2;4;1;3;GOURAUD (AVE GENERAL);43,1371700000;5,9145700000
202200012415;29;6;2022;17:50;1;91;91105;1;1;7;3;D19;48,5642150000;2,1780800000
202200012416;11;10;2022;18:28;1;83;83069;2;1;1;6;CORPS (AVENUE DU XVEME);43,1214700000;6,1387200000
202200012417;21;6;2022;18:50;1;77;77359;1;1;1;7;A6;48,4817590000;2,5142420000
202200012418;29;6;2022;17:05;2;974;97420;2;1;7;6;47 Avenue Pierre Mendès France; -20,9050000000;55,6058860000
202200012419;7;10;2022;17:45;1;80;80021;2;6;1;3;QUATORZE JUILLET 1789 (AVENUE DU);49,8755600000;2,2817900000
202200012420;30;6;2022;09:10;1;972;97230;1;1;1;3;Route Nationale 1;14,7391628000; -60,9516316000
202200012421;12;10;2022;08:50;1;78;78418;2;1;1;3;PAUL DOUMER (AVENUE);48,9064360000;2,1529820000
202200012422;30;6;2022;06:45;1;37;37008;2;3;3;3;12 Rue de la Gangnerie;47,3204690000;0,9186830000
202200012423;6;9;2022;19:23;1;78;78490;2;9;1;5;DEUX PLATEAUX (ROUTE DES);48,8022210000;1,9610430000
202200012424;30;6;2022;12:45;1;78;78255;2;2;2;3;D113/Rue du Terrier Rouge;49,0380650000;1,5950780000
202200012425;29;6;2022;20:30;1;11;11433;1;1;1;6;départementale 112;43,3306250000;2,4565170000