Num_Acc;jour;mois;an;hrmn;lum;dep;com;agg;int;atm;col;adr;lat;long
202200012426;12;10;2022;01:40;5;78;78440;2;1;1;6;EUROPE (AVENUE DE L');48,9773600000;1,9146900000
202200012427;30;6;2022;09:05;1;34;34024;2;1;1;3;D2;43,4665040000;3,6905160000
202200012428;30;6;2022;11:35;1;83;83127;1;3;1;1;1301 Route de Meounes;43,2874643125;5,8827280998
202200012429;29;6;2022;17:50;1;83;83030;1;3;1;3;D43;43,3632810000;6,0938850000
202200012430;29;6;2022;19:15;1;68;68294;1;1;1;1;D1059;48,2627980000;7,2418360000
202200012431;3;6;2022;20:15;1;67;67250;2;2;1;7;rue du général de gaulle;48,7577730000;7,7269560000
202200012432;29;6;2022;18:05;1;55;55134;1;1;1;7;D146;48,7738640000;5,0458980000
202200012433;30;6;2022;16:48;1;03;03197;1;1;2;1;route de moulins;46,4761760000;3,4149400000
202200012434;12;10;2022;08:10;1;77;77438;2;3;1;6;D418;48,8745570000;2,6927040000
202200012435;30;6;2022;05:45;2;38;38374;2;1;1;1;65 Chemin du Silo;45,6454130000;5,3131770000
202200012436;12;10;2022;12:35;1;77;77333;2;1;1;6;D225;48,2649100000;2,7009600000
202200012437;30;6;2022;08:40;1;01;01160;2;2;1;3;Rue de Meyrin;46,2462910000;6,0961460000
202200012438;12;10;2022;11:00;1;77;77186;1;1;1;6;D142;48,4476300000;2,6701700000
202200012439;30;6;2022;14:20;1;33;33262;2;1;2;2;Route de Bordeaux Pauillac;45,0069256649; -0,6313973665
202200012440;12;10;2022;17:55;1;76;76705;2;1;1;6;410 Avenue Gustave Picard;49,3279600000;1,0955100000
202200012441;30;6;2022;14:20;1;27;27275;2;2;1;3;44 Rue de Pacy;49,1579690000;1,3368130000
202200012442;30;6;2022;09:30;1;02;02574;2;1;2;3;5 Rue de Vervins;49,8951550000;4,0176450000
202200012443;12;10;2022;11:10;1;76;76095;2;6;1;3;Avenue des Hauts Grigneux;49,4668405554;1,1346776783
202200012444;29;6;2022;17:45;1;57;57303;1;1;1;4;Autoroute A31;49,2142295906;6,1745048858
202200012445;27;6;2022;00:00;3;67;67482;1;1;3;3;M35;48,5655200000;7,7326100000
202200012446;29;6;2022;18:55;1;94;94043;1;1;1;4;AUTOROUTE A6B;48,8141200000;2,3550500000
202200012447;12;10;2022;08:05;1;76;76540;2;4;1;3;Route de Neufchâtel;49,4530200000;1,0988900000
202200012448;29;6;2022;15:00;1;91;91471;1;1;1;3;RN 118;48,7013600000;2,1931300000
202200012449;11;10;2022;17:40;1;76;76351;2;3;1;6;GEORGES POMPIDOU (CHAUSSEE);49,4906900000;0,1166200000
202200012450;12;10;2022;11:30;1;76;76114;2;2;1;2;COTY RENE (RUE);49,5725479816;0,4711970687
202200012451;12;10;2022;12:10;1;69;69286;2;1;1;6;Chemin de la Teyssonnière;45,8136400000;4,9117700000
202200012452;12;10;2022;11:00;1;69;69264;2;1;1;3;Boulevard Gambetta;45,9918200000;4,7150300000
202200012453;12;10;2022;14:05;1;69;69091;2;3;1;3;Quai Ethel et Julius Rosenberg;45,5807600000;4,7788200000
202200012454;11;10;2022;10:35;1;67;67218;2;1;1;3;LYON (RTE DE);48,5348900000;7,7245100000
202200012455;11;10;2022;17:00;1;67;67482;2;3;1;3;CLEMENCEAU (BOULEVARD);48,5906700000;7,7459500000
202200012456;12;10;2022;08:10;2;64;64483;2;2;8;3;CHANTACO (AVENUE DE );43,3861300000; -1,6530200000
202200012457;12;10;2022;18:02;1;64;64147;2;1;1;6;ROUTE DE BARDOS;43,4612600000; -1,3295690000
202200012458;31;7;2022;17:05;1;974;97411;2;6;1;3;GERANIUMS (CHEMIN DES); -20,9015200000;55,4803800000
202200012459;31;7;2022;14:00;1;973;97302;2;2;7;3;;4,9361400000; -52,3335700000
202200012460;31;7;2022;03:20;5;69;69386;2;9;1;2;Quai Charles de Gaulle;45,7851314467;4,8518325932
202200012461;30;7;2022;01:53;3;972;97213;1;6;1;7;ROUTE DEPARTEMENTALE 3;14,6243200000; -60,9880000000
202200012462;31;7;2022;02:25;5;972;97209;2;1;1;6;XAVIER ORVILLE (RUE);14,6113400000; -61,0722000000
202200012463;31;7;2022;05:34;2;2B;2B037;1;1;1;1;TOUTES RUES;42,5937900000;9,4390700000
202200012464;31;7;2022;18:25;5;971;97120;2;1;1;2;COMMANDANT MORTENOL (RUE DU);16,2387147103; -61,5328037739
202200012465;31;7;2022;16:50;1;2A;2A004;2;1;1;7;ILES SANGUINAIRES ROUTE DES;41,9093700000;8,6882900000
202200012466;30;7;2022;11:30;1;91;91421;2;1;1;3;NATIONALE 6 (CES POMPIDOU);48,6910600000;2,4534200000
202200012467;30;7;2022;10:10;1;83;83137;2;1;1;1;MISTRAL (ALLEE / LITTORAL FREDERIC);43,1072100000;5,9378600000
202200012468;31;7;2022;18:24;1;82;82033;2;1;1;2;MONTAUBAN D 958 (ROUTE DE);44,0341100000;1,1743900000
202200012469;31;7;2022;03:15;5;81;81065;2;1;1;6;JULIEN ( RUE LUDOVIC);43,5921300000;2,2014700000
202200012470;30;7;2022;22:50;5;64;64545;2;1;1;2;RD810;43,3687400000; -1,6847400000
202200012471;31;7;2022;23:15;5;64;64122;2;2;1;3;Avenue de la Marne;43,4824200000; -1,5444500000
202200012472;31;7;2022;17:50;1;62;62841;2;3;1;1;MITTERAND ( RUE FRANCOIS );50,5414000000;2,6064500000
202200012473;31;7;2022;19:05;1;59;59041;2;1;1;7;MAUBEUGE (RUE DE);50,2130989113;3,8644570112
202200012474;21;7;2022;02:30;5;57;57606;2;1;1;6;FOCH (RUE DU MARECHAL);49,1032726598;6,6996807384
202200012475;31;7;2022;20:10;1;56;56260;1;1;1;2;N165 sens Nantes/Vannes;47,6563340000; -2,7043760000
202200012476;31;7;2022;22:07;5;49;49007;2;1;1;6;JUIN PLACE ET RUE;47,4492200000; -0,5670800000
202200012477;31;7;2022;06:12;2;49;49007;2;1;1;6;VILLESICARD RUE ET SQUARE;47,4470700000; -0,5291000000
202200012478;31;7;2022;23:26;5;45;45286;2;1;1;6;59 Route de Sandillon;47,8849520307;1,9292633235
202200012479;30;7;2022;11:45;1;33;33550;2;2;1;3;Route de Léognan;44,7682375777; -0,5796307325
202200012480;30;7;2022;07:43;2;29;29039;1;6;1;7;Rue de Trégunc;47,8623122500; -3,8894927500
202200012481;30;7;2022;18:40;1;27;27375;2;1;1;6;CHURCHILL (AVENUE WINSTON);49,2284200000;1,1688500000
202200012482;31;7;2022;08:15;1;27;27229;2;1;1;6;MICHELET (RUE);49,0083797000;1,1639936000
202200012483;31;7;2022;07:35;1;22;22113;2;9;1;1;MIN COAR (ROUTE DE);48,7450790000; -3,4953790000
202200012484;31;7;2022;03:30;5;13;13206;2;2;1;3;DOCTEUR ESCAT (RUE);43,2834600000;5,3823900000
202200012485;31;7;2022;15:36;1;12;12145;1;1;1;6;D991 ( VALLEE DE LA DOURBIE );44,1201000000;3,1849200000
202200012486;31;7;2022;03:00;5;10;10081;2;3;1;6;Avenue du Président René Coty;48,3208100000;4,0348800000
202200012487;12;7;2022;22:15;5;04;04112;2;1;1;3;MIRABEAU (BD.);43,8335600000;5,7857000000
202200012488;30;7;2022;10:35;1;01;01289;1;2;1;3;;46,1648300000;5,2207000000
202200012489;30;7;2022;23:45;5;75;75120;2;1;1;2;PORTE DE BAGNOLET;48,8617120000;2,4136970000
202200012490;31;7;2022;06:45;1;75;75118;2;2;1;2;AVENUE DE CLICHY;48,8858430000;2,3263870000
202200012491;31;7;2022;11:55;1;75;75113;2;2;1;6;RUE PAULIN ENFERT;48,8192220000;2,3620700000
202200012492;31;7;2022;01:55;4;75;75113;2;3;1;6;QUAI D IVRY;48,8261850000;2,3871670000
202200012493;31;7;2022;00:20;5;75;75113;2;2;1;3;BOULEVARD VINCENT AURIOL;48,8375250000;2,3735770000
202200012494;30;7;2022;23:18;5;75;75113;2;3;1;6;PORTE D ITALIE;48,8157620000;2,3607060000
202200012495;31;7;2022;12:15;1;75;75111;2;2;1;3;AVENUE DE LA REPUBLIQUE;48,8652890000;2,3745100000
202200012496;31;7;2022;14:05;1;75;75110;2;2;1;2;RUE DU FAUBOURG DU TEMPLE;48,8705540000;2,3728950000
202200012497;31;7;2022;00:05;5;75;75107;2;2;1;6;BOULEVARD DE LA TOUR MAUBOURG;48,8573240000;2,3099360000
202200012498;30;7;2022;13:25;1;75;75107;2;1;1;6;AVENUE DE LA BOURDONNAIS;48,8596010000;2,2971040000
202200012499;31;7;2022;08:20;1;75;75101;2;2;1;3;QUAI FRANCOIS MITTERRAND;48,8600760000;2,3334270000
202200012500;31;7;2022;00:25;5;75;75101;2;3;1;6;BOULEVARD DE SEBASTOPOL;48,8587360000;2,3483820000
202200012501;30;7;2022;11:15;1;93;93027;2;2;1;6;Avenue Roger Salengro / Avenue Henri Barbusse;48,9300000000;2,3860300000
202200012502;31;7;2022;12:45;1;93;93005;2;2;1;3;Rue Waldeck-rousseau / Avenue Charles de Gaulle;48,9300180000;2,4818730000
202200012503;30;7;2022;14:50;1;63;63307;1;1;1;3;D2089 - SAULZET LE CHAUD;45,7082170000;3,0595640000
202200012504;27;7;2022;19:52;1;83;83031;1;1;1;7;d17;43,4309202019;6,3291549683
202200012505;30;7;2022;10:20;1;972;97221;1;1;1;3;D7;14,5255030000; -60,9864590000
202200012506;1;8;2022;13:20;1;972;97232;1;1;1;6;Paquemar;14,5193230000; -60,8392600000
202200012507;29;7;2022;18:30;1;63;63035;2;6;1;3;Rue sous le Courtier;45,9604360000;3,1123660000
202200012508;31;7;2022;17:00;1;46;46197;1;6;1;4;RD 820;44,3784410000;1,4541010000
202200012509;1;8;2022;10:00;1;22;22164;1;1;1;7;D767 PR31+100;48,5853800000; -3,2490780000
202200012510;31;7;2022;19:00;3;971;97132;2;1;1;3;Route de Réduit;15,9835830000; -61,6326570000
202200012511;30;7;2022;06:30;2;84;84025;1;1;1;1;1691 Ancienne Route de Gordes;43,8803130000;5,1599430000
202200012512;1;8;2022;09:45;1;87;87133;1;1;1;2;A20 Pk 138+680;46,1934900000;1,3826470000
202200012513;1;8;2022;07:15;2;2B;2B009;2;1;1;6;Rue Capitaine Franceschetti;42,1132110000;9,5169340000
202200012514;28;7;2022;19:50;1;77;77116;1;1;1;7;D215;48,7489120000;3,2052950000
202200012515;26;6;2022;17:00;1;34;34095;1;1;1;2;M185;43,5476930000;3,8084900000
202200012516;31;7;2022;06:15;2;95;95280;1;1;1;6;RD 317;49,0122515827;2,4918553233
202200012517;30;7;2022;19:15;1;79;79005;1;3;1;3;;46,8157300000; -0,0888780000
202200012518;31;7;2022;04:00;3;79;79013;2;2;1;7;;46,9935030000; -0,4331070000
202200012519;20;11;2022;10:50;1;55;55059;1;1;1;6;RD 960;48,5268550000;5,4480490000
202200012520;31;7;2022;19:30;1;32;32245;1;2;1;5;D164;43,6139960000; -0,0883410000
202200012521;19;11;2022;17:45;2;49;49261;1;1;1;5;D59;47,3853370000; -0,2160630000
202200012522;31;7;2022;20:20;2;63;63229;1;1;1;6;D10;45,7801645616;3,3498859406
202200012523;18;11;2022;15:00;1;22;22366;1;1;8;7;route communale;48,6212650000; -3,5916920000
202200012524;1;8;2022;11:05;1;49;49248;1;1;1;6;D775;47,7568650000; -1,1719370000
202200012525;19;11;2022;16:30;1;29;29048;1;1;2;6;1830 Route de Stang Kergourlay;48,1107120000; -3,9910840000
202200012526;30;7;2022;13:15;1;49;49331;1;1;1;7;D78;47,7045350000; -0,7281290000
202200012527;19;11;2022;04:50;4;38;38416;2;2;1;6;14 Avenue de l Abbaye;45,1500240000;5,3122540000
202200012528;20;11;2022;14:45;1;66;66067;1;1;1;6;;42,4231710000;2,0363330000
202200012529;2;10;2022;16:00;1;72;72224;1;1;1;3;Lieu Dit Le Petit Bois;48,0230340000;0,4767040000
202200012530;31;7;2022;11:10;1;49;49018;1;1;1;7;le Genièvre;47,6036460000; -0,0905080000
202200012531;1;8;2022;07:00;1;12;12188;1;1;7;6;D911;44,2712940000;2,7868150000
202200012532;19;11;2022;00:30;3;90;90033;1;3;2;3;Intersection D50 D26;47,4962990000;6,9803740000
202200012533;19;11;2022;19:15;3;09;09086;1;1;1;7;Départementale 334;43,0375600000;1,0921040000
202200012534;31;7;2022;22:35;3;42;42039;1;1;1;7;Route des Pistes;45,6901430000;3,8223200000
202200012535;20;11;2022;15:30;1;60;60651;1;1;1;6;D44;49,2596471758;2,3024820912
202200012536;1;8;2022;15:20;1;46;46185;2;3;1;1;Avenue de Nassogne;44,9337910000;1,6074290000
202200012537;19;11;2022;18:35;3;18;18245;1;1;1;6;;46,5861050000;2,4727930000
202200012538;30;7;2022;12:35;1;44;44072;2;1;1;6;46 Boulevard de Brière;47,4476950000; -2,3141080000
202200012539;20;11;2022;06:45;3;27;27161;1;1;2;1;D613;49,0575580000;1,0452460000
202200012540;29;7;2022;08:30;1;44;44074;2;1;1;3;rue du bac;47,1942440000; -1,6806290000
202200012541;19;11;2022;22:30;5;27;27226;2;1;1;1;17 Rue Georges Clemenceau;49,3053640000;1,6139120000
202200012542;31;7;2022;07:25;1;58;58210;1;1;1;6;Avenue Francois Mitterrand;47,1404521279;4,0256759407
202200012543;1;8;2022;15:30;1;14;14371;2;1;1;1;D579;49,0029419150;0,1474249363
202200012544;1;8;2022;10:55;1;14;14578;1;1;8;6;D17;49,3400630980;0,2221405505
202200012545;31;7;2022;13:55;1;05;05040;1;2;7;3;Intersection D3 / D203;44,5407220000;6,2800220000
202200012546;19;11;2022;13:50;1;87;87154;1;1;1;2;départementale 21;45,9128320000;0,8930360000
202200012547;31;7;2022;02:00;4;45;45076;2;4;1;7;282 Rue de la Mairie;48,0172540000;2,8494770000
202200012548;20;11;2022;05:10;3;48;48017;1;1;1;6;lieu dit malvezy;44,4416740000;3,1522720000
202200012549;31;7;2022;18:00;1;10;10323;2;6;1;7;Rue Pierre Sémard;48,5072720000;3,7446000000
202200012550;20;11;2022;02:00;3;68;68066;1;1;1;3;Autoroute A35;48,1050380000;7,3827910000
202200012551;31;7;2022;11:40;1;10;10033;1;3;1;3;d 619;48,2270835851;4,7230806923
202200012552;1;8;2022;04:30;3;36;36030;1;1;1;7;;46,6242324463;1,7708373070
202200012553;27;7;2022;08:00;1;36;36088;2;6;1;6;Rue des Caves;46,9417317102;2,0014750957
202200012554;31;7;2022;23:30;3;07;07296;1;1;1;6;Route de Janicou;44,5657430000;4,3927330000
202200012555;31;7;2022;15:25;1;21;21713;2;1;1;7;1 Route de Pontailler;47,2948360000;5,4031120000
202200012556;20;11;2022;19:15;3;80;80632;1;1;4;5;Autoroute A16 PK126+000;49,8846260000;2,2238300000
202200012557;31;7;2022;11:20;1;40;40333;1;1;1;7;Route du Finon;43,9854540000; -0,7367600000
202200012558;19;11;2022;15:15;1;06;06018;2;1;1;7;21 Route du Pin Montard;43,6234430000;7,0615260000
202200012559;1;8;2022;07:00;1;27;27638;1;1;1;6;Rue des Chrysanthèmes;49,2744720000;0,9419760000
202200012560;19;11;2022;21:05;3;69;69013;1;1;1;6;Autoroute 6;46,0186020000;4,7262670000
202200012561;27;7;2022;15:35;1;27;27043;1;1;1;7;D833;48,8778410000;0,8263350000
202200012562;27;7;2022;09:00;1;27;27069;2;1;1;2;Route de Verneuil;48,8114190000;0,7423170000
202200012563;31;7;2022;14:30;1;17;17411;2;1;1;6;Quai Raoul Coulon;45,8455240000; -1,2084960000
202200012564;20;11;2022;02:25;3;60;60100;1;1;1;4;A1;49,2434838804;2,6696934555
202200012565;1;8;2022;04:00;3;48;48094;1;1;1;6;Baraque de Tremolet (Saint-Georges-de-Lévéjac);44,3523850000;3,2289880000
202200012566;1;8;2022;06:10;2;48;48086;1;1;7;6;D906;44,6266930000;3,8917780000
202200012567;31;7;2022;18:30;1;52;52405;1;1;1;7;D300;47,6730276395;5,3153381960
202200012568;21;11;2022;01:30;3;988;98813;1;1;1;6;RT1; -21,7419400000;165,8382900000
202200012569;31;7;2022;09:45;1;08;08406;1;3;1;3;1 Bagot Centre;49,3697950000;4,7101710000
202200012570;1;8;2022;02:25;5;88;88447;2;1;1;6;23 Rue Raymond Poincare;47,9510260000;6,7816440000
202200012571;20;11;2022;01:10;5;973;97311;2;3;1;2;Rue du Lt Colonel Tourtet;5,4981870000; -54,0306710000
202200012572;31;7;2022;09:48;1;49;49301;1;3;1;7;La Providence (la Renaudière);47,1177300000; -1,0471880000
202200012573;19;11;2022;09:44;1;33;33165;2;1;1;2;Avenue de l?Entre 2 Mers;44,8246850000; -0,4490550000
202200012574;31;7;2022;01:55;3;30;30169;1;1;1;3;D262;43,7534660000;4,3421320000
202200012575;7;10;2022;16:30;1;18;18133;1;2;1;3;;46,9471420000;2,2784190000
202200012576;1;8;2022;18:30;1;34;34320;1;1;1;1;D111;43,6403920000;3,7458230000
202200012577;20;11;2022;12:25;1;77;77192;1;9;3;6;rn4 pk21+100;48,7194520000;2,8449980000
202200012578;1;8;2022;13:30;1;38;38253;1;1;1;1;D1091;45,0377320000;6,0915540000
202200012579;20;11;2022;11:21;1;77;77415;1;1;2;6;D19;48,9147440000;3,0142880000
202200012580;19;11;2022;19:00;3;42;42147;1;1;2;6;Route de Châtelneuf;45,6111365215;4,0364209413
202200012581;31;7;2022;17:00;1;90;90018;1;1;1;3;D13 PR 22.525;47,5777200000;6,9779060000
202200012582;19;11;2022;12:40;1;17;17128;2;1;1;7;35 Rue Pierre Schoeffer;45,7109920000; -0,5778700000
202200012583;1;8;2022;15:50;1;21;21356;1;1;1;6;Autoroute A36, PK 185.500 sens Beaune/Mulhouse;47,0646984363;5,2956429511
202200012584;20;11;2022;10:55;1;61;61427;1;1;1;1;Lieu Dit la Fosse;48,5913410000; -0,1783240000
202200012585;31;7;2022;07:00;1;22;22093;1;1;1;7;RN12 ;48,4734330000; -2,5594710000
202200012586;20;11;2022;01:40;5;22;22171;1;6;1;6;D700;48,4169315009; -2,8227996829
202200012587;31;7;2022;19:20;1;17;17336;1;9;7;7;A10 bretelle N)35 PR 000.150;45,7533760000; -0,6721830000
202200012588;17;11;2022;19:30;3;22;22081;1;1;1;7;D80;48,5084020000; -2,6691200000
202200012589;31;7;2022;18:35;2;971;97121;1;3;1;3;Lieu Dit Baillargent;16,2564840000; -61,8011480000
202200012590;9;11;2022;05:30;3;76;76557;1;1;1;6;172 Route du Havre;49,5283900000;0,6836580000
202200012591;29;7;2022;19:15;1;77;77142;1;9;1;7;Rue de la Ferme;48,8415240000;2,9190590000
202200012592;30;7;2022;23:30;3;34;34171;1;1;1;6;D108;43,9429310000;3,8064190000
202200012593;20;11;2022;14:40;1;60;60695;1;1;1;1;D44;49,2012240000;2,4747780000
202200012594;31;7;2022;21:30;2;58;58160;2;1;1;7;Route de Fourchambault;46,9973450000;3,1081220000
202200012595;19;11;2022;21:38;5;60;60575;2;4;1;1;63 Rue du Canton de Beaupreau;49,2924350000;2,1892230000
202200012596;31;7;2022;21:57;5;57;57160;2;1;1;3;Rue du Maréchal Ney;49,2050230000;6,6990370000
202200012597;19;11;2022;17:35;5;60;60574;2;1;1;1;1147 Rue Principale;49,3508850000;2,2792770000
202200012598;31;7;2022;17:05;1;57;57160;2;2;1;3;Rue de Sarrelouis;49,2084650000;6,7137730000
202200012599;19;11;2022;13:30;1;60;60628;2;1;2;1;Rue des Aulnaies;49,4170320000;2,1477740000
202200012600;30;7;2022;09:20;1;74;74127;1;4;7;1;Route de Chez Portay;46,3560070000;6,5961960000
202200012601;18;11;2022;21:47;3;13;13071;1;1;1;2;A51-Sens Aix en Provence vers Marseille;43,4096400000;5,3637100000
202200012602;20;7;2022;08:40;1;69;69148;2;4;1;1;Rue des Veloutiers;45,6562730000;4,7147170000
202200012603;18;11;2022;07:30;1;13;13214;2;1;1;2;A507 sens Aubagne- Marseille;43,3300800000;5,4002200000
202200012604;30;7;2022;11:05;1;85;85126;2;1;1;6;RD132;46,4798910000; -0,8519270000
202200012605;18;11;2022;17:35;4;83;83137;1;1;1;2;A57;43,1309800000;5,9796100000
202200012606;31;7;2022;18:30;1;53;53082;1;2;1;3;le petit bordage;47,9725850000; -0,8778230000
202200012607;19;11;2022;01:25;5;33;33039;1;1;1;2;ROCADE A 630;44,7910437022; -0,5404651165
202200012608;31;7;2022;03:50;3;14;14258;2;1;1;6;D129;48,8890150030; -0,1796192229
202200012609;19;11;2022;16:30;3;78;78158;1;1;2;2;A13;48,8315070000;2,1447160000
202200012610;30;7;2022;16:00;1;60;60139;2;2;1;3;Rue Jean Jaurès;49,1637780000;2,2390170000
202200012611;19;11;2022;01:45;3;78;78029;1;1;1;6;A13Y;48,9673100000;1,8550800000
202200012612;31;7;2022;10:12;1;13;13056;1;1;1;7;A55-Sens Martigues vers Marseille;43,3945042542;5,0514959169
202200012613;19;11;2022;09:30;1;92;92036;1;1;1;6;AUTOROUTE A86;48,9389446324;2,3050124924
202200012614;30;7;2022;22:10;3;13;13005;1;1;1;2;A50 - Sens Aubagne vers Marseille;43,2774475915;5,5870572502
202200012615;19;11;2022;21:30;3;77;77384;1;1;1;6;A5b;48,6047700000;2,6337200000
202200012616;19;11;2022;04:10;3;77;77384;1;1;1;3;A105;48,6136750000;2,6318700000
202200012617;29;7;2022;18:53;1;13;13210;1;1;1;2;A50-Sens Marseille vers Aubagne;43,2846400000;5,4125000000
202200012618;31;7;2022;01:55;3;83;83047;1;1;1;6;A570;43,1337900000;6,0506800000
202200012619;18;11;2022;17:30;3;94;94015;1;1;1;4;A4;48,8307100000;2,5303900000
202200012620;24;5;2022;12:20;1;69;69383;2;1;1;1;Cours Docteur Long;45,7497700000;4,8855000000
202200012621;31;7;2022;05:20;2;69;69199;1;1;1;2;Route Départementale 383;45,7070134279;4,8437726498
202200012622;18;5;2022;09:08;1;69;69383;2;2;1;3;Rue de Créqui;45,7583300000;4,8480500000
202200012623;31;7;2022;07:25;1;91;91136;1;1;1;6;BRETELLE A10/RN20;48,7093000000;2,2875800000
202200012624;31;7;2022;03:30;4;95;95527;1;1;1;6;A1;48,9972991929;2,5185701251
202200012625;22;2;2022;00:35;4;91;91174;2;1;1;6;RUE DE PARIS;48,6017660000;2,4698680000
202200012626;31;7;2022;20:30;1;77;77058;1;1;1;6;A4;48,8289400000;2,7369200000
202200012627;21;2;2022;17:32;1;91;91174;1;1;1;3;RTE NATIONALE 7;48,6074210000;2,4651570000
202200012628;31;7;2022;14:10;1;94;94052;1;1;1;6;A86 INT;48,8311847838;2,4908146999
202200012629;19;2;2022;09:40;1;91;91174;2;1;1;6;BD JEAN JAURES;48,6115100000;2,4622100000
202200012630;30;7;2022;21:34;1;72;72181;2;1;1;6;DEMORIEUX ENTRE PT CHEM DE FER ET HUISNE;47,9952290000;0,1864820000
202200012631;17;2;2022;21:05;5;91;91228;2;1;1;3;BD DES COQUIBUS;48,6248800000;2,4336800000
202200012632;29;7;2022;17:10;1;974;97416;2;1;1;5;BANK (BOULEVARD); -21,3302300000;55,4733400000
202200012633;11;2;2022;13:35;1;91;91174;2;1;1;3;AV GENERAL DE GAULLE;48,6193000000;2,4542300000
202200012634;30;7;2022;14:50;1;973;97302;2;1;1;3;;4,9189100000; -52,3165300000
202200012635;10;2;2022;17:20;1;91;91228;2;1;1;6;BD CHAMPS ELYSEES;48,6266200000;2,4240200000
202200012636;30;7;2022;19:15;2;973;97302;2;2;1;2;;4,9440200000; -52,3083800000
202200012637;29;1;2022;12:30;1;91;91521;2;1;1;7;LIBERATION (AVENUE DE LA) N°28 A 84;48,6524060000;2,4131700000
202200012638;30;7;2022;15:20;1;973;97302;2;1;1;2;;4,9230872823; -52,3125278950
202200012639;28;1;2022;08:47;1;91;91174;2;1;1;2;BD JEAN JAURES;48,6092300000;2,4642100000
202200012640;30;7;2022;09:20;1;972;97213;2;1;1;3;Z I LA JAMBETTE;14,6168700000; -61,0325000000
202200012641;29;7;2022;20:20;5;972;97213;1;9;1;3;ROUTE DEPARTEMENTALE 14;14,6202900000; -61,0213200000
202200012642;16;3;2022;13:20;1;13;13214;2;1;1;4;CAPITAINE GEZE (BOULEVARD);43,3305251159;5,3711141646
202200012643;30;7;2022;16:30;1;972;97209;1;1;1;3;MOUTTE (ROUTE DE);14,6284400000; -61,0489200000
202200012644;17;7;2022;20:00;1;13;13209;2;1;1;1;JOSEPH AIGUIER (CHEMIN);43,2509300000;5,4123100000
202200012645;30;7;2022;08:45;1;69;69389;2;6;1;2;Place Valmy;45,7753800000;4,8054000000
202200012646;31;7;2022;00:28;5;2A;2A004;2;1;1;7;T21;41,9285400000;8,8000600000
202200012647;16;11;2022;15:30;1;974;97416;1;1;7;4;RN1 (ROUTE NATIONALE); -21,3132950000;55,4379280000
202200012648;30;7;2022;20:00;1;91;91432;2;1;1;3;PL RESISTANCE FRANCAISE;48,7001300000;2,3474400000
202200012649;17;11;2022;10:00;1;974;97411;2;1;1;5;NONGE (AVENUE EUDOXIE); -20,8980000000;55,4945000000
202200012650;29;7;2022;20:15;1;85;85194;1;1;1;3;5 Rue de la forêt;46,5233990000; -1,8094780000
202200012651;17;11;2022;07:20;2;974;97407;2;1;1;6;VERGES(AVENUE); -20,9400500000;55,3057500000
202200012652;30;7;2022;04:45;5;83;83137;1;1;1;1;FLORENT (CHEMIN BARTHELEMY);43,1531900000;5,9170300000
202200012653;17;11;2022;16:00;1;973;97302;2;3;1;3;MADELEINE (ROUTE DE LA);4,9149651801; -52,3209889233
202200012654;23;7;2022;05:50;2;83;83034;1;1;1;6;RUE DES 3 PINS;43,1067400000;6,0511100000
202200012655;30;7;2022;20:40;1;81;81065;2;1;1;6;SICARD (BD.DES DOCTEURS);43,6078900000;2,2411000000
202200012656;17;11;2022;17:30;5;69;69383;2;3;2;3;Rue Paul Bert;45,7570700000;4,8564300000
202200012657;17;11;2022;12:45;1;69;69386;2;3;1;6;Cours Vitton;45,7700600000;4,8588000000
202200012658;25;7;2022;07:30;1;73;73008;2;6;1;3;BAYE CHEMIN DE LA;45,7028700000;5,9280800000
202200012659;17;11;2022;07:50;1;69;69387;2;1;1;3;Rue de l'Université;45,7515400000;4,8378100000
202200012660;30;7;2022;18:22;1;69;69199;2;3;1;2;Avenue Jean Jaurès;45,7107600000;4,8551000000
202200012661;17;11;2022;13:00;1;971;97120;2;2;1;3;HO CHI MIN;16,2455200000; -61,5409200000
202200012662;25;7;2022;08:50;1;65;65286;2;1;1;6;Ch. De  Darrespey;43,0881220000; -0,0500110000
202200012663;16;11;2022;18:24;5;971;97120;2;9;1;6;CHANZY (BOULEVARD);16,2436400000; -61,5393400000
202200012664;30;7;2022;20:00;1;64;64545;2;1;1;3;RD810;43,3744332166; -1,6790161335
202200012665;13;11;2022;15:45;1;91;91421;2;3;1;6;REPUBLIQUE (AVENUE DE LA);48,6998100000;2,4683500000
202200012666;30;7;2022;01:20;5;64;64102;2;1;1;1;GRENET (PONT);43,4982180000; -1,4822830000
202200012667;16;11;2022;15:28;1;91;91223;2;9;2;6;SAINT JACQUES (RUE);48,4329900000;2,1543600000
202200012668;29;7;2022;15:15;1;64;64102;2;1;1;3;Cours Comte de Cabarrus;43,4817180000; -1,4862400000
202200012669;16;11;2022;03:50;5;87;87085;2;1;2;6;THOMAS (AVENUE ALBERT);45,8343900000;1,2464400000
202200012670;30;7;2022;15:50;1;59;59350;2;1;1;2;IENA RUE;50,6228223961;3,0494678020
202200012671;17;11;2022;22:40;5;83;83137;2;1;3;6;MIRASOULEOU (AVE);43,1344000000;5,9796900000