Num_Acc;jour;mois;an;hrmn;lum;dep;com;agg;int;atm;col;adr;lat;long
202200012672;30;7;2022;09:00;1;56;56083;2;3;1;6;LIBERATION ( AV. DE LA );47,8045000000; -3,2773000000
202200012673;17;11;2022;09:00;1;83;83129;2;1;1;3;DE LATTRE DE TASSIGNY (AV);43,0942000000;5,8362700000
202200012674;16;11;2022;18:00;5;83;83069;2;1;1;6;ALMANARRE (ROUTE DE L');43,0806865331;6,1215044260
202200012675;30;7;2022;10:30;1;54;54395;2;1;1;6;POINCARE (RUE RAYMOND 31-32 A FIN);48,6885640748;6,1669510603
202200012676;29;7;2022;23:40;3;54;54575;1;1;1;6;D17;49,4724800000;5,7963500000
202200012677;17;11;2022;20:00;5;81;81004;2;2;1;6;GIRAUD (DU GENERAL);43,9238700000;2,1399200000
202200012678;16;11;2022;08:15;1;80;80001;2;1;2;7;ARISTIDE BRIAND;50,1098900000;1,8430500000
202200012679;30;7;2022;21:10;1;51;51454;2;4;1;7;rue Pierre Maître;49,2629600000;4,0035500000
202200012680;14;11;2022;12:00;1;78;78327;2;1;1;3;AVENUE DE PARIS;48,9883700000;1,8269600000
202200012681;30;7;2022;22:19;5;49;49007;2;1;1;7;FOCH BOULEVARD;47,4691300000; -0,5496200000
202200012682;30;7;2022;16:30;1;49;49246;2;1;1;6;BELLE POULE LEVEE;47,4199767871; -0,4870462418
202200012683;30;7;2022;01:03;3;37;37233;1;1;1;6;DUCLOS (AVENUE JACQUES);47,3811300000;0,7447400000
202200012684;17;11;2022;11:05;1;77;77108;2;1;2;3;D34;48,8828000000;2,6007400000
202200012685;30;7;2022;19:00;1;35;35238;2;1;7;6;Allée Victor Grignard;48,1200000000; -1,6321700000
202200012686;30;7;2022;14:00;1;35;35238;2;1;1;6;VILLEBOIS MAREUIL (BD);48,1074738741; -1,6512195021
202200012687;17;11;2022;12:15;1;77;77307;2;1;2;2;D231;48,8527222517;2,7619026371
202200012688;30;7;2022;20:00;1;34;34172;2;1;1;1;PEDRO DE LUNA (BOULEVARD);43,5951200000;3,8695800000
202200012689;17;11;2022;19:45;5;76;76540;2;3;1;3;Quai Pierre Corneille;49,4378800000;1,0935200000
202200012690;29;7;2022;23:30;5;34;34198;2;1;1;4;Avenue Georges Freche;43,5747700000;3,9416500000
202200012691;17;11;2022;18:00;5;76;76165;2;3;1;7;Rue aux Saulniers;49,2864300000;1,0373700000
202200012692;16;11;2022;17:40;5;71;71475;2;1;1;6;RENE MUGNIER (RUE);46,7600000000;4,8400000000
202200012693;30;7;2022;17:00;1;33;33063;2;3;1;3;Rue des Bleuets;44,8568400000; -0,6366700000
202200012694;17;11;2022;18:45;5;69;69266;2;1;2;6;Cours Emile Zola;45,7687264905;4,8838734630
202200012695;30;7;2022;10:30;1;30;30028;2;1;1;3;;44,1610000000;4,6262200000
202200012696;17;11;2022;18:50;5;69;69290;2;1;2;6;Rue du Dauphiné;45,7081900000;4,9291800000
202200012697;17;11;2022;17:35;4;69;69259;2;1;3;6;17 Rue Albert Einstein;45,6983891519;4,8770526052
202200012698;30;7;2022;13:50;1;29;29019;2;6;1;1;rue Kergorju;48,3929900000; -4,4792510000
202200012699;17;11;2022;17:50;5;69;69091;2;9;2;6;Rue Victor Hugo;45,5894100000;4,7709200000
202200012700;30;7;2022;08:40;1;29;29019;2;6;1;6;avenue Victor Le Gorgeu;48,4028640000; -4,5036920000
202200012701;16;11;2022;18:15;5;67;67482;2;1;1;6;ROMAINS (ROUTE DES);48,5787300000;7,7108100000
202200012702;31;7;2022;00:37;5;17;17300;2;1;1;6;CHURCHILL   BOULEVARD WINSTON;46,1538300000; -1,1804200000
202200012703;14;11;2022;18:30;5;66;66136;1;6;1;2;;42,6735720000;2,8890810000
202200012704;30;7;2022;18:45;1;13;13071;2;1;1;2;FRAISES PROLONGE (CHEMIN DES);43,4009532335;5,3428175508
202200012705;17;11;2022;16:05;1;64;64132;2;9;2;6;COMMANDANT RENE MOUCHOTTE DU;43,3042500000; -0,3207700000
202200012706;30;7;2022;20:30;1;13;13206;2;1;1;1;LOUIS SALVATOR (BOULEVARD);43,2908200000;5,3816000000
202200012707;17;11;2022;07:50;1;64;64445;2;2;2;3;MIDI DU;43,3093524438; -0,3745865822
202200012708;30;7;2022;17:15;1;13;13205;1;1;1;1;JEANNE D'ARC (BOULEVARD);43,2931500000;5,4048600000
202200012709;30;7;2022;18:55;1;09;09225;2;9;1;6;GARE BOULEVARD DE LA;43,1174320000;1,6185060000
202200012710;16;11;2022;09:30;1;64;64445;2;1;7;2;boulevard de l'Oussère;43,3280900000; -0,3617900000
202200012711;16;11;2022;21:10;5;64;64102;2;1;1;3;Chemin de Frais;43,4805300000; -1,4577800000
202200012712;25;7;2022;07:50;1;07;07186;2;6;1;3;;44,7197800000;4,6022400000
202200012713;12;11;2022;18:10;5;62;62617;2;6;5;3;D937;50,4718320000;2,6691490000
202200012714;30;7;2022;09:02;1;06;06088;2;2;1;3;ARSON (RUE);43,7024500000;7,2878100000
202200012715;16;11;2022;13:00;1;62;62628;2;1;1;6;Rue Victor Hugo;50,4259630000;2,8741260000
202200012716;29;7;2022;16:30;1;06;06088;2;1;1;5;RAYNAUD (BD AUGUSTE);43,7137400000;7,2586100000
202200012717;30;7;2022;08:20;1;06;06069;1;1;1;7;BARTHOU (BOULEVARD ET ESCALIER LOUIS);43,6627200000;6,9221400000
202200012718;18;9;2022;13:25;1;62;62041;2;2;1;3;CHANZY;50,2884460000;2,7806860000
202200012719;29;7;2022;19:35;1;75;75115;2;1;1;5;PORTE DE LA PLAINE;48,8300820000;2,2864170000
202200012720;16;11;2022;07:40;1;62;62263;2;9;2;4;D265;50,2771430000;2,7261400000
202200012721;17;11;2022;18:20;3;61;61077;1;9;2;6;L'INDUSTRIE 'RUE DE);48,4453400000;0,1122800000
202200012722;30;7;2022;11:30;1;75;75105;2;4;1;3;RUE BUFFON;48,8431770000;2,3641510000
202200012723;16;11;2022;12:00;1;60;60414;2;1;2;6;Avenue Guy Moquet;49,2559000000;2,4284400000
202200012724;17;11;2022;19:15;5;59;59195;1;1;2;5;LIGNE 77 AUTOBUS;50,6276300000;2,9606800000
202200012725;30;7;2022;15:40;1;75;75119;2;3;1;3;AVENUE CORENTIN CARIOU;48,8976490000;2,3854800000
202200012726;16;11;2022;20:00;5;59;59350;2;1;3;1;LAVOISIER RUE;50,6443100000;3,0075400000
202200012727;30;7;2022;19:35;2;75;75118;2;2;1;3;BOULEVARD NEY;48,8977270000;2,3290280000
202200012728;17;11;2022;11:05;1;57;57463;2;1;2;7;ALLIES (RUE DES);49,1301000000;6,1651000000
202200012729;27;7;2022;16:30;1;75;75117;2;2;1;3;AVENUE DE LA PORTE DE SAINT OUEN;48,8977300000;2,3290260000
202200012730;15;11;2022;22:25;5;54;54547;2;3;3;6;GEMBLOUX (RUE DE);48,6617500000;6,1780600000
202200012731;30;7;2022;20:05;1;75;75113;2;3;1;2;BOULEVARD DE L HOPITAL;48,8358660000;2,3587740000
202200012732;17;11;2022;13:33;1;51;51454;2;4;1;2;boulevard Franchet d'Esperey;49,2420900000;4,0135500000
202200012733;17;11;2022;07:23;5;51;51454;2;1;2;3;avenue de Champagne;49,2203500000;4,0215500000
202200012734;16;11;2022;17:35;2;51;51454;2;2;2;3;rue de Venise;49,2475500000;4,0337200000
202200012735;30;7;2022;01:22;5;75;75112;2;2;1;4;AVENUE LEDRU ROLLIN;48,8458410000;2,3676370000
202200012736;15;11;2022;19:20;5;50;50129;2;1;2;7;THIVET ( avenue du );49,6353600000; -1,6653800000
202200012737;29;7;2022;23:20;5;75;75107;2;3;1;7;QUAI D ORSAY;48,8624660000;2,3054190000
202200012738;16;11;2022;17:31;5;49;49007;2;1;2;6;Boulevard de la Marianne;47,4511500000; -0,5272300000
202200012739;16;11;2022;20:56;5;49;49007;2;1;2;7;PROUDHON;47,4604600000; -0,6046500000
202200012740;16;11;2022;14:58;1;45;45075;2;6;1;4;D2152 PR 63+945;47,8936680000;1,8496450000
202200012741;30;7;2022;15:35;1;94;94078;2;9;1;2;MELUN (AV DE);48,7237400000;2,4444200000
202200012742;17;11;2022;17:00;1;35;35238;2;2;1;3;VILLEBOIS MAREUIL (BD);48,1051400000; -1,6503900000
202200012743;30;7;2022;21:45;5;93;93078;2;1;1;6;46 Avenue Emile Dambel;48,9544500000;2,5482900000
202200012744;17;11;2022;11:25;1;35;35238;2;5;1;3;ROOSEVELT (BD FRANKLIN);48,0972000000; -1,6579000000
202200012745;29;7;2022;22:26;5;93;93078;2;2;1;3;Avenue du Général Leclerc / Avenue Infroit;48,9487200000;2,5606800000
202200012746;30;7;2022;13:00;1;93;93077;2;1;1;1;Rue d'Avron;48,8818000000;2,5068600000
202200012747;30;7;2022;07:54;1;93;93008;2;1;1;3;Av du President Salvador Allende;48,9029457495;2,4454911947
202200012748;30;7;2022;20:45;1;93;93010;2;1;1;6;Avenue Pasteur;48,9043517248;2,4849287867
202200012749;16;11;2022;22:45;5;33;33550;2;1;1;1;Rue de Chambery;44,7637800000; -0,5632400000
202200012750;30;7;2022;10:07;1;93;93008;2;6;1;6;Avenue Paul Vaillant - Couturier;48,9087900000;2,4504100000
202200012751;30;7;2022;16:10;1;93;93007;2;2;1;3;Avenue Charles Floquet / Rue Pégoud;48,9405200000;2,4493000000
202200012752;30;7;2022;07:00;1;92;92072;2;9;1;6;MIDRIN (RUE PIERRE);48,8226337593;2,2118497342
202200012753;16;11;2022;11:30;1;33;33063;2;3;1;6;Quai des Chartrons;44,8555100000; -0,5635100000
202200012754;30;7;2022;13:50;1;92;92051;2;1;1;3;MAURICE BARRES (BOULEVARD);48,8797420178;2,2640231252
202200012755;17;11;2022;11:25;1;31;31483;1;1;1;7;ROUTE DE LA SERRE DE CAZAUX;43,1417300000;0,7357200000
202200012756;30;7;2022;23:43;3;80;80129;1;1;1;7;Bouzincourt;50,0162880000;2,6191230000
202200012757;31;7;2022;05:22;2;71;71222;1;1;1;6;D980;46,6316540000;4,4660280000
202200012758;16;11;2022;16:15;1;31;31483;1;1;1;7;D 9  ROUTE DE LA SERRE DE NEROUS;43,1230500000;0,7111200000
202200012759;30;7;2022;23:00;3;62;62057;1;1;1;2;D224;50,8894270265;2,1185569836
202200012760;29;7;2022;10:20;1;11;11098;1;1;1;1;;43,1872020000;2,7328920000
202200012761;30;5;2022;22:30;3;30;30008;1;1;1;6;DÉPARTEMENTALE 7;44,1877130000;4,2359590000
202200012762;29;7;2022;18:20;1;84;84056;1;2;1;3;Chemin des Plumes;44,1379160000;4,9324970000
202200012763;31;7;2022;15:00;1;35;35014;1;1;1;6;Route communale 2;48,0183630000; -1,2908400000
202200012764;31;5;2022;17:15;1;48;48140;2;1;1;6;Boulevard Guerin d Apcher;44,7987040000;3,2754760000
202200012765;30;7;2022;23:50;3;26;26010;1;1;1;7;Route du Creux de la Thine;45,2683700000;4,8521380000
202200012766;16;11;2022;17:35;5;27;27681;2;2;3;6;MARCHE AUX CHEVAUX (C. DU);49,0924500000;1,4883400000
202200012767;30;7;2022;16:30;1;974;97413;2;1;1;6;17 Bd de la Compagnie des Indes; -21,1685150000;55,2854940000
202200012768;30;5;2022;16:15;1;978;97801;1;1;1;5;53 RTE DE MILLRUM - RN7;18,0989880000; -63,0460310000
202200012769;24;7;2022;18:40;1;85;85109;2;6;1;3;VC rue Nationale;46,8700060000; -1,0092190000
202200012770;31;5;2022;13:30;1;973;97309;2;1;2;3;Route de Degrad des Cannes;4,8901460000; -52,2876750000
202200012771;29;5;2022;20:00;3;987;98715;1;1;1;2;Route de nuutania; -17,5552960000; -149,5932930000
202200012772;31;7;2022;14:20;1;83;83140;1;1;1;7;D1;43,4090580000;5,9082360000
202200012773;30;5;2022;15:30;1;49;49068;1;1;1;6;A11, PK 291.500, sens NANTES-ANGERS;47,4359260000; -0,8548740000
202200012774;16;11;2022;06:50;5;27;27229;2;2;2;6;ALLENDE (BOULEVARD DU PRESIDENT);49,0037700000;1,1483200000
202200012775;30;5;2022;18:30;1;33;33205;1;1;1;7;A62 PK 025.300;44,6067240000; -0,3718190000
202200012776;31;7;2022;06:20;2;83;83116;1;1;1;3;;43,4573350000;5,8413900000
202200012777;30;5;2022;19:45;1;69;69189;1;1;1;7;Route Departementale 386;45,5227740000;4,8659940000
202200012778;31;7;2022;17:25;1;59;59229;2;1;1;6;Rue de Glageon;50,0408087550;4,0325242281
202200012779;30;5;2022;17:00;1;973;97304;1;2;1;3;Savanes du Matiti;5,0699450000; -52,5952970000
202200012780;30;5;2022;00:25;3;978;97801;1;1;1;2;Qu artier Bellevuerue de Hollande - RN7;18,0581560000; -63,0855560000
202200012781;30;5;2022;12:50;1;29;29233;1;1;1;2;N165;47,8670147200; -3,5854835219
202200012782;1;5;2022;20:15;1;78;78605;2;1;1;6;7bis Rue de Tesse;48,8337800000;1,6581000000
202200012783;31;5;2022;15:10;1;57;57474;2;1;1;3;Rue de Boussange;49,2598860000;6,1582660000
202200012784;17;11;2022;19:05;5;25;25462;2;5;3;3;BESANCON (DU 72TER A LA FIN);46,9182000000;6,3436800000
202200012785;31;5;2022;20:15;2;57;57644;2;1;1;2;910;49,1131560000;6,8409900000
202200012786;28;5;2022;11:15;1;73;73285;1;4;1;3;D1090 - lieu dit mont du caravin;45,6245430000;6,8188730000
202200012787;31;5;2022;18:20;1;85;85151;1;2;1;4;Gonnord;47,0146600000; -0,9962200000
202200012788;28;5;2022;01:05;3;50;50411;1;3;1;1;D911;48,7090140000; -1,3202960000
202200012789;14;11;2022;17:30;5;21;21231;2;3;1;3;VOLTAIRE (BOULEVARD);47,3199400000;5,0517500000
202200012790;30;5;2022;07:55;1;988;98818;2;3;1;2;RUE AUGUSTE BENEBIG/RUE BATAILLE; -22,2719400000;166,4506600000
202200012791;17;11;2022;19:20;5;13;13117;1;1;1;6;ROUTE NATIONALE 113 - CADESTEAUX;43,4749100000;5,2281700000
202200012792;21;5;2022;14:40;1;987;98735;1;8;1;6;TIPAERUI (CV QTIER PINAI); -17,5509500000; -149,5760100000
202200012793;30;5;2022;08:05;1;973;97302;2;3;3;3;MONTABO (ROUTE DE) 3;4,9366300000; -52,2970000000
202200012794;17;11;2022;20:50;5;13;13206;2;3;1;3;PIERRE PUGET (COURS);43,2904300000;5,3758000000
202200012795;30;5;2022;19:15;1;69;69388;2;2;1;2;Avenue Général Frère;45,7284900000;4,8814600000
202200012796;17;11;2022;09:00;1;13;13213;2;1;1;1;CHARLES SUSINI (TRAVERSE);43,3381500000;5,4162400000
202200012797;30;5;2022;18:00;1;69;69383;2;1;1;6;Rue Jeanne Hachette;45,7532400000;4,8631600000
202200012798;17;11;2022;12:00;1;13;13208;2;1;1;3;ODESSA (AVENUE);43,2431320864;5,3687462502
202200012799;30;5;2022;13:40;1;69;69199;2;3;1;6;Rue Paul Bert;45,7071700000;4,8590700000
202200012800;30;5;2022;03:55;5;69;69388;2;2;1;6;Avenue Jean Mermoz;45,7333400000;4,8787100000
202200012801;17;11;2022;15:00;1;13;13005;2;3;1;3;PALUDS (Z.I. DES );43,2943134462;5,5950201063
202200012802;29;5;2022;23:20;5;69;69383;2;3;1;2;Avenue Félix Faure;45,7545800000;4,8668400000
202200012803;28;5;2022;23:20;5;87;87085;1;1;1;6;SCHUMAN (BOULEVARD ROBERT);45,8669600000;1,2769600000
202200012804;16;11;2022;16:55;2;13;13001;1;1;1;3;GARDANNE (ROUTE DE );43,4961800000;5,4037900000
202200012805;30;5;2022;14:30;1;83;83069;2;1;1;3;OLBIA  (VOIE);43,1157400000;6,1391600000
202200012806;6;10;2022;07:35;1;08;08409;2;2;1;3;Avenue Philippoteaux;49,6967610000;4,9387490000
202200012807;25;5;2022;12:30;1;80;80021;2;3;1;6;BELFORT (BOULEVARD DE);49,8891900000;2,3056500000
202200012808;18;12;2022;19:50;5;66;66021;2;6;1;3;;42,7318186614;2,9332074523
202200012809;16;11;2022;17:37;5;05;05061;1;3;1;1;BELLEVUE (BOULEVARD);44,5596000000;6,0863700000
202200012810;30;5;2022;14:20;1;78;78133;2;1;1;3;MUR DU PARC (DU);48,9085300000;2,0318400000
202200012811;16;11;2022;18:05;5;05;05061;2;4;1;1;EMILE DIDIER ( AV );44,5657600000;6,0932300000
202200012812;24;12;2022;22:30;3;83;83120;1;1;1;1;D560;43,3832393260;5,7362837790
202200012813;30;5;2022;02:45;3;78;78220;1;1;1;6;RN 10;48,7368300000;1,9064200000
202200012814;18;11;2022;19:00;5;75;75112;2;1;2;4;PORT DE BERCY;48,8276460000;2,3936530000
202200012815;30;5;2022;11:55;1;78;78029;2;2;1;3;PASTEUR (BOULEVARD);48,9735800000;1,8422000000
202200012816;24;12;2022;19:25;3;61;61096;1;3;2;1;Lieu Dit les Vaux;48,5112950000; -0,3945850000
202200012817;24;12;2022;14:40;1;41;41164;2;1;2;7;Rue du Général de Gaulle;47,2815500000;1,3913440000
202200012818;18;11;2022;09:30;1;75;75112;2;1;1;5;PORTE DOREE;48,8335690000;2,4083410000
202200012819;24;12;2022;08:10;2;25;25222;1;1;2;7;D461;47,1590010000;6,2626790000
202200012820;29;5;2022;03:15;4;77;77447;2;1;1;6;D50;48,5627100000;2,5582300000
202200012821;25;12;2022;09:10;1;06;06073;1;1;1;5;RM 2205 - PR 41+550;44,1902820000;7,0178820000
202200012822;17;11;2022;07:20;2;75;75113;2;1;2;4;PORTE D ITALIE;48,8167070000;2,3651070000
202200012823;24;12;2022;19:05;5;21;21500;2;1;2;6;Rue de Renouilley;47,5071900000;4,4687000000
202200012824;25;12;2022;07:00;3;30;30061;1;6;5;7;d936;43,9336300000;4,2563220000
202200012825;30;5;2022;06:30;1;77;77307;2;1;1;6;D5;48,8712000000;2,7506000000
202200012826;17;11;2022;06:54;5;75;75102;2;3;2;3;BOULEVARD DES ITALIENS;48,8714710000;2,3370840000
202200012827;24;12;2022;21:45;3;59;59125;1;1;2;6;A 26;50,1337639827;3,1440370754
202200012828;18;11;2022;13:15;1;75;75106;2;2;1;6;RUE DE FLEURUS;48,8470930000;2,3302440000
202200012829;27;5;2022;11:15;1;76;76351;2;2;1;3;VALLEE (RUE DE LA);49,4948200000;0,1544900000
202200012830;18;11;2022;19:55;5;75;75119;2;7;1;2;PLACE GENERAL COCHET;48,8863390000;2,3939950000
202200012831;30;5;2022;08:20;1;74;74218;2;1;1;6;RIVE (AVENUE DE LA) RD 1005;46,3940500000;6,5385700000
202200012832;23;12;2022;19:00;3;78;78349;1;1;1;5;A10;48,5730010000;1,9985680000
202200012833;18;11;2022;22:15;5;75;75118;2;2;2;3;BOULEVARD NEY;48,8977300000;2,3290130000
202200012834;27;5;2022;06:50;1;72;72181;2;1;1;2;LOUIS BLANC (QUAI);48,0133600000;0,1993400000
202200012835;25;12;2022;00:15;3;973;97305;1;9;3;6;Avenue Henry Kong;5,0577153910; -52,5627565384
202200012836;18;11;2022;15:10;1;75;75117;2;7;1;6;RUE DE COURCELLES;48,8853060000;2,2969070000
202200012837;30;5;2022;19:30;1;69;69029;2;1;1;3;Route de Genas;45,7509000000;4,9079000000
202200012838;25;12;2022;05:30;2;971;97128;1;1;1;6;Cinq Etangs;16,2803240000; -61,3457410000
202200012839;24;12;2022;13:06;1;971;97115;1;9;1;2;la Moisse;16,2771570000; -61,6635560000
202200012840;17;11;2022;19:10;5;75;75117;2;7;8;3;PLACE DU BRESIL;48,8842520000;2,3026580000
202200012841;27;5;2022;15:47;1;66;66136;1;1;1;2;BLANC AVENUE ROSETTE;42,6991345509;2,9156302661
202200012842;24;12;2022;20:15;3;11;11410;1;1;1;6;;43,2505010000;2,4048580000
202200012843;18;11;2022;19:50;5;75;75116;2;1;1;2;AVENUE DE NEW YORK;48,8592300000;2,2896510000
202200012844;25;12;2022;14:20;1;26;26362;1;1;1;6;A7 - PK 071.100;44,9262830000;4,8804190000
202200012845;30;5;2022;12:17;1;63;63113;2;1;1;3;LAVOISIERS (BD);45,7841200000;3,0758300000
202200012846;18;11;2022;20:00;5;75;75116;2;1;1;1;QUAI SAINT EXUPERY;48,8357490000;2,2630000000
202200012847;23;12;2022;23:30;3;69;69206;1;1;1;7;Route Départementale 306;46,0834940000;4,7274360000
202200012848;18;11;2022;05:55;5;75;75114;2;7;1;3;RUE DU COMMANDANT RENE MOUCHOTTE;48,8374110000;2,3186000000
202200012849;27;5;2022;12:41;1;63;63113;2;2;1;3;rue Antoine Raynaud;45,7695900000;3,0872300000
202200012850;18;11;2022;01:00;5;75;75114;2;2;8;7;BOULEVARD JOURDAN;48,8221090000;2,3803350000
202200012851;30;5;2022;17:30;1;59;59599;2;2;1;3;VARSOVIE (RUE DE);50,7360092481;3,1638720632
202200012852;26;11;2022;14:00;1;86;86222;2;3;1;3;Route de Dissay;46,6790830000;0,4089350000
202200012853;2;11;2022;22:15;5;75;75109;2;1;1;6;RUE DU FAUBOURG MONTMARTRE;48,8735900000;2,3428260000
202200012854;23;5;2022;18:25;1;59;59566;2;1;2;1;HEM RUE D;50,6312607091;2,9833124578
202200012855;25;12;2022;05:20;3;27;27097;1;3;3;6;Route des Rouge Pommiers;49,1995886739;1,4069740815
202200012856;17;11;2022;19:45;5;94;94081;2;1;2;1;MOULIN DE SAQUET (AV DU);48,7900000000;2,3800000000
202200012857;30;5;2022;07:40;1;59;59350;2;1;1;2;DESCAMPS EUGENE RUE;50,6495650187;3,0061022043
202200012858;25;12;2022;01:32;3;76;76535;2;1;1;6;788 Rue du Mesnil Treflet;49,6201090000;1,4859740000
202200012859;18;11;2022;07:28;2;94;94044;2;1;1;3;HENRI BARBUSSE (R);48,7547600000;2,4845600000
202200012860;30;5;2022;15:25;1;59;59431;2;1;1;6;ARMENTIERES  (RUE D' );50,7022655491;2,8443874419
202200012861;29;5;2022;11:15;1;56;56098;2;6;1;3;KESLER-DEVILLERS ( AV. );47,7672200000; -3,3394900000
202200012862;18;11;2022;13:55;1;94;94016;2;1;1;3;Avenue Léon Blum;48,7876530000;2,3370380000
202200012863;18;3;2022;17:45;1;76;76412;2;6;1;3;Route-du-Château;49,4599450000;1,2905450000
202200012864;1;6;2022;08:10;1;52;52448;1;1;1;3;;48,6209000000;4,9320000000
202200012865;18;11;2022;12:40;1;94;94016;2;1;1;6;CHATEAUBRIAND (AV DE);48,7910680000;2,3245560000
202200012866;24;12;2022;20:09;3;80;80430;1;1;2;6;Autoroute A1 PK 126.400;49,9213880000;2,8513810000
202200012867;30;5;2022;07:56;1;51;51454;1;1;1;2;A34 ;49,2433500000;4,0801000000
202200012868;18;3;2022;10:25;1;71;71014;2;3;1;6;Rue de l Arbalete;46,9495180000;4,3003050000
202200012869;18;11;2022;15:29;1;94;94041;2;2;1;2;AMEDEE HUON (R);48,8043300000;2,3856500000
202200012870;30;5;2022;09:35;1;47;47001;2;3;1;1;BARBUSSE (AV. HENRI);44,2071300000;0,6397000000
202200012871;17;11;2022;23:30;5;94;94028;2;1;9;6;PARIS.(RUE DE);48,7949600000;2,4599700000
202200012872;17;3;2022;16:15;1;31;31237;1;1;3;1;D117;43,0709840000;0,9663890000
202200012873;24;12;2022;14:20;1;13;13043;1;1;1;5;A55-Sens Marseille vers Martigues;43,3836820000;5,2308990000
202200012874;30;5;2022;12:25;1;45;45285;2;2;1;3;19 Rue des Perles;47,9214877561;1,8819049001
202200012875;18;11;2022;18:00;3;94;94017;2;1;1;3;4bis Rue de la Gaîté;48,8074000000;2,5318000000
202200012876;18;3;2022;10:20;1;31;31160;2;1;1;6;Chemin-de-Caussaté;43,6785570000;1,2494800000
202200012877;23;12;2022;18:05;3;42;42044;1;1;1;4;N88;45,3954400000;4,3397700000
202200012878;30;5;2022;17:45;1;44;44184;2;2;1;3;Rue Emile Littré;47,2781700000; -2,2211900000
202200012879;18;11;2022;14:30;1;94;94017;2;3;1;3;Chemin de la Croix / Passage de la Croix;48,8155100000;2,5180400000
202200012880;18;3;2022;14:00;1;70;70473;1;1;1;1;D74;47,8033330000;6,4020790000
202200012881;29;5;2022;16:35;1;44;44184;1;2;1;3;Route de Marsac;47,3000263000; -2,2396267000
202200012882;16;3;2022;15:36;1;72;72071;2;2;1;3;32 Avenue-Jean-Jaurès;47,6927430000;0,4164720000
202200012883;18;11;2022;12:00;1;93;93066;1;1;1;2;Boulevard de la Libération;48,9333000000;2,3421400000
202200012884;24;12;2022;17:00;5;94;94034;1;1;1;5;AUTOROUTE A86;48,7592617334;2,3231599645
202200012885;4;5;2022;18:10;1;43;43002;2;1;1;6;10 Rue des Ecoles;45,0504800000;3,8841400000
202200012886;18;3;2022;08:00;1;06;06059;2;9;1;3;976 Boulevard du Marechal Leclerc;43,7338520000;7,3522620000
202200012887;18;11;2022;19:15;5;93;93048;2;1;1;6;Avenue Pasteur;48,8663756446;2,4360224605
202200012888;24;12;2022;06:50;3;91;91286;1;1;1;2;AUTOROUTE A6;48,6577000000;2,3765700000
202200012889;18;3;2022;17:50;1;50;50130;1;1;1;7;4 Route de l Anguille;48,7912380000; -1,1910990000
202200012890;30;5;2022;18:25;1;37;37261;2;2;1;3;PASCAL (RUE BLAISE);47,3860400000;0,6947100000
202200012891;18;11;2022;16:00;1;93;93079;2;1;2;6;Rue Roger Salengro;48,9623869154;2,3445966840
202200012892;29;5;2022;04:15;3;35;35150;2;6;1;6;RN12;48,3518773682; -1,2342694402
202200012893;16;3;2022;16:34;1;40;40046;2;3;8;5;Avenue de Laouadie;44,4108040000; -1,1711700000
202200012894;18;11;2022;18:55;5;93;93027;2;2;2;3;Boulevard Pasteur / Rue Pierre Curie;48,9209600000;2,3831400000
202200012895;23;12;2022;16:20;1;91;91689;1;1;1;5;AUTOROUTE A6;48,7270000000;2,3130000000
202200012896;18;3;2022;12:15;1;04;04004;1;1;1;2;RD 952;43,7891270000;6,0284900000
202200012897;18;11;2022;22:20;3;93;93010;2;2;1;3;Avenue Galliéni / Rue Jules Guesde;48,9044000000;2,4731900000
202200012898;16;3;2022;14:50;1;85;85265;1;2;8;3;RD15;46,4036200000; -0,7223200000
202200012899;24;12;2022;07:20;5;95;95641;1;1;1;3;A1;49,0768434708;2,5519233942
202200012900;30;5;2022;16:25;1;33;33063;2;2;1;6;Rue Léon Blum;44,8784000000; -0,5438000000
202200012901;18;11;2022;15:05;1;93;93010;2;1;1;6;Rue Marcel Dassault;48,8883710000;2,4818920000
202200012902;18;3;2022;05:45;3;68;68266;1;1;8;2;A35;47,8802400000;7,3828980000
202200012903;29;5;2022;10:40;1;29;29232;2;1;1;2;82 Avenue de Ty Bos ;47,9783600000; -4,0704600000
202200012904;23;12;2022;23:20;5;93;93066;1;9;1;4;AUTOROUTE A1;48,9250558882;2,3571038246
202200012905;17;11;2022;05:45;5;93;93005;2;3;2;6;Avenue du Marechal Juin / Rue du Préfet Chaleil;48,9397220000;2,5078760000
202200012906;23;12;2022;17:30;3;93;93064;1;1;1;3;AUTOROUTE A86;48,8627900000;2,4829700000
202200012907;18;11;2022;20:30;5;92;92049;2;2;1;6;GINOUX AVENUE HENRI AUTRES N°;48,8180000000;2,3223300000
202200012908;27;5;2022;21:00;2;28;28134;2;2;1;3;BILLY (CARREFOUR DE);48,7382000000;1,3610900000
202200012909;23;12;2022;07:00;5;95;95212;1;1;3;6; A1;49,0259198913;2,5364959224
202200012910;19;3;2022;03:00;3;988;98805;1;4;1;6;Savexpress - A hauteur de la sortie Zac Panda; -22,1830800000;166,4331800000
202200012911;18;11;2022;16:45;2;92;92049;2;2;1;2;REPUBLIQUE AVENUE DE LA N°2 A 90;48,8153400000;2,3175900000
202200012912;17;3;2022;18:30;2;69;69244;2;1;1;6;17 Avenue Victor Hugo;45,7700860000;4,7886340000