Num_Acc;jour;mois;an;hrmn;lum;dep;com;agg;int;atm;col;adr;lat;long
202200013151;7;5;2022;09:30;1;24;24037;2;1;1;6;REPUBLIQUE (PLACE DE LA);44,8530800000;0,4875700000
202200013152;16;3;2022;15:05;1;93;93001;2;9;1;6;VICTOR HUGO (AVE)  N° 122 =>;48,9115069093;2,3795375902
202200013153;16;3;2022;14:45;1;92;92075;2;2;8;7;ERNEST LAVAL (RUE);48,8197170610;2,2934020981
202200013154;22;12;2022;18:22;3;49;49267;2;1;1;4;A87N;47,4818000000; -0,4991000000
202200013155;5;5;2022;12:20;1;88;88198;1;1;8;1;70 Route de Gérardmer;48,1212650000;6,9119830000
202200013156;16;3;2022;14:45;1;92;92046;2;1;1;3;TOUR (RUE DE LA);48,8229154709;2,3048203289
202200013157;4;5;2022;07:25;1;33;33199;2;1;1;2;42 Avenue de Césarée;44,6315230000; -1,0726810000
202200013158;11;9;2022;08:30;1;63;63226;1;1;1;3;D1;45,7770830000;3,2470800000
202200013159;22;12;2022;18:10;4;49;49007;2;1;2;6;AMBROISE PARE;47,4746293515; -0,5747424066
202200013160;16;3;2022;19:10;2;92;92062;2;1;1;3;BAS ROGERS (RUE DES);48,8804910000;2,2291370000
202200013161;2;5;2022;20:10;1;04;04144;1;1;1;7;RD 23;43,7474600000;6,3299060000
202200013162;22;12;2022;07:53;3;49;49267;2;1;2;7;MARMITIERE;47,4700300000; -0,4909800000
202200013163;11;9;2022;00:45;3;42;42094;1;1;1;6;Route de Boen;45,7412091728;4,1978089213
202200013164;4;5;2022;12:25;1;06;06088;1;1;1;6;autoroute A8 PK 189+400 NORD;43,7000180000;7,1883230000
202200013165;14;3;2022;09:35;1;92;92072;2;3;1;4;VILLE D'AVRAY (RUE DE );48,8258418055;2,2024256587
202200013166;2;5;2022;12:30;1;72;72236;1;1;1;7;D159 PK6 sens Sablé/Pincé;47,7987860000; -0,3721400000
202200013167;11;9;2022;12:03;1;38;38449;1;1;1;5;82 Route de Satolas et Bonce;45,6509250000;5,1367140000
202200013168;15;3;2022;13:00;1;92;92064;2;1;1;3;CALVAIRE;48,8496806093;2,2180122435
202200013169;21;12;2022;16:05;1;49;49007;2;2;2;3;DUNANT BOULEVARD;47,4855500000; -0,5332900000
202200013170;5;5;2022;16:10;1;80;80001;2;1;1;6;COLOMBIER (du);50,1103000000;1,8363000000
202200013171;9;9;2022;09:48;1;38;38188;2;1;1;1;Route de Tavernolles;45,1401870000;5,7909000000
202200013172;15;3;2022;19:15;1;92;92036;2;1;1;6;COUTURE D'AUXERRE (RUE DE LA) (1/25);48,9283400000;2,2885100000
202200013173;17;12;2022;06:15;5;46;46042;2;9;1;6;BARRE (RUE DE LA) N°PAIR;44,4537810000;1,4391120000
202200013174;15;3;2022;12:45;1;92;92024;2;2;1;3;GEORGES BOISSEAU (RUE);48,9035731496;2,3175490200
202200013175;11;9;2022;10:30;1;46;46055;1;1;1;2;départementale 840;44,5862190000;2,0877030000
202200013176;5;5;2022;10:50;1;38;38185;2;3;2;6;MALHERBE (AVENUE);45,1700331397;5,7382603989
202200013177;10;9;2022;13:20;1;09;09272;2;6;1;3;Rd 618 / RD 117;42,9181780000;1,6405390000
202200013178;5;5;2022;11:15;1;31;31555;2;1;1;2;Rue du Faubourg Bonnefoy;43,6176800000;1,4550050000
202200013179;23;12;2022;16:20;1;45;45298;2;3;8;3;23 Rue des Iris;47,8773800000;1,8694200000
202200013180;17;3;2022;20:10;5;976;97610;2;1;1;6;Rue Badjimoi; -12,7341220000;45,1631480000
202200013181;11;9;2022;11:33;1;33;33284;2;1;1;6;31 Avenue Armand Rodel;44,6511690000; -0,8584570000
202200013182;15;3;2022;15:30;1;08;08403;2;6;2;3;Rue de la Sucrerie;49,5027510000;4,3601780000
202200013183;22;12;2022;17:45;5;45;45234;2;1;2;6;Place Olivier de Serres;47,8878797084;1,8917636275
202200013184;10;9;2022;15:20;1;72;72343;1;1;1;6;D309;47,8280380000; -0,3843660000
202200013185;5;5;2022;00:10;5;75;75113;2;1;1;7;BD PERIPHERIQUE INTERIEUR;48,8170450000;2,3484020000
202200013186;18;12;2022;01:10;4;45;45004;1;9;9;7;RD 2007;47,9855800000;2,7422300000
202200013187;11;9;2022;02:15;3;50;50041;1;1;5;6;Herquetot Vasteville;49,5899400000; -1,7689970000
202200013188;16;3;2022;18:45;5;95;95052;2;1;1;3;Rue Léon Siméon;49,1388609242;2,2884553671
202200013189;28;5;2022;18:30;1;35;35013;1;1;1;2;D873;47,7193780000; -2,0962030000
202200013190;10;3;2022;15:40;1;95;95058;2;6;1;3;RD 929;49,1573434597;2,2889220715
202200013191;11;9;2022;00:05;3;35;35228;2;1;1;1;La Ville au Monnier;48,5924360000; -2,1093280000
202200013192;22;12;2022;17:35;5;45;45208;2;2;2;3;Rue du Faubourg de la Chaussee;47,9977400000;2,7365500000
202200013193;16;3;2022;14:20;1;68;68381;2;4;1;6;68 Route de Jungholtz;47,8798260000;7,2120520000
202200013194;30;5;2022;16:10;1;34;34225;1;1;1;1;D612;43,3746330000;3,0492640000
202200013195;17;3;2022;14:45;1;22;22084;1;9;1;3;D16;48,4070950000; -2,3400500000
202200013196;22;12;2022;23:00;4;44;44114;2;1;3;5;318 Route de Vannes;47,2524720000; -1,6237030000
202200013197;30;5;2022;07:10;1;26;26096;1;1;1;1;D114;45,0805250000;4,9551670000
202200013198;10;9;2022;16:55;1;59;59115;2;1;1;7;sentier du marais;50,2705249012;3,1377580762
202200013199;15;3;2022;21:00;3;57;57599;1;1;1;6;CD19;49,2074910000;6,4718480000
202200013200;23;12;2022;14:50;1;42;42071;2;1;8;6;Avenue Parmentier;46,0286700000;4,0883600000
202200013201;9;9;2022;16:50;1;13;13210;1;1;1;3;A50-Sens Marseille vers Aubagne;43,2829000000;5,4033000000
202200013202;16;3;2022;15:23;1;95;95352;2;1;1;3;Avenue du Maréchal-Joffre;49,1179512807;2,4230110645
202200013203;30;5;2022;15:50;1;69;69043;2;1;1;1;7 Boulevard des Vergers;45,7168700000;4,7619190000
202200013204;23;12;2022;18:00;5;38;38421;2;1;2;6;BARNAVE (RUE);45,1888371057;5,7624479031
202200013205;10;9;2022;12:20;1;33;33003;1;1;1;3;AUTOROUTE A 10;44,9320770000; -0,4681320000
202200013206;17;3;2022;08:30;1;2B;2B242;1;1;1;4;RT10 - PR 132+100;42,4093418284;9,5310232014
202200013207;29;5;2022;21:45;3;83;83086;1;1;1;2;autoroute A8 PK 121.200;43,4605199808;6,5948867798
202200013208;10;9;2022;17:22;1;91;91534;1;1;8;7;RN 118;48,7315600000;2,1670200000
202200013209;24;12;2022;00:35;5;37;37261;1;1;2;6;HALLES (PLACE DES);47,3908900000;0,6817700000
202200013210;16;3;2022;18:55;1;47;47239;1;1;1;7;Route de Castelmoron;44,4126900000;0,5474160000
202200013211;10;9;2022;06:05;3;94;94021;1;1;1;6;AUTOROUTE A6B;48,7700000000;2,3440000000
202200013212;29;5;2022;11:05;1;67;67437;2;3;1;6;Rue du Moulin;48,7434940000;7,3607650000
202200013213;23;12;2022;14:15;1;37;37261;2;1;1;6;GANCE (BOULEVARD ABEL);47,4204800000;0,7167200000
202200013214;15;3;2022;06:30;2;86;86045;1;1;1;7;D97;46,4358160000;0,1868750000
202200013215;29;5;2022;20:50;1;62;62599;1;1;1;6;D224;50,7508680000;1,8665920000
202200013216;23;12;2022;14:03;1;37;37208;2;1;8;6;ANDRE (AVENUE);47,3676100000;0,7309000000
202200013217;9;9;2022;22:20;3;91;91286;1;1;1;5;AUTOROUTE A6;48,6519600000;2,3825000000
202200013218;16;3;2022;17:15;1;68;68138;2;9;8;7;Rue des Mésanges;47,5871100000;7,2585890000
202200013219;30;5;2022;09:35;1;38;38194;1;2;1;3;D1085;45,3604160000;5,4339090000
202200013220;17;3;2022;11:15;1;25;25411;2;6;1;7;Rue Pasteur;47,0541780000;6,6013520000
202200013221;23;12;2022;08:40;1;37;37261;2;1;2;3;VAILLANT (RUE EDOUARD);47,3869000000;0,6982500000
202200013222;16;3;2022;18:20;2;05;05055;2;1;1;7;La Faurie;44,5704070000;5,7365800000
202200013223;23;12;2022;20:20;5;35;35238;2;1;1;6;VILLEBOIS MAREUIL (BD);48,1009891277; -1,6497489810
202200013224;30;5;2022;14:25;1;54;54478;1;2;1;3;RD603;49,1301377374;5,9672203642
202200013225;16;3;2022;22:15;3;50;50539;2;1;1;7;Route de Cherbourg;49,6620670000; -1,4094710000
202200013226;9;9;2022;14:40;1;91;91161;1;1;1;5;AUTOROUTE A6;48,7130000000;2,3080000000
202200013227;30;5;2022;16:20;1;83;83070;1;1;1;7;Avenue du Cap Nègre;43,1499760000;6,4419630000
202200013228;14;3;2022;16:55;1;64;64539;1;1;8;6;750 chemin larrandartea;43,2777600000; -1,0103670000
202200013229;23;12;2022;12:50;1;35;35055;1;1;1;2;N136;48,0923570000; -1,6263720000
202200013230;10;9;2022;15:40;1;92;92077;1;1;1;6;A86 DUPLEX;48,8185495660;2,1559642527
202200013231;17;3;2022;02:20;3;18;18253;1;1;1;6;;47,1760310000;2,5393310000
202200013232;23;12;2022;01:40;5;31;31555;2;1;1;6;VA007553 A61;43,6349200000;1,4778000000
202200013233;26;5;2022;17:45;1;71;71003;1;2;1;3;route départementale 970;46,9237910000;4,9436730000
202200013234;10;9;2022;13:10;1;78;78640;1;1;2;2;RN12 INT;48,7815980000;2,1672990000
202200013235;16;3;2022;16:45;1;16;16011;1;6;8;3;D11;45,7699700000;0,1914130000
202200013236;22;12;2022;08:40;2;25;25634;1;1;2;5;R-N 57  lieu dit Pont rouge;46,9337900000;6,3427100000
202200013237;9;9;2022;20:45;3;95;95682;1;1;3;2;RN 104;49,0684866141;2,3847144842
202200013238;30;5;2022;07:30;1;34;34169;1;4;1;3;Barrage de l'ancien moulin du Parc;43,6679180000;3,8678420000
202200013239;28;2;2022;14:20;1;40;40218;1;1;1;3;Chateau de Laballe;43,9231450534;0,0176067784
202200013240;9;9;2022;21:20;5;974;97416;2;1;1;6;ROND POINT DE LA BALANCE; -21,2994773234;55,4491567612
202200013241;29;5;2022;18:05;1;57;57425;1;1;1;6;;48,9773160000;6,3355280000
202200013242;17;3;2022;00:45;3;06;06088;1;1;1;2;A8 PK 187.800 sud;43,6837790000;7,1920320000
202200013243;23;12;2022;16:00;1;25;25056;2;1;2;2;DOLE RUE DE (inf 82);47,2348300000;6,0119700000
202200013244;29;5;2022;19:00;1;51;51641;2;1;1;7;Ferme du Buisson;48,8384210000;3,7890710000
202200013245;17;3;2022;19:55;2;974;97408;2;1;1;6;Rue Waldeck Rochet; -20,9254780000;55,3377650000
202200013246;9;9;2022;11:45;1;974;97411;2;1;1;7;JAMS-ROSATS (ROUTE DES); -20,9121500000;55,4117000000
202200013247;29;5;2022;16:20;1;79;79290;1;1;1;7;Rue des Montfortains;46,4448800000; -0,6014400000
202200013248;12;3;2022;11:35;1;971;97116;1;1;1;6;blanchet;16,3239700000; -61,4129300000
202200013249;23;12;2022;01:10;3;22;22360;2;6;3;3;ROND POINT DE BREZILLET;48,4932700000; -2,7623900000
202200013250;4;5;2022;00:30;3;80;80509;1;1;1;6;Rue de Licourt (Marchélepot);49,8286710000;2,8845760000
202200013251;9;9;2022;08:30;1;974;97411;2;1;1;2;GAULLE (DU GENERAL DE); -20,8856000000;55,4554100000
202200013252;29;5;2022;17:40;1;89;89400;2;1;1;6;Les Simons;47,5581460000;3,3333120000
202200013253;17;3;2022;16:50;1;77;77088;2;1;1;6;D152;48,3193090000;2,5741010000
202200013254;23;12;2022;20:15;5;17;17300;2;1;2;3;D108;46,1530610000; -1,1142530000
202200013255;8;9;2022;06:20;1;974;97411;1;1;1;1;MONTAGNE (ROUTE DE LA); -20,8871300000;55,4399900000
202200013256;29;5;2022;20:10;1;63;63148;1;1;1;6;Route des Rollet;45,8881779057;3,1917013228
202200013257;17;3;2022;08:00;2;95;95199;2;6;8;3;RD 11;49,0338170000;2,3418580000
202200013258;23;12;2022;07:40;1;13;13054;2;1;1;1;LUCIEN SERVANTY (RUE );43,4074500000;5,2272400000
202200013259;9;9;2022;17:25;1;973;97302;2;2;1;3;BECKER (LIEUTENANT);4,9383331028; -52,3281893134
202200013260;17;3;2022;08:10;1;91;91461;2;1;1;1;Route de Limours;48,6001120000;2,2356530000
202200013261;29;5;2022;20:10;1;46;46170;2;9;1;6;256 Route de Lacapelle Marival;44,7827470000;1,8994330000
202200013262;22;12;2022;00:25;5;13;13205;2;1;1;3;SAKAKINI (BOULEVARD);43,2944800000;5,4013400000
202200013263;9;9;2022;17:20;1;973;97302;2;1;7;3;THEMIRE (CITE);4,9348858882; -52,3211377859
202200013264;29;5;2022;16:30;1;22;22055;1;1;1;3;D786;48,6020660000; -2,8373320000
202200013265;17;3;2022;09:45;1;38;38087;2;1;1;6;D4;45,5819530000;4,7929040000
202200013266;20;12;2022;11:00;1;13;13001;2;6;1;3;FOUR D'EYGLUN (AV DU);43,5279700000;5,4112300000
202200013267;9;9;2022;12:15;1;973;97302;2;1;1;2;MADELEINE (ROUTE DE LA);4,9194500000; -52,3218300000
202200013268;30;5;2022;15:00;1;29;29267;1;1;1;6;D72 - Ty Duchen;48,1590590000; -3,8828450000
202200013269;12;3;2022;10:45;1;38;38061;2;1;1;3;D1075;45,3296580000;5,6210090000
202200013270;28;5;2022;18:20;1;29;29024;2;1;1;6;Rue du Zon;48,2823492082; -3,5776682049
202200013271;9;9;2022;22:45;5;69;69387;2;1;8;2;Avenue Berthelot;45,7442500000;4,8447800000
202200013272;23;12;2022;23:22;3;11;11069;1;1;1;1;RD33;43,2177700000;2,3089600000
202200013273;17;3;2022;17:00;1;27;27279;2;1;1;1;D 128 3 route de magny ST Eustache;49,0845760000;1,6135630000
202200013274;17;3;2022;07:07;2;60;60195;1;1;1;7;D915;49,2251090000;1,8315840000
202200013275;16;5;2022;09:45;1;38;38416;2;3;1;1;Intersection Route de Chevrières, Chemin de ST SEVERIN;45,1553450000;5,3103690000
202200013276;9;9;2022;08:00;2;69;69387;2;2;1;3;Avenue Jean Jaurès;45,7381000000;4,8377500000
202200013277;22;12;2022;17:22;1;11;11069;2;1;1;2;Rue Henri le Chatelier;43,2123800000;2,3255100000
202200013278;16;3;2022;20:10;3;69;69029;1;1;1;6;Route Nationale 2043;45,7292684114;4,8960775137
202200013279;30;5;2022;12:25;1;02;02810;2;1;1;2;7 Rue Alexandre Dumas;49,2535380000;3,0909400000
202200013280;13;3;2022;14:10;1;59;59654;1;1;1;7;AUTOROUTE A21;50,3939550477;3,1198315322
202200013281;9;9;2022;06:10;2;69;69383;2;2;1;3;Avenue Félix Faure;45,7529032960;4,8520562053
202200013282;30;5;2022;15:15;1;03;03236;2;2;1;1;25 route de lapalisse;46,2053750000;3,4366150000
202200013283;23;12;2022;19:04;5;06;06088;2;3;1;3;GAL (R. AUGUSTE);43,7014030000;7,2843780000
202200013284;15;3;2022;09:30;1;78;78466;1;1;2;4;A13;48,9312220000;1,9790590000
202200013285;9;9;2022;02:50;5;69;69387;2;1;1;6;Avenue Jean Jaurès;45,7307481837;4,8333750665
202200013286;28;5;2022;19:20;1;01;01241;1;1;7;1;Route de Viriat;46,2499040000;5,3354390000
202200013287;23;12;2022;12:15;1;06;06069;2;1;1;6;DE LATTRE DE TASSIGNY (AVENUE DU MARECHA;43,6493750000;6,9236160000
202200013288;16;3;2022;09:35;1;95;95306;1;1;1;2;A15;48,9971000000;2,1797700000
202200013289;26;5;2022;17:45;1;26;26240;1;1;1;6;D70;44,8174180000;5,1632740000
202200013290;9;9;2022;07:30;1;972;97213;1;1;1;3;ROUTE NATIONALE 6;14,5964600000; -60,9789400000
202200013291;22;12;2022;20:10;3;06;06027;2;9;1;3;COLLE AVENUE DE LA;43,6621100000;7,1268520000
202200013292;29;5;2022;08:16;1;54;54076;1;1;1;6;Route de Mont sur Meurthe;48,5564436847;6,4217448243
202200013293;16;3;2022;18:40;3;94;94017;1;1;1;2;A4;48,8295389382;2,4980603393
202200013294;9;9;2022;18:55;5;972;97209;2;1;1;2;BRETELLE SORTIE ROCADE;14,6148100000; -61,0510500000
202200013295;16;3;2022;18:40;2;94;94017;1;1;1;2;A86.EXT;48,8302100000;2,4870800000
202200013296;28;5;2022;00:40;3;72;72076;1;1;1;7;D16;48,4418200000;0,1630000000
202200013297;21;12;2022;16:07;1;02;02805;2;3;2;3;114 Rue de la Mairie;49,3799600000;3,3576000000
202200013298;30;5;2022;01:50;3;72;72146;1;9;1;7;Route du Gué de Buffard;47,8852640000;0,1426410000
202200013299;9;9;2022;13:47;1;69;69152;2;6;1;3;Chemin des Mûriers;45,6949800000;4,8266900000
202200013300;15;3;2022;07:30;1;31;31149;2;1;6;3;RN124;43,6056188332;1,3396668434
202200013301;21;12;2022;17:55;5;02;02691;2;1;2;6;37 Boulevard Roosevelt;49,8530000000;3,2898000000
202200013302;9;9;2022;07:50;1;69;69034;2;1;1;6;Cours Aristide Briand;45,7830600000;4,8440900000
202200013303;30;5;2022;07:30;1;05;05010;2;1;1;1;D1075;44,5243400000;5,7586490000
202200013304;15;3;2022;07:50;1;93;93072;2;1;2;3;DIVISION LECLERC (AVENUE DE LA);48,9501900000;2,3827400000
202200013305;20;12;2022;16:46;3;02;02549;2;3;3;1;;49,8187200000;3,3121000000
202200013306;14;3;2022;15:33;1;54;54547;2;1;1;6;BOURGOGNE (AVENUE DE);48,6489280964;6,1449998617
202200013307;9;9;2022;10:40;1;971;97101;2;2;1;1;Bd René Serge NABAJOTH;16,2796900000; -61,5041600000
202200013308;29;5;2022;21:45;5;60;60381;2;1;1;2;D934;49,6616470205;2,8652479531
202200013309;21;12;2022;19:30;3;974;97411;2;1;1;6;TOPAZES(ALLEE DES); -20,9046900000;55,4446000000
202200013310;14;3;2022;12:49;1;44;44143;2;1;7;6;10bis Avenue du Maréchal De Lattre de Tassigny;47,1930420000; -1,5706290000
202200013311;8;9;2022;20:05;5;971;97113;1;9;1;2;Pont de BLANCHARD;16,2219751843; -61,5227347612
202200013312;28;5;2022;16:59;1;73;73229;1;2;1;2;D1006 - Route de chambery;45,4556910000;5,7811210000
202200013313;16;3;2022;01:45;5;976;97611;2;1;1;7;vahibe-Departementale 3 ( route ); -12,8010500000;45,2088200000
202200013314;21;12;2022;10:50;1;974;97411;2;2;1;6;OCEAN (BOULEVARD DE L'); -20,8814600000;55,4570500000
202200013315;8;9;2022;17:55;5;971;97107;2;1;1;3;SAINTE CLAIRE  DEVILLE ( RUE);16,0509100000; -61,5633400000
202200013316;30;5;2022;08:00;1;07;07089;1;1;1;1;D109;45,3133990000;4,7003640000
202200013317;22;12;2022;19:55;5;974;97409;2;1;1;6;CHEMIN CENT GAULETTES; -20,9440500000;55,6617300000
202200013318;15;3;2022;15:00;1;974;97416;1;1;1;2;RN2 (2); -21,3492900000;55,5031000000
202200013319;9;9;2022;14:14;1;2A;2A004;2;1;1;2;SEBASTIANU COSTA BD;41,9417500000;8,7487100000
202200013320;22;12;2022;12:40;1;69;69383;2;1;1;6;Rue Léon Jouhaux;45,7562400000;4,8541000000
202200013321;29;5;2022;01:35;3;87;87027;2;1;1;6;Avenue des Pradelles;45,6281030000;1,0393990000
202200013322;15;3;2022;16:50;1;69;69388;2;3;8;3;Boulevard des Etats-Unis;45,7391400000;4,8598200000
202200013323;9;9;2022;20:00;3;95;95280;2;1;1;3;Boulevard Jules Ferry;49,0298257785;2,4782806635
202200013324;29;5;2022;20:40;1;08;08448;1;1;1;6;D31d;49,8795030000;4,8303100000
202200013325;22;12;2022;06:50;5;69;69388;2;2;1;3;Boulevard des Etats-Unis;45,7372600000;4,8615600000
202200013326;9;9;2022;09:00;1;91;91201;2;1;8;6;BD HENRI BARBUSSE;48,6648420000;2,4195770000
202200013327;15;3;2022;13:00;1;69;69199;2;1;1;6;Avenue Jean Jaurès;45,7130000000;4,8550000000
202200013328;22;12;2022;16:08;1;69;69382;2;1;2;6;10 Rue de la Barre;45,7576038947;4,8355168104
202200013329;30;5;2022;09:10;1;31;31462;1;1;1;2;A68, PK 005.309, en direction de TOULOUSE;43,6548300000;1,5316220000
202200013330;8;9;2022;12:30;1;87;87085;2;3;1;6;BEAUPUY (RUE DE);45,8395800000;1,2510800000
202200013331;16;12;2022;08:10;2;91;91549;2;3;8;6;ROGER MARTIN DU GARD (RUE);48,6396400000;2,3415400000
202200013332;15;3;2022;10:48;1;69;69388;2;1;8;4;Avenue Jean Mermoz;45,7306368916;4,8876143983
202200013333;26;5;2022;12:30;1;34;34082;1;1;1;3;Route Départementale N° 127;43,6639360000;3,7656960000
202200013334;2;9;2022;13:48;1;87;87085;2;3;1;6;SOLIGNAC (RUE DE);45,8072900000;1,2646500000
202200013335;22;12;2022;13:12;1;91;91377;2;1;1;6;AV DE L EUROPE;48,7269500000;2,2770700000
202200013336;30;5;2022;11:55;1;38;38030;1;1;1;5;D1085;45,3495400000;5,4646790000
202200013337;15;3;2022;09:15;1;69;69388;2;3;8;3;Rue Professeur Beauvisage;45,7289600000;4,8666600000
202200013338;22;12;2022;15:40;1;91;91514;2;1;2;2;RUE DE BOISSY ST LEGER;48,6750000000;2,5358000000
202200013339;30;5;2022;16:45;1;11;11322;1;1;1;2;A9 , pk 208+100, sens S/N;43,0341570000;2,9529190000
202200013340;7;9;2022;04:45;5;83;83123;2;9;1;2;GARE (ROUTE);43,1195600000;5,8127450000
202200013341;15;3;2022;00:44;5;69;69388;2;2;2;3;Avenue Berthelot;45,7376100000;4,8655100000
202200013342;22;12;2022;13:05;1;91;91479;1;1;2;2;RTE DE FONTAINEBLEAU;48,7190000000;2,3700000000
202200013343;25;5;2022;06:00;2;13;13051;1;1;1;5;A7 Pk 237+200;43,6171260000;5,1394770000
202200013344;15;3;2022;12:35;1;972;97213;1;1;1;6;AEROPORT (ROND POINT DE L');14,5990400000; -61,0020400000
202200013345;9;9;2022;23:10;5;81;81065;2;1;1;3;TOURCAUDIERE (QUAI);43,6060700000;2,2425800000
202200013346;15;3;2022;08:33;1;972;97209;2;1;2;6;BISHOP (Avenue Maurice);14,6114100000; -61,0539200000
202200013347;21;12;2022;19:25;5;88;88413;2;2;1;3;Rue du 31éme BCP;48,2834700000;6,9560700000
202200013348;9;9;2022;08:40;1;78;78551;2;1;2;6;SAINT FIACRE (AVENUE);48,8951600000;2,0722800000
202200013349;25;5;2022;14:05;1;73;73257;1;3;1;3;D117 saint jean de belleville;45,4255920000;6,4851500000
202200013350;15;3;2022;09:00;1;69;69389;2;1;1;6;Rue Professeur Patel;45,7672073415;4,7910314798
202200013351;9;9;2022;09:00;1;78;78440;2;1;1;6;MARECHAL FOCH (AVENUE DU);48,9891270000;1,8983160000
202200013352;22;12;2022;21:25;3;79;79300;2;1;2;6;;46,9967900000; -0,2077900000
202200013353;14;3;2022;09:00;1;2B;2B037;1;1;2;2;TOUTES RUES;42,6050929746;9,4381435498
202200013354;29;5;2022;07:00;1;33;33005;2;2;1;3;12 Boulevard de la République;44,7323760000; -1,0798140000
202200013355;9;9;2022;07:02;2;78;78498;2;1;1;1;LYAUTEY AV DU MARECHAL;48,9221640000;2,0248550000
202200013356;15;3;2022;20:25;5;971;97113;1;9;1;6;RN4 - SECTION RIVIERA;16,2175986364; -61,4938319474
202200013357;22;12;2022;08:10;5;72;72181;2;9;1;6;BONNETABLE (RTE) N° IMP;48,0208000000;0,2262600000
202200013358;28;5;2022;18:35;1;78;78506;1;1;1;7;A11, pk034+900, direction Province;48,5190720000;1,7957270000
202200013359;21;12;2022;13:19;1;72;72181;2;1;2;6;GENESLAY FELIX (AV) N° IMP 385 ET plus;47,9690000000;0,2040000000
202200013360;5;3;2022;23:50;5;971;97101;2;9;9;7;RN11;16,2586200000; -61,5114900000
202200013361;23;5;2022;20:15;5;987;98714;2;7;1;7;vaitape; -16,4954170000; -151,7388890000
202200013362;9;9;2022;21:40;5;76;76565;1;6;2;6;RD 915;49,8736500000;1,0995000000
202200013363;21;12;2022;09:45;1;71;71306;2;1;1;6;DE LATTRE DE TASSIGNY (BLD DU MARECHAL);46,6768400000;4,3707500000
202200013364;14;3;2022;15:00;1;971;97113;1;1;1;3;SECTION GRANDE RAVINE;16,2103923161; -61,4728349447
202200013365;26;5;2022;15:15;1;988;98821;1;1;1;6;Bangou (Tribu); -22,0629700000;166,2615100000
202200013366;24;5;2022;19:30;1;77;77510;1;1;1;7;D88A;48,8270610000;2,7906350000
202200013367;14;3;2022;11:22;1;2A;2A004;2;9;1;3;BEL HORIZONTE RCE AV DU MONT THABOR;41,9339100000;8,7548300000
202200013368;29;5;2022;16:00;1;91;91405;1;1;1;7;Rue des Pins;48,3969550000;2,4158870000
202200013369;9;9;2022;14:45;1;74;74012;2;2;1;3;ESSERTS (RUE DES);46,1980800000;6,2638200000
202200013370;21;12;2022;13:55;1;70;70550;2;2;1;3;GROSJEAN (RUE);47,6171256630;6,1605660617
202200013371;15;3;2022;18:25;2;91;91312;2;3;1;6;COLLET (PLACE FRANCOIS);48,7418600000;2,2264500000
202200013372;30;5;2022;07:50;1;2B;2B042;1;1;1;2;T11;42,5892750000;9,4393690000
202200013373;15;3;2022;13:30;1;91;91114;2;1;2;2;AV DU GAL LECLERC;48,6870400000;2,4931300000
202200013374;6;9;2022;16:20;1;74;74012;2;1;1;6;AMOUREUX (RUE DES);46,1909900000;6,2377600000
202200013375;21;12;2022;13:10;1;69;69264;2;1;1;2;Avenue de l’Europe;45,9885358145;4,7433614731
202200013376;15;3;2022;08:15;1;91;91589;2;1;2;6;RUE DE MORSANG;48,6719030000;2,3545500000
202200013377;30;5;2022;15:00;1;84;84042;1;1;1;1;Route de Vaugines (D56);43,7769430000;5,4276000000
202200013378;9;9;2022;19:20;2;72;72181;2;9;2;7;MAC JEAN (AV) N° PAIRS 308 ET plus;47,9742700000;0,2425500000
202200013379;14;3;2022;12:31;1;87;87085;2;1;1;3;CASSEAUX (AVE DES) (VC);45,8358615386;1,2755366564
202200013380;29;5;2022;21:00;1;83;83027;2;1;1;6;Avenue de la libération;43,1933500000;5,7564280000
202200013381;23;12;2022;01:50;5;69;69290;2;2;2;3;Rue Condorcet;45,7047500000;4,9156100000
202200013382;12;3;2022;05:30;5;83;83034;1;1;2;7;RUE DES 3 PINS;43,1069904807;6,0507658124
202200013383;9;9;2022;02:20;5;71;71306;2;1;1;6;JEAN DIDIER (RUE);46,6559585221;4,3494653215
202200013384;15;3;2022;18:05;1;79;79191;2;6;1;3;Rue de Cholette;46,3420300000; -0,4523800000
202200013385;9;9;2022;18:30;1;67;67180;1;6;2;3;RD 1062;48,8278700000;7,7554400000
202200013386;21;12;2022;07:00;3;64;64545;1;1;1;1;ROUTE D'IBARDIN;43,3335700000; -1,6874100000
202200013387;15;3;2022;19:45;3;77;77445;2;6;1;6;D151;48,5872700000;2,5932200000
202200013388;15;3;2022;09:55;1;76;76481;2;1;1;7;MALANDAIN (RUE DU LIEUTENANT);49,5549500000;0,1173300000
202200013389;8;9;2022;17:40;1;67;67180;2;3;1;3;STRASBOURG (ROUTE DE);48,8032100000;7,7695900000
202200013390;14;3;2022;15:15;1;76;76351;2;4;1;3;AUGUSTE BLANQUI;49,4983100000;0,1625500000
202200013391;15;3;2022;07:40;1;74;74298;2;1;2;3;EUROPE (AVENUE DE L');46,1762100000;6,2421500000
202200013392;14;3;2022;11:15;1;74;74012;2;2;1;1;BRIAND (RUE ARISITIDE);46,1914000000;6,2388000000
202200013393;9;9;2022;17:35;1;64;64189;1;1;1;1;Route d’Ascain;43,3758900000; -1,6472900000