Num_Acc;jour;mois;an;hrmn;lum;dep;com;agg;int;atm;col;adr;lat;long
202200013394;13;12;2022;08:20;2;62;62040;1;2;8;3;D210;50,7232810000;2,2923320000
202200013395;14;3;2022;14:45;1;73;73008;2;2;1;3;Avenue du petit port;45,6947130895;5,8974294439
202200013396;9;9;2022;12:20;1;64;64189;1;1;8;1;Chemin de Sainte Anne;43,3676100000; -1,6646700000
202200013397;13;12;2022;17:40;5;62;62525;2;1;1;6;Rue Rembrandt;50,7429000000;2,2718100000
202200013398;15;3;2022;04:05;5;72;72181;2;2;2;3;NATIONALE (RUE);47,9991500433;0,1995420454
202200013399;9;9;2022;11:00;1;64;64445;1;6;2;3;rond point PIERRE BOURDIEU;43,3231500000; -0,3255800000
202200013400;22;12;2022;10:10;1;59;59599;2;9;8;2;WATTINE (RUE CHARLES);50,7167700000;3,1585100000
202200013401;14;3;2022;08:45;1;72;72181;1;1;1;6;RD 23 (RTE);47,9519640000;0,1962000000
202200013402;13;3;2022;19:40;5;72;72181;2;1;1;6;DURAND GEORGES (AV) N° PAIRS 166 A 310;47,9748900000;0,2151800000
202200013403;9;9;2022;17:20;1;59;59650;2;9;1;3;DELECOURT (RUE ALFRED);50,7079266676;3,1866279244
202200013404;22;12;2022;07:10;5;59;59650;2;2;2;3;FRATERNITE (BOULEVARD DE LA);50,7146581941;3,2026273012
202200013405;15;3;2022;22:45;4;69;69266;2;1;1;6;Boulevard Laurent Bonnevay;45,7521400000;4,9074900000
202200013406;9;9;2022;12:45;1;59;59343;2;1;2;2;MEUNIERS RUE DES;50,5905757768;3,0891872942
202200013407;15;3;2022;18:30;1;69;69275;2;2;1;6;Rue de la République;45,7705700000;4,9590900000
202200013408;22;12;2022;08:20;1;59;59360;2;6;8;3;AVINEE EUGENE AVENUE;50,6053300000;3,0294900000
202200013409;8;9;2022;15:15;1;59;59350;2;1;8;6;FAUBOURG DE BETHUNE RUE;50,6175049933;3,0269064009
202200013410;15;3;2022;08:50;1;69;69290;2;6;8;6;Rue de l’Aviation;45,7064500000;4,9403100000
202200013411;22;12;2022;13:30;1;56;56083;2;1;2;3;LUMIERE ( AV. DES FRERES );47,7993800000; -3,2605500000
202200013412;15;3;2022;14:00;1;69;69264;2;1;1;3;Route de Frans;45,9855543545;4,7218680382
202200013413;8;9;2022;12:45;1;54;54395;2;2;1;3;GEBHART (RUE EMILE);48,6755669372;6,1718139052
202200013414;20;12;2022;20:42;5;56;56098;2;1;1;6;24 Rue Daniel Trudaine;47,7758500000; -3,3387300000
202200013415;9;9;2022;21:04;5;49;49007;2;1;1;2;RABELAIS;47,4642600000; -0,5485200000
202200013416;15;3;2022;07:45;1;67;67482;2;3;1;3;BRIGADE ALSACE LORRAINE (RUE DE LA);48,5775659972;7,7530217171
202200013417;21;12;2022;18:25;5;56;56121;2;1;2;4;RUE LOUIS GUIGUEN;47,7560100000; -3,3549210000
202200013418;12;3;2022;19:00;5;67;67482;2;1;1;6;PETIT MARAIS (RUE DU);48,5626485471;7,6945737000
202200013419;9;9;2022;16:13;1;49;49007;2;1;1;3;ROI RENE BOULEVARD;47,4675140000; -0,5558490000
202200013420;22;12;2022;21:45;5;54;54395;2;2;3;6;MON DESERT (RUE);48,6834400000;6,1735500000
202200013421;9;9;2022;06:52;2;49;49007;2;1;1;7;LETANDUERE;47,4601527681; -0,5545561016
202200013422;14;3;2022;16:25;1;67;67482;2;3;1;3;OBERHAUSBERGEN (ROUTE D );48,5959600000;7,7078400000
202200013423;22;12;2022;05:19;3;54;54382;1;1;3;2;52 (ROUTE NATIONALE);49,5441500000;5,7671100000
202200013424;8;9;2022;14:00;1;49;49007;2;1;1;2;Jean de la Fontaine;47,4614000000; -0,5489300000
202200013425;14;3;2022;20:14;3;66;66136;1;1;1;6;R D 900;42,7359900000;2,8846400000
202200013426;22;12;2022;16:35;5;51;51454;2;6;2;3;avenue d'Epernay;49,2299200000;4,0145100000
202200013427;8;9;2022;12:47;1;49;49007;2;1;1;2;MOULIN BOULEVARD;47,4923700000; -0,5540400000
202200013428;14;3;2022;08:25;1;63;63113;2;2;1;1;LAFAYETTE (BD);45,7667000000;3,1074000000
202200013429;21;12;2022;10:39;1;49;49007;1;1;3;6;ATLANTIQUE  AVENUE DE L';47,4698300000; -0,5892700000
202200013430;7;9;2022;19:32;1;49;49007;2;1;1;6;SAINT NICOLAS;47,4743400000; -0,5663700000
202200013431;15;3;2022;02:00;5;62;62126;2;1;1;6;DELBECQUE ( RUE );50,5175980000;2,6745810000
202200013432;20;12;2022;13:50;1;49;49007;2;1;2;7;MONTAIGNE AVENUE;47,4670000000; -0,5267000000
202200013433;22;12;2022;10:50;1;48;48095;2;1;8;7;RD 25;44,5094000000;3,5044100000
202200013434;8;9;2022;16:45;1;47;47323;1;1;1;5;DIODE (NORD);44,4345260000;0,7714900000
202200013435;15;3;2022;08:00;2;61;61001;2;2;2;3;CERISE (RUE DE);48,4349500000;0,1060000000
202200013436;15;3;2022;11:45;1;60;60057;2;1;2;6;Rue du Pont d’Arcole;49,4250000000;2,0977000000
202200013437;9;9;2022;11:25;1;45;45169;2;1;1;3;174bis Route Nationale;47,9289456729;1,8392550945
202200013438;22;12;2022;08:15;1;45;45234;2;2;1;3;90 Rue de Coulmiers;47,9118600000;1,8971100000
202200013439;9;9;2022;14:50;1;43;43002;2;6;1;3;Avenue de Bonneville;45,0499600000;3,8814400000
202200013440;15;3;2022;14:15;1;59;59328;2;1;1;4;DESCAMPS EUGENE RUE;50,6504469297;3,0048918128
202200013441;22;12;2022;22:30;5;44;44109;2;3;3;6;Quai Ceineray;47,2213500000; -1,5518200000
202200013442;9;9;2022;13:00;1;37;37261;2;3;1;3;MAGINOT (AV. ANDRE);47,4203712094;0,6944024563
202200013443;28;2;2022;12:50;1;59;59009;2;6;1;6;FUSILLES RUE DES DU N° 2-110;50,6169600000;3,1469600000
202200013444;21;12;2022;17:15;5;42;42218;2;1;1;6;Rue des Docteurs Charcot;45,4210300000;4,3923000000
202200013445;14;3;2022;16:00;1;59;59178;2;2;1;3;SAINT JACQUES (RUE);50,3713700000;3,0844900000
202200013446;24;8;2022;18:10;1;36;36044;1;6;1;3; Rue Montaigne;46,7919400000;1,7117500000
202200013447;15;3;2022;16:35;1;57;57463;2;1;1;6;SAINT PIERRE (RUE );49,0976200000;6,1738000000
202200013448;22;12;2022;18:00;3;34;34332;1;1;1;2;D612;43,3076400000;3,4368200000
202200013449;15;3;2022;09:45;1;57;57463;2;1;3;3;JUGE PIERRE MICHEL (RUE DU );49,1175400000;6,1712100000
202200013450;21;12;2022;09:00;1;33;33318;2;1;1;6;Rue Jean Perrin;44,7794700000; -0,6589800000
202200013451;14;3;2022;17:06;1;56;56121;2;3;7;6;TURENNE (RUE DU COMTE HENRI DE );47,7496400000; -3,3597300000
202200013452;9;9;2022;16:00;1;35;35281;1;3;1;2;RD 177;48,0673400000; -1,7143700000
202200013453;22;12;2022;04:45;5;33;33529;2;1;1;7;SAINT-EXUPERY (AVE);44,6210108202; -1,1397671700
202200013454;11;3;2022;14:11;1;56;56121;2;1;1;6;5 Rue du Couëdic de Kergoualer;47,7486600000; -3,3643200000
202200013455;11;3;2022;08:41;1;56;56121;2;2;1;3;ASSEMBLEE-NATIONALE (RUE DE L');47,7488100000; -3,3629900000
202200013456;9;9;2022;09:10;1;35;35238;1;1;1;4;;48,0846800000; -1,6406800000
202200013457;22;12;2022;07:40;5;31;31555;2;6;1;1;AV LOUIS BAZERQUES;43,5783970000;1,3944930000
202200013458;14;3;2022;17:15;1;54;54300;2;1;1;2;PATTON (RUE DU GENERAL);48,6547100000;6,2323200000
202200013459;8;9;2022;21:30;5;34;34032;2;2;1;3;GALINIER HENRI (AV);43,3409800000;3,1868200000
202200013460;14;3;2022;08:55;1;54;54395;2;1;1;3;OUDINOT (RUE DU MAL);48,6743731871;6,1796727777
202200013461;22;12;2022;09:00;2;29;29232;2;6;2;3;Rond-Point de l' Eau Blanche;47,9912600000; -4,0735700000
202200013462;14;3;2022;17:55;1;49;49267;2;1;1;7;D347;47,4736300000; -0,4859700000
202200013463;9;9;2022;20:40;5;33;33063;2;3;1;3;Allée de Munich;44,8449800000; -0,5708500000
202200013464;21;12;2022;17:00;2;29;29019;2;8;2;3;rue Jean Jaurès;48,3949639320; -4,4786813426
202200013465;9;9;2022;18:27;1;33;33281;2;1;1;2;Avenue Marcel Dassault;44,8471800000; -0,7165700000
202200013466;14;3;2022;16:09;1;49;49007;2;1;1;3;LETANDUERE;47,4539300000; -0,5535400000
202200013467;21;12;2022;15:00;1;29;29019;1;6;3;2;route du Vieux Saint-Marc;48,3900490000; -4,4586460000
202200013468;9;9;2022;12:20;1;31;31555;2;1;2;3;AV JEAN ZAY;43,6524100000;1,4248400000
202200013469;2;9;2022;19:45;2;30;30189;1;3;8;2;CANAUX (CHEMIN);43,8370000000;4,4305000000
202200013470;22;12;2022;15:20;1;27;27681;2;2;2;3;RENAISSANCE (RUE DE LA);49,0821400000;1,4799100000
202200013471;9;9;2022;16:30;1;30;30007;2;1;1;4;GRABIEUX (ROUTE DU PONT DE);44,1446000000;4,0886900000
202200013472;16;12;2022;09:15;1;24;24557;1;1;1;6;GRANDOU (AVENUE MICHEL);45,1899500000;0,7454200000
202200013473;9;9;2022;12:24;1;29;29232;2;9;2;3;Rue de Kerivoal;48,0064300000; -4,1077410000
202200013474;22;12;2022;09:25;1;22;22278;2;1;1;3;27 Rue Saint-Guillaume;48,5132137230; -2,7594909221
202200013475;9;9;2022;08:00;1;29;29232;1;1;1;6;CNO;48,0027700000; -4,1367200000
202200013476;23;12;2022;00:50;3;13;13208;2;1;1;6;MONTREDON (AVENUE DE);43,2438700000;5,3709600000
202200013477;22;12;2022;09:30;1;13;13206;2;1;1;1;Cours lieutaud;43,2951000000;5,3818100000
202200013478;9;9;2022;21:35;5;29;29019;2;3;1;3;rue de Glasgow;48,3972700000; -4,4831100000
202200013479;8;9;2022;09:00;1;29;29019;2;1;2;2;rue Jim Sevellec;48,3645700000; -4,5494400000
202200013480;22;12;2022;01:50;5;13;13211;2;1;1;1;GAIA (Rd Point);43,2967600000;5,4765200000
202200013481;9;9;2022;16:40;1;27;27229;2;2;1;3;BICHES (RUE DES);49,0111100000;1,1386900000
202200013482;21;12;2022;17:50;3;13;13005;1;3;1;2;RD 43 C;43,3062600000;5,5918500000
202200013483;9;9;2022;10:14;1;26;26198;1;1;1;2;TEIL (Route du);44,5516900000;4,6995300000
202200013484;21;12;2022;04:15;3;10;10081;1;1;2;2;;48,3210300000;4,0242900000
202200013485;9;9;2022;16:30;1;25;25056;2;1;1;3;PRES DE VAUX CHE. DES;47,2382100000;6,0611500000
202200013486;22;12;2022;16:25;1;06;06088;2;1;1;6;FRANCE (R. DE) A PARTIR DU N° 66-91;43,6913800000;7,2453700000
202200013487;9;9;2022;10:45;1;25;25056;2;1;8;6;Rue René Char;47,2166700000;5,9481100000
202200013488;9;9;2022;09:00;1;22;22278;2;1;1;1;FONTAINE-SAINT-BRIEUC (DE LA);48,5177700000; -2,7664000000
202200013489;23;4;2022;19:00;1;2A;2A215;1;3;1;6;T40;41,5022780000;9,0299890000
202200013490;22;12;2022;10:40;1;06;06088;2;1;1;2;MONTREAL (BD DE);43,6850000000;7,2230000000
202200013491;17;4;2022;05:45;3;13;13076;1;1;1;7;D99;43,8006580000;4,9829650000
202200013492;16;8;2022;07:45;1;15;15014;2;1;1;3;LIBERTE (AVENUE DE LA);44,9223000000;2,4279800000
202200013493;28;4;2022;16:10;1;13;13022;1;1;1;5;D559a PK 8+700;43,2229010000;5,5497680000
202200013494;23;12;2022;18:30;5;75;75118;2;4;1;2;BD PERIPHERIQUE EXTERIEUR;48,9008440000;2,3670720000
202200013495;7;9;2022;17:10;1;14;14366;2;1;1;3;Avenue Georges Pompidou;49,1373900000;0,2232560000
202200013496;10;7;2022;22:00;3;13;13056;1;1;1;1;CD 5 (Route d'Istres);43,3762300000;5,0646700000
202200013497;23;12;2022;17:50;5;75;75116;2;1;1;3;PORTE DAUPHINE;48,8698870000;2,2715100000
202200013498;27;4;2022;19:00;1;25;25009;1;2;1;3;RD 492;47,2604170000;6,3214090000
202200013499;22;12;2022;01:30;5;75;75119;2;1;2;2;BD PERIPHERIQUE INTERIEUR;48,8944260000;2,3948290000
202200013500;27;4;2022;18:30;1;67;67205;2;6;7;3;Rue du Ried;48,6906610000;7,7847920000
202200013501;9;9;2022;15:45;1;13;13205;2;3;1;4;VITALIS (RUE);43,2921400000;5,3926400000
202200013502;26;4;2022;09:46;1;67;67504;1;1;1;6;D206;48,4177980000;7,5301410000
202200013503;9;9;2022;14:30;1;13;13214;2;9;1;3;AVENUE RAIMU;43,3358500000;5,3985200000
202200013504;23;12;2022;15:24;1;75;75119;2;3;8;3;AVENUE JEAN JAURES;48,8866610000;2,3848230000
202200013505;9;9;2022;15:15;1;13;13005;2;6;1;3;NATIONALE 8 DE PARIS A TOULON (ROUTE);43,2817400000;5,6038600000
202200013506;27;4;2022;19:10;1;88;88044;1;1;1;7;Route de Liffol;48,3091920000;5,6242970000
202200013507;23;12;2022;06:40;5;75;75115;2;7;2;3;PLACE DES MARTYRS JUIFS DU VELODROME D H;48,8547040000;2,2888730000
202200013508;9;9;2022;09:00;1;13;13001;2;4;1;3;GARDANNE (ROUTE DE );43,4894400000;5,4080800000
202200013509;28;4;2022;18:10;1;42;42147;2;2;1;3;Rue Neuve;45,5943600000;4,0747740000
202200013510;7;9;2022;20:20;1;11;11069;1;9;1;2;;43,2022000000;2,3149000000
202200013511;23;12;2022;19:30;5;75;75114;2;3;2;6;AVENUE DU GENERAL LECLERC;48,8287820000;2,3277130000
202200013512;8;9;2022;07:45;1;10;10362;2;3;1;3;LOUIS BLANC (RUE);48,2963100000;4,0498800000
202200013513;23;12;2022;18:00;5;75;75112;2;3;2;3;AVENUE DE SAINT MANDE;48,8453130000;2,3982980000
202200013514;9;9;2022;10:15;1;07;07102;2;6;1;3;Avenue Georges CLEMENCEAU;44,9324300000;4,8696400000
202200013515;28;4;2022;14:10;1;61;61203;1;1;1;3;D30;48,3916980000;0,0532470000
202200013516;26;4;2022;15:30;1;27;27568;1;1;1;6;D830, PK 22+400;48,9418680000;0,8734990000
202200013517;6;9;2022;19:00;1;75;75115;2;1;1;4;BD PERIPHERIQUE EXTERIEUR;48,8328450000;2,2793860000
202200013518;23;12;2022;12:50;1;75;75112;2;3;1;3;AVENUE DU GENERAL MICHEL BIZOT;48,8397810000;2,4043750000
202200013519;27;4;2022;17:54;1;60;60215;1;4;1;1;D37;49,4000081856;2,4656120538
202200013520;9;9;2022;00:20;5;75;75103;2;7;1;3;PLACE DE LA REPUBLIQUE;48,8679460000;2,3623820000
202200013521;30;10;2022;02:50;5;75;75107;2;2;1;6;BOULEVARD SAINT GERMAIN;48,8590240000;2,3226410000
202200013522;8;9;2022;19:20;1;75;75106;2;2;1;3;RUE DE VAUGIRARD;48,8462480000;2,3241500000
202200013523;27;4;2022;11:00;1;59;59400;1;1;1;3;Route d Hazebrouck;50,6538934062;2,6144832373
202200013524;23;12;2022;15:25;1;94;94016;2;1;2;3;Rue Camille Desmoulins;48,7937900000;2,3338400000
202200013525;26;4;2022;19:20;5;13;13213;1;1;1;2;A507 sens Aubagne- Marseille;43,3301300000;5,4075700000
202200013526;9;9;2022;18:40;1;75;75120;2;2;2;4;COURS DE VINCENNES;48,8481350000;2,3992160000
202200013527;23;12;2022;08:30;5;94;94033;2;3;2;6;Avenue du Maréchal Joffre / Rue Denis Papin;48,8540572527;2,4722391729
202200013528;9;9;2022;17:47;1;75;75119;2;2;8;3;RUE DU HAINAUT;48,8877900000;2,3892980000
202200013529;26;4;2022;18:30;1;13;13215;1;1;1;2;A7-Sens Lyon vers Marseille;43,3499730000;5,3689010000
202200013530;9;9;2022;15:00;1;75;75118;2;3;2;6;RUE CORTOT;48,8877820000;2,3397620000
202200013531;23;12;2022;07:30;5;94;94011;1;3;2;3;STAINS(ROUTE DE);48,7824900000;2,4944100000
202200013532;26;4;2022;18:17;1;13;13005;1;1;1;6;A50-Sens Aubagne vers Marseille;43,2884892599;5,5483670050
202200013533;9;9;2022;09:30;1;75;75115;2;2;2;7;RUE DE VAUGIRARD;48,8414900000;2,3079360000
202200013534;6;2;2022;05:45;5;75;75116;2;1;1;3;PORTE D AUTEUIL;48,8531830000;2,2528990000
202200013535;23;12;2022;19:40;5;93;93050;2;1;2;5;Avenue Jean Jaures;48,8628825899;2,5461888042
202200013536;9;9;2022;19:45;5;75;75114;2;3;2;6;BOULEVARD BRUNE;48,8264350000;2,3107190000
202200013537;26;4;2022;13:15;1;13;13001;1;1;1;3;A51-Sens Marseille vers Aix en Provence;43,5097775279;5,4160624050
202200013538;5;2;2022;13:40;1;75;75113;2;1;1;3;PORTE D IVRY;48,8223130000;2,3803760000
202200013539;9;9;2022;16:30;1;75;75114;2;1;1;6;CIMETIERE DU MONTPARNASSE;48,8384170000;2,3239890000
202200013540;23;12;2022;17:20;5;93;93049;2;1;1;6;Boulevard Galliéni;48,8533461581;2,5161545277
202200013541;6;2;2022;06:09;5;75;75113;2;2;1;7;BOULEVARD KELLERMANN;48,8209970000;2,3507500000
202200013542;8;9;2022;17:15;1;75;75114;2;1;1;6;RUE DU MONTPARNASSE;48,8416870000;2,3252350000
202200013543;25;4;2022;08:00;1;13;13005;1;1;1;2;A50-Sens Marseille vers Aubagne;43,2874400000;5,5434100000
202200013544;6;2;2022;03:55;5;75;75120;2;1;1;6;RUE DES PYRENEES;48,8726530000;2,3909750000
202200013545;27;12;2022;19:15;5;93;93032;2;3;1;3;Rue Aristide Briand / Allee des Nenuphars;48,8787400000;2,5330900000
202200013546;9;9;2022;09:10;1;75;75112;2;1;8;3;BOULEVARD DIDEROT;48,8468610000;2,3825590000
202200013547;20;4;2022;17:15;1;33;33550;1;1;2;3;ROCADE A 630;44,7785050000; -0,5676240000
202200013548;6;2;2022;17:15;1;75;75119;2;2;2;7;AVENUE DE LA PORTE CHAUMONT;48,8860110000;2,3981660000
202200013549;9;9;2022;03:55;5;75;75112;2;1;1;6;VOIE GEORGES POMPIDOU;48,8454620000;2,3667190000
202200013550;20;4;2022;06:45;5;33;33063;1;1;3;6;ROCADE A 630;44,8840900000; -0,5596900000
202200013551;22;12;2022;23:15;3;93;93005;1;1;2;2;Rue Paul Cézanne;48,9527661078;2,4933332205
202200013552;9;9;2022;16:01;1;75;75108;2;1;8;6;BOULEVARD MALESHERBES;48,8803620000;2,3131580000
202200013553;6;2;2022;12:55;1;75;75112;2;2;2;3;AVENUE LEDRU ROLLIN;48,8496300000;2,3742930000
202200013554;25;4;2022;00:30;3;59;59491;1;1;1;6;AUTOROUTE A23;50,4082400000;3,4387100000
202200013555;9;9;2022;22:30;5;75;75103;2;2;2;7;RUE DE BRETAGNE;48,8622800000;2,3637180000
202200013556;22;12;2022;22:00;5;93;93005;2;2;2;1;Avenue Suzanne Lenglen / Rue Calmette et Guerin;48,9513200000;2,5138000000
202200013557;6;2;2022;19:20;5;75;75111;2;2;2;6;RUE DE LA ROQUETTE;48,8567790000;2,3778650000
202200013558;9;9;2022;22:20;5;75;75101;2;1;2;7;BOULEVARD DE SEBASTOPOL;48,8631460000;2,3508050000
202200013559;21;4;2022;20:00;1;59;59606;1;1;1;2;AUTOROUTE A2;50,3389700000;3,4998900000
202200013560;23;12;2022;14:30;1;92;92040;2;1;2;3;PIERRE BROSSOLETTE;48,8206000000;2,2710000000
202200013561;6;2;2022;17:14;1;75;75111;2;2;2;6;RUE DU FAUBOURG DU TEMPLE;48,8700050000;2,3710570000
202200013562;25;4;2022;09:10;1;59;59364;1;1;1;7;AUTOROUTE A23;50,5557603195;3,1761910915
202200013563;23;12;2022;02:10;5;92;92040;2;1;2;6;STALINGRAD (QUAI DE);48,8219797813;2,2511849999
202200013564;9;9;2022;17:30;1;75;75104;2;4;2;3;QUAI HENRI IV;48,8496920000;2,3615220000
202200013565;6;2;2022;06:18;5;75;75110;2;1;1;7;BOULEVARD DE LA CHAPELLE;48,8842460000;2,3583960000
202200013566;21;4;2022;20:40;1;92;92002;2;1;1;2;AUTOROUTE A86;48,7607350000;2,2930310000
202200013567;6;2;2022;02:05;5;75;75107;2;1;1;7;QUAI ANATOLE FRANCE;48,8618080000;2,3218700000
202200013568;9;9;2022;17:30;1;75;75101;2;2;2;3;RUE DE RIVOLI;48,8609080000;2,3408210000
202200013569;23;12;2022;18:27;5;92;92025;2;2;1;3;CHARLES DE GAULLE (BD);48,9145450000;2,2288230000
202200013570;3;12;2022;03:30;5;92;92004;1;1;1;6;ROBERT DUPONT;48,9201489280;2,2817592323
202200013571;9;9;2022;15:10;1;94;94080;2;1;3;3;NOGENT (AV DE);48,8447300000;2,4399100000
202200013572;26;4;2022;08:00;1;93;93066;1;1;1;2;AUTOROUTE A1;48,9216600000;2,3573500000
202200013573;5;2;2022;12:45;1;75;75102;2;3;1;7;RUE D ALEXANDRIE;48,8682480000;2,3502090000
202200013574;9;9;2022;12:18;1;94;94068;2;1;8;6;JOFFRE (AV);48,8034320000;2,5000950000
202200013575;6;2;2022;16:45;1;94;94074;2;1;2;1;Rue Théodule Jourdain;48,7695590000;2,4488090000
202200013576;23;12;2022;15:40;1;92;92002;2;1;2;2;BOIS DE VERRIERES (AVENUE DU);48,7578300000;2,2771900000
202200013577;26;4;2022;05:20;3;95;95212;1;1;1;6; A1;49,0304870204;2,5388073921
202200013578;7;9;2022;23:15;5;94;94068;2;9;2;7;FOCH (AV);48,8011900000;2,4946400000
202200013579;6;2;2022;06:45;2;94;94044;2;1;1;3;Avenue Gabriel Péri;48,7540700000;2,4850100000
202200013580;23;12;2022;00:05;5;92;92014;2;1;2;2;GENERAL LECLERC (AV.) (1 A 55BIS - 2 A 4;48,7875188412;2,3185910582
202200013581;7;9;2022;09:15;1;94;94068;2;1;1;2;RABELAIS (BD);48,8065200000;2,4788700000
202200013582;25;4;2022;21:50;3;95;95252;1;1;1;2;A15;48,9858700000;2,2121400000
202200013583;21;12;2022;22:30;5;92;92014;2;3;2;6;GENERAL LECLERC (AV.) (1 A 55BIS - 2 A 4;48,7850899670;2,3175278306
202200013584;9;9;2022;17:15;1;94;94042;2;1;2;3;GENERAL GALLIENI (AV DU);48,8238500000;2,4655200000
202200013585;25;4;2022;07:50;1;93;93005;1;1;1;6;AUTOROUTE A3;48,9255800000;2,4815000000
202200013586;6;2;2022;20:02;5;94;94046;2;3;2;2;Avenue du Général de Gaulle;48,8102400000;2,4235900000
202200013587;9;9;2022;14:05;1;94;94046;2;1;2;2;JEAN JAURES (R);48,7884400000;2,4355600000
202200013588;5;2;2022;02:40;5;94;94069;2;6;8;6;Rue du Maréchal Leclerc / Avenue des Canadiens;48,8172900000;2,4526000000
202200013589;15;4;2022;14:30;1;75;75112;1;1;1;2;A4;48,8216000000;2,4623000000
202200013590;9;9;2022;09:30;1;94;94038;2;1;1;6;CHEVILLY (R DE);48,7763400000;2,3407400000
202200013591;24;12;2022;19:00;5;51;51649;2;1;2;3;Rue Saint-Abdon;48,7293990000;4,5860540000
202200013592;6;2;2022;07:05;5;94;94017;2;3;2;6;Avenue Marx Dormoy / Rue du Monument;48,8126400000;2,5148300000
202200013593;8;9;2022;11:35;1;94;94022;2;3;1;3;Avenue Victor Hugo / Rue Bernard Palissy;48,7684300000;2,4191950000
202200013594;6;2;2022;20:00;5;93;93027;2;2;2;1;PASTEUR (BOULEVARD) DE 40 A +;48,9231200000;2,3840700000
202200013595;9;9;2022;08:20;1;94;94079;2;1;1;6;Rue du Général Leclerc;48,8213454849;2,5403254713
202200013596;6;2;2022;12:15;1;01;01333;2;6;1;2;Place de la Croix Blanche;45,9259610000;4,9512930000
202200013597;22;12;2022;10:15;1;11;11076;1;1;1;5;A 61 PK 290.500;43,2827670000;1,9777750000
202200013598;20;2;2022;08:09;1;36;36159;2;1;1;6;Avenue de la Forêt;46,7737100000;1,7107900000
202200013599;6;2;2022;22:45;3;76;76286;1;1;1;7;Route du Treport;49,8930860000;1,4271500000
202200013600;9;9;2022;14:00;1;93;93078;1;6;2;3;Avenue Vauban / Avenue Georges Clémenceau;48,9645600000;2,5526800000
202200013601;3;2;2022;14:05;1;11;11366;1;1;1;7;D367;43,2690270000;2,8350310000
202200013602;25;4;2022;07:30;1;974;97411;2;9;1;6;PROVIDENCE (BOULEVARD DE LA); -20,8961300000;55,4579100000
202200013603;22;12;2022;18:30;3;21;21472;1;1;3;6;autoroute A31,;47,5643430000;5,2013080000
202200013604;9;9;2022;15:40;1;93;93048;2;2;2;6;Avenue Gabriel Péri / Avenue du Président Wilson;48,8574152680;2,4400676144
202200013605;6;2;2022;19:35;3;29;29142;1;1;6;4;N165;48,1736111100; -4,0442250360
202200013606;23;4;2022;12:30;1;974;97411;2;1;1;2;RN2/043; -20,8867400000;55,4864000000
202200013607;8;9;2022;18:14;1;93;93063;2;3;1;6;Rue des Noyers / Rue Huguette Heitzmann;48,8781700000;2,4354100000
202200013608;23;12;2022;20:30;3;10;10349;1;1;8;5;D619;48,3437895977;4,0072556347
202200013609;7;2;2022;16:45;1;60;60430;1;3;1;3;D163;49,3075919276;2,9504921436
202200013610;9;9;2022;17:35;1;92;92078;1;1;8;3;MOULIN CAGE (QUAI);48,9239300000;2,3287600000
202200013611;21;4;2022;06:45;1;974;97411;2;1;1;3;CHAUDRON  (BLD 1 DU); -20,8903900000;55,4910900000
202200013612;20;9;2022;12:35;1;92;92072;2;6;1;3;GRANDE RUE;48,8264100000;2,2192500000
202200013613;7;2;2022;04:55;5;62;62042;1;1;1;1;Allee des Atrebates;50,3178190000;2,8373910000
202200013614;25;4;2022;09:20;1;973;97302;2;2;1;7;BARRAT (DU DOCTEUR);4,9376289639; -52,3280417919
202200013615;9;9;2022;10:00;1;92;92064;1;1;1;6;PARC SAINT CLOUD;48,8332500000;2,1955000000
202200013616;9;9;2022;14:30;1;92;92062;2;1;2;6;BERGERES RD-PT DES) DU 108 AU 128;48,8855900000;2,2276400000
202200013617;7;2;2022;10:56;1;56;56251;2;6;8;3;giratoire de l'ancienne gare;47,6287920000; -2,6550540000
202200013618;25;4;2022;08:30;1;69;69388;2;3;1;3;Rue Joseph Chapelle;45,7357400000;4,8675400000
202200013619;7;2;2022;13:15;1;71;71305;1;4;1;7;Chateau de Marfontaine;46,4578010000;4,8843940000
202200013620;9;9;2022;13:35;1;92;92050;2;2;2;2;BOUVETS BOULEVARD DES;48,8968780000;2,2240400000
202200013621;25;4;2022;15:10;1;972;97213;1;1;1;4;AUTOROUTE (A1);14,6182050257; -61,0350018740
202200013622;7;2;2022;15:45;1;61;61486;2;1;1;2;Lieu Dit la Peschardiere;48,7737830000; -0,7172700000
202200013623;9;9;2022;10:55;1;92;92044;2;2;8;3;CARNOT(RUE)1A41 ET 2A36;48,8894016131;2,2888716459
202200013624;6;2;2022;19:00;3;61;61055;1;1;6;6;Les Courtils;48,6522940000; -0,0888940000
202200013625;25;4;2022;22:50;5;69;69389;2;3;2;6;Place Dumas de Loire;45,7727963585;4,8053654905
202200013626;8;9;2022;18:45;1;92;92026;2;2;1;3;REPUBLIQUE (DE 29 A FIN);48,9010170000;2,2497050000
202200013627;7;2;2022;17:10;2;55;55010;1;1;1;6;Départementale 3;48,6407220000;5,0238420000
202200013628;9;9;2022;18:00;1;92;92025;2;1;2;6;EDGARD QUINET (BD);48,9239120000;2,2482330000
202200013629;25;4;2022;08:55;1;69;69382;2;1;1;3;Cours de Verdun Gensoul;45,7507100000;4,8248600000
202200013630;6;2;2022;16:45;1;12;12185;1;1;2;6;La Baraque du Pouget;44,2833390000;2,6713940000
202200013631;8;9;2022;17:45;1;92;92025;2;1;1;3;STALINGRAD (AV DE);48,9312830000;2,2670360000
202200013632;23;4;2022;12:10;1;2B;2B037;1;1;1;2;TOUTES RUES;42,6359000000;9,4385000000
202200013633;9;9;2022;21:30;5;92;92023;2;4;2;3;BIEVRES (RUE DE);48,7977293773;2,2652470171