Num_Acc;jour;mois;an;hrmn;lum;dep;com;agg;int;atm;col;adr;lat;long
202200013634;6;2;2022;17:45;2;42;42081;2;1;1;3;853 Route de Rivas;45,6020340000;4,2557280000
202200013635;9;9;2022;20:05;2;92;92007;2;1;3;2;BOURG-LA-REINE (AVENUE DE);48,7849579519;2,3071256876
202200013636;25;4;2022;09:10;1;91;91692;2;1;1;6;CAUSSES (RUE DES);48,6789580000;2,1727530000
202200013637;4;2;2022;19:45;3;34;34332;1;1;1;2;D912;43,3142340000;3,4411400000
202200013638;9;9;2022;13:15;1;92;92004;2;1;1;1;VOLTAIRE ( BD );48,9163251991;2,2896797955
202200013639;25;4;2022;15:30;1;91;91657;2;1;1;2;AV HENRI BARBUSSE;48,7047800000;2,4370800000
202200013640;6;2;2022;10:40;1;44;44128;1;2;1;3;19 Rue Charles Perron;47,5421590000; -1,8809010000
202200013641;9;9;2022;19:53;3;2A;2A349;1;4;1;3;D19 - cupparachia;41,6739700000;8,9259410000
202200013642;25;4;2022;15:45;1;91;91097;2;1;1;6;AV JEAN MOULIN;48,6828000000;2,5327400000
202200013643;5;2;2022;21:00;3;02;02648;1;1;1;1;D13;49,7894240000;3,4482910000
202200013644;9;9;2022;17:45;1;17;17315;2;6;1;7;puyvineux;46,1271175337; -0,9839011217
202200013645;6;2;2022;11:30;1;18;18234;1;1;1;7;348 Lieu Dit Bombardon;46,5116810000;2,2632300000
202200013646;22;4;2022;18:20;1;91;91027;2;2;1;3;AV JEAN JAURES;48,7000000000;2,3600000000
202200013647;9;9;2022;19:45;2;22;22116;2;4;1;3;Rue de Coat-nay;48,5146180000; -3,0328220000
202200013648;5;2;2022;14:15;1;36;36165;1;1;1;6;;46,6684490000;1,0123300000
202200013649;10;9;2022;11:10;1;11;11254;1;1;1;6;A61, PK 305.600;43,2286280000;2,1391480000
202200013650;7;2;2022;07:30;2;16;16192;1;1;8;6;;45,8432410000;0,5918030000
202200013651;9;2;2022;18:45;1;78;78335;1;9;1;3;R.D 146;48,9854200000;1,7376130000
202200013652;9;9;2022;19:00;1;45;45066;1;2;1;3;D39 PR 10 + 550;47,9427110000;2,5542270000
202200013653;4;2;2022;17:20;1;07;07181;2;1;1;7;;44,7537620000;4,7486790000
202200013654;25;4;2022;16:50;1;77;77215;2;1;1;6;RUE AMPERE;48,7307440000;2,7351150000
202200013655;6;2;2022;19:20;3;27;27514;1;6;3;6;D 438;48,9972339612;0,5095510479
202200013656;9;9;2022;14:55;1;41;41055;1;1;1;5;RD 952;47,5027500000;1,2412190000
202200013657;7;2;2022;07:10;3;27;27378;1;1;1;7;N12;48,7806910000;1,1903210000
202200013658;10;9;2022;08:00;1;01;01209;1;1;1;1;D1206;46,1215590000;5,8943370000
202200013659;7;2;2022;15:00;1;52;52211;1;1;1;6;RD253 - Ecluse n°36;48,3021660000;5,1478400000
202200013660;25;4;2022;17:30;1;77;77209;2;2;1;2;D217E / D217B;48,8537800000;2,6907300000
202200013661;30;5;2022;09:35;1;38;38194;1;1;1;1;D1085;45,3604380000;5,4339810000
202200013662;6;2;2022;18:15;5;95;95250;2;1;2;6;Avenue de la Haute-Gréve;49,0990302279;2,5138762593
202200013663;16;4;2022;16:54;1;76;76322;2;1;1;6;Avenue des Canadiens;49,3980600000;1,0624600000
202200013664;5;2;2022;19:49;5;987;98722;1;1;1;2;PK 25 côté mer; -17,5383760000; -149,3702890000
202200013665;5;2;2022;15:45;1;988;98813;1;1;2;1;Pont de Fonwhary - RT1; -21,6946370000;165,7910390000
202200013666;16;4;2022;10:25;1;76;76484;1;6;1;3;D13;49,3515971873;1,0284811505
202200013667;6;2;2022;16:10;1;2B;2B148;1;2;1;3;Strada Di I Sportivi;42,5387340000;9,4483950000
202200013668;10;9;2022;18:15;1;51;51434;1;1;1;1;Chemin de Bisseuil;49,0206560000;4,0733340000
202200013669;23;4;2022;15:40;1;76;76351;2;3;1;6;PIERRE COURTADE (AVENUE);49,5100600000;0,1837200000
202200013670;6;2;2022;02:40;3;84;84019;1;1;1;7;Route de Saint Restitut;44,3028370000;4,7743640000
202200013671;9;9;2022;13:10;1;80;80186;1;1;1;2;Rue de Nesle;49,8039680000;2,8114270000
202200013672;22;4;2022;20:45;1;72;72181;2;6;1;3;LEDRU ROLLIN QUAI N° 103 ET plus;48,0097118268;0,1957976816
202200013673;9;9;2022;07:55;1;80;80190;1;1;3;1;D29;50,0547420000;1,6332830000
202200013674;6;2;2022;17:30;1;83;83107;2;3;6;3;D7;43,4478760101;6,6332174689
202200013675;10;9;2022;11:40;1;65;65450;1;1;1;6;D929;42,7974710000;0,2744110000
202200013676;25;4;2022;07:40;1;66;66136;2;1;1;2;PANCHOT (AVENUE JULIEN);42,6779843373;2,8503352404
202200013677;4;2;2022;18:50;5;89;89013;2;1;2;1;Route de Paris;47,8814770000;3,5281880000
202200013678;9;9;2022;19:30;1;65;65069;2;1;1;6;Avenue de l Eglise;43,0784410000;0,3911120000
202200013679;10;9;2022;12:15;1;65;65435;1;1;1;6;D920;42,9486800000; -0,0833850000
202200013680;6;2;2022;15:30;1;57;57683;1;9;6;1;Route de Thionville;49,3081350000;6,1597490000
202200013681;24;4;2022;14:48;1;66;66136;2;3;2;2;ALDUY (Paul);42,6783800000;2,9061200000
202200013682;6;2;2022;20:00;5;57;57663;2;2;3;3;Grand Rue;49,2371450000;6,1725780000
202200013683;23;4;2022;17:07;1;66;66136;2;1;2;3;PYRENEES (BOULEVARD DES);42,6957978395;2,8886348382
202200013684;10;9;2022;14:00;1;71;71196;1;3;1;5;D678 le pontot;46,6527800000;5,3264700000
202200013685;6;2;2022;16:00;1;74;74243;1;1;1;6;Route d Annemasse;46,1423960000;6,0927180000
202200013686;22;4;2022;17:50;1;66;66136;1;1;1;6;MILAN (AVENUE DE);42,6909400000;2,8549400000
202200013687;10;9;2022;10:30;1;89;89446;1;1;1;6;;47,4622730000;3,7381950000
202200013688;5;2;2022;22:00;3;16;16019;1;1;1;6;;45,7202319277;0,0455921888
202200013689;25;4;2022;14:10;1;64;64125;2;1;1;6;SOURCE ROYALE (AVENUE);43,4455300000; -1,5762700000
202200013690;5;2;2022;23:00;3;33;33238;1;1;1;6;35 Chemin le Thil;44,7358510000; -0,5649910000
202200013691;10;9;2022;04:00;3;49;49345;1;1;1;6;RD24;47,2471860000; -0,5246620000
202200013692;24;4;2022;20:46;2;64;64140;2;1;1;7;Rue Georges Lassalle;43,5326630000; -1,4886380000
202200013693;7;2;2022;18:20;2;27;27025;2;1;1;6;Route d Evreux;49,0913070000;1,2724610000
202200013694;10;9;2022;12:20;1;49;49050;1;9;1;6;D748;47,3634530000; -0,4496510000
202200013695;9;9;2022;14:00;1;12;12119;1;1;1;6;Lieu dit Les Cabanettes;44,7011640000;2,8427980000
202200013696;7;2;2022;16:30;1;02;02381;1;1;1;1;D3050;49,9392370000;4,1206910000
202200013697;10;9;2022;14:15;1;39;39017;2;2;8;3;14 Rue Honore Chapuis;46,7603430000;5,5307820000
202200013698;25;4;2022;18:35;1;59;59599;2;1;2;3;DESCAT (BOULEVARD CONSTANTIN);50,6988135057;3,1549429893
202200013699;4;2;2022;18:05;2;62;62474;1;1;8;3;Autoroute A16;50,6813550000;1,6559130000
202200013700;9;9;2022;11:50;1;35;35358;1;1;1;6;la motte bily;48,5580790056; -1,9463677704
202200013701;25;4;2022;13:30;1;59;59599;2;1;2;3;FRANCS (RUE DES);50,7204910246;3,1379163265
202200013702;7;9;2022;17:25;1;29;29220;2;6;1;5;Rue Louis Lagadic;47,8730286839; -4,2198657989
202200013703;5;2;2022;20:12;3;13;13215;1;1;1;2;A7-Sens Lyon vers Marseille;43,3818400000;5,3518070000
202200013704;25;4;2022;13:05;1;59;59599;2;2;3;6;GRAMME (CHAUSSEE);50,7379415917;3,1623016298
202200013705;5;2;2022;10:00;1;13;13202;2;1;1;2;A55-Sens Marseille vers Martigues;43,3170630000;5,3641010000
202200013706;10;9;2022;09:10;1;31;31152;1;1;7;5;D6;43,3516380000;0,8814870000
202200013707;24;4;2022;15:40;1;59;59560;2;1;1;3;EPINETTE RUE DE L;50,5567400000;3,0586800000
202200013708;8;9;2022;12:19;1;66;66049;1;1;1;6;;42,5028370000;2,7593870000
202200013709;4;2;2022;17:46;2;13;13211;1;1;1;4;A50-Sens Aubagne vers Marseille;43,2873000000;5,5041000000
202200013710;22;4;2022;19:15;1;59;59350;2;1;1;6;GLAND VERT CITE DU 7 RUE VICTOR HUGO;50,6323580000;3,0068340000
202200013711;6;9;2022;08:47;1;45;45182;1;1;1;6;D15 PR 23 + 635;47,6751950000;1,7811640000
202200013712;22;4;2022;14:10;1;59;59178;2;6;1;2;SAINT MICHEL (RUE);50,3777300000;3,0891100000
202200013713;5;2;2022;03:20;3;69;69152;2;1;2;1;Route de Métropole 7;45,7079500000;4,8302500000
202200013714;6;9;2022;17:32;1;45;45272;1;1;1;4;D2020 PK 41 + 460;47,7951970000;1,9323060000
202200013715;4;2;2022;13:00;1;38;38544;2;1;1;3;RN7   5.180 A 10.000;45,5316600000;4,8740900000
202200013716;9;9;2022;15:45;1;36;36208;1;1;1;6;;46,4887580000;2,0533940000
202200013717;21;4;2022;22:10;3;59;59334;1;1;1;6;RD 643;50,3938200000;3,0454000000
202200013718;9;9;2022;16:20;1;21;21197;1;1;1;6;Rd 103;47,5476460000;4,5959100000
202200013719;6;2;2022;16:09;1;94;94037;1;1;2;6;AUTOROUTE A6A;48,8151900000;2,3367000000
202200013720;10;9;2022;15:55;1;17;17397;1;1;1;1;D18;45,8925620000; -0,6477000000
202200013721;23;4;2022;20:05;1;56;56121;2;3;1;3;59 Rue de Belgique;47,7591100000; -3,3792400000
202200013722;6;2;2022;13:10;1;91;91521;1;1;2;7;RN 104;48,6321300000;2,4011000000
202200013723;9;9;2022;17:15;1;23;23013;2;3;1;3;Avenue de la Gare;46,0279486655;2,4977159500
202200013724;6;2;2022;15:10;1;91;91136;1;1;2;7;AUTOROUTE A10;48,7107100000;2,2881200000
202200013725;23;4;2022;18:32;1;56;56121;2;6;1;3;GAMBETTA (RUE LEON);47,7453000000; -3,3660800000
202200013726;9;9;2022;15:20;1;30;30228;1;1;1;6;D979;43,9416950000;4,3820430000
202200013727;10;9;2022;18:00;1;48;48127;2;1;1;7;RD 59 rieutort de randon;44,6377770000;3,4774630000
202200013728;6;2;2022;13:00;1;91;91661;1;1;8;7;AUTOROUTE A10;48,6966170000;2,2375950000
202200013729;16;4;2022;22:15;5;56;56107;2;1;1;1;KERHOAS (RUE DE);47,7253700000; -3,3854900000
202200013730;9;9;2022;12:50;1;83;83061;1;1;1;2;Autoroute A8 - Pk 140.400 sud;43,5206410000;6,7733290000
202200013731;6;2;2022;08:00;1;77;77251;1;1;1;2;AUTOROUTE A5A;48,6153600000;2,5619100000
202200013732;10;9;2022;03:15;5;34;34240;1;1;1;6;A 709 PK 8 SENS SUD;43,6187410000;3,9510440000
202200013733;22;4;2022;14:52;1;49;49007;2;1;1;6;ROI RENE BOULEVARD;47,4685000000; -0,5585200000
202200013734;6;2;2022;08:15;2;77;77251;1;1;1;7;AUTOROUTE A5A;48,6110200000;2,5731000000
202200013735;10;9;2022;17:35;1;55;55497;1;1;2;2;Autoroute A4, PK: 238+600, sens METZ-PARIS;49,0908000000;5,2056110000
202200013736;25;4;2022;22:45;5;45;45208;2;3;1;6;98 Rue la Liberation 23 Aout 1944;47,9940983341;2,7254000902
202200013737;24;4;2022;15:06;1;45;45338;2;1;1;6;72 Rue Alexandre Dumas;47,9833630370;2,7165050358
202200013738;6;2;2022;15:00;1;92;92025;1;1;2;2;A86;48,9275585140;2,2372593370
202200013739;9;9;2022;08:35;1;13;13032;1;1;1;3;3055 Route des Milles;43,5412160000;5,3687500000
202200013740;10;9;2022;09:30;1;988;98808;1;1;1;6;Route de Nessakouya; -21,2864200000;165,5257700000
202200013741;6;2;2022;13:15;1;92;92072;1;1;1;6;N118;48,8260258853;2,2226260108
202200013742;24;4;2022;14:04;1;45;45208;2;1;1;6;14 Rue du Faubourg de la Chaussee;47,9978900000;2,7385400000
202200013743;6;2;2022;20:20;3;93;93027;1;1;2;6;AUTOROUTE A86;48,9257500000;2,4014300000
202200013744;9;9;2022;19:00;3;973;97306;1;1;1;4;Avenue Eugene Lesperant;5,6020620000; -53,8863950000
202200013745;6;2;2022;17:00;2;93;93005;1;1;3;3;AUTOROUTE A1;48,9602500000;2,4674000000
202200013746;10;9;2022;09:35;1;971;97116;2;1;1;3;RN6 rousseau;16,3337920000; -61,4606090000
202200013747;24;4;2022;01:30;5;45;45208;2;1;2;2;43 Rue du Château;47,9972737484;2,7286432386
202200013748;6;2;2022;15:40;1;95;95572;1;1;3;6;A15;49,0309369293;2,1208119392
202200013749;9;9;2022;16:00;1;972;97228;1;1;1;5;Route Nationale 1 Derriere Morne;14,7603530000; -60,9811860000
202200013750;25;4;2022;11:00;1;35;35238;2;1;1;3;BIGNON (DU);48,0966887221; -1,6363674402
202200013751;6;2;2022;12:10;1;93;93027;1;1;2;2;AUTOROUTE A86;48,9241500000;2,3872700000
202200013752;3;9;2022;14:00;1;972;97228;2;9;1;1;Bon Air;14,7489820000; -61,0016780000
202200013753;10;9;2022;13:30;1;45;45119;2;1;1;6;D123 PK 0 + 220;48,1660280000;2,2665100000
202200013754;6;2;2022;06:25;5;93;93066;1;1;1;2;AUTOROUTE A1;48,9237309191;2,3569409743
202200013755;22;4;2022;16:05;1;33;33249;2;2;1;3;Rue P. Prevost Sansac de Traversay;44,8715900000; -0,5093000000
202200013756;9;9;2022;18:50;1;95;95675;1;1;1;2;RD 9;49,0587445450;2,5365784764
202200013757;6;2;2022;05:10;3;95;95582;1;1;1;6; A15;48,9630631777;2,2651281953
202200013758;20;4;2022;23:25;5;29;29019;2;1;1;6;Avenue Georges Pompidou;48,4137700000; -4,4797700000
202200013759;9;9;2022;23:25;3;91;91130;1;1;9;6;Hameau de Longuetoise;48,4273030000;2,0643870000
202200013760;5;2;2022;23:28;3;95;95127;1;1;1;4; A15;49,0437733036;2,0768934488
202200013761;25;4;2022;07:00;1;25;25056;2;3;2;3;KENNEDY  BOULEVARD J.F.;47,2344760000;5,9842750000
202200013762;9;9;2022;20:40;3;13;13066;1;2;1;3;CROISEMENT D26 / D7N;43,8733030000;4,9145360000
202200013763;5;2;2022;18:35;3;95;95572;1;1;1;3;RN 184;49,0320300000;2,1067600000
202200013764;25;4;2022;19:10;2;13;13103;2;1;1;1;AVENUE DU 22 AOUT 1944;43,6374021966;5,0821640439
202200013765;9;9;2022;17:15;1;71;71512;2;3;8;3;Avenue du 4 Septembre 1944;46,6428560000;4,8706850000
202200013766;25;4;2022;13:30;1;13;13213;2;1;1;1;Frédéric Joliot Curie (rue);43,3400000000;5,4300000000
202200013767;9;9;2022;16:35;1;63;63263;1;1;1;7;route départementale 941;45,7821600000;3,0387500000
202200013768;5;2;2022;15:15;1;93;93010;1;1;1;4;AUTOROUTE A3;48,9179540593;2,4785582721
202200013769;10;9;2022;14:00;1;73;73290;1;1;1;7;D1006;45,2843680000;6,8838120000
202200013770;25;4;2022;09:41;1;13;13212;2;1;1;1;ERNEST GASQUY (RUE);43,3022081496;5,4226887529
202200013771;6;2;2022;18:45;3;94;94069;1;1;2;2;A4;48,8173900000;2,4341000000
202200013772;10;9;2022;12:15;1;73;73150;1;1;1;1;D220 - Route d Aime;45,5529600000;6,6590090000
202200013773;25;4;2022;08:49;1;13;13207;2;1;1;7;JOEL RECHER (RUE);43,2889400000;5,3620900000
202200013774;5;2;2022;19:15;3;94;94028;1;1;1;4;A86 EXT;48,7916209426;2,4409774263
202200013775;10;9;2022;18:30;1;38;38344;2;1;1;6;42 Avenue Gabriel Péri;45,3659630000;4,8000270000
202200013776;9;9;2022;20:15;3;26;26064;2;1;1;6;16 Chemin des Lucioles;44,9196440000;4,9804920000
202200013777;5;2;2022;18:30;3;77;77294;1;1;1;6;A104;48,9697644713;2,5981800905
202200013778;25;4;2022;07:30;1;13;13203;2;1;1;3;BRIANCON (BOULEVARD);43,3186000000;5,3705700000
202200013779;24;4;2022;09:35;1;11;11069;2;1;2;6;COPERNIC NICOLAS;43,2154800000;2,3304600000
202200013780;10;9;2022;18:11;1;60;60257;1;1;8;1;Rue de Beauvais;49,2601193785;1,9837510585
202200013781;5;2;2022;14:45;1;77;77294;1;1;1;6;A104;48,9593499411;2,6217754482
202200013782;4;2;2022;18:30;5;94;94069;1;1;1;2;A4;48,8164500000;2,4499000000
202200013783;24;4;2022;07:30;2;11;11069;1;1;2;7;RD33;43,2174000000;2,3106000000
202200013784;4;2;2022;18:00;3;77;77294;1;1;1;2;A104;48,9693000000;2,5997000000
202200013785;5;2;2022;11:45;1;94;94044;2;7;1;6;Rue du Tertre;48,7510200000;2,4910000000
202200013786;24;4;2022;02:10;5;11;11069;2;1;3;6;MAQUENS -CHEMIN DE-;43,2054800000;2,3148400000
202200013787;5;2;2022;07:40;5;81;81163;2;7;2;6;GAMBETTA (PLACE);43,4910900000;2,3750900000
202200013788;25;4;2022;20:50;5;06;06088;2;1;1;6;PASTORELLE (AV. DE LA);43,6841390000;7,2284060000
202200013789;5;2;2022;15:00;1;974;97411;1;2;1;2;Route des Bougainvillees; -20,9193000000;55,3979000000
202200013790;25;4;2022;10:10;1;75;75117;2;1;1;3;BD PERIPHERIQUE EXTERIEUR;48,8915274821;2,3003528811
202200013791;5;2;2022;18:55;5;973;97302;2;9;1;6;DE GAULLE (AVENUE);4,9389851321; -52,3308742046
202200013792;5;2;2022;16:45;1;973;97302;2;1;1;3;RABAN (ROUTE DE);4,9333702661; -52,3131850362
202200013793;25;4;2022;15:20;1;75;75105;2;2;1;3;RUE MONGE;48,8480741261;2,3505130137
202200013794;5;2;2022;23:00;5;69;69383;2;1;1;2;42 Rue Feuillat;45,7506349257;4,8760601878
202200013795;5;2;2022;00:58;5;2B;2B033;2;1;1;2;SAMPIERO CORSO - AV;42,6703300000;9,4435000000
202200013796;25;4;2022;19:00;1;75;75116;2;4;1;3;BD PERIPHERIQUE EXTERIEUR;48,8741083290;2,2753998668
202200013797;5;2;2022;13:30;1;971;97101;1;1;1;2;PERRIN (SECTEUR);16,2789300000; -61,5075900000
202200013798;25;4;2022;00:40;5;75;75114;2;1;1;3;RUE DU COMMANDANT RENE MOUCHOTTE;48,8379545488;2,3192214894
202200013799;5;2;2022;14:45;1;83;83069;1;1;1;1;AEROPORT (AVENUE DE L');43,0943841588;6,1376544535
202200013800;5;2;2022;21:40;5;83;83061;1;1;1;3;AVENUE DE LA CORNICHE D'AZUR;43,3762500000;6,7203300000
202200013801;31;1;2022;13:55;1;83;83118;2;1;1;6;AVENUE DE VALESCURE;43,4286900000;6,7724400000
202200013802;25;4;2022;21:35;5;75;75105;2;4;1;3;BOULEVARD DE L HOPITAL;48,8399767715;2,3617574573
202200013803;5;2;2022;09:30;1;77;77445;2;1;1;6;D150;48,5861100000;2,5940200000
202200013804;25;4;2022;18:45;1;75;75113;2;1;1;3;RUE DU DOCTEUR BOURNEVILLE;48,8183440000;2,3586860000
202200013805;25;4;2022;02:35;5;75;75111;2;1;1;3;RUE PAUL BERT;48,8517431655;2,3846476133
202200013806;4;2;2022;21:50;5;77;77431;2;6;1;6;D40E5;48,2583700000;2,6934700000
202200013807;5;2;2022;06:00;3;77;77371;2;1;9;6;D15;48,8151700000;3,0173400000
202200013808;5;1;2022;14:00;1;76;76410;2;9;1;7;Route de Dieppe;49,4838013948;1,0483697184
202200013809;4;3;2022;23:27;5;75;75109;2;3;1;3;RUE DES MARTYRS;48,8788960000;2,3398470000
202200013810;25;4;2022;22:27;5;75;75103;2;2;1;3;BOULEVARD DE SEBASTOPOL;48,8634000000;2,3509550000
202200013811;1;2;2022;18:20;5;74;74281;2;1;1;2;DE GAULLE (AV DU GAL) JUSQU'AU N°26;46,3698800000;6,4776200000
202200013812;24;4;2022;12:50;1;94;94052;2;1;1;6;Grande Rue Charles de Gaulle;48,8371100000;2,4844500000
202200013813;5;2;2022;12:45;1;73;73065;2;4;1;3;ONZE NOVEMBRE ( QUAI DU);45,5675300000;5,9377800000
202200013814;4;2;2022;20:50;4;72;72181;2;1;1;6;PATTON GENERAL RTE ST-AUBIN A AV RUBILLA;48,0283800000;0,1782200000
202200013815;6;2;2022;01:10;5;64;64445;2;1;1;3;GAMBETTA;43,2965346773; -0,3662502766
202200013816;5;2;2022;11:50;1;64;64445;2;5;1;3;LOUIS LACAZE;43,3016800000; -0,3672200000
202200013817;25;4;2022;16:45;1;94;94046;2;2;1;3;Avenue du Général Leclerc;48,8058000000;2,4410000000
202200013818;5;2;2022;23:50;3;64;64125;1;1;1;7;Chemin Bordakopatara;43,4246900000; -1,5746200000
202200013819;25;4;2022;20:15;1;94;94054;2;1;1;7;Rue du Commerce;48,7431900000;2,3997600000
202200013820;5;2;2022;18:40;3;62;62193;2;1;6;3;SAINT OMER (ROUTE DE);50,9246380000;1,9058120000
202200013821;5;2;2022;21:30;5;59;59350;2;3;1;6;LITTRE RUE;50,6258900000;3,0518800000
202200013822;5;2;2022;11:15;1;59;59122;1;1;1;2;RD1643;50,1422810000;3,2230990000
202200013823;5;2;2022;17:12;1;57;57463;2;1;1;6;VEVER (RUE );49,1052107397;6,1635842174
202200013824;25;4;2022;16:03;1;93;93073;1;1;1;2;Route de la Croix au Plâtre;48,9843270000;2,5339430000
202200013825;4;2;2022;19:05;5;56;56121;2;6;8;3;GUILLEMOT (RUE  ARMAND );47,7430500000; -3,3889300000
202200013826;4;2;2022;17:27;1;56;56036;1;1;1;4;N165 sens Lorient/Vannes;47,7911800000; -3,3177550000
202200013827;3;2;2022;17:23;1;56;56121;2;3;1;3;COUVENT (RUE  DU );47,7448500000; -3,3776100000
202200013828;25;4;2022;00:10;5;93;93059;2;1;1;3;4 Avenue Laënnec;48,9622100000;2,3697400000
202200013829;5;2;2022;17:45;1;51;51454;2;2;1;7;Rue Emile Zola;49,2707600000;4,0260700000
202200013830;5;2;2022;15:17;1;49;49267;2;1;1;3;PELLERINIERE;47,4593800000; -0,4850500000
202200013831;24;4;2022;06:30;2;93;93066;2;1;8;6;Avenue Saint Rémy;48,9355000000;2,3699400000
202200013832;5;2;2022;16:07;1;45;45147;2;1;1;2;Rue du 11 Octobre;47,9341300000;1,8993700000
202200013833;5;2;2022;11:00;1;45;45302;2;1;1;2;231 Rue Nationale 20;47,9396973145;1,8934920430
202200013834;25;4;2022;20:00;1;93;93064;2;1;1;3;Avenue Jean Jaurès;48,8654130000;2,4878510000
202200013835;5;2;2022;09:45;1;44;44109;2;1;7;2;77 Boulevard des Poilus;47,2311400000; -1,5300530000
202200013836;5;2;2022;01:25;5;44;44109;2;1;1;3;56 Boulevard des Belges;47,2346390000; -1,5409940000
202200013837;30;1;2022;21:40;5;42;42218;2;1;2;2;Rue de la Talaudiére;45,4552170538;4,4129106402
202200013838;25;4;2022;13:20;1;93;93064;2;1;1;6;Boulevard d'Alsace-lorraine;48,8838570000;2,4884560000
202200013839;4;2;2022;14:15;1;38;38563;2;3;8;3;JAURES (AVENUE J.);45,3666300000;5,5829000000
202200013840;5;2;2022;23:30;5;33;33063;2;2;1;3;Place Martyrs de la Résistance;44,8419700000; -0,5845600000
202200013841;5;2;2022;11:00;1;33;33318;2;3;1;1;Avenue de Beutre;44,7992900000; -0,6706000000
202200013842;25;4;2022;15:15;1;93;93077;2;1;1;3;Avenue de Rosny;48,8816400000;2,4961800000
202200013843;5;2;2022;10:30;1;33;33063;2;4;1;3;Boulevard des Frères Moga;44,8317800000; -0,5589100000
202200013844;5;2;2022;11:38;1;33;33522;2;3;1;3;Rue Bourges;44,8151100000; -0,5796800000
202200013845;25;4;2022;07:50;1;93;93007;2;1;1;3;Avenue Paul Vaillant Couturier;48,9261100000;2,4675800000
202200013846;5;2;2022;12:35;1;33;33529;2;1;1;6;LESCA (RUE ANDRE);44,6383700000; -1,1327500000
202200013847;24;4;2022;17:44;1;92;92050;2;3;1;3;GAMBETTA RUE;48,8888470000;2,1986820000
202200013848;5;2;2022;01:17;3;31;31555;2;1;1;7;27 LA CEPIERE  (PERIPH OUEST A620);43,5904600000;1,3993800000
202200013849;4;2;2022;18:30;1;30;30007;2;3;1;3;quai du gardon;44,1172600000;4,0938700000
202200013850;25;4;2022;13:05;1;92;92026;2;1;1;3;LEONARD DE VINCI;48,8969200000;2,2374400000
202200013851;4;2;2022;21:10;5;29;29075;1;1;1;5;Route du Vieux Saint-Marc;48,3983980000; -4,4225511000
202200013852;24;4;2022;19:00;1;92;92025;2;9;1;2;AGENT SARRE (AV DE L');48,9247520000;2,2661740000
202200013853;5;2;2022;17:30;2;26;26362;2;3;1;3;VERDUN AVENUE (204);44,9390000000;4,9033300000
202200013854;25;4;2022;13:20;1;92;92012;2;1;1;6;AUTEUIL (BOULEVARD D') - COTE IMPAIR;48,8470621749;2,2445583344
202200013855;5;2;2022;12:00;1;25;25056;2;6;1;2;GRAY ROUTE DE;47,2452300000;5,9966000000
202200013856;5;2;2022;17:45;1;18;18279;2;1;1;7;Avenue du 8 Mai 1945;47,2308910000;2,0803490000
202200013857;5;2;2022;14:50;1;13;13201;2;1;1;3;LÉON GAMBETTA (ALLEE);43,2993800000;5,3821300000
202200013858;26;4;2022;18:45;2;17;17431;1;2;1;3;D237e1;45,7873970000; -0,7796860000
202200013859;26;4;2022;14:30;1;16;16366;1;2;1;7;Intersection D 1 - Chemin du Roc;45,5996870000; -0,2155580000
202200013860;5;2;2022;17:00;1;13;13214;2;2;1;3;PLOMBIERES (BOULEVARD DES);43,3187978590;5,3792952304
202200013861;5;2;2022;08:45;1;13;13209;2;1;1;3;MICHELET (BOULEVARD);43,2612793406;5,3976761160
202200013862;5;2;2022;17:10;1;10;10387;2;1;1;2;QUINZE VINGT (RUE);48,2964000000;4,0728000000
202200013863;27;4;2022;12:30;1;62;62906;2;1;1;6;261 Rue Notre-Dame;50,8476710000;2,0601620000
202200013864;4;2;2022;14:55;1;75;75119;2;3;1;3;AVENUE JEAN JAURES;48,8881683771;2,3907199502
202200013865;5;2;2022;21:30;5;75;75118;2;4;1;2;BOULEVARD PERIPHERIQUE;48,9006990000;2,3649590000
202200013866;5;2;2022;11:10;1;75;75119;2;2;1;3;AVENUE DE LA PORTE CHAUMONT;48,8860130000;2,3981160000
202200013867;5;2;2022;22:00;5;75;75118;2;5;1;6;RUE CHAMPIONNET;48,8930600000;2,3275090000
202200013868;5;2;2022;19:00;5;75;75116;2;3;1;6;BOULEVARD LANNES;48,8686650000;2,2733620000
202200013869;25;4;2022;18:00;1;26;26169;1;1;1;2;Autoroute A7 PK127.500 Sens Sud/Nord;44,4545220000;4,7563670000
202200013870;5;2;2022;10:45;1;75;75116;2;7;1;2;ROUTE DE LA MUETTE A NEUILLY;48,8685000000;2,2651350000
202200013871;4;2;2022;13:50;1;75;75116;2;1;1;2;ALLEE DE LONGCHAMP;48,8657190000;2,2455020000
202200013872;4;2;2022;23:50;5;75;75114;2;1;1;6;AVENUE DU GENERAL LECLERC;48,8304480000;2,3291340000
202200013873;4;2;2022;20:35;5;75;75108;2;2;1;3;BOULEVARD HAUSSMANN;48,8750370000;2,3091980000
202200013874;26;4;2022;18:05;1;35;35014;1;2;1;3;pk 3 D107;48,0058880000; -1,3278540000
202200013875;5;2;2022;16:30;1;75;75101;2;5;1;2;AVENUE DE L OPERA;48,8665060000;2,3341050000
202200013876;5;2;2022;14:50;1;75;75104;2;2;1;6;RUE PAVEE;48,8564490000;2,3608150000
202200013877;5;2;2022;09:25;1;94;94081;2;2;1;1;87 Avenue Paul Vaillant Couturier;48,7962040000;2,3983360000
202200013878;27;4;2022;16:20;1;74;74019;2;1;1;7;RD 1203;45,9392320000;6,1438950000
202200013879;5;2;2022;13:50;1;94;94080;2;3;1;3;1Rue des Laitières;48,8486600000;2,4263700000