Num_Acc;jour;mois;an;hrmn;lum;dep;com;agg;int;atm;col;adr;lat;long
202200014125;12;10;2022;17:20;1;75;75112;2;2;1;6;AVENUE LEDRU ROLLIN;48,8480000000;2,3714200000
202200014126;28;6;2022;21:20;1;31;31069;2;3;1;3;ONZE NOVEMBRE 1918 (AV DU);43,6287977464;1,3964411616
202200014127;12;10;2022;16:45;1;75;75112;2;1;1;2;ROUTE ROYALE DE BEAUTE;48,8348390000;2,4367250000
202200014128;28;6;2022;06:10;2;31;31069;2;1;1;1;BELLONTE (RD-PT MAURICE);43,6265000000;1,3852500000
202200014129;12;10;2022;14:00;1;75;75111;2;2;1;3;BOULEVARD VOLTAIRE;48,8623150000;2,3725600000
202200014130;27;6;2022;15:40;1;31;31483;2;2;2;3;ARRIEU ANSELME (AVENUE);43,1102300000;0,7186700000
202200014131;12;10;2022;04:25;5;75;75103;2;1;1;7;RUE VIEILLE DU TEMPLE;48,8610190000;2,3627570000
202200014132;18;6;2022;17:55;1;29;29039;2;1;1;6;Rue Micheline Ostermeyer;47,8903100000; -3,9250800000
202200014133;12;10;2022;21:00;5;94;94081;2;2;1;6;CAMILLE GROULT (R);48,7861200000;2,3919500000
202200014134;28;6;2022;19:10;1;28;28404;2;1;1;1;DEBUSSY (RUE CLAUDE DE);48,7161600000;1,3644500000
202200014135;12;10;2022;15:30;1;94;94058;2;9;1;1;ARGONNE (QU D);48,8462910000;2,5106700000
202200014136;12;10;2022;18:15;1;94;94003;2;1;1;3;VACHE NOIRE (LA);48,8098000000;2,3262000000
202200014137;28;6;2022;16:15;1;27;27229;2;3;1;3;JUSTICE (RUE DE LA);49,0235417844;1,1552958190
202200014138;12;10;2022;17:30;1;94;94038;2;1;1;1;ALBERT SCHWEITZER (R);48,7738700000;2,3380500000
202200014139;28;6;2022;16:45;1;27;27229;2;4;1;3;VAL ITON (RUE DU);49,0335900000;1,1465800000
202200014140;5;5;2022;09:50;1;26;26252;2;1;1;6;Rue Marcel Champion;44,8578100000;4,8744100000
202200014141;12;10;2022;16:50;1;94;94071;2;1;1;3;VERTE (CITE);48,7720800000;2,5207860000
202200014142;12;10;2022;15:10;1;93;93070;2;1;1;7;Boulevard Victor Hugo;48,9057000000;2,3238600000
202200014143;28;6;2022;16:45;1;24;24037;2;3;1;7;PAINLEVE ( AVENUE PAUL);44,8368100000;0,4912200000
202200014144;12;10;2022;13:40;1;93;93066;2;1;1;1;Avenue du Président Wilson;48,9146143796;2,3581316143
202200014145;28;6;2022;20:00;1;22;22113;1;1;1;2;R.D.767;48,7386200000; -3,4388800000
202200014146;12;10;2022;07:00;5;93;93066;2;1;1;6;Avenue du Stade de France;48,9190486328;2,3617889383
202200014147;28;6;2022;23:20;5;18;18205;2;1;1;6;Route d'Orléans;47,1176000000;2,3749100000
202200014148;4;10;2022;09:33;1;93;93039;2;1;1;6;Avenue du Pont d’Epinay;48,9509743744;2,3068521454
202200014149;25;6;2022;05:40;1;13;13054;2;9;1;3;8 MAI 1945 (AV DU );43,4130903866;5,2208364814
202200014150;12;10;2022;07:30;5;93;93048;2;1;1;6;Boulevard de la Boissière;48,8774580051;2,4613737146
202200014151;28;6;2022;08:10;1;13;13103;2;1;1;3;BOULEVARD DANTON;43,6377546591;5,0883164241
202200014152;12;10;2022;17:35;1;93;93031;2;3;1;6;Avenue Galliéni / Rue du Mont Gerbault;48,9647000000;2,2992500000
202200014153;28;6;2022;11:00;1;13;13214;2;1;1;6;CLAUDE MONET (avenue);43,3248700000;5,3944600000
202200014154;28;6;2022;12:40;1;13;13215;2;1;1;3;CAP PINEDE (Avenue);43,3279613563;5,3627438674
202200014155;11;10;2022;23:00;5;93;93031;2;3;1;3;Avenue Jean Jaurès / Avenue de la Marne;48,9583100000;2,3255600000
202200014156;27;6;2022;12:20;1;10;10325;2;1;2;7;Rue de l’Egalite;48,2650000000;4,0596000000
202200014157;27;6;2022;10:35;1;75;75113;2;1;1;2;PORTE D IVRY;48,8204060000;2,3754440000
202200014158;12;10;2022;08:40;1;93;93005;2;3;1;3;Avenue Raoul Dufy / Rue Auguste Renoir;48,9613709180;2,5002014440
202200014159;28;6;2022;05:20;2;75;75106;2;2;1;3;BOULEVARD SAINT GERMAIN;48,8544710000;2,3304630000
202200014160;12;10;2022;12:45;1;92;92046;2;3;1;3;AUGUSTIN DUMONT (RUE);48,8190080000;2,3000340000
202200014161;28;6;2022;12:50;1;75;75105;2;4;1;6;BOULEVARD DE L HOPITAL;48,8422990000;2,3637000000
202200014162;12;10;2022;17:50;1;92;92072;2;1;1;3;EIFFEL (AVENUE);48,8192900000;2,2196200000
202200014163;28;6;2022;08:52;1;75;75106;2;2;1;6;RUE MONSIEUR LE PRINCE;48,8499500000;2,3399950000
202200014164;12;10;2022;16:55;1;92;92064;2;3;1;3;MARCEL DASSAULT;48,8541300000;2,2226100000
202200014165;28;6;2022;07:35;1;75;75105;2;7;1;3;PLACE SAINT MICHEL;48,8537550000;2,3442860000
202200014166;28;6;2022;16:10;1;75;75119;2;4;1;2;AVENUE DE FLANDRE;48,8873420000;2,3728720000
202200014167;12;10;2022;15:35;1;92;92033;2;3;1;6;SURESNES;48,8458901450;2,1892833710
202200014168;12;10;2022;10:00;1;92;92076;2;5;1;7;JARDY;48,8328633227;2,1532747149
202200014169;28;6;2022;20:25;1;75;75118;2;1;1;2;RUE DE L EVANGILE;48,8950520000;2,3687540000
202200014170;12;10;2022;17:42;1;92;92026;2;1;1;2;PAUL DOUMER;48,8915200000;2,2580250000
202200014171;27;6;2022;00:50;3;75;75118;2;2;1;3;BOULEVARD NEY;48,8978800000;2,3444220000
202200014172;11;10;2022;13:30;1;92;92014;2;1;1;6;GENERAL LECLERC (AV.) (57 A 135 - 50 A 1;48,7795660000;2,3153810000
202200014173;28;6;2022;19:30;1;75;75117;2;1;1;3;RUE NAVIER;48,8957630000;2,3253270000
202200014174;13;10;2022;13:30;1;76;76220;1;3;2;3;D920;49,8828970000;1,2957640000
202200014175;28;6;2022;20:00;1;75;75116;2;2;1;3;RUE DE LA POMPE;48,8665640000;2,2801290000
202200014176;27;9;2022;16:20;1;76;76580;2;1;1;6;509 Rue du Mont Blanc;49,5423190000;1,1659030000
202200014177;28;6;2022;08:35;1;75;75116;2;2;1;3;ALLEE DE LONGCHAMP;48,8676480000;2,2508820000
202200014178;28;6;2022;12:45;1;75;75115;2;1;1;6;RUE DU COLONEL PIERRE AVIA;48,8309770000;2,2770610000
202200014179;11;10;2022;07:34;2;82;82171;2;1;1;5;Route de Toulouse;44,0043600000;1,1794020000
202200014180;27;6;2022;20:45;1;75;75114;2;1;1;3;BOULEVARD JOURDAN;48,8226340000;2,3285260000
202200014181;13;10;2022;12:50;1;69;69066;1;1;1;2;Route de Thizy;46,0779010000;4,3129220000
202200014182;12;10;2022;22:10;3;81;81197;1;1;1;6;Chemin de la Maureillé;44,0325400000;1,9911750000
202200014183;28;6;2022;07:30;1;75;75111;2;4;1;3;BOULEVARD DE CHARONNE;48,8503080000;2,3986160000
202200014184;13;10;2022;17:15;1;32;32245;1;1;1;7;route départementale n°164, PK 4+100;43,6084880000; -0,0835990000
202200014185;28;6;2022;20:10;1;75;75109;2;3;1;6;RUE DROUOT;48,8732630000;2,3405480000
202200014186;13;10;2022;17:50;2;61;61484;2;2;2;7;10 Rue de la Vallee;48,2633590000;0,6878470000
202200014187;28;6;2022;12:45;1;75;75109;2;2;1;6;RUE BOCHART DE SARON;48,8823115897;2,3420029879
202200014188;13;10;2022;11:05;1;61;61474;1;1;2;1;Les Petites Crieres;48,7903540000; -0,0013730000
202200014189;28;6;2022;14:00;1;75;75108;2;1;1;3;RUE DE COURCELLES;48,8758400000;2,3084010000
202200014190;9;10;2022;12:55;1;61;61171;1;1;1;1;D13;48,8564880000;0,0088410000
202200014191;28;6;2022;15:45;1;75;75107;2;7;1;3;PLACE VAUBAN;48,8537940000;2,3126850000
202200014192;28;6;2022;11:30;1;75;75107;2;2;1;6;RUE DE L UNIVERSITE;48,8611610000;2,3023940000
202200014193;13;10;2022;07:10;2;68;68042;1;1;1;5;D201;47,6136850000;7,4913130000
202200014194;29;9;2022;17:25;1;25;25397;2;1;1;7;Rue de Voide;47,1719280000;5,9174520000
202200014195;28;6;2022;09:15;1;75;75107;2;3;1;1;QUAI BRANLY;48,8574990000;2,2910190000
202200014196;13;10;2022;06:10;3;44;44119;2;1;2;6;Rue de la Garnache;46,9586770000; -1,7621470000
202200014197;13;10;2022;04:20;3;29;29195;1;1;2;6;Pont de l'Aber Wrach;48,5887010000; -4,5059180000
202200014198;28;6;2022;13:40;1;94;94068;2;5;1;3;D'ADAMVILLE KENNEDY (PL);48,7939100000;2,4864700000
202200014199;6;10;2022;00:05;3;29;29174;1;1;1;7;Lieu Dit Creac H Carnic;47,9180210000; -4,2620300000
202200014200;27;6;2022;20:45;2;94;94068;2;9;1;3;BAC (AV DU);48,7970200000;2,5049000000
202200014201;13;10;2022;08:45;1;02;02810;1;1;2;1;Route de Soissons;49,2554980000;3,1048390000
202200014202;13;10;2022;08:30;1;03;03283;1;1;8;7;le bois des naux;46,5260070000;3,5506120000
202200014203;28;6;2022;07:55;1;94;94069;2;1;1;5;4 Avenue Saint Maurice du Valais;48,8164400000;2,4600700000
202200014204;2;10;2022;19:30;2;72;72034;1;1;1;6;les forges;48,3740300000;0,0733800000
202200014205;28;6;2022;08:40;1;94;94002;2;2;1;6;ETIENNE DOLET (R)/ Boulevard Carnot;48,7957400000;2,4252800000
202200014206;13;10;2022;16:45;1;60;60178;2;6;1;6;Avenue du Château;49,6070880000;2,0763570000
202200014207;28;6;2022;06:00;2;93;93073;1;1;1;6;CHAPIT RE ( RUE DU);49,0044745893;2,5442546448
202200014208;28;6;2022;16:18;1;93;93072;2;9;1;3;Avenue de Stalingrad;48,9481070000;2,3776480000
202200014209;13;10;2022;10:30;1;45;45300;1;1;1;5;D14 PR 15 + 395;47,8154480599;2,0148012656
202200014210;12;10;2022;21:50;3;53;53270;1;1;1;7;La Petite Vaussourde;48,4460950000; -0,8880740000
202200014211;28;6;2022;18:41;1;93;93066;2;3;1;6;Allée Jean Richard Bloch / Rue de la Vieille Mer;48,9384000000;2,3759000000
202200014212;28;6;2022;07:05;1;93;93077;2;1;1;3;GRANDE RUE;48,8826900000;2,5167600000
202200014213;7;10;2022;15:15;1;21;21651;2;2;1;7;Route de Messigny;47,4117650000;4,9029170000
202200014214;27;6;2022;18:10;1;93;93045;2;2;1;2;Rue de Paris / Av Combattants Afrique du Nord;48,8814380000;2,4215650000
202200014215;12;10;2022;18:25;2;04;04192;1;1;2;3;D4100;43,8797840000;5,7029560000
202200014216;28;6;2022;11:20;1;93;93001;2;2;1;3;Rue des Gardinoux / Avenue Victor Hugo;48,9062470000;2,3753540000
202200014217;13;10;2022;07:00;3;28;28324;1;1;9;2;D23 Bois Carron;48,4816690000;1,2409720000
202200014218;27;6;2022;15:20;1;92;92051;2;1;1;6;VILLIERS (RUE DE, N° 21 A 59);48,8903110450;2,2794926316
202200014219;11;10;2022;17:45;1;87;87030;1;1;1;1;CD 675 route de Rochechouart;45,8555570000;0,8667180000
202200014220;28;6;2022;19:10;1;92;92044;2;1;1;6;TREBOIS(RUE);48,8912612859;2,2897755503
202200014221;13;10;2022;15:15;1;30;30348;2;1;1;6;38 Rue de l Horloge;44,0526780000;4,1389060000
202200014222;28;6;2022;09:56;1;92;92025;2;1;1;6;GABRIEL PERI (RUE);48,9185731339;2,2397882938
202200014223;28;6;2022;17:45;1;92;92012;2;1;1;6;VICTOR GRIFFUELHES (RUE) - COTE PAIR;48,8302400000;2,2422300000
202200014224;28;6;2022;19:50;1;92;92007;2;6;1;3;RAVERA (AVENUE HENRI) N° 1 A 109 ET 2 A;48,7970555508;2,3017807156
202200014225;13;10;2022;08:15;1;73;73213;1;1;1;2;A43;45,5548733420;5,9543641941
202200014226;28;6;2022;22:45;3;57;57028;1;6;1;7;rond point ARGANCY D1;49,1962040000;6,2081770000
202200014227;12;10;2022;15:50;1;53;53045;1;1;1;7;7 La Muserie;48,0738960000; -1,0047390000
202200014228;22;6;2022;06:40;2;80;80514;1;1;1;1;D11;50,1012850000;2,4372910000
202200014229;13;10;2022;11:45;1;47;47159;1;1;1;6;A62;44,4054120000;0,1866230000
202200014230;28;6;2022;09:20;1;52;52251;2;1;1;6;Rue des Acacias;48,1355510217;5,0845760549
202200014231;28;8;2022;04:15;3;34;34134;1;1;1;6;M5;43,5887530000;3,7982940000
202200014232;27;6;2022;14:30;1;91;91399;1;1;1;3;D63;48,3586620000;2,2662040000
202200014233;11;10;2022;21:15;3;974;97420;1;1;1;7;Route Nationale 2; -20,9131610000;55,6066350000
202200014234;29;6;2022;12:15;1;43;43080;2;9;1;6;772 route d'usson, lieu dit pontempeyrat;45,3462720000;3,8992660000
202200014235;18;6;2022;14:40;1;42;42331;1;1;1;7;Route du Col du Bouchet;45,9784350000;3,9540180000
202200014236;12;10;2022;17:40;1;77;77126;1;2;7;6;D405;49,0205240000;2,9630090000
202200014237;12;10;2022;12:19;1;30;30128;2;1;1;6;Place Franck CHESNEAU;43,7283130000;4,3480940000
202200014238;11;10;2022;11:00;1;83;83053;2;1;1;3;;43,1651620000;5,8294650000
202200014239;29;6;2022;17:00;1;28;28161;1;1;1;2;A11 au PK 096.450;48,2475120000;1,1160620000
202200014240;13;10;2022;11:00;1;01;01185;1;1;1;6;col de la rochette;45,9728220000;5,6303840000
202200014241;25;6;2022;09:54;1;26;26085;1;9;1;4;Autoroute A7;44,5001790000;4,7683240000
202200014242;13;10;2022;07:45;2;29;29124;2;3;2;6;78 Rue Général de Gaulle;48,5696960000; -4,3331350000
202200014243;25;6;2022;13:45;1;68;68260;1;1;1;7;D430;47,8833630000;7,2654930000
202200014244;13;10;2022;08:25;1;60;60644;2;1;2;6;72 Rue Nationale;49,2850267093;1,8213171792
202200014245;12;10;2022;07:35;1;13;13213;1;1;1;1;A507 sens Marseille - Aubagne;43,3224927279;5,4229259490
202200014246;29;6;2022;18:35;1;50;50099;1;1;1;7;N13;49,3035730000; -1,1610530000
202200014247;10;10;2022;12:20;1;59;59560;1;1;3;5;AUTOROUTE A1;50,5366080280;3,0499720573
202200014248;29;6;2022;12:44;1;47;47227;1;3;1;7;Martet;44,3585560000;0,0297860000
202200014249;27;6;2022;10:30;1;76;76224;2;9;1;6;130 le village;49,6497230000;0,3252340000
202200014250;30;5;2022;23:30;5;82;82186;2;1;1;6;Avenue du Quercy;44,1145930000;0,9011280000
202200014251;3;10;2022;17:15;1;94;94017;1;1;1;5;A4;48,8303228960;2,4893496496
202200014252;28;6;2022;18:30;1;82;82037;2;6;1;3;D117;44,1484140000;1,5230280000
202200014253;25;4;2022;17:18;1;69;69091;2;2;8;6;Avenue Youri Gagarine;45,6020400000;4,7703100000
202200014254;23;6;2022;07:45;1;69;69084;2;3;1;1;Route de la Gare;46,1923090000;4,7042410000
202200014255;13;3;2022;11:35;1;69;69266;2;2;1;4;Rue du Docteur Pierre-Fleury Papillon;45,7617700000;4,8832800000
202200014256;26;6;2022;12:30;1;69;69209;1;1;5;7;Route de la Clayette;46,2346361581;4,4812052249
202200014257;8;6;2022;20:33;1;14;14536;2;1;7;1;Chemin des Cottages;49,4040280000;0,2503760000
202200014258;7;2;2022;12:35;1;2A;2A004;2;1;2;6;NAPOLEON COURS AVANT BEVERINI;41,9235400000;8,7378200000
202200014259;20;6;2022;12:50;1;41;41106;2;1;1;3;Avenue de la République;47,5975980000;2,0224660000
202200014260;11;10;2022;08:30;1;974;97416;1;1;1;2;AUBEPINES(ALLEE DES); -21,3381300000;55,4894500000
202200014261;11;10;2022;07:55;1;973;97302;2;3;1;3;RABAN (ROUTE DE);4,9202470518; -52,3126861453
202200014262;28;6;2022;20:00;1;25;25366;2;1;1;7;Rue de l Hermitage;47,2625620000;6,7770360000
202200014263;11;10;2022;06:45;2;973;97302;2;6;1;7;BADUEL (ROND POINT DE);4,9295000000; -52,3032300000
202200014264;11;10;2022;19:20;3;69;69385;2;1;2;6;Avenue Barthélémy Buyer;45,7640476455;4,7891539335
202200014265;12;5;2022;23:20;3;44;44139;1;1;1;1;11 Route de Notre-dame-de-grâce;47,4644710000; -1,9542470000
202200014266;28;6;2022;18:05;1;38;38229;2;2;1;6;Chemin de la Revirée;45,2119830000;5,7660250000
202200014267;10;10;2022;15:00;1;69;69382;2;2;1;1;Cours Bayard;45,7432500000;4,8228100000
202200014268;28;6;2022;10:20;1;02;02643;1;3;1;3;;49,3963050000;3,1789860000
202200014269;10;10;2022;16:45;1;971;97113;1;1;1;1;RN4-ROND POINT SAINT FELIX;16,2076700000; -61,4584100000
202200014270;28;6;2022;17:00;1;70;70120;2;1;1;1;Rue de Verdun;47,6915480000;6,6480370000
202200014271;11;10;2022;15:30;1;2A;2A004;2;1;1;3;SAMPIERO BD;41,9236400000;8,7392500000
202200014272;29;6;2022;17:40;1;26;26113;2;1;1;7;Avenue de la Clairette;44,7595330000;5,3615210000
202200014273;11;10;2022;08:57;1;91;91027;2;2;1;1;AV JEAN PIERRE BENARD;48,7099200000;2,3856500000
202200014274;19;6;2022;21:15;2;72;72321;1;1;1;7;La Poterie;48,0765220000; -0,1189660000
202200014275;10;10;2022;11:38;1;87;87085;2;3;2;7;BEAUBREUIL (AVENUE DE);45,8808500000;1,2965100000
202200014276;25;6;2022;11:00;1;16;16276;1;3;2;3;D731;45,4383480000; -0,1531650000
202200014277;7;10;2022;22:11;5;87;87085;2;2;1;3;PONT NEUF;45,8260400000;1,2679600000
202200014278;28;6;2022;20:20;1;27;27462;1;1;7;1;les merceries;49,0969770000;0,4154530000
202200014279;11;10;2022;17:20;1;85;85194;2;6;1;3;rond poind des olonnois;46,5140681000; -1,7681416800
202200014280;28;6;2022;18:30;1;87;87205;1;3;7;3;Route de Saint Yrieix;45,7298580000;1,2654770000
202200014281;11;10;2022;09:00;1;83;83062;2;1;1;2;ROUTE DE HYERES;43,1351900000;6,0340200000
202200014282;28;6;2022;10:20;1;30;30064;1;1;1;1;;43,9576200000;3,3906340000
202200014283;28;6;2022;20:10;1;48;48104;1;1;1;7;D900;44,6540960000;3,0860960000
202200014284;28;6;2022;17:15;1;01;01337;2;6;1;6;Route de Saint Trivier;46,4375170000;4,9531550000
202200014285;6;10;2022;16:20;1;80;80021;2;1;1;1;SAINT PIERRE (CHAUSSEE);49,9025800000;2,3027900000
202200014286;28;6;2022;10:30;1;82;82169;1;1;1;6;A62, PK 160+800;44,0448460000;0,9949280000
202200014287;8;10;2022;21:10;5;80;80021;2;1;1;3;STRASBOURG (BOULEVARD DE);49,8901800000;2,2773000000
202200014288;29;6;2022;14:15;1;69;69173;1;1;1;7;Autoroute 89;45,8694700000;4,5595200000
202200014289;11;10;2022;19:20;2;78;78586;2;3;1;6;BRULAY (RENE);48,9361850000;2,1641840000
202200014290;29;6;2022;00:10;5;987;98715;1;1;1;1;Descente de la RDO au niveau du lycée hotelier; -17,5741980000; -149,6102770000
202200014291;8;10;2022;09:00;1;77;77350;1;1;1;3;RTE NATIONALE N 4;48,7663000000;2,6526800000
202200014292;29;6;2022;17:39;1;69;69027;2;3;1;6;229 rue générale de Gaulle;45,6657320000;4,7524340000
202200014293;29;6;2022;15:35;1;25;25157;2;1;1;1;RN.57;46,8607810000;6,3711130000
202200014294;11;10;2022;20:00;5;77;77243;2;3;1;3;REPUBLIQUE  (AVENUE);48,8774800000;2,6979600000
202200014295;28;6;2022;17:00;1;13;13051;1;1;1;4;A7;43,5903450000;5,1870600000
202200014296;11;10;2022;13:40;1;77;77438;2;3;1;3;SAINT JEAN  (RUE   );48,8732400000;2,6950200000
202200014297;27;6;2022;08:40;1;77;77309;2;1;2;5;N330;49,0109760000;2,8354330000
202200014298;24;6;2022;08:00;1;95;95409;2;1;2;7;PARKING LECLERC;49,0420420000;2,3394390000
202200014299;7;10;2022;08:40;1;76;76351;2;2;1;2;RICHELIEU;49,4893400000;0,1029500000
202200014300;28;6;2022;22:15;4;95;95370;2;1;1;7;RD 28;49,1398131735;1,9843089581
202200014301;10;10;2022;06:40;1;71;71306;2;1;1;2;LILLE (RUE DE);46,6927900000;4,3619000000
202200014302;25;6;2022;21:30;3;2B;2B162;1;1;1;1;D147;42,4675070000;9,1041250000
202200014303;10;10;2022;12:00;1;67;67482;2;1;1;3;VIENNE (ROUTE DE);48,5731200000;7,7553500000
202200014304;29;6;2022;13:40;1;2B;2B355;1;1;1;6;RT20;42,5187380000;9,3948930000
202200014305;10;10;2022;13:46;1;66;66136;2;1;1;3;;42,7008100000;2,8864000000
202200014306;25;8;2022;14:30;1;2A;2A247;1;1;1;1;route de renajholo hammeau de palavese;41,6334257670;9,2591669708
202200014307;27;6;2022;17:15;1;34;34052;2;1;1;6;Avenue de la Republique;43,3289670000;3,0411450000
202200014308;10;10;2022;07:50;5;66;66136;2;1;1;6;GRANDE BRETAGNE (AVENUE DE);42,6991000000;2,8798600000
202200014309;29;6;2022;08:50;1;83;83068;1;1;1;3;281 Route du Littoral;43,2679640000;6,5740570000
202200014310;11;10;2022;10:20;1;64;64545;2;1;1;1;RD810;43,3755531463; -1,6776680946
202200014311;28;6;2022;16:10;1;70;70310;2;6;1;3;D262;47,6757190000;6,5227350000
202200014312;11;10;2022;17:00;1;64;64445;2;2;1;3;BEZIOU;43,3074900000; -0,3801700000
202200014313;28;6;2022;12:10;1;88;88095;1;3;1;3;D79;48,3104730000;5,8555630000
202200014314;11;10;2022;13:40;1;64;64445;1;1;1;3;avenue de l'Europe;43,3287700000; -0,3515200000
202200014315;29;6;2022;16:30;1;42;42041;2;1;1;6;Route de Feurs;45,6987090000;4,1768220000
202200014316;10;10;2022;06:30;5;64;64024;2;3;8;3;MONTBRUN (AVENUE DE);43,5039800000; -1,4953200000
202200014317;29;6;2022;10:20;1;01;01418;2;1;1;1;Route de Beynost;45,8224080000;5,0165610000
202200014318;7;10;2022;13:20;1;63;63124;1;1;1;3;M137;45,7365800000;3,1578100000
202200014319;29;6;2022;06:30;1;01;01191;1;1;1;6;D12e;46,0319060000;5,5183550000
202200014320;29;6;2022;12:20;1;22;22054;1;1;1;7;15 Rue de Clairville;48,6349210000; -2,4357020000
202200014321;11;10;2022;19:55;5;59;59152;2;3;1;3;WERWICQ (CHEMIN DU GRAND PERNE A);50,7547500000;3,0391800000
202200014322;26;6;2022;23:35;3;13;13071;1;1;1;5;A55 - Sens Marseille vers Martigues;43,3992800000;5,2962100000
202200014323;6;10;2022;23:44;5;59;59350;2;1;1;6;SOLFERINO RUE N°1 - 159;50,6302909304;3,0565381050
202200014324;11;10;2022;14:05;1;59;59009;2;1;1;6;MENDELEEV AVENUE;50,6084500000;3,1458500000
202200014325;24;6;2022;00:15;3;54;54369;1;1;1;2;Autoroute A 31;48,8024600000;6,1135100000
202200014326;24;6;2022;08:50;1;54;54557;1;1;1;5;Autoroute A 31;48,6917600000;6,0438700000
202200014327;10;10;2022;17:35;1;59;59636;2;1;1;2;BONDUES RUE DE;50,6880888047;3,0633991957
202200014328;28;6;2022;11:30;1;33;33122;1;1;1;2;AUTOROUTE A 63;44,7545480000; -0,6884110000
202200014329;6;10;2022;21:45;5;59;59009;2;3;1;3;TOURNAI BOULEVARD DE;50,6143980000;3,1361510000
202200014330;27;6;2022;10:00;1;62;62907;1;1;1;6;AUTOROUTE A1;50,4754080000;2,9793770000
202200014331;11;10;2022;16:30;1;56;56260;2;4;7;3;Boulevard des Iles;47,6507570000; -2,7914530000
202200014332;28;6;2022;20:10;1;91;91689;1;1;1;2;AUTOROUTE A6;48,7439400000;2,3242700000
202200014333;10;10;2022;09:06;1;56;56121;2;6;1;3;2 Avenue du Faouëdic;47,7478400000; -3,3648900000
202200014334;28;6;2022;16:00;1;91;91136;1;1;1;2;BRETELLE A10/RN20;48,7132550000;2,2802960000
202200014335;28;6;2022;10:00;1;94;94076;1;1;1;2;AUTOROUTE A6B;48,7938663001;2,3452392359
202200014336;10;10;2022;08:00;1;54;54395;2;3;1;2;BOUFFLERS (AV. DE 74 A 334 - 53 A 399);48,6929400000;6,1433000000
202200014337;27;9;2022;19:00;2;54;54323;2;1;1;6;CHIERS (RUE DE LA);49,5169600000;5,7724000000
202200014338;28;6;2022;19:00;1;93;93078;1;1;1;4;AUTOROUTE A104;48,9629669714;2,5486509873
202200014339;11;10;2022;16:30;1;51;51454;2;6;1;3;place Aristide Briand;49,2574970910;4,0394362807
202200014340;28;6;2022;18:30;1;93;93005;1;1;1;3;AUTOROUTE A3;48,9601710192;2,4735270436
202200014341;10;10;2022;17:25;1;49;49328;2;3;1;3;FUSILLES (AVENUE DES) N 147;47,2808700000; -0,0540800000
202200014342;28;6;2022;16:45;1;92;92036;1;1;1;5;AUTOROUTE A15;48,9378886633;2,2976672190
202200014343;10;10;2022;08:04;1;49;49007;2;1;1;2;auriol;47,4920000000; -0,5652900000
202200014344;27;6;2022;07:55;1;93;93005;1;1;1;4;AUTOROUTE A104;48,9610900000;2,4663100000
202200014345;27;6;2022;01:10;3;93;93066;1;1;1;6;AUTOROUTE A86;48,9230400000;2,3438800000
202200014346;9;10;2022;11:30;1;49;49007;2;2;1;3;STRASBOURG BOULEVARD;47,4588400000; -0,5586100000
202200014347;28;6;2022;09:15;1;94;94004;1;1;1;2;RN19 .W;48,7511316832;2,5143885611
202200014348;28;6;2022;08:40;1;94;94079;1;1;1;3;A4;48,8354458972;2,5387118132
202200014349;10;10;2022;16:35;1;47;47001;2;4;1;6;LIBERTE (BOULEVARD DE LA);44,1977600000;0,6203300000
202200014350;28;6;2022;05:30;2;94;94018;1;1;1;2;A4;48,8205076244;2,4018322324
202200014351;11;10;2022;12:35;1;46;46042;2;1;1;6;GAMBETTA (BOULEVARD LEON) N° PAIR;44,4499000000;1,4399800000
202200014352;27;6;2022;21:45;5;94;94017;1;1;1;3;A4;48,8275534036;2,5061390180
202200014353;11;10;2022;17:50;1;45;45234;2;1;1;6;89 Rue du Faubourg Saint-Jean;47,9080100000;1,8861400000
202200014354;27;6;2022;15:00;1;69;69383;2;9;2;6;39 Boulevard Marius Vivier-Merle;45,7614900000;4,8581100000
202200014355;11;10;2022;13:08;1;31;31555;2;1;1;3;RUE DU LOT;43,5819600000;1,4077400000
202200014356;11;10;2022;07:25;5;31;31149;2;6;1;2;MARCEL DASSAULT (BOULEVARD);43,6138380000;1,3410240000
202200014357;10;10;2022;17:15;1;29;29151;1;1;1;7;Route de Lannion;48,5897300000; -3,8360100000
202200014358;28;4;2022;19:05;1;63;63113;2;3;1;3;DAGUERRE (RUE);45,7602800000;3,0974800000
202200014359;11;10;2022;21:35;5;27;27375;2;1;1;6;MAISON ROUGE (RUE DE LA);49,2069500000;1,1549600000
202200014360;26;4;2022;13:15;1;63;63113;2;1;1;6;DESDEVISES DU DEZERT (RUE);45,7656200000;3,0889800000
202200014361;11;10;2022;08:55;1;27;27701;2;1;1;3;ECHANGE (VOIE DE L');49,2705300000;1,2079600000
202200014362;11;10;2022;12:01;1;26;26362;2;1;1;3;368 Avenue de Romans;44,9371800000;4,9119600000
202200014363;27;4;2022;11:00;1;63;63075;2;1;1;2;CHATROUSSE (RUE HIPPOLYTE);45,7760000000;3,0679200000
202200014364;12;10;2022;00:10;4;25;25462;1;9;9;6;Rue Charles Marie Lagier;46,8952900000;6,3388300000
202200014365;25;4;2022;00:03;5;63;63113;2;1;1;2;TARAVANT (RUE FRANCOIS);45,7969300000;3,1169700000