Num_Acc;jour;mois;an;hrmn;lum;dep;com;agg;int;atm;col;adr;lat;long
202200014366;11;10;2022;16:30;1;25;25056;2;1;1;5;;47,2501400000;6,0331520000
202200014367;11;10;2022;08:50;1;25;25056;2;1;1;1;SANATORIUM CHEMIN DU;47,2350400000;5,9643900000
202200014368;11;10;2022;10:30;1;22;22106;2;6;1;6;COTE TERRE (RD-PT);48,4979700000; -2,7251400000
202200014369;11;10;2022;07:55;1;22;22278;2;1;1;2;GENEVE (DE);48,5179000000; -2,7356900000
202200014370;10;10;2022;13:45;1;22;22113;2;1;1;3;DESAUNAYS (RUE GREGOIRE);48,7353500000; -3,4539100000
202200014371;11;10;2022;19:10;2;15;15014;2;1;1;3;SEMARD (PLACE PIERRE);44,9210540000;2,4348250000
202200014372;11;10;2022;18:30;1;15;15014;2;1;1;5;PONT ROUGE (BOULEVARD DU);44,9292100000;2,4489000000
202200014373;11;10;2022;16:45;1;14;14304;1;1;1;2;D579;49,3739700000;0,2298100000
202200014374;11;10;2022;07:05;2;13;13106;1;1;1;1;BEDOULE (CHEMIN DE LA);43,3990800000;5,3545800000
202200014375;11;10;2022;13:40;1;13;13215;2;1;1;2;DE FORESTA (ROND-POINT);43,3658324793;5,3531654532
202200014376;10;10;2022;08:45;1;13;13215;2;1;1;5;VISTE (AVENUE DE LA);43,3548100000;5,3571200000
202200014377;11;10;2022;08:00;1;13;13005;2;3;1;3;SABATIERE (CHEMIN DE LA);43,2943900000;5,5573600000
202200014378;10;10;2022;14:00;1;11;11262;2;1;1;1;12 Rue Barbes;43,1854876870;2,9944383495
202200014379;11;10;2022;10:24;1;06;06088;2;9;1;6;MADELEINE (BD DE LA);43,6997900000;7,2387700000
202200014380;9;10;2022;05:40;5;06;06027;2;1;3;1;PLAGE BOULEVARD DE LA;43,6504500000;7,1512500000
202200014381;11;10;2022;11:10;1;04;04112;2;1;1;-1;TERREAU (PL.DU);43,8327300000;5,7817000000
202200014382;28;6;2022;08:30;1;88;88383;2;1;1;6;Route de Bussang;48,0066400000;6,6099700000
202200014383;10;3;2022;15:50;1;94;94058;2;1;1;2;ALSACE LORRAINE (BD D);48,8481780000;2,4943820000
202200014384;1;8;2022;20:10;1;29;29075;2;3;1;1;105 Rue Pierre Jakes Helias;48,4161680000; -4,4373560000
202200014385;18;6;2022;21:30;3;26;26162;1;1;1;7;Route de Hauterives;45,2860440000;5,0370330000
202200014386;11;10;2022;07:00;2;75;75112;2;1;1;3;ECHANGEUR BERCY;48,8271650000;2,3920040000
202200014387;18;8;2022;23:20;3;75;75106;2;4;1;2;RUE DANTON;48,8524278915;2,3417964578
202200014388;11;10;2022;12:44;1;75;75120;2;2;1;6;RUE DES PYRENEES;48,8699650000;2,3944870000
202200014389;11;10;2022;16:20;1;75;75119;2;3;1;3;AVENUE MATHURIN MOREAU;48,8785140000;2,3752040000
202200014390;11;10;2022;18:25;1;75;75117;2;1;1;3;BOULEVARD DE COURCELLES;48,8796810445;2,3055973649
202200014391;29;7;2022;14:12;1;19;19229;1;1;1;1;Avenue d Aquitaine;45,1296970000;1,4419500000
202200014392;30;7;2022;23:25;3;19;19194;1;1;1;7;Le Chazal;45,3257810000;1,6811210000
202200014393;31;7;2022;01:00;3;67;67325;1;1;1;1;D218;48,5352042006;7,3464792967
202200014394;31;7;2022;19:00;1;76;76738;2;1;1;7;286 Rue des Houlettes;49,5649930000;1,3002440000
202200014395;30;7;2022;23:45;5;80;80316;2;1;1;6;Rue du Docteur Rinuy;50,0018780000;2,2554700000
202200014396;31;7;2022;00:40;3;33;33348;1;1;1;2;D1215;45,3579940000; -1,0018270000
202200014397;30;7;2022;05:15;2;32;32215;1;1;1;7;CD 104;43,4975070000;0,4893640000
202200014398;31;7;2022;08:50;1;11;11106;2;1;1;6;Avenue Jean Jaurès;43,2342520000;3,0675870000
202200014399;31;7;2022;09:27;1;71;71120;2;1;7;6;Rue du 8 Mai 1945;46,2074730000;4,3372980000
202200014400;31;7;2022;00:20;3;71;71162;1;1;1;6;Rue de la Croix des Fleurs;46,9767610000;4,3811520000
202200014401;31;7;2022;19:20;2;71;71134;1;1;1;1;N79;46,3705030000;4,5529750000
202200014402;31;7;2022;15:20;1;89;89279;1;9;1;7;;47,6925840000;4,0070270000
202200014403;30;7;2022;02:16;3;61;61116;1;1;1;6;D918;48,3665570000;0,8593580000
202200014404;31;7;2022;17:10;1;12;12128;1;1;1;6;La Guizardie;44,2476240000;2,1477140000
202200014405;31;7;2022;20:10;1;12;12254;2;1;1;1;Rue de la Parra;44,4112370000;2,5199250000
202200014406;31;7;2022;06:00;2;47;47066;1;1;1;1;Lapouleille Ouest;44,2396810000;0,4795130000
202200014407;30;7;2022;16:10;1;29;29044;1;1;1;6;D887 - Ty Vougeret;48,1910960000; -4,1510300000
202200014408;30;7;2022;05:30;2;29;29220;2;6;1;6;D44 - Rond point de Kermaria;47,8805280000; -4,2162390000
202200014409;31;7;2022;00:00;3;02;02131;2;6;1;6;D925;49,3878270000;3,3924960000
202200014410;31;7;2022;04:30;5;15;15248;2;1;1;6;Rue du Plomb du Cantal;45,0540930000;2,9331630000
202200014411;30;7;2022;16:30;1;15;15187;1;1;1;1;RD 921;45,0214300000;3,0611730000
202200014412;30;7;2022;11:30;1;06;06127;2;1;1;6;Avenue Charles de Caqueray;44,0672250000;7,2566500000
202200014413;31;7;2022;17:15;1;50;50463;1;1;1;5;RD38;48,9436650000; -1,3309170000
202200014414;31;7;2022;12:45;1;50;50421;1;1;1;1;D14;49,5136670000; -1,3230690000
202200014415;30;7;2022;02:20;3;16;16207;1;1;1;7;D19;45,8302440000;0,0163560000
202200014416;31;7;2022;14:45;1;07;07037;1;1;1;7;RD 378 - la clède;44,8813260000;4,1893100000
202200014417;31;7;2022;16:00;1;53;53123;1;1;1;7;Les Madries;48,2132220000; -1,0182820000
202200014418;31;7;2022;09:20;1;24;24412;1;2;7;3;D704;44,9823000000;1,2385900000
202200014419;31;7;2022;14:00;1;85;85234;2;1;1;6;49 Esplanade de la Mer;46,7830990000; -2,0710620000
202200014420;31;7;2022;14:43;1;27;27547;2;3;1;3;Chemin de la Pagerie;49,0449570000;0,3858440000
202200014421;31;7;2022;01:05;3;48;48116;1;1;1;7;Cascade de Runes (Point de vue);44,3811210000;3,6774430000
202200014422;30;7;2022;17:50;1;88;88075;2;1;1;3;Rue Mougel Bey;48,0060030000;6,8763420000
202200014423;30;7;2022;10:29;1;13;13080;1;2;7;6;D561;43,6719260000;5,4299850000
202200014424;29;7;2022;21:15;2;35;35353;1;1;1;6;Montigné;48,1091470000; -1,7428190000
202200014425;29;7;2022;20:40;2;06;06088;1;1;1;7;bretelle entrée n°51, sens NICE - ST LAURENT DU VAR;43,6706500000;7,2003580000
202200014426;30;7;2022;20:05;1;73;73128;1;1;1;6;A41 Nord, bretelle AIX Nord;45,7146410000;5,9223770000
202200014427;31;7;2022;14:30;1;988;98803;1;3;1;6;RT3/VU51; -21,4593700000;165,4877800000
202200014428;29;7;2022;20:30;1;33;33199;2;1;1;2;6 Rue de l Yser;44,6402580000; -1,0716340000
202200014429;31;7;2022;02:45;3;66;66164;1;1;1;1;;42,7560550000;2,8642560000
202200014430;23;7;2022;03:45;5;66;66037;2;1;1;6;Avenue Mediterranee;42,6955530000;3,0318650000
202200014431;30;7;2022;08:10;1;83;83107;2;1;1;6;route départementale 559;43,3412070000;6,6837750000
202200014432;31;7;2022;17:24;1;06;06099;1;1;1;-1;PK 57;43,9519460000;6,8813400000
202200014433;30;7;2022;20:15;1;71;71176;1;1;1;4;RD 979;46,4732760000;4,0228840000
202200014434;30;7;2022;18:00;1;03;03086;1;1;1;6;D779;46,4838960000;3,8687750000
202200014435;30;7;2022;11:22;1;74;74041;1;1;1;5;;46,3067564590;6,6774203538
202200014436;30;7;2022;19:00;1;38;38498;2;1;7;3;Le Village;45,5280200000;5,3390980000
202200014437;31;7;2022;07:15;2;07;07152;1;4;1;6;D86;45,0246380000;4,8315010000
202200014438;17;11;2022;16:15;1;37;37245;1;1;2;1;D959;47,4853089565;0,5191469193
202200014439;31;7;2022;08:30;1;07;07145;1;1;1;7;;44,6246100000;4,4824220000
202200014440;19;11;2022;20:00;3;72;72328;1;1;1;2;PK 166.700;48,0564050000;0,2502420000
202200014441;31;7;2022;08:10;1;69;69206;1;1;1;6;Route Départementale 306;46,0484030000;4,7212990000
202200014442;31;7;2022;06:45;2;47;47157;2;1;1;6;28 Avenue Charles Boisvert;44,4945840000;0,1717120000
202200014443;30;7;2022;13:05;1;22;22168;2;1;1;3;Boulevard Aristide Briand;48,8137490000; -3,4494290000
202200014444;14;11;2022;21:00;3;67;67151;1;1;1;2;A35, PK239.800;48,7031970000;7,8492810000
202200014445;18;11;2022;18:02;5;13;13113;2;9;1;2;24 Avenue de la Grande Begude;43,5879690000;5,4766530000
202200014446;31;7;2022;04:15;3;27;27213;1;1;1;6;D181;49,2017850000;1,5868160000
202200014447;18;11;2022;12:25;1;06;06085;2;1;1;6;445 chemin de carimai;43,5781370000;6,9926940000
202200014448;30;7;2022;00:23;3;13;13106;1;1;1;6;A51-Sens Marseille vers Aix en Provence;43,4025430797;5,3563754260
202200014449;18;11;2022;20:25;3;02;02521;1;1;2;2;;49,0336480000;3,1807140000
202200014450;29;7;2022;04:15;3;38;38336;1;1;1;6;A7N   32.870 A 35.680;45,4923787921;4,8334484738
202200014451;14;11;2022;08:00;2;24;24518;1;1;2;7;D45e;45,0461020000;0,7870240000
202200014452;18;11;2022;19:00;3;83;83089;1;1;1;2;autoroute A8, PK 052.000, direction AIX EN PROVENCE;43,4713900000;5,8247710000
202200014453;30;7;2022;18:30;1;33;33366;1;1;1;3;AUTOROUTE A 10;44,9855100000; -0,4278380000
202200014454;14;11;2022;16:15;1;987;98722;2;1;1;6;Face au magasin Tahiti Ménager; -17,5074480000; -149,4965540000
202200014455;30;7;2022;15:00;1;33;33013;1;1;1;2;ROUTE NATIONALE 89;44,8684684628; -0,4968711734
202200014456;18;11;2022;19:00;3;77;77476;1;1;1;1;D401;49,0413070000;2,9557510000
202200014457;30;7;2022;02:35;3;33;33096;1;1;1;4;AUTOROUTE A 10;44,8922050000; -0,5009910000
202200014458;19;11;2022;00:00;3;66;66230;1;1;1;5;N116;42,6442780000;2,5013480000
202200014459;30;7;2022;12:30;1;91;91477;1;1;1;2;AUTOROUTE A126;48,7195600000;2,2573900000
202200014460;19;11;2022;01:40;3;34;34154;2;1;1;7;D189;43,6047220000;3,9655780000
202200014461;30;7;2022;14:25;1;78;78431;1;1;1;2;A13;48,9400200000;1,9544300000
202200014462;18;11;2022;23:55;3;34;34154;1;1;1;2;D189;43,6042890000;3,9646380000
202200014463;16;11;2022;16:50;1;13;13015;2;9;1;3;D8n;43,4299660000;5,3930800000
202200014464;30;7;2022;02:35;3;93;93005;1;1;1;5;AUTOROUTE A3;48,9628100000;2,4742600000
202200014465;18;11;2022;19:35;5;68;68154;2;1;8;1;35 Rue Hoffet;47,7870410000;7,3449180000
202200014466;30;7;2022;14:20;1;94;94042;1;1;1;4;A4;48,8265628660;2,4667862096
202200014467;30;7;2022;01:50;3;77;77294;1;1;1;4;RN104;48,9697644713;2,5981800905
202200014468;18;11;2022;09:45;1;07;07348;2;9;7;3;195 Route d Aubenas;44,5404620000;4,4119820000
202200014469;29;7;2022;21:00;1;94;94028;1;1;1;3;A86 EXT;48,7827541084;2,4408460732
202200014470;18;11;2022;15:30;1;01;01008;1;1;1;4;Route épartementale D1075;45,9352550000;5,3347370000
202200014471;29;7;2022;12:30;1;77;77373;1;1;1;3;RN104;48,7813740511;2,6158588028
202200014472;18;11;2022;15:30;1;69;69238;2;9;1;3;Avenue Etienne Billard;45,6330290000;4,4566140000
202200014473;8;11;2022;19:55;3;31;31395;1;1;1;7;Chemin du Brouilh;43,4592430000;1,2994340000
202200014474;11;4;2022;07:05;5;30;30189;2;1;1;3;Place Jean Robert;43,8400000000;4,3657000000
202200014475;18;11;2022;15:00;1;40;40123;1;1;3;6;D947;43,8096790000; -1,0833980000
202200014476;19;11;2022;09:00;1;14;14762;2;2;8;6;D524;48,8397560000; -0,8905230000
202200014477;29;7;2022;08:05;1;976;97611;2;3;1;3;kaweni-Nossi bé (impasse ); -12,7731100000;45,2248200000
202200014478;14;11;2022;21:00;4;60;60612;1;6;2;1;Avenue Alain Boucher;49,2094547176;2,6221766174
202200014479;29;7;2022;18:10;5;974;97411;2;9;1;3;GAULLE (DU GENERAL DE); -20,8841900000;55,4575900000
202200014480;18;11;2022;17:50;3;80;80338;1;2;8;3;D523;49,8831320000;2,4980160000
202200014481;30;7;2022;01:13;5;69;69383;2;1;1;6;Rue Servient;45,7611100000;4,8577500000
202200014482;18;11;2022;13:15;1;59;59212;2;1;1;6;22 rue du collège;50,6462960000;2,7209070000
202200014483;29;7;2022;13:30;1;69;69388;2;3;1;3;Boulevard des Etats-Unis;45,7294100000;4,8676900000
202200014484;18;11;2022;07:30;1;13;13106;1;1;1;3;A51-Sens Aix en Provence vers Marseille;43,4049000000;5,3595100000
202200014485;29;7;2022;16:20;1;972;97213;1;9;1;3;ROUTE DEPARTEMENTALE 14;14,6206700000; -61,0209800000
202200014486;17;11;2022;14:05;1;69;69029;1;1;1;2;Autoroute 43 ;45,7278600000;4,9066100000
202200014487;18;11;2022;17:15;5;33;33249;1;1;2;6;ROUTE NATIONALE 230;44,8820612356; -0,5116206408
202200014488;29;7;2022;10:22;1;972;97209;1;1;1;6;BALATA (ROUTE DE);14,6172800000; -61,0714700000
202200014489;18;11;2022;09:00;1;91;91377;1;9;1;3;RD 444;48,7283010000;2,2436500000
202200014490;29;7;2022;11:24;1;69;69382;2;1;8;2;20 Quai Docteur Gailleton;45,7549100000;4,8350400000
202200014491;18;11;2022;08:25;1;94;94038;1;1;8;3;AUTOROUTE A6B;48,7749732919;2,3463337748
202200014492;29;7;2022;08:50;1;69;69382;2;1;1;6;Rue Victor Hugo;45,7517800000;4,8283700000
202200014493;18;11;2022;08:19;1;94;94034;1;1;1;3;AUTOROUTE A86;48,7558545422;2,3420064850
202200014494;28;7;2022;06:22;2;2B;2B033;2;1;1;1;11 - RT;42,6912500000;9,4497100000
202200014495;18;11;2022;11:15;1;78;78140;1;1;1;2;A13;48,9610050000;1,9299780000
202200014496;30;7;2022;00:10;5;2A;2A004;1;1;1;4;ASPRETTO ROUTE;41,9286000000;8,7660000000
202200014497;18;11;2022;09:05;1;78;78431;1;1;1;2;A13;48,9365220000;1,9607990000
202200014498;29;7;2022;11:55;1;91;91027;2;3;1;3;AV PASTEUR;48,7058020597;2,3676007053
202200014499;18;11;2022;09:25;1;78;78551;1;1;1;2;A14;48,9058330000;2,0605060000
202200014500;29;7;2022;09:00;1;91;91223;2;9;1;3;MAI 1945 (AVENUE DU 8);48,4392060000;2,1601390000
202200014501;18;11;2022;04:00;3;95;95252;1;1;1;2;A15;48,9843273966;2,2163202017
202200014502;28;7;2022;22:48;5;87;87085;2;2;1;7;CHURCHILL WINSTON (PLACE);45,8313200000;1,2524200000
202200014503;16;11;2022;22:40;5;77;77175;1;1;3;6;RN104;48,6650800000;2,6131110000
202200014504;25;7;2022;07:50;1;83;83126;2;1;1;6;PLACE SAINT JEAN;43,1117400000;5,8659040000
202200014505;17;9;2022;03:30;5;94;94081;2;1;1;2;ROUGET DE L ISLE (AV);48,7787900000;2,3961100000
202200014506;28;7;2022;08:10;1;83;83129;2;9;1;3;NEGADOUX (CHEMIN DES);43,1139130000;5,8425440000
202200014507;29;7;2022;09:00;1;83;83069;2;1;1;6;THOMAS (AVENUE AMBROISE);43,1158100000;6,1331200000
202200014508;17;11;2022;19:40;5;75;75113;2;1;2;5;PORTE D ITALIE;48,8178660000;2,3682270000
202200014509;15;11;2022;18:10;5;75;75112;2;1;1;2;PORTE DE CHARENTON;48,8308070000;2,4031540000
202200014510;27;7;2022;16:20;1;78;78440;2;1;1;2;avenue de la République;48,9867300000;1,9235780000
202200014511;16;11;2022;08:05;1;75;75106;2;3;8;6;RUE NOTRE DAME DES CHAMPS;48,8447620000;2,3293550000
202200014512;17;11;2022;10:00;1;75;75120;2;1;2;7;RUE HAXO;48,8731620000;2,4037760000
202200014513;29;7;2022;07:32;1;76;76457;2;3;1;1;Rue du Lt Jacques Hergault;49,3422270000;0,9680840000
202200014514;17;11;2022;11:50;1;75;75119;2;1;1;6;RUE EUGENE JUMIN;48,8882200000;2,3920490000
202200014515;17;7;2022;06:00;2;76;76217;2;3;1;6;RENE COTY (RUE);49,9292300000;1,0946900000
202200014516;17;11;2022;10:32;1;75;75118;2;3;9;2;BOULEVARD ORNANO;48,8926980000;2,3487440000
202200014517;17;11;2022;00:30;5;75;75118;2;2;2;6;BOULEVARD NEY;48,8978670000;2,3444200000
202200014518;29;7;2022;18:30;1;72;72181;2;1;1;5;BONNETABLE STOC (RTE);48,0192930876;0,2222979067
202200014519;17;11;2022;10:25;1;75;75117;2;3;1;6;RUE DE SAINT MARCEAUX;48,8892480000;2,3019700000
202200014520;29;7;2022;20:45;1;69;69256;2;2;1;3;Rue Maurice Audin;45,7807600000;4,9233700000
202200014521;28;7;2022;18:45;1;67;67180;2;1;1;6;MARECHAL FOCH (RUE DU);48,8123900000;7,7895500000
202200014522;16;11;2022;21:48;5;75;75115;2;2;2;3;BOULEVARD LEFEBVRE;48,8284810000;2,3013900000
202200014523;28;7;2022;17:10;1;64;64122;1;1;1;1;GABRIELLE DORZIAT (ALLEE);43,4592700000; -1,5559400000
202200014524;29;7;2022;20:45;1;59;59153;2;1;1;6;RUE YVON BOUTON;50,4556164833;3,5847133398
202200014525;17;11;2022;22:15;5;75;75113;2;2;1;7;RUE DE PATAY;48,8241680000;2,3767670000
202200014526;29;7;2022;17:55;1;59;59599;2;6;1;6;;50,7191415679;3,1700652838
202200014527;16;11;2022;22:45;5;75;75113;2;2;2;6;BOULEVARD ARAGO;48,8349560000;2,3493600000
202200014528;17;11;2022;17:15;2;75;75110;2;1;8;2;BOULEVARD DE STRASBOURG;48,8698760000;2,3545750000
202200014529;29;7;2022;15:35;1;54;54547;2;1;1;4;EUROPE (BOULEVARD DE L');48,6604498077;6,1760008335
202200014530;17;11;2022;11:30;1;75;75110;2;4;9;2;BOULEVARD DE MAGENTA;48,8771396648;2,3552745581
202200014531;29;7;2022;09:20;1;51;51454;2;2;1;2;rue Jules Guichard;49,2669800000;4,0241100000
202200014532;17;11;2022;08:00;1;75;75110;2;2;1;2;AVENUE PARMENTIER;48,8712460000;2,3701350000
202200014533;17;11;2022;01:03;5;75;75110;2;2;2;3;RUE LA FAYETTE;48,8813290000;2,3647200000
202200014534;17;11;2022;18:35;5;75;75109;2;1;1;3;BOULEVARD DES CAPUCINES;48,8704580000;2,3311150000
202200014535;26;7;2022;17:15;1;49;49328;2;6;1;2;MARNE (ROND-POINT DE LA);47,2501300000; -0,0795000000
202200014536;17;11;2022;10:20;1;75;75108;2;2;2;5;RUE MARBEUF;48,8672210000;2,3019350000
202200014537;29;7;2022;17:28;1;49;49007;2;6;7;3;Place Hubert Grimault;47,4649600000; -0,5655500000
202200014538;17;11;2022;21:00;5;75;75104;2;3;2;1;RUE DE TURENNE;48,8555020000;2,3636390000
202200014539;29;7;2022;16:37;1;49;49267;2;2;1;3;Rue des Levrauderies;47,4666600000; -0,4686400000
202200014540;16;11;2022;09:55;1;94;94076;2;2;8;6;KARL MARX (AV);48,7844500000;2,3621900000
202200014541;17;11;2022;14:05;1;94;94073;2;1;1;6;Avenue de Versailles;48,7593000000;2,3957000000
202200014542;29;7;2022;16:07;1;49;49007;2;2;1;3;MANSION;47,4773700000; -0,5894200000
202200014543;17;11;2022;09:00;1;94;94021;2;1;2;7;STALINGRAD (AV DE);48,7683540000;2,3678350000
202200014544;16;11;2022;23:43;5;94;94033;2;4;2;6;Rue des Prés Lorets / Avenue de la République;48,8525869234;2,4607755239
202200014545;28;7;2022;12:25;1;49;49007;2;2;1;3;FORT( PAUL);47,4894700000; -0,5609400000
202200014546;28;7;2022;10:15;1;39;39198;2;6;7;6;Rond Point de l'Appel du 18 juin 1940;47,0813790000;5,4756470000
202200014547;17;11;2022;18:10;5;93;93078;2;2;1;6;Avenue Charles de Gaulle / Avenue des Fauvettes;48,9553780000;2,5526950000
202200014548;29;7;2022;15:20;1;35;35288;2;1;1;6;CHATEAUBRIAND (BOULEVARD);48,6598821373; -1,9928001612
202200014549;17;11;2022;07:45;5;93;93031;2;1;9;6;Rue Jean Mermoz;48,9491800000;2,3239600000
202200014550;17;11;2022;14:45;1;93;93066;2;1;1;2;315 Avenue du Président Wilson;48,9228920000;2,3567120000
202200014551;27;7;2022;10:30;1;34;34032;1;6;1;5;ARCAS FERNAND (ROND-POINT);43,3449000000;3,1729500000
202200014552;17;11;2022;10:50;1;93;93048;2;1;1;2;Rue Saint-Denis;48,8698125849;2,4594327807
202200014553;29;7;2022;05:56;3;34;34003;1;1;1;1;RD612;43,3060700000;3,4455200000
202200014554;16;11;2022;22:43;5;93;93063;2;1;3;3;Rue de Paris;48,8831100000;2,4267100000
202200014555;29;7;2022;16:10;1;33;33529;1;6;1;4;RD1250;44,6220600000; -1,1601600000
202200014556;17;11;2022;13:15;1;93;93031;2;2;2;3;Avenue Joffre / Route d'Argenteuil;48,9616400000;2,2950470000
202200014557;29;7;2022;09:22;1;32;32013;2;3;1;6;SAMBRE ET MEUSE (AVENUE);43,6495500000;0,5975500000
202200014558;16;11;2022;22:50;5;93;93010;2;1;3;1;Rue Jules Guesde;48,9035680000;2,4775340000
202200014559;28;7;2022;16:25;1;31;31555;2;1;1;3;RUE ANDRE VASSEUR;43,6382700000;1,4765800000
202200014560;17;11;2022;18:55;5;92;92020;2;1;1;3;REPUBLIQUE AV. N°27 A 105 ET 26 A 178;48,8078987966;2,2992534041
202200014561;17;11;2022;10:50;1;92;92049;2;1;8;3;JAURES AVENUE JEAN N°53 A FIN;48,8159186110;2,3108620047
202200014562;28;6;2022;05:50;1;30;30189;2;6;1;3;Boulevard du Président Salvador Allende;43,8218000000;4,3648000000
202200014563;17;11;2022;09:10;1;92;92025;2;3;8;3;COLBERT  55 A 113   42 A 102 (RUE);48,9143780000;2,2342600000
202200014564;24;7;2022;12:05;1;30;30189;2;1;1;1;ARCHIPEL (RUE);43,8186462129;4,3492823839
202200014565;29;7;2022;10:30;1;29;29232;2;1;1;6;Vieille Route de Rosporden;47,9903800000; -4,0692900000
202200014566;16;11;2022;18:45;5;92;92025;2;2;2;3;VOIES DU BOIS (RUE DES);48,9151925126;2,2467617690
202200014567;29;7;2022;15:15;1;29;29039;2;3;1;1;Avenue de la Cascade;47,8822000000; -3,9171500000
202200014568;17;11;2022;12:10;1;92;92024;2;1;8;2;PARIS (RUE DE) DE (1 A 57)   (2 A 52);48,8968488824;2,3081443906
202200014569;29;7;2022;13:30;1;27;27234;1;1;1;7;RN 154;49,0282200000;1,1899900000
202200014570;16;11;2022;16:35;1;92;92004;2;1;1;5;AULAGNIER ( QUAI );48,9133900000;2,3082700000
202200014571;17;11;2022;04:30;4;40;40036;2;1;8;6;D810;43,6362650000; -1,3542100000
202200014572;29;7;2022;16:54;1;17;17306;2;1;1;3;HEDDE (AVENUE DANIEL);45,6340210000; -1,0291440000
202200014573;18;11;2022;12:05;1;18;18259;1;1;8;1;;47,4802300000;2,7142780000
202200014574;29;7;2022;20:18;1;17;17291;1;1;1;5;34 PK RN11 NANTES ROCADE;46,1729990000; -1,1173620000
202200014575;17;11;2022;02:05;3;01;01109;1;1;2;1;RD 984;46,1406830000;5,9103870000
202200014576;29;7;2022;12:40;1;13;13103;2;1;1;1;BOULEVARD PASQUET -LOUIS;43,6375332047;5,0965277899
202200014577;29;7;2022;17:00;1;13;13213;2;9;1;1;JEAN PAUL SARTRE (AVENUE);43,3220300000;5,4178500000
202200014578;29;7;2022;09:20;1;13;13205;2;1;8;2;JEANNE D'ARC (BOULEVARD);43,2937900000;5,4010100000
202200014579;16;11;2022;19:20;3;51;51380;1;1;3;1;D933;48,8736920000;3,5789040000
202200014580;28;7;2022;08:30;1;13;13201;2;3;1;3;BRETEUIL (RUE)  1 A 17;43,2928300000;5,3747900000
202200014581;8;11;2022;12:05;1;56;56075;2;4;1;6;1 Rue Maurice le Fouillé;47,9017570000; -2,1203180000
202200014582;18;11;2022;09:45;1;80;80798;1;1;2;1;RN25 PK19;50,0134480000;2,3161410000
202200014583;17;11;2022;15:10;1;32;32286;1;1;2;5;RN 21 - PK 29+350;43,8124820000;0,6490090000
202200014584;29;7;2022;10:45;1;11;11069;2;1;2;2;34 Av du Pdt Franklin Roosevelt;43,2191900000;2,3425700000
202200014585;29;7;2022;12:55;1;09;09122;2;1;2;6;BARCELONE (AVENUE DE);42,9641200000;1,6116700000
202200014586;18;11;2022;19:40;5;55;55228;2;2;8;3;Rue de Fresnes;49,0381350000;5,6584310000
202200014587;16;11;2022;19:25;3;49;49223;2;1;6;6;12 Rue Valentin des Ormeaux;47,3984490000; -0,5252810000
202200014588;29;7;2022;07:50;1;07;07281;2;6;1;3;ROND-POINT POLE 2000;44,9443800000;4,8566700000
202200014589;17;11;2022;11:50;1;12;12195;1;1;8;7;Lestrade;43,8773480000;2,7871690000
202200014590;17;11;2022;12:20;1;39;39348;2;1;1;6;644 Route de Montaigu;46,6640990000;5,5555969000
202200014591;29;7;2022;22:10;5;06;06088;2;3;1;1;CASSIN (BD RENE);43,6673600000;7,2082000000
202200014592;17;11;2022;18:40;3;25;25309;1;1;3;5;PR 25+400 D72;46,9180390000;6,2933050000
202200014593;29;7;2022;18:00;1;06;06088;2;3;1;3;PELLOS (R. FRANCOIS);43,7109100000;7,2647100000
202200014594;29;7;2022;03:40;5;06;06083;2;1;1;6;ACACIAS (AVENUE DES);43,7797900000;7,4863400000
202200014595;14;11;2022;18:05;2;29;29209;2;3;2;3;rue Général de Gaulle;48,5282260000; -4,4521340000
202200014596;11;10;2022;17:20;1;38;38397;2;1;1;6;Route de Chambéry - Route Départementale 1090;45,2455500000;5,8300780000
202200014597;29;7;2022;21:25;2;06;06069;2;1;1;2;CARNOT (BOULEVARD ET TRAVERSE);43,6569200000;6,9232300000
202200014598;17;11;2022;12:00;1;58;58116;1;9;2;7;D119;47,3669090000;3,6436630000
202200014599;29;7;2022;13:45;1;06;06069;2;1;1;7;SAINT EXUPERY (AVENUE ANTOINE DE);43,6615700000;6,9326500000
202200014600;18;11;2022;06:50;5;58;58278;2;1;1;6;88 bis route de lyon;46,9718780000;3,1573890000
202200014601;28;7;2022;19:00;1;06;06069;1;1;1;7;PEGOMAS (ROUTE DE);43,6322910000;6,9314300000
202200014602;16;11;2022;14:57;1;06;06032;1;1;1;1;13 Domaine des Pissarelles;43,7235100000;7,3846470000
202200014603;29;7;2022;16:20;1;75;75120;2;1;1;3;RUE DE LAGNY;48,8490440000;2,4103700000
202200014604;17;11;2022;08:30;1;14;14022;2;2;2;3;Rue The Dorset Regiment;49,3403147660; -0,5830210440
202200014605;29;7;2022;14:10;1;75;75118;2;2;1;3;RUE DU MONT CENIS;48,8918290000;2,3439250000
202200014606;18;11;2022;07:50;5;50;50256;2;1;2;6;7 Rue de Pain d?Avaine (Isigny-le-Buat);48,6200220000; -1,1732010000
202200014607;29;7;2022;14:00;1;75;75116;2;1;1;3;ALLEE DE LA REINE MARGUERITE;48,8521140000;2,2416890000
202200014608;29;7;2022;13:25;1;75;75116;2;1;1;6;CARREFOUR DU BOUT DES LACS;48,8634980000;2,2391330000