Num_Acc;jour;mois;an;hrmn;lum;dep;com;agg;int;atm;col;adr;lat;long
202200014609;18;11;2022;11:15;1;83;83040;1;1;1;7;D4085;43,8032480000;6,6134290000
202200014610;18;11;2022;17:20;3;45;45044;1;1;1;6;D8 PR 16 + 758;48,0314283970;2,0511009540
202200014611;29;7;2022;10:25;1;75;75116;2;7;1;3;PLACE DE LA PORTE MAILLOT;48,8770860000;2,2834630000
202200014612;16;11;2022;16:40;1;64;64318;1;9;1;6;Route de Mazerolles;43,4707670000; -0,4800720000
202200014613;28;7;2022;21:30;5;75;75116;2;7;1;3;PLACE CHARLES DE GAULLE;48,8741300000;2,2942170000
202200014614;27;7;2022;11:00;1;75;75116;2;1;1;3;BOULEVARD MURAT;48,8437460000;2,2567370000
202200014615;17;11;2022;15:15;1;43;43137;1;1;1;1;pk 43 D12;45,2898952204;4,1531391880
202200014616;18;11;2022;18:15;3;21;21419;1;1;5;6;Route de Villedieu RD 953;47,9360223963;4,3541350364
202200014617;17;11;2022;18:42;5;04;04209;2;1;2;6;Avenue Jean Jaures;44,1878740000;5,9471440000
202200014618;17;11;2022;09:54;1;04;04209;2;1;7;6;Avenue de la Libération;44,1914890000;5,9450810000
202200014619;27;7;2022;10:30;1;75;75116;2;4;1;6;AVENUE FOCH;48,8719570000;2,2825300000
202200014620;18;11;2022;07:05;2;28;28227;2;1;8;6;Route de Gallardon;48,5836770000;1,5896110000
202200014621;14;11;2022;20:15;3;87;87116;1;3;2;3;D675;46,1468354263;1,0631424176
202200014622;29;7;2022;16:10;1;75;75113;2;2;1;7;BOULEVARD ARAGO;48,8349600000;2,3449860000
202200014623;17;11;2022;18:35;3;48;48103;1;1;2;6;D999;44,5732890000;3,3199310000
202200014624;17;11;2022;21:25;3;08;08419;1;1;1;6;RD 985;49,7039730000;4,4175660000
202200014625;29;7;2022;12:15;1;75;75113;2;1;1;3;RUE NEUVE TOLBIAC;48,8317590000;2,3789140000
202200014626;17;11;2022;19:50;5;973;97307;2;1;1;6;avenue Raoul Roumillac;4,8455950000; -52,3271270000
202200014627;18;11;2022;00:30;3;24;24189;1;1;2;6;ROUTE DES VIGNOBLES POURPRES;44,8601580000;0,2005760000
202200014628;17;11;2022;17:05;1;30;30036;1;1;1;2;25 Route Nationale 113;43,7761410000;4,2871250000
202200014629;18;11;2022;01:30;3;02;02028;1;1;1;6;Autoroute A26 PK 216+900;49,5686700000;3,7213020000
202200014630;18;11;2022;09:50;1;974;97404;1;4;1;1;d 17b; -21,2595240000;55,3413150000
202200014631;29;7;2022;09:57;1;75;75113;2;7;1;5;PLACE VALHUBERT;48,8437080000;2,3645700000
202200014632;18;11;2022;03:00;3;34;34161;1;1;1;6;D11;43,3290720000;3,1151230000
202200014633;14;11;2022;08:30;1;84;84081;2;1;1;1;Rue Louis Gros;43,9404560000;4,9034910000
202200014634;29;7;2022;10:15;1;75;75113;2;1;1;2;RUE DE TOLBIAC;48,8301710000;2,3760290000
202200014635;17;11;2022;17:40;3;06;06048;1;9;1;3;1043 Route Departementale 2204;43,7881370000;7,3465640000
202200014636;12;11;2022;21:55;5;63;63284;1;6;1;6;rond point de Champ Lamet;45,7849856117;3,2139569521
202200014637;29;7;2022;14:00;1;75;75112;2;3;1;3;AVENUE DAUMESNIL;48,8415340000;2,3873640000
202200014638;17;11;2022;00:25;4;63;63284;2;1;1;6;7 chemin des Tilleuls;45,7997400000;3,2371580000
202200014639;18;11;2022;15:05;1;73;73248;2;1;1;6;8 Avenue du 8 mai 1945;45,2733114883;6,3602728851
202200014640;28;7;2022;20:30;2;75;75112;2;1;7;3;RUE DE WATTIGNIES;48,8359590000;2,3957660000
202200014641;17;11;2022;17:15;5;69;69020;1;1;3;2;Route Buissonnière;45,8593580000;4,6686720000
202200014642;29;7;2022;23:16;5;75;75108;2;2;1;3;RUE PIERRE CHARRON;48,8705200000;2,3052520000
202200014643;17;11;2022;08:50;2;69;69009;2;1;1;2;1050 Avenue de Lossburg;45,9431290000;4,7188130000
202200014644;29;7;2022;03:20;5;75;75116;2;7;1;6;AVENUE MARCEAU;48,8733020000;2,2955390000
202200014645;16;11;2022;22:15;5;69;69273;2;6;1;2;Avenue Gabriel Péri;45,6825610000;4,9253640000
202200014646;17;11;2022;20:25;3;33;33284;2;1;2;6;Arnauton;44,5957160000; -0,9076010000
202200014647;29;7;2022;17:06;1;75;75107;2;3;1;3;RUE VANEAU;48,8505360000;2,3195680000
202200014648;17;11;2022;19:00;3;50;50139;1;1;2;2;Route nationale 174;49,0451940000; -1,0041280000
202200014649;28;7;2022;09:35;1;75;75107;2;4;1;6;AVENUE DU GENERAL MARGUERITE;48,8553770000;2,2995530000
202200014650;28;5;2022;16:33;1;04;04242;1;3;1;3;RD 4096;43,8847140000;5,8619650000
202200014651;29;7;2022;11:35;1;75;75104;2;3;1;3;RUE BEAUBOURG;48,8603250000;2,3530060000
202200014652;29;5;2022;08:15;1;13;13085;1;3;1;1;D559a;43,2567680000;5,5916870000
202200014653;18;11;2022;11:58;1;60;60589;1;6;1;7;D1016;49,2206520000;2,4667740000
202200014654;28;7;2022;19:05;1;75;75103;2;3;1;2;RUE REAUMUR;48,8652330000;2,3571380000
202200014655;16;11;2022;18:50;3;60;60450;1;6;3;7;D49;49,2089910000;2,2793840000
202200014656;30;5;2022;07:20;1;13;13027;1;6;1;3;Route de Tarascon;43,8775640000;4,8341290000
202200014657;16;11;2022;18:12;3;60;60196;1;1;2;1;D927;49,3112190000;2,0868020000
202200014658;28;7;2022;22:05;5;94;94081;2;6;1;3;PAUL FROMANT (PL);48,7861500000;2,4025600000
202200014659;16;11;2022;18:10;3;13;13001;1;1;1;3;A51-Sens Aix en Provence vers Marseille;43,5268780000;5,4268570000
202200014660;30;5;2022;13:40;1;42;42165;2;2;1;3;Rue de la Paix;45,7912430000;4,3425710000
202200014661;17;11;2022;11:45;1;13;13005;1;1;1;3;A50-Sens Aubagne vers Marseille;43,2879000000;5,5465000000
202200014662;29;5;2022;11:00;1;01;01049;2;1;1;6;1554 Route Nationale;45,8430100000;5,0282870000
202200014663;16;11;2022;18:10;3;13;13001;1;1;1;4;A51-Sens Aix en Provence vers Marseille;43,5258860000;5,4266020000
202200014664;29;7;2022;12:00;1;94;94068;2;1;1;1;PARC (QU DU);48,8099000000;2,4985600000
202200014665;30;5;2022;07:00;1;69;69141;1;1;1;3;Route départementale 342 (Chassagny);45,6149141639;4,7045275569
202200014666;17;11;2022;10:25;1;83;83123;1;1;1;2;A50;43,1465993298;5,7717078814
202200014667;29;5;2022;10:21;1;09;09282;2;1;1;7;37 Grande Rue;43,2335010000;1,5755740000
202200014668;11;11;2022;04:10;5;83;83144;1;1;1;2;A57;43,1339500000;5,9864400000
202200014669;29;5;2022;17:00;1;31;31263;2;1;1;6;Rue Minsac;43,4064150000;1,3851360000
202200014670;6;5;2022;12:20;1;33;33366;2;6;1;6;Avenue Jules Ferry;44,9930910000; -0,4334830000
202200014671;16;11;2022;17:15;2;83;83137;1;1;1;2;A57;43,1254500000;5,9714800000
202200014672;29;7;2022;19:55;1;94;94052;2;1;1;2;PORT (R DU);48,8349100000;2,4887600000
202200014673;29;5;2022;10:30;1;974;97416;2;1;1;6;CONCESSION CONDE(CHEMIN); -21,2922200000;55,5040500000
202200014674;29;5;2022;08:10;1;974;97416;1;1;7;7;RN1; -21,2986500000;55,4191800000
202200014675;28;5;2022;11:40;1;974;97411;1;1;1;2;RN2/092; -20,8866190000;55,4917980000
202200014676;29;5;2022;12:00;1;974;97407;1;1;1;3;MASCAREIGNES(BOULEVARD); -20,9367360000;55,3092110000
202200014677;16;11;2022;06:30;3;69;69081;1;1;1;2;Route de Métropole 6;45,7887700000;4,7843100000
202200014678;29;7;2022;11:18;1;94;94076;2;1;1;2;MAXIME GORKI (BD);48,7927600000;2,3693300000
202200014679;17;11;2022;21:05;5;33;33550;1;1;2;7;ROCADE A 630;44,7776000000; -0,5624500000
202200014680;28;5;2022;11:00;1;974;97407;2;2;1;3;SAINT PAUL(RUE); -20,9385700000;55,2898900000
202200014681;28;7;2022;19:00;1;94;94041;2;2;1;3;DANIELLE CASANOVA (AV);48,8157600000;2,3829600000
202200014682;17;11;2022;20:30;5;33;33249;1;1;2;6;ROUTE NATIONALE 230;44,8814239284; -0,5112263560
202200014683;29;7;2022;20:50;2;94;94073;2;1;1;3;LEON MARCHAND (AV);48,7660400000;2,3899000000
202200014684;29;5;2022;11:30;1;69;69387;2;2;1;3;Avenue Jean Jaurès;45,7524400000;4,8461300000
202200014685;17;11;2022;15:20;1;33;33096;1;1;3;4;AUTOROUTE A 10;44,9069500000; -0,4915700000
202200014686;29;7;2022;21:15;2;94;94017;2;4;1;2;Voie Sonia Delaunay / Avenue des Grands Godets;48,8126500000;2,5317200000
202200014687;16;11;2022;11:00;1;92;92063;1;1;8;6;A86;48,8873652787;2,1662899936
202200014688;28;5;2022;23:40;5;972;97209;2;2;1;3;CHATEAUBOEUF (ROUTE DE);14,6145800000; -61,0512900000
202200014689;17;11;2022;17:30;3;95;95572;1;1;3;5; A15;49,0269147678;2,1296855366
202200014690;29;7;2022;11:00;1;94;94017;2;2;1;3;Rue Alexandre Fourny / Rue Guy Môquet;48,8193200000;2,5146700000
202200014691;29;5;2022;16:00;1;69;69389;2;5;1;3;Quai Jayr;45,7768300000;4,8076100000
202200014692;29;5;2022;19:55;2;2B;2B033;2;2;1;3;IMPERIALE - ROUTE;42,6660200000;9,4394100000
202200014693;29;7;2022;19:05;1;93;93073;2;1;1;3;20 Avenue Pasteur;48,9421381670;2,5728526711
202200014694;16;11;2022;19:20;3;95;95582;1;1;3;3; A15;48,9634678661;2,2642166727
202200014695;29;5;2022;12:28;1;2A;2A004;2;4;1;3;BIANCAMARIA COLONEL ET CAPITAINE AVE;41,9328000000;8,7373800000
202200014696;29;7;2022;20:30;1;93;93059;2;1;1;6;Avenue Ledru Rollin;48,9631600000;2,3701580000
202200014697;19;5;2022;08:00;1;83;83123;1;6;1;3;SAINTE TRINIDE (CHEMIN DE);43,1405200000;5,7969900000
202200014698;16;11;2022;16:10;1;93;93066;1;1;1;5;AUTOROUTE A1;48,9103394083;2,3583054543
202200014699;29;5;2022;07:35;1;81;81163;1;1;1;6;RD 118;43,4390900000;2,3332500000
202200014700;29;7;2022;15:10;1;93;93066;2;1;1;2;Rue du Maréchal Lyautey;48,9286490000;2,3715020000
202200014701;17;11;2022;01:15;3;94;94017;1;1;2;6;A4;48,8264802908;2,5222880130
202200014702;29;5;2022;19:30;1;81;81144;1;1;1;1;SERAYOL HAUT ( CH DU );43,9463605000;2,1847296000
202200014703;16;11;2022;21:30;3;94;94073;1;1;3;3;A86 EXT;48,7701146919;2,3822327243
202200014704;29;7;2022;07:00;1;93;93066;2;1;1;2;Boulevard Anatole France;48,9163200000;2,3391700000
202200014705;16;11;2022;15:30;1;94;94079;1;1;2;2;A4;48,8354458972;2,5387118132
202200014706;27;5;2022;18:15;1;77;77111;2;3;1;1;RUE DES FERMES;48,8765700000;2,7711200000
202200014707;28;7;2022;20:10;1;93;93051;2;3;1;1;Avenue du Pave Neuf / Rue du Docteur Vaillant;48,8363900000;2,5628300000
202200014708;16;11;2022;14:45;1;77;77372;1;1;1;5;A104;48,8891000000;2,6676170000
202200014709;28;5;2022;08:00;1;74;74118;2;1;1;1;DE GAULLE (RUE CHARLES);46,1654500000;6,1874200000
202200014710;16;11;2022;11:30;1;94;94046;1;1;1;4;A86 EXT;48,8040866158;2,4486362017
202200014711;29;7;2022;12:50;1;93;93048;2;1;1;4;Rue de Paris;48,8563270406;2,4263681172
202200014712;29;5;2022;15:10;1;74;74010;2;1;1;1;GENEVE (AVENUE DE)(SECTEUR 410);45,9102700000;6,1238600000
202200014713;20;11;2022;00:50;5;76;76681;2;3;1;6;14 JUILLET. AVENUE DU;49,4055410000;1,1003020000
202200014714;29;7;2022;16:15;1;93;93001;2;1;1;6;Avenue Victor Hugo;48,9098400000;2,3784800000
202200014715;26;8;2022;17:00;1;50;50488;1;1;1;1;RD 57;49,2327040000; -1,1545730000
202200014716;27;5;2022;18:57;1;73;73008;2;6;1;3;D1201 - LATTRE DE TASSIGNY AVENUE DE L';45,6952000000;5,9069400000
202200014717;28;7;2022;13:40;1;92;92062;2;2;1;6;WALLACE (BD RICHARD) DU 17 AU 91 ET DU 3;48,8811231577;2,2372031808
202200014718;2;9;2022;18:00;1;74;74010;2;1;1;1;BERTHOLLET;45,9035200000;6,1219100000
202200014719;29;5;2022;21:56;5;71;71076;2;1;1;1;COTY (RUE RENE);46,7878600000;4,8501000000
202200014720;29;7;2022;12:35;1;92;92051;2;1;1;3;CHARLES DE GAULLE (AVENUE, N°27 A 129);48,8824222412;2,2680748701
202200014721;16;11;2022;15:49;1;974;97416;2;1;1;6;BABET (RUE AUGUSTE); -21,3342700000;55,4811000000
202200014722;28;7;2022;09:15;1;92;92049;2;1;1;7;PERI RUE GABRIEL AUTRES N°;48,8198284323;2,3121430278
202200014723;29;5;2022;19:15;1;69;69275;2;3;1;3;Avenue Normandie Niémen;45,7689100000;4,9376400000
202200014724;15;11;2022;22:32;5;973;97302;2;1;1;6;MONTABO (ROUTE DE) 2;4,9437000000; -52,3074200000
202200014725;29;5;2022;12:25;1;69;69266;2;1;1;6;Avenue Roberto Rossellini;45,7783700000;4,8624100000
202200014726;28;7;2022;19:50;1;92;92040;2;1;1;4;STALINGRAD (QUAI DE);48,8219677727;2,2511613965
202200014727;16;11;2022;22:00;5;69;69387;2;1;1;3;Boulevard des Tchécoslovaques;45,7414900000;4,8567800000
202200014728;29;5;2022;20:25;1;64;64445;2;1;1;3;avenue de Saragosse;43,3080000000; -0,3594200000
202200014729;29;7;2022;12:45;1;92;92007;2;1;1;6;CROIZAT (ROND-POINT AMBROISE);48,7969649556;2,2991289496
202200014730;16;11;2022;11:55;1;69;69386;2;1;1;2;Avenue Maréchal Foch;45,7715191098;4,8432612420
202200014731;28;5;2022;19:40;1;54;54526;2;1;1;2;FRATERNITE (RUE DE LA);48,6937200000;6,2129500000
202200014732;28;5;2022;16:20;1;44;44055;2;1;1;1;6 Boulevard Jean joseph de Cacqueray;47,2863000000; -2,3666200000
202200014733;28;7;2022;18:39;1;92;92007;2;2;1;6;FONTENAY (RUE DE);48,7953481737;2,3007900417
202200014734;29;5;2022;14:30;1;42;42218;2;1;1;3;Rue du 11 Novembre;45,4268700000;4,3905800000
202200014735;16;11;2022;07:55;2;69;69388;2;2;8;6;Rue Denis;45,7301600000;4,8634100000
202200014736;28;7;2022;19:15;1;92;92004;2;1;1;3;MENIL;48,9209354405;2,2835614085
202200014737;27;5;2022;16:15;1;37;37122;2;1;1;2;JEAN JAURES;47,3493620786;0,6673121452
202200014738;28;7;2022;15:34;1;65;65175;1;1;8;6;Route du Port de Balès;42,9156090000;0,5122800000
202200014739;28;5;2022;15:15;1;32;32013;2;9;1;3;HOCHE (AVENUE);43,6470000000;0,5900000000
202200014740;29;5;2022;05:20;3;31;31555;1;1;1;6;VA007355 PURPAN A620 Sortie 29;43,5887400000;1,4006200000
202200014741;15;11;2022;19:30;3;972;97213;1;1;1;4;AUTOROUTE A1;14,6160000000; -61,0150000000
202200014742;27;7;2022;15:40;1;24;24462;1;1;1;7;buree;45,0131930000;0,3612180000
202200014743;29;5;2022;03:00;5;30;30007;2;9;1;6;ANDUZE (AVE);44,1105400000;4,0805900000
202200014744;29;5;2022;21:20;1;17;17311;1;1;1;7;CHEVAILLE (AVENUE DE LA);45,6655100000; -1,0766000000
202200014745;29;7;2022;23:20;3;22;22096;2;1;1;3;Rue de la Croix Saint Hubert;48,5164910000; -2,3354320000
202200014746;16;11;2022;12:51;1;972;97209;2;1;1;2;CLUNY (ROUTE DE);14,6143300000; -61,0817400000
202200014747;30;7;2022;00:30;3;22;22364;1;1;1;7;RN176;48,4425260000; -2,1209840000
202200014748;29;5;2022;20:30;1;13;13106;2;1;1;3;8 MAI 1945 (AVENUE DU);43,3890000000;5,3611700000
202200014749;29;5;2022;17:50;1;13;13103;2;1;1;3;AVENUE PASTEUR-LOUIS;43,6402600000;5,0860000000
202200014750;29;7;2022;16:30;1;42;42284;1;1;1;1;N7;46,0857930000;4,0198370000
202200014751;16;11;2022;12:42;1;972;97209;1;1;1;2;AUTOROUTE (A1);14,6182600000; -61,0362300000
202200014752;29;5;2022;13:55;1;13;13002;2;1;1;2;DES TERMES (ROUTE) RD 908;43,3848812667;5,5596008445
202200014753;28;5;2022;20:00;1;13;13070;2;1;1;7;VOLTAIRE (BOULEVARD);43,2816700000;5,5241300000
202200014754;29;7;2022;16:10;1;974;97414;1;1;1;6;RN1; -21,2855160000;55,3972350000
202200014755;16;11;2022;14:45;1;69;69149;2;2;1;6;Rue Marceau;45,7149800000;4,8097900000
202200014756;28;5;2022;09:45;1;07;07186;2;1;1;2;;44,7256100000;4,6004900000
202200014757;25;7;2022;13:00;1;41;41114;1;1;1;6;Aire de Brusolles - Autoroute A10;47,7598170000;1,5554400000
202200014758;16;11;2022;10:30;1;69;69034;1;9;1;2;Tunnel du Quai Bellevue;45,7877800000;4,8607700000
202200014759;29;5;2022;11:30;1;07;07281;2;1;1;2;TRAMWAY (CHEMIN DU);44,9402480000;4,8297570000
202200014760;29;7;2022;17:10;1;38;38239;1;1;1;1;Route du Ri-d Olon;45,3358840000;5,5413580000
202200014761;29;5;2022;20:30;2;75;75112;2;1;1;3;BD PERIPHERIQUE EXTERIEUR;48,8271410000;2,3910300000
202200014762;16;11;2022;19:25;5;2B;2B033;2;1;1;6;VEZZANI - RUE CESAR;42,6870000000;9,4450000000
202200014763;29;5;2022;19:30;1;75;75114;2;1;1;3;BD PERIPHERIQUE INTERIEUR;48,8217326715;2,3179312322
202200014764;29;5;2022;08:00;1;75;75119;2;1;1;2;BD PERIPHERIQUE EXTERIEUR;48,9003340000;2,3807850000
202200014765;30;7;2022;09:00;1;84;84091;2;3;1;3;1985 Avenue de Provence;44,1762370000;4,7611460000
202200014766;16;11;2022;08:53;1;2B;2B033;2;1;2;3;DANESI - BLD BENOITE;42,6957000000;9,4420000000
202200014767;27;5;2022;23:30;5;75;75120;2;1;1;7;ECHANGEUR BAGNOLET;48,8647742768;2,4130226015
202200014768;29;5;2022;18:10;1;75;75119;2;3;1;3;AVENUE JEAN JAURES;48,8830810000;2,3714630000
202200014769;21;10;2022;20:30;4;971;97105;2;3;1;4;VICTOR HUGUES (RUE);15,9947600000; -61,7255500000
202200014770;29;5;2022;18:50;1;75;75118;2;2;1;3;AVENUE DE LA PORTE DE MONTMARTRE;48,8991470000;2,3362810000
202200014771;16;11;2022;19:05;3;91;91347;1;1;2;2;CHE DES MARCOUSSETS;48,6560290000;2,2897410000
202200014772;29;5;2022;08:55;1;75;75118;2;4;1;6;BOULEVARD ORNANO;48,8936399448;2,3479606801
202200014773;16;11;2022;08:30;2;91;91021;2;1;1;5;AV DE LA COMMUNE DE PARIS;48,5881400000;2,2444300000
202200014774;29;5;2022;07:40;1;75;75116;2;2;1;3;BOULEVARD FLANDRIN;48,8685968685;2,2741519867
202200014775;30;7;2022;08:15;1;38;38429;1;1;1;1;Route Départementale 1075;44,8698610000;5,6198070000
202200014776;16;11;2022;17:35;5;91;91477;2;1;2;6;BARA (BOULEVARD);48,7176500000;2,2459300000
202200014777;24;7;2022;18:55;1;23;23263;1;1;1;1;;46,3284143924;1,7189311981
202200014778;29;5;2022;14:10;1;75;75115;2;3;1;3;RUE CASTAGNARY;48,8306736555;2,3063046147
202200014779;16;11;2022;09:00;1;91;91692;1;6;2;6;R.N 446;48,6754400000;2,1943300000
202200014780;8;7;2022;14:55;1;35;35173;2;7;1;6;Place de l Eglise;48,2172986983; -1,6972012818
202200014781;16;11;2022;18:40;5;91;91201;2;1;2;6;RUE WALDECK ROUSSEAU;48,6876540000;2,4335700000
202200014782;26;6;2022;18:35;1;56;56101;1;1;1;7;N24 sens Lorient/Rennes;47,8324030000; -3,1879660000
202200014783;30;7;2022;07:15;1;2B;2B050;2;1;1;1;rue albert premier;42,5673400000;8,7572570000
202200014784;16;11;2022;17:45;3;91;91514;1;1;3;4;CD 33;48,6768600000;2,5259630000
202200014785;29;5;2022;14:35;1;75;75104;2;2;1;6;RUE DU RENARD;48,8583512297;2,3519472897
202200014786;29;7;2022;18:00;1;2B;2B152;2;1;1;1;Santa Severa;42,8881830000;9,4742140000
202200014787;16;11;2022;14:30;1;82;82033;1;1;1;1;SAINT AIGNAN (ROUTE DE) ;44,0303400000;1,0946800000
202200014788;30;7;2022;13:10;1;65;65317;1;1;1;7;D618;42,8131100000;0,4282840000
202200014789;29;5;2022;14:30;1;75;75104;2;3;8;6;RUE DE RIVOLI;48,8572970000;2,3523800000
202200014790;29;7;2022;18:15;1;65;65017;1;1;5;7;Rd 929, Pk 79+100;42,8173850000;0,1959300000
202200014791;14;11;2022;09:30;1;78;78402;2;1;1;1;RUE DE CHAUFFOUR;48,9513390000;1,7943010000
202200014792;29;5;2022;13:30;1;94;94046;2;1;1;3;Rue Jean Jaurès;48,7899752236;2,4352204799
202200014793;29;5;2022;22:17;3;94;94046;2;1;1;6;251t Avenue du Général Leclerc;48,8041100000;2,4444500000
202200014794;29;7;2022;14:30;1;33;33363;1;3;1;3;Carrefour D115 et D14;44,7681600000; -0,4193600000
202200014795;16;11;2022;18:00;5;77;77131;2;1;2;6;VICTOR HUGO (AVENUE);48,8148510000;3,0816720000
202200014796;29;7;2022;09:00;1;32;32285;1;1;2;7;En Martin;43,5508340000;0,3641370000
202200014797;29;5;2022;21:05;1;93;93073;2;6;1;6;Avenue de la Resistance / Rue Leon Blum;48,9474400000;2,5665700000
202200014798;30;7;2022;17:50;1;71;71061;1;2;1;7;RD971;46,5639500000;5,0295070000
202200014799;15;11;2022;13:30;1;76;76351;2;2;2;3;GENERAL LECLERC;49,4946200000;0,1092100000
202200014800;29;5;2022;03:12;5;93;93059;2;1;1;1;Rue Parmentier;48,9716619292;2,3754702508
202200014801;30;7;2022;12:00;1;89;89316;1;1;1;7;D86;47,5405560000;3,9519350000
202200014802;29;7;2022;17:00;1;89;89286;1;1;1;7;;47,7462490000;3,3740900000
202200014803;29;5;2022;17:30;1;93;93066;2;1;1;6;Avenue de la Métallurgie;48,9092700000;2,3620200000
202200014804;15;11;2022;17:45;5;72;72181;2;2;1;3;BERANGER (RUE) N° PAIRS JUSQU'A 126;48,0016000000;0,1863000000
202200014805;30;7;2022;16:00;1;55;55574;1;1;1;7;D966;48,4998044824;5,6005965080
202200014806;29;5;2022;12:30;1;93;93010;2;3;1;3;Route de Villemomble / Allée des Tilleuls;48,8930720000;2,4839280000
202200014807;14;3;2022;15:40;1;49;49007;2;1;1;6;GARE PLACE;47,4658200000; -0,5571300000
202200014808;16;11;2022;06:25;5;71;71076;2;2;2;3;HUIT MAI 1945 (AVENUE);46,7829800000;4,8470200000
202200014809;29;5;2022;14:42;1;92;92020;2;1;8;2;PARIS AVENUE DE N°84 A FIN;48,8104223044;2,2989851832
202200014810;15;3;2022;17:00;1;45;45232;2;1;1;3;Rue de la Bergeresse;47,8468630604;1,9144609273
202200014811;30;7;2022;00:45;4;49;49331;1;1;1;2;D 961;47,6461350000; -0,8598950000
202200014812;29;5;2022;14:35;1;92;92026;2;6;1;2;BEZONS (DE 23 A FIN);48,8933800000;2,2522200000
202200014813;29;5;2022;17:20;1;85;85054;1;1;1;7;VC Le Bois Hermier;46,7012380000; -1,7180090000
202200014814;15;3;2022;13:00;1;45;45234;2;2;1;3;Avenue de la Bolière;47,8364045040;1,9325652123
202200014815;30;5;2022;08:35;1;35;35178;2;1;1;3;Rue du Couesnon;48,3014713377; -1,4322238415
202200014816;15;3;2022;07:55;1;43;43157;2;1;1;1;10 Boulevard Marechal Joffre;45,0474900000;3,8929300000
202200014817;14;3;2022;16:40;1;42;42316;1;1;8;6;Rue Charles de Gaulle;45,4005700000;4,2560400000
202200014818;29;5;2022;16:40;1;35;35037;1;1;1;6;D36;48,0419390000; -1,8860650000
202200014819;16;11;2022;12:00;1;69;69266;2;2;1;6;Rue du 4 Septembre 1797;45,7618030794;4,8725920915
202200014820;15;3;2022;07:40;1;38;38563;2;2;8;6;HUIT-MAI 1945 (AVENUE DU);45,3709000000;5,5798800000
202200014821;30;5;2022;16:50;1;27;27188;1;2;1;5;D321;49,2990880000;1,0786830000
202200014822;28;5;2022;09:49;1;59;59049;1;1;1;3;D103;50,0685809476;3,2127714157
202200014823;15;3;2022;17:20;1;38;38185;2;1;1;5;RUE LESDIGUIÈRES;45,1880683294;5,7299390470
202200014824;5;10;2022;19:20;1;69;69259;2;2;1;2;Avenue du 11 Novembre 1918;45,6908000000;4,8660700000
202200014825;29;5;2022;04:25;3;59;59129;1;1;8;6;D549;50,5035260000;3,1767170000
202200014826;15;3;2022;16:15;1;35;35055;1;1;1;3;RD 173;48,0778000000; -1,6320000000
202200014827;27;5;2022;17:45;1;59;59524;2;1;1;6;947 Rue Gambetta;50,5692410000;2,8918460000
202200014828;16;11;2022;09:30;1;69;69290;2;9;1;6;Route de Lyon;45,7049600000;4,9123700000
202200014829;15;3;2022;16:10;1;35;35238;2;6;1;2;Rue de Saint-Brieuc;48,1180100000; -1,7139400000
202200014830;29;5;2022;00:50;5;13;13214;1;1;1;3;A507 sens Marseille - Aubagne;43,3346091941;5,3824549913
202200014831;15;3;2022;12:30;1;35;35238;2;1;1;6;Mail François Mitterrand;48,1083820000; -1,6939090000
202200014832;27;5;2022;22:41;5;13;13055;1;1;1;3;A507 sens Aubagne- Marseille;43,3068400000;5,4256000000
202200014833;15;11;2022;17:10;5;67;67482;2;3;1;3;LYON (BOULEVARD DE);48,5795200000;7,7309700000
202200014834;11;3;2022;19:10;3;34;34032;1;1;3;1;ROUTE D'AGDE (RD 612B);43,3247200000;3,2467700000
202200014835;16;11;2022;12:50;1;64;64445;2;1;1;6;avenue de Montardon;43,3150600000; -0,3757500000
202200014836;28;5;2022;21:20;1;69;69266;1;1;1;2;Boulevard Laurent Bonnevay;45,7831200000;4,8920100000
202200014837;15;3;2022;13:30;1;33;33075;2;1;1;5;Rue Pascal Triat;44,8771600000; -0,6215200000
202200014838;15;11;2022;19:45;5;64;64348;1;6;3;3;Avenue du Tonkin;43,3171800000; -0,3949400000
202200014839;29;5;2022;01:50;5;33;33013;1;1;1;2;ROUTE NATIONALE 230;44,8500000000; -0,5040000000
202200014840;14;3;2022;11:25;1;33;33063;2;3;1;3;Boulevard du Président Wilson;44,8376380558; -0,5991647087
202200014841;15;11;2022;18:15;4;64;64445;2;1;3;6;rue Henri IV;43,2946050000; -0,3723100000
202200014842;29;5;2022;20:40;2;91;91689;1;1;1;2;AUTOROUTE A6;48,7236900000;2,3125300000
202200014843;29;5;2022;19:35;1;92;92002;1;1;1;7;AUTOROUTE A86;48,7625406615;2,3024358451
202200014844;27;2;2022;00:50;5;30;30189;2;3;1;3;Boulevard Victor Hugo;43,8383000000;4,3556500000
202200014845;16;11;2022;13:15;1;60;60057;2;1;1;3;Rue du Maréchal Leclerc;49,4339880000;2,0757540000
202200014846;15;3;2022;11:35;1;29;29039;1;1;1;1;D70 - Colguen;47,9007048591; -3,9107716084
202200014847;28;5;2022;21:30;2;91;91161;1;1;1;7;AUTOROUTE A6;48,7038600000;2,3068700000
202200014848;16;11;2022;10:10;1;59;59599;2;1;1;6;HALLUIN (BOULEVARD D');50,7327385111;3,1354326010
202200014849;13;3;2022;05:19;5;19;19272;2;1;8;6;Dr Valette (Rue);45,2590983062;1,7517120838
202200014850;13;11;2022;16:48;1;59;59009;2;1;1;3;OUEST BOULEVARD DE L;50,6354878038;3,1217882037