Num_Acc;jour;mois;an;hrmn;lum;dep;com;agg;int;atm;col;adr;lat;long
202200015100;22;12;2022;01:15;5;75;75120;2;4;2;6;BD PERIPHERIQUE INTERIEUR;48,8669420000;2,4132200000
202200015101;4;2;2022;08:50;1;972;97209;1;1;1;4;BISHOP (Avenue Maurice);14,6105000000; -61,0546400000
202200015102;16;3;2022;17:00;1;74;74220;1;1;1;5;Route d Annemasse;46,1455520000;6,2651250000
202200015103;21;12;2022;09:40;1;75;75116;2;2;1;3;ROUTE DE LA PTE DAUPHINE A LA PTE DES SA;48,8749450000;2,2711300000
202200015104;3;2;2022;07:25;1;971;97120;1;6;1;6;MORNE BALLET;16,2240900000; -61,5264800000
202200015105;26;5;2022;20:15;2;57;57343;1;1;1;3;d1;49,3284780000;6,1818050000
202200015106;16;3;2022;07:10;1;69;69206;2;6;1;7;Route Départementale 306;46,0515260000;4,7221850000
202200015107;22;12;2022;18:20;5;75;75105;2;2;2;6;AVENUE DE L OBSERVATOIRE;48,8396966895;2,3366836900
202200015108;4;2;2022;17:04;1;2A;2A004;2;1;1;6;KENNEDY AV PRESIDENT;41,9307633741;8,7366376519
202200015109;29;5;2022;01:45;3;51;51636;1;1;1;7;D26;49,1170610000;4,1993090000
202200015110;15;3;2022;22:15;3;69;69019;2;1;1;7;Route Départementale 337;46,1053900000;4,7545700000
202200015111;4;2;2022;15:50;1;2A;2A004;2;1;1;6;NAPOLEON COURS AVANT BEVERINI;41,9195300000;8,7369000000
202200015112;16;3;2022;15:15;1;64;64550;1;1;1;6;Cote Lanabert;43,2484070000; -0,3564280000
202200015113;22;12;2022;14:50;1;75;75118;2;3;2;3;RUE RAMEY;48,8888229661;2,3465688491
202200015114;28;5;2022;18:55;1;51;51641;1;1;7;7;Entre les Chemins;48,8287770000;3,8184300000
202200015115;3;2;2022;15:05;1;91;91103;2;1;1;7;RUE DE L'ORGE;48,6171000000;2,3004000000
202200015116;22;12;2022;11:30;1;75;75118;2;4;8;3;BOULEVARD DE ROCHECHOUART;48,8837070000;2,3482860000
202200015117;15;3;2022;10:30;1;80;80212;2;3;1;6;Rue Jean et Marcellin Truquin;49,9087080000;2,5122110000
202200015118;9;5;2022;04:40;3;51;51227;1;1;1;2;D2;48,9043020000;4,3725050000
202200015119;15;3;2022;07:23;2;59;59084;1;1;1;7;D943;50,6809280000;2,3775110000
202200015120;4;2;2022;08:10;2;91;91377;2;1;2;6;AV DU NOYER LAMBERT;48,7302400000;2,2893300000
202200015121;28;5;2022;16:14;1;19;19261;1;1;1;7;rd 117;45,7163380000;2,1749500000
202200015122;22;12;2022;19:54;5;75;75116;2;7;2;2;BOULEVARD LANNES;48,8631652004;2,2685671037
202200015123;15;3;2022;18:53;2;13;13214;1;1;1;2;A507 sens Marseille - Aubagne;43,3345155594;5,3826210796
202200015124;4;2;2022;11:45;1;91;91114;2;3;2;6;PL DE LA MAIRIE;48,6900000000;2,5000000000
202200015125;28;5;2022;06:08;2;56;56047;2;1;1;2;Crezadio;48,0312640000; -2,7903130000
202200015126;21;12;2022;07:10;5;75;75116;2;7;8;3;PLACE VICTOR HUGO;48,8695652125;2,2851327464
202200015127;3;2;2022;12:20;1;91;91691;2;2;1;3;GABRIEL PERI(RUE) DU N°124 AU N°183;48,6992300000;2,4868700000
202200015128;15;3;2022;07:56;1;13;13202;1;1;1;5;A55-Sens Martigues vers Marseille;43,3167612507;5,3643612350
202200015129;27;5;2022;00:45;4;56;56251;1;1;1;7;Route de Nantes D779bis;47,6482310000; -2,7068370000
202200015130;4;2;2022;18:35;5;91;91326;2;9;2;6;DANTON (RUE);48,6920600000;2,3865800000
202200015131;22;12;2022;19:05;5;75;75115;2;4;2;6;RUE VIALA;48,8502830000;2,2901520000
202200015132;15;3;2022;08:30;1;13;13106;1;1;8;2;A7-Sens Lyon vers Marseille;43,3887800000;5,3509400000
202200015133;4;2;2022;08:30;1;91;91027;2;1;2;6;RUE DES FROIDES BOUILLIES;48,7048100000;2,3633000000
202200015134;28;5;2022;11:30;1;56;56195;2;1;1;2;32 Boulevard de Bretagne;47,5211350000; -2,2998760000
202200015135;22;12;2022;12:05;1;75;75114;2;1;2;3;AVENUE DENFERT ROCHEREAU;48,8356190000;2,3335800000
202200015136;14;3;2022;15:45;1;13;13071;1;1;1;3;A55 - Sens Marseille vers Martigues;43,3816400000;5,3151700000
202200015137;3;2;2022;07:05;5;86;86194;2;1;1;1;Boulevard Savari;46,5758200000;0,3817090000
202200015138;29;5;2022;11:45;1;74;74208;2;1;1;2;Avenue Henri Ducoudray;45,9238890000;6,6915440000
202200015139;22;12;2022;07:35;5;75;75107;2;4;3;6;BOULEVARD SAINT GERMAIN;48,8621821243;2,3196394712
202200015140;17;1;2022;13:45;1;84;84007;2;9;1;6;MONTFAVET (Route);43,9407600000;4,8274400000
202200015141;14;3;2022;12:59;1;13;13005;1;1;1;5;A502-Sens Aubagne vers Toulon par R.N.;43,2839100000;5,5915700000
202200015142;27;5;2022;08:35;1;74;74104;2;1;1;2;1535 Route d Annecy;45,7913140000;6,2153220000
202200015143;22;12;2022;10:02;1;75;75113;2;1;8;3;QUAI D AUSTERLITZ;48,8433070000;2,3659820000
202200015144;1;2;2022;11:00;1;83;83061;2;1;1;6;RUE DES COMBATTANTS D'AFRIQUE DU NORD;43,4512080954;6,7270293832
202200015145;14;3;2022;08:38;1;13;13212;2;1;1;5;A507 sens Marseille - Aubagne;43,3033350000;5,4253990000
202200015146;21;12;2022;19:30;5;75;75113;2;4;2;6;RUE DE TOLBIAC;48,8256950000;2,3484690000
202200015147;27;5;2022;20:15;1;76;76680;1;1;1;1;D75;49,7116290000;0,5594500000
202200015148;4;2;2022;16:05;1;78;78418;2;6;2;3;HENRI RICHAUME (RUE);48,9119500000;2,1464900000
202200015149;14;3;2022;09:00;1;13;13214;1;1;1;3;A507 sens Marseille - Aubagne;43,3343360000;5,3829390000
202200015150;22;12;2022;17:20;2;75;75102;2;2;2;6;RUE REAUMUR;48,8685470000;2,3419040000
202200015151;14;3;2022;18:02;1;83;83144;1;1;1;6;A57;43,1334900000;5,9847600000
202200015152;4;2;2022;14:00;1;78;78440;2;1;1;6;AMPERE (RUE);48,9972490000;1,9133130000
202200015153;9;3;2022;16:50;1;69;69282;1;1;1;6;Route Départementale 302;45,7488049961;4,9946214840
202200015154;26;5;2022;12:00;1;2B;2B251;2;9;1;1;D 244 croisement strada I Piobbi;42,0065900000;9,3860390000
202200015155;4;2;2022;08:30;2;78;78401;2;9;1;1;MAURICE BERTEAUX (RUE);49,0043270000;1,9068530000
202200015156;22;12;2022;18:00;5;94;94081;2;1;2;6;ABBE ROGER DERRY (AV DE L);48,7905700000;2,3925680000
202200015157;15;3;2022;16:20;1;94;94065;1;1;1;4;AUTOROUTE A86;48,7546800000;2,3474500000
202200015158;27;5;2022;04:05;3;80;80184;1;2;1;3;route CD 42;49,9019880000;2,6106260000
202200015159;21;12;2022;21:35;5;94;94068;2;1;2;2;LIBERATION (AV DE LA);48,8128100000;2,4796600000
202200015160;15;3;2022;04:35;3;91;91161;1;1;2;2;AUTOROUTE A6;48,6973000000;2,3154700000
202200015161;22;1;2022;18:52;5;78;78643;1;6;1;3;EUROPE BD DE L';48,9657400000;1,9913900000
202200015162;14;3;2022;23:21;3;91;91136;1;1;1;2;AUTOROUTE A10;48,7162300000;2,2665100000
202200015163;26;5;2022;14:10;1;80;80177;1;2;1;3;D.44;49,9059330000;2,9936240000
202200015164;22;12;2022;17:45;5;94;94003;2;3;2;6;AQUEDUCS (AV DES);48,8002000000;2,3314800000
202200015165;15;3;2022;18:41;3;78;78423;1;1;1;3;RN12;48,7944060000;2,0499810000
202200015166;4;2;2022;21:10;3;77;77384;2;3;1;3;D57;48,6119600000;2,6390500000
202200015167;26;5;2022;15:45;1;80;80629;1;1;1;3;D.1029;49,8789430000;3,1124090000
202200015168;14;3;2022;18:00;1;92;92025;1;1;1;2;A86;48,9226735411;2,2277525686
202200015169;21;12;2022;19:15;5;94;94043;2;3;2;3;Rue de la Convention;48,8123600000;2,3525700000
202200015170;4;2;2022;11:15;1;77;77053;2;1;1;6;RUE DU GENERAL LECLERC;48,6920900000;2,6125500000
202200015171;26;5;2022;12:46;1;65;65217;2;4;1;7;D526;43,0544670000;0,4552940000
202200015172;14;3;2022;09:20;1;92;92036;1;1;1;3;RN315 Y;48,9221909685;2,3058025650
202200015173;22;12;2022;09:15;1;94;94041;2;1;2;2;Avenue Maurice Thorez;48,8141000000;2,3797100000
202200015174;4;2;2022;19:45;5;76;76231;2;1;1;6;Cours Carnot;49,2871000000;1,0159200000
202200015175;27;5;2022;23:53;3;33;33343;2;1;1;6;;44,5604020000; -0,3608320000
202200015176;20;12;2022;19:17;5;94;94033;2;1;2;6;Avenue de Neuilly;48,8475270000;2,4874170000
202200015177;14;3;2022;06:45;1;78;78133;1;1;1;4;A13;48,8942600000;2,0076620000
202200015178;4;2;2022;11:15;1;76;76108;1;1;1;2;Route de Neufchâtel;49,4722200000;1,1345500000
202200015179;4;2;2022;16:00;1;71;71306;2;1;1;7;GENERAL DE GAULLE (QUAI DU);46,6729400000;4,3602000000
202200015180;29;5;2022;16:30;1;81;81070;1;1;1;2;Le pendut;43,7934640000;1,7579950000
202200015181;15;3;2022;19:50;3;95;95604;1;1;1;2; A1;49,0967401085;2,5502523780
202200015182;21;12;2022;10:50;1;94;94053;2;1;8;2;Avenue Pierre Mendès France;48,7731000000;2,5459100000
202200015183;15;3;2022;18:40;2;95;95306;1;1;2;7; A15;49,0013277596;2,1722513437
202200015184;28;5;2022;18:00;1;32;32166;1;1;1;6;RD112;43,8151210000;0,3205960000
202200015185;15;3;2022;15:10;1;95;95572;1;1;8;6; A15;49,0333194743;2,1055662632
202200015186;22;12;2022;08:25;1;94;94075;1;3;2;3;MARECHAL DE LATTRE DE TASSIGNY (AV);48,7274600000;2,5311400000
202200015187;4;2;2022;15:30;1;69;69264;2;3;1;4;Boulevard Gambetta;45,9898900000;4,7150800000
202200015188;28;5;2022;22:30;3;32;32154;1;1;1;6;D40;43,8140610000;0,8480390000
202200015189;2;2;2022;10:38;1;66;66136;2;1;1;1;SALANQUE (AVENUE DE);42,7260100000;2,8934900000
202200015190;15;3;2022;07:30;2;95;95252;1;1;3;3;A15;48,9814200000;2,2226000000
202200015191;28;5;2022;21:50;5;71;71014;2;1;1;6;38 Rue du Faubourg d Arroux;46,9599910000;4,2952760000
202200015192;22;12;2022;07:45;5;94;94002;2;6;3;1;VILLENEUVE ST GEORGES (CHE DE);48,7819966140;2,4285471504
202200015193;27;5;2022;13:15;1;89;89204;2;9;1;7;44 Avenue du Parc;47,5830270000;4,0053130000
202200015194;22;12;2022;19:20;5;93;93039;2;9;2;1;Boulevard Marcel Paul;48,9197150000;2,3270930000
202200015195;15;3;2022;08:00;1;94;94073;1;1;3;4;A86 INT;48,7688459978;2,3791999315
202200015196;4;2;2022;10:12;1;65;65440;2;2;1;1;BRIAND (AVENUE ARISTIDE);43,2245220000;0,0652600000
202200015197;15;3;2022;08:00;1;94;94017;1;1;2;2;A4;48,8304400000;2,4935200000
202200015198;19;12;2022;19:50;5;93;93066;2;1;1;3;Boulevard de la Libération;48,9315400000;2,3418100000
202200015199;3;2;2022;20:00;5;64;64102;2;1;1;4;Avenue Henri de Navarre;43,4956200000; -1,4517000000
202200015200;15;3;2022;07:30;3;94;94073;1;1;1;2;A86 EXT;48,7580284325;2,3841329967
202200015201;22;12;2022;13:15;1;93;93064;2;1;2;6;Rue des Sycomores;48,8758970000;2,4698540000
202200015202;3;2;2022;11:50;1;64;64024;2;1;1;7;Rue de Labouheyre;43,4806300000; -1,5338200000
202200015203;6;5;2022;09:50;1;61;61342;2;3;1;3;Rue Trémont de Boisthorel;48,7500490000;0,5718680000
202200015204;14;3;2022;09:30;1;93;93051;1;1;1;2;A4;48,8357000000;2,5698000000
202200015205;3;2;2022;10:15;1;64;64024;2;1;1;2;Rue de Hausquette;43,4937100000; -1,5099300000
202200015206;27;5;2022;21:30;2;61;61278;2;2;1;3;D18;48,7130520000; -0,5386840000
202200015207;22;12;2022;14:30;1;93;93062;2;6;3;3;Boulevard du Midi / Allée de Montfermeil;48,8955000000;2,5264700000
202200015208;13;3;2022;23:00;5;75;75107;2;2;1;6;AVENUE SILVESTRE DE SACY;48,8589330000;2,2968490000
202200015209;24;5;2022;16:55;1;61;61055;1;1;1;6;Lotissement des Courtils;48,6500400000; -0,0888880000
202200015210;5;1;2022;14:30;1;75;75117;2;1;1;7;NON DENOMMEE BP/17;48,8903730000;2,3120270000
202200015211;3;2;2022;07:15;5;64;64102;2;3;1;3;Allées Boufflers;43,4914500000; -1,4693700000
202200015212;22;12;2022;21:13;5;93;93029;2;3;1;1;Avenue Marceau / Rue Rouget de Lisle;48,9293100000;2,4337300000
202200015213;14;3;2022;19:45;5;75;75120;2;3;1;6;RUE DE PALI KAO;48,8695800000;2,3799890000
202200015214;4;2;2022;07:35;4;63;63014;2;1;1;6;MEUNIERS (RUE DES);45,7627900000;3,1049800000
202200015215;27;5;2022;15:25;1;12;12121;2;1;7;3;La Ramondie;44,4302630000;2,1696710000
202200015216;22;12;2022;21:00;5;93;93013;2;1;2;1;Rue du Chevalier de la Barre;48,9309487109;2,4241966009
202200015217;4;2;2022;18:50;5;59;59512;2;1;1;1;GAMBETTA ( BOULEVARD);50,6924000000;3,1836900000
202200015218;14;3;2022;15:45;1;75;75119;2;2;1;3;RUE MATHIS;48,8910770000;2,3737160000
202200015219;22;12;2022;12:10;1;93;93027;2;1;1;6;Boulevard Pasteur;48,9268463136;2,3849505186
202200015220;28;5;2022;11:15;1;12;12153;1;1;1;6;RD 993 ;44,0704280000;2,9050790000
202200015221;14;3;2022;19:00;5;75;75117;2;1;1;6;RUE DE TOCQUEVILLE;48,8837460000;2,3120840000
202200015222;3;2;2022;19:30;5;59;59165;2;1;2;6;ROBESPIERRE (RUE MAXIMILIEN);50,3834300000;3,0566400000
202200015223;9;9;2022;17:38;1;94;94016;1;1;2;3;AUTOROUTE A6B;48,7939736481;2,3445574029
202200015224;22;12;2022;08:10;2;93;93029;2;3;2;3;Rue de Stalingrad / Rue Romain Rolland;48,9156390000;2,4263360000
202200015225;3;2;2022;12:15;1;58;58194;2;1;1;3;JULES VERNE;46,9930000000;3,1317000000
202200015226;26;5;2022;17:30;1;42;42333;1;1;1;1;Route de Mars;46,1353652986;4,2364321947
202200015227;14;3;2022;09:20;1;75;75116;2;3;1;5;AVENUE DE LA GRANDE ARMEE;48,8768900000;2,2852820000
202200015228;22;12;2022;16:50;1;92;92077;2;9;8;6;LAROCHE (PLACE CHARLES);48,8265463677;2,1892120242
202200015229;9;9;2022;08:45;1;91;91228;1;1;1;2;RN 104;48,6290000000;2,4110000000
202200015230;2;2;2022;18:34;3;57;57672;2;1;1;6;LEIDT (CHEMIN);49,3459100000;6,1586300000
202200015231;27;5;2022;18:30;1;46;46145;1;1;1;7;D820;44,9071220000;1,4858790000
202200015232;14;3;2022;14:10;1;75;75116;2;1;1;7;ROUTE DE SEVRES A NEUILLY;48,8521810000;2,2368010000
202200015233;14;3;2022;08:00;1;75;75116;2;1;1;1;ALLEE DU BORD DE L EAU;48,8695970000;2,2378570000
202200015234;22;12;2022;21:59;4;92;92050;2;3;2;3;PREMIER MAI RUE DU;48,9074500000;2,2120300000
202200015235;3;2;2022;12:35;1;56;56162;2;6;1;3;16 Rue de Queven;47,7399800000; -3,4274100000
202200015236;9;9;2022;16:53;1;78;78073;1;1;8;5;A12 Y;48,7995900000;2,0450230000
202200015237;28;5;2022;16:30;1;34;34332;1;1;1;4;Route Departementale 612;43,3081410000;3,4354650000
202200015238;14;3;2022;09:30;1;75;75116;2;3;1;6;RUE D AUTEUIL;48,8478580000;2,2651140000
202200015239;9;9;2022;18:20;1;92;92012;1;1;1;6;A13;48,8484231922;2,2299721348
202200015240;27;5;2022;18:30;1;34;34323;1;1;7;1;D908;43,6068893488;3,3120138424
202200015241;4;2;2022;23:10;5;54;54395;2;1;2;3;LECLERC (AV. DU GENE;48,6765008630;6,1774009466
202200015242;21;12;2022;14:30;1;92;92020;2;3;3;1;VANVES BOULEVARD N° IMPAIRS;48,8099400000;2,2825800000
202200015243;8;9;2022;00:00;3;95;95488;1;1;2;6; A15;49,0159986539;2,1441444755
202200015244;14;3;2022;10:15;1;75;75113;2;2;1;3;BOULEVARD VINCENT AURIOL;48,8362700000;2,3711610000
202200015245;27;5;2022;13:55;1;34;34028;1;1;1;1;D909;43,6037260000;3,1656290000
202200015246;14;3;2022;09:45;1;75;75112;2;1;1;3;BOULEVARD DIDEROT;48,8476880000;2,3897500000
202200015247;4;2;2022;19:00;4;54;54300;2;1;2;3;GALTIER (RUE LUCIEN);48,6624335770;6,2207078934
202200015248;9;9;2022;17:20;1;94;94017;1;1;1;4;A4;48,8303228960;2,4893496496
202200015249;14;3;2022;18:00;1;75;75111;2;1;1;6;RUE DE LA PETITE PIERRE;48,8546550000;2,3899410000
202200015250;22;12;2022;14:50;1;92;92036;1;9;3;6;LOUISE MICHEL (PAIRS);48,9221750000;2,3200370000
202200015251;26;5;2022;17:20;1;39;39022;2;1;1;6;Route de Lons le Saunier;46,9449560000;5,4158090000
202200015252;4;2;2022;17:50;5;54;54395;2;1;2;2;FOCH (AVENUE 18 ET 9 A FIN);48,6873717394;6,1701214314
202200015253;14;3;2022;09:20;1;75;75111;2;3;1;6;BOULEVARD RICHARD LENOIR;48,8600750000;2,3725890000
202200015254;20;12;2022;19:50;5;92;92036;2;3;3;6;GENERAL DE GAULLE (AVENUE) (PAIRS);48,9337603237;2,3136238754
202200015255;12;3;2022;23:12;5;75;75108;2;1;2;2;AVENUE DES CHAMPS ELYSEES;48,8698220000;2,3075120000
202200015256;8;9;2022;19:30;3;976;97611;2;1;1;5;kaweni-Abondance ( rue de l' ); -12,7682100000;45,2244700000
202200015257;27;5;2022;14:15;1;29;29068;1;2;1;3;La Croix Neuve;48,5797870000; -3,9420320000
202200015258;21;12;2022;21:30;5;92;92026;2;1;2;6;VERDUN (DE 01 A 61);48,8992993205;2,2618821859
202200015259;4;2;2022;01:57;5;54;54395;2;2;2;3;LOBAU (BOULEVARD);48,6869650000;6,1950580000
202200015260;14;3;2022;06:56;2;75;75107;2;3;1;2;QUAI ANATOLE FRANCE;48,8611090000;2,3242020000
202200015261;8;9;2022;16:30;1;974;97416;1;1;1;4;RN02; -21,3400000000;55,4900000000
202200015262;28;5;2022;03:15;3;29;29199;1;2;1;6;La Croix Rouge;48,5788925250; -3,7963685980
202200015263;23;12;2022;16:20;1;37;37031;1;1;1;3;route de Tours;47,2894521933;0,1630997658
202200015264;12;3;2022;12:04;1;75;75107;2;3;1;3;QUAI BRANLY;48,8590790000;2,2932700000
202200015265;8;9;2022;09:40;1;974;97407;2;1;1;7;MASCAREIGNES(BOULEVARD); -20,9465600000;55,3042700000
202200015266;3;2;2022;11:05;1;51;51454;2;3;1;2;Rue de Louvois;49,2317200000;4,0340000000
202200015267;13;3;2022;14:05;1;75;75102;2;2;2;6;PLACE DE LA BOURSE;48,8689140000;2,3401080000
202200015268;27;5;2022;22:20;2;29;29211;1;3;1;2;D764 - Pen Menez;48,3464810000; -3,7708640000
202200015269;4;2;2022;15:15;1;50;50147;2;1;1;6;DIVISION LECLERC;49,0640560000; -1,4330170000
202200015270;23;12;2022;15:30;1;01;01371;1;1;2;1;D1083;45,9605140000;5,0021480000
202200015271;7;9;2022;16:00;1;974;97407;1;3;1;3;BAUDELAIRE(RUE); -20,9392800000;55,3057000000
202200015272;12;3;2022;20:35;5;94;94076;2;2;2;6;Avenue du Moulin de Saquet;48,7900200000;2,3742200000
202200015273;28;5;2022;06:00;2;29;29015;1;1;1;7;Kerbeoch;48,5072240000; -4,5072260000
202200015274;5;2;2022;00:00;5;49;49007;2;1;1;1;SALPINTE;47,4486300000; -0,5511200000
202200015275;20;12;2022;13:10;1;973;97353;1;1;1;7;piste sophie;3,6616550000; -54,0229670000
202200015276;8;9;2022;16:05;1;69;69383;2;1;1;3;Avenue Félix Faure;45,7533200000;4,8573400000
202200015277;13;3;2022;20:10;5;94;94068;2;3;2;7;Rue d’Alsace Lorraine;48,8049000000;2,4789000000
202200015278;3;2;2022;12:57;1;49;49007;2;1;1;7;BLANCHOIN BOULEVARD;47,4480200000; -0,5410400000
202200015279;21;12;2022;08:50;2;49;49371;1;1;2;1;D960;47,1101730000; -0,7406010000
202200015280;8;9;2022;10:20;1;69;69383;2;3;1;3;Cours Albert Thomas;45,7482400000;4,8634900000
202200015281;11;3;2022;15:30;1;94;94028;2;1;2;2;Route de la Pompadour;48,7700000000;2,4581500000
202200015282;27;5;2022;16:20;1;31;31199;1;1;1;5;RN 125;42,9557630000;0,6439020000
202200015283;4;2;2022;10:15;1;45;45234;2;1;2;6;18 Boulevard Alexandre Martin;47,9052530000;1,9120450000
202200015284;8;9;2022;17:50;1;972;97209;1;1;1;5;RD 41 (ROCADE);14,6144400000; -61,0505900000
202200015285;14;3;2022;08:43;1;94;94071;2;3;1;2;Rue du Moulin à Vent / Rue de Bellevue;48,7643300000;2,5255900000
202200015286;22;12;2022;17:45;3;44;44081;1;1;3;1;Bujard;46,9174160000; -1,5426030000
202200015287;4;2;2022;22:52;5;44;44109;2;1;1;7;2 Rue du Quatre Août 1789;47,2060500000; -1,5914000000
202200015288;28;5;2022;13:50;1;31;31424;1;1;1;3;Route de Frouzins;43,5399160000;1,3003940000
202200015289;22;12;2022;14:15;1;10;10081;1;1;2;7;;48,3277298737;4,0610978007
202200015290;14;3;2022;17:55;1;94;94017;2;2;1;6;Avenue du Général de Gaulle / Boulevard de Stalingrad;48,8235500000;2,4962200000
202200015291;8;9;2022;10:20;1;972;97209;1;1;1;1;PROFESSEUR RAYMOND GARCIN (RUE DU);14,6147100000; -61,0784300000
202200015292;4;2;2022;07:55;2;41;41269;2;1;2;6;POTERIE (RUE);47,7936640000;1,0649860000
202200015293;26;5;2022;16:35;1;38;38410;2;1;1;6;Route de Romans;45,0791430000;5,1713530000
202200015294;14;3;2022;08:00;1;94;94004;2;2;1;3;Avenue du Général Leclerc / Rue de la Fontaine;48,7496687890;2,5082774161
202200015295;23;12;2022;08:15;2;62;62502;1;2;2;3;Rue de la Croix Marmuse;50,5999720000;2,6777788000
202200015296;14;3;2022;11:20;1;93;93073;2;1;1;6;Avenue des Chênes;48,9535000000;2,5854000000
202200015297;4;2;2022;18:10;3;38;38185;2;2;1;3;HOCHE (RUE);45,1859300000;5,7287400000
202200015298;7;9;2022;16:45;1;971;97113;1;1;1;5;Morne Salines;16,2104798856; -61,4417347312
202200015299;27;5;2022;21:20;3;38;38504;1;1;1;3;La Roche - RD 280;45,2929470000;5,9950800000
202200015300;14;3;2022;12:00;1;93;93072;2;1;1;6;Avenue de la Resistance;48,9569700000;2,3943000000
202200015301;4;2;2022;11:15;1;37;37261;2;1;2;3;FOLLEREAU (RUE RAOUL);47,4246993790;0,7014526427
202200015302;7;9;2022;09:45;1;971;97113;1;1;1;6;RN4 - SECTION RIVIERA;16,2181326184; -61,4996355772
202200015303;23;12;2022;07:45;2;51;51507;2;3;8;3;Rue Drouet;49,0920730000;4,8991700000
202200015304;27;5;2022;13:30;1;38;38120;2;3;1;7;ROUTE DU MAS MONTACOL;45,2317450000;5,8931030000
202200015305;14;3;2022;07:50;1;93;93072;2;3;1;6;Avenue Jules Guesde / Rue du Bel Air;48,9635300000;2,3866900000
202200015306;22;12;2022;17:50;5;59;59194;2;1;2;6;Rue Victorien Cantineau;50,1929090000;3,6390880000
202200015307;4;2;2022;16:50;1;35;35238;2;1;8;6;TRARIEUX (SQUARE LUDOVIC);48,0927200000; -1,6375300000
202200015308;7;9;2022;16:40;1;2A;2A004;2;3;1;3;T21;41,9326185307;8,7558361192
202200015309;14;3;2022;18:03;2;93;93071;2;3;1;5;JOHN F. KENNEDY (AVENUE);48,9349065081;2,5157957361
202200015310;29;5;2022;11:40;1;38;38022;1;3;1;3;RD33;45,6651920000;5,5613080000
202200015311;14;3;2022;16:50;1;93;93048;2;1;1;2;Boulevard Rouget de Lisle;48,8602200000;2,4392260000
202200015312;7;9;2022;17:50;1;95;95428;2;1;2;4;Avenue Charles de Gaulle;48,9870843662;2,3283827305
202200015313;4;2;2022;14:00;1;35;35281;1;1;8;4;N136;48,0868639201; -1,7006975412
202200015314;22;12;2022;18:00;5;56;56248;1;2;2;1;La Pointe Saint-Louis;47,5707790000; -2,6436710000
202200015315;14;3;2022;08:30;1;93;93031;2;1;1;6;REPUBLIQUE (AVENUE);48,9496480388;2,3305655450
202200015316;14;3;2022;08:45;1;93;93029;2;1;1;3;SACCO ET VANZETTI;48,9243265277;2,4514752481
202200015317;23;12;2022;16:25;2;76;76655;2;1;8;6;9 Rue Augustin Fresnel;49,8618250000;0,6937270000
202200015318;8;9;2022;08:14;1;87;87114;2;2;1;6;ARSONVAL (D');45,8347000000;1,3111500000
202200015319;4;2;2022;11:55;1;35;35238;2;1;1;2;Boulevard de Vitré;48,1145900000; -1,6482900000
202200015320;29;5;2022;11:50;1;84;84076;1;1;1;3;Rte Departementale 996;43,6985650000;5,6712520000
202200015321;21;12;2022;19:45;3;79;79135;1;1;1;7;;46,6978430000; -0,1994490000
202200015322;4;2;2022;02:40;3;35;35055;1;6;1;6;173 RD;48,0782700000; -1,6323900000
202200015323;14;3;2022;10:00;1;93;93027;2;2;1;4;Avenue Jean Jaurès / Avenue Marcel Cachin;48,9258700000;2,3969200000
202200015324;7;9;2022;15:46;1;87;87085;2;3;1;3;ANTONY (RUE  ET CHEMIN D');45,8330100000;1,2462500000
202200015325;28;5;2022;17:05;1;01;01134;1;1;1;2;D51c;46,2757670000;4,8644050000
202200015326;31;1;2022;12:45;1;34;34032;2;1;1;6;COMTE DE NICE (RUE DU);43,3539861013;3,2353786538
202200015327;14;3;2022;09:15;1;93;93014;2;3;1;3;ALBERT CAMUS (ALLEE);48,9055668883;2,5573167088
202200015328;23;12;2022;06:00;4;82;82134;2;6;1;6;D115;44,0723400000;1,5366640000
202200015329;6;9;2022;12:10;1;80;80489;2;1;1;2;HENRI BARBUSSE (RUE);49,8704900000;2,3577400000
202200015330;27;5;2022;17:00;1;01;01328;1;1;1;3;ROUTE DE CHATILLON;46,1186380000;5,0066350000
202200015331;14;3;2022;17:25;1;93;93010;2;1;1;6;VAILLANT (RUE EDOUARD) 137 A FIN;48,8948933873;2,4896526347
202200015332;23;12;2022;16:30;1;65;65017;1;1;1;6;D173;42,7724240000;0,1989770000
202200015333;8;9;2022;16:05;1;77;77445;2;1;1;1;VALLES (AVENUE JULES);48,5943100000;2,5811500000
202200015334;4;2;2022;13:30;1;33;33550;2;2;2;3;Route de Toulouse;44,7817000000; -0,5659200000
202200015335;29;5;2022;16:40;1;26;26069;1;1;1;1;D 518;44,8025560000;5,3888050000
202200015336;14;3;2022;10:10;1;93;93007;2;2;1;3;Rue Georges Bizet / Rue Charles Gounod;48,9383730000;2,4687570000
202200015337;4;2;2022;17:20;1;29;29039;1;1;1;6;N165;47,9319599330; -3,9051637040
202200015338;8;9;2022;17:15;1;77;77333;2;6;1;6;D403;48,2676700000;2,7111300000
202200015339;28;5;2022;11:05;1;58;58141;1;1;1;7;Fretoy;47,1196800000;3,9990290000
202200015340;22;12;2022;10:30;1;65;65258;2;6;7;3;Cote de Pinaouet;43,1216360000;0,3940770000
202200015341;14;3;2022;16:40;1;93;93001;2;1;1;3;CREVECOEUR  (RUE)  32 =>;48,9194529371;2,3831409341
202200015342;3;2;2022;04:40;5;29;29039;2;4;1;6;Boulevard Bougainville;47,8723400000; -3,9257900000