Num_Acc;jour;mois;an;hrmn;lum;dep;com;agg;int;atm;col;adr;lat;long
202200015584;5;2;2022;16:45;1;61;61091;1;1;1;6;la blottiere;48,6217540000; -0,5765250000
202200015585;15;12;2022;20:45;5;73;73065;2;4;2;6;COMTE VERT (AVENUE DU);45,5700485224;5,9159065693
202200015586;4;9;2022;10:25;1;68;68249;1;1;1;1;D48.2;48,1230030000;7,1040990000
202200015587;4;2;2022;19:30;3;49;49331;1;1;1;2;D775;47,6969100000; -0,9175730000
202200015588;5;9;2022;21:45;5;27;27230;2;1;1;7;Chemin des Vignes;48,8637440000;1,4058210000
202200015589;5;2;2022;11:30;1;49;49041;1;1;1;7;10 Route de la Coutancière;47,2944150895;0,0600600243
202200015590;15;12;2022;17:35;5;02;02738;2;8;8;6;;49,6547500000;3,2955500000
202200015591;9;9;2022;13:30;1;14;14027;1;1;2;7;D54;49,0188230202; -0,6548409463
202200015592;5;2;2022;17:30;2;49;49218;1;1;7;6;D17;47,2686740000; -1,0151030000
202200015593;19;9;2022;14:10;1;14;14664;2;4;1;1;D181 ;49,1142600000; -0,8285450000
202200015594;5;2;2022;10:00;1;35;35283;1;1;1;6;Le courtillaux;48,1273210000; -1,3292260000
202200015595;8;9;2022;15:00;1;30;30315;1;1;1;6;;43,9500300000;4,7055600000
202200015596;13;9;2022;18:30;1;14;14380;1;1;1;7;D158;49,2211010000; -0,5837770000
202200015597;4;2;2022;08:27;1;35;35295;1;1;1;1;;48,1462100000; -2,0996170000
202200015598;8;9;2022;17:35;1;19;19150;1;1;1;5;le claux;45,0716110000;1,6139820000
202200015599;17;7;2022;10:15;1;14;14200;1;2;1;1;22 Les Marronniers;49,2813280000; -0,5232870000
202200015600;3;2;2022;17:30;2;38;38130;1;1;1;1;Route de la Gare;45,3657070000;5,2640390000
202200015601;8;9;2022;07:45;1;95;95612;1;1;1;5;RD 317;49,0013480000;2,4856510000
202200015602;4;2;2022;14:39;1;01;01216;1;4;1;3;Route de Flevieu;45,7202132016;5,5404835939
202200015603;31;7;2022;19:20;1;41;41018;1;1;1;3;RD 956;47,5947600000;1,3529500000
202200015604;7;9;2022;12:40;1;74;74225;2;6;1;3;allée de la coche;45,8357470000;5,9553630000
202200015605;4;2;2022;16:35;1;72;72039;1;1;1;7;Lieu Dit la Bizardiere;48,2134530000;0,4327910000
202200015606;4;2;2022;18:00;2;50;50305;1;1;1;1;La Mare;49,5800970000; -1,5399960000
202200015607;18;9;2022;18:17;1;56;56078;1;2;7;3;ZI de la Garderie D765;47,8172900000; -3,4875150000
202200015608;9;9;2022;16:40;1;80;80417;1;2;1;5;D1029;49,8731760000;2,6856420000
202200015609;6;1;2022;20:30;5;90;90093;2;1;1;1;11 Grande Rue;47,6908360000;6,8358620000
202200015610;9;9;2022;15:45;1;55;55228;2;1;2;6;Route de Fresnes;49,0381740000;5,6583880000
202200015611;30;9;2022;17:30;1;56;56042;1;2;2;3;Lieu Dit Kerdroguen;47,8176670000; -2,7925970000
202200015612;7;9;2022;22:47;3;49;49064;1;1;2;2;RN162;47,6818570000; -0,7092040000
202200015613;5;2;2022;03:00;5;60;60004;1;1;1;1;RD 901;49,5589145076;1,9751948118
202200015614;5;7;2022;18:25;1;22;22280;1;4;1;3;;48,4180390082; -2,0331117511
202200015615;9;9;2022;17:05;1;41;41106;1;1;1;6;Route de Brinon;47,5885320000;2,0405920000
202200015616;4;2;2022;18:30;3;10;10323;1;1;8;2;;48,5278000000;3,7332400000
202200015617;17;12;2022;20:16;5;988;98818;2;1;1;6;ROUTE DE LA BAIE DES DAMES; -22,2423100000;166,4469600000
202200015618;7;9;2022;14:00;1;34;34150;1;1;1;3;Route de Meze PR 8+490;43,3743230000;3,5336520000
202200015619;5;2;2022;12:25;1;53;53084;2;1;1;6;10 Rue des Halles;47,8470140000; -0,9505370000
202200015620;21;12;2022;06:45;1;974;97416;2;1;1;2;LIGNE PARADIS(ROUTE DE LA); -21,3037600000;55,4604700000
202200015621;9;9;2022;05:40;3;68;68094;1;1;2;7;D463;47,5483200000;7,4314890000
202200015622;5;2;2022;12:16;1;04;04068;1;5;7;1;RD 13 / RD 513;43,9065500000;5,7853590000
202200015623;19;12;2022;13:20;1;974;97416;1;1;1;1;BADAMIER(CHEMIN); -21,3043400000;55,4591800000
202200015624;9;9;2022;13:50;1;44;44081;1;1;1;7;l'Épinais;46,9103030000; -1,5677300000
202200015625;5;2;2022;03:45;3;27;27192;1;1;8;6;D133;49,1481310000;0,9344920000
202200015626;17;12;2022;16:55;1;974;97416;2;1;1;3;CAMBRAI (LIGNE); -21,2873000000;55,4724000000
202200015627;8;9;2022;16:15;1;44;44075;1;1;1;3;D35;47,6366950000; -1,4385440000
202200015628;20;12;2022;08:15;1;974;97411;2;1;1;2;JAURES (BLD 2 JEAN); -20,8899500000;55,4643100000
202200015629;4;2;2022;20:15;5;28;28051;2;1;1;7;37 Rue de Chartres;48,1826150000;1,3872880000
202200015630;8;9;2022;16:30;1;29;29146;1;2;2;3;D24 - Lieu Dit la Trinite;47,9186180000; -3,8158120000
202200015631;4;2;2022;19:25;1;30;30138;2;1;1;6;Route de Bernis;43,7978710000;4,2542950000
202200015632;19;12;2022;07:50;1;974;97411;1;1;1;2;LITTORAL (ROUTE 2 DU); -20,8957600000;55,3770000000
202200015633;9;9;2022;16:51;1;29;29146;1;1;1;1;Poulhon;47,9083432800; -3,8608355300
202200015634;18;12;2022;08:15;1;974;97411;2;1;1;6;LITTORAL (ROUTE 1 DU); -20,8765000000;55,4415500000
202200015635;5;2;2022;07:10;4;69;69234;1;1;1;2;Autoroute 89;45,8722020000;4,5086430000
202200015636;8;9;2022;22:09;3;03;03002;1;1;1;6;D54;46,6026780000;3,1839110000
202200015637;5;2;2022;09:30;1;02;02521;1;1;1;3;A4 PK 68+500;49,0354340000;3,1853700000
202200015638;8;9;2022;17:50;1;01;01024;1;2;1;2;route de bourg;46,2798140000;5,1642880000
202200015639;17;12;2022;09:34;1;974;97411;1;9;1;5;JAURES (BLD 1 JEAN); -20,8883300000;55,4455100000
202200015640;5;2;2022;04:00;3;83;83023;1;1;1;2;a8;43,4183592892;6,0357470511
202200015641;8;9;2022;23:30;3;26;26114;2;1;1;6;Rue des Reymonds;44,5218460000;5,0669210000
202200015642;20;12;2022;21:00;5;974;97409;2;1;1;2;MASCAREIGNES (Avenue des); -20,9419300000;55,6475300000
202200015643;5;2;2022;19:20;5;988;98811;2;1;2;6;Rue Auguste Henriot; -21,0621300000;164,8628620000
202200015644;7;9;2022;09:20;1;72;72034;1;1;1;7;lieu dit le fourneau;48,3835753556;0,0883662698
202200015645;5;2;2022;11:30;1;976;97607;1;1;1;3;Ironi Be; -12,8237060000;45,1949210000
202200015646;19;12;2022;20:00;5;974;97407;2;2;1;3;DE GAULLE(RUE); -20,9405900000;55,2954300000
202200015647;8;9;2022;16:15;1;14;14538;2;9;7;3;D89;49,1240826280; -0,3239893913
202200015648;4;2;2022;18:45;3;971;97107;2;9;1;1;Rue de Cacoville;16,0375630000; -61,5892010000
202200015649;19;12;2022;23:40;5;973;97302;2;1;1;7;FELIX EBOUE (Rue);4,9302561706; -52,3196491599
202200015650;4;2;2022;13:35;1;77;77274;1;2;1;3;D401 / D38;49,0330920000;2,8965260000
202200015651;9;9;2022;16:50;1;14;14500;1;3;1;1;D48;49,2525543701;0,2099590492
202200015652;19;12;2022;14:00;1;973;97302;2;1;2;6;MONNERVILLE (AVENUE GASTON);4,9366362203; -52,3340432346
202200015653;5;2;2022;16:45;1;66;66227;2;1;1;6;D39;42,6412040000;2,9079330000
202200015654;23;9;2022;15:20;1;50;50197;1;1;2;1;Route du 30 Juillet;48,8610660000; -1,3859000000
202200015655;19;12;2022;09:30;1;973;97302;1;6;2;3;MARINGOUINS (ROND-POINT);4,9078085981; -52,3225057125
202200015656;4;2;2022;19:40;3;83;83099;2;1;1;2;;43,4592661787;6,6676282883
202200015657;8;9;2022;20:35;3;60;60043;2;1;3;7;Rue de l'Equipée;49,5006040000;2,9764040000
202200015658;4;2;2022;19:55;3;83;83107;1;1;1;6;DN 7;43,4675130000;6,6087060000
202200015659;18;12;2022;20:30;5;973;97302;2;1;1;3;MONTABO (ROUTE DE) 1;4,9403400000; -52,3018400000
202200015660;4;2;2022;19:20;2;13;13022;1;1;1;3;D559;43,2212910000;5,5800030000
202200015661;6;9;2022;17:33;1;64;64495;2;4;1;1;Route de Sare;43,3388430000; -1,5504240000
202200015662;16;12;2022;13:20;1;973;97302;2;3;1;3;BOULEVARD DES CITES;4,9192462653; -52,3175945878
202200015663;5;2;2022;08:45;1;52;52353;2;1;9;6;Rue de Verdun;48,0246670000;5,3359170000
202200015664;7;9;2022;17:30;1;36;36124;1;1;8;6;;46,7247660530;1,3216745853
202200015665;21;12;2022;18:10;5;69;69383;2;1;1;5;Rue Pierre Corneille;45,7604000000;4,8444600000
202200015666;5;2;2022;15:45;1;67;67474;1;3;1;3;D28;48,9273000000;7,9004570000
202200015667;7;9;2022;19:50;2;21;21496;2;1;8;1;50 Rue de Bourgogne;47,2976110000;5,4060690000
202200015668;20;12;2022;19:30;5;69;69386;2;1;1;3;Avenue Verguin;45,7727000000;4,8571200000
202200015669;8;9;2022;23:00;3;85;85307;2;1;1;6;9 Boulevard de la forêt;46,3315500000; -1,3273920000
202200015670;4;2;2022;14:20;1;67;67130;1;6;1;6;RD 426;48,4120340000;7,6536890000
202200015671;20;12;2022;18:00;5;69;69386;2;2;1;3;Rue Boileau;45,7691809838;4,8489797116
202200015672;2;9;2022;08:00;1;85;85047;2;4;7;2;VC rue de la bloire;46,8357896000; -1,8546637100
202200015673;7;9;2022;21:15;3;37;37179;1;1;2;2;D910;47,4741130000;0,7570370000
202200015674;5;2;2022;19:45;4;74;74229;1;1;1;2;D1206;46,2348270000;6,3176640000
202200015675;19;12;2022;20:29;5;69;69383;2;3;1;6;Rue Saint Victorien;45,7615100000;4,8698700000
202200015676;1;9;2022;20:30;5;88;88351;2;1;1;1;Avenue de Remiremont;47,9668750000;6,4641770000
202200015677;1;9;2022;11:10;1;06;06085;2;1;1;3;1398 Avenue de Pibonson;43,5893200000;6,9777130000
202200015678;19;12;2022;16:30;2;69;69383;2;3;1;3;Avenue Félix Faure;45,7532887893;4,8561635613
202200015679;9;9;2022;13:55;1;38;38212;1;1;1;7;D1091;45,0696410000;5,8704010000
202200015680;1;9;2022;01:40;5;987;98714;1;1;1;3;Nunue; -16,4987850000; -151,7000590000
202200015681;8;9;2022;07:05;1;973;97305;2;1;1;3;Route Nationale 1;5,0112180000; -52,4703060000
202200015682;8;9;2022;23:00;3;971;97129;1;1;1;1;Le Comte de Loheac;16,3413080000; -61,7173290000
202200015683;9;9;2022;07:20;2;28;28377;1;1;8;1;D928;48,8376620000;1,4232770000
202200015684;8;9;2022;18:37;1;77;77273;2;3;1;6;D41;49,0500760000;2,7716020000
202200015685;5;9;2022;11:35;1;77;77283;2;1;1;1;D405;49,0717360000;3,0205360000
202200015686;8;9;2022;17:00;1;77;77415;1;3;8;2;D19;48,9258270000;3,0015420000
202200015687;8;9;2022;17:10;1;66;66227;1;2;1;1;D39;42,6483380000;2,8903160000
202200015688;9;9;2022;15:08;1;84;84054;1;1;1;1;Départementale 938;43,8816240000;5,0397420000
202200015689;9;9;2022;06:54;2;06;06146;1;1;1;3;M2205;43,9319920000;7,1751880000
202200015690;8;9;2022;15:44;1;13;13110;1;1;1;1;Chemin Carraire de l'Arnavés;43,4649240000;5,7146880000
202200015691;8;9;2022;08:10;1;13;13015;2;1;1;6;1387 RD8N;43,4264480000;5,3881390000
202200015692;6;9;2022;16:30;1;42;42147;2;1;3;6;Rue de Beauregard;45,6092340000;4,0573020000
202200015693;8;9;2022;11:15;1;38;38298;2;1;1;2;Montée de Louze;45,3824770000;4,7988050000
202200015694;9;9;2022;13:05;1;38;38374;1;1;1;1;Le Rondeau;45,6632240000;5,3268030000
202200015695;8;9;2022;15:20;1;69;69023;1;1;1;2;Route Départementale 19;46,0290460000;4,6494050000
202200015696;6;9;2022;19:35;1;17;17297;1;1;1;6;Pont;46,1661190000; -1,2525170000
202200015697;6;8;2022;15:05;1;14;14325;2;2;1;3;D514;49,2958481584; -0,2974194288
202200015698;9;9;2022;15:40;1;22;22198;1;1;1;1;Route départementale 21;48,7779410000; -3,5271690000
202200015699;9;9;2022;01:00;3;60;60341;1;1;1;7;D9e1;49,0851335732;2,7642650306
202200015700;8;9;2022;19:20;2;59;59312;2;1;2;6;Rue d'Ossu;50,0207830000;3,1960770000
202200015701;9;9;2022;02:30;3;59;59168;1;1;1;6;D90;50,5565496434;3,2101696730
202200015702;7;9;2022;15:00;1;83;83137;2;9;1;2;A50 TUNNEL TUBE SUD;43,1273125598;5,9176687002
202200015703;6;9;2022;08:30;1;33;33448;1;1;1;2;AUTOROUTE A 62;44,7150040000; -0,5181770000
202200015704;8;9;2022;16:40;1;92;92019;1;1;1;7;RN 385 Extèrieure;48,7663930838;2,2446641971
202200015705;7;9;2022;14:45;1;91;91174;1;1;2;3;RN 104;48,6106500000;2,4449500000
202200015706;8;9;2022;19:00;1;78;78297;1;1;1;2;RN12;48,7925670000;2,0541850000
202200015707;8;9;2022;19:00;1;93;93001;1;1;1;3;AUTOROUTE A86;48,9209477807;2,3716716074
202200015708;8;9;2022;16:30;1;93;93066;1;9;1;2;AUTOROUTE A1;48,9237309191;2,3569409743
202200015709;8;9;2022;13:00;1;93;93066;1;1;1;2;AUTOROUTE A1;48,9090000000;2,3586800000
202200015710;8;9;2022;21:05;3;77;77181;1;1;1;2;A4;48,8306220000;2,6931690000
202200015711;7;9;2022;08:15;1;77;77363;1;1;1;5;A104;48,9113880000;2,6360390000
202200015712;7;9;2022;07:15;2;77;77169;1;1;1;6;RN104;48,8204760000;2,6158640000
202200015713;6;9;2022;15:00;1;83;83126;2;1;1;6;PEYRE (BD ETIENNE);43,1082000000;5,8794800000
202200015714;6;9;2022;14:20;1;66;66136;1;6;1;6;;42,7267419460;2,9005622864
202200015715;5;9;2022;18:00;2;987;98735;2;1;1;3;PRINCE HINOI (AVENUE); -17,5340930000; -149,5616830000
202200015716;7;9;2022;10:00;1;974;97416;1;9;1;4;RN1 (ROUTE NATIONALE); -21,3297700000;55,4536700000
202200015717;7;9;2022;13:40;1;974;97411;1;1;1;7;GUIGNARD (MEZIAIRES); -20,8949300000;55,4817500000
202200015718;7;9;2022;00:45;4;973;97302;2;1;1;6;MONTABO (ROUTE DE) 1;4,9327200000; -52,2904900000
202200015719;7;9;2022;13:35;1;69;69388;2;4;1;6;Rue de l'Epargne;45,7417348039;4,8603187502
202200015720;7;9;2022;17:00;1;972;97213;1;1;1;5;AUTOROUTE A1;14,6178800000; -61,0262900000
202200015721;7;9;2022;09:27;1;972;97213;2;9;1;7;ROUTE DEPARTEMENTALE 15;14,6213900000; -61,0064800000
202200015722;8;9;2022;00:20;5;69;69389;2;3;9;6;Rue Marietton;45,7764200000;4,7966300000
202200015723;6;9;2022;19:05;5;971;97107;2;3;1;6;FLAMBOYANTS ( ALLEE DES );16,0518572396; -61,5649312735
202200015724;7;9;2022;10:25;1;2A;2A004;2;2;1;2;MAILLOT HENRI BD;41,9261000000;8,7286700000
202200015725;7;9;2022;20:20;3;95;95280;2;1;8;3;Avenue de la Gare;49,0156000000;2,4699400000
202200015726;7;9;2022;19:30;2;95;95428;2;1;2;6;Avenue de Domont;49,0078802297;2,3140007257
202200015727;7;9;2022;17:10;1;91;91691;2;1;2;2;RENE COTY(RUE);48,7185600000;2,4886800000
202200015728;6;9;2022;20:05;5;91;91114;1;1;1;6;PL DE LA PYRAMIDE;48,6833440000;2,4906040000
202200015729;7;9;2022;19:50;2;91;91027;2;2;3;3;AV DE LA REPUBLIQUE;48,7104900000;2,3885100000
202200015730;7;9;2022;18:09;1;91;91326;2;1;2;6;COUR DE FRANCE (AVENUE DE LA);48,6940700000;2,3712000000
202200015731;6;9;2022;17:26;1;87;87114;2;3;2;3;LIBERATION (AVENUE DE LA);45,8267300000;1,2914400000
202200015732;24;4;2022;14:15;1;94;94041;2;3;1;3;Rue Westermeyer;48,8183300000;2,3953600000
202200015733;6;9;2022;12:00;1;85;85194;2;3;2;3;RD32A;46,4666200000; -1,7314800000
202200015734;24;4;2022;21:10;5;93;93071;2;1;1;6;Rue Gabriel Péri;48,9471500000;2,5329400000
202200015735;7;9;2022;06:45;2;83;83137;2;7;1;6;BLACHE (PLACE NOEL);43,1241500000;5,9361200000
202200015736;5;9;2022;08:20;1;83;83050;2;1;1;6;MURAIRE(BOULEVARD COMTE);43,5325470000;6,4674110000
202200015737;24;4;2022;21:00;5;93;93064;2;2;1;1;Boulevard d'Alsace-lorraine / Rue Jean Mermoz;48,8830600000;2,4918300000
202200015738;5;9;2022;12:02;1;83;83050;2;9;1;1;POMPIDOU(VOIE  GEORGES);43,5313440000;6,4495570000
202200015739;5;9;2022;16:20;1;72;72181;2;1;1;2;BOLLEE (AV) N° IMP 201 A 255;47,9972900000;0,2170800000
202200015740;23;4;2022;22:30;5;93;93027;2;1;1;3;Avenue Henri Barbusse;48,9320100000;2,3918300000
202200015741;5;9;2022;13:15;1;72;72181;2;1;1;3;EDISON THOMAS (RUE);48,0249166137;0,1789140699
202200015742;24;4;2022;22:20;5;93;93057;2;3;1;3;Allée Edouard Vaillant / Allée du Chevalier de la Barre;48,9082300000;2,5048500000
202200015743;5;9;2022;08:50;1;72;72181;1;9;2;6;PATTON GENERAL RTE ST-AUBIN A RUE KLOTZ;48,0208700000;0,1694200000
202200015744;4;9;2022;19:20;1;71;71076;2;6;1;6;LARDY (AVENUE PIERRE);46,7908900000;4,8620400000
202200015745;24;4;2022;07:00;2;93;93008;2;1;1;6;Av du President Salvador Allende;48,9030000000;2,4455310000
202200015746;7;9;2022;08:05;1;69;69092;2;1;1;7;Route d’Epinay;46,0033900000;4,6859600000
202200015747;24;4;2022;01:20;5;93;93053;2;2;1;3;Rue du Parc / Rue de Paris;48,8984400000;2,4422200000
202200015748;7;9;2022;11:20;1;69;69271;1;2;1;3;Avenue Jean Mermoz;45,7432400000;4,9373200000
202200015749;24;4;2022;17:20;1;93;93005;2;6;1;2;Carrefour Jean Monnet;48,9544510000;2,5093390000
202200015750;24;4;2022;20:10;1;92;92024;2;1;1;7;CLAUDE DEBUSSY (AVENUE);48,9099537239;2,3100307882
202200015751;24;4;2022;15:25;1;92;92024;2;2;1;2;GENERAL LECLERC (BD DU) DE (61 A 9);48,9008272350;2,3158409893
202200015752;26;4;2022;00:00;3;54;54374;1;1;5;6;D674;48,7636574453;6,4085483551
202200015753;26;4;2022;14:55;1;07;07346;1;1;1;3;;44,4943320000;4,6802720000
202200015754;26;4;2022;03:30;3;71;71583;1;1;8;6;A6, PK 394.000, sens PARIS-LYON;46,2610060000;4,7927690000
202200015755;26;4;2022;08:25;1;35;35085;1;9;1;1;La Poissonniere;48,4006002377; -1,7266851515
202200015756;25;4;2022;07:20;2;86;86236;1;3;1;6;D5;46,6506440000;0,8710960000
202200015757;25;4;2022;17:55;1;21;21633;1;1;2;6;Autoroute A6 - PK 251+700;47,3368614357;4,4722656906
202200015758;23;4;2022;15:45;1;41;41174;1;1;1;6;Mezieres;47,7590890000;1,1583390000
202200015759;26;4;2022;11:45;1;62;62839;1;1;1;6;D10e2;50,1402000000;2,8989470000
202200015760;20;4;2022;15:00;1;51;51154;1;1;1;7;Lieu dit les Fortelles;48,8430280000;4,0777950000
202200015761;26;4;2022;16:15;1;19;19278;1;1;1;5;D5e1;45,2168460000;1,4366630000
202200015762;25;4;2022;15:50;1;56;56105;1;1;1;6;Mineriou;48,0050160000; -3,5425700000
202200015763;25;4;2022;19:55;2;65;65301;1;3;1;3;D632 rue de l'Arros;43,3011810000;0,2181950000
202200015764;24;4;2022;05:40;5;71;71027;2;1;1;3;770 Route de Bourgogne;46,6670270000;5,3851630000
202200015765;15;4;2022;14:30;1;42;42092;2;3;1;3;Rue du 11 Novembre;45,4850000000;4,3792160000
202200015766;26;4;2022;12:11;1;34;34237;1;2;1;5;RD 13;43,4976820000;3,3283530000
202200015767;23;4;2022;11:50;1;22;22115;1;1;1;7;Croas Kerbellec;48,3537500000; -3,2168700000
202200015768;26;4;2022;18:00;1;39;39478;2;1;1;6;1 Place Denfert-rochereau;46,3906170000;5,8640280000
202200015769;25;4;2022;16:15;1;35;35299;1;1;1;3;16 le pont;48,6580660000; -1,9020940000
202200015770;25;4;2022;17:15;1;29;29186;1;1;1;6;Nodeveur;48,6347380000; -3,7768720000
202200015771;26;4;2022;08:30;1;14;14345;1;1;7;1;D511;48,9726120000; -0,0937160000
202200015772;26;4;2022;19:25;1;14;14227;1;3;7;3;D27;49,2761310000; -0,0132910000
202200015773;25;4;2022;14:45;1;54;54367;1;1;1;6;voie sans nom;49,5053100000;5,7892200000
202200015774;25;4;2022;17:40;1;53;53243;1;3;1;2;D115;48,1467400000; -0,8873070000
202200015775;15;2;2022;02:00;5;35;35238;2;1;8;6;SAINT-HELIER;48,1043605933; -1,6639612914
202200015776;26;4;2022;07:45;1;53;53255;1;1;7;2;D9 PR:26+270;48,1027550000; -0,3790190000
202200015777;16;4;2022;09:55;1;17;17300;2;2;7;6;SAUTEL  BOULEVARD ANDRE;46,1682500000; -1,1321600000
202200015778;9;2;2022;08:05;1;17;17300;2;1;1;6;SARTRE   AVENUE JEAN-PAUL;46,1562000000; -1,1310800000
202200015779;26;4;2022;13:25;1;21;21196;1;3;1;1;D906;46,9283282897;4,7420265153
202200015780;9;2;2022;08:06;1;17;17300;2;3;1;3;JUSTICES  RUE DU MOULIN DES;46,1731610000; -1,1258530000
202200015781;4;2;2022;21:55;5;17;17300;2;1;1;3;CHAMP DE MARS   PLACE DU;46,1690900000; -1,1498000000
202200015782;25;4;2022;10:20;1;04;04031;1;3;1;1;RD 953 / RD 8;43,8962220000;6,1287620000
202200015783;16;4;2022;21:50;5;02;02722;2;7;1;3;SAINT-CHRISTOPHE ( RUE );49,3819800000;3,3216300000
202200015784;22;4;2022;21:15;3;87;87148;1;1;1;6;Lieu Dit Moncontour;45,7261880000;1,3438890000
202200015785;27;6;2022;16:15;1;988;98818;2;2;1;6;AVENUE DE LA VICTOIRE H. LAFLEUR/RUE DE SEBASTOPOL; -22,2745500000;166,4438400000
202200015786;25;4;2022;15:10;1;30;30339;1;1;1;7;D986;44,0923940000;3,5620590000
202200015787;27;6;2022;06:30;2;974;97416;1;2;1;1;BRETELLE SORTIE LIGNE PARADIS; -21,3211500000;55,4829500000
202200015788;16;2;2022;12:42;1;67;67152;1;1;1;7;Rue du 23 Novembre;48,5330930000;7,6916370000
202200015789;27;6;2022;09:45;1;974;97411;2;2;7;6;BOULANGERIE (RUE DE LA); -20,8780700000;55,4457500000
202200015790;27;6;2022;11:50;1;973;97302;2;3;1;3;CABASSOU (ROUTE DE);4,9175300000; -52,3129500000
202200015791;27;6;2022;15:10;1;69;69389;2;2;1;6;Rue Sergent Michel Berthet;45,7722400000;4,8054300000
202200015792;25;4;2022;17:15;1;18;18028;1;1;1;6;;47,1082270000;2,2986420000
202200015793;24;6;2022;17:55;1;971;97113;1;1;1;3;SECTION GRANDE RAVINE;16,2117400000; -61,4744700000
202200015794;25;4;2022;16:45;1;89;89316;1;9;3;6;A6 sens paris lyon;47,5484770000;3,9658150000
202200015795;27;6;2022;10:05;1;91;91589;2;2;1;3;BD ARISTIDE BRIAND;48,6823340000;2,3434910000
202200015796;25;4;2022;14:29;1;89;89277;1;1;1;3;Autoroute A6 - PK 189+800;47,6612450000;3,8797760000
202200015797;25;6;2022;00:26;5;87;87085;2;2;1;3;GARIBALDI (AVENUE);45,8351900000;1,2605000000
202200015798;24;6;2022;17:26;1;87;87085;2;3;1;3;DUTREIX (RUE ARMAND) ?;45,8336500000;1,2290000000
202200015799;26;4;2022;17:35;1;55;55122;2;3;1;6;Rue Elisabeth de Lorraine;48,7598530000;5,5893480000
202200015800;25;4;2022;18:40;3;988;98817;1;1;1;7;Fontaine du col de Plum (Source); -22,2497250000;166,6088250000
202200015801;27;6;2022;09:30;1;78;78123;2;9;1;6;CENTRE LECLERC REINE BLANCHE;48,9424770000;2,0281140000
202200015802;10;4;2022;17:50;1;66;66174;1;1;1;1;avenue du languedoc;42,6793910000;2,7517750000
202200015803;27;6;2022;09:00;1;76;76498;2;3;1;3;Avenue Jacques Prevert;49,4278500000;1,0633000000
202200015804;25;4;2022;17:45;1;83;83107;1;1;7;1;Route de la Bouverie;43,4790050000;6,6653650000
202200015805;25;6;2022;06:31;1;76;76351;2;2;1;6;GEORGES BRAQUE (RUE);49,4948800000;0,1060200000
202200015806;25;6;2022;07:15;1;76;76270;2;3;1;6;ERABLES (DES);49,5363900000;0,1432200000
202200015807;26;4;2022;14:01;1;06;06048;1;4;1;2;D15;43,7935430000;7,3290960000
202200015808;26;4;2022;07:50;1;61;61165;2;6;1;7;d1;48,4141980000; -0,0370470000
202200015809;26;4;2022;09:25;1;50;50099;2;6;1;2;Rue de Pommenauque;49,3105120000; -1,2620170000
202200015810;27;6;2022;06:30;1;74;74010;2;1;1;3;TOURNETTE (PLACE DE LA/PASSAGE DE LA);45,8979700000;6,1306900000
202200015811;25;4;2022;22:55;3;60;60089;1;1;1;1;RD 153;49,2162100000;1,8827180000
202200015812;25;6;2022;17:04;1;72;72181;2;3;1;3;EINSTEIN ALBERT (RUE);48,0288151679;0,1737749574
202200015813;27;6;2022;23:00;5;69;69256;2;1;1;6;Avenue Roger Salengro;45,7488093897;4,9273802529
202200015814;24;4;2022;15:00;1;13;13214;1;1;1;5;A7-Sens Marseille vers Lyon;43,3257100000;5,3784800000
202200015815;27;6;2022;18:30;1;69;69286;2;9;1;4;Route du Mas-Rillier;45,8228800000;4,9098700000
202200015816;23;4;2022;19:15;1;13;13071;1;1;3;1;A55 - Sens Marseille vers Martigues;43,3989110000;5,2938340000
202200015817;27;6;2022;19:00;1;69;69266;2;2;1;1;Rue Jean-Claude Vivant;45,7710000000;4,8682200000
202200015818;23;4;2022;17:20;1;13;13106;1;1;2;2;A51-Sens Aix en Provence vers Marseille;43,4051900000;5,3602100000
202200015819;26;6;2022;02:45;5;67;67482;2;3;1;3;GENERAL OFFENSTEIN (RUE DU);48,5559200000;7,7519000000
202200015820;25;6;2022;21:20;1;67;67447;2;1;1;6;GENERAL DE GAULLE (ROUTE DU);48,5998200000;7,7411200000
202200015821;23;4;2022;02:40;3;13;13106;1;1;8;1;A7-Sens Marseille vers Lyon;43,3871000000;5,3508400000
202200015822;25;6;2022;16:00;1;67;67482;2;1;1;6;GIRAUDOUX (RUE JEAN);48,5878154144;7,7016936243
202200015823;22;4;2022;18:00;1;67;67482;1;1;1;2;M351;48,5861800000;7,7195700000
202200015824;11;6;2022;19:45;1;67;67447;2;3;1;3;LAUTERBOURG (RUE DE);48,6090800000;7,7462000000
202200015825;24;4;2022;16:40;1;91;91064;1;1;1;2;RN 118;48,7437500000;2,1898800000
202200015826;25;4;2022;00:45;3;95;95424;1;1;1;2; A15;48,9896705372;2,1990466118
202200015827;24;6;2022;18:35;1;66;66136;2;1;1;3;PALAIS-DES-EXPO (AVENUE DU);42,7067200000;2,9001700000
202200015828;22;4;2022;19:30;1;95;95018;1;1;1;3;A15;48,9614735641;2,2682690620
202200015829;22;4;2022;20:35;5;974;97416;2;1;1;3;HUBERT DE LISLE(BOULEVARD); -21,3435000000;55,4739500000
202200015830;27;6;2022;10:30;1;65;65440;2;2;2;3;LAFORGUE (AVENUE JULES);43,2242000000;0,0683900000
202200015831;26;6;2022;21:35;1;64;64024;2;6;2;7;ROND POINT DE BAHINOS (;43,4944700000; -1,5183000000
202200015832;23;4;2022;20:20;3;974;97407;2;1;1;3;SACRE COEUR (RD POINT) -RIV. DES GALETS ; -20,9553100000;55,3118100000