Num_Acc;jour;mois;an;hrmn;lum;dep;com;agg;int;atm;col;adr;lat;long
202200015833;29;4;2022;22:45;5;63;63113;2;1;1;6;FONTAINE DU LARGE (RUE DE LA);45,7900400000;3,0908600000
202200015834;27;6;2022;05:40;1;61;61001;2;9;1;7;PONT NEUF (RUE DU);48,4200580000;0,0895440000
202200015835;22;4;2022;14:15;1;974;97407;2;9;1;3;ANGLAIS (CHE DES) - RIVIERE DES GALETS ; -20,9530000000;55,3160000000
202200015836;27;6;2022;13:15;1;60;60057;2;2;1;3;Avenue Corot;49,4300600000;2,1050400000
202200015837;23;4;2022;20:45;5;973;97302;2;3;1;3;HEDER (place);4,9418805084; -52,3300708830
202200015838;27;6;2022;22:40;5;59;59508;1;9;1;6;BILLEMONT (RUE);50,7595900000;3,1338900000
202200015839;23;4;2022;14:30;1;69;69387;2;2;1;6;Rue Sébastien Gryphe;45,7530300000;4,8451500000
202200015840;11;6;2022;12:05;1;59;59090;2;3;7;2;GAULLE (AVENUE DU GENERAL DE);50,7071300000;3,1027780000
202200015841;23;4;2022;10:45;1;69;69383;2;3;1;6;Rue Gandolière;45,7613300000;4,8654900000
202200015842;27;6;2022;08:30;1;59;59350;2;2;1;5;ARTOIS RUE  N°1 - 81;50,6242554789;3,0609951541
202200015843;23;4;2022;12:30;1;972;97213;2;1;1;2;ROUTE NATIONALE 1;14,6138800000; -61,0105300000
202200015844;25;6;2022;12:09;1;56;56098;2;1;1;3;12 Rue Jean Jaurès;47,7637200000; -3,3609900000
202200015845;23;4;2022;05:00;2;972;97209;1;1;2;6;ENTRAIDE (ROUTE DE L');14,6196800000; -61,0562300000
202200015846;26;6;2022;16:55;1;50;50129;1;3;1;3;HAGUE (BOULEVARD DE LA);49,6674100000; -1,6966500000
202200015847;23;4;2022;14:13;1;971;97101;1;1;3;6;ROUTE DE BOISVINS;16,2645989391; -61,4674115181
202200015848;26;6;2022;00:45;5;47;47215;1;6;2;3;GAULLE (avecue Charles de);44,3940000000;0,6930000000
202200015849;27;6;2022;13:30;1;45;45169;2;1;1;6;7 Avenue Georges Pompidou;47,9022352843;1,8593463153
202200015850;22;4;2022;22:45;3;91;91661;2;1;1;3;GUTEMBERG (RUE);48,7070000000;2,2500000000
202200015851;27;6;2022;19:15;1;44;44162;1;1;1;2;N844;47,2347470000; -1,6254330000
202200015852;22;4;2022;22:45;5;83;83129;2;1;1;3;DE GAULLE (PROMENADE CHARLES);43,1086869974;5,8134822249
202200015853;7;6;2022;04:50;4;41;41047;2;1;1;6;GREVES (RUE DES);47,6171460000;1,3701170000
202200015854;4;4;2022;09:44;1;83;83061;2;6;1;3;AVENUE ARISTIDE BRIAND;43,4324205321;6,7492611408
202200015855;27;6;2022;11:20;1;37;37261;2;1;1;4;ALOUETTE (AVENUE);47,3600000000;0,6974100000
202200015856;27;6;2022;11:00;1;37;37122;2;1;1;3;BORDEAUX (AVENUE DE);47,3553569021;0,6987959146
202200015857;23;4;2022;13:50;1;78;78299;2;1;1;2;MICHELET (BOULEVARD);49,0015990000;1,8933490000
202200015858;27;6;2022;23:40;5;35;35238;2;6;1;3;SAINT-MALO (RUE DE);48,1325970199; -1,6907827556
202200015859;23;4;2022;09:55;1;69;69282;2;3;1;1;Rue Victor Hugo;45,7830300000;4,9947000000
202200015860;27;6;2022;09:00;1;35;35238;2;1;1;3;VILLEBOIS MAREUIL (BD);48,1086609803; -1,6537092626
202200015861;26;6;2022;18:35;1;35;35278;2;1;1;1;COUESNON (AVENUE DU);48,1420301196; -1,6716795601
202200015862;22;4;2022;16:40;1;69;69275;2;2;1;3;Avenue Franklin Roosevelt;45,7678600000;4,9365800000
202200015863;27;6;2022;10:25;1;34;34172;2;3;1;3;21 Rue Jean Vachet;43,5932600000;3,8825800000
202200015864;23;4;2022;10:12;1;65;65440;2;1;2;6;ALSACE LORRAINE (AVENUE);43,2516430000;0,0726920000
202200015865;27;6;2022;14:45;1;33;33529;1;1;1;7;RD 256;44,5789300000; -1,1255800000
202200015866;23;4;2022;03:20;3;65;65440;2;1;1;6;BRIAND (AVENUE ARISTIDE);43,2199600000;0,0594300000
202200015867;27;6;2022;00:45;5;31;31555;1;1;2;2;33 A LALANDE (PEAGE NORD);43,6574100000;1,4280700000
202200015868;23;4;2022;11:26;1;47;47201;2;5;2;3;MARNE (AV. DE LA);44,1947910000;0,6076070000
202200015869;27;6;2022;21:05;5;26;26362;2;3;1;5;ALPES RUE DES;44,9271300000;4,8997700000
202200015870;26;6;2022;19:40;1;22;22215;2;1;1;6;VILLES MOISAN (RUE DES);48,4980638427; -2,7724544406
202200015871;19;4;2022;12:40;1;44;44184;2;2;1;3;GUTENBERG (RUE JEAN);47,2802500000; -2,2285300000
202200015872;27;6;2022;13:35;1;17;17306;2;1;1;6;PONTAILLAC (DE) (AVENUE);45,6208410000; -1,0364890000
202200015873;23;4;2022;20:10;2;37;37122;2;1;1;3;PONT VOLANT (RUE DU);47,3601000000;0,6704900000
202200015874;27;6;2022;14:35;1;14;14243;1;1;1;6;D62;49,3966700000;0,1967490000
202200015875;22;4;2022;16:10;1;37;37122;2;1;1;1;DOUZILLIERE (RUE DE LA);47,3374921730;0,6534880400
202200015876;27;6;2022;14:55;1;13;13103;1;1;1;6;ROUTE DE JEAN MOULIN-RN 538;43,6735100000;5,0922900000
202200015877;27;6;2022;11:30;1;13;13206;2;1;1;2;GRIGNAN (RUE);43,2914700000;5,3738500000
202200015878;23;4;2022;23:30;5;33;33063;2;2;1;3;Cours d'Albret;44,8364000000; -0,5810100000
202200015879;23;4;2022;19:30;1;33;33063;2;1;2;6;Avenue de Nontraste;44,8772300000; -0,5685300000
202200015880;27;6;2022;10:05;1;13;13005;2;2;1;1;BOYER (AVENUE ANTIDE);43,2947300000;5,5640900000
202200015881;27;6;2022;23:14;3;06;06083;2;1;1;1;SOSPEL (ROUTE DE );43,8122000000;7,4856200000
202200015882;27;6;2022;20:05;2;06;06083;2;1;1;6;SOSPEL (ROUTE DE );43,7875500000;7,4927700000
202200015883;22;4;2022;17:40;1;13;13103;2;1;1;4;AVENUE DU 22 AOUT 1944;43,6359200000;5,0804300000
202200015884;26;6;2022;14:00;1;06;06123;2;1;1;1;ST JEANNET ROUTE DE;43,7006000000;7,1733700000
202200015885;15;4;2022;05:45;5;13;13204;2;1;1;6;SAKAKINI (BOULEVARD);43,2987900000;5,4009100000
202200015886;27;6;2022;20:36;1;05;05061;2;6;1;6;Route des Fauvins;44,5639079566;6,0955774784
202200015887;27;6;2022;02:05;5;01;01053;2;1;1;7;DE GAULLE (ALLEE GAL);46,2016200000;5,2418900000
202200015888;23;4;2022;13:00;1;06;06069;2;1;3;1;CHATEAU FOLIE (CHEMIN DE);43,6462170000;6,9206660000
202200015889;22;4;2022;18:22;1;75;75114;2;1;1;4;BD PERIPHERIQUE INTERIEUR;48,8203870000;2,3244410000
202200015890;23;4;2022;18:30;1;75;75106;2;3;1;2;QUAI MALAQUAIS;48,8578125330;2,3352950066
202200015891;23;4;2022;13:50;1;75;75119;2;1;1;2;RUE DE LA GARE;48,9015358297;2,3722247901
202200015892;23;4;2022;10:15;1;75;75119;2;1;1;3;AVENUE CORENTIN CARIOU;48,8968771487;2,3846420063
202200015893;26;6;2022;10:18;1;75;75117;2;2;1;6;AVENUE DE LA PORTE DE CLICHY;48,8951400000;2,3119780000
202200015894;26;6;2022;01:14;5;75;75106;2;3;1;6;BOULEVARD DU MONTPARNASSE;48,8401950000;2,3347830000
202200015895;23;4;2022;12:20;1;75;75116;2;3;1;2;RUE LE MAROIS;48,8388030000;2,2613190000
202200015896;24;6;2022;05:05;5;75;75102;2;3;2;6;BOULEVARD DE BONNE NOUVELLE;48,8704460000;2,3490890000
202200015897;23;4;2022;11:00;1;75;75114;2;3;1;6;RUE D ALESIA;48,8315461166;2,3153294539
202200015898;27;6;2022;17:40;1;75;75106;2;3;1;6;BOULEVARD DU MONTPARNASSE;48,8423940000;2,3284050000
202200015899;22;4;2022;18:10;1;75;75114;2;3;1;6;RUE MONTICELLI;48,8213683213;2,3287108892
202200015900;27;6;2022;12:15;1;75;75106;2;1;1;2;RUE DE TOURNON;48,8507480000;2,3371490000
202200015901;23;4;2022;00:10;5;75;75111;2;5;1;3;RUE DU CHEMIN VERT;48,8628871975;2,3872338673
202200015902;27;6;2022;01:07;5;75;75106;2;2;1;3;RUE DE SEINE;48,8517570000;2,3370420000
202200015903;27;6;2022;18:30;1;75;75120;2;1;1;6;AVENUE GAMBETTA;48,8676510000;2,4008730000
202200015904;22;4;2022;17:10;1;75;75109;2;3;1;3;BOULEVARD POISSONNIERE;48,8710560000;2,3457250000
202200015905;27;6;2022;12:45;1;75;75119;2;2;1;6;RUE PETIT;48,8852440000;2,3846090000
202200015906;22;4;2022;23:55;5;75;75108;2;7;1;6;PLACE DE LA MADELEINE;48,8706790000;2,3255520000
202200015907;27;6;2022;10:10;1;75;75119;2;2;1;3;AVENUE DE FLANDRE;48,8911320000;2,3775720000
202200015908;23;4;2022;17:15;1;75;75107;2;3;2;2;RUE DE LILLE;48,8576311210;2,3327104747
202200015909;27;6;2022;16:30;1;75;75117;2;2;1;3;RUE GUERSANT;48,8808460000;2,2899580000
202200015910;27;6;2022;16:10;1;75;75116;2;7;1;3;PLACE VICTOR HUGO;48,8696380000;2,2856520000
202200015911;23;4;2022;15:00;1;75;75102;2;2;1;3;RUE DU QUATRE SEPTEMBRE;48,8695310000;2,3368110000
202200015912;27;6;2022;07:45;1;75;75113;2;1;1;5;AVENUE D ITALIE;48,8268970000;2,3570450000
202200015913;23;4;2022;14:20;1;75;75101;2;2;1;7;BOULEVARD DE SEBASTOPOL;48,8634033712;2,3509647277
202200015914;27;6;2022;12:27;1;75;75112;2;2;1;2;RUE DE CHARENTON;48,8386600000;2,3895680000
202200015915;23;4;2022;19:30;1;94;94081;2;1;1;2;Avenue Jean Jaurès;48,7945900000;2,4026600000
202200015916;27;6;2022;09:30;1;75;75112;2;1;1;6;BOULEVARD DE LA BASTILLE;48,8504530000;2,3687750000
202200015917;27;6;2022;07:10;1;75;75112;2;1;1;3;ROUTE DE CEINTURE DU LAC DAUMESNIL;48,8301360000;2,4183720000
202200015918;23;4;2022;00:58;5;94;94046;2;6;1;7;99 Rue Georges Médéric;48,7975300000;2,4391100000
202200015919;27;6;2022;13:55;1;75;75111;2;2;1;3;AVENUE DE LA REPUBLIQUE;48,8646040000;2,3780520000
202200015920;23;4;2022;16:15;1;93;93078;1;1;2;2;AUTOROUTE A 104;48,9713850000;2,4987900000
202200015921;26;6;2022;12:45;1;75;75111;2;2;1;6;BOULEVARD RICHARD LENOIR;48,8577960000;2,3709360000
202200015922;27;6;2022;12:05;1;75;75109;2;3;1;3;RUE JULES LEFEBVRE;48,8805390000;2,3287900000
202200015923;27;6;2022;09:30;1;75;75109;2;1;1;6;RUE DE CHATEAUDUN;48,8763050000;2,3334620000
202200015924;23;4;2022;15:44;1;93;93046;2;2;1;3;Avenue Vauban / Avenue Gambetta;48,9175990000;2,5230540000
202200015925;27;6;2022;15:20;1;94;94011;2;1;1;3;Route du Fief Cordellier;48,7738800000;2,4949800000
202200015926;23;4;2022;03:05;5;93;93051;2;2;1;6;Rue Pasteur / Boulevard Paul Pambrun;48,8494410000;2,5472950000
202200015927;27;6;2022;14:30;1;94;94017;2;2;1;3;Rue Louis Talamoni / Rue Georges Dimitrov;48,8137300000;2,5102000000
202200015928;26;6;2022;18:55;1;93;93073;2;1;1;6;BERGER (RUE GILBERT);48,9510700000;2,5817300000
202200015929;27;6;2022;14:00;1;93;93055;2;1;1;6;Avenue Jean Lolive;48,8906899002;2,4002755882
202200015930;22;4;2022;23:35;5;93;93049;2;2;1;3;Chemin de Meaux / Rue Marcel Dassault;48,8640880000;2,5169540000
202200015931;27;6;2022;19:00;1;93;93046;2;2;1;3;Av du Consul General Nordling / Avenue Charles de Gaulle;48,9164800000;2,5315800000
202200015932;23;4;2022;20:00;1;93;93031;2;3;2;6;Avenue Joffre / Avenue de Lattre de Tassigny;48,9593570000;2,2998850000
202200015933;27;6;2022;09:36;1;93;93030;2;2;1;6;Avenue Ambroise Croizat / Rue Joseph Salaün;48,9555610000;2,4161960000
202200015934;23;4;2022;12:00;1;93;93007;2;1;1;3;Avenue de la République;48,9358800000;2,4673200000
202200015935;27;6;2022;20:40;1;93;93010;2;1;1;5;Avenue Pasteur;48,9043376203;2,4849545360
202200015936;23;4;2022;15:24;1;93;93005;2;1;2;2;Route de Mitry;48,9487031554;2,5150644779
202200015937;27;6;2022;10:30;1;93;93008;2;2;8;2;Avenue Henri Barbusse / Rue de la République;48,9075700000;2,4256700000
202200015938;22;4;2022;20:50;2;93;93001;2;1;1;3;Rue de Presles;48,9086600000;2,3916800000
202200015939;26;6;2022;14:51;1;93;93007;2;3;1;3;Avenue Charles Floquet / Rue Maurice Bernard;48,9398980000;2,4546980000
202200015940;27;6;2022;16:00;1;93;93071;2;1;1;2;Allée de Surièges;48,9300100000;2,5149700000
202200015941;23;4;2022;14:30;1;92;92050;2;2;1;1;VAILLANT COUTURIER PAUL RUE;48,8825225594;2,2044696361
202200015942;27;6;2022;17:34;1;92;92020;2;1;1;3;JAURES AVENUE JEAN;48,8040063955;2,3031146452
202200015943;23;4;2022;15:10;1;92;92012;2;2;1;6;CHATEAU (RUE DU) 1/125 - 2/136;48,8422501909;2,2401089519
202200015944;26;6;2022;00:10;5;92;92049;2;9;1;6;BRIAND AVENUE ARISTIDE N°2 A 114;48,8121600000;2,3260900000
202200015945;22;4;2022;19:35;1;39;39434;2;1;1;6;9 Avenue de la Gare;46,8437960000;5,7032450000
202200015946;26;6;2022;16:30;1;92;92035;2;1;1;6;National ( boulevard );48,9076500000;2,2381500000
202200015947;27;6;2022;18:50;1;92;92026;2;9;1;6;LOUIS ULBACH (DE 16 A FIN);48,9019044435;2,2639952302
202200015948;21;4;2022;10:00;1;38;38199;1;9;1;3;Route de Chalon;45,4856240000;4,8958900000
202200015949;19;6;2022;01:05;5;92;92025;2;1;1;7;COLBERT  133   126 (RUE);48,9148904762;2,2335339188
202200015950;27;6;2022;11:52;1;92;92012;2;3;1;6;DESFEUX (AVENUE);48,8328838917;2,2413898408
202200015951;25;6;2022;23:30;5;92;92009;2;1;1;6;CHARLES CHEFSON ( RUE );48,9190382719;2,2735546231
202200015952;26;6;2022;07:15;2;92;92004;2;1;1;6;FAIDHERBE ( RUE );48,9079725751;2,2676036060
202200015953;23;4;2022;19:30;1;57;57272;1;1;1;6;D91;48,7898420000;6,8234970000
202200015954;27;6;2022;15:23;1;83;83072;1;1;1;5;Route de Salernes;43,5041220000;6,3400130000
202200015955;24;4;2022;01:20;5;972;97221;2;1;1;1;9b Chemin Viguier;14,5088640000; -60,9605710000
202200015956;26;6;2022;03:30;5;01;01004;2;2;2;3;Avenue de la Libération;45,9571990000;5,3331650000
202200015957;17;6;2022;12:30;1;17;17094;2;6;1;3;Boulevard Aristide Briand;46,0769480000; -1,0879420000
202200015958;25;4;2022;06:10;3;34;34035;1;1;1;6;autoroute A750, pk 22+300;43,6239200000;3,6227750000
202200015959;27;6;2022;21:50;3;95;95052;1;1;1;6;RD 922;49,1460080000;2,3162700000
202200015960;25;4;2022;15:30;1;30;30334;1;1;1;7;D979;44,0432420000;4,4062040000
202200015961;28;6;2022;09:35;1;33;33447;2;1;1;6;112 Rue de la République;45,0159030000; -0,0589480000
202200015962;28;6;2022;15:20;1;81;81209;1;1;1;1;D54;43,5113173154;2,4112200737
202200015963;28;6;2022;14:42;1;01;01288;1;1;1;7;D89;46,1907200000;5,9591500000
202200015964;24;4;2022;10:25;1;30;30282;1;2;8;3;;44,1352910000;4,4748800000
202200015965;26;6;2022;23:05;5;62;62043;2;2;1;1;Route d Andres;50,9066590000;1,9329450000
202200015966;27;6;2022;11:07;1;50;50175;1;1;1;2;N13;49,4815760000; -1,3878650000
202200015967;25;4;2022;15:50;1;50;50393;1;2;1;3;La Maison Blanche;48,9330730000; -1,1771250000
202200015968;28;6;2022;07:40;1;22;22240;1;1;7;6;le chauchix;48,2426750000; -2,2416750000
202200015969;25;4;2022;09:30;1;51;51191;1;1;1;7;D982;49,1470870000;4,8166940000
202200015970;24;6;2022;16:10;1;04;04154;1;1;1;3;RD 954;44,5088710000;6,3525010000
202200015971;28;6;2022;11:55;1;56;56261;1;1;1;6;RD 775;47,6962450000; -2,5429920000
202200015972;13;6;2022;18:55;1;80;80368;2;6;1;7;Rue Frederic Chopin;50,0762260000;1,5418890000
202200015973;15;6;2022;22:15;3;34;34194;1;1;1;1;Route de Pezenas;43,5359768891;3,4550525048
202200015974;9;4;2022;13:30;1;51;51535;1;2;1;5;D951/D53;48,7182671352;3,7429744005
202200015975;26;6;2022;17:15;1;22;22183;2;2;1;3;Rue des Etangs;48,1826560000; -2,5803600000
202200015976;23;4;2022;05:30;3;56;56081;1;1;1;6;Kervenozael;48,0543860000; -3,6376820000
202200015977;28;6;2022;17:55;1;39;39458;1;1;1;5;;46,6188340000;5,6047760000
202200015978;27;6;2022;19:15;1;35;35310;2;1;1;6;28 Rue de la Salorge;48,3396969068; -1,3144956529
202200015979;26;6;2022;23:50;3;35;35234;1;1;1;6;La Prevostais;48,2322367110; -2,1744621545
202200015980;26;6;2022;19:30;1;29;29061;1;1;1;1;D267;48,4394699566; -4,4558286669
202200015981;19;4;2022;08:00;1;71;71484;2;1;1;6;Route du Bourg;46,6796860000;5,2511050000
202200015982;28;6;2022;10:20;1;15;15243;1;1;1;3;Trizac;45,2454830000;2,5410870000
202200015983;24;4;2022;16:45;1;49;49125;2;1;1;1;D69;47,1556850000; -0,2957410000
202200015984;28;6;2022;13:50;1;72;72112;1;1;1;7;rd 300, pk 18.800;48,2360200000;0,2505100000
202200015985;24;4;2022;14:15;1;29;29081;1;1;1;2;Ty Nevez;48,3687270000; -3,7912330000
202200015986;27;6;2022;08:30;1;72;72331;1;1;1;6;D323;48,0986040000;0,5742900000
202200015987;22;4;2022;02:30;3;01;01204;1;1;1;6;2583 Route de Geneve;46,1633440000;5,6971940000
202200015988;27;6;2022;05:45;1;72;72381;1;1;1;1;les chevries;47,9361410000;0,0916140000
202200015989;19;6;2022;14:50;1;83;83046;1;1;1;1;D13;43,4982480000;6,1623430000
202200015990;25;4;2022;15:20;1;26;26166;2;2;1;1;boulevard frederic mistral;44,7533660000;4,8176040000
202200015991;26;6;2022;14:30;1;73;73312;1;1;1;6;D201c - Route du col de tamié;45,6662760000;6,3013670000
202200015992;27;6;2022;08:40;1;21;21459;1;1;2;6;D959;47,4387000000;5,2906600000
202200015993;22;4;2022;13:13;1;66;66124;2;1;1;7;Boulevard Francois Arago;42,4988310000;2,0322020000
202200015994;14;6;2022;11:10;1;40;40332;1;1;1;6;418 Lieu Dit Hortz;44,3441690000; -0,9490730000
202200015995;27;6;2022;14:15;1;27;27108;1;1;1;1;Les Mesangeres Est;48,7466670000;0,8102360000
202200015996;24;4;2022;17:00;1;66;66016;2;2;1;3;D914;42,4874550000;3,1268280000
202200015997;27;6;2022;15:30;1;28;28239;1;1;1;3;D309.1;48,6610270000;1,3651780000
202200015998;14;4;2022;21:55;3;45;45222;1;1;1;7;Route de Girolles;48,1018930000;2,7338630000
202200015999;15;3;2022;09:30;1;45;45129;1;1;8;7;Lieu Dit Frileuse;47,9544444334;3,0605641901
202200016000;27;6;2022;19:45;1;87;87003;1;2;1;3;Lieu-dit Ruffec;46,2773000000;1,3998500000
202200016001;27;6;2022;22:20;3;31;31390;1;1;1;6;A64 PK 188.000;43,0919260000;0,5350690000
202200016002;24;4;2022;11:30;1;45;45329;1;2;1;3;D162 - PR 6+930;47,9192830000;2,9728420000
202200016003;27;6;2022;08:00;1;42;42169;1;4;8;3;Route de Saint Marcellin en Forez;45,4546630000;4,1477870000
202200016004;24;4;2022;07:00;2;07;07162;1;1;8;6;Route d Aubenas;44,5074740000;4,3148640000
202200016005;27;6;2022;12:15;1;68;68195;1;1;2;5;A36 PK 000.100;47,7473320000;7,2757070000
202200016006;20;4;2022;15:45;1;21;21599;1;1;1;2;D974;47,5957000000;5,2375000000
202200016007;26;6;2022;02:35;3;57;57495;1;1;1;3;A4;49,1333110000;6,5491500000
202200016008;26;6;2022;01:48;5;73;73296;1;1;1;6;D902;45,4912770000;6,9412140000
202200016009;22;4;2022;15:20;1;24;24330;1;4;1;7;Orval;45,0104020000;1,0208590000
202200016010;28;6;2022;12:25;1;76;76391;1;1;1;1;A13;49,3409440000;0,9369060000
202200016011;11;10;2022;08:55;1;75;75117;2;3;1;6;RUE DES DAMES;48,8852310000;2,3254120000
202200016012;28;6;2022;03:10;3;13;13103;1;9;1;2;Autoroute A7 sens N/S PK 229+120;43,6733780000;5,0959690000
202200016013;25;4;2022;14:30;1;85;85221;1;1;1;5;Route de Bouin;46,9373180000; -1,9749620000
202200016014;26;6;2022;23:00;3;987;98748;1;1;2;7;PK 10+400 VAIRAO; -17,8100000000; -149,2450000000
202200016015;11;10;2022;17:27;1;75;75116;2;3;1;3;AVENUE DE MALAKOFF;48,8731660000;2,2844680000
202200016016;27;6;2022;17:40;2;976;97607;1;1;1;2;RN03 HAJANGUA; -12,8538330000;45,1954150000
202200016017;28;6;2022;11:30;1;971;97130;1;1;1;6;départementale 213, route du sud;15,8440310000; -61,6334940000
202200016018;11;10;2022;08:20;1;75;75116;2;1;1;3;ALLEE DU BORD DE L EAU;48,8540690000;2,2262220000
202200016019;25;6;2022;13:15;1;28;28001;1;2;2;3;D147.2;48,7880180000;1,4254870000
202200016020;9;4;2022;19:10;2;17;17005;2;1;7;1;D151e;45,3749410000; -0,5054410000
202200016021;11;10;2022;10:15;1;75;75116;2;1;1;1;VOIE GEORGES POMPIDOU;48,8394800000;2,2672900000
202200016022;25;4;2022;08:37;1;52;52444;1;1;8;3;D674;48,2708540000;5,4221180000
202200016023;28;6;2022;14:15;1;77;77277;1;2;1;6;D436 / D144A;48,7169670000;2,8691050000
202200016024;11;10;2022;15:30;1;75;75115;2;1;1;3;PORT DE JAVEL BAS;48,8426040000;2,2730720000
202200016025;11;10;2022;08:55;1;75;75115;2;2;1;6;RUE DE VAUGIRARD;48,8429970000;2,3127940000
202200016026;24;4;2022;18:15;3;987;98714;1;1;1;3;Amanahune; -16,5230610000; -151,7350640000
202200016027;11;10;2022;09:00;1;75;75115;2;3;1;6;RUE DU DOCTEUR FINLAY;48,8526650000;2,2872880000
202200016028;28;6;2022;08:00;1;78;78128;1;3;7;3;D906;48,6693720000;1,9566980000
202200016029;25;4;2022;15:30;1;976;97607;2;1;1;6;Rue de l'est HAJANGUA; -12,8660080000;45,1984730000
202200016030;10;10;2022;11:05;1;75;75114;2;1;1;3;AVENUE DE L OBSERVATOIRE;48,8386300000;2,3366260000
202200016031;27;6;2022;10:15;1;71;71098;1;1;2;6;Lieu-dit Les Forets;46,7816810000;4,1406550000
202200016032;24;4;2022;19:30;1;2B;2B290;2;1;1;6;D71;42,5695210000;8,9601180000
202200016033;25;6;2022;03:45;5;73;73024;2;1;1;1;D95;45,4629960000;6,4421590000
202200016034;11;10;2022;09:08;1;75;75113;2;2;1;4;BOULEVARD VINCENT AURIOL;48,8366790000;2,3718720000
202200016035;28;6;2022;11:00;1;42;42105;1;3;7;3;Route de Montrond;45,6208740000;4,1386860000
202200016036;22;4;2022;22:20;3;2B;2B168;1;1;1;1;D63;42,6286170000;8,9507270000
202200016037;28;6;2022;03:20;3;38;38405;1;1;1;6;Route de la Chartreuse;45,3720090000;5,6932680000
202200016038;24;4;2022;09:15;1;2B;2B029;1;1;3;3;Col de Teghime (Col de montagne);42,6772400000;9,3856180000
202200016039;11;10;2022;08:10;1;75;75112;2;1;1;3;AVENUE DU TREMBLAY;48,8321020000;2,4576680000
202200016040;11;10;2022;09:30;1;75;75112;2;1;1;6;RUE DU FAUBOURG SAINT ANTOINE;48,8526690000;2,3713100000
202200016041;24;4;2022;10:40;1;83;83077;1;1;1;1;RD 2;43,2796350000;5,9544560000
202200016042;25;6;2022;14:15;1;26;26235;1;2;1;3;D93n;44,4033300000;4,7001020000
202200016043;28;6;2022;17:00;1;69;69094;2;3;7;3;Route du Col de la Luère;45,7491990000;4,6861410000
202200016044;18;4;2022;19:20;2;57;57466;2;1;1;2;35 Rue Principale;49,1057840000;6,9573410000
202200016045;11;10;2022;13:30;1;75;75110;2;3;1;3;RUE DU FAUBOURG SAINT DENIS;48,8784760000;2,3566690000
202200016046;27;6;2022;07:45;1;33;33376;1;1;1;2;Route de Louens -Rd 211;44,9351430000; -0,7121800000
202200016047;15;4;2022;17:50;1;03;03290;1;1;1;7;La Vigne Mouton;46,6507770000;3,2664590000
202200016048;28;6;2022;08:15;1;14;14088;1;1;1;7;N158;48,9533160000; -0,2240320000
202200016049;11;10;2022;18:20;2;75;75107;2;1;1;7;RUE DES SAINTS PERES;48,8556050000;2,3310890000
202200016050;28;6;2022;08:05;1;22;22186;2;1;1;3;Rue Drs Roux et Calmette;48,5868740000; -2,5332930000
202200016051;11;10;2022;18:15;1;75;75104;2;1;1;3;QUAI AUX FLEURS;48,8532080000;2,3521360000
202200016052;26;6;2022;21:45;2;59;59251;1;1;1;7;D942;50,2630890000;3,6724810000
202200016053;24;4;2022;14:35;1;81;81099;2;1;1;1;Chemin des Clottes;43,9061910000;1,9143460000
202200016054;28;6;2022;07:10;1;59;59320;2;6;1;3;N41;50,5480040000;2,8245110000
202200016055;11;10;2022;00:20;5;75;75104;2;3;1;6;RUE DE RIVOLI;48,8565469879;2,3555991054
202200016056;27;6;2022;17:45;1;13;13055;1;1;1;6;A507 sens Marseille - Aubagne;43,3299700000;5,3894300000
202200016057;23;6;2022;08:35;1;13;13214;2;1;1;3;A507 sens Aubagne- Marseille;43,3300189325;5,3951050484
202200016058;23;4;2022;11:00;1;44;44204;1;6;1;3;760 Rue des Etangs;47,2803070000; -1,4516550000
202200016059;23;6;2022;16:32;1;13;13106;1;1;1;2;A7-Sens Lyon vers Marseille;43,3907776987;5,3509971499
202200016060;11;10;2022;10:32;1;94;94046;2;1;1;2;RASPAIL (R);48,8083040000;2,4413890000
202200016061;4;4;2022;17:00;1;44;44172;2;1;1;2;Route de Paris;47,2737240000; -1,4715560000
202200016062;11;10;2022;09:50;1;94;94037;2;1;1;3;LENINE (AV);48,8161800000;2,3334500000
202200016063;8;6;2022;19:20;1;69;69029;1;1;2;3;Boulevard Laurent Bonnevay;45,7477126989;4,9070048332
202200016064;25;6;2022;04:30;3;59;59588;1;1;1;2;AUTOROUTE A16;51,0322865556;2,4356689452
202200016065;22;4;2022;15:45;1;13;13211;1;1;1;2;A50-Sens Marseille vers Aubagne;43,2924500000;5,4539500000
202200016066;27;6;2022;14:40;1;94;94037;1;1;1;7;AUTOROUTE A6A;48,8166900000;2,3371400000
202200016067;23;4;2022;14:20;1;91;91345;1;1;1;2;AUTOROUTE A6;48,6876700000;2,3257200000
202200016068;27;6;2022;08:24;1;91;91617;1;1;1;2;RN 104;48,6420400000;2,5355400000
202200016069;11;10;2022;20:10;5;93;93072;2;3;1;2;Avenue Marcel Cachin / Rue Auguste Dewaêle;48,9597300000;2,3822300000
202200016070;22;4;2022;23:45;3;92;92036;1;1;1;6;AUTOROUTE A15;48,9424432251;2,2899144727
202200016071;27;6;2022;12:45;1;78;78238;1;1;1;2;A13;48,9704750000;1,8737010000
202200016072;14;4;2022;20:45;2;92;92078;1;1;1;3;AUTOROUTE A86;48,9283084303;2,3316245851
202200016073;26;6;2022;22:36;5;92;92072;1;1;1;3;N118;48,8273423681;2,2244655267