Num_Acc;jour;mois;an;hrmn;lum;dep;com;agg;int;atm;col;adr;lat;long
202200016074;11;10;2022;11:55;1;93;93055;2;1;1;4;Rue Jules Auffret;48,8904674742;2,4099640635
202200016075;26;6;2022;16:30;1;78;78362;1;1;1;6;A13;48,9755840000;1,7239730000
202200016076;22;4;2022;07:25;1;94;94033;1;1;1;2;A86.INT;48,8586231423;2,4869211857
202200016077;26;6;2022;03:00;5;92;92051;1;1;1;2;N13;48,8810060864;2,2720879002
202200016078;11;10;2022;14:40;1;93;93051;2;1;1;5;Boulevard du Mont d'Est;48,8390300000;2,5429100000
202200016079;14;4;2022;13:10;1;94;94017;1;1;1;3;A4;48,8284416936;2,5027316394
202200016080;11;10;2022;18:40;1;93;93048;2;1;1;1;Place du Général de Gaulle;48,8678476760;2,4343898732
202200016081;14;4;2022;11:15;1;93;93051;1;1;1;2;A4;48,8351523817;2,5760945539
202200016082;25;6;2022;10:44;1;78;78133;1;1;2;4;A13;48,8911700000;2,0095000000
202200016083;21;4;2022;12:00;1;987;98735;2;1;1;6;PRINCE HINOI (AVENUE); -17,5354700000; -149,5651600000
202200016084;27;6;2022;18:10;1;92;92036;1;1;1;2;AUTOROUTE A15;48,9390027228;2,2956647869
202200016085;11;10;2022;11:10;1;93;93048;2;2;1;3;Avenue Gabriel Péri / Rue Carnot;48,8571878611;2,4411794999
202200016086;22;4;2022;10:00;1;974;97411;2;1;1;2;RAMBAUD (LEOPOLD); -20,8856300000;55,4713900000
202200016087;25;6;2022;20:15;1;93;93066;1;1;1;3;AUTOROUTE A86;48,9221655771;2,3610144854
202200016088;11;10;2022;12:55;1;93;93079;2;1;1;6;Route de Saint-leu;48,9543707320;2,3348750174
202200016089;22;4;2022;20:00;5;974;97409;2;9;3;3;CAMBUSTON (rue de); -20,9326170000;55,6484550000
202200016090;25;6;2022;17:30;1;93;93005;1;1;2;2;AUTOROUTE A3;48,9507985275;2,4743666025
202200016091;22;4;2022;12:07;1;973;97302;2;1;1;3;MONTABO (ROUTE DE) 3;4,9346957120; -52,2917944193
202200016092;11;10;2022;18:30;2;93;93010;2;3;1;3;Avenue Galliéni;48,9061737322;2,4831607907
202200016093;25;6;2022;04:40;3;93;93053;1;1;1;4;AUTOROUTE A3;48,8959400000;2,4705400000
202200016094;22;4;2022;21:50;5;69;69388;2;2;1;3;Avenue Viviani;45,7245612524;4,8712322116
202200016095;11;10;2022;10:50;1;92;92051;2;3;1;6;VILLIERS (RUE DE, N° 21 A 59);48,8906761446;2,2790907025
202200016096;17;4;2022;19:10;5;972;97209;1;1;1;7;RN9;14,5989530000; -61,0516640000
202200016097;27;6;2022;16:40;1;77;77372;1;1;1;6;A104;48,8825796143;2,6679437381
202200016098;26;6;2022;21:45;2;94;94018;1;1;1;6;A4;48,8176590351;2,4128117856
202200016099;11;10;2022;13:20;1;92;92026;2;5;1;3;MISSION MARCHAND (COTE PAIR);48,8977248965;2,2401380539
202200016100;26;6;2022;15:52;1;94;94028;1;1;1;2;A86 EXT;48,7776016949;2,4400786182
202200016101;22;4;2022;17:10;1;69;69202;2;3;1;2;180 Avenue Maréchal Foch;45,7404200000;4,8047400000
202200016102;11;10;2022;19:00;2;92;92012;2;4;1;3;JOSEPH BERNARD (RUE);48,8442132474;2,2501113117
202200016103;26;6;2022;01:15;3;77;77517;1;1;1;6;A104.INT;48,9070300000;2,6393300000
202200016104;22;4;2022;12:40;1;69;69034;2;2;1;1;37 Chemin de Crépieux;45,8010200000;4,8551800000
202200016105;26;6;2022;03:00;5;35;35238;2;1;1;2;SAINT-CAST (QUAI);48,1114690000; -1,6861060000
202200016106;11;10;2022;07:40;1;92;92012;2;1;1;2;ANATOLE FRANCE (BOULEVARD) 5/FIN;48,8488887393;2,2409496903
202200016107;22;4;2022;18:40;1;2B;2B120;1;1;1;4;11 - RT;42,6487100000;9,4404400000
202200016108;26;6;2022;15:00;1;33;33009;2;2;1;3;DESBIEY (CRS) DU 99 ET +;44,6566200000; -1,1602400000
202200016109;10;10;2022;13:10;1;92;92009;2;2;1;1;PIERRE JOIGNEAUX;48,9105900000;2,2608500000
202200016110;22;4;2022;05:30;2;971;97113;1;1;1;6;RN4 - SECTION RIVIERA;16,2177651840; -61,4918518066
202200016111;24;4;2022;07:30;2;19;19229;1;1;3;2;A89 PK 179.700;45,1616956826;1,4285659790
202200016112;11;10;2022;19:40;2;92;92002;2;1;1;3;DIVISION LECLERC (53 A 217 - 58 A 186);48,7476438577;2,3038163781
202200016113;21;4;2022;22:40;5;971;97113;1;9;1;3;RN4 - SECTION RIVIERA;16,2177033725; -61,4925169945
202200016114;26;6;2022;17:00;1;69;69388;2;2;1;6;Avenue des Frères Lumière;45,7430400000;4,8769000000
202200016115;21;4;2022;12:40;1;95;95277;1;1;1;3;RD 317;48,9787200000;2,4650700000
202200016116;2;9;2022;01:25;3;35;35002;1;1;2;6;Lieu Dit le Feuillage;47,9988710000; -1,5141020000
202200016117;26;6;2022;13:50;1;69;69387;2;2;1;3;Rue Sébastien Gryphe;45,7524000000;4,8443500000
202200016118;22;4;2022;18:50;1;95;95582;2;1;1;6;BD GAMBETTA;48,9779500000;2,2412800000
202200016119;20;4;2022;21:36;5;91;91433;2;1;1;7;MOULINS (RUE DES);48,4505400000;2,1829500000
202200016120;29;9;2022;15:40;1;40;40065;2;2;3;1;Rue Jean-baptiste Gabarra;43,6421040000; -1,4304440000
202200016121;26;6;2022;07:40;1;972;97213;1;1;3;3;DEPARTEMENTALE 28;14,6280700000; -60,9722000000
202200016122;8;4;2022;19:55;2;89;89287;1;1;3;1;LIBERTE (AVENUE);48,1741600000;3,2267100000
202200016123;11;10;2022;12:15;1;44;44188;1;1;1;2;D117;47,0582130000; -1,6155160000
202200016124;23;6;2022;21:55;3;972;97213;1;9;1;2;ROUTE NATIONALE 1;14,6584584000; -60,9719090000
202200016125;21;4;2022;13:03;1;87;87085;2;3;1;3;DUTREIX (RUE ARMAND);45,8308500000;1,2447700000
202200016126;2;10;2022;10:35;1;974;97422;2;6;1;6;Rue Marius et Ary Leblond; -21,2849280000;55,5193660000
202200016127;26;6;2022;10:25;1;972;97209;1;1;2;2;RD 41 (ROCADE);14,6115300000; -61,0793800000
202200016128;22;4;2022;23:50;5;78;78551;2;1;1;3;GAMBETTA (AVENUE);48,8972200000;2,0983900000
202200016129;25;6;2022;02:20;5;972;97209;2;3;1;3;VICTOR SCHOELCHER (RUE);14,6048100000; -61,0691800000
202200016130;12;10;2022;12:40;1;26;26339;1;1;8;2;Autoroute A7 PK108.000;44,6183630000;4,7929570000
202200016131;22;4;2022;08:30;1;78;78440;2;1;1;6;PAUL RAOULT (AVENUE);48,9899100000;1,9132310000
202200016132;12;10;2022;03:40;5;83;83070;2;1;1;6;D559;43,1502490000;6,4027440000
202200016133;22;4;2022;13:20;1;78;78624;1;1;1;3;POISSY AVENUE DE;48,9587900000;2,0176100000
202200016134;26;6;2022;18:56;1;69;69286;2;2;1;3;Avenue du Mont Blanc;45,8123600000;4,8936200000
202200016135;11;10;2022;21:10;3;50;50607;1;1;1;2;A84 PK 182+760;48,7828807164; -1,2676154900
202200016136;22;4;2022;18:00;1;77;77464;2;1;1;6;CORNILLOT (RUE);48,8841200000;2,7102900000
202200016137;26;6;2022;16:20;1;69;69034;2;1;1;6;44 Rue Pasteur;45,7888600000;4,8402100000
202200016138;26;6;2022;14:00;1;95;95585;2;1;1;3;Rue de l’Escouvrier;48,9923739042;2,3890328407
202200016139;22;4;2022;16:30;1;77;77307;2;1;1;1;D934;48,8776700000;2,7321500000
202200016140;26;6;2022;19:15;1;91;91216;2;1;1;7;PETIT VAUX (RUE);48,6737400000;2,3266500000
202200016141;22;4;2022;15:00;1;77;77243;2;1;1;3;MAL DE LATTRE DE TASSIGNY (AVENUE DU);48,8769000000;2,6847800000
202200016142;25;6;2022;07:45;1;91;91326;2;1;2;7;AV FRANCOIS MITTERRAND;48,6969910000;2,3717780000
202200016143;22;4;2022;18:20;1;76;76540;2;1;1;1;Boulevard Ferdinand de Lesseps;49,4448300000;1,0682900000
202200016144;25;6;2022;08:09;1;91;91027;2;1;1;3;AV FRANCOIS MITTERRAND;48,7010800000;2,3717400000
202200016145;7;10;2022;18:39;2;14;14738;1;1;1;4;A84;49,1580520000; -0,4716990000
202200016146;12;4;2022;18:00;1;72;72181;2;1;8;6;MENDES FRANCE PIERRE (AV);48,0072700000;0,1995300000
202200016147;25;6;2022;14:10;1;83;83123;1;1;1;1;BANDOL (ROUTE)N° PAIRS;43,1271400000;5,7861220000
202200016148;11;10;2022;13:00;1;37;37018;1;1;1;6;Autoroute A85;47,3080448901;0,6046772003
202200016149;20;4;2022;09:20;1;71;71497;2;1;1;6;90 Route de Sennecé;46,3353000000;4,8265900000
202200016150;11;10;2022;07:15;2;62;62285;1;1;1;7;D5;50,1858130000;2,9027180000
202200016151;21;4;2022;17:30;1;71;71475;2;1;1;3;LYON (ROUTE DE );46,7687540000;4,8433880000
202200016152;25;6;2022;10:20;1;81;81065;2;6;1;2;FONTAINES (RD.PT.DES);43,6195535000;2,2701580000
202200016153;11;10;2022;18:40;2;19;19091;1;1;1;3;D980;45,0844090000;1,9717210000
202200016154;21;4;2022;17:37;1;66;66136;2;3;2;3;RUDE (FRANCOIS);42,7039800000;2,8827300000
202200016155;2;10;2022;22:48;3;56;56240;2;1;1;6;2227 Calzac Haut;47,5185800000; -2,7552980000
202200016156;26;6;2022;06:00;2;69;69266;2;1;3;6;Avenue Général Leclerc;45,7575800000;4,8909300000
202200016157;11;10;2022;20:20;3;59;59135;1;1;1;6;ROUTE DE STEENVOORDE;50,8029950000;2,5139380000
202200016158;19;4;2022;16:20;1;58;58194;1;1;1;3;MARZY;46,9875400000;3,1376900000
202200016159;26;6;2022;08:00;1;69;69013;1;1;2;6;Route de Chamburcy;46,0166927663;4,7028210516
202200016160;12;10;2022;03:30;5;76;76550;2;2;5;6;2 Route de la Forêt;49,3584410000;0,9456610000
202200016161;21;4;2022;19:56;1;56;56121;2;6;1;6;54 Boulevard Édouard Herriot;47,7396400000; -3,3798000000
202200016162;24;6;2022;16:30;1;69;69091;2;1;2;3;3 Rue de la Paix;45,5865600000;4,7551200000
202200016163;22;4;2022;15:50;1;51;51454;2;6;1;3;Place des Combattants d'A.F.N;49,2202133365;4,0208137035
202200016164;11;10;2022;17:00;1;80;80308;2;1;1;1;Rue du Général de Gaulle;50,0610250000;1,5913680000
202200016165;11;10;2022;12:12;1;32;32119;1;1;1;1;Zone industrielle Lauron;43,8411590000;0,0929760000
202200016166;22;4;2022;18:15;1;47;47001;2;1;1;1;LUXEMBOURG (AV. MAURICE);44,1992900000;0,6232200000
202200016167;21;4;2022;13:45;1;47;47031;1;1;8;2;LAMOTHE MAGNAC (ZI);44,1765600000;0,6169300000
202200016168;8;10;2022;15:15;1;71;71460;2;3;1;5;645 Route de Peronne;46,4273420000;4,7842780000
202200016169;11;10;2022;18:15;1;63;63231;2;1;2;1;16 Rue du 14 Juillet;45,8706400000;3,6131430000
202200016170;15;4;2022;14:40;1;43;43251;2;1;1;2;16 Avenue Charles Massot;45,0284200000;3,8807200000
202200016171;12;10;2022;10:15;1;44;44024;2;1;7;6;9 Rue de la Mairie;47,1693900000; -1,7209780000
202200016172;21;4;2022;10:20;1;38;38185;2;6;8;6;ESMONIN (AVENUE ED.);45,1582400000;5,7243000000
202200016173;11;10;2022;12:00;1;29;29158;2;9;1;6;Terre Plein du Port;47,8170050000; -4,3766520000
202200016174;22;4;2022;05:28;5;37;37261;2;2;1;2;MIRABEAU (RUE);47,3975300000;0,6994300000
202200016175;4;10;2022;12:55;1;13;13083;1;9;1;3;parking de l'Escapade;43,8960790000;4,7850720000
202200016176;11;10;2022;17:35;1;03;03082;2;1;2;6;Rue du Creux du Lac;46,2864610000;2,7297000000
202200016177;22;4;2022;17:00;1;35;35238;2;1;1;3;BIGNON (RUE DU);48,0969013363; -1,6332104802
202200016178;12;10;2022;07:30;2;03;03040;1;1;5;6;D137;46,5472550000;3,3027970000
202200016179;11;10;2022;19:00;2;01;01359;1;2;1;1;D26;46,0817450000;5,0704480000
202200016180;11;10;2022;17:55;1;14;14659;2;2;1;1;D260;49,0545800000; -0,2151240000
202200016181;10;10;2022;15:00;1;50;50273;1;3;1;2;Le Haut Bois (Saint-Jores);49,3054230000; -1,4278200000
202200016182;12;10;2022;16:39;1;50;50142;1;2;7;3;D116;49,6907070000; -1,3590110000
202200016183;27;9;2022;18:30;2;45;45006;1;1;8;3;250 Chemin de Saint Cyr;47,7799220000;1,8824490000
202200016184;12;10;2022;18:20;2;64;64066;2;2;1;3;Route d'ascarat;43,1680810000; -1,2583320000
202200016185;11;10;2022;18:30;2;16;16086;1;1;1;3;ROUTE DE ROCHECHOUART;45,8446610000;0,7899530000
202200016186;12;10;2022;13:50;1;07;07022;1;5;1;1;départementale 22;44,7094675830;4,7222489125
202200016187;11;10;2022;16:40;1;53;53147;2;6;1;1;RN12;48,3025710000; -0,6112000000
202200016188;12;10;2022;07:35;2;53;53040;1;1;1;7;le Grand Lattay;48,1401970000; -1,0560860000
202200016189;2;10;2022;12:10;1;21;21496;2;2;1;3;Rue de la Gare;47,3109000000;5,4096290000
202200016190;10;10;2022;23:30;3;17;17277;1;1;2;7;D150;46,0158000000; -0,5159710000
202200016191;12;10;2022;10:05;1;08;08097;1;2;7;5;D21;49,3229868436;4,7219109535
202200016192;11;10;2022;07:30;2;08;08349;1;1;1;1;D 17A;49,6925190000;5,1866140000
202200016193;11;10;2022;22:00;3;13;13001;1;1;1;2;A8 - pk 022+200;43,5132960000;5,4735200000
202200016194;12;10;2022;17:55;1;68;68059;1;1;1;4;AUTOROUTE A36 - PK 008+200;47,7177310000;7,1413280000
202200016195;11;10;2022;07:00;2;38;38052;1;1;5;3;;45,1146510000;6,0047280000
202200016196;11;10;2022;16:35;1;971;97117;1;3;1;2;Départementale 114 intersection route d'Eau Blanche;16,3027220000; -61,3663350000
202200016197;8;9;2022;12:00;1;77;77382;2;1;2;3;D436;48,9039800000;2,8797480000
202200016198;16;9;2022;20:05;3;78;78003;1;1;1;6;N10;48,5366700000;1,8290950000
202200016199;10;10;2022;19:47;3;34;34289;1;5;1;3;D13e15;43,3870740000;3,4199350000
202200016200;4;7;2022;19:28;2;84;84078;2;1;1;6;Route Nationale 7;44,2431250000;4,7116400000
202200016201;5;10;2022;10:45;1;83;83023;1;1;1;2;;43,4023860000;6,0988390000
202200016202;11;10;2022;17:15;1;83;83081;1;1;1;1;D562;43,6091250000;6,8123980000
202200016203;10;10;2022;17:45;1;26;26271;1;3;1;3;nationale7;45,0317855760;4,8678443457
202200016204;11;10;2022;18:05;1;26;26084;2;1;1;6;Route de Valence;45,0086960000;4,9285380000
202200016205;11;10;2022;14:17;1;86;86123;1;1;1;7;D6;46,5697870000;0,0206960000
202200016206;7;10;2022;23:05;5;33;33243;2;6;1;3;191 avenue du général de gaulle;44,8991620000; -0,2122910000
202200016207;5;10;2022;09:15;1;85;85016;2;4;1;3;1 Rue du jaunay;46,6760457094; -1,6124160703
202200016208;9;10;2022;15:10;1;44;44037;1;1;1;1;4 bel abord;47,1382880000; -1,4213800000
202200016209;11;10;2022;12:15;1;14;14762;2;1;1;6;Rue Charles Tellier;48,8569080000; -0,8801260000
202200016210;12;10;2022;09:00;1;22;22197;1;3;1;3;la ville blanche;48,4920940000; -1,9207620000
202200016211;11;10;2022;09:00;1;13;13106;1;1;1;2;A7-Sens Lyon vers Marseille;43,3995952580;5,3492407618
202200016212;11;10;2022;08:00;1;13;13210;1;1;1;3;A507 sens Aubagne- Marseille;43,2850000000;5,4250000000
202200016213;10;10;2022;08:50;1;69;69389;1;1;1;3;Route de Métropole 6;45,7654500000;4,7999300000
202200016214;11;10;2022;07:30;2;69;69296;1;1;1;5;Autoroute 7  ;45,6395000000;4,8248400000
202200016215;10;10;2022;23:00;3;69;69199;1;1;1;6;Autoroute 7 ;45,6859900000;4,8471100000
202200016216;9;10;2022;04:50;3;59;59160;1;1;1;5;AUTOROUTE A2;50,4203769837;3,6336636543
202200016217;8;10;2022;05:35;3;59;59654;1;1;1;6;AUTOROUTE A21;50,3962966147;3,1168435514
202200016218;7;10;2022;15:20;1;59;59566;1;1;1;2;AUTOROUTE A25;50,6178283432;2,9794996977
202200016219;6;10;2022;16:00;1;59;59378;1;1;1;2;ROUTE NATIONALE 356;50,6539319515;3,1065747142
202200016220;6;10;2022;15:50;1;59;59410;1;1;1;4;ROUTE NATIONALE 356;50,6513697525;3,1026023626
202200016221;11;10;2022;09:10;1;94;94038;1;9;1;3;AUTOROUTE A6A;48,7743600000;2,3460400000
202200016222;10;10;2022;23:55;5;94;94037;1;1;1;1;AUTOROUTE A6A;48,8153700000;2,3364500000
202200016223;11;10;2022;08:55;1;78;78640;1;1;1;2;A86 EXT;48,7773760000;2,2222100000
202200016224;10;10;2022;21:40;3;78;78117;1;1;1;3;RN12;48,7878610000;2,1441120000
202200016225;10;10;2022;20:00;5;93;93066;1;1;1;2;AUTOROUTE A1;48,9308700000;2,3678400000
202200016226;11;10;2022;06:40;3;94;94017;1;1;1;3;A4;48,8269800000;2,5128900000
202200016227;10;10;2022;19:40;3;77;77181;1;1;1;2;A4;48,8292000000;2,7165200000
202200016228;9;10;2022;02:05;3;94;94028;1;1;1;4;A86 EXT;48,7760849626;2,4295495219
202200016229;13;4;2022;16:45;1;38;38544;2;1;1;1;ST MARCEL(MONTEE);45,5151500000;4,8900200000
202200016230;21;7;2022;08:33;1;38;38185;1;1;1;5;A480;45,1640300000;5,7016000000
202200016231;8;10;2022;12:30;1;75;75117;2;4;1;2;PORTE DE CLICHY;48,8954681180;2,3075419664
202200016232;10;10;2022;13:20;1;75;75119;2;1;1;2;AVENUE MATHURIN MOREAU;48,8781750000;2,3721240000
202200016233;10;10;2022;08:20;1;75;75117;2;2;1;2;RUE DE COURCELLES;48,8864670000;2,2957770000
202200016234;10;10;2022;10:20;1;75;75116;2;1;1;3;BOULEVARD FLANDRIN;48,8650620000;2,2724550000
202200016235;9;10;2022;18:24;1;75;75116;2;7;1;3;PLACE DE L ALMA;48,8647040000;2,3009420000
202200016236;10;10;2022;11:30;1;75;75114;2;3;1;3;BOULEVARD JOURDAN;48,8205490000;2,3374130000
202200016237;10;10;2022;06:55;5;75;75101;2;2;1;7;RUE DE RIVOLI;48,8591060000;2,3464400000
202200016238;10;10;2022;02:45;5;75;75103;2;7;1;6;RUE DE LA PERLE;48,8592130000;2,3621400000
202200016239;9;10;2022;15:10;1;75;75101;2;2;1;6;RUE CAMBON;48,8666960000;2,3255750000
202200016240;9;10;2022;13:35;1;75;75101;2;4;1;6;RUE DU LOUVRE;48,8644450000;2,3426340000
202200016241;7;10;2022;12:00;1;94;94052;2;3;1;3;CHARLES DE GAULLE (GRAND RUE);48,8382500000;2,4894280000
202200016242;10;10;2022;12:00;1;94;94043;2;1;1;3;QUATORZE JUILLET (R DU);48,8143700000;2,3598200000
202200016243;10;10;2022;09:50;1;94;94076;2;1;1;3;MAXIME GORKI (BD);48,7934500000;2,3691300000
202200016244;9;10;2022;22:40;5;94;94073;2;9;1;1;Avenue du Général de Gaulle;48,7678000000;2,3760000000
202200016245;10;10;2022;09:45;1;94;94017;2;2;1;2;Avenue de la République / Avenue Danielle Casanova;48,8251300000;2,5100100000
202200016246;10;10;2022;06:50;3;94;94048;2;1;1;2;Route Nationale 19;48,7276800000;2,5467100000
202200016247;10;10;2022;16:00;1;93;93073;1;6;1;3;Chemin de Roissy a Villepinte / Rue de la Belle Borne;48,9892000000;2,5197700000
202200016248;10;10;2022;15:00;1;93;93073;2;1;1;2;Avenue des Nations;48,9775096515;2,5169041873
202200016249;10;10;2022;10:10;1;93;93066;2;1;1;6;Rue Ambroise Croizat;48,9277700000;2,3530900000
202200016250;10;10;2022;14:00;1;93;93053;2;3;1;6;Rue de Brément / Rue Parmentier;48,8882300000;2,4599500000
202200016251;10;10;2022;07:40;1;93;93051;2;2;1;3;Rue Rouget de Lisle / Rue Marthe;48,8485600000;2,5654900000
202200016252;10;10;2022;13:20;1;93;93029;2;6;1;3;Rue de Stalingrad / Rond-Point de l'Abbé Grégoire;48,9178680297;2,4177609104
202200016253;10;10;2022;17:50;1;93;93007;2;9;1;3;Avenue Pasteur;48,9399570301;2,4712124907
202200016254;10;10;2022;09:00;1;92;92072;2;2;1;7;GRANDE RUE;48,8254000000;2,2158000000
202200016255;6;10;2022;08:50;1;92;92026;2;1;1;3;INDUSTRIE (RUE DE L');48,8920219771;2,2566902339
202200016256;8;10;2022;16:10;1;92;92004;2;1;1;4;AULAGNIER ( QUAI );48,9153646382;2,3149797320
202200016257;11;10;2022;15:45;1;35;35108;1;3;1;1;La Motte Colombel;47,9378230000; -1,4614070000
202200016258;10;10;2022;20:40;3;14;14497;1;3;1;3;D511;48,9592690000; -0,1170110000
202200016259;11;10;2022;15:05;1;73;73085;1;1;1;3;D991b;45,7926109584;5,8626155555
202200016260;11;10;2022;09:06;1;28;28409;1;1;1;6;autoroute a11;48,2784590000;1,2029390000
202200016261;13;9;2022;23:30;3;14;14027;1;1;2;6;D106;48,9798194592; -0,6412767470
202200016262;7;10;2022;17:15;1;72;72231;1;1;1;2;Route de Ruaudin;47,9385000000;0,3412300000
202200016263;9;10;2022;23:20;3;34;34114;1;1;2;6;A750;43,6474730000;3,5463950000
202200016264;11;10;2022;06:45;5;62;62595;2;1;1;6;D943;50,7868860000;2,1807750000
202200016265;9;10;2022;03:40;4;95;95652;2;1;1;6;Rue de Paris;49,1269340299;2,3701661825
202200016266;19;9;2022;08:45;1;76;76503;2;3;1;3;Rue du Verger;49,5327317827;0,9956462340
202200016267;11;10;2022;14:53;1;82;82025;1;2;1;2;1337 route de montech;43,9578340000;1,2866460000
202200016268;10;10;2022;18:00;1;42;42098;2;1;1;6;325 Grande Rue;45,9397030000;4,2679360000
202200016269;9;10;2022;14:25;1;41;41063;1;1;1;3;D17;47,2508630000;1,4278260000
202200016270;11;10;2022;16:30;1;39;39445;1;3;1;3;;46,6372440000;5,6289510000
202200016271;9;10;2022;00:45;3;44;44175;1;1;1;1;402 kerlo;47,3753840000; -2,3474370000
202200016272;9;10;2022;06:25;3;35;35184;1;1;1;1;;48,1907810000; -2,0486930000
202200016273;31;7;2022;16:43;1;29;29278;1;1;8;6;D17 - Bochkelenn;48,1641189537; -3,6482992170
202200016274;11;10;2022;17:05;1;29;29160;1;6;7;6;37 rue des Trois Freres Le Ro;48,4980770000; -4,4277460000
202200016275;10;10;2022;07:00;2;14;14738;1;1;1;1;D147A;49,1687140000; -0,4790000000
202200016276;10;10;2022;11:15;1;60;60187;1;1;1;3;15 Rue de Saint-leu;49,4408407950;1,8539560971
202200016277;11;10;2022;10:00;2;64;64490;2;8;5;3;chemin Landaburia;43,2394990000; -1,3086260000
202200016278;10;10;2022;16:45;1;10;10119;1;1;3;6;;48,0365440000;4,6485040000
202200016279;9;10;2022;03:00;3;36;36031;1;1;1;6;Le Grand Esnard;46,8958232064;1,3849425316
202200016280;11;10;2022;18:10;3;24;24159;1;1;2;6;L'Ormeau;45,1037660000;0,2217760000
202200016281;10;10;2022;08:00;1;85;85234;2;2;1;3;Rue georges clemenceau;46,7914700000; -2,0613630000
202200016282;10;10;2022;14:30;1;48;48063;1;2;1;3;LECOMPTE;44,7405110000;3,3977470000
202200016283;10;10;2022;15:10;1;52;52093;2;1;1;6;11 Place de Verdun;47,8045800000;5,4352710000
202200016284;10;10;2022;15:05;1;01;01254;1;1;1;3;A40;46,1644310000;5,2991940000
202200016285;8;10;2022;19:00;5;987;98715;2;1;1;3;RT1 pamatai; -17,5541750000; -149,5883950000
202200016286;29;9;2022;09:50;1;17;17074;1;1;2;1;Route de Bedenac;45,2089640000; -0,3681010000
202200016287;2;10;2022;05:30;3;86;86280;1;1;1;2;A10;46,9445620000;0,5470230000
202200016288;10;10;2022;20:52;3;38;38565;1;1;1;5;A48;45,2681700000;5,6283260000
202200016289;10;10;2022;07:15;2;83;83047;1;3;1;2;Chemin Long;43,1288210000;6,0769680000
202200016290;11;10;2022;16:25;1;06;06143;2;1;1;1;Avenue du General de Gaulle;43,9477840000;7,0075040000
202200016291;21;8;2022;09:21;1;13;13014;2;3;1;1;Avenue Ambroise Croizat;43,4814690000;5,1705050000
202200016292;11;10;2022;16:15;1;71;71481;2;1;1;1;Rue de la Tour;46,1969580000;4,7578950000
202200016293;9;10;2022;16:10;1;21;21586;2;1;1;5;80 Rue de Dijon;47,2240420000;5,0618650000
202200016294;5;10;2022;16:57;2;67;67286;2;6;1;3;D426;48,4477990000;7,5494290000
202200016295;10;10;2022;15:08;1;57;57360;2;1;1;2;Rue de Forbach;49,1663320000;6,9623820000
202200016296;11;10;2022;08:40;1;38;38124;1;1;1;3;D1075;45,5965110000;5,5358430000
202200016297;10;10;2022;20:30;3;07;07156;1;1;1;6;Quartier le Pestrin;44,6838200000;4,2820070000
202200016298;10;10;2022;07:50;2;79;79049;2;1;1;6;11 Boulevard de Cornet;46,8302360000; -0,4987890000
202200016299;10;10;2022;17:55;2;16;16078;2;1;1;3;1553 Rue des Platanes;45,7011740000;0,1816020000
202200016300;3;10;2022;17:30;1;86;86222;2;1;1;1;Rue du 19 Mars 1962;46,6754020000;0,4015480000
202200016301;11;10;2022;08:05;2;64;64407;1;1;9;7;1849 Chemin de Cigaro;43,4819300000; -1,4222100000
202200016302;9;10;2022;18:40;1;50;50099;1;1;1;1;Rue l'Abbaye des Reines -st Pe;49,2975910000; -1,1886640000
202200016303;18;9;2022;19:35;2;56;56167;1;1;1;7;Route de Bretagne;47,6517870000; -2,8832140000
202200016304;11;10;2022;08:40;2;76;76743;1;1;7;2;D88;49,5344770000;0,9240750000
202200016305;9;10;2022;22:43;3;59;59129;2;1;1;6;7 Rue d'Huquinville;50,5107202148;3,1946504116
202200016306;10;10;2022;17:00;1;83;83027;1;1;1;2;A50;43,1973900713;5,7611909382
202200016307;10;10;2022;14:45;1;33;33075;1;1;1;4;ROCADE A 630;44,8819000000; -0,6241300000
202200016308;9;10;2022;02:37;4;33;33063;1;1;1;2;ROCADE A 630;44,8870000000; -0,5704200000
202200016309;6;10;2022;14:00;1;62;62637;1;1;1;7;AUTOROUTE A1;50,4622690000;2,9744090000
202200016310;10;10;2022;17:10;1;94;94038;1;1;1;6;AUTOROUTE A6B;48,7828929028;2,3471321325
202200016311;10;10;2022;10:25;1;92;92002;1;1;1;4;AUTOROUTE A10;48,7295420000;2,3069390000
202200016312;10;10;2022;07:45;1;91;91689;1;1;1;2;AUTOROUTE A6A;48,7478366855;2,3272195931
202200016313;10;10;2022;16:40;1;93;93013;1;1;1;2;AUTOROUTE A1;48,9411800000;2,4269100000
202200016314;9;10;2022;22:30;3;95;95488;1;1;1;2;A15;49,0184789544;2,1405771375
202200016315;14;10;2022;00:46;3;94;94018;1;1;2;2;A4;48,8174509582;2,4185959238
202200016316;23;7;2022;15:40;1;69;69383;2;2;1;6;Rue Bonnand;45,7495700000;4,8841000000
202200016317;16;11;2022;16:10;1;35;35278;2;1;3;6;DUCHESSE ANNE (RUE DE LA);48,1519995788; -1,6849449277
202200016318;16;11;2022;07:45;1;34;34172;2;1;1;6;1642 avenue de la Pompignane;43,6206400000;3,8975200000
202200016319;12;11;2022;17:30;2;34;34032;1;1;1;2;BADIE VINCENT (RD POINT);43,3484700000;3,2522100000
202200016320;16;11;2022;22:27;5;33;33522;2;1;2;3;Cours de la Libération;44,8008725636; -0,5952170491