Num_Acc;jour;mois;an;hrmn;lum;dep;com;agg;int;atm;col;adr;lat;long
202200016321;16;11;2022;09:35;1;33;33249;2;1;1;3;Rue Lavergne;44,8763000000; -0,5226500000
202200016322;16;11;2022;07:30;3;33;33318;2;2;2;3;Avenue de Magellan;44,7907339839; -0,6572431326
202200016323;15;11;2022;17:50;5;31;31557;2;1;1;6;BD VINCENT AURIOL;43,5871370000;1,3493600000
202200016324;15;11;2022;21:55;5;29;29019;2;1;3;3;9 boulevard des Francais Libres;48,3850805863; -4,4941808581
202200016325;15;11;2022;20:20;5;29;29019;2;3;2;1;31 rue Marcellin Duval;48,4132550000; -4,4866540000
202200016326;15;11;2022;18:00;5;27;27681;2;3;2;3;ARDECHE (AVENUE DE L');49,0867700000;1,4803000000
202200016327;16;11;2022;16:15;1;17;17415;2;1;2;7;DOUMER 2 A 143 /ROC.OUEST COURS PAUL;45,7440900000; -0,6521500000
202200016328;15;11;2022;19:00;2;11;11262;2;1;1;6;25 Avenue Carnot;43,1913000000;3,0071000000
202200016329;15;11;2022;16:10;1;11;11069;2;1;1;6;21 Bd I et Frederic Joliot Curie;43,2142300000;2,3686300000
202200016330;16;11;2022;20:50;5;10;10387;2;1;2;3;FAUBOURG CRONCELS (RUE DU);48,2782223739;4,0818688273
202200016331;16;11;2022;15:50;1;10;10333;2;1;1;1;CHARLES DE REFUGE (RUE);48,2835000000;4,0567000000
202200016332;16;11;2022;14:52;1;10;10387;2;6;1;2;Av Major General Georges Vanier;48,3084366755;4,0686267614
202200016333;24;10;2022;08:20;1;06;06083;2;3;1;6;MEDECIN (AVENUE  GASPARD);43,7698700000;7,4922700000
202200016334;29;10;2022;21:00;3;05;05061;1;9;1;2;route Napoléon;44,5800500000;6,0845400000
202200016335;16;11;2022;20:25;5;04;04112;2;9;1;6;GIONO (AV. J.);43,8254000000;5,7878600000
202200016336;14;11;2022;11:50;1;03;03310;2;2;1;3;Rue de la Cascade;46,1124420000;3,4438820000
202200016337;23;8;2022;09:23;1;69;69266;2;3;1;3;Cours Emile Zola;45,7697900000;4,8779000000
202200016338;22;5;2022;16:55;1;69;69383;2;3;1;6;Rue d'Aubigny;45,7613800000;4,8638500000
202200016339;21;5;2022;03:10;5;69;69387;1;2;1;3;Avenue Jean Jaurès;45,7452000000;4,8418000000
202200016340;20;5;2022;12:15;1;69;69388;2;3;1;2;Route de Vienne;45,7232233127;4,8540760466
202200016341;19;5;2022;08:20;1;69;69388;2;1;1;6;Rue Stéphane Coignet;45,7265100000;4,8747500000
202200016342;15;5;2022;10:19;1;69;69387;2;3;1;3;Rue Montesquieu;45,7540200000;4,8395900000
202200016343;13;5;2022;16:20;1;69;69383;2;2;1;3;Rue Bonnand;45,7486100000;4,8838000000
202200016344;12;5;2022;22:00;4;69;69388;2;2;1;1;Rue Professeur Beauvisage;45,7274560202;4,8621127009
202200016345;12;5;2022;13:10;1;69;69388;2;2;1;3;Rue Villon;45,7434300000;4,8653500000
202200016346;14;8;2022;15:20;1;14;14160;1;1;1;7;Chemin du Parterre;49,0617373735; -0,2954936028
202200016347;7;11;2022;09:51;1;75;75114;2;1;8;3;PORTE DE GENTILLY;48,8162800000;2,3375730000
202200016348;14;11;2022;18:55;5;75;75113;2;1;1;6;BOULEVARD DE L HOPITAL;48,8350220000;2,3581520000
202200016349;16;11;2022;13:43;1;75;75118;2;2;1;6;BOULEVARD BARBES;48,8838560000;2,3447600000
202200016350;16;11;2022;17:40;5;75;75117;2;4;3;6;AVENUE DES TERNES;48,8789830000;2,2927640000
202200016351;16;11;2022;13:50;1;75;75116;2;6;1;3;ROUTE DE LA PTE DES SABLONS A LA PTE MAI;48,8775090000;2,2699030000
202200016352;16;11;2022;08:12;1;75;75115;2;3;8;6;RUE DE VOUILLE;48,8351259865;2,3037748039
202200016353;16;11;2022;08:18;2;75;75114;2;2;8;2;AVENUE DE LA PORTE DE CHATILLON;48,8226440000;2,3148330000
202200016354;15;11;2022;13:25;1;75;75114;2;2;2;6;RUE MOUTON DUVERNET;48,8320140000;2,3274260000
202200016355;16;11;2022;19:15;5;75;75113;2;3;2;3;BOULEVARD KELLERMANN;48,8202350000;2,3479640000
202200016356;16;11;2022;17:20;5;75;75113;2;2;2;3;AVENUE CLAUDE REGAUD;48,8215450000;2,3724690000
202200016357;16;11;2022;22:40;5;75;75112;2;2;2;6;BOULEVARD DIDEROT;48,8473420000;2,3867720000
202200016358;16;11;2022;10:10;1;75;75101;2;2;1;2;QUAI FRANCOIS MITTERRAND;48,8590020000;2,3398500000
202200016359;16;11;2022;09:05;1;75;75102;2;4;8;3;RUE GRENETA;48,8654810000;2,3532290000
202200016360;15;11;2022;10:20;1;75;75104;2;2;2;3;RUE SAINT ANTOINE;48,8539730000;2,3647970000
202200016361;16;11;2022;08:00;1;94;94080;2;1;1;3;FRANCE (R DE);48,8481620000;2,4504300000
202200016362;16;11;2022;19:50;5;94;94074;2;6;2;3;theodule jourdain;48,7703600000;2,4466800000
202200016363;16;11;2022;17:05;2;94;94046;2;1;2;3;Avenue du Général Leclerc;48,8108900000;2,4322600000
202200016364;16;11;2022;17:40;5;94;94076;2;1;2;6;VERDUN (R DE);48,7912800000;2,3536600000
202200016365;16;11;2022;12:50;1;94;94003;2;1;8;3;Avenue Aristide Briand;48,8056600000;2,3257400000
202200016366;16;11;2022;11:05;1;94;94033;2;7;2;3;Avenue de la République / Rue Mirabeau;48,8524040000;2,4629370000
202200016367;16;11;2022;12:10;1;94;94055;2;1;1;2;Route de Provins;48,7928800000;2,5540000000
202200016368;15;11;2022;19:40;5;94;94017;2;2;2;6;Rue du Docteur Bring / Rue de Chennevieres;48,8179634688;2,5390918110
202200016369;29;7;2022;17:40;1;49;49120;1;3;1;3;Route des Jubeaux;47,3976140000; -0,6155160000
202200016370;15;11;2022;12:00;1;94;94079;2;2;2;6;Rue de Noisy / Avenue Montrichard;48,8322600000;2,5451500000
202200016371;28;7;2022;17:25;1;42;42185;2;1;1;3;463 Rue de la Loire;45,5868710000;4,2496810000
202200016372;28;7;2022;09:40;1;42;42039;1;1;1;7;Route de Jeansagnière;45,7085770000;3,8568020000
202200016373;16;11;2022;19:00;5;94;94017;2;3;3;6;Boulevard Jules Guesde / Rue Fernand Pelloutier;48,8190800000;2,5088200000
202200016374;28;7;2022;10:40;1;42;42019;2;1;1;6;Place de l'Hôtel de Ville;45,7458600000;4,0042910000
202200016375;16;11;2022;17:20;3;94;94075;1;1;3;7;MARECHAL DE LATTRE DE TASSIGNY (AV);48,7277470000;2,5298480000
202200016376;29;7;2022;16:30;1;47;47021;1;1;1;7;D655;44,1795150921;0,2485370618
202200016377;16;11;2022;12:15;1;94;94071;2;6;1;3;Route de la Queue-en-brie / Avenue Gabriel Péri;48,7615026216;2,5332391262
202200016378;29;7;2022;14:50;1;41;41242;2;3;1;3;Boulevard Kléber Lousteau;47,2777230000;1,5580190000
202200016379;26;7;2022;14:45;1;86;86286;1;1;1;6;Route du Milleron;46,8913650000;0,1641730000
202200016380;16;11;2022;15:24;1;93;93070;2;1;3;3;Rue Adrien Meslier;48,9127544218;2,3327144980
202200016381;29;7;2022;19:25;1;44;44119;1;2;1;3;La Croix des Brosses;46,9795170000; -1,7760620000
202200016382;16;11;2022;17:05;5;93;93051;2;2;2;6;Boulevard du Mont d'Est / Rue Galilée;48,8433100000;2,5469500000
202200016383;29;7;2022;13:30;1;35;35023;1;1;1;2;Citois;48,1966420000; -1,9402770000
202200016384;16;11;2022;17:56;4;93;93050;2;1;2;3;Avenue du Dauphine;48,8686700000;2,5334700000
202200016385;30;7;2022;06:45;2;29;29266;1;1;1;6;D712 - Koad Ar C’hastell;48,5204561000; -3,9311310000
202200016386;11;7;2022;07:35;1;31;31183;2;1;1;1;route principale;43,0842050000;0,8969090000
202200016387;16;11;2022;00:15;5;93;93048;2;2;1;3;Rue Lenain de Tillemont / Rue du Bel Air;48,8607080000;2,4597730000
202200016388;30;7;2022;09:30;1;02;02408;1;1;1;7;D7;49,5669480000;3,5697840000
202200016389;16;11;2022;17:30;5;92;92072;2;3;2;2;LECLERC (AVENUE DE LA DIVISION);48,8245487581;2,2200751305
202200016390;28;7;2022;18:15;1;06;06032;2;1;1;3;D6007;43,7259130000;7,3959900000
202200016391;15;11;2022;19:30;5;92;92063;2;9;8;6;DOUMER (AVENUE PAUL) EST;48,8826800000;2,1885800000
202200016392;30;7;2022;16:30;1;05;05164;1;4;1;3;N94;44,5349750000;6,3919240000
202200016393;14;11;2022;22:05;5;92;92063;2;1;9;3;COLMAR (AVENUE DE);48,8872600000;2,1816600000
202200016394;29;7;2022;20:00;1;50;50273;1;1;1;7;Route des Landes - Pretot;49,3253740000; -1,4650650000
202200016395;30;7;2022;07:00;1;60;60509;1;1;1;6;D1017;49,2865670000;2,6022850000
202200016396;16;11;2022;13:07;1;92;92051;2;9;1;3;ACHILLE PERETTI (AVENUE,  N° 98 A 166 ET;48,8838220915;2,2715587914
202200016397;30;7;2022;11:00;1;64;64436;2;3;1;3;D918;43,2347450000; -1,2968910000
202200016398;16;11;2022;08:50;1;92;92050;2;2;1;3;SAINT CLOUD RUE DE;48,8857200000;2,2010400000
202200016399;16;11;2022;14:25;1;92;92026;2;1;2;2;BOULEVARD CIRCULAIRE;48,8944200000;2,2441600000
202200016400;30;7;2022;07:20;1;43;43268;1;1;1;1;N88;45,1588420000;4,1307310000
202200016401;15;11;2022;20:10;5;92;92025;2;1;2;6;GABRIEL PERI (RUE);48,9183170000;2,2390400000
202200016402;15;11;2022;12:20;1;92;92026;2;2;1;2;DOCTEUR DERVAUX  ( QUAI DU );48,9030100000;2,2834700000
202200016403;30;7;2022;11:45;1;07;07338;1;2;1;3;D14;44,9085960000;4,6519370000
202200016404;16;11;2022;20:50;5;92;92002;2;1;2;6;JEAN-CHARLES PERSIL (RUE);48,7531580069;2,2988950610
202200016405;29;7;2022;16:10;1;07;07199;1;4;2;3;;44,4850170000;4,2625020000
202200016406;16;11;2022;08:05;1;92;92002;2;1;8;4;ADOLPHE PAJEAUD (RUE);48,7397380092;2,2785360217
202200016407;30;7;2022;10:30;1;53;53209;1;1;1;6;D120;48,0293200000; -0,9920096390
202200016408;16;11;2022;15:47;1;47;47057;2;9;1;7;01 rue Henri DUNANT;44,6516500000;0,5924680000
202200016409;29;7;2022;17:00;1;40;40197;2;1;1;6;Avenue Nelson Gaston;44,0274690000; -0,9079970000
202200016410;16;11;2022;09:30;1;67;67538;1;1;8;7;D919;48,9219920000;7,3459050000
202200016411;29;7;2022;14:55;1;04;04049;2;1;9;1;Le Barrasson;44,0787220000;5,9942220000
202200016412;17;11;2022;19:30;5;33;33352;1;1;1;6;D668;44,5930880000; -0,0302070000
202200016413;29;7;2022;19:55;1;27;27157;2;1;1;1;7 Rue de Poligny;48,8908750000;0,9266230000
202200016414;17;11;2022;08:00;2;14;14027;2;1;3;3;D26;49,0149000000; -0,6391100000
202200016415;30;7;2022;11:30;1;37;37222;1;1;1;1;Rouvray;47,0853300000;1,0521070000
202200016416;13;11;2022;15:50;1;62;62261;2;2;7;3;Boulevard de Berck;50,4750890000;1,5928510000
202200016417;3;7;2022;14:45;1;37;37069;1;1;1;7;Route forestière Goeffroy Le Bel;47,1274400000;1,1430930000
202200016418;17;11;2022;12:58;1;50;50601;1;1;3;7;A84;48,9836710000; -0,9413360000
202200016419;26;7;2022;09:45;1;37;37050;2;5;1;3;1 Avenue du Grand Sud;47,3490510000;0,7009630000
202200016420;16;11;2022;16:05;1;30;30287;1;1;1;6;D303;44,2083960000;4,5498150000
202200016421;30;7;2022;09:30;1;48;48127;1;1;1;1;Baraque de Saltel (Rieutort-de-Randon);44,6155000000;3,4781710000
202200016422;15;11;2022;09:30;1;62;62376;1;1;2;1;D182;50,5624510000;2,5607370000
202200016423;13;11;2022;16:40;1;19;19123;2;1;1;6;5 Avenue Du Progrés;45,1707960000;1,5723680000
202200016424;28;7;2022;01:00;3;10;10162;1;1;1;2;A5;48,2084019609;4,2487907410
202200016425;30;7;2022;14:00;1;45;45104;1;1;1;2;A77 PK 23+269;48,0388970000;2,6721510000
202200016426;16;11;2022;20:35;3;80;80061;1;1;3;6;D1015;49,8337200000;1,7685840000
202200016427;16;11;2022;17:30;2;11;11015;1;1;1;6;Chemin de Valmigère;42,9716540000;2,3862220000
202200016428;30;7;2022;03:55;5;987;98715;2;1;1;1;pk 3 auae - face à OUTUAREA; -17,5840000000; -149,5600000000
202200016429;16;11;2022;16:26;1;11;11206;2;1;1;6;D118 PK 61;43,0508390000;2,2179240000
202200016430;29;7;2022;10:00;1;06;06004;1;1;1;3;Autoroute A8 PK 173.800;43,6076960000;7,0958050000
202200016431;16;11;2022;07:51;2;55;55523;1;1;2;6;D964;49,2306860000;5,3614140000
202200016432;30;7;2022;09:00;1;60;60680;1;1;1;7;A1 - PK 52+400;49,2743557806;2,6956948936
202200016433;16;11;2022;07:30;2;49;49214;2;1;2;3;D768;47,5452640000; -0,6073430000
202200016434;30;7;2022;03:00;5;987;98753;2;1;1;6;QUAI DE MATAURA; -23,3730000000; -149,4630000000
202200016435;30;7;2022;18:50;5;988;98817;2;1;2;6;Tribu de St Louis - Rocheliane; -22,2336420000;166,5648150000
202200016436;16;11;2022;19:20;3;12;12288;1;1;1;1;D840;44,4508000000;2,4325970000
202200016437;30;7;2022;08:10;1;978;97801;2;1;1;1;R DE SANDY GROUND;18,0583840000; -63,1039790000
202200016438;17;11;2022;14:00;1;42;42159;1;1;2;1;Lieu-dit Vérines;45,7998490000;3,7370990000
202200016439;30;7;2022;17:45;1;45;45244;2;1;1;1;Chemin forestier n°26;47,7845000000;2,4592210000
202200016440;16;11;2022;16:00;1;47;47144;1;1;2;1;Petit Roumaguey;44,5970990000;0,4198730000
202200016441;17;11;2022;10:00;1;39;39103;1;1;1;1;;47,0032610000;5,8597250000
202200016442;30;7;2022;07:50;1;66;66069;1;1;1;7;;42,7851450000;2,8304330000
202200016443;13;11;2022;04:00;3;44;44069;1;1;1;6;D774;47,3085830000; -2,4299850000
202200016444;30;7;2022;05:30;3;34;34213;1;1;1;1;D613;43,4689770000;3,6743310000
202200016445;17;11;2022;15:30;1;38;38013;2;1;2;6;110 Route de Rives;45,3985860000;5,4669000000
202200016446;30;7;2022;16:15;1;83;83115;1;1;1;1;Route du Muy;43,3372510000;6,6087430000
202200016447;16;11;2022;13:00;1;58;58196;2;1;1;6;route de nolay;47,1006400000;3,3394680000
202200016448;16;11;2022;18:30;3;64;64342;1;1;1;6;D26 PK7;43,0534300000; -0,8810090000
202200016449;22;7;2022;20:15;2;83;83107;2;1;7;6;D559- Corniche des Issambres;43,3668156589;6,7122387886
202200016450;15;11;2022;21:30;3;07;07334;1;1;3;7;Route de Païolive (Les Vans);44,4109148520;4,1489481927
202200016451;29;7;2022;17:30;1;04;04062;1;1;1;2;RD 900;44,4459140000;6,7417480000
202200016452;14;11;2022;12:55;1;40;40267;1;1;2;5;CD 933;43,9767580000; -0,2406480000
202200016453;30;7;2022;16:28;1;71;71440;1;1;1;7;D3;46,9299420000;4,0486980000
202200016454;17;11;2022;10:40;1;30;30228;1;1;1;6;pk 55+900 D979;43,9340300000;4,3855400000
202200016455;29;7;2022;17:30;1;71;71371;1;1;1;7;Chemin du Crou En Creux;46,3570140000;4,7374950000
202200016456;17;11;2022;09:10;1;01;01105;1;2;1;3;Carrefour D43 / Chemin de l'Etang Dent;45,9077490000;4,8924860000
202200016457;30;7;2022;09:30;1;68;68231;2;2;1;6;3 Rue de l Hôtel de Ville;48,0182500000;7,5302060000
202200016458;17;11;2022;17:00;2;65;65120;1;1;3;6;A64 La pyrénéenne;43,1990820000;0,1581670000
202200016459;30;7;2022;10:45;1;88;88095;2;3;1;3;Rue Gérard d Alsace;48,3025770000;5,8334260000
202200016460;12;11;2022;07:00;2;67;67152;1;6;5;7;M353;48,5224030000;7,6664190000
202200016461;29;7;2022;11:45;1;88;88321;2;1;1;1;Rue de Rebeval;48,3540030000;5,6844030000
202200016462;29;7;2022;15:30;1;73;73071;1;1;1;7;D91b;45,4478590000;6,6864250000
202200016463;17;11;2022;14:45;1;42;42108;1;1;1;2;A72;45,5904980000;4,2111110000
202200016464;30;7;2022;17:00;1;42;42121;1;4;7;3;Route de Roche;45,5998070000;3,9572880000
202200016465;16;11;2022;17:30;2;38;38503;1;1;1;4;A41;45,3241850000;5,9514360000
202200016466;30;7;2022;02:00;3;69;69112;1;1;1;3;Route de Sain-Bel;45,8054730000;4,6600540000
202200016467;7;11;2022;18:34;3;73;73128;1;1;1;6;A 41 105.5;45,7421320000;5,9262220000
202200016468;29;7;2022;23:30;5;46;46102;1;1;1;6;Tombebiau;44,5988940000;2,0441010000
202200016469;30;7;2022;00:20;3;85;85211;1;1;1;6;D80;46,6255400000; -1,5417700000
202200016470;16;11;2022;23:38;3;21;21001;1;1;2;2;Autoroute A31 PK 010+400;47,1222730000;4,9662940000
202200016471;28;7;2022;19:45;1;56;56237;1;6;1;3;Rue Joseph Quilliou;48,0405620000; -2,9492420000
202200016472;16;11;2022;17:10;5;95;95250;2;1;2;1;Avenue Henri Barbusse;49,0960930000;2,5138930000
202200016473;13;7;2022;13:10;5;76;76475;2;6;1;3;Rue du Marechal Leclerc;49,4028680000;1,1665570000
202200016474;15;11;2022;15:05;1;30;30130;1;1;2;7;;44,3364000000;3,9582910000
202200016475;30;7;2022;15:15;1;60;60134;2;1;1;3;Rue du 1er Septembre;49,3197680000;2,4488640000
202200016476;30;7;2022;00:10;5;59;59449;2;1;1;6;2 Route de Marchiennes;50,4679490000;3,2527460000
202200016477;28;7;2022;14:26;1;42;42330;1;9;7;2;A72;45,4782100000;4,3529600000
202200016478;29;7;2022;19:25;1;57;57672;1;9;1;2;Autoroute A31;49,4047200000;6,1118000000
202200016479;15;11;2022;18:10;2;04;04245;1;1;1;4;D4096;43,8566570000;5,8311060000
202200016480;17;11;2022;18:50;3;70;70523;1;1;8;6;D36;47,5317880000;5,5334030000
202200016481;29;7;2022;11:00;1;91;91064;1;1;1;2;;48,7488000000;2,2147000000
202200016482;28;7;2022;11:29;1;27;27229;2;1;1;6;NORMANDIE (BOULEVARD DE);49,0202000000;1,1383000000
202200016483;17;11;2022;15:45;1;89;89152;1;1;1;1;D606;47,9528790000;3,4600060000
202200016484;27;7;2022;16:40;1;971;97113;2;1;1;3;ROGER ZAMI;16,2114980922; -61,5007460117
202200016485;3;11;2022;18:30;5;67;67397;2;3;3;1;Rue de Boofzheim;48,3239250000;7,6980150000
202200016486;27;7;2022;10:10;1;27;27375;2;9;1;6;JOFFRE (BOULEVARD DU ML);49,2150000000;1,1670000000
202200016487;16;11;2022;22:30;3;26;26271;1;1;1;6;D220;45,0071860000;4,8597120000
202200016488;27;4;2022;21:48;3;84;84007;2;3;1;3;RUE ST JEAN LE VIEUX;43,9482100000;4,8111000000
202200016489;17;11;2022;15:45;1;07;07341;1;1;8;1;CD 902 Intermarché;44,5692760000;4,5101340000
202200016490;15;4;2022;09:30;1;26;26362;2;6;1;2;KENNEDY BD JOHN FITZGERALD (102);44,9398200000;4,9160100000
202200016491;17;11;2022;07:40;2;01;01224;1;1;1;7;D65;45,8106750000;5,2145790000
202200016492;10;5;2022;11:48;1;33;33366;1;1;1;2;AUTOROUTE A 10;44,9930200000; -0,4270900000
202200016493;16;11;2022;18:05;5;69;69140;2;1;1;3;Route de Lucenay;45,9002740000;4,7009360000
202200016494;28;7;2022;17:05;1;974;97416;1;1;1;4;RN2 (1); -21,3415200000;55,4958000000
202200016495;12;11;2022;14:00;1;81;81140;1;1;1;1;Route de Bertre;43,6727817013;1,8406069279
202200016496;28;7;2022;10:00;1;974;97416;2;3;1;6;LIGNE CAMBRAI; -21,2862600000;55,4705500000
202200016497;17;11;2022;09:00;1;80;80415;1;1;1;6;D54;49,7559020000;2,5835900000
202200016498;27;7;2022;13:10;1;974;97411;2;1;1;3;MACE (ROUTE GABRIEL); -20,9252000000;55,4944400000
202200016499;27;7;2022;13:30;1;974;97411;2;2;1;3;GARROS (ROLAND); -20,8823000000;55,4526600000
202200016500;28;7;2022;05:30;3;974;97409;1;1;1;5;RN2 SENS STE SUZANNE ST BENOIT; -20,9492500000;55,6538900000
202200016501;11;11;2022;02:25;3;69;69271;1;1;1;6;Rocade Est;45,7239283140;4,9748244882
202200016502;28;7;2022;15:05;1;973;97302;1;1;1;3;;4,9043380654; -52,3178708553
202200016503;15;11;2022;22:10;3;01;01049;1;1;2;6;A432N 9.900 A 11.118;45,8304700000;5,0281800000
202200016504;28;7;2022;19:40;1;69;69388;2;1;1;6;Rue Professeur Marcel Dargent;45,7220911498;4,8840381195
202200016505;16;11;2022;12:25;1;33;33063;1;1;1;6;ROCADE A 630;44,8835500000; -0,5612500000
202200016506;16;11;2022;08:50;1;33;33063;1;1;2;7;ROCADE A 630;44,8818700000; -0,5476200000
202200016507;28;7;2022;18:30;1;69;69388;2;2;1;3;Rue Marius Berliet;45,7396000000;4,8657300000
202200016508;16;11;2022;15:25;1;91;91235;1;1;3;3;RN 104;48,6260500000;2,3532100000
202200016509;28;7;2022;13:05;1;69;69388;1;9;1;3;Rue Croix-Barret;45,7371100000;4,8503600000
202200016510;16;11;2022;09:00;1;92;92062;1;1;1;2;A14;48,8913250000;2,2407690000
202200016511;28;7;2022;11:40;1;69;69387;2;2;1;7;Rue Garibaldi;45,7491300000;4,8535500000
202200016512;16;11;2022;03:10;3;92;92025;1;1;1;6;A86;48,9354217595;2,2605830961
202200016513;28;7;2022;14:20;1;972;97213;2;1;1;3;ROUTE NATIONALE 1;14,6253440522; -60,9793379903
202200016514;16;11;2022;10:45;1;93;93053;1;1;1;6;AUTOROUTE A103;48,8876800000;2,4726200000
202200016515;27;7;2022;15:10;1;69;69382;2;2;1;3;Rue Delandine;45,7468648572;4,8273481590
202200016516;15;11;2022;23:30;3;93;93006;1;1;8;3;AUTOROUTE A3;48,8645800000;2,4150000000
202200016517;28;7;2022;19:20;2;91;91201;2;1;1;6;RUE DE RIS;48,6635200000;2,4182600000
202200016518;15;11;2022;22:30;3;93;93053;1;1;1;6;AUTOROUTE A103;48,8875111248;2,4748206139
202200016519;28;7;2022;16:45;1;91;91657;2;5;1;3;RUE JULES VERNE;48,6925400000;2,4449000000
202200016520;26;8;2022;21:55;3;14;14574;2;1;1;6;D613A;49,1400080000;0,2061860000
202200016521;28;7;2022;13:40;1;91;91027;2;1;1;2;AV FRANCOIS MITTERRAND;48,7016500000;2,3718100000
202200016522;25;8;2022;01:10;5;14;14220;2;9;1;6;13 Avenue Strassburger;49,3480230000;0,0817460000
202200016523;27;7;2022;16:50;1;88;88160;2;1;1;6;JEUXEY (RTE DE);48,1931300000;6,4531600000
202200016524;19;7;2022;15:50;1;83;83129;2;1;1;2;DE LATTRE DE TASSIGNY (AV);43,0932900000;5,8433500000
202200016525;23;7;2022;22:40;3;14;14715;1;1;1;7;D513;49,3872500000;0,1081300000
202200016526;27;7;2022;14:15;1;83;83009;2;1;1;6;DE GAULLE (QUAI CHARLES);43,1368400000;5,7596600000
202200016527;7;9;2022;09:46;1;22;22224;2;6;2;3;;48,7215900000; -3,4811000000
202200016528;22;10;2022;09:35;1;91;91479;2;7;1;6;PL HENRI BARBUSSE;48,7127800000;2,3633600000
202200016529;26;7;2022;17:45;1;83;83123;1;1;7;5;BANDOL (ROUTE)N° IMPAIRS;43,1271480000;5,7861110000
202200016530;15;11;2022;15:40;1;69;69286;2;1;2;6;Route de Strasbourg;45,8172400000;4,8911800000
202200016531;26;7;2022;16:50;1;83;83034;2;1;1;3;BOULEVARD DE LA LIBERTÉ;43,0925100000;6,0770300000
202200016532;27;7;2022;16:15;1;81;81004;2;1;1;7;VERDIER (FRANCOIS);43,9190900984;2,1248298883
202200016533;13;11;2022;00:04;5;66;66136;2;3;1;6;;42,6948300000;2,8893900000
202200016534;10;11;2022;13:50;1;12;12089;2;6;1;6;RD 840;44,5624441207;2,2482419015
202200016535;28;7;2022;09:05;1;77;77281;2;1;1;2;D402;48,7705600000;3,0414400000
202200016536;15;11;2022;17:00;1;988;98818;2;1;1;4;ROUTE DE LA BAIE DES DAMES; -22,2351300000;166,4435000000
202200016537;27;7;2022;17:20;1;76;76414;1;1;1;3;ARQUES (GIRATOIRE DE L');49,9074300000;1,1073700000
202200016538;15;11;2022;13:00;1;988;98818;2;2;1;3;RUE CHARLES DE VERNEILH/RUE AUGUSTE BRUN; -22,2761500000;166,4465700000
202200016539;27;7;2022;09:00;1;74;74012;2;3;1;3;THONON (ROUTE DE);46,1975000000;6,2671800000
202200016540;27;7;2022;18:00;1;69;69115;2;1;1;7;Route d'Anse;45,9655300000;4,7162800000
202200016541;11;11;2022;04:40;2;987;98735;1;1;1;3;POMARE V (AVENUE); -17,5308000000; -149,5631730000
202200016542;15;11;2022;08:30;1;974;97416;2;1;1;3;BASSIN PLAT(CHEMIN); -21,3255800000;55,4877800000
202200016543;27;7;2022;13:42;1;68;68066;2;2;1;3;Route de Strasbourg;48,0908390000;7,3601250000
202200016544;26;7;2022;17:45;1;67;67482;1;1;1;6;ROUEN (RUE DE);48,5981508171;7,7997726202
202200016545;14;11;2022;20:00;5;974;97411;2;1;1;2;BOIS DE NEFLES (ROUTE DE); -20,9055500000;55,4785000000
202200016546;28;7;2022;21:40;5;64;64260;2;9;1;3;Boulevard du Général de Gaulle;43,3598215863; -1,7755520910
202200016547;14;11;2022;10:30;1;974;97411;2;1;1;4;RAMBAUD (LEOPOLD); -20,8854400000;55,4689100000
202200016548;28;7;2022;14:21;1;64;64189;2;1;1;3;CORNICHE (ROUTE DE LA);43,3933900000; -1,6873000000
202200016549;15;11;2022;17:40;1;974;97407;2;1;1;3;JACQUES DUCLOS (RUE) - RIVIERE DES GAL  ; -20,9593600000;55,3149100000
202200016550;28;7;2022;17:50;1;64;64445;2;1;1;7;ru suzanne Bacarisse;43,3347400000; -0,3659500000
202200016551;26;7;2022;16:47;1;63;63075;2;3;1;3;VOLTAIRE (RUE);45,7789900000;3,0648600000
202200016552;15;11;2022;11:00;1;973;97302;2;3;1;5;MANGO (ROUTE);4,9311100000; -52,3166900000
202200016553;15;11;2022;08:02;1;973;97302;2;1;2;6;14 ET 22 JUIN 1962;4,9339400000; -52,3271200000
202200016554;27;7;2022;12:00;1;63;63075;2;1;1;6;ROYAT (AVENUE DE);45,7744000000;3,0628800000
202200016555;28;7;2022;11:35;1;54;54547;2;1;1;2;PARME (RUE DE);48,6605514561;6,1718219519
202200016556;15;11;2022;07:40;2;69;69388;2;2;8;3;Cours Albert Thomas;45,7466293661;4,8681020737
202200016557;15;11;2022;09:45;1;69;69152;2;2;8;6;Rue Voltaire;45,7030200000;4,8208700000
202200016558;28;7;2022;16:22;1;51;51573;2;1;1;7;Route de Soissons;49,2532243430;3,9772814512
202200016559;9;11;2022;11:50;1;971;97101;2;3;1;6;DES FINANCES - MORNE CARUEL (RUE);16,2557400000; -61,5156900000
202200016560;26;7;2022;20:10;1;50;50129;2;3;1;3;NORMANDIE (AVENUE DE);49,6268000000; -1,6342900000
202200016561;15;11;2022;16:23;1;2A;2A004;1;1;3;2;SEBASTIANU COSTA BD;41,9402200000;8,7442600000
202200016562;28;7;2022;09:22;1;47;47201;2;3;1;3;RIEUMORT (RUE DU);44,1918950000;0,5930030000
202200016563;15;11;2022;07:10;2;2A;2A004;2;1;8;2;ALATA ROUTE;41,9364808024;8,7359090051