Num_Acc;jour;mois;an;hrmn;lum;dep;com;agg;int;atm;col;adr;lat;long
202200016564;22;7;2022;13:10;1;42;42218;1;1;1;6;Rue Saint Jean;45,4375503272;4,3902182579
202200016565;27;7;2022;14:25;1;37;37214;2;1;1;4;DE GAULLE (BD CHARLES);47,4247700000;0,6562000000
202200016566;28;7;2022;17:30;1;35;35055;1;6;1;3;VOIE DE LA LIBERTE;48,0783800000; -1,6323000000
202200016567;15;11;2022;08:00;1;91;91549;2;1;1;3;DOCTEUR PHILLIPE PINEL (RUE DU);48,6544800000;2,3129600000
202200016568;15;11;2022;20:00;5;91;91421;2;1;2;7;JEAN JAURES (AVENUE);48,7144900000;2,4480500000
202200016569;26;6;2022;20:10;1;34;34003;2;1;1;2;Parking Richelieu;43,2754700000;3,5022700000
202200016570;15;11;2022;14:00;1;91;91691;2;3;2;7;PARC;48,7220330000;2,5102740000
202200016571;27;7;2022;19:00;1;33;33069;2;1;1;6;Avenue de la Libération Charles de Gaulle;44,8648600000; -0,6046000000
202200016572;15;11;2022;21:00;5;91;91326;2;3;2;2;GENERAL DE GAULLE (AVENUE DU);48,6889900000;2,3710000000
202200016573;28;7;2022;07:55;1;31;31555;2;1;1;3;AV DES MINIMES;43,6218100000;1,4351900000
202200016574;14;11;2022;18:03;5;87;87085;2;1;2;6;GARIBALDI (AVENUE);45,8380000000;1,2588400000
202200016575;27;7;2022;12:20;1;29;29039;1;1;1;2;D783 - Kerampéru;47,8927008000; -3,9150161100
202200016576;23;7;2022;13:20;1;28;28209;2;1;1;7;PAIX (AVENUE DE LA );48,4743280000;1,4810610000
202200016577;28;7;2022;14:00;1;26;26362;2;1;7;2;PROVENCE AVENUE DE;44,9199100000;4,8783700000
202200016578;10;11;2022;12:35;1;78;78267;2;1;1;1;RUE JEAN JAURES;48,9747400000;1,8027000000
202200016579;14;11;2022;17:40;5;77;77243;2;1;1;6;D231;48,8717806499;2,7282289401
202200016580;14;11;2022;17:25;2;77;77438;2;1;8;2;D418;48,8619067092;2,6738713710
202200016581;14;11;2022;15:00;1;77;77216;1;1;1;1;D607;48,3000100000;2,6789600000
202200016582;28;7;2022;12:15;1;15;15014;2;6;1;3;PREVERT (RUE JACQUES);44,9173020000;2,4222850000
202200016583;15;11;2022;18:20;5;76;76486;2;6;2;6;Rue Pierre et Thomas Corneille;49,3095800000;0,9954900000
202200016584;8;11;2022;16:10;1;76;76351;2;3;1;2;FLORIMOND LAURENT (RUE);49,5156106890;0,1126527786
202200016585;28;7;2022;06:45;1;13;13039;1;1;1;3;RN 545;43,4412300000;4,9121000000
202200016586;11;11;2022;06:45;5;76;76341;2;3;1;6;BELLOT ( QUAI );49,5022800000;0,1989400000
202200016587;15;11;2022;20:15;5;69;69290;2;1;3;6;16 Rue d'Arezzo;45,7020800000;4,9316100000
202200016588;25;7;2022;13:55;1;13;13056;1;1;1;3;RN 568;43,4132100000;5,0131500000
202200016589;15;11;2022;16:15;1;69;69290;2;3;8;6;Rue Henri Maréchal;45,6947547353;4,9412807822
202200016590;28;7;2022;21:15;5;13;13202;2;1;1;3;MIRABEAU (BOULEVARD);43,3138904991;5,3684243322
202200016591;15;11;2022;15:00;1;69;69029;2;2;2;1;Rue Hélène Boucher;45,7461600000;4,9234700000
202200016592;23;7;2022;21:10;2;13;13206;2;2;1;3;SYLVABELLE (RUE);43,2889900000;5,3776500000
202200016593;14;11;2022;09:35;1;67;67482;2;1;1;6;RATHSAMHAUSEN (RUE DE);48,5660465613;7,7601523697
202200016594;28;7;2022;10:00;1;13;13001;1;9;1;3;SISTERON (RTE DE);43,5570313028;5,4601537214
202200016595;12;11;2022;14:01;1;66;66136;2;3;1;3;;42,6965778234;2,9034268856
202200016596;12;11;2022;18:00;5;66;66136;2;9;1;3;;42,6704770000;2,8816900000
202200016597;28;7;2022;14:48;1;11;11069;2;1;1;2;;43,2177400000;2,3527400000
202200016598;10;11;2022;18:05;5;66;66136;2;1;1;4;;42,6871059749;2,9062774032
202200016599;27;7;2022;17:55;1;07;07102;2;1;1;6;REPUBLIQUE (AV.DE LA) [DU N° AU N°];44,9355700000;4,8748500000
202200016600;15;11;2022;22:15;5;64;64260;2;9;1;6;Boulevard du général leclerc;43,3716600000; -1,7727300000
202200016601;15;11;2022;21:40;5;64;64483;2;1;2;7;Avenue de Chantaco;43,3828100000; -1,6445900000
202200016602;28;7;2022;21:06;5;06;06088;2;1;1;7;ROQUEBILLIERE (R. DE);43,7088700000;7,2877400000
202200016603;15;11;2022;19:45;5;64;64129;2;3;2;3;Rue Jeanne Lassansaa;43,3019500000; -0,3923200000
202200016604;28;7;2022;08:10;1;05;05061;2;6;1;3;CHARLES AUROUZE ( RUE );44,5637907492;6,0785937309
202200016605;15;11;2022;18:30;5;64;64445;2;3;3;3;TOURASSE;43,3112600000; -0,3564400000
202200016606;22;7;2022;13:59;1;05;05061;1;6;1;2;plaine de Lachaup;44,5094400000;6,0458200000
202200016607;15;11;2022;09:10;1;62;62126;2;6;1;6;D945;50,5165100000;2,6722300000
202200016608;15;11;2022;21:25;5;59;59599;2;1;2;6;GAND (RUE DE);50,7333021353;3,1611281633
202200016609;28;7;2022;11:30;1;75;75120;2;1;1;2;PORTE DE MONTREUIL;48,8500990000;2,4151060000
202200016610;15;11;2022;09:45;1;59;59421;2;3;1;3;MARNE (BOULEVARD DE LA);50,6941107067;3,1327289343
202200016611;27;7;2022;16:00;1;75;75119;2;1;1;5;PORTE DE LA VILLETTE;48,9003550000;2,3821030000
202200016612;15;11;2022;21:00;3;59;59068;1;1;3;6;TETE NOIRE (HAMEAU DE LA) ;50,2031600000;3,7769870000
202200016613;28;5;2022;11:44;1;06;06073;1;1;1;7;M97;44,2014530000;7,0869330000
202200016614;15;11;2022;15:00;1;59;59350;2;1;2;6;SANS PEUR RUE JEAN N°1-69-2-112;50,6332000000;3,0595000000
202200016615;28;7;2022;16:30;1;75;75120;2;3;1;3;RUE DE BAGNOLET;48,8596700000;2,4031000000
202200016616;27;5;2022;19:00;1;06;06059;2;9;1;3;M6007;43,7335230000;7,3866320000
202200016617;15;11;2022;14:15;1;59;59350;2;1;2;6;RABELAIS RUE;50,6420222099;2,9823321104
202200016618;4;2;2022;23:30;5;38;38449;2;1;1;6;L Alouette;45,6313860000;5,0928280000
202200016619;24;5;2022;12:10;1;06;06163;1;1;1;3;Route départementale 6204;44,0688920000;7,5890590000
202200016620;28;7;2022;15:00;1;75;75119;2;3;1;3;AVENUE DE FLANDRE;48,8857890000;2,3709780000
202200016621;15;11;2022;08:42;1;56;56121;2;1;2;3;28 Rue de Kerjulaude;47,7436530000; -3,3815610000
202200016622;5;2;2022;12:15;1;65;65310;1;1;2;7;RD 938 - PR 034.400 sens TOURNAY / BAGNERES DE BIGORRE;43,0987580000;0,1899000000
202200016623;22;5;2022;03:20;5;14;14349;2;2;1;7;D41;49,0798820000; -0,4010120000
202200016624;2;2;2022;21:40;3;17;17393;1;2;1;3;CARREFOUR ROUTE DE BEAUTÉ /ROUTE DE ROYAN;45,6853620000; -0,8485650000
202200016625;27;7;2022;18:30;1;75;75119;2;1;1;3;RUE DE CRIMEE;48,8883680000;2,3793950000
202200016626;27;5;2022;19:25;1;05;05040;1;1;1;1;RN94 PK 86+000;44,5515490000;6,2562850000
202200016627;15;11;2022;19:20;5;54;54395;2;3;2;6;FOCH (AVENUE 18 ET 9 A FIN);48,6872585247;6,1697003245
202200016628;5;2;2022;17:25;1;49;49023;1;3;7;3;La Grande Serverie (gesté);47,1808900000; -1,1311410000
202200016629;27;5;2022;18:15;1;50;50364;1;3;1;7;Le Haut Bingard;49,1329530000; -1,5028100000
202200016630;5;2;2022;13:30;1;60;60134;1;1;1;2;D1016;49,3217588586;2,4388489722
202200016631;5;2;2022;07:40;1;60;60700;1;1;1;1;RD1001;49,3837678156;2,1471319196
202200016632;29;5;2022;06:30;1;50;50311;2;1;1;1;Le Bourg;48,8649230000; -1,3079040000
202200016633;28;7;2022;16:20;1;75;75118;2;2;1;3;BOULEVARD BARBES;48,8883530000;2,3495990000
202200016634;15;11;2022;21:35;5;53;53130;2;2;2;3;AVESNIERES ( BD DU PONT D' );48,0590300000; -0,7626600000
202200016635;5;2;2022;02:20;3;60;60095;1;1;1;7;D22;49,2473660000;1,7130270000
202200016636;27;5;2022;20:35;2;50;50058;1;1;1;7;Rue de Gonneville;49,0808900000; -1,5852870000
202200016637;5;2;2022;07:30;3;02;02346;1;1;2;6;;49,5971838725;3,7679201178
202200016638;15;11;2022;05:56;5;51;51454;2;6;1;3;rue de Bétheny;49,2662700000;4,0453300000
202200016639;28;7;2022;12:15;1;75;75117;2;3;1;5;BOULEVARD MALESHERBES;48,8866980000;2,3054240000
202200016640;4;2;2022;13:04;1;80;80521;1;1;2;7;A1;49,9800270000;2,8671200000
202200016641;26;5;2022;15:05;1;64;64316;1;1;5;7;Col d'Erroïmendi (Col de montagne);42,9895650000; -0,9843060000
202200016642;14;11;2022;14:50;1;51;51172;2;6;1;3;Rue Aristide Briand;49,2165000000;4,0510700000
202200016643;4;2;2022;16:38;1;59;59012;2;6;1;3;Rue Georges-Clémenceau;49,9901437071;4,0965431929
202200016644;28;7;2022;06:08;2;75;75117;2;4;1;6;BOULEVARD DE L YSER;48,8860040000;2,2891170000
202200016645;4;2;2022;01:00;5;83;83069;1;1;1;6;RN98;43,1133123463;6,1265316009
202200016646;29;5;2022;06:00;1;18;18209;1;1;1;7;;46,6910470000;2,4727710000
202200016647;14;11;2022;11:05;1;51;51454;2;3;8;7;boulevard Dauphinot;49,2639900000;4,0575500000
202200016648;28;7;2022;10:40;1;75;75116;2;3;1;6;RUE JEAN DE LA FONTAINE;48,8504070000;2,2705470000
202200016649;4;2;2022;07:30;2;69;69009;1;1;1;2;Autoroute 6;45,9417500000;4,7209900000
202200016650;28;5;2022;16:00;1;18;18097;1;6;1;2;;47,1248560000;2,4235800000
202200016651;27;7;2022;18:00;1;75;75116;2;2;1;6;BOULEVARD EXELMANS;48,8407090000;2,2650300000
202200016652;12;11;2022;14:10;1;50;50129;2;3;1;3;SCHMITT (AVENUE RENE);49,6332700000; -1,6484300000
202200016653;27;1;2022;18:00;3;67;67482;1;1;1;4;M351;48,5870000000;7,7152000000
202200016654;14;11;2022;05:27;5;49;49015;2;9;1;7;MENDES FRANCE AVENUE PIERRE;47,5022300000; -0,5852500000
202200016655;4;2;2022;11:12;1;33;33063;1;1;1;3;ROCADE A 630;44,8841740000; -0,5591460000
202200016656;29;5;2022;10:45;1;43;43152;1;3;1;2;D136;45,0643242887;3,8758000731
202200016657;28;7;2022;17:50;1;75;75113;2;2;1;3;RUE DE TOLBIAC;48,8259490000;2,3452050000
202200016658;10;11;2022;09:52;1;49;49007;2;1;1;7;ARENES;47,4679600000; -0,5488500000
202200016659;28;5;2022;16:30;1;10;10080;1;1;1;7;;48,0413839096;4,1858428439
202200016660;4;2;2022;03:10;3;91;91589;1;1;2;2;AUTOROUTE A6;48,6791100000;2,3341200000
202200016661;28;7;2022;13:50;1;75;75112;2;4;1;2;BOULEVARD DE LA BASTILLE;48,8480180000;2,3676530000
202200016662;14;11;2022;12:50;1;49;49007;2;1;1;6;;47,4441400000; -0,5349000000
202200016663;27;5;2022;14:25;1;36;36048;1;1;1;3;;46,5656600000;1,6035260000
202200016664;4;2;2022;14:00;1;92;92025;1;1;1;4;A86;48,9189886921;2,2237886747
202200016665;28;7;2022;08:30;1;75;75112;2;1;1;2;SOUTERRAIN QUAI DE LA RAPEE;48,8434420000;2,3701880000
202200016666;24;5;2022;15:39;1;16;16338;1;9;1;3;N10;45,4978950000; -0,1247980000
202200016667;4;2;2022;15:25;1;93;93066;1;1;1;7;AUTOROUTE A86;48,9236000000;2,3426700000
202200016668;14;11;2022;10:50;1;49;49007;2;1;1;4;DE LATTRE DE TASSIGNY;47,4516500000; -0,5402000000
202200016669;28;7;2022;00:48;5;75;75107;2;2;1;3;AVENUE DU MARECHAL GALLIENI;48,8610540000;2,3132410000
202200016670;27;5;2022;11:00;1;07;07291;1;1;1;6;;44,3439240000;4,4910050000
202200016671;3;2;2022;21:30;3;93;93066;1;1;1;5;AUTOROUTE A86;48,9218500000;2,3633200000
202200016672;14;11;2022;06:55;2;49;49007;2;1;1;2;DE LATTRE DE TASSIGNY AVENUE DU MARECHAL;47,4528700000; -0,5411500000
202200016673;28;7;2022;19:00;1;75;75104;2;3;1;6;QUAI DES CELESTINS;48,8529040000;2,3589770000
202200016674;27;5;2022;16:20;1;07;07346;1;1;1;6;D86;44,4441600000;4,6832440000
202200016675;4;2;2022;09:00;1;77;77363;1;1;2;6;A104;48,9266610488;2,6288637319
202200016676;27;5;2022;11:46;1;53;53122;2;1;1;7;Rue du Temple;48,2578270000; -0,4982790000
202200016677;15;11;2022;09:06;1;47;47001;2;2;1;2;D813;44,2088000000;0,6115900000
202200016678;28;7;2022;00:05;5;94;94074;2;2;1;3;THEODULE JOURDAIN (rue);48,7705100000;2,4470200000
202200016679;27;5;2022;16:00;1;21;21615;1;1;1;6;RN 906, lieu dit Maupas, PK 35+050;47,2116100000;4,3571520000
202200016680;4;2;2022;01:50;3;94;94018;1;1;1;6;A4;48,8173000000;2,4164000000
202200016681;15;11;2022;18:30;5;45;45004;1;1;2;2;D93 PR 2 + 6;47,9692800088;2,7569863200
202200016682;28;5;2022;10:40;1;21;21599;1;1;1;7;D974;47,5716376320;5,2188621882
202200016683;28;7;2022;20:10;1;94;94015;1;1;1;3;Boulevard Pasteur;48,8327900000;2,5296700000
202200016684;4;2;2022;01:16;3;94;94018;1;1;1;2;A4;48,8180452094;2,4118106839
202200016685;26;5;2022;09:30;1;40;40312;2;1;1;6;Avenue Julian Grimau;43,5575090000; -1,4969140000
202200016686;23;10;2022;18:10;2;42;42186;2;3;1;1;M88;45,5193900000;4,5949300000
202200016687;28;7;2022;18:45;1;93;93005;2;1;1;3;Boulevard Georges Braque;48,9592197378;2,4766024053
202200016688;3;2;2022;13:07;1;988;98818;2;3;1;3;RUE DE SOISSONS/ROUTE DU PORT DESPOINTES; -22,2781200000;166,4507800000
202200016689;27;5;2022;18:45;1;24;24227;1;1;1;1;d75;45,3933100000;1,1428950000
202200016690;15;11;2022;17:40;5;38;38185;2;1;8;1;GAMBETTA (BOULEVARD)       14-23 A 18-29;45,1892100000;5,7226200000
202200016691;3;2;2022;09:01;1;988;98818;2;6;1;3;ROND POINT BONAPARTE; -22,2425800000;166,4604900000
202200016692;28;7;2022;08:33;1;93;93064;2;2;1;2;Rue de Brément / Avenue de Rosny;48,8865200000;2,4720700000
202200016693;28;5;2022;14:00;1;04;04031;1;1;1;6;RD 953;43,9099980000;6,1395760000
202200016694;27;5;2022;13:35;1;27;27453;2;1;1;1;Rue des Canadiens;49,4103660000;1,3469410000
202200016695;15;11;2022;07:45;1;37;37261;2;1;2;2;PARCAY (RUE DE);47,4125868679;0,7265889645
202200016696;2;2;2022;09:05;1;976;97611;2;1;1;3;kaweni-Poste ( rue de la ); -12,7727000000;45,2232300000
202200016697;8;5;2022;18:25;1;17;17257;1;3;1;7;D133;45,9682173948; -0,2054927051
202200016698;28;7;2022;07:30;2;93;93049;2;2;1;3;Rue Paul Vaillant-couturier / Avenue Georges Clémenceau;48,8614800000;2,5040700000
202200016699;26;5;2022;17:50;1;17;17430;1;1;1;7;D50;45,3668250000; -0,5190520000
202200016700;3;2;2022;17:15;1;69;69259;2;3;1;3;Avenue Charles de Gaulle;45,7150400000;4,8955400000
202200016701;29;5;2022;10:00;1;23;23024;1;1;1;1;Rue des Barbaris;45,9517020000;2,1141820000
202200016702;2;5;2022;17:20;1;87;87154;2;1;1;1;Faubourg Liebknecht;45,8883810000;0,8908110000
202200016703;28;7;2022;12:00;1;93;93046;2;3;1;6;Avenue Voltaire / Avenue Jean Jacques Rousseau;48,9281200000;2,5429500000
202200016704;3;2;2022;10:20;1;972;97213;2;2;1;3;ROUTE DEPARTEMENTALE 3;14,6213900000; -60,9881500000
202200016705;24;5;2022;18:45;1;37;37266;1;1;1;4;Route Nationale 10;47,3123440000;0,7122310000
202200016706;27;7;2022;23:25;5;93;93027;2;9;1;3;Avenue du Général Leclerc;48,9287059590;2,3837960957
202200016707;2;2;2022;22:10;5;69;69081;2;1;1;1;1 Avenue du Bon Pasteur;45,7873425839;4,7784889122
202200016708;27;5;2022;15:00;1;37;37189;1;1;1;6;D104;46,8381706454;0,9224116802
202200016709;28;7;2022;20:00;1;93;93014;2;1;1;6;Allée Maurice Audin;48,9085900000;2,5415000000
202200016710;26;5;2022;03:15;3;37;37281;2;2;1;6;RD 952;47,4099912266;0,7973214984
202200016711;28;7;2022;12:15;1;93;93014;2;1;1;6;Allée de Gagny;48,9041418317;2,5483077764
202200016712;3;2;2022;17:00;2;69;69081;2;3;1;4;2 Route de Champagne;45,7800200000;4,7787400000
202200016713;3;2;2022;22:50;5;2A;2A004;2;9;1;7;BONAPARTE CHARLES  BD;41,9339507058;8,7504054307
202200016714;27;5;2022;15:15;1;37;37050;2;3;1;2;196 Avenue du Grand Sud;47,3317916342;0,7062309980
202200016715;28;7;2022;16:00;1;93;93057;2;2;1;3;Avenue Jean Jaurès / Avenue Franklin;48,9028550000;2,5083030000
202200016716;1;2;2022;22:00;4;95;95306;2;3;2;3;RD 106;49,0021600000;2,1852800000
202200016717;29;5;2022;11:10;1;30;30276;1;1;1;4;D58;43,5871370000;4,2122700000
202200016718;3;2;2022;12:45;1;95;95018;2;1;1;6;BERIONNE (RUE DE LA);48,9517022377;2,2218507528
202200016719;20;5;2022;19:00;1;30;30065;1;1;1;6;route de lezan;43,9913790000;4,0505970000
202200016720;28;7;2022;14:15;1;93;93001;2;2;1;3;Rue du Landy / Boulevard Félix Faure;48,9152000000;2,3742900000
202200016721;3;2;2022;12:30;1;84;84035;2;1;1;6;JOFFRE (AVENUE DU MARECHAL);43,8344950000;5,0422280000
202200016722;28;7;2022;06:07;2;92;92062;2;1;1;7;GAUDIN PIERRE (RUE) N°  A;48,8872880000;2,2456020000
202200016723;2;2;2022;13:45;1;83;83137;2;3;1;3;GUILLEMARD (RUE ROBERT);43,1245200000;5,9262200000
202200016724;26;5;2022;09:40;1;30;30053;1;2;1;3;D936;43,9776080000;4,2091350000
202200016725;3;2;2022;08:30;1;83;83069;2;1;1;6;VILETTE (CHEMIN DE LA);43,1051300000;6,1273100000
202200016726;28;7;2022;17:30;1;92;92050;2;1;1;2;ZOLA EMILE BOULEVARD;48,8952283568;2,2132564187
202200016727;27;5;2022;14:50;1;52;52123;1;9;1;1;N67;48,4991930589;5,1080104122
202200016728;2;2;2022;17:26;1;81;81065;1;1;1;7;FEDIAL (CR 332 DE LA);43,6059626013;2,1872998774
202200016729;3;2;2022;18:15;2;81;81004;2;1;2;3;THOMAS (AV ALBERT);43,9409100000;2,1488200000
202200016730;27;5;2022;16:45;1;52;52233;1;1;1;2;D460;47,8753100000;5,7174400000
202200016731;28;7;2022;08:50;1;92;92050;2;1;1;3;PICASSO PABLO AVENUE;48,8894088439;2,2199962735
202200016732;1;2;2022;07:35;5;80;80021;2;1;2;6;AUGUSTIN DUJARDIN (PLACE);49,8860100000;2,3318900000
202200016733;28;5;2022;22:45;3;49;49099;1;1;1;2;A87 PK: 058.800;47,0013290000; -0,9072300000
202200016734;21;1;2022;16:45;1;78;78015;2;2;1;6;MOULIN (AVENUE JEAN);48,9890100000;2,0539700000
202200016735;27;7;2022;23:30;5;92;92044;2;2;1;2;PDT WILSON(RUE)23A49 ET 26A52;48,8905208641;2,2917437553
202200016736;28;7;2022;20:50;1;92;92025;2;1;1;2;HENRI BARBUSSE (AV);48,9215671090;2,2526527047
202200016737;28;5;2022;13:05;1;24;24375;1;3;1;5;Montaigut;44,7249130000;1,2680570000
202200016738;31;1;2022;07:27;3;76;76259;1;1;1;6;D486;49,7461527852;0,3959899396
202200016739;28;7;2022;10:20;1;92;92025;2;2;1;3;VALMY (BD DE);48,9339274516;2,2558209300
202200016740;29;4;2022;05:15;2;80;80793;1;9;1;2;PK 143 - Autoroute A16 - Sens PARIS/BOULOGNE;49,9994920000;2,1756360000
202200016741;2;2;2022;15:00;1;72;72181;2;6;1;6;LOUIS BLANC (QUAI);48,0090000000;0,1960000000
202200016742;28;7;2022;14:30;1;92;92036;2;1;1;3;GRESILLONS ( AVENUE DES  );48,9165288720;2,3053876161
202200016743;2;2;2022;09:20;1;72;72003;1;1;1;2;SUZE (RTE DE LA);47,9655900000;0,1345700000
202200016744;27;5;2022;16:50;1;30;30020;1;1;1;1;D135;43,7649270000;4,3191720000
202200016745;3;2;2022;18:00;5;69;69275;2;1;1;6;Rue Sully;45,7689700000;4,9753300000
202200016746;27;5;2022;14:50;1;13;13050;1;1;1;6;D7n;43,6605840000;5,2531600000
202200016747;27;7;2022;20:45;2;92;92004;2;1;1;3;AULAGNIER ( QUAI );48,9131827506;2,3072957396
202200016748;3;2;2022;17:05;1;69;69029;2;1;1;7;Boulevard Pinel;45,7327500000;4,8886500000
202200016749;27;5;2022;18:45;1;77;77453;1;9;1;6;A5;48,5416100000;2,7914710000
202200016750;28;7;2022;00:30;5;92;92004;2;1;1;3;DOCTEUR DERVAUX  ( QUAI DU );48,9110744538;2,2990216613
202200016751;2;2;2022;17:00;1;69;69266;2;1;1;6;Rue Antonin Perrin;45,7604300000;4,8848800000
202200016752;26;5;2022;11:30;1;77;77279;1;1;1;2;Autoroute A5 PK 40+490;48,3732420000;3,0560870000
202200016753;2;2;2022;10:10;1;68;68066;2;3;1;3;CASTELNAU (RUE DE);48,0697110000;7,3507490000
202200016754;28;5;2022;18:30;1;13;13069;2;1;1;3;D572;43,6293190000;5,1343060000
202200016755;28;7;2022;17:52;1;54;54235;2;3;1;1;Rue de Herbinchamp;48,4956491370;6,0145908602
202200016756;2;2;2022;16:40;2;67;67447;2;4;2;3;PIERRE MENDES FRANCE (AVENUE);48,6073000000;7,7622200000
202200016757;27;5;2022;15:39;1;973;97309;2;1;1;1;Rue du Shaman Vingt Sols;4,8871421000; -52,2980710000
202200016758;2;2;2022;18:25;1;65;65440;2;1;1;3;PORTAIL D'AVANT (RUE);43,2328900000;0,0820400000
202200016759;27;7;2022;20:25;2;2A;2A198;1;1;1;1;RD 81 porto;42,2625260000;8,6957650000
202200016760;26;5;2022;02:30;5;973;97309;1;1;1;3;Remire-Montjoly;4,8899480000; -52,2874920000
202200016761;3;2;2022;07:45;2;64;64445;2;1;1;6;PAIX;43,3217000000; -0,3631600000
202200016762;29;7;2022;02:40;3;01;01416;1;1;1;7;;45,9275690000;5,5224880000
202200016763;21;5;2022;18:25;1;34;34320;1;1;1;7;D127e6;43,6664440000;3,7266180000
202200016764;3;2;2022;09:34;1;63;63113;2;1;1;3;BLANZAT (RUE DE);45,7894400000;3,0842500000
202200016765;24;5;2022;19:50;1;34;34153;1;1;1;7;D68;43,7112230000;3,8183930000
202200016766;2;2;2022;14:01;1;63;63113;2;1;1;3;MITTERRAND (BD FRANCOIS);45,7713500000;3,0834200000
202200016767;5;7;2022;15:40;1;33;33021;1;1;1;1;Saint Germain;44,5142570000; -0,1741500000
202200016768;13;4;2022;13:50;2;34;34247;1;1;1;3;route départementale CD 127 E3;43,6598230000;3,8378440000
202200016769;31;1;2022;18:45;2;62;62510;2;6;1;6;AMPERE (R );50,4226540000;2,7959690000
202200016770;28;7;2022;20:00;1;29;29078;1;1;1;6;N165;48,3068516001; -4,1923315614
202200016771;3;2;2022;07:30;2;59;59508;2;2;1;6;TOURCOING (RUE DE);50,7396301067;3,1165781020
202200016772;28;7;2022;17:50;1;22;22227;1;1;1;7;RN12;48,5637380000; -3,5342450000
202200016773;3;2;2022;18:50;5;59;59350;2;1;1;6;FLANDRES PONT;50,6365937949;3,0769447088
202200016774;25;5;2022;11:00;1;06;06085;2;1;1;3;1209 Chemin des Campelieres;43,5833510000;7,0086840000
202200016775;3;2;2022;18:10;2;59;59350;2;1;1;6;CALMETTE BV.DU DOCTEUR;50,6293900000;3,0774500000
202200016776;2;2;2022;14:40;1;56;56162;2;1;8;6;KERDUELLIC;47,7382870000; -3,4430680000
202200016777;22;7;2022;19:45;1;62;62390;1;2;1;3;RD 142 E2;50,3916050000;1,6203980000
202200016778;16;5;2022;02:50;3;82;82158;1;1;1;2;A 62, PK 147.500;44,0681770000;0,8476420000
202200016779;1;2;2022;10:25;1;51;51454;2;3;2;3;Rue de Sillery;49,2491969422;4,0481339619
202200016780;28;7;2022;20:30;2;44;44138;1;1;1;6;N137 ;47,5152300000; -1,6399700000
202200016781;2;2;2022;12:20;1;45;45004;2;1;8;6;105 Rue de la Coopérative;47,9699699270;2,7562802285
202200016782;27;5;2022;08:30;1;987;98715;1;9;1;2;RDO; -17,5527360000; -149,5934750000
202200016783;3;2;2022;15:30;1;44;44109;2;1;2;6;Place du Cirque;47,2175790000; -1,5574090000
202200016784;29;7;2022;07:00;2;12;12270;1;1;2;2;A75;44,2679290000;3,0835600000
202200016785;27;5;2022;06:05;2;57;57342;1;1;1;6;;48,6302089785;6,8937667271
202200016786;3;2;2022;09:20;1;44;44109;2;7;8;6;22 Rue Sarrazin;47,2208900000; -1,5618900000
202200016787;20;7;2022;14:48;1;22;22114;1;9;1;7;La Ville Ès Macé;48,2293180000; -2,3199120000
202200016788;3;2;2022;11:20;1;37;37261;2;1;1;4;BERT (QUAI PAUL);47,4031300000;0,7006600000
202200016789;28;5;2022;15:30;1;34;34135;1;1;1;6;A9;43,2687150000;3,1783050000
202200016790;29;7;2022;06:00;2;19;19285;1;1;1;7;;45,3666145222;1,5348780155
202200016791;3;2;2022;08:25;1;37;37261;2;2;1;3;WEDELLS (RUE JEANNE);47,4120432459;0,7057542354
202200016792;28;7;2022;19:45;1;56;56073;2;7;1;6;Place Bisson;48,0680140000; -3,2049720000
202200016793;28;5;2022;15:40;1;21;21131;1;1;1;6;A36 - PK 195+800 sens BEAUNE/MULHOUSE;47,0324000000;5,1698000000
202200016794;2;2;2022;10:25;1;33;33318;2;1;8;1;Avenue de Magonty;44,7978960000; -0,6883190000
202200016795;28;7;2022;11:00;1;56;56101;2;3;1;6;Place du Général de Gaulle;47,8337780000; -3,1571420000
202200016796;3;2;2022;18:50;3;33;33529;1;1;1;7;Centre commercial;44,6128395260; -1,1166564163
202200016797;26;7;2022;16:10;1;79;79202;2;1;1;7;;46,6524080000; -0,2281600000
202200016798;3;2;2022;19:05;5;31;31555;1;1;1;3;VA007342 LA CEPIERE  A620 Sortie 27;43,5794600000;1,4062400000
202200016799;3;2;2022;17:00;1;31;31555;2;9;1;1;NETWILLER (BOULEVARD ANDRE);43,6414400000;1,4534400000
202200016800;3;2;2022;12:20;1;31;31555;2;1;1;3;BD LAZARE CARNOT;43,6013200000;1,4521900000
202200016801;26;5;2022;11:22;1;11;11188;1;1;1;4;Autoroute A9, PK 217.000, sens ESPAGNE / FRANCE;42,9547890000;2,9703430000
202200016802;3;2;2022;06:45;4;31;31555;2;1;5;3;2 LA CRABE (A 624);43,6120300000;1,3866500000
202200016803;26;7;2022;10:55;1;79;79063;1;2;1;5;;47,0539550000; -0,3172090000
202200016804;28;7;2022;21:15;2;79;79236;1;1;1;7;;46,7902170000; -0,7001320000
202200016805;4;2;2022;00:30;5;29;29232;2;2;9;3;Boulevard Dupleix;47,9942310000; -4,1041830000
202200016806;24;5;2022;23:10;3;60;60631;1;1;1;2;A1;49,1427030341;2,5733585352
202200016807;3;2;2022;18:53;3;29;29232;2;1;1;6;Boulevard de France;47,9810400000; -4,1271600000
202200016808;29;7;2022;10:20;1;82;82019;1;1;1;2;Route des deux mers;44,0948820000;1,0527240000
202200016809;3;2;2022;13:52;1;29;29039;2;8;8;7;Quai Carnot;47,8749400000; -3,9168900000