Num_Acc;jour;mois;an;hrmn;lum;dep;com;agg;int;atm;col;adr;lat;long
202200016810;27;7;2022;21:50;5;82;82031;2;1;1;6;35 Route de Caumont;44,0308360000;1,0358210000
202200016811;21;5;2022;02:15;3;13;13051;1;1;1;6;A7;43,5903450000;5,1870600000
202200016812;3;2;2022;07:25;5;29;29019;1;1;2;4;D112 - Pen Ar Chleuz;48,4151670000; -4,4796730000
202200016813;29;7;2022;02:30;3;82;82027;1;1;1;6;route d'auch - pr-pk 3 plus 700;43,9019530000;1,3270200000
202200016814;27;5;2022;12:35;1;988;98808;1;1;2;6;Lieu-dit de DONEVA; -21,2904700000;165,6099800000
202200016815;3;2;2022;18:30;3;28;28229;1;9;2;3;CHATEAU D'EAU (RUE DU);48,4516900000;1,4435400000
202200016816;29;5;2022;12:15;1;988;98803;1;1;1;6;RT3; -21,4704700000;165,4861300000
202200016817;3;2;2022;11:00;1;27;27229;2;9;1;1;DUPONT DE L'EURE (PLACE);49,0288800000;1,1525600000
202200016818;29;7;2022;11:50;1;11;11106;1;3;8;3;D6009;43,2526110000;3,0707540000
202200016819;3;2;2022;10:50;1;26;26198;2;1;1;6;ESPOULETTE (Avenue d');44,5554900000;4,7578600000
202200016820;26;5;2022;10:30;1;974;97406;1;4;1;3;Rue de la République; -21,1562470000;55,6024790000
202200016821;21;7;2022;18:50;1;11;11148;1;4;1;3;D6113;43,1805680000;2,6792050000
202200016822;3;2;2022;18:05;5;25;25031;2;4;1;5;CANTONS (RUE DES);47,4815400000;6,8449300000
202200016823;29;7;2022;09:30;1;71;71392;1;1;2;6;D981;46,6278380000;4,6855400000
202200016824;28;5;2022;09:15;1;974;97408;1;1;1;6;D41; -20,9281030000;55,3452050000
202200016825;3;2;2022;05:50;3;22;22187;1;1;1;3;RN12;48,5311201242; -2,7562921998
202200016826;29;7;2022;17:15;1;71;71414;1;1;7;1;Route de la Vente;47,0068160000;4,2737890000
202200016827;23;5;2022;08:40;1;971;97128;2;1;1;3;Durivage;16,2233540000; -61,3984470000
202200016828;10;1;2022;12:28;1;18;18033;2;9;1;2;Rue de Turly;47,1026400000;2,4278000000
202200016829;29;5;2022;05:00;3;971;97122;1;1;1;6;ravine cassis;16,4374440000; -61,5126230000
202200016830;3;2;2022;17:40;1;13;13210;2;2;1;3;ELIE WIESEL (BD);43,2677800000;5,4203300000
202200016831;28;7;2022;18:09;1;71;71014;1;2;1;4;D978;46,9618330000;4,2814060000
202200016832;28;7;2022;22:15;3;71;71576;1;1;1;6;Le Villars;46,5325910178;4,9209252298
202200016833;3;2;2022;20:30;5;13;13213;2;1;1;3;ALBERT EINSTEIN (RUE);43,3343300000;5,4320600000
202200016834;11;5;2022;18:45;1;33;33234;2;1;1;3;;44,7841730000; -0,5052530000
202200016835;26;7;2022;18:06;1;55;55010;2;1;1;7;Rue Paul et Nicolas Paquet;48,6328152692;5,0178642640
202200016836;3;2;2022;20:05;5;13;13205;2;5;1;3;SAINT PIERRE (RUE);43,2926656527;5,4012019914
202200016837;26;5;2022;16:30;1;33;33203;1;2;1;3;D205;45,1995370000; -0,9445880000
202200016838;27;7;2022;16:10;1;49;49018;2;3;1;6;rue georges clémenceau;47,5424360000; -0,1046490000
202200016839;2;2;2022;11:15;1;13;13203;2;1;1;6;PEYSSONNEL (RUE);43,3076000000;5,3727300000
202200016840;27;5;2022;17:25;1;41;41206;1;1;1;7;D2152;47,6353350000;1,3975170000
202200016841;27;5;2022;11:54;1;95;95101;2;1;1;3;25 Grande Rue;49,1397730000;1,6582680000
202200016842;27;7;2022;17:50;1;46;46177;1;1;1;6;RD 14;44,8505750000;1,7823600000
202200016843;2;2;2022;16:05;1;09;09225;2;2;1;3;ROBERT SANNAC RUE;43,1087500000;1,6206600000
202200016844;28;5;2022;19:45;1;78;78030;1;1;1;1;Rue des Vaux-de-Cernay;48,6913120000;1,9106740000
202200016845;27;7;2022;18:40;1;47;47128;2;6;1;3;Route Rd 813;44,1681170000;0,7018560000
202200016846;3;2;2022;14:10;1;06;06027;2;1;1;1;ESPARTES CHEMIN DES;43,6627326466;7,1766999792
202200016847;3;2;2022;17:23;2;01;01031;2;3;1;6;JEAN MOULIN (AVENUE);46,2603001140;5,6364288926
202200016848;27;5;2022;22:30;3;66;66023;1;1;1;1;Vieux Chemin d Ille;42,6534360000;2,5962600000
202200016849;29;7;2022;13:40;1;86;86045;1;2;1;3;D7;46,3899250000;0,1568340000
202200016850;3;2;2022;19:10;5;75;75116;2;1;1;2;PORTE D AUTEUIL;48,8440890000;2,2546860000
202200016851;3;2;2022;18:50;5;75;75117;2;1;1;3;PORTE MAILLOT;48,8818110000;2,2828840000
202200016852;26;5;2022;12:00;1;34;34113;1;1;1;2;D613;43,5104600000;3,7232150000
202200016853;28;7;2022;22:00;4;39;39333;2;1;1;7;;46,4442590000;5,7120860000
202200016854;27;5;2022;20:20;1;34;34243;1;1;1;7;d986;43,9034130000;3,7379270000
202200016855;28;7;2022;18:45;1;39;39056;2;1;1;6;21 Faubourg d'Aval;46,7454350000;5,4486130000
202200016856;21;5;2022;12:30;1;84;84049;1;2;1;3;D7;44,1753870000;5,0020840000
202200016857;28;5;2022;00:01;3;84;84065;2;1;1;1;RD 973;43,7474520000;5,3003290000
202200016858;27;7;2022;17:30;1;44;44010;2;4;7;3;1 rue de ker d'abas;47,2759240000; -2,4861070000
202200016859;3;2;2022;09:25;1;75;75112;2;4;1;4;ECHANGEUR BERCY;48,8276230000;2,3940530000
202200016860;29;7;2022;15:05;1;29;29236;2;3;7;1;Le Rhuat;47,8253330000; -3,7368480000
202200016861;3;2;2022;20:40;5;75;75119;2;4;1;7;RUE MANIN;48,8847570000;2,3922260000
202200016862;27;5;2022;11:45;1;83;83115;2;1;1;5;185 Route du Plan de la Tour;43,3271950000;6,6066030000
202200016863;3;2;2022;13:55;1;75;75119;2;4;1;2;AVENUE JEAN JAURES;48,8828890000;2,3706070000
202200016864;28;7;2022;13:40;1;29;29220;2;1;1;3;4 Rue Louis Lagadic;47,8711040000; -4,2204940000
202200016865;3;2;2022;12:45;1;75;75119;2;2;1;3;PORTE D AUBERVILLIERS;48,8987050000;2,3710990000
202200016866;28;7;2022;10:10;1;38;38013;2;1;1;6;110 Route de Rives;45,3988150000;5,4670610000
202200016867;20;5;2022;19:25;1;83;83077;1;1;1;1;D202;43,2665500000;5,9542040000
202200016868;3;2;2022;11:50;1;75;75119;2;1;1;3;AVENUE DE LA PORTE DU PRE SAINT GERVAIS;48,8803030000;2,4012550000
202200016869;28;7;2022;23:07;3;58;58267;1;1;1;6;D958;47,1014180000;3,5136130000
202200016870;29;5;2022;19:10;1;05;05116;1;3;1;1;D37;44,6699190000;6,6031270000
202200016871;27;5;2022;12:20;1;05;05053;1;1;1;3;D1075;44,3518490000;5,7667390000
202200016872;3;2;2022;11:00;1;75;75118;2;4;8;6;RUE ORDENER;48,8906460000;2,3545320000
202200016873;29;5;2022;15:10;1;13;13042;1;1;1;6;PR 30.100;43,3156860000;5,6697180000
202200016874;27;5;2022;00:09;5;13;13004;1;9;1;1;SORTIE 8 - N113;43,6419720000;4,7114660000
202200016875;26;5;2022;20:45;5;13;13097;1;1;1;2;N568;43,5471480000;4,8113250000
202200016876;3;2;2022;10:35;1;75;75118;2;3;1;6;BOULEVARD DE ROCHECHOUART;48,8829420000;2,3438660000
202200016877;29;5;2022;15:20;1;70;70041;1;1;1;2;D2;47,4948150000;5,4741220000
202200016878;3;2;2022;21:00;3;75;75117;2;2;2;6;AVENUE DE LA PORTE DE SAINT OUEN;48,8977280000;2,3290230000
202200016879;14;3;2022;16:50;1;91;91689;1;1;1;5;AUTOROUTE A6A;48,7455300000;2,3245700000
202200016880;25;5;2022;15:50;1;25;25526;2;1;1;1;Route de Dung;47,5084000000;6,7665860000
202200016881;3;2;2022;11:15;1;75;75117;2;3;1;5;RUE CARDINET;48,8902390000;2,3171930000
202200016882;13;3;2022;22:15;3;91;91432;1;1;1;2;AUTOROUTE A6;48,6911890000;2,3225940000
202200016883;28;5;2022;14:30;1;89;89263;1;1;1;2;Autoroute A6 - PK 157+400 - sens LYON/PARIS;47,8523470000;3,5977050000
202200016884;14;3;2022;08:00;1;95;95582;1;1;1;2;RD 170;48,9643300000;2,2685600000
202200016885;27;5;2022;23:10;3;71;71588;1;1;1;6;Route de Digoin;46,4682070000;4,0565300000
202200016886;12;3;2022;15:06;1;83;83137;2;1;8;6;HAMEL (AVE COMMANDANT JULES);43,1213300000;5,9574900000
202200016887;26;5;2022;10:30;1;10;10338;1;1;1;3;D677;48,4984790000;4,1369000000
202200016888;8;3;2022;16:00;1;77;77305;2;9;1;6;JAURES (RUE JEAN);48,3842000000;2,9565800000
202200016889;2;2;2022;08:30;1;75;75117;2;3;1;6;AVENUE DE LA PORTE D ASNIERES;48,8910640000;2,3025320000
202200016890;26;5;2022;10:10;1;68;68106;2;1;1;6;19 rue principale;47,8738350000;7,1053000000
202200016891;12;1;2022;13:54;1;02;02135;1;1;1;3;D1029;49,9708770000;3,8688180000
202200016892;26;5;2022;05:00;2;67;67389;1;6;1;7;7 Rue Benjamin Silliman Jr.;48,6645560000;7,7605590000
202200016893;13;1;2022;17:42;3;02;02543;2;1;1;6;38 Rue Capitaine Pierre Plocque;49,1679780000;3,2649160000
202200016894;25;5;2022;06:59;1;67;67101;2;2;1;3;84 Grand Rue;48,5244413728;7,4911603332
202200016895;12;1;2022;19:00;3;02;02257;1;1;5;3;D930;49,8236360000;3,2272550000
202200016896;29;5;2022;10:45;1;88;88095;1;1;1;3;Route départemental 166;48,2965560000;5,8567430000
202200016897;2;2;2022;08:20;1;75;75116;2;1;1;5;ROUTE DE LA MUETTE A NEUILLY;48,8748430000;2,2634940000
202200016898;13;3;2022;21:35;5;988;98818;2;3;1;3;RUE JEAN CHALIER/RUE JACQUES IEKAWE; -22,2483400000;166,4637700000
202200016899;27;5;2022;14:40;1;54;54063;2;2;1;3;Rue de Saint-Mihiel;48,8444350000;5,8434260000
202200016900;2;2;2022;07:59;1;75;75116;2;1;1;6;BOULEVARD ANDRE MAUROIS;48,8779810000;2,2781450000
202200016901;13;3;2022;18:00;1;974;97416;2;1;8;2;TISSERINS (RUE DES); -21,3481200000;55,4872100000
202200016902;26;5;2022;18:15;1;54;54023;1;1;1;7;RD914;48,7440285574;6,5400195116
202200016903;13;3;2022;03:30;3;974;97416;1;1;2;7;BASSIN PLAT(CHEMIN); -21,3246400000;55,4892800000
202200016904;27;5;2022;01:00;5;54;54150;2;1;1;6;52 Rue de Metz;48,7919480000;6,1220870000
202200016905;26;2;2022;18:50;5;974;97409;2;1;1;1;CAMBUSTON (rue de); -20,9313300000;55,6493000000
202200016906;3;2;2022;08:15;1;75;75115;2;4;1;3;RUE DE LA CONVENTION;48,8383500000;2,2939580000
202200016907;13;3;2022;14:45;1;973;97302;2;9;3;3;BADUEL (ROUTE DE);4,9292193233; -52,3024964333
202200016908;27;5;2022;17:15;1;57;57752;2;1;1;4;Rue de Sarreguemines;49,0756960000;7,0145230000
202200016909;12;3;2022;15:42;1;69;69259;2;2;1;3;Avenue Maurice Thorez;45,6994706497;4,8666751385
202200016910;3;2;2022;21:10;5;75;75111;2;1;1;6;BOULEVARD DE MENILMONTANT;48,8621360000;2,3876510000
202200016911;29;5;2022;05:20;2;03;03100;1;1;1;6;D779;46,5268110000;3,7638630000
202200016912;13;3;2022;19:00;5;972;97209;2;1;1;1;BEAUSEJOUR JAMBETTE (ROUTE DE );14,6398900000; -61,0416600000
202200016913;26;5;2022;05:55;2;42;42094;2;2;1;3;Rue de la Loire;45,7431460000;4,2192920000
202200016914;13;3;2022;22:14;5;69;69382;2;2;8;3;Rue Sainte Hélène;45,7546200000;4,8301500000
202200016915;25;5;2022;19:50;2;42;42062;1;1;1;1;Route de Saint Heand;45,5829970000;4,4027170000
202200016916;13;3;2022;21:24;5;69;69384;2;1;2;4;Cours d’Herbouville;45,7787400000;4,8411200000
202200016917;2;2;2022;14:38;1;75;75108;2;7;1;2;PLACE DE LA CONCORDE;48,8667780000;2,3219930000
202200016918;13;3;2022;05:05;5;69;69385;2;1;1;7;24 Rue de la Quarantaine;45,7533900000;4,8226800000
202200016919;27;5;2022;17:00;1;38;38003;1;3;1;6;Route Départementale 519;45,3234420000;4,8565150000
202200016920;14;5;2022;11:40;1;38;38474;2;6;1;6;Route Départementale 531;45,2122700000;5,6556740000
202200016921;27;5;2022;19:15;1;07;07042;2;1;1;6;D86;44,3781800000;4,6476670000
202200016922;12;3;2022;00:36;5;69;69385;2;2;1;3;Rue Octavio Mey;45,7662600000;4,8287400000
202200016923;13;3;2022;13:40;1;2B;2B033;2;1;2;2;FRANCOIS VITTORI;42,6796140000;9,4386690000
202200016924;26;5;2022;14:15;1;07;07279;1;1;1;1;;44,4137500000;4,6528920000
202200016925;2;2;2022;13:00;1;75;75107;2;1;1;3;AVENUE DE LOWENDAL;48,8523730000;2,3081020000
202200016926;26;5;2022;13:05;1;07;07034;1;1;1;7;;44,3306630000;4,5421170000
202200016927;13;3;2022;18:15;1;91;91589;2;2;2;3;AV JEAN ALLEMANE;48,6877340000;2,3409600000
202200016928;27;5;2022;21:10;2;01;01275;2;1;1;6;39 Montee Neuve;45,8157220000;4,9299700000
202200016929;12;3;2022;16:20;1;91;91027;2;2;8;1;RUE ANDRE LAUNAY;48,7142060000;2,3902050000
202200016930;2;2;2022;13:00;1;94;94052;2;2;1;6;Avenue Georges Clémenceau;48,8363600000;2,4698600000
202200016931;13;3;2022;14:45;1;91;91326;2;1;2;6;JEAN ARGELIES (RUE);48,6847000000;2,3817500000
202200016932;26;5;2022;11:00;1;01;01185;1;1;7;2;D8;45,9859590000;5,5623220000
202200016933;13;3;2022;03:15;3;88;88413;1;9;2;7;RD 49;48,3137700000;6,9631200000
202200016934;29;5;2022;12:10;1;69;69050;2;1;1;3;Route Départementale 385;45,8746080000;4,6465300000
202200016935;1;2;2022;09:50;1;94;94042;2;1;2;5;Avenue du Général Galliéni;48,8201400000;2,4690900000
202200016936;11;2;2022;11:10;1;83;83118;2;1;1;3;PLACE SADI CARNOT;43,4252499322;6,7688065320
202200016937;28;5;2022;17:10;1;69;69272;2;9;1;3;45 Rue du Mazet;45,6102210000;4,8392420000
202200016938;3;2;2022;07:00;2;93;93072;2;1;1;2;Avenue Marcel Cachin;48,9575256361;2,3826786876
202200016939;28;5;2022;12:45;1;69;69255;1;1;1;1;Rue de Verville;45,7471470000;4,6621940000
202200016940;12;3;2022;15:10;1;77;77059;2;1;1;3;AVENUE DE L'EUROPE;48,8415900000;2,6620800000
202200016941;27;5;2022;13:50;1;69;69094;2;6;7;3;Le Tupinier;45,7466700000;4,7034500000
202200016942;3;2;2022;08:50;1;93;93071;2;1;1;2;LEON JOUHAUX (AVENUE);48,9393780830;2,5383782387
202200016943;13;3;2022;04:25;3;77;77022;1;6;1;6;D607;48,4517581204;2,6235918402
202200016944;28;5;2022;14:30;1;46;46288;1;1;1;6;Pech de Saint Perdoux;44,6738020000;2,0461080000
202200016945;28;5;2022;05:42;2;31;31165;1;1;1;6;Route de Lagardelle;43,4238730000;1,3611940000
202200016946;13;3;2022;06:45;2;76;76212;2;1;2;1;Route de Lyons-la-forêt;49,4354800000;1,1456900000
202200016947;28;5;2022;15:15;1;86;86115;2;1;1;6;19 Avenue des Acacias;46,7118320000;0,3855430000
202200016948;12;3;2022;20:40;3;74;74298;1;1;1;1;BONNEVILLE (ROUTE DE );46,1678000000;6,2687000000
202200016949;28;5;2022;20:00;2;33;33141;1;1;7;6;D936;44,8364410000; -0,3484510000
202200016950;3;2;2022;14:50;1;93;93050;2;1;1;3;LOUIS VANNINI (RUE);48,8663500000;2,5278300000
202200016951;29;5;2022;04:20;3;33;33177;1;1;1;6;Route de Soulac;45,3291600000; -0,9702730000
202200016952;12;3;2022;16:00;1;69;69264;2;3;8;6;Rue Roncevaux;45,9946000000;4,7151500000
202200016953;2;2;2022;14:00;1;93;93045;2;1;1;3;PARIS RUE DE;48,8791222269;2,4136009812
202200016954;19;12;2022;09:50;1;69;69383;2;1;1;3;Rue de Bonnel;45,7620900000;4,8511500000
202200016955;11;3;2022;12:25;1;67;67180;1;3;1;7;TAUBENHOF (RUE);48,8021200000;7,8346600000
202200016956;28;5;2022;00:49;5;33;33123;2;2;1;3;Avenue Charles de Gaulle;45,0899684997; -0,4190321267
202200016957;3;2;2022;18:30;5;93;93031;2;2;1;2;Avenue de la République / Avenue de la Marne;48,9500700000;2,3285500000
202200016958;13;3;2022;12:50;1;62;62457;2;1;1;6;GENDARMERIE (RUE DE LA);50,4486730000;2,5432790000
202200016959;18;12;2022;19:45;5;69;69383;2;2;1;3;Avenue Félix Faure;45,7545200000;4,8665300000
202200016960;18;5;2022;16:20;1;85;85300;1;1;1;7;RD948;46,7075850000; -1,5154105000
202200016961;3;2;2022;13:03;1;93;93013;2;3;1;3;VERDUN (RUE DE);48,9321699227;2,4134060740
202200016962;13;3;2022;16:00;1;59;59512;2;2;1;3;LANNOY (RUE);50,6753265241;3,2024422288
202200016963;28;5;2022;20:50;1;53;53001;2;1;1;6;Rue des sports;48,0197800000; -0,8729290000
202200016964;18;12;2022;18:40;5;69;69387;2;2;1;3;Rue Jaboulay;45,7490900000;4,8361000000
202200016965;3;2;2022;20:00;5;93;93047;2;9;2;6;Rue de Coubron;48,9029207353;2,5764897466
202200016966;17;12;2022;09:30;1;69;69388;2;2;1;6;Rue Professeur Beauvisage;45,7295400000;4,8676200000
202200016967;3;2;2022;12:30;1;93;93001;2;1;1;1;LUCIEN LEFRANC (QUAI);48,9111131140;2,3738525945
202200016968;24;5;2022;10:30;1;56;56178;2;1;1;6;22 Rue d Iéna;48,0631430000; -2,9659370000
202200016969;11;3;2022;20:15;2;59;59392;2;5;2;3;JEAN JAURES (AVENUE);50,2817001404;3,9528840780
202200016970;20;12;2022;07:08;1;972;97213;2;1;1;3;ROUTE NATIONALE 1;14,6204200000; -60,9928200000
202200016971;3;2;2022;08:30;1;93;93070;2;3;1;6;GABRIEL-PERI (AV);48,9086081241;2,3326338199
202200016972;18;12;2022;05:20;5;972;97213;1;1;1;6;AUTOROUTE A1;14,6070000000; -61,0041100000
202200016973;13;3;2022;07:19;1;49;49246;2;1;2;7;BELLE POULE LEVEE;47,4257100000; -0,5128300000
202200016974;30;4;2022;15:15;1;35;35212;1;1;1;6;La Pinçonnière;47,8849980000; -1,6174520000
202200016975;1;2;2022;16:05;1;92;92064;2;1;8;3;PORTE JAUNE;48,8423249052;2,1989999413
202200016976;19;12;2022;07:30;1;972;97209;1;1;1;6;RELIGIEUSES (ROUTE DES);14,6120700000; -61,0600300000
202200016977;13;3;2022;20:03;3;45;45302;1;1;2;3;D2701-PR0+430;47,9483855280;1,8648837805
202200016978;3;2;2022;07:40;2;92;92063;2;1;1;6;HOPITAL STELL (BOULEVARD DE L');48,8789010560;2,1862656176
202200016979;29;5;2022;01:10;5;974;97411;2;5;1;3;JAURES (BLD 1 JEAN); -20,8910000000;55,4550000000
202200016980;18;12;2022;21:10;5;972;97209;1;1;1;6;AUTOROUTE (A1);14,6090400000; -61,0557200000
202200016981;3;2;2022;19:15;5;92;92050;2;5;1;6;BOUVETS BOULEVARD DES;48,8982100000;2,2201400000
202200016982;18;12;2022;07:13;4;69;69389;2;1;1;1;Rue de Saint-Cyr;45,7883100000;4,8082200000
202200016983;28;5;2022;05:30;5;974;97411;2;1;1;7;RN2/081; -20,8863400000;55,4833500000
202200016984;12;3;2022;15:50;1;37;37261;2;1;1;5;COMMERCE (RUE DU);47,3950700000;0,6850200000
202200016985;21;12;2022;09:35;1;2B;2B033;2;1;1;3;MACCHIONE - CHEMIN DU;42,6822000000;9,4373900000
202200016986;3;2;2022;16:50;1;92;92024;2;2;1;3;GENERAL LECLERC (BD DU) DE (61 A 9);48,9013300000;2,3152100000
202200016987;13;3;2022;17:50;1;35;35278;2;1;2;3;voie de la liberte;48,1484100000; -1,6565900000
202200016988;28;5;2022;11:50;1;973;97302;1;9;1;3;CRIQUE FOUILLEE (ROND POINT);4,8970500000; -52,3282700000
202200016989;19;12;2022;19:30;5;2B;2B033;2;2;1;3;PAOLI DU NR 21 AU 45 -BLD;42,6994900000;9,4498600000
202200016990;13;3;2022;02:30;5;33;33063;2;2;1;3;Cours du Raccordement;44,8646500000; -0,5637800000
202200016991;19;12;2022;19:10;5;2B;2B037;1;6;1;2;Allée des BATEAUX;42,5957000000;9,4387000000
202200016992;3;2;2022;16:20;1;26;26272;2;4;1;3;D327, intersection rouvillane;44,5160470000;4,8605170000
202200016993;19;12;2022;09:05;1;2B;2B033;2;1;1;1;GIACCOBBI - AV PAUL;42,6711500000;9,4420800000
202200016994;12;3;2022;10:15;1;33;33063;2;2;1;3;Cours de l'Argonne;44,8274432173; -0,5757723749
202200016995;27;5;2022;16:20;1;973;97302;2;1;1;3;MADELEINE (ROUTE DE LA);4,9142800000; -52,3208300000
202200016996;3;2;2022;17:10;1;40;40004;1;1;1;1;Route de Tyrosse;43,6574750000; -1,3455780000
202200016997;13;3;2022;03:00;5;33;33009;2;1;1;7;ANGLICANE (ALL.);44,6562100000; -1,1767800000
202200016998;17;12;2022;09:58;1;2B;2B033;2;1;1;6;CAP - ROUTE DU CAP;42,7069700000;9,4529200000
202200016999;4;2;2022;00:40;3;77;77047;1;1;1;2;Autoroute A4 Point Kilomètrque 040+300 vers Province;48,8937290771;2,9078241075
202200017000;28;5;2022;17:05;1;69;69388;2;2;1;6;Avenue des Frères Lumière;45,7450900000;4,8662100000
202200017001;4;2;2022;06:25;3;13;13078;1;1;5;1;Avenue de Shanghai;43,4078840000;4,8197840000
202200017002;12;3;2022;16:00;1;31;31555;1;9;1;5;VA007342 LA CEPIERE  A620 Sortie 27;43,5883200000;1,4006800000
202200017003;20;12;2022;08:00;1;971;97101;2;3;1;2;JEAN  IGNACE (RUE) ;16,2506598519; -61,5200686455
202200017004;4;2;2022;17:00;1;974;97412;2;1;1;6;rue de la chapelle; -21,3325490000;55,6429410000
202200017005;12;3;2022;18:00;1;31;31483;1;1;1;1;PONT (PLACE DU);43,0900500000;0,7294700000
202200017006;27;5;2022;17:30;1;69;69383;2;1;1;6;Rue Garibaldi;45,7598420706;4,8522761272
202200017007;21;12;2022;13:37;1;2A;2A004;2;4;2;3;MARCAGGI SYLVESTRE BD;41,9166800000;8,7317200000
202200017008;3;2;2022;23:45;3;52;52282;1;1;2;6;A5;47,9787590000;5,1345760000
202200017009;12;3;2022;17:35;1;30;30007;2;1;1;3;CROUPILLAC (AVE DE);44,1339042076;4,1057009697
202200017010;1;2;2022;12:30;1;79;79140;2;1;1;6;5 Rue des terres saizeaux ardilleux;46,0994090000; -0,0473030000
202200017011;17;12;2022;01:05;5;2A;2A004;2;2;1;3;PARIS AVENUE;41,9186251397;8,7369493246
202200017012;28;5;2022;00:24;5;69;69387;2;3;1;3;Avenue Tony Garnier;45,7267300000;4,8317900000
202200017013;13;3;2022;19:50;5;29;29019;2;1;2;6;Rue Armor;48,3841050000; -4,5168810000
202200017014;18;12;2022;19:30;5;95;95539;2;1;2;6;Avenue de la Division Leclerc;48,9961236440;2,3502266407
202200017015;12;3;2022;20:07;5;29;29019;2;6;2;6;Rampe d'Acces au Port;48,3831700000; -4,4859600000
202200017016;15;12;2022;22:15;3;95;95277;1;1;5;2;Rue Nungesser et Coli;48,9746491597;2,4600255489
202200017017;30;1;2022;09:30;1;974;97413;2;2;1;3;Route Hubert de Lisle le Piton; -21,1995720000;55,3286770000
202200017018;13;3;2022;17:40;2;70;70285;2;1;1;6;DOCTEUR PAVILLARD(RUE DU);47,5752121406;6,7553126737
202200017019;31;1;2022;23:05;3;83;83140;1;1;1;6;;43,4124750000;5,9088740000
202200017020;27;5;2022;15:30;1;69;69259;2;2;1;3;Rue Prosper Alfaric;45,7026833486;4,8702384531
202200017021;3;2;2022;11:00;1;59;59331;1;1;8;1;67 Route d Happegarbes;50,1251150000;3,6708770000
202200017022;13;3;2022;22:00;5;13;13215;2;1;2;3;SAINT JOSEPH A SAINT ANTOINE (CHEMIN DE);43,3594109707;5,3649491260
202200017023;4;2;2022;07:15;3;79;79066;1;1;5;1;;46,4535000000; -0,3822260000
202200017024;27;5;2022;11:30;1;69;69259;2;3;1;2;Rue Président Salvador Allende;45,6949500000;4,8910400000
202200017025;2;2;2022;10:50;1;2B;2B050;2;1;1;6;Avenue christophe Colomb;42,5595923555;8,7567043297
202200017026;14;3;2022;00:15;5;13;13001;1;1;2;6;PREMIERE DIV FRANCAISE LIB (AV);43,5636786122;5,4617485010
202200017027;21;12;2022;09:45;1;91;91286;2;1;8;1;CONDORCET (RUE);48,6474800000;2,3754900000
202200017028;14;3;2022;01:35;3;09;09225;1;1;1;6;ROUTE NATIONALE 20 (VOIE RAPIDE);43,0950300000;1,6333000000
202200017029;4;2;2022;16:30;1;2B;2B242;1;1;1;4;RT10 - PK 130+790;42,3976247230;9,5308488620
202200017030;19;12;2022;17:35;5;91;91434;2;1;1;3;DOCTEUR ROUX (IMPAIRS SUPERIEUR AU 95);48,6632300000;2,3584200000
202200017031;26;5;2022;17:50;1;69;69386;2;3;1;3;Boulevard des Belges;45,7764400000;4,8447400000
202200017032;13;3;2022;15:50;1;06;06069;2;1;2;6;DUNANT (AVENUE HENRI);43,6502200000;6,9220000000
202200017033;4;2;2022;09:00;1;69;69104;1;1;8;6;Route Départementale 17;46,2303520991;4,6898226142
202200017034;3;2;2022;19:10;5;89;89449;2;1;1;6;D606;48,3342310000;3,0884420000
202200017035;18;12;2022;03:20;5;91;91687;2;4;9;6;VICTOR SCHOELCHER (AVENUE);48,6594600000;2,3729000000
202200017036;13;3;2022;19:30;3;01;01451;1;1;3;7;MARBOZ RD 996 (ROUTE DE ) IMPAIR;46,2365420000;5,2284810000
202200017037;28;5;2022;16:15;1;972;97213;1;1;2;6;ROUTE DEPARTEMENTALE 3;14,6667200000; -60,9949500000
202200017038;20;1;2022;11:00;1;29;29190;2;1;1;6;Trez Hir Plage (Arrêt de bus);48,3471320000; -4,7041970000
202200017039;20;12;2022;11:45;1;91;91223;2;1;2;2;SABLIERE (RUE DE LA)   ZI;48,4495900000;2,1584300000
202200017040;4;2;2022;16:55;1;29;29218;2;1;1;6;Rue de la Liberté;48,0420820000; -4,4939120000
202200017041;28;5;2022;12:40;1;972;97213;1;1;2;3;ROUTE NATIONALE 5;14,5939500000; -60,9839900000
202200017042;12;3;2022;23:12;5;75;75108;2;2;2;6;AVENUE DES CHAMPS ELYSEES;48,8700878490;2,3066434264
202200017043;18;12;2022;10:50;1;88;88160;2;1;1;6;REMIREMONT (RUE DE);48,1598700000;6,4511100000
202200017044;26;5;2022;17:00;1;972;97213;2;1;1;2;ROUTE DEPARTEMENTALE 14;14,6202900000; -61,0213800000
202200017045;3;2;2022;08:10;1;38;38311;1;1;1;1;RD51C;45,3915509227;5,1214025988
202200017046;13;3;2022;18:55;2;75;75105;2;2;2;3;BOULEVARD SAINT MICHEL;48,8514020000;2,3431850000
202200017047;21;12;2022;07:56;5;87;87085;2;2;2;3;BORIE (BOULEVARD DE LA);45,8397800000;1,2360500000
202200017048;4;2;2022;13:30;1;03;03052;1;1;1;6;route de chaville;46,3285430000;2,7401880000
202200017049;26;1;2022;15:20;1;03;03052;1;6;5;6;Le poteau;46,3324100000;2,7162840000
202200017050;28;5;2022;22:00;5;69;69386;2;6;1;3;Place René Deroudille;45,7660300000;4,8560100000
202200017051;20;12;2022;16:02;1;87;87038;1;3;2;2;RN520;45,9022700000;1,2297500000
202200017052;19;1;2022;17:30;5;01;01034;2;1;1;6;Boulevard du Mail;45,7605620000;5,6884420000
202200017053;12;3;2022;22:40;5;75;75106;2;4;2;3;RUE DE SEVRES;48,8518740000;2,3286600000