Num_Acc;jour;mois;an;hrmn;lum;dep;com;agg;int;atm;col;adr;lat;long
202200017298;9;12;2022;21:50;3;63;63113;2;1;1;6;COUTHON (AVENUE GEORGES);45,7824204693;3,0938154459
202200017299;26;5;2022;15:30;1;57;57306;2;6;1;2;LIBERTE (ESPLANADE DE LA);49,3200000000;6,0600000000
202200017300;7;9;2022;13:25;1;13;13117;2;3;1;3;CD20 E;43,4426700000;5,2303600000
202200017301;12;3;2022;07:10;1;974;97407;1;1;1;6;MARINE(BOULEVARD); -20,9501000000;55,2880000000
202200017302;12;3;2022;00:55;5;973;97302;2;1;1;3;RABAN (ROUTE DE);4,9321410196; -52,3127773404
202200017303;26;5;2022;03:45;4;56;56121;2;6;1;6;LARMOR (RUE  DE );47,7421000000; -3,3733400000
202200017304;4;9;2022;21:00;5;13;13208;2;9;1;5;ANDRE ZENATTI (AVENUE);43,2462746257;5,3881528574
202200017305;18;12;2022;05:55;5;62;62737;2;1;9;5;D937;50,4606850000;2,6786500000
202200017306;26;5;2022;00:22;4;56;56107;2;1;1;1;Boulevard Roger le Port;47,7228406000; -3,3772560900
202200017307;6;9;2022;15:00;1;13;13204;2;1;1;1;CHARTREUX (AVENUE DES);43,3067600000;5,3996900000
202200017308;13;12;2022;07:25;5;62;62193;2;3;1;3;Boulevard Léon Gambetta;50,9465400000;1,8433200000
202200017309;28;5;2022;03:40;5;54;54395;2;1;1;6;CHARLES V (BOULEVARD);48,6989300000;6,1755700000
202200017310;12;3;2022;22:18;5;69;69259;2;3;1;3;Boulevard Marcel Sembat;45,7143700000;4,8794400000
202200017311;7;9;2022;08:20;1;13;13001;2;1;1;6;MALACRIDA HENRI (AV);43,5141743669;5,4700974024
202200017312;19;12;2022;17:30;5;62;62119;2;2;2;6;JAURES ( RUE JEAN );50,5300200000;2,6401200000
202200017313;6;9;2022;18:55;1;11;11069;2;3;1;3;51 Rue Antoine Marty;43,2163100000;2,3561600000
202200017314;12;3;2022;15:30;1;69;69383;2;1;1;2;Rue Duguesclin;45,7555700000;4,8499600000
202200017315;26;5;2022;16:45;1;54;54395;2;2;1;3;TIERCELINS (RUE DES);48,6904700000;6,1883500000
202200017316;15;12;2022;11:30;1;62;62350;1;1;5;1;D941;50,5091820000;2,6181220000
202200017317;6;9;2022;18:50;1;10;10387;2;1;1;2;VOULDY (CHAUSSEE DU);48,2943000000;4,0827000000
202200017318;12;3;2022;14:20;1;972;97213;2;1;1;2;ROUTE DEPARTEMENTALE 3;14,6297600000; -60,9893400000
202200017319;6;9;2022;09:15;1;09;09122;2;9;1;6;VILLOTE (ALLEES DE);42,9635730000;1,6071930000
202200017320;12;3;2022;16:40;1;972;97209;1;1;1;7;MARNE (BOULEVARD DE LA);14,6045600000; -61,0816300000
202200017321;26;5;2022;07:30;1;54;54304;2;1;1;6;TARRIERE (RUE DE LA);48,6843000000;6,1394500000
202200017322;21;12;2022;18:50;5;61;61006;2;1;3;3;SEES (ROUTE DE);48,7200800000; -0,0094300000
202200017323;5;9;2022;07:33;1;06;06029;2;1;1;3;CARNOT (BOULEVARD);43,5609500000;7,0164800000
202200017324;12;3;2022;16:55;1;971;97101;1;1;1;6;BAZIN;16,2663100000; -61,4919700000
202200017325;8;12;2022;03:30;3;61;61006;1;1;5;7;SEES (ROUTE DE);48,7052550000; -0,0020560000
202200017326;6;9;2022;12:40;1;75;75114;2;1;1;3;BD PERIPHERIQUE EXTERIEUR;48,8213550000;2,3191800000
202200017327;25;5;2022;15:45;1;52;52448;2;3;1;3;JAURES (RUE JEAN) PAIR;48,6357100000;4,9420600000
202200017328;16;12;2022;17:35;5;61;61006;2;9;1;7;HUGO (BOULEVARD);48,7292900000; -0,0172300000
202200017329;12;3;2022;16:05;1;971;97101;1;2;1;3;ROUTE DE CELIGNY;16,2973313006; -61,5114158392
202200017330;19;12;2022;22:50;5;61;61001;2;1;2;7;STRASBOURG (BOULEVARD DE);48,4365900000;0,0893500000
202200017331;7;9;2022;13:08;1;75;75107;2;2;1;6;AVENUE DU MARECHAL GALLIENI;48,8610430000;2,3132370000
202200017332;27;5;2022;08:55;1;51;51454;2;1;1;1;avenue de Paris;49,2485543582;4,0121582150
202200017333;12;3;2022;19:40;3;91;91130;1;1;2;7;C.D. 21;48,4254800000;2,1036800000
202200017334;19;12;2022;15:00;1;61;61001;2;1;8;7;GENERAL LECLERC (AVENUE DU);48,4219300000;0,0896700000
202200017335;7;9;2022;06:22;5;75;75108;2;2;1;3;RUE LA BOETIE;48,8736750000;2,3144780000
202200017336;12;3;2022;02:10;5;88;88413;2;1;1;1;Ortimont  ( rue d' );48,2997700000;6,9368900000
202200017337;20;12;2022;11:00;1;59;59152;2;1;2;6;ARMENTIERES (RUE D');50,7565910000;2,9908590000
202200017338;25;5;2022;16:00;1;50;50129;2;2;1;3;SENNECEY (RUE DE);49,6375300000; -1,6056200000
202200017339;7;9;2022;12:45;1;75;75119;2;5;1;6;RUE DE CRIMEE;48,8937710000;2,3733590000
202200017340;11;3;2022;16:30;1;85;85191;1;1;1;2;DEPARTEMENTALE 160;46,6691970000; -1,4602830000
202200017341;19;12;2022;18:40;5;59;59279;1;1;1;1;LINSELLES (ROUTE DE);50,7730700000;3,1110300000
202200017342;7;9;2022;17:30;1;75;75107;2;2;2;2;BOULEVARD DES INVALIDES;48,8518360000;2,3144960000
202200017343;11;3;2022;17:12;1;77;77123;1;1;2;1;D9;48,9914700000;2,6522000000
202200017344;7;9;2022;11:35;1;75;75112;2;1;1;2;RUE JEAN BOUTON;48,8458180000;2,3763370000
202200017345;17;12;2022;21:15;5;59;59646;2;1;1;6;FLANDRE (AVENUE DE);50,6645000000;3,1186000000
202200017346;25;5;2022;15:55;1;50;50129;2;3;1;3;BRIGANTINE ( rue de la );49,6438000000; -1,6259200000
202200017347;11;3;2022;17:00;1;74;74012;2;1;1;2;CHABLAIS (RUE DU);46,1963300000;6,2372500000
202200017348;7;9;2022;16:38;1;75;75109;2;2;2;6;RUE DROUOT;48,8728600000;2,3404680000
202200017349;17;12;2022;19:00;5;59;59650;2;2;9;3;MONT A LEUX (RUE DU);50,7234900000;3,1910800000
202200017350;12;3;2022;03:52;5;73;73008;2;6;1;1;D991 / D 48 INNOCENT SAINT ROUTE DE;45,7132300000;5,8933300000
202200017351;18;12;2022;17:10;5;59;59193;1;4;4;6;GUESDE, rue Jules;50,5887900000;3,0077200000
202200017352;7;9;2022;17:17;1;75;75107;2;3;2;3;QUAI BRANLY;48,8606440000;2,2954560000
202200017353;12;3;2022;19:00;5;69;69256;2;1;1;6;Rue Paul Teste;45,7744900000;4,9149100000
202200017354;7;9;2022;15:52;1;75;75107;2;3;2;6;AVENUE BOSQUET;48,8557320000;2,3049750000
202200017355;19;12;2022;12:32;1;59;59350;2;3;2;3;FAUBOURG D'ARRAS RUE;50,6156300000;3,0626560000
202200017356;6;9;2022;19:20;1;75;75104;2;3;1;7;RUE SAINT ANTOINE;48,8550510000;2,3616480000
202200017357;12;3;2022;01:55;5;64;64445;2;2;3;3;MONTPENSIER;43,3026500000; -0,3745500000
202200017358;7;9;2022;16:24;1;94;94078;2;1;2;4;ANATOLE FRANCE (AV);48,7447220000;2,4523630000
202200017359;16;12;2022;17:20;2;59;59009;2;2;1;5;OUEST BOULEVARD DE L;50,6429000000;3,1230400000
202200017360;12;3;2022;06:30;2;59;59350;2;1;1;4;SCHUMAN ROBERT BOULEVARD;50,6486634197;3,0681279302
202200017361;6;9;2022;08:30;1;94;94033;2;1;1;3;Rue Gabriel Lacassagne;48,8487100000;2,4787600000
202200017362;21;12;2022;08:56;2;56;56260;2;1;3;6;Parking commercial Leclerc;47,6670340000; -2,7935117000
202200017363;7;9;2022;17:40;1;94;94002;2;3;1;3;ETIENNE DOLET (R)/ Rue de Liège;48,7879700000;2,4258300000
202200017364;12;3;2022;01:20;5;59;59350;2;2;1;3;CAMBRAI RUE DE N°PAIRS;50,6243400000;3,0696700000
202200017365;21;12;2022;13:50;1;56;56121;2;1;2;6;48 Rue colonel Jean Muller;47,7632200000; -3,3940300000
202200017366;7;9;2022;09:01;1;93;93078;2;1;1;2;D40 Chemin départemental;48,9750400000;2,5101700000
202200017367;7;3;2022;12:05;1;59;59343;2;1;1;3;BOUGARD RUE DE LA CROIX;50,5820714623;3,1142295599
202200017368;20;12;2022;15:00;1;56;56121;2;1;1;4;MARQUET (RUE  MARY );47,7580600000; -3,3868300000
202200017369;7;9;2022;08:10;1;93;93064;2;2;1;3;Rue Jean Mermoz / Rue des Freres Lumiere;48,8805359574;2,4887055159
202200017370;18;12;2022;22:14;3;56;56121;2;6;3;2;45 Rue de la Belle Fontaine;47,7431140000; -3,3659410000
202200017371;12;3;2022;12:10;1;59;59043;1;1;1;1;BELLE CROIX (RUE DE LA);50,7162659179;2,6917764544
202200017372;7;9;2022;08:50;1;93;93062;2;3;1;6;Avenue de la Résistance / Allée de Villemomble;48,8944600000;2,5133900000
202200017373;17;12;2022;15:15;1;56;56121;2;1;1;3;LECLERC ( BD GENERAL );47,7488000000; -3,3657000000
202200017374;12;3;2022;02:40;5;54;54395;2;3;1;6;BALFOURIER (RUE DU GAL);48,6805700000;6,1811800000
202200017375;6;9;2022;17:20;1;93;93045;2;2;1;3;Avenue du Maréchal de Lattre de Tassigny / Avenue du Maréchal Juin;48,8783818656;2,4225332458
202200017376;12;3;2022;19:24;5;51;51454;2;2;1;1;Avenue de Laon;49,2700700000;4,0221400000
202200017377;19;12;2022;12:21;1;54;54395;2;2;1;6;BOUFFLERS (AVENUE) DE 2 AU 72);48,6903600000;6,1562000000
202200017378;7;9;2022;08:40;1;93;93079;2;3;1;3;Route de Saint-Leu / Rue Pierre Curie;48,9497350805;2,3415020853
202200017379;19;12;2022;17:20;5;54;54395;2;1;1;6;MOTHE (RUE DE LA);48,6913800000;6,1980200000
202200017380;12;3;2022;17:44;1;49;49007;2;1;1;6;CHURCHILL AVENUE ET SQUARE;47,4523400000; -0,5560100000
202200017381;5;9;2022;11:20;1;92;92072;2;1;1;7;TROYON (RUE);48,8250782538;2,2281759381
202200017382;11;3;2022;11:05;1;45;45004;1;1;2;7;Rue du Pont d’Ardan;47,9843000000;2,8233400000
202200017383;12;3;2022;20:02;3;37;37122;2;1;8;6;RD 37;47,3423106114;0,6474718451
202200017384;19;12;2022;08:00;2;54;54357;2;1;8;4;Avenue du Général Patton;48,7067600000;6,1620100000
202200017385;7;9;2022;12:45;1;92;92076;2;1;1;2;REPUBLIQUE;48,8370700000;2,1495400000
202200017386;12;3;2022;21:00;5;33;33063;2;6;1;3;Avenue Marcel Dassault;44,8771300000; -0,5767600000
202200017387;12;3;2022;21:20;5;33;33522;2;2;2;3;Avenue de Thouars;44,7973300000; -0,5921200000
202200017388;6;9;2022;09:55;1;92;92050;2;1;1;2;LENINE VLADIMIR ILITCH AVENUE;48,8881900000;2,1921800000
202200017389;17;12;2022;15:45;1;54;54395;2;1;1;2;SAINT DIZIER (RUE 2 A 80-1 A 109 BIS);48,6885853227;6,1841171980
202200017390;12;3;2022;14:00;1;33;33063;2;1;7;4;Rue la Motte Picquet;44,8726900000; -0,5620300000
202200017391;12;3;2022;03:00;5;31;31555;2;1;2;3;BD PIERRE PAUL RIQUET;43,6041100000;1,4566700000
202200017392;17;12;2022;10:30;1;54;54578;2;1;1;6;MALRAUX (AVENUE ANDRE);48,6721600000;6,1531400000
202200017393;6;9;2022;09:40;1;92;92049;2;1;1;7;BARBES RUE;48,8173600000;2,3268900000
202200017394;12;3;2022;15:05;1;30;30007;2;1;1;1;pont de l'appel du 18 juin ;44,1073700000;4,0958800000
202200017395;12;3;2022;15:25;1;29;29232;1;3;1;3;Route de Brest;48,0390105850; -4,0727177560
202200017396;20;12;2022;12:20;1;53;53054;1;2;3;5;CARREE  ( LIEU DIT LA GRANDE );48,0917240000; -0,8229150000
202200017397;12;3;2022;14:26;1;29;29019;1;1;2;1;rue de Kervao;48,4231190000; -4,5107750000
202200017398;7;9;2022;20:05;2;92;92044;2;1;2;7;RIVAY(RUE)41A71 ET38A60;48,8945100000;2,2893600000
202200017399;21;12;2022;16:33;1;51;51454;2;1;2;7;rue de Brazzaville;49,2552400000;4,0592500000
202200017400;12;3;2022;20:25;3;27;27701;2;3;1;3;avenue des métiers;49,2477400000;1,1742600000
202200017401;7;9;2022;20:00;1;92;92040;2;9;2;7;STALINGRAD (QUAI DE);48,8235874932;2,2554990649
202200017402;21;12;2022;09:20;1;51;51454;2;1;1;2;avenue de Paris;49,2483200000;4,0107600000
202200017403;13;3;2022;00:22;3;18;18033;2;3;1;3;Route de la Charité;47,0950600000;2,4233900000
202200017404;7;9;2022;20:10;5;92;92040;2;6;2;7;STALINGRAD (QUAI DE);48,8201687478;2,2429436445
202200017405;7;9;2022;15:50;1;92;92040;2;1;2;2;GALLIENI (BOULEVARD);48,8297100000;2,2673700000
202200017406;20;12;2022;18:00;5;51;51454;2;1;2;4;rue André Huet;49,2760321691;4,0064504743
202200017407;12;3;2022;03:32;3;17;17333;1;1;1;1;EXPRESS (VOIE);45,6150760000; -0,9865360000
202200017408;7;9;2022;15:05;1;92;92040;2;1;2;7;ILES (BOULEVARD DES);48,8234000000;2,2491900000
202200017409;7;9;2022;11:23;1;92;92026;2;1;1;6;VERDUN (DE 01 A 61);48,8996600000;2,2615800000
202200017410;20;12;2022;10:35;1;51;51454;2;6;1;3;avenue Benoît Frachon;49,2852200000;4,0156700000
202200017411;7;9;2022;21:22;5;92;92023;2;1;3;2;ANDREAS BECK (RUE);48,7857700000;2,2513700000
202200017412;12;3;2022;18:30;1;13;13117;2;1;8;2;PADOVANI ( AVE );43,4361700000;5,2582800000
202200017413;7;9;2022;16:07;1;974;97405;1;1;1;7;Rue Augustin Mézino; -21,3651700000;55,5498580000
202200017414;18;12;2022;17:30;5;51;51454;2;1;1;7;place Drouet d'Erlon;49,2571300000;4,0263800000
202200017415;7;9;2022;18:15;1;58;58086;2;1;1;3;Rue Lafayette;47,3801470000;2,9053800000
202200017416;11;3;2022;15:30;1;13;13106;2;2;1;3;PIGEONNIER (CHEMIN DU);43,4034500000;5,3569700000
202200017417;17;12;2022;16:10;1;50;50129;1;1;7;2;Axe Nord-Sud;49,6292100000; -1,5811100000
202200017418;12;3;2022;19:45;5;13;13210;2;1;8;3;BONNEFOY (RUE);43,2796000000;5,3997000000
202200017419;6;9;2022;12:30;1;62;62261;2;6;1;6;D144;50,4836188108;1,6239687211
202200017420;20;12;2022;08:28;1;49;49007;2;1;2;1;LARREY;47,4787700000; -0,5561500000
202200017421;8;9;2022;17:00;1;30;30221;1;1;1;6;Roquemaure;44,0388770000;4,7886550000
202200017422;12;3;2022;15:30;1;13;13210;2;1;2;3;ALFRED CURTEL (RUE);43,2768600000;5,4082800000
202200017423;18;12;2022;21:23;5;49;49007;2;1;2;7;LAC DE MAINE AVENUE;47,4647400000; -0,5937700000
202200017424;2;9;2022;15:10;1;76;76035;1;1;1;6;Route de Picardie;49,7669453857;1,7579552163
202200017425;12;3;2022;11:20;1;13;13212;2;1;1;5;LA FOURRAGERE (AVENUE);43,3007532706;5,4308337614
202200017426;18;12;2022;15:27;1;49;49015;1;1;2;7;RD 107;47,5154600000; -0,5695900000
202200017427;3;9;2022;15:45;1;79;79066;2;2;1;7;;46,4833530000; -0,4075240000
202200017428;18;12;2022;06:44;3;49;49007;2;1;1;6;ROI DE POLOGNE QUAI;47,4684100000; -0,5652400000
202200017429;12;3;2022;11:30;1;13;13201;2;1;1;1;LIBERATION (BOULEVARD)  1 A 65;43,2994400000;5,3864600000
202200017430;7;9;2022;18:30;1;65;65183;1;1;1;6;Rue de Hountagnère;43,2077680000;0,4094870000
202200017431;8;9;2022;15:14;1;11;11206;2;1;1;3;21 Route de Carcassonne;43,0560280000;2,2132850000
202200017432;12;3;2022;00:20;5;13;13210;2;1;1;2;ROMAIN ROLLAND (BOULEVARD);43,2747555486;5,4154367280
202200017433;19;12;2022;13:20;1;47;47001;2;4;1;4;GAMBETTA (COURS);44,1977100000;0,6123500000
202200017434;7;9;2022;12:00;1;71;71031;2;4;1;6;voie communale n°4;46,3850260000;4,6877500000
202200017435;17;12;2022;16:10;1;45;45234;2;1;1;3;2 Quai du Fort Alleaume;47,8987900000;1,9200500000
202200017436;8;9;2022;11:35;1;12;12243;2;1;1;6;5 Avenue de la République;44,0120120000;2,9639300000
202200017437;7;9;2022;18:00;1;12;12243;1;1;1;6;Chemin de Raspaillac;44,0054640000;2,9662010000
202200017438;20;12;2022;08:57;1;45;45004;1;1;1;6;D163 PR 5 + 400;47,9865340000;2,8121060000
202200017439;8;9;2022;10:30;1;34;34147;1;1;1;6;D909;43,4662600000;3,2090470000
202200017440;12;3;2022;06:45;1;06;06088;2;3;1;3;ROQUEBILLIERE (R. DE);43,7125240000;7,2886760000
202200017441;16;12;2022;18:00;5;45;45004;2;1;1;4;9 Rue de Couleuvreux;47,9818300000;2,7697700000
202200017442;7;9;2022;06:00;2;68;68115;2;1;1;3;D466;47,7529870000;7,0912460000
202200017443;21;12;2022;01:50;5;44;44109;2;1;1;6;24 Rue des Hauts Pavés;47,2232600000; -1,5636230000
202200017444;7;9;2022;09:00;1;68;68065;2;1;1;1;23 Rue d'Alsace;47,6314460000;7,0219640000
202200017445;8;9;2022;11:50;1;22;22166;2;1;1;6;31 Rue de Lannion;48,8090194293; -3,2991237938
202200017446;17;12;2022;05:30;3;43;43046;2;1;9;6;14 Boulevard Montgiraud;45,0579000000;3,9038600000
202200017447;7;9;2022;22:55;3;39;39569;1;1;2;6;;46,9925500000;5,7713234000
202200017448;11;3;2022;07:25;1;75;75116;2;1;1;3;BD PERIPHERIQUE EXTERIEUR;48,8705970000;2,2723520000
202200017449;8;9;2022;13:30;1;35;35184;1;1;3;6;;48,2077670000; -2,0479790000
202200017450;18;12;2022;19:50;5;38;38544;2;1;1;6;VICTOR FAUGIER(RUE);45,5251800000;4,8858300000
202200017451;11;3;2022;10:05;1;75;75117;2;1;1;3;BD PERIPHERIQUE INTERIEUR;48,8931720000;2,3035210000
202200017452;7;9;2022;13:40;1;29;29105;1;4;3;6;Carrefour D30 - D712;48,4988130000; -4,0897250000
202200017453;20;12;2022;17:00;5;38;38516;2;2;1;1;MAQUIS DU GRESIVAUDAN (AV.);45,2054900000;5,7486900000
202200017454;11;3;2022;20:35;5;75;75103;2;1;2;2;RUE VIEILLE DU TEMPLE;48,8602100000;2,3612550000
202200017455;6;9;2022;15:45;1;38;38307;1;2;1;3;420 Chemin de Gambaloud;45,3796263899;5,0528605010
202200017456;8;9;2022;13:45;1;38;38386;2;3;1;3;Route de la Balme;45,4657180000;5,6517470000
202200017457;11;3;2022;21:25;5;75;75105;2;4;1;3;RUE DES FOSSES SAINT BERNARD;48,8493890000;2,3559630000
202200017458;7;9;2022;19:36;5;02;02268;2;1;2;7;5 Rue des Vignes;49,0162000000;3,2758060000
202200017459;12;3;2022;12:10;1;75;75120;2;1;8;6;BOULEVARD MORTIER;48,8766380000;2,4071540000
202200017460;8;9;2022;11:55;1;01;01199;1;3;1;6;route de Neuville;46,0387740000;5,3959390000
202200017461;12;3;2022;21:30;5;75;75119;2;1;2;7;RUE DE LA MARSEILLAISE;48,8867820000;2,3981290000
202200017462;8;9;2022;14:55;1;14;14227;1;1;1;5;D27;49,2690737258; -0,0339530111
202200017463;7;9;2022;15:00;1;05;05184;1;3;1;3;carrefour CD220/RD1085;44,4112111939;5,9681940079
202200017464;12;3;2022;21:20;5;75;75118;2;2;2;6;BOULEVARD NEY;48,8977463500;2,3290532827
202200017465;8;9;2022;06:50;2;50;50082;1;1;1;6;D900;49,4826240000; -1,6638280000
202200017466;12;3;2022;20:00;5;75;75118;2;1;2;3;RUE CAULAINCOURT;48,8871780000;2,3331170000
202200017467;18;12;2022;19:10;5;38;38421;2;2;1;3;AVENUE GABRIEL PÉRI;45,1841900000;5,7684700000
202200017468;7;9;2022;17:00;1;64;64371;2;1;1;6;55 Avenue de Tréville;43,2158180000; -0,8909980000
202200017469;12;3;2022;01:05;5;75;75116;2;3;1;6;AVENUE DE VERSAILLES;48,8426280000;2,2686650000
202200017470;7;9;2022;12:30;1;07;07089;2;1;1;1;Route de Brezon;45,3156340000;4,7317410000
202200017471;17;12;2022;22:10;5;38;38185;2;1;1;2;BOULEVARD CLEMENCEAU;45,1830000000;5,7380000000
202200017472;28;8;2022;16:30;1;24;24172;1;1;1;7;Avenue du Cingle;44,9265940000;0,9979320000
202200017473;10;3;2022;22:30;5;75;75116;2;3;1;3;AVENUE GORDON BENNETT;48,8479790000;2,2512830000
202200017474;5;9;2022;08:30;1;04;04036;1;1;1;7;montée St MICHEL;44,1621580000;6,2990070000
202200017475;17;12;2022;19:25;3;38;38053;2;1;5;6;LUMIERE;45,5987900000;5,2540400000
202200017476;12;3;2022;15:40;1;75;75115;2;2;1;6;RUE DE LA CONVENTION;48,8372350000;2,2964440000
202200017477;7;9;2022;11:40;1;52;52360;1;1;1;7;D171;47,6017551684;5,2942299843
202200017478;20;12;2022;20:10;5;37;37261;2;1;2;6;BERANGER (BOULEVARD);47,3897353862;0,6863129139
202200017479;20;12;2022;15:00;1;37;37261;2;1;1;3;ROYER (BD JEAN);47,3814398096;0,6830942631
202200017480;12;3;2022;15:30;1;75;75110;2;3;1;6;BOULEVARD DE STRASBOURG;48,8706090000;2,3549590000
202200017481;17;12;2022;15:50;1;37;37214;2;1;1;2;DE GAULLE (BD CHARLES);47,4098900000;0,6791800000
202200017482;26;8;2022;16:40;1;69;69193;2;1;1;7;Route du Grisard;45,5173930000;4,8383750000
202200017483;21;12;2022;22:40;5;35;35238;2;1;2;6;FOUGERES (RUE DE);48,1285100000; -1,6474700000
202200017484;12;3;2022;00:10;5;94;94041;2;2;8;3;Rue Baudin;48,8153100000;2,3756000000
202200017485;8;9;2022;14:27;1;973;97310;1;1;1;7;Route Nationale 2 PK 48;4,5929370000; -52,4075320000
202200017486;20;12;2022;11:50;1;35;35278;1;6;3;3;MONTGERMONT (ROND POINT DE);48,1549449353; -1,7007055879
202200017487;12;3;2022;19:10;5;94;94038;2;2;1;1;Avenue des Dahlias;48,7779900000;2,3526800000
202200017488;8;9;2022;17:10;1;37;37163;1;3;3;3;D952;47,4129680000;0,9635700000
202200017489;20;12;2022;08:00;5;35;35238;2;6;2;3;FORCES FRANCAISES DE L'ONU (ROND POINT);48,0893800000; -1,6820000000
202200017490;8;9;2022;13:55;1;2B;2B134;2;1;1;3;Avenue Fred SCAMARONI;42,6328180000;8,9383700000
202200017491;12;3;2022;20:35;5;94;94054;2;2;2;3;Avenue Marcel Cachin / Rue Robert Desnos;48,7470600000;2,4112600000
202200017492;19;12;2022;19:00;3;35;35238;1;1;2;4;N136;48,0988480000; -1,7141210000
202200017493;12;3;2022;18:20;5;92;92050;2;1;1;6;POINCARE RAYMOND RUE;48,8880800000;2,1903700000
202200017494;7;9;2022;16:22;1;66;66144;1;1;1;4;;42,6443960000;2,8771730000
202200017495;19;12;2022;14:20;1;35;35238;2;1;1;3;TILLON (AVENUE CHARLES);48,1251200000; -1,6986300000
202200017496;12;3;2022;20:45;5;92;92025;2;1;2;6;GABRIEL PERI (RUE);48,9184650000;2,2395550000
202200017497;8;9;2022;09:15;1;83;83119;2;1;1;6;Avenue du General de Gaulle;43,2694760000;6,6346720000
202200017498;18;12;2022;06:03;3;35;35238;2;2;1;3;FREVILLE (AVENUE HENRI);48,0867200000; -1,6750600000
202200017499;8;9;2022;01:25;3;89;89136;1;1;1;6;A19;48,2653480000;3,2904700000
202200017500;12;3;2022;14:25;1;92;92012;2;7;1;2;PONT DE BILLANCOURT (PLACE DU);48,8253564752;2,2482195497
202200017501;18;12;2022;19:40;5;35;35051;2;1;2;3;ALLIES (BOULEVARD DES);48,1320800000; -1,6211900000
202200017502;12;3;2022;19:45;1;92;92009;2;1;1;2;HOCHE ( RUE );48,9212362066;2,2685075104
202200017503;7;9;2022;07:15;1;54;54043;1;1;1;6;D331;48,5794969000;6,0977590000
202200017504;12;3;2022;15:40;1;92;92004;2;1;1;2;COLOMBES ( RUE DE 31 A );48,9156700000;2,2765900000
202200017505;17;12;2022;09:30;1;35;35238;2;1;8;6;SUISSE (DE);48,0865900000; -1,6676200000
202200017506;8;9;2022;16:50;1;63;63247;1;1;1;1;D5;45,5866390000;2,9356880000
202200017507;13;3;2022;05:55;2;60;60013;2;1;1;6;72 Rue du Colonel Fabien;49,3201690000;2,5089350000
202200017508;17;12;2022;18:30;3;34;34108;1;1;1;3;D612;43,4290900000;3,7534300000
202200017509;4;9;2022;12:10;1;38;38111;1;1;1;1;Chemin de Savoyères;45,1066210000;5,6501480000
202200017510;13;3;2022;15:55;1;95;95487;2;1;2;6;RD 78;49,1500840000;2,2779740000
202200017511;16;12;2022;23:00;3;34;34032;2;1;1;7;D612;43,3665760000;3,2189180000
202200017512;7;9;2022;13:45;1;69;69040;2;2;1;1;Rue de la Mairie;45,7946330000;4,7907740000
202200017513;21;12;2022;18:30;5;33;33550;2;3;2;3;Route de Toulouse;44,7969000000; -0,5684400000
202200017514;7;9;2022;18:00;1;14;14258;2;1;2;7;D658;48,9008700000; -0,2028700000
202200017515;12;3;2022;15:13;1;18;18020;1;2;2;3;;47,3953190000;2,8559170000
202200017516;20;12;2022;12:10;1;33;33075;2;1;2;2;Allée de Boutaut;44,8717600000; -0,5764200000
202200017517;7;9;2022;21:52;5;76;76341;2;1;1;1;D6382;49,5116190000;0,1967560000
202200017518;13;3;2022;15:45;1;41;41234;1;2;8;3;La Nivocherie;47,5880900000;1,0735650000
202200017519;20;12;2022;09:30;1;33;33318;2;1;1;1;Avenue du Docteur Nancel Pénard;44,8086600000; -0,6361700000
202200017520;12;3;2022;07:50;1;988;98826;1;1;1;6;route territoriale 1; -20,3941120000;164,2103930000
202200017521;19;12;2022;17:15;2;33;33063;2;3;1;3;Rue de Lisleferme;44,8543600000; -0,5908500000
202200017522;12;3;2022;18:50;3;83;83130;2;1;1;1;288 Avenue Marechal Leclerc;43,1860090000;6,0403080000
202200017523;7;9;2022;14:31;1;13;13015;1;1;1;3;A51-Sens Aix en Provence vers Marseille;43,4288800000;5,3883400000
202200017524;12;3;2022;15:50;1;44;44070;1;1;1;7;N249;47,1736050000; -1,3965460000
202200017525;19;12;2022;08:40;2;33;33063;2;3;1;3;Place de l'Europe;44,8594055381; -0,5804670453
202200017526;7;9;2022;16:12;1;83;83137;1;1;1;2;A50 TUNNEL TUBE SUD;43,1272131149;5,9198731184
202200017527;13;3;2022;09:30;1;57;57312;1;3;1;6;D19;49,1415290000;6,4688310000
202200017528;18;12;2022;23:00;5;33;33063;2;3;1;3;Cours d'Albret;44,8383700000; -0,5817400000
202200017529;12;3;2022;06:00;3;56;56079;1;3;2;6;D169;47,9361293514; -2,4816302431
202200017530;7;9;2022;14:59;1;83;83137;1;1;1;4;A50 TUNNEL TUBE SUD;43,1271309043;5,9161235786
202200017531;16;12;2022;22:25;5;33;33550;2;1;1;3;;44,7781009048; -0,5555123091
202200017532;21;12;2022;12:05;1;33;33529;2;1;1;1;MIQUELOTS (BD DES);44,6106470000; -1,1454120000
202200017533;7;9;2022;12:40;1;33;33065;1;1;1;4;ROUTE NATIONALE 230;44,8181810000; -0,5208260000
202200017534;12;3;2022;17:00;1;74;74168;1;4;1;3;D27;46,0131480000;5,9972050000
202200017535;18;12;2022;19:10;3;33;33529;2;1;1;3;EIFFEL (RUE GUSTAVE) DU 01 AU 241;44,6103900000; -1,1237400000
202200017536;6;9;2022;08:40;1;78;78158;1;1;1;3;A13;48,8314740000;2,1470700000
202200017537;12;3;2022;22:00;3;12;12044;1;1;6;6;route de brusque;43,8096790000;2,8887710000
202200017538;17;12;2022;19:05;3;31;31555;2;1;1;6;AV D ATLANTA;43,6330120000;1,4742300000