Num_Acc;jour;mois;an;hrmn;lum;dep;com;agg;int;atm;col;adr;lat;long
202200017539;5;9;2022;09:10;1;92;92064;1;1;9;7;A13;48,8388738592;2,1936046998
202200017540;12;3;2022;06:00;3;12;12102;1;1;2;6;La Baraque du Pouget;44,2884610000;2,6476840000
202200017541;17;12;2022;20:00;5;30;30007;2;1;1;2;Avenue du maréchal juin;44,1290000000;4,1065700000
202200017542;7;9;2022;16:20;1;92;92078;1;1;2;4;AUTOROUTE A86;48,9291558347;2,3291803213
202200017543;7;9;2022;06:40;2;93;93064;1;1;1;3;AUTOROUTE A86;48,8713016540;2,4817836285
202200017544;18;12;2022;19:55;5;29;29232;2;2;2;3;Rue de Douarnenez;47,9974310000; -4,1094040000
202200017545;25;4;2022;13:40;1;62;62753;2;9;1;3;IMMERCOURT ( AVENUE D' );50,2941000000;2,8049600000
202200017546;19;12;2022;19:10;5;29;29151;2;6;3;6;Avenue de Wurselen;48,5874410000; -3,8210260000
202200017547;6;9;2022;10:25;1;38;38544;2;1;1;6;Place Miremont;45,5243400000;4,8749100000
202200017548;19;12;2022;08:15;5;29;29254;1;6;3;3;Kerivin;48,5674435011; -3,8531166229
202200017549;6;9;2022;17:49;1;33;33249;2;1;7;4;Avenue Carnot;44,8642900073; -0,5195143819
202200017550;20;12;2022;19:50;5;29;29019;2;2;1;3;rue Broussais;48,4222830691; -4,4941210460
202200017551;5;9;2022;12:50;1;91;91421;2;9;1;6;NATIONALE 6 (REVEIL MATIN);48,6907850000;2,4597850000
202200017552;16;12;2022;14:10;1;29;29019;2;1;1;6;rue Kerjean Vras;48,3933581405; -4,4789371489
202200017553;4;9;2022;20:50;3;94;94033;2;1;1;6;Rue des Moulins;48,8534560000;2,4627150000
202200017554;2;9;2022;01:30;5;94;94015;2;1;1;7;DAGUERRE - PONT DE BRY (PL);48,8341440000;2,5179300000
202200017555;19;12;2022;09:30;1;29;29019;2;3;1;3;CHOPIN FREDERIC;48,4117855243; -4,4956840575
202200017556;2;9;2022;22:08;5;66;66136;2;1;1;6;;42,6927100000;2,8921500000
202200017557;17;12;2022;12:10;1;29;29019;2;6;1;3;rue Général Paulet;48,4153800000; -4,4754700000
202200017558;31;8;2022;18:30;1;51;51108;2;1;1;7;Avenue Jeanne d'Arc;48,9477970000;4,3471400000
202200017559;6;9;2022;06:48;1;976;97611;2;1;1;3;kaweni-SPPM ( rue de la ); -12,7707000000;45,2221300000
202200017560;17;12;2022;17:45;5;28;28085;2;1;1;3;VIOLETTE (BOULEVARD MAURICE);48,4457400000;1,4835600000
202200017561;6;9;2022;08:00;1;974;97416;2;3;1;3;DONAT (AVENUE LUC); -21,3369400000;55,4591100000
202200017562;17;12;2022;16:40;1;27;27701;1;1;7;1;CD110;49,2886200000;1,2349600000
202200017563;6;9;2022;21:50;5;973;97302;2;1;1;7;RABAN (ROUTE DE);4,9364800000; -52,3150000000
202200017564;19;12;2022;07:50;5;27;27375;2;1;1;6;SAINT JEAN (RUE);49,2101604699;1,1758067262
202200017565;5;9;2022;22:50;5;973;97302;2;2;1;7;RABAN (ROUTE DE);4,9310725531; -52,3132333159
202200017566;19;12;2022;17:00;2;27;27229;2;3;2;7;BARCHOU (RUE BLANCHE);49,0180400000;1,1312100000
202200017567;5;9;2022;12:35;1;972;97213;2;9;1;3;ACAJOU PROLONGEE;14,6213700000; -61,0204400000
202200017568;17;12;2022;10:45;2;27;27229;2;1;8;6;BUZOT (RUE);49,0268300000;1,1563600000
202200017569;4;9;2022;08:35;1;971;97101;1;1;1;2;RN11;16,2732800000; -61,5172100000
202200017570;21;12;2022;13:20;1;22;22187;2;1;1;1; rue de la ville houard;48,5340400000; -2,7426400000
202200017571;5;9;2022;17:12;1;2A;2A004;2;1;1;6;SEBASTIANU COSTA BD;41,9417400000;8,7482300000
202200017572;5;9;2022;12:30;1;91;91201;2;1;1;7;AV BEAUSEJOUR;48,6851680000;2,3893310000
202200017573;20;12;2022;16:25;1;22;22106;1;1;1;4;RN12;48,4994850426; -2,7262868619
202200017574;6;9;2022;08:10;2;91;91326;2;2;1;3;PARIS CAMPAGNE (AVENUE DE);48,6957300000;2,3649700000
202200017575;20;12;2022;16:05;1;19;19031;2;1;2;3;RONCIER (AVENUE ROGER);45,1500500000;1,4891100000
202200017576;5;9;2022;21:50;5;87;87114;2;1;1;6;CARNOT (AVENUE PRESIDENT-SADI-);45,8277300000;1,2931900000
202200017577;17;12;2022;16:30;1;19;19031;2;3;1;4;TEINCHURIER (AVENUE DU);45,1473600000;1,4825100000
202200017578;3;9;2022;11:45;1;87;87085;2;1;1;7;SCHUMAN (BOULEVARD ROBERT);45,8564000000;1,2702600000
202200017579;6;9;2022;04:40;3;86;86027;1;1;1;6;Route de la Forêt;46,5855100000;0,2822220000
202200017580;17;12;2022;10:15;1;19;19031;2;2;1;1;DE JOUVENEL (BOULEVARD HENRI);45,1574000000;1,5237200000
202200017581;5;9;2022;13:50;1;86;86066;2;1;1;1;Rue Aimé Rasseteau;46,8118620000;0,5427530000
202200017582;17;12;2022;09:30;1;19;19031;2;6;1;3;SOURIE (RUE ARMAND);45,1447400000;1,4706800000
202200017583;5;9;2022;17:30;1;83;83062;1;1;1;6;DRAGUIGNAN (AVENUE DE);43,1383800000;6,0325000000
202200017584;18;12;2022;22:10;5;18;18033;2;1;1;6;35 Avenue Pierre Bérégovoy;47,0837080000;2,4219250000
202200017585;5;9;2022;20:10;2;83;83123;1;1;1;6;BANDOL (ROUTE)N° IMPAIRS;43,1344909538;5,7794516087
202200017586;19;12;2022;13:30;1;17;17415;2;9;8;3;LECLERC COURS DU MARECHAL;45,7543000000; -0,6522100000
202200017587;19;12;2022;19:35;5;17;17306;2;1;1;1;Avenue de l'Oasis;45,6229690000; -1,0169660000
202200017588;5;9;2022;13:30;1;77;77326;2;1;1;3;D151;48,5879600000;2,5632900000
202200017589;19;12;2022;19:50;5;17;17300;2;1;2;3;DENFERT-ROCHEREAU   AVENUE (59);46,1651260000; -1,1928710000
202200017590;16;12;2022;13:05;1;14;14366;2;6;1;7;28 Avenue du 6 Juin;49,1434060000;0,2183270000
202200017591;18;12;2022;22:25;5;14;14333;2;1;3;6;D279;49,4204200000;0,2287700000
202200017592;6;9;2022;16:10;1;76;76540;2;1;1;2;Rue Guillaume le Conquerant;49,4401100000;1,0808700000
202200017593;22;12;2022;01:25;3;14;14437;1;9;2;2;N814;49,1794700000; -0,3222100000
202200017594;6;9;2022;10:40;1;76;76217;2;1;1;6;32 Avenue de la Libération;49,9247800000;1,1093100000
202200017595;16;12;2022;17:40;3;14;14118;2;3;1;7;Rue Demolombe;49,1834100000; -0,3669700000
202200017596;20;12;2022;12:00;1;13;13117;1;1;1;5;CD 9 ESTROUBLANS;43,4300000000;5,2800000000
202200017597;6;9;2022;18:30;1;72;72181;2;1;1;6;MAC JEAN (AV) N° IMP 107 ET plus;47,9758900000;0,2368900000
202200017598;21;12;2022;17:30;1;13;13203;2;1;1;1;PLOMBIERES (BOULEVARD DES);43,3200202814;5,3773869752
202200017599;6;9;2022;17:55;1;72;72181;1;1;1;3;ALENCON (RTE D');48,0299000000;0,1796300000
202200017600;21;12;2022;07:32;5;13;13211;2;1;2;1;GAIA (rd point);43,2962700000;5,4757200000
202200017601;6;9;2022;17:20;1;72;72181;2;1;1;3;EDISON THOMAS (RUE);48,0247204823;0,1788568495
202200017602;21;12;2022;07:30;5;13;13212;2;1;2;3;PIERRE CHEVALIER (avenue);43,2942300000;5,4285700000
202200017603;5;9;2022;17:40;1;72;72181;2;1;1;6;LECLERC GENERAL (AV) PAIRS DE 2 A 68;47,9984991328;0,1952898500
202200017604;20;12;2022;22:20;5;13;13211;2;1;1;6;FRANCOIS CHARNIGNY (AVENUE);43,2935999110;5,4834333805
202200017605;29;10;2022;19:32;5;13;13216;2;1;1;1;RABELAIS (RUE);43,3602900000;5,3302800000
202200017606;6;9;2022;17:40;1;69;69092;2;6;8;7;515 Boulevard Roger Salengro;46,0007700000;4,7175100000
202200017607;6;9;2022;18:25;1;69;69290;2;2;2;4;Rue du Progrès;45,7152100000;4,9575000000
202200017608;20;12;2022;16:30;1;13;13213;2;1;1;3;ESCADRILLE NORMANDIE NIEMEN;43,3321795462;5,4101580739
202200017609;2;9;2022;23:40;5;67;67482;2;1;1;6;ALPES (QUAI DES);48,5750797345;7,7603200078
202200017610;2;9;2022;15:48;1;66;66136;2;3;1;3;;42,6912300000;2,8822600000
202200017611;6;9;2022;07:05;1;64;64445;1;3;1;3;VIGNANCOUR;43,3229481961; -0,3196462244
202200017612;6;9;2022;07:30;1;59;59328;2;2;1;6;BECQUART AVENUE;50,6500976707;3,0371041596
202200017613;3;9;2022;06:45;1;59;59329;1;1;1;1;RD 621;50,3615793301;3,0410027504
202200017614;3;9;2022;13:25;1;57;57221;2;1;2;6;GARE (RUE DE LA);49,3282100000;6,1187800000
202200017615;6;9;2022;22:16;5;54;54395;2;2;1;3;SAINT JEAN (RUE);48,6894989770;6,1784952879
202200017616;6;9;2022;13:35;1;51;51172;2;6;1;3;Place de l'humanisme;49,2196246968;4,0413057804
202200017617;6;9;2022;07:50;1;51;51454;2;1;1;3;rue Léon Faucher;49,2700700000;4,0438900000
202200017618;6;9;2022;12:08;1;50;50502;2;4;1;2;BALTIMORE;49,1170500000; -1,0974800000
202200017619;6;9;2022;09:30;1;49;49007;2;2;1;3;BESNADIERE;47,4788900000; -0,5451700000
202200017620;5;9;2022;10:15;1;45;45338;2;1;1;6;12bis Avenue de la Libération;47,9907400000;2,7092900000
202200017621;6;9;2022;11:05;1;43;43157;1;1;1;7;17 Avenue D 'Ours Mons;45,0403400000;3,8939000000
202200017622;6;9;2022;14:57;1;37;37233;2;1;1;6;LOIRE (LEVEE DE LA);47,3991662049;0,7362931967
202200017623;6;9;2022;11:35;1;37;37261;2;2;1;6;RENAULT (RUE DU GAL);47,3793003270;0,6823110580
202200017624;22;4;2022;16:55;1;35;35238;1;1;1;4;N136;48,1192125687; -1,7200141400
202200017625;26;6;2022;15:06;1;65;65047;2;2;1;3;MOISSON (RUE DE LA);43,2565100000;0,0929700000
202200017626;5;9;2022;09:00;1;37;37261;2;1;1;7;ALOUETTE (CARREFOUR DE L');47,3641900000;0,6995500000
202200017627;20;4;2022;00:15;4;33;33167;2;1;2;6;Route de Latresne;44,8221590000; -0,5170720000
202200017628;26;6;2022;16:05;1;57;57463;2;9;8;3;GEORGE BERNANOS (RUE );49,1328200000;6,1674400000
202200017629;6;9;2022;10:55;1;35;35051;2;6;2;2;PARIS (RUE DE);48,1142001543; -1,6076289117
202200017630;22;4;2022;22:45;5;31;31555;2;2;1;1;AV MARCEL DASSAULT;43,5732700000;1,4932800000
202200017631;6;9;2022;19:45;1;35;35115;2;1;1;3;FRANCAIS LIBRES (RUE DES);48,3459093367; -1,1786672473
202200017632;13;6;2022;11:25;1;57;57463;2;5;1;3;ANDRE MAGINOT (BOULEVARD);49,1134786083;6,1835284531
202200017633;22;4;2022;16:45;1;31;31555;2;1;1;3;STRASBOURG (BD DE) DU 1AU 33;43,6071530000;1,4471580000
202200017634;6;9;2022;22:15;3;33;33063;1;1;1;2;Avenue de la Labarde;44,9115115510; -0,5584774911
202200017635;21;4;2022;17:40;1;29;29232;1;6;1;3;Boulevard d'Ergue-Armel;47,9836400000; -4,0747700000
202200017636;6;9;2022;15:05;1;33;33318;2;1;1;4;Avenue du Général Leclerc;44,7976400000; -0,6651100000
202200017637;26;6;2022;16:50;1;54;54300;2;1;1;3;GALTIER (RUE LUCIEN);48,6652809625;6,2166491748
202200017638;5;9;2022;20:20;1;33;33063;2;1;1;2;Cours Maréchal Juin;44,8348600000; -0,5868000000
202200017639;22;4;2022;08:20;1;27;27681;2;1;1;1;BRIQUETERIE (RUE DE LA);49,0777100000;1,4789700000
202200017640;26;6;2022;06:00;2;54;54391;1;1;1;6;RD643;49,2370500000;5,9529800000
202200017641;6;9;2022;19:05;1;31;31069;2;1;1;2;VA007386 Fil d'Ariane A621;43,6225000000;1,3911000000
202200017642;19;4;2022;13:00;1;22;22113;2;6;1;3;BRANLY (RUE EDOUARD);48,7573110227; -3,4516167641
202200017643;6;9;2022;19:25;1;31;31555;2;1;1;3;AV JOLIOT CURIE;43,5579800000;1,4258000000
202200017644;26;6;2022;16:45;1;44;44109;2;1;1;3;1 Boulevard du Tertre;47,2204110000; -1,6032060000
202200017645;21;4;2022;08:55;1;19;19275;1;1;8;7;R.D. 161;45,5724760304;2,3039531708
202200017646;6;9;2022;08:40;1;31;31555;2;1;1;6;32 Avenue de Fronton;43,6296000000;1,4337700000
202200017647;6;9;2022;04:15;5;31;31069;2;7;1;6;CROIX BLANCHE (RUE DE LA);43,6337200000;1,3971400000
202200017648;22;4;2022;22:10;5;13;13071;2;1;8;2;PLAN DE CAMPAGNE (AVE. DE );43,4157800000;5,3530000000
202200017649;25;6;2022;23:55;5;33;33063;2;2;1;3;Rue Lucien Faure;44,8660700000; -0,5613200000
202200017650;6;9;2022;09:45;1;29;29232;1;6;1;7;D34 - Rond-Point de Toul Sable;47,9733300000; -4,0877110000
202200017651;22;4;2022;19:15;1;13;13211;2;1;1;3;CAMOINS (AVENUE DES);43,3063521947;5,5102874595
202200017652;6;9;2022;12:30;1;29;29039;2;1;1;6;Rue de Trégunc;47,8683030000; -3,9045670000
202200017653;25;6;2022;16:00;1;33;33009;2;1;1;6;CORRIGNAN (ALL.);44,6575800000; -1,1713100000
202200017654;5;9;2022;18:05;1;27;27681;2;1;1;2;DEVOS (BOULEVARD JULIEN);49,0841900000;1,4778600000
202200017655;22;4;2022;19:35;1;06;06123;2;3;1;3;DAUDET ALPHONSE RUE;43,6873490000;7,1813240000
202200017656;22;6;2022;16:56;1;29;29232;2;1;1;2;Rue de Benodet;47,9855900000; -4,1065000000
202200017657;6;9;2022;11:30;1;22;22278;2;1;1;6;RAHUEL (DOCTEUR);48,5058400000; -2,7473000000
202200017658;26;6;2022;04:45;5;29;29232;2;1;1;6;Boulevard de Creac'h Gwen;47,9756700000; -4,0986000000
202200017659;22;4;2022;11:15;1;75;75113;2;1;1;2;BD PERIPHERIQUE INTERIEUR;48,8161510000;2,3611500000
202200017660;6;9;2022;07:25;2;22;22187;1;1;1;1;VIADUC (RUE DU);48,5271410000; -2,7697310000
202200017661;5;9;2022;18:19;1;17;17300;2;2;1;3;GRANDES VARENNES   AVENUE DES;46,1713000000; -1,1770000000
202200017662;21;4;2022;22:23;5;75;75106;2;3;1;1;QUAI DE CONTI;48,8561330682;2,3403940007
202200017663;24;6;2022;17:05;1;29;29232;1;1;2;5;Route de Brest;48,0073800000; -4,0830500000
202200017664;6;9;2022;15:50;1;13;13208;2;1;1;3;POMPIDOU (PROMENADE);43,2619700000;5,3747800000
202200017665;14;6;2022;17:20;1;22;22187;2;1;1;2;VIEUX MOULIN (RUE DU);48,5234800000; -2,7526800000
202200017666;22;4;2022;15:25;1;75;75119;2;2;1;6;AVENUE DE FLANDRE;48,8907140000;2,3766820000
202200017667;5;9;2022;17:00;1;13;13202;2;1;1;2;BON PASTEUR (RUE DU);43,3027200000;5,3736800000
202200017668;25;6;2022;19:15;1;22;22113;2;1;1;2;RESISTANCE (AVENUE DE LA);48,7502900000; -3,4599610000
202200017669;22;4;2022;17:50;1;75;75116;2;1;1;3;ROUTE DE LA PTE DES SABLONS A LA PTE MAI;48,8767090000;2,2735140000
202200017670;26;6;2022;13:50;1;13;13208;2;1;1;2;PRADO (AVENUE DU);43,2706100900;5,3880162754
202200017671;5;9;2022;12:20;1;11;11069;2;9;1;3;;43,2067700000;2,3109000000
202200017672;21;4;2022;13:05;1;75;75116;2;1;1;6;AVENUE DU PRESIDENT KENNEDY;48,8575159774;2,2873596561
202200017673;5;9;2022;10:20;1;11;11069;2;9;1;6;;43,2280400000;2,3257700000
202200017674;26;6;2022;11:00;1;13;13215;2;3;1;3;LE CHATELIER;43,3471300000;5,3685500000
202200017675;21;4;2022;09:50;1;75;75116;2;1;1;3;AVENUE RAYMOND POINCARE;48,8641852310;2,2867413363
202200017676;26;6;2022;06:30;2;13;13203;2;3;1;3;GÉNÉRAL LECLERC (Avenue));43,3045783245;5,3749532234
202200017677;5;9;2022;07:45;1;11;11069;2;3;1;6;MUSSET ALFRED -ET IMPASSE-;43,2219000000;2,3449000000
202200017678;22;4;2022;18:25;1;75;75114;2;4;1;2;RUE DE LA LEGION ETRANGERE;48,8205450000;2,3242210000
202200017679;26;6;2022;10:17;1;13;13063;1;2;1;3;;43,5827900000;5,0355600000
202200017680;6;9;2022;10:50;1;07;07281;2;1;1;6;Parc GROSS-UMSTADT;44,9438320000;4,8566200000
202200017681;22;4;2022;18:45;1;75;75114;2;1;1;3;BOULEVARD BRUNE;48,8253570000;2,3162520000
202200017682;25;6;2022;15:55;1;13;13028;2;1;1;3;LAVAUX (BOULEVARD DE);43,1937500000;5,6282200000
202200017683;5;9;2022;17:35;1;06;06069;2;1;1;2;ROUQUIER (BOULEVARD EMMANUEL);43,6363900000;6,9406890000
202200017684;22;4;2022;11:12;1;75;75113;2;2;1;7;BOULEVARD SAINT MARCEL;48,8381143092;2,3559270054
202200017685;25;6;2022;20:00;1;06;06069;2;6;7;3;Rd point des Quatre Chemins;43,6451100000;6,9406500000
202200017686;5;9;2022;10:00;1;05;05023;2;1;1;2;PETSCHE (AVENUE MAURICE);44,8965100000;6,6343000000
202200017687;22;4;2022;15:00;1;75;75112;2;2;1;3;AVENUE DAUMESNIL;48,8354884953;2,4064412809
202200017688;25;6;2022;17:00;1;06;06123;2;1;1;3;VESPINS ROUTE DES;43,6600200000;7,1838530000
202200017689;5;9;2022;08:48;1;04;04112;2;1;1;6;PLAINE(PLACE DE LA);43,8319800000;5,7848400000
202200017690;26;6;2022;18:50;1;05;05061;2;3;1;3;EYSSAGNIERES ( ROUTE DES );44,5457860000;6,0534460000
202200017691;22;4;2022;16:45;1;75;75112;2;3;1;2;BOULEVARD DE PICPUS;48,8411955369;2,4010458323
202200017692;5;9;2022;17:25;1;01;01053;2;1;1;3;MARBOZ (AVENUEDE - IMPAIRS);46,2268990000;5,2291460000
202200017693;26;6;2022;17:45;1;75;75118;2;1;1;2;PORTE DE CLIGNANCOURT;48,9011940000;2,3507470000
202200017694;22;4;2022;14:30;1;75;75112;2;4;1;6;BOULEVARD DE LA BASTILLE;48,8480300000;2,3676590000
202200017695;6;9;2022;08:35;1;75;75117;2;1;1;2;BD PERIPHERIQUE INTERIEUR;48,8858090000;2,2883020000
202200017696;22;4;2022;10:28;1;75;75112;2;3;1;3;PLACE LACHAMBEAUDIE;48,8357120000;2,3861100000
202200017697;24;6;2022;19:40;1;75;75116;2;1;1;5;PORTE DAUPHINE;48,8705970000;2,2723520000
202200017698;5;9;2022;10:40;1;75;75120;2;1;1;2;BOULEVARD PERIPHERIQUE EXTERIEUR NORD  ;48,8748760000;2,4106970000
202200017699;22;4;2022;01:42;5;75;75110;2;3;1;3;BOULEVARD DE LA CHAPELLE;48,8840570386;2,3554821588
202200017700;26;6;2022;19:28;1;75;75105;2;2;1;3;RUE MONGE;48,8421590000;2,3520650000
202200017701;22;4;2022;13:50;1;75;75108;2;7;1;2;PLACE DU HAVRE;48,8755753217;2,3266215895
202200017702;26;6;2022;11:00;1;75;75105;2;5;1;3;PONT SAINT MICHEL;48,8537480000;2,3442960000
202200017703;22;4;2022;16:40;1;75;75102;2;4;1;6;RUE ETIENNE MARCEL;48,8648030000;2,3451240000
202200017704;26;6;2022;17:00;1;75;75119;2;3;1;2;AVENUE DE FLANDRE;48,8858120000;2,3706430000
202200017705;22;4;2022;12:45;1;75;75104;2;3;1;7;RUE SAINT ANTOINE;48,8543087355;2,3637461464
202200017706;26;6;2022;14:15;1;75;75115;2;2;1;3;RUE DE LOURMEL;48,8421680000;2,2855480000
202200017707;22;4;2022;18:10;1;94;94081;2;4;1;3;Rue Henri Poincaré;48,7960367032;2,3941247463
202200017708;26;6;2022;00:30;5;75;75112;2;4;1;3;ECHANGEUR BERCY;48,8266300000;2,3921050000
202200017709;22;4;2022;12:55;1;94;94041;2;7;1;6;Place Marcel Cachin;48,8142700000;2,3906400000
202200017710;26;6;2022;20:35;1;75;75108;2;7;1;3;PLACE CHARLES DE GAULLE;48,8738380000;2,2960210000
202200017711;21;4;2022;19:50;1;94;94011;2;1;1;6;Avenue de la République;48,7664400000;2,4802000000
202200017712;26;6;2022;19:40;1;75;75104;2;4;1;3;QUAI HENRI IV;48,8473300000;2,3648000000
202200017713;26;6;2022;16:10;1;75;75101;2;3;1;6;RUE DE RIVOLI;48,8632120000;2,3337770000
202200017714;21;4;2022;11:18;1;94;94022;1;2;7;4;Carrefour des 3 Communes / Boulevard Stalingrad / A86;48,7736130184;2,3995814322
202200017715;21;4;2022;12:30;1;94;94079;2;1;1;1;Boulevard Jean Monnet;48,8281500000;2,5279500000
202200017716;26;6;2022;06:30;1;75;75104;2;2;1;2;QUAI DE L HOTEL DE VILLE;48,8543690000;2,3549680000
202200017717;22;4;2022;15:05;1;93;93066;2;1;1;6;Avenue du Colonel Fabien;48,9450970000;2,3521440000
202200017718;26;6;2022;18:35;1;94;94081;2;1;1;3;ABBE ROGER DERRY (AV DE L);48,7902900000;2,3916400000
202200017719;21;4;2022;20:20;2;93;93066;2;3;1;2;Rue Francis de Pressensé / Rue de Lorraine;48,9240700000;2,3722400000
202200017720;21;4;2022;14:35;1;93;93066;2;1;1;6;Avenue de Stalingrad;48,9446200000;2,3592500000
202200017721;26;6;2022;23:20;5;94;94041;2;3;1;1;SAINT JUST (R);48,8113900000;2,3901900000
202200017722;26;6;2022;04:30;5;94;94073;2;1;1;7;VERSAILLES (AV DE);48,7571500000;2,3889200000
202200017723;21;4;2022;08:03;1;93;93066;2;3;1;6;Rue Saint Just / Rue de l'Encyclopédie;48,9084590000;2,3623180000
202200017724;26;6;2022;07:10;1;94;94022;2;2;1;3;Boulevard de Stalingrad / A86;48,7734400000;2,3996900000
202200017725;22;4;2022;02:40;5;93;93064;2;1;1;6;Rue Jules Ferry;48,8757700000;2,4772400000
202200017726;26;6;2022;16:15;1;94;94002;2;3;1;6;Rue Paul Vaillant Couturier / Place François Mitterrand;48,8052500000;2,4191600000
202200017727;22;4;2022;14:00;1;93;93077;2;1;1;3;19 Route de Noisy;48,8837000000;2,4994300000
202200017728;26;6;2022;21:20;1;93;93072;2;3;1;6;Boulevard Maxime Gorki / Rue Salvador Allende;48,9466743957;2,3863195181
202200017729;21;4;2022;19:29;1;93;93079;2;1;1;3;Route de Saint-leu;48,9523890000;2,3379260000
202200017730;26;6;2022;16:40;1;93;93055;2;1;1;3;Avenue Jean Lolive;48,8926670000;2,4106170000
202200017731;26;6;2022;07:00;2;93;93053;2;2;1;3;Place Jeanne d’Arc;48,8900990000;2,4529230000
202200017732;22;4;2022;08:50;1;93;93029;2;3;1;6;170 Avenue Henri Barbusse;48,9215510000;2,4549540000
202200017733;26;6;2022;17:40;1;93;93048;2;2;1;3;Rue des Fédérés / Rue du Sergent Bobillot;48,8520100000;2,4325700000
202200017734;22;4;2022;19:40;1;93;93027;2;1;1;5;Avenue Paul Vaillant Couturier;48,9239108573;2,4140068888
202200017735;26;6;2022;17:00;1;93;93001;2;1;1;6;Avenue de la République;48,9095700000;2,3862600000
202200017736;26;6;2022;20:30;1;92;92051;2;1;1;2;ROULE (AVENUE DU, N° 29 A 91 ET 30 A 86);48,8832604099;2,2741602659
202200017737;22;4;2022;16:50;1;93;93013;2;1;1;6;Avenue Jean Jaurès;48,9325200000;2,4258800000
202200017738;22;4;2022;06:20;5;93;93007;2;1;1;3;Avenue des Cosmonautes;48,9490965846;2,4561068415
202200017739;25;6;2022;15:30;1;60;60515;1;1;2;3;D127;49,4853010000;2,5469830000
202200017740;25;6;2022;17:15;1;08;08403;2;1;8;7;Avenue du General Leclerc;49,4963540000;4,3644150000
202200017741;22;4;2022;07:50;1;92;92064;2;1;1;3;FRANCIS CHAVETON;48,8593442888;2,2100220770
202200017742;22;4;2022;19:30;1;92;92049;2;1;1;6;DORMOY AVENUE MARX N°102 A FIN;48,8099804436;2,3200032413
202200017743;26;6;2022;17:00;1;86;86092;2;1;1;1;Avenue de l Europe;46,9341830000;0,6055110000
202200017744;22;4;2022;15:20;1;92;92049;2;3;1;3;REPUBLIQUE AVENUE DE LA N°92 A FIN;48,8128072965;2,3161113560
202200017745;26;6;2022;20:20;2;36;36230;1;1;2;6;;47,0671220000;1,8216120000
202200017746;19;4;2022;18:50;1;92;92036;2;3;1;6;GENERAL DE GAULLE (AVENUE) (PAIRS);48,9337726579;2,3136091232
202200017747;21;6;2022;13:45;1;31;31182;2;1;1;3;Route de Paris;43,6722100000;1,4100210000
202200017748;20;4;2022;13:12;1;92;92035;2;9;1;6;National ( boulevard );48,9064670046;2,2388851941
202200017749;22;4;2022;16:20;1;92;92026;2;1;1;6;CARLE HEBERT;48,8933973113;2,2536115944
202200017750;26;6;2022;16:30;1;84;84069;1;1;1;1;Route du Mont Ventoux - CD 974;44,1810660000;5,1342900000
202200017751;19;4;2022;08:37;1;92;92024;2;3;1;3;PARIS (RUE DE) DE (1 A 57)   (2 A 52);48,8972400000;2,3077300000
202200017752;26;6;2022;05:00;3;63;63349;1;1;3;6;Lieu Dit la Vauzaine;45,9520435318;2,8836938739
202200017753;22;4;2022;14:40;1;92;92007;2;6;1;6;FONTAINE GUEFFIER (PLACE DE LA);48,7878147550;2,3045880496
202200017754;23;4;2022;15:45;1;09;09209;1;3;3;1;D627;43,0024500000;1,1692070000
202200017755;26;6;2022;18:45;1;50;50095;1;4;2;1;départementale 999, route de la vire;49,0898390000; -1,1193610000
202200017756;23;4;2022;17:30;1;36;36093;2;1;8;3;Chemin de la Piscine;46,9845950000;1,6086840000
202200017757;25;6;2022;20:00;1;37;37261;1;1;1;3;Autoroute A10;47,4073830000;0,7194540000
202200017758;23;4;2022;22:30;3;76;76210;1;1;1;3;Route de Saint Nicolas;49,8630520000;1,1988830000
202200017759;23;6;2022;07:30;2;37;37077;1;1;8;6;autoute a85;47,3351800388;0,4379081726
202200017760;23;4;2022;18:40;1;28;28139;1;1;1;7;A11;48,3145190000;1,3222220000
202200017761;26;6;2022;15:55;1;77;77006;1;1;1;3;D64;48,3990350000;2,5593210000
202200017762;27;6;2022;11:15;1;83;83018;1;1;1;7;D13;43,3596030000;6,1993580000
202200017763;27;6;2022;15:20;1;79;79005;1;1;1;1;Airvault;46,8270730000; -0,1822080000
202200017764;22;4;2022;03:34;3;79;79148;2;1;1;1;Rue du Marais;46,2668690000; -0,0082610000
202200017765;20;4;2022;18:35;1;83;83067;1;1;2;7;rd97;43,3480540000;6,2976500000
202200017766;24;4;2022;00:40;3;56;56061;1;1;1;7;Les Forets;47,7363060000; -2,1534920000
202200017767;24;4;2022;17:40;1;74;74269;1;1;2;3;RD992;45,9703020000;5,8356710000
202200017768;26;6;2022;17:00;1;80;80417;1;2;1;5;CD1029;49,8730930000;2,6856420000
202200017769;23;4;2022;02:43;5;65;65258;1;1;2;6;Route d Arreau;43,1160920000;0,4105600000
202200017770;24;6;2022;16:00;1;80;80240;2;1;1;5;Route de Péronne;49,9320390000;2,9542550000
202200017771;27;6;2022;08:15;1;71;71212;1;1;2;6;N70;46,6016310000;4,2442580000
202200017772;23;4;2022;22:00;5;49;49125;2;2;1;6;rue de Soulanger;47,1944500000; -0,2971810000
202200017773;26;6;2022;20:50;2;71;71161;1;1;3;6;D60;46,5957490000;4,0150520000
202200017774;23;4;2022;02:50;5;22;22055;1;1;1;1;D786;48,6340360000; -2,8247850000
202200017775;23;4;2022;20:20;2;25;25074;1;1;1;6;D437;47,1796720000;6,7261220000
202200017776;27;6;2022;08:50;1;71;71451;1;1;1;1;D987;46,2042560000;4,2381560000
202200017777;23;4;2022;04:23;3;44;44005;1;1;1;7;D751;47,1326330000; -1,8595350000