Num_Acc;jour;mois;an;hrmn;lum;dep;com;agg;int;atm;col;adr;lat;long
202200017778;26;6;2022;14:55;1;63;63170;1;1;3;1;Ballot;45,8372690000;2,7210960000
202200017779;23;4;2022;18:25;2;29;29274;1;1;7;3;Lieu Dit Toul Ar C Hoat;47,9941440000; -3,7215540000
202200017780;24;6;2022;15:50;1;61;61214;1;1;1;6;Avenue du Mont Saint Michel;48,7572920000;0,6073490000
202200017781;24;4;2022;04:25;3;02;02061;1;1;1;6;306 Rue d'En Bas;50,0122490000;3,4695250000
202200017782;23;4;2022;15:50;1;14;14193;1;3;1;1;Chemin de la Cannerie;49,1167070000;0,3561650000
202200017783;27;6;2022;14:55;1;55;55146;1;1;8;6;D123;49,3125890000;5,2524950000
202200017784;23;4;2022;15:30;1;50;50031;2;7;1;2;Avenue de la République;49,3793380000; -1,7851070000
202200017785;25;6;2022;15:51;1;42;42222;1;1;1;6;Chemin des Moulins;45,5978920000;4,3444540000
202200017786;24;4;2022;00:30;3;45;45296;1;1;3;6;D955 PR 16 + 255;47,9883990000;1,7314200000
202200017787;2;6;2022;20:00;1;41;41198;2;1;1;6;Rue Maurice Berteaux;47,2675740000;1,3782910000
202200017788;22;6;2022;06:00;2;68;68183;1;1;2;7;D9b;47,5033950000;7,4463860000
202200017789;24;4;2022;18:45;1;18;18121;1;2;1;3;;46,9207390000;2,6535150000
202200017790;26;6;2022;11:30;1;22;22194;2;1;1;3;Rue de Poul Guillou;48,6593530000; -3,6254080000
202200017791;24;4;2022;19:30;2;36;36088;2;5;2;3;1 Rue Saint-martin;46,9450730000;1,9960380000
202200017792;26;6;2022;18:52;1;25;25463;2;1;1;1;Rue d Alsace;47,4000230000;6,7665860000
202200017793;24;6;2022;15:23;1;29;29061;2;6;2;3;Boulevard Gabriel Lippmann;48,4284162650; -4,4537168741
202200017794;22;4;2022;22:30;3;28;28335;1;1;1;3;D941;48,4417000000;1,0257630000
202200017795;27;6;2022;17:20;1;29;29158;1;3;1;3;D53 - Rue Leuker Kerameil;47,8174200000; -4,3612770000
202200017796;27;6;2022;08:30;1;02;02341;1;1;1;5;;49,8174790000;3,8755880000
202200017797;27;6;2022;19:50;1;03;03148;1;2;1;3;Route du Pavillon;46,2751500000;3,3358530000
202200017798;24;4;2022;04:00;3;73;73151;1;1;8;6;Autoroute A41s, PK 039.800;45,4804150000;6,0209370000
202200017799;23;4;2022;15:30;1;69;69044;2;3;8;3;Avenue des Thermes;45,7852910000;4,7342120000
202200017800;26;6;2022;13:55;1;01;01230;1;1;1;1;Route de Chouly;46,4308880000;5,0941750000
202200017801;25;6;2022;17:30;1;58;58062;2;6;2;6;Place paul bérégovoy;47,0589510000;3,9355280000
202200017802;24;4;2022;10:00;1;86;86280;1;1;2;2;A10;46,9443930000;0,5468480000
202200017803;23;4;2022;18:30;2;974;97415;1;1;1;1;N1a; -21,0208590000;55,2339580000
202200017804;26;6;2022;17:20;1;73;73010;1;1;1;6;D1201 - 1131 Rue du Revard;45,7756510000;5,9428940000
202200017805;23;4;2022;21:15;3;77;77336;1;1;1;6;D96;48,7926590000;2,8226070000
202200017806;26;6;2022;16:45;1;16;16062;1;1;2;6;D24;45,4251930000; -0,0538310000
202200017807;24;4;2022;14:50;1;2B;2B059;1;1;2;3;RT 30;42,4916560000;9,1870220000
202200017808;26;6;2022;18:00;1;04;04208;1;1;1;7;RD 51;43,9788580000;5,5847450000
202200017809;24;4;2022;10:00;1;88;88321;2;1;1;7;515 Rue Maurice Barres;48,3452370000;5,6932300000
202200017810;27;6;2022;10:10;1;08;08038;2;2;8;3;Rue de Château;49,4770030000;4,2421500000
202200017811;21;4;2022;15:40;1;44;44110;2;1;1;2;Route d’héric;47,4362740000; -1,5069940000
202200017812;22;4;2022;16:15;1;69;69006;1;1;1;3;Route de Ronno;45,9736395404;4,3590357566
202200017813;26;6;2022;19:30;1;03;03031;1;9;3;6;Autoroute 71 PK 295+700;46,3859140000;2,7204040000
202200017814;23;4;2022;17:30;1;29;29087;1;1;1;6;D765 ;48,0598110000; -4,2746740000
202200017815;23;4;2022;12:05;1;27;27016;1;1;7;1;Route de Paix;49,2538040000;1,4155730000
202200017816;24;6;2022;13:00;1;37;37281;1;1;1;5;D142;47,4054770000;0,8053870000
202200017817;24;4;2022;17:20;1;60;60446;1;1;1;6;CD136;49,1540184688;2,8135857581
202200017818;26;6;2022;15:45;1;82;82124;1;9;1;7;D958;44,0175900000;1,3005120000
202200017819;27;6;2022;04:00;3;68;68118;1;1;3;2;A35;47,7132120000;7,4372020000
202200017820;23;4;2022;21:20;3;60;60628;1;1;1;2;N31;49,4247358650;2,1420035361
202200017821;26;6;2022;05:00;2;13;13001;1;1;1;2;A8 Pk 019.400;43,5174980000;5,4311080000
202200017822;24;4;2022;00:30;5;80;80561;2;1;1;6;Rue Gouilliart;49,6496120000;2,5700070000
202200017823;27;6;2022;16:49;1;51;51211;1;1;1;7;A4;49,0775673379;4,8266243935
202200017824;27;6;2022;03:30;3;38;38553;1;1;1;2;autoroute a43 pk025.000 - direction LYON;45,6307250000;5,1644330000
202200017825;20;4;2022;14:35;1;83;83129;1;1;2;2;A50;43,1203800000;5,8449200000
202200017826;26;6;2022;03:00;3;987;98722;2;1;1;1;PK 35,500 c/mont - District de Hitiaa; -17,5920000000; -149,3910000000
202200017827;22;4;2022;15:00;1;91;91549;1;1;1;2;RN 104;48,6256100000;2,3377400000
202200017828;25;6;2022;23:30;3;972;97230;2;9;8;6;Parc de stationnement Quai ROCHE - 40 Rue Joseph Lagrosilliere  -;14,7428500000; -60,9629420000
202200017829;22;4;2022;16:23;1;91;91174;1;1;1;5;RN 104;48,6190200000;2,4583300000
202200017830;22;4;2022;07:50;1;78;78490;1;1;1;6;RN12 INT;48,8016100000;1,9449900000
202200017831;26;6;2022;17:27;1;77;77273;1;3;1;1;D401 / D41;49,0449110000;2,7610710000
202200017832;26;6;2022;21:34;3;95;95675;1;1;1;6;RD 317;49,0595400000;2,5205420000
202200017833;21;4;2022;09:15;1;92;92072;1;1;1;4;N118;48,8240584102;2,2215897809
202200017834;22;4;2022;18:20;1;95;95572;1;1;1;6;RN 184;49,0368200000;2,1213500000
202200017835;26;6;2022;15:40;1;95;95641;1;1;1;3;RD 16;49,0655750000;2,5648360000
202200017836;25;6;2022;18:50;1;2B;2B168;2;1;7;7;Oriniccio;42,6221165417;8,9499065280
202200017837;18;4;2022;01:05;3;77;77053;1;1;1;3;RN104;48,6873060000;2,5968000000
202200017838;21;6;2022;19:00;2;11;11254;1;1;3;6;;43,1919580000;2,1111770000
202200017839;20;4;2022;20:05;3;974;97416;2;9;1;3;PASTEUR (RUE); -21,2841000000;55,4714000000
202200017840;21;4;2022;12:30;1;974;97416;2;1;1;3;VERGES (AVENUE LAURENT); -21,2969300000;55,4600500000
202200017841;27;6;2022;17:10;1;83;83023;1;3;1;3;Route nationale 7;43,3579182984;6,0921764374
202200017842;20;4;2022;10:00;1;974;97416;2;1;1;3;BOIS NOIRS (ALLEE DES) (2); -21,2930800000;55,4510800000
202200017843;27;6;2022;17:00;1;05;05177;1;1;1;3;route des grandes alpes;44,5517630000;6,7003940000
202200017844;26;6;2022;11:35;1;68;68171;1;1;2;7;D13 bis;47,9414460000;6,9617270000
202200017845;21;4;2022;20:30;5;973;97302;2;1;1;3;MONTABO (ROUTE DE) 2;4,9445400000; -52,3106400000
202200017846;26;6;2022;20:30;2;68;68247;1;1;1;7;D27;47,9408420000;7,0075610000
202200017847;21;4;2022;18:35;2;973;97302;2;1;2;3;RABAN (ROUTE DE);4,9242100000; -52,3124100000
202200017848;26;6;2022;23:45;3;38;38557;1;1;1;7;route de villette;45,7668080000;5,0881180000
202200017849;26;6;2022;18:51;1;38;38059;1;1;1;3;4799 D5;45,1085220000;5,7900420000
202200017850;21;4;2022;20:40;5;69;69387;2;4;1;6;Cours Gambetta;45,7552276786;4,8430368304
202200017851;26;6;2022;17:40;1;01;01249;2;9;1;6;Rue Joseph Carre;45,8256830000;4,9537230000
202200017852;21;4;2022;17:25;1;69;69259;2;6;1;3;Avenue Jacques Duclos;45,6973700000;4,8909500000
202200017853;27;6;2022;16:20;1;81;81131;2;2;1;3;Route d Albi;43,8930450000;2,0028160000
202200017854;21;4;2022;16:25;1;69;69383;2;3;1;6;Quai Victor Augagneur;45,7583700000;4,8408600000
202200017855;25;6;2022;09:59;1;50;50099;2;1;1;1;8 Route de Saint-Côme;49,3067730000; -1,2524470000
202200017856;21;4;2022;06:15;1;972;97209;2;1;2;6;GENERAL DE GAULLE (BLD DU);14,6067000000; -61,0669200000
202200017857;27;6;2022;07:05;1;35;35253;2;2;7;1;Rue de Rennes;48,2613240000; -1,4042280000
202200017858;20;4;2022;06:30;1;972;97209;2;1;2;1;BALATA (ROUTE DE);14,6634600000; -61,0858600000
202200017859;26;6;2022;22:40;3;60;60450;1;1;1;7;D46;49,2083560284;2,2765946387
202200017860;21;4;2022;16:10;1;69;69149;2;2;1;3;93 Grande Rue;45,7155613847;4,8088252544
202200017861;24;6;2022;17:45;1;80;80685;1;3;1;3;D1017;49,6965680000;2,8064700000
202200017862;27;6;2022;07:35;1;80;80721;1;1;2;1;D940;50,1793030000;1,6049480000
202200017863;20;4;2022;13:36;1;69;69381;2;1;1;4;Quai André Lassagne;45,7719300000;4,8383100000
202200017864;24;6;2022;13:35;1;59;59615;2;1;1;6;32 Rue de la Gare;50,6960880000;2,6439370000
202200017865;26;6;2022;14:25;1;13;13201;1;1;1;7;TVPCM-Sens Saint Victor vers Les Ports;43,2937318030;5,3644279802
202200017866;21;4;2022;16:10;1;2B;2B120;1;1;2;4;11 - RT;42,6490000000;9,4400000000
202200017867;21;4;2022;14:00;1;971;97120;2;1;1;6;VILLE D'ORLY (RUE DE LA);16,2460504660; -61,5416094661
202200017868;21;4;2022;16:15;1;95;95572;2;1;1;3;Rue d’Epluches;49,0584387198;2,1257579327
202200017869;25;6;2022;18:30;1;13;13202;1;1;1;4;A55-Sens Marseille vers Martigues;43,3168666606;5,3644070337
202200017870;16;4;2022;20:45;5;91;91201;2;1;1;3;BD HENRI BARBUSSE;48,6905700000;2,4112900000
202200017871;25;6;2022;17:16;1;13;13214;1;1;1;3;A507 sens Aubagne- Marseille;43,3299667624;5,4035000000
202200017872;24;6;2022;17:30;1;13;13215;1;1;1;3;A7-Sens Marseille vers Lyon;43,3581883980;5,3626914472
202200017873;24;6;2022;18:30;1;69;69266;1;1;1;2;Viaduc de la Feyssine;45,7931200000;4,8799000000
202200017874;20;4;2022;07:49;1;87;87085;2;2;2;3;SAINT MARTIAL (QUAI);45,8211400000;1,2629600000
202200017875;26;6;2022;00:00;3;33;33122;1;1;1;7;AUTOROUTE A 63;44,7459150000; -0,7012470000
202200017876;21;4;2022;17:50;1;78;78551;1;1;1;3;ROUTE NATIONALE 13;48,8866400000;2,0923800000
202200017877;26;6;2022;16:55;1;92;92062;1;1;1;6;A14;48,8931574950;2,2336139391
202200017878;26;6;2022;18:20;1;93;93007;1;1;1;3;AUTOROUTE A1;48,9478500000;2,4439300000
202200017879;21;4;2022;14:40;1;77;77276;2;1;1;3;D436A;48,9390900000;2,8793800000
202200017880;26;6;2022;15:30;1;93;93005;1;1;1;2;AUTOROUTE A3;48,9602419884;2,4733228737
202200017881;26;6;2022;15:45;1;95;95306;1;1;1;6; A15;48,9960110154;2,1812689304
202200017882;21;4;2022;13:45;1;77;77186;2;2;1;1;D606 / D210;48,4132900000;2,7062100000
202200017883;24;1;2022;14:00;1;73;73008;2;1;1;3;ROCHE DU ROI BOULEVARD DE LA;45,6816118680;5,9138622891
202200017884;21;4;2022;21:15;5;71;71270;2;2;1;3;Rue Simone Veil;46,3261843834;4,8280996084
202200017885;24;6;2022;22:15;3;972;97209;1;1;2;2;RD 41;14,6135800000; -61,0644200000
202200017886;21;4;2022;13:15;1;69;69029;2;1;1;3;Route de Genas;45,7484600000;4,9186500000
202200017887;21;4;2022;12:19;1;60;60057;2;9;1;3;Boulevard Aristide Briand;49,4265922356;2,0820245147
202200017888;19;4;2022;16:26;1;67;67482;2;3;1;3;RHIN TORTU (RUE DU);48,5471000000;7,7581500000
202200017889;25;6;2022;19:35;5;988;98818;2;6;2;6;RUE JACQUES IEKAWE; -22,2312000000;166,4812300000
202200017890;19;4;2022;04:00;4;67;67482;2;3;1;3;NEUHOF (ROUTE);48,5411700000;7,7584500000
202200017891;25;6;2022;13:40;1;974;97416;1;3;1;5;RN1 (ROUTE NATIONALE); -21,3159020000;55,4415360000
202200017892;17;4;2022;18:45;1;67;67482;2;1;1;2;MONTAGNE VERTE (RUE DE LA);48,5706090000;7,7262290000
202200017893;25;6;2022;11:20;1;974;97416;2;3;7;6;PASTEUR (RUE); -21,2829900000;55,4725100000
202200017894;21;4;2022;09:20;1;66;66136;2;3;8;3;CLEMENCEAU (BOULEVARD);42,7008008683;2,8917284310
202200017895;25;6;2022;20:30;5;974;97411;2;1;1;7;MONTAGNE (ROUTE DE LA); -20,9205400000;55,4011200000
202200017896;21;4;2022;01:50;5;66;66136;1;6;3;6;SERRAT DEN VAQUER (RD PT);42,6783700000;2,8811200000
202200017897;25;6;2022;01:35;3;974;97409;1;1;1;2;RN2 SENS STE SUZANNE ST BENOIT; -20,9730600000;55,6549200000
202200017898;20;4;2022;21:39;5;60;60057;2;2;1;3;Rue du Faubourg Saint-jean;49,4271300000;2,0717800000
202200017899;24;6;2022;23:20;3;973;97302;1;1;1;2;ROUTE NATIONALE 1;4,9049153005; -52,3234283924
202200017900;21;4;2022;16:45;1;59;59350;2;1;1;6;MOULINS PAVE DU;50,6209255807;3,1209540367
202200017901;25;6;2022;21:12;2;69;69383;2;2;1;3;Cours Docteur Long;45,7499200000;4,8857300000
202200017902;20;4;2022;20:29;1;56;56121;2;6;1;3;MARIENNE ( AV CAPITAINE );47,7411700000; -3,3957100000
202200017903;25;6;2022;13:45;1;69;69387;2;2;1;3;Avenue Félix Faure;45,7521166316;4,8466403763
202200017904;25;6;2022;23:15;5;69;69384;2;1;1;1;Pont Winston Churchill;45,7786900000;4,8425500000
202200017905;20;4;2022;13:45;1;56;56098;2;1;1;3;Parking Géant Lanester;47,7760000000; -3,3430000000
202200017906;25;6;2022;16:25;1;95;95277;2;6;2;3;RD 970;48,9930500000;2,4429100000
202200017907;21;4;2022;00:10;3;54;54495;2;1;1;7;BOSSERVILLE (ROUTE DE);48,6837500000;6,2450500000
202200017908;15;4;2022;08:15;1;54;54451;2;1;1;2;MOULIN (RUE DU);49,5084400000;5,7566700000
202200017909;24;6;2022;16:39;1;95;95500;2;1;1;5;Avenue Redouane Bougara;49,0635800000;2,0891100000
202200017910;24;6;2022;12:30;1;95;95127;2;2;1;6;Boulevard de l'Hautil;49,0297272954;2,0691847801
202200017911;21;4;2022;07:20;1;51;51454;2;3;1;3;rue Fanart;49,2813049635;4,0281589329
202200017912;26;6;2022;00:21;3;91;91689;1;1;1;3;RD 118;48,7145300000;2,3342800000
202200017913;17;4;2022;14:05;1;50;50129;2;1;1;6;ABBAYE (RUE DE L');49,6443700000; -1,6333600000
202200017914;25;6;2022;15:30;1;91;91645;2;3;2;3;PARON (RUE DE);48,7468300000;2,2676400000
202200017915;21;4;2022;17:00;1;45;45234;2;1;1;2;8 Rue du Faubourg Madeleine;47,9011700000;1,8912700000
202200017916;25;6;2022;23:25;3;91;91657;2;1;1;7;AV HENRI BARBUSSE;48,6981170000;2,4132590000
202200017917;9;4;2022;07:10;5;44;44109;2;1;1;6;10 Rue de Strasbourg;47,2157190000; -1,5509870000
202200017918;24;6;2022;20:30;1;91;91114;2;1;1;7;RUE SOULINS;48,7024000000;2,4964700000
202200017919;24;6;2022;16:20;1;91;91114;2;1;1;7;AV VICTOR HUGO;48,6952900000;2,4996600000
202200017920;19;4;2022;16:10;1;41;41018;1;1;1;7;D 766;47,5821200000;1,2943920000
202200017921;26;6;2022;00:05;5;83;83061;2;1;1;6;BOULEVARD DE LA LIBÉRATION;43,4246868240;6,7620152235
202200017922;21;4;2022;17:25;1;37;37261;2;1;1;2;RN 76 - Route de St Avertin;47,3652153521;0,7119977474
202200017923;25;6;2022;02:50;4;81;81163;2;1;2;6;JUIN (MARECHAL);43,5021713000;2,3817482000
202200017924;20;4;2022;08:35;1;34;34172;2;1;8;3;SOULAS (AVENUE DU PERE);43,6233297341;3,8541908186
202200017925;21;4;2022;11:00;1;33;33039;2;1;1;1;Avenue Jeanne d'Arc;44,7944480000; -0,5431170000
202200017926;24;6;2022;19:00;1;78;78551;2;1;1;4;RN 184;48,9235700000;2,0876500000
202200017927;21;4;2022;17:30;1;32;32013;2;3;1;3;PIERRE DE MONTESQUIOU (AVENUE);43,6334500000;0,5883300000
202200017928;21;4;2022;17:25;1;31;31555;2;1;8;3;THIBAUD (BD DE) DU 4AU 66;43,5534100000;1,4041500000
202200017929;21;4;2022;17:15;1;29;29232;1;1;1;2;D365 - Avenue du Morbihan ;47,9779500000; -4,0275000000
202200017930;25;6;2022;03:55;5;78;78498;2;2;2;3;GAMBETTA BD;48,9287600000;2,0487900000
202200017931;19;4;2022;18:45;1;29;29151;1;9;1;5;Route de Lannion;48,5964430000; -3,8133740000
202200017932;25;6;2022;06:45;1;77;77037;1;3;1;6;D138;48,4606130000;2,6973540000
202200017933;25;6;2022;06:20;2;76;76575;1;1;1;6;Boulevard Lénine;49,3703300000;1,1145200000
202200017934;21;4;2022;21:40;5;25;25056;2;3;1;3;DOLE RUE DE (inf 82);47,2339000000;6,0072000000
202200017935;25;6;2022;18:00;1;72;72181;2;6;1;1;TIRONNEAU ADRIEN (PL);47,9831100000;0,2107500000
202200017936;14;4;2022;18:07;1;22;22278;2;1;1;4;RN12;48,5059500000; -2,7341000000
202200017937;25;6;2022;23:25;5;71;71306;2;1;2;6;19 Quai Général de Gaulle;46,6736860000;4,3615420000
202200017938;22;4;2022;00:15;5;13;13214;2;1;1;3;SALVADOR ALLENDE (RUE);43,3309800000;5,3945300000
202200017939;25;6;2022;18:45;1;71;71306;2;1;3;3;87 Rue de Macon;46,6712600000;4,3827070000
202200017940;21;4;2022;16:40;1;13;13213;2;1;1;2;CHEMIN DU MERLAN A LA ROSE ;43,3306203412;5,4115415541
202200017941;21;4;2022;14:50;1;13;13213;2;1;8;2;OLIVES (AVENUE DES);43,3265183104;5,4383296631
202200017942;20;4;2022;23:10;5;13;13216;1;1;1;7;LITTORAL (CHEMIN DU);43,3526200000;5,3378400000
202200017943;25;6;2022;17:15;1;69;69266;2;1;6;6;275 Cours Emile Zola;45,7675100000;4,8905800000
202200017944;20;4;2022;17:10;1;13;13213;2;1;1;1;NOTRE DAME DE CONSOLATION;43,3392636597;5,4277728887
202200017945;24;6;2022;16:30;1;69;69115;2;1;2;4;Rue de l'Ecossais;45,9765300000;4,7290800000
202200017946;20;4;2022;20:25;2;07;07019;2;1;2;6;BELLANDE (AVENUE DE );44,6100100000;4,3963980000
202200017947;25;6;2022;09:45;1;64;64445;2;1;1;3;boulevard de la Paix;43,3216600000; -0,3630500000
202200017948;21;4;2022;04:50;5;06;06069;2;1;1;7;LIBERATION (AVENUE DE LA);43,6413620000;6,9110050000
202200017949;25;6;2022;04:56;5;64;64125;2;1;1;7;Avenue de Bayonne;43,4499600000; -1,5686500000
202200017950;15;4;2022;21:23;5;06;06029;2;1;1;3;TONNER (AVENUE FRANCIS);43,5499710000;6,9647500000
202200017951;26;6;2022;01:50;5;64;64024;2;1;2;7;Boulevard du BAB;43,4970100000; -1,5002600000
202200017952;6;4;2022;19:00;1;05;05061;2;6;1;5;MUSEE ( Carrefour du );44,5619000000;6,0839600000
202200017953;24;6;2022;14:30;1;59;59560;1;1;1;1;NOYELLES ROUTE DE;50,5585000000;3,0314300000
202200017954;21;4;2022;09:10;1;75;75120;2;1;1;4;BD PERIPHERIQUE EXTERIEUR;48,8509350000;2,4154350000
202200017955;21;4;2022;10:50;1;75;75116;2;1;1;3;BD PERIPHERIQUE INTERIEUR;48,8355390000;2,2586700000
202200017956;24;6;2022;19:10;1;50;50502;2;9;1;3;KOENIG (rue Général);49,1146360000; -1,0686410000
202200017957;20;4;2022;19:55;5;75;75119;2;4;1;6;BD PERIPHERIQUE EXTERIEUR;48,8857190000;2,3976590000
202200017958;25;6;2022;08:17;1;49;49007;2;4;1;3;GASNIER AVENUE;47,4832000000; -0,5697000000
202200017959;20;4;2022;06:30;1;75;75120;2;4;1;4;BD PERIPHERIQUE EXTERIEUR;48,8756982384;2,4101823362
202200017960;25;6;2022;02:45;3;49;49007;2;1;2;6;BARANGE BOULEVARD;47,4582600000; -0,5728900000
202200017961;25;6;2022;05:08;2;45;45208;2;3;1;3;Rue du Faubourg de la Chaussee;47,9977400000;2,7365900000
202200017962;21;4;2022;00:30;5;75;75116;2;4;1;4;BD PERIPHERIQUE INTERIEUR;48,8748940000;2,2764150000
202200017963;25;6;2022;17:40;1;44;44109;2;1;1;6;14 Rue d'Angleterre;47,2146000000; -1,5277900000
202200017964;21;4;2022;17:55;1;75;75120;2;3;1;3;RUE D AVRON;48,8531857342;2,4088439623
202200017965;24;6;2022;18:00;1;44;44114;1;1;2;2;N137;47,2637200000; -1,5849700000
202200017966;21;4;2022;09:42;1;75;75119;2;4;1;6;RUE DE CAMBRAI;48,8959395221;2,3813668482
202200017967;25;6;2022;06:04;2;35;35278;1;9;1;3;RD 137;48,1755880951; -1,7174003273
202200017968;21;4;2022;09:50;1;75;75117;2;3;1;2;RUE TRUFFAUT;48,8848140000;2,3228040000
202200017969;20;4;2022;16:00;1;75;75116;2;3;1;3;AVENUE KLEBER;48,8678127706;2,2907082220
202200017970;25;6;2022;13:55;1;33;33529;2;6;1;3;BAOU (RUE DU);44,6303000000; -1,1541500000
202200017971;21;4;2022;21:30;5;75;75115;2;3;1;2;QUAI JACQUES CHIRAC;48,8574797543;2,2910116955
202200017972;25;6;2022;08:50;1;31;31555;2;1;1;3;PONT PIERRE DE COUBERTIN;43,5841700000;1,4371000000
202200017973;21;4;2022;18:30;1;75;75114;2;3;1;3;BOULEVARD JOURDAN;48,8213070000;2,3338230000
202200017974;25;6;2022;21:12;1;27;27701;2;2;1;3;FALAISES (ROUTE DES) NATION A ANDELLE;49,2706800000;1,2134200000
202200017975;20;4;2022;21:50;5;75;75112;2;1;1;3;AVENUE DAUMESNIL;48,8396700000;2,4311190000
202200017976;19;4;2022;20:06;2;75;75112;2;7;1;3;PLACE FELIX EBOUE;48,8397275363;2,3955120114
202200017977;25;6;2022;23:55;5;17;17300;1;5;1;3;SAUTEL  BOULEVARD ANDRE;46,1712000000; -1,1229100000
202200017978;25;6;2022;14:00;1;13;13211;2;9;1;6;RTE D' ALLAUCH;43,3091900000;5,5005500000
202200017979;21;4;2022;13:50;1;75;75111;2;3;1;6;RUE DU CHEMIN VERT;48,8591479387;2,3749577935
202200017980;25;6;2022;04:20;5;13;13208;2;1;1;6;RAYMOND TEISSERE (RUE);43,2732924123;5,3990110494
202200017981;21;4;2022;10:45;1;75;75111;2;3;1;6;BOULEVARD BEAUMARCHAIS;48,8594843314;2,3676170373
202200017982;25;6;2022;02:17;5;13;13207;2;1;1;6;Corniche John Fitzgérald Kennedy;43,2766485679;5,3577910996
202200017983;21;4;2022;08:00;1;75;75111;2;3;1;3;BOULEVARD DE MENILMONTANT;48,8598335445;2,3887641381
202200017984;21;4;2022;12:35;1;75;75110;2;3;1;2;BOULEVARD DE LA CHAPELLE;48,8837430000;2,3512690000
202200017985;25;6;2022;01:30;3;06;06004;1;1;1;5;GRASSE RTE DE;43,6032220000;7,0648130000
202200017986;21;4;2022;09:03;1;75;75108;2;7;1;3;PLACE CLEMENCEAU;48,8677531599;2,3139700065
202200017987;24;6;2022;10:02;1;05;05061;2;1;1;6;JARDINS  ( RUE DES );44,5641194390;6,0815817118
202200017988;21;4;2022;10:50;1;75;75104;2;2;1;3;RUE SAINT ANTOINE;48,8537439870;2,3656787486
202200017989;24;6;2022;20:35;1;04;04112;2;1;7;6;Av du Moulin Neuf;43,8277600000;5,7978100000
202200017990;21;4;2022;11:00;1;94;94081;2;3;1;3;Avenue Rouget de Lisle;48,7781323988;2,3963713645
202200017991;25;6;2022;12:25;1;01;01289;1;2;1;3;;46,1648800000;5,2207000000
202200017992;20;4;2022;20:11;2;94;94033;2;1;1;6;Rue Pierre Semard;48,8451800000;2,4652800000
202200017993;21;4;2022;20:20;5;94;94019;2;3;1;3;Rue du Pont / Avenue de la Gare;48,7923300000;2,5260100000
202200017994;21;4;2022;17:40;1;94;94018;2;1;1;2;38 Avenue de Gravelle;48,8258350181;2,4085123837
202200017995;24;6;2022;20:22;1;75;75105;2;2;1;5;BOULEVARD SAINT GERMAIN;48,8496270000;2,3503560000
202200017996;21;4;2022;08:20;1;93;93059;2;1;1;3;Boulevard Jean Mermoz;48,9731600000;2,3660500000
202200017997;25;6;2022;20:33;2;75;75106;2;3;1;6;BOULEVARD SAINT MICHEL;48,8518330000;2,3433930000
202200017998;21;4;2022;11:55;1;93;93070;2;1;1;3;Boulevard Jean Jaurès;48,9141600000;2,3365800000
202200017999;25;6;2022;02:45;5;75;75119;2;1;1;3;BOULEVARD MACDONALD;48,8988150000;2,3835660000
202200018000;21;4;2022;07:00;1;93;93049;2;7;1;6;Place Jean Mermoz / Avenue du Maréchal Foch;48,8607600000;2,5096100000
202200018001;25;6;2022;20:30;1;75;75118;2;3;1;6;RUE TRISTAN TZARA;48,8949190000;2,3649250000
202200018002;20;4;2022;12:28;1;93;93006;2;3;1;3;Avenue du Général de Gaulle / Avenue des Camélias;48,8660180000;2,4178330000
202200018003;25;6;2022;15:15;1;75;75116;2;7;1;6;PLACE DE LA PORTE DE SAINT CLOUD;48,8382780000;2,2565130000
202200018004;21;4;2022;09:57;1;93;93029;2;3;1;5;Avenue Jean Jaurès / Avenue de la Saussaye;48,9171200000;2,4567600000
202200018005;25;6;2022;08:30;1;75;75116;2;3;1;7;AVENUE DE NEW YORK;48,8633220000;2,2963620000
202200018006;21;4;2022;14:00;1;93;93001;2;3;1;1;Boulevard Félix Faure / Rue des Ecoles;48,9064310000;2,3802910000
202200018007;24;6;2022;20:50;1;75;75116;2;2;1;3;AVENUE KLEBER;48,8649810000;2,2886730000
202200018008;21;4;2022;09:08;1;92;92048;2;1;1;6;RUSHMOOR (RUE DE);48,8033300000;2,2421500000
202200018009;24;6;2022;15:55;1;75;75116;2;1;1;7;AVENUE DU PRESIDENT KENNEDY;48,8570320000;2,2867430000
202200018010;21;4;2022;08:50;1;92;92048;2;2;1;2;LE CORBEILLER (AVENUE) N° 2 A 12;48,8119100000;2,2374600000
202200018011;25;6;2022;00:45;5;75;75115;2;2;1;6;PONT DE BIR HAKEIM;48,8546060000;2,2888930000
202200018012;21;4;2022;14:40;1;92;92035;2;7;1;2;Belgique ( Place de );48,9068800000;2,2392500000
202200018013;25;6;2022;12:00;1;75;75112;2;1;1;3;QUAI DE BERCY;48,8367350000;2,3782390000
202200018014;21;4;2022;08:00;1;92;92024;2;2;1;3;CLICHY (QUAI DE) DE (8 A 60);48,9084800000;2,3000800000
202200018015;25;6;2022;14:15;1;75;75109;2;5;2;3;BOULEVARD DE ROCHECHOUART;48,8831360000;2,3468970000
202200018016;21;4;2022;16:40;1;92;92012;2;1;1;6;SILLY (RUE DE) 89/FIN - 90/FIN;48,8315109546;2,2343007624
202200018017;25;6;2022;02:40;5;75;75107;2;2;2;3;QUAI D ORSAY;48,8625760000;2,3104090000
202200018018;21;4;2022;10:00;1;92;92012;2;2;1;6;AGUESSEAU (RUE D') 1/89 - 2/82;48,8416679625;2,2369534671
202200018019;25;6;2022;22:05;5;75;75104;2;1;1;7;RUE DU ROI DE SICILE;48,8565430000;2,3572280000
202200018020;20;4;2022;20:57;1;92;92002;2;1;1;3;BRIAND (AVENUE ARISTIDE) N° 100 A 160;48,7593730000;2,3073560000