Num_Acc;jour;mois;an;hrmn;lum;dep;com;agg;int;atm;col;adr;lat;long
202200018743;29;1;2022;21:37;4;87;87085;1;1;2;6;AUTOROUTE A20;45,8662710799;1,2876635348
202200018744;27;7;2022;10:30;1;75;75113;2;2;1;7;BOULEVARD AUGUSTE BLANQUI;48,8303450000;2,3458850000
202200018745;26;5;2022;19:50;1;75;75118;2;1;1;3;AVENUE DE LA PORTE DE CLIGNANCOURT;48,8985105205;2,3441999407
202200018746;26;7;2022;23:02;5;75;75112;2;2;1;3;RUE DE WATTIGNIES;48,8366220000;2,3931760000
202200018747;29;1;2022;17:57;1;87;87085;2;3;1;3;PERRIN (RUE FRANCOIS);45,8288900000;1,2434400000
202200018748;25;7;2022;19:25;1;75;75112;2;2;1;3;BOULEVARD DIDEROT;48,8480380000;2,3928640000
202200018749;27;5;2022;20:40;1;75;75117;2;2;1;3;RUE DES BATIGNOLLES;48,8850310000;2,3207720000
202200018750;1;2;2022;19:50;5;83;83144;2;1;1;2;PERI (AVE / IMP GABRIEL);43,1380700000;5,9917900000
202200018751;27;7;2022;19:00;1;75;75111;2;1;1;3;AVENUE PARMENTIER;48,8632230000;2,3760610000
202200018752;26;5;2022;10:00;1;75;75117;2;1;2;2;AVENUE NIEL;48,8837876495;2,2968123387
202200018753;27;7;2022;16:40;1;75;75108;2;7;1;3;PLACE DE LA CONCORDE;48,8648270000;2,3203780000
202200018754;31;1;2022;16:15;1;83;83144;1;1;1;2;giratoire maréchal juin;43,1383950000;6,0026290000
202200018755;25;5;2022;22:00;5;75;75117;2;4;1;3;AVENUE DE LA PORTE DE SAINT OUEN;48,9004629296;2,3296782374
202200018756;27;7;2022;18:20;1;75;75101;2;2;1;2;RUE DE CASTIGLIONE;48,8659360000;2,3278910000
202200018757;27;7;2022;15:40;1;75;75101;2;3;1;7;QUAI FRANCOIS MITTERRAND;48,8589890000;2,3398710000
202200018758;27;5;2022;00:50;5;75;75115;2;2;1;2;QUAI ANDRE CITROEN;48,8493821032;2,2815548308
202200018759;30;1;2022;12:15;1;83;83069;2;1;1;3;GAMBETTA (AVENUE);43,1176000000;6,1286100000
202200018760;27;7;2022;11:00;1;75;75104;2;3;1;7;RUE DE RIVOLI;48,8554720000;2,3601030000
202200018761;28;5;2022;17:15;1;75;75115;2;2;1;6;RUE EMERIAU;48,8487170000;2,2852170000
202200018762;26;7;2022;11:30;1;75;75101;2;2;1;3;RUE DE RIVOLI;48,8591000000;2,3464240000
202200018763;26;1;2022;16:15;1;83;83069;1;1;1;7;ALMANARRE (ROUTE DE L');43,0929700000;6,1304900000
202200018764;25;7;2022;19:15;1;94;94068;2;2;1;3;KLEBER (R);48,7898410000;2,5149480000
202200018765;27;5;2022;15:10;1;75;75114;2;2;1;1;BOULEVARD ARAGO;48,8348140668;2,3416080797
202200018766;27;7;2022;03:50;5;94;94054;2;1;1;6;Avenue Marcel Cachin;48,7472400000;2,4112700000
202200018767;26;5;2022;17:08;1;75;75114;2;1;1;6;RUE BOYER BARRET;48,8325050000;2,3183090000
202200018768;31;1;2022;17:05;2;81;81163;1;9;2;3;RD 118;43,4645100000;2,3550500000
202200018769;27;5;2022;21:41;5;75;75113;2;2;1;3;AVENUE D ITALIE;48,8261790000;2,3572800000
202200018770;27;7;2022;08:30;1;95;95527;1;1;1;4;Route de l'Arpenteur;49,0176200000;2,5319200000
202200018771;27;7;2022;08:00;1;93;93059;2;1;1;3;Avenue Emile Zola;48,9504450000;2,3660580000
202200018772;30;1;2022;18:15;3;80;80021;2;1;1;6;JEAN MOULIN (RUE);49,8775100000;2,2707100000
202200018773;27;5;2022;14:10;1;75;75113;2;5;8;2;RUE DE TOLBIAC;48,8258182386;2,3503802885
202200018774;27;7;2022;12:00;1;93;93070;2;2;1;3;Rue Albert Dhalenne / Boulevard Jean Jaurès;48,9127000000;2,3345500000
202200018775;27;5;2022;12:20;1;75;75113;2;7;1;2;RUE DU VAL DE MARNE;48,8160214635;2,3443184827
202200018776;28;1;2022;16:00;1;80;80725;2;1;1;6;ROUEN (ROUTE);49,8704900000;2,2425700000
202200018777;27;7;2022;17:48;1;93;93001;2;2;1;3;Rue Francis de Pressensé / Rue Danielle Casanova;48,9232100000;2,3701500000
202200018778;27;5;2022;04:30;5;75;75113;2;2;1;3;RUE DE TOLBIAC;48,8272940817;2,3685233151
202200018779;27;7;2022;18:10;1;93;93077;2;2;1;3;Rue Louis Soyer / Rue David d'Angers;48,8789500000;2,5066600000
202200018780;27;5;2022;19:50;1;75;75112;2;1;1;3;BOULEVARD DIDEROT;48,8459929132;2,3750001309
202200018781;28;1;2022;12:40;1;80;80021;2;1;1;4;Bernard RISBOURG;49,8765800000;2,2602300000
202200018782;27;7;2022;09:25;1;93;93078;2;3;1;4;Boulevard Robert Ballanger / Avenue Diderot;48,9555200000;2,5390000000
202200018783;26;5;2022;03:30;5;75;75112;2;4;1;3;BOULEVARD DE LA BASTILLE;48,8464397658;2,3668490388
202200018784;26;7;2022;18:57;1;93;93055;2;3;1;6;Avenue Jean Lolive / Rue Charles Nodier;48,8908700000;2,4015100000
202200018785;1;2;2022;09:30;1;78;78551;2;1;2;6;SAINT LOUIS;48,8958400000;2,0957700000
202200018786;28;5;2022;20:25;1;75;75110;2;2;1;2;RUE DE SAINT QUENTIN;48,8782130000;2,3555590000
202200018787;27;7;2022;13:25;1;93;93048;2;2;1;1;Avenue Gabriel Péri / Rue Carnot;48,8572000000;2,4411000000
202200018788;28;5;2022;07:17;1;75;75110;2;1;1;6;RUE DU FAUBOURG SAINT MARTIN;48,8764274634;2,3608013764
202200018789;1;2;2022;07:25;5;77;77243;2;4;2;6;D418;48,8787800000;2,7015500000
202200018790;27;7;2022;13:14;1;93;93047;2;2;1;3;Avenue Daniel Perdrigé / Avenue des Ormes;48,8907180000;2,5585570000
202200018791;26;5;2022;13:45;1;75;75110;2;2;1;3;RUE LA FAYETTE;48,8793150301;2,3570858375
202200018792;11;6;2022;02:09;5;92;92078;1;9;1;6;GALLIENI (BD) (1 A 79 ET 22 A 102);48,9278870000;2,3310450000
202200018793;26;7;2022;07:00;2;92;92049;2;2;1;6;DORMOY AVENUE MARX N°2 A 100;48,8100510992;2,3191390335
202200018794;25;5;2022;15:40;1;75;75109;2;2;1;3;RUE BLANCHE;48,8827920000;2,3320810000
202200018795;27;7;2022;08:53;1;92;92012;2;1;1;3;REINE (ROUTE DE LA) 1/37- 6/80;48,8394169219;2,2430745363
202200018796;1;2;2022;12:50;1;77;77186;2;3;2;1;D606;48,4086800000;2,6875500000
202200018797;28;5;2022;18:00;1;75;75108;2;7;1;3;AVENUE MATIGNON;48,8690756600;2,3103194052
202200018798;27;7;2022;17:40;1;92;92002;2;9;1;6;DIVISION LECLERC (53 A 217 - 58 A 186);48,7459194565;2,3035095334
202200018799;27;5;2022;12:25;1;75;75107;2;1;1;6;RUE DE L UNIVERSITE;48,8580660000;2,3270020000
202200018800;28;7;2022;14:00;1;26;26301;2;1;1;6;Avenue General de Gaulle;45,1206360000;4,9827720000
202200018801;26;5;2022;09:07;1;75;75107;2;1;1;6;RUE DE L UNIVERSITE;48,8571970000;2,3293210000
202200018802;29;1;2022;19:15;5;76;76540;2;3;2;3;Avenue du Mont Riboudet;49,4482700000;1,0667700000
202200018803;22;7;2022;11:40;1;25;25527;1;1;1;2;A36 PK 140+900 sens Beaune-Mulhouse;47,1986940000;5,8099650000
202200018804;26;5;2022;04:00;5;75;75107;2;1;1;7;QUAI D ORSAY;48,8629070000;2,3175060000
202200018805;28;7;2022;06:43;2;17;17315;1;2;1;3;D108;46,1351110000; -0,9974280000
202200018806;25;5;2022;13:15;1;75;75103;2;1;1;6;RUE DES FRANCS BOURGEOIS;48,8578140625;2,3604411632
202200018807;28;1;2022;19:30;5;76;76351;2;1;1;6;GUSTAVE BRINDEAU (RUE);49,4926300000;0,1396100000
202200018808;26;5;2022;17:15;1;94;94081;2;1;1;1;180 Rue Julian Grimau;48,7794700000;2,3746300000
202200018809;25;7;2022;10:25;1;40;40296;1;1;1;5;D89;43,7043940000; -1,4124620000
202200018810;26;5;2022;05:22;5;94;94068;2;3;1;3;FOCH (AV);48,7991000000;2,4997400000
202200018811;27;7;2022;08:56;1;31;31113;2;3;1;3;Route d Escalquens;43,5126620000;1,5245620000
202200018812;28;5;2022;14:00;1;94;94076;2;1;1;3;75 Boulevard Maxime Gorki;48,7947500000;2,3688760000
202200018813;26;5;2022;12:30;1;94;94076;2;1;1;3;Avenue de la République;48,7884600000;2,3650300000
202200018814;27;7;2022;21:00;2;28;28110;1;1;1;2;A11 au Pk 058+500;48,4221660000;1,5117140000
202200018815;26;5;2022;18:50;1;94;94081;2;1;1;6;FONTAINEBLEAU (RTE DE);48,7790100000;2,3675700000
202200018816;26;5;2022;12:50;1;94;94076;2;1;1;3;DOCTEUR PAUL LAURENS (R DU);48,7872700000;2,3656100000
202200018817;27;7;2022;18:30;1;83;83054;1;1;1;5;A57;43,1601767444;6,0480165482
202200018818;27;7;2022;08:50;1;84;84027;1;6;1;3;D237;44,0969010000;4,7305260000
202200018819;27;5;2022;18:10;1;94;94022;2;2;1;3;Rue Emile Zola / Avenue Yvonne Marcailloux;48,7676179307;2,4062919721
202200018820;1;2;2022;12:35;1;74;74133;2;3;8;3;LIBERATION (RUE DE LA);46,1881700000;6,2093400000
202200018821;27;5;2022;10:10;1;94;94017;2;1;1;3;Avenue François Mitterrand;48,8158700000;2,5132600000
202200018822;28;7;2022;07:20;1;50;50099;1;9;1;6;RN13;49,3033560000; -1,1659030000
202200018823;26;5;2022;14:50;1;94;94017;2;6;1;2;Voie Sonia Delaunay / Rue Marcel Paul;48,8136400000;2,5275700000
202200018824;25;5;2022;22:10;5;94;94002;2;3;1;2;8 Rue Charles de Gaulle / Rue Marcellin Berthelot;48,8145700000;2,4129640000
202200018825;27;7;2022;21:07;5;34;34295;2;4;1;2;6 Rue du Colombier;43,5724730000;3,7728430000
202200018826;28;5;2022;13:30;1;93;93070;2;1;1;3;Quai de Seine;48,9157100000;2,3225600000
202200018827;27;7;2022;07:50;1;56;56094;1;6;1;3;Kernours;47,7593560000; -3,2831100000
202200018828;27;7;2022;20:20;1;67;67544;1;1;1;3;Route de Schweigen;49,0446200000;7,9532860000
202200018829;27;5;2022;19:10;1;93;93066;2;2;7;3;Avenue du Stade de France / Rue des Bretons;48,9211140000;2,3615860000
202200018830;27;7;2022;20:00;1;79;79086;1;1;1;7;;46,4171510000; -0,3291110000
202200018831;11;1;2022;08:35;1;74;74010;2;6;1;4;GENEVE (AVENUE DE)(SECTEUR 410);45,9228500000;6,1239000000
202200018832;26;5;2022;12:40;1;93;93051;1;1;1;5;MONT D'EST (BD);48,8371500000;2,5434100000
202200018833;28;7;2022;07:50;1;82;82161;1;1;1;1;741 Route de Léojac;44,0363160000;1,4559350000
202200018834;24;7;2022;08:27;1;63;63445;1;1;1;6;4 Route de Billom;45,7647310000;3,3047390000
202200018835;28;5;2022;15:30;1;93;93048;2;1;1;1;Place du Général de Gaulle;48,8684810853;2,4337452650
202200018836;27;7;2022;18:40;1;61;61332;1;1;1;6;Lieu Dit Bourdonniere;48,6838700000; -0,3606180000
202200018837;26;5;2022;20:03;1;93;93032;2;3;1;3;Rue de Meaux / Rue du Chemin de Fer;48,8762300000;2,5561100000
202200018838;28;7;2022;15:55;1;55;55557;1;1;1;7;A4 PK270.100;49,1267190000;5,6192060000
202200018839;30;1;2022;06:55;5;71;71270;2;2;2;3;RAMBUTEAU (RUE);46,3075400000;4,8203500000
202200018840;13;7;2022;19:10;1;49;49086;1;1;1;3;Les Vigneaux;47,3064340000; -0,4478320000
202200018841;27;5;2022;11:57;1;93;93029;2;2;1;3;Place Maurice Niles / Avenue Marceau;48,9271000000;2,4382400000
202200018842;28;7;2022;11:35;1;34;34109;1;1;1;6;D13;43,5099580000;3,2778310000
202200018843;27;5;2022;23:20;5;93;93032;2;5;1;1;Allée de Montfermeil / Allée Laguilhonie;48,8993124585;2,5395804370
202200018844;1;2;2022;07:40;2;69;69266;2;3;1;6;Rue Dedieu;45,7697500000;4,8756300000
202200018845;26;2;2022;15:00;1;93;93010;2;2;1;3;BARBUSSE (AV. HENRI) DE 2 A 124 COTE PAI;48,9013610249;2,4890259950
202200018846;28;7;2022;15:40;1;25;25075;2;1;1;5;D47;46,8066070000;6,1778350000
202200018847;28;7;2022;00:45;5;29;29037;1;1;1;2;D144;47,8708050000; -4,1640760000
202200018848;27;5;2022;13:35;1;93;93001;2;1;1;6;Avenue Victor Hugo;48,9097564147;2,3786526918
202200018849;27;7;2022;15:30;1;38;38012;2;6;1;3;D592;45,5868940000;5,6036500000
202200018850;27;5;2022;15:30;1;92;92072;2;3;1;3;VILLE D'AVRAY (RUE DE );48,8258301069;2,2029059082
202200018851;31;1;2022;17:55;2;69;69275;2;3;2;1;Rue Michel Servet;45,7594300000;4,9692700000
202200018852;28;7;2022;06:00;1;13;13083;1;2;1;1;route de la gare;43,8957080000;4,7890570000
202200018853;28;7;2022;11:28;1;02;02795;2;1;1;6;1 Rue de Fontenoy;49,4058890000;3,1157230000
202200018854;28;5;2022;19:55;1;92;92049;2;2;1;3;FENELON RUE;48,8131686784;2,3147563040
202200018855;27;7;2022;19:45;1;02;02153;1;1;1;6;D26;49,5429170000;3,4932470000
202200018856;28;5;2022;12:30;1;92;92048;2;6;1;3;GENERAL DE GAULLE (AVENUE DU);48,7865408729;2,2240110040
202200018857;31;1;2022;12:15;1;67;67482;2;1;1;2;COLMAR (AVENUE DE);48,5644500000;7,7524800000
202200018858;27;7;2022;19:00;1;15;15163;1;3;7;1;Lieu-Dit les Bessades;44,8407390000;2,3902720000
202200018859;26;5;2022;16:00;1;92;92040;2;1;1;6;ABBE DERRY (DE L');48,8225035648;2,2798696160
202200018860;27;7;2022;15:47;1;66;66148;1;6;1;3;;42,4922270000;3,1190120000
202200018861;27;5;2022;12:20;1;92;92025;2;1;1;6;BOURNARD (RUE DU);48,9229090000;2,2554660000
202200018862;27;7;2022;11:40;1;14;14654;1;3;1;5;D511;49,0268210038; -0,0217709543
202200018863;28;5;2022;00:00;5;92;92024;2;2;1;1;JEAN JAURES (BD) DE (1 A 45)   (2 A 54);48,9000548643;2,3062185645
202200018864;30;1;2022;21:05;5;66;66136;2;3;1;3;FABRE (HENRI);42,6944000000;2,8763400000
202200018865;27;7;2022;16:15;1;50;50410;1;1;1;3;N176 PK 48+139;48,5624150000; -1,5122830000
202200018866;27;5;2022;11:40;1;92;92012;2;1;8;2;ANDRE MORIZET (AVENUE) - 49/FIN - 54/FIN;48,8388550000;2,2326370000
202200018867;28;7;2022;13:15;1;50;50409;1;1;1;1;D77;49,1886120000; -1,1877280000
202200018868;27;5;2022;09:58;1;92;92012;2;1;1;6;JEAN BAPTISTE CLEMENT (AVENUE) 49/FIN -;48,8453869051;2,2358982861
202200018869;10;7;2022;21:28;1;45;45069;2;6;1;3;2 Chemin des Murailles;48,0575780000;2,2922640000
202200018870;28;1;2022;16:35;1;66;66136;2;2;1;3;GIONO (AVENUE JEAN);42,6881900000;2,9137200000
202200018871;26;5;2022;00:50;5;92;92012;2;2;1;3;JEAN JAURES (BOULEVARD) 2/68 - COTE PAIR;48,8414139830;2,2390948087
202200018872;25;5;2022;21:30;5;92;92036;2;1;1;2;GRESILLONS ( AVENUE DES  );48,9162238471;2,3046379387
202200018873;18;7;2022;15:55;1;73;73236;1;3;1;3;D916A Route de Pont de Beauvoisin;45,5920590000;5,6400850000
202200018874;28;1;2022;16:47;1;66;66136;2;1;1;6;PANCHOT (AVENUE JULIEN);42,6928100000;2,8857600000
202200018875;27;7;2022;12:50;1;18;18127;1;1;1;6;Chatoulle;46,7548760000;2,1606050000
202200018876;28;7;2022;06:15;2;16;16292;2;1;1;6;Chemin de Rejallant;46,0204070000;0,1992790000
202200018877;16;7;2022;14:24;1;87;87059;1;1;1;6;D942;46,2166323000;1,0587877000
202200018878;27;7;2022;05:00;3;87;87063;2;1;1;7;route du bourg euf;45,7747750000;1,3900710000
202200018879;30;4;2022;13:31;1;37;37153;1;1;1;2;A10, barriere de péage de monnaie vers TOURS;47,4904102184;0,8192472160
202200018880;28;7;2022;14:05;1;24;24167;2;1;1;1;route de bergerac - D.933;44,6785690000;0,4094980000
202200018881;30;4;2022;19:45;1;63;63275;2;1;1;6;15 Avenue de l'église;45,5462137981;3,1977765262
202200018882;1;2;2022;10:05;1;64;64445;2;2;1;3;Avenue Edouard VII;43,2982900000; -0,3583400000
202200018883;27;7;2022;16:00;1;988;98805;1;3;1;1;RT1/Rue de l'Entrée; -22,1421420000;166,4358220000
202200018884;27;7;2022;09:30;1;34;34333;1;9;1;6;D114;43,4851500000;3,7996000000
202200018885;30;4;2022;16:00;1;49;49060;1;1;1;7;Rue de la Clotière;47,1904780000; -0,0663690000
202200018886;15;7;2022;18:00;1;18;18138;1;1;1;6;;47,0662820000;2,2909070000
202200018887;30;4;2022;14:25;1;42;42268;1;1;1;1;Route de Roanne;45,8991360000;4,0131290000
202200018888;28;7;2022;11:30;1;06;06152;2;1;1;3;Route du Parc;43,6227720000;7,0172250000
202200018889;28;7;2022;17:15;1;30;30221;1;3;1;3;;44,0358700000;4,7639400000
202200018890;1;5;2022;17:20;1;38;38480;1;1;1;1;route de la rosière;45,5621110000;4,9837370000
202200018891;27;7;2022;11:20;1;22;22171;1;1;1;6;D700;48,4296210000; -2,8215470000
202200018892;30;4;2022;22:10;3;64;64538;1;1;1;6;route de Lasse;43,1619400000; -1,2476330000
202200018893;31;1;2022;18:15;5;64;64348;1;1;2;4;Avenue de Santona;43,3216400000; -0,3950600000
202200018894;30;4;2022;19:30;1;08;08024;2;1;1;7;4 Rue du 5e Régiment d Infanterie;49,4693370000;4,1186610000
202200018895;13;7;2022;11:43;1;11;11014;1;1;1;4;autoroute A9;43,1892750000;3,0648420000
202200018896;22;7;2022;23:00;3;971;97116;1;1;1;6;N5;16,3176800000; -61,4791540000
202200018897;31;1;2022;13:55;1;64;64445;2;1;2;6;LEON BERARD;43,3121900000; -0,3674200000
202200018898;30;4;2022;17:18;1;68;68287;2;6;2;7;Rue du Général de Gaulle;47,9672840000;7,3024160000
202200018899;27;7;2022;21:00;3;83;83112;2;1;1;1;Chemin de la Barbarie;43,1940540000;5,7009870000
202200018900;30;4;2022;20:45;1;49;49021;1;1;1;1;Route de la Ménitré;47,4320610000; -0,2281490000
202200018901;28;7;2022;08:00;1;89;89337;1;1;1;6;;47,7531620000;3,6752070000
202200018902;1;2;2022;20:05;5;64;64125;2;1;2;1;Avenue de Bayonne;43,4476191635; -1,5736571213
202200018903;27;7;2022;20:50;2;52;52353;2;1;1;7;Rue de la Perriere;48,0336570000;5,3423810000
202200018904;28;5;2022;12:10;1;33;33063;1;1;1;2;ROCADE A 630;44,8834143815; -0,5554264784
202200018905;26;7;2022;20:00;1;54;54297;1;1;1;7;route départementale 161;48,6202150000;6,6657400000
202200018906;28;5;2022;03:10;4;33;33281;1;1;1;6;;44,8418880000; -0,6732580000
202200018907;30;1;2022;21:15;5;64;64102;2;6;5;7;Avenue Duvergier de Hauranne;43,4828900000; -1,4661000000
202200018908;27;7;2022;19:00;2;42;42285;2;1;7;3;2 Route de Saint Marcellin;45,5507900000;4,1280000000
202200018909;27;7;2022;21:08;2;38;38110;1;1;1;7;D36;45,5880050000;4,8673190000
202200018910;17;6;2022;13:45;1;44;44035;2;3;1;1;Boulevard henri Becquerel;47,2744500000; -1,5476100000
202200018911;27;5;2022;20:00;1;91;91692;1;1;1;4;N118;48,6818870000;2,1901460000
202200018912;27;7;2022;09:09;1;69;69116;2;1;1;3;Route du Puy d'Or;45,8253301106;4,7732599229
202200018913;27;5;2022;16:15;1;94;94021;1;1;1;3;AUTOROUTE A6B;48,7716800000;2,3452700000
202200018914;28;7;2022;08:35;1;17;17240;2;1;1;1;D19 - Route de jonzac;45,2931920000; -0,4131350000
202200018915;27;5;2022;12:30;1;91;91689;1;1;1;3;AUTOROUTE A6B;48,7414100000;2,3211900000
202200018916;12;3;2022;22:35;3;46;46281;1;1;2;6;Pech du Causse;44,8541490000;1,8466450000
202200018917;28;5;2022;14:00;1;78;78043;1;1;1;6;A13Y;48,8502320000;2,0687160000
202200018918;13;3;2022;15:55;1;47;47142;1;1;4;6;Peloubes;44,6474500396;0,5108816149
202200018919;31;1;2022;12:40;1;60;60057;2;1;1;3;Rue d’Amiens;49,4397735183;2,0892517269
202200018920;28;5;2022;02:30;3;78;78498;1;1;1;2;A13;48,9151500000;2,0059100000
202200018921;12;3;2022;09:00;1;22;22251;2;7;1;6;Place du Général de Gaulle;48,5707290000; -2,8182770000
202200018922;28;5;2022;13:30;1;93;93005;1;1;1;3;AUTOROUTE A1;48,9690093983;2,4804863075
202200018923;12;3;2022;12:29;1;72;72019;1;1;1;2;LE MINERAI;47,9411500000; -0,2560100000
202200018924;28;5;2022;14:00;1;93;93030;1;1;1;2;AUTOROUTE A1;48,9393100000;2,4186700000
202200018925;12;3;2022;17:55;1;14;14543;1;1;1;6;D217;49,2272390000; -0,5294040000
202200018926;31;1;2022;15:10;1;59;59360;2;9;1;1;KUHLMANN AVENUE;50,6253090143;3,0136549473
202200018927;28;5;2022;06:20;1;93;93010;1;1;1;3;AUTOROUTE A3;48,8927000000;2,4726900000
202200018928;28;5;2022;01:20;3;95;95219;1;1;1;2; A115;48,9909700000;2,2447500000
202200018929;12;3;2022;06:30;3;09;09238;1;1;2;7;RD 119;43,0923180000;1,7085130000
202200018930;28;5;2022;05:55;1;75;75112;1;1;1;3;A4;48,8243243040;2,4633634831
202200018931;12;3;2022;16:20;1;24;24130;2;1;8;3;Avenue de Coly D62;45,1199620000;1,2282800000
202200018932;13;3;2022;10:40;1;30;30281;2;2;2;3;;43,8830000000;4,1940000000
202200018933;31;1;2022;08:15;1;59;59350;2;2;1;3;WAGNER RICHARD RUE;50,6054100000;3,0533100000
202200018934;27;5;2022;18:30;1;60;60212;1;2;1;5;D929;49,2388270000;2,3001120000
202200018935;13;3;2022;09:37;1;48;48140;1;1;8;6;Départementale 806;44,7866780000;3,2891290000
202200018936;28;5;2022;05:15;2;60;60157;2;2;1;3;Rue Henri Breuil;49,3834730000;2,4044820000
202200018937;27;5;2022;23:27;5;60;60017;2;1;1;7;Rue des Tilleuls;49,5643380000;2,3925970000
202200018938;13;3;2022;09:50;1;88;88116;1;1;1;2;Route de Travexin;47,9519630000;6,8262920000
202200018939;30;1;2022;17:40;2;59;59560;2;1;1;6;EPINETTE RUE DE L;50,5565490000;3,0585480000
202200018940;28;5;2022;20:00;1;80;80338;1;1;1;7;Départementale 523;49,8766610000;2,4944970000
202200018941;26;1;2022;12:15;1;59;59183;2;1;1;6;FUSILLERS MARINS;51,0343709363;2,3433387280
202200018942;13;3;2022;02:15;3;06;06152;1;2;1;3;Route du Parc;43,6081180000;7,0549120000
202200018943;30;1;2022;15:00;1;59;59178;2;1;1;6;FAIDHERBE (BOULEVARD);50,3671200000;3,0877600000
202200018944;24;5;2022;18:20;1;13;13210;1;1;1;3;A50-Sens Marseille vers Aubagne;43,2847405615;5,4172860800
202200018945;30;1;2022;22:20;5;58;58194;2;1;1;6;PISSEROTTE (BOULEVARD);46,9776500000;3,1250100000
202200018946;12;3;2022;16:45;1;971;97103;1;1;1;3;RN 1 La Jaille;16,2530150000; -61,5788410000
202200018947;19;12;2022;11:42;1;13;13215;2;1;1;1;LYON (RUE DE);43,3292600000;5,3653700000
202200018948;25;5;2022;19:07;1;13;13215;1;1;8;2;A7-Sens Lyon vers Marseille;43,3690500000;5,3608800000
202200018949;27;1;2022;19:00;5;58;58194;2;3;1;3;MARZY;46,9874100000;3,1326100000
202200018950;19;12;2022;23:00;5;13;13209;2;1;1;1;PIERRE BOUZE (AVENUE);43,2448775920;5,4073683011
202200018951;11;3;2022;16:56;1;78;78009;1;1;8;3;Autoroute A10, point kilométrique 032+500 en direction de Paris;48,4873970000;1,9124890000
202200018952;27;5;2022;02:30;3;69;69290;1;1;1;5;Autoroute 43;45,7103885426;4,9508723617
202200018953;28;1;2022;22:11;3;57;57631;2;1;9;1;DEVIATION SUD;49,1071600000;7,0857400000
202200018954;18;12;2022;16:10;1;13;13213;2;1;1;2;SAINT MITRE (CHEMIN DE);43,3457200000;5,4247600000
202200018955;11;3;2022;16:05;1;987;98729;2;3;1;3;RT 91 PK 0.500 TEMAE; -17,4948930000; -149,7634360000
202200018956;31;1;2022;08:30;1;53;53130;2;1;1;6;Rue de Beauregard;48,0740300000; -0,7749100000
202200018957;23;5;2022;07:10;1;67;67152;1;1;1;2;M35;48,5300700000;7,6937000000
202200018958;17;12;2022;18:55;5;13;13208;2;1;1;1;PERIER (BOULEVARD);43,2769000000;5,3840900000
202200018959;31;1;2022;07:14;5;51;51230;2;7;2;7;Place Carnot;49,0436305709;3,9508265637
202200018960;12;3;2022;19:30;3;973;97361;2;1;1;6;Avenue du 31 Decembre 1988;5,7411530000; -53,9211340000
202200018961;17;12;2022;07:34;2;13;13206;2;2;1;3;PARADIS (RUE);43,2922127892;5,3772845864
202200018962;27;5;2022;05:30;3;33;33162;1;1;1;2;ROCADE A 630;44,8721617035; -0,6405707363
202200018963;30;1;2022;08:25;2;50;50502;2;1;1;1;Martin Luther KING;49,1212200000; -1,0883600000
202200018964;12;3;2022;16:00;1;971;97117;1;1;1;3;Route de Bories;16,3015160000; -61,4093130000
202200018965;17;12;2022;09:30;1;13;13211;2;1;1;6;SAINT LOUP (BOULEVARD DE);43,2857675665;5,4423487495
202200018966;27;5;2022;18:10;1;95;95018;1;1;1;3; A15;48,9605400000;2,2699800000
202200018967;20;12;2022;07:30;4;13;13047;2;1;1;6;RTE du Bailly de Suffren;43,6012340000;4,9440900000
202200018968;28;1;2022;13:20;1;50;50129;2;6;1;3;EST (BOULEVARD DE L');49,6365700000; -1,5962600000
202200018969;20;12;2022;13:40;1;13;13019;1;1;8;6;RD9;43,4545950179;5,3167998790
202200018970;27;5;2022;17:10;1;93;93078;1;1;1;6;AUTOROUTE A104;48,9645100000;2,5199200000
202200018971;13;3;2022;12:30;1;971;97115;1;1;1;1;Section Baimbridge - RD1;16,2251410000; -61,6555090000
202200018972;16;12;2022;09:00;1;12;12083;1;1;5;6;Lieu dit la Gouizonie;44,5136909995;2,2774386408
202200018973;31;1;2022;19:15;3;49;49267;2;3;1;3;Chemin de la Romanerie;47,4825000000; -0,5020000000
202200018974;21;4;2022;16:13;1;16;16206;2;1;1;6;Rue du Général Resnier;45,8879756686;0,1754880000
202200018975;13;3;2022;12:10;1;34;34145;1;1;6;1;chemin du mas du paradis;43,6962300000;4,1428760000
202200018976;20;12;2022;17:17;1;11;11069;2;1;1;3;BRILLAT SAVARIN;43,2151130000;2,3239340000
202200018977;31;1;2022;14:36;1;49;49007;2;1;1;2;PUITS ANCEAU SQUARE;47,4537400000; -0,5396900000
202200018978;13;3;2022;12:50;1;13;13085;1;1;1;6;D3d;43,2520640000;5,6687090000
202200018979;21;12;2022;15:40;1;09;09122;1;6;7;3;RD 919;43,0029150000;1,6136530000
202200018980;31;1;2022;07:49;5;49;49007;2;1;1;3;BOURG LA CROIX PLACE ET RUE;47,4517900000; -0,5248700000
202200018981;12;3;2022;14:30;1;68;68279;1;1;1;7;D34.1;47,7681470000;7,0904090000
202200018982;26;5;2022;17:30;1;62;62314;1;1;1;1;D341;50,3938530000;2,6150110000
202200018983;29;1;2022;20:29;3;49;49015;2;1;8;7;ADEZIERE ROUTE;47,5037100000; -0,6195200000