Num_Acc;jour;mois;an;hrmn;lum;dep;com;agg;int;atm;col;adr;lat;long
202200018984;20;12;2022;10:00;1;09;09122;2;1;1;2;LECLERC (AVENUE DU GENERAL);42,9726040000;1,6079640000
202200018985;12;3;2022;12:15;1;01;01060;1;1;6;2;D34;46,0561890000;5,5932260000
202200018986;31;1;2022;13:20;1;47;47001;2;1;1;2;LOTI (PLACE PIERRE);44,2072000000;0,6233400000
202200018987;7;3;2022;16:30;1;69;69037;1;1;1;5;Route de l Azergues;46,0294260000;4,4975070000
202200018988;26;5;2022;17:20;1;33;33096;1;1;1;4;;44,8918620000; -0,5013030000
202200018989;12;3;2022;02:45;3;81;81093;1;1;2;2;A68;43,8879920000;2,0168100000
202200018990;19;12;2022;16:10;1;07;07019;1;1;2;3;COTE DE VILLE RN 102;44,5935200000;4,4189300000
202200018991;26;5;2022;01:55;3;92;92025;1;1;1;2;A86;48,9274239062;2,2374158506
202200018992;26;5;2022;06:20;1;93;93008;1;1;2;2;AUTOROUTE A86;48,9097212416;2,4455699022
202200018993;11;3;2022;16:30;1;33;33312;1;6;1;4;Avenue de Labarde -Rd 209;44,9433380000; -0,5602330000
202200018994;21;12;2022;19:00;5;06;06088;2;9;2;3;CASSIN (BD RENE);43,6748100000;7,2267400000
202200018995;12;3;2022;13:50;1;22;22070;2;9;1;6;place champ au roy;48,5607220000; -3,1533940000
202200018996;26;5;2022;12:35;1;77;77121;1;1;1;2;RN104;48,8368290000;2,6649340000
202200018997;25;5;2022;23:05;3;94;94042;1;1;1;6;A4;48,8274342642;2,4691540168
202200018998;21;12;2022;02:47;5;06;06088;2;1;2;6;CALIFORNIE (AV.) (DU 23-25 AU 199-210);43,6824100000;7,2320500000
202200018999;13;3;2022;19:40;3;60;60138;1;9;2;5;D1330;49,2113040000;2,6073220000
202200019000;25;5;2022;16:15;1;94;94073;1;1;1;7;A86 INT;48,7605503444;2,3825440405
202200019001;13;3;2022;11:15;1;59;59401;1;1;1;6;Rue Nationale;50,7489926132;2,6599144936
202200019002;3;5;2022;09:20;1;94;94017;1;1;1;4;A4;48,8283361632;2,5023593274
202200019003;28;4;2022;14:35;1;35;35126;2;1;1;6;Rue de la République;47,9664497495; -1,7937269434
202200019004;11;2;2022;17:29;1;13;13117;1;1;1;4;A7-Sens Marseille vers Lyon;43,4629190607;5,2347794230
202200019005;20;12;2022;05:25;5;06;06088;2;1;1;6;GOUNOD (RUE);43,7008900000;7,2605900000
202200019006;29;4;2022;00:30;3;41;41046;1;1;1;7;A71 - PK 134+000 - Sens ORLÉANS / VIERZON;47,6112550000;1,9662090000
202200019007;11;3;2022;11:30;1;13;13216;1;9;1;6;A55-Sens Marseille vers Martigues;43,3465000000;5,3451000000
202200019008;18;12;2022;19:45;5;06;06088;2;1;1;6;CIMIEZ (BD) JUSQU'AU 14-15;43,7061600000;7,2703900000
202200019009;27;4;2022;15:45;1;29;29007;1;1;1;7;D769 ;48,3926240000; -3,7263180000
202200019010;18;12;2022;21:10;5;06;06088;2;9;1;6;RAY (AV. DU);43,7246400000;7,2587000000
202200019011;8;3;2022;16:59;1;13;13215;1;1;1;2;A7-Sens Marseille vers Lyon;43,3442000000;5,3749300000
202200019012;29;4;2022;09:30;1;70;70134;1;1;1;7;1 Chemin Départemental 104;47,6257340000;6,0738520000
202200019013;12;12;2022;20:00;5;06;06069;2;1;1;1;SAINT LAURENT (AVENUE);43,6800700000;6,9584100000
202200019014;11;3;2022;11:25;1;69;69236;1;1;1;6;Autoroute 47;45,5709900000;4,7119200000
202200019015;18;12;2022;12:20;1;06;06069;2;1;1;7;CANNES (ROUTE DE)  -RD 6085-;43,6245000000;6,9652800000
202200019016;28;4;2022;16:30;1;16;16223;2;1;1;7;Départementale 06, faubourg basse ville;45,6685210000;0,5045690000
202200019017;12;3;2022;16:45;1;92;92036;1;1;1;3;A86;48,9350431573;2,2827114928
202200019018;20;12;2022;17:50;5;06;06030;2;1;1;2;CAMPON (RUE;43,5786100000;7,0119000000
202200019019;29;4;2022;14:40;1;62;62108;2;2;1;6;ALFRED LAMBERT;50,4093240000;1,5660300000
202200019020;21;12;2022;06:15;3;04;04112;2;1;3;6;VOLX (AV.DE);43,8434400000;5,8094700000
202200019021;11;3;2022;23:15;3;92;92047;1;1;1;2;A13;48,8350422017;2,1744212904
202200019022;29;4;2022;01:13;5;94;94018;2;1;1;6;23 Rue de Verdun;48,8245385450;2,4073963160
202200019023;18;12;2022;09:30;1;03;03095;2;1;1;6;LECLERC (AVENUE DU GENERAL);46,1279000000;3,4379900000
202200019024;18;12;2022;19:00;5;01;01451;1;1;1;7;BRESSE (AVENUE DE );46,2182800000;5,2056000000
202200019025;11;3;2022;18:45;2;92;92025;1;1;1;4;A86;48,9280993721;2,2383538616
202200019026;16;4;2022;12:00;1;73;73054;2;1;1;2;D1090 - 153 Avenue Maréchal Leclerc;45,6172720000;6,7704640000
202200019027;20;12;2022;17:40;5;75;75120;2;1;2;2;BD PERIPHERIQUE INTERIEUR;48,8554470000;2,4138260000
202200019028;12;3;2022;07:10;1;95;95572;1;1;1;6;RN 184;49,0381280000;2,1237880000
202200019029;19;12;2022;08:20;1;75;75112;2;1;2;3;PORTE DE VINCENNES;48,8413570000;2,4135520000
202200019030;28;4;2022;08:40;1;60;60057;2;4;1;6;Rue de Bretagne;49,4256000000;2,0768500000
202200019031;18;12;2022;02:00;5;75;75115;2;1;1;2;PORTE DE SEVRES;48,8343510000;2,2760140000
202200019032;12;3;2022;06:35;2;95;95351;1;1;1;7;RN 104;49,0278300000;2,5198860000
202200019033;18;12;2022;01:40;5;75;75115;2;4;2;6;ECHANGEUR ISSY;48,8355067456;2,2714474797
202200019034;12;3;2022;05:50;3;93;93053;1;1;1;2;AUTOROUTE A86;48,8974000000;2,4698000000
202200019035;26;4;2022;08:55;1;45;45272;1;3;1;3;D2020 PR 41 + 40;47,7989170000;1,9314800000
202200019036;18;12;2022;21:40;5;75;75108;2;2;1;2;PONT ALEXANDRE III;48,8646790000;2,3136540000
202200019037;8;3;2022;07:00;2;95;95277;1;1;1;2; A3;48,9810000000;2,4995900000
202200019038;16;12;2022;19:25;5;75;75108;2;3;1;3;AVENUE DES CHAMPS ELYSEES;48,8710840000;2,3035280000
202200019039;26;4;2022;23:20;5;17;17441;2;1;1;7;7 Avenue Saint-grégoire;45,6322410000; -0,6528820000
202200019040;20;12;2022;15:12;1;75;75105;2;2;2;3;RUE DESCARTES;48,8461580000;2,3490930000
202200019041;20;12;2022;10:30;1;75;75105;2;1;2;7;BOULEVARD SAINT MICHEL;48,8451490000;2,3396320000
202200019042;11;3;2022;23:20;5;93;93066;1;1;1;4;AUTOROUTE A1;48,9194161016;2,3575383425
202200019043;19;12;2022;12:30;1;75;75118;2;2;2;2;RUE DE LA CHAPELLE;48,8902564775;2,3599281907
202200019044;27;4;2022;02:15;3;80;80546;2;1;1;6;Rue du Château-d Eau;50,1035840000;1,7270530000
202200019045;20;12;2022;18:30;5;75;75116;2;7;3;6;AVENUE DU PRESIDENT WILSON;48,8646930000;2,2941340000
202200019046;12;3;2022;02:00;3;93;93051;1;1;1;2;A4;48,8351932083;2,5720589887
202200019047;27;4;2022;03:45;3;71;71483;1;1;1;6;Route Départementale 985;46,3348510000;4,2789240000
202200019048;18;12;2022;15:15;1;75;75115;2;2;1;3;BOULEVARD DE GRENELLE;48,8491486085;2,2980120778
202200019049;26;4;2022;10:45;1;70;70451;1;1;1;7;Avenue de la République;47,6987180000;6,5934170000
202200019050;10;3;2022;19:05;2;50;50129;2;1;1;6;NORMANDIE (AVENUE DE);49,6265800000; -1,6334900000
202200019051;20;12;2022;11:37;1;75;75114;2;2;2;6;BOULEVARD BRUNE;48,8252590000;2,3255340000
202200019052;10;3;2022;15:40;1;05;05061;2;1;1;6;Rue Carnot;44,5602500000;6,0811000000
202200019053;20;12;2022;12:55;1;75;75113;2;3;2;6;RUE DE TOLBIAC;48,8260760000;2,3552090000
202200019054;19;12;2022;04:30;5;75;75113;2;1;2;6;QUAI D AUSTERLITZ;48,8359900000;2,3786800000
202200019055;10;3;2022;09:15;1;08;08480;2;9;1;6;RD 764 BIS;49,7312900000;4,7522100000
202200019056;2;4;2022;14:30;1;60;60555;1;2;1;3;Route départementale 63;49,6421775330;2,3461773097
202200019057;18;12;2022;01:30;5;75;75113;2;1;1;6;BOULEVARD AUGUSTE BLANQUI;48,8306484651;2,3536477983
202200019058;12;3;2022;10:55;1;988;98818;2;1;1;6;ROUTE DE L'ANSE VATA; -22,2986300000;166,4447500000
202200019059;19;12;2022;11:00;1;75;75112;2;4;2;3;AVENUE DES TERROIRS DE FRANCE;48,8302770860;2,3861977458
202200019060;11;3;2022;00:05;5;974;97416;2;1;1;3;HUBERT DE LISLE(BOULEVARD); -21,3425200000;55,4657200000
202200019061;21;12;2022;20:30;5;75;75111;2;3;2;3;BOULEVARD VOLTAIRE;48,8553210000;2,3842900000
202200019062;26;4;2022;16:40;1;91;91223;2;1;1;2;Allée de la Victoire;48,4361130000;2,1653900000
202200019063;11;3;2022;11:30;1;974;97411;2;1;1;7;RN2/091; -20,8857500000;55,4748000000
202200019064;20;12;2022;18:15;5;75;75111;2;2;2;3;AVENUE PARMENTIER;48,8616430000;2,3773280000
202200019065;27;4;2022;19:40;1;82;82121;2;1;1;6;NORD ( route du );44,0616800000;1,4111000000
202200019066;11;3;2022;12:13;1;973;97302;2;1;1;6;BADUEL (ROUTE DE);4,9431614001; -52,3066189885
202200019067;20;12;2022;16:10;1;75;75111;2;1;2;6;BOULEVARD VOLTAIRE;48,8602350000;2,3760300000
202200019068;18;12;2022;17:50;5;75;75110;2;2;2;6;RUE LA FAYETTE;48,8806160000;2,3620240000
202200019069;11;3;2022;20:00;4;972;97209;1;1;1;3;CLUNY (ROUTE DE);14,6146600000; -61,0820300000
202200019070;18;12;2022;02:50;5;75;75110;2;2;1;3;AVENUE PARMENTIER;48,8700050000;2,3710510000
202200019071;11;3;2022;15:00;1;69;69286;2;6;1;3;Route de Strasbourg;45,8227200000;4,9020100000
202200019072;26;5;2022;03:00;3;49;49244;1;1;1;6;Le Pressoir (st Laurent-du-Mottay);47,3668650000; -0,9524580000
202200019073;5;11;2022;02:35;5;75;75110;2;1;1;3;BOULEVARD DE MAGENTA;48,8719010000;2,3601100000
202200019074;11;3;2022;08:30;1;69;69382;2;3;1;3;Quai Maréchal Joffre;45,7526500000;4,8246000000
202200019075;16;5;2022;17:35;1;35;35195;2;3;1;3;Chemin des Pécheurs;48,3059610293; -1,6759776324
202200019076;21;12;2022;10:15;1;75;75109;2;7;8;6;BOULEVARD HAUSSMANN;48,8732237901;2,3311437092
202200019077;11;3;2022;08:35;1;2B;2B033;2;6;1;3;AV DE LA LIBERATION;42,6857700000;9,4454200000
202200019078;21;12;2022;07:20;5;75;75109;2;5;8;3;RUE VICTOR MASSE;48,8804050000;2,3404500000
202200019079;25;5;2022;15:45;1;17;17349;1;4;1;3;D115;46,2603460000; -0,8809660000
202200019080;11;3;2022;12:20;1;971;97101;1;9;2;2;ROUTE DE CHAZEAU;16,2893000000; -61,4812500000
202200019081;19;12;2022;23:40;5;75;75109;2;3;1;3;RUE AUBER;48,8737009492;2,3276183009
202200019082;24;5;2022;15:20;1;95;95487;2;1;2;3;45 Rue du Docteur Jacques Touati;49,1489860000;2,2885780000
202200019083;19;12;2022;09:55;1;75;75109;2;2;1;6;RUE AUBER;48,8716200000;2,3308000000
202200019084;11;3;2022;22:00;5;95;95268;2;1;1;2;RD 125;48,9685150000;2,4063350000
202200019085;20;12;2022;17:54;5;75;75108;2;7;2;3;PLACE DE LA CONCORDE;48,8666606764;2,3220144453
202200019086;4;3;2022;20:30;5;95;95555;2;3;1;2;RD 109;48,9676063303;2,2846278548
202200019087;18;12;2022;22:35;5;75;75108;2;2;2;3;BOULEVARD HAUSSMANN;48,8743480000;2,3227270000
202200019088;11;3;2022;10:50;1;95;95018;2;1;1;6;Rue Michelet;48,9482900000;2,2519600000
202200019089;18;12;2022;18:30;5;75;75108;2;3;2;6;RUE DE BERRI;48,8724060000;2,3041210000
202200019090;18;12;2022;06:43;5;75;75108;2;1;1;6;COURS ALBERT 1ER;48,8646500648;2,3075339198
202200019091;25;5;2022;22:00;3;11;11095;1;9;1;4;A61;43,1791645048;2,5806121491
202200019092;10;3;2022;19:15;1;91;91223;2;2;1;3;SAINT JEAN (RUE);48,4298900000;2,1479400000
202200019093;20;12;2022;19:50;5;75;75114;2;7;2;2;PLACE DENFERT ROCHEREAU;48,8347130000;2,3312440000
202200019094;10;3;2022;15:41;1;87;87085;2;1;1;7;PONT NEUF;45,8260000000;1,2683300000
202200019095;19;12;2022;10:25;1;75;75107;2;7;8;3;PLACE DU PALAIS BOURBON;48,8607130000;2,3187690000
202200019096;26;5;2022;05:30;2;71;71513;1;1;1;3;autoroute A6;46,4046120000;4,8561930000
202200019097;17;12;2022;19:00;5;75;75107;2;1;1;3;RUE DE SEVRES;48,8490240000;2,3216860000
202200019098;11;3;2022;17:30;1;83;83144;2;6;8;6;PICASSO (AVE PABLO);43,1304500000;5,9915200000
202200019099;26;5;2022;12:25;1;83;83086;1;1;1;1;;43,4674720000;6,6047120000
202200019100;20;12;2022;11:30;1;75;75103;2;4;2;3;RUE DE TURBIGO;48,8667390000;2,3619650000
202200019101;11;3;2022;06:35;4;83;83144;2;1;1;3;UNIVERSITE (AVE DE L');43,1367900000;6,0011500000
202200019102;20;12;2022;08:55;1;75;75101;2;2;1;3;RUE SAINT FLORENTIN;48,8679470000;2,3245840000
202200019103;11;3;2022;08:30;1;78;78440;2;1;1;6;GUSTAVE RAVANNE (RUE);48,9799000000;1,9078700000
202200019104;19;12;2022;13:30;1;75;75103;2;2;1;6;RUE REAUMUR;48,8652520000;2,3571260000
202200019105;26;5;2022;14:30;1;35;35265;1;1;1;6;D137;48,3602341411; -1,8712055683
202200019106;11;3;2022;11:35;1;78;78382;2;1;2;6;ANCIENNE GARE (AVENUE DE L');48,9986900000;2,0639000000
202200019107;16;12;2022;13:25;1;94;94081;2;1;1;3;JEAN JAURES (AV);48,7941200000;2,4007200000
202200019108;11;3;2022;08:40;1;77;77307;2;1;1;6;GONDOIRE (COURS DE LA);48,8532100000;2,7726600000
202200019109;20;12;2022;19:15;5;94;94080;2;4;2;6;Rue Defrance;48,8479900000;2,4458500000
202200019110;20;12;2022;01:30;5;94;94080;2;4;1;1;REPUBLIQUE (AV DE LA);48,8499000000;2,4346000000
202200019111;9;3;2022;09:45;1;77;77243;2;9;1;3;D418;48,8782500000;2,7014600000
202200019112;18;12;2022;06:15;5;94;94046;2;1;1;3;Avenue du Général de Gaulle;48,8039590000;2,4276280000
202200019113;11;3;2022;14:44;1;76;76540;2;4;2;3;Route du Havre;49,4506100000;1,0588600000
202200019114;18;12;2022;17:34;5;94;94076;2;1;2;1;STALINGRAD (AV DE);48,7828300000;2,3670200000
202200019115;18;12;2022;15:20;1;94;94041;2;1;1;1;MARCEL BOYER (QU);48,8242000000;2,3901700000
202200019116;11;3;2022;15:05;1;73;73137;2;4;1;3;CASCADE (ROUTE DE LA);45,5587600000;5,9168000000
202200019117;18;12;2022;17:00;5;94;94028;2;3;2;3;JAGUIN(RUE JEAN);48,7837700000;2,4703600000
202200019118;9;3;2022;17:18;1;71;71270;2;6;1;3;NEUF CLES (BOULEVARD DES);46,3088000000;4,8204600000
202200019119;21;12;2022;08:15;1;94;94017;2;3;2;3;GENERAL DE GAULLE (AV DU);48,8218100000;2,4901200000
202200019120;11;3;2022;17:10;1;64;64445;2;1;1;2;LEON BERARD;43,3156200000; -0,3731100000
202200019121;20;12;2022;16:50;2;94;94017;2;2;2;1;GENERAL DE GAULLE (AV DU);48,8237300000;2,4961300000
202200019122;11;3;2022;15:20;1;64;64102;2;1;1;2;Avenue Maréchal Soult;43,4858930006; -1,4910394983
202200019123;16;12;2022;17:30;5;94;94017;2;2;1;6;Rue de la Plage / Rue de Verdun;48,8135540000;2,5018110000
202200019124;11;3;2022;11:10;1;63;63069;2;1;1;6;CLERMONT-FERRAND (ROUTE DE;45,7290500000;3,1865500000
202200019125;18;12;2022;19:23;5;93;93078;2;1;2;6;Boulevard Robert Ballanger;48,9556969175;2,5395101309
202200019126;11;3;2022;19:45;5;59;59599;2;1;2;6;LEHOUCQ (RUE FIDELE);50,7205710000;3,1588100000
202200019127;20;12;2022;17:30;5;93;93070;2;2;2;6;Rue des Rosiers / Avenue Gabriel Péri;48,9083600000;2,3327600000
202200019128;10;3;2022;17:40;1;59;59566;2;1;1;6;PONT RUE DU;50,6239634973;2,9834331796
202200019129;8;3;2022;15:00;1;59;59350;1;1;1;2;Embranchement RN 356;50,6300000000;3,0800000000
202200019130;16;12;2022;22:15;5;93;93070;2;1;1;2;Rue Albert Dhalenne;48,9173570000;2,3298860000
202200019131;20;12;2022;17:10;5;93;93066;2;6;2;3;Rue de Strasbourg / Avenue Saint Rémy;48,9357790000;2,3679290000
202200019132;10;3;2022;16:55;1;56;56260;2;1;1;3;Boulevard du Colonel Remy;47,6534500000; -2,7836300000
202200019133;11;3;2022;08:45;1;54;54395;2;1;1;3;AUXONNE (RUE D');48,6999000000;6,1658000000
202200019134;16;12;2022;19:05;5;93;93033;2;1;1;5;Avenue de Champs;48,8610610000;2,5797340000
202200019135;11;3;2022;22:59;5;51;51454;2;2;2;3;Rue Géruzez;49,2643800000;4,0187500000
202200019136;19;12;2022;15:15;1;93;93051;2;6;8;2;Avenue du Fort / Chemin de Ronde;48,8321170000;2,5574450000
202200019137;11;3;2022;23:35;5;51;51454;2;1;2;6;Rue de Courlancy;49,2429070000;4,0223530000
202200019138;18;12;2022;19:30;5;93;93051;2;6;2;6;Rue Graham Bell / A4;48,8360600000;2,5476100000
202200019139;18;12;2022;11:05;1;93;93051;2;1;1;6;Avenue Emile Cossonneau;48,8487637978;2,5567969680
202200019140;11;3;2022;16:50;1;51;51230;2;1;1;5;Rue de Reims;49,0453567768;3,9616414905
202200019141;21;12;2022;10:10;1;93;93048;2;1;1;1;Rue de Stalingrad;48,8603163156;2,4434146285
202200019142;21;12;2022;09:35;1;93;93046;2;1;1;6;Avenue du Maréchal Leclerc;48,9197000000;2,5385000000
202200019143;9;3;2022;12:30;1;49;49328;2;6;1;3;CESSART (ROND-POINT);47,2654200000; -0,0718500000
202200019144;21;12;2022;15:45;1;93;93045;2;1;2;3;Avenue du Maréchal Juin;48,8801996018;2,4219140410
202200019145;11;3;2022;22:44;5;49;49007;2;1;1;3;DUNANT BOULEVARD;47,4854300000; -0,5329600000
202200019146;11;3;2022;18:15;1;49;49246;2;1;1;6;GALLIENI AVENUE;47,4364900000; -0,5171900000
202200019147;19;12;2022;20:45;5;93;93029;2;2;8;3;Avenue Henri Barbusse / Rue Charles Gide;48,9165800000;2,4446130000
202200019148;27;2;2022;18:40;2;45;45234;2;2;1;3;Rue Basse Mouillère;47,8795300000;1,9089100000
202200019149;19;12;2022;13:50;1;93;93027;2;2;2;3;Boulevard Pasteur / Rue Jollois;48,9217989156;2,3833626509
202200019150;21;12;2022;19:05;3;92;92046;2;2;2;7;PIERRE LAROUSSE (AVENUE);48,8218400000;2,3039400000
202200019151;11;3;2022;13:40;1;45;45234;2;1;2;3;Rue du Parc;47,9153400000;1,8934000000
202200019152;11;3;2022;20:15;5;37;37261;2;1;1;2;COMPAGNONS D'EMMAUS (AVENUE DES);47,4305087293;0,7041992247
202200019153;21;12;2022;09:55;1;92;92072;2;2;8;3;MANUFACTURE NATIONALE (PLACE DE LA);48,8291600000;2,2241900000
202200019154;11;3;2022;16:00;1;37;37261;2;1;1;7;WEDELLS (RUE JEANNE);47,4086700000;0,7082500000
202200019155;20;12;2022;18:00;3;92;92072;2;2;2;3;MANUFACTURE NATIONALE (PLACE DE LA);48,8291800000;2,2241100000
202200019156;11;3;2022;13:40;1;34;34032;2;1;1;6;LECLERC MARECHAL (BD);43,3441000000;3,2383500000
202200019157;20;12;2022;08:45;5;92;92072;2;6;1;7;GRANDE RUE;48,8240355472;2,2122752666
202200019158;10;3;2022;19:50;2;34;34032;2;3;1;3;BUGEAUD MARECHAL (RUE);43,3352200000;3,2295600000
202200019159;18;12;2022;21:35;5;92;92072;2;3;2;3;MANUFACTURE NATIONALE (PLACE DE LA);48,8291800000;2,2241100000
202200019160;21;12;2022;20:05;5;92;92064;2;1;3;7;CARNOT;48,8491570216;2,2239605784
202200019161;11;3;2022;14:00;1;33;33063;2;3;3;4;Quai Louis XVIII;44,8449800000; -0,5705900000
202200019162;19;12;2022;07:30;5;92;92063;2;3;2;3;MAISTRASSE (AVENUE ALEXANDRE);48,8614600000;2,1997500000
202200019163;18;12;2022;19:20;5;92;92051;2;1;2;6;ROULE (AVENUE DU, N° 29 A 91 ET 30 A 86);48,8829746721;2,2753726244
202200019164;10;3;2022;09:40;1;33;33167;2;1;2;6;Pénétrante Est ;44,8436600000; -0,5236300000
202200019165;20;12;2022;16:30;2;92;92050;2;1;2;6;BARBUSSE HENRI RUE;48,8901663888;2,1956061423
202200019166;11;3;2022;07:15;1;31;31555;2;1;1;1;AV DE FRONTON;43,6473400000;1,4332400000
202200019167;18;12;2022;18:50;5;92;92050;2;9;3;3;HAVRE BOULEVARD DU;48,9188300000;2,2227900000
202200019168;19;12;2022;14:40;1;92;92050;2;1;2;6;CLEMENCEAU GEORGES AVENUE N°IMPAIR;48,8856000000;2,2200600000
202200019169;19;12;2022;15:20;1;92;92044;2;1;8;6;VILLIERS(RUE DE)  88A140;48,8922290000;2,2775190000
202200019170;9;3;2022;19:20;5;31;31555;2;1;1;5;AV DE LA MARCAISSONNE;43,5759500000;1,5077200000
202200019171;20;12;2022;17:24;5;92;92040;2;1;2;6;VERDUN (AVENUE DE) DU 116 AU 150;48,8203800000;2,2586000000
202200019172;10;3;2022;08:10;1;29;29232;2;3;5;2;D34 - Route de Benodet;47,9742700000; -4,0911000000
202200019173;18;12;2022;19:35;5;92;92035;2;9;3;7;Général de Gaulle  ( avenue du );48,9123806916;2,2539101243
202200019174;10;3;2022;08:50;1;29;29039;2;1;7;3;Rue de Trégunc;47,8632653970; -3,8958361745
202200019175;20;12;2022;23:50;5;92;92026;2;2;1;6;LOUIS ULBACH (DE 16 A FIN);48,9016583071;2,2641937136
202200019176;11;3;2022;08:50;1;27;27554;1;1;1;1;COTES (RUE DES);49,1019900000;1,4332800000
202200019177;18;12;2022;18:15;5;92;92025;2;2;2;2;PAUL BERT (RUE);48,9309900000;2,2445300000
202200019178;19;12;2022;20:00;5;92;92024;2;1;1;3;CLICHY (QUAI DE) DE (8 A 60);48,9048170000;2,2925800000
202200019179;20;12;2022;20:35;3;92;92060;1;1;2;3;LA BOURSIDIERE;48,7735505017;2,2408434748
202200019180;11;3;2022;14:10;1;27;27229;2;2;2;1;SAINT LEGER (RUE DU FAUBOURG);49,0328600000;1,1556900000
202200019181;20;12;2022;17:48;5;92;92023;2;1;2;3;GENERAL DE GAULLE (AV DU) N°440 A 544 ET;48,7799300000;2,2379600000
202200019182;11;3;2022;07:20;1;26;26198;2;3;1;3;ESPOULETTE (Avenue d');44,5556700000;4,7572700000
202200019183;20;12;2022;05:55;5;92;92023;2;1;1;1;GENERAL DE GAULLE (AV DU) N°130 A 340 ET;48,7862500000;2,2535700000
202200019184;19;12;2022;13:55;1;92;92012;2;1;8;5;JEAN BAPTISTE CLEMENT (AVENUE) 49/FIN -;48,8450000000;2,2350000000
202200019185;17;12;2022;20:29;5;92;92014;2;9;1;6;BIEVRE (RUE DE LA);48,7799441259;2,3247054219
202200019186;19;12;2022;14:45;1;57;57607;2;3;8;3;D67;49,1664790000;6,3001120000
202200019187;10;3;2022;13:40;1;21;21617;2;1;1;4;TROYES (DE) (BOULEVARD);47,3364707747;5,0128349784
202200019188;21;12;2022;00:40;3;37;37232;2;1;2;6;138 Rue Dorothée de Dino;47,2825407174;0,2911055088
202200019189;11;3;2022;12:10;1;17;17300;2;1;8;6;DOMPIERRE   RUE DE;46,1638400000; -1,1379100000
202200019190;19;12;2022;08:30;1;51;51352;1;1;1;1;National 4;48,7183760000;4,6323250000
202200019191;18;12;2022;21:30;3;01;01054;1;2;1;3;Chemin de la Piotiere;45,8771684922;5,1611548662
202200019192;11;3;2022;20:40;5;15;15014;2;2;2;3;Avenue Georges Pompidou;44,9127780000;2,4418520000
202200019193;19;12;2022;17:14;2;38;38131;2;4;1;3;D131;45,4575420000;4,8422670000
202200019194;11;3;2022;19:10;2;14;14118;2;3;1;3;Rue Arago;49,1641310000; -0,3600180000
202200019195;22;12;2022;07:00;3;66;66190;1;1;1;2;A9 pk238+700 sens France / Espagne;42,8332410000;2,9098210000
202200019196;18;12;2022;03:55;4;17;17387;2;1;1;7;Rue du Midi;45,8155090000; -0,7821430000
202200019197;11;3;2022;17:30;1;14;14118;2;6;2;2;Boulevard André Detolle;49,1774600000; -0,3892100000
202200019198;21;12;2022;17:30;3;67;67322;1;1;3;6;D14;48,8304820000;7,4049540000
202200019199;11;3;2022;20:00;5;13;13209;2;1;1;1;MARÉCHAL DE LATTRE (AVENUE);43,2461487954;5,4173480819
202200019200;21;12;2022;17:45;3;06;06149;2;1;1;6;19 Boulevard Francois Suarez;43,7430960000;7,3162880000
202200019201;11;3;2022;16:49;1;13;13201;2;9;1;6;BAIGNOIR (RUE DU);43,2983800000;5,3775900000
202200019202;14;12;2022;17:30;3;22;22182;1;1;1;-1;Lieu Dit Kerlehee;48,5438836680; -2,9595292211
202200019203;9;12;2022;10:48;1;43;43080;2;1;2;6;Place de la Poste;45,3327540000;3,8450740000
202200019204;10;3;2022;18:42;2;13;13206;2;9;1;3;GOUFFE (COURS);43,2868500000;5,3898000000
202200019205;21;12;2022;03:40;3;40;40004;1;1;2;7;D33;43,6600440000; -1,3764130000
202200019206;11;3;2022;14:00;1;10;10387;2;1;1;6;GENERAL SARRAIL (RUE DU);48,3113433103;4,0530967712
202200019207;18;12;2022;22:00;3;77;77128;1;9;2;6;Autoroute A4 direction province, pk 38.000;48,8721390000;2,8639980000
202200019208;10;3;2022;17:21;1;10;10387;2;1;1;6;MARECHAL DE LATTRE DE TASSIGNY (RUE DU);48,3040000000;4,0962900000
202200019209;22;12;2022;09:30;1;71;71195;1;1;2;6;autoroute a6 PK 360.600;46,5092700000;4,9090750000
202200019210;11;3;2022;05:07;5;06;06088;2;3;1;3;ANGLAIS (DU N° 1 AU N° 43);43,6941500000;7,2576300000
202200019211;19;12;2022;17:16;5;68;68026;2;2;1;3;Rue du Général de Gaulle;48,1428630000;7,3247690000
202200019212;5;9;2022;10:00;1;75;75114;2;1;1;2;BD PERIPHERIQUE INTERIEUR;48,8241010000;2,3077610000
202200019213;21;12;2022;22:00;3;68;68007;1;1;1;7;RD415;48,0547560000;7,4456240000
202200019214;17;12;2022;14:30;1;974;97422;2;1;1;7;Rue Charles Baudelaire; -21,2549920000;55,5001560000
202200019215;5;9;2022;08:50;1;75;75116;2;1;1;3;BD PERIPHERIQUE INTERIEUR;48,8396370000;2,2541650000
202200019216;11;3;2022;08:30;1;06;06027;2;3;1;5;VERDUN AVENUE DE;43,6715340000;7,1437120000
202200019217;19;12;2022;11:00;1;972;97229;1;1;1;3;Route Nationale 2 - Fond Bernier;14,6291350000; -61,1160480000
202200019218;4;9;2022;19:30;1;75;75115;2;1;1;3;BD PERIPHERIQUE INTERIEUR;48,8273430000;2,2931980000
202200019219;10;3;2022;12:55;1;75;75113;2;1;1;2;BD PERIPHERIQUE EXTERIEUR;48,8260810000;2,3879370000
202200019220;18;12;2022;21:25;3;23;23004;1;1;1;6;Montbut;46,2570831946;1,8640279770
202200019221;10;3;2022;04:50;5;75;75113;2;4;1;6;BD PERIPHERIQUE INTERIEUR;48,8173670000;2,3661180000