Num_Acc;jour;mois;an;hrmn;lum;dep;com;agg;int;atm;col;adr;lat;long
202200019222;18;12;2022;00:15;4;62;62520;1;6;1;7;D945;50,5708910000;2,6490140000
202200019223;4;9;2022;18:00;1;75;75117;2;1;1;5;BD PERIPHERIQUE EXTERIEUR;48,8886860000;2,2933940000
202200019224;9;3;2022;08:55;1;75;75113;2;1;1;3;BD PERIPHERIQUE INTERIEUR;48,8163470000;2,3638370000
202200019225;20;12;2022;11:30;1;22;22339;1;1;3;2;RN176;48,5051750000; -2,0392510000
202200019226;6;9;2022;12:51;1;75;75112;2;1;1;6;RUE RIESENER;48,8430470000;2,3892940000
202200019227;10;3;2022;10:00;1;75;75114;2;1;1;6;BOULEVARD JOURDAN;48,8202250000;2,3386980000
202200019228;16;12;2022;12:20;1;22;22388;1;9;1;-1;RN176;48,4373195665; -2,1433450122
202200019229;11;3;2022;17:00;1;75;75105;2;2;3;6;RUE DU CARDINAL LEMOINE;48,8466100000;2,3516390000
202200019230;5;9;2022;22:45;5;75;75120;2;2;1;3;RUE DE BELLEVILLE;48,8754630000;2,3979250000
202200019231;13;10;2022;14:20;1;68;68043;1;1;1;7;D44;47,8548980000;7,2469850000
202200019232;5;9;2022;23:20;5;75;75119;2;2;8;3;RUE MANIN;48,8829910000;2,3855670000
202200019233;10;3;2022;17:20;1;75;75105;2;3;1;3;RUE DES ECOLES;48,8476850000;2,3520080000
202200019234;22;12;2022;14:10;1;83;83070;2;1;1;6;Boulevard de Lattre de Tassigny;43,1373270000;6,3681070000
202200019235;21;12;2022;11:25;1;44;44091;1;1;3;6;Route de Nozay;47,5906300000; -1,6703080000
202200019236;6;9;2022;12:25;1;75;75118;2;3;1;6;BOULEVARD NEY;48,8979290000;2,3393120000
202200019237;11;3;2022;15:50;1;75;75119;2;7;2;3;PLACE AUGUSTE BARON;48,9008580000;2,3888900000
202200019238;15;12;2022;14:10;1;34;34114;1;1;1;6;A750;43,6383750000;3,5797260000
202200019239;18;12;2022;13:00;1;40;40246;1;1;1;6;Route de Carrot;44,1385750000; -0,7453050000
202200019240;5;9;2022;17:00;1;75;75116;2;1;1;3;BD PERIPHERIQUE INTERIEUR;48,8670040000;2,2691200000
202200019241;11;3;2022;13:20;1;75;75116;2;1;8;3;ALLEE DU BORD DE L EAU;48,8636220000;2,2300450000
202200019242;21;12;2022;17:25;2;30;30034;1;6;1;3;;43,7511200000;4,5199080000
202200019243;5;9;2022;14:30;1;75;75116;2;2;1;3;BOULEVARD EXELMANS;48,8453340000;2,2586790000
202200019244;11;3;2022;16:55;1;75;75115;2;3;2;2;QUAI BRANLY;48,8551210000;2,2894570000
202200019245;10;12;2022;19:40;3;57;57625;1;1;1;7;Route de Chambrey;48,7892660000;6,4904520000
202200019246;6;9;2022;09:05;1;75;75114;2;4;1;3;BOULEVARD EDGAR QUINET;48,8394550000;2,3305150000
202200019247;11;3;2022;17:10;1;75;75115;2;2;2;2;RUE DUTOT;48,8382370000;2,3083430000
202200019248;19;12;2022;13:30;1;57;57106;2;1;1;7;Rue de la Petite Suisse;49,2905730000;6,5376220000
202200019249;20;12;2022;19:40;3;51;51571;1;1;2;1;D944;49,1583870000;4,2034290000
202200019250;19;12;2022;15:50;1;51;51162;1;1;8;7;Route de Romilly;48,5339041147;3,7027627230
202200019251;18;12;2022;23:05;3;51;51231;1;1;2;7;D3;48,9723392212;4,4424569607
202200019252;20;12;2022;10:05;1;56;56054;1;1;2;1;Pont Quenno;47,6522720000; -3,1833850000
202200019253;6;9;2022;09:17;1;75;75113;2;3;1;3;BOULEVARD VINCENT AURIOL;48,8354690000;2,3692910000
202200019254;21;12;2022;16:19;2;59;59546;1;2;2;4;D37;50,7824800000;2,5644490000
202200019255;21;12;2022;10:15;1;76;76233;1;1;1;1;D49;49,7911830000;1,7471270000
202200019256;11;3;2022;15:40;1;75;75115;2;7;2;3;PLACE BALARD;48,8368150000;2,2787420000
202200019257;19;12;2022;19:15;3;79;79277;1;3;1;1;;47,0919080000; -0,1710610000
202200019258;20;12;2022;19:00;3;79;79355;1;2;2;3;;46,3202710000; -0,3365960000
202200019259;6;9;2022;06:35;5;75;75112;2;1;1;6;AVENUE DU DOCTEUR ARNOLD NETTER;48,8453860000;2,4058980000
202200019260;21;12;2022;17:40;3;2B;2B074;1;1;2;1;RT 20 PK 078.00;42,2750940000;9,1700220000
202200019261;20;12;2022;09:05;1;2B;2B346;2;1;1;2;ARENA;42,5048070000;9,4633750000
202200019262;19;12;2022;20:40;3;80;80284;1;1;8;6;D186;49,7231680000;3,0323370000
202200019263;20;12;2022;06:30;3;80;80380;1;2;2;3;D108;50,0902600000;2,0655500000
202200019264;11;3;2022;12:45;1;75;75115;2;2;2;3;RUE DE LA CONVENTION;48,8438150000;2,2819440000
202200019265;6;9;2022;22:50;5;75;75111;2;2;1;3;AVENUE PARMENTIER;48,8652710000;2,3745320000
202200019266;16;12;2022;17:00;2;33;33394;1;1;7;3;Lieu Dit Chauvin;44,9172240000; -0,1694730000
202200019267;11;3;2022;09:45;1;75;75115;2;3;1;6;BOULEVARD DU MONTPARNASSE;48,8446990000;2,3212220000
202200019268;21;12;2022;12:30;1;32;32181;1;1;1;1;nationale 21 pk 93+600;43,4181450000;0,2417640000
202200019269;6;9;2022;15:00;1;75;75111;2;2;1;3;AVENUE DE LA REPUBLIQUE;48,8659990000;2,3707250000
202200019270;18;12;2022;20:00;3;11;11359;1;1;6;7;;43,3246630000;1,7479100000
202200019271;6;9;2022;20:15;2;75;75110;2;1;1;3;RUE DU CHATEAU D EAU;48,8726200000;2,3550020000
202200019272;6;9;2022;00:40;5;75;75109;2;3;1;6;BOULEVARD HAUSSMANN;48,8734220000;2,3296990000
202200019273;10;3;2022;21:00;5;75;75115;2;4;1;3;BOULEVARD DU MONTPARNASSE;48,8440410000;2,3233830000
202200019274;6;9;2022;11:00;1;75;75108;2;7;1;3;RUE DE LA PEPINIERE;48,8748640000;2,3198980000
202200019275;21;12;2022;20:00;3;71;71196;1;1;2;1;Lieu Dit la Montbertiere;46,6607030000;5,3575940000
202200019276;5;9;2022;13:45;1;75;75101;2;2;1;6;RUE DE RIVOLI;48,8591100000;2,3464330000
202200019277;11;3;2022;11:15;1;75;75114;2;3;2;3;BOULEVARD JOURDAN;48,8198140000;2,3416570000
202200019278;20;12;2022;20:45;3;71;71412;1;1;1;3;N70;46,7179570000;4,4387620000
202200019279;6;9;2022;22:15;5;94;94078;2;1;1;3;WINSTON CHURCHILL (AV);48,7540500000;2,4487100000
202200019280;18;12;2022;19:30;3;63;63295;1;1;1;7;CD 93 PK 7+100;46,0258540000;3,3711560000
202200019281;11;3;2022;19:05;5;75;75113;2;1;1;3;BOULEVARD DE PORT ROYAL;48,8372060000;2,3479940000
202200019282;18;12;2022;16:39;2;63;63368;1;1;1;6;D229;45,6820275281;3,2837427273
202200019283;6;9;2022;11:40;1;94;94042;2;1;1;1;CHARLES FLOQUET (AV);48,8198900000;2,4825600000
202200019284;8;3;2022;08:58;1;75;75112;2;1;1;3;BOULEVARD DIDEROT;48,8478955830;2,3915818428
202200019285;20;12;2022;04:30;3;55;55535;1;1;1;7;rd 618;49,3156856177;5,6579160690
202200019286;6;9;2022;08:55;1;94;94015;2;1;1;1;GENERAL LECLERC (AV);48,8285400000;2,5143900000
202200019287;19;12;2022;18:25;3;55;55533;1;1;1;1;RD 964;48,6370780000;5,6427240000
202200019288;11;3;2022;17:15;1;75;75104;2;3;2;3;BOULEVARD BEAUMARCHAIS;48,8548060000;2,3687400000
202200019289;6;9;2022;17:10;1;94;94077;2;6;1;1;Avenue Victor Hugo / Avenue de la Faisanderie;48,7324049272;2,4133004096
202200019290;6;9;2022;14:49;1;94;94055;2;1;1;6;Rue du Pont de Chennevières;48,7822658912;2,5138199753
202200019291;11;3;2022;01:45;5;75;75110;2;2;1;4;BOULEVARD DE LA CHAPELLE;48,8840520000;2,3554800000
202200019292;6;9;2022;08:50;1;94;94018;2;1;1;1;Avenue de Gravelle;48,8282600000;2,4047000000
202200019293;11;3;2022;12:15;1;75;75108;2;2;2;3;RUE DU BOCCADOR;48,8668290000;2,3026020000
202200019294;6;9;2022;18:40;1;94;94071;2;1;1;7;Allee du Parc;48,7608700000;2,5350100000
202200019295;20;12;2022;17:45;3;42;42334;1;1;1;3;Route du Chene;45,8481550000;4,3297400000
202200019296;10;3;2022;08:35;1;75;75108;2;2;7;7;PONT DE L ALMA;48,8642150000;2,3017950000
202200019297;6;9;2022;18:40;1;94;94002;2;1;8;6;177 Rue Etienne Dolet;48,7838040000;2,4280690000
202200019298;6;9;2022;09:30;1;93;93073;2;1;1;6;Avenue Gilbert Berger;48,9506344677;2,5798025695
202200019299;11;3;2022;15:25;1;94;94068;2;2;3;6;Avenue Raspail;48,7861300000;2,4878500000
202200019300;6;9;2022;17:15;1;93;93066;2;9;1;2;Avenue du Président Wilson;48,9148709295;2,3580967485
202200019301;11;3;2022;19:30;3;94;94046;2;1;2;3;Rue Eugène Renault;48,8149200000;2,4182700000
202200019302;6;9;2022;14:27;1;93;93066;2;1;1;6;Rue du Landy;48,9154500000;2,3596200000
202200019303;11;3;2022;21:15;5;94;94076;2;1;1;1;34 Rue de Verdun;48,7897710000;2,3538700000
202200019304;6;9;2022;07:00;1;93;93066;2;1;8;3;Avenue des Arrimeurs;48,9039435692;2,3643105139
202200019305;11;3;2022;18:20;2;94;94076;2;1;2;6;6 Rue de Verdun;48,7946100000;2,3542600000
202200019306;21;12;2022;11:05;1;42;42137;1;1;1;1;Route de St Anthème;45,5231870000;4,0276480000
202200019307;5;9;2022;09:15;1;93;93066;2;3;1;6;Rue Paul Eluard / Rue Dezobry;48,9389000000;2,3489000000
202200019308;11;3;2022;05:50;5;94;94065;2;1;1;2;20 Avenue Charles Lindbergh;48,7565000000;2,3458200000
202200019309;6;9;2022;12:30;1;93;93046;2;6;1;6;Rue du Docteur Roux / Avenue de la Poudrerie;48,9337600000;2,5537500000
202200019310;11;3;2022;18:40;2;94;94011;2;1;2;4;Avenue du Marechal Leclerc;48,7732375635;2,4958781004
202200019311;6;9;2022;13:50;1;93;93014;2;1;1;6;Chemin de la Tourelle;48,9096431188;2,5515829028
202200019312;10;3;2022;19:35;5;94;94028;2;3;1;6;Rue Maurice Demenitroux / Route de Choisy;48,7901100000;2,4536900000
202200019313;21;12;2022;12:20;1;42;42039;2;1;1;7;Chemin de Château Dijon;45,7170650000;3,8332950000
202200019314;11;3;2022;00:35;5;94;94054;2;2;1;3;Avenue Adrien Raynal;48,7448000000;2,4077500000
202200019315;6;9;2022;08:15;1;92;92073;2;2;1;3;SELLIER (BOULEVARD HENRI);48,8625300000;2,2170800000
202200019316;11;3;2022;08:40;1;94;94019;2;3;1;3;Route de la Libération / Avenue de la Résistance;48,8033700000;2,5375300000
202200019317;6;9;2022;15:55;1;92;92051;2;5;1;2;BINEAU (BOULEVARD, N°133 A 217 ET 134 A;48,8933800000;2,2680300000
202200019318;10;3;2022;17:26;1;94;94002;2;2;1;6;Rue Louis Blanc/ Rue Paul Vaillant Couturier;48,8063000000;2,4185900000
202200019319;6;9;2022;10:30;1;92;92051;2;9;1;6;RICHARD WALLACE (BOULEVARD);48,8744225088;2,2539677918
202200019320;6;9;2022;07:10;1;92;92036;2;1;1;4;MOLE CENTRAL (ROUTE DU);48,9431100000;2,2825000000
202200019321;11;3;2022;11:10;1;93;93078;2;2;1;2;Avenue des Tilleuls / Avenue des Ormes;48,9508900000;2,5463600000
202200019322;6;9;2022;21:45;5;92;92026;2;3;1;3;MARCEAU;48,9006220000;2,2449980000
202200019323;10;3;2022;19:00;1;93;93066;2;3;1;1;Boulevard Carnot / Rue Jean Marcenac;48,9385890000;2,3552270000
202200019324;16;12;2022;07:30;2;46;46225;2;2;1;6;Avenue du Colonel Pardes;44,5037390000;1,1877440000
202200019325;10;3;2022;14:20;1;93;93066;2;1;1;2;Avenue du Président Wilson;48,9146570000;2,3581410000
202200019326;6;9;2022;19:00;1;92;92012;2;2;1;3;REINE (ROUTE DE LA) 1/37- 6/80;48,8391822176;2,2455668449
202200019327;17;12;2022;10:45;1;47;47069;1;1;1;1;N1113;44,2165170000;0,5978720000
202200019328;11;3;2022;08:50;1;93;93064;2;9;1;6;Rue du Général Leclerc;48,8681700000;2,4921040000
202200019329;19;12;2022;01:00;5;34;34119;2;6;2;7;D908;43,5925760000;3,1068030000
202200019330;5;9;2022;12:20;1;92;92004;2;1;1;3;MARNE   ( AVENUE DE LA );48,9063900000;2,2816900000
202200019331;11;3;2022;18:20;1;93;93053;2;3;2;3;Rue du Parc / Avenue de Bobigny;48,8954740000;2,4434500000
202200019332;21;12;2022;08:50;2;22;22135;1;1;2;1;Lieu Dit Saint Paul, D712;48,5517990000; -3,3732430000
202200019333;11;3;2022;18:55;5;93;93048;2;1;2;3;Boulevard de la Boissière;48,8766700000;2,4661600000
202200019334;5;9;2022;16:10;1;01;01052;1;1;1;1;D2;46,0130210000;5,0126620000
202200019335;20;12;2022;07:15;3;22;22133;1;1;2;3;;48,2007510000; -2,2482920000
202200019336;11;3;2022;17:10;1;93;93063;2;3;2;6;Rue Paul Doumer / Rue Vassou;48,8860280000;2,4269340000
202200019337;11;3;2022;18:35;5;93;93010;2;1;2;6;Avenue Galliéni;48,9060490000;2,4822980000
202200019338;29;8;2022;18:40;1;43;43080;2;1;1;1;46 Avenue de Vernet;45,3264910000;3,8423940000
202200019339;19;12;2022;18:30;3;39;39530;1;3;1;3;;46,2762660000;5,5122180000
202200019340;27;8;2022;20:40;3;35;35085;1;1;1;7;Lieu Dit Tervaux;48,4492330000; -1,7704040000
202200019341;11;3;2022;07:15;1;92;92075;2;2;1;3;FRERES VIGOUROUX (RUE DES);48,8142651724;2,2781902850
202200019342;18;12;2022;13:00;1;44;44119;1;1;2;3;D73;46,9701940000; -1,7550820000
202200019343;7;9;2022;13:45;1;58;58252;1;1;1;1;N151;47,3188690000;3,3072920000
202200019344;20;12;2022;19:20;2;44;44057;1;1;5;6;1 Calobert;47,5826200000; -2,0172090000
202200019345;11;3;2022;14:00;1;92;92064;2;2;2;6;DAILLY;48,8459466290;2,2187876701
202200019346;19;12;2022;20:50;3;44;44185;1;6;1;6;Route de Nantes;47,6348080000; -2,0548080000
202200019347;6;9;2022;17:30;1;59;59653;1;1;1;4;N.41;50,5936450000;2,9313760000
202200019348;11;3;2022;21:15;5;92;92012;2;5;2;7;TRAVERSIERE (RUE);48,8248337258;2,2441720963
202200019349;8;8;2022;20:30;1;68;68032;1;1;1;7;RD83;47,8504189753;7,2394806147
202200019350;21;12;2022;16:05;1;44;44213;1;1;3;6;le Bas Coteau;47,3840770000; -1,0090090000
202200019351;10;3;2022;20:20;3;92;92004;2;1;1;3;ALBERT DE MUN;48,9197680928;2,2801124901
202200019352;7;9;2022;14:30;1;30;30254;1;1;1;6;PK 24+500;44,0603060000;4,7367600000
202200019353;11;3;2022;11:45;1;35;35236;2;1;2;6;Rue du Capitaine Martin;47,6499635949; -2,0872360468
202200019354;22;12;2022;12:30;1;29;29220;2;1;2;1;Avenue Armand du Chatellier;47,8542350000; -4,2352940000
202200019355;7;9;2022;10:20;1;87;87201;1;1;1;6;les vaseix;45,8454750000;1,1736490000
202200019356;12;3;2022;16:20;1;54;54089;1;1;1;7;Route de Lanfroicourt;48,7815042300;6,2858104707
202200019357;19;12;2022;07:16;4;29;29220;2;1;8;7;Rue du Petit Train;47,8671640000; -4,2288030000
202200019358;6;9;2022;16:20;1;62;62631;1;2;1;3;D104;50,3175424437;2,2842195332
202200019359;21;12;2022;14:22;1;31;31126;1;1;7;6;D89;43,7156630000;1,0694990000
202200019360;11;3;2022;16:50;1;86;86128;1;2;3;1;D725;46,8092840000;0,3113790000
202200019361;3;9;2022;15:00;1;51;51276;1;1;1;7;D43;48,6779410000;4,0152880000
202200019362;3;12;2022;23:30;3;38;38211;2;1;2;7;D518;45,4555250000;5,1830900000
202200019363;5;9;2022;15:00;1;31;31150;1;6;1;2;RN 224;43,6588920000;1,3353650000
202200019364;2;3;2022;10:20;1;16;16366;2;2;1;3;Rue Gaston Briand;45,6172120000; -0,2188520000
202200019365;20;12;2022;10:15;1;02;02731;2;2;2;3;1 Rue Guthin;49,8724160000;3,7535480000
202200019366;12;3;2022;18:20;1;22;22065;1;1;1;6;Rangare;48,6151230000; -3,0431810000
202200019367;6;9;2022;19:25;2;81;81227;1;4;1;3;La Croisille (Arrêt de bus);43,7005200000;2,2664560000
202200019368;21;12;2022;17:22;5;02;02810;2;3;2;6;23 bis Route de Vivières;49,2595590000;3,0978490000
202200019369;11;3;2022;14:45;1;35;35085;2;3;1;1;Avenue de la Liberation;48,4132061706; -1,7393320799
202200019370;6;9;2022;17:30;1;11;11116;2;9;1;3;RUE DES VIGNERONS;43,2442280000;3,0017970000
202200019371;18;12;2022;20:13;3;02;02030;1;3;2;6;;50,0218690000;3,2463580000
202200019372;12;3;2022;12:30;1;74;74112;2;3;1;3;543 Avenue du Centre;45,9373150000;6,0783270000
202200019373;6;9;2022;13:15;1;12;12133;2;1;1;2;Rue de l'Industrie;44,3009630000;2,5556030000
202200019374;12;3;2022;10:30;1;76;76101;1;9;1;6;A28 PK 029+600;49,9240540000;1,6390870000
202200019375;7;9;2022;09:45;1;42;42311;2;4;7;1;Route de Bayard;45,4819800000;4,3898530000
202200019376;19;12;2022;17:24;3;02;02580;1;2;1;5;;49,2009220000;3,3586940000
202200019377;6;9;2022;17:10;1;68;68258;2;1;1;1;D429;47,8335330000;7,3010910000
202200019378;11;3;2022;21:45;3;72;72187;1;3;8;3;D284 - Lieu-dit les Renardières;47,8003500000;0,3419900000
202200019379;19;12;2022;00:15;3;03;03204;1;1;1;6;3 Route des Crégnards;46,3071370000;3,3534460000
202200019380;12;3;2022;15:00;1;51;51564;2;1;1;7;Allee des Dames de France;49,0993470000;4,1174240000
202200019381;6;9;2022;20:45;3;68;68218;1;1;1;6;D166;47,7341100000;7,2487880000
202200019382;21;12;2022;10:29;1;15;15080;1;1;7;1;N122;45,1373720000;3,0108330000
202200019383;12;3;2022;19:00;5;67;67342;2;3;1;6;14 Rue du Klintz;48,5491500000;7,3169930000
202200019384;1;9;2022;08:10;1;29;29260;2;6;1;2;103 Boulevard du Ponant;48,4342859243; -4,6164296865
202200019385;12;3;2022;14:30;1;80;80126;1;1;1;2;D928;49,9433740000;1,6430090000
202200019386;6;9;2022;18:10;1;03;03059;1;3;1;1;Chemin du Grand Turail;46,2797990000;3,2592490000
202200019387;18;12;2022;13:45;1;70;70084;1;1;1;5;D15;47,3519300000;5,9642990000
202200019388;12;3;2022;12:55;1;61;61512;1;2;1;6;La pierre Hurel;48,7179930000; -0,2517840000
202200019389;7;9;2022;17:20;1;01;01422;1;1;8;3;;46,1385768622;5,3055693170
202200019390;21;12;2022;17:55;3;26;26342;1;1;9;5;D71;44,3418370000;4,8198220000
202200019391;11;3;2022;17:55;1;61;61339;1;1;2;2;D 909;48,7810800000; -0,2485710000
202200019392;6;9;2022;19:30;1;14;14371;1;1;2;1;Route de Castillon (Le Mesnil-Bacley);49,0086116106;0,1410246491
202200019393;21;12;2022;23:15;3;26;26113;1;1;1;1;D93;44,7425650000;5,3859780000
202200019394;11;3;2022;17:30;1;68;68258;1;3;1;1;D2;47,8269290000;7,2867410000
202200019395;7;9;2022;09:30;1;14;14570;1;1;1;7;D519;49,0742931032;0,3249667883
202200019396;19;12;2022;01:00;3;58;58149;1;1;1;1;Les Brûles;46,8050040000;3,9664000000
202200019397;11;3;2022;12:50;1;22;22055;2;2;2;6;5 Avenue Foch;48,6001824900; -2,8263723850
202200019398;6;9;2022;18:15;1;14;14514;2;1;3;6;D48;49,2843485208;0,1834845543
202200019399;9;12;2022;16:10;1;58;58151;2;1;1;7;15 bis route de decize;46,8853920000;3,4637030000
202200019400;12;3;2022;01:30;3;39;39315;1;1;1;6;;46,9608740000;5,8429860000
202200019401;6;9;2022;11:30;1;09;09226;1;1;1;7;cd 522;42,7822050000;1,6824910000
202200019402;16;12;2022;19:45;3;66;66130;1;1;1;6;;42,4111070077;1,9921624660
202200019403;12;3;2022;05:50;2;44;44079;2;4;1;6;9 bis La Renouere;47,1961260000; -1,2913150000
202200019404;11;3;2022;23:30;3;29;29097;1;1;1;6;Ty Men;48,4975876870; -4,0334773064
202200019405;5;9;2022;10:00;1;16;16222;1;5;1;3;D674;45,3015540000;0,0601570000
202200019406;11;3;2022;21:00;3;29;29029;1;1;3;6;D217 - Botaval;48,2434320000; -3,6618050000
202200019407;11;12;2022;18:30;3;72;72208;2;1;5;1;départementale 29;48,1035400000;0,7872400000
202200019408;9;12;2022;17:25;5;72;72247;2;1;1;1;lieu dit pizieux;47,9846290000;0,1422320000
202200019409;3;9;2022;01:15;3;07;07090;1;1;1;6;;44,7529660000;4,6835290000
202200019410;20;12;2022;08:00;1;06;06032;1;1;1;1;15 avenue prince rainier III;43,7276420000;7,4073920000
202200019411;11;3;2022;12:20;1;29;29035;1;2;1;1;D26-D3 - Lieu Dit Prat Ar C Heff;48,5052980000; -4,5468620000
202200019412;7;9;2022;10:05;1;40;40332;1;1;1;1;Route de Bourruque;44,3725970000; -0,9913020000
202200019413;17;12;2022;05:00;3;14;14174;1;1;1;6;D36;48,8685100000; -0,5536880000
202200019414;12;3;2022;15:15;1;29;29220;2;1;1;3;Rue du Séquer;47,8580930760; -4,2373462021
202200019415;30;8;2022;11:41;1;27;27056;2;1;1;6;Boulevard Dubus;49,0877940000;0,6008470000
202200019416;20;12;2022;17:00;1;14;14218;1;1;8;7;D276;49,2569030000;0,0069840000
202200019417;9;3;2022;05:59;3;85;85302;1;1;1;7;autoroute A.87;46,9424740000; -0,9664417000
202200019418;19;12;2022;11:05;1;50;50359;2;9;2;6;Quatre Vents Est - Mortain;48,6554260000; -0,9376410000
202200019419;23;8;2022;16:26;1;87;87028;1;1;1;3;Intersection N147 et D4;46,2287300000;0,8994570000
202200019420;11;3;2022;17:40;1;10;10425;1;1;1;6;les souplons;48,1774476509;4,0101814270
202200019421;11;3;2022;23:00;3;36;36165;1;1;1;6;D61b;46,6704070000;1,0277370000
202200019422;12;3;2022;18:45;2;17;17320;1;9;1;7;D739;45,9592050000; -0,7975390000
202200019423;21;12;2022;14:10;1;90;90084;2;1;1;1;Grande Rue;47,6646290000;7,0280530000
202200019424;6;9;2022;23:30;3;42;42163;1;1;1;6;Chemin de Tourzy;46,1724790000;3,8686470000
202200019425;20;12;2022;12:15;1;83;83083;1;1;1;1;route departementale 22;43,4906420000;6,1400970000
202200019426;9;3;2022;15:15;1;17;17322;1;2;1;3;CROISEMENT D206 D114;46,2525480000; -0,8351410000
202200019427;6;9;2022;12:45;1;73;73304;1;1;1;2;D902;45,4327840000;7,0173390000
202200019428;11;3;2022;15:15;1;88;88294;1;1;1;7;pk 17 D36;48,2540550000;6,3464770000
202200019429;2;9;2022;12:10;1;987;98714;1;1;1;3;Faanui; -16,4797320000; -151,7322210000
202200019430;7;9;2022;11:10;1;976;97608;1;1;1;6;Route Nationale 4; -12,7930480000;45,2714020000
202200019431;12;3;2022;00:10;3;51;51450;1;1;2;2;A4;49,1988589741;4,1138434410
202200019432;12;3;2022;13:45;1;988;98817;1;1;1;6;Fontaine du col de Plum (Source); -22,2395460000;166,6049680000
202200019433;6;9;2022;07:30;1;973;97305;1;3;1;3;RN1 - PK 15,5;4,9376470000; -52,4092750000
202200019434;12;3;2022;11:47;1;974;97420;2;1;1;1;Rue Raymond Verges; -20,9407840000;55,6356880000
202200019435;4;9;2022;10:00;1;37;37171;2;1;1;3;4 Rue Jules Ferry;47,4209419675;0,8918841183
202200019436;11;3;2022;17:55;1;973;97304;2;6;1;6;Avenue de Pariacabo;5,1555700000; -52,6527580000
202200019437;30;8;2022;10:05;1;77;77148;1;1;1;6;D94;49,1014650000;3,1094740000
202200019438;11;3;2022;20:15;3;973;97305;1;1;1;6;pk 14 RN1;4,9304660000; -52,3968990000
202200019439;6;9;2022;23:10;3;91;91226;1;9;1;2;Route Nationale 20;48,4807380000;2,1923630000
202200019440;12;3;2022;05:30;3;37;37091;1;9;2;7;route departementale 31;47,3428358691;0,9804439545
202200019441;11;3;2022;21:00;3;77;77244;1;1;2;7;16;48,2807100000;2,5999040000
202200019442;7;9;2022;18:30;1;2B;2B355;1;1;8;5;Fontanone;42,5137720000;9,3930530000
202200019443;12;3;2022;07:00;2;78;78490;1;6;1;3;D912;48,7973940000;1,9305470000
202200019444;6;9;2022;18:00;1;11;11429;2;1;1;7;Avenue du Cabardés CD 118;43,2515870000;2,3694960000
202200019445;12;3;2022;16:25;1;2B;2B148;1;1;1;1;Viale Di Precoghju;42,5308200000;9,4508810000
202200019446;7;9;2022;08:30;1;04;04197;1;1;2;3;Sainte-Tulle - RD 4096;43,7977390000;5,7759120000
202200019447;7;9;2022;06:50;1;74;74261;1;1;1;1;Route du col;46,2428780000;6,3966340000
202200019448;27;2;2022;17:30;1;13;13016;2;3;1;1;Rue Messieurs Boyer;43,3960170000;5,5922720000
202200019449;6;9;2022;18:05;1;81;81318;1;1;1;1;N126;43,5895920000;1,7868660000
202200019450;11;3;2022;10:00;1;68;68269;2;1;1;7;12 Rue de l Industrie;48,1900300000;7,3384760000
202200019451;7;9;2022;07:35;1;59;59052;2;9;1;6;Rue Louis Dorlez;50,5142906941;2,8998112679
202200019452;11;3;2022;08:29;1;07;07086;1;1;6;7;Route de Maurins;45,0820130000;4,7411210000
202200019453;11;3;2022;22:15;3;07;07279;1;1;2;6;D86;44,4163250000;4,6539650000
202200019454;6;9;2022;15:50;1;13;13215;1;1;1;3;A7-Sens Lyon vers Marseille;43,3598340637;5,3621237102
202200019455;6;9;2022;15:15;1;13;13215;1;1;1;3;A7-Sens Marseille vers Lyon;43,3753300000;5,3603300000
202200019456;12;3;2022;00:30;5;01;01065;2;1;1;1;RD 396 - Route de trévoux - Lieu-dit CORGENON;46,1968500000;5,1607150000
202200019457;27;8;2022;18:30;1;69;69276;1;1;1;2;Autoroute 7;45,6728300000;4,8475600000
202200019458;12;3;2022;07:30;2;69;69255;1;1;1;6;Route de Brindas;45,7312630544;4,6939998865
202200019459;6;9;2022;15:25;1;33;33550;1;1;1;6;AUTOROUTE A 62;44,7739000000; -0,5563000000
202200019460;6;9;2022;15:04;1;94;94034;1;1;1;2;AUTOROUTE A6B;48,7531481533;2,3318690099
202200019461;12;3;2022;00:15;3;33;33227;2;3;8;7;Bois de la Mourasse;44,5281760000; -0,2365840000
202200019462;6;9;2022;14:20;1;91;91560;1;1;1;2;RN 104;48,6664000000;2,1914100000
202200019463;12;3;2022;19:30;3;60;60446;1;1;2;1;D922;49,1467362021;2,8392534253
202200019464;6;9;2022;08:40;1;91;91687;1;1;1;2;AUTOROUTE A6;48,6585300000;2,3752800000
202200019465;5;9;2022;20:35;3;91;91174;1;1;2;6;RN 104;48,6234100000;2,4679300000
202200019466;6;9;2022;09:30;1;78;78490;1;1;1;3;RN12 INT;48,8015630000;1,9462770000
202200019467;6;9;2022;08:30;1;95;95241;1;1;1;3;RN 104;49,0534644010;2,4262216687
202200019468;12;3;2022;17:14;1;62;62001;1;1;1;7;Chemin des Oziers;50,3845550000;2,7191870000
202200019469;6;9;2022;02:15;3;93;93027;1;1;2;2;AUTOROUTE A86;48,9250100000;2,3919000000
202200019470;6;9;2022;01:15;4;95;95582;1;1;2;6;A15;48,9624785249;2,2635161877