Num_Acc;jour;mois;an;hrmn;lum;dep;com;agg;int;atm;col;adr;lat;long
202200019471;5;9;2022;23:45;4;93;93007;1;1;1;2;AUTOROUTE A1;48,9525900000;2,4529900000
202200019472;5;9;2022;21:45;3;93;93027;1;1;8;4;AUTOROUTE A86;48,9266500000;2,4038400000
202200019473;6;9;2022;14:30;1;77;77122;1;1;1;2;RN104;48,6475570000;2,6053600000
202200019474;6;9;2022;08:50;1;94;94028;1;1;1;6;A86 EXT;48,7990073592;2,4455352070
202200019475;6;9;2022;08:20;1;77;77514;1;1;1;3;A104;48,9452700000;2,6285900000
202200019476;5;9;2022;20:40;3;94;94044;1;1;2;6;RN406.Y;48,7573897525;2,4765319865
202200019477;4;6;2022;01:00;5;74;74119;2;1;1;7;BLONAY (QUAI BARON DE) RD 1005;46,4020000000;6,5909700000
202200019478;18;4;2022;16:55;1;74;74209;1;6;1;3;ROUTE DÉPARTEMENTALE 12;46,1345080000;6,3934050000
202200019479;18;4;2022;10:35;1;74;74052;1;1;1;3;Route de la Croix Biche;46,0747820000;6,0559240000
202200019480;14;5;2022;21:20;5;74;74218;2;1;1;6;THONON (AVENUE DE);46,3850600000;6,5156400000
202200019481;24;5;2022;14:15;1;14;14063;1;1;1;1;D145;49,2777450000; -0,9370780000
202200019482;5;9;2022;11:35;1;81;81004;2;1;1;6;JOFFRE (AV MARECHAL);43,9221900000;2,1393800000
202200019483;5;9;2022;06:55;1;974;97416;1;9;8;4;RN3 (1); -21,3175800000;55,4903900000
202200019484;4;9;2022;22:20;3;973;97302;2;3;1;1;ZEPHIR (ROCADE);4,9380431634; -52,3063856363
202200019485;5;9;2022;11:00;1;69;69388;2;2;1;6;Boulevard des Etats-Unis;45,7324700000;4,8650200000
202200019486;5;9;2022;09:30;1;69;69386;2;4;1;3;Avenue de Grande-Bretagne;45,7747900000;4,8426600000
202200019487;3;9;2022;22:35;5;972;97213;1;1;1;2;ROUTE DEPARTEMENTALE 14;14,6231470000; -61,0196320000
202200019488;5;9;2022;09:15;1;971;97113;2;9;1;5;SECTION GRANDE RAVINE;16,2173393717; -61,4843201637
202200019489;5;9;2022;06:40;2;971;97113;1;2;1;3;RN4 - SECTION RIVIERA;16,2178493162; -61,4908272028
202200019490;3;9;2022;17:15;1;971;97113;1;1;2;6;Pont de BLANCHARD;16,2212100000; -61,5214900000
202200019491;5;9;2022;19:30;1;2A;2A004;1;1;1;3;CONFINA 2 LOT;41,9465254712;8,7972047226
202200019492;5;9;2022;13:28;1;2A;2A004;2;1;1;2;MARECHAL LYAUTEY AVENUE PAIR;41,9365800000;8,7445300000
202200019493;3;9;2022;18:59;1;87;87050;1;1;1;3;RD947;45,8995200000;1,2272200000
202200019494;4;9;2022;17:50;1;83;83137;2;2;1;3;GASQUET (AVE JOSEPH DE 1408 A FIN;43,1224927575;5,9719104767
202200019495;3;9;2022;22:43;5;76;76351;2;2;1;3;GEORGE V (QUAI);49,4907700000;0,1166500000
202200019496;5;9;2022;23:00;5;69;69259;2;4;1;3;Avenue Jules Guesde;45,7102400000;4,8877600000
202200019497;5;9;2022;23:15;5;69;69259;2;2;1;3;Boulevard Irène Joliot Curie;45,7143900000;4,8794000000
202200019498;2;9;2022;18:24;1;68;68066;2;1;1;2;REY (AVENUE JOSEPH);48,0959200000;7,3722500000
202200019499;5;9;2022;00:01;5;67;67043;2;3;1;3;BRUMATH (ROUTE DE);48,6148100000;7,7325900000
202200019500;4;9;2022;05:55;5;67;67043;2;3;1;3;BRUMATH (ROUTE DE);48,6161400000;7,7321900000
202200019501;3;9;2022;16:35;1;67;67482;2;1;1;2;EDMOND ROSTAND (RUE);48,5918500000;7,6928800000
202200019502;2;9;2022;07:45;1;67;67482;2;3;7;3;ORPHELINAT (ALLEE DE L );48,5627000000;7,7624300000
202200019503;1;9;2022;22:00;5;67;67482;2;1;1;6;MONTAGNE VERTE (RUE DE LA);48,5706600000;7,7259900000
202200019504;5;9;2022;10:00;1;64;64445;2;9;1;7;allée Catherine de Bourbon;43,3189800000; -0,3599300000
202200019505;4;9;2022;08:25;1;64;64122;2;2;1;1;Avenue de Lahouze;43,4808600000; -1,5452600000
202200019506;5;9;2022;08:11;1;63;63308;2;1;1;6;FRANCE (AVENUE ANATOLE);45,7645092326;3,0568519235
202200019507;3;9;2022;17:00;1;63;63113;2;1;1;6;rue d'Estaing;45,7858300000;3,1075000000
202200019508;3;9;2022;07:01;1;63;63113;2;4;1;4;BREZET (AVENUE) /A711;45,7791200000;3,1249400000
202200019509;31;8;2022;19:00;1;62;62427;2;1;1;5;DELORY (R GUSTAVE );50,4033500000;2,9396500000
202200019510;5;9;2022;12:15;1;61;61117;1;2;1;3;PONT PERCÉ(RUE DU);48,4356800000;0,0224500000
202200019511;5;9;2022;14:30;1;59;59599;2;2;1;3;NATIONALE (RUE);50,7246749992;3,1519711018
202200019512;5;9;2022;14:05;1;59;59508;2;2;1;3;HALLUIN (BOULEVARD D');50,7471235197;3,1320664287
202200019513;4;9;2022;20:25;5;59;59507;2;1;1;3;JAURES JEAN RUE;50,5996707992;3,0805519223
202200019514;4;9;2022;19:45;1;59;59350;2;1;1;6;BASSEE RUE DE LA;50,6255551732;3,0355390906
202200019515;3;9;2022;05:50;2;55;55029;1;1;1;6;RD 694;48,7804940000;5,1576930000
202200019516;5;9;2022;18:06;1;51;51454;2;2;1;1;rue Ernest Lefèvre;49,2670100000;4,0516400000
202200019517;5;9;2022;16:13;1;51;51454;2;6;1;7;rond-point de la Défense;49,2466000000;4,0623800000
202200019518;5;9;2022;17:38;1;49;49007;2;1;1;3;VOLNEY;47,4630800000; -0,5446200000
202200019519;5;9;2022;14:57;1;49;49007;2;2;1;1;PORTET BOULEVARD;47,4530100000; -0,5654600000
202200019520;5;9;2022;11:16;1;47;47031;2;2;1;2;;44,1913500000;0,6507300000
202200019521;5;9;2022;13:20;1;45;45234;2;3;1;3;37 Rue Maurice Dubois;47,9224500000;1,8938000000
202200019522;5;9;2022;20:00;2;44;44109;2;1;1;3;21bis Boulevard de Launay;47,2107400000; -1,5743300000
202200019523;5;6;2022;04:00;5;42;42207;2;1;1;2;Rue Maurice Bonnevialle;45,4698485216;4,5091561228
202200019524;4;9;2022;13:50;1;41;41295;1;1;1;1;SAINT-DYE (LEVEE DE);47,6016080000;1,3727350000
202200019525;30;8;2022;10:10;1;41;41212;1;1;1;6;NATIONALE (ROUTE);47,5718100000;1,3573300000
202200019526;5;9;2022;21:40;5;37;37261;2;1;1;2;POMPIDOU (AVENUE GEORGES);47,3875381298;0,7087200880
202200019527;5;9;2022;08:05;1;37;37261;2;3;8;6;PORTALIS (AVENUE JEAN);47,3651681173;0,6836897135
202200019528;5;9;2022;07:17;2;37;37261;2;2;2;6;JUIN (BOULEVARD DU MARECHAL);47,4123672417;0,7029211521
202200019529;5;9;2022;20:45;5;31;31555;1;1;2;7;VA007313 LE CHAPITRE A64 Sortie 38;43,5530900000;1,4097700000
202200019530;5;9;2022;11:45;1;29;29232;1;1;1;7;Route de Brest ;48,0360800000; -4,0787800000
202200019531;5;9;2022;03:55;5;29;29232;2;1;1;7;Rue du Frugy;47,9881090000; -4,1053080000
202200019532;5;9;2022;21:05;5;29;29019;2;1;1;3;19 avenue Victor Le Gorgeu;48,3997770000; -4,4967590000
202200019533;5;9;2022;14:10;1;27;27681;2;1;2;7;ROUTE DEPARTEMENTALE 313 Route de Magny;49,0957000000;1,5251500000
202200019534;5;9;2022;19:35;2;25;25462;2;2;1;3;BOULEVARD PASTEUR (DE 0 A 54);46,9043800000;6,3472500000
202200019535;5;9;2022;09:50;1;25;25056;2;2;1;3;CHURCHILL BD WINSTON;47,2533890000;6,0159000000
202200019536;4;9;2022;00:35;5;21;21231;2;3;1;2;ARISTIDE BRIAND (AVENUE);47,3345741669;5,0537426883
202200019537;4;9;2022;05:45;5;21;21231;2;2;1;3;BOSSUET (RUE);47,3221110000;5,0378670000
202200019538;2;9;2022;14:30;1;19;19031;2;1;1;6;ALVITRE (AVENUE ABBE);45,1533900000;1,5086600000
202200019539;5;9;2022;16:22;1;18;18279;2;1;1;7;25 Avenue Henri Brisson;47,2287050000;2,0612020000
202200019540;5;9;2022;19:40;1;17;17415;2;1;1;3;MONPLAISIR RUE;45,7397890000; -0,6138300000
202200019541;4;9;2022;13:40;1;14;14366;2;3;1;3;98 Rue Henri Cheron;49,1448280000;0,2223110000
202200019542;5;9;2022;22:15;3;14;14118;2;6;1;3;Rue de Falaise;49,1747400000; -0,3533700000
202200019543;5;9;2022;03:05;3;14;14327;1;1;1;6;D515;49,2062600000; -0,3222900000
202200019544;5;9;2022;19:00;1;13;13203;2;1;1;2;PLOMBIERES (BOULEVARD DES);43,3148600000;5,3908500000
202200019545;2;9;2022;05:10;5;13;13215;2;1;1;1;HENRI BARNIER (BOULEVARD);43,3669700000;5,3434400000
202200019546;4;9;2022;17:50;1;11;11069;2;9;1;6;17 Rue Auguste Comte;43,2104240000;2,3691640000
202200019547;5;9;2022;12:57;1;10;10387;2;3;1;2;REINE BLANCHE (RUE);48,3059300000;4,0635900000
202200019548;4;9;2022;15:58;1;10;10357;2;2;1;-1;GENERAL DE GAULLE (RUE DU);48,2981200000;4,1194400000
202200019549;5;9;2022;11:30;1;06;06069;2;1;1;6;ROUQUIER (BOULEVARD EMMANUEL);43,6444080000;6,9409770000
202200019550;2;9;2022;14:00;1;02;02059;2;1;1;3;;49,6594900000;3,3442100000
202200019551;3;9;2022;21:40;5;02;02408;2;1;1;6;50 Rue Eugène Leduc;49,5695100000;3,6325400000
202200019552;5;9;2022;15:50;1;75;75113;2;1;1;3;BD PERIPHERIQUE EXTERIEUR;48,8161200000;2,3599110000
202200019553;3;9;2022;15:35;1;75;75116;2;1;1;3;BD PERIPHERIQUE EXTERIEUR;48,8713380000;2,2731220000
202200019554;5;9;2022;10:00;1;75;75118;2;3;1;3;AVENUE DE LA PORTE D AUBERVILLIERS;48,8997020000;2,3702830000
202200019555;25;6;2022;18:30;1;94;94011;2;6;8;3;Rue Jean Moulin / Avenue de Verdun;48,7690100000;2,4819700000
202200019556;25;6;2022;21:35;2;93;93078;2;1;1;6;Avenue Charlemagne;48,9567300000;2,5509300000
202200019557;5;9;2022;08:50;1;75;75118;2;2;1;3;BOULEVARD DE ROCHECHOUART;48,8835400000;2,3469800000
202200019558;25;6;2022;10:40;1;93;93066;2;1;1;6;Rue de la République;48,9362400000;2,3560000000
202200019559;5;9;2022;18:00;1;75;75117;2;2;2;3;BOULEVARD DES BATIGNOLLES;48,8828000000;2,3232620000
202200019560;25;6;2022;19:20;1;93;93048;2;1;2;2;Rue de Rosny;48,8682000000;2,4600300000
202200019561;5;9;2022;18:15;1;75;75116;2;7;1;2;BOULEVARD LANNES;48,8710730000;2,2752570000
202200019562;1;7;2022;22:50;5;93;93046;2;2;1;3;Allée de Sévigné / Chemin des Postes;48,9127800000;2,5398800000
202200019563;5;9;2022;09:20;1;75;75116;2;1;1;2;CARREFOUR DE LONGCHAMP;48,8636400000;2,2394870000
202200019564;25;6;2022;17:42;1;93;93014;2;3;2;3;Allée Veuve Lindet Girard / Allée de la Surprise;48,9122570000;2,5519520000
202200019565;4;9;2022;09:50;1;75;75116;2;3;1;2;ROUTE DES TRIBUNES;48,8618810000;2,2303920000
202200019566;25;6;2022;18:45;1;93;93005;2;1;1;6;Rue Jacques Duclos;48,9475200000;2,4915800000
202200019567;5;9;2022;20:00;5;75;75112;2;1;8;6;AVENUE LEDRU ROLLIN;48,8506170000;2,3754000000
202200019568;25;6;2022;14:45;1;93;93001;2;1;2;3;Chemin Latéral Nord;48,9214039934;2,3723017573
202200019569;24;6;2022;22:25;5;92;92046;2;1;1;6;GABRIEL PERI;48,8192050000;2,3025390000
202200019570;5;9;2022;20:45;5;75;75108;2;4;8;6;AVENUE DES CHAMPS ELYSEES;48,8713730000;2,3026000000
202200019571;5;9;2022;13:14;1;75;75101;2;1;1;3;QUAI DES TUILERIES;48,8627740000;2,3241580000
202200019572;25;6;2022;14:40;1;92;92063;2;3;2;4;JONCHERE (CHEMIN DE LA);48,8672700000;2,1556400000
202200019573;4;9;2022;13:15;1;94;94052;2;1;1;3;CHARLES DE GAULLE (GRAND RUE);48,8383000000;2,4909100000
202200019574;25;6;2022;15:30;1;92;92063;2;1;2;1;FOUILLEUSE (AVENUE DE);48,8624683745;2,1945313811
202200019575;25;6;2022;22:40;5;92;92050;2;9;1;3;REPUBLIQUE AVENUE DE LA;48,9065904798;2,2116847113
202200019576;5;9;2022;06:22;5;94;94076;2;9;1;7;PAUL VAILLANT COUTURIER (AV);48,7947000000;2,3624000000
202200019577;25;6;2022;11:27;1;92;92050;2;1;2;2;ARAGO FRANCOIS AVENUE;48,9007300000;2,2244200000
202200019578;5;9;2022;15:26;1;94;94022;2;2;1;3;Avenue Victor Hugo / Rue d'Alsace-lorraine;48,7688386904;2,4206917779
202200019579;25;6;2022;09:00;1;92;92050;2;3;1;6;PICASSO PABLO AVENUE;48,8898850113;2,2195209861
202200019580;24;6;2022;23:57;5;92;92020;2;3;1;7;REPUBLIQUE AV. N°27 A 105 ET 26 A 178;48,8092901773;2,3009803444
202200019581;5;9;2022;15:25;1;94;94004;2;2;1;3;Boulevard Leon Revillon / Avenue du Général Leclerc;48,7449034581;2,5118954480
202200019582;25;6;2022;19:15;1;92;92012;2;4;8;3;ANDRE MORIZET (AVENUE) - 49/FIN - 54/FIN;48,8398394577;2,2304072678
202200019583;25;6;2022;14:50;1;92;92014;2;1;2;6;VICTOR HUGO (AVENUE);48,7773721564;2,3077203333
202200019584;22;4;2022;21:30;3;40;40001;1;1;1;2;A65 PK 099.900;43,7171940000; -0,2757580000
202200019585;5;9;2022;12:27;1;93;93062;2;6;1;5;Avenue de Livry / Rond - Point Thiers;48,8995588558;2,5177290837
202200019586;23;4;2022;17:50;1;59;59162;1;1;1;6;D52;50,9332870000;2,3694260000
202200019587;25;6;2022;15:55;1;39;39015;1;1;1;6;;46,7803420000;5,8903630000
202200019588;21;4;2022;14:05;1;91;91225;1;1;1;1;Avenue de la Fontaine au Soulier;48,6317880000;2,4682330000
202200019589;26;6;2022;07:54;1;22;22304;2;1;1;6;Lieu Dit Kerbornic;48,5676270000; -3,0139230000
202200019590;22;4;2022;18:50;1;19;19252;1;1;1;6;D979;45,4356762573;2,4496722220
202200019591;26;6;2022;14:28;1;11;11018;1;9;1;6;;43,2195640000;2,2144320000
202200019592;23;4;2022;12:30;1;19;19151;1;3;8;6;D 920;45,0980410000;1,5215740000
202200019593;26;6;2022;01:45;3;28;28398;1;1;1;6;D120.3;48,1971660000;1,0710220000
202200019594;22;4;2022;20:31;2;41;41110;1;1;1;6;A85 PK 188.100 sens vers TOURS (37);47,3146690000;1,8129390000
202200019595;22;4;2022;23:25;3;71;71264;1;1;1;6;D980 Pk 8+800;46,4537660000;4,6335050000
202200019596;25;6;2022;15:15;1;83;83004;1;1;1;7;;43,4419220077;6,4585198478
202200019597;24;6;2022;00:50;3;67;67437;2;3;1;7;Rue du Zornhoff;48,7449340000;7,3690740000
202200019598;21;6;2022;06:24;2;01;01354;2;1;1;5;Route de Meyrin;46,2371200000;6,0426310000
202200019599;22;4;2022;16:12;1;25;25271;1;3;1;1;Le Lava;47,0384570000;6,4954520000
202200019600;26;6;2022;07:10;1;44;44089;1;1;1;6;N165;47,3395000000; -1,8203200000
202200019601;22;4;2022;19:30;2;44;44068;1;2;1;3;;47,4809900000; -1,9148500000
202200019602;22;4;2022;09:00;1;38;38370;1;2;1;3;La Grande Grange;45,1196210000;5,2409560000
202200019603;25;6;2022;11:25;1;22;22193;1;1;1;7;D55;48,4208850000; -2,4408530000
202200019604;26;6;2022;04:30;3;23;23047;1;1;2;6;D49;46,1610030000;1,5778470000
202200019605;22;4;2022;20:30;2;38;38181;2;6;1;1;Route Departementale 523;45,3374860000;5,9749210000
202200019606;4;4;2022;16:00;1;84;84020;1;1;1;1;D900;43,8644230000;5,3015470000
202200019607;25;6;2022;16:35;1;62;62605;1;3;2;5;route départementale 939;50,3866350000;2,1675750000
202200019608;22;4;2022;19:30;1;70;70245;2;1;1;7;12 Rue de Blanzey;47,8851590000;6,4057820000
202200019609;26;6;2022;10:15;1;30;30117;1;3;1;2;RD 6113 PK 3+294;43,7007180000;4,5746850000
202200019610;20;4;2022;18:35;1;06;06136;1;4;1;3;Route de Moulinet;43,8807060000;7,4315650000
202200019611;25;6;2022;02:40;3;67;67369;1;3;1;6;D9;48,8695770000;7,2421570000
202200019612;25;6;2022;13:40;1;79;79080;1;1;2;7;Route de Thouars;46,6655330000; -0,2476000000
202200019613;26;6;2022;03:00;3;89;89456;1;1;1;1;D606;48,2990400000;3,1868510000
202200019614;23;4;2022;11:00;1;24;24142;1;1;2;1;Route de Saint Cyprien (Mouzens);44,8525720000;1,0198030000
202200019615;24;6;2022;17:50;1;61;61491;1;1;1;3;Route d Irai;48,6542820000;0,6800580000
202200019616;22;4;2022;20:45;2;24;24499;1;1;1;6;D21e1;44,8869060000;0,5807950000
202200019617;11;4;2022;16:24;1;04;04076;2;1;1;6;RD 911;43,9476630000;6,8112980000
202200019618;26;6;2022;19:15;1;61;61435;1;3;1;5;Lieu Dit Sommaire;48,8160100000;0,6192630000
202200019619;22;4;2022;17:45;1;27;27066;1;2;1;3;D316;49,4033780000;1,6182090000
202200019620;25;6;2022;15:15;1;22;22046;1;2;1;1;Le Ponterret;48,2683120000; -2,5770240000
202200019621;23;4;2022;17:25;1;28;28140;2;4;1;6;Rue du Sycomore;48,6106320000;1,6824370000
202200019622;21;6;2022;12:29;1;35;35179;2;2;1;3;D637;48,5145400000; -1,9079520000
202200019623;20;4;2022;12:00;1;87;87126;1;4;2;1;pk 29 D10;45,8155910000;0,8184130000
202200019624;12;6;2022;09:55;1;35;35116;2;1;7;1;71 Rue de Saint Malo;48,5903567597; -1,8576610833
202200019625;22;4;2022;19:10;1;87;87011;2;2;1;3;Rue Aristide Briand;46,1230009553;1,0461923653
202200019626;26;6;2022;06:00;2;03;03029;1;1;3;1;RN 209;46,2194850000;3,4341500000
202200019627;26;6;2022;00:25;3;72;72118;1;1;1;6;D302;48,0444350000;0,5723620000
202200019628;16;4;2022;20:55;3;30;30341;1;1;1;3;D58;43,5736290000;4,3040660000
202200019629;26;6;2022;10:45;1;50;50582;2;1;1;3;56 Route de Mortain;48,7160080000; -0,9244560000
202200019630;25;6;2022;23:50;3;18;18184;1;1;1;6;28 Route de Marseilles;47,0806730000;2,9429730000
202200019631;22;4;2022;15:30;1;52;52405;1;1;1;1;D974;47,6463950000;5,2798320000
202200019632;25;6;2022;22:45;3;85;85135;1;1;1;4;RD746;46,5112600000; -1,2023700000
202200019633;26;6;2022;06:30;2;30;30284;1;1;1;6;Route de la Royale;44,1456440000;4,0617470000
202200019634;22;4;2022;23:20;3;63;63193;1;1;2;5;A712 PK 001.500;45,7846440000;3,2073210000
202200019635;25;6;2022;19:00;1;48;48178;1;1;8;6;RN106;44,2824780000;3,7989550000
202200019636;26;6;2022;04:45;5;88;88075;1;1;1;1;65 Route de Cornimont;47,9902540000;6,8476130000
202200019637;19;4;2022;16:05;1;69;69043;1;1;1;7;44 Vieille Route;45,7198510000;4,7676370000
202200019638;22;4;2022;23:55;3;11;11024;1;9;1;2;Autoroute A9 PK 194.000;43,1436140000;2,9802130000
202200019639;26;6;2022;08:05;1;30;30036;1;1;1;5;Route Nationale 113;43,7636560000;4,2791100000
202200019640;20;4;2022;17:20;1;987;98712;2;1;1;3;pk 4,500 - devant la boulangerie Swik; -17,5429770000; -149,5036460000
202200019641;23;4;2022;14:30;1;973;97311;2;1;2;3;Avenue Gaston Monnerville;5,4950200000; -54,0210200000
202200019642;23;4;2022;04:45;3;971;97128;1;1;2;6;Fonds Thezan;16,2174707210; -61,4153699577
202200019643;17;4;2022;16:00;1;30;30039;2;1;1;6;Chemin du Stade;43,8757700000;4,4931880000
202200019644;23;4;2022;03:40;3;11;11284;1;1;1;1;;43,3682365429;1,9658551227
202200019645;17;6;2022;16:45;1;11;11370;1;1;1;2;A9 PK 181.200;43,2265370000;3,1017490000
202200019646;22;4;2022;18:30;1;84;84129;1;1;1;7;Route de Bédarrides;44,0302460000;4,8835090000
202200019647;25;6;2022;19:45;1;69;69193;2;1;1;6;2264 Route du Grisard;45,5190940000;4,8494420000
202200019648;25;6;2022;03:20;5;987;98758;2;1;1;1;RC Est (RT 131) - PK 0.800 TONOI; -16,7440000000; -151,4600000000
202200019649;23;4;2022;07:10;2;83;83065;1;1;1;1;D98a;43,2596710000;6,5908690000
202200019650;24;6;2022;19:45;5;971;97128;1;1;1;1;Vallerat;16,2772710000; -61,3935540000
202200019651;22;4;2022;16:34;1;70;70313;1;1;1;1;RN 19;47,6483140000;6,5896990000
202200019652;25;6;2022;18:30;1;78;78683;1;1;1;1;D191;48,8335520000;1,8764330000
202200019653;18;4;2022;15:00;1;74;74102;1;1;1;6;Lieu-dit Gravel;45,9244650000;6,2168030000
202200019654;25;6;2022;20:55;1;83;83119;1;1;1;3;Route des Plages;43,2585960000;6,6326740000
202200019655;22;4;2022;16:00;1;42;42165;2;3;1;3;Route de Feurs;45,7870120000;4,3409890000
202200019656;25;6;2022;07:30;1;06;06048;2;1;1;3;2133 Chemin Las Ayas;43,8116230000;7,3252760000
202200019657;23;4;2022;16:50;1;26;26034;1;1;2;1;D532;45,0658830000;5,2286120000
202200019658;26;6;2022;12:40;1;13;13100;1;1;1;7;1248 Route de Maillane;43,8085060000;4,8166520000
202200019659;22;4;2022;16:40;1;26;26170;1;1;1;2;D68;44,9144990000;4,9577360000
202200019660;25;6;2022;19:40;1;68;68309;2;1;1;3;37 rue Poincaré;47,6568210000;7,4522390000
202200019661;20;4;2022;10:40;1;01;01211;1;3;1;1;;46,1338910000;5,1918130000
202200019662;19;4;2022;12:40;1;69;69175;1;1;1;6;Route Départementale 91;45,8024480000;4,5612140000
202200019663;10;6;2022;10:00;1;88;88527;1;1;7;5;D414;48,4096190000;6,5866680000
202200019664;22;4;2022;11:00;1;09;09160;2;1;1;6;Rue du 8 Mai 1945;42,9284490000;1,8559900000
202200019665;26;6;2022;05:47;2;57;57153;1;1;2;6;D66;49,0329440000;6,0862490000
202200019666;22;4;2022;13:30;1;79;79189;1;1;1;1;;46,4160560000; -0,1762430000
202200019667;22;4;2022;16:30;1;29;29161;2;1;1;6;31 le Moulin du Pont;47,9306450651; -4,0699264035
202200019668;24;6;2022;17:45;1;69;69107;1;1;1;6;Route de Lyon;46,0412390000;4,4893370000
202200019669;22;4;2022;12:45;1;60;60141;2;6;1;2;RD 1016;49,2022940506;2,4612851142
202200019670;25;6;2022;23:45;4;31;31429;2;1;2;6;Avenue du Lauragais;43,4965230000;1,5185330000
202200019671;10;4;2022;13:14;1;60;60346;2;2;1;6;Rue Louis Barthou;49,1555110000;2,4397800000
202200019672;25;6;2022;22:45;3;17;17421;2;1;1;6;2 B RUE YVES DU MANOIR;45,6661950000; -0,9281650000
202200019673;20;4;2022;07:50;1;13;13214;1;1;1;2;A507 sens Marseille - Aubagne;43,3299108590;5,3930220694
202200019674;26;6;2022;07:53;1;40;40168;1;1;8;6;A63 - PK 131.3;43,7697460000; -1,2191820000
202200019675;23;6;2022;22:45;5;33;33019;2;1;1;6;24 avenue du vieux port;44,6811952109; -1,0166115314
202200019676;7;4;2022;18:25;1;69;69297;1;1;2;5;Autoroute 47;45,5883400000;4,7906800000
202200019677;26;6;2022;11:05;1;85;85003;2;6;1;7;D978;46,7554400000; -1,6227400000
202200019678;20;4;2022;06:35;1;59;59507;1;1;1;6;AUTOROUTE A1;50,6115084381;3,0899800658
202200019679;26;6;2022;17:05;1;49;49301;1;2;1;1;D147;47,1370090000; -0,9568410000
202200019680;20;4;2022;18:00;1;92;92023;1;1;1;4;RN385;48,7766292971;2,2331996201
202200019681;25;6;2022;19:40;1;61;61467;1;4;1;3;Lieu Dit la Chambertrie;48,4754210000;0,1430420000
202200019682;20;4;2022;17:00;1;78;78206;1;1;1;6;A13;48,9544730000;1,9385440000
202200019683;21;6;2022;21:15;1;29;29058;2;6;1;6;Rond point de Ker Elo;47,8981470000; -4,0142260000
202200019684;21;4;2022;17:47;1;95;95365;1;1;1;3;RN 104;49,0667400000;2,4019800000
202200019685;21;4;2022;19:00;1;93;93053;1;1;1;6;AUTOROUTE A3;48,8980694688;2,4693498171
202200019686;21;4;2022;18:10;1;92;92078;1;1;1;3;AUTOROUTE A86;48,9274987900;2,3333366364
202200019687;26;6;2022;11:00;1;62;62369;1;2;7;3;D33;50,3334894711;2,8881477713
202200019688;20;4;2022;21:00;2;95;95572;1;1;1;3; A15;49,0265346803;2,1301272511
202200019689;25;6;2022;18:40;1;83;83144;1;1;1;6;A57;43,1351300000;5,9907400000
202200019690;21;4;2022;08:30;1;93;93013;1;1;1;2;AUTOROUTE A1;48,9424500000;2,4307600000
202200019691;25;6;2022;04:10;3;69;69199;1;1;1;2;Boulevard urbain Sud;45,6833431432;4,8470642961
202200019692;20;4;2022;15:45;1;95;95351;1;1;1;4;RN 104;49,0279264186;2,5056552887
202200019693;21;6;2022;17:25;1;69;69283;1;1;1;2;Autoroute 46;45,6680100000;4,9272500000
202200019694;25;6;2022;18:00;1;91;91553;1;1;1;7;RN 104;48,6314200000;2,5048000000
202200019695;20;4;2022;12:30;1;94;94017;1;1;1;6;A4;48,8284416936;2,5027316394
202200019696;17;4;2022;12:00;1;94;94022;1;1;1;6;A86 INT;48,7763980000;2,4152400000
202200019697;24;6;2022;18:05;1;94;94003;1;1;1;3;AUTOROUTE A6A;48,7995177224;2,3424763536
202200019698;16;4;2022;17:25;1;94;94017;1;1;1;2;A4;48,8289075736;2,4782949522
202200019699;25;6;2022;12:15;1;92;92064;1;1;2;2;A13;48,8395693208;2,2020814717
202200019700;11;2;2022;16:30;1;89;89387;2;3;1;3;PRESIDENT KENNEDY (BOULEVARD DU);48,1909300000;3,2854000000
202200019701;25;6;2022;03:00;5;78;78640;1;1;1;6;N118;48,7849757564;2,2229106395
202200019702;20;4;2022;22:30;5;976;97611;2;2;1;3;kaweni-Poste ( rue de la ); -12,7724500000;45,2231300000
202200019703;24;6;2022;02:10;3;78;78043;1;1;2;2;A13W;48,8455400000;2,0847600000
202200019704;20;4;2022;13:50;1;974;97416;1;1;1;2;RN3 (1); -21,3108200000;55,4968300000
202200019705;20;4;2022;16:40;1;69;69384;2;1;1;6;Avenue de Birmingham;45,7747700000;4,8111700000
202200019706;20;4;2022;11:23;1;69;69389;2;2;1;6;Place de Paris;45,7792000000;4,8041200000
202200019707;25;6;2022;07:30;1;95;95678;1;1;1;2;RN 104;49,0692210000;2,2494770000
202200019708;20;4;2022;01:50;3;2B;2B037;1;1;1;2;TOUTES RUES;42,6221199225;9,4368918527
202200019709;25;6;2022;02:15;3;95;95572;1;1;2;4; A15;49,0309794287;2,1210640669
202200019710;4;4;2022;22:05;5;971;97101;1;1;1;2;PERRIN (SECTEUR);16,2762301084; -61,5089750290
202200019711;19;4;2022;21:00;3;971;97113;1;1;1;6;SECTION LEROUX;16,2357652235; -61,4726793766
202200019712;19;4;2022;11:20;1;2A;2A004;2;1;1;3;MARECHAL LYAUTEY AVENUE IMPAIR;41,9404500000;8,7461000000
202200019713;24;6;2022;16:20;1;95;95527;1;1;2;4; A1;48,9983515319;2,5199809670
202200019714;20;4;2022;16:50;1;95;95539;1;2;1;3;RD 301;48,9915700000;2,3601100000
202200019715;25;6;2022;10:15;1;94;94017;1;1;1;3;A4;48,8271790507;2,5086856622
202200019716;20;4;2022;16:00;1;91;91421;1;1;1;2;NATIONALE 6 (GLACIERE);48,7008100000;2,4440000000
202200019717;19;4;2022;20:24;1;87;87113;2;1;2;7;JUIN (AVENUE DU MARECHAL);45,8757000000;1,3312100000