Num_Acc;jour;mois;an;hrmn;lum;dep;com;agg;int;atm;col;adr;lat;long
202200019959;24;6;2022;17:45;1;75;75113;2;2;1;6;AVENUE DE FRANCE;48,8256902196;2,3820121586
202200019960;8;10;2022;13:45;1;988;98822;1;1;8;6;Tiéti (Tribu); -20,9272730000;165,3177580000
202200019961;19;4;2022;09:55;1;974;97407;1;1;1;1;SACRE COEUR (RD POINT) -RIV. DES GALETS ; -20,9562000000;55,3123000000
202200019962;8;10;2022;18:30;3;974;97417;2;1;1;6;32 rue leconte de l isle; -21,3678070000;55,7452300000
202200019963;24;6;2022;21:30;2;75;75112;2;3;1;3;AVENUE DU TREMBLAY;48,8340860000;2,4549100000
202200019964;19;4;2022;08:45;1;974;97407;2;9;1;3;ROUTE DU SACRE COEUR; -20,9587400000;55,3198700000
202200019965;9;10;2022;07:30;1;971;97129;2;1;1;6;RN2 - la boucan;16,2823350000; -61,6699480000
202200019966;24;6;2022;21:17;1;75;75111;2;5;1;7;BOULEVARD VOLTAIRE;48,8577290000;2,3803420000
202200019967;19;4;2022;14:50;1;973;97302;2;1;2;3;MADELEINE (ROUTE DE LA);4,9200586530; -52,3218566179
202200019968;8;10;2022;03:15;3;971;97115;1;1;1;2;route nationale 2;16,2608430000; -61,6334080000
202200019969;24;6;2022;19:00;1;75;75110;2;3;1;2;BOULEVARD DE LA VILLETTE;48,8761650000;2,3721340000
202200019970;19;4;2022;11:40;1;69;69386;2;2;1;3;Rue Bugeaud;45,7663700000;4,8477500000
202200019971;7;10;2022;01:30;5;971;97114;1;4;1;3;RN1 LA ROSE;16,1478230000; -61,5835620000
202200019972;24;6;2022;13:05;1;75;75110;2;4;1;6;BOULEVARD DE MAGENTA;48,8783060000;2,3543090000
202200019973;18;4;2022;14:30;1;972;97209;1;1;1;2;RD 41 (ROCADE);14,6122300000; -61,0615100000
202200019974;5;10;2022;13:15;1;29;29233;2;1;2;6;Rue du Faouët;47,8771740000; -3,5442390000
202200019975;19;4;2022;11:45;1;69;69381;2;1;1;6;Pont de Lattre de Tassigny;45,7724200000;4,8392000000
202200019976;23;6;2022;23:40;5;75;75110;2;2;1;3;AVENUE CLAUDE VELLEFAUX;48,8752330000;2,3703330000
202200019977;8;10;2022;12:15;1;45;45194;2;2;1;3;D8 PR 4 + 200;47,9256750000;2,0461660000
202200019978;18;4;2022;18:00;1;69;69382;2;2;1;3;4 Cours Bayard;45,7451500000;4,8181900000
202200019979;24;6;2022;17:35;1;75;75109;2;4;1;3;RUE LA FAYETTE;48,8760250000;2,3445510000
202200019980;8;10;2022;09:30;1;45;45089;2;1;7;5;52 Rue du Quillard;47,9080290000;1,9977550000
202200019981;18;4;2022;15:10;1;69;69034;2;1;1;4;1787 Chemin Pierre Drevet;45,8136653249;4,8686183989
202200019982;24;6;2022;15:40;1;75;75102;2;7;1;2;AVENUE DE L OPERA;48,8703340000;2,3323440000
202200019983;9;10;2022;06:24;2;77;77451;1;1;1;1;D21;48,9163800000;3,0631690000
202200019984;19;4;2022;11:10;1;91;91692;2;1;1;2;OCEANIE (AVENUE DE L');48,6793400000;2,2007000000
202200019985;24;6;2022;21:50;2;94;94022;2;3;1;3;Avenue de la République;48,7588900000;2,4088800000
202200019986;4;10;2022;18:20;1;34;34240;2;2;1;3;2 Rue de Costebelle;43,6460160000;3,9617210000
202200019987;24;6;2022;16:00;1;94;94074;2;3;2;3;SALVADOR ALLENDE (AV);48,7517700000;2,4573200000
202200019988;8;10;2022;20:00;3;83;83107;1;1;1;3;DN 7 - PK 008+000;43,4163250000;6,6837700000
202200019989;24;6;2022;15:46;1;94;94044;2;1;3;1;VERDUN (AV DE);48,7502700000;2,4830350000
202200019990;24;6;2022;15:35;1;94;94074;2;1;1;2;Rue du Colonel Fabien;48,7480800000;2,4669000000
202200019991;8;10;2022;15:50;1;67;67544;1;1;1;7;D3;49,0268660000;7,8914240000
202200019992;24;6;2022;08:45;1;94;94068;2;1;1;6;MAURICE BERTEAUX (BD);48,8108770000;2,4695490000
202200019993;24;6;2022;12:15;1;94;94046;2;1;1;3;DIX HUIT JUIN 1940 (R DU);48,8017000000;2,4422000000
202200019994;9;10;2022;16:35;1;54;54588;1;1;1;1;D400;48,6059433680;6,4343404771
202200019995;24;6;2022;16:07;1;94;94043;2;1;1;3;EDMONT MICHELET (R);48,8115600000;2,3648900000
202200019996;8;10;2022;22:50;5;57;57521;2;3;1;3;655 Rue de Sarreguemines;49,1745360000;6,9177870000
202200019997;24;6;2022;14:00;1;94;94073;2;1;1;1;Boulevard du Nord;48,7548100000;2,3700800000
202200019998;7;10;2022;12:25;1;69;69072;1;2;1;2;Route Departementale 307;45,7947770000;4,7413890000
202200019999;24;6;2022;15:40;1;94;94028;2;3;1;3;Avenue de Verdun / Rue Paul François Avet;48,7960200000;2,4632600000
202200020000;8;10;2022;16:25;1;17;17228;1;1;1;7;Route de Saujon;45,6655330000; -0,9440460000
202200020001;8;10;2022;20:25;5;22;22050;2;1;1;3;Rue de Brest;48,4537840000; -2,0521900000
202200020002;16;6;2022;12:35;1;94;94028;2;7;9;5;Avenue de Verdun / Rue de Paris;48,7936530000;2,4611160000
202200020003;24;6;2022;14:15;1;94;94022;2;1;1;7;Avenue de la Folie;48,7720363637;2,4167194993
202200020004;8;10;2022;16:10;1;22;22081;2;3;1;3;4 rue de brest;48,5051903806; -2,6447004676
202200020005;7;10;2022;21:30;3;27;27477;1;1;1;7;Les Bouches Manon;49,1144940000;1,4658490000
202200020006;24;6;2022;17:20;1;94;94017;2;1;1;6;100 Boulevard de Stalingrad;48,8185800000;2,5040900000
202200020007;8;10;2022;16:00;1;76;76465;1;1;1;5;D1314;49,7221050000;1,4682980000
202200020008;24;6;2022;08:11;1;94;94002;2;2;1;6;JARDINS (ALL DES)/ Rue Etienne Dolet/ Rue de Mâcon;48,7853400000;2,4268000000
202200020009;24;6;2022;06:55;2;93;93039;2;1;8;1;Quai de la Marine;48,9389000000;2,3397900000
202200020010;9;10;2022;09:20;1;59;59430;1;1;1;1;ROUTE DEPARTEMENTALE 955;50,1335360000;3,5310750000
202200020011;24;6;2022;19:20;1;93;93055;2;1;1;1;Avenue du Général Leclerc;48,8990350000;2,4080400000
202200020012;8;10;2022;00:55;4;59;59268;2;6;2;7;945;50,6334758132;2,7205109596
202200020013;24;6;2022;19:10;1;93;93048;2;1;1;6;Boulevard de Chanzy;48,8583700000;2,4344500000
202200020014;8;10;2022;13:40;1;13;13210;1;1;1;4;A50-Sens Marseille vers Aubagne;43,2855300000;5,4280000000
202200020015;24;6;2022;17:10;1;93;93048;2;3;1;6;Rue Madeleine Laffite / Rue Saint-Denis;48,8710992816;2,4569839239
202200020016;3;10;2022;17:37;1;13;13214;2;1;1;2;A507 sens Marseille - Aubagne;43,3300000000;5,3900000000
202200020017;24;6;2022;13:30;1;93;93048;2;1;1;3;Rue de Stalingrad;48,8539300000;2,4477600000
202200020018;4;10;2022;19:00;1;38;38544;2;1;1;3;RN7   5.180 A 10.000;45,5264000000;4,8726100000
202200020019;24;6;2022;09:10;1;93;93013;2;2;8;6;Avenue Jean Jaurès / Avenue de la Division Leclerc;48,9330900000;2,4243800000
202200020020;7;10;2022;23:00;3;91;91659;1;1;1;3;AUTOROUTE A6;48,5785100000;2,4630200000
202200020021;7;10;2022;20:00;3;78;78322;1;1;1;3;RN12;48,7872070000;2,1486190000
202200020022;23;6;2022;12:15;1;93;93027;2;1;1;6;Avenue Gabriel Péri;48,9271027673;2,3888241649
202200020023;8;10;2022;16:45;1;93;93010;1;1;1;2;AUTOROUTE A3;48,9144200000;2,4776400000
202200020024;7;10;2022;22:15;3;95;95306;1;1;1;6; A15;49,0102377821;2,1549886465
202200020025;22;6;2022;16:55;1;93;93027;2;1;1;1;Rue Emile Zola;48,9234600000;2,3897000000
202200020026;8;10;2022;14:00;1;77;77517;1;1;1;3;A104.EXT;48,9092644359;2,6375749541
202200020027;24;6;2022;16:40;1;93;93047;2;2;1;3;Avenue Jean Jaurés / Avenue des Géraniums;48,8985900000;2,5503900000
202200020028;24;6;2022;18:33;1;93;93007;2;3;1;6;Avenue du 8 Mai 1945 / Avenue de Normandie Niemen;48,9481390000;2,4380410000
202200020029;8;10;2022;10:30;1;93;93051;1;1;1;4;A4;48,8356700000;2,5633700000
202200020030;7;10;2022;19:00;2;94;94074;1;1;1;2;RN406.W;48,7647343039;2,4621159033
202200020031;7;10;2022;15:00;1;94;94033;1;1;1;3;A86.EXT;48,8549353253;2,4885811806
202200020032;8;10;2022;00:18;5;49;49007;2;1;1;6;PORT;47,4670500000; -0,5446500000
202200020033;7;10;2022;17:30;1;29;29019;2;9;1;6;boulevard de Plymouth;48,3845040000; -4,5360460000
202200020034;6;10;2022;17:15;1;59;59328;2;2;1;3;BONTE AUGUSTE RUE;50,6448865380;3,0137676001
202200020035;6;10;2022;07:50;1;58;58194;2;1;1;2;PETIT MOUESSE;46,9900100000;3,1753000000
202200020036;6;10;2022;02:50;5;75;75120;2;2;1;2;BOULEVARD DE MENILMONTANT;48,8641670000;2,3861500000
202200020037;6;10;2022;14:00;1;75;75119;2;2;1;6;AVENUE DE FLANDRE;48,8907150000;2,3766980000
202200020038;5;10;2022;08:00;2;94;94041;2;4;1;6;GEORGES GOSNAT (AV);48,8130000000;2,3890000000
202200020039;5;10;2022;18:00;1;92;92050;2;9;1;3;PROVINCES FRANCAISES BD DES;48,8999700000;2,2141200000
202200020040;4;10;2022;07:10;5;28;28422;2;9;1;1;VIOLETTE (BOULEVARD MAURICE);48,2643000000;1,6290040000
202200020041;4;10;2022;07:22;5;92;92025;2;1;1;3;VALMY 1 A 53 2 A 66 (BD DE);48,9240960000;2,2525660000
202200020042;3;10;2022;16:30;1;06;06029;2;1;1;6;GOURGUETTES (RUE DES);43,5729040000;6,9587930000
202200020043;1;10;2022;00:30;5;92;92025;2;2;1;3;SAINT DENIS (RUE);48,9237926900;2,2596189380
202200020044;2;10;2022;04:05;5;69;69266;1;1;2;6;Boulevard Périphérique Laurent Bonnevay;45,7820000000;4,8932000000
202200020045;30;9;2022;12:15;1;69;69389;2;1;1;6;Rue Victor Schoelcher;45,7867400000;4,7951500000
202200020046;30;9;2022;12:20;1;41;41018;2;1;1;6;TOURVILLE (RUE DU MARECHAL DE);47,5929000000;1,3085600000
202200020047;29;9;2022;09:10;1;76;76351;2;2;1;6;HILAIRE COLOMBEL;49,4967000000;0,1343400000
202200020048;29;9;2022;12:20;1;52;52121;2;1;1;6;GAMBETTA (BOULEVARD);48,1100800000;5,1433100000
202200020049;28;9;2022;10:15;1;76;76351;2;1;2;6;VERDUN (RUE DE);49,5024742327;0,1661982703
202200020050;28;9;2022;10:40;1;69;69282;2;1;2;4;Rue Claude Monet;45,7667000000;4,9892000000
202200020051;28;9;2022;14:48;1;63;63113;2;1;1;6;BALLAINVILLIERS (RUE);45,7751600000;3,0867000000
202200020052;27;9;2022;15:38;1;67;67218;2;2;1;6;CERF (RUE DU);48,5381800000;7,7355390000
202200020053;27;9;2022;10:20;1;57;57672;2;1;1;6;MANOM (ROUTE DE);49,3642600000;6,1792500000
202200020054;27;9;2022;12:29;1;10;10387;2;2;1;7;BAS TREVOIS (RUE DES);48,2999900000;4,0833300000
202200020055;27;9;2022;18:50;1;06;06088;2;1;1;6;MADELEINE (BD DE LA);43,7070800000;7,2319200000
202200020056;26;9;2022;10:42;1;67;67482;2;9;1;6;ROMAINS (ROUTE DES);48,5800400000;7,7162700000
202200020057;7;10;2022;19:35;5;988;98818;2;2;1;3;RUE DE SEBASTOPOL/AVENUE DE LA VICTOIRE H. LAFLEUR; -22,2745700000;166,4437700000
202200020058;5;10;2022;16:15;1;974;97411;2;2;1;1;MONTHYON (RUE); -20,8880500000;55,4648800000
202200020059;4;10;2022;11:45;1;974;97407;2;1;1;6;MONDON (AVENUE); -20,9343000000;55,3003300000
202200020060;6;10;2022;11:35;1;973;97302;2;1;1;1;MANGUES (RUE DES - CITE MANGUIERS);4,9271295898; -52,3228141665
202200020061;7;10;2022;08:05;1;973;97302;2;1;1;7;BADUEL (ROUTE DE);4,9351713753; -52,3123723269
202200020062;7;10;2022;17:30;1;69;69383;2;2;1;3;Rue Ferdinand Buisson;45,7497400000;4,8897700000
202200020063;7;10;2022;16:20;1;69;69259;2;9;1;6;Boulevard Pinel;45,7242466370;4,8872289062
202200020064;7;10;2022;10:20;1;69;69383;2;1;1;3;Rue de Bonnel;45,7618100000;4,8499700000
202200020065;6;10;2022;01:00;5;972;97213;1;1;1;1;VIEUX CHEMIN CALIFORNIE (RUE DU);14,6211450000; -61,0268550000
202200020066;7;10;2022;19:02;1;2B;2B033;2;1;1;6;TOUTES RUES;42,6711800000;9,4422000000
202200020067;7;10;2022;07:59;1;2B;2B037;1;1;1;4;D 82;42,5961100000;9,4234300000
202200020068;7;10;2022;09:33;1;2A;2A004;2;1;1;2;ALBERT 1ER BD;41,9129100000;8,7249600000
202200020069;6;9;2022;13:55;1;95;95585;2;1;1;6;Boulevard Jean Baptiste Carpeaux;48,9790862178;2,3876743019
202200020070;13;9;2022;12:00;1;95;95268;2;1;1;4;JOLIOT CURIE (AVENUE FREDERIC);48,9739500000;2,4138800000
202200020071;7;10;2022;12:50;1;95;95277;1;1;1;6;RD 317F2;48,9943802141;2,4793857336
202200020072;6;10;2022;16:35;1;91;91691;2;9;1;6;GENERAL DE GAULLE (AVENUE DU);48,7170900000;2,4880800000
202200020073;7;10;2022;07:10;5;91;91114;2;7;1;6;AV DU CHATEAU;48,6844700000;2,4974600000
202200020074;7;10;2022;09:00;1;91;91223;1;1;1;2;RD 191;48,4421100000;2,1341300000
202200020075;6;10;2022;21:30;3;90;90075;2;1;1;2;COMMANDOS D'AFRIQUE (RUE DES);47,6600000000;6,8570000000
202200020076;5;10;2022;17:51;1;87;87085;2;1;1;6;VERONESE (ALLEE);45,8568000000;1,2730300000
202200020077;5;10;2022;10:32;1;86;86066;2;6;1;3;Boulevard Sadi Carnot;46,8210370000;0,5475000000
202200020078;27;9;2022;18:30;1;84;84007;2;1;1;6;SIXTE ISNARD (Boulevard);43,9375700000;4,8118300000
202200020079;4;10;2022;13:30;1;84;84007;2;9;1;2;MARSEILLE (Route de );43,9107000000;4,8833000000
202200020080;6;10;2022;10:00;1;83;83137;2;1;1;3;GASQUET (AVE JOSEPH DE 1408 A FIN;43,1234500000;5,9702240000
202200020081;7;10;2022;19:15;1;78;78440;2;1;1;3;EUROPE (AVENUE DE L');48,9754700000;1,9161700000
202200020082;7;10;2022;10:00;1;77;77243;2;1;1;2;GRANGE DU BOIS  (RUE DE  LA);48,8736500000;2,7162500000
202200020083;7;10;2022;18:40;1;77;77042;1;1;1;2;D222;48,8269300000;3,1490900000
202200020084;7;10;2022;14:10;1;76;76575;1;3;1;2;Boulevard Lénine;49,3941300000;1,1116900000
202200020085;7;10;2022;09:35;1;72;72181;2;6;1;3;OYON ALEXANDRE (BD);47,9940000000;0,1950000000
202200020086;7;10;2022;08:15;1;72;72181;2;1;1;6;PREMARTINE (RUE) N° IMP 185 ET >;48,0090000000;0,2230000000
202200020087;6;10;2022;17:50;1;72;72181;2;1;1;6;NICE (RUE DE);48,0189007813;0,1792502401
202200020088;8;10;2022;00:00;5;69;69275;2;1;1;2;Avenue Edouard Herriot;45,7715600000;4,9612000000
202200020089;7;10;2022;19:15;2;69;69259;2;1;1;1;Rue Banette et Planchon;45,7045022214;4,8862838746
202200020090;7;10;2022;07:30;2;69;69029;2;1;1;1;Boulevard Pinel;45,7397362061;4,8923850060
202200020091;7;10;2022;13:09;1;66;66136;2;2;1;3;BAILLE GABRIEL;42,7175900000;2,8896500000
202200020092;7;10;2022;06:10;3;66;66136;1;1;1;2;;42,7137400000;2,8724900000
202200020093;7;10;2022;08:15;1;64;64260;2;1;1;1;Rue etchenausia;43,3647630000; -1,7633310000
202200020094;6;10;2022;20:42;5;64;64445;2;3;1;3;BUROS DE;43,3081000000; -0,3529900000
202200020095;7;10;2022;07:25;2;64;64102;2;1;1;7;Avenue du Grand Basque;43,4935800000; -1,4531700000
202200020096;7;10;2022;19:50;5;62;62004;2;2;1;3;Rue des Champs Potez;50,2720065510;2,7452366352
202200020097;7;10;2022;09:00;1;59;59599;2;1;1;6;GUERRE (RUE FIN DE LA);50,7286639172;3,1463398039
202200020098;7;10;2022;06:45;5;59;59368;2;3;1;6;FAIDHERBE RUE;50,6512439062;3,0747140944
202200020099;6;10;2022;18:40;2;59;59009;2;1;1;3;MONS BOULEVARD DE;50,6435916023;3,1429159641
202200020100;6;10;2022;12:00;1;59;59328;2;4;1;3;MONGE RUE;50,6547572672;3,0184024572
202200020101;6;10;2022;13:45;1;59;59009;2;1;1;3;DE LATTRE DE TASSIGNY RUE  ML;50,6639800000;3,1461200000
202200020102;27;9;2022;07:50;5;58;58194;2;6;1;3;CROIX JOYEUSE (CARREFOUR);46,9949100000;3,1686400000
202200020103;6;10;2022;19:38;2;57;57672;1;1;1;6;CARANUSCA (ROUTE DE);49,3933700000;6,1775800000
202200020104;6;10;2022;07:50;1;57;57672;2;1;1;6;FRERES (RUE DES);49,3529800000;6,1595300000
202200020105;4;10;2022;17:48;1;57;57306;2;1;1;2;VERDUN (RUE DE);49,3280000000;6,0582200000
202200020106;6;10;2022;17:40;1;56;56098;1;1;1;7;N165 sens Lorient/Vannes;47,7830072000; -3,3400000300
202200020107;6;10;2022;16:20;1;55;55042;1;1;1;3;DUGNY ( ROUTE DE);49,1312780000;5,4003290000
202200020108;7;10;2022;20:59;5;54;54395;2;1;1;1;FOCH (AVENUE 18 ET 9 A FIN);48,6880695036;6,1722001433
202200020109;7;10;2022;18:42;1;54;54263;2;9;1;6;8 Rue du 8 Mai 1945;49,2254800000;5,9818700000
202200020110;7;10;2022;17:00;1;51;51454;2;6;1;2;boulevard Louis Barthou;49,2324400453;4,0334603190
202200020111;7;10;2022;16:15;1;51;51454;2;2;1;7;rue de Venise;49,2465431290;4,0317732096
202200020112;7;10;2022;09:53;1;49;49007;2;6;1;6;DE LATTRE DE TASSIGNY;47,4523700000; -0,5408300000
202200020113;6;10;2022;16:34;1;49;49007;2;1;1;3;COUFFON BOULEVARD SECTEUR 1;47,4658122379; -0,5655987561
202200020114;7;10;2022;08:30;1;45;45234;2;1;1;3;15 Rue Eugène Vignat;47,9080600000;1,9106700000
202200020115;5;10;2022;18:00;1;45;45208;2;1;7;6;16 Boulevard Paul Baudin;48,0003400000;2,7338900000
202200020116;6;10;2022;17:50;1;42;42187;2;3;1;3;Rue Jean Jaurès;46,0352100000;4,0727300000
202200020117;5;10;2022;12:11;1;40;40192;2;3;1;3;GRIMAUX (AV ALAIN);43,9162300000; -0,5076400000
202200020118;6;10;2022;15:20;1;37;37261;2;1;1;3;PONT VOLANT (RUE DU);47,4088400000;0,7034600000
202200020119;7;10;2022;17:00;1;35;35238;2;3;1;6;VITRE (BLD DE);48,1250827149; -1,6517499089
202200020120;7;10;2022;08:05;2;35;35238;2;1;1;1;FEE VIVIANE (DE LA);48,1176100000; -1,7139000000
202200020121;7;10;2022;03:40;5;35;35238;2;1;1;6;SAINT-MARTIN;48,1191854207; -1,6785009205
202200020122;7;10;2022;07:00;2;34;34172;2;3;8;7;33 Rue du Grand Saint Jean;43,6041300000;3,8787100000
202200020123;6;10;2022;07:15;2;34;34032;1;1;1;1;D64 PR 19+776;43,3264700000;3,1910400000
202200020124;7;10;2022;20:30;5;33;33281;2;3;1;3;A630;44,8321700000; -0,6741900000
202200020125;7;10;2022;20:40;5;33;33069;2;3;1;2;Boulevard Godard;44,8614800000; -0,5872700000
202200020126;7;10;2022;14:00;1;30;30028;2;1;1;3;ROUTE DE NIMES;44,1458800000;4,6148900000
202200020127;5;10;2022;17:10;2;30;30028;2;1;1;6;SAINT VICTOR (RUE);44,1615100000;4,6221300000
202200020128;7;10;2022;08:40;1;29;29039;2;1;1;6;17 Rue de Keriolet;47,8877100000; -3,9073600000
202200020129;6;10;2022;18:10;1;29;29019;2;1;1;3;rue Anatole France;48,3823120000; -4,5230640000
202200020130;6;10;2022;15:30;1;29;29019;2;1;1;6;avenue Georges Pompidou;48,4138400000; -4,4797700000
202200020131;7;10;2022;12:45;1;27;27701;2;2;1;3;ARONDE (VOIE DE L');49,2710500000;1,2076600000
202200020132;7;10;2022;22:00;5;27;27229;2;3;1;1;RABAIS (RUE DU);49,0346800000;1,1555400000
202200020133;7;10;2022;16:01;1;27;27306;2;1;1;2;CONCORDE (RUE);49,0101400000;1,1746100000
202200020134;7;10;2022;08:56;1;27;27229;2;3;7;1;MARNIERE RIGA (RUE DE LA);49,0140200000;1,1641600000
202200020135;7;10;2022;14:30;1;26;26362;2;1;1;6;FRANKLIN RUE BENJAMIN;44,9161900000;4,8864600000
202200020136;7;10;2022;18:40;1;17;17291;1;1;1;4;35 PK RN11 ROCADE NANTES;46,1740630000; -1,1138380000
202200020137;3;11;2022;12:00;1;13;13056;2;4;3;6;SAUSSET;43,3631200000;5,0951900000
202200020138;7;10;2022;19:15;2;13;13117;2;2;1;3;D55F;43,4684600000;5,2334000000
202200020139;13;11;2022;08:00;2;13;13207;2;1;1;1;RAMPE SAINT MAURICE;43,2920400000;5,3632600000
202200020140;10;11;2022;19:00;5;13;13209;2;1;1;3;SAINTE MARGUERITE (BOULEVARD);43,2636300000;5,4106200000
202200020141;14;11;2022;15:30;1;13;13047;1;1;2;5;RD 569;43,5395000000;4,9739500000
202200020142;10;11;2022;07:40;1;13;13001;1;9;1;2;DE LATTRE DE TASSIGNY (AV);43,5407800000;5,4326700000
202200020143;9;11;2022;13:00;1;13;13001;2;1;8;3;GAUTIER DE LA LAUZIERE J.P (RUE);43,4843800000;5,3632600000
202200020144;6;11;2022;11:10;1;12;12305;2;1;7;1;Avenue Jean Jaurés;44,5549600000;2,2168100000
202200020145;12;11;2022;23:30;5;11;11262;2;1;1;7;182 Route de Marcorignan;43,2010860000;2,9681170000
202200020146;10;11;2022;17:50;2;11;11069;1;1;1;4;ROCADE NORD - RD 6113;43,2323600000;2,3506400000
202200020147;10;11;2022;15:30;1;11;11069;1;1;1;2;;43,2175200000;2,3233200000
202200020148;9;11;2022;19:35;5;11;11069;2;9;2;6;25 Boulevard Barbès;43,2104700000;2,3512400000
202200020149;9;11;2022;20:45;3;10;10362;1;1;1;2;;48,2967200000;4,0290200000
202200020150;14;11;2022;18:00;5;06;06088;2;2;1;3;ARIANE (BD DE L');43,7348620000;7,2980830000
202200020151;9;11;2022;14:00;1;06;06088;2;1;2;1;BISCHOFFSHEIM (BD);43,7180700000;7,2985100000
202200020152;14;11;2022;12:50;1;06;06069;2;1;1;6;DE GAULLE (AVENUE DU GENERAL);43,6555870000;6,9176080000
202200020153;10;11;2022;06:00;5;06;06027;2;1;1;1;GRASSE AVENUE DE;43,6637300000;7,1488200000
202200020154;10;11;2022;18:15;2;05;05061;2;1;1;2;FREDERIC MISTRAL ( COURS );44,5574600000;6,0747600000
202200020155;6;11;2022;12:20;1;04;04112;2;1;1;6;PRECHE (RUE DU);43,8253700000;5,7950400000
202200020156;13;11;2022;12:00;1;75;75112;2;1;1;3;PORTE DE CHARENTON;48,8287680000;2,3987160000
202200020157;12;11;2022;10:10;1;75;75119;2;1;1;4;PORTE DE PANTIN;48,8891280000;2,3962970000
202200020158;14;11;2022;23:10;5;75;75119;2;7;2;3;BOULEVARD SERURIER;48,8896330000;2,3957480000
202200020159;15;11;2022;15:40;1;75;75117;2;2;2;6;RUE NAVIER;48,8958920000;2,3230420000
202200020160;15;11;2022;13:15;1;75;75115;2;2;2;2;RUE MAUBLANC;48,8399790000;2,2998760000
202200020161;15;11;2022;10:30;1;75;75115;2;1;2;7;BOULEVARD DES FRERES VOISIN;48,8279560000;2,2728840000
202200020162;15;11;2022;07:55;1;75;75112;2;1;8;7;PLACE LOUIS ARMAND;48,8451630000;2,3725960000
202200020163;15;11;2022;07:15;5;75;75112;2;4;1;3;RUE DU FAUBOURG SAINT ANTOINE;48,8532960000;2,3702750000
202200020164;15;11;2022;22:03;5;75;75109;2;2;2;3;RUE DE DUNKERQUE;48,8810970000;2,3498400000
202200020165;14;11;2022;19:08;5;75;75108;2;2;1;3;COURS LA REINE;48,8640860000;2,3201180000
202200020166;15;11;2022;09:11;1;75;75104;2;1;1;3;QUAI DE L ARCHEVECHE;48,8521300000;2,3519140000
202200020167;15;11;2022;17:30;4;94;94080;2;1;3;3;VIGNERONS (R DES);48,8451200000;2,4315300000
202200020168;10;11;2022;19:20;5;94;94046;2;1;1;3;REPUBLIQUE (AV DE LA);48,8040000000;2,4360000000
202200020169;15;11;2022;20:35;5;91;91479;2;1;2;2;N7;48,7117200000;2,3710870000
202200020170;15;11;2022;18:54;5;94;94054;2;3;2;2;Avenue Marcel Cachin / Voie des Saules;48,7455400000;2,4101300000
202200020171;15;11;2022;14:36;1;94;94022;2;2;2;3;Avenue Victor Hugo / Rue d'Alsace-lorraine;48,7687500000;2,4208900000
202200020172;15;11;2022;17:30;5;94;94017;2;1;3;2;315 Avenue du Général de Gaulle;48,8277300000;2,5224100000
202200020173;2;11;2022;18:30;5;94;94017;2;1;1;4;GAMBETTA (R);48,8149800000;2,5112800000
202200020174;15;11;2022;08:56;1;94;94047;2;1;1;1;6 Rue de Boussy;48,7000680000;2,5410200000
202200020175;15;11;2022;03:45;3;94;94075;2;1;1;6;Av du Mal de Lattre de Tassigny;48,7309200000;2,5244200000
202200020176;15;11;2022;19:00;3;93;93073;1;1;2;2;Route de la Croix au Plâtre;48,9843000000;2,5349000000
202200020177;14;11;2022;03:30;5;93;93078;2;9;2;3;Boulevard Robert Ballanger;48,9555607872;2,5391024351
202200020178;15;11;2022;12:30;1;93;93071;2;1;2;3;Rue Gabriel Péri;48,9427864700;2,5328212364
202200020179;15;11;2022;19:10;5;93;93015;2;1;2;3;12 Rue de Courtry;48,9111784825;2,5847080350
202200020180;15;11;2022;08:40;1;93;93046;2;1;1;3;38 Boulevard Jean Moulin;48,9126382994;2,5144180655
202200020181;15;11;2022;14:30;1;93;93029;2;1;2;3;Rue de la République;48,9244700000;2,4372500000
202200020182;15;11;2022;19:43;5;93;93046;2;2;2;1;Boulevard Gutenberg / Avenue Vauban;48,9129700000;2,5184200000
202200020183;15;11;2022;15:30;1;93;93047;2;3;8;1;Boulevard Bargue / Avenue de Clichy-sous-bois;48,9030100000;2,5621900000
202200020184;15;11;2022;13:00;1;93;93010;2;1;2;2;Rue Paul Renaud;48,9102400000;2,4777560000
202200020185;15;11;2022;10:22;1;93;93008;2;1;1;7;Rue de la République;48,9067658102;2,4351484658
202200020186;15;11;2022;12:00;1;92;92078;2;1;2;6;GALLIENI (BD) (1 A 79 ET 22 A 102);48,9264040000;2,3283880000
202200020187;6;11;2022;03:30;5;92;92078;2;1;1;1;MARECHAL LECLERC (AVENUE) (PAIRS);48,9360400000;2,3246100000
202200020188;15;11;2022;17:30;2;92;92046;2;1;2;2;PIERRE BROSSOLETTE (AVENUE);48,8176100000;2,3077500000
202200020189;14;11;2022;16:40;1;92;92077;2;1;1;3;VERSAILLES (ROUTE DE);48,8263510000;2,1882580000
202200020190;14;11;2022;03:45;5;92;92076;2;4;5;6;JARDY;48,8310777548;2,1522409915
202200020191;30;10;2022;09:15;1;92;92050;2;1;1;3;LENINE VLADIMIR ILITCH AVENUE;48,8874141822;2,1985664964
202200020192;15;11;2022;09:20;1;92;92026;2;2;1;7;COLOMBES;48,8988731430;2,2566470504
202200020193;15;11;2022;13:05;1;92;92024;2;2;2;3;HENRI BARBUSSE (RUE) DE (1 A 73)   (2 A;48,8988689112;2,3035503030
202200020194;15;11;2022;12:30;1;92;92024;2;1;2;4;RUE DU 08 MAI 1945;48,8987500000;2,3099300000
202200020195;15;11;2022;10:50;1;92;92012;2;2;2;6;PAUL BERT (RUE);48,8342300000;2,2396600000