Num_Acc;jour;mois;an;hrmn;lum;dep;com;agg;int;atm;col;adr;lat;long
202200020196;15;11;2022;17:50;3;52;52260;1;6;3;7;D200;48,2091460000;5,1245210000
202200020197;15;11;2022;17:25;3;43;43040;2;1;1;1;71 Avenue d'Auvergne;45,3076890000;3,3766010000
202200020198;16;11;2022;13:30;1;31;31547;2;1;1;6;cd 15;43,5003010000;1,3183750000
202200020199;15;11;2022;16:40;3;67;67317;1;1;2;6;D424;48,3139260000;7,3501540000
202200020200;15;11;2022;19:00;3;12;12194;1;1;1;3;RN88;44,2116180000;2,4039240000
202200020201;15;11;2022;15:40;1;86;86120;1;1;2;1;N147;46,2817290000;0,8537280000
202200020202;15;11;2022;16:30;2;17;17142;1;1;7;2;D108;46,1703800000; -1,0742780000
202200020203;16;11;2022;13:10;1;21;21310;1;1;1;5;D905;47,3164900000;4,6022630000
202200020204;15;11;2022;09:45;1;51;51093;1;1;8;2;D951;48,9976350000;3,8939880000
202200020205;15;11;2022;16:45;2;56;56091;2;1;1;6;2 Rue Georges le Berd;47,9549500000; -2,5475730000
202200020206;16;11;2022;09:00;1;67;67434;1;1;1;1;route départementale 1061;48,9469700000;7,0774000000
202200020207;16;11;2022;09:40;1;33;33314;2;1;2;6;Rue Mandavy;45,1929030000; -0,7478430000
202200020208;15;11;2022;09:40;1;71;71282;2;1;8;3;D680;46,8261750000;4,3673440000
202200020209;16;11;2022;13:50;1;89;89025;2;1;1;2;Avenue de Pépinster;47,4941100000;3,9038160000
202200020210;16;11;2022;08:05;1;63;63285;2;1;8;3;Route de Bromont;45,8338380000;2,8491280000
202200020211;12;11;2022;15:40;1;63;63465;2;1;1;6;Route Nouvelle;45,4303980000;3,8905760000
202200020212;9;11;2022;12:05;1;49;49125;1;4;1;3;D214;47,1681590000; -0,2609950000
202200020213;15;11;2022;15:40;1;49;49228;1;2;3;3;D279;47,4880350000;0,0752090000
202200020214;8;9;2022;16:40;1;34;34221;1;1;1;6;D32;43,7285112263;3,6341330409
202200020215;15;11;2022;17:39;3;22;22079;1;1;2;1;D27;48,3921390000; -2,7373120000
202200020216;15;11;2022;11:40;1;44;44154;2;1;1;6;Avenue Guy Lafontaine;47,2429760000; -2,1576440000
202200020217;15;11;2022;08:00;2;29;29010;1;1;2;1;D32;48,5133770000; -4,1163210000
202200020218;12;11;2022;15:41;1;29;29235;2;1;7;6;N2165;48,3896912466; -4,4015980039
202200020219;12;11;2022;10:00;1;29;29135;2;6;1;3;Rue de Kerillis;47,8323383687; -4,1795113385
202200020220;15;11;2022;21:40;3;03;03271;1;1;2;6;Route de Bellerive;46,0992880000;3,3550280000
202200020221;15;11;2022;17:05;2;01;01034;2;3;1;3;rue du clos dubost;45,7564950000;5,6858600000
202200020222;14;11;2022;18:00;5;01;01072;2;3;2;1;Route de Tréconnas;46,1859590000;5,3179780000
202200020223;16;11;2022;08:00;2;83;83083;2;1;1;7;route départementale 22;43,4774090000;6,1370870000
202200020224;16;11;2022;12:30;1;60;60635;2;1;1;6;19 Rue Hubert Grison;49,2485970000;2,4310970000
202200020225;15;11;2022;19:00;3;45;45146;1;1;2;6;D2020 PR 45 + 680;47,7587860000;1,9373490000
202200020226;15;11;2022;21:00;3;45;45234;1;1;2;1;8 Route de Concyr;47,8161668541;1,9413412432
202200020227;16;11;2022;12:20;1;43;43211;1;1;1;7;D908;45,2518700000;4,1440340000
202200020228;14;11;2022;12:00;1;53;53105;1;3;1;3;D9;48,1391380000; -0,5928780000
202200020229;16;11;2022;17:30;5;27;27467;2;1;3;6;D675;49,3512583877;0,5172371864
202200020230;16;11;2022;12:50;1;28;28369;1;1;2;7;D928;48,6433230000;1,2822140000
202200020231;20;10;2022;08:50;1;23;23228;1;1;1;1;D941;45,9468530000;2,2336580000
202200020232;15;11;2022;12:30;1;06;06018;2;1;1;1;428 Route de la Mer;43,6248740000;7,1018960000
202200020233;15;11;2022;19:19;3;33;33122;1;1;2;4;A63 - PK012+200;44,7162460000; -0,7422640000
202200020234;16;11;2022;09:50;1;33;33214;1;1;1;5;D6;45,0078040000; -1,1343380000
202200020235;14;11;2022;07:45;2;78;78506;1;2;5;1;D101;48,5430490000;1,7886690000
202200020236;15;11;2022;23:15;3;83;83055;1;1;1;6;D562;43,5875950000;6,6695270000
202200020237;8;11;2022;16:00;1;67;67259;2;1;1;2;Rue de Nehwiller;48,9672590000;7,7316390000
202200020238;16;11;2022;16:30;1;07;07324;2;1;1;6;Avenue de Lyon;45,0732210000;4,8194360000
202200020239;16;11;2022;12:45;1;46;46332;1;1;1;6;Route Nationale 122, Point Route 05+500;44,6400170000;2,0742700000
202200020240;16;11;2022;12:25;1;29;29094;1;1;3;1;Lieu-Dit Kergunic;48,5943510000; -4,3346510000
202200020241;16;11;2022;03:30;3;02;02381;1;3;2;6;;49,9321580000;4,1043190000
202200020242;15;11;2022;17:20;5;59;59400;2;2;8;3;Rue Thiers;50,6429214417;2,6394787431
202200020243;15;11;2022;12:50;1;83;83062;1;1;1;2;A57;43,1437570000;6,0217120000
202200020244;15;11;2022;08:30;1;33;33039;1;1;1;3;ROCADE A 630;44,8011500000; -0,5347100000
202200020245;13;11;2022;19:10;4;59;59603;1;1;1;2;AUTOROUTE A2;50,3409900000;3,4762700000
202200020246;13;11;2022;02:00;4;59;59328;1;1;1;1;ROUTE DEPARTEMENTALE 652;50,6634700000;3,0232900000
202200020247;15;11;2022;14:57;1;94;94043;1;1;2;3;AUTOROUTE A6B;48,8081987935;2,3476256982
202200020248;31;1;2022;12:35;1;45;45286;2;3;2;3;Rue Demay;47,8884640000;1,9204370000
202200020249;15;11;2022;12:35;1;91;91432;1;1;2;2;AUTOROUTE A6;48,6912300000;2,3224300000
202200020250;1;2;2022;18:30;5;42;42095;2;6;1;3;Rue Dorian;45,3902951365;4,2804079055
202200020251;30;1;2022;18:15;2;40;40281;1;1;5;1;ROCADE SUD RD 824;43,8669700000; -0,5120600000
202200020252;14;11;2022;07:30;1;91;91570;1;1;5;5;RN 104;48,6253100000;2,3227600000
202200020253;31;1;2022;16:55;1;37;37261;2;2;1;6;JEMMAPES (RUE);47,4259351558;0,6824773550
202200020254;14;11;2022;22:47;3;94;94021;1;1;2;7;AUTOROUTE A6B;48,7646847471;2,3434122189
202200020255;1;2;2022;08:50;1;35;35238;2;6;1;2;VALLES (JULES);48,1039100000; -1,7120100000
202200020256;15;11;2022;17:50;3;92;92064;1;1;3;3;A13;48,8389767173;2,1935262165
202200020257;1;2;2022;08:25;2;35;35238;2;1;1;2;Avenue Professeur Charles Foulon;48,1210600000; -1,6430200000
202200020258;15;11;2022;17:45;3;92;92050;1;1;2;2;A86;48,9153626913;2,2204385940
202200020259;31;1;2022;16:20;1;35;35238;2;1;1;2;Boulevard Léon Grimault;48,0914300000; -1,6524900000
202200020260;31;1;2022;16:00;1;35;35238;2;5;1;3;SAINT-BRIEUC (DE);48,1164270000; -1,7098540000
202200020261;15;11;2022;13:15;1;95;95424;1;1;3;3;A15;48,9907688432;2,1937817845
202200020262;31;1;2022;08:45;1;35;35238;2;1;8;6;Boulevard Solférino;48,1046400000; -1,6669500000
202200020263;15;11;2022;07:50;1;95;95042;1;1;1;2;RN 104;49,0620315115;2,3199198271
202200020264;31;1;2022;08:15;1;35;35238;1;1;1;4;N136;48,0816016365; -1,6970046613
202200020265;31;1;2022;13:40;1;35;35115;2;1;1;3;COINTAT (BD MICHEL);48,3441730000; -1,1777180000
202200020266;14;11;2022;20:45;3;95;95607;1;1;1;4; A115;49,0305168306;2,2011010424
202200020267;14;11;2022;11:50;1;93;93066;1;1;1;3;AUTOROUTE A86;48,9260810000;2,3383500000
202200020268;27;1;2022;14:55;1;34;34172;2;1;1;6;Avenue de la Pompignane;43,6097300000;3,8989600000
202200020269;30;1;2022;02:00;3;34;34129;2;1;1;6;PLATANES (AVENUES DES);43,5898900000;3,9134300000
202200020270;15;11;2022;22:00;3;94;94073;1;1;1;4;A86 EXT;48,7701146919;2,3822327243
202200020271;1;2;2022;12:15;1;33;33063;2;1;1;6;Rue de la Croix de Séguey;44,8511900000; -0,5886400000
202200020272;18;7;2022;15:15;1;74;74281;2;1;1;6;VONGY (CHEMIN DE);46,3806400000;6,5011800000
202200020273;1;2;2022;08:05;1;33;33162;2;3;1;3;Avenue du Taillan-Médoc;44,8733800000; -0,6344200000
202200020274;25;5;2022;16:45;1;74;74236;1;1;1;6;RD 909;45,8725540000;6,7177970000
202200020275;31;1;2022;03:30;5;33;33063;2;6;1;6;Rue de la Benauge;44,8410500000; -0,5483300000
202200020276;31;8;2022;18:00;1;74;74118;1;1;1;3;SALEVE (ROUTE DU);46,1778500000;6,2290400000
202200020277;19;1;2022;17:30;1;31;31149;1;1;1;3;3 COLOMIERS EST (A624);43,6054100000;1,3407600000
202200020278;21;1;2022;09:05;1;30;30189;2;1;1;6;Boulevard Amiral Courbet;43,8388000000;4,3633000000
202200020279;31;8;2022;12:30;1;74;74250;1;1;1;7;Route des gorges du borne;46,0506960000;6,3767050000
202200020280;31;1;2022;08:00;1;30;30007;2;9;1;3;23 Avenue d'Alsace;44,1399900000;4,0886900000
202200020281;27;8;2022;04:50;5;74;74256;1;1;1;6;route départementale 13;45,9612580000;6,6309790000
202200020282;31;1;2022;17:10;1;29;29232;1;1;1;2;D783 - Route de Concarneau;47,9570800000; -4,0455800000
202200020283;9;7;2022;16:05;1;22;22278;1;1;1;2;RN12;48,5199800000; -2,7472200000
202200020284;1;2;2022;19:55;5;29;29019;2;6;6;3;Avenue Georges Clemenceau;48,3889010000; -4,4838780000
202200020285;1;2;2022;18:10;1;29;29019;2;1;2;2;Avenue de Kiel;48,3856370000; -4,4700480000
202200020286;10;9;2022;00:30;5;75;75107;2;3;1;6;QUAI ANATOLE FRANCE;48,8611270000;2,3241860000
202200020287;14;11;2022;00:24;5;75;75117;2;1;1;7;BOULEVARD DU FORT DE VAUX;48,8936140000;2,3035830000
202200020288;30;1;2022;19:35;2;29;29019;2;1;1;5;Avenue Maréchal Foch;48,3964536992; -4,4888309240
202200020289;27;1;2022;19:45;5;29;29019;2;1;1;6;Rue du Huit Mai 1945;48,4093140000; -4,4699070000
202200020290;14;11;2022;18:45;5;75;75114;2;3;1;3;BOULEVARD DU MONTPARNASSE;48,8441570000;2,3229490000
202200020291;13;1;2022;08:13;3;29;29019;2;1;1;3;Avenue 1ère D.f.l.;48,3763260000; -4,5528430000
202200020292;7;11;2022;11:00;1;75;75105;2;2;1;3;RUE GEOFFROY SAINT HILAIRE;48,8411680000;2,3559650000
202200020293;31;1;2022;13:25;1;26;26198;2;1;1;3;MARSEILLE (Route de );44,5407380000;4,7465030000
202200020294;12;11;2022;23:59;5;75;75118;2;3;1;3;AVENUE DE SAINT OUEN;48,8904110000;2,3265810000
202200020295;28;1;2022;19:00;5;22;22113;2;1;2;1;FRERES LAGADEC (RUE DES);48,7221600000; -3,4801000000
202200020296;1;2;2022;08:44;1;17;17306;1;1;8;7;EXPRESS (VOIE);45,6362550000; -1,0167390000
202200020297;1;2;2022;19:19;5;17;17274;2;1;2;6;place de la pommeraie;46,1547600000; -1,0956800000
202200020298;13;11;2022;21:25;5;75;75117;2;3;1;3;AVENUE DE VILLIERS;48,8842510000;2,3026570000
202200020299;1;2;2022;11:45;1;15;15014;2;1;1;3;VOLONTAIRE (AVENUE DES);44,9152410000;2,4404230000
202200020300;13;11;2022;14:20;1;75;75116;2;1;1;6;ROUTE DE LA LONGUE QUEUE;48,8718880000;2,2524210000
202200020301;1;2;2022;15:40;1;14;14536;2;1;8;6;D140;49,4058320000;0,2736350000
202200020302;14;11;2022;14:40;1;75;75115;2;1;1;7;PORT DE GRENELLE;48,8510010000;2,2832550000
202200020303;1;2;2022;08:15;1;13;13054;2;1;1;6;LACANAU (AV DE );43,4109200000;5,2217100000
202200020304;1;2;2022;14:40;1;13;13209;2;9;1;7;SCHLOESING (BOULEVARD);43,2732662261;5,4007336084
202200020305;14;11;2022;14:10;1;75;75115;2;3;1;3;RUE DE VAUGIRARD;48,8398440000;2,3020790000
202200020306;30;1;2022;14:20;1;13;13209;2;1;1;3;COL DE LA GINESTE D559;43,2400106107;5,4569005966
202200020307;13;11;2022;06:00;2;75;75115;2;7;1;2;BOULEVARD GARIBALDI;48,8479770000;2,3038440000
202200020308;31;1;2022;20:05;5;13;13213;2;1;6;6;FRANÇOIS MIGNET (AVENUE);43,3319100000;5,4285400000
202200020309;10;11;2022;17:45;5;75;75114;2;1;1;6;RUE NANSOUTY;48,8238460000;2,3359080000
202200020310;14;11;2022;15:45;1;75;75108;2;2;1;3;RUE DE ROME;48,8787620000;2,3222400000
202200020311;30;1;2022;16:00;1;13;13206;2;3;1;3;BAILLE (BOULEVARD);43,2864932518;5,3855112749
202200020312;11;11;2022;18:05;5;94;94068;2;1;1;3;CHEMIN VERT (R DU);48,8006600000;2,4710400000
202200020313;29;1;2022;21:30;5;13;13202;2;2;1;3;DAMES (BOULEVARD DES);43,3025316295;5,3691121533
202200020314;7;11;2022;17:53;5;94;94028;2;9;1;6;Rue Juliette Savar;48,7744900000;2,4689400000
202200020315;31;1;2022;14:01;1;10;10387;2;6;1;3;EDOUARD VAILLANT (RUE);48,2757006341;4,0781807899
202200020316;31;1;2022;09:10;1;10;10362;2;1;7;6;NOES (RUE DES);48,2968700000;4,0604800000
202200020317;12;11;2022;23:14;5;94;94017;2;1;1;7;34bis Rue Louis Talamoni;48,8130900000;2,5126600000
202200020318;30;1;2022;18:47;5;06;06088;2;1;1;6;CALIFORNIE (AV.) (A PARTIR DU N° 201-212;43,6834500000;7,2332500000
202200020319;1;2;2022;16:50;2;06;06069;2;1;1;1;SAINT EXUPERY (AVENUE ANTOINE DE);43,6611300000;6,9316500000
202200020320;14;11;2022;17:15;3;93;93078;2;1;1;6;Rue Eugène Delacroix;48,9493900000;2,5507000000
202200020321;1;2;2022;09:15;1;06;06069;2;1;1;1;ROUQUIER (BOULEVARD EMMANUEL);43,6288000000;6,9379800000
202200020322;31;1;2022;20:00;3;06;06069;1;1;1;7;PLASCASSIER (route de);43,6520550000;6,9575660000
202200020323;14;11;2022;16:30;2;93;93073;2;6;1;3;Rue d'Alsace / Place Pierre Curie;48,9405285246;2,5784705579
202200020324;1;2;2022;08:05;1;06;06027;2;1;1;2;BESSET AVENUE CYRILLE;43,6596500000;7,1584400000
202200020325;14;11;2022;08:30;1;93;93072;2;3;1;3;Boulevard Maxime Gorki / Rue Normandie-niemen;48,9549900000;2,3834400000
202200020326;30;1;2022;14:45;1;06;06027;2;1;1;3;CHENES AVENUE DES;43,6606700000;7,1600000000
202200020327;1;2;2022;07:20;5;02;02738;2;1;2;6;1 Boulevard Gambetta;49,6545648000;3,2948471000
202200020328;14;11;2022;12:30;1;93;93051;2;1;1;3;Rue des Arcades;48,8377800000;2,5457600000
202200020329;30;1;2022;20:45;5;75;75116;2;4;1;3;BOULEVARD PERIPHERIQUE;48,8701780000;2,2716920000
202200020330;14;11;2022;20:15;5;93;93048;2;3;1;3;Boulevard Aristide Briand / Rue d’Estienne d’Orves;48,8694806223;2,4491036832
202200020331;30;1;2022;19:20;5;75;75119;2;1;1;3;PORTE DE PANTIN;48,8960210000;2,3943510000
202200020332;14;11;2022;18:20;5;93;93048;2;1;1;3;Rue de la Nouvelle France - Station BP;48,8631500000;2,4638400000
202200020333;30;1;2022;15:30;1;75;75117;2;7;1;6;BOULEVARD MALESHERBES;48,8819110000;2,3112920000
202200020334;14;11;2022;16:40;1;93;93048;2;3;8;6;Rue Dombasle / Rue de Rosny;48,8631900000;2,4489400000
202200020335;1;2;2022;18:30;5;75;75120;2;1;1;3;BOULEVARD MORTIER;48,8687430000;2,4088670000
202200020336;1;2;2022;11:05;1;75;75120;2;7;2;6;AVENUE GAMBETTA;48,8649640000;2,3953450000
202200020337;14;11;2022;01:10;5;93;93031;2;2;1;3;Route de Saint-leu / Rue de l'Yser;48,9540700000;2,3350800000
202200020338;1;2;2022;13:34;1;75;75119;2;3;8;3;AVENUE CORENTIN CARIOU;48,8951770000;2,3827630000
202200020339;14;11;2022;13:36;1;93;93008;2;1;1;6;Rue Auguste Delaune;48,9087234152;2,4617569149
202200020340;1;2;2022;18:20;5;75;75117;2;3;1;3;RUE PONCELET;48,8794640000;2,2977870000
202200020341;14;11;2022;18:00;5;92;92078;2;3;1;3;VIEUX CHEMIN DE ST DENIS (AVENUE);48,9297840644;2,3258641362
202200020342;31;1;2022;16:20;1;75;75116;2;5;1;3;PLACE CLEMENT ADER;48,8513340000;2,2784850000
202200020343;14;11;2022;08:15;1;92;92073;2;1;1;1;DASSAULT (QUAI MARCEL);48,8606600000;2,2248200000
202200020344;1;2;2022;10:40;1;75;75115;2;3;2;4;QUAI DE GRENELLE;48,8529040000;2,2866160000
202200020345;14;11;2022;18:25;5;92;92077;2;1;1;6;VERSAILLES (RUE DE);48,8189580000;2,1677630000
202200020346;14;11;2022;10:30;1;92;92072;2;3;1;6;GRANDE RUE;48,8241815645;2,2105854750
202200020347;1;2;2022;14:45;1;75;75112;2;2;1;3;BOULEVARD SOULT;48,8442730000;2,4104300000
202200020348;14;11;2022;18:45;3;92;92050;2;1;1;1;RIGAULT RUE;48,8942510000;2,1977970000
202200020349;1;2;2022;06:50;5;75;75112;2;4;2;3;ESPLANADE SAINT LOUIS;48,8400910000;2,4367310000
202200020350;1;2;2022;07:30;5;75;75110;2;3;2;3;RUE DU FAUBOURG SAINT MARTIN;48,8749180000;2,3589700000
202200020351;11;11;2022;13:00;1;92;92036;2;1;1;6;GABRIEL PERI (AVENUE) (147/177);48,9200834508;2,2952322364
202200020352;1;2;2022;18:25;2;75;75107;2;2;1;6;RUE SAINT DOMINIQUE;48,8595570000;2,3113840000
202200020353;14;11;2022;09:30;1;92;92026;2;1;1;3;SERPENTINE;48,8947900000;2,2417000000
202200020354;1;2;2022;08:30;1;94;94080;2;2;2;6;Rue Jules Massenet;48,8481800000;2,4526000000
202200020355;31;1;2022;08:00;1;94;94068;2;9;8;6;Impasse de l’Abbaye;48,8130858693;2,4753785132
202200020356;14;11;2022;07:50;2;92;92026;2;1;1;3;GEORGES CLEMENCEAU;48,9027548920;2,2744480669
202200020357;10;11;2022;17:10;1;92;92004;2;1;1;6;PIERRE BROSSOLETTE;48,9122142848;2,2952880263
202200020358;31;1;2022;17:55;2;94;94046;2;6;1;6;Rue de Mesly;48,7975967183;2,4391407965
202200020359;31;1;2022;11:00;1;94;94033;2;1;2;6;Boulevard de Verdun;48,8531300000;2,4706000000
202200020360;13;11;2022;02:00;5;92;92002;2;7;1;6;ARISTIDE BRIAND (AVENUE);48,7631000000;2,3089300000
202200020361;1;2;2022;07:45;2;94;94028;2;1;2;6;Avenue Laferrière;48,7993600000;2,4542000000
202200020362;14;11;2022;08:30;3;76;76503;1;1;5;5;A 151 - PK 03+500 sens DIEPPE - ROUEN;49,5224260000;1,0039830000
202200020363;31;1;2022;18:45;5;94;94017;2;1;1;3;4 Avenue Marx Dormoy;48,8120200000;2,5167900000
202200020364;12;11;2022;09:45;1;91;91248;2;1;1;7;Route de Malesherbes;48,3825030000;2,2305570000
202200020365;1;2;2022;19:30;3;94;94075;1;1;2;2;Avenue du Maréchal de Lattre de Tassigny;48,7313900000;2,5236000000
202200020366;15;11;2022;10:28;1;69;69268;2;4;8;3;14 Avenue du General Brosset;45,6516720000;4,7511420000
202200020367;1;2;2022;08:30;1;93;93073;2;2;2;3;LORRAINE (RUE DE);48,9402100000;2,5773100000
202200020368;1;2;2022;14:30;1;93;93048;2;3;8;2;GABRIEL PERI (AVENUE);48,8573300000;2,4399400000
202200020369;11;11;2022;15:10;1;2A;2A285;1;1;1;7;RD 420;41,7547254033;9,1212750246
202200020370;1;2;2022;10:30;1;93;93048;2;2;2;6;Rue Hoche / Avenue de la Résistance;48,8640400000;2,4361580000
202200020371;15;11;2022;15:00;1;63;63004;1;1;2;6;Voie Communale champ pommier;45,9418250000;2,7918630000
202200020372;1;2;2022;13:30;1;93;93046;2;2;2;3;MARECHAL LECLERC AVENUE;48,9201000000;2,5393300000
202200020373;12;11;2022;20:30;5;62;62502;2;3;5;7;D172;50,6145190000;2,6673500000
202200020374;31;1;2022;18:30;5;93;93032;2;1;1;6;JEAN JAURES (AVENUE);48,8828300000;2,5261600000
202200020375;15;11;2022;14:10;1;29;29078;1;1;1;6;N165;48,3171345282; -4,2177685549
202200020376;1;2;2022;05:50;5;93;93029;2;3;2;3;AUGUSTE BLANQUI;48,9212200000;2,4543300000
202200020377;14;11;2022;19:55;3;14;14027;1;1;2;6;Bois de Vingt Bec;48,9925660000; -0,5999570000
202200020378;1;2;2022;17:00;1;93;93010;2;1;1;3;QUATORZE-JUILLET (AV. DU);48,9118185376;2,4911912531
202200020379;1;2;2022;16:00;1;92;92022;2;5;2;7;REPUBLIQUE (BOULEVARD DE LA);48,8089216575;2,1878164709
202200020380;14;11;2022;16:54;2;38;38368;1;9;8;3;Route de Charavines;45,3911120000;5,5268530000
202200020381;1;2;2022;07:25;2;92;92040;2;1;2;6;GAMBETTA (BOULEVARD);48,8278541077;2,2742895484
202200020382;31;1;2022;10:02;1;92;92025;2;2;8;3;KLEBER (AV);48,9356740000;2,2609550000
202200020383;14;11;2022;20:35;3;34;34169;1;1;2;1;M17;43,6659620000;3,8661360000
202200020384;1;2;2022;16:10;1;92;92024;2;2;1;3;JEAN JAURES (BD) DE (111 A 159);48,9054600409;2,3018089458
202200020385;1;2;2022;18:52;5;92;92060;2;1;1;3;CHARLES DE GAULLE (PLACE);48,7833308860;2,2683278024
202200020386;14;11;2022;18:15;4;56;56193;2;1;1;3;73 Route de Merlevenez;47,7165110000; -3,3003240000
202200020387;1;2;2022;09:00;1;92;92023;2;1;2;3;SOLEIL LEVANT (RUE DU);48,7893400000;2,2617200000
202200020388;4;11;2022;14:45;1;56;56090;1;2;1;3;Fetan er Guin;47,8781240000; -3,2155390000
202200020389;1;2;2022;19:40;3;92;92012;2;2;1;7;REPUBLIQUE (BOULEVARD DE LA) 5/77BIS - 6;48,8310724137;2,2572614104
202200020390;1;2;2022;16:10;1;974;97415;1;6;1;7;Route de Cambaie; -20,9598220000;55,2938030000
202200020391;14;11;2022;07:00;3;76;76469;1;1;5;6;CD921;49,4873850000;1,4874030000
202200020392;30;1;2022;02:20;3;17;17315;1;1;1;6;D108;46,1379020000; -0,9142900000
202200020393;14;11;2022;15:00;1;2A;2A032;1;1;7;6;route de bottaccina;41,9388670000;8,8409360000
202200020394;2;2;2022;10:00;1;01;01427;2;6;1;3;Rue de la Gare;45,9386487203;4,7800236940
202200020395;14;11;2022;12:20;1;2B;2B077;1;1;1;3;Ratone;42,4703280000;9,4808950000
202200020396;1;2;2022;15:00;1;14;14061;1;2;8;3;D577;48,9297047080; -0,8100914955
202200020397;8;11;2022;17:23;2;32;32132;2;2;2;3;RUE DU CORPS FRANC POMMIES;43,8566100000;0,6617550000
202200020398;1;2;2022;16:20;1;67;67472;2;4;2;6;Rue du Moulin;48,8299030000;7,9642070000
202200020399;29;10;2022;15:30;1;46;46251;1;1;1;6;LE MAZEL D940/ pk 24;44,8379630000;1,8811080000
202200020400;1;2;2022;22:10;3;71;71412;1;1;2;6;RN 70;46,7104051825;4,4274920797
202200020401;1;2;2022;11:45;1;41;41152;1;1;2;7;D923;47,5340520000;1,7393700000
202200020402;14;11;2022;20:15;3;39;39466;1;1;2;7;Rue de la Source;46,5300490000;5,4546500000
202200020403;31;1;2022;07:45;5;29;29189;2;1;1;6;69 Avenue Charles de Gaulle;48,3806210000; -4,3765300000
202200020404;2;2;2022;09:00;1;34;34237;2;1;1;6;Avenue de Pezenas;43,5031540000;3,3140590000
202200020405;14;11;2022;16:20;1;44;44125;2;1;1;2;103 avenue du général de gaulle;47,3798120000; -2,5387640000
202200020406;31;1;2022;13:30;1;38;38504;1;1;2;7;Route de la Croix Blanche;45,3016130000;5,9947440000
202200020407;17;1;2022;14:50;1;38;38229;2;6;1;3;D1090;45,2144510000;5,7800640000
202200020408;14;11;2022;19:05;3;29;29130;2;1;1;1;818 Route de Trégana;48,3573430000; -4,6530430000
202200020409;15;11;2022;17:15;2;29;29170;1;1;2;6;54 Route de Pont l'Abbe;47,9394800000; -4,1720850000
202200020410;1;2;2022;19:15;5;01;01266;2;2;2;4;Route de Chalon;46,3405730000;5,1275250000
202200020411;13;11;2022;18:45;3;31;31345;1;1;1;7;D43;43,4056400000;1,4380500000
202200020412;28;7;2022;10:10;1;16;16355;1;1;1;7;D55;45,7515540000; -0,3971310000
202200020413;14;11;2022;18:30;3;58;58286;1;1;2;1;D34;47,3595430000;3,5809100000
202200020414;2;2;2022;12:25;1;50;50521;1;2;1;2;route départementale 924;48,8306970000; -1,1676210000
202200020415;19;7;2022;12:00;1;33;33080;1;8;1;6;Rue de Millefleurs;44,7410220000; -0,5313780000
202200020416;14;11;2022;14:15;1;72;72023;1;9;1;7;Lieu Dit l’Arche;48,1717180000;0,2622910000
202200020417;15;11;2022;17:50;5;60;60584;2;1;2;6;Avenue Jules Ferry;49,2171350000;2,4230430000
202200020418;26;7;2022;17:30;1;33;33487;2;3;1;3;Avenue Gustave Eiffel;44,9486170000; -0,4680630000
202200020419;13;11;2022;05:15;3;45;45224;1;9;2;6;D5 PR 32+236;48,0709460000;2,0870000000
202200020420;28;7;2022;17:10;1;59;59409;2;1;1;7;Rue d Erchin;50,3234820362;3,2045960426
202200020421;1;2;2022;09:00;1;43;43232;1;3;1;3;RN102;45,2045130000;3,5007860000
202200020422;23;7;2022;02:57;3;13;13216;1;1;1;6;A55-Sens Marseille vers Martigues;43,3576000000;5,3454700000
202200020423;15;11;2022;17:55;3;73;73082;2;1;8;6;D204;45,4949580000;6,0726770000
202200020424;1;2;2022;15:45;1;10;10209;2;1;2;6;24 Avenue Pierre Gomand;48,2516646719;4,2630386353
202200020425;26;7;2022;22:21;3;13;13005;1;1;1;3;A50-Sens Aubagne vers Marseille;43,2848900000;5,5265100000
202200020426;14;11;2022;08:35;1;23;23139;1;1;7;1;les Maisons;46,3947692227;1,9356107712
202200020427;19;4;2022;17:15;1;976;97603;2;1;1;5;route nationale 3 Nyambadao; -12,8932010000;45,2018040000
202200020428;27;7;2022;07:55;1;33;33075;1;1;1;7;ROCADE A 630;44,8900656193; -0,6115275621
202200020429;14;11;2022;15:00;1;30;30341;2;1;3;6;Avenue Robert Gourdon;43,6971000000;4,2740410000
202200020430;2;2;2022;08:00;2;22;22176;1;1;8;5;RD 700, PR 43.100;48,4424770000; -2,7491220000
202200020431;22;7;2022;18:45;1;59;59234;1;1;1;6;AUTOROUTE A21;50,4021900603;3,0658078194
202200020432;1;2;2022;18:45;3;76;76484;1;1;2;7;A13;49,3437680000;1,0455570000
202200020433;15;11;2022;06:45;1;973;97307;1;3;1;1;N4 - la matouriene;4,8663180000; -52,3112300000
202200020434;29;1;2022;19:00;5;33;33229;2;3;1;3;Route de Lenan;44,7065000000; -1,0347750000
202200020435;25;7;2022;08:05;1;59;59566;1;1;1;4;AUTOROUTE A25;50,6212296208;2,9709783196
202200020436;5;11;2022;00:30;3;76;76314;1;1;1;6;Autoroute A 29;49,5690154040;0,3495614501
202200020437;1;2;2022;17:15;1;987;98747;1;1;1;7;PK 8+800 RT3 à PUEU; -17,7648000000; -149,2130890000
202200020438;27;7;2022;09:40;1;91;91689;1;1;1;2;AUTOROUTE A6B;48,7420400000;2,3228300000