Num_Acc;jour;mois;an;hrmn;lum;dep;com;agg;int;atm;col;adr;lat;long
202200020439;14;11;2022;07:40;1;973;97309;2;1;1;3;Route de Rémire;4,8970990000; -52,2739980000
202200020440;31;1;2022;17:00;2;70;70018;2;3;8;6;CD 13 / Rue des Veffonds;47,4477130000;5,6366920000
202200020441;1;2;2022;05:00;3;68;68154;2;1;9;3;14 Rue de Berne;47,7716700000;7,3825230000
202200020442;14;11;2022;17:40;2;69;69157;1;1;2;2;Autoroute 89;45,8703693626;4,4922709465
202200020443;28;1;2022;19:40;3;67;67433;1;1;1;6;D606;48,3887620000;7,5927110000
202200020444;27;7;2022;00:25;3;94;94021;1;1;1;4;AUTOROUTE A6B;48,7659898511;2,3426223387
202200020445;2;2;2022;02:00;3;73;73213;1;4;2;6;D201 - 1510 route d'Apremont;45,5467510000;5,9569720000
202200020446;26;7;2022;22:30;3;91;91179;1;1;1;7;AUTOROUTE A6;48,5520200000;2,4939900000
202200020447;1;2;2022;19:20;5;31;31395;2;1;1;2;144 Avenue des Pyrénées;43,4467190000;1,3174800000
202200020448;27;7;2022;08:30;1;78;78133;1;1;1;2;A13W;48,8888810000;2,0106830000
202200020449;2;2;2022;10:00;1;79;79088;1;1;8;1;;46,8158730000; -0,3992470000
202200020450;27;7;2022;00:30;3;92;92072;1;1;1;6;N118;48,8224757424;2,2222421137
202200020451;27;7;2022;14:45;1;93;93053;1;1;1;3;AUTOROUTE A3;48,8956000000;2,4705300000
202200020452;2;2;2022;17:20;1;60;60241;1;1;1;3;RN330;49,1557370000;2,6651820000
202200020453;2;2;2022;16:05;1;60;60010;2;1;1;2;Avenue de Bruxelles;49,2186200000;2,1103410000
202200020454;19;7;2022;11:35;1;93;93010;1;1;1;4;AUTOROUTE A3;48,9109800000;2,4756800000
202200020455;31;1;2022;17:00;1;80;80618;2;1;8;6;12 Rue du General de Gaulle;50,1717880000;1,5729930000
202200020456;1;2;2022;16:00;1;13;13214;1;1;1;3;A507 sens Aubagne- Marseille;43,3299108118;5,3930482969
202200020457;26;7;2022;21:55;5;94;94017;1;1;1;6;A4;48,8266507839;2,5161742429
202200020458;26;3;2022;11:45;1;43;43157;2;9;1;7;Rond Point des 3 Pierres;45,0498100000;3,9026000000
202200020459;31;1;2022;16:10;1;13;13211;1;1;1;2;A50-Sens Marseille vers Aubagne;43,2864300000;5,4329400000
202200020460;31;3;2022;17:40;1;43;43003;1;1;8;6;Menteyres;45,1844300000;3,6919420000
202200020461;31;1;2022;10:00;1;13;13212;1;1;1;2;A507 sens Marseille - Aubagne;43,2950214935;5,4244418090
202200020462;25;7;2022;20:40;2;77;77495;2;9;1;6;MENDES FRANCE (RUE PIERRE);48,5639700000;2,6172800000
202200020463;1;2;2022;09:00;1;91;91161;1;1;2;6;AUTOROUTE A6;48,7149900000;2,3091700000
202200020464;1;2;2022;20:40;3;95;95572;1;1;1;7; A15;49,0309419120;2,1210050583
202200020465;30;4;2022;02:00;3;57;57474;1;1;1;6;Autoroute A31;49,2677244000;6,1719020000
202200020466;1;2;2022;11:20;1;93;93073;1;1;2;5;AUTOROUTE A104;48,9695900000;2,5684100000
202200020467;14;5;2022;16:02;1;30;30351;2;1;1;2;Avenue du General Leclerc;43,9548100000;4,7831000000
202200020468;1;2;2022;10:00;1;93;93066;1;1;1;2;AUTOROUTE A86;48,9226672444;2,3537688117
202200020469;27;4;2022;19:57;1;92;92004;2;1;1;3;ARGENTEUIL AV D';48,9169689999;2,2819778323
202200020470;1;2;2022;09:40;1;92;92036;1;1;2;4;AUTOROUTE A15;48,9464707688;2,2824191861
202200020471;1;2;2022;09:00;1;93;93027;1;1;2;6;AUTOROUTE A86;48,9263100000;2,4012700000
202200020472;9;4;2022;01:56;5;92;92004;2;1;1;2;AULAGNIER ( QUAI );48,9138469514;2,3092247844
202200020473;1;2;2022;06:50;2;95;95582;1;1;2;4;A15;48,9756726346;2,2399449348
202200020474;26;7;2022;16:30;1;69;69383;2;2;1;1;Avenue Félix Faure;45,7527600000;4,8520800000
202200020475;31;1;2022;07:10;2;93;93078;1;1;1;4;AUTOROUTE A104;48,9610200000;2,5429000000
202200020476;31;1;2022;19:00;3;77;77121;1;1;1;2;A4;48,8318978282;2,6741537641
202200020477;27;7;2022;00:50;5;69;69381;2;1;1;2;Quai André Lassagne;45,7728300000;4,8383400000
202200020478;31;1;2022;09:00;1;77;77146;1;1;1;5;A4.W;48,8314000000;2,6432000000
202200020479;31;1;2022;16:10;1;75;75115;2;1;1;3;RUE DE VAUGIRARD;48,8435030000;2,3144130000
202200020480;31;1;2022;13:30;1;75;75109;2;1;1;3;BOULEVARD DES CAPUCINES;48,8704530000;2,3311280000
202200020481;26;7;2022;15:10;1;69;69202;2;1;1;1;Rue Commandant Charcot;45,7502100000;4,7981700000
202200020482;30;1;2022;20:45;5;75;75107;2;3;1;3;QUAI VOLTAIRE;48,8592610000;2,3302280000
202200020483;31;1;2022;15:05;1;75;75103;2;2;1;3;RUE DE BRETAGNE;48,8628740000;2,3625940000
202200020484;31;1;2022;14:10;1;75;75102;2;5;1;6;RUE REAUMUR;48,8677800000;2,3454200000
202200020485;30;1;2022;14:45;1;94;94068;2;1;1;6;Quai de Bonneuil;48,7850780000;2,4977790000
202200020486;26;7;2022;07:25;1;2B;2B033;2;4;1;3;LUCIE - RESID. SAINTE;42,7076500000;9,4431200000
202200020487;29;1;2022;21:20;5;94;94058;2;1;2;3;Avenue du 8 Mai 1945;48,8500300000;2,5093300000
202200020488;25;7;2022;17:00;1;971;97101;2;1;1;7;BOULEVARD DES HEROS;16,2503000000; -61,5227500000
202200020489;30;1;2022;00:58;5;94;94002;2;1;1;6;13 Allée Jean-Baptiste Preux;48,7780210160;2,4220883846
202200020490;26;7;2022;20:09;1;2A;2A004;2;1;1;1;MEZZAVIA ROUTE DE;41,9519900000;8,7762700000
202200020491;31;1;2022;18:15;5;93;93064;2;1;1;3;KENNEDY (AVENUE DU PRESIDENT);48,8792140000;2,4908810000
202200020492;31;1;2022;08:55;1;93;93064;2;1;1;2;LISBONNE (RUE DE);48,8810113202;2,4716910884
202200020493;31;1;2022;13:14;1;93;93074;2;2;1;3;DE GAULLE AVENUE DU GENERAL;48,9429670550;2,5690554539
202200020494;24;7;2022;10:00;1;95;95598;2;2;1;3;Avenue du Général Leclerc;48,9825077824;2,3004877567
202200020495;31;1;2022;18:30;5;93;93008;2;1;1;3;VAILLANT (AVENUE EDOUARD);48,9092646323;2,4676814957
202200020496;12;1;2022;13:45;1;93;93008;2;1;1;3;Rue Henri Gautier;48,9049870000;2,4264550000
202200020497;26;7;2022;13:20;1;91;91064;1;1;1;2;LEON MIGNOTTE ( RUE);48,7580420000;2,2083760000
202200020498;31;1;2022;16:35;1;93;93007;2;1;1;3;CHARLES FLOQUET (AVENUE);48,9393880000;2,4581190000
202200020499;31;1;2022;09:00;1;93;93005;2;2;8;3;ANATOLE FRANCE (AVENUE);48,9358233297;2,4939051214
202200020500;26;7;2022;08:45;1;91;91377;2;2;1;1;RUE DE LA DIVISION LECLERC;48,7302600000;2,2735000000
202200020501;31;1;2022;09:40;1;92;92073;2;2;1;4;ROOSVELT (AVENUE FRANKLIN);48,8716670000;2,2224080000
202200020502;31;1;2022;16:55;1;92;92035;2;2;8;3;National ( boulevard );48,9068597090;2,2390485406
202200020503;26;7;2022;08:45;1;91;91477;2;1;8;6;GENERAL LECLERC (AVENUE DU);48,7021300000;2,2211300000
202200020504;30;1;2022;01:22;5;92;92002;2;3;1;5;DIVISION LECLERC (53 A 217 - 58 A 186);48,7438400000;2,3031400000
202200020505;30;1;2022;13:00;1;92;92002;2;1;1;2;ADOLPHE PAJEAUD (RUE);48,7399200000;2,2790200000
202200020506;31;1;2022;15:30;1;09;09289;2;1;2;6;D117;43,0145700000;1,1101130000
202200020507;31;1;2022;09:00;1;09;09149;1;1;2;6;rd618;42,9181280000;1,1910900000
202200020508;25;7;2022;08:05;1;87;87085;2;2;1;2;21 AOUT 1944 (BD DU);45,8106300000;1,2575500000
202200020509;31;1;2022;17:00;1;76;76562;1;1;1;3;D149;49,8625710000;1,1750490000
202200020510;23;7;2022;12:05;1;83;83061;2;9;1;6;BOULEVARD DE LA MER;43,4240764380;6,7403483391
202200020511;27;1;2022;17:00;2;57;57428;1;1;2;3;D603;49,1166670000;6,7630400000
202200020512;30;1;2022;17:36;1;36;36239;1;1;1;7;A20;46,4728030000;1,4974020000
202200020513;1;2;2022;17:20;1;30;30151;1;1;1;7;;44,1799000000;4,3602200000
202200020514;22;7;2022;21:00;1;80;80021;2;1;1;1;SAINT FUSCIEN (RUE);49,8836600000;2,3041800000
202200020515;30;1;2022;09:50;1;37;37232;1;1;2;6;;47,2871185488;0,2824902534
202200020516;1;2;2022;14:44;1;44;44154;1;1;1;2;Avenue du 8 Mai 1945;47,1995620000; -2,1474410000
202200020517;1;2;2022;16:15;1;76;76655;1;1;1;6;D20;49,8564840000;0,7222100000
202200020518;31;1;2022;12:55;1;42;42150;1;1;1;1;946 Route de Marcoux;45,7144020000;4,0480170000
202200020519;31;1;2022;22:30;3;68;68152;2;1;2;6;D432;47,6641370000;7,2656750000
202200020520;14;7;2022;16:59;1;78;78297;2;1;7;1;GAUDI (RUE ANTONIO);48,7657930000;2,0745080000
202200020521;1;2;2022;14:55;1;29;29049;1;3;1;3;Lieu Dit Kermoal;47,9795840000; -3,8653740000
202200020522;31;1;2022;07:45;1;38;38081;1;1;2;5;D518;45,5409120000;5,0924780000
202200020523;31;1;2022;13:00;1;15;15063;1;1;2;2;D922;45,1411400000;2,3989030000
202200020524;26;7;2022;21:10;5;76;76216;2;1;1;6;Rue Jean Richard;49,4642300000;1,0471100000
202200020525;31;1;2022;12:15;1;72;72359;1;2;1;3;le-Pavé-de-Torcé;48,1399800000;0,3792200000
202200020526;26;7;2022;08:35;1;76;76322;1;1;1;6;N338 - Sud 3;49,3994700000;1,0325700000
202200020527;13;1;2022;06:45;5;40;40126;2;6;5;6;Route de Dax;43,7019590000; -0,9270040000
202200020528;31;1;2022;20:35;3;27;27481;1;1;1;3;RN 12;48,7167410000;0,8645190000
202200020529;23;7;2022;17:19;1;76;76305;2;3;1;3;OUDALLE (ROUTE);49,5033900000;0,2071500000
202200020530;25;5;2022;14:30;1;22;22272;1;1;1;1;RN12;48,5508356444; -3,1132164716
202200020531;28;1;2022;14:00;1;76;76181;1;1;5;6;autoroute a29;49,6284733750;0,6105975062
202200020532;26;7;2022;11:10;1;74;74118;1;1;1;5;18 AOUT (RUE DU);46,1666800000;6,1934300000
202200020533;1;2;2022;07:35;3;45;45302;1;1;1;2;A10 - PK 94+800;47,9451899780;1,8484711647
202200020534;1;2;2022;12:45;1;11;11370;1;1;6;6;A9 - pk 179+300;43,2285700000;3,1065560000
202200020535;25;5;2022;09:15;1;42;42284;2;4;1;3;2210 Route de Roanne;46,0825820000;4,0174340000
202200020536;25;7;2022;15:10;1;71;71306;2;1;1;6;ALOUETTES (AVENUE DES);46,6819770000;4,3624500000
202200020537;29;1;2022;18:15;1;987;98725;2;1;1;3;RT2 Apahere; -17,5067260000; -149,4876410000
202200020538;22;5;2022;17:30;2;974;97414;2;1;1;7;41 Rue des Vetyvers; -21,2764860000;55,4177700000
202200020539;30;1;2022;21:00;5;987;98712;2;1;1;1;RT02 - PUOORO; -17,5429770000; -149,5036460000
202200020540;26;7;2022;11:30;1;69;69266;2;2;1;2;Rue Docteur Dolard;45,7620000000;4,8720000000
202200020541;24;5;2022;23:05;5;38;38337;2;1;1;3;49 Rue de la République;45,3492800000;5,5040160000
202200020542;26;1;2022;16:15;1;34;34179;1;1;1;3;D27;43,6102900000;3,7169410000
202200020543;26;7;2022;11:50;1;67;67482;2;1;1;3;FRERES EBERTS (RUE DES);48,5541900000;7,7402300000
202200020544;31;1;2022;12:50;1;973;97304;2;1;1;1;Avenue des Roches;5,1575820000; -52,6426540000
202200020545;25;7;2022;11:30;1;67;67482;2;8;1;6;ROYAL (PONT);48,5844200000;7,7584300000
202200020546;24;5;2022;16:40;1;62;62648;2;1;1;1;D127;50,5884380000;1,8090480000
202200020547;26;7;2022;17:20;1;64;64260;2;1;1;3;Rue Ansoenia;43,3704300000; -1,7641100000
202200020548;30;1;2022;14:50;1;30;30345;2;1;1;6;;44,2794000000;4,0039000000
202200020549;30;4;2022;01:00;3;77;77398;1;1;1;7;D222;48,8890400000;3,3029090000
202200020550;26;7;2022;14:05;1;59;59090;2;9;1;3;AMSTERDAM (AVENUE);50,7203370617;3,1313395500
202200020551;23;7;2022;16:00;1;57;57672;2;1;1;6;ALBERT 1ER (AVENUE) - IMPAIR;49,3643900000;6,1689100000
202200020552;24;5;2022;16:40;1;34;34095;1;9;1;1;Route de Villeneuve;43,5488130000;3,8057110000
202200020553;30;1;2022;10:30;1;83;83027;1;1;1;3;D82;43,2002751463;5,7591465711
202200020554;25;7;2022;12:40;1;56;56121;2;1;1;6;1 Rue de la Voûte;47,7555596000; -3,3757766000
202200020555;26;7;2022;12:15;1;54;54304;2;1;1;6;REPUBLIQUE (RUE DE LA);48,6832100000;6,1446700000
202200020556;22;5;2022;15:05;1;57;57704;2;3;1;3;GRAND RUE;49,3366870000;6,3694200000
202200020557;26;7;2022;11:55;1;53;53130;2;1;1;3;BRETAGNE ( RUE DE );48,0687500000; -0,7980100000
202200020558;30;1;2022;14:30;1;83;83027;1;1;1;2;Route de Bandol;43,1621960000;5,7641960000
202200020559;24;5;2022;17:30;1;89;89278;2;4;1;1;Rue des Hauberts;48,1626520000;3,3900550000
202200020560;26;7;2022;18:38;1;51;51454;2;4;1;1;rue Lanson;49,2449400000;4,0552000000
202200020561;26;7;2022;09:55;1;50;50218;2;1;1;3;MARECHAL LECLERC (AV DU);48,8380800000; -1,5853000000
202200020562;1;2;2022;22:25;1;83;83023;2;9;7;6;Cours de la Liberté;43,4061990000;6,0651000000
202200020563;24;5;2022;20:00;2;67;67305;1;1;1;7;route du Rhin;48,9317720000;8,1667790000
202200020564;25;7;2022;20:30;1;49;49267;2;1;1;7;MAURIAC;47,4725100000; -0,4854100000
202200020565;25;7;2022;10:34;1;49;49267;2;1;1;6;A87N;47,4667200000; -0,5154700000
202200020566;25;5;2022;15:00;1;67;67467;1;1;1;7;;48,8477450000;7,2084210000
202200020567;1;2;2022;06:15;2;13;13004;1;1;6;5;D453;43,6375580000;4,7440660000
202200020568;26;5;2022;07:00;1;79;79061;2;4;8;7;;46,2647410000; -0,2219210000
202200020569;26;7;2022;05:50;2;45;45004;2;1;1;1;1264 Avenue du Docteur Schweitzer;48,0008100000;2,7657900000
202200020570;25;5;2022;00:05;3;82;82085;1;1;1;6;Route d Auch;43,9716770000;1,2748650000
202200020571;24;7;2022;20:10;1;44;44184;2;6;1;3;Rue Gabriel Fauré;47,2678600000; -2,2338800000
202200020572;20;5;2022;17:45;1;65;65375;1;1;1;7;N21;43,3782280000;0,1473710000
202200020573;26;7;2022;11:05;1;43;43157;2;1;1;6;15 avenue André Soulier;45,0361000000;3,8837500000
202200020574;26;7;2022;17:45;1;37;37122;2;1;1;6;RD 37;47,3411928310;0,6496310234
202200020575;30;1;2022;16:54;1;71;71250;1;1;1;6;Route de Macon;46,3867570000;4,8048820000
202200020576;25;5;2022;17:15;1;33;33540;2;2;1;3;40 Boulevard de Lattre de Tassigny;45,3766590000; -1,1502980000
202200020577;26;7;2022;16:00;1;35;35238;2;1;1;6;SUEDE (DE);48,0867200000; -1,6772500000
202200020578;25;5;2022;11:00;1;33;33195;2;1;1;6;2 Allée Saint Michel;44,3882980000; -0,0433180000
202200020579;26;7;2022;15:45;1;35;35278;1;1;1;2;N136;48,1408005508; -1,6903723776
202200020580;24;5;2022;15:30;1;71;71496;2;1;1;7;Rue du Coteau de Voyen;46,9044840000;4,6536430000
202200020581;30;1;2022;16:20;1;67;67237;2;1;1;6;48 Rue du Lieutenant de Bettignies;48,6751690000;7,8572160000
202200020582;26;7;2022;16:05;1;35;35051;2;1;1;1;RIGOURDIERE (RUE DE LA);48,1155700000; -1,5872400000
202200020583;25;7;2022;18:00;1;35;35051;2;1;1;2;PARIS (RUE DE);48,1136718739; -1,6021840274
202200020584;26;5;2022;12:05;1;71;71470;1;1;1;3;D45;46,3170140000;4,6303400000
202200020585;26;7;2022;08:13;1;31;31344;1;1;2;7;POINTIS INARD (ROUTE DE);43,0970554726;0,7599931955
202200020586;31;1;2022;19:30;3;03;03253;1;1;1;2;pk 8+525 D480;46,4605006957;3,6377073485
202200020587;26;5;2022;03:30;3;61;61100;1;1;2;6;Lieu Dit Fai;48,7088500000;0,6197600000
202200020588;26;7;2022;09:00;1;27;27681;2;3;1;1;DE LATTRE DE TASSIGNY (AVENUE DU MAL);49,0850100000;1,4629400000
202200020589;31;1;2022;10:57;1;42;42022;2;1;8;3;42 Av de Saint Marcellin;45,5178650000;4,2045020000
202200020590;26;5;2022;01:28;3;49;49367;1;1;1;6;La Petite Chapelle;47,6032120000; -0,8214910000
202200020591;26;7;2022;07:50;1;27;27681;2;1;1;6;MONTIGNY (101 RUE DE);49,0934700000;1,4726700000
202200020592;29;1;2022;16:20;1;07;07034;1;1;1;7;;44,3648890000;4,5302810000
202200020593;25;5;2022;17:52;1;47;47100;1;1;1;2;N21;44,2554820000;0,6564550000
202200020594;14;7;2022;23:08;5;24;24037;2;1;1;6;BRIAND (AVENUE ARISTIDE);44,8523306234;0,4707505703
202200020595;31;1;2022;19:35;3;33;33019;1;1;1;3;Avenue du Bas Vallon;44,6751101871; -1,0028806329
202200020596;22;7;2022;12:10;1;19;19031;2;3;1;3;RIVET (AVENUE JEAN CHARLES);45,1504300000;1,4976100000
202200020597;24;5;2022;12:45;1;86;86211;1;2;1;3;D158;46,2594520000;0,2773620000
202200020598;31;1;2022;16:10;1;85;85163;1;1;1;3;RD96;47,0024600000; -2,2587110000
202200020599;26;7;2022;10:30;1;17;17306;2;1;2;3;ROCHEFORT (DE)  (AVENUE);45,6413600000; -1,0247200000
202200020600;16;5;2022;16:45;1;39;39478;2;1;1;3;Parking de la place du 9 avril;46,3913060000;5,8640190000
202200020601;25;7;2022;09:50;1;17;17306;2;1;1;6;LAVOISIER (ANTOINE DE);45,6313220000; -0,9891110000
202200020602;31;1;2022;20:30;5;22;22225;1;2;1;1;D5;48,5463210000; -3,1323340000
202200020603;26;5;2022;19:05;1;29;29282;1;1;1;1;D28 - Kerjean;48,3653380000; -4,7457500000
202200020604;26;7;2022;16:45;1;14;14437;1;1;1;4;N814;49,1735300000; -0,3092100000
202200020605;26;5;2022;15:27;1;29;29170;1;3;1;1;Hent An Dour Ruz;47,9459880000; -4,1465990000
202200020606;27;1;2022;08:05;1;54;54459;1;1;1;2;Autoroute A 330;48,6048050000;6,1735070000
202200020607;26;7;2022;18:00;1;13;13002;2;1;1;-1;7 RMENT DE TIRAILLEURS ALGERIENS (AVENUE;43,3383769679;5,4675954581
202200020608;27;4;2022;07:55;1;38;38399;2;2;1;3;D518;45,5024070000;5,1291990000
202200020609;28;1;2022;19:35;3;59;59462;1;1;1;6;AUTOROUTE A1;50,5047703322;3,0173483491
202200020610;26;7;2022;16:15;1;11;11069;2;2;1;3;Rue Joseph - Francois Dupleix;43,2112400000;2,3265500000
202200020611;25;5;2022;12:40;1;02;02613;2;9;1;3;1 Route de Guignicourt;49,4077690000;3,8212310000
202200020612;26;7;2022;18:25;1;05;05061;2;1;1;6;FAURE DU  SERRE ( RUE );44,5613100000;6,0811900000
202200020613;31;1;2022;10:21;1;78;78238;1;1;1;3;A13;48,9691380000;1,8639800000
202200020614;25;5;2022;20:36;1;03;03014;1;1;7;6;D212;46,3373920000;3,9429380000
202200020615;25;7;2022;12:40;1;04;04112;2;4;1;2;ROBERT (CH.DE);43,8158600000;5,7915100000
202200020616;31;1;2022;04:45;5;92;92063;1;1;8;6;A86;48,8888475181;2,1682327380
202200020617;25;5;2022;00:20;3;15;15092;1;1;1;6;D922;45,4473290000;2,5421870000
202200020618;18;5;2022;12:50;1;15;15066;1;1;1;7;La chaze;45,1406330000;2,6469590000
202200020619;24;7;2022;13:30;1;75;75120;2;1;1;2;PORTE DE VINCENNES;48,8483160000;2,4147680000
202200020620;25;7;2022;20:40;2;75;75105;2;1;1;7;RUE PIERRE NICOLE;48,8405460000;2,3393330000
202200020621;30;1;2022;04:30;5;78;78466;1;1;8;1;A13;48,9255460000;1,9973990000
202200020622;26;5;2022;08:25;1;70;70196;2;1;1;1;D14;47,8344870000;6,2130500000
202200020623;26;7;2022;19:20;1;75;75120;2;2;1;3;BOULEVARD MORTIER;48,8753550000;2,4075370000
202200020624;26;7;2022;03:42;5;75;75119;2;7;1;2;PLACE DE LA BATAILLE DE STALINGRAD;48,8827860000;2,3702720000
202200020625;26;7;2022;07:30;1;75;75118;2;1;1;2;AVENUE DE LA PORTE DE CLIGNANCOURT;48,8988730000;2,3441860000
202200020626;31;1;2022;09:15;1;93;93066;1;1;1;1;AUTOROUTE A1;48,9307730768;2,3665103285
202200020627;26;7;2022;10:50;1;75;75116;2;1;1;3;AVENUE KLEBER;48,8685100000;2,2910210000
202200020628;25;7;2022;16:05;1;75;75116;2;1;1;6;RUE DU RANELAGH;48,8533010000;2,2789450000
202200020629;25;5;2022;16:35;1;26;26365;1;1;1;5;D538;44,7770900000;5,0214960000
202200020630;25;7;2022;22:35;5;75;75115;2;4;1;3;QUAI BRANLY;48,8553150000;2,2895790000
202200020631;31;1;2022;14:00;1;77;77146;1;1;1;4;A4;48,8314000000;2,6432000000
202200020632;25;7;2022;22:50;5;75;75115;2;1;1;2;RUE LOUIS ARMAND;48,8330550000;2,2779090000
202200020633;25;5;2022;10:15;1;54;54146;1;4;1;2;Route départementale 674;48,5792334696;5,8875775339
202200020634;23;5;2022;14:35;1;06;06007;1;1;1;6;Route de Grasse;43,6185780000;6,9219120000
202200020635;26;7;2022;13:05;1;75;75114;2;2;1;6;RUE FROIDEVAUX;48,8359900000;2,3276090000
202200020636;30;1;2022;11:45;1;13;13098;2;1;1;1;BELLEFONT RUE;43,4537800000;5,0126900000
202200020637;25;5;2022;16:00;1;14;14735;1;3;1;6;D40 ;49,0373800000; -0,0749700000
202200020638;26;7;2022;09:10;1;75;75114;2;3;1;6;RUE DAGUERRE;48,8356830000;2,3249680000
202200020639;26;7;2022;22:14;5;75;75108;2;2;1;2;AVENUE GEORGE V;48,8700690000;2,3009970000
202200020640;29;1;2022;12:15;1;974;97416;1;1;1;3;MOURGAPAMODELLY (IMPASSE); -21,3103000000;55,4346000000
202200020641;26;5;2022;17:10;1;50;50152;1;2;1;3;D48;48,7133570000; -1,1087290000
202200020642;25;7;2022;23:50;5;75;75108;2;7;1;3;PLACE DE LA CONCORDE;48,8658640000;2,3198530000
202200020643;24;5;2022;16:00;1;45;45272;1;1;1;1;D14 PK 13 + 256;47,8202780000;1,9871630000
202200020644;26;7;2022;10:50;1;75;75103;2;2;1;3;BOULEVARD DE SEBASTOPOL;48,8662380000;2,3525410000
202200020645;26;5;2022;01:00;3;73;73048;1;1;1;6;Route du champeney;45,5810670000;6,3318640000
202200020646;30;1;2022;05:20;5;69;69388;2;1;1;6;Avenue Viviani;45,7256600000;4,8671700000
202200020647;26;7;2022;09:15;1;75;75104;2;3;1;6;RUE DE RIVOLI;48,8554710000;2,3601000000
202200020648;26;5;2022;00:15;3;18;18289;1;1;1;6;;46,9536460000;2,5657800000
202200020649;25;7;2022;21:50;2;94;94081;2;1;1;7;Avenue du Colonel Fabien;48,7850380000;2,3783760000
202200020650;25;5;2022;10:40;1;18;18197;2;6;1;6;Rue de Juranville;46,7250580000;2,5064170000
202200020651;26;7;2022;03:30;5;93;93072;2;1;1;6;Rue Eugène Cas;48,9664415173;2,3854178935
202200020652;26;7;2022;02:40;5;93;93014;2;1;1;6;Allée de Gagny;48,9028622660;2,5476667285
202200020653;22;5;2022;11:30;1;43;43087;1;5;1;3;D 501;45,1942370000;4,3455000000
202200020654;30;1;2022;14:00;1;972;97213;2;1;1;5;ROUTE DEPARTEMENTALE 3;14,6546100000; -60,9893200000
202200020655;25;7;2022;23:27;5;93;93047;2;2;1;3;Avenue Gabriel Péri / Avenue des Coquelicots;48,8901800000;2,5520500000
202200020656;24;5;2022;18:00;1;43;43268;1;1;1;1;RN88;45,1299850000;4,0954110000
202200020657;26;7;2022;17:40;1;93;93071;2;1;1;6;Allée des Peupliers;48,9294474893;2,5154002905
202200020658;30;1;2022;11:40;1;972;97209;2;9;1;3;BISHOP (Avenue Maurice);14,6128551190; -61,0527741909
202200020659;26;7;2022;18:15;1;92;92076;2;1;1;6;CAZES;48,8385271757;2,1643828153
202200020660;24;5;2022;22:45;5;07;07078;2;1;1;6;Rue de Pourrat;45,2589690000;4,6859210000
202200020661;29;1;2022;21:00;5;972;97209;2;1;1;1;CHEVALIER SAINTE-MARTHE (BOULEVARD);14,6017300000; -61,0672500000
202200020662;26;7;2022;21:23;5;92;92050;2;1;1;3;LENINE VLADIMIR ILITCH AVENUE;48,8881316347;2,1912145615
202200020663;25;5;2022;18:50;1;53;53129;1;1;8;3;D123;48,1457190000; -1,0192720000
202200020664;26;7;2022;08:00;1;92;92024;2;3;1;3;JEAN JAURES (BD) DE 47 A 109)   (56 A 14;48,9036989460;2,3032423854
202200020665;25;5;2022;17:20;1;21;21416;1;1;1;1;D70;47,4035000000;5,3408000000
202200020666;26;7;2022;15:52;1;92;92023;2;1;1;1;GENERAL EISENHOWER (AVENUE);48,7770302247;2,2295524478
202200020667;23;5;2022;16:45;1;04;04121;1;1;1;7;RD 17;44,0231330000;6,1764140000
202200020668;29;6;2022;08:45;1;16;16110;1;1;7;2;Route de Ruffec;45,9953850000;0,1499620000
202200020669;27;7;2022;15:50;1;43;43121;1;1;1;7;RD19;45,3383760000;3,2470390000
202200020670;24;5;2022;17:45;1;85;85034;1;2;1;3;RD2949B;46,6375300000; -1,1581550000
202200020671;27;7;2022;17:50;1;28;28139;1;1;1;7;A11 au Pk 077+500;48,3156820000;1,3258270000
202200020672;26;5;2022;06:45;1;85;85175;1;1;2;7;Les Levries;46,5867340000; -1,1967475000
202200020673;18;7;2022;16:49;1;35;35318;1;1;1;1;Les Petits Bois;48,3472362288; -1,9287751615
202200020674;25;5;2022;12:15;1;27;27467;2;1;1;2;Pont de la madeleine;49,3581900000;0,5139260000
202200020675;26;7;2022;15:30;1;63;63143;1;2;1;3;D984;46,0625940000;3,2950190000
202200020676;23;5;2022;20:00;1;27;27056;2;1;2;7;44 Rue de Lisieux;49,0912970000;0,5927200000
202200020677;27;7;2022;13:00;1;67;67220;1;1;1;7;CD67;48,7404840000;7,5138330000
202200020678;25;5;2022;18:50;1;17;17337;1;1;1;7;Route Nationale;45,9790600000; -1,3551590000
202200020679;25;7;2022;11:58;1;72;72053;1;9;1;3;Le Petit Pont;47,9301629747;0,4066121576
202200020680;21;5;2022;09:22;1;87;87133;1;1;1;3;Saint-Sornin-Leulac (Embranchement d'autoroute);46,2037450000;1,3825610000
202200020681;20;5;2022;14:00;1;87;87028;1;1;1;6;route nationale 147;46,2203460000;0,9055140000
202200020682;26;7;2022;17:05;1;71;71256;1;2;1;3;30 Route de Villegaudin;46,7539540000;5,0918520000
202200020683;25;5;2022;17:30;1;37;37234;1;1;1;1;Les Rotis;47,1913857290;1,0245421529
202200020684;28;5;2022;07:44;1;37;37216;1;1;1;2;autoroute a10;47,1634485489;0,6287741661
202200020685;25;5;2022;17:20;1;10;10329;1;1;1;2;A.26;48,2700264974;4,1644599199
202200020686;24;7;2022;19:15;1;74;74263;1;1;1;1;Avenue de Chavannex;46,3208300000;6,3843390000
202200020687;27;7;2022;13:55;1;83;83026;1;1;1;7;D33;43,4176890000;6,2435390000