Num_Acc;jour;mois;an;hrmn;lum;dep;com;agg;int;atm;col;adr;lat;long
202200020688;24;5;2022;07:20;1;13;13050;1;1;1;2;ROUTE NATIONALE 7;43,6364600000;5,2795640000
202200020689;25;5;2022;14:00;1;63;63164;1;1;1;6;A71 PR 381+000 peage de Clermont-barrière;45,8416410000;3,1606940000
202200020690;25;7;2022;14:30;1;30;30047;1;1;1;1;;43,8131700000;4,4123300000
202200020691;25;5;2022;01:10;3;35;35210;1;1;1;7;Le Champ Benais;48,1420134171; -1,7348608375
202200020692;25;7;2022;09:25;1;74;74208;2;1;1;3;258 Avenue des Grandes Platières;45,9162400000;6,7032960000
202200020693;23;5;2022;17:15;1;06;06152;1;3;1;1;Route des Lucioles;43,6181710000;7,0536360000
202200020694;24;7;2022;00:50;3;74;74069;1;1;1;2;D1206;46,1112700000;5,9901670000
202200020695;25;5;2022;21:40;3;987;98715;2;1;1;3;TAVARARO - 4 ème dos d'ane; -17,5845220000; -149,5685780000
202200020696;24;5;2022;15:00;1;06;06149;2;1;1;6;A8, PK206+600 SENS ITALIE-FRANCE;43,7454520000;7,3639240000
202200020697;24;7;2022;15:10;1;41;41126;1;1;1;6;Autoroute A85, PK 148.100;47,2964330000;1,3159990000
202200020698;26;7;2022;15:30;1;65;65388;1;1;5;7;col du portet;42,8348320000;0,2397400000
202200020699;24;5;2022;08:10;1;34;34146;1;1;1;4;A9;43,6919270000;4,0747510000
202200020700;25;7;2022;11:00;1;65;65258;2;6;1;3;D817;43,1212490000;0,3833790000
202200020701;27;7;2022;16:15;1;71;71162;1;1;1;6;Route de Savigny le Jeune;46,9840290000;4,4079740000
202200020702;27;7;2022;11:30;1;42;42139;1;3;1;3;Route de Saint Genest Malifaux;45,2890430000;4,4090690000
202200020703;28;4;2022;17:46;1;68;68278;2;2;7;3;51 Rue de l Île Napoléon;47,7561500000;7,4023660000
202200020704;26;7;2022;13:10;1;68;68291;2;2;1;3;D468;47,8524790000;7,5175670000
202200020705;25;5;2022;12:50;1;973;97306;1;1;1;1;RD9 PK 18;5,5984500000; -53,7063870000
202200020706;27;7;2022;17:10;1;22;22222;2;3;7;3;Lieu Dit le Dernier Sou;48,6974900000; -2,9404740000
202200020707;24;5;2022;14:25;1;973;97304;1;1;1;1;Avenue de Pariacabo;5,1561870000; -52,6681460000
202200020708;26;7;2022;09:25;1;29;29174;2;6;1;3;Rue René le Berre;47,9023841107; -4,2796218395
202200020709;26;7;2022;14:15;1;01;01266;2;1;1;6;36 Grande Rue;46,3382670000;5,1281280000
202200020710;24;5;2022;17:00;1;971;97121;2;1;1;4;Route Nationale N2;16,2357100000; -61,7916640000
202200020711;27;7;2022;08:10;1;26;26054;1;1;1;3;Route de Baume;44,3096620000;4,8671450000
202200020712;25;5;2022;14:40;1;29;29002;1;3;8;7;Lieu Dit Kerstephan;47,8991460000; -3,4534300000
202200020713;26;7;2022;15:15;1;58;58149;2;1;1;6;22 rue ledru rollin;46,7841780000;3,9937640000
202200020714;22;5;2022;18:15;1;45;45155;2;1;1;1;Rue Jean Moulin;47,6855820000;2,6507230000
202200020715;26;7;2022;14:00;1;66;66107;2;3;1;7;Rue Emile Zola;42,8118180000;2,5943590000
202200020716;18;5;2022;16:55;1;78;78062;2;4;1;7;D119;48,8506430000;1,8949650000
202200020717;26;7;2022;16:20;1;16;16337;1;2;1;3;D167 - D51;45,9849900000;0,7109790000
202200020718;24;5;2022;09:10;1;78;78193;1;1;1;7;Route des Essarts;48,7065390000;1,9502020000
202200020719;27;7;2022;11:45;1;40;40212;1;1;1;1;Route du Tuc;43,5759100000; -1,1301650000
202200020720;25;5;2022;01:00;3;2A;2A288;2;1;1;6;Route de Sotta;41,5532490000;9,2219120000
202200020721;22;7;2022;09:20;1;17;17168;2;1;1;7;Avenue d Aix;45,9929270000; -1,0982250000
202200020722;25;7;2022;08:30;1;30;30192;1;1;1;3;;43,8822000000;4,0497800000
202200020723;24;5;2022;19:00;1;34;34213;1;2;1;1;D2;43,4953980000;3,6973290000
202200020724;26;5;2022;05:00;2;34;34052;1;1;1;7;D16;43,3356040000;3,0404020000
202200020725;22;5;2022;20:20;2;34;34344;2;1;1;3;Avenue du Marechal de Lattre de Tassigny;43,5612300000;4,0770540000
202200020726;26;7;2022;18:50;1;13;13051;1;2;1;3;Route Departementale 10;43,5464650657;5,1486342196
202200020727;25;5;2022;02:45;3;83;83068;1;1;2;7;D14;43,2788920000;6,5681720000
202200020728;27;7;2022;05:30;2;13;13051;1;1;1;1;RD 113 PR 29+500;43,5712660000;5,1520300000
202200020729;25;5;2022;02:50;3;71;71026;1;3;1;3;Intersection RD418/RD906;46,6636710000;4,8660530000
202200020730;26;7;2022;17:10;1;33;33382;1;1;1;2;Autoroute A10, PK513+200, sens PARIS/BORDEAUX;45,1261600000; -0,4856970000
202200020731;25;7;2022;17:25;1;06;06088;1;1;1;3;Autoroute A8, bretelle d'entrée NICE Ouest;43,6711620000;7,2033780000
202200020732;23;5;2022;05:20;2;21;21622;1;1;1;1;Route de Tart l Abbaye;47,1984390000;5,2244600000
202200020733;27;7;2022;01:50;3;13;13037;1;1;1;1;Autoroute A8 Pk 1+100 Direction Lyon;43,5557490000;5,2316930000
202200020734;23;5;2022;17:50;1;68;68193;2;1;2;7;Rue Principale;48,0340840000;7,1139910000
202200020735;26;7;2022;08:20;1;987;98724;1;1;8;6;Fitii; -16,7409960000; -151,0289030000
202200020736;25;5;2022;22:17;3;67;67192;1;1;1;7;D5;48,3441990000;7,6420640000
202200020737;27;7;2022;04:45;5;988;98822;2;1;1;6;RT3 - Hauteur hôpital; -20,9369020000;165,3374360000
202200020738;15;7;2022;15:20;1;971;97125;1;2;2;3;Chemin de Pombiray;16,2780840000; -61,3019080000
202200020739;25;5;2022;13:07;1;38;38054;2;2;1;6;D52;45,7805740000;5,4419450000
202200020740;23;5;2022;17:15;1;07;07034;1;1;1;7;;44,3687090000;4,5208100000
202200020741;26;7;2022;21:30;2;77;77217;2;1;1;6;Rue Saint Medard;48,6810370000;2,6703380000
202200020742;26;7;2022;13:45;1;78;78513;1;1;1;7;Nationale 12;48,7993450000;1,7471960000
202200020743;25;5;2022;08:10;1;31;31395;2;1;1;6;Avenue Jacques Douzans;43,4675460000;1,3279990000
202200020744;27;7;2022;01:00;3;78;78107;1;1;1;7;Rue René Dhal;48,9458710000;1,5149440000
202200020745;25;5;2022;10:35;1;16;16163;1;1;7;1;N141;45,6710278468; -0,0058445334
202200020746;26;7;2022;19:00;1;34;34157;2;1;1;1;Rue Berthe Morisot;43,4250920000;3,6042130000
202200020747;27;7;2022;12:10;1;84;84081;2;1;1;1;Route de Realpanier;43,9535060000;4,8909970000
202200020748;20;5;2022;07:40;1;86;86115;2;4;1;3;Rue de la Roche;46,7063170000;0,3595660000
202200020749;22;7;2022;12:00;1;06;06075;2;1;1;7;1541 Avenue Felix Faure;43,8341480000;7,2511020000
202200020750;25;5;2022;14:00;1;64;64060;2;3;1;3;Route d Artiguelouve;43,3136770168; -0,4527018964
202200020751;26;7;2022;18:20;1;17;17163;1;2;1;3;Chez Dubois;45,3793230000; -0,3757520000
202200020752;25;7;2022;16:25;1;22;22162;1;1;1;3;Chemin du Lédano;48,7760360000; -3,0996840000
202200020753;23;5;2022;16:45;1;974;97407;2;1;1;6;BELLA KUN (RUE) - RIV. DES GALETS ; -20,9630800000;55,3183200000
202200020754;27;7;2022;07:40;1;35;35257;2;1;1;3;Rue Charles de Gaulle;48,4030400000; -1,3258030000
202200020755;2;3;2022;16:50;1;973;97302;2;1;2;7;ARON (ANDRE);4,9426400000; -52,3199100000
202200020756;27;3;2022;20:10;5;973;97302;2;9;1;7;GALMOT (ROND-POINT);4,9326400000; -52,3263300000
202200020757;27;7;2022;14:40;1;62;62680;1;1;1;5;D39;50,3778750000;2,9759220000
202200020758;27;3;2022;19:15;3;973;97302;1;1;1;7;;4,9026700000; -52,3140600000
202200020759;26;7;2022;06:38;1;13;13005;1;1;1;2;A50-Sens Marseille vers Aubagne;43,2754700000;5,5880600000
202200020760;26;7;2022;07:02;1;13;13071;1;1;1;5;A5502G-sens Martigues vers A7-Marseille;43,4009400000;5,2986800000
202200020761;22;2;2022;08:55;1;973;97302;1;3;3;3;TIGRE (ROUTE DU);4,9059700000; -52,3048800000
202200020762;26;7;2022;16:50;1;83;83137;2;1;1;2;A57;43,1223490000;5,9557830000
202200020763;7;2;2022;08:15;1;973;97302;2;3;1;3;MONTABO (ROUTE DE) 2;4,9395164642; -52,3010426760
202200020764;26;7;2022;18:30;1;33;33550;1;1;1;6;AUTOROUTE A 62;44,7600040000; -0,5465670000
202200020765;26;7;2022;18:40;1;92;92060;1;1;1;3;RN 385 Extèrieure;48,7740663007;2,2410281628
202200020766;24;5;2022;13:20;1;973;97302;2;2;1;3;FELIX EBOUE (Rue);4,9383700000; -52,3281900000
202200020767;26;7;2022;18:25;1;94;94021;1;1;1;6;AUTOROUTE A6B;48,7609654233;2,3389360390
202200020768;23;5;2022;21:35;5;973;97302;2;1;1;3;MONTABO (ROUTE DE) 1;4,9423811077; -52,3054683208
202200020769;26;7;2022;09:55;1;91;91689;1;1;1;2;AUTOROUTE A6;48,7301100000;2,3141800000
202200020770;23;5;2022;18:40;5;973;97302;2;9;1;2;ZEPHIR (ROCADE);4,9367693881; -52,3071956635
202200020771;26;7;2022;08:15;1;91;91617;1;1;1;4;RN 104 INT / RN 6 PARIS;48,6317900000;2,5179000000
202200020772;26;7;2022;00:00;3;91;91687;1;1;1;7;AUTOROUTE A6;48,6601500000;2,3723200000
202200020773;25;5;2022;23:20;5;69;69387;2;2;1;3;Rue Jaboulay;45,7477700000;4,8396500000
202200020774;25;7;2022;21:00;1;91;91521;1;1;1;7;RD 310;48,6412900000;2,3937700000
202200020775;25;5;2022;18:40;1;69;69387;2;2;1;3;Rue de l'Université;45,7507300000;4,8394900000
202200020776;25;7;2022;19:00;1;91;91228;1;1;1;4;RN 104;48,6195900000;2,4256800000
202200020777;24;5;2022;23:30;5;69;69383;2;1;1;7;Quai Victor Augagneur;45,7581800000;4,8407700000
202200020778;26;7;2022;18:35;1;92;92025;1;1;1;3;A86;48,9254957669;2,2330475954
202200020779;25;7;2022;22:30;3;75;75112;1;1;1;6;A4;48,8213702244;2,4616670609
202200020780;24;5;2022;23:20;5;69;69388;2;3;1;3;Boulevard des Etats-Unis;45,7295957833;4,8679985280
202200020781;24;2;2022;17:55;2;14;14743;1;1;1;6;D16;49,1723890000;0,0086470000
202200020782;24;5;2022;22:45;5;69;69383;2;1;1;7;Cours Lafayette;45,7636435540;4,8694056273
202200020783;25;7;2022;15:00;1;06;06030;2;9;1;6;MOULIN (BOULEVARD JEAN);43,5657000000;6,9650400000
202200020784;25;7;2022;08:13;1;94;94074;2;1;1;3;Avenue Julien Duranton;48,7654599952;2,4476370892
202200020785;28;4;2022;18:00;1;57;57206;2;1;1;6;20 Rue du Général Henry;49,3080180000;6,1054230000
202200020786;24;5;2022;17:30;1;69;69259;2;2;1;3;Avenue Marcel Houel;45,6969700000;4,8875300000
202200020787;16;4;2022;11:15;1;14;14487;2;2;1;3;D48;49,1785143992;0,2095947862
202200020788;24;5;2022;10:15;1;69;69386;2;2;1;3;Rue de Créqui;45,7690600000;4,8460300000
202200020789;28;3;2022;14:10;1;74;74012;2;9;1;3;BEULET (RUE DU);46,1913400000;6,2421920000
202200020790;25;5;2022;16:20;1;972;97213;1;1;1;1;LONG BOIS (CHEMIN);14,6368900000; -60,9918600000
202200020791;9;3;2022;07:46;1;74;74012;2;1;1;2;ETREMBIERES (ROUTE D');46,1879600000;6,2324500000
202200020792;25;7;2022;14:00;1;976;97611;2;1;1;1;tsoundzou-Baraka (rue); -12,8071100000;45,2071100000
202200020793;25;5;2022;09:36;1;972;97209;1;3;2;3;MOUTTE (ROUTE DE);14,6234700000; -61,0516000000
202200020794;24;5;2022;17:50;5;972;97209;1;1;1;7;ROBERT ATTULY (BOULEVARD);14,6027500000; -61,0768300000
202200020795;25;7;2022;08:50;1;974;97416;2;3;1;6;MANDELA (ALLEE WINNIE); -21,3116800000;55,4727700000
202200020796;23;7;2022;12:50;1;971;97105;2;9;1;1;Z.A.  CALBASSIER;16,0040000000; -61,7387900000
202200020797;24;5;2022;13:55;1;69;69384;2;2;1;1;Rue Jacques-Louis Hénon;45,7795626822;4,8238231404
202200020798;25;7;2022;18:10;1;91;91027;2;1;1;3;RTE NATIONALE 7;48,7140000000;2,3710000000
202200020799;24;5;2022;08:30;1;69;69389;2;1;1;7;17 Avenue de Champagne;45,7897176986;4,7967191041
202200020800;25;7;2022;12:50;1;91;91027;2;1;1;2;AV FRANCOIS MITTERRAND;48,7118700000;2,3712500000
202200020801;24;5;2022;18:44;1;2B;2B120;1;1;1;2;11 - RT;42,6575753577;9,4415768897
202200020802;25;7;2022;08:50;1;91;91027;2;3;1;3;RUE JEAN MOULIN;48,7112100000;2,3757400000
202200020803;21;5;2022;22:31;5;971;97101;1;1;1;7;RN11;16,2727500000; -61,5416000000
202200020804;24;7;2022;21:32;1;87;87085;2;3;1;3;GARIBALDI (AVENUE);45,8344500000;1,2609000000
202200020805;25;5;2022;17:00;1;91;91103;2;1;1;3;RUE HENRI DOUARD;48,6093380000;2,3127220000
202200020806;25;7;2022;08:50;1;77;77243;2;1;1;6;CARNOT (RUE);48,8787500000;2,6928600000
202200020807;24;5;2022;10:50;1;91;91201;2;2;1;3;BD HENRI BARBUSSE;48,6740000000;2,4120000000
202200020808;21;3;2022;01:13;5;76;76540;2;1;1;2;Avenue du Grand Cours;49,4266000000;1,1043500000
202200020809;24;5;2022;08:31;1;87;87085;2;6;1;3;TOULOUSE (RUE DE);45,8127300000;1,2811700000
202200020810;24;7;2022;16:00;1;76;76351;2;2;1;3;LOUIS EUDIER;49,4852100000;0,1303800000
202200020811;22;7;2022;23:43;3;76;76576;1;1;1;3;SCHWOB JAMES (RUE);49,5516000000;0,4462000000
202200020812;25;5;2022;15:20;1;83;83062;1;1;1;3;FOUX (CHEMIN);43,1197600000;6,0265900000
202200020813;25;7;2022;08:05;1;67;67482;2;3;1;3;VOSGES (AVENUE DES);48,5895400000;7,7516600000
202200020814;24;5;2022;08:30;1;80;80021;2;1;1;3;DEFENSE PASSIVE (AVENUE DE LA);49,9073200000;2,3202000000
202200020815;24;7;2022;12:03;1;66;66136;2;3;1;6;;42,7006300000;2,8910400000
202200020816;24;5;2022;01:10;5;78;78358;2;1;2;3;PELOUSE (AVENUE DE LA);48,9581310000;2,1690900000
202200020817;22;7;2022;00:32;5;66;66136;2;1;1;1;R D 900;42,6794100000;2,8799300000
202200020818;17;7;2022;23:00;5;64;64260;2;1;1;3;Boulevard de la Baie de Chingudy;43,3697900000; -1,7732100000
202200020819;23;5;2022;16:20;1;78;78650;2;9;8;3;MONTESSON (ROUTE DE);48,8983000000;2,1154000000
202200020820;25;7;2022;08:30;2;64;64445;2;6;2;3;avenue de l'Europe;43,3186540000; -0,3079590000
202200020821;25;5;2022;09:20;1;77;77285;2;1;1;4;D606;48,5442620000;2,6455150000
202200020822;23;7;2022;09:45;1;64;64122;2;1;1;2;Rue Luis Mariano;43,4594390000; -1,5414350000
202200020823;25;7;2022;12:25;1;64;64024;2;1;1;3;Avenue Marcel Dassault;43,4964700000; -1,4978200000
202200020824;24;7;2022;04:14;4;63;63014;2;1;1;1;ROUSSILLON (AVENUE DU);45,7478100000;3,1353500000
202200020825;24;5;2022;21:05;1;77;77464;2;3;1;1;10 MOULIN A VENT  (RUE DU  );48,8900300000;2,7103500000
202200020826;1;7;2022;20:45;1;62;62498;1;1;1;6;ARRAS (RTE  D');50,4261670000;2,8196080000
202200020827;24;5;2022;11:20;1;77;77186;2;1;1;2;D210;48,4128000000;2,7109300000
202200020828;23;7;2022;13:20;1;62;62119;2;6;1;3;SAINT PRY ( ROND POINT );50,5268370000;2,6304970000
202200020829;26;5;2022;02:10;3;76;76540;2;1;1;7;Rampe Saint Hilaire;49,4451500000;1,1109400000
202200020830;25;7;2022;14:30;1;59;59599;2;2;1;3;ORIONS (RUE DES);50,7370639838;3,1395095587
202200020831;5;5;2022;09:15;1;76;76165;2;1;1;6;Rue Félix Faure;49,2872600000;1,0240700000
202200020832;25;7;2022;09:00;1;56;56260;2;6;1;2;SAINTE-ANNE (GIRATOIRE DE);47,6642000000; -2,7811500000
202200020833;23;7;2022;23:41;5;56;56121;2;1;1;6;85 Avenue général Charles De Gaulle;47,7405600000; -3,3754800000
202200020834;21;5;2022;06:50;1;76;76351;2;2;1;3;VERDUN (RUE DE);49,5013900000;0,1500100000
202200020835;25;7;2022;11:32;1;54;54395;2;1;1;3;SCHMITT (RUE DU DOCTEUR);48,6893431612;6,1843210459
202200020836;25;5;2022;12:30;1;74;74118;1;1;1;3;LIBERATION (ROUTE DE LA);46,1797600000;6,2310900000
202200020837;25;7;2022;09:10;1;54;54395;2;4;1;3;LOBAU (BOULEVARD);48,6845338809;6,1962515116
202200020838;24;5;2022;17:00;1;72;72003;2;1;1;6;ANJOU (BD D');47,9650200000;0,1621800000
202200020839;24;5;2022;09:20;1;72;72181;2;1;1;3;EDISON THOMAS (RUE);48,0245600000;0,1774700000
202200020840;20;5;2022;14:00;1;72;72181;1;1;1;6;LATTRE DE TASSIGNY MARECHAL DE (BD);47,9608790000;0,2149190000
202200020841;25;5;2022;20:52;2;69;69266;2;1;1;2;Rue Florian;45,7589100000;4,8807100000
202200020842;24;5;2022;12:00;1;69;69029;2;3;1;3;Avenue Pierre Brossolette;45,7481100000;4,9175400000
202200020843;25;5;2022;09:05;1;69;69092;2;9;1;6;Ancienne Route de Beaujeu;46,0093600000;4,7119900000
202200020844;23;5;2022;14:15;1;67;67482;2;3;1;3;MARTIN SCHONGAUER (RUE);48,5677800000;7,7275300000
202200020845;23;5;2022;08:50;1;67;67447;2;1;8;3;BISCHWILLER (ROUTE DE);48,6083300000;7,7499600000
202200020846;21;5;2022;05:50;2;67;67482;2;1;1;7;MARCHE GARE (RUE DU);48,5976000000;7,7361600000
202200020847;24;5;2022;17:29;1;66;66136;2;1;1;7;ROTTERDAM (ROND POINT DE);42,6940700000;2,8502100000
202200020848;24;5;2022;18:20;1;64;64445;2;3;1;3;avenue des lilas;43,3214800000; -0,3399600000
202200020849;17;5;2022;17:50;1;64;64132;2;1;1;6;boulevard corps franc Pommiès;43,3065900207; -0,3271597624
202200020850;25;5;2022;02:45;5;64;64122;2;1;1;6;Boulevard Augusta;43,4766400000; -1,5494400000
202200020851;24;5;2022;17:30;1;64;64122;2;1;8;3;rond point de lanegresse;43,4602883019; -1,5475822985
202200020852;24;5;2022;17:30;1;64;64024;2;9;2;3;BAYONNE (AVENUE DE);43,4810600000; -1,5116500000
202200020853;1;12;2022;21:15;3;60;60110;1;3;1;3;D124;49,6530190000;1,8273510000
202200020854;28;3;2022;03:40;5;63;63063;2;6;1;7;CLEMENTEL (fourches);45,8173900000;3,1093800000
202200020855;18;12;2022;14:05;1;64;64014;1;1;7;5;D20;43,3182930000; -1,4878320000
202200020856;28;3;2022;00:58;5;63;63113;2;1;1;7;SAINT JEAN (BD);45,7876200000;3,1192500000
202200020857;16;12;2022;14:30;1;64;64405;2;1;2;2;D943;43,3374928331; -0,2730852987
202200020858;22;12;2022;17:20;3;18;18087;1;1;2;3;;46,9157630000;2,5596160000
202200020859;17;12;2022;14:25;1;18;18197;2;1;1;6;29 Rue Nationale;46,7236860000;2,5056340000
202200020860;4;12;2022;15:30;1;18;18025;2;1;3;7;Route du Fort;47,0885010000;3,0052440000
202200020861;23;5;2022;21:45;5;62;62617;2;2;1;3;ROUTE NATIONALE (CD 937);50,4812500000;2,6613800000
202200020862;12;12;2022;10:07;1;43;43224;2;1;1;6;Avenue de Marinéo;45,2418210000;4,2355350000
202200020863;18;12;2022;20:20;3;43;43078;1;1;1;6;RD535 ;45,0102920000;3,9508670000
202200020864;25;5;2022;08:00;2;59;59009;2;1;1;6;TRUDAINE RUE;50,6161300000;3,1399200000
202200020865;19;12;2022;23:05;5;36;36241;2;2;1;3;Avenue Francois Mitterrand;46,8461840000;1,5444910000
202200020866;19;12;2022;16:30;1;16;16181;1;1;1;5;RD 951;46,0633920000;0,6703130000
202200020867;24;5;2022;21:20;1;59;59009;2;1;1;6;BOUDERIEZ MARCEL RUE;50,6178759945;3,1476902962
202200020868;9;12;2022;15:50;1;16;16256;1;3;1;1;D 731 , PK 48;45,3509540000; -0,0679990000
202200020869;20;5;2022;20:00;1;59;59350;2;3;1;3;FAISAN RUE;50,6330822514;3,0532953143
202200020870;20;12;2022;23:00;5;07;07201;2;1;2;6;Boulevard de l'EUROPE UNIE;44,4504060000;4,3495410000
202200020871;15;5;2022;01:30;5;59;59183;2;9;1;6;REPUBLIQUE - F MITTERAND - BOULEVARD;51,0485000000;2,4185000000
202200020872;21;12;2022;13:30;1;07;07198;1;4;1;1;Montée de Chalos;44,7823070000;4,7312020000
202200020873;21;12;2022;08:30;1;21;21663;2;1;8;3;1 Rue Alapetite;47,5403860000;4,4741980000
202200020874;23;5;2022;18:00;1;59;59178;2;6;8;3;HERILLIER (PLACE L');50,3631100000;3,0786500000
202200020875;17;12;2022;23:45;3;24;24520;2;1;1;1;Avenue Edmond Rostand;44,8746250000;1,2171970000
202200020876;18;12;2022;16:40;1;24;24352;1;1;1;7;D710;45,2521410000;0,3701450000
202200020877;25;5;2022;16:25;1;56;56121;2;6;1;3;QUEUDET ( AV RAYMOND );47,7583700000; -3,3904200000
202200020878;22;12;2022;19:10;3;04;04160;1;1;1;6;D4100;43,8649510000;5,6813390000
202200020879;21;12;2022;13:25;1;85;85031;1;1;2;6;RD26;46,7762460000; -0,9472873000
202200020880;19;12;2022;18:05;3;27;27364;1;1;1;6;D133;49,1010940000;0,7379840000
202200020881;25;5;2022;20:00;1;54;54526;2;1;1;3;POTIER (RUE EUGENE);48,6851000000;6,2192500000
202200020882;21;12;2022;11:30;1;28;28227;2;7;1;6;Place Aristide Briand;48,5866290000;1,5780780000
202200020883;25;5;2022;09:10;1;54;54395;2;7;1;6;LIONNOIS (RUE);48,6836100000;6,1926100000
202200020884;15;12;2022;19:25;5;17;17218;2;2;1;1;rue d'aligre;46,3057060000; -0,9906560000
202200020885;22;12;2022;08:30;1;87;87024;1;1;1;6;D232;45,7762560000;1,5849280000
202200020886;16;12;2022;16:00;2;37;37250;1;1;7;6;La Coutanciere;47,2589805783;0,7112574577
202200020887;20;12;2022;13:40;1;37;37271;2;1;2;1;25 Rue de la Vallée;47,2307670000;0,4949670000
202200020888;24;5;2022;12:00;1;54;54304;2;3;1;1;MAREVILLE (CHEMIN ET RUE DE);48,6836556087;6,1502663791
202200020889;21;12;2022;10:15;1;30;30341;1;1;7;2;251 Chemin des Canaux;43,6904320000;4,2515800000
202200020890;29;11;2022;12:00;1;30;30123;1;9;1;6;D12;43,7078880000;4,1686680000
202200020891;18;12;2022;19:30;5;88;88075;1;1;1;6;116 Rue du Hohneck;48,0015050000;6,9212230000
202200020892;21;5;2022;08:00;1;54;54270;2;2;1;3;Rue Loucheur;49,4971200000;5,8605900000
202200020893;20;12;2022;19:00;3;68;68082;1;9;1;5;A35 PK 089.700;47,8612610000;7,3930260000
202200020894;22;5;2022;10:55;1;54;54254;2;1;1;6;Rue Arthur Rimbaud;49,4938500000;5,7976600000
202200020895;3;5;2022;11:40;1;52;52448;2;9;1;5;RD384;48,6210900000;4,9323500000
202200020896;23;5;2022;08:35;1;51;51108;2;1;1;7;Avenue de Metz;48,9566034404;4,3785372376
202200020897;24;5;2022;17:10;1;50;50129;2;1;1;6;MARITIME (BOULEVARD);49,6433100000; -1,6035100000
202200020898;18;12;2022;15:30;1;80;80793;1;1;9;1;A16;50,0092089576;2,1626003940
202200020899;24;5;2022;07:15;1;50;50129;2;3;1;3;SEMBAT (RUE MARCEL);49,6548000000; -1,6918700000
202200020900;25;5;2022;21:28;1;49;49007;2;1;1;3;GAIN ( LOUIS);47,4703300000; -0,5437700000
202200020901;5;12;2022;19:00;3;76;76533;1;9;2;5;A 131;49,4949990000;0,2637630000
202200020902;23;5;2022;17:13;1;49;49007;2;1;1;1;MONTESQUIEU PASSAGE;47,4730570000; -0,5835140000
202200020903;19;12;2022;09:40;1;35;35210;1;1;2;6;la Haute Rabine;48,1709650000; -1,7886260000
202200020904;23;5;2022;08:35;1;49;49246;2;1;3;6;GAULLE RUE CHARLES DE;47,4239300000; -0,5245700000
202200020905;20;12;2022;19:45;3;82;82025;1;1;1;4;A 20, PK 428+200;43,9341700000;1,3197970000
202200020906;25;5;2022;07:30;1;45;45285;2;3;1;1;159 Rue Charles Beauhaire;47,9162000000;1,8648300000
202200020907;25;5;2022;00:43;5;45;45298;2;6;1;6;Rue Gaston Deffie;47,8928500000;1,8759600000
202200020908;20;12;2022;18:45;5;82;82123;1;1;8;5;A62;43,9284410000;1,3122120000
202200020909;20;12;2022;13:30;1;68;68021;1;1;1;2;A35 PK 117.400;47,6435040000;7,4962810000
202200020910;23;5;2022;18:21;1;45;45208;2;9;2;3;Avenue du Docteur Robert Szigeti;47,9959900000;2,7256320000
202200020911;26;4;2022;15:40;1;43;43157;2;1;1;3;34 Boulevard Marechal Fayolle;45,0421300000;3,8866400000
202200020912;18;12;2022;01:10;3;17;17258;1;1;1;7;D148;45,5044230000; -0,4040890000
202200020913;13;5;2022;13:30;1;42;42218;2;3;1;6;Rue Michel Rondet;45,4379200000;4,3840800000
202200020914;20;12;2022;17:50;3;07;07217;1;2;1;3;d534;45,0396120000;4,7168250000
202200020915;17;12;2022;18:55;3;63;63113;1;1;5;6;A75;45,7695740000;3,1391930000
202200020916;24;3;2022;07:55;1;41;41047;2;6;1;3;CHAMPLOUET (RUE DE);47,6098900000;1,3542000000
202200020917;28;11;2022;07:03;5;69;69143;2;6;3;6;Avenue Jean Christophe;45,8772260000;4,8385440000
202200020918;18;12;2022;14:55;1;83;83097;1;1;1;3;autoroute A8;43,4814668840;5,7325463570
202200020919;25;5;2022;11:20;1;38;38185;2;1;1;6;AVENUE FÉLIX VIALLET;45,1905400000;5,7168800000
202200020920;20;12;2022;14:30;1;59;59010;1;9;3;6;A26 PK 130.4 vers REIMS;50,1518810000;3,1140230000
202200020921;20;12;2022;19:00;5;27;27375;1;1;2;2;A154;49,2089630000;1,1810950000
202200020922;24;5;2022;07:50;1;38;38151;2;1;1;6;AVENUE SALVADOR ALLENDE;45,1562800000;5,7238300000
202200020923;18;12;2022;17:00;2;27;27003;1;1;2;3;RN 54;49,1626870000;1,1781500000
202200020924;25;5;2022;12:25;1;37;37233;2;3;1;6;CACHIN (RUE MARCEL);47,3970891730;0,7412928343
202200020925;21;12;2022;04:30;3;13;13081;1;1;3;2;A7;43,4973900000;5,2390190000
202200020926;24;5;2022;08:30;1;37;37122;1;1;1;2;RD 37;47,3407638879;0,6581443548
202200020927;20;12;2022;16:15;1;69;69189;1;3;1;2;Route Départementale 386;45,5178160000;4,8606350000
202200020928;19;12;2022;15:20;1;11;11202;1;1;1;1;;42,8493170000;3,0371560000
202200020929;25;5;2022;07:30;1;35;35238;2;1;1;2;RN24;48,1059255261; -1,7331603169
202200020930;17;12;2022;01:00;5;987;98758;1;1;1;1;PK 1 EST; -16,7446020000; -151,4597670000
202200020931;24;5;2022;16:55;1;35;35051;2;1;1;6;MUGUET (RUE DU);48,1181641635; -1,6105679423
202200020932;19;12;2022;15:00;1;987;98722;1;1;1;1;pk 36+100; -17,5920000000; -149,3910000000
202200020933;19;12;2022;14:45;1;988;98815;1;1;1;6;Mebuet (Tribu); -21,5367330000;167,8675000000