Num_Acc;jour;mois;an;hrmn;lum;dep;com;agg;int;atm;col;adr;lat;long
202200020934;24;5;2022;15:00;1;35;35051;1;1;1;3;N136;48,1451192637; -1,6185146570
202200020935;18;12;2022;07:30;1;988;98817;2;1;1;6;Route du vallon dore - A hauteur du N°1694; -22,2761000000;166,5730300000
202200020936;24;5;2022;05:15;5;34;34129;1;1;1;6;Avenue Georges Freche;43,5907200000;3,9091000000
202200020937;19;12;2022;13:10;1;974;97404;2;1;1;6;Avenue de l'Océan; -21,2651800000;55,3355170000
202200020938;21;12;2022;16:05;1;974;97415;1;1;1;3;N1a; -21,0618090000;55,2233090000
202200020939;22;12;2022;09:05;1;974;97408;2;1;1;3;115 Rue Mahatma Gandhi; -20,9442110000;55,3285240000
202200020940;16;4;2022;18:15;1;34;34003;1;1;1;4;RD612;43,3040041500;3,4535301694
202200020941;19;12;2022;17:00;2;45;45142;1;1;8;7;239 Route de la Mardelle;47,9456430000;2,1665380000
202200020942;11;3;2022;17:50;1;33;33192;1;1;1;2;AUTOROUTE A 63;44,7829060000; -0,6328280000
202200020943;25;5;2022;00:25;5;33;33063;2;1;1;6;Pont du Guit;44,8229800000; -0,5550500000
202200020944;19;12;2022;10:00;1;77;77171;2;2;1;2;D5;48,9025230000;2,8129940000
202200020945;25;5;2022;19:53;1;31;31555;2;1;1;6;AV EDOUARD BELIN;43,5624800000;1,4812000000
202200020946;11;3;2022;17:45;1;33;33063;1;1;1;4;ROCADE A 630;44,8801000000; -0,5383200000
202200020947;17;12;2022;17:15;3;77;77107;2;4;4;2;D402;48,6695340000;2,8446650000
202200020948;25;5;2022;10:40;1;31;31555;2;1;1;6;PL DOMINIQUE MARTIN DUPUY;43,5996100000;1,4545300000
202200020949;11;3;2022;05:43;3;33;33448;1;1;1;2;AUTOROUTE A 62;44,7198110000; -0,5217860000
202200020950;15;12;2022;18:30;5;78;78321;2;3;1;6;20 Rue des Roussières;48,8020870000;1,9070710000
202200020951;25;5;2022;12:45;1;29;29232;2;1;1;7;Rond-Point de Troyalac’H;47,9784000000; -4,0163100000
202200020952;11;3;2022;03:10;3;33;33063;1;1;1;6;ROCADE A 630;44,8828200000; -0,5611200000
202200020953;10;12;2022;20:39;4;78;78575;2;1;8;6;Rue des ponts blonniers;48,7030830000;2,0555320000
202200020954;19;12;2022;10:25;1;987;98722;2;1;1;1;RT 20; -17,5158120000; -149,4241360000
202200020955;11;3;2022;18:38;2;91;91286;1;1;2;5;AUTOROUTE A6;48,6455900000;2,3889300000
202200020956;21;12;2022;13:30;1;66;66008;1;1;1;6;;42,5836120000;2,9869720000
202200020957;21;5;2022;18:25;1;22;22278;2;1;1;6;ROBIEN;48,5051400000; -2,7640200000
202200020958;11;3;2022;08:05;1;78;78640;1;1;1;2;N118;48,7783330000;2,2225030000
202200020959;24;5;2022;19:10;1;19;19272;2;3;1;3;ERIC RHOMER (RUE);45,2573600000;1,7590700000
202200020960;20;12;2022;15:20;1;34;34031;1;1;1;5;D28;43,3611379355;3,3779532600
202200020961;10;3;2022;18:20;1;92;92064;1;1;1;3;A13;48,8403969917;2,2201802330
202200020962;25;5;2022;22:29;3;18;18279;1;1;1;2;;47,2626550000;2,0598830000
202200020963;14;12;2022;10:00;1;34;34240;2;1;2;1;Avenue du Salaison;43,6371230000;3,9603840000
202200020964;30;4;2022;21:40;5;17;17300;2;1;1;7;MOULIN   AVENUE JEAN;46,1525400000; -1,1393700000
202200020965;11;3;2022;18:30;1;95;95488;1;1;2;4;A15;49,0124099165;2,1505308151
202200020966;21;12;2022;11:00;1;34;34344;2;5;7;6;Av Mal de Lattre de Tassigny;43,5610310000;4,0770440000
202200020967;22;5;2022;11:00;1;15;15014;2;1;1;6;FIRMINY (RUE DE);44,9160100000;2,4320000000
202200020968;20;12;2022;14:10;1;84;84034;1;5;1;3;D973 - D900;43,8834880000;4,9733200000
202200020969;11;3;2022;00:50;3;94;94017;1;1;1;6;A4;48,8302008945;2,4957669959
202200020970;24;5;2022;10:45;1;13;13103;2;2;1;3;AVENUE DONNADIEU - ROGER;43,6414700000;5,1031700000
202200020971;19;12;2022;10:34;1;83;83027;1;3;1;1;d66;43,1923080000;5,7626940000
202200020972;17;12;2022;09:40;1;83;83001;2;3;1;6;Chemin de la Beilesse;43,5274940000;6,8177840000
202200020973;25;5;2022;23:30;5;13;13213;2;2;1;3;ROSE (AVENUE DE LA);43,3263900000;5,4215000000
202200020974;22;12;2022;06:30;3;06;06048;1;1;5;5;Route Departementale 2204;43,7954120000;7,3537960000
202200020975;22;12;2022;14:40;1;05;05118;1;1;1;7;D948;44,2048200000;5,8916540000
202200020976;25;5;2022;18:55;1;13;13203;2;1;1;3;PLOMBIERES (BOULEVARD DES);43,3184800000;5,3797000000
202200020977;10;3;2022;13:05;1;33;33009;2;2;1;3;TARTAS (CRS) DU 01 ET +;44,6605200000; -1,1726500000
202200020978;17;12;2022;09:15;1;04;04019;2;1;7;6;Les allemands;44,3984630000;6,6423140000
202200020979;25;5;2022;11:10;1;13;13202;2;9;1;3;JOLIETTE (QUAI DE LA);43,3010800000;5,3641800000
202200020980;18;12;2022;21:20;5;25;25277;1;2;1;3;départementale 50;47,4696680000;6,3798810000
202200020981;24;5;2022;22:30;5;13;13213;2;1;1;7;ROSE (AVENUE DE LA);43,3283700000;5,4256600000
202200020982;9;3;2022;18:50;2;59;59350;2;1;1;6;ROUX RUE DU DOCTEUR;50,6268451613;3,1121197343
202200020983;19;12;2022;09:40;1;71;71325;1;1;1;6;D51;46,5124340000;3,9559800000
202200020984;10;12;2022;06:37;2;52;52315;1;1;1;7;Route Départementale N 619;48,0200710000;5,2342990000
202200020985;24;5;2022;23:30;5;13;13206;2;3;1;2;ORATOIRE (Montée);43,2875400000;5,3697000000
202200020986;18;12;2022;02:15;3;10;10299;2;1;1;6;30 Route de Méry;48,5374910000;4,0648730000
202200020987;8;3;2022;16:53;1;05;05061;2;1;1;6;Chemin de Graffinel;44,5382300000;6,0607300000
202200020988;14;12;2022;07:40;2;68;68036;2;2;8;6;12 Grand'Rue;48,0404680000;7,5451340000
202200020989;24;5;2022;22:00;5;13;13208;2;1;1;1;MAZARGUES (AVENUE DE);43,2558469033;5,3939437685
202200020990;20;12;2022;11:55;1;88;88321;2;1;1;6;Rue de France;48,3549090000;5,6926880000
202200020991;21;1;2022;08:50;2;62;62587;2;1;2;6;SALENGRO (R ROGER);50,4268600000;2,9295300000
202200020992;24;5;2022;16:30;1;13;13215;2;9;1;3;Marius BREMOND (Bd);43,3756377752;5,3430984558
202200020993;20;12;2022;17:15;3;55;55218;1;1;2;1;D65;49,2694390000;5,4843720000
202200020994;18;12;2022;19:10;5;73;73248;2;1;1;6;299 Rue de la république;45,2756596723;6,3462312520
202200020995;10;3;2022;17:15;1;988;98818;2;1;1;6;RUE FREDERIC SURLEAU; -22,2734400000;166,4457800000
202200020996;15;12;2022;17:53;5;73;73284;2;1;2;6;D915;45,4779700000;6,5277940000
202200020997;20;12;2022;06:52;2;38;38276;2;8;1;3;Rue du Vernay;45,5701780000;5,3072550000
202200020998;19;12;2022;17:48;1;26;26235;2;1;1;1;Rue Jean Giono;44,3820840000;4,7097910000
202200020999;22;12;2022;01:15;3;07;07152;1;1;1;6;RD 86;45,0393090000;4,8257450000
202200021000;10;3;2022;07:20;1;974;97416;2;1;1;2;L'ENTRE-DEUX (ROUTE DE); -21,3029490000;55,4301390000
202200021001;19;12;2022;11:00;1;69;69047;1;1;1;1;Poinboeuf;45,8939730000;4,6730630000
202200021002;10;3;2022;22:10;5;974;97411;2;1;1;7;LABOURDONNAIS; -20,8767000000;55,4472500000
202200021003;20;12;2022;14:20;1;69;69255;1;2;8;3;Route de Malval;45,7477981730;4,6116873622
202200021004;10;3;2022;08:15;1;974;97411;2;1;1;7;JAURES (BLD 1 JEAN); -20,8933300000;55,4704700000
202200021005;21;12;2022;10:48;1;69;69204;2;1;7;6;2 Avenue de la République;45,6934180000;4,7943410000
202200021006;20;12;2022;08:10;2;81;81140;1;3;1;7;D112;43,6781700000;1,7454790000
202200021007;10;3;2022;07:26;1;973;97302;2;1;1;3;MONTABO (ROUTE DE) 1;4,9319806829; -52,3074102402
202200021008;18;12;2022;15:30;1;09;09002;2;1;7;6;20 rue du barry;42,9954630000;1,8754100000
202200021009;10;3;2022;19:00;5;69;69388;2;1;1;3;Rue Marius Berliet;45,7409900000;4,8626700000
202200021010;19;12;2022;15:10;1;86;86294;1;1;1;6;N149;46,6443720000;0,1871510000
202200021011;19;12;2022;02:50;3;86;86222;1;1;1;6;D20;46,6789560000;0,3884130000
202200021012;9;3;2022;09:50;1;69;69386;2;2;1;3;Place d’Helvétie;45,7728800000;4,8420900000
202200021013;29;11;2022;15:06;1;47;47326;1;3;1;3;RD 933 - RD 267;44,5021680000;0,2405830000
202200021014;10;3;2022;07:35;1;972;97209;2;1;2;6;BISHOP (Avenue Maurice);14,6051000000; -61,0603300000
202200021015;12;12;2022;13:45;1;47;47024;2;1;2;7;Rue de l'Ecole;44,5359040000;0,1399040000
202200021016;10;3;2022;18:05;1;69;69382;2;3;1;6;Rue Paul Montrochet;45,7383700000;4,8215900000
202200021017;20;12;2022;13:35;1;85;85178;1;1;1;7;RD2 PK12+300;46,7591850000; -1,4979359000
202200021018;30;10;2022;20:00;5;85;85019;2;1;2;3;Rue Georges Clemenceau;46,7802520000; -1,4307170000
202200021019;10;3;2022;08:55;1;69;69034;2;1;1;3;30 Cours Aristide Briand;45,7833400000;4,8445400000
202200021020;9;3;2022;17:15;1;69;69384;2;3;1;3;51 Quai Joseph Gillet;45,7795900000;4,8115500000
202200021021;19;12;2022;07:15;3;49;49023;1;3;1;3;La Strée (Gesté);47,1644650000; -1,0803560000
202200021022;20;12;2022;13:25;1;49;49021;1;1;2;6;D347;47,4360130000; -0,2233960000
202200021023;9;3;2022;14:30;1;971;97113;2;1;1;4;ROUTE DE PERINET-RD 119;16,2070000000; -61,4845500000
202200021024;16;12;2022;17:10;3;14;14258;1;1;1;6;Chemin d'Eraines;48,9048510000; -0,1813120000
202200021025;8;3;2022;07:30;1;971;97101;2;1;1;6;ACHILLE RENE BOISNEUF (RUE);16,2681522173; -61,5072208643
202200021026;18;12;2022;13:45;1;29;29042;2;1;3;6;boulevard de la Plage;48,2322410000; -4,4998670000
202200021027;21;12;2022;12:15;1;35;35253;2;6;2;3;Rue du Stade;48,2578950000; -1,4004300000
202200021028;9;3;2022;11:55;1;971;97107;2;3;1;6;DELGRES ( BOULEVARD );16,0444506983; -61,5651994944
202200021029;19;12;2022;14:30;1;27;27015;2;1;1;7;Route de Muids;49,2307420000;1,2470390000
202200021030;22;12;2022;18:45;3;60;60462;1;1;2;1;D1001;49,3098617719;2,2004669569
202200021031;10;3;2022;14:15;1;2A;2A004;1;6;1;3;T21;41,9297938834;8,7609883547
202200021032;7;12;2022;07:56;3;59;59136;1;1;3;2;D932;50,1012030000;3,5114190000
202200021033;6;3;2022;12:30;1;95;95598;2;3;1;2;RD 109;48,9819268779;2,2928783298
202200021034;10;3;2022;08:45;1;91;91027;2;1;1;3;AV DE MORANGIS;48,7060520000;2,3724440000
202200021035;18;12;2022;19:35;3;59;59212;2;3;3;6;3 rue kennedy;50,6449550000;2,7210180000
202200021036;20;12;2022;20:20;5;13;13215;1;1;1;2;A7-Sens Lyon vers Marseille;43,3771900000;5,3579000000
202200021037;8;3;2022;16:25;1;90;90010;2;3;1;3;SAVOUREUSE (RUE DE LA);47,6490000000;6,8550000000
202200021038;20;12;2022;17:14;3;13;13022;1;1;1;7;A50-Sens Aubagne vers Toulon;43,2199264430;5,5810417704
202200021039;19;12;2022;16:50;3;13;13033;1;1;1;3;A55-Sens Martigues vers Marseille;43,3805950000;5,2139590000
202200021040;9;3;2022;16:38;1;87;87085;2;2;1;3;BAUDIN ( AVENUE) (VC);45,8266100000;1,2579600000
202200021041;17;12;2022;22:25;3;13;13202;1;1;1;7;A55-Sens Marseille vers Martigues;43,3358220000;5,3525790000
202200021042;9;3;2022;15:45;1;87;87085;2;1;1;6;DELESCLUZE (RUE);45,8271500000;1,2620700000
202200021043;16;12;2022;10:35;1;13;13215;1;1;1;4;A7-Sens Marseille vers Lyon;43,3664345541;5,3608052872
202200021044;18;12;2022;22:19;3;83;83090;1;1;1;3;A50;43,1243540000;5,8723620000
202200021045;9;3;2022;13:49;1;87;87050;1;3;1;2;D20;45,8918700000;1,1778500000
202200021046;19;12;2022;21:30;5;69;69034;1;1;1;7;Boulevard Périphérique Nord;45,7927400000;4,8730500000
202200021047;17;12;2022;00:50;5;69;69389;1;1;1;2;Route de Métropole 6  ;45,7674300000;4,7965900000
202200021048;8;3;2022;18:31;1;85;85194;2;1;1;6;GAMBETTA (RUE LEON);46,5002900000; -1,7778800000
202200021049;22;2;2022;08:45;1;84;84007;2;1;1;6;LYON (route de );43,9531800000;4,8325200000
202200021050;17;12;2022;02:50;3;57;57751;1;9;1;5;Autoroute A31;49,1796600000;6,1774400000
202200021051;21;12;2022;22:10;5;33;33318;1;1;1;3;ROCADE A 630;44,7892910330; -0,6209345889
202200021052;10;3;2022;10:25;1;83;83137;2;1;1;6;15EME CORPS (AVE DU);43,1285230000;5,9140000000
202200021053;21;12;2022;15:43;1;33;33448;1;1;1;6;AUTOROUTE A 62;44,7193700000; -0,5217200000
202200021054;9;3;2022;17:20;1;83;83137;2;1;1;3;FORGENTIER (CHEMIN DE);43,1350700000;5,9009800000
202200021055;21;12;2022;02:40;3;33;33013;1;1;1;1;ROUTE NATIONALE 89;44,8680400000; -0,4939580000
202200021056;20;12;2022;20:30;5;33;33550;1;1;2;6;ROCADE A 630;44,7807130503; -0,5793195963
202200021057;18;12;2022;22:05;5;33;33366;1;1;1;2;AUTOROUTE A 10;45,0063000000; -0,4274580000
202200021058;19;12;2022;04:15;5;62;62907;1;1;2;7;A1;50,4867500000;2,9860600000
202200021059;9;3;2022;11:50;1;83;83050;2;1;1;1;SAINT HERMENTAIRE(AVENUE);43,5294620000;6,4560320000
202200021060;14;12;2022;13:00;1;59;59508;1;1;1;4;AUTOROUTE A22;50,7390500000;3,1331600000
202200021061;10;3;2022;22:34;5;79;79191;2;2;1;3;Rue du Maréchal Leclerc;46,3360310000; -0,4520100000
202200021062;21;12;2022;04:20;3;91;91136;1;1;2;7;AUTOROUTE A10;48,7120300000;2,2845500000
202200021063;8;3;2022;10:00;1;78;78361;2;1;1;6;BOULEVARD SULLY 1;48,9984480000;1,6769080000
202200021064;19;12;2022;09:30;1;91;91161;1;1;1;2;AUTOROUTE A6;48,6969600000;2,3157700000
202200021065;18;12;2022;07:04;5;91;91377;2;1;1;3;RN20;48,7189700000;2,2989000000
202200021066;10;3;2022;05:20;5;78;78005;2;6;1;3;RD 30;48,9617300000;2,0596200000
202200021067;18;12;2022;02:30;3;94;94038;1;1;1;2;AUTOROUTE A6A;48,7763427485;2,3462651211
202200021068;9;3;2022;08:00;1;77;77018;2;3;1;2;AV DES DEUX GOLFS;48,8533500000;2,8168800000
202200021069;9;3;2022;17:15;1;72;72181;2;6;1;3;rue Alfred Sisley;47,9756043678;0,2175986765
202200021070;19;12;2022;17:15;3;78;78455;1;1;2;4;A13;48,8526600000;2,0635800000
202200021071;18;12;2022;07:35;3;78;78090;1;1;1;1;A13;48,9694640000;1,9147310000
202200021072;9;3;2022;17:40;1;72;72181;2;6;1;3;SEMARD PIERRE (RUE);47,9732600000;0,2001400000
202200021073;5;3;2022;00:26;5;72;72181;2;9;1;6;GALERE (RUE DE LA) N° PAIRS;48,0064200000;0,1927700000
202200021074;17;12;2022;23:20;3;78;78466;1;1;1;2;A13;48,9237600000;2,0002300000
202200021075;21;12;2022;18:15;3;93;93008;1;1;2;3;AUTOROUTE A86;48,9128400000;2,4360700000
202200021076;10;3;2022;06:45;2;69;69282;2;1;2;3;Avenue de Verdun;45,7835600000;5,0129000000
202200021077;21;12;2022;13:10;1;95;95527;1;1;1;5; A1;48,9869273615;2,5071343804
202200021078;10;3;2022;07:50;1;69;69264;2;6;1;3;Rue Jules Guesde;45,9939000000;4,7346200000
202200021079;19;12;2022;17:30;5;93;93066;1;1;1;2;AUTOROUTE A1;48,9161940878;2,3577797413
202200021080;19;12;2022;11:50;1;93;93066;1;1;1;7;AUTOROUTE A1;48,9192000000;2,3575100000
202200021081;25;2;2022;17:10;1;68;68297;2;1;1;1;FREUND ( RUE ALEXANDRE );47,5890200000;7,5540100000
202200021082;19;12;2022;09:15;1;93;93048;1;1;2;2;AUTOROUTE A3;48,8696602928;2,4297243504
202200021083;19;12;2022;02:10;3;93;93005;1;1;2;6;AUTOROUTE A1;48,9607700000;2,4682400000
202200021084;18;12;2022;22:20;3;93;93005;1;1;2;3;AUTOROUTE A104;48,9728000000;2,4924300000
202200021085;10;3;2022;07:22;1;67;67218;1;3;1;3;FORT UHRICH (ROUTE DU);48,5147100000;7,7060100000
202200021086;18;12;2022;05:45;3;93;93007;1;1;1;5;AUTOROUTE A3;48,9200811595;2,4791443348
202200021087;9;3;2022;17:16;1;67;67043;2;3;1;3;GEORGES BURGER (RUE);48,6152200000;7,7274600000
202200021088;18;12;2022;04:30;5;93;93066;1;1;1;2;AUTOROUTE A1;48,9134400000;2,3578900000
202200021089;9;3;2022;08:44;1;67;67180;2;1;1;3;NESSEL (BLD);48,8136500000;7,7840900000
202200021090;18;12;2022;03:20;3;93;93010;1;1;1;6;AUTOROUTE A3;48,9049641803;2,4719104171
202200021091;17;12;2022;21:35;3;93;93064;1;1;1;4;AUTOROUTE A86;48,8808658662;2,4751941032
202200021092;17;12;2022;18:00;3;93;93006;1;1;1;3;AUTOROUTE A3;48,8657818159;2,4124591769
202200021093;10;3;2022;18:15;1;64;64445;1;3;1;5;boulevard Olof Palme;43,3359600000; -0,3636300000
202200021094;21;12;2022;19:20;3;94;94046;1;1;2;4;A86 INT;48,8071293380;2,4487169744
202200021095;10;3;2022;19:43;5;64;64445;2;2;1;1;JEAN MERMOZ;43,3081200000; -0,3765600000
202200021096;20;12;2022;21:30;3;94;94033;1;1;2;3;A86 INT;48,8577784448;2,4875039050
202200021097;20;12;2022;16:20;2;94;94028;1;1;1;3;A86 INT;48,7894964088;2,4402226391
202200021098;8;3;2022;13:10;1;64;64024;2;2;2;3;PHENIX (RUE DU);43,4970600000; -1,5067000000
202200021099;20;12;2022;14:15;1;94;94073;1;1;2;2;A86 EXT;48,7719567548;2,3956891381
202200021100;20;12;2022;07:30;1;77;77249;1;1;1;2;RN104;48,7297000000;2,6078200000
202200021101;10;3;2022;21:00;5;59;59360;2;2;1;3;REPUBLIQUE BOULEVARD DE LA;50,6089235002;3,0148619413
202200021102;18;12;2022;00:30;3;77;77058;1;1;1;6;A4;48,8292400000;2,7189000000
202200021103;9;3;2022;18:35;5;59;59350;2;1;1;2;FAUBOURG D'ARRAS RUE;50,6076800000;3,0592600000
202200021104;9;3;2022;22:54;5;56;56121;2;1;1;6;VERDUN (RUE  DE );47,7572800000; -3,3647100000
202200021105;18;8;2022;08:15;1;14;14731;1;3;1;3;D27;49,3120480000;0,0460260000
202200021106;4;7;2022;08:30;1;14;14341;2;9;8;6;190 Rue de Rocquancourt;49,1412660000; -0,3384220000
202200021107;9;3;2022;11:40;1;54;54395;2;1;1;1;KOENIG (Rue Maréchal Pierre);48,7031590966;6,1463570595
202200021108;11;9;2022;06:15;2;59;59650;2;2;1;6;;50,6974611595;3,2054382563
202200021109;24;9;2022;19:40;2;36;36101;1;1;1;6;Le crousille;46,7262190000;1,5380450000
202200021110;10;3;2022;19:20;5;51;51454;2;1;1;7;Avenue de l’Europe;49,2488800000;4,0655100000
202200021111;15;10;2022;17:40;1;74;74104;1;1;1;7;Route d'annecy;45,7825040000;6,2268230000
202200021112;12;10;2022;17:55;1;74;74155;1;1;1;6;Route du col de terramont;46,2712600000;6,5136370000
202200021113;10;3;2022;10:20;1;51;51454;2;1;1;2;Avenue Paul Marchandeau;49,2419845842;4,0242227912
202200021114;12;10;2022;16:15;1;74;74213;2;1;1;1;Route des creusettes;45,9185500000;6,0829070000
202200021115;9;3;2022;19:40;2;50;50129;2;1;1;2;PARIS (AVENUE DE);49,6296000000; -1,6180000000
202200021116;1;10;2022;22:00;5;74;74123;1;1;2;1;Route d'annecy;45,7559590000;6,2715890000
202200021117;11;7;2022;20:50;1;62;62108;2;1;1;6;IMPERATRICE;50,4098330000;1,5996930000
202200021118;9;3;2022;16:05;1;49;49007;2;1;1;6;BRESSIGNY;47,4668500000; -0,5487500000
202200021119;17;12;2022;12:30;1;75;75113;2;1;1;2;BD PERIPHERIQUE EXTERIEUR;48,8166560000;2,3375740000
202200021120;9;3;2022;08:54;1;49;49007;2;1;1;7;QUEMARD;47,4781200000; -0,5968200000
202200021121;9;3;2022;17:20;1;47;47001;2;1;1;6;BARBUSSE (AV. HENRI);44,2062000000;0,6335500000
202200021122;16;12;2022;20:24;5;75;75114;2;3;1;3;BOULEVARD JOURDAN;48,8221130000;2,3303400000
202200021123;10;3;2022;17:20;1;45;45285;2;1;1;2;Avenue Georges Clémenceau;47,8982700000;1,8713700000
202200021124;17;12;2022;17:10;5;75;75120;2;2;1;6;RUE DES PYRENEES;48,8640600000;2,3991320000
202200021125;17;12;2022;15:30;1;75;75115;2;3;1;3;RUE DE VOUILLE;48,8345470000;2,3057900000
202200021126;9;3;2022;14:10;1;45;45208;2;2;1;3;D815 PK 0 + 1;48,0020890000;2,7373950000
202200021127;16;12;2022;15:50;1;75;75114;2;5;1;6;BOULEVARD DU MONTPARNASSE;48,8419503766;2,3297131062
202200021128;9;3;2022;11:55;1;43;43041;2;1;1;3;22 Rue de Corsac;45,0522700000;3,9155300000
202200021129;17;12;2022;18:10;5;75;75113;2;1;1;3;RUE DE L AMIRAL MOUCHEZ;48,8202500000;2,3440030000
202200021130;21;1;2022;16:10;1;42;42218;2;6;1;3;Square Franklin Roosevelt;45,4209600000;4,4121300000
202200021131;17;12;2022;17:00;1;75;75112;2;1;1;5;BOULEVARD DE BERCY;48,8394070000;2,3776470000
202200021132;19;2;2022;12:25;1;42;42237;1;1;1;3;Rue Emile Zola;45,4452000000;4,4246000000
202200021133;16;12;2022;17:05;3;75;75112;2;4;1;5;AVENUE DE GRAVELLE;48,8186330000;2,4430180000
202200021134;17;12;2022;16:20;1;75;75109;2;2;1;6;RUE DE PROVENCE;48,8741810000;2,3269430000
202200021135;4;3;2022;16:00;1;42;42218;2;1;1;5;Rue Montyon;45,4643684563;4,3820915222
202200021136;16;12;2022;23:40;5;75;75109;2;7;1;6;BOULEVARD DE CLICHY;48,8836250465;2,3326179385
202200021137;10;3;2022;08:45;1;33;33063;2;1;2;3;Boulevard du Président Wilson;44,8504800000; -0,5959400000
202200021138;17;12;2022;20:10;5;75;75103;2;2;1;3;RUE DE TURBIGO;48,8644430000;2,3515440000
202200021139;9;3;2022;17:45;1;33;33281;2;1;1;7;Rue Gutenberg;44,8264000000; -0,6716900000
202200021140;17;12;2022;06:30;5;75;75103;2;2;1;6;BOULEVARD BEAUMARCHAIS;48,8558040000;2,3684930000
202200021141;17;12;2022;01:45;5;94;94074;2;1;1;2;CHAMP SAINT-JULIEN (AV DU);48,7490400000;2,4555900000
202200021142;9;3;2022;16:35;1;33;33200;2;6;1;1;Avenue de Magudas;44,8585700000; -0,6772500000
202200021143;17;12;2022;19:05;5;94;94054;2;1;1;3;Avenue Adrien Raynal;48,7445700000;2,4068000000
202200021144;10;3;2022;18:10;1;27;27229;2;3;1;2;BUFFARDIERE (BOULEVARD DE LA);49,0228600000;1,1406700000
202200021145;17;12;2022;19:57;5;93;93071;2;2;8;1;Rue d'Aulnay / Avenue de la Paix;48,9397770000;2,5147420000
202200021146;7;3;2022;17:26;1;24;24102;1;3;1;3;TOUR BLANCHE (ROUTE DE LA);45,2293600000;0,6556000000
202200021147;17;12;2022;11:46;1;93;93070;2;1;8;3;Rue Albert Dhalenne;48,9158400000;2,3309100000
202200021148;5;3;2022;15:30;1;13;13039;1;1;1;3;MISTRAL (Route du);43,4583300000;4,9486800000
202200021149;17;12;2022;19:30;5;93;93048;2;2;1;6;Rue de Paris / Rue Edouard Vaillant;48,8576000000;2,4333800000
202200021150;10;3;2022;16:50;1;13;13203;2;1;1;3;ROGER SALENGRO (AVENUE);43,3140000000;5,3708500000
202200021151;17;12;2022;14:20;1;93;93046;2;3;1;5;Avenue Aristide Briand / Allée Nouvelle;48,9115200000;2,5189400000
202200021152;10;3;2022;16:00;1;13;13213;2;3;1;1;COMMANDEUR (TRAVERSE);43,3244900000;5,4555600000
202200021153;17;12;2022;01:30;5;93;93077;2;1;1;5;Avenue de Rosny;48,8843050000;2,5009680000
202200021154;17;12;2022;20:15;5;92;92077;2;1;1;7;VERSAILLES (RUE DE);48,8237520759;2,1854580045
202200021155;10;3;2022;11:45;1;13;13213;2;1;1;3;CHATEAU GOMBERT CHEMIN;43,3425100000;5,4202400000
202200021156;17;12;2022;12:15;1;92;92064;2;1;8;6;DAILLY;48,8423141372;2,2212477922
202200021157;18;12;2022;14:45;1;974;97415;2;2;1;3;Rue Jean Albany; -21,0777730000;55,2685210000
202200021158;9;3;2022;11:10;1;13;13212;2;1;1;2;;43,3000000000;5,4300000000
202200021159;16;12;2022;09:30;1;37;37125;2;3;1;3;Route de Chinon;47,1026920000;0,3139100000
202200021160;8;3;2022;19:10;5;13;13215;2;1;1;4;PADOUANE (BD DE LA );43,3533700000;5,3685700000
202200021161;17;12;2022;22:35;3;83;83058;1;1;1;6;3952 Route de Lorgues;43,5172570000;6,3394760000
202200021162;9;3;2022;14:12;1;10;10362;2;3;1;3;PAUL DOUMER (RUE);48,2897000000;4,0400889000
202200021163;17;12;2022;21:00;5;49;49333;2;2;1;3;Rue Pasteur;47,5725100000; -0,3557660000
202200021164;6;3;2022;12:50;1;07;07102;2;6;1;6;CHARLES DE GAULLE (BOULEVARD);44,9332100000;4,8823800000
202200021165;18;12;2022;17:50;3;76;76392;2;1;3;6;Rue du Maréchal Leclerc;49,8343910000;1,4004670000
202200021166;1;12;2022;22:00;5;974;97422;2;6;1;6;Rue du Général de Gaulle; -21,2741590000;55,5175640000
202200021167;9;3;2022;14:55;1;07;07102;2;1;1;3;;44,9344600000;4,8773100000
202200021168;18;12;2022;01:45;3;68;68253;2;6;4;7;D108;47,7832240000;7,5034530000
202200021169;10;3;2022;14:30;1;06;06069;2;1;1;7;MARIGARDE (ROUTE DE LA);43,6545180000;6,9430020000
202200021170;17;12;2022;03:44;3;21;21485;1;1;1;6;A38;47,3370033090;4,9561415387
202200021171;18;12;2022;04:15;5;22;22305;2;1;1;6;5 rue de la boissière;48,2667770000; -2,1598700000
202200021172;18;12;2022;03:50;3;66;66141;1;1;1;6;;42,7399431684;2,9411494732
202200021173;10;3;2022;08:10;1;06;06069;2;1;1;3;CANNES (ROUTE DE)  -RD 6085-;43,6389250000;6,9499650000
202200021174;19;11;2022;05:30;5;69;69100;1;3;1;3;Rue des Selettes;45,6719320000;4,8291510000
202200021175;9;3;2022;10:45;1;06;06123;2;1;1;3;CURIE PIERRE ET MARIE AVENUE;43,6942600000;7,1846900000
202200021176;17;12;2022;23:00;5;82;82110;2;1;1;6;Route de Réalville;44,1430900000;1,4226490000
202200021177;17;12;2022;14:30;1;89;89390;1;1;1;2;;48,3167410000;3,2129440000
202200021178;9;3;2022;17:00;1;05;05061;2;1;1;3;Chemin de Graffinel;44,5368500000;6,0541100000
202200021179;18;12;2022;01:00;4;55;55519;2;1;9;6;2 Route Nationale;48,7199810000;5,2711060000