Num_Acc;jour;mois;an;hrmn;lum;dep;com;agg;int;atm;col;adr;lat;long
202200021180;17;12;2022;06:30;3;22;22074;1;1;9;7;Ker Allain;48,3277780000; -3,0436700000
202200021181;17;12;2022;09:10;1;44;44003;2;1;1;6;23 Avenue Francis Robert;47,3703890000; -1,1788850000
202200021182;9;3;2022;14:45;1;03;03185;2;2;1;3;BLUM ( AVENUE LEON );46,3368800000;2,5744700000
202200021183;10;3;2022;14:55;1;75;75120;2;7;1;1;RUE DES PRAIRIES;48,8639200000;2,4005140000
202200021184;17;12;2022;20:40;5;31;31587;1;3;1;3;Route de Masseribaut;43,7628070000;1,4068190000
202200021185;18;12;2022;08:50;2;16;16281;1;1;1;6;D6;45,7261890000;0,3962730000
202200021186;10;3;2022;19:35;5;75;75118;2;2;1;6;RUE RAMEY;48,8916780000;2,3446080000
202200021187;17;12;2022;22:20;3;16;16280;1;1;1;6;route de limoges;45,7541400000;0,3904220000
202200021188;18;12;2022;13:00;1;40;40234;1;9;1;7;Route de Corbleu;43,9878280000; -0,3595450000
202200021189;17;12;2022;18:55;3;85;85022;1;1;1;5;RD 949 ;46,4541190000; -1,4195039000
202200021190;10;3;2022;08:30;1;75;75118;2;3;1;6;RUE ORDENER;48,8921560000;2,3463540000
202200021191;10;3;2022;16:30;1;75;75115;2;3;1;6;RUE AUGUSTE CHABRIERES;48,8359430000;2,2885470000
202200021192;11;12;2022;19:40;5;27;27103;2;2;1;3;D675;49,3555240000;0,8187340000
202200021193;10;3;2022;11:40;1;75;75115;2;3;1;3;QUAI D ISSY LES MOULINEAUX;48,8353760000;2,2669290000
202200021194;10;3;2022;15:40;1;75;75114;2;3;1;2;RUE DES PLANTES;48,8280300000;2,3214660000
202200021195;10;3;2022;19:10;5;75;75113;2;1;1;3;AVENUE DE LA PORTE D ITALIE;48,8170980000;2,3601050000
202200021196;10;3;2022;09:20;1;75;75111;2;3;1;6;RUE DU CHEMIN VERT;48,8623480000;2,3853930000
202200021197;9;3;2022;22:50;5;75;75108;2;7;1;3;PLACE DE L ALMA;48,8647150000;2,3013600000
202200021198;10;3;2022;14:45;1;75;75103;2;2;1;3;RUE DE BRETAGNE;48,8624850000;2,3633400000
202200021199;10;3;2022;20:00;5;94;94081;2;1;1;3;Rue de Choisy;48,7837800000;2,4011600000
202200021200;10;3;2022;08:30;1;94;94081;2;2;1;6;HENRI BARBUSSE (AV);48,7928600000;2,3931500000
202200021201;5;9;2022;08:15;1;93;93051;2;3;1;6;Rue de la République / Avenue Aristide Briand;48,8463300000;2,5535000000
202200021202;10;3;2022;16:15;1;94;94068;2;2;1;3;Avenue des Piliers;48,7940367879;2,5073901415
202200021203;4;9;2022;13:10;1;93;93013;2;1;1;3;Avenue Jean Jaurès;48,9325792948;2,4256711844
202200021204;10;3;2022;18:00;1;94;94052;2;1;1;3;Boulevard de Strasbourg;48,8409599352;2,4824509619
202200021205;10;3;2022;12:25;1;94;94037;2;3;1;6;ARCUEIL (R D);48,8108200000;2,3419600000
202200021206;5;9;2022;11:55;1;93;93014;2;2;1;3;Boulevard Gagarine / Allée Maurice Audin;48,9081200000;2,5336000000
202200021207;8;3;2022;14:48;1;94;94043;2;9;1;2;Rue de Verdun;48,8081000000;2,3571300000
202200021208;4;9;2022;15:45;1;92;92072;2;1;1;3;CRISTALLERIE (AVENUE DE LA);48,8262182796;2,2206088900
202200021209;10;3;2022;13:00;1;94;94041;2;1;1;6;1 Place de la République;48,8114700000;2,3838300000
202200021210;5;9;2022;17:57;1;92;92020;2;9;1;6;PERI RUE GABRIEL;48,8012688169;2,2869248986
202200021211;8;3;2022;21:40;5;94;94041;2;3;1;3;Quai Auguste Deshaies;48,8179900000;2,4017300000
202200021212;5;9;2022;16:00;1;92;92044;2;2;1;7;GABRIEL PERI(RUE) 51+ ET 48+;48,8931810236;2,2867339253
202200021213;10;3;2022;08:36;1;94;94065;1;9;1;3;RN 186;48,7537400000;2,3597500000
202200021214;5;9;2022;08:30;1;92;92040;2;1;1;3;GENERAL LECLERC (DU) DU 32 A 62;48,8256337901;2,2770146727
202200021215;3;9;2022;08:00;1;92;92036;2;1;1;7;CAMELINAT (BOULEVARD) (1/47);48,9284030000;2,2990930000
202200021216;10;3;2022;13:20;1;94;94033;2;6;1;2;Avenue du Maréchal Joffre / Place de l'amitié entre les peuples;48,8524200000;2,4819500000
202200021217;5;9;2022;14:15;1;92;92012;2;1;1;7;EDOUARD VAILLANT (AVENUE) 57/FIN - 58/FI;48,8343720000;2,2464970000
202200021218;10;3;2022;22:10;5;94;94022;2;2;1;3;Avenue d’Alfortville / Rue Frédéric Joliot Curie;48,7740400000;2,4153800000
202200021219;31;8;2022;17:30;1;60;60374;2;1;1;6;35 Rue de Saint-just;49,5506933379;2,5017553568
202200021220;10;3;2022;17:54;1;93;93070;2;3;1;6;Rue Charles Schmidt / Rue Mathieu;48,9031300000;2,3339700000
202200021221;5;9;2022;22:40;5;65;65407;2;1;1;6;Route du Village;43,0158850000;0,5894690000
202200021222;3;9;2022;10:30;1;26;26096;1;1;1;6;Route de Saint Donat;45,0888840000;4,9495980000
202200021223;10;3;2022;20:05;5;93;93077;2;2;1;3;Avenue Meissonier / Rue Montgolfier;48,8880000000;2,4980000000
202200021224;6;9;2022;06:15;2;02;02330;1;1;1;2;A26;49,8611510000;3,2357150000
202200021225;10;3;2022;08:15;1;93;93051;2;3;1;3;Rue de Stalingrad / Rue des Giroflées;48,8468900000;2,5692800000
202200021226;7;8;2022;10:15;1;45;45219;1;1;1;2;29 Rue de la Mairie ;48,0172300000;2,5901770000
202200021227;10;3;2022;00:51;5;93;93029;2;1;1;3;Avenue Henri Barbusse;48,9208300000;2,4534400000
202200021228;6;9;2022;08:50;1;71;71420;1;1;3;7;5 Route de Gigny;46,6806140000;4,9546570000
202200021229;10;3;2022;07:14;2;92;92063;2;1;1;6;ZAMENHOF (RUE DU DOCTEUR);48,8784200000;2,1824600000
202200021230;10;3;2022;11:40;1;92;92050;2;1;1;3;JOFFRE MARECHAL AVENUE DU;48,8844112815;2,1930465102
202200021231;4;9;2022;21:00;3;19;19005;1;1;1;1;18 Route De La Barriere;45,2226320000;1,4276220000
202200021232;10;3;2022;18:00;1;92;92049;2;5;1;3;PERI RUE GABRIEL AUTRES N°;48,8185138600;2,3195933998
202200021233;5;9;2022;15:35;1;56;56153;1;1;1;1;moulin de coueguel;47,6032980000; -2,3603010000
202200021234;10;3;2022;10:00;1;92;92036;2;1;1;2;LOUIS ROCHE (AVENUE) (47/151);48,9290924972;2,3103904724
202200021235;4;9;2022;19:00;1;56;56022;1;1;1;6;tolgoet;47,7732650000; -2,9202860000
202200021236;10;3;2022;09:30;1;92;92026;2;3;1;3;DUBONNET;48,9013090000;2,2599780000
202200021237;5;9;2022;21:50;3;74;74311;1;1;1;1;D907;46,1561650000;6,3703400000
202200021238;9;3;2022;10:30;1;92;92023;2;7;1;3;GENERAL DE GAULLE (AVENUE DU);48,7940622910;2,2726512551
202200021239;3;7;2022;17:44;1;82;82089;2;3;1;3;Boulevard Vergnes;44,1238400000;0,8300690000
202200021240;11;3;2022;15:55;1;39;39097;2;1;1;6;1 Avenue Jean Jaurès;46,7402760000;5,9153020000
202200021241;6;9;2022;11:50;1;65;65258;2;9;7;6;Rue de la Ramondia;43,1032230000;0,3853580000
202200021242;6;3;2022;00:37;3;17;17045;1;1;1;7;D118;45,8734570000; -0,8277510000
202200021243;6;9;2022;07:12;1;71;71016;1;4;2;3;Route d Ige;46,4212850000;4,7560930000
202200021244;7;3;2022;17:20;1;49;49127;1;1;1;4;D859;47,6785220000; -0,2428360000
202200021245;10;3;2022;09:00;1;31;31475;1;1;1;7;d 53;43,4807330000;1,2162420000
202200021246;5;9;2022;22:15;3;55;55521;1;1;1;1;RD 964;49,0104510000;5,4574960000
202200021247;1;9;2022;03:20;3;55;55291;1;1;1;6;Ligny-en-Barrois;48,6849830000;5,3117610000
202200021248;20;2;2022;13:30;1;31;31044;2;1;2;3;Route de Mons;43,6102790000;1,5196650000
202200021249;4;9;2022;15:00;1;42;42217;1;1;1;7;Ravarioux;45,7847986447;3,8908338547
202200021250;10;3;2022;15:58;1;67;67362;1;1;1;7;D159;48,2469040000;7,3473430000
202200021251;11;3;2022;12:30;1;11;11324;1;1;8;6;D124;43,2512120000;2,8165770000
202200021252;6;9;2022;11:00;1;39;39367;1;2;3;3;;46,5558210000;6,0134160000
202200021253;10;3;2022;18:20;2;11;11172;1;1;1;3;RD 610;43,2654330000;2,7177270000
202200021254;20;8;2022;18:17;1;29;29165;1;1;1;7;Penbanal Névez;47,8144730000; -4,2400090000
202200021255;9;3;2022;13:15;1;64;64184;1;1;1;1;D32;43,4082260000; -0,5283080000
202200021256;5;9;2022;06:30;5;29;29173;1;6;8;6;Rond-Point de Kergaben;48,0118250000; -4,1975790000
202200021257;30;8;2022;13:20;1;03;03238;1;1;3;7;Maltaverne;46,4630000000;3,0186000000
202200021258;9;3;2022;17:20;1;59;59202;2;6;1;1;814 Rue d Armentieres;50,6809496516;2,8602501154
202200021259;5;9;2022;11:40;1;70;70520;1;1;1;6;D101;47,5960400000;5,8547070000
202200021260;10;3;2022;18:45;3;59;59083;1;9;1;3;Route de Saint Omer;50,9150863238;2,4072811603
202200021261;5;9;2022;14:40;1;58;58181;2;1;1;6;Le Bourg;47,2791270000;3,5469530000
202200021262;11;3;2022;18:00;1;30;30221;1;3;1;3;;44,0283000000;4,7368450000
202200021263;6;9;2022;09:55;1;06;06059;1;1;1;1;Route de la Simboula (Chemin);43,7357740000;7,3748870000
202200021264;6;3;2022;21:30;3;22;22032;1;1;1;7;La Boulliais;48,3047850000; -2,1420440000
202200021265;5;9;2022;17:55;1;06;06038;1;1;1;1;270 Chemin du Camp de Tende;43,6628180000;6,9760870000
202200021266;6;9;2022;08:40;1;14;14474;2;6;1;7;D613 ;49,1403370000; -0,0089690000
202200021267;6;9;2022;08:00;1;60;60667;1;1;1;7;D932A;49,3092990000;2,7306730000
202200021268;11;3;2022;18:30;5;62;62164;2;1;2;6;16 Rue des Minières;50,1810320000;3,1164360000
202200021269;8;3;2022;16:00;1;31;31203;1;1;1;6;Avenue du Gers - D 68;43,5197160000;1,3138970000
202200021270;5;9;2022;17:30;1;24;24082;1;1;1;1;D704;44,8573670000;1,2574950000
202200021271;11;3;2022;16:35;1;95;95652;2;1;2;6;1ter Rue de l Etang;49,1251366741;2,3685675859
202200021272;3;9;2022;16:00;1;85;85084;1;1;1;7;D7;46,7838310000; -1,2440293000
202200021273;5;9;2022;11:20;1;87;87158;2;1;1;3;Avenue Jean Moulin;45,7700410000;0,9552260000
202200021274;10;3;2022;19:25;3;51;51627;1;1;1;3;D9;48,9276781724;4,0295147896
202200021275;6;9;2022;03:40;3;78;78233;1;1;1;1;Route départementale 30;48,8701910000;1,9657260000
202200021276;10;3;2022;19:00;3;95;95527;1;1;1;3;RD 902;48,9955830000;2,5012340000
202200021277;10;3;2022;11:35;1;56;56078;1;1;7;6;Lieu-Dit la Grande Saudraye;47,7760500000; -3,4942370000
202200021278;5;9;2022;22:35;3;82;82025;1;1;1;2;A20 - PK424+800;43,9637333503;1,3295941879
202200021279;11;3;2022;07:40;1;76;76377;2;1;1;6;2199 Route de Neufchatel;49,5023550000;1,1566860000
202200021280;5;9;2022;06:55;2;45;45169;1;1;1;3;A10-PK 95+7;47,9355700000;1,8489270000
202200021281;5;9;2022;13:25;1;975;97502;2;2;1;3;Rue Marcel Bonin;46,7797480000; -56,1747050000
202200021282;11;3;2022;16:00;1;61;61008;2;3;1;3;89 route de paris;48,7401510000;0,5451000000
202200021283;1;9;2022;11:05;1;37;37072;2;1;1;6;66 Rue Descartes;47,1628236376;0,2492040396
202200021284;11;3;2022;14:35;1;55;55578;1;1;1;2;Route de Metz;49,1972000000;5,6499340000
202200021285;6;9;2022;16:40;1;78;78590;1;1;1;7;D202;48,6928550000;1,9643290000
202200021286;6;3;2022;16:15;1;41;41164;2;1;1;7;Rue Saint-Lazare;47,2773330000;1,3802970000
202200021287;6;9;2022;09:10;1;66;66108;2;3;7;1;;42,6959470000;2,6942520000
202200021288;3;9;2022;17:00;1;83;83071;2;9;1;1;Avenue Georges Clémenceau;43,1382400000;6,2356320000
202200021289;9;3;2022;13:50;1;39;39201;1;1;1;1;;46,6472230000;5,7644320000
202200021290;5;9;2022;18:55;1;83;83016;1;9;1;1;;43,2260931536;5,8104021549
202200021291;10;3;2022;15:00;1;03;03146;1;1;1;7;Les Bruyeres des Collins;46,6910650000;3,0357780000
202200021292;31;8;2022;21:48;3;06;06099;1;1;2;1;25 Avenue Alexandre Barety;43,9525610000;6,8838050000
202200021293;10;3;2022;08:00;1;72;72346;2;1;1;6;Rue du Pont;47,8898770000;0,0285660000
202200021294;11;3;2022;04:00;3;50;50151;1;6;1;7;D650;49,2002530000; -1,5761730000
202200021295;6;9;2022;16:30;1;63;63226;1;3;1;2;D1;45,7536980000;3,2363100000
202200021296;11;3;2022;00:15;4;50;50183;2;1;1;1;route de bricquebec;49,3935260000; -1,6650460000
202200021297;5;9;2022;20:45;3;33;33243;2;1;1;3;Avenue du Général de Gaulle;44,9035050000; -0,2227900000
202200021298;11;3;2022;16:20;1;60;60584;2;2;3;1;Rue de la Libération;49,2153837121;2,4150513410
202200021299;5;9;2022;19:30;1;85;85178;1;1;1;7;VC la favrie;46,7914220000; -1,5060280000
202200021300;10;3;2022;12:10;1;53;53271;1;1;1;6;Route Départementale 121;48,3523710000; -0,2598740000
202200021301;11;3;2022;12:00;1;21;21456;1;1;1;6;D119m;47,6133103442;4,3639926909
202200021302;18;8;2022;23:55;3;35;35228;1;1;1;6;D266;48,5882190000; -2,0689920000
202200021303;7;3;2022;06:53;3;40;40234;1;1;1;2;rd 934;43,9878900000; -0,3194400000
202200021304;11;3;2022;14:45;1;28;28391;1;2;2;1;RD2020/D141;48,2007040000;1,9344410000
202200021305;6;9;2022;07:45;1;80;80279;2;1;1;1;D186;49,7024690000;2,9354450000
202200021306;11;3;2022;15:35;1;38;38545;1;1;7;7;avenue de la gare;45,0455630000;5,6907030000
202200021307;11;3;2022;09:15;1;978;97801;1;1;1;3;Rn7 - hope estate;18,0981620000; -63,0436810000
202200021308;5;9;2022;09:33;1;33;33122;1;1;1;4;AUTOROUTE A 63;44,7551620000; -0,6874640000
202200021309;11;3;2022;14:10;1;82;82052;1;9;1;3;A62   PK 181 +  500;43,9992405000;1,2267653000
202200021310;5;9;2022;01:25;3;33;33143;1;1;1;4;AUTOROUTE A 10;44,9746400000; -0,4336400000
202200021311;3;9;2022;21:10;3;78;78291;1;1;1;6;A13;48,9650700000;1,7561580000
202200021312;22;2;2022;19:45;3;53;53195;1;3;1;5;RN162;48,1768593284; -0,6793759679
202200021313;4;9;2022;10:50;1;92;92063;1;1;1;7;A86;48,8832130858;2,1659121230
202200021314;11;3;2022;03:04;3;72;72241;1;1;1;6;Autoroute A11 - PK 155+500 - sens LE MANS/PARIS;48,0607510000;0,3862810000
202200021315;5;3;2022;14:00;1;38;38485;2;1;1;7;2bis Route de Saint-Nizier;45,1687140000;5,6779550000
202200021316;3;9;2022;16:00;1;78;78466;1;1;1;2;A13;48,9273140000;1,9924240000
202200021317;11;3;2022;11:00;1;69;69206;1;1;1;2;Autoroute 6 ;46,0655284380;4,7389268875
202200021318;5;9;2022;19:40;2;95;95488;1;1;3;3;A15;49,0212710501;2,1366316080
202200021319;31;1;2022;04:45;3;45;45297;1;1;1;7;RD 60;47,7732670000;2,3549800000
202200021320;5;9;2022;08:50;1;95;95241;1;1;1;2;RN 104;49,0528069803;2,4271550775
202200021321;11;3;2022;06:50;2;45;45291;1;1;1;7;D951 - PR 24 + 0;47,6701850000;2,6493570000
202200021322;9;3;2022;08:50;1;45;45126;1;1;1;6;D2060;47,9053980000;2,1104110000
202200021323;4;9;2022;21:30;5;93;93048;1;1;1;2;A3;48,8704936302;2,4307930469
202200021324;11;3;2022;07:50;1;66;66065;2;1;1;6;3 Avenue General de Gaulle;42,5984370000;2,9734540000
202200021325;5;9;2022;12:45;1;93;93064;1;1;1;3;A86.EXT;48,8612242569;2,4841007475
202200021326;11;3;2022;11:10;1;83;83055;2;1;1;6;Avenue Robert Fabre;43,6241120000;6,6929250000
202200021327;2;3;2022;04:10;3;13;13099;1;1;1;6;D11;43,6766490000;5,7314170000
202200021328;5;9;2022;11:15;1;94;94004;1;1;1;2;RN19 .W;48,7573441717;2,5038444256
202200021329;10;3;2022;18:00;1;89;89077;1;1;1;3;D606;47,7504910000;3,6049640000
202200021330;5;9;2022;07:40;1;77;77294;1;1;1;6;A104;48,9706040000;2,5960860000
202200021331;5;9;2022;02:45;3;77;77121;1;1;1;7;A104;48,8363900000;2,6651400000
202200021332;10;3;2022;12:45;1;68;68318;1;1;1;1;D40;47,9692920000;7,2229750000
202200021333;28;4;2022;13:40;1;07;07332;1;1;1;6;;44,5051330000;4,5786370000
202200021334;7;3;2022;13:30;1;26;26081;1;3;1;3;Châteaudouble;44,8874380000;5,0718320000
202200021335;10;3;2022;09:00;1;31;31433;2;1;1;3;Route de Seysses;43,5399000000;1,3753620000
202200021336;4;9;2022;15:55;1;976;97611;2;1;1;6;m'tsapere-Ambassadeur (rue); -12,7881700000;45,2202000000
202200021337;5;3;2022;14:20;1;22;22171;1;6;1;1;Malakoff;48,4252710000; -2,8250210000
202200021338;3;9;2022;22:20;3;974;97416;1;1;1;3;RN3 (ANCIENNE ROUTE); -21,3028500000;55,5011400000
202200021339;11;3;2022;16:25;1;22;22081;1;1;1;6;3 rue de la chicane;48,5043080000; -2,6183620000
202200021340;4;9;2022;17:30;1;973;97302;2;9;1;3;MADELEINE (ROUTE DE LA);4,9213039557; -52,3222374916
202200021341;10;3;2022;23:30;5;59;59228;1;1;1;1;Route Nationale 43;50,3409317961;3,0959111452
202200021342;3;9;2022;22:25;5;973;97302;2;2;1;3;DE GAULLE (AVENUE);4,9387887217; -52,3317177594
202200021343;10;3;2022;18:30;2;13;13026;1;1;1;4;A55-Sens Martigues vers Marseille;43,3981700000;5,1211360000
202200021344;4;9;2022;04:25;5;69;69381;2;1;1;5;Tunnel de la Croix-Rousse;45,7736570377;4,8240548372
202200021345;10;3;2022;17:30;1;13;13213;2;1;1;4;A507 sens Marseille - Aubagne;43,3282980000;5,4171840000
202200021346;10;3;2022;08:32;1;13;13005;1;1;1;2;A50-Sens Aubagne vers Marseille;43,2833000000;5,5744000000
202200021347;4;9;2022;00:49;5;95;95585;2;3;1;3;Route de Garges;48,9852900000;2,3816200000
202200021348;10;3;2022;09:20;1;91;91645;1;1;1;3;AUTOROUTE A86;48,7598815661;2,2659771970
202200021349;9;3;2022;14:20;1;92;92072;1;1;1;2;N118;48,8199792498;2,2180296045
202200021350;4;9;2022;23:10;5;95;95018;2;3;1;3;Boulevard Jean Allemane;48,9556699850;2,2555258870
202200021351;10;3;2022;10:45;1;93;93066;1;1;1;6;AUTOROUTE A1;48,9040303465;2,3587319254
202200021352;2;9;2022;12:15;1;88;88413;2;1;1;3;Rue d'ALSACE;48,2833200000;6,9497300000
202200021353;10;3;2022;09:45;1;93;93007;1;1;1;5;AUTOROUTE A3;48,9371000000;2,4800100000
202200021354;4;9;2022;11:30;1;85;85194;1;6;1;6;RD949;46,5109780000; -1,7040154300
202200021355;9;3;2022;17:15;1;93;93027;1;1;1;2;AUTOROUTE A1;48,9337300000;2,3909500000
202200021356;4;9;2022;03:40;3;82;82033;1;1;1;6;TOULOUSE RD 813 (ROUTE DE) ;44,0254760000;1,1455450000
202200021357;10;3;2022;21:25;3;94;94028;1;1;1;6;A86 EXT;48,7763093698;2,4351718690
202200021358;4;9;2022;12:57;1;77;77337;2;1;1;6;SARTRE (JEAN-PAUL);48,8438200000;2,6165800000
202200021359;10;3;2022;09:10;1;94;94011;1;1;1;2;RN406.W;48,7610300000;2,4897600000
202200021360;4;9;2022;03:20;5;76;76540;2;2;1;6;Avenue de Caen;49,4290200000;1,0716400000
202200021361;10;3;2022;09:15;1;93;93051;1;1;1;2;A4;48,8360480850;2,5559506947
202200021362;4;9;2022;02:18;5;74;74012;2;1;1;6;RESISTANCE (RUE DE LA);46,1972300000;6,2523600000
202200021363;9;3;2022;17:40;1;77;77146;1;1;1;6;N104;48,8096582981;2,6302781794
202200021364;1;1;2022;22:40;4;19;19031;2;1;1;6;POMPIDOU (AVENUE GEORGES);45,1580100000;1,5571700000
202200021365;4;9;2022;20:10;5;72;72181;2;2;1;3;CUGNOT NICOLAS (BD);47,9860500000;0,2252100000
202200021366;4;9;2022;18:30;1;69;69259;2;1;1;6;Rue Gabriel Péri;45,7052300000;4,8692000000
202200021367;9;3;2022;16:00;1;27;27229;2;2;1;6;SAINT ANDRE (ROUTE DE);49,0106200000;1,1660800000
202200021368;4;9;2022;06:40;2;67;67180;1;1;1;6;RD 1340;48,7878000000;7,7362000000
202200021369;8;3;2022;17:35;1;29;29019;2;3;1;6;Rue du Commandant Drogou;48,4050050000; -4,4950540000
202200021370;10;1;2022;16:45;1;02;02464;1;1;1;6;;49,4225320000;3,4074780000
202200021371;3;9;2022;17:07;1;65;65226;1;1;1;5;D902;43,2430620000;0,0407880000
202200021372;9;3;2022;07:30;1;974;97411;2;1;1;6;LATTRE DE TASSIGNY (AVENUE MARECHAL DE); -20,8875600000;55,4724800000
202200021373;4;9;2022;14:52;1;64;64545;2;3;1;3;Rue du Capitaine Pellot;43,3462200000; -1,7647100000
202200021374;9;3;2022;20:40;5;69;69387;2;1;1;3;Quai Claude Bernard;45,7535800000;4,8383400000
202200021375;4;9;2022;06:55;2;61;61117;1;1;1;7;D 112;48,4413200000;0,0112100000
202200021376;9;3;2022;19:20;5;69;69386;2;1;1;6;Boulevard Stalingrad;45,7719500000;4,8587700000
202200021377;4;9;2022;21:50;5;59;59378;2;1;1;3;GUESDE JULES RUE;50,6675410072;3,0739644170
202200021378;9;3;2022;19:43;5;69;69259;2;3;1;6;Rue Chêne Velin;45,7175400000;4,8713700000
202200021379;9;3;2022;07:45;1;69;69388;2;2;1;7;Boulevard des Etats-Unis;45,7372800000;4,8615800000
202200021380;3;9;2022;14:45;1;59;59350;2;1;1;3;CARREL ARMAND RUE;50,6174947823;3,0738759041
202200021381;4;9;2022;08:15;1;51;51055;2;6;1;6;boulevard des Tondeurs;49,2867000000;4,0280600000
202200021382;4;9;2022;01:20;5;45;45147;2;1;1;5;248 Rue Marcelin Berthelot;47,9374500000;1,9184600000
202200021383;4;9;2022;08:40;1;35;35238;2;1;1;6;SERBIE (PLACE DE);48,0873811285; -1,6584822536
202200021384;4;9;2022;00:55;5;34;34172;2;2;1;3;MOULARES (CHEMIN DE;43,6001700000;3,8945100000
202200021385;4;9;2022;06:20;2;31;31555;2;1;1;6;FRONTON (AV DE) DU 1AU 176;43,6276600000;1,4339800000
202200021386;4;9;2022;18:00;1;27;27229;2;1;1;6;VINGT HUITIEME R.I. (RUE DU);49,0302300000;1,1515900000
202200021387;4;9;2022;21:05;2;22;22187;2;2;1;3; rue de la ville houard;48,5381100000; -2,7322800000
202200021388;4;9;2022;06:05;3;22;22278;2;1;1;-1;VILLE BILY (RUE DE LA);48,5087544436; -2,7936242223
202200021389;2;9;2022;16:00;1;16;16102;2;1;1;6;MARTELL (AVENUE PAUL FIRINO);45,6904460000; -0,3315000000
202200021390;4;9;2022;16:20;1;13;13207;2;3;1;3;Corniche John Fitzgérald Kennedy;43,2891900000;5,3545900000
202200021391;4;9;2022;14:45;1;13;13204;2;1;1;3;CHARTREUX (AVENUE DES);43,3100500000;5,4007800000
202200021392;4;9;2022;06:38;2;13;13203;2;4;1;2;BD FERDINAND DE LESSEPS;43,3208300000;5,3746700000
202200021393;4;9;2022;07:45;1;13;13215;2;1;1;5;MADRAGUE VILLE (chemin de la);43,3450000000;5,3540000000
202200021394;4;9;2022;06:45;2;13;13213;2;3;1;3;FRAIS VALLON (AVENUE);43,3247800000;5,4227200000
202200021395;3;9;2022;05:10;3;13;13063;1;1;1;1;Route Nationale 569;43,5931760000;4,9893950000
202200021396;3;9;2022;09:50;1;05;05061;2;6;2;5;Avenue Maréchal Foch;44,5622200000;6,0846200000
202200021397;3;9;2022;17:30;1;75;75117;2;1;1;3;BD PERIPHERIQUE INTERIEUR;48,8973600000;2,3124310000
202200021398;1;9;2022;22:45;5;75;75119;2;1;1;3;BD PERIPHERIQUE EXTERIEUR;48,8963280000;2,3945690000
202200021399;4;9;2022;18:00;1;75;75119;2;2;1;3;BOULEVARD SERURIER;48,8772520000;2,4068570000
202200021400;4;9;2022;01:12;5;75;75114;2;3;1;6;BOULEVARD JOURDAN;48,8205510000;2,3374220000
202200021401;4;9;2022;19:40;1;75;75112;2;4;1;6;RUE DE CHARENTON;48,8416060000;2,3869320000
202200021402;4;9;2022;04:48;5;75;75111;2;1;1;1;RUE DE MONTREUIL;48,8511500000;2,3974020000
202200021403;3;9;2022;23:10;5;75;75110;2;2;1;6;BOULEVARD DE LA VILLETTE;48,8720070000;2,3768190000
202200021404;4;9;2022;20:10;1;94;94073;2;1;1;6;Avenue du Luxembourg;48,7613770000;2,3709200000
202200021405;4;9;2022;15:45;1;93;93066;2;1;1;3;Boulevard Jules Guesde;48,9357701987;2,3500003704
202200021406;4;9;2022;12:45;1;93;93077;2;2;1;1;Rue de Neuilly / Rue Rousselet;48,8755400000;2,5259400000
202200021407;4;9;2022;06:12;2;93;93077;2;1;1;6;Route de Noisy;48,8830555438;2,4963769854
202200021408;3;9;2022;09:00;1;93;93008;2;1;1;6;Rue de la Déviation;48,9047378031;2,4366823741
202200021409;3;9;2022;13:30;1;92;92004;2;1;1;3;PIERRE BROSSOLETTE;48,9123752270;2,2955363989
202200021410;5;9;2022;14:46;1;35;35139;1;1;1;1;la Buterne;47,9853040000; -1,7054720000
202200021411;4;9;2022;16:35;1;22;22121;2;1;1;3;Place du Martray;48,6310880000; -2,9859150000
202200021412;4;9;2022;16:45;1;84;84069;1;1;7;7;d 974;44,1818760000;5,1336340000
202200021413;5;9;2022;16:35;1;85;85174;1;1;1;1;D949;46,4654700000; -0,9363850000
202200021414;30;7;2022;22:05;3;972;97221;1;1;1;3;D7;14,5253160000; -60,9859980000
202200021415;4;9;2022;18:45;1;19;19007;1;1;1;6;D 940 - La Combotte;44,9539420000;1,8543080000
202200021416;5;9;2022;18:00;1;74;74108;2;1;1;3;Rte d Entrevernes;45,8176440000;6,1965090000
202200021417;5;9;2022;13:55;1;69;69088;2;3;1;5;Quai Lamartine;45,8332860000;4,8456260000
202200021418;4;9;2022;18:15;1;32;32346;1;2;1;3;Route de Bassoues;43,6884150000;0,2680570000
202200021419;5;9;2022;17:40;1;63;63350;1;1;2;6;D118 CEYSSAT;45,7070560000;3,2749340000
202200021420;5;9;2022;16:25;1;12;12050;1;1;1;5;D993;44,2590320000;2,7488990000
202200021421;3;9;2022;10:30;1;46;46088;2;1;1;6;D8, Sortie Douelle direction Luzech;44,4757700000;1,3588710000
202200021422;5;9;2022;17:40;1;41;41161;1;1;3;2;RD 2020 PK 20;47,4832500000;2,0394660000
202200021423;4;9;2022;17:30;1;38;38517;2;4;1;1;Route de Saint-quentin;45,2876260000;5,5248250000
202200021424;3;9;2022;20:25;1;02;02061;1;1;1;2;375 rue départementale 8 la croisette;50,0213210000;3,4566490000
202200021425;4;9;2022;14:05;1;03;03206;1;1;1;7;La Petite-Marche;46,1836000000;2,5375520000
202200021426;4;9;2022;13:55;1;15;15162;1;1;1;7;D3;45,2757170000;2,6684980000