Num_Acc;jour;mois;an;hrmn;lum;dep;com;agg;int;atm;col;adr;lat;long
202200021427;5;9;2022;16:25;1;01;01118;1;5;1;2;CHEMIN DU JONC;45,9430260000;5,8140370000
202200021428;3;9;2022;12:35;1;01;01457;1;1;1;1;Route de Macon;46,2292490000;4,9876800000
202200021429;4;9;2022;21:40;5;26;26113;2;1;1;6;24 Avenue de la Division du Texas;44,7506460000;5,3766810000
202200021430;4;9;2022;15:15;1;10;10423;1;1;7;6;;48,2359933111;4,3906903267
202200021431;4;9;2022;16:45;1;07;07212;1;1;1;1;;45,1367660000;4,3943380000
202200021432;3;9;2022;11:25;1;21;21154;2;1;1;7;Rue de la Feuillée;47,8558260000;4,5657580000
202200021433;3;9;2022;19:10;1;37;37267;2;1;1;6;62 Chemin de la Bussardiere;47,3506087091;0,8315706253
202200021434;5;9;2022;12:50;1;01;01290;1;1;1;2;A42 péage de PEROUGES;45,8607790000;5,1811900000
202200021435;5;9;2022;18:05;1;25;25029;1;1;1;1;Les prés de vaire N57;47,0520470000;6,3479950000
202200021436;10;8;2022;15:15;1;59;59010;1;1;1;6;A26;50,1447151876;3,1264954805
202200021437;4;9;2022;19:00;1;30;30221;1;1;1;6;autoroute A9, bretelle de sortie 22 (Roquemaure);44,0233180000;4,7372800000
202200021438;4;9;2022;09:00;1;971;97115;2;1;1;6;Route de Brefort;16,2625790000; -61,6446300000
202200021439;5;9;2022;01:30;5;66;66037;2;2;1;6;;42,6982260000;3,0270660000
202200021440;4;9;2022;10:14;1;68;68342;1;1;1;3;D505;47,8252470000;7,1839320000
202200021441;4;9;2022;15:04;1;88;88502;1;1;1;7;ROUTE DE BRUYERES;48,2200000000;6,7350000000
202200021442;5;9;2022;13:35;1;69;69047;1;1;1;6;Ladry;45,8674890000;4,6602850000
202200021443;5;9;2022;09:30;1;31;31187;2;3;1;1;1175 Route de Bragot;43,5493880000;1,2424740000
202200021444;5;9;2022;17:55;1;31;31297;1;1;2;3;La Manvilette;43,6751510000;1,2053950000
202200021445;5;9;2022;06:30;2;79;79189;1;3;1;3;;46,4189890000; -0,1707600000
202200021446;5;9;2022;16:16;1;47;47157;1;1;1;7;D933 Route de MARMANDE;44,4836367625;0,1461374251
202200021447;4;9;2022;12:58;1;50;50139;1;1;1;7;76 Route de Saint-Lô;49,0726950000; -1,0225330000
202200021448;4;9;2022;16:45;1;76;76647;1;1;1;6;Route de la Gare;49,5407120000;0,3432640000
202200021449;5;9;2022;08:45;1;60;60612;2;2;1;6;Avenue Etienne Audibert;49,2026890000;2,5985780000
202200021450;4;9;2022;18:15;1;13;13015;1;1;1;6;A51-Sens Aix en Provence vers Marseille;43,4338133104;5,3947913647
202200021451;4;9;2022;12:52;1;13;13056;1;1;1;3;A55-Sens Martigues vers Marseille;43,3939400000;5,0617900000
202200021452;3;9;2022;12:14;1;13;13215;1;1;1;3;A7-Sens Marseille vers Lyon;43,3581883980;5,3626914472
202200021453;4;9;2022;14:30;1;94;94038;1;1;1;2;AUTOROUTE A6B;48,7782722420;2,3460662672
202200021454;4;9;2022;07:00;2;91;91345;1;1;1;2;AUTOROUTE A6;48,6887700000;2,3243800000
202200021455;4;9;2022;08:00;1;95;95607;1;1;1;6;A115;49,0318587173;2,2000497580
202200021456;4;9;2022;16:00;1;94;94069;1;1;1;4;A4;48,8173718411;2,4349507992
202200021457;4;9;2022;07:40;1;77;77438;1;1;1;6;RN104;48,8713150357;2,6704543073
202200021458;3;1;2022;09:00;1;59;59356;1;1;1;3;;50,6729590000;2,9829010000
202200021459;3;9;2022;13:45;1;93;93008;2;3;1;6;Rue Jean Grémillon / Rue Romain Rolland;48,9153500000;2,4263500000
202200021460;20;2;2022;19:00;5;13;13106;1;1;1;5;A51-Sens Aix en Provence vers Marseille;43,4027304835;5,3563280403
202200021461;3;9;2022;12:25;1;976;97611;2;3;1;3;tsoundzou-Maternelle (rue de la); -12,8198400000;45,1960200000
202200021462;3;9;2022;21:50;5;69;69387;2;2;8;3;Avenue Tony Garnier;45,7324400000;4,8238700000
202200021463;2;9;2022;20:20;5;972;97213;1;1;1;4;ROUTE NATIONALE 5;14,5964600000; -60,9927000000
202200021464;3;9;2022;10:50;1;972;97209;2;9;1;3;BALATA (ROUTE DE);14,6195700000; -61,0701000000
202200021465;3;9;2022;14:46;1;2B;2B033;2;1;1;5;11 - RT;42,6880000000;9,4470000000
202200021466;3;9;2022;15:49;1;2B;2B120;2;1;2;4;11 - RT;42,6503720097;9,4406514159
202200021467;3;9;2022;11:45;1;2A;2A004;2;3;1;3;BONAPARTE LUCIEN  COURS;41,9120200000;8,7226700000
202200021468;2;9;2022;16:39;1;91;91549;2;3;1;6;VIEUX PERRAY (RUE DU);48,6522000000;2,3076900000
202200021469;3;9;2022;22:17;5;91;91421;2;1;1;2;JEAN JAURES (AVENUE);48,7153800000;2,4472700000
202200021470;4;9;2022;00:50;5;81;81065;2;3;1;3;DE GAULLE RD 612 (AV. CHARLES);43,6014250000;2,2521750000
202200021471;3;9;2022;01:45;5;78;78029;2;1;1;7;AVENUE DE L'UNION;48,9614500000;1,8508500000
202200021472;3;9;2022;13:10;1;74;74012;2;3;8;2;VERDUN (AVENUE DE);46,1833010000;6,2410760000
202200021473;2;9;2022;09:10;1;74;74298;2;1;1;2;TANINGES (ROUTE DE );46,1856700000;6,2758600000
202200021474;2;9;2022;23:00;5;71;71270;2;3;2;3;Intersection Ch.Pillet- rue Trappistines;46,2956600000;4,8161100000
202200021475;3;9;2022;10:50;1;61;61001;2;1;1;1;BRETAGNE (RUE DE);48,4318100000;0,0745400000
202200021476;3;9;2022;22:25;5;59;59599;2;1;1;6;GRAMME (CHAUSSEE);50,7379300000;3,1637900000
202200021477;3;9;2022;19:30;1;59;59599;2;3;2;3;MARNE (AVENUE DE LA);50,7097194768;3,1529936939
202200021478;31;8;2022;08:30;1;59;59009;2;3;1;1;8 MAI 1945 RUE DU PETITS N° JUSQUE 60;50,6292360605;3,1546479464
202200021479;2;9;2022;20:08;2;54;54257;2;1;1;5;COTEAU (RUE DU);48,6458020894;6,1855441332
202200021480;3;9;2022;17:17;1;54;54382;1;1;1;1;FAISCEAU (RUE DU);49,5411470000;5,7921860000
202200021481;3;9;2022;18:30;1;49;49007;2;1;1;7;PATTON AVENUE;47,4737100000; -0,5827300000
202200021482;3;9;2022;10:20;1;45;45234;2;1;1;3;10 Rue Émile Zola;47,9086200000;1,9069600000
202200021483;3;9;2022;10:17;1;37;37261;2;1;1;2;VAILLANT (RUE EDOUARD);47,3772806338;0,7128828764
202200021484;3;9;2022;19:15;1;35;35238;2;2;1;6;METZ (BD DE);48,1146400000; -1,6570900000
202200021485;19;4;2022;18:35;1;91;91479;1;1;1;3;RTE DE FONTAINEBLEAU;48,7189480000;2,3702820000
202200021486;17;4;2022;19:30;1;87;87085;2;1;1;7;LARREY (AVENUE DOMINIQUE);45,8124200000;1,2405100000
202200021487;23;6;2022;21:10;5;93;93001;2;1;1;2;Avenue Victor Hugo;48,9118647670;2,3796504736
202200021488;15;4;2022;17:17;1;87;87050;2;1;1;7;LIMOGES (AVENUE DE);45,8608500000;1,2396500000
202200021489;24;6;2022;00:30;5;92;92022;2;1;1;7;PETITS BOIS (RUE DES);48,8114330000;2,1829990000
202200021490;19;4;2022;20:15;2;83;83144;2;4;1;3;BLANC (BD DR EUGENE);43,1373265579;5,9961887598
202200021491;24;6;2022;12:30;1;92;92063;2;9;2;3;LECLERC DE HAUTECLOQUE (AVENUE DU MARECH;48,8578900000;2,1953300000
202200021492;14;4;2022;20:45;1;80;80021;2;1;1;3;PAIX (AVENUE DE LA);49,9116400000;2,3057700000
202200021493;24;6;2022;14:00;1;92;92050;2;1;1;6;CROIX PASSAGE DE LA;48,8889395059;2,1971249431
202200021494;19;4;2022;10:42;1;78;78029;2;1;1;6;MONTGARDE ( RUE DE);48,9575500000;1,8476800000
202200021495;24;6;2022;02:10;5;92;92049;2;1;1;7;BRIAND AVENUE ARISTIDE AUTRES N°;48,8116900000;2,3262200000
202200021496;17;4;2022;18:30;1;76;76351;2;1;1;6;JEAN JAURES (AVENUE);49,5009200000;0,1795900000
202200021497;23;6;2022;08:40;1;92;92020;2;2;1;6;PARIS AVENUE DE N°2 A82;48,8040700000;2,2886800000
202200021498;16;4;2022;19:40;1;76;76351;2;1;1;6;Boulevard François 1er;49,4869200000;0,1036000000
202200021499;21;6;2022;09:08;1;92;92049;2;1;1;3;JAURES AV. JEAN N°1 A 51 ET 2 A 50;48,8158193515;2,3107568621
202200021500;14;4;2022;18:45;1;76;76481;2;4;1;6;SAINT ANDRIEUX (CHEMIN DE);49,5448000000;0,1007500000
202200021501;24;6;2022;17:30;1;92;92040;2;3;1;2;EREVAN (D');48,8173386013;2,2612239718
202200021502;14;4;2022;11:00;1;71;71076;2;2;1;6;TOQUEVILLE (ALEXIS DE);46,8099400000;4,8424300000
202200021503;23;6;2022;10:40;1;92;92025;2;1;1;2;EUROPE (AV DE L');48,9262935744;2,2434619814
202200021504;19;4;2022;07:37;2;66;66136;1;6;1;3;ROTTERDAM (ROND POINT DE);42,6944000000;2,8502800000
202200021505;23;6;2022;14:45;1;92;92024;2;2;1;3;CLICHY (QUAI DE) DE (8 A 60);48,9085198317;2,3001220375
202200021506;16;4;2022;12:15;1;64;64348;2;3;1;3;Rue de Rebèque;43,3169700000; -0,4236800000
202200021507;24;6;2022;08:20;1;92;92023;2;1;1;3;GENERAL DE GAULLE (AVENUE DU);48,7916300000;2,2668000000
202200021508;19;4;2022;12:30;1;59;59098;2;1;1;3;GAULLE (PLACE DU GENERAL DE);50,7717198790;3,0790847540
202200021509;24;6;2022;21:40;1;92;92007;2;2;1;6;BRIAND (AVENUE ARISTIDE) N° 162 A 300;48,7961812633;2,3217338025
202200021510;19;4;2022;10:45;1;59;59599;2;2;1;3;GAND (RUE DE);50,7273800000;3,1584500000
202200021511;19;6;2022;22:22;5;92;92007;2;9;1;6;PETIT (AVENUE ALBERT) N° 1 A 37;48,7949000000;2,3037700000
202200021512;24;6;2022;08:00;1;92;92004;1;1;1;7;VOLTAIRE ( BD 16 A FIN );48,9142306079;2,2947652638
202200021513;16;4;2022;20:25;2;59;59178;2;1;1;3;GARNIER (RUE BERTHE);50,3869500000;3,0724400000
202200021514;23;6;2022;16:40;1;92;92004;1;1;1;6;HENRI POINCARE;48,9323535900;2,2766423821
202200021515;14;4;2022;04:27;4;56;56121;2;1;1;6;SCORFF ( BD DU );47,7640300000; -3,3675300000
202200021516;12;4;2022;23:35;3;56;56162;1;1;1;6;Kerlaën;47,7647970000; -3,4258210000
202200021517;23;6;2022;14:00;1;60;60009;1;1;1;2;A16;49,3896855385;2,1165204047
202200021518;24;6;2022;21:45;5;2A;2A099;2;3;1;6;Stritedda;41,9339163195;9,1543057859
202200021519;15;4;2022;20:17;1;54;54578;2;2;1;3;AIGUILLETTES  (BD 5 A 73-2 A 94);48,6702600000;6,1582700000
202200021520;25;6;2022;05:30;2;80;80076;1;1;2;6;Béhen;50,0462270000;1,7631980000
202200021521;24;6;2022;21:24;2;41;41150;2;3;1;6;48 Route de Villesavin;47,5405700000;1,4463550000
202200021522;24;6;2022;17:00;1;71;71348;1;1;1;6;Route de la Bourse;46,5337680000;3,8416770000
202200021523;18;4;2022;18:00;1;42;42223;1;1;1;5;Route des Ports de Saint-Just;45,4617400000;4,3267700000
202200021524;24;6;2022;13:55;1;76;76227;1;1;1;2;A29;49,6602610000;0,9122230000
202200021525;18;4;2022;23:15;5;42;42218;2;1;1;6;Rue Colonel Marey;45,4452300000;4,4028000000
202200021526;25;6;2022;16:00;1;06;06034;1;1;1;3;M6202;43,7963530000;7,2075680000
202200021527;19;4;2022;13:35;1;38;38185;2;9;1;3;AVENUE MARCELIN BERTHELOT;45,1766400000;5,7321300000
202200021528;12;6;2022;06:55;2;59;59278;1;1;1;2;N41;50,6192283661;2,9579401016
202200021529;19;4;2022;19:20;1;37;37261;2;1;1;6;TONNELLE (BOULEVARD);47,3811500000;0,6681500000
202200021530;25;6;2022;04:05;3;44;44056;1;1;8;6;Pré Morais;47,4177510000; -1,8174110000
202200021531;25;6;2022;17:10;1;15;15168;1;1;1;6;Aire de Garabit Viaduc Eiffel (Aire de repos);44,9762500000;3,1847020000
202200021532;19;4;2022;17:00;1;35;35238;2;1;1;3;BEAULIEU (ALLEE DE);48,1191400000; -1,6351800000
202200021533;25;6;2022;12:55;1;31;31157;2;2;1;3;Route de Toulouse;43,5485170000;1,3509210000
202200021534;19;4;2022;07:15;1;35;35238;2;6;1;3;GAYEULLES (ROND POINT);48,1271200000; -1,6521100000
202200021535;24;6;2022;18:15;1;57;57343;1;2;1;3;D1;49,3284230000;6,1818050000
202200021536;19;4;2022;08:40;1;34;34172;2;2;1;3;VINCI (RUE LEONARD DE);43,6083900000;3,9065700000
202200021537;24;6;2022;16:10;1;62;62908;1;1;1;2;rn42;50,7334610000;1,7310120000
202200021538;19;4;2022;18:00;1;33;33281;2;1;3;3;Avenue de l’Yser;44,8417600000; -0,6652300000
202200021539;21;6;2022;02:45;4;76;76196;1;1;1;6;Route de Turretot;49,6285854641;0,2604453563
202200021540;24;6;2022;18:30;1;82;82161;1;3;1;3;D958;44,0538910000;1,4472070000
202200021541;19;4;2022;19:00;1;33;33075;2;2;2;3;Rue Pasteur;44,8767766310; -0,6172059202
202200021542;25;6;2022;03:10;4;89;89414;2;1;8;6;1 Rue de la Division Leclerc;48,2955410000;3,3952290000
202200021543;24;6;2022;17:25;1;89;89324;2;4;1;6;18 Rue André Henriat;47,7431870000;2,8819960000
202200021544;19;4;2022;06:11;5;31;31555;2;3;1;1;Boulevard des Minimes;43,6162600000;1,4371700000
202200021545;25;6;2022;12:45;1;89;89198;1;3;1;1;D80;47,8717410000;3,5711740000
202200021546;18;4;2022;19:50;1;29;29019;1;1;1;1;Route de Sainte-Anne du Portzic;48,3607110000; -4,5329770000
202200021547;25;6;2022;03:25;3;49;49331;2;1;1;6;1341 Rue de Court Pivert;47,7045700000; -0,8716860000
202200021548;25;6;2022;14:40;1;41;41176;1;1;3;6;D122;47,5242660000;2,0970160000
202200021549;18;4;2022;21:15;5;25;25388;2;2;1;2;PORT (RUE DU);47,5044000000;6,7948100000
202200021550;25;6;2022;18:05;1;68;68139;2;2;1;7;Rue du 21 Novembre;47,5939480000;7,2195120000
202200021551;15;4;2022;17:00;1;19;19031;2;1;1;2;HUIT MAI 1945 (AVENUE DU);45,1629100000;1,5473100000
202200021552;24;6;2022;16:40;1;68;68152;2;9;2;7;route de mulhouse;47,6766510000;7,2677460000
202200021553;19;4;2022;18:30;1;13;13117;2;1;1;7;LE BOSQUET (RESIDENCE);43,4442600000;5,2510900000
202200021554;25;6;2022;13:50;1;22;22204;2;2;3;3;La Grand Route;48,7167230000; -3,2015490000
202200021555;19;4;2022;20:10;1;13;13216;2;1;8;1;LITTORAL (CHEMIN DU);43,3506012418;5,3413421579
202200021556;24;6;2022;13:45;1;35;35299;1;1;1;1;Les acres;48,6238180000; -1,9045950000
202200021557;19;4;2022;18:50;2;13;13215;2;1;1;2;AVENUE DU VALLON D'OL;43,3849500000;5,3610100000
202200021558;25;6;2022;15:30;1;38;38082;1;1;1;2;Route de Rives;45,4101360000;5,5319220000
202200021559;19;4;2022;17:30;1;13;13209;2;1;1;3;MARÉCHAL DE LATTRE (AVENUE);43,2456600000;5,4226400000
202200021560;25;6;2022;00:25;5;38;38118;1;1;1;1;Route de Rives;45,3970070000;5,4672650000
202200021561;18;4;2022;22:00;5;13;13208;2;1;1;3;MENDES FRANCE (AVENUE);43,2551327460;5,3763010767
202200021562;25;6;2022;17:30;1;70;70366;1;2;1;3;Carrefour D5 vc1;47,4453740000;5,8808990000
202200021563;19;6;2022;18:15;1;70;70092;1;4;1;3;D21;47,2657430000;5,6303830000
202200021564;19;4;2022;14:51;1;13;13001;1;1;1;2;RN 296;43,5349000000;5,4310500000
202200021565;25;6;2022;10:40;1;50;50236;1;1;1;3;route du moulin;49,3077170000; -1,5619540000
202200021566;16;4;2022;05:23;3;11;11069;1;1;1;1;;43,2094300000;2,3115700000
202200021567;17;6;2022;20:30;2;60;60471;1;5;1;1;Noyon;49,6014910000;3,0115740000
202200021568;19;4;2022;14:00;1;10;10362;2;3;1;2;GENERAL LECLERC (RUE DU);48,2925100000;4,0438300000
202200021569;24;6;2022;22:45;3;45;45095;2;9;1;7;4 Rue de Laveau;48,0696630000;2,1303390000
202200021570;24;6;2022;23:10;3;64;64138;2;1;1;6;Avenue de la Bigorre;43,2433192326; -0,2654743195
202200021571;19;4;2022;13:25;1;10;10387;2;1;1;2;CHARMILLES (MAIL DES);48,2994200000;4,0873100000
202200021572;24;6;2022;16:00;1;18;18176;2;1;8;6;;47,2217830000;2,5371340000
202200021573;19;4;2022;08:10;1;06;06069;2;1;1;6;THIERS (AVENUE);43,6638380000;6,9250700000
202200021574;25;6;2022;12:25;1;04;04135;1;1;1;7;RD 952;43,8328650000;6,2221640000
202200021575;19;4;2022;19:10;1;75;75117;2;1;1;3;BD PERIPHERIQUE INTERIEUR;48,8857465259;2,2881784754
202200021576;25;6;2022;05:30;2;88;88313;2;1;1;6;Rue du Haut de Fosse;48,3483710000;6,4298400000
202200021577;18;4;2022;16:30;1;75;75114;2;4;1;4;ECHANGEUR ORLEANS;48,8202602026;2,3257180821
202200021578;16;4;2022;22:45;3;75;75120;2;1;1;6;ECHANGEUR BAGNOLET;48,8652590000;2,4128720000
202200021579;25;6;2022;03:30;3;72;72228;1;1;1;2;A11;47,8066730000; -0,1663990000
202200021580;19;4;2022;18:15;1;75;75120;2;3;1;7;AVENUE GAMBETTA;48,8639430000;2,3916550000
202200021581;24;6;2022;17:15;1;51;51450;1;1;1;7;A4;49,2007750000;4,1058830000
202200021582;19;4;2022;12:15;1;75;75119;2;1;1;2;RUE ALPHONSE KARR;48,8949280000;2,3806220000
202200021583;23;6;2022;13:45;1;83;83096;1;1;1;2;A8;43,4803320000;5,7682620000
202200021584;24;6;2022;08:00;1;62;62728;1;1;3;6;A26;50,2293080000;3,0533411000
202200021585;19;4;2022;11:10;1;75;75119;2;2;1;2;AVENUE DE FLANDRE;48,8884705458;2,3738676310
202200021586;22;6;2022;17:30;2;971;97108;1;1;1;3;Section héloin;15,9040510000; -61,2398530000
202200021587;25;6;2022;14:00;1;33;33013;2;1;1;6;Avenue de Senaillac;44,8626140000; -0,4721330000
202200021588;19;4;2022;17:40;1;75;75116;2;3;1;5;AVENUE VICTOR HUGO;48,8724950000;2,2920070000
202200021589;25;6;2022;16:45;1;13;13085;1;2;1;3;D559a;43,2428000000;5,5931620000
202200021590;19;4;2022;08:40;1;75;75116;2;7;1;3;PLACE DE LA PORTE D AUTEUIL;48,8479101438;2,2585447133
202200021591;25;6;2022;10:07;1;13;13094;1;2;1;3;D32;43,8071390000;4,7430680000
202200021592;17;4;2022;20:00;2;75;75116;2;7;1;3;AVENUE DE VERSAILLES;48,8474140000;2,2737960000
202200021593;25;6;2022;09:00;1;68;68298;1;1;1;5;D1059;48,2565410000;7,2185430000
202200021594;18;4;2022;02:18;5;75;75109;2;3;1;3;BOULEVARD HAUSSMANN;48,8735870000;2,3283560000
202200021595;12;6;2022;12:25;1;67;67028;2;6;1;3;4 Rue de Strasbourg;48,3720950000;7,5928400000
202200021596;25;6;2022;05:30;2;03;03320;2;1;1;6;Rue Anatole France;46,5535150000;2,9410370000
202200021597;19;4;2022;09:00;1;75;75108;2;1;1;3;AVENUE GEORGE V;48,8659663380;2,3013755679
202200021598;24;6;2022;16:30;1;01;01282;1;1;1;6;pk 11 D57;46,0498510000;5,5638780000
202200021599;19;4;2022;17:50;1;75;75102;2;1;1;3;BOULEVARD DE BONNE NOUVELLE;48,8697985074;2,3520371318
202200021600;24;6;2022;10:50;1;31;31395;2;2;1;1;109 Boulevard de Peyramont;43,4685020000;1,3185580000
202200021601;24;6;2022;07:00;1;49;49023;1;1;2;6;D756;47,2021530000; -0,9173960000
202200021602;19;4;2022;11:15;1;75;75101;2;3;1;2;RUE DE RIVOLI;48,8593420000;2,3456670000
202200021603;24;6;2022;18:05;1;22;22162;2;1;1;6;26 Chemin de Kernuet;48,7709770000; -3,0824640000
202200021604;19;4;2022;19:50;1;94;94074;2;1;1;1;20 Rue Gabriel Péri;48,7488400000;2,4718400000
202200021605;24;6;2022;18:55;1;76;76164;2;1;1;7;11 Route de Norville;49,4974480000;0,6659070000
202200021606;19;4;2022;11:55;1;94;94016;2;1;1;2;Avenue du Président Wilson;48,7888000000;2,3247600000
202200021607;23;6;2022;11:15;1;13;13214;2;1;1;6;A507 sens Aubagne- Marseille;43,3339500000;5,3837300000
202200021608;18;4;2022;16:45;1;94;94028;2;1;1;6;Rue Jean Jaurès;48,7944615615;2,4572424887
202200021609;23;6;2022;17:08;1;69;69142;1;1;2;2;Route de Métropole 7;45,7215000000;4,8180000000
202200021610;18;4;2022;16:10;1;94;94017;2;5;1;3;Avenue du Général de Gaulle / Avenue de la République;48,8271600000;2,5088600000
202200021611;19;4;2022;20:20;2;94;94070;2;1;1;2;Route Nationale 19;48,7193800000;2,5673500000
202200021612;20;4;2022;16:35;1;33;33063;1;1;2;4;ROCADE A 630;44,8828400000; -0,5526400000
202200021613;24;6;2022;13:05;1;94;94043;1;1;1;2;AUTOROUTE A6B;48,8077037126;2,3472629196
202200021614;15;4;2022;19:15;1;94;94004;2;6;1;3;Avenue des Chataîgniers / Rue de Maison Blanche;48,7530600000;2,5389500000
202200021615;24;6;2022;07:30;1;94;94003;1;1;1;5;AUTOROUTE A6A;48,8083132183;2,3403117553
202200021616;19;4;2022;05:35;5;94;94081;2;6;1;3;Quai Jules Guesde;48,7963000000;2,4165300000
202200021617;24;6;2022;16:15;1;78;78133;1;1;1;2;A13;48,8875780000;2,0114440000
202200021618;18;4;2022;18:55;1;93;93010;2;2;1;3;Rue de Paris / Avenue de Rosny;48,9040000000;2,4707500000
202200021619;24;6;2022;12:45;1;92;92064;1;1;1;6;A13;48,8474879607;2,2246484423
202200021620;24;6;2022;17:20;1;93;93005;1;1;2;3;AUTOROUTE A1;48,9577869664;2,4624502659
202200021621;19;4;2022;18:00;1;93;93051;2;2;1;3;Boulevard Paul Pambrun / Rue Léon Bernard;48,8503500000;2,5531900000
202200021622;24;6;2022;13:05;1;93;93006;1;1;1;3;AUTOROUTE A3;48,8670202732;2,4260687828
202200021623;24;6;2022;06:40;1;93;93066;1;1;8;3;AUTOROUTE A1;48,9279564099;2,3575211478
202200021624;19;4;2022;09:30;1;93;93048;2;2;1;3;Rue Rapatel / Rue Molière;48,8569400000;2,4455100000
202200021625;23;6;2022;19:30;1;93;93010;1;1;1;2;AUTOROUTE A3;48,9062533918;2,4721405579
202200021626;18;4;2022;11:43;1;93;93063;2;9;1;3;Avenue Lénine;48,8840350000;2,4291420000
202200021627;23;6;2022;18:00;1;95;95582;1;1;1;3; A15;48,9654200000;2,2601100000
202200021628;19;4;2022;14:50;1;92;92064;2;1;1;6;TENNEROLLES;48,8460400000;2,2052900000
202200021629;22;6;2022;18:15;1;95;95176;1;1;1;6; A15;48,9887910000;2,2026210000
202200021630;23;6;2022;06:50;1;44;44109;2;1;1;6;51 Boulevard de Sarrebruck;47,2166730000; -1,5184440000
202200021631;19;4;2022;18:01;1;92;92050;2;1;1;6;CHANZY RUE DE;48,8870901083;2,1976279914
202200021632;23;6;2022;13:10;1;13;13103;2;1;1;4;BOULEVARD DES VENTADOUIRO;43,6271027716;5,0961234381
202200021633;19;4;2022;17:40;1;92;92049;2;3;1;6;JAURES AVENUE JEAN N°53 A FIN;48,8138394405;2,3072469234
202200021634;19;4;2022;07:05;1;92;92040;2;1;1;2;GALLIENI (BOULEVARD);48,8319339984;2,2671664059
202200021635;4;6;2022;22:02;5;92;92044;2;1;1;6;ARISTIDE BRIAND(RUE)51A83  54A96;48,8928018786;2,2892841697
202200021636;19;4;2022;07:30;1;92;92026;2;1;1;3;MARECHAL JOFFRE (QUAI DU);48,9002135535;2,2740460038
202200021637;24;4;2022;18:25;1;63;63113;2;2;1;3;CLEMENTEL (BD ETIENNE);45,8096600000;3,1094300000
202200021638;18;4;2022;19:30;1;92;92025;2;2;1;3;COLBERT  115 A 131   104 A 124 (RUE);48,9151322730;2,2332492024
202200021639;21;4;2022;12:40;1;49;49099;2;1;9;6;LORRAINE (RUE DE);47,0566220549; -0,8618447185
202200021640;23;4;2022;18:22;1;45;45302;2;6;1;6;Rue Nationale 20;47,9569229534;1,8901412488
202200021641;16;4;2022;12:25;1;2A;2A019;1;1;1;3;D1;42,1466690000;8,8130090000
202200021642;19;4;2022;12:10;1;38;38185;2;2;1;3;RUE CONDORCET;45,1857000000;5,7184000000
202200021643;18;4;2022;19:30;1;34;34032;2;1;1;6;22 AOUT 1944 (AVENUE DU);43,3437700000;3,2215800000
202200021644;20;4;2022;22:10;5;95;95205;1;1;1;3;RD 316;49,0229370000;2,3865440000
202200021645;7;4;2022;00:13;3;33;33001;1;6;2;6;Lieu Dit Penot (rond point autoroute);45,0129200000; -0,1032650000
202200021646;17;4;2022;17:59;1;01;01173;1;1;1;3;D1005;46,3604490000;6,0377540000
202200021647;23;6;2022;14:00;1;974;97416;1;1;2;7;DU LYCEE(RUE); -21,3448920000;55,4923450000
202200021648;22;6;2022;06:20;2;974;97416;2;3;1;3;HIPPOLYTE  PIOT (RUE); -21,2974900000;55,4521800000
202200021649;23;6;2022;20:15;5;974;97411;2;1;1;1;BEARN (RUE DU); -20,8916100000;55,4787200000
202200021650;19;4;2022;18:15;1;77;77030;1;1;1;7;Rue de la Piscine;48,8543170000;3,3201350000
202200021651;23;6;2022;19:45;5;974;97411;2;6;1;2;GARE ROUTIERE (DE LA); -20,8784800000;55,4588900000
202200021652;23;6;2022;09:30;1;974;97409;2;1;1;6;DE LA REPUBLIQUE(AVENUE); -20,9612900000;55,6511700000
202200021653;21;4;2022;12:15;1;34;34270;1;1;1;5;D132e2;43,5857317704;3,8421174911
202200021654;22;6;2022;19:18;3;973;97302;1;1;1;3;ROUTE NATIONALE 3;4,9055566730; -52,3204243183
202200021655;23;6;2022;18:40;1;95;95585;2;1;1;2;Rue Pierre Brossolette;48,9914164780;2,3745542765
202200021656;21;4;2022;12:15;1;91;91573;2;1;1;2;55, avenue Louis Lachenal;48,6110720000;2,5056770000
202200021657;22;6;2022;17:50;1;95;95127;2;1;1;6;Boulevard du Port;49,0317532034;2,0626240969
202200021658;20;4;2022;18:41;1;76;76340;1;1;1;3;Route de Doudeville;49,7015160000;0,7856890000
202200021659;23;6;2022;19:08;1;91;91687;2;1;1;2;JEAN MERMOZ (AVENUE);48,6583300000;2,3689200000
202200021660;21;4;2022;11:15;1;2B;2B286;2;1;2;2;Querciolo;42,4852990000;9,4798390000
202200021661;23;6;2022;19:10;1;91;91286;2;1;1;6;EMILE ALLIAUD (AVENUE);48,6478300000;2,3701500000
202200021662;16;4;2022;19:29;1;33;33541;1;2;1;3;D1215;45,4054780000; -1,0286300000
202200021663;20;4;2022;20:30;1;89;89345;1;1;1;7;RD 905;47,9989140000;3,7027860000
202200021664;20;4;2022;14:20;1;55;55448;1;1;1;7;D901;48,8790519041;5,3995978832
202200021665;2;6;2022;17:45;1;89;89387;2;2;1;6;Rue de la République;48,1991500000;3,2825700000
202200021666;20;4;2022;19:15;1;86;86052;1;1;1;1;D4;46,2930990000;0,3444280000
202200021667;22;6;2022;14:00;1;80;80021;1;2;1;6;FOSSE WARIN (RUE DU);49,9281100000;2,2834400000
202200021668;21;4;2022;15:45;1;68;68305;2;1;1;3;10 rue du gma;47,5376050000;7,1764970000
202200021669;23;6;2022;17:00;1;78;78517;2;1;7;1;LOUVIERE (RUE DE LA);48,6432100000;1,8343800000
202200021670;20;4;2022;15:20;1;25;25265;1;1;1;1;D14;47,3174280000;5,9819910000