Num_Acc;jour;mois;an;hrmn;lum;dep;com;agg;int;atm;col;adr;lat;long
202200021671;21;4;2022;12:50;1;44;44058;1;1;1;6;RD178  PR0+400;47,7933230000; -1,3442800000
202200021672;19;4;2022;17:46;1;35;35299;2;3;1;3;Le Limonay;48,6149060000; -1,9049420000
202200021673;21;6;2022;17:30;1;78;78361;2;2;1;6;BOULEVARD  CARNOT;48,9878560000;1,7076780000
202200021674;21;4;2022;13:40;1;03;03048;1;6;1;1;ROND DE BUFFAULT;46,6355370000;2,7546390000
202200021675;21;6;2022;10:00;1;78;78361;2;1;1;6;BOULEVARD SULLY 1;48,9959000000;1,6761400000
202200021676;20;4;2022;14:30;1;70;70253;1;1;1;5;D474;47,4556260000;5,9010400000
202200021677;23;6;2022;17:25;1;78;78672;2;1;1;1;POISSY RUE DE;48,9317620000;2,0020960000
202200021678;20;4;2022;19:25;1;58;58116;1;1;1;7;130 Petit Flez;47,3511380000;3,6379230000
202200021679;21;4;2022;16:45;1;14;14593;2;2;1;3;D45;49,2160398562;0,1360630989
202200021680;21;4;2022;14:00;1;50;50639;2;2;1;1;50 Route d Avranches;48,8271320000; -1,2346850000
202200021681;20;4;2022;15:40;1;09;09032;1;1;2;5;Route Nationale 20;42,6870790000;1,8239700000
202200021682;18;4;2022;17:50;1;45;45220;2;1;1;1;22 Route de Chemault;48,0587180000;2,3276050000
202200021683;20;4;2022;14:35;1;43;43224;1;9;2;5;D44;45,2605100000;4,1990090000
202200021684;22;6;2022;10:40;1;77;77320;2;2;3;3;D216 / D44;48,8231570000;3,0375840000
202200021685;20;4;2022;18:16;1;30;30088;1;1;2;5;D 999;43,8608420000;4,1087690000
202200021686;22;6;2022;10:20;1;72;72181;2;1;8;6;BELGRADE (AV DE);48,0199500000;0,2124300000
202200021687;21;4;2022;18:25;3;974;97418;1;1;1;1;rd62; -20,9198360000;55,5412960000
202200021688;22;6;2022;07:35;1;71;71540;1;1;2;7;GRANDES RAIES (LES);46,7709139314;4,4710975885
202200021689;20;4;2022;13:30;1;19;19275;1;1;1;7;A89 pk 167;45,5160990000;2,2666320000
202200021690;20;4;2022;17:30;1;42;42279;1;1;1;6;Chemin de la Sagne;45,4782490000;4,2220870000
202200021691;17;6;2022;17:45;1;71;71076;2;6;1;3;2a Rue Thomas Dumorey;46,7763400000;4,8578700000
202200021692;21;4;2022;14:55;1;33;33284;1;1;1;2;A660 - PK 007.000;44,6304890000; -0,9110500000
202200021693;23;6;2022;21:40;2;69;69290;2;1;2;1;Rue du Lyonnais;45,6976300000;4,9080000000
202200021694;20;4;2022;22:27;3;91;91111;1;1;1;6;A10;48,6231090000;2,1355320000
202200021695;18;4;2022;15:40;1;77;77339;1;1;1;6;Chemin de la Grille d Honneur;48,3736700000;2,5060420000
202200021696;23;6;2022;11:05;1;69;69264;2;2;1;6;Boulevard Louis Blanc;45,9873000000;4,7211800000
202200021697;21;4;2022;16:30;1;91;91180;1;1;1;6;PK 15;48,4432230000;2,4834680000
202200021698;8;4;2022;14:47;1;06;06091;1;1;1;3;2828 ROUTE DE SAINT MARTIN;43,7822740000;7,3989330000
202200021699;23;6;2022;14:05;1;68;68149;2;1;1;3;MICHELFELDEN ( RUE DE );47,5928500000;7,5771700000
202200021700;21;4;2022;17:40;1;71;71406;1;2;1;3;Route de Charolles;46,3514380000;4,1053680000
202200021701;22;6;2022;13:40;1;67;67482;2;1;1;6;JACQUES KABLE (RUE);48,5934404938;7,7545747161
202200021702;14;4;2022;05:30;5;38;38474;2;2;1;3;Rue de la Sure;45,2052410000;5,6831020000
202200021703;22;6;2022;08:30;1;67;67482;2;1;1;2;SCHIRMECK (ROUTE DE);48,5733485600;7,7191340178
202200021704;17;3;2022;17:08;1;33;33498;1;2;1;3;Route de Hobre;44,5848280000; -0,8887340000
202200021705;19;4;2022;19:00;1;44;44026;1;1;1;3;Route de Paris;47,2750820000; -1,4688720000
202200021706;21;4;2022;17:50;1;60;60309;1;1;1;7;D105;49,2066008795;2,0610308646
202200021707;10;6;2022;07:00;1;67;67482;2;3;1;3;RHIN TORTU (RUE DU);48,5470987730;7,7581487596
202200021708;18;4;2022;17:35;1;59;59184;1;9;1;6;2590 route nationale;50,7304789660;2,4325318336
202200021709;23;6;2022;16:15;1;64;64445;2;7;1;3;GRAMONT;43,2965500000; -0,3743100000
202200021710;18;4;2022;12:05;1;59;59011;2;1;7;1;Rue de la Halte;50,5293300000;2,9160550000
202200021711;22;6;2022;21:40;2;63;63075;2;3;1;3;av ROYAT / av THERMALE;45,7712700000;3,0591500000
202200021712;19;4;2022;19:36;1;13;13215;1;1;1;1;A7-Sens Marseille vers Lyon;43,3415000000;5,3767000000
202200021713;19;4;2022;08:05;1;13;13211;1;1;1;2;A50-Sens Marseille vers Aubagne;43,2875400000;5,4403200000
202200021714;22;6;2022;16:29;1;63;63014;2;1;1;3;ROCHE GENES (RUE);45,7603800000;3,1198800000
202200021715;23;6;2022;18:35;1;61;61001;2;1;1;6;RHIN ET DANUBE ( AVENUE);48,4186500000;0,0970000000
202200021716;15;4;2022;17:00;1;59;59560;1;9;1;2;AUTOROUTE A1;50,5321515429;3,0471892655
202200021717;18;4;2022;20:30;1;94;94034;1;1;1;2;AUTOROUTE A86;48,7600700000;2,3210700000
202200021718;18;6;2022;11:00;1;59;59603;2;3;1;5;COLIN (AVENUE CLOTAIRE);50,3305300102;3,4811063111
202200021719;17;4;2022;19:22;1;78;78423;1;1;1;2;RN12;48,7964200000;2,0373270000
202200021720;21;6;2022;16:00;1;59;59143;2;1;1;6;NATIONALE  ( ROUTE);50,6761718606;2,8894270957
202200021721;19;4;2022;18:20;1;95;95252;1;1;1;2; A115;48,9863521410;2,2422516346
202200021722;19;4;2022;17:05;1;95;95351;1;1;1;2;RN 104;49,0300086765;2,4979090691
202200021723;19;4;2022;16:15;1;93;93006;1;1;1;6;AUTOROUTE A3;48,8695473617;2,4299369253
202200021724;19;4;2022;09:00;1;92;92036;1;1;1;2;AUTOROUTE A15;48,9446848956;2,2853856324
202200021725;22;6;2022;16:05;1;56;56162;2;6;1;3;1 Avenue Louis Pasteur;47,7400560000; -3,4273250000
202200021726;17;4;2022;23:45;5;94;94065;1;1;1;2;A86 INT;48,7538424491;2,3542632476
202200021727;22;6;2022;16:05;1;56;56162;2;1;2;6;MOULIN DU TER (RUE DU );47,7273100000; -3,4075000000
202200021728;16;4;2022;03:20;3;77;77294;1;9;1;6;A104;48,9715537756;2,5944922889
202200021729;14;4;2022;18:30;1;77;77181;1;1;1;4;A4;48,8302997752;2,6984275937
202200021730;22;6;2022;08:45;1;56;56162;1;3;1;4;KERIHUER;47,7448980000; -3,4205880000
202200021731;13;4;2022;12:50;1;94;94079;1;1;3;6;A4;48,8354458972;2,5387118132
202200021732;18;4;2022;19:00;2;974;97416;1;1;1;2;RN2 (2); -21,3127000000;55,4373300000
202200021733;14;4;2022;18:30;3;974;97411;1;1;3;1;CHATEAU D'EAU (CHEMIN DU); -20,9433030000;55,4859410000
202200021734;23;6;2022;18:10;1;51;51454;2;3;1;3;rue Lanson;49,2458900000;4,0589400000
202200021735;18;4;2022;09:05;1;973;97302;2;2;1;3;BADUEL (ROUTE DE);4,9392400000; -52,3183600000
202200021736;18;4;2022;19:00;1;69;69387;2;2;1;3;Rue Pasteur;45,7532400000;4,8400600000
202200021737;23;6;2022;15:55;1;50;50647;2;6;1;3;EUROPE (AVENUE DE L');48,8403700000; -1,5592000000
202200021738;18;4;2022;17:22;1;69;69388;2;2;1;3;Rue Croix-Barret;45,7371100000;4,8503500000
202200021739;22;6;2022;17:59;1;49;49007;2;6;1;3;DOYENNE BOULEVARD ET PASSAGE;47,4881700000; -0,5363500000
202200021740;18;4;2022;11:00;1;972;97209;2;9;1;3;GENERAL DE GAULLE (BLD DU);14,6071900000; -61,0678300000
202200021741;18;4;2022;18:15;1;69;69381;2;1;1;7;12 Quai Jean Moulin;45,7665475223;4,8380345106
202200021742;18;4;2022;15:35;1;78;78401;2;1;1;1;TESSANCOURT (RUE DE);49,0088800000;1,9053700000
202200021743;22;6;2022;00:15;5;49;49007;2;1;1;7;CHEVREUL;47,4726600000; -0,5479100000
202200021744;18;4;2022;15:01;1;77;77438;1;3;1;3;D10P;48,8612300000;2,6654100000
202200021745;18;4;2022;19:30;1;74;74133;2;1;1;6;INDUSTRIE (RUE DE L');46,1831000000;6,2156000000
202200021746;18;4;2022;11:20;1;74;74012;2;9;1;3;GIFFRE (AVENUE DU);46,1960600000;6,2393600000
202200021747;23;6;2022;18:35;1;47;47031;2;9;1;3;AV LACAPELETTE;44,1786057219;0,6325676775
202200021748;18;4;2022;10:30;1;64;64102;2;6;1;3;Chemin des Barthes;43,4913700000; -1,4959300000
202200021749;23;6;2022;18:20;1;45;45285;2;3;1;3;33 Rue des Rubis;47,9216100000;1,8801500000
202200021750;14;4;2022;17:30;1;60;60175;2;1;1;6;Avenue Marie et Pierre Curie;49,2521250000;2,4805000000
202200021751;18;4;2022;18:40;1;59;59279;2;2;1;3;HOUTE (RUE ARTHUR);50,7800600000;3,1276300000
202200021752;18;4;2022;00:40;5;59;59350;2;7;1;6;DUNKERQUE AVENUE DE;50,6468900000;3,0077500000
202200021753;23;6;2022;17:30;1;45;45004;1;1;1;7;493 Rue des Pointards;47,9934600000;2,8018100000
202200021754;18;4;2022;09:46;1;37;37261;2;2;7;3;BERANGER (BOULEVARD);47,3885600000;0,6762900000
202200021755;23;6;2022;15:30;1;37;37261;2;2;1;2;MARECHAL JUIN (BD);47,4089129995;0,7032886147
202200021756;18;4;2022;21:00;5;26;26362;2;6;1;3;CHABEUIL AVENUE DE (302);44,9227700000;4,9329600000
202200021757;18;4;2022;02:10;5;13;13209;2;1;1;7;MARÉCHAL DE LATTRE (AVENUE);43,2459736859;5,4180466022
202200021758;18;4;2022;11:35;1;13;13005;2;3;1;3;21 AOUT 1944 (AVENUE DU);43,2858105846;5,5567053698
202200021759;23;6;2022;16:15;1;35;35051;1;1;1;7;N136;48,1469995916; -1,6163896769
202200021760;18;4;2022;09:50;1;09;09122;2;9;1;6;LABARRE;42,9620260000;1,6039110000
202200021761;15;4;2022;21:40;5;75;75120;2;1;1;3;BD PERIPHERIQUE EXTERIEUR;48,8765149173;2,4096232543
202200021762;23;6;2022;10:00;1;35;35051;1;1;1;4;BEAULIEU (PORTE DE);48,1077140000; -1,5966240000
202200021763;13;4;2022;16:30;1;75;75120;2;1;1;2;BD PERIPHERIQUE EXTERIEUR;48,8491450000;2,4151400000
202200021764;18;4;2022;17:45;1;75;75105;2;2;1;3;PLACE SAINT MICHEL;48,8537750769;2,3443217576
202200021765;23;6;2022;09:50;1;35;35238;2;2;1;1;CLEMENCEAU (BD GEORGES);48,0944800000; -1,6855900000
202200021766;18;4;2022;12:55;1;75;75120;2;3;1;3;BOULEVARD DAVOUT;48,8513112228;2,4111196049
202200021767;17;4;2022;12:50;1;75;75120;2;2;1;3;RUE DE BELLEVILLE;48,8754510000;2,3979420000
202200021768;18;4;2022;17:55;1;75;75119;2;3;1;6;BOULEVARD DE LA VILLETTE;48,8764400000;2,3721380000
202200021769;22;6;2022;04:00;5;34;34172;1;1;3;6;MENDES FRANCE (AVENUE PRESIDENT PIERRE;43,6071070000;3,9181730000
202200021770;18;4;2022;06:50;2;75;75117;2;2;1;2;AVENUE DE LA GRANDE ARMEE;48,8762621996;2,2872297939
202200021771;17;4;2022;23:15;5;75;75117;2;2;1;3;BOULEVARD PEREIRE;48,8838250000;2,2951670000
202200021772;23;6;2022;08:50;1;33;33063;2;2;1;6;Cours Maréchal Juin;44,8362000000; -0,5824600000
202200021773;17;4;2022;18:10;1;75;75116;2;1;1;5;ALLEE DU BORD DE L EAU;48,8565920000;2,2265400000
202200021774;13;6;2022;16:04;1;33;33063;2;1;1;6;Boulevard Antoine Gautier;44,8358100000; -0,5987700000
202200021775;18;4;2022;16:15;1;75;75115;2;2;1;3;RUE LECOURBE;48,8392627902;2,2919758922
202200021776;17;4;2022;22:10;5;75;75112;2;5;1;6;RUE CLAUDE DECAEN;48,8346500000;2,4007870000
202200021777;23;6;2022;11:00;1;29;29232;2;1;1;1;Rue de Pen Ar Steir;47,9969640000; -4,1059970000
202200021778;18;4;2022;20:00;1;75;75111;2;2;1;3;AVENUE DU TRONE;48,8481649854;2,3990807346
202200021779;21;6;2022;09:45;1;29;29039;1;1;1;6;Rue Jacques Noel Sané;47,9035087761; -3,9107716084
202200021780;18;4;2022;09:50;1;75;75110;2;3;1;3;BOULEVARD DE MAGENTA;48,8763587583;2,3559846936
202200021781;17;4;2022;21:30;5;75;75104;2;3;1;6;RUE DE RIVOLI;48,8552110000;2,3611580000
202200021782;18;4;2022;10:50;1;75;75104;2;3;1;3;BOULEVARD BOURDON;48,8493280000;2,3665770000
202200021783;18;4;2022;13:20;1;94;94044;2;3;1;3;Avenue de Verdun;48,7503400000;2,4828700000
202200021784;17;4;2022;22:25;5;94;94078;2;3;1;6;124 Avenue de Valenton;48,7388900000;2,4562700000
202200021785;17;4;2022;19:49;1;94;94078;2;1;1;7;Rue Saint-Exupéry;48,7530500758;2,4482603072
202200021786;18;4;2022;19:15;1;94;94043;2;1;1;3;67 Avenue de Fontainebleau;48,8114200000;2,3620900000
202200021787;23;6;2022;21:49;2;18;18033;2;2;2;4;Boulevard de l'Avenir;47,0807700000;2,3829500000
202200021788;17;4;2022;16:30;1;94;94002;2;2;1;3;Quai Blanqui/ Rue de Charenton;48,8142100000;2,4118100000
202200021789;18;4;2022;19:30;1;93;93071;2;2;1;3;Avenue Youri Gagarine / Route de Mitry;48,9493730000;2,5196720000
202200021790;20;6;2022;08:33;1;18;18033;2;1;1;1;45 Rue Jean Baffier;47,0768000000;2,4039900000
202200021791;18;4;2022;17:05;1;93;93001;2;2;1;6;Rue Danielle Casanova / Rue Lopez et Jules Martin;48,9155700000;2,3998000000
202200021792;19;4;2022;17:20;1;01;01129;1;3;1;3;D22a;45,9638890000;5,1723500000
202200021793;23;6;2022;16:30;1;17;17300;2;2;1;3;GUITON   AVENUE JEAN (9-165 et 4);46,1598200000; -1,1662100000
202200021794;19;4;2022;18:00;1;68;68252;2;1;1;6;Rue de Jebsheim;48,1597450000;7,3775550000
202200021795;22;6;2022;11:40;1;15;15014;2;1;1;6;SQUARE (PLACE DU);44,9279500000;2,4443900000
202200021796;19;4;2022;18:45;1;62;62397;2;3;7;3;carrefour des 5 chemins, RD 231/RD 215;50,8626140000;1,8811650000
202200021797;20;4;2022;08:33;1;01;01357;2;3;7;4;RD1084  PR 085.300;46,1768150000;5,7408880000
202200021798;18;4;2022;19:05;1;74;74293;1;3;1;6;D1005;46,2839550000;6,2603620000
202200021799;22;6;2022;17:30;1;13;13071;1;1;1;1;ROUTE NATIONALE 368 (PLAN DES PENNES);43,4037600000;5,2797100000
202200021800;23;6;2022;09:00;1;13;13103;2;6;1;2;AVENUE JUIN - DU 18 ... 1940;43,6281124104;5,1123943180
202200021801;17;4;2022;12:28;1;74;74002;1;3;1;4;route de RUMILLY;45,8176290000;6,0023550000
202200021802;19;4;2022;16:55;1;76;76719;2;1;1;3;Rue Albert Bellavoine;49,7459480000;0,5125270000
202200021803;20;4;2022;04:35;3;79;79284;1;1;2;7;Route du Moulin Brulé;46,4348400000; -0,4515120000
202200021804;23;6;2022;18:00;1;13;13209;2;2;1;3;VALLON DE TOULOUSE (RUE);43,2677800000;5,4203200000
202200021805;20;4;2022;15:20;1;61;61474;1;1;1;2;RD 916;48,7863960000; -0,0005150000
202200021806;17;4;2022;06:12;4;86;86281;1;1;1;6;D347;46,7236720000;0,2137400000
202200021807;23;6;2022;12:00;1;13;13208;2;1;1;3;GUY DE MAUPASSANT (BOULEVARD);43,2595392738;5,3963636315
202200021808;19;4;2022;12:14;1;44;44131;2;1;1;6;12 Boulevard de Baiona;47,1254710000; -2,1197790000
202200021809;19;4;2022;13:26;1;29;29146;1;1;1;7;Rue des Chataigniers;47,8945710000; -3,8433690000
202200021810;19;4;2022;17:10;1;29;29075;2;3;1;6;Place de Saint-Herbot;48,4348751722; -4,4009817391
202200021811;22;6;2022;19:20;1;13;13210;2;1;1;3;ACIERIES (BOULEVARD DES);43,2779200000;5,4032900000
202200021812;17;4;2022;19:10;1;03;03138;2;1;7;6;rue de la prairie;46,2567300000;3,6318880000
202200021813;17;4;2022;14:50;1;01;01454;2;1;1;7;RD1504;45,7172410000;5,7107610000
202200021814;19;4;2022;14:05;1;72;72195;1;1;1;7;Lieu Dit les Musses;47,8349740000; -0,0286030000
202200021815;3;6;2022;13:00;1;13;13098;1;1;1;1;D.51;43,4615015235;4,9970626831
202200021816;14;4;2022;16:50;1;14;14057;2;9;1;3;D613;49,1279820000; -0,2143190000
202200021817;5;6;2022;04:15;3;13;13098;1;1;1;6;EMPLANIERS CHEMIN DES;43,4635900000;5,0040500000
202200021818;20;4;2022;01:40;3;05;05124;1;1;1;1;les grisolles - RN94;44,5776450000;6,1387180000
202200021819;23;6;2022;18:00;1;13;13001;2;1;1;7;MARSEILLE (ROUTE DE );43,4758200000;5,4138200000
202200021820;20;4;2022;12:15;1;18;18196;2;1;1;5;;46,7631650000;2,8194870000
202200021821;23;6;2022;15:20;1;12;12145;2;1;3;6;JAURES JEAN (AVENUE);44,1008400000;3,0791000000
202200021822;20;4;2022;12:05;1;18;18139;2;1;1;6;Rue de la Loire;47,0628500000;3,0183490000
202200021823;16;4;2022;23:10;5;24;24229;2;1;1;6;76 Avenue du 8 Mai 1945;45,1329830000;1,2135440000
202200021824;7;10;2022;12:28;1;13;13209;2;9;1;3;MARÉCHAL DE LATTRE (AVENUE);43,2455243876;5,4121506156
202200021825;19;4;2022;19:40;2;85;85051;2;1;1;6;18 Rue de Vilde;46,6634700000; -1,0132200000
202200021826;7;10;2022;13:50;1;13;13213;2;1;1;2;ESCADRILLE NORMANDIE NIEMEN;43,3363667182;5,4099947039
202200021827;23;6;2022;14:45;1;09;09207;2;1;1;6;ROUTE NATIONALE 20;42,9360356424;1,6331890225
202200021828;19;4;2022;19:35;1;17;17459;1;2;1;3;lieu-dit le poteau;45,9088450000; -0,4248260000
202200021829;8;4;2022;09:45;1;37;37099;1;1;2;6;D751;47,3076447770;0,5701839924
202200021830;5;10;2022;12:20;1;13;13206;2;2;1;3;ALBERT CHABANON (RUE);43,2901400000;5,3820400000
202200021831;20;4;2022;07:40;1;48;48111;1;1;2;6;Route Nationale 88;44,5719670000;3,6284980000
202200021832;23;6;2022;12:50;1;09;09122;2;3;1;3;FERRIERE (AVENUE DE);42,9522610000;1,6150340000
202200021833;7;4;2022;18:20;1;34;34082;1;1;1;7;D127e6;43,6718650000;3,7613170000
202200021834;23;6;2022;17:46;1;08;08105;2;1;1;6;26 Rue de Lapparent;49,7784100000;4,7075200000
202200021835;5;10;2022;04:55;3;13;13047;1;1;1;2;D.10;43,6007000000;4,9450800000
202200021836;20;4;2022;08:30;1;67;67425;1;1;1;3;Autoroute de l'Est;48,7681830000;7,3798940000
202200021837;20;6;2022;15:02;1;06;06083;2;1;1;6;FRANCE (AVENUE PORTE DE, N°1 A 51);43,7833450000;7,5144790000
202200021838;6;10;2022;16:56;1;10;10362;1;1;1;2;;48,2986047436;4,0129655600
202200021839;19;4;2022;16:00;1;976;97602;1;1;1;1;RN1 - BOUYOUNI; -12,7297890000;45,1322220000
202200021840;23;6;2022;08:05;1;06;06155;2;1;1;6;LIBERTE AV.DE LA;43,5674700000;7,0717000000
202200021841;7;10;2022;07:40;1;06;06069;1;9;1;3;DRAGUIGNAN (ROUTE DE) - D2562-;43,6439570000;6,9029280000
202200021842;19;4;2022;11:40;1;34;34101;1;9;1;4;autoroute A9;43,3978490000;3,4712860000
202200021843;17;6;2022;18:35;1;03;03095;2;1;1;3;Avenue de Vichy;46,1346300000;3,4435400000
202200021844;23;6;2022;02:00;4;02;02028;1;1;1;6;GEORGES BRASSENS (RUE);49,5712500000;3,6594900000
202200021845;17;4;2022;23:35;5;987;98733;2;1;1;1;PK 20.200 - RT1; -17,6899310000; -149,5483490000
202200021846;7;10;2022;01:45;3;03;03310;2;2;1;3;MUTUALITE (BOULEVARD DE LA);46,1314000000;3,4281200000
202200021847;23;6;2022;11:10;1;01;01451;1;2;1;3;;46,2433900000;5,1906400000
202200021848;8;10;2022;01:10;5;01;01053;2;2;1;3;VERNE (AVENUE JEAN MARIE );46,1953680000;5,2252600000
202200021849;25;9;2022;06:30;5;67;67482;2;1;1;6;ABBE LEMIRE (RUE DE L );48,5759170000;7,7268700000
202200021850;21;6;2022;21:00;1;75;75108;2;7;1;3;AVENUE DES CHAMPS ELYSEES;48,8658570000;2,3198960000
202200021851;25;9;2022;06:26;5;67;67482;2;8;9;6;LYON (BOULEVARD DE);48,5772020000;7,7316790000
202200021852;22;6;2022;16:11;1;75;75105;2;3;1;7;BOULEVARD DE PORT ROYAL;48,8374890000;2,3463380000
202200021853;20;4;2022;16:10;1;988;98802;1;1;1;1;Pont de la Tontouta RT1; -21,9775430000;166,1981670000
202200021854;23;6;2022;10:13;1;75;75119;2;1;1;6;AVENUE DE FLANDRE;48,8918150000;2,3781360000
202200021855;7;10;2022;12:45;1;75;75116;2;4;1;3;PORTE DE SAINT CLOUD;48,8351810000;2,2607800000
202200021856;23;6;2022;18:20;1;75;75117;2;3;1;6;RUE ALBERT ROUSSEL;48,8913030000;2,3062460000
202200021857;6;10;2022;16:40;1;75;75116;2;1;1;2;AVENUE DE LA GRANDE ARMEE;48,8755600000;2,2894170000
202200021858;23;6;2022;18:15;1;75;75116;2;3;1;2;AVENUE FOCH;48,8738100000;2,2902340000
202200021859;7;10;2022;12:20;1;75;75105;2;3;1;6;BOULEVARD SAINT GERMAIN;48,8503260000;2,3475390000
202200021860;23;6;2022;10:10;1;75;75114;2;2;1;3;AVENUE DE LA PORTE DE CHATILLON;48,8236840000;2,3170990000
202200021861;2;10;2022;20:50;5;75;75106;2;2;1;3;RUE D ASSAS;48,8478220000;2,3295710000
202200021862;22;6;2022;16:36;1;75;75114;2;2;1;3;BOULEVARD ADOLPHE PINARD;48,8249990000;2,3021500000
202200021863;7;10;2022;09:20;1;75;75119;2;7;1;3;AVENUE DE LA PORTE DES LILAS;48,8776540000;2,4081670000
202200021864;22;6;2022;10:25;1;75;75114;2;7;1;6;AVENUE RENE COTY;48,8333500000;2,3330930000
202200021865;7;10;2022;18:35;1;75;75119;2;1;1;2;NON DENOMMEE EF/19;48,8952140000;2,3765590000
202200021866;23;6;2022;10:00;1;75;75112;2;2;1;3;QUAI DE LA RAPEE;48,8434270000;2,3707130000
202200021867;7;10;2022;17:15;1;75;75116;2;2;1;6;AVENUE DE MALAKOFF;48,8750870000;2,2839750000
202200021868;23;6;2022;13:10;1;75;75111;2;3;1;3;AVENUE PARMENTIER;48,8611560000;2,3778410000
202200021869;7;10;2022;16:30;1;75;75115;2;2;1;6;RUE DU THEATRE;48,8481090000;2,2901470000
202200021870;7;10;2022;12:15;1;75;75115;2;1;1;2;RUE DE LA CROIX NIVERT;48,8441640000;2,2963680000
202200021871;23;6;2022;00:11;5;75;75108;2;2;1;3;BOULEVARD DE COURCELLES;48,8795010000;2,3050110000
202200021872;7;10;2022;17:10;1;75;75114;2;1;1;7;BOULEVARD JOURDAN;48,8230960000;2,3262470000
202200021873;23;6;2022;11:16;1;75;75107;2;1;1;2;QUAI D ORSAY;48,8629520000;2,3176630000
202200021874;6;10;2022;21:35;5;75;75114;2;2;1;2;BOULEVARD ROMAIN ROLLAND;48,8207880000;2,3210580000
202200021875;7;10;2022;04:45;5;75;75113;2;2;1;6;AVENUE D ITALIE;48,8261250000;2,3572800000
202200021876;22;6;2022;22:30;5;75;75107;2;2;1;2;BOULEVARD DE LA TOUR MAUBOURG;48,8611120000;2,3102920000
202200021877;7;10;2022;11:45;1;75;75112;2;1;1;5;AVENUE DAUMESNIL;48,8400820000;2,3936610000
202200021878;22;6;2022;11:50;1;75;75107;2;2;1;3;AVENUE DUQUESNE;48,8540800000;2,3063540000
202200021879;6;10;2022;19:15;2;75;75112;2;3;1;6;BOULEVARD SOULT;48,8381990000;2,4084370000
202200021880;23;6;2022;18:35;1;94;94076;2;1;1;4;PAUL VAILLANT COUTURIER (AV);48,7947800000;2,3634900000
202200021881;6;10;2022;11:50;1;75;75112;2;4;1;3;ESPLANADE SAINT LOUIS;48,8400800000;2,4367260000
202200021882;7;10;2022;16:35;1;75;75111;2;1;1;6;RUE DE LA FOLIE REGNAULT;48,8598200000;2,3866020000
202200021883;23;6;2022;01:53;5;94;94043;2;1;1;6;PASTEUR (R);48,8153900000;2,3628400000
202200021884;7;10;2022;16:50;1;75;75111;2;2;1;6;AVENUE DE LA REPUBLIQUE;48,8656630000;2,3724740000
202200021885;23;6;2022;10:50;1;94;94073;2;1;1;3;GEORGES HALGOULT (R);48,7617350000;2,4003580000
202200021886;7;10;2022;15:15;1;75;75111;2;2;1;6;BOULEVARD VOLTAIRE;48,8587110000;2,3786000000
202200021887;23;6;2022;12:15;1;94;94028;2;1;1;3;Avenue de la Brèche;48,7842000000;2,4541900000
202200021888;7;10;2022;14:05;1;75;75109;2;3;1;6;RUE DE LA GRANGE BATELIERE;48,8729670000;2,3430840000
202200021889;23;6;2022;18:35;1;94;94022;2;3;1;3;Rue du Docteur Aublé / Boulevard de Stalingrad;48,7693130000;2,4023940000
202200021890;7;10;2022;20:15;5;75;75108;2;1;1;3;AVENUE DE WAGRAM;48,8758520000;2,2966500000
202200021891;23;6;2022;16:25;1;94;94017;2;6;1;3;Rond point du Colonel Grancey / Boulevard de Stalingrad;48,8163900000;2,5118500000
202200021892;7;10;2022;17:08;1;75;75107;2;3;1;6;RUE DE BOURGOGNE;48,8592480000;2,3179930000
202200021893;12;6;2022;04:00;5;94;94017;2;1;1;1;100 Rue Alexandre Fourny;48,8187700000;2,5215500000
202200021894;23;6;2022;01:30;3;93;93073;1;1;8;7;Aeroport Charles de Gaulle;48,9913695448;2,5537705421
202200021895;6;10;2022;20:20;5;75;75104;2;7;1;6;PLACE DE L HOTEL DE VILLE;48,8568080000;2,3511010000
202200021896;23;6;2022;19:00;1;93;93071;2;1;1;3;Avenue Victor Hugo;48,9310239316;2,5280061364
202200021897;7;10;2022;12:40;1;94;94081;2;1;1;2;LOUIS BLERIOT (AV);48,7859440000;2,4080800000
202200021898;23;6;2022;13:30;1;93;93066;2;9;1;5;Rue du Landy;48,9154400000;2,3594550000
202200021899;7;10;2022;10:10;1;94;94068;2;1;1;1;REPUBLIQUE (AV DE LA);48,8033800000;2,4860700000
202200021900;6;10;2022;18:30;1;94;94016;2;3;1;7;DIVISION LECLERC (AV DE LA);48,7903680000;2,3315420000
202200021901;23;6;2022;17:13;1;93;93062;2;6;1;6;Avenue de la Résistance / Allée Gambetta;48,8950000000;2,5137000000
202200021902;7;10;2022;15:48;1;94;94033;2;2;1;2;Boulevard de Verdun / Rue Emile Zola / Avenue Ernest Renan;48,8565000000;2,4674000000
202200021903;7;10;2022;15:40;1;94;94028;2;6;1;6;Avenue du Général de Gaulle / Avenue Francois Mauriac;48,7850700000;2,4513600000
202200021904;23;6;2022;16:45;1;93;93014;2;3;1;3;Boulevard de la République;48,9053300000;2,5249000000
202200021905;6;10;2022;14:00;1;94;94011;2;3;1;1;Rue des Longs Rideaux / Rue Pierre Sémard;48,7623700000;2,4786800000
202200021906;7;10;2022;09:00;1;94;94059;2;6;1;3;Avenue Maurice Berteaux / Avenue Paul Lafargue;48,8160864516;2,5620531087
202200021907;6;10;2022;11:00;1;94;94059;2;1;1;6;Avenue Ardouin;48,8101400000;2,5725100000
202200021908;6;10;2022;16:00;1;94;94017;2;3;1;3;Avenue Jack Gourévitch / Rue de Lonray;48,8223200000;2,4885100000
202200021909;6;10;2022;11:50;1;94;94017;2;1;1;6;Avenue Salvador Allendé;48,8085827892;2,5511643291