Num_Acc;jour;mois;an;hrmn;lum;dep;com;agg;int;atm;col;adr;lat;long
202200021910;7;10;2022;11:24;1;94;94071;2;1;1;3;Rue du Général Leclerc;48,7770300000;2,5114400000
202200021911;7;10;2022;09:00;1;94;94075;2;9;1;3;Rue de la Garenne;48,7249030000;2,5291000000
202200021912;7;10;2022;08:15;1;93;93062;2;3;1;6;Avenue de la Résistance / Allée Hérold;48,8979000000;2,5163000000
202200021913;7;10;2022;07:00;5;93;93077;2;2;1;3;Grande Rue / Avenue Outrebon;48,8841200000;2,5102000000
202200021914;7;10;2022;03:45;5;93;93077;2;1;1;6;Route de Noisy;48,8830000000;2,4963300000
202200021915;6;10;2022;14:35;1;93;93063;2;1;1;6;Rue Floréal;48,8787487873;2,4318885058
202200021916;6;10;2022;10:45;1;93;93029;2;2;1;3;EDOUARD VAILLANT N° 1-97;48,9284900000;2,4304200000
202200021917;7;10;2022;07:52;2;93;93027;2;1;1;6;Rue de la Convention;48,9275481484;2,3917376285
202200021918;6;10;2022;15:08;1;93;93027;2;1;1;6;Avenue Paul Vaillant Couturier;48,9214645414;2,4112317301
202200021919;7;10;2022;08:55;1;93;93047;2;2;1;3;Avenue Gabriel Péri / Avenue des Coquelicots;48,8901900000;2,5520800000
202200021920;7;10;2022;15:00;1;93;93007;2;5;1;3;Rue de l'Abbé Niort / Avenue Fouquet;48,9409000000;2,4348800000
202200021921;7;10;2022;20:00;5;92;92073;2;1;1;3;BOMBIGER (RUE DU DOCTEUR MARC);48,8627020000;2,2123830000
202200021922;7;10;2022;11:55;1;92;92073;2;1;1;7;GALLIENI (QUAI);48,8704690000;2,2319070000
202200021923;7;10;2022;18:00;1;92;92022;2;2;7;6;PETITS BOIS (RUE DES);48,8116000000;2,1833500000
202200021924;7;10;2022;10:00;1;92;92064;2;9;7;3;DAILLY;48,8440469667;2,2204938233
202200021925;7;10;2022;16:30;1;92;92049;2;1;1;1;BRIAND AVENUE ARISTIDE AUTRES N°;48,8169380000;2,3254610000
202200021926;7;10;2022;17:50;1;92;92044;2;2;1;3;VIC. HUGO(RUE)077A089 ET 090A110;48,8959600000;2,2964600000
202200021927;7;10;2022;12:50;1;92;92040;2;7;1;2;GABRIEL PERI;48,8212700000;2,2737100000
202200021928;7;10;2022;11:20;1;92;92040;2;6;1;6;FRERES VOISIN (BOULEVARD DES);48,8278900000;2,2736800000
202200021929;7;10;2022;13:35;1;92;92036;2;1;1;1;LOUIS ROCHE (AVENUE) (47/151);48,9285970000;2,3113890000
202200021930;26;9;2022;20:35;5;92;92035;2;1;2;7;Verdun 1916 ( avenue de );48,9056210000;2,2353710000
202200021931;7;10;2022;13:46;1;92;92024;2;2;1;6;GEORGES BOISSEAU (RUE);48,9035880000;2,3175320000
202200021932;7;10;2022;12:50;1;92;92012;2;5;1;6;QUATRE SEPTEMBRE (QUAI DU);48,8413100000;2,2254500000
202200021933;7;10;2022;11:20;1;92;92004;2;3;1;6;BRETAGNE ( RUE DE );48,9053328605;2,2826556265
202200021934;7;10;2022;23:55;3;09;09209;1;1;2;7;D117;42,9959500000;1,1985490000
202200021935;8;10;2022;14:15;1;51;51649;2;1;1;7;Avenue du Quai des Fontaines;48,7288550000;4,5822860000
202200021936;7;10;2022;18:10;1;85;85223;1;1;1;6;Autoroute A83, PK 076+000;46,5420277000; -1,0832905700
202200021937;8;10;2022;17:40;1;06;06161;2;1;8;3;2507 Route Départementale 6007;43,6275720000;7,1327890000
202200021938;7;10;2022;19:30;5;974;97404;2;1;1;6;Avenue Raymond Barre; -21,2617860000;55,3608800000
202200021939;5;10;2022;09:30;1;63;63001;2;1;7;6;Avenue Saint Nicolas;46,0241916643;3,2053604722
202200021940;7;10;2022;22:20;3;52;52469;1;9;1;5;Autoroute A5 PK 208.800 direction DIJON;48,0390410000;5,0633240000
202200021941;7;10;2022;19:10;2;44;44103;1;1;1;3;N171 ;47,3247650000; -2,1502680000
202200021942;8;10;2022;05:25;3;50;50225;1;1;5;6;D51;48,9680000000; -1,2190000000
202200021943;7;10;2022;18:20;1;62;62086;1;1;1;3;Rue de l'Atre;50,2139880000;2,5576420000
202200021944;7;10;2022;07:50;1;62;62198;1;1;1;7;D73e2;50,3816457135;2,5990405082
202200021945;7;10;2022;14:54;1;51;51535;1;1;1;2;D53;48,7093850000;3,7476040000
202200021946;7;10;2022;18:30;1;56;56094;1;1;1;2;Kernours D194;47,7619200000; -3,2929200000
202200021947;7;10;2022;17:20;1;76;76621;1;2;1;3;D41;49,6368051084;1,3106564870
202200021948;8;10;2022;15:31;1;79;79134;2;3;1;2;3 Rue de l'Ecole;46,8600370000; -0,2502310000
202200021949;7;10;2022;17:33;1;82;82131;1;2;1;3;2205 Route de Paris;44,2704950000;1,4700440000
202200021950;8;10;2022;12:57;1;32;32158;1;2;1;3;D178;43,9292250000;0,7440660000
202200021951;7;10;2022;17:55;1;11;11363;1;1;1;6;D212;43,0500742380;2,5880742073
202200021952;8;10;2022;16:35;1;61;61167;1;3;7;2;RD 12;48,8337210000;0,5385660000
202200021953;7;10;2022;11:55;1;46;46029;2;1;1;6;Avenue de la République;44,9242780000;1,8437610000
202200021954;7;10;2022;22:00;3;41;41256;1;1;1;6;D60;47,3487100000;1,9928170000
202200021955;7;10;2022;15:00;1;25;25050;1;2;1;3;D461;47,1179200000;6,6138550000
202200021956;6;10;2022;16:41;1;29;29146;1;2;1;3;Kerampaou;47,8892440000; -3,7975680000
202200021957;7;10;2022;22:45;3;29;29291;1;1;1;6;D36;48,0951510000; -3,8583040000
202200021958;7;10;2022;13:45;1;31;31135;2;1;1;6;Rue de la liberté;43,2071520000;1,0855280000
202200021959;8;10;2022;17:30;1;58;58168;1;1;1;7;La Boutrille;46,8314770000;4,0429960000
202200021960;8;10;2022;11:00;1;54;54131;1;1;1;6;Rue des 4 Fers;48,8840565910;6,1736404904
202200021961;8;10;2022;00:55;3;14;14403;1;1;1;1;D613;49,1435800000;0,3682990000
202200021962;7;10;2022;22:45;5;60;60471;2;1;1;6;457 Rue du Faubourg d'Amiens;49,5867276960;2,9914705280
202200021963;7;10;2022;10:20;1;64;64270;1;9;1;3;Avenue du Pic du Midi;43,1521860000; -0,2249520000
202200021964;8;10;2022;15:00;1;64;64152;2;1;1;6;425 Chemin de Morlanne;43,3395180000; -0,3196230000
202200021965;7;10;2022;11:00;1;16;16062;1;1;1;7;D24;45,4231690000; -0,0443530000
202200021966;8;10;2022;13:30;1;07;07296;1;3;1;2;36 Avenue de l'Espinasse;44,5812440000;4,3918810000
202200021967;8;10;2022;02:15;3;04;04094;1;1;1;6;CD4 CHATEAU ROUSSET;43,7868340000;5,8236980000
202200021968;7;10;2022;14:15;1;17;17093;2;2;1;3;Rue la Fayette;45,8860840000; -1,1958580000
202200021969;7;10;2022;16:00;1;37;37267;2;1;1;2;D976;47,3620470000;0,8022170000
202200021970;8;10;2022;00:10;3;52;52033;1;1;1;7;ham de forfilieres;47,9718380000;5,5450490000
202200021971;7;10;2022;19:27;2;49;49323;1;1;1;2;D323 - PR 028+800;47,5063020000; -0,4757810000
202200021972;8;10;2022;08:20;1;72;72375;1;1;1;2;a11 pk 136  sens Province-Paris;48,1267799789;0,6247115133
202200021973;4;10;2022;15:15;1;38;38485;2;1;1;3;D1532;45,1802860000;5,6966530000
202200021974;4;10;2022;19:01;1;34;34031;1;1;1;2;a9, PK 151+800 S1;43,3637420000;3,3788740000
202200021975;7;10;2022;15:20;1;973;97311;2;1;1;6;37 Rue du Lt Colonel Tourtet;5,4968915971; -54,0316079557
202200021976;7;10;2022;21:30;5;971;97117;2;2;1;1;Rue Camille Ricou;16,3278130000; -61,3458540000
202200021977;8;10;2022;15:25;1;45;45042;2;2;1;4;D952 PK 31 + 625;47,8088930000;2,4112520000
202200021978;8;10;2022;18:40;1;77;77196;1;1;1;6;N3 PK10+000;48,9476910000;2,7309500000
202200021979;8;10;2022;14:30;1;2A;2A247;2;1;1;3;D368, rue vintellu d'Istria;41,5983230000;9,2741510000
202200021980;7;10;2022;11:30;1;30;30258;1;1;1;1;D42;43,7103850000;4,4222970000
202200021981;8;10;2022;12:00;1;13;13081;2;1;1;3;Rue des Girondins;43,4877780000;5,2354310000
202200021982;7;10;2022;07:20;5;71;71176;2;2;5;6;24 Place de la Grève;46,4814510000;3,9719920000
202200021983;7;10;2022;09:50;1;57;57442;1;2;1;3;D910;49,0008760000;6,5097000000
202200021984;6;10;2022;15:55;1;57;57701;2;1;1;1;2 Route d'Ars;49,0936060000;6,0953670000
202200021985;5;10;2022;15:40;1;63;63470;2;1;1;1;Route de la Plaine - Moulet;45,8797130000;3,0008930000
202200021986;8;10;2022;17:40;1;44;44035;2;1;7;6;2 Rue Louis Maisonneuve;47,2999770000; -1,5527630000
202200021987;6;10;2022;14:40;1;17;17161;1;1;1;1;D201 E1;46,1738800000; -1,3296840000
202200021988;7;10;2022;01:20;4;56;56237;2;1;1;6;13bis Rue des Fleurs;48,0156820000; -2,9529020000
202200021989;8;10;2022;11:15;1;35;35280;1;2;1;1;D18;48,3448200000; -1,3397310000
202200021990;7;10;2022;14:15;1;62;62832;2;1;7;1;D145;50,5184540000;1,7030470000
202200021991;8;10;2022;06:50;5;59;59419;2;4;1;3;D938;50,5248600000;3,2829170000
202200021992;8;10;2022;15:15;1;59;59320;2;1;1;2;N41;50,5488630000;2,8253750000
202200021993;5;10;2022;19:50;3;13;13081;1;1;1;2;A7-Sens Lyon vers Marseille;43,4913000000;5,2395000000
202200021994;5;10;2022;14:45;1;13;13214;1;1;1;2;A7-Sens Lyon vers Marseille;43,3357900000;5,3769600000
202200021995;7;10;2022;07:25;1;83;83027;1;9;1;2;A50;43,2026870000;5,7308370000
202200021996;7;10;2022;05:35;3;57;57672;1;9;1;3;Autoroute A31;49,3657900000;6,1069600000
202200021997;7;10;2022;16:28;1;91;91553;1;1;1;4;RN 104;48,6315200000;2,5029200000
202200021998;7;10;2022;09:10;1;92;92002;1;1;1;4;AUTOROUTE A86;48,7605783397;2,2919127345
202200021999;7;10;2022;08:35;1;94;94065;1;1;1;2;AUTOROUTE A106;48,7508017306;2,3554256350
202200022000;6;10;2022;09:40;1;78;78126;1;1;1;5;A13;48,8390530000;2,1202990000
202200022001;7;10;2022;17:00;1;94;94017;1;1;1;2;A4;48,8302008945;2,4957669959
202200022002;7;10;2022;11:30;1;94;94073;1;1;1;4;A86 EXT;48,7639305386;2,3806452928
202200022003;13;9;2022;14:30;1;58;58194;2;1;1;1;HOPITAL (BD);46,9792400000;3,1259400000
202200022004;5;10;2022;15:40;1;987;98735;2;1;1;3;TIPAERUI (CV); -17,5522600000; -149,5715600000
202200022005;6;10;2022;07:25;1;974;97416;1;1;1;4;RN3 (1); -21,3012900000;55,5030000000
202200022006;4;10;2022;18:15;5;973;97302;2;1;1;7;PETIT MONACO (ROND-POINT);4,9412908343; -52,3213389516
202200022007;7;10;2022;00:05;5;69;69387;2;1;1;6;Grande Rue de la Guillotière;45,7506200000;4,8492800000
202200022008;6;10;2022;18:40;2;69;69386;2;1;1;5;Quai Charles de Gaulle;45,7859100000;4,8546700000
202200022009;6;10;2022;15:45;1;972;97209;2;9;1;2;GENERAL DE GAULLE (BLD DU);14,6077800000; -61,0691800000
202200022010;6;10;2022;08:50;1;972;97209;2;1;1;6;BISHOP (Avenue Maurice);14,6133200000; -61,0523600000
202200022011;6;10;2022;09:00;1;69;69382;2;1;1;3;Quai Docteur Gailleton;45,7529000000;4,8334000000
202200022012;5;10;2022;15:30;1;69;69389;2;1;1;7;Rue du Château de la Duchère;45,7801273052;4,7933453323
202200022013;6;10;2022;09:00;1;2B;2B033;1;1;1;2;CARDO - RT INFERIEURE DE;42,6990300000;9,4365900000
202200022014;6;10;2022;16:10;1;971;97101;1;1;1;6;TERASSON;16,2494478600; -61,5030366182
202200022015;6;10;2022;08:30;1;971;97105;2;3;1;1;BOLOGNE (ROUTE DE);16,0063600000; -61,7359500000
202200022016;6;10;2022;10:15;1;95;95280;2;1;1;6;Boulevard Roger Salengro;49,0381586583;2,4678066373
202200022017;6;10;2022;17:40;1;91;91692;2;1;1;3;TROPIQUES (AVENUE DES);48,6846200000;2,1950500000
202200022018;6;10;2022;09:25;1;91;91286;2;1;7;3;DEDALE (RUE);48,6501800000;2,3740100000
202200022019;3;10;2022;18:15;1;89;89387;2;1;1;6;VERDUN (BOULEVARD DE);48,2048600000;3,2861700000
202200022020;6;10;2022;18:47;2;86;86214;1;1;1;2;RD162;46,5631190000;0,3453720000
202200022021;6;10;2022;15:00;1;85;85191;2;2;1;3;Rue delille-Rue Paul Doumer;46,6679260000; -1,4266580000
202200022022;6;10;2022;08:30;1;83;83137;2;6;1;3;3EME RGT DES TIRAILLEURS ALGERIENS (AVE);43,1187400000;5,9457300000
202200022023;5;10;2022;11:05;1;83;83129;2;1;1;2;PLAYES (ROCADE DES);43,0991837179;5,8281344175
202200022024;6;10;2022;09:25;1;78;78440;2;1;1;6;MOLIERE (RUE);48,9813310000;1,9159880000
202200022025;6;10;2022;17:42;1;78;78498;2;1;1;6;CEP AVENUE DU;48,9280500000;2,0424040000
202200022026;5;10;2022;17:36;1;77;77495;1;1;2;1;D1151;48,5929700000;2,6053300000
202200022027;6;10;2022;11:20;1;77;77307;2;1;1;4;D934;48,8777610000;2,7354410000
202200022028;6;10;2022;15:20;1;77;77014;2;2;1;3;BERNARD PALISSY (RUE);48,4132200000;2,7198000000
202200022029;5;10;2022;17:40;1;76;76351;2;1;1;7;MARCEAU (RUE);49,4889900000;0,1347100000
202200022030;5;10;2022;20:30;5;72;72181;2;3;2;3;VAN GOGH (RUE);47,9714200000;0,2135000000
202200022031;4;10;2022;17:50;1;72;72181;2;1;1;4;DURAND GEORGES (AV) N° IMP 1 A 141;47,9780200000;0,2133900000
202200022032;6;10;2022;11:10;1;71;71153;2;1;8;1;BESSEMER (RUE);46,7958300000;4,4215800000
202200022033;6;10;2022;11:45;1;69;69282;2;3;1;3;Rue Jean Collet;45,7775700000;5,0004200000
202200022034;6;10;2022;08:20;1;69;69275;2;8;1;6;33 Avenue Franklin Roosevelt;45,7649600000;4,9375400000
202200022035;5;10;2022;16:02;1;67;67482;2;1;1;3;ROBERTSAU (ALLEE DE LA);48,5905100000;7,7675500000
202200022036;6;10;2022;08:00;1;66;66136;2;6;1;2;;42,6699950266;2,9051193595
202200022037;6;10;2022;13:20;1;64;64284;2;6;1;3;avenue du corps franc pommies;43,2929400000; -0,3866000000
202200022038;5;10;2022;20:30;5;64;64445;2;1;1;6;rue de Liège;43,3004800000; -0,3751400000
202200022039;5;10;2022;14:36;1;64;64102;2;9;1;2;ALLEES MARINES (AVENUE DES);43,4969900000; -1,4836100000
202200022040;20;9;2022;17:06;1;63;63113;2;1;1;6;DOLET (RUE ETIENNE);45,7642347601;3,0866271257
202200022041;6;10;2022;09:15;1;59;59599;2;1;8;6;ALSACE (RUE D');50,7199363030;3,1452387571
202200022042;5;10;2022;01:05;4;57;57221;1;1;1;2;METZ (ROUTE DE);49,3258080000;6,1531960000
202200022043;1;10;2022;02:22;5;56;56260;2;1;1;2;174 Avenue de Verdun;47,6669600000; -2,7356400000
202200022044;14;11;2022;23:50;3;21;21099;1;1;2;6;"Autoroute A6; PK 294+900, sens PAris-Lyon";47,0575494799;4,7828874119
202200022045;6;10;2022;17:00;1;54;54280;2;3;1;6;FRANCHEPRE (RUE DE);49,2254740000;6,0149120000
202200022046;10;11;2022;18:10;3;13;13114;1;3;1;2;Route de Berre;43,5452470000;5,3420270000
202200022047;6;10;2022;15:43;1;51;51454;2;2;1;3;rue Saint Thierry;49,2721600000;4,0127100000
202200022048;13;11;2022;19:40;3;17;17388;1;1;1;4;A10;45,5390245515; -0,6066907536
202200022049;6;10;2022;11:30;1;51;51454;2;7;1;1;place du Général Gouraud;49,2440900000;4,0495900000
202200022050;14;11;2022;18:15;3;988;98822;1;1;1;7;RT3; -20,9164980000;165,3067410000
202200022051;5;10;2022;16:15;1;50;50502;1;1;1;3;CINQ CHEMINS (RUE DES);49,0992500000; -1,0799500000
202200022052;14;11;2022;09:00;1;45;45082;2;7;1;6;1 Place Aristide Briand;47,8651230000;2,2186700000
202200022053;5;10;2022;16:50;1;50;50129;2;3;1;1;LANSONNEUR (RUE LOUIS);49,6205400000; -1,6187200000
202200022054;5;10;2022;14:37;1;49;49353;2;1;1;6;JEAN JAURES RUE;47,4430300000; -0,4962500000
202200022055;15;11;2022;18:40;5;66;66088;2;3;1;3;;42,6661320000;2,6107660000
202200022056;6;9;2022;16:30;1;42;42305;1;3;1;3;Rue Jean Perrin;45,4689990000;4,4222540000
202200022057;26;9;2022;22:50;5;38;38185;2;3;1;3;Avenue Edmond Esmonin;45,1593100000;5,7282900000
202200022058;6;11;2022;10:30;1;06;06065;2;1;1;1;Route de Saint-Jeannet;43,7350420000;7,1522340000
202200022059;30;9;2022;18:37;1;06;06117;1;1;1;7;2228 ROUTE DE CASTAGNIERS;43,8119200000;7,2272420000
202200022060;6;10;2022;08:10;1;35;35238;2;3;1;3;;48,1080360000; -1,7007360000
202200022061;5;10;2022;17:00;1;34;34032;2;2;1;7;MISTRAL FREDERIC (BD);43,3449600000;3,2199300000
202200022062;3;11;2022;21:00;3;04;04242;1;1;2;1;D13;43,8974010000;5,8367760000
202200022063;6;10;2022;22:15;5;33;33063;2;1;1;6;Quai Louis XVIII;44,8434600000; -0,5702000000
202200022064;6;10;2022;10:43;1;33;33281;2;2;8;3;Avenue des Eyquems;44,8289900000; -0,6267100000
202200022065;15;11;2022;16:10;1;38;38019;1;1;8;2;PK 12.350 AUTOROUTE A7 NORD/SUD;45,4212420000;4,8276220000
202200022066;5;10;2022;17:30;1;33;33281;2;2;1;3;Avenue Maurice Levy;44,8506500000; -0,6785100000
202200022067;8;11;2022;18:00;3;21;21038;1;1;1;6;Rue des Granges Hautes;47,1806670000;5,4117970000
202200022068;6;10;2022;00:20;3;31;31565;1;1;1;7;D 39;43,0779530000;0,7081980000
202200022069;14;11;2022;17:00;3;67;67336;1;1;1;7;D788;48,4438250000;7,7004990000
202200022070;15;9;2022;14:00;1;30;30028;2;3;1;3;;44,1567000000;4,6233000000
202200022071;6;10;2022;08:20;2;30;30007;2;9;1;6;TALABOT (BOULEVARD);44,1269858428;4,0879822522
202200022072;15;11;2022;17:45;5;38;38059;2;1;1;6;Route Napoléon;45,1270430000;5,7784730000
202200022073;6;10;2022;08:03;2;29;29019;2;6;1;3;rue Victor Hugo;48,3915115440; -4,4805014133
202200022074;13;11;2022;10:15;1;69;69273;2;1;1;2;Rue de la République;45,6710520951;4,8986220360
202200022075;5;10;2022;12:15;1;27;27375;2;3;1;3;CROS (RUE CHARLES);49,2308500000;1,1695700000
202200022076;15;11;2022;18:00;2;16;16406;1;1;2;1;D6;45,7097300000;0,4138560000
202200022077;14;11;2022;10:35;1;33;33056;2;1;2;1;Lycée Jean Monnet (École);44,9159820000; -0,6346860000
202200022078;28;10;2022;16:15;1;85;85092;2;6;1;6;Place de l'ouillette;46,4641390000; -0,7926950000
202200022079;14;11;2022;01:30;3;61;61357;2;1;2;6;le bourg;48,5469340000; -0,0822370000
202200022080;15;11;2022;13:20;1;22;22070;2;1;1;6;Route de Corlay;48,5545251296; -3,1500110328
202200022081;15;11;2022;18:20;3;62;62793;1;1;8;2;D57;50,4193270000;2,6345020000
202200022082;15;11;2022;15:35;1;59;59399;1;1;2;1;1356 Route d'Hazebrouck;50,7318160000;2,6493490000
202200022083;14;11;2022;17:31;5;13;13210;1;1;1;2;A507 sens Marseille - Aubagne;43,2891000000;5,4248000000
202200022084;12;11;2022;11:47;1;57;57683;1;1;8;2;Autoroute A30;49,2979000000;6,1496900000
202200022085;14;11;2022;09:15;1;33;33318;1;1;3;3;AUTOROUTE A 63;44,7838000000; -0,6312000000
202200022086;14;11;2022;09:10;1;33;33162;1;1;3;3;ROCADE A 630;44,8781940000; -0,6304150000
202200022087;10;11;2022;17:18;2;59;59343;1;1;1;2;AUTOROUTE A1;50,5876541542;3,0946918048
202200022088;14;11;2022;12:30;1;91;91434;1;1;1;3;AUTOROUTE A6;48,6681700000;2,3549200000
202200022089;14;11;2022;10:08;1;91;91161;1;1;5;3;AUTOROUTE A6;48,6994600000;2,3121800000
202200022090;14;11;2022;07:55;2;94;94034;1;1;1;3;AUTOROUTE A86;48,7579800000;2,3270500000
202200022091;14;11;2022;01:40;3;91;91161;1;1;1;2;AUTOROUTE A6;48,7172900000;2,3098300000
202200022092;14;11;2022;17:55;3;92;92036;1;1;1;4;A86;48,9353585481;2,2851630231
202200022093;13;11;2022;18:05;3;78;78140;1;1;1;7;A13;48,9584360000;1,9336380000
202200022094;13;11;2022;18:00;3;92;92047;1;1;1;2;A13;48,8350422017;2,1744212904
202200022095;13;11;2022;18:00;3;78;78043;1;1;1;6;A12 W;48,8413100000;2,0940110000
202200022096;13;11;2022;11:15;1;78;78007;1;1;1;4;A13W;48,8953200000;2,0071600000
202200022097;14;11;2022;16:50;1;95;95527;1;1;1;6;A1;49,0009270000;2,5226210000
202200022098;12;11;2022;23:45;5;93;93066;1;1;1;5;AUTOROUTE A1;48,9047800000;2,3584000000
202200022099;14;11;2022;10:00;1;77;77373;1;1;5;6;RN104;48,8027050000;2,6266810000
202200022100;20;8;2022;20:00;1;22;22113;1;1;1;2;R.D.767;48,7153100000; -3,3982500000
202200022101;13;11;2022;19:15;5;988;98818;2;1;1;6;RUE JULES GARNIER; -22,2909600000;166,4398900000
202200022102;12;11;2022;15:51;1;974;97407;2;1;1;6;MASCAREIGNES(BOULEVARD); -20,9331400000;55,3091500000
202200022103;13;11;2022;08:00;1;69;69388;2;1;8;2;Cours Albert Thomas;45,7462440119;4,8690133542
202200022104;12;11;2022;10:25;1;972;97213;1;1;1;6;ROUTE DEPARTEMENTALE 3;14,6450900000; -60,9906800000
202200022105;11;11;2022;21:10;5;972;97213;1;1;1;2;ROUTE NATIONALE 1;14,6214400000; -60,9918400000
202200022106;13;11;2022;10:45;1;972;97209;2;9;1;3;SOLEIL LEVANT (BOULEVARD DU);14,6226300000; -61,0389400000
202200022107;12;11;2022;10:58;1;972;97209;2;1;1;6;REDOUTE (ROUTE DE LA);14,6286800000; -61,0562500000
202200022108;12;11;2022;19:50;5;91;91191;2;3;1;3;REPUBLIQUE (AVENUE DE LA);48,7207550000;2,4511890000
202200022109;13;11;2022;08:30;1;91;91286;2;9;9;7;1ERE ARMEE (AVENUE);48,6504800000;2,3907900000
202200022110;13;11;2022;10:00;1;77;77237;2;1;7;6;D10;48,8414600000;2,7518200000
202200022111;12;11;2022;22:30;5;76;76217;1;1;1;6;ESCARPE (RUE DE L');49,9052501556;1,0868622663
202200022112;13;11;2022;03:45;5;71;71153;2;5;5;7;MARECHAL FOCH (RUE);46,8057100000;4,4336600000
202200022113;13;11;2022;07:10;1;71;71475;2;1;1;3;GIVRY (ROUTE DE );46,7739000000;4,8183000000
202200022114;13;11;2022;14:00;1;69;69256;2;2;8;1;Rue Cuzin;45,7754900000;4,9174100000
202200022115;8;11;2022;20:00;5;69;69199;2;2;1;3;Rue Marcel Sembat;45,7116900000;4,8426400000
202200022116;13;11;2022;16:00;1;69;69029;2;1;1;3;Boulevard de l'Université;45,7241300000;4,9171000000
202200022117;30;1;2022;16:30;1;91;91432;2;2;1;3;RUE LAVOISIER;48,6961220000;2,3302860000
202200022118;12;11;2022;15:50;1;69;69290;2;1;1;2;Chemin de Saint Bonnet de Mure;45,6923400000;4,9627200000
202200022119;29;1;2022;09:30;1;73;73065;2;6;8;6;CHEVALLIER PAUL (PLACE);45,5662644715;5,9340481460
202200022120;10;11;2022;08:30;1;68;68066;2;1;1;3;ALSACE (RUE D');48,0809900000;7,3641000000
202200022121;30;1;2022;13:40;1;71;71306;2;1;8;1;ANATOLE FRANCE (RUE);46,6889500000;4,3494200000
202200022122;30;1;2022;16:10;1;69;69029;2;3;1;2;286 Route de Genas;45,7508258284;4,9085417390
202200022123;13;11;2022;16:25;1;64;64445;2;3;1;3;BERLIOZ;43,3169300000; -0,3441600000
202200022124;25;1;2022;08:35;2;69;69290;2;3;1;6;Rue Jules Ferry;45,6965300000;4,9476500000
202200022125;12;11;2022;15:30;1;60;60057;2;1;5;6;Avenue Montaigne;49,4110100000;2,1084400000
202200022126;28;1;2022;17:20;2;69;69256;2;2;1;5;Avenue Salvador Allende;45,7807900000;4,9235900000
202200022127;29;1;2022;18:00;2;64;64545;2;6;8;3;RD810;43,3632500000; -1,6918900000
202200022128;12;11;2022;16:30;2;60;60057;2;1;5;2;Rue de Tillé;49,4492430000;2,0855050000
202200022129;30;1;2022;04:27;5;59;59279;2;1;1;6;NEUVILLE (ROUTE DE);50,7655600000;3,1442100000
202200022130;13;11;2022;16:15;1;59;59599;2;2;1;3;DRAGON (RUE);50,7180890000;3,1482640000
202200022131;30;1;2022;07:22;5;59;59646;2;6;1;3;JAURES (RUE JEAN);50,6790409052;3,1363338232
202200022132;30;1;2022;05:10;5;49;49007;2;1;1;7;RAMON BOULEVARD;47,4868500000; -0,5382900000
202200022133;30;1;2022;03:35;5;38;38185;2;6;1;6;RUE FÉLIX ESCLANGON;45,1978400000;5,7096700000
202200022134;13;11;2022;12:00;1;59;59648;2;2;1;3;JAURES JEAN RUE;50,6000200000;3,0517700000
202200022135;30;1;2022;03:00;3;35;35278;1;1;2;2;RD 137;48,1829300000; -1,7201500000
202200022136;8;11;2022;16:50;1;59;59009;2;1;1;3;GUESDE JULES RUE;50,6380800000;3,1251900000
202200022137;29;1;2022;11:50;1;35;35238;2;6;1;2;Rue de Saint-Malo;48,1322900000; -1,6911000000
202200022138;13;11;2022;04:00;5;54;54482;2;4;5;7;Chemin Strategique;48,7111927296;6,2067496777
202200022139;30;1;2022;16:10;1;33;33063;2;3;1;3;Cours de Luze;44,8580083353; -0,5802988708
202200022140;13;11;2022;15:10;1;51;51454;2;1;1;2;avenue du Maréchal Juin;49,2259500000;4,0168000000
202200022141;30;1;2022;03:30;5;31;31483;2;1;5;7;ISLE (AVENUE DE L');43,1142400000;0,7263300000
202200022142;4;2;2022;15:51;1;29;29019;2;2;6;3;Rue Gustave Zédé;48,4166120000; -4,4631000000
202200022143;13;11;2022;17:55;2;44;44109;2;1;1;3;33 Rue Félix Lemoine;47,2366800000; -1,5459000000
202200022144;10;10;2022;10:35;1;42;42275;2;1;1;6;Avenue Albert Raimond;45,4789000000;4,3591800000
202200022145;30;1;2022;18:55;5;26;26362;2;1;1;3;GAMBETTA AVENUE (303);44,9310200000;4,8866200000
202200022146;13;11;2022;16:40;1;41;41212;1;9;1;6;PERRIERES (RUE DES);47,5688500000;1,3677900000
202200022147;28;1;2022;13:05;1;14;14536;2;9;8;3;Avenue des Hauts Bords;49,3996280000;0,2436550000
202200022148;28;1;2022;12:20;1;10;10387;2;1;1;6;GENERAL CHARLES DELESTRAIN (RUE);48,2911500000;4,0710900000
202200022149;13;11;2022;14:40;1;38;38185;2;2;1;3;BOULEVARD MARÉCHAL FOCH;45,1807200000;5,7195600000
202200022150;30;1;2022;13:10;1;06;06088;2;2;1;5;RAIBERTI (R.);43,7106500000;7,2635600000
202200022151;13;11;2022;21:05;5;37;37233;2;3;1;6;CACHIN (RUE MARCEL);47,3977863676;0,7500261068
202200022152;30;1;2022;13:52;1;06;06030;2;1;1;3;DOUMER (BOULEVARD PAUL);43,5677200000;7,0152500000
202200022153;13;11;2022;20:00;3;35;35238;1;1;1;2;N136;48,0803000000; -1,6774100000