Num_Acc;jour;mois;an;hrmn;lum;dep;com;agg;int;atm;col;adr;lat;long
202200022154;29;1;2022;18:20;3;03;03101;1;1;2;6;CD 916;46,3566793040;2,5701357361
202200022155;13;11;2022;16:20;1;33;33249;2;1;1;1;Ccial Quatre Pavillons;44,8648400000; -0,5191300000
202200022156;30;1;2022;16:45;1;75;75105;2;3;1;3;BOULEVARD SAINT GERMAIN;48,8513030000;2,3435270000
202200022157;30;1;2022;15:45;1;75;75120;2;2;1;6;AVENUE GAMBETTA;48,8665300000;2,3999140000
202200022158;13;11;2022;06:10;5;33;33063;2;4;1;1;Quai Sainte-Croix;44,8317900000; -0,5588000000
202200022159;30;1;2022;16:00;1;75;75118;2;3;1;3;RUE DE LA LOUISIANE;48,8906980000;2,3623040000
202200022160;30;1;2022;00:45;5;75;75117;2;2;2;6;AVENUE DES TERNES;48,8807060000;2,2852880000
202200022161;13;11;2022;16:10;1;33;33529;1;1;1;5;RD 1250 (OUSTALET - BONNEVAL);44,6146100000; -1,1444200000
202200022162;30;1;2022;13:45;1;75;75116;2;2;1;3;AVENUE DE MALAKOFF;48,8750910000;2,2839760000
202200022163;30;1;2022;15:20;1;75;75114;2;1;1;6;BOULEVARD BRUNE;48,8278780000;2,3048080000
202200022164;13;11;2022;11:42;1;31;31555;2;1;1;6;FENOUILLET (CHE DE) DU 8AU 201;43,6529400000;1,4123000000
202200022165;13;11;2022;02:24;5;31;31555;1;9;1;3;A624 (PURPAN);43,6052850000;1,3967700000
202200022166;30;1;2022;14:35;1;75;75112;2;1;7;4;AVENUE DE SAINT MAURICE;48,8290160000;2,4198000000
202200022167;30;1;2022;11:00;1;75;75108;2;2;1;3;RUE DE ROME;48,8780530000;2,3226180000
202200022168;29;10;2022;00:50;3;22;22113;2;1;2;2;TREBEURDEN (ROUTE DE);48,7488000000; -3,4878790000
202200022169;30;1;2022;21:35;5;94;94074;2;1;1;1;Rue du Colonel Fabien;48,7476803033;2,4675258285
202200022170;11;11;2022;18:37;2;18;18213;1;6;1;7;;47,0972500000;2,4556000000
202200022171;30;1;2022;04:00;5;93;93071;2;5;1;3;PETITS PONTS (ROUTE DES);48,9502600000;2,5233000000
202200022172;13;11;2022;20:38;5;14;14220;2;1;1;2;Avenue Florian de Kergorlay;49,3547100000;0,0700430000
202200022173;30;1;2022;06:40;5;93;93048;2;1;1;3;SAULES CLOUETS (RUE DES);48,8745710000;2,4531700000
202200022174;13;1;2022;00:30;5;93;93001;2;9;1;6;HELENE COCHENNEC (RUE);48,9190443771;2,3977757553
202200022175;13;11;2022;16:25;1;13;13201;2;3;1;3;LÉON GAMBETTA (ALLEE);43,2991000000;5,3816300000
202200022176;30;1;2022;21:00;5;93;93047;2;3;1;3;DANIEL PERDRIGE  (AVENUE);48,8954500000;2,5590700000
202200022177;13;11;2022;01:05;5;13;13216;2;1;1;7;ESTAQUE PLAGE;43,3599800000;5,2938800000
202200022178;30;1;2022;17:17;1;93;93007;2;2;1;1;JULES GUESDE (AVENUE);48,9439490000;2,4457900000
202200022179;13;11;2022;22:45;3;13;13098;1;1;1;7;ARNAUD  CHEMIN DE LA COLLE D';43,4428714969;5,0274715182
202200022180;29;1;2022;22:25;5;92;92050;2;1;8;1;FAURE FELIX AVENUE;48,8847838761;2,2169280946
202200022181;13;11;2022;11:25;1;12;12013;1;1;1;2;Lieu dit Plégat;44,5543700000;2,2854900000
202200022182;30;1;2022;16:00;1;83;83058;1;1;1;3;RD 557 PK 19+800;43,5408214802;6,3748047351
202200022183;29;1;2022;16:09;1;84;84088;1;4;1;3;Route de Carpentras à Vénasque;44,0273220000;5,0944320000
202200022184;12;11;2022;14:10;1;12;12100;1;2;1;3;Lieu Dit Ruau Bas;44,5468000000;2,3009700000
202200022185;11;11;2022;20:49;5;78;78146;2;7;1;6;LARCHER (AVENUE);48,8862300000;2,1555600000
202200022186;30;1;2022;15:15;1;68;68250;1;3;1;3;D505;47,9413753908;7,2367182747
202200022187;28;1;2022;08:40;2;95;95487;2;6;2;6;RD 4;49,1570066674;2,2630012035
202200022188;12;11;2022;13:00;1;54;54184;2;2;8;6;BRIGACHTAL (AVENUE DE);48,7005819115;6,2246400118
202200022189;30;1;2022;12:30;1;972;97232;1;1;1;3;N6;14,5719900000; -60,8608460000
202200022190;13;11;2022;16:20;2;75;75114;2;1;1;3;PORTE DE GENTILLY;48,8162900000;2,3457770000
202200022191;13;11;2022;08:35;1;75;75117;2;1;1;3;PORTE DE SAINT OUEN;48,9006450000;2,3247300000
202200022192;28;1;2022;08:10;2;22;22193;1;1;8;2;RN12;48,4226998576; -2,4520327584
202200022193;31;1;2022;15:35;1;2B;2B009;1;1;1;3;RT 10;42,0821240000;9,4845270000
202200022194;13;11;2022;07:10;2;75;75114;2;1;1;6;PORTE DE VANVES;48,8234250000;2,3102740000
202200022195;31;1;2022;10:43;1;59;59209;2;1;1;6;15 Rue de Walincourt;50,0993160000;3,3130220000
202200022196;31;1;2022;08:15;2;56;56026;2;1;1;6;Rue de la République;47,9621480000; -3,1749290000
202200022197;12;11;2022;15:00;1;75;75119;2;1;1;4;PORTE DE PANTIN;48,8909580000;2,3960330000
202200022198;28;1;2022;11:00;1;2A;2A130;1;3;1;1;RD 555;41,8977850000;8,8288180000
202200022199;12;11;2022;12:10;1;75;75120;2;1;1;4;PORTE DE BAGNOLET;48,8599300000;2,4139820000
202200022200;30;1;2022;14:00;1;42;42219;1;1;1;6;Route de Boën;45,7382820000;4,0754340000
202200022201;30;1;2022;09:00;1;34;34205;1;1;9;6;D142;43,7878030000;3,2434670000
202200022202;13;11;2022;09:46;1;75;75116;2;7;1;3;RUE CLAUDE FARRERE;48,8423620000;2,2515010000
202200022203;31;1;2022;08:15;1;25;25321;1;1;4;3;Rue du Neuf Clos;47,0427680000;6,7029080000
202200022204;12;11;2022;13:30;1;75;75112;2;1;1;5;BOULEVARD DIDEROT;48,8479350000;2,3919880000
202200022205;29;1;2022;21:45;3;35;35306;1;2;1;1;beaulieu;48,5863002395; -1,9082616270
202200022206;30;1;2022;00:30;3;31;31117;1;1;5;7;Route de Gragnague D20;43,6903540000;1,5653370000
202200022207;12;11;2022;23:45;5;75;75108;2;3;1;2;BOULEVARD HAUSSMANN;48,8726630000;2,3352260000
202200022208;30;1;2022;21:28;3;38;38002;1;1;1;6;D281;45,2606270000;5,9970870000
202200022209;13;11;2022;03:20;5;75;75115;2;2;1;3;RUE DE LA CROIX NIVERT;48,8423470000;2,2941870000
202200022210;29;1;2022;19:45;3;14;14398;1;4;2;1;D45;49,1843590000;0,1752210000
202200022211;31;1;2022;05:00;3;50;50144;1;1;1;6;La Duquerie;48,7677860000; -1,0770440000
202200022212;13;11;2022;08:45;1;75;75104;2;7;1;3;PLACE DE L HOTEL DE VILLE;48,8560830000;2,3507030000
202200022213;29;1;2022;00:00;3;40;40103;1;1;5;6;583 route de Villeneve;43,9393930000; -0,3655370000
202200022214;31;1;2022;08:50;1;27;27290;1;2;1;3;carrefour D24 et D25;49,1300320000;0,7923460000
202200022215;12;11;2022;22:00;3;93;93073;2;2;8;3;Cours de la Republique / Avenue de la Resistance;48,9495290000;2,5652630000
202200022216;29;1;2022;11:00;1;30;30321;2;6;1;6;D6110;43,7787000000;4,0863000000
202200022217;13;11;2022;15:10;1;93;93053;2;1;1;6;Rue de la Pointe;48,8940900000;2,4393600000
202200022218;30;1;2022;03:45;4;35;35353;1;6;5;6;D288;48,1213530000; -1,7742170000
202200022219;30;1;2022;15:50;1;987;98715;2;1;1;1;Pk 3.800 quartier OUTUARAEA; -17,5845220000; -149,5685780000
202200022220;12;11;2022;22:40;5;93;93048;2;2;1;2;Rue Raspail / Rue Francois Arago;48,8531760000;2,4278270000
202200022221;30;1;2022;18:35;5;34;34213;1;1;1;6;A9 sortie N°33;43,4775960000;3,6850820000
202200022222;30;1;2022;15:25;1;987;98714;2;1;1;3;RT 101 - VAITAPE; -16,5037640000; -151,7512590000
202200022223;13;11;2022;14:10;1;93;93027;2;1;1;2;Avenue Marcel Cachin;48,9291500000;2,3966400000
202200022224;31;1;2022;07:30;1;976;97608;2;1;1;3;Boulevard des Crabes; -12,7877590000;45,2643800000
202200022225;13;11;2022;18:30;5;93;93005;2;2;1;3;Rue Henri Matisse / Rue des Poissons;48,9574330000;2,5039770000
202200022226;30;1;2022;15:16;1;974;97417;1;1;1;5;route des laves enclos du grand brulé; -21,2773780000;55,7943250000
202200022227;2;11;2022;16:35;1;92;92073;2;1;1;3;SELLIER (BOULEVARD HENRI);48,8675662279;2,2263595462
202200022228;27;1;2022;06:25;3;973;97305;1;1;3;1;Route Nationale 1;4,9613250000; -52,4331520000
202200022229;30;1;2022;21:00;5;971;97131;2;1;1;7;Rue la Savane;15,8633780000; -61,5839860000
202200022230;13;11;2022;18:15;2;92;92012;2;4;1;2;GENERAL LECLERC (AVENUE DU) 35/FIN - 60/;48,8298617383;2,2310931086
202200022231;13;11;2022;20:55;3;974;97415;1;1;1;7;Route de la Maison Blanche; -21,0453890000;55,2876560000
202200022232;31;1;2022;14:50;1;971;97121;1;3;1;3;RN2 Les plaines;16,2228900000; -61,7844750000
202200022233;13;11;2022;18:50;3;24;24462;1;2;1;6;D709;45,0258740000;0,3464560000
202200022234;31;1;2022;06:25;3;34;34344;1;1;1;7;D62;43,5695450000;4,0729740000
202200022235;12;11;2022;14:50;1;42;42338;2;1;1;6;87 route de roanne;46,0999670000;4,1168150000
202200022236;30;1;2022;19:00;3;55;55546;1;1;1;6;D981;49,5265608336;5,4194289864
202200022237;31;1;2022;13:10;1;07;07159;1;6;1;1;;44,5628330000;4,4740430000
202200022238;13;11;2022;16:00;1;71;71497;1;1;1;3;A40 PK 204.400;46,3391100000;4,8497290000
202200022239;17;1;2022;17:00;1;59;59268;2;6;1;3;Rue de la lys;50,6343808793;2,7361978590
202200022240;14;11;2022;08:15;1;28;28127;1;2;5;3;D941;48,2379080000;1,2766460000
202200022241;29;1;2022;23:30;5;13;13202;2;1;1;2;TVPCM-Sens Saint Victor vers Les Ports;43,3035500000;5,3667700000
202200022242;14;11;2022;10:10;1;62;62634;1;1;7;6;D230;50,9308270000;2,0209410000
202200022243;30;1;2022;18:00;3;94;94076;1;1;1;3;AUTOROUTE A6B;48,7863600000;2,3467300000
202200022244;29;1;2022;22:55;3;91;91179;1;1;2;2;AUTOROUTE A6;48,5689700000;2,4711100000
202200022245;14;11;2022;08:39;1;21;21485;1;1;1;4;A38 - PK035+500;47,3375470000;4,9637570000
202200022246;29;1;2022;12:30;1;94;94038;1;1;8;4;AUTOROUTE A6A;48,7757400000;2,3464400000
202200022247;10;11;2022;15:44;1;06;06095;2;1;7;3;37 Avenue de Boutiny;43,6413800000;6,8787190000
202200022248;30;1;2022;12:30;1;78;78423;1;1;1;2;A12 Y;48,7911450000;2,0388620000
202200022249;14;11;2022;16:35;1;72;72008;1;1;1;3;Rue Maurice Trintignant;47,9501600000;0,1952900000
202200022250;30;1;2022;06:10;3;78;78466;1;1;1;2;A13;48,9320150000;1,9766870000
202200022251;30;1;2022;21:50;3;95;95277;1;1;1;2;A1;48,9766300000;2,4919390000
202200022252;13;11;2022;18:40;3;83;83096;1;1;1;5;;43,4686780000;5,7821010000
202200022253;30;1;2022;14:05;1;92;92036;1;1;1;3;AUTOROUTE A15;48,9435648403;2,2873895243
202200022254;12;11;2022;10:45;1;76;76094;2;2;5;3;Rue de l'Eglise;49,5398760000;1,2762700000
202200022255;30;1;2022;00:40;3;93;93053;1;1;1;1;AUTOROUTE A3;48,8958375835;2,4707170752
202200022256;13;11;2022;17:20;3;2A;2A008;1;1;1;6;D555;41,8694250000;8,8035360000
202200022257;14;11;2022;08:45;1;82;82134;1;1;1;6;Vieille Route de saint etienne;44,0554370000;1,4867000000
202200022258;29;1;2022;00:10;3;95;95256;1;1;1;5;RN 184;49,0569716697;2,2069054842
202200022259;13;11;2022;00:30;5;71;71056;2;1;1;6;155 Route du Bourg;46,6452270000;5,1685680000
202200022260;30;1;2022;20:00;3;94;94017;1;1;1;2;A86.INT;48,8297175111;2,4830468102
202200022261;10;11;2022;06:40;2;47;47022;2;1;5;6;D118e;44,2488880000;0,4128890000
202200022262;30;1;2022;05:30;3;94;94069;1;1;8;4;A4;48,8173704442;2,4286139539
202200022263;29;1;2022;02:32;5;94;94017;1;9;1;7;A4;48,8274900000;2,5098700000
202200022264;14;11;2022;07:45;2;22;22251;1;2;2;3;La croix doméon;48,5545800000; -2,8271420000
202200022265;13;11;2022;15:40;1;29;29013;1;1;1;1;D785;48,3726290000; -3,9469240000
202200022266;29;1;2022;02:50;5;93;93073;2;6;2;4;RESISTANCE (RUE DE LA);48,9463000000;2,5670500000
202200022267;14;11;2022;19:20;3;29;29228;1;1;1;6;Lieu Dit Kerforn;48,0299877857; -4,6192395687
202200022268;29;1;2022;19:35;5;76;76540;2;2;2;6;Boulevard de l’Europe;49,4322200000;1,0788100000
202200022269;29;1;2022;13:30;1;974;97409;2;1;1;7;Grand Canal ( chemin); -20,9562300000;55,6874100000
202200022270;29;9;2022;08:47;1;38;38511;1;1;1;4;la Frette;45,3395870000;5,9417870000
202200022271;28;1;2022;23:40;5;973;97302;2;2;1;3;VOLTAIRE(AVENUE);4,9423588389; -52,3224440217
202200022272;29;1;2022;20:15;5;69;69034;2;1;1;2;70 Montée des Soldats;45,7974100000;4,8529100000
202200022273;14;11;2022;08:44;1;85;85302;1;1;3;4;d160 PR 003+700;46,9768000000; -0,9625000000
202200022274;30;1;2022;00:45;5;2A;2A004;2;6;1;6;GEORGES POMPIDOU AVENUE;41,9298100000;8,7572700000
202200022275;14;11;2022;02:50;3;58;58142;1;9;1;7;Pont de Magny;46,9816430000;3,7248210000
202200022276;29;1;2022;14:20;1;2A;2A004;2;3;1;3;MADAME MERE BD;41,9143500000;8,7248200000
202200022277;13;11;2022;19:30;3;58;58273;1;1;1;7;CD 981;46,9568530000;3,2516960000
202200022278;29;1;2022;01:00;3;77;77249;1;1;1;2;RTE NATIONALE N 4;48,7690800000;2,6387000000
202200022279;9;11;2022;20:50;5;14;14570;2;1;1;1;D135;49,0670463484;0,3144748159
202200022280;13;11;2022;15:15;1;64;64433;2;1;1;3;Route de Bedous;42,9953690000; -0,6140540000
202200022281;29;1;2022;17:45;2;71;71270;1;9;8;2;JULIENAS (ROUTE DE);46,2757400000;4,7864900000
202200022282;29;1;2022;07:15;3;71;71445;1;1;1;1;RN 80;46,7722200000;4,8730200000
202200022283;13;11;2022;23:15;3;73;73084;1;1;1;2;D1006;45,5067040000;6,0265750000
202200022284;30;1;2022;00:55;5;69;69264;2;2;1;3;Rue Nationale;45,9898100000;4,7186900000
202200022285;13;11;2022;07:30;2;43;43047;1;1;1;7;Onzillon;44,9467240000;3,9273070000
202200022286;12;11;2022;22:30;3;53;53039;1;1;5;7;D30;48,1688810000; -0,9773150000
202200022287;29;1;2022;10:00;1;64;64445;2;1;7;3;Cours Léon Bérard;43,3121900000; -0,3674100000
202200022288;29;1;2022;02:15;5;64;64122;2;1;1;7;Avenue Beaurivage;43,4748700000; -1,5663800000
202200022289;13;11;2022;20:50;3;21;21429;1;1;1;6;D980;47,5908540000;4,3323250000
202200022290;29;1;2022;21:15;5;64;64024;2;1;5;7;Rue de Chassin;43,4907600000; -1,5289700000
202200022291;29;1;2022;19:45;5;59;59599;2;1;1;6;GALILEE (CHAUSSEE);50,7156745763;3,1635426879
202200022292;14;11;2022;18:30;3;27;27224;1;1;1;3;D133;49,1240930000;0,8670830000
202200022293;29;1;2022;11:00;1;59;59350;2;2;2;3;BAPAUME RUE DE;50,6195006500;3,0580508709
202200022294;23;10;2022;02:30;3;37;37263;2;1;2;1;65 Rue du Veaugaudet;47,2750108151;0,8349126577
202200022295;29;1;2022;21:35;5;51;51172;1;6;2;7;Voie Verte;49,2200404832;4,0639114380
202200022296;13;11;2022;19:05;5;08;08406;2;3;1;3;7 Bagot Centre;49,3705870000;4,7096180000
202200022297;29;1;2022;19:10;5;51;51454;2;1;2;2;Boulevard Pommery;49,2550000000;4,0550000000
202200022298;12;11;2022;17:05;2;79;79048;1;1;1;2;;46,3464980000; -0,2963730000
202200022299;29;1;2022;19:12;5;49;49007;2;1;1;3;BOUCHEMAINE ROUTE;47,4519300000; -0,5709500000
202200022300;29;1;2022;19:25;5;45;45338;2;1;2;2;Rue Rene Grognet;47,9870602007;2,7148354053
202200022301;24;1;2022;07:40;2;42;42186;2;3;1;6;Rue Léon Marrel;45,5272971464;4,6173814684
202200022302;13;11;2022;22:25;3;72;72070;1;1;5;4;a81;48,0100707077; -0,1112759115
202200022303;30;1;2022;00:20;5;28;28404;2;1;9;2;DUPUIS (RUE LUCIEN);48,7262400000;1,3615700000
202200022304;29;1;2022;18:45;5;28;28085;2;9;1;1;PEGUY (BOULEVARD CHARLES);48,4398100000;1,4827400000
202200022305;13;11;2022;16:48;1;72;72168;1;1;1;4;a81;48,0070344973; -0,1625168326
202200022306;29;1;2022;12:20;1;27;27229;2;1;1;2;NATIONALE 13 (ROUTE);49,0154900000;1,1790900000
202200022307;13;11;2022;21:15;3;42;42155;1;1;5;6;A72;45,8117520000;4,1181990000
202200022308;28;1;2022;11:40;1;26;26198;2;3;1;3;PERDIGUIER (Avenue Agricole);44,5717400000;4,7431200000
202200022309;11;11;2022;16:45;1;23;23082;1;1;1;7;RN145;46,2204650000;1,6597510000
202200022310;29;1;2022;22:40;5;25;25056;2;2;2;6;DEUX PRINCESSES RUE DES;47,2479400000;6,0365200000
202200022311;29;1;2022;22:10;3;15;15014;2;1;1;6;GAULLE (AVENUE CHARLES DE);44,9084300000;2,4239000000
202200022312;10;11;2022;09:35;1;13;13114;1;3;1;3;Route de Berre;43,5406900000;5,2648120000
202200022313;29;1;2022;04:20;5;13;13213;2;1;1;3;JEAN PAUL SARTRE (AVENUE);43,3265500000;5,4251500000
202200022314;13;11;2022;13:30;1;13;13004;1;1;1;1;A54 gare de péage de Arles;43,6903080000;4,5444780000
202200022315;28;1;2022;22:40;5;13;13206;2;1;1;3;ROME (RUE DE);43,2896704248;5,3815718601
202200022316;13;11;2022;22:12;3;27;27065;1;1;5;2;Autoroute A13 PK 172.100 sens Province/PARIS;49,3166500000;0,3097280000
202200022317;12;11;2022;19:00;5;987;98758;1;1;2;3;PK 2.800 OUEST - RT130; -16,7440000000; -151,4600000000
202200022318;25;1;2022;11:05;1;12;12013;1;1;9;3;RUAU (COTE DE );44,5475100000;2,2942400000
202200022319;29;1;2022;16:05;1;06;06088;2;1;1;6;CANAVESE (RUE JEAN);43,7229700000;7,2489180000
202200022320;9;11;2022;16:15;1;971;97112;2;3;1;3;Avenue Sabliers Joinville;15,8802213677; -61,3104915619
202200022321;29;1;2022;17:10;1;06;06029;2;1;1;3;LEADER (BOULEVARD);43,5579310000;6,9869220000
202200022322;14;11;2022;08:20;2;95;95177;1;1;5;1;Rue de Montgeroult;49,1120760000;2,0152570000
202200022323;29;1;2022;15:55;1;06;06027;2;3;1;6;VERNE RUE JULES;43,6610900000;7,1445470000
202200022324;13;11;2022;11:30;1;13;13004;1;1;1;2;Route des Marais;43,5715580000;4,7342080000
202200022325;28;1;2022;22:45;5;01;01283;2;2;1;3;CARREFOUR RUE NICOD-C. DE VERDUN;46,2636590000;5,6511780000
202200022326;12;11;2022;18:15;5;57;57206;2;1;2;6;27 Avenue Jeanne d'Arc;49,3048980000;6,1028090000
202200022327;28;1;2022;19:15;5;75;75120;2;1;1;4;PORTE DES LILAS;48,8705360000;2,4132240000
202200022328;13;11;2022;18:10;3;07;07247;1;2;1;3;RN 102;44,5913920000;4,5420100000
202200022329;26;1;2022;14:20;1;75;75116;2;1;1;5;PORTE DE SAINT CLOUD;48,8387510000;2,2543590000
202200022330;13;11;2022;17:30;3;69;69206;1;1;5;1;Route du Beaujolais;46,0385641797;4,6782088281
202200022331;29;1;2022;16:55;1;75;75116;2;3;1;6;AVENUE DE VERSAILLES;48,8496560000;2,2760890000
202200022332;29;1;2022;07:33;5;75;75116;2;7;1;6;PLACE DU MARECHAL DE LATTRE DE TASSIGNY;48,8712730000;2,2742700000
202200022333;9;11;2022;22:40;3;69;69288;1;1;2;3;Route Départementale 306;45,6796840000;5,0708180000
202200022334;29;1;2022;18:45;5;75;75115;2;7;8;6;RUE DES ENTREPRENEURS;48,8436630000;2,2929900000
202200022335;29;1;2022;18:00;5;75;75114;2;3;1;6;RUE RAYMOND LOSSERAND;48,8326320000;2,3156710000
202200022336;14;11;2022;16:30;1;49;49023;1;6;1;3;ZI Èvre et Loire (Beaupréau);47,2114350000; -0,9816350000
202200022337;28;1;2022;20:50;5;75;75114;2;3;1;2;RUE DIDOT;48,8280950000;2,3156240000
202200022338;29;1;2022;15:50;1;75;75113;2;1;1;6;BOULEVARD MASSENA;48,8189860000;2,3603870000
202200022339;14;11;2022;07:20;2;56;56237;1;1;2;1;Ruisseau de Kerihuel;48,0279510000; -2,9559040000
202200022340;10;11;2022;13:33;1;56;56125;1;1;1;2;Le Petit Penhy;48,0725270000; -3,0224530000
202200022341;29;1;2022;12:35;1;75;75112;2;2;1;3;AVENUE DAUMESNIL;48,8486320000;2,3725800000
202200022342;25;7;2022;07:44;1;54;54184;2;1;1;2;BRIGACHTAL (AVENUE DE);48,7078227867;6,2424123287
202200022343;13;11;2022;10:40;1;29;29161;2;6;1;2;Rond Point de l'Ecole;47,9074964400; -4,0504604650
202200022344;29;1;2022;22:20;5;75;75108;2;2;1;3;COURS LA REINE;48,8649920000;2,3136820000
202200022345;13;11;2022;14:38;2;76;76666;1;1;5;6;D915;49,5717814924;1,6080379484
202200022346;29;1;2022;16:30;1;75;75108;2;2;1;6;BOULEVARD MALESHERBES;48,8777680000;2,3163200000
202200022347;14;11;2022;11:30;1;76;76434;1;1;5;2;6014;49,3864380000;1,2696930000
202200022348;29;1;2022;01:45;5;75;75108;2;2;2;3;AVENUE DES CHAMPS ELYSEES;48,8705300000;2,3052400000
202200022349;14;11;2022;08:06;1;60;60395;2;1;5;2;Boulevard de Picardie;49,2400950000;2,1286760000
202200022350;24;7;2022;11:45;1;51;51454;2;4;1;7;boulevard Dauphinot;49,2639700000;4,0575000000
202200022351;29;1;2022;18:45;5;75;75103;2;4;8;6;RUE DE TURBIGO;48,8668580000;2,3619560000
202200022352;21;7;2022;19:20;1;42;42186;2;4;1;1;Route de Saint Genis;45,5338400000;4,6076900000
202200022353;9;11;2022;13:35;1;80;80350;1;2;1;3;CARREFOUR CD 929 / CD 23;49,9593480000;2,5027640000
202200022354;29;1;2022;13:10;1;94;94068;2;2;2;2;Rue Ledru-Rollin;48,7899800000;2,4900800000
202200022355;24;7;2022;23:27;5;42;42207;2;1;1;6;Route du coin;45,4690300000;4,5372500000
202200022356;29;1;2022;14:42;1;94;94076;2;9;2;3;9bis Rue de la Chapelle;48,8005650000;2,3607460000
202200022357;12;11;2022;04:25;3;13;13211;1;1;1;2;A50-Sens Aubagne vers Marseille;43,2869700000;5,4363900000
202200022358;11;11;2022;03:20;3;69;69152;1;1;2;2;Route de Métropole 7;45,6944649319;4,8420041800
202200022359;29;1;2022;03:35;5;94;94016;2;1;2;5;80 Rue Gabriel Péri;48,7939500000;2,3438000000
202200022360;25;7;2022;14:00;1;37;37233;2;3;1;3;AUDENET (RUE MARTIN);47,3851428344;0,7110562921
202200022361;29;1;2022;22:15;5;94;94028;2;1;2;3;Rue Sully;48,7684620000;2,4735450000
202200022362;25;7;2022;18:15;1;35;35238;2;1;1;3;41°REGIMENT D'INFANTERIE (AVENUE);48,1179313900; -1,6857442260
202200022363;29;1;2022;18:00;2;94;94028;2;1;1;1;Route de Choisy;48,7843110000;2,4479290000
202200022364;13;11;2022;05:05;3;33;33080;1;1;1;5;AUTOROUTE A 62;44,7272300000; -0,5276800000
202200022365;25;7;2022;21:22;2;34;34172;2;2;1;6;Avenue de Vanières;43,5926090000;3,8524130000
202200022366;29;1;2022;10:35;1;93;93073;2;2;1;3;COLONGO (RUE PIERRE);48,9379800000;2,5773800000
202200022367;25;7;2022;20:05;1;33;33162;2;6;1;3;Avenue Jean Mermoz;44,8713692503; -0,6610921025
202200022368;29;1;2022;17:40;5;93;93032;2;6;1;3;PEPINIERE  (AVENUE DE LA);48,8785712798;2,5653834815
202200022369;29;1;2022;11:35;1;92;92072;2;1;2;7;VILLE D'AVRAY (RUE DE );48,8257870647;2,2066211700
202200022370;13;11;2022;02:46;5;33;33249;1;1;1;4;ROCADE A 630;44,8793903273; -0,5267000198
202200022371;23;7;2022;20:25;1;30;30007;2;1;1;1;MAS D'HOURS (QUAI DU);44,1090400000;4,0958600000
202200022372;29;1;2022;06:30;5;92;92033;2;1;2;6;GRANDE RUE;48,8431963582;2,1942222565
202200022373;29;1;2022;21:25;5;92;92049;2;3;8;7;MULIN RUE HIPPOLYTE;48,8111300000;2,3104900000
202200022374;29;1;2022;22:10;3;71;71214;1;1;2;6;Route de Joncy;46,6474920000;4,5653560000
202200022375;24;5;2022;15:00;1;13;13208;2;1;1;2;GRAND LARGE (PROMENADE DU);43,2415975473;5,3639687621
202200022376;13;11;2022;13:00;1;91;91064;1;9;1;4;RN 118;48,7538100000;2,2234000000
202200022377;21;7;2022;16:40;1;27;27701;2;1;1;4;D6154;49,2420600000;1,1876800000
202200022378;25;1;2022;18:25;2;31;31454;1;1;1;6;Route de la Barthe;43,4038940000;1,0872600000
202200022379;30;1;2022;01:30;5;28;28095;2;1;2;6;Rue des 2 Communes;48,3946400000;1,3186580000
202200022380;13;11;2022;03:45;3;93;93078;1;9;5;2;AUTOROUTE A104;48,9585723695;2,5335434729
202200022381;25;7;2022;13:20;1;27;27306;2;9;1;3;SAINT ANDRE (ROUTE DE);49,0089500000;1,1676200000
202200022382;28;1;2022;21:20;3;29;29163;1;1;2;3;N12;48,5436030400; -3,8958549490
202200022383;24;5;2022;15:00;1;13;13201;2;3;1;3;ROME (RUE DE)        1 A 71A;43,2928000000;5,3798400000
202200022384;12;11;2022;20:45;5;93;93066;1;1;1;2;AUTOROUTE A1;48,9316724255;2,3699998856
202200022385;24;5;2022;14:30;1;13;13214;2;2;1;7;Louis VILLECROZE (Bld);43,3173144774;5,3901018929
202200022386;13;11;2022;01:00;3;94;94017;1;1;1;2;A4;48,8303228960;2,4893496496
202200022387;27;6;2022;13:40;1;17;17306;1;1;2;2;EXPRESS (VOIE);45,6346800000; -1,0138600000
202200022388;24;5;2022;10:40;1;13;13210;2;9;1;1;CAPELETTE (AVENUE DE LA);43,2800000000;5,4000000000
202200022389;11;11;2022;19:45;5;94;94022;1;1;1;2;A86 INT;48,7760142953;2,4272999132
202200022390;29;1;2022;07:10;3;19;19072;1;1;5;4;Autoroute A20 PK 262+000 , BRIVE- LIMOGES;45,2464746585;1,5210994240
202200022391;25;7;2022;11:45;1;13;13043;1;2;1;3;LINO VENTURA (AV );43,3952300000;5,2119100000
202200022392;24;5;2022;07:30;1;13;13213;2;1;1;7;ESCADRILLE NORMANDIE NIEMEN;43,3362818633;5,4100140822
202200022393;30;1;2022;14:30;1;34;34088;1;1;1;6;D114;43,5708150000;3,6793040000
202200022394;11;11;2022;14:35;1;94;94069;1;1;1;2;A4;48,8173228719;2,4244468469
202200022395;30;1;2022;01:35;3;77;77359;1;1;2;6;D372;48,4881410000;2,5733110000
202200022396;25;7;2022;18:10;1;13;13210;2;1;1;3;RABATAU (BOULEVARD);43,2785600000;5,3992400000
202200022397;24;5;2022;13:50;1;13;13047;2;1;1;2;RAYMOND FILIPPI AVENUE;43,4904400000;4,9859200000
202200022398;11;11;2022;17:50;5;987;98735;2;1;1;-1;POMARE ( BVD PARKING CLINIQUE PAOFAI); -17,5438010000; -149,5763120000