Num_Acc;jour;mois;an;hrmn;lum;dep;com;agg;int;atm;col;adr;lat;long
202200022399;29;1;2022;19:15;3;74;74256;1;1;1;6;Route de Bardet;45,9397390000;6,6110660000
202200022400;25;7;2022;19:20;1;13;13213;2;1;1;6;JEAN PAUL SARTRE (AVENUE);43,3157300000;5,4098700000
202200022401;30;1;2022;04:15;4;74;74296;2;1;8;1;D23;46,0896620000;6,0304860000
202200022402;11;11;2022;17:25;1;974;97416;1;2;1;3;LAMBRIQUET JOSEPH(RUE); -21,3308500000;55,4809500000
202200022403;25;7;2022;02:20;5;13;13204;2;1;1;7;ALEX. FLEMING (BOULEVARD);43,3165300000;5,3949600000
202200022404;25;5;2022;21:24;2;10;10387;2;1;1;6;LOMBARDS (AVENUE);48,2698000000;4,0834600000
202200022405;28;1;2022;18:40;3;65;65304;1;1;1;1;D835;43,4522650000;0,0401470000
202200022406;25;7;2022;01:00;5;13;13206;2;1;1;3;BAILLE (BOULEVARD);43,2872900000;5,3887500000
202200022407;30;1;2022;07:00;4;89;89092;2;1;5;6;44 Rue du Four;47,6340110000;4,0969860000
202200022408;25;5;2022;18:05;1;10;10297;2;1;1;3;JULES GUESDE (BDL);48,3146700000;4,0991090000
202200022409;12;11;2022;09:50;1;973;97302;1;6;3;5;MARINGOUINS (ROND-POINT);4,9077790000; -52,3220950000
202200022410;29;1;2022;05:00;5;61;61484;2;1;1;1;Rue de la Vallee;48,2640050000;0,6869030000
202200022411;25;7;2022;04:30;2;13;13001;2;1;1;7;DE LATTRE DE TASSIGNY (AV);43,5419500000;5,4322200000
202200022412;25;5;2022;11:40;1;10;10387;2;1;1;2;CARNOT (RUE);48,2969274406;4,0665292740
202200022413;30;1;2022;08:25;2;55;55490;2;1;5;6;Route Nationale;49,3273070000;5,2665760000
202200022414;16;7;2022;15:45;1;09;09122;2;1;1;6;SUD (BOULEVARD DU);42,9525560000;1,6125220000
202200022415;12;11;2022;20:15;5;69;69386;2;2;1;3;Rue Malesherbes;45,7728482811;4,8421175758
202200022416;29;1;2022;23:40;5;49;49261;2;1;1;6;rue de la gare;47,3570050000; -0,2240910000
202200022417;24;5;2022;16:39;1;10;10333;2;2;1;3;ECHENILLY (RUE);48,2804000000;4,0455000000
202200022418;12;11;2022;09:20;1;69;69383;2;1;5;6;Cours Richard Vitton;45,7541802641;4,8848189414
202200022419;29;1;2022;14:30;1;44;44069;2;1;2;7;4 Avenue Anne de Bretagne;47,3309300000; -2,4262300000
202200022420;25;7;2022;11:05;1;06;06088;2;1;1;1;COL DE BAST (CH. DU);43,7390000000;7,2419000000
202200022421;29;1;2022;14:15;1;29;29160;1;6;8;3;D788;48,4644130000; -4,4494670000
202200022422;11;11;2022;20:40;4;972;97209;1;1;1;1;MOUTTE (ROUTE DE);14,6194400000; -61,0554900000
202200022423;26;5;2022;00:22;5;06;06104;2;6;1;3;CURIE (AVENUE PIERRE);43,7584930000;7,4694390000
202200022424;30;1;2022;17:15;2;58;58238;1;1;1;2;RD 176 PR 03+260;47,0100210000;3,2142730000
202200022425;13;11;2022;01:58;5;69;69389;2;1;1;6;Quai Arloing;45,7708500000;4,8118800000
202200022426;25;7;2022;21:15;2;06;06069;2;1;1;1;DUNANT (AVENUE HENRI);43,6480700000;6,9247300000
202200022427;30;1;2022;14:30;1;06;06073;1;1;1;1;M97;44,1971410000;7,0658600000
202200022428;12;11;2022;09:45;1;95;95585;2;1;1;6;Avenue du 8 Mai 1945;48,9780460000;2,3693200000
202200022429;25;5;2022;18:50;1;06;06069;1;1;1;1;Route de PLASCASSIER;43,6420750000;6,9684350000
202200022430;24;5;2022;16:25;1;06;06069;2;1;1;7;KENNEDY (BOULEVARD DU PRESIDENT);43,6679130000;6,9284330000
202200022431;12;11;2022;18:46;5;91;91457;2;9;5;3;RTE DE LA FERTE ALAIS;48,5785000000;2,2575000000
202200022432;11;7;2022;20:15;1;06;06029;2;1;1;2;TUBY (AVENUE FRANCOIS);43,5594100000;6,9736300000
202200022433;29;1;2022;18:30;5;18;18063;1;2;1;5;Coudron;46,8619920000;2,4191970000
202200022434;23;5;2022;14:00;1;06;06029;2;1;1;3;PICAUD (AVENUE DU DOCTEUR);43,5507000000;7,0014700000
202200022435;25;7;2022;07:50;1;01;01344;2;9;7;3;;46,2001000000;5,1921700000
202200022436;12;11;2022;11:10;1;91;91312;2;1;1;4;REPUBLIQUE (AVENUE DE LA);48,7355300000;2,2282500000
202200022437;30;1;2022;00:15;5;18;18087;2;2;1;3;Place Berthe Fievet;46,8860340000;2,5756720000
202200022438;12;11;2022;06:10;5;91;91377;2;1;5;2;AV DU MARECHAL LECLERC;48,7185500000;2,2989100000
202200022439;25;5;2022;04:52;5;75;75117;2;1;1;4;BD PERIPHERIQUE INTERIEUR;48,8996850000;2,3196400000
202200022440;29;1;2022;23:32;3;16;16030;2;1;2;6;D731;45,4801970000; -0,1714580000
202200022441;13;11;2022;00:45;5;91;91201;2;1;5;7;ALL DES GRANDES PIECES;48,6813600000;2,4299600000
202200022442;25;7;2022;11:00;1;75;75119;2;2;1;6;AVENUE SECRETAN;48,8812590000;2,3732290000
202200022443;24;5;2022;16:00;1;75;75116;2;1;1;2;BD PERIPHERIQUE EXTERIEUR;48,8729060000;2,2744470000
202200022444;11;11;2022;17:12;1;91;91589;2;1;1;3;RUE LOUIS JACQUES MEZARD;48,6762500000;2,3530100000
202200022445;28;1;2022;13:20;1;37;37132;1;3;1;1;;47,1228040000;0,9713140000
202200022446;28;1;2022;20:45;5;987;98715;2;1;1;2;RT1  niveau aéroport; -17,5845220000; -149,5685780000
202200022447;25;7;2022;13:00;1;75;75116;2;2;1;6;RUE DE LA POMPE;48,8595510000;2,2752000000
202200022448;12;11;2022;15:00;1;83;83137;2;1;8;3;BRIAND (AVE ARISTIDE DE 1221 A FIN;43,1264552669;5,8998379111
202200022449;24;5;2022;17:10;1;75;75112;2;4;1;2;BD PERIPHERIQUE EXTERIEUR;48,8302064589;2,4022695422
202200022450;29;1;2022;18:25;3;74;74264;1;1;1;6;D1205;46,0623420000;6,5476750000
202200022451;11;11;2022;18:20;5;83;83061;2;1;1;3;AVENUE VICTOR HUGO;43,4262950971;6,7598662376
202200022452;24;7;2022;22:55;5;75;75115;2;2;1;3;RUE DE LA CONVENTION;48,8431080000;2,2835060000
202200022453;22;5;2022;22:45;5;75;75116;2;1;1;4;BD PERIPHERIQUE EXTERIEUR;48,8572460000;2,2584890000
202200022454;12;11;2022;15:50;1;82;82121;2;3;1;3;GARRISSON (BOULEVARD GUSTAVE);44,0169500000;1,3605300000
202200022455;29;1;2022;07:45;1;987;98748;2;1;2;1;Toahotu PK 2.600; -17,7432510000; -149,3277810000
202200022456;24;7;2022;15:30;1;75;75115;2;2;1;3;RUE DE LOURMEL;48,8466920000;2,2889160000
202200022457;12;11;2022;04:10;3;77;77296;2;1;5;6;Route d’Arvigny;48,6038400000;2,5865900000
202200022458;24;5;2022;16:53;1;75;75117;2;1;1;2;BD PERIPHERIQUE EXTERIEUR;48,8852853384;2,2870995104
202200022459;25;7;2022;00:50;5;75;75113;2;1;1;3;AVENUE PIERRE MENDES FRANCE;48,8381210000;2,3704800000
202200022460;23;5;2022;17:35;1;75;75105;2;4;8;6;RUE MONGE;48,8391435268;2,3509696126
202200022461;12;11;2022;14:45;1;77;77449;1;1;1;6;D345;48,8495500000;2,7783600000
202200022462;25;7;2022;01:45;5;75;75112;2;3;1;6;AVENUE DAUMESNIL;48,8452970000;2,3794950000
202200022463;12;11;2022;12:00;1;77;77111;2;1;1;7;CHE DES MEUNIERS;48,8817900000;2,7535600000
202200022464;24;5;2022;22:55;5;75;75106;2;1;1;6;BOULEVARD DU MONTPARNASSE;48,8443460000;2,3224290000
202200022465;29;1;2022;19:30;3;988;98814;1;1;1;2;RPI1 - Chépénéhé (Tribu); -20,7769300000;167,2097470000
202200022466;12;11;2022;03:35;5;77;77058;2;6;1;6;GRAHAN BELL  (AVENUE);48,8330600000;2,6944300000
202200022467;25;7;2022;20:00;1;75;75111;2;3;1;3;BOULEVARD DU TEMPLE;48,8645720000;2,3658350000
202200022468;30;1;2022;11:15;1;976;97615;2;6;1;3;rond point mekong; -12,7921800000;45,2802020000
202200022469;12;11;2022;13:20;1;76;76486;1;1;1;6;Rue de la Gare;49,3176812070;0,9893703461
202200022470;23;5;2022;00:14;5;75;75105;2;2;2;6;BOULEVARD SAINT GERMAIN;48,8494492478;2,3544175923
202200022471;12;11;2022;10:30;1;76;76540;2;1;8;1;Avenue de la Grand Mare;49,4433800000;1,1309400000
202200022472;25;7;2022;07:25;1;75;75111;2;2;1;2;RUE DU CHEMIN VERT;48,8603060000;2,3786630000
202200022473;28;1;2022;16:30;1;973;97311;2;1;1;3;2800 avenue christophe colomb;5,4663280000; -54,0232550000
202200022474;12;11;2022;11:15;1;71;71076;2;1;1;6;BEAUNE (PLACE DE );46,7848584613;4,8552940786
202200022475;30;1;2022;14:40;1;29;29002;1;1;1;7;D22 - Pont Kerlo;47,9060549460; -3,4210571050
202200022476;24;5;2022;11:15;1;75;75120;2;2;1;4;BOULEVARD DAVOUT;48,8559010852;2,4100694060
202200022477;25;7;2022;05:05;5;75;75111;2;4;1;6;RUE DE LA ROQUETTE;48,8581560000;2,3822040000
202200022478;12;11;2022;15:05;1;69;69286;2;1;1;6;Rue Jacques Prévert;45,8173300000;4,9018500000
202200022479;29;1;2022;18:40;3;2A;2A247;1;1;1;1;d 159;41,5800920000;9,1993980000
202200022480;24;5;2022;08:20;1;75;75120;2;2;1;6;RUE D AVRON;48,8527910000;2,4066420000
202200022481;12;11;2022;19:15;5;64;64445;2;1;1;3;boulevard d'Alsace Lorraine;43,3054400000; -0,3743600000
202200022482;24;7;2022;23:30;5;75;75110;2;7;1;3;PLACE FRANZ LISZT;48,8779070000;2,3516410000
202200022483;30;1;2022;15:45;1;42;42147;2;1;1;3;62 Rue des Grands Chênes;45,5990410000;4,0935120000
202200022484;12;11;2022;15:15;1;64;64445;2;1;1;1;rue Ronsard;43,3174100000; -0,3532200000
202200022485;25;5;2022;15:40;1;75;75119;2;1;1;3;RUE DE CRIMEE;48,8940715033;2,3730106652
202200022486;30;1;2022;17:00;1;38;38468;2;1;1;2;Route Nationale 7;45,3416720000;4,8040620000
202200022487;25;7;2022;19:00;1;75;75108;2;7;1;2;AVENUE DES CHAMPS ELYSEES;48,8734990000;2,2958740000
202200022488;12;11;2022;11:57;1;64;64445;2;3;1;3;rue de l'abbé Brémond;43,3068250000; -0,3664340000
202200022489;25;5;2022;09:15;1;75;75119;2;1;1;6;AVENUE SECRETAN;48,8820490000;2,3713940000
202200022490;25;7;2022;03:45;5;75;75115;2;3;1;3;QUAI DE GRENELLE;48,8529070000;2,2865700000
202200022491;25;5;2022;15:00;1;75;75117;2;3;1;3;BOULEVARD BERTHIER;48,8888938138;2,3012749851
202200022492;12;11;2022;09:45;1;64;64445;2;1;1;2;tunnel pont d'Espagne;43,2966200000; -0,3872300000
202200022493;24;5;2022;19:50;1;75;75117;2;4;1;3;AVENUE MAC MAHON;48,8780010000;2,2943209432
202200022494;25;7;2022;10:30;1;75;75107;2;1;1;1;QUAI BRANLY;48,8577160000;2,2915690000
202200022495;30;1;2022;08:15;1;69;69227;1;1;8;6;Route de Sainte Catherine;45,6418130000;4,5588540000
202200022496;25;5;2022;08:10;1;75;75116;2;7;1;3;PLACE CHARLES DE GAULLE;48,8740420162;2,2942382097
202200022497;25;7;2022;07:10;1;75;75102;2;7;1;2;PLACE DE LA BOURSE;48,8685390000;2,3419220000
202200022498;23;5;2022;15:00;1;75;75115;2;1;1;1;RUE DE LA CROIX NIVERT;48,8471930000;2,3005330000
202200022499;20;1;2022;18:45;5;17;17283;2;3;1;6;Rue Barthélémy Gautier;45,5734300000; -0,5553350000
202200022500;24;7;2022;16:50;1;94;94068;2;9;1;6;GUYNEMER (AV);48,7855510000;2,4826960000
202200022501;25;5;2022;17:15;1;75;75112;2;6;1;3;AVENUE DES MINIMES;48,8406834886;2,4347443879
202200022502;24;7;2022;10:05;1;94;94016;2;3;1;3;LOUIS GEORGEON (AV);48,7930900000;2,3356400000
202200022503;30;1;2022;02:10;3;50;50041;1;1;2;1;Rue Jacques Prevert;49,5948980000; -1,7697000000
202200022504;24;5;2022;13:20;1;75;75112;2;1;1;6;QUAI DE BERCY;48,8348730000;2,3810930000
202200022505;30;1;2022;20:10;3;80;80561;1;1;1;7;D935;49,6551830000;2,5703290000
202200022506;25;7;2022;14:30;1;94;94079;2;3;1;1;Rue Guillaume Bude / Avenue Emile Bernier;48,8253682291;2,5423023105
202200022507;24;5;2022;00:10;5;75;75112;2;3;8;6;RUE DE REUILLY;48,8433450000;2,3913260000
202200022508;28;1;2022;20:20;3;13;13015;1;1;1;3;A51-Sens Aix en Provence vers Marseille;43,4366400000;5,3959800000
202200022509;25;1;2022;11:50;1;13;13212;1;1;1;2;A507 sens Aubagne- Marseille;43,2977600000;5,4249700000
202200022510;24;7;2022;22:50;5;94;94071;2;3;1;3;Rue Maurice Berteaux / Rue du Grand Val;48,7738200000;2,5171600000
202200022511;25;5;2022;10:45;1;75;75111;2;2;1;3;BOULEVARD BEAUMARCHAIS;48,8558222586;2,3684991896
202200022512;28;1;2022;23:40;3;69;69297;1;1;1;2;Autoroute 7;45,6152500000;4,8098800000
202200022513;25;7;2022;20:05;1;93;93071;2;1;1;6;Avenue Berlioz;48,9381200000;2,5345900000
202200022514;29;1;2022;15:05;1;91;91434;1;1;2;2;AUTOROUTE A6;48,6693100000;2,3504600000
202200022515;24;5;2022;22:40;5;75;75111;2;3;1;3;RUE OBERKAMPF;48,8666109347;2,3812812567
202200022516;29;1;2022;01:25;3;91;91377;1;1;2;3;RD 444;48,7308200000;2,2410100000
202200022517;24;7;2022;08:50;1;93;93071;2;2;1;3;Rue d'Aulnay / Avenue John Fitzgerald Kennedy;48,9396700000;2,5126800000
202200022518;29;1;2022;15:20;1;78;78362;1;1;1;4;A13;48,9776400000;1,7119600000
202200022519;25;7;2022;14:20;1;93;93053;2;1;1;2;Rue Paul Vaillant Couturier;48,8920600000;2,4438900000
202200022520;24;5;2022;12:05;1;75;75111;2;2;1;3;RUE SAINT MAUR;48,8675100000;2,3757440000
202200022521;29;1;2022;14:40;1;78;78402;1;1;1;6;A13;48,9642850000;1,7975340000
202200022522;29;1;2022;02:20;3;78;78646;1;1;2;6;RN12;48,7931800000;2,0752900000
202200022523;24;5;2022;07:40;1;75;75111;2;1;1;6;RUE LOUIS BONNET;48,8705888999;2,3765686154
202200022524;28;1;2022;20:00;3;78;78117;1;1;1;6;RN12;48,7882170000;2,1410620000
202200022525;24;7;2022;23:00;5;93;93049;2;5;1;3;Avenue Danielle Casanova / Rue Pasteur;48,8582500000;2,5020100000
202200022526;29;1;2022;12:06;1;93;93027;1;1;1;6;AUTOROUTE A1;48,9361500000;2,4042970000
202200022527;25;5;2022;11:45;1;75;75110;2;1;1;6;RUE JEAN MOINON;48,8738338479;2,3706878722
202200022528;25;7;2022;21:50;1;93;93064;2;9;1;3;Boulevard Gabriel Péri;48,8781499554;2,4736678004
202200022529;28;1;2022;22:00;3;95;95424;1;1;1;4; A15;48,9913000000;2,1919600000
202200022530;24;5;2022;15:40;1;75;75110;2;2;1;6;RUE D HAUTEVILLE;48,8738260000;2,3505130000
202200022531;25;7;2022;20:20;1;93;93048;2;1;1;6;Avenue Walwein;48,8620410000;2,4453950000
202200022532;25;5;2022;16:45;1;75;75109;2;2;1;6;RUE DE ROCHECHOUART;48,8787555584;2,3453141749
202200022533;29;1;2022;00:40;3;60;60494;1;1;1;2;AUTOROUTE A1;49,1136530000;2,5539660000
202200022534;25;7;2022;19:05;1;93;93048;2;2;1;3;Avenue Gabriel Péri / Avenue du Président Wilson;48,8574200000;2,4400700000
202200022535;25;5;2022;09:45;1;75;75109;2;2;7;6;RUE MILTON;48,8775850000;2,3407780000
202200022536;29;1;2022;09:00;1;77;77237;1;1;8;2;A4;48,8308954163;2,7605978102
202200022537;25;7;2022;17:15;1;93;93031;2;2;1;3;Avenue Joffre / Route d'Argenteuil;48,9616600000;2,2949700000
202200022538;25;7;2022;09:06;1;93;93010;2;1;1;6;Rue Guy de Maupassant;48,8983875768;2,4929680140
202200022539;25;5;2022;02:03;5;75;75102;2;2;1;3;BOULEVARD MONTMARTRE;48,8714874858;2,3430651426
202200022540;25;5;2022;13:29;1;75;75108;2;1;1;6;RUE JEAN MERMOZ;48,8707190000;2,3114360000
202200022541;24;7;2022;17:20;1;93;93057;2;1;1;2;Avenue Aristide Briand;48,9099040000;2,5078040000
202200022542;28;1;2022;16:00;1;83;83129;2;1;1;6;DE LATTRE DE TASSIGNY (AV);43,0939930000;5,8389600000
202200022543;24;5;2022;19:30;2;75;75108;2;2;1;6;AVENUE HOCHE;48,8752039785;2,2984734178
202200022544;25;7;2022;21:00;2;92;92051;2;2;1;3;BINEAU (BOULEVARD, N°53 A 131 ET 52 A 13;48,8893427973;2,2728966772
202200022545;24;5;2022;15:59;1;75;75108;2;2;8;6;RUE DU FAUBOURG SAINT HONORE;48,8765600000;2,3016970000
202200022546;24;7;2022;13:45;1;92;92049;2;3;1;3;BROSSOLETTE AVENUE PIERRE;48,8120252647;2,3007870912
202200022547;24;5;2022;12:05;1;75;75108;2;2;1;2;RUE LA BOETIE;48,8741950000;2,3175270000
202200022548;24;5;2022;10:35;1;75;75108;2;1;1;6;AVENUE DES CHAMPS ELYSEES;48,8696790000;2,3079720000
202200022549;25;7;2022;18:04;1;92;92044;2;2;1;3;CHARLES PASQUA (QUAI) 32 A 58;48,9004272541;2,2832652926
202200022550;22;7;2022;16:45;1;65;65130;1;1;1;7;Rue du Pic du Midi;43,5702470000; -0,0087870000
202200022551;23;5;2022;18:40;1;75;75107;2;2;2;3;AVENUE DE VILLARS;48,8517660000;2,3138620000
202200022552;25;5;2022;18:12;1;75;75102;2;5;1;3;RUE REAUMUR;48,8677686587;2,3454610258
202200022553;25;7;2022;20:35;2;71;71446;1;1;1;6;Le Mont Aigu;46,5789370000;4,5281050000
202200022554;24;5;2022;16:15;1;75;75104;2;2;1;6;RUE DU RENARD;48,8583470000;2,3519360000
202200022555;25;7;2022;14:15;1;84;84027;1;4;1;2;d237 - Pk3 +310;44,0930640000;4,7623750000
202200022556;25;5;2022;14:15;1;94;94081;2;1;1;3;PAUL VAILLANT COUTURIER (AV);48,7990000000;2,4000000000
202200022557;26;7;2022;02:00;5;83;83036;2;9;1;6;381 Promenade de la Mer;43,1763670000;6,5345960000
202200022558;25;5;2022;16:23;1;94;94067;2;1;1;6;178 Avenue Gallieni;48,8465800000;2,4164700000
202200022559;20;7;2022;16:15;1;74;74112;2;2;1;3;14 Avenue des Alpes;45,9374790000;6,0780890000
202200022560;19;5;2022;18:20;1;75;75112;2;2;1;3;Avenue de Paris;48,8445511322;2,4387663603
202200022561;25;7;2022;18:00;1;51;51559;2;1;1;1;16 Avenue du Général Leclerc;49,1277630000;4,5362610000
202200022562;25;5;2022;08:20;1;94;94068;2;1;1;7;CRETEIL (BD DE);48,7981000000;2,4880000000
202200022563;1;6;2022;07:10;1;37;37188;1;1;1;2;Autoroute A10;47,0785880391;0,5863738060
202200022564;25;5;2022;19:00;1;94;94058;2;2;1;3;PIERRE BROSSOLETTE (AV);48,8350700000;2,5013100000
202200022565;26;7;2022;15:20;1;41;41278;1;1;1;1;N10;47,6617260000;0,9622610000
202200022566;25;5;2022;08:50;1;94;94058;2;1;1;3;GENERAL DE GAULLE (AV DU);48,8500800000;2,4956200000
202200022567;25;5;2022;08:15;1;94;94043;2;1;1;3;Avenue Charles Gide;48,8072500000;2,3546400000
202200022568;26;7;2022;04:30;3;51;51413;1;1;1;1;D9;49,0276650000;4,0385380000
202200022569;23;5;2022;18:45;1;94;94076;2;1;1;2;PRESIDENT ALLENDE (AV DU);48,8000000000;2,3500000000
202200022570;24;7;2022;12:15;1;59;59135;1;3;1;7;rue d'aire intersection meulen straete;50,7762873463;2,4790102243
202200022571;24;5;2022;12:25;1;94;94028;2;1;1;6;Avenue Bernard Halpern;48,7827000000;2,4589000000
202200022572;25;7;2022;20:45;2;74;74256;2;4;1;3;Route du Fayet;45,9316570000;6,6342560000
202200022573;25;5;2022;21:15;2;94;94054;2;1;1;6;Avenue Molière;48,7485874782;2,4054853973
202200022574;24;5;2022;18:15;1;94;94022;2;1;2;7;Boulevard de Stalingrad;48,7725400000;2,4002700000
202200022575;26;7;2022;14:05;1;2B;2B123;2;1;1;3;1680 avenue du 9 septembre;42,0396846866;9,4226575807
202200022576;25;5;2022;08:30;1;94;94004;2;3;1;1;Rue de Brévannes / Boulevard de la Gare;48,7501300000;2,5042400000
202200022577;26;7;2022;05:45;3;82;82135;1;1;1;1;Route de Villemur;43,8827460000;1,4460650000
202200022578;24;5;2022;17:10;1;94;94047;2;3;1;7;Rue de Verdun / Rue du 8 Mai 1945;48,7055500000;2,5529500000
202200022579;25;5;2022;21:05;1;93;93073;2;3;1;3;Route des Petits Ponts / Septieme Avenue;48,9642800000;2,5655200000
202200022580;25;7;2022;11:30;1;71;71300;1;2;1;3;RD 311 - intersection route du truchet;46,5256970000;5,3218890000
202200022581;25;7;2022;13:45;1;63;63003;1;1;1;6;le barry blanc;45,5384993410;3,7662479281
202200022582;23;5;2022;17:25;1;93;93078;2;3;1;3;Avenue Charles de Gaulle / Avenue du Général Leclerc;48,9560300000;2,5532700000
202200022583;26;7;2022;12:15;1;46;46145;1;1;1;3;Route de Martel;44,9018670000;1,4779180000
202200022584;24;5;2022;15:30;1;93;93078;2;6;1;2;Avenue Georges Clémenceau / Boulevard Robert Ballanger;48,9606269324;2,5563099235
202200022585;25;7;2022;17:35;1;44;44006;1;1;1;1;1 Route de Limarzel;47,4444560000; -2,4434120000
202200022586;24;5;2022;15:20;1;93;93072;2;3;1;1;Rue Robert Vignes / Rue Hennequin;48,9568699527;2,3792548478
202200022587;22;7;2022;16:20;1;29;29067;2;1;1;7;Hent Hanternoz;48,5205270000; -3,5904980000
202200022588;24;5;2022;13:45;1;93;93072;2;1;1;3;Avenue Aristide Briand;48,9621368505;2,3799213767
202200022589;26;7;2022;14:00;1;29;29220;1;6;1;3;Kermaria;47,8807150000; -4,2173980000
202200022590;24;5;2022;21:28;2;93;93070;2;1;1;4;Quai de Seine;48,9143100000;2,3178300000
202200022591;22;7;2022;11:50;1;02;02159;1;3;1;1;4 Route de Chauny;49,5510110000;3,2503600000
202200022592;25;5;2022;15:20;1;93;93070;2;1;1;2;Rue Albert Dhalenne;48,9148873254;2,3317220807
202200022593;25;7;2022;14:55;1;72;72386;1;6;1;7;auvours;48,0094200000;0,3059430000
202200022594;25;5;2022;13:30;1;93;93055;2;1;1;3;Avenue du Général Leclerc;48,9007202094;2,4114668369
202200022595;17;7;2022;00:05;3;06;06036;1;1;1;7;D2566;43,8295570000;7,4773880000
202200022596;26;7;2022;07:00;1;14;14316;1;1;1;6;D27;49,2653183925; -0,0407145917
202200022597;24;5;2022;09:10;1;93;93055;2;1;7;3;Avenue du Général Leclerc;48,8991334212;2,4082401395
202200022598;26;7;2022;08:25;1;50;50389;1;1;1;7;D58;49,0077560000; -1,3662740000
202200022599;25;5;2022;17:50;1;93;93048;2;1;1;6;Rue Jean Lolive;48,8678951921;2,4296666981
202200022600;24;7;2022;19:45;1;45;45313;1;1;1;6;Villesevreux ;48,0642190000;1,7946610000
202200022601;28;4;2022;16:10;1;73;73300;2;1;1;2;D1201 Boulevard Jean Charcot;45,6897200000;5,8957810000
202200022602;26;7;2022;10:05;1;43;43174;1;1;7;2;Route de Tallobre;44,9922940000;3,8301460000
202200022603;25;5;2022;08:30;1;93;93063;2;1;1;4;100 Rue de la République;48,8803645553;2,4364442378
202200022604;25;7;2022;08:55;1;40;40034;1;2;1;3;D33;43,5912840000; -1,1468110000
202200022605;24;5;2022;08:00;1;93;93032;2;9;1;6;Impasse des Jonquilles;48,8868800000;2,5442500000
202200022606;25;5;2022;17:00;1;93;93029;2;1;1;6;Avenue Henri Barbusse;48,9170982989;2,4456502497
202200022607;26;7;2022;09:50;1;04;04116;1;3;1;2;RD 4;44,0461510000;6,0193360000
202200022608;24;5;2022;11:00;1;93;93029;2;1;1;6;Avenue Henri Barbusse;48,9209400000;2,4536100000
202200022609;24;7;2022;16:30;1;27;27290;1;2;1;3;D613;49,1350590000;0,7935690000
202200022610;25;5;2022;20:20;1;93;93071;2;1;1;6;50 Avenue John Fitzgerald Kennedy;48,9413180000;2,5123940000
202200022611;24;5;2022;15:55;1;93;93001;2;1;1;3;Avenue de la République;48,9089384346;2,3868602514
202200022612;24;7;2022;15:00;1;17;17337;1;1;1;1;Chemin de la Jousseliniere;45,9752000000; -1,3204060000
202200022613;26;7;2022;10:45;1;37;37241;2;1;1;6;1 Rue de la Pichonniére;47,4471819856;0,3186061978
202200022614;24;5;2022;07:45;1;93;93001;2;2;1;3;Avenue Victor Hugo / Entrepôts et Mag Généraux;48,9025410000;2,3709230000
202200022615;24;7;2022;09:00;1;30;30062;1;1;7;7;Route Départementale 107;43,8026640000;4,1552780000
202200022616;26;7;2022;02:00;3;13;13050;1;1;1;7;Route de Charleval;43,6633310000;5,2620010000
202200022617;24;5;2022;16:30;1;92;92078;2;1;1;2;GALLIENI (BD) (1 A 79 ET 22 A 102);48,9277560000;2,3308650000
202200022618;8;5;2022;12:00;1;92;92078;2;1;1;6;VERDUN (AVENUE) (PAIRS 2 A 38);48,9356775480;2,3355702460
202200022619;24;7;2022;19:32;1;13;13091;2;2;1;1;75 Avenue Camille Pelletan;43,6195380000;5,3035480000
202200022620;23;5;2022;12:25;1;92;92072;2;1;3;3;TROYON (RUE);48,8256928573;2,2274005115
202200022621;24;7;2022;10:40;1;38;38212;1;1;1;7;RD 1091;45,1144810000;5,9598680000
202200022622;24;5;2022;18:50;1;92;92064;2;1;1;3;GOUNOD;48,8429205858;2,2127712071
202200022623;25;5;2022;18:50;1;92;92063;2;1;1;3;COLMAR (AVENUE DE);48,8871176216;2,1812112629
202200022624;22;7;2022;20:15;1;22;22044;1;1;7;5;RN12 ;48,4760860000; -2,5830960000
202200022625;24;5;2022;17:05;1;92;92049;2;1;1;3;BROSSOLETTE AVENUE PIERRE;48,8167590417;2,3066318929
202200022626;23;7;2022;08:08;1;27;27517;1;1;1;5;A13 PK 77+900;49,1073300000;1,3424240000
202200022627;23;5;2022;17:05;1;92;92049;2;2;1;3;BROSSOLETTE AVENUE PIERRE;48,8198377040;2,3107769787
202200022628;25;5;2022;17:14;1;92;92040;2;1;1;6;GALLIENI (BOULEVARD);48,8242518248;2,2678522467
202200022629;24;7;2022;15:30;1;11;11202;1;9;1;3;;42,9327990000;3,0060910000
202200022630;23;5;2022;00:00;5;978;97801;1;1;1;3;route de Bellevue;18,0574160000; -63,0854700000
202200022631;25;5;2022;18:35;1;92;92025;2;3;1;3;STALINGRAD (AV DE);48,9334610206;2,2643981650
202200022632;25;7;2022;22:50;3;29;29233;1;1;1;6;Lieu Dit Faudelias;47,8361620000; -3,5814410000
202200022633;25;5;2022;18:05;1;92;92025;2;1;1;3;CHARLES DE GAULLE (BD);48,9156320000;2,2277840000
202200022634;25;7;2022;10:30;1;37;37100;2;1;1;2;18 Rue Saint Vincent;47,2806956447;1,1094528437
202200022635;25;5;2022;08:40;1;92;92025;2;2;1;3;CHARLES DE GAULLE (BD);48,9146226344;2,2290211022
202200022636;25;7;2022;19:20;1;91;91175;1;1;1;7;RD5 PK 005+600;48,4903450000;1,9570680000
202200022637;26;7;2022;05:00;2;2B;2B042;1;1;1;2;RT 11;42,5526340000;9,4608750000