Num_Acc;jour;mois;an;hrmn;lum;dep;com;agg;int;atm;col;adr;lat;long
202200022638;25;5;2022;07:10;1;92;92025;2;1;1;2;VALMY (BD DE);48,9306210000;2,2551500000
202200022639;24;5;2022;17:40;1;92;92024;2;1;1;6;HENRI BARBUSSE (RUE) DE (73 A 139);48,8997108156;2,3055347353
202200022640;26;7;2022;14:36;1;2A;2A247;1;1;1;1;D859;41,5669130000;9,2547580000
202200022641;25;5;2022;15:00;1;92;92012;2;2;1;3;ISSY (RUE D');48,8293420487;2,2441483587
202200022642;26;7;2022;11:15;1;66;66008;1;3;1;3;;42,5356700000;3,0478640000
202200022643;26;7;2022;11:45;1;34;34023;2;1;1;6;Rue des Etourneaux;43,4486486328;3,6857344071
202200022644;23;5;2022;22:30;5;92;92012;2;2;3;3;GALLIENI (RUE) 142/FIN;48,8361700000;2,2366300000
202200022645;25;7;2022;17:20;1;21;21297;1;1;1;6;D25h;47,1817350000;4,9950460000
202200022646;23;5;2022;17:15;1;92;92004;2;1;1;6;DOCTEUR FLEMING ( AVNUE DU );48,9318453606;2,2820072025
202200022647;26;7;2022;09:25;1;74;74003;1;6;1;2;D16;45,8916290000;6,2509950000
202200022648;24;5;2022;15:10;1;92;92014;2;1;7;6;MARECHAL JOFFRE (BD DU) (43 A 97 - 58 A;48,7784740727;2,3133801967
202200022649;26;7;2022;14:00;1;26;26088;2;3;1;2;64 Rue du Vercors;45,0295400000;5,0760600000
202200022650;25;5;2022;15:45;1;27;27213;1;2;1;3;D117;49,2050510000;1,5084740000
202200022651;25;7;2022;21:49;3;07;07341;1;1;1;6;Rn 102;44,5636280000;4,4888860000
202200022652;25;7;2022;15:35;1;69;69072;1;1;1;6;35 Avenue de Verdun;45,8131840000;4,7509000000
202200022653;26;5;2022;16:30;1;27;27410;1;1;1;6;n13;49,0134700000;1,2620010000
202200022654;24;5;2022;12:20;1;60;60107;1;2;1;2;Route du Marais;49,3491010000;2,4356390000
202200022655;26;7;2022;13:30;1;65;65123;1;1;2;7;Quartier Gripp;42,9365400000;0,2089920000
202200022656;26;5;2022;16:10;1;59;59449;1;1;1;3;D549;50,4695550000;3,2265390000
202200022657;26;7;2022;12:45;1;14;14679;1;3;1;3;D192;49,2390200000; -0,7482300000
202200022658;24;5;2022;16:40;1;83;83090;1;1;1;3;A50;43,1259100000;5,8794500000
202200022659;26;7;2022;09:55;1;29;29124;2;1;1;6;5 rue de la libération;48,5725750000; -4,3177340000
202200022660;30;5;2022;16:30;1;29;29046;2;3;1;5;Route de Quimper;48,0788820000; -4,3222190000
202200022661;25;7;2022;12:00;1;80;80185;2;4;1;1;Grande Rue;49,6922410000;2,8515690000
202200022662;21;5;2022;01:45;3;57;57343;1;1;1;2;Autoroute A31;49,3206300000;6,1831700000
202200022663;25;7;2022;15:00;1;13;13070;1;1;1;1;Sens Marseille vers Aubagne;43,2856700000;5,5126500000
202200022664;25;5;2022;22:00;3;33;33192;1;1;1;2;ROCADE A 630;44,7900300000; -0,6081200000
202200022665;25;7;2022;09:06;1;83;83144;1;1;1;2;A57;43,1356100000;5,9915800000
202200022666;25;5;2022;14:00;1;33;33013;1;1;1;2;ROUTE NATIONALE 230;44,8438650000; -0,5012220000
202200022667;24;5;2022;14:50;1;33;33003;1;1;1;2;AUTOROUTE A 10;44,9277900000; -0,4710700000
202200022668;21;7;2022;09:30;1;54;54462;1;1;1;4;Autoroute A 33;48,6039700000;6,3577000000
202200022669;23;5;2022;15:54;1;33;33013;1;1;1;4;;44,8543190000; -0,5051460000
202200022670;24;7;2022;23:20;5;94;94043;1;1;1;4;AUTOROUTE A6B;48,8062620369;2,3459029848
202200022671;25;7;2022;19:00;1;92;92036;1;1;1;2;A86;48,9352904563;2,2839322475
202200022672;25;5;2022;21:13;2;91;91064;1;1;1;3;RN 118;48,7489300000;2,2146800000
202200022673;25;7;2022;19:05;1;78;78158;1;1;1;3;A13;48,8401300000;2,1110200000
202200022674;25;5;2022;19:23;1;91;91553;1;1;1;2;RN 104;48,6253300000;2,4725800000
202200022675;24;7;2022;23:40;3;95;95028;1;1;1;6;RN 104;49,0636410084;2,3328459263
202200022676;25;5;2022;17:55;1;94;94034;1;1;1;6;AUTOROUTE A86;48,7558231545;2,3383867154
202200022677;25;7;2022;13:40;1;77;77294;1;1;1;6;A104;48,9732300000;2,5902800000
202200022678;25;5;2022;19:10;1;91;91340;1;1;1;3;RN 104;48,6099400000;2,4426200000
202200022679;23;7;2022;23:03;5;31;31555;2;1;1;6;CHAPITRE (CHE DU) DU 27AU 83;43,5587340000;1,4103460000
202200022680;25;5;2022;07:40;1;94;94076;1;1;1;5;AUTOROUTE A6B;48,7854319590;2,3457308279
202200022681;4;3;2022;11:58;1;14;14726;1;1;1;6;D105;48,9229110000; -0,7526620000
202200022682;25;5;2022;15:30;1;78;78466;1;1;1;3;A13;48,9277060000;1,9916800000
202200022683;24;7;2022;15:00;1;974;97411;1;4;1;7;LITTORAL (ROUTE 1 DU); -20,8756800000;55,4324900000
202200022684;25;5;2022;12:25;1;92;92050;1;1;1;7;A86;48,8954657962;2,1940928399
202200022685;24;7;2022;15:40;1;973;97302;2;2;1;1;;4,9327881559; -52,3337025940
202200022686;25;5;2022;11:30;1;78;78640;1;1;1;4;RN12 INT;48,7812580000;2,1705110000
202200022687;23;7;2022;13:19;1;973;97302;1;1;1;7;;4,9060000000; -52,3215100000
202200022688;24;7;2022;10:45;1;69;69386;2;1;1;3;Place Jules Ferry;45,7679416089;4,8589505239
202200022689;24;5;2022;16:20;1;78;78133;1;1;1;4;A13;48,8927100000;2,0086300000
202200022690;24;7;2022;06:45;1;972;97213;2;1;1;2;ROUTE NATIONALE 5;14,5953400000; -60,9860500000
202200022691;24;5;2022;08:35;1;92;92050;1;1;1;3;A86;48,9153626913;2,2204385940
202200022692;24;7;2022;08:00;1;69;69381;2;1;1;3;Rue Constantine;45,7670351971;4,8321191944
202200022693;25;5;2022;17:00;1;95;95277;1;1;1;6;RD 170 ;48,9771400000;2,4754900000
202200022694;25;5;2022;14:30;1;95;95604;1;1;1;3;A1;49,1054600000;2,5513100000
202200022695;23;7;2022;13:00;1;971;97101;1;1;1;5;ROUTE DE BOISVINS;16,2666900000; -61,4854700000
202200022696;25;5;2022;11:30;1;77;77122;1;1;1;6;RN104;48,6522560000;2,6134660000
202200022697;19;7;2022;09:30;1;83;83118;2;1;1;3;AVENUE DU COLONEL BROOKE;43,4504109482;6,7799592018
202200022698;25;5;2022;08:15;1;77;77363;1;1;1;6;A104;48,9235200000;2,6299500000
202200022699;24;7;2022;01:00;5;81;81060;1;9;1;6;RODEZ  (AVENUE DE);44,0570500000;2,1749200000
202200022700;26;4;2022;16:15;1;976;97611;2;1;1;6;doujani-Carrière ( rue de la ); -12,7936800000;45,2096200000
202200022701;24;7;2022;13:50;1;81;81244;2;2;1;6;JAURES ( AVENUE JEAN );44,0520900000;2,1290700000
202200022702;24;3;2022;15:15;1;37;37232;1;1;1;6;Rue de la Flanière;47,2894360000;0,3288550000
202200022703;15;4;2022;19:20;1;67;67046;2;1;1;6;68 Rue du Général Rampont;48,7701850000;7,8524940000
202200022704;23;7;2022;21:50;1;77;77186;2;1;1;6;ARMES (PLACE D');48,4035600000;2,7015200000
202200022705;26;4;2022;15:05;1;74;74042;2;6;1;3;Avenue des Glières;46,0740570000;6,4025620000
202200022706;24;7;2022;18:00;1;69;69266;2;2;1;3;Rue Dedieu;45,7696400000;4,8711000000
202200022707;25;4;2022;07:45;1;83;83017;2;1;1;1;Route Départementale 554;43,2420570000;6,0027890000
202200022708;24;7;2022;18:40;1;69;69256;2;1;1;3;24 Rue de la République;45,7866700000;4,9216800000
202200022709;24;4;2022;20:14;1;31;31157;2;3;1;3;Avenue du Général Barès;43,5419910000;1,3543400000
202200022710;24;7;2022;19:30;1;69;69271;2;1;1;6;Rue du Chatenay;45,7462460537;4,9803738312
202200022711;25;4;2022;03:45;5;33;33051;2;6;1;6;Avenue de la Côte d Argent;44,6325360000; -0,9796390000
202200022712;24;4;2022;20:00;1;22;22299;1;1;1;7;Trévallon;48,4568430000; -1,9843630000
202200022713;25;4;2022;16:49;1;81;81004;2;1;1;6;LATTRE DE TASSIGNY (AV DE);43,9310900000;2,1635200000
202200022714;24;7;2022;02:10;5;68;68166;2;5;1;1;RD 430;47,7813210000;7,3298240000
202200022715;25;4;2022;13:47;1;13;13216;2;2;1;1;CONDORCET (RUE);43,3567358412;5,3431657548
202200022716;24;7;2022;11:10;1;65;65433;2;1;1;1;MAUMUS (RUE JEAN);43,2041010000;0,0975420000
202200022717;24;5;2022;18:40;1;13;13019;1;1;1;2;A51-Sens Aix en Provence vers Marseille;43,4243170663;5,3750648614
202200022718;24;7;2022;06:40;1;64;64445;2;1;1;1;avenue du général de Gaulle;43,3024800000; -0,3526600000
202200022719;17;5;2022;18:30;1;13;13071;1;1;1;2;A55 - Sens Marseille vers Martigues;43,3976829819;5,2865259922
202200022720;24;5;2022;16:25;1;13;13106;1;1;1;5;A7-Sens Lyon vers Marseille;43,3913439600;5,3510158055
202200022721;25;6;2022;03:05;3;61;61466;1;1;1;7;LA HALOUZIERE (LIEU-DIT);48,7352000000; -0,5272500000
202200022722;23;5;2022;21:40;3;69;69152;1;1;1;2;Autoroute 7;45,6951500000;4,8412000000
202200022723;24;7;2022;13:15;1;56;56243;2;1;1;1;29a route de Nantes;47,6535000000; -2,7345500000
202200022724;16;4;2022;16:30;1;69;69283;1;1;1;2;Autoroute 46;45,6779400000;4,9584800000
202200022725;24;7;2022;23:06;5;54;54395;2;1;1;3;LOBAU (BOULEVARD);48,6850000000;6,1961205000
202200022726;23;5;2022;17:50;1;33;33065;1;1;1;2;ROUTE NATIONALE 230;44,8101600000; -0,5235500000
202200022727;24;7;2022;20:22;1;51;51454;2;1;1;3;avenue Nationale - la Neuvillette;49,2830900000;4,0110300000
202200022728;22;5;2022;18:50;1;33;33063;1;1;1;4;ROCADE A 630;44,8849000000; -0,5613000000
202200022729;23;5;2022;12:45;1;59;59234;1;1;2;2;AUTOROUTE A21;50,3986200000;3,0924700000
202200022730;24;7;2022;05:45;2;37;37233;2;1;1;6;JAURES (RUE JEAN);47,3915000000;0,7256300000
202200022731;20;5;2022;17:15;1;62;62351;1;1;1;6;AUTOROUTE A21;50,4313300000;2,8891900000
202200022732;24;5;2022;18:30;1;91;91549;1;1;1;7;RN 104;48,6258800000;2,3398300000
202200022733;24;7;2022;19:45;1;35;35238;2;6;1;2;SUEDE (DE);48,0868000000; -1,6820600000
202200022734;24;5;2022;05:40;2;91;91363;1;1;1;7;RN 104;48,6533690000;2,1761830000
202200022735;24;5;2022;01:50;3;92;92002;1;9;2;3;AUTOROUTE A86;48,7604500000;2,2903690000
202200022736;24;7;2022;06:50;1;35;35238;2;2;1;3;SAINT-BRIEUC (DE);48,1164100000; -1,7097100000
202200022737;24;5;2022;01:00;3;91;91432;1;1;2;7;AUTOROUTE A6;48,6939300000;2,3200700000
202200022738;24;7;2022;16:30;1;34;34129;1;1;1;6;MER (AVENUE DE LA);43,5854700000;3,9198000000
202200022739;24;5;2022;15:00;1;92;92062;1;1;1;6;RN1014 W;48,8878652807;2,2502447516
202200022740;24;7;2022;22:25;5;33;33550;2;3;1;3;Avenue des Pyrénées;44,7786700000; -0,5661600000
202200022741;24;5;2022;09:40;1;92;92063;1;1;1;3;A86;48,8910645642;2,1744392216
202200022742;24;7;2022;08:45;1;33;33063;2;1;1;3;Quai des Salinières;44,8357969502; -0,5642831326
202200022743;24;5;2022;19:45;1;92;92036;1;1;1;2;AUTOROUTE A86;48,9390465105;2,3061312878
202200022744;23;7;2022;17:10;1;33;33529;2;1;1;2;PYLA (BD DU);44,6334900000; -1,1616100000
202200022745;24;5;2022;18:00;1;93;93005;1;1;1;2;AUTOROUTE A3;48,9300300000;2,4814300000
202200022746;24;5;2022;15:00;1;93;93053;1;1;1;2;AUTOROUTE A3;48,8842400000;2,4583300000
202200022747;24;5;2022;16:55;1;93;93008;1;1;1;3;AUTOROUTE A86;48,9146400000;2,4315600000
202200022748;24;7;2022;16:14;1;32;32013;2;1;1;7;MASSENA (RUE);43,6490000000;0,5906000000
202200022749;24;5;2022;14:40;1;93;93008;1;1;1;2;AUTOROUTE A86;48,9116200000;2,4406800000
202200022750;24;7;2022;14:50;1;22;22187;1;1;1;4;VIADUC (RUE DU);48,5250400000; -2,7669700000
202200022751;23;5;2022;21:00;2;93;93066;1;1;1;2;AUTOROUTE A1;48,9115100000;2,3580000000
202200022752;23;7;2022;18:50;1;13;13043;1;9;7;2;GEORGES POMPIDOU (AV );43,3928166182;5,2048425212
202200022753;24;5;2022;10:35;1;93;93006;1;1;1;2;AUTOROUTE A3;48,8659962227;2,4216624911
202200022754;23;7;2022;18:15;1;13;13103;2;1;1;6;RUE URSULE -REYNAUD D';43,6378073502;5,0981219220
202200022755;14;12;2022;02:00;3;17;17353;2;1;5;7;Route des Coudrées;45,9846950000; -1,0486310000
202200022756;24;5;2022;10:31;1;93;93066;1;1;1;4;AUTOROUTE A1;48,9165900000;2,3578000000
202200022757;24;7;2022;15:00;1;13;13203;2;2;1;3;PEYSSONNEL (RUE);43,3091898327;5,3717264704
202200022758;18;12;2022;05:00;3;48;48132;1;1;1;6;d4 la gardelle;44,8258920000;3,3741140000
202200022759;24;5;2022;09:30;1;93;93066;1;1;1;2;AUTOROUTE A86;48,9229344984;2,3450405446
202200022760;24;7;2022;08:15;1;13;13203;2;1;1;3;JOBIN (RUE);43,3107701407;5,3890760012
202200022761;23;5;2022;18:10;1;93;93005;1;1;2;3;AUTOROUTE A104;48,9729300000;2,4928700000
202200022762;23;7;2022;23:50;5;13;13210;2;1;1;6;CAPELETTE (AVENUE DE LA);43,2808180000;5,4073450000
202200022763;16;12;2022;20:00;3;72;72024;1;1;9;6;A 28 Pk 119.000;48,1066290000;0,1615330000
202200022764;23;7;2022;15:50;1;11;11069;1;1;1;7;Route de Bram;43,2210700000;2,2999400000
202200022765;23;5;2022;16:05;1;95;95277;1;1;1;3; A3;48,9801841251;2,4981772900
202200022766;25;7;2022;00:15;4;07;07316;1;1;1;7;;44,9085100000;4,8662100000
202200022767;23;5;2022;08:55;1;95;95218;1;1;2;4; A15;49,0357400000;2,0960500000
202200022768;24;7;2022;14:15;1;75;75120;2;1;1;4;PORTE DE BAGNOLET;48,8660490000;2,4132040000
202200022769;19;5;2022;12:00;1;92;92036;1;1;1;3;AUTOROUTE A86;48,9383700387;2,3001401108
202200022770;24;7;2022;16:45;1;75;75119;2;3;1;6;AVENUE JEAN JAURES;48,8861060000;2,3830920000
202200022771;23;5;2022;08:05;1;93;93064;1;1;1;3;AUTOROUTE A3;48,8858500000;2,4727000000
202200022772;18;12;2022;10:27;1;73;73241;1;1;5;5;A430;45,6104940000;6,2921200000
202200022773;24;7;2022;03:00;5;75;75117;2;2;1;5;AVENUE DE LA PORTE D ASNIERES;48,8918270000;2,3016100000
202200022774;23;5;2022;08:10;1;93;93005;1;1;1;2;AUTOROUTE A1;48,9605593492;2,4679698413
202200022775;16;12;2022;17:10;2;35;35045;1;1;7;2;D777;47,8014049089; -1,9732998312
202200022776;22;5;2022;22:45;3;95;95252;1;1;1;2; A15;48,9836500000;2,2186300000
202200022777;24;7;2022;15:00;1;75;75115;2;2;1;3;RUE DE LA CONVENTION;48,8453540000;2,2785780000
202200022778;17;12;2022;05:45;3;45;45146;1;1;1;2;A71 PR 124 + 714;47,6835200000;1,9053550000
202200022779;24;7;2022;18:30;1;75;75111;2;1;1;6;BOULEVARD DE MENILMONTANT;48,8664550000;2,3832070000
202200022780;24;5;2022;16:15;1;94;94028;1;1;1;4;A86 EXT;48,8036000000;2,4484900000
202200022781;17;12;2022;23:30;5;33;33019;2;1;1;1;24 Avenue des Certes;44,6875050000; -1,0190270000
202200022782;24;5;2022;12:15;1;94;94065;1;1;1;3;N186;48,7537795800;2,3530427724
202200022783;24;7;2022;05:35;1;75;75103;2;4;1;3;RUE DE TURENNE;48,8614740000;2,3646120000
202200022784;17;12;2022;16:55;1;41;41085;1;1;1;6;les bignons;47,6926350000;1,6420050000
202200022785;23;5;2022;22:45;3;94;94052;1;1;3;6;A86 INT;48,8432096684;2,4926533177
202200022786;23;7;2022;05:45;2;75;75103;2;2;1;6;RUE SAINT MARTIN;48,8659560000;2,3537760000
202200022787;7;11;2022;18:00;1;77;77142;1;1;1;7;Route de Serbonne;48,8474270000;2,9224390000
202200022788;23;5;2022;13:55;1;94;94052;1;1;2;4;A86 INT;48,8433145546;2,4931583402
202200022789;24;7;2022;22:45;5;93;93070;2;3;1;6;Rue du Docteur Léonce Basset / Rue Paul Langevin;48,9155400000;2,3343500000
202200022790;24;7;2022;17:05;1;93;93064;2;1;1;7;Rue Jules Ferry;48,8751900000;2,4781200000
202200022791;17;12;2022;20:20;3;95;95199;1;1;8;5;RD 301;49,0306320864;2,3468466540
202200022792;23;5;2022;01:50;3;75;75112;1;1;1;2;A4;48,8200198123;2,4596916139
202200022793;24;7;2022;10:30;1;93;93048;2;2;1;6;Avenue du Docteur Fernand Lamaze / Rue de Romainville;48,8768200000;2,4494400000
202200022794;16;12;2022;11:25;1;83;83055;2;3;1;3;route departemental 562;43,6173240000;6,6856470000
202200022795;23;4;2022;08:15;1;65;65461;1;3;8;1;Intersection Route Départementale 1/ Route Départementale 17;43,2961090000;0,3442750000
202200022796;24;7;2022;13:45;1;92;92063;2;1;1;2;DOUMER (AVENUE PAUL) EST;48,8806900000;2,1828700000
202200022797;9;12;2022;15:30;1;67;67177;1;1;1;1;D250;48,9165140000;7,7893070000
202200022798;24;4;2022;13:15;1;02;02614;1;1;1;1;;49,9096300000;3,1923220000
202200022799;16;12;2022;21:20;5;38;38548;2;1;4;6;91 Avenue de la Molière;45,0759780000;5,5502820000
202200022800;24;7;2022;20:25;2;92;92012;2;1;1;7;ANDRE MORIZET (AVENUE) - 49/FIN - 54/FIN;48,8385393568;2,2330790162
202200022801;24;7;2022;16:00;1;92;92002;2;1;1;6;JOSEPH DELON (RUE);48,7495103889;2,2991085648
202200022802;17;12;2022;21:30;5;85;85152;2;1;1;7;136 Avenue Georges Clémenceau;46,6098700000; -1,6635460000
202200022803;22;4;2022;11:50;1;35;35179;2;3;1;3;rue de la libération;48,5118886064; -1,8963589892
202200022804;17;12;2022;21:10;3;60;60551;1;1;5;7;D110;49,3072781739;2,3976883612
202200022805;25;7;2022;10:30;1;83;83072;1;3;1;3;Route de Carcès;43,4789070000;6,3069140000
202200022806;22;5;2022;11:28;1;76;76518;1;2;1;3;D30 - route de bolbec;49,5916300000;0,5033760000
202200022807;24;7;2022;17:50;1;71;71320;1;2;1;2;Bois Communal de Chattelai / Intersection avec la RD980;46,6186720000;4,4739410000
202200022808;9;12;2022;17:15;3;69;69029;1;1;1;4;Boulevard Périphérique Laurent Bonnevay;45,7510000000;4,9075000000
202200022809;25;7;2022;12:15;1;43;43038;2;1;1;6;4 Route de Lempdes;45,3651800000;3,3082800000
202200022810;24;5;2022;06:00;2;12;12242;1;1;2;1;D922;44,3966430000;2,0406030000
202200022811;22;7;2022;23:53;3;71;71047;2;1;1;2;Rue des Buissons;46,6175110000;3,7603980000
202200022812;17;12;2022;14:29;1;91;91086;1;1;1;4;RN 104;48,6239300000;2,3773900000
202200022813;10;5;2022;08:00;1;47;47146;2;1;1;2;Route des Crêtes;44,4379090000;0,6761850000
202200022814;25;7;2022;08:28;1;11;11068;1;9;1;2;A61;43,1810220000;2,5276280000
202200022815;17;12;2022;13:20;1;92;92002;1;1;1;4;AUTOROUTE A86;48,7629853869;2,3043052888
202200022816;23;5;2022;14:05;1;47;47238;1;1;1;1;Route de Manau;44,1935400000;0,5067400000
202200022817;24;7;2022;19:00;3;974;97404;1;3;1;1;Avenue Octave Bénard; -21,2813670000;55,3468470000
202200022818;17;12;2022;10:20;1;91;91589;1;1;1;2;AUTOROUTE A6;48,6791800000;2,3342600000
202200022819;21;7;2022;18:20;1;68;68015;1;9;1;7;D201;47,7952940000;7,3865300000
202200022820;24;5;2022;13:45;1;2A;2A348;1;1;1;6;RD70;42,1602180000;8,7580350000
202200022821;23;7;2022;04:30;3;59;59162;1;1;1;6;Rue Voie Romaine;50,9316390000;2,3708880000
202200022822;17;12;2022;06:00;3;91;91617;1;1;1;4;RN 104;48,6435500000;2,5344300000
202200022823;22;5;2022;20:00;1;2A;2A065;2;1;1;7;Rue de la République;42,1341070000;8,5971990000
202200022824;25;7;2022;14:45;1;15;15188;1;1;1;3;A75 PK 095.300;45,0349610000;3,1337050000
202200022825;16;12;2022;19:10;3;92;92047;1;1;1;2;A13;48,8327145937;2,1569510289
202200022826;24;5;2022;15:50;1;51;51130;1;1;1;1;D17;48,8769300000;4,9039790000
202200022827;25;7;2022;15:15;1;30;30277;1;1;1;7;;44,2272620000;4,5446970000
202200022828;17;12;2022;09:15;1;95;95572;1;1;8;6;RN 184;49,0352732315;2,1158588442
202200022829;24;7;2022;13:00;1;19;19042;1;1;1;7;eyzac;45,3271910000;1,6255640000
202200022830;23;5;2022;05:15;2;83;83003;1;1;1;1;RD49 - PR 002+700;43,5631420000;6,4119330000
202200022831;16;12;2022;10:50;1;93;93064;1;1;1;2;AUTOROUTE A103;48,8866992089;2,4803643682
202200022832;24;7;2022;14:30;1;56;56040;1;6;1;3;Pont Kerrous;47,8521910000; -3,3432340000
202200022833;17;12;2022;02:30;3;94;94004;1;1;1;6;RN19.Y;48,7538430000;2,5111840000
202200022834;24;7;2022;20:20;1;76;76493;1;1;1;6;D79;49,8477210000;0,6197140000
202200022835;24;5;2022;15:50;1;95;95229;2;1;1;6;Rue de la Gare;49,0229130000;2,3638470000
202200022836;15;12;2022;07:34;2;77;77379;2;1;1;6;JEAN JAURES (AVENUE);48,5561145519;3,3028095687
202200022837;24;7;2022;15:15;1;81;81227;1;1;1;6;Avenue de Burlats;43,6675530000;2,3011100000
202200022838;13;12;2022;10:15;1;80;80001;2;1;8;3;CLEMENCEAU;50,1084300000;1,8348700000
202200022839;15;7;2022;10:10;1;91;91174;2;3;1;3;RUE DE PARIS;48,6042400000;2,4678000000
202200022840;22;7;2022;21:20;3;89;89273;1;4;1;1;;47,6111100000;3,2137400000
202200022841;9;7;2022;10:35;1;91;91228;2;1;1;3;BD DES COQUIBUS;48,6241400000;2,4404900000
202200022842;24;5;2022;16:23;1;68;68112;2;1;1;4;19 Rue Théodore Deck;47,9014300000;7,2163550000
202200022843;24;7;2022;21:45;2;49;49200;1;6;1;7;rd 775;47,5673840000; -0,6780410000
202200022844;7;7;2022;14:05;1;91;91228;2;1;1;4;BD CHAMPS ELYSEES;48,6349600000;2,4254600000
202200022845;21;5;2022;04:45;3;11;11098;1;1;1;6;A61 - PK 356.00 - SENS NARBONNE VERS TOULOUSE;43,1680020000;2,7327740000
202200022846;25;7;2022;13:30;1;68;68216;2;1;1;6;38 Rue de Durlinsdorf;47,5049403742;7,2194284201
202200022847;17;12;2022;01:25;3;988;98818;2;1;1;6;RUE HENRI MARTINET; -22,2587000000;166,4757300000
202200022848;16;12;2022;19:10;2;974;97416;1;1;1;7;PETIT FRERE(CHEMIN); -21,2792100000;55,4890900000
202200022849;24;7;2022;10:35;1;39;39236;1;1;1;6;;46,8388900000;5,4977130000
202200022850;24;5;2022;07:50;1;33;33334;2;2;1;1;Les Boudoubans;44,6928870000; -0,4319160000
202200022851;16;12;2022;22:20;5;974;97411;2;1;1;3;LANCASTEL (BOULEVARD); -20,8753900000;55,4544900000
202200022852;20;5;2022;19:55;1;17;17355;1;1;1;7;La Croix du Pouilloux;45,5271820000; -0,3615940000
202200022853;16;12;2022;15:10;1;974;97411;2;1;1;1;OCEAN (BOULEVARD DE L'); -20,8799000000;55,4576900000
202200022854;11;5;2022;20:30;3;36;36026;1;1;1;7;;46,9476610000;1,7256220000
202200022855;16;12;2022;13:45;1;974;97409;1;1;1;1;PATELIN (chemin); -20,9726400000;55,6792000000
202200022856;16;12;2022;21:00;5;973;97302;2;1;3;3;MONTABO (ROUTE DE) 1;4,9443051148; -52,3096445203
202200022857;16;12;2022;17:00;1;973;97302;2;1;1;3;SOURCE DE BADUEL (CHEMIN DE LA);4,9261200000; -52,3087000000
202200022858;23;5;2022;19:05;1;81;81222;1;1;1;5;RD 612 PK 65+620;43,7873220000;2,1886850000
202200022859;16;12;2022;14:00;1;973;97302;2;1;1;3;TIGRE (ROUTE DU);4,9192000000; -52,3172600000
202200022860;23;5;2022;07:30;1;972;97214;2;1;1;6;rue des sapotilles;14,8317300000; -61,0549040000
202200022861;15;12;2022;18:40;1;973;97302;2;2;1;6;DE GAULLE (AVENUE);4,9390893498; -52,3305134475
202200022862;15;12;2022;12:40;1;973;97302;2;1;1;3;BADUEL (ROUTE DE);4,9322900000; -52,3082100000
202200022863;22;5;2022;13:30;1;972;97201;2;1;1;6;Quartier la Racine;14,8203160000; -61,1175870000
202200022864;16;12;2022;14:05;1;972;97213;1;1;1;3;Z I LES MANGLES;14,6161400000; -61,0175500000
202200022865;15;12;2022;18:20;3;972;97209;1;1;1;6;CHATEAUBOEUF (ROUTE DE);14,6155800000; -61,0508000000
202200022866;22;5;2022;19:15;3;972;97227;1;1;1;3;RN5;14,4685910000; -60,9359480000
202200022867;16;12;2022;14:15;1;69;69385;2;1;2;1;Rue Commandant Charcot;45,7545988307;4,8065426946
202200022868;22;5;2022;15:30;1;64;64431;1;1;1;7;Rue du Gave;43,3906870000; -0,5995800000
202200022869;16;12;2022;10:30;1;69;69389;2;2;8;3;Pont Robert Schuman;45,7804800000;4,8091300000
202200022870;24;5;2022;02:02;3;22;22084;1;1;1;7;RN12;48,3655948349; -2,3260363767
202200022871;15;12;2022;08:50;1;69;69034;2;1;1;3;375 Boulevard des Canuts;45,7853800000;4,8329700000
202200022872;21;5;2022;16:00;1;59;59478;1;1;1;7;Route Departementale 916;50,9221830000;2,4459820000
202200022873;16;12;2022;00:40;5;95;95280;2;3;8;3;Avenue Albert Sarraut;49,0327450243;2,4585825205
202200022874;16;12;2022;15:42;1;95;95203;2;1;7;6;Avenue Jeanne d'Arc;48,9901710000;2,2767680000
202200022875;15;12;2022;17:20;5;91;91021;2;9;1;3;AV DE VERDUN;48,5815900000;2,2422000000
202200022876;22;5;2022;16:10;1;36;36239;1;1;1;3;;46,4797506208;1,4996016026
202200022877;16;12;2022;15:15;1;91;91691;2;1;1;6;PIERRE DE COUBERTIN(RUE);48,7153600000;2,4785600000
202200022878;22;5;2022;16:05;1;23;23238;1;1;1;7;Lieu dit MASBET;45,8684220000;2,1706150000
202200022879;15;12;2022;16:15;1;85;85191;2;1;1;6;46 Rue guillaume de machaut;46,6860180000; -1,4303228000
202200022880;16;12;2022;17:00;5;83;83061;2;3;1;1;AVENUE CLOVIS HUGUES;43,3909500000;6,7250000000
202200022881;20;5;2022;14:25;1;77;77182;2;1;1;6;D934;48,7817130000;3,2974490000
202200022882;15;12;2022;18:43;3;77;77279;1;1;1;1;D411;48,3819600000;3,0294700000
202200022883;23;5;2022;08:30;1;24;24354;1;1;1;1;rd674;45,1225510000; -0,0084920000
202200022884;16;12;2022;14:30;1;76;76540;2;2;1;6;Boulevard de l'Europe;49,4285300000;1,0944700000
202200022885;15;12;2022;21:00;5;76;76498;2;1;1;6;Rue Albert Einstein;49,4181500000;1,0628200000
202200022886;22;5;2022;18:17;1;57;57055;1;1;1;7;D70;49,0502350000;6,3943540000