Num_Acc;jour;mois;an;hrmn;lum;dep;com;agg;int;atm;col;adr;lat;long
202200023375;29;8;2022;19:20;1;18;18033;2;2;1;3;Rue du General Challe;47,0939300000;2,4012600000
202200023376;2;9;2022;10:02;1;17;17306;2;1;2;5;LAVOISIER (ANTOINE DE);45,6315600000; -0,9880600000
202200023377;17;8;2022;20:07;1;14;14366;2;1;1;7;Rue Augustin Fresnel;49,1443300000;0,2752600000
202200023378;2;9;2022;17:25;1;13;13213;2;1;3;1;MERLAUD PON (RUE);43,3361500000;5,4265400000
202200023379;2;9;2022;09:00;1;13;13216;2;3;1;1;ALBIN BANDINI (BOULEVARD);43,3604500000;5,3158700000
202200023380;2;9;2022;06:45;2;13;13205;2;1;1;6;BRIFFAUT (RUE);43,2943400000;5,3976400000
202200023381;2;9;2022;13:22;1;10;10387;2;1;1;2;LOMBARDS (AVENUE);48,2768700000;4,0718900000
202200023382;2;9;2022;00:10;5;05;05061;2;6;1;3;EMBRUN ( AVENUE D');44,5675200000;6,0972700000
202200023383;2;9;2022;09:10;1;75;75119;2;1;1;2;BD PERIPHERIQUE INTERIEUR;48,9003680000;2,3751870000
202200023384;2;9;2022;07:45;1;75;75112;2;1;1;3;BD PERIPHERIQUE EXTERIEUR;48,8351300000;2,4116190000
202200023385;1;9;2022;19:45;2;75;75113;2;1;1;5;BD PERIPHERIQUE INTERIEUR;48,8207980000;2,3766640000
202200023386;31;8;2022;20:00;2;75;75119;2;1;1;2;PORTE D AUBERVILLIERS;48,9003550000;2,3821030000
202200023387;31;8;2022;21:00;4;75;75116;2;4;1;5;PORTE DE SAINT CLOUD;48,8351120000;2,2599900000
202200023388;31;8;2022;17:10;1;75;75116;2;4;1;5;BD PERIPHERIQUE INTERIEUR;48,8609000000;2,2639750000
202200023389;2;9;2022;11:40;1;75;75105;2;7;1;6;RUE CENSIER;48,8393810000;2,3501590000
202200023390;2;9;2022;06:50;2;75;75106;2;2;1;3;RUE DE SEVRES;48,8513680000;2,3268830000
202200023391;2;9;2022;12:45;1;75;75120;2;1;8;3;RUE DES FRERES FLAVIEN;48,8772770000;2,4116180000
202200023392;2;9;2022;01:00;5;75;75119;2;2;1;2;AVENUE DE FLANDRE;48,8857870000;2,3709770000
202200023393;2;9;2022;17:30;1;75;75117;2;5;1;3;BOULEVARD BESSIERES;48,8975250000;2,3241890000
202200023394;1;9;2022;20:00;2;75;75116;2;2;1;3;RUE MIGNARD;48,8626880000;2,2739570000
202200023395;2;9;2022;20:45;5;75;75115;2;4;1;3;AVENUE DE LA PORTE DE LA PLAINE;48,8295880000;2,2923500000
202200023396;2;9;2022;13:00;1;75;75113;2;2;2;3;RUE BRILLAT SAVARIN;48,8225880000;2,3440340000
202200023397;2;9;2022;07:37;1;75;75108;2;2;1;3;RUE ROYALE;48,8683790000;2,3232550000
202200023398;2;9;2022;01:50;5;75;75107;2;2;1;6;QUAI BRANLY;48,8605500000;2,2956190000
202200023399;2;9;2022;22:50;5;75;75103;2;2;1;2;BOULEVARD DE SEBASTOPOL;48,8693040000;2,3542490000
202200023400;1;9;2022;10:00;1;75;75101;2;4;1;3;PONT NEUF;48,8584990000;2,3425110000
202200023401;31;8;2022;14:30;1;75;75102;2;2;1;3;RUE DU QUATRE SEPTEMBRE;48,8691790000;2,3386890000
202200023402;1;9;2022;23:01;5;94;94044;2;1;1;3;GABRIEL PERI (AV);48,7524000000;2,4861900000
202200023403;2;9;2022;17:15;1;94;94068;2;2;1;3;GENERAL FERRIE (BD DU);48,8059550000;2,4681900000
202200023404;31;8;2022;23:45;5;94;94011;2;1;1;6;Avenue Jean Rostand;48,7672109998;2,4850273283
202200023405;13;4;2022;15:00;1;976;97607;1;1;1;1;RN3, VILLAGE DE HAJANGUA; -12,8758610000;45,2134450000
202200023406;1;9;2022;20:40;5;94;94017;2;1;1;3;GENERAL DE GAULLE (AV DU);48,8229800000;2,4943700000
202200023407;1;9;2022;08:20;1;94;94017;2;2;1;3;ALBERT THOMAS - PONT DE CHAMPIGNY (R);48,8134500000;2,5112570000
202200023408;18;4;2022;17:30;1;973;97304;1;1;1;3;Route Degrad Saramaca;5,1337707228; -52,7158892155
202200023409;2;9;2022;19:45;1;93;93066;2;1;1;6;Rue Proudhon;48,9065191722;2,3615886512
202200023410;19;4;2022;11:30;1;971;97119;1;3;1;3;Duval;16,4028099931; -61,4347583055
202200023411;2;9;2022;14:20;1;93;93064;2;1;2;1;Rue Louise Michel;48,8796770944;2,4790714497
202200023412;12;3;2022;18:00;1;978;97801;2;1;1;3;rn7 route de bellevue;18,0528060000; -63,0859850000
202200023413;2;9;2022;09:40;1;93;93064;2;1;1;3;Rue du 4e Zouave;48,8724957523;2,4766701092
202200023414;2;9;2022;14:50;1;93;93049;2;2;8;3;Rue Andre Malraux / Avenue du 18 Juin 1940;48,8623422398;2,5170149421
202200023415;17;4;2022;21:30;5;13;13031;2;3;1;1;Chemin du Maltrait;43,3748160000;5,6068040000
202200023416;1;9;2022;16:35;1;92;92064;2;1;1;3;REPUBLIQUE;48,8521090000;2,2128960000
202200023417;14;4;2022;10:45;1;13;13072;1;1;1;7;D56b;43,4531308697;5,6337108511
202200023418;1;9;2022;23:20;5;92;92050;2;3;1;3;CLEMENCEAU GEORGES AVENUE N° PAIR;48,8866555373;2,2052567303
202200023419;19;4;2022;19:30;1;25;25047;2;9;1;3;19 Rue de la Prairie;47,3482950000;6,3563690000
202200023420;2;9;2022;18:45;1;92;92020;2;1;1;6;PARIS AVENUE DE N° IMPAIRS;48,8074200000;2,2943100000
202200023421;19;4;2022;13:50;1;57;57209;2;1;1;6;D110C, Rue de la gare;49,0455060000;6,6068170000
202200023422;2;9;2022;18:00;1;92;92020;2;2;1;3;PARIS AVENUE DE N°84 A FIN;48,8110000000;2,3000000000
202200023423;20;4;2022;10:30;1;63;63254;1;3;1;2;route de varennes;45,8157513003;3,0535286665
202200023424;2;9;2022;10:10;1;92;92049;2;1;8;6;BRIAND AVENUE ARISTIDE N°1 A 129;48,8187652624;2,3256849646
202200023425;19;4;2022;14:59;1;07;07217;1;1;1;6;;45,0529390000;4,7383370000
202200023426;2;9;2022;05:00;5;92;92024;2;1;1;6;MORICE (RUE);48,9021375315;2,3121805787
202200023427;17;4;2022;22:55;5;13;13214;1;1;1;7;A507 sens Marseille - Aubagne;43,3300000000;5,3973900000
202200023428;16;4;2022;23:40;3;94;94042;1;1;1;2;A4;48,8272864270;2,4692556276
202200023429;30;8;2022;17:54;1;92;92019;2;1;1;6;SALENGRO ROGER (RUE);48,7711600000;2,2745000000
202200023430;17;4;2022;16:45;1;974;97407;2;3;1;3;MURAT CHANOINE(RUE); -20,9359900000;55,2956900000
202200023431;16;4;2022;16:35;1;69;69383;2;1;1;3;Boulevard Marius Vivier-Merle;45,7584300000;4,8581900000
202200023432;17;4;2022;19:00;1;69;69259;2;1;1;3;Avenue Francis de Pressensé;45,7261500000;4,8630100000
202200023433;16;4;2022;17:30;1;69;69034;2;1;1;1;Montée des Soldats;45,7928000000;4,8603600000
202200023434;15;4;2022;13:10;1;69;69081;2;3;1;6;22 Avenue Raymond de Veyssière;45,7745699936;4,7788971663
202200023435;17;4;2022;06:35;1;971;97113;1;4;1;4;Dampierre;16,2088435323; -61,4707374573
202200023436;15;4;2022;21:58;5;971;97101;1;1;1;7;ROUTE DE BOISVINS;16,2658300000; -61,4700200000
202200023437;16;4;2022;15:00;1;95;95427;2;3;1;3;RD 311;48,9761726274;2,3477429152
202200023438;16;4;2022;19:05;1;91;91286;2;1;1;6;CORBEIL (ROUTE DE);48,6542210000;2,3897920000
202200023439;17;4;2022;14:30;1;83;83062;2;1;1;6;DRAGUIGNAN (AVENUE DE);43,1409950000;6,0356770000
202200023440;16;4;2022;09:40;1;77;77372;2;6;1;2;D86;48,8843600000;2,6893400000
202200023441;16;4;2022;08:30;1;76;76259;2;1;1;6;MARCHAND ( RUE EUGENE);49,7578286600;0,3798443824
202200023442;16;4;2022;18:25;1;74;74010;2;1;1;6;BARATTES (AVENUE DES);45,9080600000;6,1430900000
202200023443;17;4;2022;05:55;2;69;69275;2;3;1;6;Rue Francisco Ferrer;45,7762619648;4,9763752723
202200023444;17;4;2022;19:29;1;62;62727;1;1;1;2;D 941;50,4737400000;2,5899200000
202200023445;17;4;2022;21:40;5;59;59350;2;6;1;3;CHR OSCAR LAMBRET  METRO;50,6138780000;3,0362650000
202200023446;17;4;2022;15:30;1;59;59350;2;3;1;6;ESCH SUR ALZETTE RUE;50,6401325191;3,0769082307
202200023447;16;4;2022;11:24;1;51;51454;2;1;1;2;rue André Huet;49,2764964776;4,0060025454
202200023448;17;4;2022;10:20;1;45;45234;2;2;1;3;Avenue Roger Secrétain;47,8940100000;1,8956400000
202200023449;7;4;2022;16:15;1;42;42218;2;1;2;6;Boulevard Jules Janin;45,4486400000;4,3907500000
202200023450;17;4;2022;06:45;5;33;33069;2;6;1;3;Boulevard Godard;44,8658643416; -0,5761216641
202200023451;17;4;2022;22:10;5;31;31555;2;1;1;3;PONT PIERRE DE COUBERTIN;43,5843200000;1,4344200000
202200023452;16;4;2022;17:55;1;29;29151;1;6;7;3;D786 - Giratoire de la Vierge Noire;48,5930100000; -3,8293600000
202200023453;16;4;2022;12:20;1;25;25462;1;1;1;4;R-N 57.;46,9087600000;6,3317900000
202200023454;24;3;2022;11:50;1;18;18033;1;1;1;4;;47,0459250000;2,4206980000
202200023455;18;4;2022;23:00;5;13;13208;2;3;1;3;pointe rouge (ave);43,2489868932;5,3752437124
202200023456;16;4;2022;16:35;1;13;13001;2;1;1;6;HUGO VICTOR (AV);43,5250003941;5,4462991655
202200023457;16;4;2022;16:50;1;11;11069;2;2;1;3;LANGEVIN PAUL BD PAIRS ...46;43,2237100000;2,3432000000
202200023458;17;4;2022;09:25;1;06;06069;2;1;1;3;VICTORIA (AVENUE ET TRAVERSE);43,6637480000;6,9275540000
202200023459;16;4;2022;12:00;1;05;05061;1;1;1;1;D994;44,5488000000;6,0380900000
202200023460;16;4;2022;12:50;1;03;03101;2;9;1;3;Rue Jean Moulin;46,3694050000;2,5716090000
202200023461;16;4;2022;19:10;1;02;02157;2;1;1;7;;49,5906700000;3,6489600000
202200023462;17;4;2022;14:40;1;75;75120;2;2;1;3;RUE DES COURONNES;48,8696560000;2,3821930000
202200023463;17;4;2022;18:00;1;75;75119;2;2;1;3;RUE RIQUET;48,8896709717;2,3682054877
202200023464;17;4;2022;11:50;1;75;75119;2;2;1;2;AVENUE DE FLANDRE;48,8842490000;2,3692170000
202200023465;17;4;2022;14:38;1;75;75118;2;2;1;6;BOULEVARD DE LA CHAPELLE;48,8838540000;2,3495240000
202200023466;17;4;2022;11:20;1;75;75118;2;2;1;3;RUE MARCADET;48,8903780000;2,3533380000
202200023467;17;4;2022;15:45;1;75;75116;2;1;1;3;ROUTE DES TRIBUNES;48,8552060000;2,2286890000
202200023468;16;4;2022;20:00;1;75;75115;2;2;1;3;RUE DE VOUILLE;48,8347250000;2,3051760000
202200023469;16;4;2022;18:45;1;75;75114;2;1;1;6;BOULEVARD BRUNE;48,8270790000;2,3078110000
202200023470;22;6;2022;22:30;4;93;93010;2;1;1;6;Avenue Henri Varagnat;48,9124500000;2,4817300000
202200023471;17;4;2022;14:03;1;94;94078;2;1;1;4;Avenue de Melun;48,7225500000;2,4433900000
202200023472;23;6;2022;13:00;1;93;93001;2;1;1;6;Rue des Ecoles;48,9062600000;2,3821700000
202200023473;17;4;2022;15:20;1;94;94016;2;2;1;3;Rue Etienne Dolet;48,7922800000;2,3375700000
202200023474;23;6;2022;12:40;1;92;92046;2;3;1;3;PIERRE LAROUSSE (AVENUE);48,8237091202;2,3026712090
202200023475;17;4;2022;09:35;1;94;94033;2;2;1;3;Boulevard Galliéni / Rue de Neuilly;48,8473600000;2,4786400000
202200023476;23;6;2022;08:55;1;92;92063;2;3;1;3;COLMAR (AVENUE DE);48,8870487502;2,1790947318
202200023477;17;4;2022;19:15;2;94;94069;2;1;1;2;144 Rue du Maréchal Leclerc;48,8178616679;2,4451317786
202200023478;22;6;2022;22:15;2;92;92036;2;3;1;3;GABRIEL PERI (AVENUE) (131/145);48,9219296010;2,2948396951
202200023479;17;4;2022;03:35;5;93;93005;2;3;1;3;Rue Jean Charcot / Boulevard Lefèvre;48,9328100000;2,4885400000
202200023480;18;6;2022;14:40;1;92;92026;2;1;1;2;JOFFRE ( DE 52 A FIN ET DE 61 A FIN );48,9020300000;2,2809800000
202200023481;17;4;2022;17:40;1;93;93070;2;1;1;3;Quai de Seine;48,9163200000;2,3249900000
202200023482;23;6;2022;10:17;1;92;92025;2;2;1;4;CHARLES DE GAULLE (BD);48,9090135783;2,2369623184
202200023483;22;6;2022;20:40;1;92;92025;2;1;1;6;JULES FERRY > 79   54 (RUE);48,9215542431;2,2343283891
202200023484;17;4;2022;10:30;1;93;93066;2;1;1;1;Avenue Jean Moulin;48,9414490000;2,3647120000
202200023485;22;6;2022;19:05;1;92;92025;2;9;1;6;BOURNARD (RUE DU);48,9229403965;2,2552201152
202200023486;17;4;2022;15:30;1;93;93074;2;6;1;3;Rue Henri IV / Rue Henri Barbusse;48,9343000000;2,5750400000
202200023487;21;6;2022;18:30;1;92;92025;2;2;1;3;CHARLES DE GAULLE (BD);48,9146201666;2,2290457785
202200023488;17;4;2022;12:15;1;93;93077;2;1;1;2;Rue de Neuilly;48,8773600000;2,5233700000
202200023489;23;6;2022;16:29;1;92;92071;2;1;1;7;AVENUE JEAN PERRIN;48,7852394776;2,3020793795
202200023490;23;6;2022;16:53;1;80;80016;2;1;1;6;Rue Jean Guyon;50,0010050000;2,6493300000
202200023491;17;4;2022;20:50;2;93;93048;2;2;1;3;Rue de Rosny / Boulevard de la Boissière;48,8711000000;2,4708000000
202200023492;17;4;2022;19:32;1;93;93048;2;2;1;3;Rue de Vincennes / Rue du Sergent Godefroy;48,8533880000;2,4352280000
202200023493;27;5;2022;15:15;1;33;33332;1;1;1;6;;45,0347640000; -0,0262700000
202200023494;17;4;2022;12:30;1;93;93048;2;1;1;3;Avenue Pasteur;48,8638807818;2,4396445156
202200023495;24;6;2022;17:00;1;06;06161;2;9;7;3;2411 Route Départementale 6007;43,6282470000;7,1330960000
202200023496;17;4;2022;20:10;1;93;93063;2;3;1;3;Boulevard Edouard Branly / A3;48,8761220000;2,4409740000
202200023497;21;6;2022;13:30;1;42;42120;2;6;1;6;Rue buissonnière;45,9957910000;3,9782630000
202200023498;16;4;2022;03:30;5;93;93032;2;1;1;6;Rue du Gènéral Leclerc;48,8873429430;2,5363561804
202200023499;17;4;2022;09:30;1;93;93005;2;1;1;3;Boulevard Charles Floquet;48,9336960000;2,5040980000
202200023500;18;6;2022;20:12;1;41;41123;1;4;1;3;D917;47,8182120000;1,4032030000
202200023501;17;4;2022;00:39;5;92;92051;2;1;1;6;MADRID (AVENUE DE);48,8819045521;2,2591715455
202200023502;23;6;2022;17:25;1;62;62340;2;1;1;3;Rue Amand Montois;50,4933920000;2,4238960000
202200023503;21;6;2022;18:45;1;57;57610;1;2;1;3;Route départementale 60;49,3556640000;6,4598110000
202200023504;17;4;2022;11:00;1;92;92026;2;2;1;3;RÉPUBLIQUE ( DE 82 A FIN );48,9030911180;2,2560765445
202200023505;17;4;2022;18:22;1;92;92025;2;1;1;3;PRESIDENT SALVADOR ALLENDE (RUE DU);48,9221911030;2,2357148230
202200023506;22;6;2022;16:35;1;56;56164;1;9;1;7;N165 sens Vannes/Lorient;47,6616230000; -2,7965730000
202200023507;16;4;2022;17:00;1;92;92025;2;2;1;3;STALINGRAD (AV DE);48,9356453482;2,2609215528
202200023508;8;6;2022;13:57;1;76;76693;1;2;1;3;D940;49,6780220000;0,1987460000
202200023509;24;6;2022;16:51;1;79;79235;1;1;2;1;;46,8482800000; -0,7824000000
202200023510;19;4;2022;10:00;1;54;54311;1;1;7;1;Route de Cerville;48,6767440000;6,3140490000
202200023511;24;6;2022;08:40;1;80;80353;1;1;8;3;D1017;49,8446520000;2,8729250000
202200023512;19;4;2022;12:30;1;81;81101;1;1;1;1;RD 988;44,0017370000;2,1651010000
202200023513;24;6;2022;10:20;1;65;65330;1;1;1;6;RD935;43,4295330000;0,0474000000
202200023514;18;4;2022;03:10;3;01;01378;1;1;1;6;D84;45,8203210000;5,1755690000
202200023515;19;4;2022;09:45;1;22;22375;1;1;1;1;La Lande;48,6146760000; -2,9655250000
202200023516;22;6;2022;08:30;1;33;33420;1;2;3;3;D245;44,8760185693; -0,1127895713
202200023517;19;4;2022;12:00;1;28;28196;1;1;1;1;autoroute A11 PK087+000;48,2833210000;1,2376360000
202200023518;23;6;2022;07:40;1;33;33252;2;1;1;6;17 Route du Pout;44,8111840000; -0,3864620000
202200023519;18;4;2022;18:55;3;972;97216;1;1;1;7;Habitation Lagrange;14,8108130000; -61,0482140000
202200023520;24;6;2022;17:30;1;63;63236;1;1;1;1;D996;45,5926600000;2,8292580000
202200023521;16;4;2022;17:45;1;83;83049;1;1;1;1;D43;43,2635770000;6,0668670000
202200023522;24;6;2022;11:00;1;63;63146;1;1;2;1;D997;45,7059840000;3,4112120000
202200023523;19;4;2022;19:50;2;60;60231;2;1;1;6;D50;49,2597810000;2,9308500000
202200023524;23;6;2022;07:30;2;61;61230;1;1;1;6;D37;48,5550800000;0,9177020000
202200023525;19;4;2022;06:30;2;12;12022;1;1;5;5;A75;44,0313560000;3,0672450000
202200023526;22;6;2022;12:45;1;61;61237;1;3;7;5;Bruyere de la Picotiere;48,7124720000; -0,2168730000
202200023527;19;4;2022;08:35;1;83;83031;2;1;1;6;;43,3944500000;6,3320300000
202200023528;23;6;2022;17:00;1;61;61150;1;1;1;3;Le Parc Goulet;48,7163160000;0,3369710000
202200023529;17;4;2022;02:55;5;91;91225;2;1;1;6;D448;48,6363830000;2,4624990000
202200023530;23;6;2022;15:45;1;42;42013;1;1;2;1;Route de Lyon;45,6470380000;4,3066750000
202200023531;15;4;2022;17:00;1;59;59089;2;1;1;6;Route de Watten;50,8687030000;2,3197250000
202200023532;24;6;2022;08:10;1;42;42192;2;1;3;6;Route des Côtes d'Aurec;45,3805550000;4,1142510000
202200023533;17;4;2022;22:45;3;76;76312;1;1;1;6;Route de Formerie;49,4927440000;1,7191240000
202200023534;21;6;2022;18:45;1;47;47093;1;1;1;7;D8 de la Tour d Avance;44,2070106325;0,1476192877
202200023535;19;4;2022;08:00;1;24;24550;1;1;5;2;A-89, en direction de BRIVE;45,1553044182;1,0686206818
202200023536;23;6;2022;14:45;1;41;41164;2;1;1;1;37 Avenue de la Gare;47,2830760000;1,3826010000
202200023537;24;6;2022;17:00;1;02;02308;1;1;1;6;14 Route Departementale 1043;50,0475410000;3,6856500000
202200023538;18;4;2022;18:15;1;11;11152;1;1;1;1;pk 34+500 rd 611;43,0634010000;2,8157190000
202200023539;21;6;2022;09:11;1;01;01034;1;1;1;6;992;45,7594400000;5,7131050000
202200023540;20;6;2022;21:35;2;58;58300;1;1;1;6;Route du Greux;47,0569740000;3,2065270000
202200023541;18;4;2022;17:15;1;63;63180;1;2;1;3;D1093;45,8527620000;3,2864680000
202200023542;24;6;2022;00:00;3;40;40046;2;1;2;6;920 Route des Lacs;44,4214670000; -1,1575180000
202200023543;18;4;2022;15:53;1;61;61061;1;1;1;7;Lieu Dit Courvoisier;48,4431310000;0,9249220000
202200023544;23;6;2022;13:57;1;40;40248;1;1;1;1;D817;43,5444270000; -1,3483040000
202200023545;23;6;2022;19:40;1;24;24518;1;1;1;6;La Grasserie;45,0187150000;0,7379400000
202200023546;19;4;2022;05:55;2;61;61375;1;2;8;3;MARCEI;48,6545440000;0,0378510000
202200023547;16;5;2022;08:20;1;87;87185;1;1;1;1;Route d Oradour-sur-Glane;45,8799990000;1,0216870000
202200023548;18;4;2022;14:00;1;42;42336;1;1;1;2;Route d Estaing;45,7028040000;4,3569370000
202200023549;23;6;2022;23:20;3;87;87097;1;1;1;7;Chenaumorte;46,1150440000;0,8643150000
202200023550;17;4;2022;21:20;3;86;86020;1;3;1;3;D749;46,6457800000;0,5878170000
202200023551;18;4;2022;17:50;1;68;68060;1;1;1;7;Route de Schweighouse;47,7409220000;7,1439730000
202200023552;23;6;2022;17:00;1;67;67152;2;1;7;1;2 route de lyon;48,5231530000;7,6774070000
202200023553;22;6;2022;16:20;1;42;42020;1;1;3;6;A72;45,6218680000;4,2026940000
202200023554;7;4;2022;14:30;1;35;35220;1;1;1;4;Lieu Dit la Pecherie;47,9943038783; -1,4587703347
202200023555;24;6;2022;15:00;1;06;06152;1;6;1;3;Route de Biot;43,6424070000;7,0353590000
202200023556;19;4;2022;09:00;1;03;03043;1;2;1;3;D218;46,1999950000;3,2887530000
202200023557;24;6;2022;09:00;1;69;69010;2;1;2;6;5 Rue Charles de Gaulle;45,8352230000;4,6174790000
202200023558;19;4;2022;10:25;1;01;01039;2;2;1;1;23 Route des Savoie;45,8526870000;5,7544970000
202200023559;22;6;2022;19:00;1;29;29230;1;1;3;1;Lieu Dit Kernone;47,9762990000; -3,5426510000
202200023560;17;4;2022;17:45;1;70;70407;1;1;1;7;RD 31;47,3577550000;6,0466110000
202200023561;24;6;2022;05:00;3;2A;2A288;1;1;1;6;D 859 PK12;41,5431160000;9,1849240000
202200023562;17;6;2022;17:15;1;66;66026;1;1;1;5;D2;42,5613310000;2,9033730000
202200023563;18;4;2022;17:20;1;66;66027;1;1;1;7;Route nationale 116;42,5025730000;2,0995470000
202200023564;18;4;2022;18:40;1;72;72219;1;1;1;7;10 Route de Saint Julien;48,0746090000; -0,0143340000
202200023565;20;6;2022;20:00;1;83;83138;1;3;1;3;D19;43,6174160000;6,7009510000
202200023566;4;6;2022;19:30;1;26;26332;1;1;1;3;A7 - PK 040+000 - sens N/S;45,1945890000;4,8755260000
202200023567;19;4;2022;12:45;1;50;50484;2;1;1;3;83 Rue de Paris;48,5773560000; -1,0897920000
202200023568;18;4;2022;00:25;5;43;43224;1;1;1;6;Les Roches;45,2536140000;4,2330090000
202200023569;24;6;2022;13:30;1;25;25465;1;1;3;5;Lieu dit Chatel;47,3295920000;6,3655420000
202200023570;18;4;2022;15:40;1;10;10225;1;1;1;7;chemin du clos;48,5098520000;3,5522590000
202200023571;24;6;2022;03:45;3;89;89255;1;1;2;2;A5;48,3043080000;3,2507960000
202200023572;10;6;2022;15:55;1;67;67151;1;1;1;4;D502;48,6976560000;7,8999640000
202200023573;18;4;2022;18:00;1;85;85234;2;1;7;6;RD753;46,7949980000; -2,0502960000
202200023574;17;4;2022;12:15;1;85;85047;1;1;1;3;RD 205;46,8506100000; -1,9086610000
202200023575;24;6;2022;12:14;1;54;54596;1;3;1;6;D50;48,5758620000;6,1054320000
202200023576;22;6;2022;08:25;1;69;69296;1;3;1;3;Route Départementale 307;45,6473402331;4,8562400043
202200023577;18;4;2022;18:50;2;28;28199;2;1;1;3;impasse des quatre vents;48,2012120000;1,8726240000
202200023578;24;6;2022;12:20;1;86;86121;2;2;1;3;Rue du Château d Eau;46,6277640000;0,0758480000
202200023579;19;4;2022;14:45;1;30;30339;1;1;1;6;D 986;44,0881940000;3,5976900000
202200023580;15;4;2022;18:30;1;33;33412;2;8;1;3;Route de Lesparre;45,2731490000; -0,8866430000
202200023581;23;6;2022;16:40;1;60;60309;2;3;1;3;Rue Bamberger;49,2058375381;2,0514897108
202200023582;19;4;2022;18:39;1;18;18140;1;1;1;2;;47,1662850000;1,9926670000
202200023583;16;4;2022;21:20;3;34;34255;2;6;1;7;D986;43,7086790000;3,8183070000
202200023584;22;6;2022;03:18;3;13;13211;1;1;2;2;A50-Sens Marseille vers Aubagne;43,2860709044;5,4297548532
202200023585;23;6;2022;18:00;1;91;91174;1;1;1;3;;48,6137650000;2,4507460000
202200023586;16;4;2022;11:00;1;78;78010;1;3;7;1;D45;48,9150790000;1,9346020000
202200023587;23;6;2022;11:30;1;91;91174;1;1;1;2;RN 104;48,6207900000;2,4615000000
202200023588;17;4;2022;19:00;1;37;37072;2;1;1;6;17 Rue de la Roche Faucon;47,1680929000;0,2572399378
202200023589;18;4;2022;18:11;1;18;18207;2;1;1;2;3 Avenue Gabriel Dordain;46,9924020000;2,2451590000
202200023590;23;6;2022;11:20;1;91;91553;1;1;1;5;RN 104;48,6299000000;2,4848000000
202200023591;18;4;2022;18:50;1;78;78206;2;1;1;6;34 Avenue de la Porte du May;48,9549900000;1,9219740000
202200023592;23;6;2022;11:15;1;91;91235;1;1;1;6;RN 104;48,6258980000;2,3576370000
202200023593;23;6;2022;05:00;3;91;91161;1;1;1;2;AUTOROUTE A6;48,6970000000;2,3155000000
202200023594;19;4;2022;17:40;1;83;83112;1;1;1;1;1074 Route de la Cadiere;43,1933030000;5,7161630000
202200023595;22;6;2022;21:15;2;78;78291;1;1;1;2;A13;48,9654680000;1,7518980000
202200023596;17;4;2022;17:15;1;13;13086;2;1;1;2;Avenue du Repos;43,3439380000;5,6041380000
202200023597;22;6;2022;09:50;1;92;92076;1;1;1;2;A13;48,8316505947;2,1499007678
202200023598;19;4;2022;02:00;3;13;13027;1;1;1;1;Route de Tarascon;43,8724330000;4,8212060000
202200023599;22;6;2022;09:35;1;92;92050;1;1;1;3;A14;48,8926794647;2,2348099552
202200023600;13;4;2022;13:25;1;67;67416;1;3;1;3;D77;49,0126870000;7,8940280000
202200023601;23;6;2022;16:30;1;94;94015;1;1;1;2;A4;48,8294535608;2,5282723079
202200023602;18;4;2022;19:50;1;73;73034;1;1;1;6;D925;45,7195954728;6,5629109970
202200023603;23;6;2022;16:00;1;94;94015;1;1;1;2;A4;48,8294535608;2,5282723079
202200023604;19;4;2022;12:00;1;69;69157;2;1;1;3;83 Rue Edmond Michelet;45,8753330000;4,5030960000
202200023605;23;6;2022;02:00;3;94;94028;1;1;1;6;A86 EXT;48,7826936624;2,4408608817
202200023606;16;4;2022;14:25;1;86;86078;2;1;1;2;Route de Niort;46,1615180000;0,3008020000
202200023607;22;6;2022;21:30;2;77;77373;1;1;1;2;RN104;48,7926700000;2,6190800000
202200023608;19;6;2022;17:08;1;57;57508;2;2;1;6;PEUPLIERS (RUE DES);49,3471000000;6,0572000000
202200023609;19;4;2022;10:25;1;76;76610;1;2;1;3;D131e;49,6237430000;0,7897600000
202200023610;19;4;2022;16:35;1;60;60542;2;2;1;3;Route de Mouy;49,4050166193;2,1822903156
202200023611;23;4;2022;19:00;1;63;63113;2;1;1;1;CHARME (RUE DE LA);45,8116600000;3,1318700000
202200023612;19;4;2022;10:15;1;59;59222;2;1;1;6;2541Route Nationale;50,4433220000;3,1350520000
202200023613;22;6;2022;09:40;1;976;97611;2;1;1;6;passamanty-M'hogoni (rue); -12,7852700000;45,2205800000
202200023614;17;4;2022;16:45;1;59;59449;1;1;1;6;Cd 938;50,4641220000;3,2160970000
202200023615;23;6;2022;00:05;3;974;97416;1;1;1;7;RN03; -21,3147300000;55,4932800000
202200023616;22;6;2022;11:40;1;974;97411;2;1;1;6;LANCASTEL (BOULEVARD); -20,8775500000;55,4563900000
202200023617;17;4;2022;01:45;5;13;13005;1;1;1;1;A52-Sens Toulon vers Pont de l'Etoile;43,3242900000;5,5984800000
202200023618;22;6;2022;02:05;5;973;97302;2;3;1;7;ZEPHIR (ROCADE);4,9380440541; -52,3063722253
202200023619;16;4;2022;06:50;1;69;69204;1;1;1;2;Autoroute 450   ;45,6899135145;4,8159062862
202200023620;22;6;2022;16:40;1;69;69388;2;1;1;2;Rue Pierre Verger;45,7319300000;4,8753700000
202200023621;17;4;2022;21:16;5;33;33281;1;1;1;2;ROCADE A 630;44,8546000000; -0,6645200000