Num_Acc;jour;mois;an;hrmn;lum;dep;com;agg;int;atm;col;adr;lat;long
202200023622;22;6;2022;18:45;5;972;97209;2;1;1;3;PAUL NARDAL (AVENUE);14,6159700000; -61,0716900000
202200023623;17;4;2022;18:20;1;94;94038;1;1;1;6;AUTOROUTE A6B;48,7743114491;2,3455356334
202200023624;17;4;2022;16:50;1;77;77251;1;1;1;7;AUTOROUTE A5A;48,6261468381;2,5393805790
202200023625;22;6;2022;05:55;2;69;69382;2;1;3;6;Pont Galliéni;45,7488800000;4,8303900000
202200023626;17;4;2022;16:10;1;91;91521;1;1;1;7;RN 104;48,6349100000;2,4054400000
202200023627;21;6;2022;18:50;1;69;69202;2;3;1;3;Rue de Cuzieu;45,7334600000;4,7797000000
202200023628;16;4;2022;23:50;4;91;91432;1;1;1;2;AUTOROUTE A6;48,6935800000;2,3202000000
202200023629;17;4;2022;15:50;1;92;92050;1;1;1;6;A86;48,9014119491;2,2024923116
202200023630;22;6;2022;17:05;1;971;97120;2;2;1;6;CHANZY (BOULEVARD);16,2412500000; -61,5350400000
202200023631;22;6;2022;21:00;2;95;95277;1;1;1;6;RD 170;48,9779612929;2,4551385641
202200023632;15;4;2022;20:40;2;78;78291;1;1;1;4;A13;48,9653610000;1,7603920000
202200023633;21;6;2022;23:30;5;88;88160;2;2;1;3;POISSOMPRE (FG DE);48,1848200000;6,4778100000
202200023634;22;6;2022;05:41;5;87;87085;2;2;1;7;pont de la Révolution;45,8362700000;1,2505500000
202200023635;17;4;2022;20:00;1;93;93010;1;1;1;4;AUTOROUTE A3;48,9038200000;2,4712700000
202200023636;19;6;2022;04:53;5;87;87085;2;1;1;6;ALLENDE (QUAI SALVADOR);45,8176200000;1,2535600000
202200023637;17;4;2022;12:45;1;93;93007;1;1;1;5;AUTOROUTE A3;48,9420200000;2,4784700000
202200023638;22;6;2022;08:00;1;81;81065;1;1;1;4;LAVAUR RD 112 (RTE DE);43,6154200000;2,1868300000
202200023639;17;4;2022;21:50;3;95;95306;1;1;1;2; A15;49,0012151429;2,1726107597
202200023640;22;6;2022;16:30;1;78;78418;2;6;1;4;GABRIEL PERI (AVENUE);48,9118720000;2,1212520000
202200023641;17;4;2022;11:50;1;93;93051;1;1;1;2;A4;48,8347032519;2,5840883395
202200023642;15;4;2022;17:00;1;77;77121;1;1;1;6;A4;48,8321066155;2,6704746880
202200023643;21;6;2022;16:40;1;77;77514;1;9;1;1;ROUTE NATIONALE 3;48,9413200000;2,6334530000
202200023644;11;4;2022;18:00;1;77;77146;1;1;1;3;A4.Y;48,8323589795;2,6600490129
202200023645;17;4;2022;18:35;1;77;77186;1;1;1;3;D606;48,3823660000;2,7722920000
202200023646;15;4;2022;20:40;3;974;97416;1;9;1;6;RN1(BRETELLE ACCES); -21,3308000000;55,4684500000
202200023647;22;6;2022;17:50;1;76;76322;2;3;1;6;Rue Antoine Laurent de Lavoisier;49,4183000000;1,0447700000
202200023648;16;4;2022;06:05;2;974;97416;1;1;1;2;RN1 (ROUTE NATIONALE); -21,3322000000;55,4580000000
202200023649;5;5;2022;09:50;1;76;76351;2;3;1;2;Rue Georges Braque;49,4952900000;0,1018500000
202200023650;22;6;2022;09:30;1;71;71270;1;1;1;3;Route des Allemands;46,2838830000;4,7760470000
202200023651;16;4;2022;23:30;5;69;69386;2;2;1;1;Boulevard des Belges;45,7723600000;4,8537900000
202200023652;21;6;2022;08:00;1;71;71270;1;2;1;5;Route des Allemands;46,2780400000;4,7766700000
202200023653;16;6;2022;14:20;1;68;68066;2;9;1;3;LECLERC (BOULEVARD DU GENERAL);48,0730440000;7,3544250000
202200023654;16;4;2022;15:30;1;69;69383;2;2;7;3;Rue Antoine Charial;45,7582700000;4,8659100000
202200023655;22;6;2022;18:20;1;64;64445;2;2;1;3;avenue de l'église Saint-Joseph;43,3062200000; -0,3748900000
202200023656;16;4;2022;04:00;5;69;69388;2;2;1;3;Rue Saint Romain;45,7417000000;4,8621000000
202200023657;22;6;2022;12:55;1;64;64335;2;1;1;3;EUROPE DE L';43,3247800000; -0,4377700000
202200023658;16;4;2022;17:00;1;972;97213;2;1;7;2;ROUTE DEPARTEMENTALE 14;14,6189000000; -61,0217400000
202200023659;12;6;2022;18:00;1;59;59193;1;1;1;3;D.952;50,5909000000;3,0090600000
202200023660;21;6;2022;21:14;1;56;56121;2;1;1;6;152 Rue de Larmor;47,7401500000; -3,3790900000
202200023661;16;4;2022;12:30;1;69;69381;2;3;1;1;156 Boulevard de la Croix-Rousse;45,7743511831;4,8318087682
202200023662;16;4;2022;02:55;5;2B;2B353;1;9;1;7;CAP - ROUTE DU CAP;42,7163400000;9,4555800000
202200023663;21;6;2022;13:58;1;56;56121;2;1;1;6;MENDES FRANCE ( BD PIERRE );47,7665900000; -3,3932400000
202200023664;21;6;2022;12:20;1;56;56121;2;1;1;6;BERLIOZ (RUE  HECTOR );47,7629300000; -3,3771600000
202200023665;16;4;2022;14:45;1;971;97101;1;1;1;2;DUGAZON;16,2517448022; -61,5186524391
202200023666;22;6;2022;16:40;1;54;54547;2;1;1;2;MIRECOURT (ROUTE DE);48,6632700000;6,1890200000
202200023667;16;4;2022;16:30;1;2A;2A004;2;1;1;6;GEORGES POMPIDOU AVENUE;41,9320200000;8,7562800000
202200023668;22;6;2022;21:54;2;51;51454;2;1;1;3;boulevard du Général Leclerc;49,2536561862;4,0221253037
202200023669;22;6;2022;13:45;1;51;51454;2;2;2;3;place Mozart;49,2382800000;4,0205700000
202200023670;16;4;2022;13:10;1;95;95427;2;1;1;5;Rue de Pierrefitte;48,9723274835;2,3533219099
202200023671;22;6;2022;10:00;1;51;51454;2;1;1;7;rue de Neufchâtel;49,2724925481;4,0265160799
202200023672;15;4;2022;13:34;1;91;91339;1;3;1;1;RTE NATIONALE 20;48,6169900000;2,2569900000
202200023673;21;6;2022;17:35;1;49;49328;2;6;1;3;MEHEL (ROND-POINT LUCIEN);47,2748100000; -0,0611100000
202200023674;16;4;2022;16:30;1;91;91161;2;1;1;6;RUE MAURICE RAVEL;48,6906450000;2,3105010000
202200023675;22;6;2022;01:36;5;49;49007;2;1;1;6;SAINT LAZARE;47,4801800000; -0,5660900000
202200023676;22;6;2022;17:45;1;44;44114;2;6;1;3;Rond-point du Bois Cesbron;47,2584600000; -1,6242550000
202200023677;16;4;2022;14:40;1;91;91191;2;1;1;1;REPUBLIQUE (AVENUE DE LA);48,7227700000;2,4489300000
202200023678;21;6;2022;18:00;1;44;44162;2;1;8;6;282 Boulevard Marcel Paul;47,2292800000; -1,6340540000
202200023679;22;6;2022;07:30;1;44;44109;2;1;1;3;79 Boulevard Gabriel Lauriol;47,2404500000; -1,5587800000
202200023680;14;4;2022;18:30;1;83;83118;2;3;1;3;AVENUE HENRI FABRE;43,4299567974;6,7998635173
202200023681;22;6;2022;21:25;2;37;37233;2;6;8;3;ERIDENCE (RUE DE L');47,3951918126;0,7261101902
202200023682;16;4;2022;22:10;5;81;81004;2;6;1;7;FINLANDE (DE);43,9248700000;2,1332000000
202200023683;22;6;2022;07:50;1;37;37261;2;3;1;3;VAILLANT (RUE EDOUARD);47,3842420735;0,7012809813
202200023684;22;6;2022;22:55;5;35;35238;2;2;2;1;CHATEAUGIRON (DE);48,1003420000; -1,6499300000
202200023685;22;6;2022;17:40;1;35;35238;2;1;3;3;BREIL (RUE DU);48,0958634062; -1,6333838180
202200023686;16;4;2022;20:15;1;69;69029;2;2;1;3;Route de Genas;45,7491500000;4,9143400000
202200023687;22;6;2022;08:30;1;35;35238;2;6;1;3;LANGUEDOC (AVENUE DU);48,1159638755; -1,7049575597
202200023688;16;4;2022;18:38;1;69;69290;2;1;1;3;Rue Claude Farrère;45,6877175336;4,9532085657
202200023689;21;6;2022;17:00;1;29;29232;2;6;1;7;Rond-Point du Manoir;48,0022200000; -4,1083900000
202200023690;16;4;2022;16:00;1;69;69264;2;1;1;6;Rue Nationale;45,9891700000;4,7185800000
202200023691;22;6;2022;09:20;1;29;29232;1;1;1;6;N165;47,9826499900; -4,0160675809
202200023692;16;4;2022;17:50;1;64;64269;2;1;1;1;ARROUTUROUS DES;43,2966900000; -0,3118900000
202200023693;22;6;2022;04:20;3;22;22360;2;1;1;6;RD700;48,4674100000; -2,7770600000
202200023694;16;4;2022;11:25;1;64;64024;2;1;1;7;Avenue de Bayonne;43,4811040554; -1,5116930008
202200023695;19;6;2022;18:35;1;19;19272;2;1;1;1;Croix de Bar (Lieu dit);45,2795762711;1,7483518124
202200023696;22;6;2022;07:30;1;13;13208;2;1;2;2;MENDES FRANCE (AVENUE);43,2522400000;5,3760500000
202200023697;16;4;2022;05:04;5;64;64102;2;3;1;6;SOULT (AVENUE MARECHAL);43,4859000000; -1,4902100000
202200023698;22;6;2022;06:00;1;13;13202;2;1;2;2;CARGO RHIN FIDELI (RUE);43,3270200000;5,3589600000
202200023699;16;4;2022;11:30;1;59;59378;2;3;1;6;PASTEUR RUE;50,6600000000;3,0809000000
202200023700;17;6;2022;08:30;1;13;13214;2;1;1;6;BUREL (BOULEVARD);43,3165475451;5,3892234104
202200023701;22;6;2022;02:10;5;13;13208;2;9;1;2;MENDES FRANCE (AVENUE);43,2554160362;5,3764744225
202200023702;16;4;2022;09:00;1;37;37261;2;2;1;3;MIRABEAU (RUE);47,3975000000;0,6994200000
202200023703;21;6;2022;09:50;1;13;13207;2;1;1;4;Corniche John Fitzgérald Kennedy;43,2772800000;5,3568000000
202200023704;16;4;2022;17:50;1;35;35189;1;1;1;3;D137;48,1597783418; -1,7060512304
202200023705;22;6;2022;22:30;5;13;13028;2;1;1;3;MICHELET (BOULEVARD JULES);43,1747500000;5,6027300000
202200023706;22;6;2022;03:50;3;13;13001;2;3;2;7;ROI RENE (BD DU);43,5244300000;5,4533700000
202200023707;12;4;2022;09:08;1;34;34108;2;1;1;4;Avenue du Maréchal Juin;43,4360400000;3,7392000000
202200023708;22;6;2022;15:50;1;06;06069;2;9;1;3;MADELEINE;43,6552900000;6,9382000000
202200023709;16;4;2022;19:10;1;33;33318;2;1;1;3;Avenue Gustave Eiffel;44,7857300000; -0,6427800000
202200023710;18;6;2022;10:50;1;03;03190;2;1;1;6;Rue Paul Bert;46,5640000000;3,3315500000
202200023711;15;4;2022;11:15;1;29;29232;2;1;1;6;Rue Pierre de Beaumarchais;48,0078100000; -4,0933800000
202200023712;21;6;2022;03:50;5;75;75117;2;1;1;2;PORTE DE SAINT OUEN;48,9005860000;2,3289880000
202200023713;16;4;2022;12:54;1;15;15014;2;6;1;2;DOUMER (AVENUE PAUL);44,9231970000;2,4425860000
202200023714;20;6;2022;17:10;1;75;75117;2;1;1;2;PORTE DE CLICHY;48,8979210000;2,3134410000
202200023715;22;6;2022;02:10;5;75;75119;2;1;1;6;PORTE DE PANTIN;48,8834300000;2,3997390000
202200023716;16;4;2022;21:30;5;13;13211;2;1;1;1;ELLEON (AVENUE);43,2837259376;5,4428386322
202200023717;16;4;2022;08:55;1;13;13204;2;1;1;2;CHARTREUX (AVENUE DES);43,3039000000;5,3981000000
202200023718;22;6;2022;00:15;4;75;75119;2;7;1;1;PLACE AUGUSTE BARON;48,9008670000;2,3883290000
202200023719;17;4;2022;00:29;3;10;10115;1;1;1;1;;48,3158199607;4,1174257476
202200023720;22;6;2022;10:40;1;75;75118;2;2;1;6;BOULEVARD BARBES;48,8855360000;2,3495390000
202200023721;16;4;2022;21:19;5;10;10333;2;2;1;1;TILLEULS (AVENUE DES);48,2850205740;4,0624523163
202200023722;22;6;2022;19:00;1;75;75117;2;3;1;3;RUE CARDINET;48,8902590000;2,3172120000
202200023723;22;6;2022;02:15;5;75;75117;2;1;1;6;RUE DULONG;48,8858100000;2,3156160000
202200023724;16;4;2022;18:10;1;10;10387;2;2;9;3;FERNAND GIROUX (RUE);48,3006500000;4,0630200000
202200023725;22;6;2022;14:40;1;75;75115;2;2;1;2;RUE DE LA CONVENTION;48,8411090000;2,2879090000
202200023726;15;4;2022;22:27;3;07;07316;1;1;1;6;;44,9066600000;4,8535000000
202200023727;15;4;2022;16:10;1;07;07019;2;1;1;6;GEORGES COUDERC (RUE);44,6176100000;4,3889500000
202200023728;22;6;2022;12:55;1;75;75113;2;3;1;3;QUAI DE LA GARE;48,8356730000;2,3753640000
202200023729;16;4;2022;15:20;1;06;06088;1;1;1;1;BOULEVARD DE L'OBSERVATOIRE;43,7209270000;7,3037650000
202200023730;22;6;2022;18:50;1;75;75112;2;2;1;3;QUAI DE LA RAPEE;48,8458160000;2,3676590000
202200023731;16;4;2022;20:40;2;75;75112;2;1;1;2;BD PERIPHERIQUE EXTERIEUR;48,8264910000;2,3891460000
202200023732;22;6;2022;22:35;5;75;75111;2;2;1;6;RUE OBERKAMPF;48,8626080000;2,3673450000
202200023733;21;6;2022;23:20;5;75;75110;2;1;1;6;QUAI DE JEMMAPES;48,8697530000;2,3668900000
202200023734;16;4;2022;10:50;1;75;75105;2;2;7;6;QUAI DE MONTEBELLO;48,8530620732;2,3468081653
202200023735;22;6;2022;13:30;1;75;75109;2;3;1;6;RUE CLAUZEL;48,8793840000;2,3370400000
202200023736;16;4;2022;22:20;5;75;75120;2;2;1;6;RUE DE MENILMONTANT;48,8683080000;2,3881700000
202200023737;22;6;2022;09:50;1;75;75109;2;2;1;1;RUE LA FAYETTE;48,8771790000;2,3489800000
202200023738;16;4;2022;21:30;2;75;75120;2;4;1;6;AVENUE DU DOCTEUR GLEY;48,8772090000;2,4100960000
202200023739;22;6;2022;19:40;1;75;75108;2;7;1;2;PLACE DE CLICHY;48,8833140000;2,3269300000
202200023740;16;4;2022;18:05;1;75;75117;2;2;1;6;RUE CARDINET;48,8886163385;2,3156449199
202200023741;22;6;2022;16:56;1;75;75116;2;3;1;3;AVENUE KLEBER;48,8661210000;2,2894840000
202200023742;16;4;2022;20:00;2;75;75116;2;7;7;6;BOULEVARD ANDRE MAUROIS;48,8778450000;2,2794290000
202200023743;21;6;2022;22:11;5;75;75108;2;7;1;3;AVENUE FRANKLIN D ROOSEVELT;48,8696910000;2,3101230000
202200023744;16;4;2022;18:50;1;75;75116;2;3;1;3;AVENUE DU PRESIDENT KENNEDY;48,8579350000;2,2878940000
202200023745;22;6;2022;02:15;5;75;75107;2;2;1;7;QUAI D ORSAY;48,8628510000;2,3134410000
202200023746;14;4;2022;09:40;1;75;75115;2;2;1;2;QUAI D ISSY LES MOULINEAUX;48,8345450000;2,2669430000
202200023747;22;6;2022;00:00;5;94;94081;2;1;1;3;MAXIMILIEN ROBESPIERRE (AV);48,7909200000;2,3879900000
202200023748;21;6;2022;17:45;1;94;94080;2;1;1;3;DIDEROT (R);48,8506900000;2,4390200000
202200023749;16;4;2022;16:05;1;75;75114;2;7;1;6;AVENUE DU COLONEL HENRI ROL TANGUY;48,8344497934;2,3324315250
202200023750;21;6;2022;08:15;1;94;94068;2;6;1;3;D'ADAMVILLE KENNEDY (PL);48,7933890000;2,4873080000
202200023751;15;4;2022;17:20;1;75;75114;2;1;1;7;BOULEVARD BRUNE;48,8255600000;2,3153100000
202200023752;20;6;2022;10:35;1;94;94068;2;1;1;1;FOCH (AV);48,8025900000;2,4912200000
202200023753;15;4;2022;20:00;1;75;75112;2;4;1;3;RUE DE LYON;48,8494861453;2,3709542701
202200023754;22;6;2022;08:45;1;94;94052;2;1;1;4;STRASBOURG (BD DE);48,8402600000;2,4815000000
202200023755;16;4;2022;18:50;1;75;75111;2;3;1;3;RUE DE LA ROQUETTE;48,8587022897;2,3843295872
202200023756;22;6;2022;08:45;1;94;94058;2;1;1;2;BOIS (R DU);48,8559000000;2,5011400000
202200023757;22;6;2022;12:40;1;94;94041;2;3;1;1;JEAN JACQUES ROUSSEAU (R);48,8186300000;2,3933100000
202200023758;16;4;2022;16:15;1;75;75108;2;2;1;3;RUE CHATEAUBRIAND;48,8737180000;2,3005650000
202200023759;21;6;2022;20:00;1;94;94028;2;3;1;3;Rue des Mèches / Rue du Château;48,7923570000;2,4579260000
202200023760;16;4;2022;03:45;5;75;75108;2;7;1;6;PLACE DE LA MADELEINE;48,8706688794;2,3255623877
202200023761;21;6;2022;21:47;2;94;94022;2;1;1;4;Avenue de Newburn;48,7551300000;2,4114400000
202200023762;16;4;2022;19:15;1;94;94081;2;1;1;6;78 Rue Charles Heller;48,7952192187;2,4090700148
202200023763;22;6;2022;08:00;1;94;94069;2;1;8;7;10 Avenue des Canadiens;48,8171000000;2,4578100000
202200023764;22;6;2022;12:00;1;93;93066;2;9;1;6;Rue de Compiègne;48,9422931991;2,3689243197
202200023765;16;4;2022;04:15;5;94;94046;2;1;1;2;174 Avenue de la République;48,8082300000;2,4494900000
202200023766;22;6;2022;17:56;1;93;93046;2;1;1;3;Boulevard Gutenberg;48,9132640000;2,5176710000
202200023767;16;4;2022;13:15;1;94;94003;2;3;1;2;Rue Berthollet;48,8037800000;2,3305400000
202200023768;21;6;2022;18:40;1;93;93032;2;3;1;-1;Avenue de Rambouillet / Avenue d'Orléans;48,8749500000;2,5457400000
202200023769;16;4;2022;20:15;2;93;93074;1;1;1;2;D933;48,9342300000;2,5996300000
202200023770;22;6;2022;07:40;1;93;93027;2;1;1;2;Rue de Valmy;48,9220800000;2,3801600000
202200023771;16;4;2022;17:35;1;93;93066;2;3;1;6;Avenue de Stalingrad / Allee Las Casas;48,9460930000;2,3671080000
202200023772;20;6;2022;23:15;5;93;93027;2;2;1;3;Avenue Lénine / Rue Maurice Lachâtre;48,9194300000;2,4135600000
202200023773;16;4;2022;10:00;1;93;93055;2;3;1;3;Rue Delizy / Quai de l’Ourcq;48,8953430000;2,4097220000
202200023774;22;6;2022;20:20;1;93;93010;2;2;1;3;Avenue Galliéni / Avenue de Verdun;48,9071600000;2,4887200000
202200023775;22;6;2022;18:00;1;93;93008;2;7;1;3;Avenue Paul Vaillant - Couturier / Rue Honore d'Estienne d'Orves;48,9072300000;2,4567400000
202200023776;15;4;2022;23:00;5;93;93055;2;1;1;3;Rue Scandicci;48,8914200000;2,3988800000
202200023777;22;6;2022;21:35;1;93;93005;2;1;1;3;137 Rue Maximilien de Robespierre;48,9503493372;2,5054208636
202200023778;22;6;2022;14:45;1;92;92051;2;1;1;3;CHARLES DE GAULLE (AVENUE,N°118 A 192 +;48,8831815676;2,2652097344
202200023779;22;6;2022;09:50;1;92;92040;2;1;1;3;QUATRE SEPTEMBRE (DU);48,8283100000;2,2857600000
202200023780;16;4;2022;18:03;1;93;93050;2;3;1;4;Avenue du 8 Mai 1945 / Rue du Roussillon;48,8659800000;2,5344700000
202200023781;21;6;2022;09:15;1;92;92036;2;2;1;3;RAVERDIS (RUE DS);48,9221190634;2,3236216754
202200023782;22;6;2022;08:35;1;92;92025;2;3;1;6;RACINE (AV);48,9206993558;2,2292839587
202200023783;22;6;2022;20:51;1;92;92024;2;2;1;1;GENERAL LECLERC (BD DU) (9 A 59)   (4 A;48,9013233939;2,3152487576
202200023784;22;6;2022;18:25;1;92;92024;2;1;1;6;GENERAL LECLERC (RUE DU) DE (81 A 109)  ;48,9074771875;2,3083495796
202200023785;22;6;2022;17:20;1;92;92024;2;1;1;6;PIERRE DREYFUS (RUE);48,9060276657;2,3195880353
202200023786;22;6;2022;01:30;5;92;92024;2;1;1;2;MARTRE (RUE) DE (111 A 119)   (122 A 144;48,9083597144;2,3002841771
202200023787;22;6;2022;11:55;1;92;92023;2;1;1;4;GALILEE (AVENUE);48,7802929970;2,2467810139
202200023788;17;6;2022;19:46;1;92;92071;2;1;1;2;GENERAL LECLERC (AVENUE DU);48,7716960004;2,3121510744
202200023789;22;6;2022;17:00;1;60;60130;1;9;1;1;Rue de Sacy-le-Grand;49,3653690000;2,5262760000
202200023790;23;6;2022;18:00;1;51;51528;2;1;1;1;Rue Notre Dame;48,7184430000;4,7868040000
202200023791;22;6;2022;07:30;1;31;31573;2;3;1;1;croisement D20/D22L;43,6581870000;1,6426870000
202200023792;23;6;2022;02:57;3;28;28161;1;1;1;7;Autoroute Oceane - A11;48,2420670000;1,1001990000
202200023793;22;6;2022;18:45;1;28;28424;1;1;3;5;D921  PK 33;48,2330990000;1,1990440000
202200023794;22;6;2022;12:30;1;11;11172;1;3;1;3;;43,2660970000;2,7356600000
202200023795;22;6;2022;16:55;1;46;46201;2;3;1;3;Moulin de Pleysse (Montcuq);44,3438080000;1,2090540000
202200023796;22;6;2022;19:20;2;01;01419;1;1;3;2;D884;46,2338400000;6,0105300000
202200023797;22;6;2022;16:20;1;17;17407;1;1;1;7;N11;46,2012100000; -1,0271950000
202200023798;20;6;2022;08:30;1;30;30217;2;1;1;2;Avenue Charles de Gaulle;43,9596000000;4,7267680000
202200023799;23;6;2022;17:50;1;62;62767;2;1;1;1;Rue de Bethune;50,3836240000;2,3408320000
202200023800;8;6;2022;08:58;1;37;37203;1;1;1;6;A10 PK 202+600;47,4271872349;0,7341367006
202200023801;21;6;2022;08:30;1;91;91225;2;1;1;6;Residence les Bois du Cerf;48,6388430000;2,4764810000
202200023802;23;6;2022;00:00;3;80;80499;2;1;1;6;Chaussee du Haut de Mailly;49,7471490000;2,4496670000
202200023803;6;10;2022;18:00;1;27;27229;2;2;1;1;SAINT GERMAIN (RUE);49,0195500000;1,1391400000
202200023804;6;10;2022;17:15;1;26;26198;2;1;1;6;CHABERT (Rue Charles);44,5579900000;4,7453700000
202200023805;6;10;2022;17:25;1;16;16102;2;2;1;3;PYRAMIDE (RUE DE LA);45,6984100000; -0,3203400000
202200023806;6;10;2022;07:25;1;14;14118;2;3;1;6;Boulevard Yves Guillou;49,1723980000; -0,3811520000
202200023807;6;10;2022;21:30;5;13;13215;2;9;1;3;LE CHATELIER;43,3489700000;5,3740200000
202200023808;5;10;2022;16:20;1;10;10362;1;1;1;4;;48,2965500000;4,0060000000
202200023809;6;10;2022;10:30;1;09;09225;2;3;1;3;BELPECH ROUTE DE;43,1165700000;1,6320130000
202200023810;6;10;2022;09:30;1;06;06027;2;6;1;6;ALPES AVENUE DES;43,6618600000;7,1326300000
202200023811;5;10;2022;14:35;1;05;05061;2;1;1;2;MARECHAL FOCH ( AVENUE DU );44,5637200000;6,0882000000
202200023812;6;10;2022;16:40;1;04;04070;2;6;7;-1;ONZE NOVEMBRE 1918 (RD PT DU);44,0910400000;6,2310400000
202200023813;5;10;2022;10:40;1;03;03321;2;3;1;7;BERGERON-VEBRET (RUE);46,5652000000;3,3553000000
202200023814;6;10;2022;14:45;1;75;75120;2;4;1;2;PORTE DE MONTREUIL;48,8514750000;2,4150990000
202200023815;6;10;2022;11:50;1;75;75119;2;1;1;2;PORTE DE LA VILLETTE;48,8972130000;2,3943540000
202200023816;5;10;2022;08:40;1;75;75118;2;1;1;2;PORTE DE CLIGNANCOURT;48,9010760000;2,3452730000
202200023817;4;10;2022;08:40;1;75;75113;2;4;1;2;PORTE D IVRY;48,8186670000;2,3706690000
202200023818;5;10;2022;14:05;1;75;75111;2;1;1;3;RUE ALEXANDRE DUMAS;48,8531100000;2,3904450000
202200023819;6;10;2022;09:40;1;75;75106;2;5;1;1;RUE DE VAUGIRARD;48,8450960000;2,3201460000
202200023820;6;10;2022;00:33;5;75;75105;2;2;1;1;PLACE SAINT MICHEL;48,8537540000;2,3442760000
202200023821;5;10;2022;21:20;5;75;75120;2;1;1;6;BOULEVARD MORTIER;48,8718430000;2,4088090000
202200023822;6;10;2022;17:15;1;75;75119;2;3;1;1;RUE ARCHEREAU;48,8898310000;2,3721430000
202200023823;6;10;2022;15:40;1;75;75119;2;2;1;7;AVENUE DE LA PORTE DE LA VILLETTE;48,8997800000;2,3879910000
202200023824;6;10;2022;14:30;1;75;75119;2;2;1;3;AVENUE JEAN JAURES;48,8887880000;2,3930610000
202200023825;6;10;2022;10:00;1;75;75119;2;2;1;7;RUE BOTZARIS;48,8795320000;2,3883300000
202200023826;6;10;2022;11:30;1;75;75119;2;3;1;3;AVENUE JEAN JAURES;48,8889520000;2,3937230000
202200023827;6;10;2022;02:15;5;75;75118;2;3;1;6;RUE RIQUET;48,8899570000;2,3625370000
202200023828;6;10;2022;14:20;1;75;75117;2;1;1;3;RUE DE COURCELLES;48,8887060000;2,2935760000
202200023829;6;10;2022;09:30;1;75;75117;2;1;1;3;RUE JACQUES KELLNER;48,8968980000;2,3246590000
202200023830;6;10;2022;15:39;1;75;75116;2;2;1;3;PLACE DE LA PORTE D AUTEUIL;48,8485430000;2,2591590000
202200023831;6;10;2022;09:25;1;75;75116;2;1;1;6;AVENUE DE L HIPPODROME;48,8583150000;2,2457840000
202200023832;5;10;2022;17:20;1;75;75116;2;7;1;3;PLACE CHARLES DE GAULLE;48,8740840000;2,2942010000
202200023833;6;10;2022;12:15;1;75;75115;2;2;1;6;RUE DE L ABBE GROULT;48,8382630000;2,2985430000
202200023834;6;10;2022;19:30;5;75;75111;2;4;1;3;AVENUE LEDRU ROLLIN;48,8545160000;2,3779650000
202200023835;6;10;2022;15:00;1;75;75111;2;3;1;6;BOULEVARD VOLTAIRE;48,8609840000;2,3748090000
202200023836;6;10;2022;20:10;5;75;75110;2;5;1;6;BOULEVARD DE MAGENTA;48,8785450000;2,3540500000
202200023837;5;10;2022;16:32;1;75;75107;2;7;1;1;AVENUE DE LA MOTTE PICQUET;48,8544970000;2,3058460000
202200023838;5;10;2022;19:50;5;94;94042;2;2;1;3;PARIS (R DE);48,8173210000;2,4671210000
202200023839;6;10;2022;19:30;5;94;94077;2;3;1;3;Avenue de la République / Avenue Aristide Briand;48,7316300000;2,4131900000
202200023840;6;10;2022;17:40;1;94;94001;2;3;1;3;Rue du Bac / Rue du Maréchal Foch;48,7244500000;2,4186100000
202200023841;6;10;2022;18:06;1;94;94001;2;3;1;3;Rue du Bac / Rue du Maréchal Foch;48,7244350001;2,4186253893
202200023842;6;10;2022;17:40;1;94;94075;2;1;1;7;54 Avenue du Château;48,7117200000;2,5321400000
202200023843;6;10;2022;09:30;1;93;93059;2;3;1;2;Avenue Lénine / Rue des Rouges Monts;48,9560000000;2,3584900000
202200023844;6;10;2022;13:00;1;93;93070;2;1;1;6;Rue du Docteur Bauer;48,9069862617;2,3419044028
202200023845;6;10;2022;17:40;1;93;93064;2;3;1;3;Avenue du Président John Kennedy / Rue du Clos Baron;48,8782800000;2,4885200000
202200023846;6;10;2022;18:10;1;93;93055;2;1;1;6;Rue du Pre Saint Gervais;48,8907020895;2,4028797821
202200023847;5;10;2022;11:00;1;93;93032;2;1;1;6;Rue du 18 Juin;48,8781866805;2,5536514118
202200023848;6;10;2022;14:10;1;93;93029;2;3;1;6;Rue Jean Pierre Timbaud / Rue du Centre;48,9240900000;2,4403500000
202200023849;6;10;2022;15:14;1;93;93047;2;1;1;6;Boulevard Hardy;48,9062353505;2,5688841455
202200023850;6;10;2022;01:05;5;93;93007;2;1;1;7;Avenue Descartes;48,9502200000;2,4535800000
202200023851;6;10;2022;08:50;1;93;93001;2;3;1;6;Rue Paul Bert / Rue des Cités;48,9093595709;2,3880439984
202200023852;5;10;2022;18:55;2;92;92064;2;1;1;6;FERDINAND CHARTIER;48,8490400000;2,2023400000
202200023853;5;10;2022;19:40;5;92;92051;2;1;1;6;CHARLES DE GAULLE (AVENUE,N°118 A 192 +;48,8843271498;2,2615045309
202200023854;6;10;2022;19:50;5;92;92050;2;3;1;3;JOLIOT CURIE F. ET IRENE AVENUE  N°PAIRS;48,8937400000;2,2119800000
202200023855;6;10;2022;10:00;1;92;92050;2;1;7;6;FONTANOT RUE DES TROIS;48,8952500905;2,2234073728
202200023856;6;10;2022;17:35;1;92;92026;2;1;1;2;PRÉSIDENT PAUL DOUMER (QUAI DU);48,8924375440;2,2591661811
202200023857;6;10;2022;18:40;2;92;92004;2;1;1;6;GRESILLONS ( AVENUE DES  );48,9177392585;2,3085767627
202200023858;6;10;2022;12:50;1;26;26139;1;2;1;3;D608;45,0775360000;5,0772050000
202200023859;4;10;2022;16:30;1;01;01089;1;1;1;6;rue de la tour;45,9761480000;5,2934470000