Num_Acc;jour;mois;an;hrmn;lum;dep;com;agg;int;atm;col;adr;lat;long
202200023860;6;10;2022;18:00;1;81;81311;2;1;1;6;D 612, avenue de CASTRES;43,7261650000;2,1930650000
202200023861;6;10;2022;17:50;1;13;13078;1;1;7;5;rd35b;43,4212660000;4,7531430000
202200023862;25;9;2022;15:30;1;64;64144;1;1;1;6;RD 276;43,4465130000; -0,5169150000
202200023863;7;10;2022;14:30;1;25;25618;1;1;1;2;autoroute A36 PK 062.900 sens BESANCON BELFORT;47,4347210000;6,7114880000
202200023864;6;10;2022;22:35;3;56;56185;1;2;1;2;lieu-dit le Rustic;47,7795040000; -3,4351160000
202200023865;5;10;2022;18:20;1;56;56143;1;1;1;6;kerivais;47,5416860000; -2,4474840000
202200023866;6;10;2022;16:15;1;74;74183;1;1;1;1;D907;46,1298430000;6,5090190000
202200023867;7;10;2022;05:00;3;32;32384;1;1;1;7;D930;43,7329260000;0,4920030000
202200023868;6;10;2022;14:50;1;32;32160;1;1;1;7;Chemin de Moufielle;43,6221720000;1,1190790000
202200023869;6;10;2022;17:50;1;89;89378;1;2;1;1;D957;47,5078130000;3,9347560000
202200023870;7;10;2022;15:30;1;49;49331;2;1;1;3;362 Rue de Court Pivert;47,6964630000; -0,8760010000
202200023871;6;10;2022;14:45;1;12;12188;1;1;1;6;D911;44,2775160000;2,7645260000
202200023872;6;10;2022;13:50;1;22;22131;2;3;1;1;Route de Plouaret;48,5228470000; -3,4870170000
202200023873;7;10;2022;15:40;1;39;39088;1;1;1;6;;46,6261430000;5,4884060000
202200023874;6;10;2022;19:10;3;01;01179;1;1;1;6;;46,2986260000;4,8338410000
202200023875;7;10;2022;16:15;1;58;58099;1;1;1;1;Départementale RD978;47,0606800000;3,8275340000
202200023876;6;10;2022;21:45;3;66;66057;1;1;1;6;;42,5609280000;2,3808470000
202200023877;7;10;2022;04:53;2;54;54491;1;1;8;6;D906;49,3404196200;5,9129405023
202200023878;4;10;2022;15:15;1;72;72175;1;1;1;3;Lieu Dit la Blandiniere;47,7125750000;0,0996630000
202200023879;7;10;2022;13:00;1;72;72386;2;9;1;3;Route du Roti;48,0332770000;0,2770130000
202200023880;7;10;2022;09:10;1;05;05017;2;1;1;6;route départementale 14;44,5674950000;6,1952910000
202200023881;6;10;2022;17:25;1;43;43163;1;1;1;6;La boissonas;45,2183540000;4,3901540000
202200023882;6;10;2022;23:15;5;85;85146;2;1;1;2;RD763 Place du champ de foire;46,9777900000; -1,3136180000
202200023883;7;10;2022;17:45;1;27;27476;1;1;1;6;RD139;49,3263630000;0,4796110000
202200023884;3;10;2022;17:00;1;87;87146;1;1;1;7;D7b;45,5972990000;1,4835190000
202200023885;7;10;2022;00:21;3;80;80795;1;1;1;1;A16;50,0327070000;2,0796190000
202200023886;6;10;2022;19:00;2;73;73241;1;1;1;2;A430;45,6199580000;6,3118760000
202200023887;5;10;2022;09:15;1;01;01093;2;1;1;6;Place de la Republique;46,1203580000;4,9575020000
202200023888;6;10;2022;17:15;1;973;97309;2;1;1;3;Route de Degrad des Cannes;4,8813480000; -52,2805880000
202200023889;2;10;2022;18:00;1;57;57168;1;1;3;6;Autoroute A4 - PK 431+000 - vers METZ;48,7729920000;7,2803310000
202200023890;4;10;2022;06:45;5;06;06147;1;1;1;2;A8 - PK 200+500 SUD;43,7331304556;7,2903715037
202200023891;6;10;2022;11:55;1;06;06088;1;1;1;7;A8 PK 185.500 chausée nord;43,6683140000;7,1975790000
202200023892;6;10;2022;15:50;1;13;13076;1;9;1;2;Autoroute A7 sens MARSEILLE / LYON PK 209+600;43,8308740000;5,0124960000
202200023893;5;10;2022;15:10;1;971;97104;1;1;1;1;Route de Saint - Louis;16,0219940000; -61,7226720000
202200023894;28;1;2022;07:35;2;54;54304;2;2;8;6;FOCH (BOULEVARD MARECHAL);48,6804200000;6,1535100000
202200023895;28;1;2022;18:45;5;33;33249;2;9;1;6;Allée René Cassagne;44,8697534955; -0,5106469989
202200023896;23;9;2022;13:35;1;45;45198;1;2;1;3;D2152 PK 13 + 350;48,2137640000;2,2993830000
202200023897;5;10;2022;09:30;1;77;77437;1;1;1;6;D401;49,0421580000;2,7733610000
202200023898;25;1;2022;13:40;1;86;86214;2;1;1;3;Rue de la Goelette;46,5636800000;0,3590900000
202200023899;24;1;2022;17:25;1;04;04070;2;6;1;6;RP du 11 novembre;44,0910500000;6,2311000000
202200023900;7;10;2022;14:30;1;77;77315;2;1;1;3;D934;48,8816650000;2,8231990000
202200023901;28;1;2022;13:00;1;974;97411;1;1;1;7;LITTORAL (ROUTE 1 DU); -20,8767700000;55,4373500000
202200023902;28;1;2022;10:25;1;974;97411;1;1;1;5;RN2/091; -20,8861300000;55,4829900000
202200023903;5;10;2022;10:30;1;78;78140;1;9;1;3;D43;48,9669700000;1,9223870000
202200023904;28;1;2022;15:50;1;973;97302;2;3;2;3;BADUEL (ROUTE DE);4,9342387540; -52,3110526800
202200023905;6;10;2022;08:30;1;34;34058;1;1;1;3;M610;43,6766560000;4,0012120000
202200023906;28;1;2022;15:32;1;973;97302;2;3;1;3;14 ET 22 JUIN 1962;4,9355300000; -52,3274600000
202200023907;28;1;2022;14:45;1;69;69386;2;2;1;5;Rue Tronchet;45,7700800000;4,8502400000
202200023908;28;1;2022;20:13;4;972;97213;1;1;2;6;ROUTE NATIONALE 1;14,6493400000; -60,9741300000
202200023909;7;10;2022;19:00;5;83;83064;1;2;1;3;route départementale 81;43,3233280000;6,0395730000
202200023910;28;1;2022;09:30;1;69;69382;2;4;1;2;Pont Galliéni;45,7485300000;4,8314400000
202200023911;14;1;2022;10:25;1;971;97101;2;3;1;6;RENE WACHTER;16,2452300000; -61,5326000000
202200023912;15;1;2022;03:26;5;971;97101;1;9;2;6;AMEDEE ABARRE - SALLE D'ASILE (RUE);16,2623000000; -61,5034000000
202200023913;6;10;2022;17:00;2;13;13027;1;1;1;2;D32 - chemin st gabriel;43,8729200000;4,8460330000
202200023914;28;1;2022;09:30;1;95;95277;2;9;5;3;RAMBERT RAYMOND (AVENUE);48,9834000000;2,4367700000
202200023915;28;1;2022;01:58;5;95;95277;2;6;5;7;LEONESSA (CARREFOUR DE);48,9933172318;2,4427896738
202200023916;3;10;2022;10:30;1;67;67101;1;6;1;3;D392;48,5289830000;7,4701770000
202200023917;28;1;2022;15:00;1;91;91103;2;1;1;6;RUE ETIENNE D'ORVES;48,6082050000;2,3031180000
202200023918;27;1;2022;18:25;5;91;91549;2;3;1;4;LIERS (RUE DE);48,6304770000;2,3308710000
202200023919;7;10;2022;07:00;2;67;67033;1;6;1;3;departementale 519;48,7587070000;7,7007290000
202200023920;28;1;2022;17:25;1;91;91691;2;1;1;3;PASTEUR(RUE);48,6941500000;2,4841300000
202200023921;28;1;2022;08:48;1;87;87085;2;6;1;6;BEAUBREUIL (AVENUE DE);45,8811100000;1,2948500000
202200023922;24;9;2022;07:45;1;67;67329;1;1;1;1;RD426;48,4570735419;7,5173521042
202200023923;24;1;2022;23:50;5;83;83090;2;9;1;6;FAVEYROLLES (CHEMIN DE);43,1304200000;5,8765100000
202200023924;27;1;2022;12:45;1;83;83126;1;9;1;3;ECHANGEUR D'OLLIOULES;43,1192100000;5,8530400000
202200023925;28;1;2022;17:35;1;82;82033;2;1;1;2;MARECHAL LECLERC (AVENUE DU) ;44,0485140000;1,1026290000
202200023926;7;10;2022;07:50;2;01;01101;1;1;1;6;RD31;46,1128430000;5,5684380000
202200023927;27;1;2022;13:00;1;80;80021;1;1;1;3;;49,9268000000;2,3095500000
202200023928;6;10;2022;19:40;2;17;17452;1;1;1;1;D25;45,7069580000; -1,2333440000
202200023929;28;1;2022;18:46;5;76;76178;2;1;6;5;Rue de Tourville;49,3062838370;1,0262395110
202200023930;28;1;2022;20:20;5;76;76216;2;1;8;2;Rue des Grosses Pierres;49,4690000000;1,0380000000
202200023931;27;1;2022;08:20;1;76;76351;2;3;1;7;Boulevard Jules Durand;49,4911000000;0,1621200000
202200023932;7;10;2022;17:40;1;33;33003;2;1;1;1;Rue Commanderie des Templiers;44,9210464457; -0,4761792719
202200023933;28;1;2022;00:15;5;76;76447;2;3;2;6;Avenue Pierre Mendès France;49,5282700000;0,1825000000
202200023934;28;1;2022;23:10;5;76;76259;2;3;2;2;Rue Robert Lilly;49,7466691398;0,3684234352
202200023935;28;1;2022;12:10;1;72;72181;2;1;1;7;BRIAND ARISTIDE (PL);48,0017700000;0,1981500000
202200023936;6;10;2022;14:30;1;14;14719;1;1;1;6;N158;49,0279890000; -0,2722390000
202200023937;28;1;2022;15:05;1;71;71040;2;4;8;2;MARECHAL LECLERC (AVENUE DU);46,6921100000;4,3823700000
202200023938;27;1;2022;09:00;1;71;71059;2;1;8;2;COUCHES (ROUTE DE);46,8117000000;4,4833000000
202200023939;28;1;2022;18:55;2;71;71118;2;1;1;6;Avenue Condorcet;46,7970900000;4,8113000000
202200023940;6;10;2022;13:25;1;35;35152;2;1;1;3;Place de Wendover;48,2139000000; -1,5039740000
202200023941;27;1;2022;01:20;5;66;66136;2;3;1;6;CORAIL (DU);42,6963200000;2,9204200000
202200023942;12;11;2022;10:00;1;59;59152;2;2;5;3;APOTHICAIRE (RUE DE L');50,7565400000;3,0094530000
202200023943;30;9;2022;15:30;1;76;76540;2;9;1;3;Rue Robert Schuman;49,4381340000;1,1050490000
202200023944;26;1;2022;18:15;1;66;66136;1;1;1;3;R D 900;42,6784000000;2,8805800000
202200023945;12;11;2022;19:59;5;59;59350;2;1;1;6;CAMBRAI RUE DE N°PAIRS;50,6241995813;3,0726259947
202200023946;27;1;2022;13:00;1;64;64335;2;1;1;7;LACAUSSADE;43,3329196677; -0,4277908802
202200023947;7;10;2022;09:00;1;60;60209;1;1;1;2;D6;49,2945960000;1,9167710000
202200023948;12;11;2022;15:17;1;56;56121;2;1;1;1;DEMAINE ( BD YVES );47,7520700000; -3,3798900000
202200023949;28;1;2022;17:00;1;64;64024;2;3;1;3;Rue du Moulin Barbot;43,4997100000; -1,5365800000
202200023950;6;10;2022;09:00;1;60;60628;1;1;1;2;RN 31, Pk;49,4231180000;2,1490820000
202200023951;12;11;2022;11:05;1;54;54547;2;1;1;6;ARC (AVENUE JEANNE D');48,6595700000;6,1826200000
202200023952;25;1;2022;20:25;5;60;60159;1;1;5;7;Chemin de Mercières;49,3875960260;2,7963166236
202200023953;27;1;2022;11:00;1;59;59636;2;3;1;2;FERRY JULES ECOLE;50,6860720000;3,0507880000
202200023954;12;11;2022;15:15;1;51;51454;2;3;1;3;avenue Paul Marchandeau;49,2452100000;4,0294900000
202200023955;6;10;2022;18:15;1;02;02134;1;1;1;4;Route départementale 963;49,9055500000;4,0687450000
202200023956;12;11;2022;15:20;1;49;49007;2;1;7;6;CHALOUERE;47,4809460000; -0,5371840000
202200023957;28;1;2022;18:10;5;57;57480;2;3;1;1;MARTYRS DE LA RESISTANCE (RUE DES );49,0998200000;6,1557600000
202200023958;7;10;2022;11:55;1;59;59592;2;1;1;1;Rue Pasteur;50,4746751002;3,0509725213
202200023959;12;11;2022;09:16;1;49;49007;2;1;1;5;Avenue Jean XXIII;47,4500000000; -0,5673200000
202200023960;27;1;2022;17:35;1;56;56121;2;1;1;1;LENINE ( AVENUE );47,7622400000; -3,3798100000
202200023961;12;11;2022;20:56;3;44;44109;2;1;1;6;9 Rue de la Patouillerie;47,2403800000; -1,5845700000
202200023962;6;10;2022;11:00;5;13;13117;1;1;1;2;A7-Sens Marseille vers Lyon;43,4184995617;5,2728036045
202200023963;27;1;2022;17:45;5;54;54578;2;1;2;6;MULLER (AVENUE PAUL);48,6594100000;6,1403100000
202200023964;28;1;2022;22:55;5;51;51172;2;6;2;7;Boulevard d’Alsace Lorraine;49,2163000000;4,0501700000
202200023965;12;11;2022;04:45;5;44;44109;2;1;1;3;106 Rue Gambetta;47,2202800000; -1,5467500000
202200023966;6;10;2022;09:30;1;13;13117;1;1;1;2;A7-Sens Marseille vers Lyon;43,4465657492;5,2420172095
202200023967;8;11;2022;21:45;3;43;43157;2;1;1;7;Boulevard Carnot;45,0468400000;3,8794600000
202200023968;27;1;2022;07:55;2;51;51454;2;1;8;7;Rue du Général Koenig;49,2256000000;4,0191800000
202200023969;28;1;2022;19:30;5;50;50218;2;1;1;6;SAINT GAUD (RUE);48,8319700000; -1,5840800000
202200023970;5;10;2022;09:05;1;13;13211;1;1;1;2;A50-Sens Aubagne vers Marseille;43,2880637089;5,4416066408
202200023971;11;11;2022;10:46;1;42;42127;1;2;1;3;Route du Bois Courtin;46,0865200000;4,0456100000
202200023972;28;1;2022;18:30;2;50;50147;2;1;1;6;DIVISION LECLERC;49,0650900000; -1,4321000000
202200023973;12;11;2022;20:11;5;34;34003;2;1;1;2;Route du Grau;43,2930600000;3,4486100000
202200023974;28;1;2022;11:35;1;50;50147;2;9;1;2;VERDUN (AVENUE DE);49,0391400000; -1,4465500000
202200023975;5;10;2022;10:20;1;67;67506;1;1;1;5;Autoroute A.4;48,6735000000;7,7361600000
202200023976;6;10;2022;14:15;1;33;33448;1;1;1;6;AUTOROUTE A 62;44,7025000000; -0,5041090000
202200023977;13;11;2022;00:10;5;33;33039;2;2;1;3;Boulevard Jean-Jacques Bosc;44,8133510934; -0,5555123091
202200023978;27;1;2022;17:15;2;50;50129;2;6;2;3;THIVET (AVENUE);49,6356700000; -1,6529800000
202200023979;12;11;2022;12:00;1;33;33063;2;1;1;2;Boulevard Alienor d'Aquitaine;44,8792500000; -0,5631800000
202200023980;28;1;2022;19:17;5;49;49007;2;2;1;3;GEOFFRAY;47,4589900000; -0,5471400000
202200023981;28;1;2022;11:03;1;49;49007;2;2;1;2;MILLOT BOULEVARD JACQUES;47,4575200000; -0,5331100000
202200023982;5;10;2022;16:45;1;33;33162;1;1;1;4;ROCADE A 630;44,8766700000; -0,6326300000
202200023983;11;11;2022;18:10;5;31;31555;2;1;1;2;BILLIERES (AV ETIENNE) DU 1AU 78;43,5976500000;1,4293200000
202200023984;28;1;2022;07:30;5;49;49007;2;2;1;3;BOISNET RUE;47,4750700000; -0,5498000000
202200023985;6;10;2022;09:55;1;94;94076;1;1;1;3;AUTOROUTE A6A;48,7944468363;2,3450869440
202200023986;12;11;2022;05:16;5;31;31555;1;1;1;4;27 LA CEPIERE  (PERIPH OUEST A620);43,5905400000;1,3995000000
202200023987;27;1;2022;10:46;1;49;49007;2;3;1;2;POUSSET;47,4717700000; -0,5382000000
202200023988;13;11;2022;02:35;3;29;29232;1;1;1;7;Route de Guengat;48,0140400000; -4,1462700000
202200023989;6;10;2022;09:05;1;91;91161;1;1;1;2;AUTOROUTE A6;48,6977600000;2,3149400000
202200023990;27;1;2022;17:06;1;49;49007;2;2;1;3;CAMUS BOULEVARD;47,4873341749; -0,5737137794
202200023991;6;10;2022;00:44;3;91;91573;1;1;1;7;RN 104;48,6314510000;2,5100140000
202200023992;28;1;2022;09:20;1;45;45068;2;1;1;6;56 Rue de Villemandeur;48,0075734437;2,7168792486
202200023993;12;11;2022;16:10;1;29;29232;1;6;1;4;Boulevard President Allende;48,0027110000; -4,0811910000
202200023994;5;10;2022;21:40;3;91;91363;1;1;2;7;RN 104;48,6347500000;2,2147200000
202200023995;13;11;2022;02:40;5;29;29019;2;6;1;6;9 rue du Château;48,3837600000; -4,4905500000
202200023996;28;1;2022;17:30;5;37;37261;2;1;1;4;GANCE (BOULEVARD ABEL);47,4294173135;0,7066923380
202200023997;4;10;2022;22:23;4;91;91434;1;1;1;2;AUTOROUTE A6;48,6691600000;2,3508500000
202200023998;11;11;2022;11:10;1;28;28404;1;1;1;1;RN 154;48,7229300000;1,3856700000
202200023999;28;1;2022;20:30;5;35;35278;1;1;1;6;RD 137;48,1532070000; -1,6996010000
202200024000;6;10;2022;19:30;5;92;92064;1;1;1;2;A13;48,8398001090;2,2058637622
202200024001;12;11;2022;09:53;1;27;27681;2;2;1;3;PARC (RUE DU);49,0881000000;1,4785100000
202200024002;29;1;2022;01:10;5;33;33522;2;3;1;7;Avenue de Thouars;44,7994800000; -0,5934000000
202200024003;13;11;2022;01:52;3;17;17028;1;1;1;7;N137;46,1455800000; -1,1089400000
202200024004;6;10;2022;08:05;1;92;92036;1;1;1;2;A86;48,9359519994;2,2870560883
202200024005;27;1;2022;11:30;1;31;31555;2;9;1;6;BD DE LA GARE;43,6036500000;1,4572300000
202200024006;12;11;2022;12:30;1;13;13215;2;1;1;3;GAFFAREL (RUE);43,3491800000;5,3615800000
202200024007;29;1;2022;02:00;3;30;30243;2;1;1;6;Ancien Chemin de Sommières;44,0762700000;4,0897600000
202200024008;6;10;2022;05:00;5;78;78140;1;1;1;2;A13;48,9646600000;1,9253770000
202200024009;12;11;2022;02:30;5;13;13005;2;1;1;2;ECOLE ANTIDE BOYER;43,2945900000;5,5648700000
202200024010;27;1;2022;06:47;5;29;29019;2;3;1;3;Rue Victor Eusen;48,3802040000; -4,5332950000
202200024011;9;11;2022;05:00;5;04;04112;2;9;1;2;DEPARTEMENTALE 4096;43,8365300000;5,8029900000
202200024012;5;10;2022;10:00;1;78;78640;1;1;1;4;A86 EXT;48,7773860000;2,2223010000
202200024013;28;1;2022;13:15;1;27;27554;1;1;1;6;D 64;49,0946200000;1,3926600000
202200024014;28;1;2022;11:40;1;25;25462;2;1;1;2;BESANCON (DU 72TER A LA FIN);46,9155100000;6,3451900000
202200024015;6;10;2022;20:00;4;95;95555;1;1;1;3;RD 170;48,9762090115;2,2807815671
202200024016;26;7;2022;12:10;1;14;14047;2;6;1;3;D5A;49,2755330000; -0,7160800000
202200024017;28;1;2022;14:00;1;25;25056;2;1;8;2;DOLE RUE DE (entre 82 et 185);47,2285300000;5,9867100000
202200024018;10;7;2022;19:10;1;14;14726;1;3;1;6;Route de Courtacon;48,9303872550; -0,7839989660
202200024019;5;10;2022;21:10;3;93;93001;1;1;2;6;AUTOROUTE A86;48,9212115236;2,3692000928
202200024020;24;1;2022;07:50;2;19;19031;2;1;1;3;ALSACE LORRAINE (AVENUE) A PARTIR DE N°;45,1529070048;1,5396416187
202200024021;8;7;2022;16:10;1;14;14243;2;1;1;7;Chemin du Val des Moulineaux;49,3991300000;0,2192000000
202200024022;6;10;2022;09:00;1;95;95306;1;1;1;4; A15;49,0097287478;2,1562573314
202200024023;28;1;2022;13:30;1;17;17300;2;1;2;3;QUEBEC   RUE DE (>11   >38);46,1523860000; -1,2043860000
202200024024;6;10;2022;10:15;1;93;93005;1;1;1;6;AUTOROUTE A1;48,9607215909;2,4678989547
202200024025;28;1;2022;07:50;1;15;15012;1;1;1;3;RD 920;44,8839000000;2,4505000000
202200024026;3;7;2022;18:50;2;14;14119;1;2;1;3;D613;49,1453547594; -0,2528777818
202200024027;6;10;2022;08:00;1;77;77495;1;1;1;3;A5b;48,5715400000;2,6408000000
202200024028;28;1;2022;10:10;1;13;13215;2;2;1;1;LE CHATELIER;43,3463383739;5,3661883328
202200024029;9;6;2022;14:15;1;14;14623;2;1;1;3;D89;49,1172150000; -0,3716630000
202200024030;5;10;2022;12:45;1;94;94017;1;1;1;2;A4;48,8266507839;2,5161742429
202200024031;28;1;2022;09:00;1;13;13214;2;2;1;1;ALEX ANSALDI (RUE);43,3340000000;5,3998300000
202200024032;31;8;2022;13:50;1;59;59163;2;1;1;6;GARE (RUE DE LA);50,6754591047;3,1441792846
202200024033;25;1;2022;14:30;1;13;13063;2;2;1;3;REPUBLIQUE AVENUE DE LA;43,5841100000;5,0046900000
202200024034;19;5;2022;08:15;1;04;04070;2;3;1;3;RD 900 / Av du Plantas;44,0949200000;6,2394700000
202200024035;28;1;2022;23:36;4;11;11069;2;1;1;3;BOUFFET HENRY;43,2073100000;2,3108900000
202200024036;11;11;2022;21:05;5;974;97407;2;1;1;6;COMMUNE DE PARIS (AVENUE); -20,9368000000;55,2920800000
202200024037;5;10;2022;12:45;1;988;98818;2;1;1;3;RUE FRANCOIS FREY; -22,2584400000;166,4439800000
202200024038;28;1;2022;10:03;1;10;10325;2;1;2;3;Rue Jules Ferry;48,2617900000;4,0739790000
202200024039;10;11;2022;22:05;3;973;97302;2;1;2;6;TROUBIRAN (CHEMIN DE);4,9228400000; -52,3038900000
202200024040;5;10;2022;08:30;1;974;97416;2;1;1;6;LEBLOND 2 (RUE MARIUS ET ARY); -21,3354200000;55,4661700000
202200024041;11;11;2022;11:40;1;69;69386;2;9;1;6;Rue Vauban;45,7652475067;4,8476368189
202200024042;27;1;2022;21:10;5;10;10387;2;3;2;3;QUINZE VINGT (RUE);48,2969200000;4,0714300000
202200024043;5;10;2022;09:37;1;973;97302;2;1;1;4;CABASSOU (ROUTE DE);4,9194300000; -52,3182000000
202200024044;11;11;2022;04:20;5;69;69386;2;2;1;3;Rue Duquesne;45,7725200000;4,8430900000
202200024045;11;11;2022;10:00;1;971;97101;1;1;1;2;RN1 ROCADE DE CHAUVEL;16,2453071172; -61,5246498585
202200024046;4;10;2022;09:30;1;973;97302;2;1;1;1;14 ET 22 JUIN 1962;4,9351076862; -52,3273846507
202200024047;27;1;2022;06:45;5;10;10387;2;3;1;3;JAILLANT DESCHAINETS (RUE);48,2950100000;4,0693100000
202200024048;11;11;2022;07:00;1;971;97113;2;6;1;7;MONTAUBAN (SECTEUR);16,2146800000; -61,5021500000
202200024049;28;1;2022;20:45;5;06;06088;2;2;1;3;GIACOBI (AV.);43,7110500000;7,2916900000
202200024050;5;10;2022;17:50;1;69;69383;2;2;1;3;Rue Paul Bert;45,7570200000;4,8527600000
202200024051;10;11;2022;23:55;5;95;95598;2;1;1;3;Avenue Kellermann;48,9858053117;2,2962337732
202200024052;28;1;2022;16:31;1;06;06088;2;3;1;3;CALIFORNIE (AV.) (A PARTIR DU N° 201-212;43,6752500000;7,2273900000
202200024053;10;11;2022;20:35;5;95;95252;2;1;1;3;Rue du Général Leclerc;48,9869118715;2,2171595693
202200024054;5;10;2022;12:50;1;69;69387;2;3;1;6;Rue Pré Gaudry;45,7381800000;4,8376900000
202200024055;28;1;2022;07:40;1;06;06088;2;1;1;6;CESSOLE (BD DE) (JUSQU'AU N° 93-110);43,7164500000;7,2533300000
202200024056;10;11;2022;12:05;1;91;91312;2;7;1;6;STALINGRAD (PLACE);48,7325400000;2,2212500000
202200024057;25;1;2022;09:15;1;03;03185;2;1;7;6;Rue Chantoiseau;46,3364700000;2,5961200000
202200024058;5;10;2022;20:10;5;972;97209;1;1;2;3;MARNE (BOULEVARD DE LA);14,6047700000; -61,0845800000
202200024059;11;11;2022;15:49;1;91;91114;1;9;1;3;PL DE LA PYRAMIDE;48,6836880000;2,4910880000
202200024060;28;1;2022;13:42;1;75;75117;2;1;1;3;PORTE DES TERNES;48,8834250000;2,2841720000
202200024061;4;10;2022;17:30;2;972;97209;2;3;1;3;GENERAL DE GAULLE (BLD DU);14,6077800000; -61,0691600000
202200024062;27;1;2022;19:30;5;75;75120;2;1;2;4;PORTE DE BAGNOLET;48,8651530000;2,4132150000
202200024063;11;11;2022;11:10;1;81;81021;1;1;1;3;RN 112;43,5104400000;2,3475900000
202200024064;5;10;2022;17:45;1;69;69149;2;2;1;3;Grande Rue;45,7100500000;4,7997300000
202200024065;28;1;2022;22:07;5;75;75106;2;2;1;7;RUE DE RENNES;48,8480810000;2,3279270000
202200024066;5;10;2022;07:28;1;2A;2A004;2;1;1;3;NAPOLEON III AVENUE PAIR;41,9255200000;8,7343800000
202200024067;28;1;2022;11:56;1;75;75119;2;3;1;6;RUE DE TANGER;48,8848650000;2,3674050000
202200024068;11;11;2022;15:00;1;77;77307;2;9;1;6;D344A;48,8553300000;2,7688800000
202200024069;4;10;2022;11:40;1;95;95277;2;1;1;6;Avenue Gabriel Péri;48,9927200273;2,4274984002
202200024070;11;11;2022;21:50;5;76;76157;2;1;1;6;Boulevard Claude Monet;49,4580450000;1,0366530000
202200024071;28;1;2022;05:50;5;75;75116;2;7;1;3;PLACE CLEMENT ADER;48,8515060000;2,2783570000
202200024072;28;1;2022;11:15;1;75;75115;2;3;1;6;RUE LECOURBE;48,8387810000;2,2901670000
202200024073;11;11;2022;18:55;5;76;76540;2;2;1;3;Rue d'Amiens;49,4403700000;1,1021800000
202200024074;28;1;2022;08:45;1;75;75107;2;1;8;7;BOULEVARD SAINT GERMAIN;48,8607240000;2,3210160000
202200024075;5;10;2022;17:40;1;91;91657;2;1;1;2;AV DE LA TOURELLE;48,6909380000;2,4411190000
202200024076;11;11;2022;15:05;1;71;71076;2;1;1;6;POMPIDOU (RUE GEORGES);46,7780000000;4,8450000000
202200024077;11;11;2022;08:55;1;69;69266;2;1;1;6;Rue des Charmettes;45,7669800000;4,8672100000
202200024078;28;1;2022;20:00;5;75;75110;2;2;1;3;RUE DU FAUBOURG SAINT MARTIN;48,8757967100;2,3602554202
202200024079;24;8;2022;17:05;1;89;89387;2;1;1;6;QUATORZE JUILLET (BOULEVARD);48,1975100000;3,2899200000
202200024080;28;1;2022;16:58;1;75;75107;2;2;1;6;RUE DE BABYLONE;48,8516960000;2,3235430000
202200024081;11;11;2022;09:00;1;64;64260;2;3;1;3;Boulevard du général de gaulle;43,3515400000; -1,7829900000
202200024082;23;9;2022;13:50;1;89;89024;1;1;1;3;;47,8197740000;3,5584730000
202200024083;11;11;2022;19:25;5;64;64122;2;1;1;3;Avenue Edith Cavell;43,4909230000; -1,5447400000
202200024084;4;10;2022;14:24;1;87;87085;2;1;1;2;BEAUBREUIL (AVENUE DE);45,8815000000;1,2928100000
202200024085;28;1;2022;16:25;1;75;75103;2;3;1;2;BOULEVARD BEAUMARCHAIS;48,8595010000;2,3676100000
202200024086;11;11;2022;20:20;5;62;62401;2;1;1;3;D947;50,5124330000;2,8069200000
202200024087;30;9;2022;00:20;3;87;87114;1;1;1;4;AUTOROUTE A20;45,8337900000;1,2841400000
202200024088;28;1;2022;14:45;1;75;75104;2;2;1;6;RUE DE RIVOLI;48,8559590000;2,3579720000
202200024089;9;11;2022;10:30;1;50;50502;2;1;1;6;GERHARDT (Général);49,1172100000; -1,0831100000
202200024090;4;10;2022;10:15;1;85;85194;1;6;1;6;Boulevard du vendée globe (Château-d'Olonne);46,4899992000; -1,7497712300
202200024091;27;1;2022;09:39;1;94;94081;2;2;8;3;Rue Eugene Henaff;48,7947600000;2,4178700000
202200024092;10;11;2022;15:35;1;50;50147;2;1;1;3;DIVISION LECLERC;49,0649600000; -1,4333000000
202200024093;28;1;2022;18:00;5;94;94016;2;2;1;6;89 Avenue Aristide Briand;48,7961569099;2,3218947351
202200024094;5;9;2022;07:55;1;84;84007;2;1;1;3;C.De GAULLE (Rocade);43,9426000000;4,7935000000
202200024095;12;11;2022;00:36;5;49;49007;2;1;1;6;MONTAIGNE AVENUE;47,4671100000; -0,5272400000
202200024096;28;1;2022;17:00;1;94;94041;2;1;1;6;147 Avenue de Verdun;48,8082800000;2,3741800000
202200024097;11;11;2022;11:00;1;43;43157;2;1;5;6;RN88;45,0410900000;3,9092000000
202200024098;5;10;2022;13:15;1;83;83137;2;1;1;1;PICOT (AVE DU COLONEL);43,1296000000;5,9692700000
202200024099;28;1;2022;12:30;1;93;93072;2;1;1;6;Avenue Marcel Cachin;48,9591396499;2,3822329043
202200024100;11;11;2022;23:33;3;42;42170;1;4;2;6;Route de Coutouvre;46,0524700000;4,1393800000
202200024101;28;1;2022;08:30;1;93;93066;2;1;1;6;CITE STALINGRAD;48,9437217920;2,3585593846
202200024102;4;10;2022;18:28;1;80;80021;2;2;1;3;SAINT MARTIN AUX WAIDES (RUE);49,8952400000;2,2976100000