Num_Acc;jour;mois;an;hrmn;lum;dep;com;agg;int;atm;col;adr;lat;long
202200024346;23;7;2022;04:45;3;39;39320;1;1;1;1;;46,5658240000;5,4163890000
202200024347;21;5;2022;21:15;2;51;51231;2;3;1;3;Rue de Chivette;48,9797721925;4,4706442952
202200024348;24;7;2022;15:45;1;25;25001;1;1;1;2;D105 Nevoui;47,1368570000;5,8802770000
202200024349;24;7;2022;01:15;4;29;29260;2;1;1;7;Rue Joseph le Velly;48,4351240000; -4,6204160000
202200024350;23;5;2022;14:30;1;59;59325;1;1;2;2;Chaussée Brunehaut;50,2228106669;3,6865568161
202200024351;12;11;2022;17:05;1;13;13005;1;1;1;2;A501-Sens Pont de l' Etoile vers Aubagne;43,3202537951;5,5929557744
202200024352;20;5;2022;07:05;2;56;56067;2;1;1;6;16 Rue du Général de Gaulle;47,7590350000; -2,8468480000
202200024353;25;7;2022;19:00;1;29;29003;2;1;1;1;Rue de Verdun;48,0151697752; -4,5486075282
202200024354;24;5;2022;12:55;1;74;74096;1;1;1;6;Route des Dronières;46,0371130000;6,1316160000
202200024355;24;7;2022;19:50;1;38;38222;2;1;1;6;Côte d'Ainan (Arrêt de bus);45,4420810000;5,6170290000
202200024356;24;7;2022;10:35;1;01;01375;2;1;1;7;Route de la Perrette;46,2835840000;5,1179510000
202200024357;22;5;2022;14:40;1;74;74108;2;1;1;2;Rte d Albertville;45,8277190000;6,2022810000
202200024358;24;7;2022;09:50;1;70;70096;1;1;1;1;RN 19;47,5914620000;6,7978550000
202200024359;23;5;2022;13:40;1;79;79213;1;1;1;4;Route de Saint-Maixent;46,6247880000; -0,2414630000
202200024360;25;7;2022;13:00;1;06;06163;1;1;1;1;RD 6204 PR21 + 780;44,0322560000;7,5817950000
202200024361;11;11;2022;19:45;3;91;91216;1;1;1;4;AUTOROUTE A6;48,6805800000;2,3316100000
202200024362;12;7;2022;13:50;1;64;64558;1;1;1;7;D137;43,4283880000; -1,4538430000
202200024363;22;5;2022;08:45;1;79;79008;1;1;1;1;;46,7682930000; -0,3168010000
202200024364;19;5;2022;21:15;1;80;80696;2;1;1;7;63 Rue de la Chaussée;49,8218200000;2,3184600000
202200024365;24;7;2022;22:14;5;21;21512;1;1;1;2;D974 PR 2+100;46,9417211678;4,7594874178
202200024366;17;5;2022;17:30;1;82;82079;1;1;1;6;Chemin de Seguin;43,9388430000;1,3388430000
202200024367;11;7;2022;07:50;1;04;04122;1;1;1;5;RN 85;44,0336590000;6,0975350000
202200024368;11;11;2022;08:00;1;78;78217;1;1;1;6;A13;48,9655680000;1,8079060000
202200024369;24;5;2022;19:15;1;63;63210;2;1;2;3;Route du Pont de Crevant Goslard;45,9210050000;3,3437600000
202200024370;22;7;2022;19:15;1;30;30023;1;1;1;1;D40;43,7830390000;4,1304620000
202200024371;25;7;2022;16:10;1;49;49301;1;1;1;1;RD 753 PK17.200;47,0277800000; -1,0984610000
202200024372;22;5;2022;17:00;1;63;63010;2;3;1;3;56 route nationale / rue des usines;45,4191657515;3,7246575952
202200024373;24;7;2022;20:24;1;10;10213;1;1;1;7;A5;48,1826464673;4,4131190935
202200024374;21;5;2022;21:30;1;61;61421;1;1;2;7;L Etre Brault;48,5383610000; -0,7315140000
202200024375;11;11;2022;12:10;1;95;95252;1;1;1;2; A15;48,9785500000;2,2305600000
202200024376;24;7;2022;20:20;3;973;97309;1;1;1;7;;4,8927590000; -52,2565020000
202200024377;23;5;2022;18:15;1;61;61473;1;4;3;2;D916;48,6999540000; -0,1518770000
202200024378;25;7;2022;19:05;1;06;06018;2;9;1;2;465 Route de la Mer;43,6250340000;7,1010960000
202200024379;24;5;2022;12:00;1;61;61062;1;1;1;6;D245;48,8351690000; -0,0637720000
202200024380;23;4;2022;17:00;1;49;49261;1;1;3;7;32 Rue des Ligeriens (Chênehutte-Trèves-Cunault);47,3341110000; -0,2066800000
202200024381;22;7;2022;07:40;1;42;42256;1;6;1;3;D8;45,5130010000;4,1921850000
202200024382;24;5;2022;12:50;1;42;42092;1;1;1;7;Route des Brossettes;45,5001130000;4,3852400000
202200024383;10;11;2022;09:45;1;75;75120;2;1;1;3;PORTE D ASNIERES;48,8642740000;2,4134990000
202200024384;25;7;2022;07:25;1;33;33122;1;1;1;6;299bis Avenue Saint-Jacques de Compostelle;44,6807450000; -0,7249650000
202200024385;22;5;2022;20:45;1;47;47325;1;1;1;6;D300;44,3599730000;0,2779630000
202200024386;23;5;2022;22:25;3;47;47216;1;1;3;6;Lafite;44,5203899951;0,2783797691
202200024387;23;7;2022;01:00;5;42;42098;1;2;1;3;Route de Lyon;45,9420240000;4,2684000000
202200024388;23;7;2022;04:00;5;971;97103;1;1;1;6;Nationale 1;16,2518250000; -61,5870220000
202200024389;20;5;2022;12:45;1;34;34173;1;1;1;1;D122;43,7326890000;3,4924290000
202200024390;24;7;2022;13:00;1;987;98729;2;1;1;1;PK 26.500 C/MER HAAPITI; -17,5770000000; -150,2020000000
202200024391;23;5;2022;08:30;2;34;34194;1;1;1;6;D609;43,5569164344;3,4691435917
202200024392;24;7;2022;11:30;1;2B;2B335;1;2;1;2;T10;42,3364410000;9,5359880000
202200024393;10;11;2022;08:50;1;75;75120;2;1;1;3;PORTE DE BAGNOLET;48,8696430000;2,4132670000
202200024394;22;5;2022;12:15;1;34;34142;2;2;1;3;Avenue du Général de Gaulle;43,7257436478;3,3225043253
202200024395;24;7;2022;11:00;1;2B;2B205;1;1;7;5;Départmentale 80;42,7047910000;9,3438720000
202200024396;24;7;2022;15:40;1;30;30297;1;1;1;7;;44,1182600000;3,4861640000
202200024397;20;5;2022;23:30;5;68;68325;2;1;1;3;38 Rue de Waldighoffen;47,5479220000;7,3273760000
202200024398;25;7;2022;12:30;1;84;84141;2;1;1;5;100 Chemin du Pont Blanc;43,9796530000;4,8910670000
202200024399;23;5;2022;16:35;1;39;39013;1;1;1;7;;46,8925810000;5,7657780000
202200024400;24;7;2022;18:00;1;83;83127;1;1;1;3;D2;43,2807120000;5,8226790000
202200024401;7;11;2022;16:18;1;75;75106;2;2;8;3;RUE DAUPHINE;48,8560560000;2,3404620000
202200024402;22;5;2022;15:30;1;25;25463;1;1;1;5;Hameau de la Derriere;47,3653390000;6,7578470000
202200024403;23;7;2022;04:00;3;05;05101;1;1;1;7;D994t;44,8804760000;6,4644720000
202200024404;24;7;2022;23:45;3;13;13094;1;1;1;1;D99;43,7862690000;4,7472470000
202200024405;21;5;2022;18:55;1;44;44018;1;1;1;7;M751;47,1551200000; -1,6956690000
202200024406;25;7;2022;11:10;1;38;38072;1;1;1;6;Autoute A7 PK 024+350 en S/N;45,3204850000;4,8123120000
202200024407;23;5;2022;10:33;1;44;44014;1;1;2;3;1 Lieu Dit les Bauches Nord;47,0857360000; -1,5435900000
202200024408;23;7;2022;04:50;2;67;67189;1;2;1;6;Rue Ehret Wantz;48,4235168505;7,4569755793
202200024409;21;5;2022;01:15;3;44;44214;1;2;1;3;50 Rue du Chêne;47,5177220000; -1,7349440000
202200024410;25;7;2022;10:30;1;67;67458;2;3;1;2;24 Rue de la Sabliere;48,8271250000;7,7551730000
202200024411;11;11;2022;17:15;2;75;75119;2;2;1;5;AVENUE DE FLANDRE;48,8884660000;2,3738910000
202200024412;22;7;2022;13:40;1;38;38317;2;1;1;6;New China (Restaurant);45,1349930000;5,7015720000
202200024413;22;5;2022;14:45;1;35;35060;1;2;1;3;Les 4 Routes;48,2004940000; -1,9926720000
202200024414;18;5;2022;12:45;1;29;29169;1;1;1;7;Route de Landrevarzec;48,0996360000; -4,1040910000
202200024415;25;7;2022;13:21;1;01;01281;2;3;1;3;Rue de Genève;46,2662550000;6,1007870000
202200024416;10;11;2022;20:40;5;75;75117;2;3;1;3;RUE CARDINET;48,8896340000;2,3133720000
202200024417;22;5;2022;01:35;3;29;29040;2;1;1;6;Rue de Kervidré;48,3514610000; -4,7595050000
202200024418;24;7;2022;22:00;5;65;65451;2;1;1;6;12 Av des Victimes du 11 Juin 1944;43,1047380000;0,1179380000
202200024419;24;7;2022;22:45;5;17;17228;1;1;1;2;Route de Royan;45,6351540000; -0,9756670000
202200024420;22;5;2022;13:15;1;29;29056;1;1;1;7;D233 - La Grande Palud;48,4291863174; -4,3063724040
202200024421;24;7;2022;18:20;1;33;33489;1;1;1;6;D135;45,0992020000; -0,5101830000
202200024422;11;11;2022;14:50;1;75;75116;2;1;1;3;AVENUE KLEBER;48,8697750000;2,2921850000
202200024423;25;7;2022;09:30;1;60;60282;2;1;1;6;Le Hameau du Platane;49,1882171135;2,4223667199
202200024424;10;11;2022;18:20;5;75;75115;2;2;1;6;BOULEVARD VICTOR;48,8334990000;2,2865350000
202200024425;22;5;2022;10:10;1;38;38126;2;1;1;6;Route de Chartreuse;45,2255560000;5,7649360000
202200024426;16;7;2022;16:00;1;80;80039;2;1;1;6;Boulevard Michel Couillet;50,1089240000;1,4544330000
202200024427;24;7;2022;00:05;3;69;69283;1;1;1;2;Autoroute 46;45,6761521058;4,9563087721
202200024428;11;11;2022;18:15;5;75;75112;2;3;1;3;AVENUE DAUMESNIL;48,8432540000;2,3837030000
202200024429;22;5;2022;17:00;1;84;84050;2;3;1;1;Les Imberts;43,8848300000;5,1692550000
202200024430;23;7;2022;06:20;1;69;69297;1;1;1;5;Autoroute 7;45,6079300000;4,8030400000
202200024431;11;11;2022;01:00;5;75;75111;2;2;1;2;RUE JEAN PIERRE TIMBAUD;48,8654490000;2,3688120000
202200024432;24;7;2022;11:35;1;33;33192;1;1;1;2;ROCADE A 630;44,7864400000; -0,5957200000
202200024433;24;7;2022;14:20;1;91;91689;1;1;1;3;AUTOROUTE A6B;48,7409300000;2,3212240000
202200024434;18;5;2022;15:30;1;03;03164;1;2;7;3;Le Mayet-d'École;46,1741210000;3,2330410000
202200024435;10;11;2022;18:10;3;94;94033;2;1;1;4;Rue la Fontaine;48,8585200000;2,4770000000
202200024436;24;7;2022;14:50;1;78;78238;1;1;1;3;A13;48,9705740000;1,8755450000
202200024437;24;7;2022;03:45;5;78;78423;1;1;1;6;A12 Y;48,7837530000;2,0332400000
202200024438;23;5;2022;16:05;1;15;15196;1;1;8;1;RN 122;44,8829080000;2,3186300000
202200024439;24;7;2022;08:15;1;93;93027;1;1;1;6;AUTOROUTE A1;48,9361500000;2,4042970000
202200024440;23;7;2022;06:00;2;95;95218;1;1;1;7; A15;49,0354190000;2,0973690000
202200024441;11;11;2022;19:00;5;94;94077;2;6;1;6;Rue Serge Voyer / Avenue de la Faisanderie;48,7340310000;2,4165600000
202200024442;22;5;2022;02:10;3;01;01096;1;2;1;3;2228 route de bourg en bresse;46,1778865520;5,0730711222
202200024443;20;5;2022;10:30;1;58;58062;2;1;1;6;04 rue de nevers;47,0631460000;3,9336470000
202200024444;11;11;2022;08:50;1;94;94017;2;6;8;3;Avenue Maurice Thorez / Voie Sonia Delaunay;48,8115200000;2,5365700000
202200024445;24;7;2022;03:00;3;94;94017;1;1;1;2;A4;48,8302741187;2,4916889276
202200024446;16;12;2022;16:15;1;33;33281;1;1;1;4;ROCADE A 630;44,8457900000; -0,6706500000
202200024447;22;5;2022;22:20;3;54;54046;1;1;1;6;4 Paquis de Naveroy;48,5317440000;5,8654950000
202200024448;16;12;2022;12:25;1;91;91617;1;1;1;7;A5A/N6;48,6323310000;2,5325380000
202200024449;11;11;2022;17:30;2;93;93064;2;3;1;3;Rue Gustave Eiffel / Rue J et Etienne de Montgolfier;48,8861733425;2,4819805027
202200024450;23;7;2022;03:40;5;93;93066;2;2;2;6;Avenue Lénine / Avenue Jean Moulin;48,9418700000;2,3655400000
202200024451;13;5;2022;10:00;1;72;72310;2;1;1;6;5 rue des pommiers;48,0396420000;0,1845770000
202200024452;16;12;2022;18:20;3;92;92050;1;1;1;3;A86;48,9073656235;2,2124782132
202200024453;22;7;2022;13:45;1;61;61117;2;1;8;3;PONT PERCÉ(RUE DU);48,4354200000;0,0242800000
202200024454;20;5;2022;19:15;1;06;06032;2;1;1;6;118 Avenue du Trois Septembre;43,7231590000;7,3965960000
202200024455;11;11;2022;18:47;5;93;93053;2;1;1;3;Rue de Brément;48,8869400000;2,4689400000
202200024456;24;7;2022;01:10;5;974;97407;2;1;1;7;LORRAINE ALSACE(RUE); -20,9366000000;55,2961000000
202200024457;22;5;2022;18:40;1;14;14484;2;1;1;6;Chemin du Vieux Moulin;49,1594942951;0,3580018133
202200024458;11;11;2022;01:25;5;93;93048;2;1;1;6;Avenue du President Salvador Allende;48,8728306992;2,4600238535
202200024459;23;7;2022;19:00;1;69;69388;2;1;1;7;Rue Auguste Chollat;45,7388000000;4,8515000000
202200024460;16;12;2022;16:30;1;78;78321;1;1;1;4;RN12 INT;48,7971900000;1,9093100000
202200024461;22;5;2022;16:58;1;05;05179;1;1;1;7;D994;44,5466100000;5,8524250000
202200024462;22;7;2022;17:20;1;972;97213;1;9;1;3;ROUTE NATIONALE 1;14,6190200000; -61,0219100000
202200024463;11;11;2022;10:20;1;93;93063;2;1;8;2;Avenue de Metz;48,8958400000;2,4278300000
202200024464;16;12;2022;09:11;1;75;75116;1;1;1;6;A13W;48,8482750000;2,2419990000
202200024465;22;5;2022;18:00;1;50;50143;1;1;1;1;Le Casselet;48,8754840000; -1,5346340000
202200024466;23;7;2022;08:30;1;2B;2B037;1;1;1;2;TOUTES RUES;42,6208800000;9,4368900000
202200024467;11;11;2022;05:25;5;93;93066;2;1;1;3;Rue du Fort de la Briche;48,9465700000;2,3429000000
202200024468;21;5;2022;18:05;1;09;09113;1;1;1;6;D32;42,8314470000;1,2980660000
202200024469;23;7;2022;23:45;5;2A;2A004;2;6;1;3;T21;41,9298100000;8,7610400000
202200024470;15;12;2022;19:10;3;78;78423;1;1;1;4;A12 Y;48,7935120000;2,0405650000
202200024471;20;5;2022;11:36;1;09;09324;1;1;1;7;D13;43,0525900000;1,6214690000
202200024472;11;11;2022;13:50;1;93;93005;2;1;1;3;Rue Ambroise Paré;48,9502440000;2,5157490000
202200024473;23;7;2022;18:25;1;95;95585;2;1;1;2;Boulevard François Mitterrand;48,9907476770;2,3743826151
202200024474;11;11;2022;21:36;5;92;92012;2;1;1;7;DOME (RUE DU);48,8308600000;2,2453400000
202200024475;22;7;2022;19:45;1;95;95323;2;1;3;6;Chemin de l’Hautil;49,0015100000;2,0162900000
202200024476;16;12;2022;18:00;3;95;95252;1;1;1;3;A15;48,9833235486;2,2185314390
202200024477;22;5;2022;11:35;1;73;73129;1;1;1;7;D201;45,5963540000;6,2415860000
202200024478;23;7;2022;20:10;1;91;91191;2;1;7;6;Jean Jaures (Avenue);48,7130100000;2,4643100000
202200024479;10;11;2022;08:30;1;31;31445;2;4;1;3;rue du Pic du Midi;43,5851320000;1,5377640000
202200024480;16;12;2022;16:00;1;93;93066;1;1;1;2;AUTOROUTE A1;48,9163280488;2,3577421904
202200024481;22;5;2022;11:55;1;73;73151;1;2;1;3;D1090 Route de Chignin;45,5080267667;6,0033188760
202200024482;23;7;2022;08:00;1;91;91687;2;1;1;4;FRANCOEUR (RUE);48,6726500000;2,3804000000
202200024483;22;11;2022;12:30;1;95;95500;1;1;2;2;A15;49,0362500000;2,0951890000
202200024484;11;11;2022;14:45;1;83;83004;1;9;1;2;;43,4469490000;6,4731310000
202200024485;22;5;2022;16:50;1;07;07339;1;1;1;6;;44,6737500000;4,4591830000
202200024486;22;7;2022;09:07;1;90;90075;2;1;1;2;MIOTTE (RUE SOUS LA);47,6513200000;6,8830200000
202200024487;21;5;2022;17:30;1;53;53093;1;1;1;1;D116;48,4353510000; -0,9692860000
202200024488;12;11;2022;06:15;2;63;63248;1;1;1;1;Rd 2089;45,7181320000;2,8999290000
202200024489;16;12;2022;03:00;3;93;93006;1;1;1;2;AUTOROUTE A3;48,8656200000;2,4184400000
202200024490;23;7;2022;00:35;5;71;71153;2;1;1;6;31 Boulevard Saint-antoine;46,8056192085;4,4476133561
202200024491;12;11;2022;09:00;1;83;83130;2;1;1;1;Avenue de l'Arlésienne Prolongée;43,2068850000;6,0502700000
202200024492;15;12;2022;22:15;4;93;93063;1;1;1;5;AUTOROUTE A3;48,8778800000;2,4456200000
202200024493;23;4;2022;14:20;1;53;53068;1;2;8;3;RD 25 - La Heurtaudière;47,7990740000; -0,9076490000
202200024494;12;11;2022;00:00;5;77;77405;2;1;5;6;D31;48,9081440000;3,1827480000
202200024495;23;7;2022;23:10;3;69;69266;2;3;1;5;Rue de la Poudrette;45,7599584899;4,9207189679
202200024496;7;5;2022;17:55;1;53;53062;1;1;1;6;L Épinette;47,8046375590; -0,6447708600
202200024497;12;11;2022;05:30;3;81;81064;1;1;1;6;Chemin de Gabaude;43,9572640000;1,8565550000
202200024498;23;7;2022;09:00;1;64;64129;2;1;1;6;PLAINE;43,3000900000; -0,3975400000
202200024499;22;5;2022;19:40;1;40;40134;1;1;1;7;ROUTE DÉPARTEMENTALE E10, PK 21+700;44,2260030000; -0,8992630000
202200024500;15;12;2022;16:50;2;95;95018;1;1;1;5; A15;48,9607863610;2,2696964779
202200024501;12;11;2022;17:25;3;71;71294;1;1;5;6;D978;46,8333930000;4,6938660000
202200024502;20;5;2022;10:17;1;24;24064;2;9;1;6;Chemin du Vert Galand;45,3621830000;0,6486010000
202200024503;22;7;2022;18:05;1;64;64125;2;1;1;6;Avenue du Plateau;43,4450200000; -1,5838700000
202200024504;12;11;2022;06:00;3;63;63148;1;1;5;6;RD 224;45,8916608245;3,2452905178
202200024505;15;12;2022;14:30;1;93;93007;1;1;1;2;AUTOROUTE A3;48,9233200000;2,4804500000
202200024506;9;5;2022;08:05;1;24;24064;1;1;1;1;Les Grands Thèves;45,3494010000;0,6920640000
202200024507;15;12;2022;08:50;1;93;93007;1;1;1;3;AUTOROUTE A3;48,9312548059;2,4809870124
202200024508;12;11;2022;13:00;1;55;55063;2;3;1;1;Rue Marcel-cachin;49,2888130000;5,7602690000
202200024509;24;5;2022;09:45;1;04;04124;1;1;1;7;Route de St Laurent;43,7358790000;6,0792800000
202200024510;21;7;2022;18:23;1;57;57332;1;1;1;1;Route départementale 603;49,1245459988;6,7653754312
202200024511;7;11;2022;18:30;5;41;41185;1;1;1;1;Chemin de la Gastière;47,3340820000;1,7033025300
202200024512;23;5;2022;11:15;1;85;85051;1;1;1;7;D137;46,6471240000; -1,0372210000
202200024513;15;12;2022;07:10;3;93;93005;1;1;1;2;AUTOROUTE A3;48,9602419884;2,4733228737
202200024514;23;5;2022;10:05;1;27;27516;2;1;2;7;;49,0810951589;0,6072092056
202200024515;23;7;2022;19:06;1;54;54149;1;1;1;2;D27;49,4478200000;5,9191800000
202200024516;14;12;2022;20:00;3;95;95394;1;1;1;6;A115;49,0470313508;2,1841565986
202200024517;23;7;2022;08:35;1;54;54136;2;1;1;6;RD603;49,1671760000;5,8538920000
202200024518;11;11;2022;18:10;3;29;29175;1;3;1;1;Pont Kerhoaden;48,2992585600; -3,8350680376
202200024519;23;7;2022;16:00;1;51;51454;2;2;1;3;boulevard Albert 1er;49,2734200000;4,0148900000
202200024520;23;5;2022;18:10;1;87;87047;1;1;1;1;Les Trois Sapins;45,9757380000;1,2572480000
202200024521;15;12;2022;17:30;5;43;43041;2;1;3;6;137 Avenue Charles Dupuy;45,0526600000;3,9110900000
202200024522;18;7;2022;13:00;1;50;50129;1;1;1;1;GLACERIE (ROUTE DE LA);49,6206400000; -1,5828600000
202200024523;21;5;2022;23:23;3;87;87103;1;1;1;7;La Lande;46,0234450000;1,1576980000
202200024524;23;7;2022;13:46;1;45;45068;2;1;1;6;D740 PK 4 + 600;48,0218890000;2,7372520000
202200024525;15;12;2022;08:30;2;29;29019;2;1;1;6;rue du Duc d'Aumale;48,4011200000; -4,5094000000
202200024526;21;5;2022;12:10;1;37;37026;1;2;1;3;La Vernaterie;47,0143520000;0,9846820000
202200024527;23;7;2022;14:50;1;44;44109;2;1;1;6;35 Rue d'Angleterre;47,2144000000; -1,5284900000
202200024528;23;7;2022;06:00;1;37;37261;2;9;1;3;JAURES (PLACE JEAN);47,3888700000;0,6893900000
202200024529;15;12;2022;08:27;2;92;92048;2;1;1;6;REPUBLIQUE (RUE DE LA) N° 1 A 45;48,8098552063;2,2362378538
202200024530;22;5;2022;17:20;1;37;37246;1;1;1;5;Les Poitevins;47,1258920000;1,1087180000
202200024531;23;7;2022;06:30;1;34;34108;1;1;1;7;RD 612;43,4558700000;3,7679400000
202200024532;24;5;2022;17:00;1;48;48017;1;3;1;3;D809;44,4271730000;3,1713680000
202200024533;14;7;2022;01:13;5;34;34108;2;3;1;3;Avenue 81ème Régiment d'Infanterie;43,4412000000;3,7588000000
202200024534;21;5;2022;20:40;1;08;08347;2;1;1;6;Rue Principale;49,6311030000;5,2700950000
202200024535;23;7;2022;19:05;1;34;34003;2;3;1;2;Boulevard du Soleil;43,3062500000;3,4807500000
202200024536;2;7;2022;20:55;1;91;91228;2;1;1;6;DESSERTE ARISTIDE CANLORBE;48,6302200000;2,4282600000
202200024537;23;5;2022;13:30;1;88;88114;1;6;1;2;D165;48,1903510000;5,9174570000
202200024538;23;7;2022;10:25;1;33;33281;2;3;1;3;Avenue René Cassin;44,8321400000; -0,6741300000
202200024539;23;5;2022;21:15;1;88;88310;1;1;1;1;départementale 2;48,0136400000;5,9675500000
202200024540;2;7;2022;19:40;1;91;91174;2;1;1;6;RUE DE PARIS;48,6016400000;2,4699800000
202200024541;18;5;2022;15:30;1;33;33015;1;1;1;6;Aire de la Gare de Péage d'Arveyres (Embranchement d'autoroute);44,8851120000; -0,2684460000
202200024542;23;7;2022;15:55;1;75;75117;2;1;1;7;PORTE DE SAINT OUEN;48,8996850000;2,3196400000
202200024543;22;5;2022;22:50;3;988;98805;1;1;1;6;VE1; -22,2250410000;166,4641140000
202200024544;30;6;2022;18:30;1;91;91174;2;1;1;6;AV DU 8 MAI 1945;48,6109100000;2,4517400000
202200024545;24;5;2022;09:00;1;06;06084;2;9;1;6;310 Avenue de Grasse;43,6225470000;6,9683900000
202200024546;22;7;2022;23:33;5;75;75119;2;2;8;3;RUE D AUBERVILLIERS;48,8896920000;2,3681300000
202200024547;21;5;2022;07:55;1;17;17317;1;1;1;2;A10;45,4526030000; -0,6140410000
202200024548;23;7;2022;15:30;1;75;75116;2;2;1;2;BOULEVARD EXELMANS;48,8431630000;2,2602080000
202200024549;30;6;2022;14:15;1;91;91521;2;3;1;3;ROUTE DE MENNECY;48,6412700000;2,4201100000
202200024550;23;5;2022;12:37;1;68;68297;1;1;2;2;A35 - PR 121+800;47,6064380000;7,5280920000
202200024551;23;7;2022;02:10;5;75;75115;2;3;1;1;RUE DE VAUGIRARD;48,8422980000;2,3105680000
202200024552;23;5;2022;07:00;1;69;69112;1;1;1;3;Autoroute 89;45,8356710000;4,6848030000
202200024553;23;7;2022;10:15;1;75;75113;2;1;1;3;RUE DE CROULEBARBE;48,8313630000;2,3487960000
202200024554;22;7;2022;05:03;5;75;75108;2;1;1;1;AVENUE DE FRIEDLAND;48,8746080000;2,3040600000
202200024555;28;4;2022;10:15;1;31;31384;1;1;1;1;RD 16;43,4815180000;1,5723510000
202200024556;23;7;2022;13:40;1;75;75104;2;2;1;3;RUE DE LA CERISAIE;48,8517550000;2,3670130000
202200024557;23;5;2022;13:00;1;38;38547;2;1;1;3;20 boulevard Jules FERRY;45,2384180000;5,8883690000
202200024558;23;6;2022;18:05;1;91;91228;2;6;1;3;ROND POINT D'ANGLARD;48,6446000000;2,4217200000
202200024559;23;7;2022;02:05;5;75;75101;2;1;2;7;PONT AU CHANGE;48,8566260000;2,3467420000
202200024560;23;5;2022;14:10;1;06;06088;1;1;1;7;A8;43,7212960000;7,2176210000
202200024561;23;7;2022;20:25;1;94;94073;1;1;1;3;FONTAINEBLEAU (AV DE);48,7670610000;2,3681680000
202200024562;14;12;2022;20:10;5;988;98818;2;3;1;6;RUE BATAILLE/RUE NICOLAS HAGEN; -22,2697600000;166,4492500000
202200024563;20;5;2022;20:10;1;69;69043;1;1;1;5;Route de Brignais;45,7112563741;4,7715801001
202200024564;23;7;2022;01:10;5;93;93073;1;4;2;6;Aeroport Charles de Gaulle - Echangeur Terminal 2;49,0066800000;2,5582100000
202200024565;17;5;2022;05:15;2;69;69142;1;1;1;1;Route de Métropole 7;45,7311507193;4,8157829046
202200024566;15;12;2022;16:20;1;976;97611;1;1;2;7;vahibe-Departementale 3 ( route ); -12,7927300000;45,1883000000
202200024567;23;7;2022;10:30;1;93;93066;2;2;1;3;Avenue Roger Sémat / Rue du 19 Mars 1962;48,9478200000;2,3573200000
202200024568;22;5;2022;16:00;1;13;13114;2;3;1;3;D10;43,5478520000;5,2974590000
202200024569;23;5;2022;07:45;1;11;11144;1;1;1;6;Autoroute A9;42,8777980000;2,9900570000
202200024570;23;7;2022;01:00;5;93;93066;2;2;1;1;Rue Auguste Poullain / Rue Gaston Philippe;48,9411000000;2,3509000000
202200024571;23;7;2022;12:35;1;93;93064;2;1;1;6;Rue Paul Cavaré;48,8729950000;2,4852290000
202200024572;23;5;2022;22:55;3;69;69013;1;1;1;5;Autoroute 6;46,0168140000;4,7273180000
202200024573;22;7;2022;22:30;5;93;93079;2;3;2;3;Avenue Jean Jaurès / Rue Edouard Vaillant;48,9642100000;2,3473700000
202200024574;15;12;2022;19:15;3;974;97411;1;9;2;3;LITTORAL (ROUTE 1 DU); -20,8909600000;55,3810100000
202200024575;23;7;2022;17:00;1;93;93010;2;1;1;6;Rue Simone de Beauvoir;48,8960630000;2,4876180000
202200024576;23;5;2022;22:00;3;69;69013;1;1;1;6;Autoroute 6;46,0161832750;4,7274257757
202200024577;22;5;2022;16:00;1;84;84081;1;1;1;3;Autoroute A7 PK 191.700;43,9425450000;4,9113610000
202200024578;23;7;2022;10:35;1;93;93007;2;2;1;3;Avenue Henri Barbusse / Rue Joseph Darriet;48,9420100000;2,4645280000
202200024579;23;7;2022;12:40;1;93;93071;2;1;1;6;Avenue Léon Jouhaux;48,9419954446;2,5440419913
202200024580;15;12;2022;18:15;2;974;97411;2;6;3;3;JAURES (BLD 2 JEAN); -20,9000400000;55,4876100000
202200024581;22;5;2022;18:25;1;13;13103;1;1;1;2;a54 - PK 71+000;43,6277730000;5,1084620000
202200024582;20;6;2022;16:30;1;92;92078;2;9;1;3;VIEUX CHEMIN DE ST DENIS (AVENUE);48,9290027135;2,3291911483
202200024583;23;5;2022;18:00;1;69;69189;1;3;8;2;Route Départementale 386;45,5177847463;4,8605570197
202200024584;23;7;2022;12:30;1;92;92077;2;1;1;2;DESVALLIERES (CHEMIN);48,8235176513;2,1964971721
202200024585;15;12;2022;16:10;1;974;97411;2;3;3;6;MONTAGNE (ROUTE DE LA); -20,8795600000;55,4438100000
202200024586;21;5;2022;18:30;2;987;98733;2;1;1;6;PK 23+050 route territoriale 1; -17,6899310000; -149,5483490000
202200024587;23;7;2022;03:20;5;92;92072;2;1;1;6;RENAN (RUE ERNEST);48,8203800000;2,2143700000
202200024588;23;7;2022;15:55;1;92;92064;2;1;1;7;PARC SAINT CLOUD;48,8339488809;2,2129262388
202200024589;23;5;2022;06:45;1;988;98808;1;1;2;6;Tribu de warai - RM6; -21,3188990000;165,5729550000
202200024590;23;7;2022;18:00;1;92;92050;2;1;1;1;SURESNES RUE DE;48,8845189594;2,2137346566