Num_Acc;jour;mois;an;hrmn;lum;dep;com;agg;int;atm;col;adr;lat;long
202200024591;10;5;2022;11:00;1;988;98804;2;1;1;6;Tribu de Nonhoué - RPN3; -21,5133000000;165,9444900000
202200024592;15;12;2022;11:50;1;974;97411;2;1;1;7;VINH-SAN (BLD 1 DU PRINCE); -20,8781100000;55,4377700000
202200024593;24;7;2022;00:20;3;60;60179;2;1;1;2;Grande Rue;49,5744550000;2,5035520000
202200024594;21;5;2022;12:40;1;971;97128;1;2;1;3;Route de Surgy;16,2569090000; -61,3463580000
202200024595;14;12;2022;17:50;1;974;97411;2;1;1;6;MONTAGNE (ROUTE DE LA); -20,8846200000;55,4435000000
202200024596;23;7;2022;17:45;1;51;51016;1;1;1;7;D13;48,5865060531;4,7003728151
202200024597;22;5;2022;17:15;1;45;45320;1;1;1;4;10 Rue d’Intville;48,2788410000;2,1739650000
202200024598;23;7;2022;13:25;1;25;25056;1;1;1;6;Autoroute A36, point kilométrique 121+700, sens MULHOUSE vers DOLE;47,3001880000;6,0317090000
202200024599;22;7;2022;11:35;1;71;71231;1;1;1;1;Chemin de Crenin;46,5218250000;4,4407560000
202200024600;24;5;2022;14:50;1;2B;2B093;1;1;1;5;Route d Algajola;42,6092250000;8,8805470000
202200024601;23;7;2022;15:45;1;22;22237;1;1;1;7;Le Petit Bignon;48,5278180000; -2,2569070000
202200024602;15;12;2022;07:15;1;974;97407;2;1;1;3;CARPAYE(AVENUE); -20,9478100000;55,2992800000
202200024603;24;7;2022;03:00;3;18;18026;1;1;1;6;;47,5019060000;2,8616430000
202200024604;23;5;2022;20:10;2;34;34162;1;1;1;3;D5e11;43,4786420000;3,5186400000
202200024605;23;7;2022;11:10;1;974;97422;2;2;1;3;Rue de Paris; -21,2830390000;55,5114800000
202200024606;15;12;2022;10:52;1;973;97302;1;1;1;2;ROUTE NATIONALE 3;4,9019900000; -52,3131800000
202200024607;23;5;2022;10:21;1;34;34017;1;1;1;5;d613;43,4737260000;3,4516810000
202200024608;24;7;2022;18:50;3;974;97405;1;1;1;6;route nationale 2; -21,3680170000;55,5630860000
202200024609;24;7;2022;18:15;1;74;74053;1;1;1;1;D12;46,2661130000;6,4518710000
202200024610;22;5;2022;22:10;3;84;84054;1;1;1;1;D25;43,9204080000;5,0795030000
202200024611;23;7;2022;12:10;1;51;51572;1;2;1;3;Route Nationale;49,0177120000;4,6180610000
202200024612;20;5;2022;19:10;1;83;83112;2;1;1;6;Avenue du Littoral;43,1822190000;5,6838740000
202200024613;14;12;2022;17:50;1;973;97302;2;2;1;3;JADFARD (RENE);4,9332900000; -52,3316900000
202200024614;23;7;2022;17:20;1;2B;2B343;2;1;1;2;Querciolo;42,4878910000;9,4793130000
202200024615;22;5;2022;23:15;5;83;83019;2;1;1;1;Avenue Lou Mistraou;43,1419900000;6,3395030000
202200024616;23;5;2022;11:30;1;06;06021;1;1;1;1;M27 PK8+200;43,8616230000;7,1664120000
202200024617;24;7;2022;13:50;1;65;65017;1;1;1;7;D 929;42,8146240000;0,2008990000
202200024618;14;12;2022;15:55;1;973;97302;2;3;8;3;ZEPHIR (ROCADE);4,9319316912; -52,3118224740
202200024619;23;5;2022;14:00;1;04;04148;1;1;1;3;D4085;43,7972900000;6,6288970000
202200024620;24;7;2022;10:50;1;71;71404;1;1;1;6;D981;46,7478230000;4,7138860000
202200024621;22;5;2022;17:45;1;04;04120;1;1;1;6;RD 900;44,4350670000;6,8735150000
202200024622;15;12;2022;17:30;5;69;69388;2;3;3;6;Rue Bataille;45,7359800000;4,8829000000
202200024623;24;7;2022;17:45;1;71;71313;1;1;1;7;La Lutarne;46,9717460000;4,1994380000
202200024624;24;5;2022;07:25;1;13;13092;1;1;1;1;Chemin Départemental 21b;43,5240330000;5,1130630000
202200024625;14;12;2022;21:15;5;971;97120;2;9;1;3;CHEMIN NEUF;16,2310756538; -61,5314492583
202200024626;24;5;2022;09:00;1;52;52312;1;9;1;3;Voie communale 2;47,8867010000;5,2283440000
202200024627;22;7;2022;21:10;2;63;63207;1;1;1;6;Maison Blanche;45,6603220000;3,6894700000
202200024628;22;5;2022;07:00;1;68;68298;2;1;1;7;La Forge;48,2547793187;7,2021603584
202200024629;14;12;2022;19:00;5;971;97113;1;9;1;3;RN4 - SECTION RIVIERA;16,2178300000; -61,4905200000
202200024630;23;7;2022;21:40;1;63;63214;2;1;1;1;Rue de Talabeau;45,6834280000;3,1940550000
202200024631;23;5;2022;17:45;1;74;74128;1;3;2;3;Route des Marais;46,1497790000;6,3242250000
202200024632;21;5;2022;19:50;1;38;38076;1;3;1;3;Route de Dolomieu;45,5942190000;5,4722060000
202200024633;23;7;2022;23:15;3;39;39434;1;1;1;1;;46,8511520000;5,7101870000
202200024634;21;5;2022;11:00;1;38;38509;2;2;1;3;boulevard Gambetta;45,5649430000;5,4446380000
202200024635;15;12;2022;01:06;3;91;91617;1;1;1;2;RTE NATIONALE 6;48,6561360000;2,5230340000
202200024636;12;7;2022;18:55;1;29;29266;1;3;1;1;Pont Meur;48,4665480000; -3,9718580000
202200024637;15;12;2022;09:47;1;91;91223;2;1;1;2;SAINT MICHEL (BOULEVARD);48,4416800000;2,1701300000
202200024638;21;5;2022;20:15;5;38;38223;2;1;1;6;Route du Dauphiné;45,5688260000;5,2663780000
202200024639;24;7;2022;09:20;1;29;29037;1;2;1;3;Le Croissant;47,8981308500; -4,1855882400
202200024640;22;5;2022;16:45;1;69;69192;1;1;1;3;Route Départementale 504;46,0336689756;4,5175266266
202200024641;10;12;2022;01:12;5;87;87085;2;1;1;6;DUTREIX (RUE ARMAND);45,8309200000;1,2479400000
202200024642;23;7;2022;21:12;1;03;03291;1;1;1;7;D480;46,2927850000;3,6027430000
202200024643;21;5;2022;18:15;1;69;69219;1;1;1;3;Chemin de la Noyeraie;45,6356966642;4,6858383840
202200024644;13;12;2022;21:30;4;87;87085;1;1;2;5;AUTOROUTE A20;45,8610300000;1,2861600000
202200024645;24;7;2022;00:30;5;03;03082;2;1;1;7;Rue Jean Jaurès;46,2952020000;2,7382780000
202200024646;20;5;2022;12:00;1;69;69287;2;3;6;3;Avenue Charles de Gaulle;45,6964930000;5,0184560000
202200024647;22;5;2022;21:00;1;69;69163;1;1;1;6;Route des Chères;45,9075360000;4,7602180000
202200024648;13;12;2022;08:45;2;84;84007;2;2;3;3;MARSEILLE (Route de );43,9222900000;4,8572400000
202200024649;20;5;2022;11:28;1;81;81038;1;3;7;3;Chemin des Vacants;43,8860690515;1,9531331061
202200024650;16;12;2022;00:05;5;83;83137;2;3;2;1;DESCARTES (RUE / AVE);43,1264000000;5,8976100000
202200024651;21;7;2022;09:50;1;01;01447;1;3;1;2;CARREFOUR DE LA D979 ET D 42A;46,1668730000;5,4009390000
202200024652;23;5;2022;10:25;1;32;32312;1;1;8;7;Lieu-dit Porteténi;43,6163650000;0,6501080000
202200024653;14;12;2022;15:25;1;82;82121;2;6;1;6;GAMBETTA (AVENUE);44,0172200000;1,3586400000
202200024654;20;5;2022;19:30;1;09;09199;1;2;1;3;D624 - D29;43,2049260000;1,6246460000
202200024655;23;5;2022;00:15;3;17;17318;1;1;8;7;D735;46,2338180000; -1,5436680000
202200024656;24;7;2022;15:00;1;58;58037;1;1;1;7;Route de la Grand Borne;47,2837510000;3,8734180000
202200024657;20;5;2022;22:15;3;14;14060;1;1;1;6;D515;49,2468050000; -0,2852080000
202200024658;8;12;2022;13:05;1;78;78551;2;2;1;3;PRIOLET (ALBERT);48,9015400000;2,0738800000
202200024659;13;12;2022;09:10;1;78;78440;2;3;1;2;BOUAFLE (ROUTE DE);48,9736700000;1,9124600000
202200024660;23;7;2022;20:00;2;72;72156;1;1;1;7;D1;48,1093730000;0,7146160000
202200024661;24;5;2022;14:30;1;60;60500;1;1;1;2;N2;49,1021120000;2,7440930000
202200024662;23;5;2022;20:00;1;60;60446;1;1;1;1;Rue de la Croix Verte;49,1378600000;2,7985420000
202200024663;24;7;2022;16:05;1;14;14514;2;1;1;6;D675;49,2850100000;0,1829960000
202200024664;24;5;2022;06:45;2;60;60612;2;1;1;6;Rue du Moulin Saint Etienne;49,2019530000;2,5922580000
202200024665;15;12;2022;20:00;5;77;77449;2;6;1;6;D231/D406;48,8390800000;2,7861400000
202200024666;21;5;2022;21:00;2;60;60612;1;1;1;7;D1017;49,2249014166;2,5884829759
202200024667;15;12;2022;01:15;3;77;77186;1;1;1;7;D116;48,4691900000;2,7392500000
202200024668;24;5;2022;08:36;1;60;60515;1;1;2;3;D36;49,4782470000;2,5332500000
202200024669;24;7;2022;16:15;1;14;14102;1;2;1;3;D264;49,2280366767;0,2119910717
202200024670;15;12;2022;07:30;5;76;76231;2;1;1;1;Rue Jean Jaurès;49,2917042479;1,0099898279
202200024671;11;5;2022;19:39;1;60;60107;2;6;1;3;966 Route de Paris;49,3604390663;2,4227659106
202200024672;24;7;2022;16:15;1;09;09189;1;1;1;7;PK 94+711, N20;42,6104480000;1,8190420000
202200024673;15;12;2022;02:40;5;76;76561;2;2;1;6;Rue de la Republique;49,2974800000;1,0110100000
202200024674;22;5;2022;22:30;3;60;60089;1;1;1;6;Route départementale 915;49,2167271774;1,8456988333
202200024675;24;7;2022;11:50;1;18;18108;1;1;1;1;;46,9582170000;2,9207190000
202200024676;14;12;2022;17:50;3;72;72181;1;1;2;2;TOURS (RTE) LIGNE DROITE DES HUNAUDIERES;47,9614900000;0,2234300000
202200024677;23;7;2022;20:45;2;07;07250;1;1;1;6;Route d'Annonay;45,1438950000;4,7116370000
202200024678;23;5;2022;16:46;1;988;98818;2;1;2;5;ECHANGEUR BONAPARTE; -22,2426500000;166,4604200000
202200024679;15;12;2022;19:50;3;69;69266;2;1;2;6;Rue Léon Blum;45,7603600000;4,9020500000
202200024680;23;5;2022;18:55;5;976;97611;2;9;1;1;kaweni-Foyer des jeunes ( rue ); -12,7701600000;45,2208700000
202200024681;15;12;2022;12:20;1;69;69266;2;6;2;3;Rue Francis de Pressensé;45,7718900000;4,8700100000
202200024682;23;7;2022;16:30;1;07;07028;1;4;1;2;Intersection RD104 chemin du Cros;44,3879720000;4,2335340000
202200024683;22;5;2022;12:00;1;974;97411;2;3;1;3;JAURES (BLD 1 JEAN); -20,8903500000;55,4657000000
202200024684;15;12;2022;07:45;4;69;69271;2;6;9;3;Avenue du Dauphiné;45,7346200000;4,9657600000
202200024685;24;7;2022;06:40;2;21;21037;1;1;1;6;D973;46,9872200000;4,7329900000
202200024686;22;5;2022;20:33;5;973;97302;2;3;1;6;THIES(RUE);4,9407189746; -52,3346266150
202200024687;14;12;2022;10:25;1;67;67180;1;1;4;1;D1063;48,8329190000;7,8472090000
202200024688;23;5;2022;08:40;1;972;97209;1;1;1;3;SALVADOR ALLENDE (AVENUE);14,6103200000; -61,0496200000
202200024689;23;7;2022;13:25;1;40;40326;2;1;1;7;3092 Route des Lacs;43,9506650000; -1,3015420000
202200024690;15;12;2022;14:22;1;66;66136;2;9;8;3;ALDUY (Paul);42,6784200000;2,9062700000
202200024691;23;5;2022;18:00;1;69;69389;2;2;8;3;Pont Georges Clémenceau;45,7750100000;4,8086700000
202200024692;14;12;2022;22:30;4;66;66136;2;3;2;1;;42,6945223773;2,9014635086
202200024693;23;5;2022;00:50;5;69;69034;2;6;1;6;Viaduc Joseph Picot;45,7924400000;4,8719200000
202200024694;22;5;2022;07:55;1;69;69382;2;1;9;1;Cours de Verdun Perrache;45,7487844343;4,8275782330
202200024695;14;12;2022;15:17;1;66;66136;2;3;1;6;PALALDA (DE);42,6841000000;2,9027600000
202200024696;23;7;2022;17:40;1;24;24082;1;2;1;3;route du quercy;44,8680400000;1,2857060000
202200024697;23;5;2022;06:25;1;971;97101;1;1;1;2;RN1-  HAUTEUR DE SORTIE LAURICISQUE;16,2531576303; -61,5339919925
202200024698;15;12;2022;09:45;1;64;64189;2;3;1;3;Avenue Jean Jaures;43,3802270000; -1,6689270000
202200024699;22;5;2022;21:15;3;971;97113;2;1;1;1;SECTION MARE-GAILLARD;16,2145904547; -61,4388969541
202200024700;23;7;2022;05:25;3;24;24064;1;1;1;6;D98;45,4246230000;0,6129490000
202200024701;15;12;2022;20:55;5;64;64122;2;6;2;3;Boulevard du BAB;43,4810600000; -1,5412000000
202200024702;23;5;2022;19:20;3;971;97105;2;1;1;6;CHARLES DE GAULLE (BD DU GENERAL);15,9949538510; -61,7313730717
202200024703;24;7;2022;18:10;1;04;04055;1;1;1;6;RN 85;43,9616850000;6,3276100000
202200024704;21;5;2022;20:00;5;971;97105;2;1;1;2;BD GERTY ARCHIMEDE;15,9898159532; -61,7273578048
202200024705;15;12;2022;14:40;1;62;62225;2;1;1;1;GRAND NIEPPE (RUE DU...............);50,7690000000;2,3695700000
202200024706;24;7;2022;17:50;1;85;85234;1;1;7;7;Route des Pommettes;46,8312500000; -2,0529430000
202200024707;22;5;2022;20:05;1;2A;2A004;2;1;1;7;PRINCE IMPERIAL COURS;41,9340300000;8,7451800000
202200024708;15;12;2022;16:30;2;59;59599;2;2;1;3;EGALITE (BOULEVARD DE L');50,7338940000;3,1683520000
202200024709;22;5;2022;16:15;1;95;95598;2;1;2;2;Rue de Montmorency;48,9901539620;2,3067399859
202200024710;10;12;2022;16:40;1;57;57019;2;1;1;1;CIMENTERIE (RUE DE LA);49,2570700000;6,1149100000
202200024711;23;5;2022;20:10;1;91;91377;2;1;1;3; AVENUE DE PARIS;48,7229240000;2,2631610000
202200024712;23;7;2022;10:00;1;27;27565;1;1;1;3;Route départementale 61, PK 13;48,8994910000;0,8519230000
202200024713;23;5;2022;10:00;1;91;91514;1;1;2;2;CD 33;48,6645500000;2,5254300000
202200024714;14;12;2022;17:04;2;56;56260;2;3;8;3;50 Avenue Gontran Bienvenu;47,6534977500; -2,7078746200
202200024715;23;7;2022;16:52;1;87;87008;1;1;1;6;Chez Ledon;46,2613620000;1,0916430000
202200024716;21;5;2022;21:00;1;91;91223;2;1;1;1;CHARPENTIER (AVENUE THEODORE);48,4272700000;2,1495800000
202200024717;16;12;2022;00:01;5;51;51454;2;1;5;6;rue Paul Vaillant Couturier;49,2714980000;4,0171540000
202200024718;23;7;2022;14:00;1;87;87133;1;1;1;1;RN 145;46,2016440000;1,3544730000
202200024719;23;5;2022;20:22;2;90;90032;2;1;8;3;ANCIEN COMBATTANT (RUE DES );47,6205700000;6,8621500000
202200024720;15;12;2022;17:35;4;51;51474;2;6;1;7;Place Charles de Gaulle;49,2645268883;3,9870581031
202200024721;22;5;2022;15:51;1;90;90010;2;1;1;6;BRISACH (AVENUE DE);47,6456300000;6,8777000000
202200024722;23;7;2022;19:20;1;37;37018;1;1;1;6;83 Route des Vallées;47,3632900000;0,6282810000
202200024723;15;12;2022;11:15;1;51;51454;2;1;1;7;boulevard Victor Lambert;49,2435360543;4,0455946326
202200024724;23;5;2022;11:15;1;87;87085;2;2;2;7;GUE DE VERTHAMONT (RUE);45,8187430000;1,2230520000
202200024725;11;7;2022;16:03;1;01;01032;1;1;1;6;Autoroute A42 sens LYON/GENÈVE pk 024+400;45,8615600000;5,1684830000
202200024726;21;5;2022;12:44;1;87;87085;2;1;1;3;BEAUBREUIL (PLACE DE);45,8811900000;1,2914100000
202200024727;14;12;2022;23:13;5;49;49007;2;1;1;5;VOLTAIRE;47,4705700000; -0,5530900000
202200024728;22;5;2022;11:34;1;87;87075;1;1;1;6;RN 21;45,7957800000;1,2245700000
202200024729;13;9;2022;07:45;1;38;38421;2;1;1;6;RUE DES TAILLÉES;45,1954700000;5,7633400000
202200024730;3;5;2022;15:45;1;85;85191;2;6;1;3;rond-point Duchesne-de-Denant;46,6505600000; -1,4372700000
202200024731;15;12;2022;08:19;1;35;35051;2;6;1;3;METAIRIES (BOULEVARD DES);48,1234677555; -1,6014531255
202200024732;22;5;2022;00:30;5;83;83062;2;1;1;1;THOUAR MONTEE;43,1337090000;6,0093520000
202200024733;15;12;2022;08:30;2;34;34108;2;1;3;6;224 Avenue du Maréchal Juin;43,4286800000;3,7293900000
202200024734;19;5;2022;14:15;1;83;83129;2;6;1;3;SOLVIOU (CORNICHE DE);43,1066000000;5,8142500000
202200024735;14;12;2022;22:41;5;34;34172;2;1;8;6;660 Avenue de Barcelone;43,6267100000;3,8175000000
202200024736;23;7;2022;13:45;1;13;13086;1;1;1;2;A52  PK 019.910;43,3274800000;5,6005280000
202200024737;10;5;2022;17:40;1;83;83123;2;1;1;2;BANDOL (ROUTE)N° IMPAIRS;43,1250800000;5,7887800000
202200024738;18;5;2022;16:10;1;80;80021;2;1;1;6;JACOBINS (RUE DES);49,8914527130;2,2998024523
202200024739;13;12;2022;23:10;5;34;34172;2;2;2;6;Avenue de la Liberté;43,6113700000;3,8287300000
202200024740;21;5;2022;08:00;1;80;80021;2;1;1;6;JULES BARNI (RUE);49,8854300000;2,3200400000
202200024741;23;7;2022;23:30;3;53;53269;1;1;1;1;RN12;48,3040498489; -0,8402658926
202200024742;15;12;2022;14:45;1;33;33063;2;1;8;2;Boulevard Alfred Daney;44,8688200000; -0,5690900000
202200024743;19;5;2022;20:50;1;80;80021;2;3;1;3;ELBEUF (RUE D');49,8855700000;2,2653600000
202200024744;23;7;2022;16:30;1;988;98826;1;1;3;6;RM8 - POUM; -20,1948600000;164,0912200000
202200024745;23;5;2022;17:15;1;78;78133;2;1;2;5;RN.13;48,9100500000;2,0380200000
202200024746;14;12;2022;17:15;2;33;33192;2;1;1;3;Rue du Moulineau;44,7727300000; -0,6012100000
202200024747;22;5;2022;15:35;1;78;78551;2;2;2;1;FOCH (AVENUE DU MARECHAL);48,8999500000;2,0886430000
202200024748;24;7;2022;11:50;1;988;98811;2;1;1;6;Avenue LAPITA - RT1 - KONE; -21,0593040000;164,8585010000
202200024749;15;12;2022;22:50;3;32;32013;1;1;2;6;PESSAN (ROUTE DE);43,6303900000;0,6326900000
202200024750;14;12;2022;19:15;5;30;30007;2;1;1;2;CARNOT (AVE);44,1213000000;4,0879000000
202200024751;23;7;2022;07:15;1;971;97124;2;1;1;3;Rue Robert Tamas;16,0288930000; -61,6969980000
202200024752;22;5;2022;04:40;3;77;77445;2;6;1;1;D150;48,5872600000;2,5948200000
202200024753;14;12;2022;20:30;5;29;29019;2;1;1;2;Rond Point de Pen Ar Chleuz;48,4151079539; -4,4798517822
202200024754;6;5;2022;16:27;1;77;77067;1;1;1;3;BOISSENART CENTRE COMMERCIAL;48,5856919482;2,6021342729
202200024755;14;12;2022;14:45;1;29;29019;2;1;1;6;boulevard Commandant René Mouchotte;48,3893500000; -4,5096800000
202200024756;21;5;2022;20:10;1;76;76351;2;3;1;6;BOURDALOUE;49,4997000000;0,1436700000
202200024757;24;7;2022;06:00;2;66;66212;1;1;1;1;;42,7519990000;2,9859320000
202200024758;15;12;2022;20:35;5;27;27229;1;1;1;1;CITES UNIES (BOULEVARD DES);49,0112600000;1,1419100000
202200024759;22;5;2022;15:40;1;76;76217;2;1;1;1;AVENUE JEAN RIBLET;49,9216451533;1,0938526325
202200024760;24;7;2022;17:40;1;84;84019;2;6;1;-1;Avenue Jean Moulin;44,3168440000;4,7428210000
202200024761;22;5;2022;14:20;1;76;76414;2;1;1;6;RD 485;49,9129100000;1,1054900000
202200024762;15;12;2022;10:25;1;27;27229;2;3;1;1;COCHEREL (RUE DE);49,0218900000;1,1783400000
202200024763;23;5;2022;08:20;1;71;71540;1;1;2;7;PERRAUDINS (LES);46,7638900000;4,4641700000
202200024764;15;12;2022;01:04;3;24;24037;1;1;8;2;D709 (Rte de Mussidan);44,8674300000;0,4574800000
202200024765;23;7;2022;18:55;1;83;83035;1;1;1;2;D402;43,2449530000;5,8059310000
202200024766;21;5;2022;18:50;1;68;68066;2;1;1;6;SCHWEITZER (RUE DU DR ALBERT);48,0791700000;7,3370400000
202200024767;15;12;2022;00:17;3;17;17291;2;1;1;6;MARE  RUE DU FIEF DE LA;46,1790400000; -1,1293100000
202200024768;21;5;2022;13:05;1;66;66136;2;1;1;1;JOFFRE (AVENUE DU MARECHAL CD 88);42,7179200000;2,8873300000
202200024769;24;7;2022;03:26;3;38;38019;1;1;1;1;autoroute A7 PK 012+700 en S/N;45,4157140000;4,8270320000
202200024770;15;12;2022;02:45;5;13;13106;2;1;2;3;BEDOULE ( CHEMIN DE LA );43,3872500000;5,3521900000
202200024771;22;5;2022;17:35;1;64;64445;2;2;1;1;avenue Trespoey;43,2988225539; -0,3519353271
202200024772;24;7;2022;02:45;3;68;68287;1;1;1;6;D83;47,9346140000;7,2774610000
202200024773;15;12;2022;16:05;1;13;13103;2;1;2;3;BOULEVARD PASQUET -LOUIS;43,6374800000;5,0963400000
202200024774;23;5;2022;12:11;1;64;64024;2;1;1;3;Avenue de Bayonne;43,4825000000; -1,5061200000
202200024775;15;12;2022;15:50;1;13;13203;2;1;1;3;VICTOR HUGO (PLACE);43,3044300000;5,3785800000
202200024776;24;7;2022;16:17;1;57;57006;1;4;1;3;D84a;49,0307414318;7,1629524976
202200024777;14;12;2022;21:45;5;13;13204;2;9;1;3;CHARTREUX (AVENUE DES);43,3100000000;5,4000000000
202200024778;23;5;2022;08:25;1;64;64102;2;1;1;4;Allées Boufflers;43,4927121094; -1,4718072116
202200024779;14;12;2022;17:05;2;13;13214;2;1;8;7;GAY LUSSAC (BOULEVARD);43,3362100000;5,3750000000
202200024780;23;5;2022;08:02;1;64;64024;2;1;2;2;BOULEVARD DU BAB ;43,4873800000; -1,5364500000
202200024781;23;7;2022;19:50;1;26;26088;2;1;1;2;D532;45,0366100000;5,0828180000
202200024782;14;12;2022;16:35;1;13;13063;2;2;1;3;ALPHONSE LAMARTINE RUE;43,5838700000;5,0063100000
202200024783;21;5;2022;08:50;1;64;64102;2;9;1;3;Avenue de Sainte-Croix;43,4999800000; -1,4561100000
202200024784;23;7;2022;15:30;1;33;33233;2;1;1;6;Route de Laurent;45,1057080000; -0,3200750000
202200024785;22;5;2022;19:31;1;63;63113;2;1;1;6;UNION SOVIETIQUE (AVENUE DE L');45,7788300000;3,0995700000
202200024786;15;12;2022;01:30;5;12;12202;2;1;1;6;Boulevard Denys Puech;44,3505100000;2,5779900000
202200024787;20;5;2022;18:11;1;63;63075;2;1;1;6;VILLARS (AVENUE DE);45,7760000000;3,0613100000
202200024788;14;12;2022;07:37;3;10;10412;1;1;4;6;;48,3063000000;4,1323000000
202200024789;24;7;2022;12:50;1;85;85035;1;1;1;2;RD38;46,6456516000; -1,8890289500
202200024790;21;5;2022;09:20;1;62;62617;2;3;1;2;ROUTE NATIONALE (CD 937);50,4745610000;2,6662460000
202200024791;14;12;2022;17:29;5;10;10387;2;2;2;6;PIERRE GILLON (RUE);48,2879000000;4,0743000000
202200024792;23;7;2022;22:50;4;49;49194;2;1;1;1;Route de la Loire;47,4543120000; -0,2752700000
202200024793;22;5;2022;11:50;1;62;62193;2;9;1;3;CAMILLE CLAUDEL;50,9523000000;1,8876000000
202200024794;16;12;2022;00:42;5;06;06088;2;3;2;1;JAURES (BD JEAN);43,6975300000;7,2730200000
202200024795;22;7;2022;22:30;3;14;14043;1;1;1;6;D90;48,9248876142; -0,0355953276
202200024796;23;5;2022;20:00;1;59;59009;2;1;1;3;TOURNAI BOULEVARD DE;50,6139100000;3,1345500000
202200024797;14;12;2022;18:10;5;75;75116;2;1;1;2;PORTE MAILLOT;48,8802440000;2,2817010000
202200024798;21;5;2022;17:25;1;59;59359;2;9;1;3;PORT FLUVIAL (ROUTE DU);50,9983533897;2,2571110725
202200024799;23;7;2022;05:00;5;35;35282;2;1;1;6;Plaisance;48,2643262665; -1,3965873420
202200024800;22;5;2022;13:50;1;56;56098;2;1;1;6;CROIZAT ( AVE AMBROISE );47,7760700000; -3,3457100000
202200024801;13;12;2022;09:05;1;75;75117;2;1;8;2;BOULEVARD PERIPHERIQUE EXTERIEUR OUEST;48,8827000000;2,2833590000
202200024802;23;5;2022;16:30;1;54;54395;2;3;1;3;PHALSBOURG (RUE DE);48,6835450000;6,1811920000
202200024803;24;7;2022;10:10;1;35;35107;1;1;1;4;La Cheminee;48,2554910000; -1,5311010000
202200024804;15;12;2022;08:10;1;75;75118;2;2;8;3;RUE DU DEPARTEMENT;48,8855450000;2,3658010000
202200024805;22;5;2022;01:40;5;54;54482;2;1;1;6;GAMBETTA (RUE);48,7043400000;6,2065100000
202200024806;15;12;2022;11:45;1;75;75117;2;3;1;3;BOULEVARD BERTHIER;48,8937740000;2,3118910000
202200024807;21;5;2022;16:12;1;54;54382;2;1;1;6;LIEGE (RUE DE);49,5484760000;5,7868710000
202200024808;23;7;2022;22:54;3;60;60562;1;1;1;6;RD 75;49,3562818075;2,5485405921
202200024809;23;7;2022;13:30;1;13;13043;1;1;1;1;A55-Sens Martigues vers Marseille;43,3834730406;5,2305104010
202200024810;14;12;2022;23:15;5;75;75108;2;4;1;3;AVENUE GEORGE V;48,8668110000;2,3026150000
202200024811;23;5;2022;10:18;1;51;51454;2;3;2;3;rue Mazarin;49,2159688986;4,0282863379
202200024812;23;5;2022;06:45;1;51;51055;2;3;1;3;Rue Alain Colas;49,2709000000;4,0438400000
202200024813;15;12;2022;19:10;5;75;75116;2;2;1;6;RUE JEAN DE LA FONTAINE;48,8511060000;2,2723230000
202200024814;23;7;2022;17:40;1;33;33090;1;1;1;3;AUTOROUTE A 63;44,7721210000; -0,6583370000
202200024815;21;5;2022;20:25;1;51;51230;2;3;1;3;Rue des Pavements;49,0368700000;3,9546600000
202200024816;15;12;2022;15:35;1;75;75115;2;2;1;6;RUE DE LA CROIX NIVERT;48,8428790000;2,2950900000
202200024817;23;5;2022;18:00;1;45;45234;2;1;1;6;Avenue de l'Hôpital;47,8352030000;1,9223180000
202200024818;23;5;2022;11:00;1;45;45147;2;2;3;2;Rue des Marais;47,9452633862;1,9132950157
202200024819;23;7;2022;17:45;1;91;91521;1;1;1;2;RN 441;48,6405300000;2,3944600000
202200024820;15;12;2022;14:30;1;75;75115;2;7;1;2;PLACE BALARD;48,8368150000;2,2787550000
202200024821;23;5;2022;08:20;1;45;45234;2;1;2;2;Avenue Roger Secrétain;47,8801653441;1,9075870514
202200024822;22;5;2022;11:20;1;45;45302;2;1;1;2;1566 Ancienne Route de Chartres;47,9440741838;1,8841606826
202200024823;14;12;2022;12:30;1;75;75114;2;3;8;7;AVENUE GEORGES LAFENESTRE;48,8254840000;2,3117360000
202200024824;23;7;2022;18:20;1;91;91689;1;1;1;2;AUTOROUTE A6;48,7301800000;2,3148900000
202200024825;23;5;2022;19:54;1;42;42044;2;1;1;3;Rue de la République;45,3950500000;4,3119800000
202200024826;15;12;2022;17:45;2;75;75113;2;2;1;6;RUE DE TOLBIAC;48,8277080000;2,3714180000
202200024827;22;5;2022;17:40;1;38;38185;2;1;1;2;COURS DE LA LIBÉRATION ET DU GÉNÉRAL DE;45,1784300000;5,7156000000
202200024828;15;12;2022;16:57;2;75;75112;2;2;1;3;BOULEVARD PONIATOWSKI;48,8317000000;2,3978890000
202200024829;23;5;2022;08:30;1;35;35238;1;1;3;4;N136;48,1115921276; -1,7182686925
202200024830;23;7;2022;06:39;1;91;91286;1;1;1;6;AUTOROUTE A6;48,6498600000;2,3843700000
202200024831;22;5;2022;20:55;1;35;35238;2;1;1;6;BRNO (ALLEE DE);48,1277938754; -1,6627885401
202200024832;13;12;2022;18:50;5;75;75112;2;3;1;3;AVENUE DAUMESNIL;48,8404560000;2,3920200000
202200024833;22;5;2022;15:50;1;35;35278;1;1;1;6;RD 137;48,1748070443; -1,7153088748