Num_Acc;jour;mois;an;hrmn;lum;dep;com;agg;int;atm;col;adr;lat;long
202200025074;3;3;2022;16:24;1;66;66136;2;1;1;3;BERLIN (AVENUE DE);42,6883200000;2,8613200000
202200025075;7;3;2022;08:10;1;65;65440;2;1;1;3;ODOS (CHEMIN D');43,2201440000;0,0638820000
202200025076;7;3;2022;18:30;1;64;64545;1;1;1;4;RD810;43,3598200000; -1,7272600000
202200025077;6;3;2022;11:40;1;63;63069;2;1;1;6;BOLLAND (RUE ADRIENNE);45,7264100000;3,1851600000
202200025078;6;3;2022;14:14;1;63;63113;2;2;1;3;ORADOU (RUE DE L');45,7642400000;3,1254500000
202200025079;5;3;2022;08:18;1;63;63113;2;1;1;6;CHAMBRETTES (RUE DES);45,7671200000;3,1022500000
202200025080;7;3;2022;12:40;1;59;59599;2;3;7;3;SCHUMAN (RUE ROBERT);50,7396800000;3,1862610000
202200025081;26;2;2022;13:00;1;59;59350;2;1;1;6;BALLON RUE DU;50,6409100000;3,0763200000
202200025082;5;3;2022;20:45;5;59;59008;2;1;1;6;DELESTRAINT (RUE DU GENERAL);50,3360700000;3,2565800000
202200025083;6;3;2022;11:00;1;57;57306;2;3;1;6;WENDEL (RUE DE);49,3260174000;6,0698789000
202200025084;4;3;2022;17:22;1;55;55545;2;6;1;3;DIEU DU TRICE ( ALLEE DU );49,1517800000;5,3901000000
202200025085;5;3;2022;23:52;3;54;54149;1;1;1;7;D521;49,4408400000;5,9225900000
202200025086;5;3;2022;18:30;2;52;52448;1;2;1;3;RD384;48,6249300000;4,9306800000
202200025087;6;3;2022;17:25;1;51;51431;1;2;1;3;Voie de la Liberté;49,0145690000;3,9420840000
202200025088;2;3;2022;17:40;1;50;50147;2;3;1;6;SAPINS (AVENUE DES);49,0538500000; -1,4347700000
202200025089;7;3;2022;08:10;1;45;45234;2;6;1;3;Avenue de la Recherche Scientifique;47,8397400000;1,9429700000
202200025090;7;3;2022;15:40;1;35;35238;2;1;1;4;Rue de Brest;48,1144200000; -1,6995700000
202200025091;7;3;2022;08:45;1;35;35051;2;3;1;3;BRAY (RUE DE);48,1078500000; -1,6142700000
202200025092;7;3;2022;08:37;1;33;33063;2;6;7;3;Place Ravezies;44,8656300000; -0,5755800000
202200025093;6;3;2022;07:15;2;33;33063;2;1;1;6;Boulevard du Président Wilson;44,8468900000; -0,5981300000
202200025094;7;3;2022;20:04;3;31;31555;1;1;1;5;27 LA CEPIERE  (PERIPH OUEST A620);43,5805900000;1,4057600000
202200025095;7;3;2022;14:10;1;31;31555;2;1;1;1;AV PAUL SEJOURNE;43,6059620000;1,4281240000
202200025096;7;3;2022;15:40;1;27;27229;2;3;1;3;SUFFREN (PLACE DE);49,0269510000;1,1738900000
202200025097;7;3;2022;19:00;1;17;17300;2;2;1;3;DENFERT-ROCHEREAU   AVENUE (1-5);46,1642500000; -1,2026900000
202200025098;5;3;2022;13:55;1;15;15014;2;6;1;3;JULIEN (AVENUE DE);44,9040000000;2,4265400000
202200025099;7;3;2022;11:30;1;13;13215;2;1;1;2;SAINT LOUIS (AVENUE DE);43,3484033644;5,3589549229
202200025100;6;3;2022;07:40;1;11;11069;2;2;1;6;Avenue Saint Martin;43,2283200000;2,3960000000
202200025101;6;3;2022;14:01;1;10;10325;2;3;7;1;ST POUANGE (RUE DE);48,2552700000;4,0570089000
202200025102;5;3;2022;19:08;3;10;10060;1;1;1;3;ROCADE OUEST (RD 610);48,2669100000;4,1180400000
202200025103;7;3;2022;11:40;1;06;06069;2;1;1;2;LIBERATION (AVENUE DE LA);43,6476330000;6,9161860000
202200025104;5;3;2022;13:57;1;05;05061;2;1;1;2;LADOUCETTE ( COURS );44,5618500000;6,0836100000
202200025105;3;3;2022;12:30;1;03;03310;2;1;1;3;Allée des Ailes;46,1431700000;3,4149000000
202200025106;7;3;2022;14:30;1;01;01053;2;2;1;3;MERCIER (AVENUE AMEDEE DU 45 AU FIN);46,2035600000;5,2424800000
202200025107;7;3;2022;08:00;1;01;01053;2;1;1;1;;46,2109700000;5,2367700000
202200025108;4;3;2022;19:28;2;75;75106;2;2;1;3;RUE D ASSAS;48,8489790000;2,3287480000
202200025109;7;3;2022;19:05;5;75;75120;2;2;1;3;AVENUE GAMBETTA;48,8649641385;2,3955479264
202200025110;7;3;2022;08:45;1;75;75119;2;2;1;3;BOULEVARD SERURIER;48,8786230000;2,4022280000
202200025111;7;3;2022;11:10;1;75;75116;2;1;7;3;RUE DU COMMANDANT GUILBAUD;48,8400040000;2,2516320000
202200025112;7;3;2022;10:15;1;75;75116;2;1;1;3;AVENUE DE LA PORTE D AUTEUIL;48,8480140000;2,2450920000
202200025113;7;3;2022;13:30;1;75;75109;2;2;1;7;BOULEVARD DES ITALIENS;48,8712769547;2,3359204084
202200025114;7;3;2022;11:36;1;75;75108;2;7;1;3;PLACE DU CANADA;48,8649112049;2,3103395104
202200025115;6;3;2022;12:00;1;75;75104;2;3;1;6;QUAI DES CELESTINS;48,8523678851;2,3604860902
202200025116;6;3;2022;04:50;5;75;75102;2;4;1;3;Boulevard des Italiens;48,8710380000;2,3345820000
202200025117;7;3;2022;10:10;1;94;94073;2;1;1;6;22 Avenue Léon Marchand;48,7661100000;2,3894400000
202200025118;7;3;2022;14:20;1;94;94054;2;3;1;1;Route Charles Tillon / Avenue de la Victoire;48,7450800000;2,3860000000
202200025119;2;9;2022;07:50;1;92;92004;1;1;1;3;JARDIN MODELE;48,9135483441;2,3067592978
202200025120;2;9;2022;16:15;1;92;92014;2;1;1;2;MARECHAL JOFFRE (BD DU) (43 A 97 - 58 A;48,7826344649;2,3149035573
202200025121;26;2;2022;00:25;5;94;94079;2;1;1;2;11 Rue René Cassin;48,8321200000;2,5367900000
202200025122;3;9;2022;06:06;4;62;62336;2;1;1;2;D77;50,5573810000;2,2962180000
202200025123;7;3;2022;14:30;1;94;94044;2;1;1;4;Avenue du Général Leclerc;48,7415000000;2,5135000000
202200025124;7;3;2022;09:05;1;94;94075;2;1;1;6;17 Allée des Tilleuls;48,7283628651;2,5238986014
202200025125;2;9;2022;17:50;1;22;22096;2;2;1;3;Rue du Pont;48,5139610000; -2,3363110000
202200025126;7;3;2022;09:20;1;93;93073;2;2;1;3;Avenue Louis Dequet / Avenue de Navarre;48,9504500000;2,5835900000
202200025127;3;9;2022;12:00;1;19;19129;1;1;1;5;A20;45,5465750000;1,5090110000
202200025128;6;3;2022;13:01;1;93;93066;2;1;1;3;Rue Jules Saulnier;48,9259000000;2,3557000000
202200025129;6;3;2022;21:50;5;93;93063;2;2;1;1;Boulevard Henri Barbusse / Rue Pierre Curie;48,8796700000;2,4412100000
202200025130;2;9;2022;20:26;3;12;12291;1;1;3;6;A75;44,2005780000;3,0669340000
202200025131;7;3;2022;08:05;1;92;92046;2;2;1;6;CAMELINAT;48,8147170000;2,2968370000
202200025132;2;9;2022;23:50;4;77;77278;1;1;1;2;D934;48,7881920000;3,1699200000
202200025133;7;3;2022;14:45;1;92;92049;2;2;1;3;REPUBLIQUE AVENUE DE LA N°92 A FIN;48,8119981959;2,3155600280
202200025134;1;9;2022;14:30;1;51;51629;2;1;1;3;Rue de Rilly;49,1660340000;4,0299490000
202200025135;6;3;2022;14:50;1;92;92036;2;9;1;3;MARCEL PAUL (AVENUE) (1/103);48,9387287931;2,3043121174
202200025136;2;9;2022;18:50;1;51;51018;2;2;1;3;Rue des Marais;49,0149690000;4,1248460000
202200025137;7;3;2022;08:28;1;92;92026;2;3;1;6;SAINT DENIS BD (120 A 174 / 199 A 315);48,8991320000;2,2665130000
202200025138;3;9;2022;03:25;3;56;56031;1;1;2;6;Le Poteau D24;47,8557540000; -3,0244050000
202200025139;3;9;2022;09:00;1;74;74099;1;1;2;6;5 Route des poex;45,8802250000;6,6404790000
202200025140;6;3;2022;15:18;1;92;92025;2;1;1;2;BOURNARD (RUE DU);48,9233698495;2,2569711953
202200025141;3;9;2022;13:00;1;74;74164;2;1;1;1;40 Rue les clus;46,0799880000;6,5023930000
202200025142;6;3;2022;12:00;1;92;92025;2;2;1;1;BOURNARD (RUE DU);48,9238790000;2,2601160000
202200025143;3;9;2022;05:50;3;74;74062;2;1;2;6;Route des tivillons;45,9740010000;6,1529070000
202200025144;7;3;2022;12:56;1;92;92071;2;1;1;7;VOLTAIRE (RUE);48,7772151986;2,2897398770
202200025145;2;9;2022;16:20;1;2A;2A271;2;1;1;3;RT 22;41,9633510000;8,8129660000
202200025146;4;3;2022;19:40;5;92;92012;2;3;1;7;JEAN BAPTISTE CLEMENT (AVENUE) 49/FIN -;48,8458468994;2,2370221317
202200025147;2;9;2022;07:50;1;89;89187;1;1;1;7;D965;47,8354270000;4,2983790000
202200025148;4;3;2022;17:55;1;92;92012;2;2;1;7;CHATEAU (RUE DU) 1/125 - 2/136;48,8445117393;2,2514336407
202200025149;3;9;2022;15:35;1;76;76711;2;1;1;2;9 Rue du Docteur Pépin;50,0598579563;1,3772138566
202200025150;8;3;2022;10:50;1;974;97415;2;3;1;1;Rue du Lycée; -21,0794300000;55,2734610000
202200025151;21;8;2022;18:15;1;61;61075;1;2;1;3;Le Bordage;48,4746930000; -0,6253860000
202200025152;8;3;2022;15:30;1;80;80804;1;1;1;6;A16;50,0523990000;2,0127300000
202200025153;2;9;2022;07:20;2;55;55148;1;1;7;4;D960;48,5623620000;5,5252000000
202200025154;27;8;2022;09:40;1;47;47052;2;1;1;1;575 Route de Beauziac;44,3147900000;0,0726560000
202200025155;3;9;2022;15:28;1;39;39413;1;1;1;1;;46,2973220000;5,8607770000
202200025156;27;8;2022;15:25;1;29;29188;1;2;1;3;Route de Kermorgat;48,6565920000; -3,8228560000
202200025157;3;9;2022;09:15;1;15;15163;1;1;8;1;D617;44,8426150000;2,3938550000
202200025158;3;9;2022;09:50;1;01;01093;1;1;1;6;D7;46,1281700000;4,9420080000
202200025159;3;9;2022;00:45;3;70;70526;1;1;1;6;D417;47,9177730000;6,1113270000
202200025160;2;9;2022;18:40;1;26;26345;1;1;1;6;D117;44,2978070000;4,8346390000
202200025161;2;9;2022;01:30;3;26;26275;1;1;1;7;D117;44,2532490000;4,8319780000
202200025162;2;9;2022;16:45;1;72;72245;1;1;1;6;la melleraye;48,2137927353;0,6269395349
202200025163;3;9;2022;03:30;3;60;60181;1;1;1;6;D932;49,6330900000;3,0364110000
202200025164;2;9;2022;21:25;3;45;45272;1;1;2;1;D2020 PK 43 + 980;47,7724450000;1,9369730000
202200025165;1;9;2022;12:00;1;64;64458;1;3;1;3;Route du Béarn;43,2625500000; -0,7264390000
202200025166;2;9;2022;14:40;1;10;10154;1;1;1;7;D120;48,4598602364;3,4575605392
202200025167;2;9;2022;19:40;2;16;16287;1;9;1;6;route nationale 10;45,5578850000;0,0061050000
202200025168;2;9;2022;20:10;2;07;07116;2;1;1;1;Route de Mercuer;44,6383720000;4,3695600000
202200025169;3;9;2022;03:45;3;40;40273;1;1;2;3;Route de Northon;43,5475760000; -1,4242850000
202200025170;3;9;2022;07:45;2;17;17290;1;1;1;7;88 Rue du Pont du Gue;45,8362900000; -0,3467350000
202200025171;1;9;2022;15:50;1;37;37018;2;1;1;1;8 Rue de la Salle;47,3527820000;0,6249140000
202200025172;27;8;2022;10:30;1;30;30003;1;6;1;3;Le Môle;43,5603600000;4,1525700000
202200025173;3;9;2022;12:45;1;08;08280;1;1;1;6;D306;49,2895860000;4,6728590000
202200025174;3;9;2022;01:00;3;61;61464;1;6;1;6;d438/parc d'activité du pays de Sées;48,6347520000;0,1848790000
202200025175;3;9;2022;06:45;2;24;24054;1;1;1;6;RN21;44,7526000000;0,5323220000
202200025176;3;9;2022;15:37;1;31;31286;1;1;1;6;  A64;43,2612140000;1,1165610000
202200025177;3;9;2022;13:35;1;33;33284;1;1;1;6;A660 PK 002+800;44,6229150000; -0,8670830000
202200025178;30;8;2022;12:00;1;49;49068;1;1;1;7;A11 - PK 289+518;47,4281490000; -0,8877740000
202200025179;1;9;2022;17:15;1;69;69206;2;1;1;4;25 Avenue Léon Foillard;46,0593400000;4,7224150000
202200025180;3;9;2022;11:00;1;988;98830;1;1;1;6;Tiouandé (Tribu); -20,7275800000;165,0452000000
202200025181;2;9;2022;21:45;3;45;45253;1;2;2;3;D2152 PK 23 + 697;48,1453150000;2,2170440000
202200025182;3;9;2022;10:20;1;77;77360;1;1;1;3;D402;48,7386870000;2,9907060000
202200025183;2;9;2022;22:34;3;66;66180;1;1;1;1;;42,7720530000;3,0171200000
202200025184;30;8;2022;12:30;1;66;66037;2;1;1;1;;42,7052360000;3,0174310000
202200025185;3;9;2022;02:30;3;66;66037;1;1;1;7;;42,6827030000;2,9950190000
202200025186;29;8;2022;12:00;1;83;83112;2;1;1;6;Avenue du 8 Mai 1945;43,1802840000;5,7071360000
202200025187;2;9;2022;14:00;1;13;13041;2;1;1;3;Avenue d Arménie;43,4568010000;5,4615250000
202200025188;2;9;2022;17:00;1;71;71106;2;1;1;6;Ancienne Avenue de la Gare;46,4357230000;4,2800370000
202200025189;28;8;2022;03:25;3;57;57159;1;1;9;6;RD19;49,0551390000;6,5699530000
202200025190;3;9;2022;11:05;1;03;03137;1;1;1;6;N7;46,2782200000;3,4686060000
202200025191;2;9;2022;17:25;1;69;69204;2;1;1;6;5 Avenue Georges Clémenceau;45,7048080000;4,7972760000
202200025192;2;9;2022;13:05;1;46;46055;1;1;8;6;D840;44,5816340000;2,0659450000
202200025193;3;9;2022;16:00;1;56;56241;1;1;1;7;Deubord;47,3751450000; -3,2388370000
202200025194;26;8;2022;17:00;1;35;35196;1;1;1;3;la Rochelle;48,0902990000; -1,8384720000
202200025195;3;9;2022;12:24;1;60;60581;2;3;1;3;Rue Tailbouis;49,5095191258;2,4310576915
202200025196;3;9;2022;17:40;1;02;02381;2;1;1;6;88bis Rue Charles de Gaulle;49,9197340000;4,0843930000
202200025197;3;9;2022;12:11;1;59;59096;1;1;1;3;Domaine des Aulnois;50,5552360000;3,2453980000
202200025198;2;9;2022;19:00;1;33;33162;1;1;1;2;ROCADE A 630;44,8716000000; -0,6414800000
202200025199;2;9;2022;17:50;1;33;33080;1;1;1;2;AUTOROUTE A 62;44,7579600000; -0,5455200000
202200025200;2;9;2022;12:30;1;33;33550;1;1;3;2;ROCADE A 630;44,7775800000; -0,5622000000
202200025201;1;9;2022;18:35;1;33;33119;1;1;1;3;ROUTE NATIONALE 230;44,8561880000; -0,5052320000
202200025202;30;8;2022;11:45;1;33;33318;1;1;1;3;ROCADE A 630;44,7960800000; -0,6515400000
202200025203;1;9;2022;15:38;1;59;59378;1;1;1;4;AUTOROUTE A22;50,6960679983;3,1134814024
202200025204;2;9;2022;20:30;5;94;94034;1;1;1;2;AUTOROUTE A86;48,7563097834;2,3388809550
202200025205;2;9;2022;13:50;1;91;91340;1;1;1;4;AUTOROUTE A6;48,6004000000;2,4389800000
202200025206;2;9;2022;05:50;3;91;91661;1;1;1;2;A10 PROVINCE / RD188 PROVINCE;48,6992230000;2,2442690000
202200025207;2;9;2022;07:00;2;91;91477;1;1;1;3;AUTOROUTE A126;48,7205700000;2,2544000000
202200025208;2;9;2022;09:10;1;95;95424;1;1;2;6; A15;48,9907453304;2,1939155459
202200025209;2;9;2022;17:45;1;94;94069;1;1;1;4;A4;48,8171389327;2,4422619339
202200025210;2;9;2022;08:30;1;94;94015;1;1;2;6;A4;48,8329741531;2,5336492518
202200025211;1;9;2022;14:10;1;56;56121;2;3;1;3;3 Rue Monistrol;47,7391300000; -3,3809100000
202200025212;1;9;2022;09:55;1;38;38185;2;2;1;2;RUE LAFAYETTE;45,1920900000;5,7296800000
202200025213;18;6;2022;12:30;1;10;10333;2;2;1;3;Route d'Auxerre;48,2741200000;4,0583300000
202200025214;1;9;2022;12:45;1;974;97411;2;9;1;2;MOULINS (RUE DES); -20,8759000000;55,4445900000
202200025215;31;8;2022;17:00;1;974;97411;2;1;1;3;PARIS (RUE DE); -20,8848900000;55,4507900000
202200025216;31;8;2022;14:00;1;974;97411;1;1;1;3;LITTORAL (ROUTE 1 DU); -20,8741700000;55,4302100000
202200025217;31;8;2022;17:59;2;973;97302;2;1;1;7;RABAN (ROUTE DE);4,9194934558; -52,3127129674
202200025218;1;9;2022;17:55;1;69;69388;2;1;1;6;Place Ambroise Courtois;45,7444100000;4,8705700000
202200025219;1;9;2022;18:45;5;972;97209;1;9;1;2;RAVINE VILAINE (CHEMIN DEPARTEMENTAL DE);14,6278800000; -61,0600700000
202200025220;1;9;2022;12:00;1;69;69034;1;1;1;7;Chemin Norberto Gomes Moreira;45,7888400000;4,8664200000
202200025221;1;9;2022;19:00;1;95;95680;2;1;1;6;Avenue des Erables;49,0010720244;2,3909559846
202200025222;1;9;2022;21:07;5;91;91021;2;3;1;4;BD JEAN JAURES;48,5904700000;2,2447600000
202200025223;1;9;2022;07:30;1;83;83062;2;6;1;3;DUCLOS (AVENUE JACQUES);43,1202520000;6,0106980000
202200025224;31;8;2022;18:25;1;77;77333;2;6;1;3;D225 / D225A;48,2637700000;2,7072400000
202200025225;1;9;2022;11:00;1;76;76108;2;4;1;3;Route de Neufchâtel;49,4668700000;1,1169800000
202200025226;30;8;2022;19:15;1;76;76351;2;2;1;3;Rue Frédéric Bellanger;49,4953200000;0,1010300000
202200025227;19;8;2022;15:45;1;76;76351;2;3;2;6;SOUTHAMPTON (QUAI DE);49,4862900000;0,1103600000
202200025228;31;8;2022;12:50;1;67;67482;2;3;1;3;BERNE (RUE DE);48,5771700000;7,7555900000
202200025229;30;8;2022;18:05;1;67;67482;2;8;1;3;MOLSHEIM (RUE DE);48,5768200000;7,7324700000
202200025230;1;9;2022;05:30;4;67;67458;1;1;1;5;D1063;48,8040200000;7,7443100000
202200025231;30;8;2022;16:46;1;66;66136;2;3;1;3;;42,6949500000;2,9112900000
202200025232;1;9;2022;07:50;1;64;64348;1;9;1;2;Boulevard Charles De Gaulle;43,3136000000; -0,4174000000
202200025233;30;8;2022;20:48;2;64;64122;1;1;1;1;Rue de Pitchot;43,4669962463; -1,5387779474
202200025234;1;9;2022;16:40;1;60;60057;2;1;1;2;;49,4329000000;2,1219700000
202200025235;1;9;2022;12:35;1;60;60057;2;7;1;3;Rue Chantereine;49,4300800000;2,0912700000
202200025236;1;9;2022;22:35;5;59;59279;2;2;1;7;NOLLET (RUE MARTHE);50,7820800000;3,1235200000
202200025237;27;8;2022;16:15;1;59;59599;2;2;1;3;NATIONALE (RUE);50,7252036296;3,1469433010
202200025238;28;8;2022;09:50;1;59;59378;2;2;1;3;FOCH AVENUE N°2-130;50,6690700000;3,1005500000
202200025239;31;8;2022;06:25;4;59;59155;1;1;1;7;BOURBOURG CD 202 - ROUTE;51,0176604196;2,3698925972
202200025240;1;9;2022;17:00;1;59;59431;2;1;1;6;ARMENTIERES  (RUE D' );50,7002450928;2,8497934341
202200025241;31;8;2022;01:35;3;56;56036;1;1;1;6;N165 sens Lorient/Vannes;47,7922300000; -3,3100800000
202200025242;1;9;2022;19:25;1;54;54395;2;9;1;3;CHEMIN BLANC (RUE DU);48,6902043475;6,1561632156
202200025243;1;9;2022;20:04;5;54;54323;2;3;1;3;MERCY (RUE);49,5242580000;5,7645150000
202200025244;1;9;2022;19:00;1;51;51454;2;2;1;2;boulevard Albert 1er;49,2734200000;4,0149200000
202200025245;31;8;2022;07:27;1;51;51108;2;1;1;7;Avenue du Général Sarrail;48,9677900000;4,3666200000
202200025246;31;8;2022;17:35;1;50;50502;2;1;1;3;TORIGNI;49,0992500000; -1,0799600000
202200025247;1;9;2022;10:15;1;50;50218;2;1;1;6;MATIGNON (AV DES);48,8379400000; -1,5785300000
202200025248;31;8;2022;13:30;1;50;50129;2;1;1;3;LEMONNIER (AVENUE AMIRAL);49,6337200000; -1,6063500000
202200025249;31;8;2022;09:00;1;49;49328;2;3;1;3;RENAULT (BOULEVARD LOUIS);47,2530300000; -0,0839500000
202200025250;31;8;2022;21:44;5;49;49007;2;2;3;3;ARENES;47,4673400000; -0,5469800000
202200025251;31;8;2022;19:05;1;49;49007;2;9;3;7;LETANDUERE;47,4556500000; -0,5536900000
202200025252;31;8;2022;13:20;1;47;47201;2;1;1;4;;44,1716030000;0,6147470000
202200025253;1;9;2022;09:50;1;46;46042;1;1;1;4;Départementale 820;44,4406900000;1,4245200000
202200025254;1;9;2022;12:15;1;45;45147;2;1;1;3;274 Rue Marcelin Berthelot;47,9385282739;1,9188115597
202200025255;1;9;2022;07:55;1;45;45147;2;1;1;2;246bis Rue du Faubourg Bannier;47,9225935526;1,8976741433
202200025256;1;9;2022;10:15;1;42;42103;2;6;1;3;Rue Louis Pasteur;45,4964600000;4,5639800000
202200025257;1;9;2022;16:50;1;37;37214;2;2;1;1;MESANGERIE (RUE DE LA);47,4023400000;0,6751400000
202200025258;1;9;2022;18:50;1;35;35055;1;3;1;1;RD 463;48,0764828173; -1,5874734521
202200025259;31;8;2022;19:05;1;35;35278;1;9;1;6;RD 137;48,1523538894; -1,7002388835
202200025260;31;8;2022;13:40;1;29;29019;2;1;1;2;rue du Léon;48,4043731591; -4,4999715686
202200025261;1;9;2022;15:55;1;25;25462;1;1;1;6;LARMONT (CHEMIN DU);46,8899300000;6,3891200000
202200025262;30;8;2022;14:20;1;19;19031;2;3;1;3;MIE (RUE LOUIS);45,1595700000;1,5386000000
202200025263;1;9;2022;18:00;1;13;13209;2;2;1;3;CATHERINE BLUM (BOULEVARD);43,2677417868;5,4204721749
202200025264;1;9;2022;08:30;1;13;13210;2;3;1;3;RABATAU (BOULEVARD);43,2793601212;5,3992973472
202200025265;31;8;2022;20:56;5;13;13204;2;1;1;3;FRANÇOISE DUPARC (BOULEVARD);43,3042100000;5,4008300000
202200025266;31;8;2022;15:40;1;13;13028;1;1;1;3;CD 559;43,1815860000;5,6703640000
202200025267;1;9;2022;16:26;1;13;13005;2;9;1;6;NATIONALE 8 DE PARIS A TOULON (ROUTE);43,2896600000;5,5584500000
202200025268;31;8;2022;23:10;5;11;11069;2;1;1;3;44 Rue Auguste Comte;43,2122900000;2,3711400000
202200025269;31;8;2022;15:13;1;10;10387;2;1;1;6;HENRI BARBUSSE (RUE);48,3012300000;4,0867200000
202200025270;31;8;2022;16:03;1;10;10387;2;2;1;3;BLANQUI (RUE);48,3082500000;4,0560400000
202200025271;31;8;2022;08:49;1;10;10387;2;1;1;6;REINE BLANCHE (RUE);48,3055400000;4,0623100000
202200025272;29;8;2022;14:00;1;03;03095;2;6;1;6;Rue des Peupliers;46,1353300000;3,4331700000
202200025273;1;9;2022;08:55;1;02;02168;1;2;1;1;;49,0520900000;3,3635900000
202200025274;1;9;2022;15:20;1;75;75113;2;1;1;2;BD PERIPHERIQUE INTERIEUR;48,8252370000;2,3855290000
202200025275;1;9;2022;06:00;5;75;75114;2;4;1;3;BD PERIPHERIQUE EXTERIEUR;48,8240040000;2,3076690000
202200025276;31;8;2022;23:10;5;75;75114;2;4;1;2;PORTE D ORLEANS;48,8167490000;2,3362290000
202200025277;31;8;2022;00:01;5;75;75119;2;1;1;5;PORTE DE LA VILLETTE;48,9003270000;2,3793670000
202200025278;31;8;2022;23:30;5;75;75120;2;2;1;6;RUE DE BELLEVILLE;48,8759870000;2,4025600000
202200025279;1;9;2022;05:00;5;75;75117;2;7;1;7;PLACE DES TERNES;48,8779010000;2,2977740000
202200025280;31;8;2022;08:55;1;75;75117;2;3;1;2;RUE POUCHET;48,8957700000;2,3218090000
202200025281;1;9;2022;19:25;1;75;75116;2;7;1;6;AVENUE RAYMOND POINCARE;48,8694170000;2,2854230000
202200025282;1;9;2022;00:10;5;75;75104;2;2;1;6;QUAI DE L HOTEL DE VILLE;48,8543710000;2,3549660000
202200025283;1;9;2022;14:40;1;75;75113;2;3;1;6;RUE PASCAL;48,8349210000;2,3479667000
202200025284;1;9;2022;10:15;1;75;75114;2;3;1;6;BOULEVARD RASPAIL;48,8405870000;2,3301190000
202200025285;1;9;2022;16:05;1;75;75112;2;1;1;7;RUE DU RENDEZ VOUS;48,8461190000;2,4022850000
202200025286;1;9;2022;18:00;1;75;75109;2;2;1;2;RUE SAINT LAZARE;48,8761530000;2,3311250000
202200025287;1;9;2022;09:35;1;75;75109;2;2;1;7;RUE DE CHATEAUDUN;48,8760580000;2,3371380000
202200025288;31;8;2022;19:00;1;75;75107;2;7;1;7;QUAI BRANLY;48,8622240000;2,3018830000
202200025289;1;9;2022;04:45;5;75;75104;2;1;1;5;BOULEVARD BOURDON;48,8488050000;2,3663320000
202200025290;31;8;2022;13:40;1;75;75104;2;2;1;3;RUE DES ARCHIVES;48,8593730000;2,3561800000
202200025291;16;4;2022;00:10;5;93;93048;2;3;1;3;Avenue du Docteur Fernand Lamaze / Rue de la Dhuys;48,8770470000;2,4522320000
202200025292;23;6;2022;08:22;1;71;71187;1;1;1;2;Route Nationale 80, PK 37+900;46,7471760000;4,5157940000
202200025293;1;9;2022;07:50;1;94;94017;2;3;1;3;STALINGRAD (BD DE);48,8257660000;2,4952880000
202200025294;17;6;2022;11:15;1;46;46145;1;1;1;6;D820;44,9044470000;1,4825960000
202200025295;1;9;2022;07:40;1;94;94019;2;1;1;6;Route de la Libération;48,8012110000;2,5411020000
202200025296;16;4;2022;15:05;1;93;93029;2;3;7;3;Avenue Marceau / Allée des Myosotis;48,9304500000;2,4308900000
202200025297;17;6;2022;16:20;1;34;34126;1;1;1;6;RD 908;43,5889710000;3,0983810000
202200025298;22;6;2022;13:50;1;29;29217;1;1;1;6;N165;47,8869562970; -3,7661037263
202200025299;1;9;2022;19:37;2;94;94069;2;1;1;2;GRAVELLE (AV DE);48,8241500000;2,4235000000
202200025300;16;4;2022;17:00;1;93;93029;2;1;1;6;Rue Charles de Gaulle;48,9228100000;2,4458500000
202200025301;22;6;2022;14:10;1;29;29010;1;1;1;6;D712 - ;48,4887100000; -4,1342500000
202200025302;31;8;2022;21:20;5;93;93066;2;1;1;3;Rue Danielle Casanova;48,9296784112;2,3596123320
202200025303;16;4;2022;11:45;1;92;92072;2;1;1;6;TROYON (RUE);48,8259859856;2,2271650135
202200025304;1;9;2022;10:15;1;93;93046;2;1;1;2;Boulevard Jean Moulin;48,9114300000;2,5131500000
202200025305;23;6;2022;13:20;1;03;03138;1;1;1;1;Route de Monchenin;46,2637280000;3,6324300000
202200025306;16;4;2022;17:00;1;92;92051;2;1;1;2;CHARLES DE GAULLE (AVENUE, N°27 A 129);48,8788859741;2,2787543535
202200025307;22;6;2022;17:10;1;15;15162;2;1;7;6;9 Avenue de Collandres;45,2785220000;2,6613550000
202200025308;1;9;2022;18:10;1;93;93006;2;1;1;3;Rue du Moulin;48,8725901408;2,4222103915
202200025309;16;4;2022;21:19;5;92;92007;2;1;1;6;DORMOY AVENUE MARX N°2 A 100;48,8102320000;2,3132530000
202200025310;1;9;2022;08:35;1;93;93063;2;1;1;6;Avenue Gaston Roussel;48,8937583488;2,4352670141
202200025311;21;6;2022;18:40;1;70;70292;2;3;8;6;D3;47,8373810000;5,9017220000
202200025312;16;4;2022;11:25;1;92;92026;2;9;7;3;VERDUN (DE 62 A FIN);48,9032299626;2,2579988837
202200025313;1;9;2022;18:20;1;93;93027;2;6;1;3;Avenue Henri Barbusse / Rue Edgar Quinet;48,9319536881;2,3988386270
202200025314;1;9;2022;05:55;2;93;93001;2;3;1;3;Rue de Presles / Avenue Jean Jaurès;48,9076117686;2,3962384875
202200025315;16;4;2022;19:40;1;92;92012;2;2;1;3;VICTOR HUGO (AVENUE) 49/FIN - 60/FIN;48,8390880354;2,2467904687
202200025316;1;9;2022;12:48;1;92;92078;2;1;1;1;MARCELLIN BERTHELOT (AVENUE);48,9451010000;2,3152210000
202200025317;18;4;2022;13:30;1;83;83043;1;1;1;1;D14;43,2572660938;6,4312005043
202200025318;1;9;2022;12:12;1;92;92062;2;2;1;6;JAURES (RUE JEAN) DU 165 AU 99;48,8808819461;2,2379249632
202200025319;1;6;2022;15:30;1;90;90037;1;1;1;5;RD7;47,6782760000;6,8637080000