Num_Acc;jour;mois;an;hrmn;lum;dep;com;agg;int;atm;col;adr;lat;long
202200025320;18;4;2022;14:40;1;01;01004;2;1;1;1;180 Rue Saint Georges;45,9584310000;5,3359360000
202200025321;17;4;2022;16:20;1;67;67369;1;1;1;7;D9;48,8688680000;7,2435410000
202200025322;31;8;2022;23:00;5;92;92050;2;3;1;3;GAMBETTA RUE;48,8888390000;2,1986790000
202200025323;22;6;2022;15:55;1;09;09285;2;2;1;3;Rue Fons de Seix;42,8699490000;1,2046230000
202200025324;1;9;2022;16:40;1;92;92025;2;1;1;6;HENRI BARBUSSE (AV);48,9184000000;2,2526620000
202200025325;26;3;2022;16:30;1;45;45066;2;3;1;3;D39 PK 9 + 655;47,9472600000;2,5442090000
202200025326;31;8;2022;22:15;5;92;92025;2;2;1;3;GABRIEL PERI (RUE);48,9145570000;2,2292020000
202200025327;23;6;2022;13:05;1;45;45224;1;1;7;1;D97 PR 23 + 500;48,0864947376;2,0232943688
202200025328;1;9;2022;16:25;1;92;92012;2;9;1;3;GENERAL LECLERC (AVENUE DU) 35/FIN - 60/;48,8301703801;2,2326959967
202200025329;23;6;2022;09:30;1;64;64066;2;1;7;6;D15;43,1677500000; -1,2525430000
202200025330;17;4;2022;11:35;1;34;34254;1;1;1;4;Autoroute A75 - PK037.000 - SENS 1;43,6572600000;3,4639200000
202200025331;23;6;2022;07:35;1;10;10228;2;1;1;1;D11a;48,3544560000;4,4657920000
202200025332;31;8;2022;21:02;2;92;92012;2;2;1;3;REPUBLIQUE (BOULEVARD DE LA) 5/77BIS - 6;48,8320802796;2,2530995607
202200025333;17;4;2022;04:45;3;2B;2B143;1;1;1;2;T10;42,2190310000;9,5361540000
202200025334;16;6;2022;13:05;1;36;36088;2;1;1;3;Rue de la Limoise;46,9567312586;2,0016494393
202200025335;1;9;2022;19:10;1;92;92002;2;1;1;6;AUGUSTE MOUNIE (RUE);48,7539000000;2,3027000000
202200025336;17;4;2022;22:45;3;62;62206;2;1;1;6;D317;50,4346540000;1,7154780000
202200025337;23;6;2022;05:23;3;16;16380;1;1;1;6;Chez Rolland;45,3880879642; -0,1847183704
202200025338;17;4;2022;20:20;3;30;30331;1;1;1;6;RD6086 lieu-dit les Boutes;44,1245400000;4,6146760000
202200025339;23;6;2022;19:25;1;07;07084;1;1;1;6;route départementale 6;45,1585130000;4,7354290000
202200025340;2;9;2022;06:50;2;51;51095;1;2;1;3;D995;48,7581130000;4,7505890000
202200025341;21;6;2022;15:40;1;21;21383;2;3;1;7;Grande Rue;47,5195470000;5,1315000000
202200025342;17;4;2022;21:00;3;82;82094;1;1;1;6;Lauzerte;44,2656700000;1,1433510000
202200025343;30;8;2022;06:50;2;74;74118;1;1;1;2;A40;46,1644990000;6,1953930000
202200025344;23;6;2022;06:30;2;40;40217;1;1;1;6;Route de Lahitte;44,3540300000; -1,1010790000
202200025345;17;4;2022;18:05;1;82;82171;1;1;1;7;Chemin de la Jouanasse;43,9990350000;1,1928750000
202200025346;28;8;2022;00:25;3;43;43048;1;1;1;6;D906;45,3353750000;3,7039270000
202200025347;22;6;2022;06:10;2;40;40328;2;1;3;6;AVENUE DE LA PLAGE;43,7879140000; -1,4007940000
202200025348;16;4;2022;16:25;1;81;81070;2;1;1;7;1520 Route de Parisot;43,8167360000;1,7542250000
202200025349;29;8;2022;17:15;1;15;15267;1;1;1;7;D18;44,9180180000;2,3735080000
202200025350;23;6;2022;11:30;1;24;24376;2;9;1;6;AVENUE FRANCOIS MITTÉRANT;45,2086200000;0,1326350000
202200025351;18;4;2022;02:45;3;61;61061;1;1;1;7;Lieu Dit Barboisseau;48,4303050000;0,9086720000
202200025352;1;9;2022;08:47;1;18;18026;2;1;1;3;6 Rue de Berry;47,5061170000;2,8494230000
202200025353;22;6;2022;15:00;1;27;27616;2;3;1;5;D840;49,2681620000;0,9842580000
202200025354;8;4;2022;17:40;1;35;35040;1;1;8;5;D62;48,1300743076; -1,9355599768
202200025355;22;6;2022;20:50;1;17;17041;1;1;1;7;RN 11;46,2227810000; -0,8215280000
202200025356;31;8;2022;23:40;3;81;81147;1;1;1;6;PK 038+500 RD4;43,8119070000;2,1444530000
202200025357;8;4;2022;05:20;3;31;31584;1;1;1;6;D14;43,8376570000;1,4808850000
202200025358;23;6;2022;05:50;3;973;97307;1;1;5;1;Route de Stoupan;4,7933960000; -52,3571380000
202200025359;11;8;2022;15:45;1;83;83004;1;1;1;2;;43,4426920000;6,4617200000
202200025360;18;4;2022;03:00;3;84;84017;2;1;1;7;route départementale 213;44,1166770000;5,1920700000
202200025361;1;9;2022;17:25;1;63;63274;1;1;8;7;Lieu-dit Taravant;45,7126585091;2,7890816331
202200025362;23;6;2022;07:20;1;24;24263;1;1;1;1;Aigueparse Nord;44,6409030000;0,9675910000
202200025363;18;4;2022;18:40;2;84;84050;1;1;7;6;chemin des bories;43,9015370000;5,1919980000
202200025364;2;9;2022;06:42;2;41;41234;1;9;3;6;pk 170.300;47,5851100000;1,0763050000
202200025365;20;8;2022;17:34;1;47;47233;2;6;1;2;Route de Bordeaux;44,5267820000;0,1021650000
202200025366;18;6;2022;11:50;1;01;01305;1;2;1;3;D933a;46,4432480000;4,9248430000
202200025367;17;4;2022;22:00;3;03;03289;1;1;1;6;les perrets;46,3692230000;3,4964530000
202200025368;13;8;2022;08:45;1;34;34095;1;1;1;6;M613;43,5184622205;3,7301267614
202200025369;23;6;2022;08:00;1;06;06152;1;6;1;2;Route d Antibes;43,6234130000;7,0152000000
202200025370;29;8;2022;03:00;3;61;61400;1;1;1;7;A28 PK169+700 sens1;48,5343970000;0,1626920000
202200025371;18;4;2022;17:20;1;70;70226;1;1;1;3;D88;47,5030550000;6,4774490000
202200025372;2;9;2022;01:24;3;56;56050;1;1;1;6;la ville cotto;47,9463110000; -2,5007410000
202200025373;19;6;2022;00:25;3;33;33205;1;1;1;2;A62, PK24.200, sens BORDEAUX/TOULOUSE;44,6054790000; -0,3706810000
202200025374;18;4;2022;17:20;1;26;26055;1;1;1;6;D148 PR 2+600;44,6501390000;5,5625580000
202200025375;2;9;2022;05:20;3;56;56255;1;6;1;6;ZA de Kerboulard;47,6950680000; -2,6325240000
202200025376;22;6;2022;08:30;1;13;13032;1;1;1;1;D10G;43,5542710000;5,3401710000
202200025377;17;4;2022;07:00;2;58;58299;2;1;1;6;2 Rue des Dames;47,4435090000;3,4116950000
202200025378;2;9;2022;17:20;1;11;11397;1;3;1;2;D610;43,2043470000;2,4676110000
202200025379;17;4;2022;22:15;5;72;72077;2;1;1;6;Rue Principale;47,6126500000;0,3346300000
202200025380;22;6;2022;21:30;2;60;60100;1;1;1;2;PK 048+000 sens Lille/Paris - A1;49,2402803625;2,6648004054
202200025381;2;9;2022;17:00;1;71;71310;2;3;7;6;avenue de la Libération;46,7544540000;4,4751050000
202200025382;18;4;2022;15:30;1;60;60516;1;1;1;7;chemin de terre, route du fil;49,4108750000;1,7925470000
202200025383;20;6;2022;09:30;1;13;13051;1;1;1;5;Autoroute A7, pk 241+300 sens sud/nord;43,5906020000;5,1857080000
202200025384;31;8;2022;11:00;1;71;71119;1;1;1;7;chemin communale - ancienne voie ferrée;46,9190830000;4,8086160000
202200025385;18;4;2022;16:43;1;64;64495;2;4;1;7;Route de Sare;43,3441949684; -1,5501670457
202200025386;23;6;2022;07:40;1;976;97607;2;1;1;6;Route nationale 3; -12,8438750000;45,1866440000
202200025387;17;4;2022;10:30;1;73;73300;1;1;1;1;Voie lacustre (voie verte) - Lido;45,6672390000;5,8948730000
202200025388;23;6;2022;09:05;1;84;84055;2;1;1;3;Route de Caumont, D6;43,9470370000;4,9417820000
202200025389;18;4;2022;10:30;1;07;07338;1;1;1;7;Les Quatre Ponts;44,8839550000;4,6770590000
202200025390;1;9;2022;15:00;1;63;63430;2;3;1;1;Rue de Clermont;45,8507290000;3,5398290000
202200025391;23;6;2022;08:50;1;83;83042;2;1;1;6;N 98;43,2450820000;6,5339150000
202200025392;22;6;2022;18:30;1;13;13027;1;2;7;3;D28;43,8713620000;4,8189850000
202200025393;17;4;2022;01:00;5;07;07319;1;1;1;3;;44,5598760000;4,6916770000
202200025394;10;6;2022;18:30;1;89;89099;2;2;1;3;Rue de la République;47,9500050000;3,5338320000
202200025395;1;9;2022;19:25;2;61;61092;1;2;1;3;d28;48,7393060000;0,7180220000
202200025396;23;6;2022;10:13;1;52;52042;2;4;1;7;rue Saint Martin;47,9041420000;5,2408490000
202200025397;2;9;2022;07:53;2;46;46225;2;3;2;3;Avenue de l'Aviateur Gibert;44,4991400000;1,1893140000
202200025398;17;4;2022;18:30;1;40;40217;1;2;1;3;Route de Blaise;44,3673900000; -1,1095060000
202200025399;18;4;2022;08:17;1;40;40103;1;1;1;7;D933n;43,9471030000; -0,3827730000
202200025400;18;4;2022;15:00;1;04;04144;1;1;1;3;RD 952;43,7916250000;6,3775960000
202200025401;23;6;2022;10:50;1;67;67519;2;3;1;3;Rue de la Gare;48,6620000000;7,8234080000
202200025402;18;4;2022;17:00;1;85;85146;2;1;1;6;Boulevard Auguste Durand (Montaigu);46,9769320000; -1,3026543000
202200025403;23;6;2022;10:55;1;67;67411;2;1;1;1;36, rue des prunelles;48,4934520000;7,4706490000
202200025404;16;4;2022;17:40;1;27;27538;1;1;1;6;rue de la creuse;49,2712590000;0,5460390000
202200025405;16;4;2022;04:30;3;27;27198;1;1;1;6;D833;48,8642170000;1,0567470000
202200025406;22;6;2022;17:50;1;73;73135;1;1;1;1;D1006;45,3187054472;6,3265953841
202200025407;17;4;2022;19:30;1;87;87045;2;9;1;7;9 Rue de la Promenade;45,9875590000;1,0471290000
202200025408;23;6;2022;04:00;3;69;69255;1;9;3;7;Route de la Douane;45,7315050000;4,6950030000
202200025409;17;4;2022;12:10;1;52;52249;1;2;1;3;intersection D140/D171 (STOP);47,6508420000;5,3049750000
202200025410;17;4;2022;16:10;1;18;18138;1;1;1;6;Aire de Bourges-Sainte-Thorette;47,0953120000;2,2430670000
202200025411;20;6;2022;19:00;1;69;69116;2;1;1;1;Route du Mont Verdun;45,8401430000;4,7790470000
202200025412;17;4;2022;14:20;1;34;34166;1;1;1;6;A9 pk155+000;43,3578003740;3,3409025664
202200025413;22;6;2022;11:15;1;17;17452;1;2;1;1;RD25;45,7754860000; -1,1644010000
202200025414;18;4;2022;15:00;1;28;28392;1;1;1;6;autoroute A10, PK62+400;48,2306570000;1,8487740000
202200025415;22;6;2022;08:15;1;64;64304;1;1;1;2;Route de l Adour;43,4955070000; -1,4118080000
202200025416;17;6;2022;09:35;1;33;33243;2;1;1;6;Avenue du Maréchal Foch;44,9270770000; -0,2395480000
202200025417;15;4;2022;13:05;1;971;97103;1;3;1;3;643 Rue de l Industrie;16,2374650000; -61,5662070000
202200025418;20;6;2022;18:00;1;56;56007;2;1;1;3;Avenue de l Océan;47,6643900000; -3,0025020000
202200025419;23;6;2022;11:00;1;35;35257;2;6;1;3;ZA de la Croix Rouge (Saint-Brice-en-Coglès);48,4164340000; -1,3849480000
202200025420;18;4;2022;06:20;2;77;77333;1;1;1;3;A6 PK 73+500 direction PARIS;48,2653700000;2,7207040000
202200025421;22;6;2022;17:00;1;62;62604;2;2;7;3;Avenue Charles de Gaulle;50,6301860000;1,5853400000
202200025422;18;4;2022;06:45;2;974;97408;1;1;1;2;N1; -20,9371120000;55,3305390000
202200025423;23;6;2022;07:40;1;59;59058;1;1;1;6;Chemin de Wattignies;50,2116220000;3,9801650000
202200025424;17;4;2022;15:45;1;971;97117;2;1;1;1;Route de Boisvin;16,3148260000; -61,3464220000
202200025425;23;6;2022;09:00;1;59;59477;2;1;1;1;Place Jean Jaures;50,5120010000;2,9106310000
202200025426;21;6;2022;21:20;1;42;42186;1;1;1;2;A47;45,5349720000;4,6280550000
202200025427;17;4;2022;04:30;5;77;77206;1;1;1;6;D44;48,8554050000;3,0426550000
202200025428;18;6;2022;05:05;2;59;59426;1;1;1;6;AUTOROUTE A22;50,7471600000;3,1429200000
202200025429;17;4;2022;17:55;1;77;77004;1;1;1;7;D99e;48,6157750000;2,7929740000
202200025430;22;6;2022;16:40;1;91;91553;1;1;1;2;RN 104;48,6314000000;2,4915100000
202200025431;18;4;2022;12:45;1;84;84016;1;1;1;7;D87;44,0330530000;4,9202710000
202200025432;16;4;2022;15:15;1;04;04039;1;1;1;7;RD 955;43,8591630000;6,5109230000
202200025433;22;6;2022;14:50;1;94;94037;1;1;1;3;AUTOROUTE A6A;48,8144134984;2,3360705997
202200025434;18;4;2022;05:17;5;13;13007;2;1;1;1;Avenue de la Banne;43,3686910000;5,6372480000
202200025435;16;4;2022;19:35;1;71;71219;2;1;7;6;6 Rue de la Chatelaine;46,6536080000;4,9411870000
202200025436;22;6;2022;02:10;5;78;78362;1;1;1;2;A13;48,9775100000;1,7212300000
202200025437;17;4;2022;19:00;1;52;52514;1;3;1;3;D619;48,0685770000;5,1739060000
202200025438;22;6;2022;17:30;1;93;93027;1;1;1;4;A1;48,9385744444;2,4155606321
202200025439;18;4;2022;07:50;1;51;51250;2;1;1;7;Avenue de la Gare;49,3087592926;3,6868987978
202200025440;18;4;2022;13:20;1;55;55272;1;1;1;7;Route de Louppy;48,8447580000;5,0492800000
202200025441;22;6;2022;09:00;1;93;93008;1;1;1;3;AUTOROUTE A86;48,9126927783;2,4369263299
202200025442;18;4;2022;03:45;3;63;63213;1;1;1;6;D 6;45,8207045967;3,2348513603
202200025443;22;6;2022;06:30;1;93;93006;1;1;1;7;AUTOROUTE A3;48,8643500000;2,4144800000
202200025444;21;6;2022;17:50;1;92;92036;1;1;1;4;AUTOROUTE A86;48,9388890109;2,3062561184
202200025445;18;4;2022;18:50;1;74;74250;1;3;1;3;Avenue des Digues;46,0660180000;6,3885180000
202200025446;22;6;2022;17:15;1;77;77181;1;1;1;2;A4;48,8305216457;2,6947138665
202200025447;17;4;2022;02:40;3;38;38003;2;3;1;6;Route des Falques;45,3256050000;4,8635090000
202200025448;22;6;2022;14:45;1;77;77146;1;1;1;4;A4.Y;48,8321608383;2,6537674837
202200025449;17;4;2022;17:45;1;69;69225;1;1;1;1;Route de Saint-Marcel;45,8806060000;4,4252370000
202200025450;17;4;2022;23:30;3;81;81271;1;4;1;7;La Moletrincade;43,7746300000;1,6630390000
202200025451;22;6;2022;11:00;1;77;77146;1;1;1;6;A4.Y;48,8319870876;2,6512725706
202200025452;22;6;2022;06:20;1;94;94011;1;1;1;7;RN406.W;48,7636300000;2,4951100000
202200025453;11;4;2022;21:45;5;17;17179;2;2;1;6;Intersection route de Bordeaux RN137 et rue de Paban;45,7138280000; -0,6325400000
202200025454;28;4;2022;17:45;1;77;77438;1;1;1;2;A104;48,8715490000;2,6706000000
202200025455;17;4;2022;21:00;5;33;33003;2;1;1;1;Avenue Claude Taudin;44,9289067792; -0,4860632122
202200025456;12;3;2022;16:20;1;62;62013;1;1;1;6;RD 919;50,2390000000;2,7643500000
202200025457;15;4;2022;18:50;1;13;13212;1;1;1;3;A507 sens Aubagne- Marseille;43,3111700000;5,4245500000
202200025458;21;6;2022;11:36;1;54;54261;2;1;1;6;CONCORDE (RUE DE LA);49,5235300000;5,7985800000
202200025459;15;4;2022;15:35;1;13;13214;2;1;1;2;A7-Sens Marseille vers Lyon;43,3246900000;5,3781960000
202200025460;21;6;2022;12:40;1;27;27229;2;1;1;6;BRIAND (AVENUE ARISTIDE);49,0174200000;1,1240000000
202200025461;15;4;2022;14:30;1;13;13005;1;1;1;7;A502-Sens Toulon par R.N. vers  Aubagne;43,2839600000;5,5896300000
202200025462;22;4;2022;07:30;2;90;90076;1;1;1;1;GRAND'RUE;47,6388200000;6,9027600000
202200025463;15;4;2022;15:30;1;13;13214;1;1;1;4;A7-Sens Marseille vers Lyon;43,3338000000;5,3774840000
202200025464;16;4;2022;16:55;1;94;94034;1;1;1;2;AUTOROUTE A86;48,7609600000;2,3185400000
202200025465;19;4;2022;11:41;1;63;63063;2;1;1;3;LEMOY (RUE ROBERT);45,8170300000;3,1102190000
202200025466;18;4;2022;17:12;1;63;63113;2;1;1;6;BERNARD (BOULEVARD CLAUDE);45,7636900000;3,0891200000
202200025467;16;4;2022;12:00;1;91;91340;1;1;1;3;RN 104;48,6054500000;2,4395300000
202200025468;21;6;2022;17:50;3;988;98818;2;3;1;4;RUE AUGUSTE BENEBIG/RUE EDOUARD MERCIER; -22,2705900000;166,4531800000
202200025469;16;4;2022;15:00;1;91;91645;1;1;1;3;RN 385 Extèrieure;48,7598500000;2,2578500000
202200025470;21;6;2022;11:00;1;976;97611;2;1;1;3;mamoudzou centre-RP Passot quai colas (R; -12,7788600000;45,2322600000
202200025471;16;4;2022;05:50;3;91;91477;2;1;1;3;RD 444;48,7252230000;2,2452170000
202200025472;21;6;2022;08:45;1;974;97416;1;1;1;1;BOISSY (CHEMIN DE); -21,3450000000;55,5029900000
202200025473;16;4;2022;14:45;1;92;92036;1;1;1;2;AUTOROUTE A15;48,9452569232;2,2843730158
202200025474;21;6;2022;11:00;1;974;97411;2;1;1;5;TOPAZES(ALLEE DES); -20,8929500000;55,4435300000
202200025475;21;6;2022;20:05;5;974;97409;2;9;1;6;DE LA GARE(RUE); -20,9596200000;55,6533900000
202200025476;16;4;2022;14:45;1;93;93007;1;1;1;5;AUTOROUTE A1;48,9482633659;2,4449349940
202200025477;21;6;2022;06:01;5;973;97302;1;1;1;6;MONTABO (ROUTE DE) 1;4,8978300000; -52,3275400000
202200025478;20;6;2022;12:00;1;973;97302;2;1;1;1;FLAMBOYANTS (RUE DES);4,9243000000; -52,3183400000
202200025479;15;4;2022;18:40;1;95;95607;1;1;1;4;A115;49,0178210711;2,2137960792
202200025480;21;6;2022;14:14;1;2A;2A004;2;1;1;3;FINOSELLO LEP AV MAL LYAUTEY;41,9359000000;8,7443900000
202200025481;21;6;2022;08:10;1;95;95277;1;2;1;1;RD 317;48,9739160000;2,4608194828
202200025482;15;4;2022;17:40;1;95;95572;1;1;1;5;A15;49,0301259179;2,1243417263
202200025483;21;6;2022;10:30;1;95;95210;2;1;1;6;Avenue de la Division Leclerc;48,9719330930;2,3104494810
202200025484;15;4;2022;18:00;1;69;69259;2;2;1;3;Rue Anatole France;45,7219900000;4,8911400000
202200025485;21;6;2022;08:00;1;91;91421;2;4;1;1;D'YERRES(RUE DE);48,7038000000;2,4696500000
202200025486;15;4;2022;15:30;1;69;69383;2;1;1;6;Rue de l’Epée;45,7567291612;4,8435035348
202200025487;21;6;2022;06:00;1;91;91514;1;1;1;4;CD 33;48,6644000000;2,5248500000
202200025488;15;4;2022;08:45;1;69;69386;2;1;1;6;Rue Crillon;45,7704300000;4,8463900000
202200025489;21;6;2022;07:40;1;91;91114;1;1;1;2;RTE NATIONALE 6;48,6840300000;2,4894200000
202200025490;15;4;2022;06:00;2;972;97209;1;1;1;6;CHATEAUBOEUF (ROUTE DE);14,6206800000; -61,0433300000
202200025491;14;9;2022;14:00;1;86;86194;2;1;1;3;Rue Raoul Follereau;46,5667150000;0,3873730000
202200025492;15;4;2022;19:50;2;69;69389;2;1;1;6;Montée de l’Observance;45,7672600000;4,8094400000
202200025493;21;6;2022;21:10;1;85;85194;2;6;1;3;VENDEE GLOBE (BOULEVARD DU);46,5018250000; -1,7592280000
202200025494;15;4;2022;17:50;1;69;69381;2;1;1;2;Tunnel de la Croix-Rousse;45,7735500000;4,8255100000
202200025495;17;6;2022;18:25;1;85;85194;2;3;1;3;RD32A;46,4703100000; -1,7424300000
202200025496;1;3;2022;14:00;1;95;95585;2;3;1;6;RD 125;48,9912690000;2,3711910000
202200025497;9;4;2022;23:10;5;95;95427;2;2;1;3;RD 311;48,9751033877;2,3439529538
202200025498;21;6;2022;12:15;1;78;78238;2;3;1;6;GENERAL DE GAULLE (RUE DU);48,9641810000;1,8666620000
202200025499;14;4;2022;08:06;1;95;95197;2;3;1;3;Avenue du Maréchal Foch;48,9650284061;2,3187616467
202200025500;21;6;2022;02:20;3;78;78238;1;1;1;2;CD 14;48,9789400000;1,8862400000
202200025501;15;4;2022;07:20;2;91;91425;2;1;1;2;RTE D ORLEANS RN 20;48,6397580000;2,2680630000
202200025502;21;6;2022;08:15;1;77;77186;1;2;8;3;D409 / D301;48,4136620000;2,6441000000
202200025503;7;4;2022;16:30;1;91;91687;2;1;8;3;PRESIDENT KENNEDY (AVENUE DU);48,6649500000;2,3670900000
202200025504;9;5;2022;12:40;1;76;76497;1;1;1;7;N338 - Sud 3;49,3752573389;1,0469198227
202200025505;15;4;2022;18:15;1;91;91223;2;2;1;6;COQUERIVE (AVENUE DE);48,4360960000;2,1654180000
202200025506;19;6;2022;04:00;5;76;76351;2;2;2;3;REPUBLIQUE (COURS DE LA);49,4919800000;0,1239200000
202200025507;15;4;2022;12:41;1;87;87050;2;6;1;6;LIMOGES (AVENUE DE);45,8795500000;1,2396900000
202200025508;16;6;2022;15:50;1;74;74119;2;2;1;1;CORNICHE (ROUTE DE LA)  CD21;46,3888600000;6,5899800000
202200025509;20;6;2022;11:30;1;73;73029;2;1;1;2;D4 - CHANAZ (ROUTE DE);45,5537880000;5,9357310000
202200025510;14;4;2022;13:15;1;87;87085;2;1;1;5;GIFFARD (RUE HENRI);45,8703100000;1,2694800000
202200025511;20;6;2022;18:50;1;72;72003;2;2;1;3;ROMARINS (RUE DES);47,9683460000;0,1683190000
202200025512;13;4;2022;20:47;5;87;87085;2;1;1;3;BELLAC (RUE DE);45,8459500000;1,2456000000
202200025513;21;6;2022;15:20;1;69;69290;2;9;1;7;Rue Monseigneur Ancel;45,7165100000;4,9700900000
202200025514;15;4;2022;10:30;1;83;83062;2;6;1;2;DRAGUIGNAN (AVENUE DE);43,1419919503;6,0365218520
202200025515;21;6;2022;10:00;1;69;69290;2;2;1;4;Avenue Jean Jaurès;45,6972300000;4,9362300000
202200025516;21;6;2022;05:55;2;69;69259;2;1;1;1;Avenue Charles de Gaulle;45,7151400000;4,8956700000
202200025517;15;1;2022;16:30;1;83;83061;2;1;1;6;AVENUE EUGÈNE JOLY;43,4232100000;6,7335300000
202200025518;14;6;2022;00:00;5;69;69029;2;9;1;1;Avenue Franklin Roosevelt;45,7353800000;4,9031700000
202200025519;15;4;2022;20:00;1;81;81004;2;1;1;2;22 AOUT 1944 (PT DU);43,9322600000;2,1468500000
202200025520;21;6;2022;12:11;1;69;69264;2;3;1;3;Route de Frans;45,9839200000;4,7399400000
202200025521;15;4;2022;10:30;1;78;78133;2;9;1;3;MANTES (ROUTE DE);48,9048990000;2,0524020000
202200025522;20;6;2022;12:00;1;67;67447;2;1;1;7;GLACIERE (RUE DE LA);48,6060900000;7,7540500000
202200025523;21;6;2022;09:50;1;64;64260;2;1;1;3;Route de Behobie;43,3498100000; -1,7730200000
202200025524;15;4;2022;11:35;1;77;77390;2;3;1;1;D21;48,7909252105;2,6672918660
202200025525;20;6;2022;17:55;1;64;64102;2;1;1;3;Avenue de la Légion Tchèque;43,4923080218; -1,4865016937
202200025526;14;4;2022;22:00;3;77;77152;1;2;1;6;D142 / D64;48,4970800000;2,6340700000
202200025527;21;6;2022;13:30;1;59;59279;2;9;1;2;RONCQ (BOULEVARD);50,7758802819;3,1317955256
202200025528;13;4;2022;12:08;1;76;76351;2;1;1;6;PONT VII (ROUTE DU);49,4938300000;0,1800100000
202200025529;21;6;2022;09:20;1;59;59599;2;1;1;6;CONDORCET (RUE );50,7261360000;3,1648050000
202200025530;13;4;2022;12:45;1;72;72181;2;1;1;3;DEMORIEUX PAIRS-ROCADE A RP D'ALLONNES;47,9759550000;0,1661600000
202200025531;21;6;2022;21:55;2;59;59512;2;2;1;3;GAMBETTA (BOULEVARD);50,6915600000;3,1811500000
202200025532;21;6;2022;10:00;1;54;54578;2;1;1;1;MULLER (AVENUE PAUL);48,6566500000;6,1221300000
202200025533;15;4;2022;18:55;1;69;69290;2;2;1;3;Boulevard de la Porte des Alpes;45,7167000000;4,9280000000
202200025534;20;6;2022;18:21;1;54;54373;2;3;1;6;AVENUE DE L'EUROPE;48,5735000000;6,5287400000
202200025535;15;4;2022;01:41;5;66;66136;2;1;1;2;ESCARGUEL (COURS LAZARE);42,7010500000;2,8861400000
202200025536;20;6;2022;17:45;1;52;52121;1;1;1;1;D 65 B;48,1178500000;5,1262800000
202200025537;15;4;2022;12:55;1;59;59378;2;1;1;2;REPUBLIQUE AV DE LA (N°512-832);50,6566357135;3,0889418721
202200025538;16;6;2022;08:00;1;49;49328;2;2;1;3;LOUCHEUR (RUE);47,2460600000; -0,0704200000
202200025539;15;4;2022;15:15;1;54;54274;2;1;1;6;REPUBLIQUE (RUE DE LA);48,6684100000;6,2081900000
202200025540;20;6;2022;21:44;2;49;49007;2;1;1;1;Boulevard d' Estienne d'Orves;47,4547230214; -0,5330085754
202200025541;15;4;2022;11:00;1;54;54395;2;1;1;6;LECLERC (AV. DU GENE;48,6764346686;6,1773312092
202200025542;21;6;2022;16:40;1;45;45147;2;2;1;3;28 Rue de la Sente;47,9248900000;1,9119300000
202200025543;21;6;2022;08:10;1;45;45274;2;6;1;3;97 Rue Dinetard;47,8722600000;1,9610600000
202200025544;14;4;2022;15:15;1;54;54395;2;1;1;6;BOUFFLERS (AV. DE 74 A 334 - 53 A 399);48,6927900000;6,1442100000
202200025545;21;6;2022;14:30;1;42;42044;2;1;1;6;Avenue Charles de Gaulle;45,3956600000;4,3220900000
202200025546;12;4;2022;13:30;1;54;54357;2;1;1;1;DE GAULLE (AVENUE DU GAL);48,6990700000;6,1208500000
202200025547;20;6;2022;23:20;3;41;41018;2;1;1;3;BUTTE (AVENUE DE LA);47,5832600000;1,3208700000
202200025548;21;6;2022;16:40;1;37;37261;2;1;1;6;EIFFEL (AVENUE GUSTAVE);47,4317100000;0,6973200000
202200025549;15;4;2022;22:36;5;47;47032;2;2;1;3;NOGUES (Avenue du);44,1839000000;0,6665000000
202200025550;21;6;2022;12:45;1;35;35238;2;1;1;4;TILLON (AVENUE CHARLES);48,1256500000; -1,6967500000
202200025551;15;4;2022;14:30;1;45;45075;2;3;1;3;Rue Cahotus;47,8917160000;1,8316190000
202200025552;21;6;2022;21:00;2;33;33063;2;2;1;3;Rue Maurice;44,8584500000; -0,5636300000
202200025553;14;4;2022;17:00;1;44;44190;2;1;1;3;251 route de clisson;47,1886500000; -1,5014640000
202200025554;21;6;2022;09:40;1;32;32013;2;1;1;7;AGEN (ROUTE D');43,6568000000;0,5971600000
202200025555;14;4;2022;08:50;1;44;44109;2;1;7;3;196 Route de Rennes;47,2623100000; -1,5834000000
202200025556;20;6;2022;17:00;1;30;30007;2;1;1;2;;44,1368000000;4,1048700000
202200025557;13;6;2022;12:30;1;30;30007;2;1;1;1;GIBERTINE (AVE DE LA);44,1236500000;4,0916800000
202200025558;21;6;2022;08:25;1;29;29232;1;1;1;3;Boulevard Gutenberg;47,9826900000; -4,0752700000
202200025559;15;4;2022;18:10;1;37;37233;1;3;1;3;;47,4004407067;0,7418185472
202200025560;20;6;2022;18:50;1;29;29039;1;2;1;2;D783 - Rue de Kerose;47,8741750000; -3,8983000000
202200025561;15;4;2022;17:25;1;35;35238;2;1;1;6;GUILLOUX (LOUIS);48,1100623911; -1,6988535225
202200025562;20;6;2022;17:45;1;29;29039;2;1;1;2;Rue de Lanriec;47,8691968091; -3,8961374760
202200025563;15;4;2022;17:32;1;35;35281;1;1;1;2;N136;48,0910563838; -1,7057400942
202200025564;20;6;2022;13:50;1;28;28220;2;1;1;3;AVENUE DE LA REPUBLIQUE;48,4263000000;1,4719300000
202200025565;15;4;2022;15:45;1;33;33075;1;1;1;2;AVE J. CHABAN DELMAS;44,8890300000; -0,5885400000