Num_Acc;jour;mois;an;hrmn;lum;dep;com;agg;int;atm;col;adr;lat;long
202200025566;16;6;2022;18:25;1;28;28220;2;1;1;3;MARCEAU (RUE);48,4264900000;1,4740700000
202200025567;21;6;2022;17:47;1;27;27229;2;1;1;6;RUGBY (RUE DE);49,0075848824;1,1557366848
202200025568;15;4;2022;14:00;1;33;33318;2;3;1;3;Avenue du Bourgailh;44,8011700000; -0,6633100000
202200025569;6;5;2022;13:15;1;27;27229;2;1;1;2;ALLENDE (BOULEVARD DU PRESIDENT);49,0031800000;1,1489900000
202200025570;15;4;2022;08:10;1;33;33162;2;2;1;3;Avenue du Médoc;44,8796300000; -0,6268000000
202200025571;14;4;2022;12:30;1;33;33318;2;3;1;2;Rue Marcel Dassault;44,7816000000; -0,6543300000
202200025572;21;6;2022;18:30;1;25;25462;2;3;1;3;SAINT ETIENNE FAUBOURG;46,9016200000;6,3598000000
202200025573;15;4;2022;20:45;2;31;31557;2;9;1;5;TARBES (ROUTE DE);43,5779100000;1,3273500000
202200025574;21;6;2022;12:30;1;25;25056;2;1;1;3;Rue Antide Janvier;47,2368300000;6,0151400000
202200025575;15;4;2022;15:00;1;31;31483;2;1;1;7;ROUTE DE LA SERRE DE CAZAUX;43,1384300000;0,7331600000
202200025576;20;6;2022;20:15;1;25;25056;2;9;1;6;ALLENDE  BOULEVARD SALVADOR;47,2199000000;5,9729200000
202200025577;18;6;2022;10:30;1;19;19031;2;1;1;6;RIBOT (AVENUE);45,1646999140;1,5106093884
202200025578;15;4;2022;21:35;3;17;17461;1;1;1;7;TOURNESOLS (CHEMIN DES);45,6543760000; -1,0535450000
202200025579;21;6;2022;01:00;5;13;13102;2;2;1;3;EDOUARD HERRIOT (BD );43,4167438578;5,2465212398
202200025580;21;6;2022;18:00;1;13;13103;2;1;1;1;BOULEVARD SCHUMAN;43,6480100000;5,1021200000
202200025581;14;4;2022;14:50;1;13;13103;2;6;1;3;RTE DE PELISSANNE-RD 572;43,6278900000;5,1049000000
202200025582;21;6;2022;22:00;5;13;13201;2;2;1;3;NATIONALE (RUE);43,2995338869;5,3787092631
202200025583;15;4;2022;15:55;1;13;13214;2;1;1;2;GAY LUSSAC (BOULEVARD);43,3358600000;5,3744700000
202200025584;21;6;2022;18:45;1;13;13212;2;9;1;3;Allée des Vaudrans;43,3066882689;5,4729698357
202200025585;15;4;2022;15:30;1;13;13214;2;1;1;3;JEAN QUEILLAU (RUE);43,3318000000;5,3869000000
202200025586;20;6;2022;09:35;1;13;13002;2;1;1;1;ANTOINE CAMOIN (CHEMIN);43,3320000000;5,4630000000
202200025587;15;4;2022;10:15;1;13;13001;2;1;1;6;POINCARE (AV);43,5397297791;5,4476414373
202200025588;21;6;2022;13:35;1;12;12100;2;3;1;3;RUE FRANÇOIS MITTERAND;44,5375800000;2,3089700000
202200025589;20;6;2022;08:45;1;07;07102;1;6;1;3;;44,9240580000;4,8597150000
202200025590;13;4;2022;12:03;1;10;10325;2;6;1;3;;48,2674383565;4,0615028143
202200025591;19;6;2022;19:00;1;06;06069;2;6;1;3;SIDI BRAHIM (AVENUE);43,6498150000;6,9317760000
202200025592;20;6;2022;11:34;1;05;05061;2;1;1;6;PROVENCE (AVENUE DE);44,5367900000;6,0523500000
202200025593;4;5;2022;17:10;1;02;02738;2;6;1;2;;49,6585900000;3,2980700000
202200025594;15;4;2022;18:00;1;75;75119;2;1;1;4;BD PERIPHERIQUE INTERIEUR;48,9004260000;2,3888780000
202200025595;21;6;2022;15:35;1;75;75118;2;1;1;2;PORTE DE SAINT OUEN;48,9006750000;2,3330950000
202200025596;21;6;2022;12:30;1;75;75117;2;1;1;4;PORTE D ASNIERES;48,8945610000;2,3054090000
202200025597;15;4;2022;16:30;1;75;75120;2;1;1;2;BD PERIPHERIQUE EXTERIEUR;48,8509350000;2,4154350000
202200025598;20;6;2022;19:00;1;75;75118;2;1;1;3;PORTE DE CLIGNANCOURT;48,9007580000;2,3371890000
202200025599;21;6;2022;06:19;2;75;75113;2;2;2;3;BOULEVARD DE L HOPITAL;48,8345650000;2,3578100000
202200025600;14;4;2022;18:30;1;75;75112;2;1;1;2;BD PERIPHERIQUE INTERIEUR;48,8309270000;2,4029910000
202200025601;20;6;2022;13:30;1;75;75112;2;1;1;2;ROUTE DE LA PYRAMIDE;48,8288370000;2,4520960000
202200025602;21;6;2022;09:10;1;75;75105;2;4;1;2;BOULEVARD DE L HOPITAL;48,8398970000;2,3617650000
202200025603;20;6;2022;09:20;1;75;75106;2;3;1;6;AVENUE DE L OBSERVATOIRE;48,8433960000;2,3375200000
202200025604;12;4;2022;20:45;4;75;75120;2;1;1;4;BD PERIPHERIQUE INTERIEUR;48,8651530000;2,4132150000
202200025605;21;6;2022;07:45;1;75;75119;2;1;2;6;RUE D AUBERVILLIERS;48,8922120000;2,3692930000
202200025606;21;6;2022;09:10;1;75;75118;2;4;1;3;BOULEVARD ORNANO;48,8936030000;2,3479950000
202200025607;15;4;2022;00:20;5;75;75110;2;1;1;1;RUE DU FAUBOURG SAINT MARTIN;48,8698330000;2,3560120000
202200025608;21;6;2022;17:00;1;75;75117;2;3;1;2;BOULEVARD MALESHERBES;48,8858690000;2,3064480000
202200025609;15;4;2022;16:10;1;75;75120;2;4;1;4;BOULEVARD MORTIER;48,8667780000;2,4090270000
202200025610;15;4;2022;15:10;1;75;75118;2;2;1;6;RUE ORDENER;48,8902280319;2,3599713298
202200025611;21;6;2022;07:40;1;75;75117;2;4;8;6;RUE LEGENDRE;48,8929217358;2,3270255327
202200025612;15;4;2022;10:30;1;75;75116;2;1;1;6;ROUTE DES TRIBUNES;48,8593801301;2,2293392525
202200025613;14;4;2022;09:30;1;75;75116;2;7;1;3;PLACE DE LA PORTE DE SAINT CLOUD;48,8376100000;2,2575830000
202200025614;20;6;2022;19:15;1;75;75117;2;2;1;3;BOULEVARD DES BATIGNOLLES;48,8822440000;2,3203550000
202200025615;15;4;2022;13:50;1;75;75115;2;7;1;6;PLACE ETIENNE PERNET;48,8427220000;2,2922010000
202200025616;20;6;2022;07:00;1;75;75117;2;1;1;3;BOULEVARD PEREIRE;48,8876250000;2,3082210000
202200025617;15;4;2022;08:30;1;75;75115;2;2;1;3;RUE DE LA CONVENTION;48,8372340000;2,2964440000
202200025618;20;6;2022;19:10;1;75;75116;2;7;1;3;PLACE DE LA PORTE DE SAINT CLOUD;48,8383990000;2,2569970000
202200025619;14;4;2022;12:20;1;75;75115;2;3;1;3;RUE DE VAUGIRARD;48,8424630000;2,3110790000
202200025620;21;6;2022;19:45;1;75;75115;2;2;1;6;BOULEVARD PASTEUR;48,8428710000;2,3123810000
202200025621;15;4;2022;00:50;5;75;75114;2;1;1;6;AVENUE RENE COTY;48,8278380000;2,3346880000
202200025622;20;6;2022;21:00;1;75;75115;2;1;1;6;PONT DE BIR HAKEIM;48,8556670000;2,2876980000
202200025623;14;4;2022;14:40;1;75;75114;2;1;1;6;BOULEVARD BRUNE;48,8255590000;2,3150330000
202200025624;20;6;2022;20:50;2;75;75114;2;1;1;3;AVENUE DE LA PORTE DE MONTROUGE;48,8218650000;2,3220510000
202200025625;15;4;2022;13:19;1;75;75113;2;1;1;3;AVENUE D ITALIE;48,8218640000;2,3586320000
202200025626;20;6;2022;15:40;1;75;75114;2;1;1;6;RUE MECHAIN;48,8356580000;2,3397590000
202200025627;19;6;2022;09:30;1;75;75114;2;3;2;2;AVENUE DU MAINE;48,8394550000;2,3222440000
202200025628;15;4;2022;11:40;1;75;75112;2;1;1;3;AVENUE DAUMESNIL;48,8429884892;2,3841987095
202200025629;21;6;2022;13:15;1;75;75113;2;2;1;3;RUE DE TOLBIAC;48,8259480000;2,3452110000
202200025630;15;4;2022;02:40;5;75;75112;2;1;1;1;RUE DE CHARENTON;48,8327710000;2,3962170000
202200025631;21;6;2022;16:30;1;75;75111;2;7;1;3;BOULEVARD VOLTAIRE;48,8666090000;2,3650010000
202200025632;15;4;2022;18:09;1;75;75110;2;1;1;3;BOULEVARD DE LA VILLETTE;48,8807484489;2,3700677293
202200025633;21;6;2022;12:25;1;75;75109;2;2;1;6;BOULEVARD HAUSSMANN;48,8735910000;2,3283560000
202200025634;15;4;2022;11:12;1;75;75110;2;7;1;3;PLACE FRANZ LISZT;48,8778906745;2,3516564553
202200025635;14;4;2022;23:00;3;75;75108;2;1;1;6;BOULEVARD DE COURCELLES;48,8809980000;2,3138910000
202200025636;21;6;2022;17:30;1;75;75108;2;7;1;2;PLACE DE LA CONCORDE;48,8658570000;2,3198960000
202200025637;15;4;2022;19:55;1;75;75108;2;7;1;6;QUAI DES TUILERIES;48,8640701652;2,3201221470
202200025638;21;6;2022;10:25;1;75;75107;2;3;1;6;AVENUE DE LA MOTTE PICQUET;48,8554610000;2,3070730000
202200025639;21;6;2022;22:00;5;75;75101;2;2;1;7;BOULEVARD DE SEBASTOPOL;48,8595360000;2,3488090000
202200025640;15;4;2022;16:45;1;75;75102;2;5;1;3;RUE DU LOUVRE;48,8673080000;2,3439400000
202200025641;20;6;2022;19:03;1;75;75101;2;3;1;3;RUE SAINT HONORE;48,8625040000;2,3380930000
202200025642;15;4;2022;16:11;1;75;75104;2;2;1;3;QUAI DE L HOTEL DE VILLE;48,8559045770;2,3511256603
202200025643;21;6;2022;07:45;1;94;94073;2;4;2;2;ALOUETTES (R DES);48,7544100000;2,3854110000
202200025644;15;4;2022;11:30;1;94;94078;2;3;1;3;Rue de Paris;48,7513600000;2,4453200000
202200025645;11;4;2022;18:09;1;94;94016;2;6;1;3;Rue Camille Desmoulins;48,7906561397;2,3315477370
202200025646;21;6;2022;09:30;1;94;94017;2;3;1;3;Avenue Roger Salengro / Boulevard de Polangis;48,8201800000;2,4817900000
202200025647;16;4;2022;01:50;5;94;94041;2;3;1;3;8 rue Raspail;48,8115200000;2,3870000000
202200025648;21;6;2022;18:30;1;94;94071;2;1;1;2;3 Avenue du Piple;48,7640000000;2,5135100000
202200025649;21;6;2022;18:00;1;93;93078;2;1;1;6;Avenue Georges Clémenceau;48,9595400000;2,5570700000
202200025650;15;4;2022;16:40;1;94;94033;2;1;1;2;Avenue de la République;48,8524796616;2,4626541132
202200025651;15;4;2022;14:05;1;94;94017;2;1;1;4;Avenue François Mitterrand;48,8156970723;2,5142683982
202200025652;15;4;2022;11:30;1;94;94075;2;1;1;6;56 Avenue du Château;48,7118600000;2,5322700000
202200025653;21;6;2022;08:07;1;93;93078;2;1;1;1;Avenue du Général Leclerc;48,9522100000;2,5576000000
202200025654;14;4;2022;10:45;1;94;94071;2;1;1;6;7 rue Curie;48,7771500000;2,5159900000
202200025655;15;4;2022;17:45;1;93;93048;2;2;1;3;Rue Ernest Savart / Rue des Caillots;48,8683500000;2,4447500000
202200025656;21;6;2022;22:45;5;93;93071;2;3;1;3;Avenue de Livry / Avenue Victor Hugo;48,9340500000;2,5356800000
202200025657;14;4;2022;13:30;1;93;93006;2;9;1;6;Avenue du Général de Gaulle;48,8639860000;2,4170260000
202200025658;21;6;2022;22:30;5;93;93066;2;4;1;6;Rue Paul Eluard;48,9415809064;2,3420405388
202200025659;15;4;2022;17:05;1;93;93013;2;1;1;6;Avenue de la Division Leclerc;48,9357039113;2,4266937375
202200025660;20;6;2022;16:15;1;93;93048;2;1;1;6;Boulevard de la Boissière;48,8773984245;2,4615678191
202200025661;15;4;2022;17:30;1;93;93008;2;2;1;3;Avenue Jean Jaures / Rue de Paris;48,8988600000;2,4418400000
202200025662;20;6;2022;22:35;5;93;93045;2;2;1;2;Avenue Pasteur / Rue de Noisy-le-sec;48,8760100000;2,4172800000
202200025663;15;4;2022;08:30;1;92;92046;2;1;1;7;AVAULEE (RUE);48,8164734982;2,2921784073
202200025664;21;6;2022;18:50;1;93;93010;2;1;1;6;Avenue Maurice Benhamou;48,9129100000;2,4827500000
202200025665;15;4;2022;13:40;1;92;92051;2;1;1;3;LONGCHAMP (RUE DE);48,8843312946;2,2578768432
202200025666;21;6;2022;02:30;5;93;93057;2;1;1;2;Avenue Aristide Briand;48,9082588237;2,4962285709
202200025667;14;4;2022;23:40;5;92;92051;2;2;1;7;VICTOR HUGO (BOULEVARD, N° 9 A 49 ET 16;48,8839795755;2,2815755680
202200025668;20;6;2022;13:45;1;93;93001;2;1;1;3;Avenue de la République;48,9095700000;2,3862600000
202200025669;15;4;2022;17:10;1;92;92050;2;1;1;4;PREMIER MAI RUE DU;48,9135210000;2,2183080000
202200025670;21;6;2022;08:15;1;92;92078;2;1;1;3;GALLIENI (BD) (153 ET 225);48,9340483261;2,3327531218
202200025671;21;6;2022;18:30;1;92;92075;2;1;1;6;FALRET (RUE);48,8192100000;2,2843100000
202200025672;13;4;2022;18:35;1;92;92002;2;3;1;3;CHEMIN DE FER (RUE DU);48,7438599577;2,3030322343
202200025673;16;4;2022;16:50;1;47;47033;2;1;1;6;Route de Villereal;44,5395440000;0,6890760000
202200025674;21;6;2022;17:30;1;92;92064;2;3;1;3;MARCEL DASSAULT;48,8541239566;2,2226331532
202200025675;17;4;2022;12:10;1;17;17285;1;1;1;1;chemin rural la flow velo 92;45,8203840000; -0,6467180000
202200025676;21;6;2022;17:30;1;92;92048;2;9;1;2;JACQUEMINOT (AVENUE) N°10 A 50;48,8109864375;2,2349207550
202200025677;15;4;2022;19:15;1;17;17389;1;1;1;7;D 215;45,8388610000; -0,8744650000
202200025678;21;6;2022;21:10;1;92;92026;2;3;1;3;22 SEPTEMBRE ( RUE DU );48,9048500000;2,2716200000
202200025679;21;6;2022;19:00;1;92;92026;2;1;1;3;VERDUN (DE 01 A 61);48,8970100000;2,2642900000
202200025680;17;4;2022;05:10;5;95;95134;2;1;1;6;Rue d’Aire;49,1340643036;2,2303077579
202200025681;17;4;2022;20:10;1;76;76220;2;1;1;6;84 Rue de la Chaussee;49,8695670000;1,3223670000
202200025682;21;6;2022;17:32;1;92;92025;2;1;1;3;HENRI BARBUSSE (AV);48,9186524491;2,2526832819
202200025683;16;4;2022;20:05;3;974;97410;1;1;2;6;Route Nationale 2; -21,0236440000;55,7011340000
202200025684;20;6;2022;19:30;1;92;92025;2;1;1;6;VALMY (BD DE);48,9305484425;2,2551424652
202200025685;16;4;2022;19:00;1;62;62815;1;1;7;3;D940e1;50,3644010000;1,7085130000
202200025686;21;6;2022;06:25;2;92;92007;2;1;2;6;MOULIN-BLANCHARD (RUE DU);48,7950180000;2,2974020000
202200025687;16;4;2022;15:30;1;79;79061;1;1;1;7;;46,2508610000; -0,1937630000
202200025688;21;6;2022;17:22;1;14;14689;2;3;1;1;D562;48,9782340000; -0,4748620000
202200025689;16;4;2022;15:00;1;50;50461;1;1;1;1;RN 13, PK 033+700, sens CAEN / CHERBOURG;49,4942630000; -1,4160990000
202200025690;20;6;2022;22:00;2;02;02330;1;1;1;6;;49,8462680000;3,2368740000
202200025691;16;4;2022;11:30;1;85;85065;1;2;1;3;Le Brulot;46,9041110000; -1,2081230000
202200025692;16;4;2022;10:05;1;37;37213;1;1;1;2;Autoroute A28;47,6383554330;0,4970723391
202200025693;16;4;2022;14:50;1;56;56186;1;1;1;6;Le Vivier D186A;47,4828000000; -3,1391720000
202200025694;17;4;2022;08:20;1;76;76612;1;1;7;7;2 Route d Edruchon;49,8337240000;1,6851350000
202200025695;17;4;2022;05:20;2;80;80765;1;1;1;7;D29;50,0328790000;1,6723040000
202200025696;16;4;2022;10:30;1;65;65129;1;1;1;1;CD 929;43,3082540000;0,5215930000
202200025697;17;4;2022;10:00;1;11;11206;2;6;1;6;;43,0688640000;2,2065140000
202200025698;17;4;2022;03:30;3;71;71478;1;1;1;6;Route de Martenet;46,6748830000;4,1778520000
202200025699;16;4;2022;19:15;1;63;63067;1;1;1;7;Rue de Font Nanaud;46,0839620000;2,7423120000
202200025700;17;4;2022;07:20;1;42;42228;2;1;1;6;21 Rue Centrale;45,5539900000;4,0987370000
202200025701;17;4;2022;16:55;1;41;41060;2;2;1;3;Rue du Coteau du Parc;47,9707990000;0,8953390000
202200025702;17;4;2022;00:55;4;44;44196;2;9;1;1;22 Rue de la Station;47,5505340000; -2,0751210000
202200025703;15;4;2022;11:50;1;35;35188;2;1;1;6;Place des Marronniers;48,1398584501; -1,9570979476
202200025704;16;4;2022;18:25;1;29;29030;2;1;1;1;34 Rue de Plouescat;48,6632480000; -4,1089450000
202200025705;15;4;2022;16:50;1;29;29040;2;9;1;6;Résidence de Poul Conq;48,3589479800; -4,7638231516
202200025706;17;4;2022;14:00;1;29;29069;1;3;1;1;Rue du Tumulus;48,4275664071; -4,5726764202
202200025707;13;4;2022;12:10;1;38;38386;2;2;1;1;Route de Chartreuse;45,4543250000;5,6383680000
202200025708;17;4;2022;00:50;3;02;02801;1;1;1;7;;49,7353710000;3,9995060000
202200025709;17;4;2022;16:40;1;01;01093;2;1;1;6;Place de la Republique;46,1204210000;4,9565450000
202200025710;17;4;2022;16:08;1;54;54583;1;1;7;7;Piste cyclable;48,6504980000;5,9816050000
202200025711;16;4;2022;15:30;1;50;50003;2;1;1;3;Le Marais;49,0502630000; -1,5987630000
202200025712;17;4;2022;21:25;5;60;60667;2;1;1;7;1 Rue Edgard Floury;49,3077480000;2,7189190000
202200025713;16;4;2022;21:10;3;18;18063;1;1;1;2;;46,8642400000;2,4188480000
202200025714;26;1;2022;13:45;1;69;69290;2;2;8;1;Chemin du Charbonnier;45,6873915492;4,9129165708
202200025715;25;1;2022;17:23;1;68;68066;2;3;1;1;31 Rue Robert Schuman;48,0821170000;7,3276130000
202200025716;27;1;2022;07:45;2;67;67482;2;1;1;3;JEAN GIRAUDOUX (RUE);48,5877990000;7,7017490000
202200025717;26;1;2022;16:55;1;66;66136;2;6;7;2;CASSIN (AVENUE RENE);42,6813200000;2,8941600000
202200025718;27;1;2022;18:35;5;64;64445;2;1;1;1;Place de la Monnaie;43,2941764345; -0,3761208057
202200025719;27;1;2022;14:45;1;64;64348;2;1;1;5;SANTONA DE;43,3198000000; -0,3855900000
202200025720;27;1;2022;10:00;1;64;64129;2;6;1;3;voie nord sud;43,3047470249; -0,4018314427
202200025721;27;1;2022;13:20;1;59;59279;2;1;2;6;DRONCKAERT (RUE DU);50,7656968623;3,1573382020
202200025722;26;1;2022;17:30;1;59;59654;1;1;1;6;PONT DES HOUILLERES;50,3733492554;3,1029185057
202200025723;27;1;2022;17:00;2;54;54395;2;1;1;2;ALBERT 1ER  (BD);48,6961700000;6,1672600000
202200025724;27;1;2022;07:50;2;54;54395;2;1;5;6;POINCARE (RUE RAYMOND 31-32 A FIN);48,6883000000;6,1669200000
202200025725;21;1;2022;23:20;3;54;54382;1;1;1;2;52 (ROUTE NATIONALE);49,5499820000;5,8066710000
202200025726;27;1;2022;18:10;5;51;51454;2;4;2;7;Place des Argonautes;49,2272600000;4,0356000000
202200025727;24;1;2022;20:25;5;50;50129;2;1;1;3;PARIS (AVENUE DE);49,6305600000; -1,6177900000
202200025728;26;1;2022;16:19;1;49;49007;2;6;1;3;PEGUY;47,4629780458; -0,5259597301
202200025729;26;1;2022;16:40;1;45;45234;2;3;1;1;Rue Eugène Vignat;47,9058200000;1,9098400000
202200025730;27;1;2022;14:25;1;37;37122;2;1;1;3;DOUZILLIERE (RUE DE LA);47,3444961218;0,6557075679
202200025731;27;1;2022;08:30;1;33;33281;2;1;8;4;Avenue Pierre Mendès-France;44,8298800000; -0,6395700000
202200025732;27;1;2022;07:40;2;33;33281;2;1;5;6;Avenue du Truc;44,8488300000; -0,6524400000
202200025733;26;1;2022;11:25;1;33;33119;2;3;1;3;Cours de Verdun;44,8514500000; -0,5378739000
202200025734;26;1;2022;05:50;5;29;29232;1;1;1;7;Route de Benodet;47,9641200000; -4,0836600000
202200025735;26;1;2022;11:30;1;29;29039;1;2;8;2;D783;47,8814579068; -3,9101395011
202200025736;22;1;2022;19:44;5;13;13206;2;3;1;3;LOUIS SALVATOR (BOULEVARD);43,2912200000;5,3830200000
202200025737;27;1;2022;06:30;5;13;13215;2;1;1;3;SAINT ANTOINE A SAINT JOSEPH (CHEMIN DE);43,3495900000;5,3752900000
202200025738;26;1;2022;17:10;1;13;13202;2;2;1;3;GRAND RUE;43,2977400000;5,3720900000
202200025739;27;1;2022;10:00;1;13;13001;2;1;1;3;REPUBLIQUE (BD DE LA);43,5284057102;5,4407061094
202200025740;27;1;2022;08:45;1;11;11069;2;9;1;3;MADELEINE -CHEMIN DE LA -;43,2216000000;2,3893500000
202200025741;26;1;2022;18:42;5;10;10081;2;1;2;6;JEAN MERMOZ (RUE);48,3140100000;4,0408000000
202200025742;26;1;2022;11:10;1;06;06027;2;9;1;1;VAL FLEURI CHEMIN DU;43,6652650000;7,1706030000
202200025743;26;1;2022;12:20;1;03;03211;2;1;8;6;Chemin du Vieux Moulin;46,3237861697;2,5534061275
202200025744;27;1;2022;08:00;2;01;01451;1;1;5;4;POLLIAT (ROUTE DE ) IMPAIR;46,2331140000;5,1966680000
202200025745;27;1;2022;18:50;5;75;75117;2;3;2;7;BOULEVARD MALESHERBES;48,8847240000;2,3078300000
202200025746;26;1;2022;23:30;5;75;75117;2;2;1;3;AVENUE DES TERNES;48,8786460000;2,2942280000
202200025747;26;1;2022;15:25;1;75;75115;2;7;1;3;PLACE D ALLERAY;48,8363800000;2,3064650000
202200025748;26;1;2022;22:50;5;75;75115;2;1;1;7;QUAI ANDRE CITROEN;48,8449270000;2,2759760000
202200025749;27;1;2022;20:15;5;75;75113;2;1;2;3;RUE BAUDRICOURT;48,8243860000;2,3622500000
202200025750;27;1;2022;15:25;1;75;75110;2;2;1;6;RUE D HAUTEVILLE;48,8716180000;2,3499060000
202200025751;27;1;2022;05:30;5;75;75108;2;3;1;3;BOULEVARD DES BATIGNOLLES;48,8822390000;2,3217400000
202200025752;27;1;2022;21:15;5;75;75107;2;2;2;6;AVENUE DE TOURVILLE;48,8539520000;2,3095450000
202200025753;27;1;2022;19:15;5;94;94078;2;1;2;3;Avenue Rey;48,7269900000;2,4494800000
202200025754;27;1;2022;11:00;1;94;94071;2;1;1;1; 9 Rue Montaleau;48,7714330000;2,5110410000
202200025755;27;1;2022;08:30;1;93;93078;2;9;1;3;Hopital Robert Ballanger;48,9528000000;2,5245800000
202200025756;26;1;2022;23:25;5;77;77291;2;2;1;3;rue de New York;49,0119865622;2,5755418520
202200025757;27;1;2022;13:05;1;93;93072;2;3;1;3;FRANCIS AUFFRAY (RUE);48,9644400000;2,3740800000
202200025758;25;1;2022;15:30;1;93;93066;2;1;1;2;LENINE (AVENUE) NR 28 A 62 ET 13 A 41;48,9460200000;2,3589400000
202200025759;27;1;2022;08:15;1;93;93031;2;1;1;6;MARNE (AVENUE DE LA);48,9542490000;2,3270710000
202200025760;27;1;2022;06:55;5;93;93010;2;2;1;2;GALLIENI (AV.) DE 188 A 230;48,9070211056;2,4888178178
202200025761;27;1;2022;18:00;4;93;93005;2;6;1;3;LOUIS ARMAND (CARREFOUR);48,9561935351;2,4813003340
202200025762;26;1;2022;11:00;1;92;92064;2;1;1;6;TAHERE;48,8467062223;2,2057290003
202200025763;4;10;2022;17:15;1;11;11069;2;9;1;6;Boulevard Nicolas Poussin;43,2038200000;2,3297200000
202200025764;27;1;2022;21:10;5;92;92048;2;3;2;6;VICTOR HUGO (AVENUE);48,8062573268;2,2383636385
202200025765;26;1;2022;16:00;1;92;92036;2;1;1;3;ARGENTEUIL (AVENUE D');48,9362948024;2,2600155026
202200025766;27;1;2022;04:15;3;35;35328;1;1;1;6;D777;47,7682190000; -2,1053410000
202200025767;5;10;2022;12:15;1;10;10387;2;3;1;2;Rue des Marots;48,3067947818;4,0482748300
202200025768;23;1;2022;23:00;3;95;95028;1;1;1;6;A16;49,0619983625;2,3383015394
202200025769;27;1;2022;19:50;3;54;54513;1;2;2;1;RD 913;48,4569359869;6,1278444537
202200025770;4;10;2022;16:15;1;10;10387;2;1;1;3;PREMIER RAM (RUE DU);48,2924000000;4,0736000000
202200025771;28;1;2022;09:50;1;71;71389;2;1;5;6;Rue des Tilleuls;46,5682330000;3,7472250000
202200025772;27;1;2022;16:50;1;06;06034;1;1;1;7;M6202;43,7727590000;7,2144660000
202200025773;28;1;2022;08:10;1;26;26333;2;1;1;6;Rue de Picpus;45,1754120000;4,8210780000
202200025774;30;9;2022;18:30;2;06;06069;2;1;1;7;CARNOT (BOULEVARD ET TRAVERSE);43,6558490000;6,9221830000
202200025775;28;1;2022;15:05;1;51;51535;1;6;1;1;D951;48,7055591001;3,7367765498
202200025776;28;1;2022;01:45;5;32;32213;2;1;5;6;ROUTE DE TOULOUSE;43,4743570000;0,9180880000
202200025777;24;9;2022;18:30;1;04;04112;2;1;1;6;LIBERATION (AV. DE LA);43,8352100000;5,7910340000
202200025778;28;1;2022;17:30;1;63;63250;1;1;1;1;RD 996;45,5963690000;3,1558870000
202200025779;19;1;2022;18:30;5;44;44072;2;1;1;6;61 Avenue des Sports;47,4433000000; -2,3265510000
202200025780;27;1;2022;16:15;1;29;29264;1;1;1;7;1986 Penhoat Parc Ar C Handy;48,4897190000; -4,1562870000
202200025781;28;1;2022;14:20;1;38;38357;1;1;8;1;Rue Jean Moulin;45,5353480000;5,5397000000
202200025782;26;1;2022;18:30;5;38;38001;2;6;1;3;D1006/D1075;45,5373250000;5,5854960000
202200025783;4;10;2022;00:35;5;75;75113;2;2;1;3;QUAI D AUSTERLITZ;48,8373300000;2,3737860000
202200025784;27;1;2022;18:45;3;03;03033;1;1;5;1;RD 906 B;46,1738310000;3,5121920000
202200025785;28;1;2022;15:50;1;01;01348;2;1;1;6;Rue du marché;46,1779100000;4,8163060000
202200025786;27;1;2022;16:30;1;01;01363;2;1;1;6;Chemin de la Cour Michelet;46,0296070000;5,3869890000
202200025787;5;10;2022;14:35;1;75;75105;2;3;1;6;RUE SAINT JACQUES;48,8455880000;2,3426810000
202200025788;27;1;2022;06:45;2;01;01151;2;3;4;2;mas pommier;46,0723230000;5,3242550000
202200025789;27;1;2022;07:45;2;70;70542;1;1;5;1;D67;47,3512960000;5,6858860000
202200025790;27;1;2022;10:10;1;14;14091;1;1;1;1;D675;49,2567070000;0,0723120000
202200025791;27;1;2022;17:45;5;60;60513;2;2;8;1;Allee Henri Youf;49,2045720000;2,3679490000
202200025792;5;10;2022;15:45;1;75;75120;2;1;8;6;RUE LIGNER;48,8571830000;2,3973300000
202200025793;22;1;2022;22:15;3;36;36066;1;1;8;6;;46,6662840000;1,1220650000
202200025794;27;1;2022;13:35;1;53;53147;2;6;1;6;RN12;48,3084430000; -0,6231150000
202200025795;27;1;2022;06:55;5;85;85146;2;6;5;3;46 Rue du Colonel Taylor;46,9821960000; -1,3054820000
202200025796;5;10;2022;10:00;1;75;75120;2;4;7;3;AVENUE CARTELLIER;48,8650770000;2,4116330000
202200025797;28;1;2022;07:50;2;28;28331;1;1;5;3;D5;48,3800270000;0,9544800000
202200025798;5;10;2022;08:20;1;75;75117;2;3;1;6;RUE JOUFFROY D ABBANS;48,8854700000;2,3080040000
202200025799;27;1;2022;16:20;1;30;30133;1;1;1;6;D62a;43,5550490000;4,1464810000
202200025800;22;1;2022;13:05;1;95;95295;2;1;1;6;32 Rue Saint-Nicolas;49,1071510000;1,8485140000
202200025801;3;10;2022;22:30;5;75;75116;2;1;1;3;ALLEE DE LONGCHAMP;48,8687780000;2,2540010000
202200025802;11;1;2022;05:45;3;91;91207;1;1;1;4;RN20;48,5836620000;2,2340230000
202200025803;5;10;2022;09:34;1;75;75115;2;4;1;3;BOULEVARD PASTEUR;48,8445830000;2,3115880000
202200025804;28;1;2022;14:50;1;2B;2B042;2;1;1;2;Avenue de Borgo;42,5641910000;9,4410540000
202200025805;5;10;2022;08:30;1;75;75114;2;2;1;3;AVENUE DU GENERAL LECLERC;48,8232330000;2,3255970000
202200025806;27;1;2022;18:30;3;84;84063;1;1;6;1;Nationale 7;44,2848150000;4,6949740000
202200025807;28;1;2022;13:15;1;83;83047;1;1;1;5;463 Avenue de Toulon;43,1428750000;6,0618190000