Num_Acc;jour;mois;an;hrmn;lum;dep;com;agg;int;atm;col;adr;lat;long
202200026054;9;11;2022;15:15;1;69;69275;2;1;8;1;Rue Elisée Reclus;45,7559562116;4,9539273977
202200026055;4;10;2022;07:45;1;78;78090;1;1;5;5;A13;48,9702150000;1,9080930000
202200026056;3;10;2022;23:15;4;93;93053;1;1;1;2;AUTOROUTE A3;48,8800655808;2,4509167671
202200026057;9;11;2022;07:20;1;69;69264;2;3;1;6;Place de la Gare;45,9854649548;4,7209547460
202200026058;5;10;2022;09:00;1;77;77438;1;1;1;7;A104;48,8582307717;2,6654704075
202200026059;4;10;2022;17:10;1;974;97416;2;1;1;2;HUBERT DE LISLE(BOULEVARD); -21,3436900000;55,4699000000
202200026060;9;11;2022;14:10;1;69;69290;2;2;2;3;Rue Gambetta;45,7003000000;4,9378600000
202200026061;4;10;2022;07:45;1;974;97416;1;1;1;3;VERGES (AVENUE LAURENT); -21,2984490000;55,4568070000
202200026062;9;11;2022;07:50;2;69;69259;2;2;3;2;Boulevard Périphérique Laurent Bonnevay;45,7186875428;4,8747915030
202200026063;2;10;2022;15:15;1;974;97411;2;2;1;3;AUBER (RUE JULES); -20,8755890000;55,4518810000
202200026064;9;11;2022;10:53;1;66;66136;2;1;1;5;;42,7065071407;2,8828436136
202200026065;1;10;2022;12:35;1;973;97302;2;3;1;2;BADUEL (ROUTE DE);4,9312400000; -52,3064100000
202200026066;7;11;2022;11:05;1;66;66136;2;1;1;6;Avenue Paul Gauguin;42,7188500000;2,8900200000
202200026067;4;11;2022;20:00;5;62;62617;2;6;1;3;Rue Léon Blum;50,4773910000;2,6775710000
202200026068;2;10;2022;15:00;1;973;97302;2;2;7;5;FELIX EBOUE(ROCADE);4,9310100000; -52,3132600000
202200026069;9;11;2022;12:45;1;60;60057;2;1;1;6;Rue de Clermont;49,4321300000;2,1013500000
202200026070;4;10;2022;15:35;1;69;69383;2;2;1;3;Rue Paul Bert;45,7566500000;4,8683600000
202200026071;9;11;2022;08:00;1;59;59098;1;1;1;3;LINSELLES (RUE DE);50,7625600000;3,0780300000
202200026072;2;10;2022;11:40;1;971;97105;2;4;1;5;GOUVERNEUR DU LYON (AVE);16,0029300000; -61,7387600000
202200026073;4;10;2022;06:25;5;95;95277;2;1;5;6;Av du 12e Rgt de Cuirassiers;48,9842117288;2,4650466442
202200026074;9;11;2022;22:50;5;59;59350;2;3;1;3;MOLINEL RUE DU;50,6321215838;3,0625623465
202200026075;9;11;2022;08:45;1;59;59350;2;9;1;1;LEEDS BOULEVARD;50,6425200000;3,0733400000
202200026076;4;10;2022;06:33;5;87;87085;2;2;1;3;FOUGERAS (RUE DE);45,8688000000;1,2964100000
202200026077;8;11;2022;13:30;1;54;54395;2;3;1;1;CROSNE (RUE DU);48,7082795519;6,1793830991
202200026078;1;10;2022;13:39;1;87;87085;2;1;2;4;REVOLUTION (AVENUE DE LA);45,8222000000;1,2619500000
202200026079;8;11;2022;09:09;1;49;49007;2;1;1;3;ROI RENE BOULEVARD;47,4685000000; -0,5586000000
202200026080;3;10;2022;07:56;5;87;87085;2;1;1;6;SAINTE CLAIRE (RUE);45,8238900000;1,2392000000
202200026081;9;11;2022;08:00;1;43;43157;2;1;2;7;3 Boulevard Saint Louis;45,0421200000;3,8820400000
202200026082;10;11;2022;00:05;3;41;41212;1;6;2;7;PATTE D'OIE (rond point);47,5615990000;1,3732290000
202200026083;4;10;2022;14:23;1;84;84087;1;1;1;1;ROUTE DE ROQUEMAURE;44,0670500000;4,7903200000
202200026084;9;11;2022;15:10;1;37;37261;2;1;1;7;BORDIERS (RUE DES);47,4301921031;0,6729233265
202200026085;9;11;2022;07:25;2;37;37261;2;9;9;2;TONNELLE (BOULEVARD);47,3796200000;0,6680400000
202200026086;4;10;2022;08:20;1;83;83137;2;3;1;3;CUNEO (BD DOCTEUR);43,1071600000;5,9343500000
202200026087;3;10;2022;12:20;1;83;83137;2;1;1;6;CUZIN (AVE FRANCOIS);43,1224730000;5,9447420000
202200026088;9;11;2022;16:40;1;35;35051;1;1;1;3;RN157;48,1140120000; -1,5562820000
202200026089;23;5;2022;10:53;1;31;31557;2;2;8;3;GASCOGNE (AV DE);43,5870700000;1,3450600000
202200026090;4;10;2022;17:35;1;79;79191;2;1;1;6;176 Avenue de la Rochelle;46,3145000000; -0,4754000000
202200026091;9;11;2022;12:10;1;35;35238;2;6;1;3;MUSSAT (AVENUE ANDRE);48,1291100000; -1,6959500000
202200026092;22;5;2022;04:41;3;31;31555;2;1;1;6;SAINT EXUPERY (AV ANTOINE DE ) DU 2AU 23;43,5807380000;1,4780630000
202200026093;4;10;2022;16:45;1;77;77181;2;9;1;6;ROTHSCHILD (RUE DE  );48,8276400000;2,7030800000
202200026094;9;11;2022;18:50;5;33;33063;2;3;2;6;Cours du Médoc;44,8610100000; -0,5700800000
202200026095;21;5;2022;23:33;4;31;31555;1;1;1;2;VA007440 LES MINIMES A620 Sortie 31;43,6189796774;1,4187330008
202200026096;3;10;2022;09:00;1;77;77226;2;4;8;3;D110;48,4369100000;2,8023400000
202200026097;8;4;2022;12:30;1;30;30189;2;3;1;6;GAMEL PIERRE (AVENUE);43,8229300000;4,3644200000
202200026098;8;11;2022;19:00;2;33;33200;2;2;1;1;Avenue Pasteur;44,8744100000; -0,6790400000
202200026099;4;10;2022;07:40;2;77;77070;2;1;5;3;D934;48,7889100000;3,1265900000
202200026100;22;5;2022;19:05;1;28;28134;2;6;1;3;ROND POINT DES FENOTS;48,7407280000;1,3448300000
202200026101;10;11;2022;00:30;5;33;33529;1;1;2;6;CAZAUX (BD DE) DU 01 ET +;44,6153000000; -1,1363100000
202200026102;4;10;2022;16:50;1;76;76540;2;3;1;3;Avenue de la Libération;49,4261200000;1,0691900000
202200026103;9;11;2022;20:15;5;31;31555;1;1;1;5;38 LE CHAPITRE (A64);43,5573900000;1,4127200000
202200026104;4;10;2022;08:30;1;76;76322;1;1;1;5;N338 - Sud 3;49,4120000000;1,0410000000
202200026105;9;11;2022;19:35;5;29;29019;2;2;1;3;place Joseph Goez;48,3860100000; -4,5012200000
202200026106;4;10;2022;09:00;1;76;76540;2;9;1;6;Place Jacques Lelieur;49,4399700000;1,0916200000
202200026107;9;11;2022;15:00;1;27;27681;2;3;1;4;CAPUCINS (AVENUE DES);49,0896600000;1,4679500000
202200026108;4;10;2022;10:00;1;76;76231;2;3;1;2;Rue du Neubourg;49,2799740000;1,0072830000
202200026109;23;5;2022;17:22;1;22;22278;2;9;2;6;71° RI (DU);48,5110600000; -2,7602400000
202200026110;3;10;2022;17:20;1;76;76351;2;2;1;3;GRAVILLE (BD DE);49,4924900000;0,1484400000
202200026111;9;11;2022;17:47;5;27;27229;2;2;1;5;NORMANDIE (BOULEVARD DE);49,0185700000;1,1425100000
202200026112;2;10;2022;03:28;5;76;76447;2;1;1;1;MARECHAL FOCH;49,5403600000;0,1874800000
202200026113;9;11;2022;19:00;2;17;17291;2;2;1;6;10 Rue du Moulin des Justices;46,1722400000; -1,1242300000
202200026114;28;4;2022;18:55;1;19;19272;2;1;1;7;;45,2591309058;1,7517566085
202200026115;3;10;2022;17:40;1;67;67482;2;1;1;1;JOSEPH WEYDMANN (RUE);48,5468500000;7,7576000000
202200026116;2;10;2022;19:00;5;67;67267;2;1;3;6;SCHUMANN (AVENUE);48,5597500000;7,6927000000
202200026117;9;11;2022;07:10;2;13;13071;2;9;8;1;ROUTE NATIONALE 113 - MONTEE DE L'ASSASS;43,4051000000;5,3321000000
202200026118;4;10;2022;07:46;2;66;66136;1;1;1;6;;42,6851860000;2,8547980000
202200026119;8;11;2022;18:50;3;13;13103;1;1;1;5;RN 113;43,6400495923;4,9689949388
202200026120;1;10;2022;20:30;5;66;66136;2;3;1;3;;42,7077370251;2,8863519430
202200026121;9;11;2022;18:30;2;13;13212;2;1;8;5;PEINTRES ROUX (AVENUE DES);43,3115200000;5,4648700000
202200026122;4;10;2022;23:40;5;65;65440;2;2;1;3;ORMEAU (CHEMIN DE L');43,2262000000;0,0766800000
202200026123;23;5;2022;18:05;1;14;14327;2;9;1;3;avenue de la valeuse;49,2003900000; -0,3443300000
202200026124;7;11;2022;11:50;1;13;13201;2;1;1;1;LIEUTAUD (COURS)      2 A 52;43,2945600000;5,3818000000
202200026125;5;10;2022;02:00;3;64;64483;1;1;1;6;Route D 'Ascain;43,3771700000; -1,6376100000
202200026126;9;11;2022;15:25;1;13;13005;2;1;8;6;RN 8;43,2847700000;5,5500200000
202200026127;4;10;2022;06:50;5;60;60175;2;3;5;3;Rue Georges Stephenson;49,2655665343;2,4718408837
202200026128;9;11;2022;07:49;1;11;11069;2;1;1;1;130 Av du Pdt Franklin Roosevelt;43,2239300000;2,3349000000
202200026129;22;5;2022;17:15;1;14;14118;2;3;1;3;7 Rue de Malon;49,2102880000; -0,3778440000
202200026130;4;10;2022;13:55;1;60;60057;2;1;1;4;Avenue de l'Europe;49,4407318472;2,0766443932
202200026131;8;11;2022;04:55;3;11;11069;1;4;1;6;2535 Route de Saint Hilaire;43,1929600000;2,3361100000
202200026132;4;10;2022;13:45;1;59;59152;2;2;1;3;EXUPERY (RUE SAINT);50,7588150000;3,0108080000
202200026133;20;5;2022;22:05;2;14;14271;2;2;1;7;D562A;49,1520410000; -0,3710220000
202200026134;9;11;2022;16:40;1;09;09225;2;1;3;4;MIREPOIX ROUTE DE;43,1025400000;1,6314100000
202200026135;4;10;2022;06:07;5;59;59368;2;6;1;3;PASTEUR CARREFOUR;50,6431400000;3,0729700000
202200026136;9;11;2022;09:40;1;75;75120;2;1;1;4;PORTE DE VINCENNES;48,8500990000;2,4151060000
202200026137;23;5;2022;13:50;1;13;13103;2;3;1;3;AVENUE DE LATTRE DE TASSIGNY-RD 17-;43,6523986116;5,0894079182
202200026138;4;10;2022;08:50;1;59;59143;2;2;1;3;NATIONALE  ( ROUTE);50,6755000000;2,8904700000
202200026139;10;11;2022;08:46;1;75;75106;2;2;1;3;RUE DE TOURNON;48,8514710000;2,3370670000
202200026140;23;5;2022;07:55;1;13;13207;2;1;1;1;CORSE (AVENUE DE LA);43,2889800000;5,3614400000
202200026141;9;11;2022;22:40;5;75;75120;2;1;1;3;RUE PIXERECOURT;48,8743410000;2,3958670000
202200026142;3;10;2022;16:50;1;54;54395;2;3;1;6;BLANDAN (IMPASSE ET RUE DU SGT);48,6813215912;6,1661879718
202200026143;10;11;2022;20:45;5;75;75119;2;2;1;6;AVENUE DE FLANDRE;48,8884810000;2,3738560000
202200026144;23;5;2022;07:50;1;13;13203;2;1;1;3;PARIS (BOULEVARD DE);43,3107292752;5,3697343415
202200026145;3;10;2022;11:50;1;54;54304;2;3;1;3;VOLTAIRE (RUE);48,6824301744;6,1599491537
202200026146;10;11;2022;18:00;5;75;75119;2;2;1;3;RUE PETIT;48,8849870000;2,3832670000
202200026147;21;5;2022;16:25;1;13;13214;2;1;1;1;MORETTI (BOULEVARD);43,3200000000;5,3800000000
202200026148;3;10;2022;08:15;1;54;54395;2;1;1;6;BAZIN (RUE HENRI) + (SENTIER);48,6959900000;6,1913700000
202200026149;10;11;2022;13:40;1;75;75119;2;1;1;3;AVENUE JEAN JAURES;48,8893720000;2,3944260000
202200026150;10;11;2022;10:20;1;75;75119;2;3;1;3;AVENUE JEAN JAURES;48,8847350000;2,3776570000
202200026151;10;11;2022;15:55;1;75;75118;2;3;1;6;RUE DE LA CHAPELLE;48,8908370000;2,3599100000
202200026152;22;5;2022;09:00;1;13;13075;2;1;1;3;L'ENJOLRAS (AVE DE);43,3391989855;5,4539546002
202200026153;4;10;2022;15:08;1;51;51454;2;5;1;3;boulevard Paul Doumer;49,2460700000;4,0306700000
202200026154;10;11;2022;08:30;1;75;75116;2;1;1;2;RUE DU RANELAGH;48,8542890000;2,2751670000
202200026155;20;5;2022;16:52;1;13;13209;2;1;1;3;MICHELET (BOULEVARD);43,2614700000;5,3980100000
202200026156;1;10;2022;14:35;1;50;50129;2;1;1;6;BROSSOLETTE (RUE PIERRE);49,6327700000; -1,5896500000
202200026157;10;11;2022;11:16;1;75;75116;2;1;1;3;AVENUE INGRES;48,8571560000;2,2653810000
202200026158;3;10;2022;16:54;1;49;49007;2;2;1;3;DROITS DE L'HOMME;47,4786700000; -0,5493300000
202200026159;22;5;2022;13:00;1;13;13047;2;1;1;1;BORD DE CRAU CHEMIN DU;43,5202000000;4,9655000000
202200026160;9;11;2022;13:30;1;75;75116;2;1;1;3;AVENUE VICTOR HUGO;48,8722010000;2,2913120000
202200026161;10;11;2022;14:25;1;75;75115;2;1;8;6;RUE OLIVIER DE SERRES;48,8342350000;2,2954340000
202200026162;23;5;2022;14:00;1;10;10362;1;9;1;7;VOIE DES CHARRIERES (CHEMIN);48,2985214748;4,0127027035
202200026163;4;10;2022;12:15;1;45;45232;2;3;1;3;851 Avenue du Loiret;47,8779900000;1,9025800000
202200026164;10;11;2022;09:00;1;75;75115;2;3;1;6;RUE DU COTENTIN;48,8386210000;2,3134590000
202200026165;9;11;2022;11:45;1;75;75115;2;1;1;6;AVENUE DU MAINE;48,8438290000;2,3203630000
202200026166;23;5;2022;13:55;1;09;09225;2;1;1;3;MIREPOIX ROUTE DE;43,1033810000;1,6273260000
202200026167;24;9;2022;01:10;5;42;42218;2;6;3;1;Rue de la Montat;45,4434900000;4,4189400000
202200026168;10;11;2022;19:00;5;75;75114;2;3;1;3;RUE D ALESIA;48,8315510000;2,3153200000
202200026169;22;5;2022;03:15;5;06;06069;1;1;1;6;DRAGUIGNAN (ROUTE DE) - D2562-;43,6450760000;6,8956480000
202200026170;10;11;2022;11:35;1;75;75114;2;1;1;6;RUE DE L OUEST;48,8363350000;2,3198070000
202200026171;4;10;2022;19:38;5;38;38185;2;3;1;3;RUE DES ALLIÉS;45,1724400000;5,7217700000
202200026172;22;5;2022;07:37;1;06;06029;2;1;1;6;MIDI (BOULEVARD DU);43,5490000000;6,9900800000
202200026173;10;11;2022;13:20;1;75;75112;2;2;1;3;BOULEVARD DE LA BASTILLE;48,8514690000;2,3691960000
202200026174;10;11;2022;08:35;1;75;75104;2;1;1;3;RUE SAINT ANTOINE;48,8538840000;2,3651400000
202200026175;4;10;2022;09:50;1;37;37122;1;9;1;3;VIEILLE CARTE (ROUTE DE);47,3345100000;0,6259900000
202200026176;22;4;2022;16:15;1;05;05061;2;3;1;6;MESSIDOR ( RUE );44,5697500000;6,0791300000
202200026177;10;11;2022;01:38;5;75;75104;2;2;1;3;QUAI HENRI IV;48,8508150000;2,3614260000
202200026178;4;10;2022;13:20;1;34;34172;2;3;1;3;527 Avenue Saint Clément;43,6179900000;3,8440700000
202200026179;8;5;2022;14:10;1;05;05061;2;6;1;3;Avenue de Veynes;44,5579100000;6,0687000000
202200026180;9;11;2022;14:25;1;75;75102;2;7;1;3;PLACE DE L OPERA;48,8704700000;2,3325990000
202200026181;3;10;2022;16:15;1;34;34032;2;1;1;3;Parking Conforama;43,3449600000;3,2397500000
202200026182;9;11;2022;10:20;1;75;75103;2;3;1;3;RUE DE TURENNE;48,8588180000;2,3645120000
202200026183;22;5;2022;04:33;5;03;03185;2;6;1;6;Quai de la Libération M. Leclerc;46,3390400000;2,5925000000
202200026184;4;10;2022;08:40;2;33;33249;2;1;7;2;Rue Cantelaudette;44,8776632916; -0,5133359134
202200026185;9;11;2022;09:20;1;75;75102;2;2;1;7;BOULEVARD DE SEBASTOPOL;48,8670300000;2,3529900000
202200026186;23;5;2022;10:35;1;75;75116;2;1;2;3;BD PERIPHERIQUE INTERIEUR;48,8396351781;2,2541465610
202200026187;3;10;2022;22:28;3;33;33063;2;3;1;3;Rue d'Audenge;44,8282783458; -0,5841864645
202200026188;9;11;2022;08:35;1;75;75104;2;2;1;3;PONT AU CHANGE;48,8572320000;2,3471210000
202200026189;22;5;2022;03:50;5;75;75117;2;1;1;3;BD PERIPHERIQUE INTERIEUR;48,8826120000;2,2834970000
202200026190;2;11;2022;12:38;1;94;94081;2;1;1;4;Quai Jules Guesde;48,7986600000;2,4145500000
202200026191;4;10;2022;22:35;5;31;31555;2;2;1;1;AV JEAN RIEUX;43,5983100000;1,4568100000
202200026192;29;10;2022;11:15;1;94;94081;2;1;1;6;ABBE ROGER DERRY (AV DE L);48,7898500000;2,3903400000
202200026193;21;5;2022;12:40;1;75;75117;2;4;1;2;BD PERIPHERIQUE EXTERIEUR;48,9006612893;2,3239792138
202200026194;4;10;2022;07:50;1;31;31555;2;1;1;3;ECHANGEUR SESQUIERES (A62-A620);43,6480100000;1,4220000000
202200026195;10;11;2022;09:10;1;94;94080;2;2;5;3;LAGNY (R DE);48,8490000000;2,4232300000
202200026196;2;10;2022;14:35;1;31;31555;2;1;1;6;ALBI (RTE D) DU 1AU 243;43,6357040000;1,4640120000
202200026197;7;11;2022;20:00;5;94;94067;2;1;1;2;GENERAL LECLERC (CENTRE (PL DU);48,8446470000;2,4175680000
202200026198;23;5;2022;19:55;1;75;75106;2;2;1;3;BOULEVARD SAINT GERMAIN;48,8528910000;2,3370050000
202200026199;7;11;2022;18:57;3;94;94067;2;1;1;1;GALLIENI (AV);48,8469600000;2,4174400000
202200026200;4;10;2022;08:40;1;29;29232;2;1;1;3;D785;47,9814700000; -4,1203200000
202200026201;10;11;2022;18:10;5;94;94052;2;9;1;6;ALBERT 1ER (BD);48,8333600000;2,4929500000
202200026202;23;5;2022;15:07;1;75;75119;2;4;2;3;QUAI DE LA GIRONDE;48,8936750000;2,3848990000
202200026203;4;10;2022;12:25;1;29;29019;2;3;1;3;rue de Gouesnou;48,4244235566; -4,4670586287
202200026204;10;11;2022;14:00;1;94;94041;2;1;1;6;GAGNEE (R);48,8025200000;2,3814100000
202200026205;10;11;2022;19:40;3;94;94073;1;1;1;7;RN 186;48,7534670000;2,3742590000
202200026206;4;10;2022;13:35;1;27;27299;2;1;1;1;BRIAND (AVENUE ARISTIDE);49,0450180519;1,1610102654
202200026207;9;11;2022;08:15;1;94;94065;1;1;1;3;RN 186;48,7537500000;2,3596000000
202200026208;23;5;2022;08:35;1;75;75119;2;2;1;6;RUE DE MOUZAIA;48,8801414293;2,3919745535
202200026209;8;11;2022;17:15;2;94;94033;2;1;8;1;Rue Nungesser;48,8516200000;2,4484000000
202200026210;4;10;2022;09:00;1;27;27229;2;1;1;3;GAMBETTA (BOULEVARD);49,0189000000;1,1469100000
202200026211;22;5;2022;16:11;1;75;75119;2;2;1;3;AVENUE DE FLANDRE;48,8943240000;2,3817200000
202200026212;10;11;2022;07:20;2;94;94018;2;2;1;3;Quai des Carrieres / Rue du Pont;48,8178201643;2,4195443094
202200026213;3;10;2022;13:40;1;27;27229;2;1;8;3;Route de Paris;49,0156200000;1,1791300000
202200026214;22;5;2022;05:37;1;75;75119;2;1;1;6;BOULEVARD DE LA VILLETTE;48,8771440000;2,3713310000
202200026215;8;11;2022;20:45;5;94;94017;2;1;1;7;232 Avenue du Général de Gaulle;48,8266500000;2,5067200000
202200026216;9;11;2022;08:55;1;94;94017;2;1;1;3;279 Avenue du Général de Gaulle;48,8272700000;2,5153700000
202200026217;4;10;2022;21:30;3;26;26004;1;1;1;2;L.A.C.R.A. (RN532);45,0016800000;5,0047500000
202200026218;23;5;2022;17:20;1;75;75117;2;5;1;3;RUE DE ROME;48,8873506316;2,3141281307
202200026219;10;11;2022;21:10;5;94;94002;2;3;1;3;CARNOT (BD)/ Cours Beethoven;48,7963100000;2,4289100000
202200026220;4;10;2022;14:10;1;25;25056;2;1;1;2;ORATOIRE RUE DE L';47,2330190000;5,9873950000
202200026221;10;11;2022;19:20;5;94;94046;2;1;1;3;92 REPUBLIQUE (AV DE LA);48,8051699100;2,4395522475
202200026222;22;5;2022;13:30;1;75;75117;2;2;1;3;RUE TRUFFAUT;48,8857474353;2,3216436803
202200026223;10;11;2022;10:35;1;93;93062;2;1;1;3;41 Avenue Thiers;48,8990639271;2,5181812048
202200026224;3;10;2022;17:00;1;25;25056;1;1;1;4;GRAY ROUTE DE;47,2495800000;5,9754100000
202200026225;10;11;2022;21:46;5;93;93048;2;2;1;3;Boulevard Henri Barbusse / Rue des Graviers;48,8713300000;2,4397300000
202200026226;10;11;2022;21:10;4;93;93048;2;1;1;6;Place du Général de Gaulle;48,8683400000;2,4331500000
202200026227;3;10;2022;17:40;1;22;22278;2;1;1;3;JERSEY (DE);48,5144500000; -2,7994600000
202200026228;22;5;2022;04:05;5;75;75108;2;2;1;3;AVENUE MONTAIGNE;48,8670160000;2,3063160000
202200026229;10;11;2022;16:15;1;93;93048;2;1;1;6;Avenue Jean Moulin;48,8601132698;2,4512666669
202200026230;4;10;2022;07:45;2;16;16113;1;1;5;1;CHATEAUNEUF RD 699 (ROUTE DE);45,6360900000;0,0876200000
202200026231;10;11;2022;14:00;1;93;93007;2;1;1;6;Rue d’Altrincham Sandwell;48,9477770000;2,4486140000
202200026232;21;5;2022;20:00;1;75;75117;2;3;1;3;RUE CARDINET;48,8890970000;2,3161270000
202200026233;4;10;2022;19:50;5;13;13213;2;1;1;1;VALLON VERT (CHEMIN DU);43,3348400000;5,4511500000
202200026234;10;11;2022;08:15;1;93;93071;2;1;1;6;Rue Charles Conrad;48,9481660000;2,5238690000
202200026235;4;10;2022;10:30;1;13;13212;2;6;1;5;SAINT JEAN DU DESERT (chemin);43,2988119275;5,4367004458
202200026236;10;11;2022;08:50;1;92;92044;2;3;1;6;LORRAINE (RUE DE);48,8937205508;2,2978058159
202200026237;21;5;2022;01:40;5;75;75117;2;3;1;3;AVENUE DE CLICHY;48,8918930359;2,3179247975
202200026238;10;11;2022;14:45;1;71;71381;1;1;1;3;D980;46,5277970000;4,5743520000
202200026239;4;10;2022;07:40;1;13;13005;2;3;1;3;RD 43 C;43,3056200000;5,5922000000
202200026240;23;5;2022;12:00;1;75;75116;2;7;2;3;Place de Barcelone;48,8474282815;2,2737126052
202200026241;10;11;2022;17:15;1;33;33327;2;3;1;3;Cours du Maréchal Foch;44,6519250000; -0,3574100000
202200026242;3;10;2022;07:40;1;13;13005;2;4;1;3;SOLLANS (CHEMIN DES);43,3134100000;5,5723600000
202200026243;9;11;2022;08:00;1;972;97227;2;3;1;6;D18;14,4680780000; -60,9216440000
202200026244;21;5;2022;05:30;5;75;75116;2;2;1;3;QUAI LOUIS BLERIOT;48,8445105331;2,2718967497
202200026245;10;11;2022;18:00;2;46;46217;1;5;1;3;RD 820;44,3335030000;1,4649050000
202200026246;23;5;2022;07:25;1;75;75107;2;3;1;7;QUAI VOLTAIRE;48,8592610000;2,3302290000
202200026247;10;11;2022;20:20;3;22;22135;1;4;1;3;D31;48,5619680000; -3,3350690000
202200026248;3;10;2022;12:10;1;12;12145;2;1;1;2;Avenue Pierre Semard;44,1029500000;3,0765200000
202200026249;21;5;2022;18:45;1;75;75114;2;1;1;3;RUE DIDOT;48,8333916419;2,3212185502
202200026250;11;11;2022;04:15;3;35;35024;1;6;8;7;D175;48,1882800000; -1,6237060000
202200026251;3;10;2022;11:35;1;11;11262;2;1;1;6;Place Thérèse Leon Blum;43,1877227659;3,0086169447
202200026252;10;11;2022;17:40;1;76;76503;1;1;1;1;Route d'Eslettes;49,5413630000;1,0109140000
202200026253;21;5;2022;14:50;1;75;75114;2;2;1;7;AVENUE REILLE;48,8242490000;2,3363010000
202200026254;3;10;2022;08:40;1;11;11069;1;1;1;6;;43,2379000000;2,3734000000
202200026255;10;11;2022;10:20;1;82;82112;2;2;1;3;11 Boulevard Lakanal;44,1030610000;1,0822660000
202200026256;1;10;2022;04:20;3;11;11069;2;9;1;6;Route de Limoux;43,1971100000;2,3231000000
202200026257;8;11;2022;15:30;1;33;33036;2;1;1;6;Rue du Palais de Justice;44,4327760000; -0,2140940000
202200026258;21;5;2022;17:30;1;75;75105;2;3;1;3;BOULEVARD SAINT MARCEL;48,8376330000;2,3543860000
202200026259;11;11;2022;09:45;1;81;81128;1;1;1;3;RD 58;43,6423312053;2,3192591965
202200026260;3;10;2022;21:05;5;10;10387;2;7;1;3;QUATORZE JUILLET (RUE DU);48,2951100000;4,0805700000
202200026261;11;11;2022;10:50;1;32;32079;1;1;5;6;D43;43,9255240000;0,0899930000
202200026262;23;5;2022;13:25;1;75;75112;2;3;3;3;BOULEVARD DIDEROT;48,8471493994;2,3850148916
202200026263;11;11;2022;02:50;3;61;61079;1;1;1;6;Chatary;48,2238510000;0,7254730000
202200026264;4;10;2022;07:50;1;06;06069;2;1;1;2;ORME (CHEMIN DE L');43,6504100000;6,9448400000
202200026265;23;5;2022;10:58;1;75;75112;2;1;8;6;RUE JEAN BOUTON;48,8458160000;2,3763470000
202200026266;3;10;2022;16:50;1;06;06029;2;1;1;6;DIX HUIT JUIN (PLACE DU);43,5542600000;7,0194300000
202200026267;11;11;2022;14:40;1;12;12246;1;3;1;3;D963;44,6280650000;2,2469720000
202200026268;23;5;2022;10:13;1;75;75112;2;2;2;6;RUE DE WATTIGNIES;48,8351780000;2,3987720000
202200026269;4;10;2022;14:55;1;05;05061;2;1;1;2;Cours Ladoucette;44,5619000000;6,0834700000
202200026270;1;11;2022;11:30;1;41;41152;1;1;1;1;Rue Edouard Payen;47,5524580000;1,7328840000
202200026271;23;5;2022;23:35;5;75;75111;2;4;2;6;BOULEVARD RICHARD LENOIR;48,8600728346;2,3725774884
202200026272;9;11;2022;21:30;3;86;86293;2;1;5;6;D742;46,4186700000;0,2420000000
202200026273;4;10;2022;15:40;1;04;04112;2;1;1;2;GIONO (AV. J.);43,8270200000;5,7869900000
202200026274;10;11;2022;15:45;1;68;68090;1;1;8;6;D473;47,4975030000;7,3215080000
202200026275;22;5;2022;14:10;1;75;75111;2;1;8;6;BOULEVARD DE MENILMONTANT;48,8594390000;2,3889400000
202200026276;4;10;2022;09:15;1;04;04112;2;1;1;6;GIONO (AV. J.);43,8315800000;5,7840700000
202200026277;22;10;2022;08:05;1;31;31182;2;1;1;2;Route de Paris;43,6903430000;1,4038680000
202200026278;23;5;2022;11:50;1;75;75110;2;1;2;6;RUE DE LA GRANGE AUX BELLES;48,8773840000;2,3697410000
202200026279;3;10;2022;16:45;1;04;04070;2;1;1;7;NOEL (AV. DU COL.);44,0841300000;6,2057300000
202200026280;10;11;2022;10:05;1;38;38126;2;3;1;3;Avenue du Grésivaudan;45,2092860000;5,7599780000
202200026281;23;5;2022;08:20;1;75;75110;2;3;8;3;RUE RENE BOULANGER;48,8686160000;2,3598440000
202200026282;4;10;2022;06:05;3;02;02165;1;6;5;6;;49,6452600000;3,3948400000
202200026283;10;11;2022;14:30;1;15;15141;1;2;1;1;N122;45,1256143793;2,9421633482
202200026284;11;11;2022;11:40;1;15;15221;1;2;1;3;Route des Bessades;44,8903300000;2,3752890000
202200026285;11;11;2022;00:50;3;60;60664;1;1;8;6;D1001;49,6013650000;2,2825170000
202200026286;23;5;2022;17:05;1;75;75109;2;3;1;6;RUE SAINT LAZARE;48,8757814213;2,3285154998
202200026287;11;11;2022;11:00;1;64;64095;2;1;1;5;chemin castagnet;43,4101100000; -0,2765200000
202200026288;11;11;2022;05:20;3;21;21361;1;1;5;6;D959;47,4936100000;5,2092470000
202200026289;19;5;2022;21:30;2;75;75101;2;2;1;3;PLACE VENDOME;48,8683180000;2,3302830000
202200026290;9;11;2022;15:09;1;21;21274;1;2;2;3;D17;47,1239950000;4,5444910000
202200026291;11;11;2022;07:40;2;40;40310;1;1;1;7;D17;43,7173960000; -1,2563900000
202200026292;23;5;2022;06:30;1;75;75108;2;2;2;2;BOULEVARD MALESHERBES;48,8783957078;2,3155456781
202200026293;11;11;2022;02:45;3;30;30019;1;1;8;6;D142;43,7510940000;4,1614900000
202200026294;10;11;2022;22:00;3;48;48027;1;1;1;6;D6;44,5687340000;3,8612220000
202200026295;22;5;2022;20:30;1;75;75108;2;1;1;6;RUE SAINT LAZARE;48,8754270000;2,3253970000
202200026296;10;11;2022;03:45;3;88;88375;1;1;2;7;Rue de la Mairie;48,2535300000;7,0587320000