Num_Acc;jour;mois;an;hrmn;lum;dep;com;agg;int;atm;col;adr;lat;long
202200026297;21;5;2022;22:15;5;75;75107;2;7;1;3;PLACE DE LA RESISTANCE;48,8624500000;2,3018160000
202200026298;7;11;2022;18:30;2;31;31424;2;1;1;1;Rue des Mésanges;43,5531440000;1,3105270000
202200026299;23;5;2022;09:45;1;75;75104;2;1;2;6;RUE DES JARDINS SAINT PAUL;48,8536150000;2,3607770000
202200026300;11;11;2022;03:10;3;34;34159;1;1;1;3;RD 612 Ph 10+600;43,5086350000;3,7975570000
202200026301;11;11;2022;11:45;1;06;06085;2;3;1;1;369 Chemin de la Grande Bastide;43,5901690000;6,9904970000
202200026302;23;5;2022;07:50;1;75;75104;2;3;2;3;BOULEVARD DE SEBASTOPOL;48,8600716582;2,3490746319
202200026303;6;11;2022;07:30;2;33;33122;1;1;1;2;A63;44,7039400000; -0,7552190000
202200026304;22;5;2022;21:35;2;94;94067;2;2;1;3;Avenue Daumesnil;48,8349900000;2,4198200000
202200026305;11;11;2022;01:50;5;987;98715;2;1;1;6;PK 2.800 RDO; -17,5487280000; -149,5882130000
202200026306;10;11;2022;23:30;3;13;13081;1;1;1;2;A7 PK 253+000 Sens Marseille - Lyon;43,4982930000;5,2393630000
202200026307;23;5;2022;09:08;1;94;94044;2;2;8;3;Rue Georges Clémenceau;48,7443500000;2,4756400000
202200026308;10;11;2022;16:20;1;29;29147;1;1;1;1;Pole d’Activites Kervidanou 2;47,8684770000; -3,5933070000
202200026309;4;10;2022;17:00;1;91;91338;2;1;1;7;Rue de Chartres;48,6468940000;2,0691260000
202200026310;23;5;2022;23:00;5;94;94076;2;1;2;2;19 Avenue de Stalingrad;48,7873900000;2,3673500000
202200026311;10;11;2022;22:45;3;30;30042;1;1;1;1;D910a;44,0574110000;4,0026390000
202200026312;11;11;2022;07:30;2;13;13007;1;1;1;3;D560;43,3675870000;5,6455240000
202200026313;22;5;2022;16:05;1;94;94003;2;6;1;3;VACHE NOIRE (LA);48,8103200000;2,3269500000
202200026314;18;9;2022;09:30;1;55;55252;2;2;1;3;D643;49,4735340000;5,3874310000
202200026315;22;5;2022;07:50;1;94;94041;2;1;1;2;MOLIERE (R);48,8175400000;2,3912500000
202200026316;10;11;2022;20:40;3;44;44209;1;1;1;3;286 Route du télégraphe;47,2801600000; -1,5995100000
202200026317;12;9;2022;12:00;1;974;97416;2;1;1;6;BANK (BOULEVARD); -21,3307950000;55,4752500000
202200026318;11;11;2022;18:20;5;01;01043;2;1;1;7;route de genève;45,8381880000;5,0105170000
202200026319;23;5;2022;11:16;1;94;94021;2;1;2;6;Avenue Charles Lindbergh;48,7575400000;2,3445800000
202200026320;10;11;2022;16:28;1;64;64131;1;6;1;2;avenue marcel paul;43,4664700000; -0,7503960000
202200026321;22;10;2022;01:58;3;33;33138;2;9;1;6;Eygreteau Sud;45,0358300873; -0,1004618034
202200026322;22;5;2022;14:20;1;94;94059;2;2;1;1;Avenue Clara / Avenue Champion;48,8063200000;2,5609500000
202200026323;10;11;2022;11:30;1;49;49201;2;2;1;3;Rue des Plantagenets;47,4060390000; -0,2645570000
202200026324;11;11;2022;06:45;3;60;60341;2;1;1;6;Route de Paris;49,0918610000;2,7430490000
202200026325;22;5;2022;18:00;1;93;93070;2;1;1;1;Rue Emmy Noether;48,9030100000;2,3224700000
202200026326;11;11;2022;04:51;3;59;59053;1;1;1;6;D649;50,2998840000;3,8098790000
202200026327;21;5;2022;22:45;5;93;93064;2;1;1;3;Boulevard Gabriel Péri;48,8773500000;2,4769400000
202200026328;10;11;2022;17:00;1;13;13028;1;1;1;2;A50;43,1926700000;5,6761800000
202200026329;22;5;2022;18:05;1;93;93055;2;9;1;6;Quai de l’Aisne;48,8951787175;2,4074365496
202200026330;10;11;2022;14:30;1;38;38544;1;1;1;4;A7   25.770 A 27.460;45,5439500000;4,8432400000
202200026331;23;5;2022;10:45;1;93;93053;2;1;2;6;Avenue de Strasbourg;48,8957400000;2,4701100000
202200026332;10;11;2022;19:35;3;33;33550;1;1;1;4;AUTOROUTE A 62;44,7746400000; -0,5566800000
202200026333;22;5;2022;15:50;1;93;93048;2;2;1;3;Rue Marcellin Berthelot / Rue de Vincennes;48,8564800000;2,4372400000
202200026334;10;11;2022;18:30;4;33;33143;1;1;1;2;AUTOROUTE A 10;44,9602900000; -0,4450500000
202200026335;21;5;2022;23:00;5;93;93006;2;1;1;6;Avenue Pasteur;48,8762355061;2,4240370095
202200026336;9;11;2022;12:57;1;33;33039;1;1;1;2;ROCADE A 631;44,8066600000; -0,5319200000
202200026337;10;11;2022;19:10;5;94;94043;1;1;1;3;AUTOROUTE A6B;48,8124604109;2,3530845903
202200026338;23;5;2022;09:40;1;93;93027;2;2;1;6;Avenue Jean Jaurès / Rue Raspail;48,9255500000;2,3971500000
202200026339;21;5;2022;23:30;5;93;93074;2;2;1;3;Rue Henri IV / Rue de Sully;48,9349100000;2,5747600000
202200026340;10;11;2022;20:25;3;94;94021;1;1;1;3;AUTOROUTE A6A;48,7698338899;2,3452681927
202200026341;22;5;2022;14:20;1;93;93008;2;1;1;4;Avenue Paul Vaillant - Couturier;48,9084020000;2,4518880000
202200026342;10;11;2022;08:44;1;91;91617;1;1;1;3;RN 104;48,6314400000;2,5123900000
202200026343;22;5;2022;20:20;1;93;93005;2;2;1;1;Rue du Sausset / Rue Maximilien de Robespierre;48,9448000000;2,4972800000
202200026344;23;7;2022;01:00;5;88;88160;2;1;1;7;CHAUD COTE (RUE DU);48,1453400000;6,4544800000
202200026345;22;7;2022;08:50;1;85;85191;2;6;2;3;RD763;46,6988400000; -1,4299700000
202200026346;22;5;2022;20:30;1;93;93005;2;2;1;5;GARE DE L'ABBAYE (AVENUE DE LA);48,9238830000;2,5137780000
202200026347;21;7;2022;12:00;1;80;80021;2;3;1;6;ALLART (RUE);49,8911800000;2,3005200000
202200026348;23;5;2022;13:30;1;92;92064;2;3;3;7;PASTEUR;48,8415775804;2,1991734803
202200026349;22;7;2022;07:55;1;78;78396;2;1;1;3;JULES REIN (RUE);48,9323000000;2,1291000000
202200026350;22;7;2022;22:50;5;78;78005;2;3;2;6;STALINGRAD (AVENUE DE);48,9608400000;2,0687100000
202200026351;23;5;2022;08:55;1;92;92033;2;9;2;3;SUISSES;48,8536600000;2,1967000000
202200026352;22;7;2022;16:20;1;76;76498;2;2;1;6;Rue Pierre Corneille;49,4270200000;1,0524900000
202200026353;22;7;2022;07:00;1;76;76319;1;1;1;3;N138 - Sud 3;49,3609879030;1,0355953410
202200026354;22;5;2022;12:00;1;92;92064;2;1;1;2;ST CLOUD;48,8414618222;2,2225632817
202200026355;22;5;2022;11:20;1;92;92063;2;2;1;6;CHATEAU (RUE DU);48,8761684719;2,1805910021
202200026356;20;7;2022;20:35;1;76;76351;2;4;1;4;VERDUN (RUE DE);49,5022400000;0,1867400000
202200026357;22;7;2022;15:25;1;71;71309;2;1;1;1;23 Rue d’Autun;46,7924430000;4,3888680000
202200026358;23;5;2022;09:30;1;92;92063;2;1;2;3;DIX-HUIT JUIN 1940 (AVENUE DU) EST;48,8678926338;2,1943446994
202200026359;23;5;2022;00:25;5;92;92051;2;1;2;3;GENERAL LECLERC (BOULEVARD DU N° 29 A 65;48,8906443566;2,2615990788
202200026360;21;7;2022;09:45;1;67;67482;2;3;1;3;SCHIRMECK (ROUTE DE);48,5617200000;7,6953800000
202200026361;23;5;2022;11:40;1;92;92049;2;1;2;3;BROSSOLETTE AVENUE PIERRE;48,8174378136;2,3075678498
202200026362;21;7;2022;10:37;1;66;66136;2;1;1;4;ARGELES SUR MER AVENUE D';42,6819800000;2,9103100000
202200026363;23;5;2022;10:55;1;92;92040;2;1;2;6;EREVAN (D');48,8188405857;2,2608165443
202200026364;13;12;2022;13:55;1;29;29019;2;8;1;6;rue Saint-Martin;48,3945900000; -4,4792000000
202200026365;22;7;2022;17:30;1;64;64129;2;1;1;2;BAYONNE DE;43,3050300000; -0,4018700000
202200026366;23;5;2022;18:45;1;92;92026;2;9;2;2;ALMA;48,8967900000;2,2553800000
202200026367;13;12;2022;07:30;3;17;17415;1;1;9;5;N141;45,7341090000; -0,6107150000
202200026368;23;7;2022;01:15;4;64;64024;2;1;1;6;BAYONNE (AVENUE DE);43,4817683596; -1,5093326569
202200026369;23;5;2022;11:24;1;92;92026;2;6;1;1;EUROPE (ROND POINT DE L');48,9051860880;2,2558118105
202200026370;13;12;2022;19:17;5;17;17300;2;1;1;3;BRIAND   AVENUE ARISTIDE;46,1644200000; -1,1647900000
202200026371;21;7;2022;05:40;2;59;59328;2;1;1;3;BOIS RUE DU;50,6472336603;3,0427801607
202200026372;23;5;2022;08:30;1;92;92024;2;1;2;2;JEAN JAURES (BD) DE 47 A 109)   (56 A 14;48,9040668128;2,3029245436
202200026373;12;12;2022;13:04;1;04;04070;2;6;1;6;MARSEILLE (RTE DE);44,0720600000;6,1800500000
202200026374;21;7;2022;11:35;1;57;57672;2;1;1;2;ALLIES (PONT DES);49,3567323832;6,1694325453
202200026375;22;5;2022;22:05;5;92;92024;2;1;1;2;MARTRE (RUE) DE (111 A 119)   (122 A 144;48,9068120646;2,3026315123
202200026376;7;12;2022;17:38;1;63;63113;2;5;1;6;Rue des salins /JAURES (BD JEAN);45,7690492650;3,0776135623
202200026377;21;6;2022;18:05;1;91;91228;2;1;1;6;RUE DU PLESSIS BRIARD;48,6330100000;2,4085500000
202200026378;9;5;2022;15:50;1;92;92078;2;9;1;3;CHARLES DE GAULLE (BD) (71 AU 153);48,9426900000;2,3184700000
202200026379;21;7;2022;10:11;1;54;54371;2;2;1;3;PASTEUR (RUE);49,2060110000;5,9479110000
202200026380;23;5;2022;17:35;1;92;92012;2;1;2;6;GALLIENI (RUE) 55/157 - 50/140;48,8371570000;2,2444390000
202200026381;17;6;2022;09:35;1;91;91174;2;1;1;6;RUE DE LA NACELLE;48,5959500000;2,4610000000
202200026382;23;7;2022;00:25;5;51;51573;2;1;1;7;Rue Nicolas Appert;49,2382685628;3,9836838841
202200026383;17;6;2022;06:55;1;91;91174;2;1;1;2;BD JEAN JAURES;48,6187600000;2,4532200000
202200026384;23;5;2022;14:10;1;92;92012;2;2;2;3;REPUBLIQUE (BOULEVARD DE LA) 5/77BIS - 6;48,8320825749;2,2530775666
202200026385;21;7;2022;13:00;1;50;50129;2;1;1;3;MARINE (RUE DE LA);49,6414800000; -1,6221200000
202200026386;14;6;2022;19:15;1;91;91174;2;1;1;5;BD JOHN KENNEDY;48,5848200000;2,4767000000
202200026387;22;7;2022;10:56;1;49;49007;2;2;1;3;DOYENNE BOULEVARD ET PASSAGE;47,4869800000; -0,5392200000
202200026388;22;5;2022;04:00;5;92;92012;2;3;1;3;REINE (ROUTE DE LA) 1/37- 6/80;48,8386708337;2,2517580539
202200026389;13;6;2022;19:40;1;91;91521;2;1;1;1;AV PAUL LANGEVIN;48,6447600000;2,3961100000
202200026390;20;7;2022;17:45;1;40;40281;2;1;1;2;KENNEDY (AV DU PDT. JOHN FIDGERALD);43,8709400000; -0,4903800000
202200026391;23;5;2022;08:45;1;92;92009;2;1;1;4;CHARLES-DE-GAULLE ( AVENUE );48,9178540031;2,2744038104
202200026392;24;6;2022;10:35;1;62;62498;2;9;1;7;Avenue Alfred Van Pelt;50,4282580935;2,8335683495
202200026393;22;7;2022;10:07;1;37;37208;2;1;1;4;ANDRE (AVENUE);47,3684300000;0,7311800000
202200026394;14;12;2022;18:00;1;974;97416;2;3;1;3;MITTERAND (AVENUE DU PDT); -21,3429700000;55,4812900000
202200026395;21;5;2022;12:27;1;92;92036;2;1;1;3;BAS ( RUE DES );48,9188307316;2,2906920612
202200026396;21;7;2022;16:40;1;34;34032;2;1;1;7;JACOB MAX (RUE);43,3438600000;3,2578600000
202200026397;14;12;2022;07:35;1;974;97411;2;1;1;6;JAURES (BOULEVARD JEAN); -20,8899800000;55,4619500000
202200026398;22;7;2022;03:20;5;33;33522;2;1;1;7;Cours du Maréchal Gallieni;44,8189300000; -0,6006900000
202200026399;21;5;2022;02:20;5;92;92009;2;1;1;3;CHEVREUL ( AVENUE );48,9089129166;2,2654117048
202200026400;22;7;2022;08:45;1;31;31555;2;1;1;3;AV JEAN CHAUBET;43,6042500000;1,4744000000
202200026401;13;12;2022;20:15;5;973;97302;2;1;1;6;MONTABO (ROUTE DE) 2;4,9373000000; -52,2980800000
202200026402;23;5;2022;18:10;1;13;13202;1;1;1;2;A55-Sens Marseille vers Martigues;43,3324570367;5,3542906039
202200026403;22;7;2022;11:00;1;26;26198;2;1;1;3;DE GAULLE (Boulevard Général);44,5569480000;4,7480460000
202200026404;14;12;2022;08:20;1;69;69388;2;2;8;3;Avenue des Frères Lumière;45,7430300000;4,8768600000
202200026405;14;12;2022;23:24;3;2A;2A004;1;1;1;7;T20;41,9350000000;8,8028000000
202200026406;22;7;2022;21:50;5;13;13201;2;2;1;3;CANEBIERE    30 A 68;43,2969400000;5,3794000000
202200026407;21;7;2022;15:25;1;13;13205;2;1;1;1;SAINT PIERRE (RUE);43,2917200000;5,4093000000
202200026408;29;4;2022;14:58;1;83;83144;1;1;1;4;A57;43,1413333160;6,0035941600
202200026409;14;12;2022;11:11;1;2A;2A004;2;1;1;4;PRINCE IMPERIAL COURS;41,9341800000;8,7469000000
202200026410;21;7;2022;12:05;1;13;13206;2;9;1;1;LIEUTAUD (COURS)      2 A 52;43,2884000000;5,3844400000
202200026411;20;5;2022;12:30;1;59;59009;1;1;1;6;AUTOROUTE A22;50,6496464249;3,1396785378
202200026412;13;12;2022;07:05;5;95;95203;2;1;1;6;RUE DU GENERAL LECLERC;48,9848900052;2,2725123167
202200026413;21;7;2022;23:30;4;06;06123;2;1;1;2;NAPOLEON III (PONT);43,6638100000;7,1986700000
202200026414;10;12;2022;06:15;5;91;91223;2;1;8;7;PONT SAINT JEAN (RUE DU);48,4327600000;2,1501400000
202200026415;22;7;2022;13:05;1;06;06030;2;1;1;3;CAMPON (RUE;43,5707000000;7,0153600000
202200026416;17;5;2022;13:06;1;59;59080;1;1;1;2;AUTOROUTE A23;50,4566479217;3,2816290855
202200026417;13;12;2022;16:06;1;87;87065;2;1;1;3;CHANTECAILLE (RUE DE );45,7993500000;1,3582600000
202200026418;19;7;2022;09:20;1;05;05061;2;1;1;2;PROVENCE (AVENUE DE);44,5393600000;6,0556500000
202200026419;23;5;2022;20:00;2;91;91553;1;1;1;4;RN 104;48,6267400000;2,4759400000
202200026420;12;12;2022;18:23;5;87;87085;2;3;1;6;MAUVENDIERE (IMPASSE ET RUE DE LA);45,8335800000;1,2475500000
202200026421;20;7;2022;15:10;1;02;02408;1;1;3;1;;49,5525900000;3,6254700000
202200026422;23;5;2022;14:00;1;91;91521;1;1;3;4;AUTOROUTE A6;48,6428600000;2,3914900000
202200026423;12;12;2022;19:11;5;87;87085;2;1;1;6;CROUZILLOUX (RUE DES);45,8848400000;1,2973100000
202200026424;22;7;2022;12:00;1;01;01053;2;1;1;6;Rue des Dîmes;46,2073090000;5,2422810000
202200026425;23;5;2022;07:50;1;91;91174;1;1;1;3;RN 104;48,6235900000;2,4669700000
202200026426;13;12;2022;18:00;5;85;85194;2;1;1;6;VERDUN (RUE DE);46,4971500000; -1,7773200000
202200026427;22;7;2022;19:25;1;75;75120;2;1;8;4;PORTE DE BAGNOLET;48,8696430000;2,4132670000
202200026428;21;5;2022;16:30;1;93;93006;1;1;1;2;AUTOROUTE A3;48,8657500000;2,4212800000
202200026429;22;7;2022;08:50;1;75;75112;2;1;1;7;ECHANGEUR BERCY;48,8271410000;2,3910300000
202200026430;27;11;2022;19:17;5;84;84007;2;3;1;1;CROIX ROUGE( Avenue de la );43,9303100000;4,8311800000
202200026431;20;5;2022;17:40;1;93;93027;1;1;1;3;AUTOROUTE A1;48,9340300000;2,3905500000
202200026432;22;7;2022;07:30;1;75;75116;2;1;1;4;PORTE DAUPHINE;48,8705970000;2,2723520000
202200026433;18;11;2022;15:00;1;30;30351;2;1;1;6;CEVENNES AVENUE DES;43,9754800000;4,7836700000
202200026434;23;5;2022;11:35;1;77;77384;1;1;2;7;A5b;48,6022730000;2,6340630000
202200026435;22;7;2022;03:15;5;75;75105;2;2;1;3;QUAI SAINT BERNARD;48,8494080000;2,3567660000
202200026436;22;5;2022;23:30;3;77;77018;1;1;1;6;A4;48,8400040000;2,8199560000
202200026437;17;11;2022;00:06;5;84;84007;2;3;1;3;SIXTE ISNARD (Boulevard);43,9375800000;4,8118400000
202200026438;21;5;2022;11:30;1;94;94017;1;1;1;2;A4;48,8302008945;2,4957669959
202200026439;14;12;2022;17:30;1;84;84007;2;1;3;6;FRANCOIS 1ER (RUE);43,9290300000;4,8254900000
202200026440;22;7;2022;12:15;1;75;75119;2;3;8;3;RUE MANIN;48,8843400000;2,3912770000
202200026441;9;11;2022;18:15;2;84;84007;2;1;3;6;LIMBERT (Boulevard);43,9463100000;4,8172200000
202200026442;22;7;2022;09:30;1;75;75118;2;2;1;3;RUE MARX DORMOY;48,8902450000;2,3599120000
202200026443;21;4;2022;16:55;1;30;30293;1;3;8;1;D266a intersection chemin de la blaquière;44,2845520000;4,3691630000
202200026444;8;11;2022;20:45;5;84;84007;2;6;1;7;C.De GAULLE (Rocade);43,9290600000;4,8042800000
202200026445;22;7;2022;22:30;5;75;75117;2;2;8;6;RUE DE ROME;48,8873410000;2,3141430000
202200026446;22;4;2022;08:40;1;10;10004;2;3;1;1;Rue de la Grève;48,5851890000;4,1085229000
202200026447;21;7;2022;13:15;1;75;75117;2;2;1;7;AVENUE DE LA PORTE DE SAINT OUEN;48,8977320000;2,3290210000
202200026448;14;12;2022;12:45;1;83;83137;2;2;8;3;MALON (AVE BENOIT);43,1228300000;5,9553500000
202200026449;20;4;2022;09:45;1;26;26347;2;3;1;6;Rue Joseph Péala;45,0704770000;4,8363550000
202200026450;22;7;2022;05:45;2;75;75116;2;7;1;3;PLACE DE LA PORTE MAILLOT;48,8769990000;2,2830560000
202200026451;14;12;2022;22:15;5;81;81004;2;2;1;6;THOMAS (AV ALBERT);43,9430200000;2,1499600000
202200026452;22;4;2022;17:40;1;95;95018;2;1;1;6;RD 909;48,9420100000;2,2530100000
202200026453;22;7;2022;14:10;1;75;75116;2;1;1;2;AVENUE DES NATIONS UNIES;48,8616120000;2,2915830000
202200026454;20;7;2022;18:45;1;75;75116;2;1;1;3;AVENUE DE VERSAILLES;48,8485780000;2,2748950000
202200026455;14;12;2022;10:30;1;76;76486;1;1;4;1;Route de Moulineaux;49,3208340000;0,9910160000
202200026456;20;4;2022;05:25;5;33;33555;2;6;2;6;;44,6922910000; -0,8552240000
202200026457;22;7;2022;11:00;1;75;75115;2;2;1;6;BOULEVARD DU MONTPARNASSE;48,8455170000;2,3191400000
202200026458;14;12;2022;07:15;5;76;76498;2;1;4;6;Avenue des Canadiens;49,4136540000;1,0737310000
202200026459;13;12;2022;18:15;5;71;71076;2;1;1;6;NUGUE (AVENUE PIERRE);46,7886100000;4,8650100000
202200026460;21;7;2022;14:25;1;75;75115;2;2;1;6;RUE FREMICOURT;48,8473440000;2,2977490000
202200026461;14;12;2022;18:00;5;69;69290;2;1;2;6;Chemin du Lortaret;45,7125900000;4,9560300000
202200026462;21;7;2022;14:58;1;75;75114;2;3;1;3;RUE VERCINGETORIX;48,8291250000;2,3064160000
202200026463;14;12;2022;07:00;5;69;69276;2;3;8;3;Route Départementale 312;45,6724900000;4,8483200000
202200026464;22;7;2022;17:15;1;75;75113;2;2;1;3;RUE DE TOLBIAC;48,8284710000;2,3729470000
202200026465;20;4;2022;16:37;1;06;06088;2;1;1;4;A8 , tunnel ST PIERRRE DE FERIC, PK 194+800, chaussée sud;43,7262510000;7,2317290000
202200026466;14;12;2022;11:18;1;69;69096;2;1;8;6;20 Place Jean Jaurès;45,6093000000;4,7922600000
202200026467;22;7;2022;10:25;1;75;75113;2;1;1;3;AVENUE D ITALIE;48,8214150000;2,3587710000
202200026468;20;4;2022;22:15;3;34;34240;1;1;2;6;autoroute A709 PK 007+170 SENS NIMES BÉZIERS;43,6274870000;3,9643910000
202200026469;13;12;2022;20:10;5;67;67482;2;1;1;2;RIBEAUVILLE (RUE DE);48,5650700000;7,7701500000
202200026470;21;4;2022;14:15;1;974;97406;2;1;1;1;rue Eugène-Rochetaing; -21,1411790000;55,6093280000
202200026471;22;7;2022;12:50;1;75;75111;2;3;2;3;RUE JEAN PIERRE TIMBAUD;48,8684070000;2,3795460000
202200026472;12;12;2022;14:12;1;66;66136;2;1;1;1;;42,7164085944;2,9019194841
202200026473;21;4;2022;08:50;1;64;64478;1;1;2;7;Chemin des Crêtes;43,2851720000; -0,4541840000
202200026474;22;7;2022;10:00;1;75;75112;2;2;1;3;RUE JOSEPH KESSEL;48,8337250000;2,3824990000
202200026475;22;5;2022;18:33;1;59;59610;2;1;8;7;Chemin de Bouchain au Quesnoy;50,2625550000;3,4694270000
202200026476;14;12;2022;23:30;5;64;64445;2;3;1;2;boulevard de la Paix;43,3237400000; -0,3743800000
202200026477;22;7;2022;00:42;5;75;75108;2;4;1;3;AVENUE DE WAGRAM;48,8754420000;2,2962470000
202200026478;23;5;2022;15:20;1;59;59452;1;1;2;1;D54;50,4670908183;3,0427891016
202200026479;22;7;2022;02:50;5;75;75107;2;1;1;2;QUAI ANATOLE FRANCE;48,8618740000;2,3215580000
202200026480;22;5;2022;01:15;3;13;13015;1;1;1;3;A51-Sens Marseille vers Aix en Provence;43,4417600000;5,3960300000
202200026481;14;12;2022;22:40;5;64;64445;2;2;1;5;ORLEANS D';43,2989300000; -0,3742300000
202200026482;20;7;2022;23:37;5;75;75107;2;3;1;2;QUAI BRANLY;48,8589650000;2,2933850000
202200026483;22;7;2022;16:45;1;75;75103;2;3;1;6;RUE DU TEMPLE;48,8651840000;2,3602330000
202200026484;22;5;2022;00:50;3;13;13071;1;1;1;2;A7-Sens Lyon vers Marseille;43,4058300000;5,2933800000
202200026485;14;12;2022;14:10;1;64;64445;2;1;1;3;boulevard de la Paix;43,3136600000; -0,3313900000
202200026486;22;7;2022;15:45;1;75;75101;2;2;1;3;RUE DES PYRAMIDES;48,8645700000;2,3326970000
202200026487;7;12;2022;12:20;1;63;63032;2;2;1;3;LECLERC (AVENUE DU MARECHAL);45,7558400000;3,0845000000
202200026488;20;5;2022;20:45;2;13;13211;1;1;1;2;A50-Sens Aubagne vers Marseille;43,2878100000;5,5020900000
202200026489;21;7;2022;17:45;1;75;75102;2;3;1;3;BOULEVARD DE SEBASTOPOL;48,8678930000;2,3534640000
202200026490;14;12;2022;08:05;2;59;59279;2;1;1;6;OER ERKENSCHWICK (RUE);50,7797240000;3,1095890000
202200026491;14;12;2022;22:45;5;54;54280;2;1;1;7;FRANCHEPRE (RUE DE);49,2291000000;6,0185900000
202200026492;22;7;2022;07:10;1;94;94058;1;1;1;3;ALSACE LORRAINE (BD D);48,8504550000;2,5024360000
202200026493;12;12;2022;22:00;5;50;50129;2;1;1;6;ENTREPOT (QUAI DE L');49,6354000000; -1,6197600000
202200026494;20;5;2022;00:30;3;13;13005;1;1;1;4;A50-Sens Aubagne vers Marseille;43,2852029574;5,5707725894
202200026495;22;7;2022;18:50;1;94;94021;2;1;2;7;PETIT LEROY (R DU);48,7663400000;2,3602700000
202200026496;7;5;2022;22:30;3;13;13001;1;1;1;7;A51-Sens Marseille vers Aix en Provence;43,5112172002;5,4197866917
202200026497;11;12;2022;17:00;1;47;47323;2;2;1;5;MICHAUD (RUE VICTOR);44,4157000000;0,7295000000
202200026498;21;7;2022;21:30;5;94;94073;2;1;1;3;VERSAILLES (AV DE);48,7589720000;2,3950220000
202200026499;14;12;2022;07:58;2;47;47031;1;1;2;4;TISSIDRE (AV. ANDRE);44,1773600000;0,6165500000
202200026500;21;7;2022;12:15;1;94;94034;2;1;1;3;DIVISION LECLERC - CAR DE LA DEPORTATION;48,7609400000;2,3187500000
202200026501;21;5;2022;00:40;3;69;69297;1;1;1;5;Autoroute 7;45,6075700000;4,8026600000
202200026502;22;7;2022;08:00;1;94;94077;2;1;1;7;Avenue de la République;48,7310800000;2,4225800000
202200026503;14;12;2022;05:17;5;47;47001;2;2;8;3;LIBERTE (BOULEVARD DE LA);44,1954000000;0,6169800000
202200026504;21;5;2022;16:55;1;42;42186;1;9;1;4;A47;45,5220777777;4,5948272198
202200026505;22;7;2022;02:10;5;94;94017;2;3;1;2;Avenue du Général de Gaulle / Rue Eugène Pottier;48,8252304927;2,5016453862
202200026506;14;12;2022;14:00;1;44;44184;2;1;8;6;Boulevard Georges Charpak;47,2614800000; -2,2619200000
202200026507;21;5;2022;17:35;1;93;93029;1;1;9;2;AUTOROUTE A86;48,9260987893;2,4224459051
202200026508;22;7;2022;13:40;1;93;93071;2;1;1;2;Route des Petits Ponts;48,9495420000;2,5206970000
202200026509;13;12;2022;14:30;1;43;43157;2;1;1;7;RN 88;45,0413900000;3,9091900000
202200026510;22;5;2022;07:20;1;95;95277;1;1;1;2;A104;48,9733670000;2,4855140000
202200026511;21;7;2022;22:30;5;93;93005;2;3;1;2;Boulevard Kennedy / Chemin de Savigny;48,9461900000;2,5154200000
202200026512;14;12;2022;19:20;5;33;33063;2;2;1;6;Rue Général de Larminat;44,8334300000; -0,5948400000
202200026513;21;7;2022;21:17;5;93;93066;2;1;1;6;Boulevard de la Libération;48,9283563364;2,3412154913
202200026514;14;12;2022;11:10;1;33;33063;2;1;8;3;Rue Antoine Bourdelle;44,8255655457; -0,5985778570
202200026515;21;5;2022;15:02;1;95;95018;1;1;1;4;A15;48,9597876251;2,2717130184
202200026516;22;7;2022;09:10;1;93;93051;2;3;1;6;Rue du Centre / Rue de la Closerie;48,8384400000;2,5471700000
202200026517;22;5;2022;04:20;3;77;77438;1;1;1;7;A104;48,8603150000;2,6666070000
202200026518;13;12;2022;19:10;3;29;29039;1;2;2;6;RD 783;47,8742440000; -3,8983450000
202200026519;22;7;2022;07:50;1;93;93005;2;3;1;3;Avenue Suzanne Lenglen / Rue Calmette et Guerin;48,9513180000;2,5137820000
202200026520;14;12;2022;12:55;1;27;27229;2;1;9;6;QUATORZE JUILLET (BOULEVARD);49,0024400000;1,1577940000
202200026521;22;7;2022;09:35;1;92;92078;2;1;1;7;MOULIN CAGE (QUAI);48,9267311931;2,3318733573
202200026522;22;5;2022;01:30;3;94;94028;1;1;1;6;A86 INT;48,7974800000;2,4438800000
202200026523;14;12;2022;07:25;1;13;13213;2;1;2;2;CROIX ROUGE (AVENUE);43,3316500000;5,4340300000
202200026524;13;12;2022;18:12;5;10;10387;2;1;1;6;GAMBETTA (RUE);48,2912000000;4,0933000000
202200026525;22;7;2022;18:50;1;92;92026;1;1;8;2;MARECHAL JOFFRE (QUAI DU);48,8974500000;2,2665200000
202200026526;21;5;2022;22:00;3;94;94018;1;1;1;4;A4;48,8179097928;2,4115495449
202200026527;13;12;2022;13:43;1;10;10387;2;1;1;6;SENARDES (RUE DES);48,2912000000;4,0933000000
202200026528;21;5;2022;16:00;1;94;94069;1;1;1;2;A4;48,8172046066;2,4285178250
202200026529;22;7;2022;18:35;1;92;92025;2;9;1;3;HENRI BARBUSSE (AV);48,9179610802;2,2526926696
202200026530;13;12;2022;12:20;1;10;10081;2;1;7;6;JEAN MOULIN (RUE);48,3087200000;4,0363700000
202200026531;6;5;2022;14:40;1;93;93051;1;1;1;6;A4;48,8354000000;2,5678000000
202200026532;14;12;2022;17:25;5;04;04070;2;1;1;6;THIERS (BD);44,0907100000;6,2329000000
202200026533;22;7;2022;08:45;1;39;39097;2;1;1;6;4 Avenue Jean Jaurès;46,7394080000;5,9163580000
202200026534;14;12;2022;00:30;5;75;75118;2;1;1;2;BOULEVARD PERIPHERIQUE EXTERIEUR NORD  ;48,9008810000;2,3358050000