Num_Acc;jour;mois;an;hrmn;lum;dep;com;agg;int;atm;col;adr;lat;long
202200027025;5;3;2022;13:50;1;54;54431;2;1;1;7;EUROPE (AVENUE DE L');48,9167900000;6,0639900000
202200027026;5;3;2022;16:00;1;51;51454;2;1;1;3;Boulevard du Général Leclerc;49,2517513786;4,0215459466
202200027027;5;3;2022;16:40;1;50;50502;2;1;2;2;HAVIN;49,1146900000; -1,0928200000
202200027028;5;3;2022;17:00;1;45;45284;2;6;1;3;Avenue du Capitaine Jean;47,9107120000;1,9525870000
202200027029;5;3;2022;13:30;1;44;44143;2;1;1;3;Rue du Jaunais;47,1760770000; -1,5336680000
202200027030;5;3;2022;15:00;1;33;33281;2;2;1;2;Avenue du Président John Fitzgerald.Kennedy;44,8328900000; -0,6635700000
202200027031;5;3;2022;10:47;1;33;33063;2;1;1;4;Boulevard des Frères Moga;44,8233200000; -0,5425700000
202200027032;5;3;2022;20:00;5;31;31555;2;9;1;7;SAINT EXUPERY (AV ANTOINE DE ) DU 2AU 23;43,5873400000;1,4614600000
202200027033;5;3;2022;19:50;2;22;22278;1;9;9;2;RN12;48,5058819237; -2,7341727464
202200027034;4;3;2022;08:50;1;22;22113;2;1;1;3;SARTRE (RUE JEAN PAUL);48,7447300000; -3,4772600000
202200027035;5;3;2022;00:48;3;13;13047;1;1;1;6;RD 569;43,5454300000;4,9727700000
202200027036;5;3;2022;19:40;5;13;13005;2;9;1;-1;TESSALA (RUE);43,2944200000;5,5573200000
202200027037;5;3;2022;00:30;5;13;13005;1;1;1;5;NATIONALE 8 DE PARIS A TOULON (ROUTE);43,2830700000;5,5968900000
202200027038;5;3;2022;16:01;1;10;10387;2;1;7;6;NICOLAS SIRET (RUE);48,2938100000;4,0800500000
202200027039;4;3;2022;08:50;1;03;03185;2;1;1;3;Avenue Claude Debussy;46,3202234905;2,5898871512
202200027040;4;3;2022;14:50;1;75;75113;2;1;1;3;BD PERIPHERIQUE EXTERIEUR;48,8182630000;2,3694570000
202200027041;5;3;2022;18:48;1;75;75105;2;2;1;3;RUE MONGE;48,8471300000;2,3512410000
202200027042;1;9;2022;22:30;3;39;39154;1;1;1;1;;46,5753260000;5,7399030000
202200027043;1;9;2022;15:25;1;25;25421;1;3;7;3;D437;47,1273160000;6,7000720000
202200027044;1;9;2022;15:35;1;44;44152;2;6;1;3;Zone commerciale La Hirtais;47,4344020000; -2,0739810000
202200027045;31;8;2022;15:20;1;44;44024;2;2;2;3;Le moulin cassé;47,1565070000; -1,7107110000
202200027046;31;8;2022;03:20;3;44;44130;1;1;1;7;D178;47,1089870000; -1,5450650000
202200027047;26;8;2022;12:30;1;44;44038;1;2;1;3;La chenaie;47,1674610000; -2,0523780000
202200027048;29;8;2022;13:00;1;31;31488;2;1;1;3;6 Avenue de la Dancelle;43,6499880000;1,5070690000
202200027049;1;9;2022;17:45;1;84;84102;1;2;1;3;Chemin du Pradas;43,9009920000;5,3276180000
202200027050;2;9;2022;17:30;1;01;01348;2;1;1;2;570 Rue de la Libération;46,1781980000;4,8184910000
202200027051;1;9;2022;19:40;1;66;66107;1;1;1;7;;42,8011320000;2,6340580000
202200027052;2;9;2022;12:45;1;14;14431;1;6;1;3;D613;49,1214980000; -0,0948830000
202200027053;2;9;2022;12:40;1;60;60485;1;2;2;1;D930;49,6127799814;2,1706656217
202200027054;2;9;2022;03:15;3;73;73282;2;1;1;6;D1006;45,5038529037;5,8471266032
202200027055;1;9;2022;15:20;1;18;18008;1;1;1;3;;46,9730490000;2,3524050000
202200027056;2;9;2022;09:45;1;36;36098;1;2;8;3;;46,9937141253;1,9180047512
202200027057;31;8;2022;18:45;1;21;21663;2;1;1;6;1 Rue Alapetite;47,5402610000;4,4740860000
202200027058;31;8;2022;10:10;1;24;24259;1;2;1;3;D4;44,9339090000;0,4593010000
202200027059;16;8;2022;21:10;3;04;04094;1;1;1;5;RD 4;43,7676540000;5,8114460000
202200027060;1;9;2022;11:30;1;52;52250;2;1;1;7;Avenue SAINT EXUPERY;48,4438990000;5,1530330000
202200027061;1;9;2022;10:00;1;52;52316;1;2;7;3;RD 60;48,4351660000;5,0410290000
202200027062;1;9;2022;16:45;1;88;88319;1;1;1;5;N59;48,3909140000;6,8630430000
202200027063;1;9;2022;10:25;1;49;49023;2;9;1;6;Boulevard de la Quintaine (Jallais);47,1972180000; -0,8618690000
202200027064;15;8;2022;10:15;1;33;33502;1;1;1;2;A10 PK 505+400;45,1923810000; -0,4930110000
202200027065;2;9;2022;11:50;1;17;17436;1;1;3;6;Autoroute A10 - PK426.635;45,8563750000; -0,6217150000
202200027066;1;9;2022;19:55;1;34;34202;2;1;1;6;16 Avenue Sainte Cecile;43,5815430000;3,7505250000
202200027067;31;8;2022;09:09;1;2A;2A114;1;1;1;2;T40 - PK 120;41,4775090000;9,0873460000
202200027068;1;9;2022;15:30;1;66;66011;2;1;1;3;;42,6069500000;2,8834060000
202200027069;1;9;2022;09:00;1;34;34145;2;1;1;3;Avenue du General de Gaulle;43,6801320000;4,1450800000
202200027070;2;9;2022;07:58;1;68;68296;2;3;1;3;81 Route du Vin;48,2321560000;7,3668910000
202200027071;26;8;2022;23:08;3;67;67282;1;1;1;5;D1004;48,6189240000;7,4854230000
202200027072;1;9;2022;17:30;1;63;63284;1;3;1;3;D1 /délaissé;45,7860480151;3,2592165470
202200027073;1;9;2022;09:10;1;26;26170;1;2;1;3;Avenue de Provence;44,8896350000;4,9681650000
202200027074;2;9;2022;10:30;1;69;69239;1;2;1;3;Route de la Tracole;45,9097490000;4,5098980000
202200027075;1;9;2022;07:55;1;76;76516;1;1;1;1;D928;49,7208170000;1,4254760000
202200027076;28;8;2022;23:15;3;76;76415;1;1;1;6;D 915;49,6848530000;1,3759090000
202200027077;1;9;2022;07:54;1;13;13212;1;1;1;2;A507 sens Marseille - Aubagne;43,2955149425;5,4245073263
202200027078;30;8;2022;20:30;3;13;13043;1;1;1;3;A55 SENS MARTIGUES-MARSEILLE;43,3834409497;5,2303582472
202200027079;1;9;2022;20:30;3;33;33397;1;1;1;3;AUTOROUTE A 10;44,9110000000; -0,4870000000
202200027080;1;9;2022;10:30;1;94;94034;1;1;1;4;AUTOROUTE A86;48,7570000000;2,3270000000
202200027081;1;9;2022;14:35;1;78;78490;1;1;1;7;RN12 INT;48,8000340000;1,9680010000
202200027082;31;8;2022;19:10;2;92;92064;1;1;1;4;A13;48,8397630302;2,2032787376
202200027083;31;8;2022;18:15;1;92;92072;1;1;1;4;N118;48,8195600117;2,2177660181
202200027084;31;8;2022;14:10;1;92;92064;1;1;1;3;A13;48,8388738592;2,1936046998
202200027085;31;8;2022;09:00;1;78;78640;1;1;1;3;A86 EXT;48,7776170000;2,2191890000
202200027086;1;9;2022;18:30;1;93;93064;1;1;1;2;AUTOROUTE A103;48,8870355226;2,4748264253
202200027087;1;9;2022;18:45;1;75;75112;1;1;1;2;A4;48,8175200000;2,4553500000
202200027088;31;8;2022;12:20;1;77;77169;1;1;1;2;RN104.EXT;48,8108374941;2,6297593087
202200027089;14;3;2022;01:05;3;60;60277;1;1;1;7;Ferme du Valoir;49,4306080000;2,0480230000
202200027090;20;4;2022;20:15;1;62;62498;2;2;1;3;BECQUEREL (R);50,4362300000;2,8391300000
202200027091;17;4;2022;20:35;1;62;62498;2;2;1;3;LILLE (RTE DE)  RN 17;50,4350050000;2,8375970000
202200027092;31;8;2022;11:00;1;77;77243;2;9;1;6;SAINT DENIS  (RUE   );48,8790700000;2,7120600000
202200027093;30;8;2022;10:50;1;31;31555;2;9;1;3;RUE ANDRE VASSEUR;43,6355800000;1,4727800000
202200027094;30;8;2022;17:00;1;974;97411;2;1;1;6;COLLINE (RUE DE LA); -20,9015300000;55,4563900000
202200027095;31;8;2022;22:45;5;69;69386;2;3;1;6;Avenue Verguin;45,7726500000;4,8565700000
202200027096;31;8;2022;12:10;1;69;69383;2;9;1;3;Rue Julien;45,7519800000;4,8858300000
202200027097;12;8;2022;20:45;5;69;69389;2;1;1;6;Quai Paul Sédallian;45,7928921291;4,8212072253
202200027098;31;8;2022;06:20;2;971;97101;2;1;2;2;ROUTE DES ABYMES;16,2560845399; -61,5211200714
202200027099;30;8;2022;17:25;1;2A;2A004;2;1;1;5;PERALDI NICOLAS AVENUE;41,9362673502;8,7381826044
202200027100;31;8;2022;07:20;1;91;91434;2;1;1;6;FELIX PERRIN (RUE);48,6643460000;2,3437390000
202200027101;26;8;2022;19:55;1;89;89024;2;6;1;6;PARIS (RUE DE);47,8009500000;3,5678800000
202200027102;31;8;2022;00:30;5;88;88413;2;6;2;6;ROND POINT G. BRAQUE;48,2847900000;6,9491700000
202200027103;31;8;2022;12:16;1;87;87050;2;3;1;3;PASCAUD (RUE DU DOCTEUR);45,8804700000;1,2370900000
202200027104;31;8;2022;11:03;1;87;87085;2;1;1;6;LA BOETIE (RUE DE);45,8350800000;1,2472300000
202200027105;30;8;2022;10:49;1;87;87085;2;6;2;7;NEXON (RUE DE);45,8107000000;1,2569400000
202200027106;30;8;2022;18:35;1;87;87085;2;1;1;4;FERRER (RUE FRANCISCO);45,8686400000;1,2662000000
202200027107;30;8;2022;10:45;1;87;87085;2;2;1;2;GAGNANT (AVENUE JEAN);45,8339800000;1,2735100000
202200027108;29;8;2022;13:35;1;87;87085;2;1;1;5;FERRER (RUE FRANCISCO);45,8687300000;1,2665600000
202200027109;31;8;2022;14:55;1;86;86194;2;1;1;1;Voie André Malraux;46,5841530000;0,3453780000
202200027110;29;8;2022;16:40;1;86;86194;2;1;1;3;Avenue de la Libération;46,5694180000;0,3228740000
202200027111;31;8;2022;21:07;5;78;78440;2;2;1;3;EUROPE (AVENUE DE L');48,9758990000;1,9155770000
202200027112;30;8;2022;21:45;3;76;76447;2;4;1;2;MANOIR (DU);49,5555000000;0,1679800000
202200027113;31;8;2022;18:09;1;76;76329;1;1;1;1;VALLEE DE LA FONTAINE MUREE (LA);49,5406200000;0,5118600000
202200027114;31;8;2022;12:10;1;72;72003;2;1;1;1;ANJOU (BD D');47,9662927611;0,1608359812
202200027115;31;8;2022;19:40;3;69;69275;1;1;1;1;Rue Michel Servet;45,7552694741;4,9719308317
202200027116;31;8;2022;07:50;1;69;69266;2;3;1;3;Rue Séverine;45,7552900000;4,9129000000
202200027117;31;8;2022;10:55;1;69;69290;2;1;1;3;Boulevard André Bouloche;45,7198200000;4,9248800000
202200027118;31;8;2022;09:46;1;66;66136;2;1;1;6;;42,6870800000;2,8823900000
202200027119;30;8;2022;16:30;1;59;59646;2;1;1;4;GRAND COTTIGNIES (AVENUE DU);50,6827742532;3,1270882487
202200027120;31;8;2022;15:15;1;54;54578;2;1;1;2;MULLER (AVENUE PAUL);48,6666951617;6,1457401514
202200027121;30;8;2022;12:35;1;52;52121;2;1;1;6;DEBERNARDI (AVENUE);48,1175500000;5,1421000000
202200027122;31;8;2022;18:00;1;51;51454;2;1;1;7;boulevard Vasco de Gama;49,2252234999;4,0346887708
202200027123;30;8;2022;16:42;1;49;49007;1;1;1;2;;47,4681800000; -0,5860000000
202200027124;31;8;2022;08:40;1;44;44109;2;9;7;6;2 Quai Malakoff;47,2131500000; -1,5348900000
202200027125;31;8;2022;11:15;1;44;44162;2;1;1;3;25 Boulevard du Tertre;47,2172840000; -1,6044100000
202200027126;30;8;2022;08:20;1;43;43002;2;1;1;6;5 Montée Gouteyron;45,0486896190;3,8829617693
202200027127;31;8;2022;20:15;1;37;37261;2;2;1;6;GIRAUDEAU (RUE);47,3825985084;0,6771236658
202200027128;30;8;2022;16:45;1;37;37261;2;1;1;6;NATIONALE (RUE);47,3905900000;0,6887200000
202200027129;31;8;2022;18:10;1;35;35238;2;6;1;3;MONTS D'ARREE (AVENUE DES);48,1364755080; -1,6670331359
202200027130;31;8;2022;18:20;1;35;35238;2;2;1;1;GUINES (BD DE);48,1018524943; -1,6842743754
202200027131;31;8;2022;11:35;1;35;35238;2;9;1;3;RN24;48,1054204447; -1,7346033454
202200027132;31;8;2022;00:05;5;33;33063;2;1;1;3;Cours de l'Yser;44,8277700000; -0,5689000000
202200027133;30;8;2022;11:30;1;33;33069;2;1;1;2;Boulevard Godard;44,8634400000; -0,5821700000
202200027134;29;8;2022;13:30;1;31;31555;2;1;1;2;RIQUET (PONT);43,6094100000;1,4542700000
202200027135;31;8;2022;19:04;1;26;26198;1;1;1;7;SAINT GERVAIS (Route);44,5628500000;4,7805000000
202200027136;31;8;2022;17:10;1;25;25056;1;1;1;2;RN 1057 (CH. EPITAPHE-CH. MONTBOUCONS);47,2387300000;5,9791300000
202200027137;29;8;2022;10:08;1;21;21054;2;9;1;6;PERPREUIL (RUE DU FAUBOURG);47,0192900000;4,8400500000
202200027138;31;8;2022;12:50;1;13;13071;2;6;1;2;D 543;43,4175900000;5,3668700000
202200027139;27;8;2022;10:30;1;13;13054;2;2;1;3;MARECHAL JUIN (AV DU );43,4182000000;5,2182900000
202200027140;31;8;2022;16:25;1;13;13202;2;1;8;3;DUNKERQUE  (BOULEVARD DE);43,3069226023;5,3677430372
202200027141;31;8;2022;03:25;5;13;13208;2;3;1;3;MAZARGUES (AVENUE DE);43,2553601521;5,3941017234
202200027142;31;8;2022;22:00;3;13;13001;1;1;1;1;PETIT MOULIN (RTE DU);43,5030365051;5,3446805477
202200027143;31;8;2022;11:04;1;06;06088;2;9;1;6;MERCANTOUR (BD);43,7023200000;7,1890600000
202200027144;31;8;2022;17:15;1;06;06069;2;6;1;2;MADELEINE;43,6551300000;6,9391000000
202200027145;29;8;2022;11:20;1;75;75112;2;1;1;2;PORTE DE VINCENNES;48,8449410000;2,4140350000
202200027146;30;8;2022;17:45;1;75;75106;2;7;1;3;BOULEVARD DU MONTPARNASSE;48,8437650355;2,3243084550
202200027147;31;8;2022;01:20;5;75;75106;2;1;1;3;QUAI DE CONTI;48,8568020000;2,3392790000
202200027148;31;8;2022;16:25;1;75;75120;2;2;1;3;AVENUE BENOIT FRACHON;48,8542830000;2,4152610000
202200027149;31;8;2022;09:23;1;75;75119;2;3;1;3;RUE MANIN;48,8843430000;2,3912980000
202200027150;31;8;2022;18:50;1;75;75116;2;2;1;2;ALLEE DE LONGCHAMP;48,8635980000;2,2395140000
202200027151;31;8;2022;19:20;1;75;75116;2;2;1;3;AVENUE DU PRESIDENT KENNEDY;48,8513290000;2,2785160000
202200027152;30;8;2022;21:00;5;75;75116;2;2;1;3;RUE SCHEFFER;48,8628200000;2,2809780000
202200027153;31;8;2022;10:25;1;75;75115;2;1;1;6;BOULEVARD GENERAL MARTIAL VALIN;48,8366050000;2,2762520000
202200027154;31;8;2022;09:35;1;75;75112;2;1;1;6;AVENUE DE GRAVELLE;48,8231880000;2,4305610000
202200027155;31;8;2022;21:30;4;75;75111;2;1;1;6;BOULEVARD DE MENILMONTANT;48,8659440000;2,3838020000
202200027156;31;8;2022;09:20;1;75;75119;2;4;1;2;AVENUE DU BELVEDERE;48,8804289472;2,4083098769
202200027157;27;8;2022;21:25;1;75;75107;2;3;1;7;AVENUE DE LA BOURDONNAIS;48,8592290000;2,2977250000
202200027158;31;8;2022;20:20;2;75;75101;2;3;1;7;RUE DE VALOIS;48,8639150000;2,3381930000
202200027159;31;8;2022;19:20;1;94;94081;2;1;1;3;CHAMPILLION (R);48,8010000000;2,3850000000
202200027160;31;8;2022;19:20;1;94;94081;2;1;1;3;PAUL VAILLANT COUTURIER (AV);48,8000000000;2,4010000000
202200027161;31;8;2022;00:45;5;94;94078;2;1;1;2;PARIS (R DE);48,7331700000;2,4466800000
202200027162;30;8;2022;16:10;1;94;94068;2;2;1;3;GALLIENI (AV);48,8081830000;2,4760780000
202200027163;30;8;2022;13:00;1;94;94052;1;1;1;3;PONT DE NOGENT;48,8318100000;2,4931420000
202200027164;31;8;2022;09:00;1;94;94034;2;9;1;6;WISSOUS (R DE);48,7521200000;2,3237100000
202200027165;31;8;2022;22:55;3;94;94060;1;1;1;6;D4 Cuvette de Champlain ;48,7826221863;2,5686941106
202200027166;31;8;2022;17:10;1;93;93072;2;3;1;2;Rue Jean Jaurès / Rue des Fleurs ;48,9638421886;2,3805396435
202200027167;31;8;2022;21:00;5;93;93005;2;6;1;2;Avenue Charles de Gaulle / Rue Waldeck Rousseau;48,9300700000;2,4818000000
202200027168;31;8;2022;17:55;1;93;93048;2;2;1;6;Rue de la Demi-Lune / Rue Emile Beaufils;48,8756500000;2,4592200000
202200027169;30;8;2022;17:10;1;93;93032;2;2;1;3;Allée des Chênes / Allee de la Dhuys;48,8945000000;2,5396700000
202200027170;30;8;2022;19:30;1;93;93014;2;1;1;3;Allée Maurice Audin;48,9085669276;2,5406157121
202200027171;30;8;2022;13:45;1;93;93014;2;1;1;3;Avenue Jean Moulin;48,9077055862;2,5558064638
202200027172;29;8;2022;02:00;5;93;93010;2;1;1;4;Avenue Galliéni;48,9072189277;2,4897720909
202200027173;30;8;2022;09:25;1;92;92075;2;9;1;3;JEAN BLEUZEN (RUE);48,8244192308;2,2988714576
202200027174;31;8;2022;15:45;1;92;92026;2;9;1;3;BEZONS  (DE 01 A 22);48,8963660000;2,2486280000
202200027175;30;8;2022;22:40;5;92;92026;2;2;1;3;CHARRAS;48,8951899150;2,2499812245
202200027176;22;6;2022;18:15;1;68;68112;2;2;3;3;Rue Théodore Deck;47,9110820000;7,2063370000
202200027177;31;8;2022;17:20;1;92;92024;2;3;1;3;JEAN JAURES (BD) DE 47 A 109)   (56 A 14;48,9036820204;2,3032198548
202200027178;22;6;2022;17:25;1;95;95487;2;1;7;3; Rue Jean Catelas;49,1573808810;2,2855585814
202200027179;31;8;2022;18:55;1;92;92012;2;3;1;3;YVES KERMEN (RUE) 51/FIN - 40/FIN;48,8294000000;2,2363800000
202200027180;31;8;2022;17:30;1;92;92012;2;1;1;6;EDOUARD VAILLANT (AVENUE) DEBUT/56 - COT;48,8364700000;2,2523200000
202200027181;2;6;2022;18:00;1;21;21452;1;1;1;2;Autoroute A 39 PK 4+100;47,2825450000;5,1153970000
202200027182;16;4;2022;19:10;2;16;16318;2;1;1;6;rue du bourg;45,8949322516;0,2898140252
202200027183;29;8;2022;21:50;5;92;92007;2;6;1;6;VAILLANT-COUTURIER (AVENU PAUL);48,7933660000;2,3158690000
202200027184;16;4;2022;12:19;1;07;07212;1;1;1;7;;45,1190610000;4,4055500000
202200027185;16;4;2022;21:15;3;07;07342;1;1;1;6;Robert Sud;45,2354860000;4,6069980000
202200027186;22;6;2022;00:30;3;10;10363;1;9;1;2;Route Nationale 71;48,2089450000;4,1563400000
202200027187;31;8;2022;13:00;1;50;50540;1;2;1;3;Route de la Havaudière;48,7851480000; -1,5027180000
202200027188;15;4;2022;13:50;1;53;53005;1;1;1;7;La Croix Verte;48,1709730000; -0,7928230000
202200027189;31;8;2022;21:15;3;49;49244;1;1;3;6;L'Éventail (Montjean-sur-Loire);47,3780540000; -0,8454750000
202200027190;16;4;2022;06:10;3;40;40021;1;1;1;7;D50;43,8168010000; -1,3049700000
202200027191;22;6;2022;17:00;1;974;97412;2;1;1;6;214 Rue Jules Hoareau; -21,3303220000;55,6063010000
202200027192;15;4;2022;17:25;1;24;24154;2;1;1;6;Le Bourg;45,2436100000;0,4428380000
202200027193;1;9;2022;13:35;1;24;24309;1;1;1;3;route departementale;45,0998660000;0,4836560000
202200027194;22;6;2022;05:30;2;27;27306;1;1;1;7;Route Nationale 154;48,9882160000;1,1952780000
202200027195;17;4;2022;03:15;3;85;85213;1;1;1;2;la barre;46,5416600000; -1,3884800000
202200027196;1;9;2022;16:55;1;84;84040;1;1;1;1;La glaciére;44,2231680000;5,0932150000
202200027197;21;6;2022;08:35;1;35;35066;1;1;1;2;N137;48,0435600000; -1,6847900000
202200027198;1;9;2022;18:40;1;31;31547;2;1;1;1;Route de Toulouse;43,5050050000;1,3220820000
202200027199;10;4;2022;19:30;1;28;28407;1;1;1;6;D955 - PR 92+100;48,2635130000;0,8831550000
202200027200;31;8;2022;08:00;1;85;85199;2;1;1;7;3 Rue du stade;46,5033290000; -1,0590920000
202200027201;16;4;2022;01:05;3;17;17111;1;2;1;7;D50;45,4540800000; -0,5011220000
202200027202;22;6;2022;18:20;1;91;91044;1;1;1;3;Avenue de la Division Leclerc;48,6704690000;2,2799100000
202200027203;1;9;2022;07:20;1;74;74213;1;6;1;3;D14;45,9196950000;6,0835990000
202200027204;1;9;2022;09:15;1;971;97132;1;1;1;1;Route de Sapotille;15,9890180000; -61,6187040000
202200027205;16;4;2022;16:00;1;87;87126;1;4;1;3;Rue Charles de Gaulle;45,8185110000;0,8238460000
202200027206;1;9;2022;01:26;3;83;83130;2;1;1;6;Avenue des Sénès;43,1966180000;6,0390420000
202200027207;22;6;2022;20:50;2;54;54353;1;1;1;6;D952;49,0913843800;5,8925020702
202200027208;15;4;2022;15:45;1;87;87180;1;1;1;1;la croix blanche;46,1917890000;1,2560680000
202200027209;1;9;2022;09:50;1;42;42283;1;1;1;7;Lieu-dit le crêt Reynayd;45,5693070000;4,5016480000
202200027210;11;6;2022;15:50;1;79;79083;2;1;1;7;1 Rue Maurice Gadioux;46,1051070000; -0,0704670000
202200027211;31;8;2022;16:40;1;87;87107;2;1;1;1;19 Rue de l'Ancienne Fontaine;45,9241810000;1,1692020000
202200027212;16;4;2022;17:30;1;37;37133;1;1;1;1;D9;47,0988980579;1,1757302284
202200027213;1;9;2022;17:50;1;69;69046;1;6;1;6;Route de Saint Abdon;45,6662310000;4,7919810000
202200027214;21;6;2022;08:55;1;62;62268;2;1;1;6;Rue du 11 Novembre;50,6689110000;1,8380520000
202200027215;16;4;2022;14:30;1;30;30075;1;1;7;2;D40;43,8207330000;4,2563500000
202200027216;31;8;2022;16:30;1;34;34217;2;1;1;6;M17;43,6883880000;3,8631110000
202200027217;21;6;2022;13:53;1;59;59037;1;1;1;1;67 Rue Roger Salengro;50,2001780000;3,3898880000
202200027218;1;9;2022;13:00;1;51;51185;1;1;1;1;N4;48,7154781374;3,5019993782
202200027219;31;8;2022;16:00;1;51;51056;1;1;1;7;route de chantemerle;48,6116180000;3,6285890000
202200027220;31;8;2022;10:20;1;74;74205;1;1;1;1;Route de Sévillon;46,1863750000;6,4972970000
202200027221;17;4;2022;15:00;1;76;76305;1;1;1;2;A131;49,4969880000;0,2303080000
202200027222;21;6;2022;16:30;1;56;56190;2;3;1;3;4 Rue de la Piscine;47,9717230000; -2,7403160000
202200027223;17;4;2022;07:45;1;988;98805;1;1;1;7;RUE DE L'INDUSTRIE; -22,1806000000;166,4347710000
202200027224;31;8;2022;09:30;1;63;63148;1;2;7;3;Marais d'Ennezat - carrefour RD 224 / RD 425;45,8888280000;3,1786110000
202200027225;1;9;2022;00:30;3;61;61081;1;1;1;6;LA MALADRERIE;48,6452550000;0,2337430000
202200027226;19;6;2022;08:40;1;74;74208;1;1;7;2;Route du Plateau d Assy;45,9266280000;6,6824140000
202200027227;17;4;2022;11:00;1;74;74197;1;4;1;2;A40;46,1422230000;6,3163020000
202200027228;1;9;2022;15:10;1;35;35299;1;1;1;2;Les Portes Rouges;48,6435720000; -1,8895410000
202200027229;16;4;2022;10:30;1;987;98725;1;1;1;6;RT7 entre pointe TAPAHI et La source; -17,5071840000; -149,4579190000
202200027230;31;8;2022;16:25;1;29;29279;1;1;1;7;Penquer Bihan;48,6084940000; -3,9227150000
202200027231;22;6;2022;14:10;1;79;79280;1;3;1;7;Le Pas Garnier;47,0077160000; -0,5108320000
202200027232;16;4;2022;14:00;1;973;97306;1;1;1;7;RN1 PK197;5,5984240000; -53,7063100000
202200027233;31;8;2022;17:40;1;31;31202;2;1;1;1;57 Avenue Adrien Escudier;43,8400393971;1,3884159923
202200027234;21;6;2022;17:25;1;79;79195;1;1;1;3;;46,9479410000; -0,6103210000
202200027235;31;8;2022;15:10;1;38;38394;1;1;1;3;Route de la Sone;45,0796100000;5,2647000000
202200027236;16;4;2022;12:00;1;973;97306;1;9;1;1;RN1 pk 223;5,4346709360; -53,7412333488
202200027237;16;4;2022;17:50;1;973;97305;1;1;1;5;Route Nationale 1;4,9127970000; -52,3719760000
202200027238;8;5;2022;18:45;2;03;03028;1;1;1;1;Lieu Dit Alouette;46,2289983569;3,5890055667
202200027239;1;9;2022;09:10;1;01;01351;1;1;1;7;D64;46,1660490000;4,8776080000
202200027240;22;6;2022;03:15;3;79;79130;1;1;1;1;;46,2766880000; -0,5245330000
202200027241;31;8;2022;16:25;1;01;01159;2;1;1;3;970 Grande Rue;46,3369270000;4,8907730000
202200027242;17;4;2022;12:10;1;91;91315;1;1;1;4;Route de Bouray;48,5129990000;2,3284820000
202200027243;30;8;2022;19:35;1;01;01096;1;1;1;7;Route de Baritel;46,2131150000;5,0369310000
202200027244;16;4;2022;11:45;1;66;66056;1;6;1;3;D615;42,6592590000;2,6828210000
202200027245;29;8;2022;06:00;2;72;72335;1;1;1;1;la croix;48,1071517870;0,3360700607
202200027246;21;6;2022;21:00;2;82;82134;1;1;2;6;2915 Route de Vaïssac;44,0509530000;1,5423510000
202200027247;17;4;2022;11:30;1;48;48021;1;1;1;6;Voie Communale 2;44,5426330000;3,8707070000
202200027248;22;6;2022;14:00;1;65;65006;1;1;1;7;D113;42,8803670000;0,3214360000
202200027249;16;4;2022;19:00;1;34;34183;1;1;1;7;D162;43,2577680000;3,1153320000
202200027250;1;9;2022;07:40;2;21;21582;2;1;1;2;Route de Chassagne;46,9121940000;4,7031780000
202200027251;17;4;2022;15:20;1;13;13023;1;1;1;1;D3 Route du Grand Caunet;43,2275610000;5,6471550000
202200027252;31;8;2022;15:45;1;40;40310;2;1;1;1;Avenue de Port d Albret;43,7516590000; -1,3445310000
202200027253;21;6;2022;12:15;1;11;11122;1;9;1;1;CD 6113;43,1921930000;2,6249380000
202200027254;30;8;2022;18:00;2;27;27214;1;2;1;3;D1;49,3084210000;1,3960360000
202200027255;15;4;2022;16:15;1;26;26058;1;1;1;4;A7;44,9611090000;4,8861050000
202200027256;22;6;2022;15:50;1;71;71064;1;1;2;6;925 Route de Cuiseaux;46,6105360000;5,2324450000
202200027257;30;7;2022;02:35;5;34;34333;2;1;1;3;Chemin d’Aiguebonne;43,4897160000;3,7912380000
202200027258;16;4;2022;13:15;1;68;68348;2;1;1;3;29a Route de Cernay;47,8074950000;7,1286290000
202200027259;21;6;2022;10:30;1;71;71330;1;1;2;6;D60;46,5930540000;3,9376840000
202200027260;31;8;2022;15:30;1;69;69244;2;3;1;3;Route de Paris;45,7661570000;4,7646280000
202200027261;15;4;2022;08:15;2;44;44201;2;6;7;3;763 Route de la filonnière;47,3366160000; -1,5109580000
202200027262;1;9;2022;06:55;1;987;98724;2;1;1;1;RT 111, district de Faie; -16,7344200000; -150,9988400000
202200027263;20;6;2022;17:00;1;47;47252;1;2;1;3;Rte de St Cyprien;44,3805150000;0,5738100000
202200027264;16;4;2022;16:15;1;86;86163;1;1;1;7;D20;46,6428540000;0,4737500000
202200027265;27;6;2022;01:15;4;971;97117;2;3;1;3;Route de Saint-françois;16,3284130000; -61,3307420000
202200027266;16;4;2022;04:00;3;40;40294;1;1;1;6;215, ROUTE DE SORT;43,6911960000; -0,9739320000
202200027267;20;6;2022;12:15;1;68;68179;2;1;1;1;73 Rue Principale;47,7576320000;7,0234390000
202200027268;15;4;2022;22:25;5;44;44026;2;1;1;7;Avenue du Souchais;47,3038060000; -1,4981190000
202200027269;1;9;2022;12:35;1;977;97701;1;1;1;1;route de lorient;17,9008520000; -62,8213050000
202200027270;5;4;2022;17:50;1;56;56046;1;1;1;5;Lieu Dit Kerleau;47,6513790000; -3,0312070000