Num_Acc;jour;mois;an;hrmn;lum;dep;com;agg;int;atm;col;adr;lat;long
202200027515;15;4;2022;16:15;1;2A;2A006;1;3;1;3;cd 61;41,9662910000;8,7189600000
202200027516;20;6;2022;13:25;1;64;64335;1;1;1;1;Boulevard de l'Europe;43,3405800000; -0,4668800000
202200027517;14;4;2022;17:22;1;80;80054;1;1;1;3;D79;49,9059400000;2,9044680000
202200027518;19;6;2022;22:00;2;64;64024;2;1;1;3;Avenue de l' Adour;43,5030300000; -1,4945500000
202200027519;15;4;2022;18:30;1;80;80804;1;3;1;7;RD 1001;50,0669740000;2,0219140000
202200027520;19;6;2022;22:26;5;63;63113;2;2;1;3;LAFAYETTE /Sabon;45,7735900000;3,0900200000
202200027521;16;4;2022;15:35;1;71;71181;1;1;1;3;D 15;46,4529530000;4,7303440000
202200027522;19;6;2022;03:03;5;63;63113;2;2;1;3;FLAUBERT (BD GUSTAVE);45,7644400000;3,1259600000
202200027523;15;4;2022;09:15;1;71;71397;1;1;1;7;N79;46,3881590000;4,6229440000
202200027524;18;6;2022;17:47;1;63;63014;2;2;1;3;MERCIER (RUE DU DOCTEUR);45,7561100000;3,1047300000
202200027525;18;6;2022;15:06;1;63;63113;2;2;1;1;SABLON (COURS);45,7719800000;3,0899800000
202200027526;15;4;2022;19:25;1;89;89478;2;1;1;2;D606;47,7063650000;3,6262110000
202200027527;16;6;2022;14:30;1;62;62193;2;1;1;3;SAINT OMER (ROUTE DE);50,9362300000;1,8861600000
202200027528;16;4;2022;00:45;3;63;63226;1;1;1;7;D81;45,7388590000;3,2490990000
202200027529;20;6;2022;23:45;5;59;59350;2;1;1;1;YPRES RUE PORTE D;50,6468935049;3,0523753166
202200027530;16;4;2022;07:50;2;42;42059;1;1;1;3;D103;45,6323160000;4,4034150000
202200027531;20;6;2022;14:45;1;59;59350;2;1;1;3;COLBERT RUE N°69 A FIN-88 A FIN;50,6299700000;3,0453900000
202200027532;16;4;2022;18:57;1;42;42067;1;1;1;6;Route du Col de l’Oeillon;45,3506520000;4,5993770000
202200027533;14;4;2022;22:30;3;41;41175;1;1;1;6;D357;47,8936090000;1,1750590000
202200027534;19;6;2022;02:20;5;59;59350;2;1;1;2;LEBAS JEAN BAPTISTE RUE;50,6270200000;3,0697300000
202200027535;15;4;2022;19:00;1;35;35295;1;1;1;7;D30;48,1382973878; -2,1092881635
202200027536;1;1;2022;07:45;2;74;74173;2;3;1;6;rue de la Poste;45,8562100000;6,6162370000
202200027537;12;6;2022;13:00;1;59;59128;2;1;1;3;POINCARE RUE;50,6467800000;2,9587400000
202200027538;18;6;2022;13:10;1;56;56121;2;1;1;7;16 Boulevard de Normandie;47,7590027000; -3,3688465000
202200027539;27;1;2022;17:15;3;80;80082;1;1;2;1;D1001;49,9782600000;2,1407030000
202200027540;15;4;2022;14:25;1;29;29240;1;3;1;1;D791;48,2886440000; -4,2023080000
202200027541;16;4;2022;02:30;5;54;54431;2;1;1;6;LONGUES RAYES (RUE DES);48,8926100000;6,0477500000
202200027542;15;4;2022;14:58;1;31;31002;1;4;1;3;D622;43,3545000000;1,5807550000
202200027543;25;1;2022;17:50;3;71;71484;1;2;5;3;RD 678;46,6810370000;5,1955520000
202200027544;20;6;2022;14:45;1;54;54395;2;1;1;2;JUIN (AVENUE DU MARECHAL 22 ET 23 A FIN);48,6790724182;6,1730235815
202200027545;20;6;2022;13:37;1;54;54521;2;1;1;6;RUE DU PETIT BOIS;49,4702600000;5,9059400000
202200027546;16;4;2022;08:58;1;03;03205;1;1;1;4;la garenne;46,2544190000;3,5395020000
202200027547;26;1;2022;18:30;3;89;89460;1;1;1;1;D606;48,3447550000;3,0415460000
202200027548;18;6;2022;04:00;5;49;49007;2;1;1;7;MOULIN BOULEVARD;47,4896500000; -0,5468300000
202200027549;20;6;2022;08:55;1;45;45147;2;6;1;6;331 Rue Marcelin Berthelot;47,9432200000;1,9204500000
202200027550;15;4;2022;18:50;1;26;26121;1;3;1;3;intersection cd 4 - 169;44,5365040000;4,8026780000
202200027551;26;1;2022;12:25;1;61;61457;1;2;8;6;Le Cauche Allain;48,7761700000;0,5720100000
202200027552;16;4;2022;14:34;1;26;26069;1;1;1;7;D518;44,8278430000;5,3912830000
202200027553;18;6;2022;11:30;1;45;45208;2;1;1;3;93 Rue André Coquillet;47,9891000000;2,7324500000
202200027554;25;1;2022;21:30;3;49;49347;1;9;5;7;D74;47,6183940000; -0,4262460000
202200027555;16;4;2022;04:38;3;72;72021;1;1;1;6;Lieu Dit la Basse Daviere;47,8550800000; -0,1941800000
202200027556;13;6;2022;17:35;1;44;44162;2;6;1;3;9 Rue Jacques Cartier;47,2233900000; -1,6364600000
202200027557;21;1;2022;10:45;1;39;39216;2;1;1;6;420 Route de Saint-Claude;46,4967010000;5,7956370000
202200027558;16;4;2022;13:30;1;60;60291;2;1;1;5;Rue Marcel Poulin;49,6526720000;3,0489550000
202200027559;19;6;2022;17:23;1;33;33032;2;3;1;3;Rue Alphonse Daudet;44,9012000000; -0,5119200000
202200027560;15;4;2022;18:15;1;64;64123;1;1;1;1;Route du Bois de Mixe;43,4595320000; -1,1439660000
202200027561;27;1;2022;17:55;2;39;39013;1;1;5;6;;46,8846280000;5,7265470000
202200027562;20;6;2022;04:45;4;31;31555;2;1;1;6;ECHANGEUR ST MARTIN ( A624-RD 901);43,6105200000;1,3838600000
202200027563;21;5;2022;19:15;1;30;30189;2;1;1;3;Boulevard du Président Salvador Allende;43,8264900000;4,3734900000
202200027564;16;4;2022;13:25;1;73;73043;2;3;1;3;D991B Route de la Chambotte;45,7566550000;5,9286260000
202200027565;16;4;2022;11:30;1;43;43136;1;1;1;6;Pissis;45,0042840000;3,6051080000
202200027566;7;6;2022;17:35;1;28;28085;2;3;1;3;SABLONS (AVENUE DES);48,4460500000;1,5155400000
202200027567;15;4;2022;15:25;1;07;07269;1;1;1;3;;44,9340960000;4,3998820000
202200027568;25;1;2022;23:30;4;72;72119;2;1;1;6;Place de l Eglise;48,1053400000;0,0258200000
202200027569;20;6;2022;19:15;1;27;27562;2;9;1;3;PRES (RUE DES);49,1009500000;1,4508400000
202200027570;16;4;2022;12:30;1;07;07022;1;1;1;6;;44,7257900000;4,7425320000
202200027571;26;1;2022;10:45;1;36;36088;2;6;1;6;Avenue de la Caserne;46,9419954105;1,9871413708
202200027572;20;6;2022;20:10;1;27;27229;2;1;1;3;COCHEREL (RUE DE);49,0168023316;1,1860517263
202200027573;19;1;2022;09:20;1;24;24216;1;1;1;7;Le Majaubert;45,1564250000;0,2261850000
202200027574;14;4;2022;08:25;2;17;17043;1;1;1;1;D120;46,0692560000; -0,5897000000
202200027575;26;1;2022;08:15;2;17;17032;1;1;5;7;D111;46,0587520000; -0,9626980000
202200027576;12;4;2022;18:00;1;26;26198;2;1;1;5;LECLERC (Rue Maréchal);44,5418600000;4,7477400000
202200027577;9;4;2022;15:00;1;30;30331;1;1;1;3;;44,1254000000;4,6145000000
202200027578;27;1;2022;12:00;1;84;84054;1;1;1;1;2858 Route de Robion;43,8935330000;5,0605940000
202200027579;20;6;2022;08:30;1;26;26198;2;1;1;6;TEIL (Avenue du);44,5567200000;4,7266700000
202200027580;12;6;2022;01:25;5;17;17333;2;9;1;7;DE LATTRE DE TASSIGNY (BD);45,6109100000; -1,0090500000
202200027581;16;4;2022;16:55;1;72;72299;1;1;1;6;A28 PK 081+000;47,8655777026;0,3005826471
202200027582;27;1;2022;13:35;1;83;83047;1;1;1;2;AVENUE DE TOULON;43,1407780118;6,0528559684
202200027583;20;6;2022;08:45;1;13;13213;2;3;1;3;CHATEAU GOMBERT CHEMIN;43,3460500000;5,4256400000
202200027584;13;4;2022;14:45;1;78;78143;2;1;2;1;Rue de la Butte Neuve;48,7339810000;2,0912810000
202200027585;20;6;2022;07:45;1;13;13208;2;1;1;3;MICHELET (BOULEVARD);43,2613201379;5,3974239980
202200027586;16;4;2022;10:50;1;973;97307;2;1;1;1;rue de la distillerie;4,8753830000; -52,3344150000
202200027587;26;1;2022;05:35;5;54;54150;2;3;5;6;1 Rue de l Hôtel de Ville;48,7912050000;6,1417040000
202200027588;18;6;2022;22:55;3;11;11069;2;1;1;7;Chemin de Bazalac;43,1844100000;2,4127200000
202200027589;15;4;2022;22:20;3;35;35352;1;1;1;6;D173;48,0676772290; -1,6212947667
202200027590;19;6;2022;18:45;1;10;10387;2;6;1;3;GEORGES POMPIDOU (RUE);48,2876049140;4,0811848640
202200027591;23;1;2022;09:15;1;33;33388;1;4;1;1;Lieu Dit le May;45,0932660000; -0,6003050000
202200027592;15;4;2022;06:45;1;976;97602;2;1;1;6;Bouyouni; -12,7384330000;45,1409610000
202200027593;20;6;2022;14:15;1;75;75106;2;3;1;6;BOULEVARD SAINT GERMAIN;48,8523060000;2,3387140000
202200027594;16;4;2022;16:00;1;988;98808;1;3;1;6;Tribu de Nindiah; -21,2979310000;165,5798220000
202200027595;20;6;2022;02:55;3;75;75120;2;4;3;6;AVENUE CARTELLIER;48,8639190000;2,4135620000
202200027596;15;4;2022;16:00;1;77;77094;1;1;7;2;route nationale 3, pk 14;48,9572560000;2,7938430000
202200027597;20;6;2022;00:30;5;75;75118;2;2;3;6;RUE DE LA CHAPELLE;48,8985400000;2,3590200000
202200027598;20;6;2022;18:15;1;75;75116;2;1;1;3;AVENUE DE NEW YORK;48,8621760000;2,2934680000
202200027599;26;1;2022;08:00;1;13;13202;1;1;1;2;A55-Sens Marseille vers Martigues;43,2974700000;5,3636700000
202200027600;15;4;2022;18:40;1;57;57521;2;6;1;1;Route de Sarreguemines;49,1806340000;6,9186290000
202200027601;20;6;2022;11:45;1;75;75111;2;4;1;6;BOULEVARD RICHARD LENOIR;48,8540160000;2,3690810000
202200027602;26;1;2022;07:40;3;92;92064;1;1;1;2;A13;48,8373662415;2,1886466304
202200027603;20;6;2022;01:30;5;75;75109;2;3;3;6;BOULEVARD HAUSSMANN;48,8734370000;2,3297040000
202200027604;16;4;2022;11:13;1;38;38545;2;3;1;3;Intersection D63 - Clos des Chataigniers;45,0495010000;5,6840350000
202200027605;20;6;2022;18:10;1;75;75114;2;1;1;3;BOULEVARD JOURDAN;48,8197280000;2,3416160000
202200027606;20;6;2022;16:55;1;75;75101;2;2;1;7;RUE DE RIVOLI;48,8590890000;2,3464280000
202200027607;3;4;2022;15:00;1;17;17219;1;2;1;2;Route de Bourcefranc;45,8309820000; -1,1148550000
202200027608;25;1;2022;17:45;5;92;92064;1;1;5;4;A13;48,8424742453;2,2221924662
202200027609;20;6;2022;16:20;1;94;94003;2;3;1;3;ARISTIDE BRIAND (AV);48,8106800000;2,3268300000
202200027610;16;4;2022;11:35;1;86;86036;1;3;1;3;D147;47,0784660000;0,0674630000
202200027611;20;6;2022;00:10;5;94;94033;2;1;3;6;Avenue du Marechal de Lattre de Tassigny;48,8550000000;2,4927600000
202200027612;26;1;2022;07:25;2;95;95572;1;1;1;5; A15;49,0258800000;2,1312200000
202200027613;14;4;2022;05:50;5;33;33535;1;1;1;6;38 Avenue de Branne;44,8359850000; -0,4820730000
202200027614;20;6;2022;19:20;1;93;93070;2;1;1;2;Boulevard Jean Jaurès;48,9147320000;2,3372120000
202200027615;15;4;2022;12:55;1;50;50492;1;1;1;1;L Euriere;49,0801940000; -0,9532030000
202200027616;26;1;2022;09:20;1;93;93005;1;1;1;2;AUTOROUTE A3;48,9529900000;2,4738600000
202200027617;20;6;2022;19:58;1;93;93046;2;2;1;3;Boulevard Jean Jaurès / Avenue Vauban;48,9207000000;2,5261900000
202200027618;16;4;2022;11:39;1;22;22201;1;1;1;3;Plage du Porry;48,6668320000; -2,3391540000
202200027619;24;1;2022;23:05;3;93;93064;1;1;1;6;AUTOROUTE A103;48,8857300000;2,4870100000
202200027620;20;6;2022;20:45;1;93;93029;2;1;1;3;Avenue Jean Jaurès;48,9203196485;2,4502971768
202200027621;25;1;2022;08:45;1;81;81065;2;1;1;2;VILLENEUVE (RUE EMILIE DE);43,5982166577;2,2424031794
202200027622;16;4;2022;18:25;1;27;27275;1;1;1;3;d6015;49,1550470000;1,3592150000
202200027623;20;6;2022;14:39;1;92;92040;2;1;1;2;BOURGAIN (AVENE);48,8217120597;2,2664650082
202200027624;16;4;2022;20:45;2;27;27213;1;1;1;7;D9;49,2089630000;1,5823100000
202200027625;25;1;2022;05:45;5;62;62193;1;1;5;6;A16;50,9589600000;1,9055000000
202200027626;20;6;2022;19:48;1;92;92007;2;1;1;3;VAILLANT-COUTURIER (AVENU PAUL);48,7942125700;2,3163688481
202200027627;24;1;2022;17:30;1;81;81065;2;1;1;6;JEAN (RUE ST.);43,6089780959;2,2391543537
202200027628;19;6;2022;22:22;5;92;92007;2;3;2;6;PETIT (AVENUE ALBERT) N° 39 A FIN;48,7953288261;2,3106356263
202200027629;19;6;2022;19:44;1;92;92002;2;1;1;6;ARMAND GUILLEBAUD (AVENUE);48,7450754069;2,3153644949
202200027630;24;1;2022;18:05;5;57;57508;2;1;1;6;Rue du Konacker;49,3470000000;6,0560000000
202200027631;21;6;2022;13:55;1;76;76592;1;1;1;5;La Grand Route;49,5058850000;0,5026940000
202200027632;20;6;2022;17:30;1;49;49063;2;1;1;6;Rue des Mauges;47,3487530000; -0,7750580000
202200027633;24;1;2022;20:15;5;32;32013;2;9;1;6;ETIGNY (RUE D');43,6454000000;0,5823700000
202200027634;20;6;2022;13:50;1;67;67265;1;1;1;1;D181;48,9187490000;7,4640080000
202200027635;24;1;2022;16:05;1;30;30028;2;1;1;6;Avenue Maréchal De Lattre de Tassigny;44,1689600000;4,6186700000
202200027636;21;6;2022;12:45;1;76;76030;1;3;2;7;D915;49,8463510000;1,1270860000
202200027637;20;6;2022;17:00;1;31;31484;1;1;1;6;D61;43,6739870000;1,4778760000
202200027638;19;6;2022;18:59;1;83;83086;1;1;1;2;A8;43,4560420000;6,5350950000
202200027639;20;6;2022;18:20;1;68;68044;2;1;1;1;43 Rue du 3e Spahis Algeriens;48,1711090000;7,1201280000
202200027640;18;1;2022;14:45;1;06;06123;2;1;1;3;BORD DE MER RN 98;43,6760000000;7,1870000000
202200027641;17;1;2022;11:58;1;63;63113;2;1;1;6;LANDAIS (AVENUE DES);45,7639200000;3,1157000000
202200027642;19;6;2022;19:20;5;972;97210;2;1;1;3;route départementale 1;14,6351820000; -60,9189110000
202200027643;20;6;2022;07:45;1;46;46070;1;2;7;3;Départementale 6;44,3911080000;1,4830470000
202200027644;14;1;2022;17:45;5;15;15014;2;1;1;6;Rue Francois Villon;44,9203130000;2,4239400000
202200027645;21;6;2022;20:15;2;54;54283;1;1;1;7;RD 13;49,1664792577;5,9575778254
202200027646;19;6;2022;20:15;1;50;50592;1;1;8;6;autoroute A84 PR 210.400;48,9474100000; -1,0306000000
202200027647;22;1;2022;22:00;5;988;98818;2;2;2;3;FUE DANGE/ROUTE DE L'ANSE VATA; -22,2794200000;166,4487200000
202200027648;21;6;2022;11:40;1;57;57753;1;1;1;1;D999;48,8503570000;6,6734040000
202200027649;20;6;2022;14:40;1;56;56118;1;6;1;3;Rond-Point de Kersabiec;47,7255370000; -3,3239440000
202200027650;18;1;2022;12:06;1;988;98818;2;3;1;3;RUE CIRCULAIRE/RUE JACQUES IEKAWE; -22,2399000000;166,4719300000
202200027651;19;6;2022;06:10;2;56;56251;2;1;1;2;D779 Bis, à hauteur du magasin Stockomanie;47,6480190000; -2,7062103000
202200027652;23;1;2022;19:05;5;987;98736;1;2;1;3;ARIIPAEA POMARE (AV); -17,5318300000; -149,5431300000
202200027653;24;1;2022;13:45;1;976;97611;2;1;1;7;kaweni-Massakini (rue); -12,7615000000;45,2261400000
202200027654;24;1;2022;20:50;3;974;97416;2;1;1;6;RN2 (1); -21,3344500000;55,4856470000
202200027655;24;1;2022;08:00;1;974;97416;2;1;2;3;EVARISTE DE PARNY(RUE); -21,2986300000;55,4942300000
202200027656;24;1;2022;12:20;1;973;97302;2;1;3;6;FLAMBOYANTS (RUE DES);4,9238700000; -52,3192100000
202200027657;19;1;2022;10:50;1;973;97302;2;1;2;3;FELIX EBOUE(ROCADE);4,9297200000; -52,3150200000
202200027658;24;1;2022;19:50;5;69;69259;2;1;1;3;Rue de la Corsière;45,6954800000;4,8596000000
202200027659;24;1;2022;14:50;1;69;69383;2;3;1;3;Rue Turenne;45,7563500000;4,8429100000
202200027660;24;1;2022;12:45;1;69;69383;2;2;1;3;2 Route de Genas;45,7548411829;4,8752684786
202200027661;24;1;2022;10:05;1;69;69388;2;8;1;3;Rue de l’Epargne;45,7423600000;4,8582200000
202200027662;20;1;2022;15:00;1;69;69387;2;4;1;7;Grande Rue de la Guillotière;45,7499000000;4,8518100000
202200027663;19;1;2022;12:50;1;69;69386;2;2;1;3;Rue Duguesclin;45,7708700000;4,8469200000
202200027664;19;1;2022;08:50;1;69;69388;2;1;5;1;Rue Antoine Lumière;45,7408400000;4,8679700000
202200027665;19;1;2022;18:00;5;972;97213;1;1;2;4;AUTOROUTE A1;14,6181000000; -61,0340000000
202200027666;19;1;2022;07:30;1;972;97209;2;1;1;2;RD 41 (ROCADE);14,6159800000; -61,0729400000
202200027667;24;1;2022;14:58;1;69;69389;2;1;1;6;Avenue de la Sauvegarde;45,7882264165;4,7904923558
202200027668;24;1;2022;01:50;5;69;69382;2;1;1;6;Route de Métropole 6;45,7499500000;4,8248600000
202200027669;19;1;2022;07:45;5;69;69382;2;2;8;3;Rue de la Charité;45,7539500000;4,8321000000
202200027670;24;1;2022;11:10;1;2B;2B033;2;3;1;3;AV DE LA LIBERATION;42,6826200000;9,4442960000
202200027671;23;1;2022;07:04;1;971;97101;2;1;1;1;ACHILLE RENE BOISNEUF (RUE);16,2678100000; -61,5076200000
202200027672;24;1;2022;14:00;1;95;95019;2;9;1;6;JAURES JEAN (RUE);48,9960700000;2,4204500000
202200027673;19;1;2022;20:20;5;91;91685;2;1;2;1;CHASSE (ROUTE);48,6621000000;2,3006300000
202200027674;18;1;2022;19:00;5;91;91021;2;3;1;1;RUE SAINT DENIS;48,5864500000;2,2526600000
202200027675;24;1;2022;10:40;1;91;91589;2;2;1;3;AV GABRIEL PERI;48,6911260000;2,3503000000
202200027676;18;1;2022;12:20;1;91;91223;2;1;1;7;RD 191;48,4397000000;2,1578200000
202200027677;18;1;2022;17:27;1;87;87050;1;1;1;5;RN520 (COUZEIX);45,8863900000;1,2088500000
202200027678;19;1;2022;11:00;1;83;83137;2;3;1;6;GRIGNAN (BD);43,1106200000;5,9323400000
202200027679;22;1;2022;21:45;3;80;80131;1;1;1;7;RD 934;49,8518500000;2,4041900000
202200027680;23;1;2022;14:20;1;80;80021;2;5;1;3;MARECHAL DE LATTRE DE TASSIGNY (RUE DU);49,8924400000;2,2924400000
202200027681;24;1;2022;16:50;2;78;78551;2;6;1;3;GAMBETTA (AVENUE);48,8949160000;2,0985000000
202200027682;24;1;2022;08:05;1;78;78551;2;1;1;6;PONTOISE (DE);48,9003200000;2,0935300000
202200027683;19;1;2022;08:20;3;78;78299;2;1;1;2;ETANGS PRES (AVENUE DES);49,0097700000;1,9021200000
202200027684;24;1;2022;10:15;1;77;77243;2;3;1;2;D418;48,8746700000;2,6928000000
202200027685;21;1;2022;14:35;1;76;76447;2;3;1;6;ANTOINE DE SAINT EXUPERY;49,5493000000;0,1786700000
202200027686;24;1;2022;08:15;2;76;76217;2;3;1;6;REPUBLIQUE (DE LA);49,9217800000;1,0737600000
202200027687;20;1;2022;07:50;2;73;73011;2;6;1;6;JEUX OLYMPIQUES (AVENUE DES);45,6621295591;6,3729816706
202200027688;24;1;2022;10:20;1;71;71540;1;1;8;7;R.D 28;46,7790500000;4,4431600000
202200027689;24;1;2022;09:00;1;67;67482;2;3;1;3;COLMAR (AVENUE DE);48,5512200000;7,7427900000
202200027690;23;1;2022;17:00;2;67;67482;2;1;5;2;WACKEN (RUE DU);48,5967900000;7,7497600000
202200027691;22;1;2022;20:00;5;67;67482;2;1;1;6;HOCHFELDEN (RUE DE);48,6024700000;7,7224600000
202200027692;21;1;2022;21:00;5;67;67482;2;8;1;6;JEAN JAURES (AVENUE);48,5708600000;7,7586100000
202200027693;21;1;2022;20:10;5;67;67482;2;1;1;6;SCHIRMECK (ROUTE DE);48,5691830000;7,7104360000
202200027694;18;1;2022;12:10;1;67;67447;2;3;1;3;ZAGREB (RUE DE);48,6112300000;7,7057000000
202200027695;21;1;2022;18:17;2;66;66136;2;1;1;1;;42,6887100000;2,9101600000
202200027696;21;1;2022;17:06;1;66;66136;2;1;1;6;PALAIS-DES-EXPO (AVENUE DU);42,7044900000;2,8929200000
202200027697;24;1;2022;12:10;1;64;64260;2;1;1;6;Avenue des Allées;43,3550780000; -1,7745730000
202200027698;19;1;2022;19:10;2;64;64483;2;2;2;3;LAHANCHIPIA (AVENUE);43,4013300000; -1,6356500000
202200027699;24;1;2022;14:35;1;64;64129;2;1;1;6;5 Route de Bayonne;43,2996500000; -0,3918300000
202200027700;20;1;2022;01:50;5;64;64024;2;1;1;7;Boulevard de la Mer;43,4930000000; -1,5470000000
202200027701;19;1;2022;12:20;1;64;64102;2;1;1;6;Allées Paulmy;43,4891700000; -1,4822600000
202200027702;19;1;2022;10:25;1;64;64024;2;1;1;3;Avenue d’Espagne;43,4749135112; -1,5302478160
202200027703;24;1;2022;12:40;1;63;63113;2;3;1;3;Boulevard Léon Jouhaux;45,7984900000;3,1142200000
202200027704;21;1;2022;13:50;1;63;63113;2;1;1;3;BRUGIERE (BD AMBROISE);45,7871702503;3,1189262867
202200027705;18;1;2022;17:20;1;63;63113;2;3;1;3;BLUM / Chibret;45,7709000000;3,0945400000
202200027706;18;1;2022;15:28;1;63;63113;2;1;1;2;COTE BLATIN (BD);45,7679900000;3,0870600000
202200027707;23;1;2022;02:05;5;59;59599;2;1;1;2;PAPIN (CHAUSSEE DENIS);50,7337200000;3,1445600000
202200027708;17;1;2022;21:50;5;59;59410;2;1;1;6;NORMANDIE RUE DE;50,6446529532;3,1179177761
202200027709;24;1;2022;08:35;1;59;59155;2;1;1;3;FURNES - ROUTE;51,0325610000;2,3970440000
202200027710;24;1;2022;19:50;5;57;57751;1;9;1;1;route de thionville;49,1639800000;6,1606600000
202200027711;21;1;2022;19:20;5;56;56098;2;1;1;7;LE HEN (RUE  LOUIS );47,7533658000; -3,3415040000
202200027712;21;1;2022;11:40;1;56;56121;2;1;1;6;BELGIQUE (RUE  DE );47,7598900000; -3,3818400000
202200027713;18;1;2022;19:50;5;56;56121;2;2;1;3;KERJULAUDE ( RUE DE );47,7438600000; -3,3809800000
202200027714;18;1;2022;13:40;1;56;56121;2;6;8;6;BLUM ( BD LEON );47,7467600000; -3,3774200000
202200027715;24;1;2022;13:20;1;54;54395;2;2;1;3;STRASBOURG (AVENUE DE);48,6787700000;6,1972100000
202200027716;19;1;2022;16:15;1;54;54395;2;1;2;6;BOUFFLERS (AV. DE 74 A 334 - 53 A 399);48,6915100000;6,1507900000
202200027717;16;1;2022;09:48;1;54;54323;2;3;5;3;MERCY (RUE);49,5253000000;5,7646000000
202200027718;19;1;2022;17:46;2;52;52121;2;1;1;3;BOURGOGNE (RUE DE);48,0978000000;5,1410100000
202200027719;18;1;2022;08:41;1;49;49246;2;2;2;6;GALLIENI AVENUE;47,4343000000; -0,5262500000
202200027720;19;1;2022;10:25;1;45;45232;2;1;8;3;2178 Rue de la Source;47,8524900000;1,9244700000
202200027721;24;1;2022;17:15;1;44;44114;2;1;1;6;96 Avenue de la Morlière;47,2473700000; -1,6029100000
202200027722;19;1;2022;10:00;1;42;42207;2;1;1;3;Route de Langonand;45,4746600000;4,4772100000
202200027723;24;1;2022;15:40;1;37;37195;2;1;8;6;PROUDHON (AVENUE);47,3895839873;0,6473427638
202200027724;24;1;2022;06:30;5;37;37122;2;1;8;4;BRETONNIERES (BOULEVARD DES);47,3438200318;0,6287071109
202200027725;23;1;2022;02:05;5;37;37261;2;1;1;6;BERT (QUAI PAUL);47,4017500000;0,6896300000
202200027726;19;1;2022;16:15;1;37;37195;1;1;1;2;RD 37;47,3879076748;0,6484897435
202200027727;19;1;2022;11:40;1;37;37261;2;3;2;7;FROMENTEL (RUE);47,3762734828;0,6777647138
202200027728;14;1;2022;17:30;2;35;35093;1;1;1;2;D168;48,6036700000; -2,0794800000
202200027729;24;1;2022;17:30;1;35;35238;1;1;1;6;RN136;48,1208700000; -1,7223200000
202200027730;19;1;2022;08:00;2;35;35238;2;6;1;3;PAVIE (RUE AUGUSTE);48,1041700000; -1,6498700000
202200027731;18;1;2022;16:40;1;34;34172;2;2;1;1;DOMITIENNE (VOIE);43,6243000000;3,8628300000
202200027732;19;1;2022;07:50;5;33;33318;2;2;8;6;Avenue Gustave Eiffel;44,7835200000; -0,6466500000
202200027733;17;1;2022;10:16;1;33;33249;2;1;1;3;Avenue de la Libération;44,8729900000; -0,5199900000
202200027734;19;1;2022;19:00;5;33;33009;2;1;1;6;LECLERC (BD DU MAL) DU 01 ET +;44,6584000000; -1,1619100000
202200027735;24;1;2022;10:20;1;31;31555;2;1;1;3;ALL JULES GUESDE;43,5930631495;1,4450669289
202200027736;24;1;2022;08:10;2;31;31555;2;1;1;6;POMPIDOU (AV GEORGE) DU 2AU 21;43,6123600000;1,4586900000
202200027737;24;1;2022;07:20;2;31;31555;1;1;1;5;33 A LALANDE (PEAGE NORD);43,6538400000;1,4298100000
202200027738;18;1;2022;05:00;5;31;31555;2;7;5;3;Allée Serge RAVANEL;43,5912800000;1,4528300000
202200027739;24;1;2022;15:40;1;22;22278;2;2;1;3;HOCHE (BD);48,5053000000; -2,7696700000
202200027740;18;1;2022;18:40;5;21;21231;2;1;8;3;GENERAL DE GAULLE (COURS);47,3124086546;5,0445612520
202200027741;19;1;2022;10:55;1;15;15014;2;1;4;3;CONTHE (AVENUE DE);44,9126710000;2,4249900000
202200027742;19;1;2022;21:45;3;14;14341;1;1;9;5;N158;49,1373200000; -0,3341800000
202200027743;23;1;2022;11:00;1;13;13019;2;1;1;3;D543;43,4605100000;5,3531700000
202200027744;24;1;2022;16:50;2;13;13206;2;1;1;1;BRETEUIL (RUE);43,2867247937;5,3772842485
202200027745;24;1;2022;10:15;1;13;13208;2;2;1;3;PRAT (TRAVERSE);43,2417374250;5,3711311679
202200027746;19;1;2022;10:50;1;13;13205;2;3;1;1;GEORGE (RUE);43,2973200000;5,3977300000
202200027747;21;1;2022;11:08;1;11;11262;2;1;1;6;VALLIERE (QUAI);43,1802800000;3,0096860000
202200027748;18;1;2022;08:58;1;10;10387;2;1;1;6;QUATORZE JUILLET (RUE DU);48,2948000000;4,0804000000
202200027749;24;1;2022;15:45;1;09;09225;1;9;1;2;ROUTE NATIONALE 20;43,1043200000;1,6326700000
202200027750;24;1;2022;07:50;1;09;09225;1;1;1;7;ROUTE NATIONALE 20 (VOIE RAPIDE);43,1047120000;1,6325430000
202200027751;19;1;2022;10:45;1;06;06123;2;3;1;3;POINT DU JOUR BOULEVARD DU;43,6734100000;7,1898100000
202200027752;21;1;2022;14:36;1;05;05061;2;1;1;3;MARECHAL FOCH ( AVENUE DU );44,5641900000;6,0890100000
202200027753;18;1;2022;14:48;1;05;05061;2;1;7;6;VEYNES ( AVENUE DE  );44,5576100000;6,0681200000
202200027754;24;1;2022;14:25;1;01;01053;2;2;7;3;Boulevard Irene Joliot Curie;46,2090100000;5,2340800000
202200027755;25;1;2022;09:00;1;988;98818;2;3;1;6;ROUTE DE L'ANSE-VATA/RUE BOULARI; -22,3017400000;166,4451600000
202200027756;20;1;2022;16:41;1;976;97611;2;1;2;2;kaweni-Mangrove ( rue de la ); -12,7761700000;45,2249000000
202200027757;25;1;2022;18:50;2;974;97416;1;1;1;4;RN3 (2); -21,3127500000;55,4950800000