Num_Acc;jour;mois;an;hrmn;lum;dep;com;agg;int;atm;col;adr;lat;long
202200027758;25;1;2022;07:55;1;974;97416;1;1;1;4;RN1 (ROUTE NATIONALE); -21,3064200000;55,4298500000
202200027759;25;1;2022;09:55;1;973;97302;2;6;1;3;CATAYEE (JUSTIN);4,9244900000; -52,3242600000
202200027760;25;1;2022;08:06;1;973;97302;1;1;1;2;ROUTE NATIONALE 1;4,9263900000; -52,3289500000
202200027761;25;1;2022;22:15;5;69;69387;2;2;1;3;Rue de l’Université;45,7516685498;4,8368830864
202200027762;25;1;2022;17:00;1;972;97209;1;1;1;6;REDOUTE (ROUTE DE LA);14,6184100000; -61,0611000000
202200027763;25;1;2022;07:43;1;972;97209;2;1;1;3;GENERAL DE GAULLE (BLD DU);14,6071294890; -61,0677543283
202200027764;25;1;2022;15:50;1;91;91326;2;1;1;6;PETIT (RUE);48,6940800000;2,3664100000
202200027765;25;1;2022;08:54;5;87;87085;2;1;1;6;DONZELOT (RUE);45,8334200000;1,2700000000
202200027766;24;1;2022;12:10;1;86;86194;2;1;1;2;Rue du Pontreau;46,5679430000;0,3561030000
202200027767;25;1;2022;07:25;5;85;85194;2;2;1;1;Rue du Docteur Laennec (Les Sables-d'Olonne);46,4995500000; -1,7685200000
202200027768;26;1;2022;00:00;5;83;83098;2;1;1;7;GANZIN (AVENUE DE);43,1073600000;6,0285600000
202200027769;25;1;2022;19:15;5;83;83090;2;6;1;3;BAUME (HLM LA);43,1325100000;5,8454500000
202200027770;24;1;2022;09:19;1;80;80021;2;1;1;3;ROUEN (RUE DE);49,8865680415;2,2781449557
202200027771;24;1;2022;11:00;1;73;73011;2;2;7;3;MOULIN (AVENUE JEAN);45,6693130000;6,3827350000
202200027772;25;1;2022;08:35;2;64;64260;2;2;1;3;Route de Behobie;43,3496500000; -1,7745900000
202200027773;25;1;2022;16:40;1;64;64445;2;1;7;3;Rue Maréchal Foch;43,2966479019; -0,3674358130
202200027774;25;1;2022;12:14;1;63;63113;2;2;1;6;Fleury / Carnot;45,7762243605;3,0959392190
202200027775;22;1;2022;12:20;1;55;55029;2;3;1;2;LIBERATION ( AVENUE DE LA );48,7806216288;5,1492381468
202200027776;24;1;2022;16:20;1;54;54184;2;1;1;6;MOENCH (RUE CHRISTIAN);48,7002400000;6,2256700000
202200027777;25;1;2022;18:40;5;54;54549;2;1;1;4;PERI (RUE GABRIEL);48,6340100000;6,3218900000
202200027778;22;1;2022;20:25;5;50;50129;2;2;1;5;LOUIS PHILIPPE (RUE);49,6406600000; -1,6139900000
202200027779;22;1;2022;15:10;1;50;50129;2;1;1;3;LUCET (RUE);49,6234710000; -1,6144400000
202200027780;24;1;2022;10:00;1;49;49007;2;1;1;3;PAUL BERT;47,4653400000; -0,5503400000
202200027781;24;1;2022;07:34;5;49;49007;2;1;1;7;MEIGNANNE;47,4774800000; -0,5680100000
202200027782;24;1;2022;07:10;5;49;49007;2;5;1;6;BIRGE BOULEVARD;47,4794100000; -0,5214300000
202200027783;24;1;2022;15:41;1;44;44184;2;1;1;3;4 Boulevard du Docteur René Laënnec;47,2631510000; -2,2392730000
202200027784;9;11;2022;19:15;3;91;91174;1;1;1;4;RN 104;48,6192200000;2,4590600000
202200027785;29;1;2022;21:30;5;42;42218;2;2;1;3;Rue Etienne Mimard;45,4389200000;4,3970600000
202200027786;10;11;2022;07:10;1;92;92051;1;1;1;7;RN13;48,8842197360;2,2618859410
202200027787;26;1;2022;02:10;3;37;37195;2;1;5;6;;47,3782033090;0,6495773792
202200027788;25;1;2022;20:30;5;37;37261;2;1;5;7;JOUHANNEAU (AVENUE LOUIS);47,4324256833;0,6824934483
202200027789;10;11;2022;20:05;5;93;93066;1;1;1;2;AUTOROUTE A1;48,9189934371;2,3572939965
202200027790;25;1;2022;10:35;1;37;37261;2;6;1;2;FRANCAIS LIBRES (CARREFOUR DES);47,3972600000;0,7036600000
202200027791;9;11;2022;21:00;3;95;95582;1;1;1;3;A15;48,9644078548;2,2619996143
202200027792;25;1;2022;08:20;2;37;37208;2;1;8;1;LAC (AVENUE DU);47,3657776243;0,7164475322
202200027793;10;11;2022;08:50;1;93;93053;1;1;1;4;AUTOROUTE A3;48,8990217854;2,4693435431
202200027794;25;1;2022;17:50;5;35;35238;2;1;1;3;LEJEAN (GUILLAUME);48,1165710000; -1,6571790000
202200027795;25;1;2022;09:05;1;33;33318;2;2;1;3;Avenue Jean Cordier;44,8186300000; -0,6150100000
202200027796;10;11;2022;08:00;1;93;93064;1;1;1;4;AUTOROUTE A86;48,8791675030;2,4763414899
202200027797;10;11;2022;01:30;3;95;95351;1;1;1;6;RN 104;49,0314026731;2,4936347473
202200027798;24;1;2022;15:50;1;33;33522;2;2;1;3;Rue Clément Thomas;44,8014200000; -0,5809700000
202200027799;24;1;2022;15:10;1;33;33063;2;3;1;3;Quai de la Grave;44,8346700000; -0,5638700000
202200027800;8;11;2022;14:45;1;59;59350;2;1;1;6;MEHL RUE;50,6410650000;3,0843500000
202200027801;9;11;2022;15:30;1;75;75112;2;1;1;2;AVENUE DE SAINT MAURICE;48,8331974292;2,4203476310
202200027802;26;1;2022;01:25;5;30;30007;2;4;1;6;Avenue Youri Gagarine;44,1310000000;4,0973800000
202200027803;25;1;2022;07:30;3;29;29039;1;3;1;7;Rue Yves Trichard;47,8786416421; -3,8619223237
202200027804;8;11;2022;23:05;5;94;94033;2;2;1;3;Avenue de la République / Rue de la Matène;48,8525148883;2,4656075544
202200027805;25;1;2022;08:50;5;28;28085;1;9;1;2;LAENNEC (AVENUE DU DOCTEUR);48,4537100000;1,5291500000
202200027806;9;11;2022;09:00;1;93;93053;2;1;1;3;PAUL VERLAINE (RUE);48,8863630000;2,4686130000
202200027807;24;1;2022;13:50;1;27;27229;2;1;1;7;FUSILLES (RUE DES);49,0193500000;1,1578800000
202200027808;25;1;2022;07:55;1;26;26198;2;1;1;6;DESMARAIS (Boulevard Marre);44,5601400000;4,7479000000
202200027809;25;1;2022;17:00;1;24;24037;2;1;1;2;GARAUD (BOULEVARD CHARLES);44,8440150900;0,5030490000
202200027810;25;1;2022;19:00;5;13;13117;2;1;1;1;ROUTE NATIONALE 113 - CADESTEAUX;43,4741748974;5,2283350280
202200027811;8;11;2022;18:20;5;75;75114;2;1;1;2;PORTE DE GENTILLY;48,8194170000;2,3282910000
202200027812;25;1;2022;17:45;5;13;13209;2;1;1;2;REDON (BOULEVARD DU);43,2513500000;5,4219600000
202200027813;9;11;2022;02:15;5;75;75120;2;2;9;3;BOULEVARD DAVOUT;48,8491100000;2,4112700000
202200027814;25;1;2022;16:30;1;13;13206;2;3;1;3;BRETEUIL (RUE);43,2898400000;5,3760100000
202200027815;25;1;2022;13:20;1;13;13206;2;1;1;3;LOUIS SALVATOR (BOULEVARD);43,2909500000;5,3814900000
202200027816;9;11;2022;08:45;1;75;75118;2;3;1;3;RUE DE LA CHAPELLE;48,8920170000;2,3598470000
202200027817;25;1;2022;14:10;1;13;13201;2;2;1;3;REPUBLIQUE (RUE DE LA)     2 A 42;43,2969600000;5,3736700000
202200027818;9;11;2022;00:15;5;75;75118;2;6;1;2;RUE DE LA CHAPELLE;48,8955200000;2,3593260000
202200027819;25;1;2022;11:30;1;13;13215;2;4;1;3;DE SAINT LOUIS AU ROVE (chemin);43,3485000000;5,3570700000
202200027820;25;1;2022;06:30;1;13;13214;2;1;1;7;SAINTE MARTHE (AVENUE DE);43,3250700000;5,3884300000
202200027821;7;11;2022;08:25;1;75;75115;2;2;1;6;RUE SAINT CHARLES;48,8481070000;2,2868280000
202200027822;9;11;2022;16:45;2;75;75113;2;1;1;6;BOULEVARD DU GENERAL JEAN SIMON;48,8270300000;2,3852380000
202200027823;9;11;2022;08:40;1;75;75112;2;4;8;2;ESPLANADE SAINT LOUIS;48,8406570000;2,4362370000
202200027824;9;11;2022;17:40;5;75;75111;2;1;1;6;BOULEVARD VOLTAIRE;48,8654320000;2,3673160000
202200027825;9;11;2022;09:15;1;75;75108;2;1;1;3;AVENUE HOCHE;48,8756490000;2,2998100000
202200027826;9;11;2022;13:15;1;75;75115;2;1;1;2;BOULEVARD DE GRENELLE;48,8542280000;2,2889210000
202200027827;9;11;2022;15:57;1;75;75104;2;3;1;6;RUE DE RIVOLI;48,8573030000;2,3524400000
202200027828;9;11;2022;12:30;1;94;94046;2;2;1;3;GABRIEL PERI (R);48,8114920000;2,4374990000
202200027829;9;11;2022;09:00;1;94;94076;2;3;1;1;KARL MARX (AV);48,7846000000;2,3546300000
202200027830;9;11;2022;17:40;2;94;94041;2;1;1;1;PAUL VAILLANT COUTURIER (BD);48,8176600000;2,3985300000
202200027831;9;11;2022;10:05;1;94;94065;1;4;1;2;RN 186;48,7537210000;2,3687590000
202200027832;9;11;2022;20:48;5;94;94054;2;3;1;3;Avenue Marcel Cachin / Voie des Saules;48,7454400000;2,4102400000
202200027833;8;11;2022;19:00;5;94;94077;2;1;1;6;Avenue de la République;48,7309600000;2,4232000000
202200027834;8;11;2022;18:48;5;94;94019;2;1;1;1;Route de Chennevieres;48,8056900000;2,5326100000
202200027835;8;11;2022;07:45;2;94;94053;2;3;8;3;Avenue Pierre Mendès France / Sentier de la Saussaie Luisante;48,7695474996;2,5430180171
202200027836;7;11;2022;18:55;5;94;94015;2;2;1;3;Boulevard Georges Méliès / Boulevard Pasteur;48,8325900000;2,5316600000
202200027837;9;11;2022;09:24;1;94;94004;2;1;1;3;SUCY (R DE);48,7517950000;2,5187620000
202200027838;9;11;2022;16:00;1;93;93066;2;7;1;6;Place de la Porte de Paris / Boulevard Marcel Sembat;48,9296850000;2,3566120000
202200027839;9;11;2022;18:20;5;93;93062;2;2;1;3;Boulevard du Nord / Avenue Thiers;48,9013304465;2,5124031901
202200027840;8;11;2022;22:50;5;93;93051;2;1;1;3;Avenue Aristide Briand;48,8474740000;2,5528520000
202200027841;9;11;2022;10:05;1;93;93050;2;1;2;3;19 Rue Pierre Brossolette;48,8559752349;2,5357362629
202200027842;9;11;2022;18:25;5;93;93046;2;1;1;3;Boulevard Jean Moulin;48,9113837408;2,5131112934
202200027843;9;11;2022;15:50;1;92;92051;2;9;1;6;BINEAU (BOULEVARD, N°53 A 131 ET 52 A 13;48,8942475518;2,2670883536
202200027844;9;11;2022;15:15;1;92;92051;2;1;1;7;MARECHAL JUIN (PONT DU);48,8940100000;2,2671800000
202200027845;9;11;2022;18:03;1;92;92050;2;9;1;2;MARTIN HENRI AVENUE;48,8943670000;2,1916820000
202200027846;27;10;2022;11:30;1;92;92050;2;2;1;3;PONS NOEL RUE;48,9039900000;2,2188200000
202200027847;8;11;2022;21:10;5;92;92036;2;1;1;6;VICTOR HUGO (RUE) (1);48,9212920000;2,2943820000
202200027848;9;11;2022;02:25;5;92;92026;2;9;2;7;PRÉSIDENT PAUL DOUMER (QUAI DU);48,8879637362;2,2535582185
202200027849;9;11;2022;18:45;5;92;92024;2;1;1;2;MARTRE (RUE) DE (59 A 109)   (58 A 120);48,9045081966;2,3046478629
202200027850;9;11;2022;15:35;1;92;92012;2;6;1;3;ANDRE MORIZET (AVENUE) 1/47 - 2/52;48,8336509440;2,2434157133
202200027851;1;11;2022;07:00;2;92;92004;1;1;1;3;HENRI POINCARE;48,9323447796;2,2786411643
202200027852;9;11;2022;08:50;1;92;92009;2;1;1;6;BOURGUIGNONS ( RUE 33 A FIN );48,9135350000;2,2731890000
202200027853;9;11;2022;12:05;1;92;92002;2;1;1;3;LAVOISIER (AVENUE);48,7493200000;2,3107100000
202200027854;10;11;2022;17:00;1;976;97610;2;1;1;2;Route nationale 1 Majicavo Koropa; -12,7454020000;45,2251770000
202200027855;10;11;2022;12:15;1;47;47178;1;1;1;7;route de monflanquin;44,4966499503;0,8718019201
202200027856;7;11;2022;17:00;1;35;35307;1;2;1;3;Lieu Dit Tredouillac;48,2845670000; -1,9670140000
202200027857;6;11;2022;18:25;5;41;41150;2;1;1;3;727 Route des Grotteaux;47,5676090000;1,4453780000
202200027858;10;11;2022;11:15;1;76;76624;2;3;1;3;Rue du Docteur Vitet;49,8770290000;1,2209570000
202200027859;7;11;2022;09:40;1;10;10409;2;9;1;3;Rue Edouard Colbert;48,3978930000;3,9875880000
202200027860;10;11;2022;07:50;1;62;62057;1;6;8;3;avenue nortkerqe;50,8799774654;2,0621704561
202200027861;29;10;2022;03:15;3;86;86236;1;1;1;7;D5;46,6722080000;0,8630800000
202200027862;10;11;2022;15:57;1;21;21244;1;1;1;2;autoroute A6, PK 256.900;47,3004640000;4,5038260000
202200027863;2;10;2022;16:55;1;83;83048;1;1;1;3;Boulevard Saint Raphael;43,1949730000;6,5610000000
202200027864;3;11;2022;19:46;5;01;01354;2;6;2;6;Rue de la Faucille;46,2508710000;6,0257090000
202200027865;8;11;2022;21:40;3;14;14061;1;1;2;7;D674;48,9639480000; -0,9350820000
202200027866;10;11;2022;19:15;5;74;74272;2;3;1;3;Route du Pont du Trésor;45,9482110000;6,0383610000
202200027867;10;11;2022;07:00;2;63;63054;1;1;8;7;Autoroute A75 pk 36+300;45,5010738505;3,2595007891
202200027868;10;11;2022;10:10;1;30;30290;2;1;1;6;15 Promenade Saint-Paul;44,2632060000;4,5965260000
202200027869;10;11;2022;07:15;3;91;91534;1;1;1;6;D36;48,7289110000;2,1771600000
202200027870;9;11;2022;16:15;1;74;74282;1;1;1;5;D114;45,9799540000;6,1324410000
202200027871;5;11;2022;15:40;1;67;67019;2;1;1;6;31 Rue de Mussig;48,2313700000;7,5369540000
202200027872;9;11;2022;11:45;1;67;67377;1;1;2;5;Devant Fouday;48,4306960000;7,1841470000
202200027873;9;11;2022;13:25;1;11;11040;2;1;1;2;rue de la republique;43,1655033877;2,8714334965
202200027874;10;11;2022;17:50;3;71;71013;1;2;5;3;Route de Fretterans;46,9069750000;5,2965260000
202200027875;10;11;2022;11:15;1;71;71490;1;1;1;5;Route Nationale 70 - PK 10+322;46,5202490000;4,1641190000
202200027876;10;11;2022;13:00;1;49;49331;1;9;1;3;D775;47,6939850000; -0,8903860000
202200027877;30;9;2022;07:25;5;88;88160;2;6;1;3;ARGANT (RUE ANDRE-);48,1803400000;6,4542000000
202200027878;10;11;2022;17:40;2;49;49361;1;1;1;1;D952;47,2409510000;0,0119300000
202200027879;9;11;2022;15:45;1;22;22377;1;1;1;3;D786;48,6624960000; -2,8834820000
202200027880;27;9;2022;18:20;2;85;85191;2;1;1;6;AQUITAINE AVENUE ALIENOR D' (SECTEUR 310;46,6842920000; -1,4300546000
202200027881;9;11;2022;19:40;5;29;29241;2;1;2;6;Rue Roger Salengro;47,9610450000; -3,8429030000
202200027882;9;11;2022;20:20;3;29;29274;1;1;1;6;Leign Theo ;47,9856420000; -3,7027140000
202200027883;28;9;2022;19:00;2;83;83069;2;1;1;3;EXCELSIOR (CHEMIN DE L');43,1247386221;6,1474868953
202200027884;10;11;2022;07:10;1;06;06032;2;4;1;6;Avenue de la Gare;43,7206560000;7,3972110000
202200027885;8;11;2022;05:50;3;14;14527;1;1;1;6;D16;49,1108560000;0,0079290000
202200027886;10;11;2022;15:40;2;14;14124;2;3;1;2;D613;49,3424850000; -1,0036500000
202200027887;10;11;2022;12:30;1;50;50109;1;1;1;1;Guelle;48,8971700000; -1,4257340000
202200027888;10;11;2022;09:50;1;07;07296;2;1;1;3;Avenue de l'Espinasse;44,5827880000;4,3922890000
202200027889;31;10;2022;16:30;2;53;53197;1;3;6;3;route de brains-sur-les-marches;47,8590370000; -1,1505070000
202200027890;27;9;2022;13:40;1;76;76231;2;3;2;6;Rue Camille Randoing;49,2875110000;1,0061400000
202200027891;7;11;2022;21:00;5;40;40312;2;1;1;1;Rue Jean Moulin;43,5346470000; -1,4697490000
202200027892;12;9;2022;21:50;5;76;76540;2;4;1;6;Avenue Jean Rondeaux;49,4336670000;1,0754940000
202200027893;9;11;2022;18:30;5;85;85073;1;2;2;1;D746;46,4978080000; -1,1938530000
202200027894;1;10;2022;18:20;1;71;71306;2;1;1;5;SEMARD (RUE DE);46,6710000000;4,3800000000
202200027895;9;11;2022;20:10;3;17;17386;1;1;5;7;Route de Saint-Aigulin;45,1607010000; -0,1285550000
202200027896;26;9;2022;17:05;1;71;71306;2;1;1;6;SAINT ELOI (RUE);46,6747300000;4,3592300000
202200027897;10;11;2022;11:00;1;23;23164;1;1;1;6;Route départementale 996;46,0666060000;2,5003120000
202200027898;25;9;2022;09:25;1;67;67365;1;1;1;7;MARECHAL FOCH (RUE DU);48,5423339506;7,7096021175
202200027899;10;11;2022;11:10;1;48;48155;1;1;1;7;La Garde (Camping) D13;44,2159000000;3,8126640000
202200027900;10;11;2022;08:25;2;45;45155;2;8;5;3;96 Rue de Montbricon;47,6901780000;2,6432240000
202200027901;23;9;2022;17:20;1;67;67218;2;3;1;6;BROCHET (RUE DU);48,5332000000;7,7250900000
202200027902;23;6;2022;16:15;1;77;77142;2;1;1;3;Avenue de Villiers;48,8590690000;2,9031250000
202200027903;10;11;2022;03:45;5;95;95039;2;1;1;6;1b Rue Rajon;49,0752691998;2,1899217367
202200027904;10;9;2022;00:10;5;67;67482;2;3;2;3;RHIN (AVENUE DU);48,5715700000;7,7702900000
202200027905;9;11;2022;05:00;4;11;11076;2;1;1;6;148 Av Maquis de la Montagne Noire;43,3238700000;1,9496710000
202200027906;9;11;2022;14:30;1;13;13014;1;1;8;1;D21f;43,5226710000;5,1935940000
202200027907;9;9;2022;20:20;5;67;67482;2;3;1;3;SELESTAT (RUE DE);48,5656100000;7,7634200000
202200027908;25;9;2022;06:15;1;64;64483;1;6;2;6;RD810;43,4120000000; -1,6180000000
202200027909;10;11;2022;17:20;2;01;01249;1;1;1;1;D71a;45,8632080000;4,9052020000
202200027910;29;9;2022;07:50;5;64;64260;2;1;2;6;LECLERC (BOULEVARD DU GENERAL);43,3703300000; -1,7721900000
202200027911;9;11;2022;15:35;1;69;69140;1;1;2;1;Route de Charnay;45,8882080000;4,6899070000
202200027912;26;9;2022;17:30;1;64;64483;2;1;2;2;ITHURRALDE ANDRE (AVENUE);43,3955200000; -1,6474500000
202200027913;7;11;2022;15:48;1;69;69204;2;2;1;6;Avenue Maréchal Foch;45,6946100000;4,7927210000
202200027914;8;11;2022;15:20;1;16;16234;1;1;1;1;RN141;45,6727230000; -0,0151060000
202200027915;10;9;2022;21:30;5;63;63113;2;2;1;3;BRUGIERE / RESSORT;45,7896000000;3,1179400000
202200027916;10;11;2022;10:30;1;50;50025;2;1;1;6;Rue du General Patton;48,6798650000; -1,3552340000
202200027917;10;9;2022;11:26;1;63;63113;2;1;1;6;GUYNEMER (RUE);45,7802675619;3,1082296371
202200027918;9;11;2022;07:50;1;76;76164;1;3;7;3;D982 route de caudebec;49,5225360000;0,7556000000
202200027919;8;9;2022;23:43;5;63;63113;2;8;1;3;GANTIERE (RUE DE LA) / voie de tram;45,7623500000;3,1233200000
202200027920;21;9;2022;16:30;1;62;62193;2;1;1;3;D119;50,9396560000;1,8792990000
202200027921;10;11;2022;18:10;3;60;60010;1;1;1;4;D205;49,2210450000;2,1148570000
202200027922;28;10;2022;22:20;3;59;59401;1;1;2;7;Route d'Hazebrouck;50,7314731613;2,6474127173
202200027923;28;9;2022;18:20;1;60;60057;2;9;1;3;Rue de Notre-dame-du-thil;49,4491495340;2,0776986480
202200027924;9;11;2022;20:30;3;13;13117;1;1;1;2;A7-Sens Marseille vers Lyon;43,4461724485;5,2426316509
202200027925;19;9;2022;08:40;1;60;60057;1;9;1;2;Rue de Clermont;49,4321200000;2,1065930000
202200027926;9;11;2022;14:35;1;33;33063;1;1;2;7;ROCADE A 630;44,8838600000; -0,5568700000
202200027927;12;9;2022;09:00;1;60;60057;2;1;1;6;Avenue Nelson Mandela;49,4317139011;2,0702147483
202200027928;28;9;2022;14:50;1;59;59009;2;9;1;3;JAURES JEAN RUE    N°76 AU 128;50,6543230713;3,1309881806
202200027929;8;11;2022;18:48;5;33;33249;1;1;1;4;ROUTE NATIONALE 230;44,8734300000; -0,5067900000
202200027930;20;10;2022;15:30;1;33;33318;1;1;1;6;ROCADE A 630;44,8038140000; -0,6608380000
202200027931;9;9;2022;18:05;2;59;59239;2;1;2;6;ALLIES (BOULEVARD DES);50,4328100000;3,1872000000
202200027932;9;11;2022;19:20;3;94;94038;1;1;1;2;AUTOROUTE A6B;48,7740987312;2,3454809067
202200027933;28;9;2022;11:00;1;59;59122;2;1;1;6;CANTIMPRE (RUE);50,1766300000;3,2259200000
202200027934;9;11;2022;12:50;1;92;92002;1;1;1;5;AUTOROUTE A10;48,7305641950;2,3085177541
202200027935;9;11;2022;09:50;1;91;91471;1;1;1;3;RN 118;48,7124200000;2,1827600000
202200027936;9;11;2022;07:40;1;91;91617;1;1;1;7;RN 104;48,6443200000;2,5376200000
202200027937;9;11;2022;15:30;1;93;93064;1;1;1;6;AUTOROUTE A86;48,8631400000;2,4828400000
202200027938;30;9;2022;14:00;1;55;55545;2;1;1;2;PELAS ( DU );49,1571100000;5,3998100000
202200027939;9;11;2022;20:30;5;94;94069;1;1;1;2;A4;48,8172046066;2,4285178250
202200027940;12;9;2022;08:30;1;54;54263;2;9;1;6;COMMUNE DE PARIS (RUE DE LA);49,2249900000;5,9814600000
202200027941;9;11;2022;15:00;1;94;94042;1;1;1;2;A4;48,8274342642;2,4691540168
202200027942;26;9;2022;18:20;1;50;50147;2;1;8;6;ALSACE LORRAINE (BOULEVARD);49,0532600000; -1,4419500000
202200027943;9;11;2022;18:30;1;77;77258;1;1;1;6;A4.W;48,8317016358;2,6457240122
202200027944;16;9;2022;17:03;1;49;49328;2;1;1;6;ALSACE (RUE D');47,2592220000; -0,0866870000
202200027945;25;9;2022;19:42;2;49;49328;1;9;1;2;CADRE NOIR (PONT DU) N 347;47,2726728944; -0,0818288326
202200027946;6;11;2022;03:40;5;972;97213;1;1;2;5;AUTOROUTE A1;14,6110400000; -61,0067700000
202200027947;26;10;2022;18:20;5;67;67482;2;1;1;6;ROTHAU (RUE DE);48,5787400000;7,7287000000
202200027948;29;9;2022;14:40;1;47;47001;2;2;2;3;CARNOT (BD DU PRESIDENT);44,1993800000;0,6203500000
202200027949;7;11;2022;15:20;1;44;44162;2;6;1;6;86 Avenue de la Branchoire;47,2173800000; -1,6125400000
202200027950;7;11;2022;11:00;1;42;42095;2;1;1;6;Boulevard Fayol;45,3915700000;4,2903100000
202200027951;28;9;2022;20:36;5;42;42183;1;1;3;1;Route de Caintin;45,4126406214;4,3713632778
202200027952;20;1;2022;15:18;1;91;91174;2;1;1;6;BD HENRI DUNANT;48,6047390000;2,4823230000
202200027953;1;10;2022;10:25;1;41;41047;2;1;2;3;RD 2152;47,6041900000;1,3507200000
202200027954;18;1;2022;14:30;1;91;91174;2;1;1;3;RUE CHAMPLOUIS;48,6106000000;2,4798280000
202200027955;20;9;2022;17:40;1;40;40192;2;1;1;2;HOUGA (AV DU);43,8871785938; -0,5000721912
202200027956;14;1;2022;07:05;2;91;91174;2;1;1;1;QUAI DE L APPORT PARIS;48,6171600000;2,4778800000
202200027957;8;1;2022;18:15;5;91;91174;2;1;2;3;RUE JEAN COCTEAU;48,6097300000;2,4480100000
202200027958;30;9;2022;11:30;1;38;38423;2;3;1;3;AVENUE GÉNÉRAL LECLERC;45,2126800000;5,7002200000
202200027959;1;1;2022;00:45;4;91;91228;2;1;2;2;RPT GEORGES DELBARD;48,6395968316;2,4350515008
202200027960;29;9;2022;20:07;3;33;33318;2;2;8;3;Avenue de Magellan;44,7906800000; -0,6574100000
202200027961;8;11;2022;17:10;1;973;97302;2;1;2;2;ZEPHIR (ROCADE);4,9388200000; -52,3059600000
202200027962;26;9;2022;18:00;1;33;33529;1;1;1;3;CAZAUX (BD DE);44,5832000000; -1,1396400000
202200027963;20;5;2022;13:20;1;75;75116;2;5;1;3;AVENUE PAUL DOUMER;48,8597222610;2,2789804637
202200027964;8;11;2022;13:20;1;973;97302;2;3;2;3;BADUEL (ROUTE DE);4,9375500000; -52,3159000000
202200027965;20;5;2022;23:15;5;75;75115;2;1;1;6;RUE DE LA FEDERATION;48,8536340000;2,2947990000
202200027966;8;11;2022;10:15;1;973;97302;2;3;1;3;TECLE (EUGENE) CITE THEMIRE;4,9329293410; -52,3216581345
202200027967;27;9;2022;17:00;1;31;31483;1;1;1;6;Boulevard Charles de Gaulle;43,1089800000;0,7222600000
202200027968;7;11;2022;17:50;2;973;97302;1;1;2;3;ROUTE NATIONALE 3;4,9047300152; -52,3185038567
202200027969;21;5;2022;18:45;1;75;75114;2;5;1;3;BOULEVARD RASPAIL;48,8419397847;2,3294958472
202200027970;28;9;2022;18:35;1;30;30007;2;3;1;6;SILHOL (MONTEE);44,1258200000;4,0922600000
202200027971;8;11;2022;02:30;1;973;97309;2;3;1;6;TROUBIRAN (CHEMIN DE);4,9211772430; -52,3040843010
202200027972;21;5;2022;13:40;1;75;75120;2;1;1;3;BD PERIPHERIQUE INTERIEUR;48,8755560000;2,4099530000
202200027973;6;11;2022;23:30;5;973;97302;1;1;3;7;ROUTE NATIONALE 1;4,9026400000; -52,3245400000
202200027974;1;10;2022;15:30;1;29;29019;2;1;1;6;boulevard de l'Europe;48,4129992517; -4,4998075962
202200027975;7;11;2022;16:10;1;69;69387;2;1;1;6;Rue Capitaine Robert Cluzan;45,7505500000;4,8413500000
202200027976;21;5;2022;23:25;5;75;75111;2;2;1;6;RUE VOLTAIRE;48,8528160000;2,3924410000
202200027977;29;9;2022;17:00;1;29;29019;2;1;1;7;rue de Vendée;48,4043500000; -4,5115000000
202200027978;8;11;2022;12:50;1;972;97209;2;3;1;3;ISAMBERT (RUE);14,6047000000; -61,0717600000
202200027979;8;11;2022;18:23;3;2B;2B120;1;1;1;2;11 - RT;42,6495100000;9,4404300000
202200027980;21;5;2022;14:15;1;75;75109;2;2;1;2;RUE LE PELETIER;48,8732190000;2,3387330000
202200027981;8;11;2022;11:30;1;2B;2B033;2;1;1;2;11 - RT;42,6990900000;9,4523400000
202200027982;30;9;2022;08:30;1;28;28229;2;1;1;6;RESISTANCE (PLACE DE LA);48,4506300000;1,4637000000
202200027983;21;5;2022;12:10;1;75;75108;2;4;1;3;BOULEVARD DES BATIGNOLLES;48,8812462179;2,3166091740
202200027984;8;11;2022;12:17;1;2B;2B033;2;1;1;6;GAUDIN - BLD AUGUSTE;42,6946700000;9,4483600000
202200027985;21;5;2022;02:15;5;75;75107;2;1;1;6;AVENUE DE SUFFREN;48,8526255594;2,2986765951
202200027986;27;9;2022;08:30;1;27;27375;2;2;1;3;MASSACRE (RUE);49,2111600000;1,1595900000
202200027987;8;11;2022;14:30;1;971;97120;2;1;1;6;CHANZY (BOULEVARD);16,2410200000; -61,5359500000
202200027988;20;5;2022;23:15;5;75;75115;2;2;1;6;RUE DE LA CROIX NIVERT;48,8399880000;2,2903630000
202200027989;7;11;2022;09:50;1;971;97101;2;9;1;3;ROUTE DES ABYMES;16,2516600000; -61,5264700000
202200027990;29;9;2022;17:00;1;27;27299;1;1;1;7;RN 154;49,0534000000;1,1774400000
202200027991;21;5;2022;21:05;1;75;75101;2;3;7;6;RUE DE RIVOLI;48,8608122074;2,3412057012
202200027992;7;11;2022;01:15;5;971;97107;2;4;1;2;DELGRES ( BOULEVARD );16,0614097242; -61,5663474798
202200027993;29;9;2022;14:10;1;27;27229;2;1;1;3;QUATORZE JUILLET (BOULEVARD);49,0153500000;1,1800100000
202200027994;8;11;2022;07:55;1;2A;2A004;1;6;1;3;T21;41,9276300000;8,7964600000
202200027995;21;5;2022;15:45;1;75;75102;2;1;1;1;BOULEVARD DE SEBASTOPOL;48,8666109346;2,3527519405
202200027996;30;9;2022;17:00;1;25;25056;2;2;1;3;CASSOTTE  RUE DE LA;47,2462900000;6,0300000000