Num_Acc;jour;mois;an;hrmn;lum;dep;com;agg;int;atm;col;adr;lat;long
202200027997;29;9;2022;17:40;1;25;25056;2;1;1;6;Rue de la Grette;47,2288300000;6,0094100000
202200027998;21;5;2022;04:00;5;75;75102;2;3;1;1;RUE SAINTE ANNE;48,8684320000;2,3365150000
202200027999;7;11;2022;16:45;1;91;91161;2;1;2;6;RUE PIERRE MENDES FRANCE;48,6986870000;2,3151180000
202200028000;7;11;2022;20:45;5;91;91161;2;1;2;6;PL DE LA LIBERATION;48,7020600000;2,3210980000
202200028001;1;10;2022;08:56;1;22;22278;2;6;1;1;Boulevard de l'Atlantique;48,5191700000; -2,7918700000
202200028002;21;5;2022;03:30;5;75;75102;2;5;1;3;RUE SAINT AUGUSTIN;48,8688834243;2,3343868554
202200028003;8;11;2022;14:10;1;91;91657;2;1;1;7;RUE FREDERIC JOLIOT CURIE;48,7057700000;2,4225300000
202200028004;28;9;2022;16:25;1;22;22278;2;1;1;6;APOLLINAIRE (GUILLAUME);48,4967700000; -2,7476400000
202200028005;8;11;2022;09:15;1;91;91691;2;3;1;3;PASTEUR(RUE);48,6950510000;2,4806820000
202200028006;26;9;2022;08:00;2;21;21231;2;2;1;3;EDGAR FAURE (RUE);47,3102100000;5,0714200000
202200028007;8;11;2022;18:30;5;91;91687;2;1;1;4;DE CHATILLON (QUAI);48,6820000000;2,3850300000
202200028008;21;5;2022;19:10;1;94;94041;2;9;1;3;PAUL ANDRIEUX (R);48,8130453626;2,3701608180
202200028009;9;9;2022;17:56;1;21;21231;2;7;1;6;FRANCE LIBRE (PLACE);47,3502410000;5,0406480000
202200028010;8;11;2022;16:24;1;91;91687;2;6;1;3;GENERAL DE GAULLE (AVENUE DU);48,6814600000;2,3790000000
202200028011;21;5;2022;14:10;1;94;94028;2;6;1;3;Rue Daniel Costantini / Boulevard Jean-baptiste Oudry;48,7692100000;2,4614500000
202200028012;13;1;2022;14:20;1;91;91174;2;1;1;6;RUE DE PARIS;48,6047660000;2,4673780000
202200028013;29;9;2022;13:40;1;17;17415;1;1;1;4;PORT D'ENVAUX RUE DE;45,7664100000; -0,6439000000
202200028014;7;11;2022;17:48;2;87;87050;2;3;1;2;BEL-FONT (RUE DE);45,8674700000;1,2382000000
202200028015;21;5;2022;22:20;5;94;94018;2;3;1;3;Quai de Bercy / Rue du Nouveau Bercy;48,8232100000;2,3963100000
202200028016;29;9;2022;10:40;1;17;17415;2;2;1;3;LUCERAT CHEMIN DE;45,7283900000; -0,6431500000
202200028017;6;11;2022;17:29;1;87;87085;2;1;1;3;BAUDIN ( AVENUE) (VC);45,8269300000;1,2594000000
202200028018;20;5;2022;22:45;5;93;93064;2;1;1;6;Rue du Rhin;48,8663600000;2,4976600000
202200028019;28;9;2022;17:32;1;17;17415;1;1;1;2;D137;45,7168200000; -0,6348200000
202200028020;21;5;2022;16:45;1;93;93051;2;1;1;6;Avenue Emile Cossonneau;48,8493646747;2,5644069315
202200028021;8;11;2022;11:10;1;85;85194;2;3;8;6;Place guynemer;46,4953200000; -1,7768100000
202200028022;27;9;2022;21:45;5;17;17415;2;1;1;7;GENET 6 A ROCADE OUEST COURS;45,7451230000; -0,6617150000
202200028023;7;11;2022;16:15;1;83;83144;2;9;1;6;FRANCE (AVE / IMP ANATOLE);43,1364700000;5,9796000000
202200028024;27;9;2022;08:30;1;17;17415;1;1;1;7;N150;45,7142519680; -0,6718906932
202200028025;21;5;2022;21:20;2;93;93005;2;6;1;3;Rue Pierre Sémard / Avenue Charles de Gaulle;48,9298200000;2,4805900000
202200028026;7;11;2022;17:25;2;83;83126;2;1;1;6;LAGANE (AMABLE);43,1009400000;5,8809000000
202200028027;7;11;2022;16:45;2;80;80021;2;2;1;3;LEMERCHIER (RUE);49,8819800000;2,2987500000
202200028028;18;5;2022;18:30;1;92;92064;2;4;1;3;CAMP CANADIEN;48,8579213859;2,2108652294
202200028029;6;11;2022;01:52;5;80;80021;2;1;1;6;HALEINE RIDOUX (RUE);49,8858600000;2,3302400000
202200028030;27;9;2022;20:05;5;14;14118;2;3;2;3;Boulevard Georges Pompidou;49,1816920000; -0,4017050000
202200028031;21;5;2022;22:52;5;92;92050;2;1;1;6;PICASSO PABLO AVENUE;48,8886589592;2,2223340869
202200028032;8;11;2022;08:30;1;78;78440;2;9;1;3;VERNEUIL (ROUTE DE);48,9980600000;1,9238830000
202200028033;29;9;2022;15:40;1;09;09121;2;9;1;6;D1;42,9481800000;1,6166100000
202200028034;20;5;2022;23:04;5;92;92048;2;3;1;2;MAL DE LATTRE DE TASSIGNY (AVENUE);48,7868253941;2,2310995459
202200028035;26;9;2022;16:41;1;08;08105;2;9;3;6;Avenue de Saint-Julien;49,7612521837;4,7134874761
202200028036;8;11;2022;19:50;5;77;77108;2;1;1;5;D934;48,8675100000;2,5717100000
202200028037;21;5;2022;03:20;3;13;13211;1;1;1;2;A50-Sens Marseille vers Aubagne;43,2895000000;5,4462500000
202200028038;28;9;2022;12:30;1;07;07316;2;1;2;6;Avenue Olivier de Serres;44,8855700000;4,8514700000
202200028039;8;11;2022;19:40;3;77;77215;2;2;1;6;D32;48,7345100000;2,7379400000
202200028040;19;5;2022;23:38;3;13;13005;1;1;1;2;A50-Sens Aubagne vers Marseille;43,2880400000;5,5624600000
202200028041;1;10;2022;17:37;1;04;04112;2;1;1;2;;43,8307090000;5,7942740000
202200028042;7;11;2022;17:45;5;77;77449;1;1;2;2;D345;48,8477300000;2,7779600000
202200028043;20;5;2022;22:45;3;91;91161;1;1;1;3;AUTOROUTE A126;48,7080800000;2,3069500000
202200028044;27;4;2022;14:30;1;93;93053;2;1;1;2;Rue de Brément;48,8874933704;2,4649093149
202200028045;8;11;2022;10:50;1;76;76540;2;1;1;6;Quai Pierre Corneille;49,4376100000;1,0940100000
202200028046;21;5;2022;15:04;1;78;78402;1;1;1;7;A13;48,9640000000;1,7844900000
202200028047;7;11;2022;18:25;3;71;71270;2;3;1;6;Route de Macon (Saint-Jean-le-Priche);46,3696100000;4,8563300000
202200028048;21;5;2022;06:46;1;78;78431;1;1;1;3;A13;48,9370300000;1,9601400000
202200028049;8;11;2022;13:10;1;69;69266;2;3;1;6;Rue Léon Blum;45,7598600000;4,8953300000
202200028050;21;5;2022;03:30;3;93;93053;1;1;1;6;AUTOROUTE A3;48,8798000000;2,4504900000
202200028051;6;11;2022;14:19;1;66;66136;2;3;1;3;;42,6951300000;2,8895700000
202200028052;29;9;2022;16:15;1;92;92004;2;2;1;1;PAUL DEROULEDE;48,9113500000;2,2826000000
202200028053;20;5;2022;11:50;1;95;95306;1;1;2;3;A15;49,0014710000;2,1723040000
202200028054;8;11;2022;17:10;2;64;64335;2;1;2;1;Rue Lacaussade;43,3329977069; -0,4303336143
202200028055;29;9;2022;07:03;2;83;83137;2;1;1;2;A50;43,1223056636;5,9395144880
202200028056;7;11;2022;08:50;1;64;64373;2;1;1;3;D100;43,2821000000; -0,3564100000
202200028057;21;5;2022;19:25;1;94;94079;1;1;1;2;A4;48,8359206125;2,5399074801
202200028058;30;9;2022;17:45;1;33;33397;1;1;1;3;AUTOROUTE A 10;44,9158530000; -0,4783210000
202200028059;21;5;2022;11:45;1;94;94073;1;1;1;3;A86 EXT;48,7542676036;2,3814083116
202200028060;29;9;2022;15:48;1;33;33249;1;1;1;2;ROCADE A 630;44,8834675946; -0,5202466249
202200028061;7;11;2022;16:20;1;59;59178;2;3;1;3;ALSACE (QUAI D');50,3774100000;3,0841700000
202200028062;28;9;2022;18:10;1;33;33550;1;1;2;7;ROCADE A 630;44,7814300000; -0,5820800000
202200028063;8;11;2022;09:00;1;51;51454;2;1;1;3;avenue Brébant;49,2542510000;4,0173590000
202200028064;15;1;2022;19:45;5;74;74218;2;3;1;3;SAVOIE (AVENUE DE)  RD61;46,3849180000;6,5276940000
202200028065;27;9;2022;17:10;1;33;33550;1;1;1;2;ROCADE A 630;44,7776400000; -0,5619300000
202200028066;7;11;2022;10:50;1;49;49015;2;2;2;3;DUNANT RUE HENRI ET ROND POINT;47,5010000000; -0,5886700000
202200028067;30;9;2022;08:00;1;94;94017;1;1;1;2;A4;48,8276988218;2,5065179704
202200028068;5;1;2022;21:35;3;74;74281;1;1;8;5;CONTOURNEMENT;46,3546500000;6,4668900000
202200028069;7;11;2022;21:38;5;44;44184;2;2;1;3;6 Allée des Violettes;47,2625000000; -2,2450000000
202200028070;29;9;2022;09:30;1;94;94065;1;1;1;2;N186;48,7537319733;2,3557683493
202200028071;20;5;2022;20:50;5;988;98818;2;1;2;6;ROUTE DE LA BAIE DES DAMES; -22,2410700000;166,4469100000
202200028072;15;10;2022;11:46;1;42;42218;2;1;1;3;Rue Georges Teissier;45,4368100000;4,3834200000
202200028073;22;9;2022;08:15;1;77;77294;1;1;2;2;A104;48,9656660000;2,6075480000
202200028074;20;5;2022;11:55;1;973;97302;2;1;1;6;FELIX EBOUE(ROCADE);4,9287100000; -52,3165600000
202200028075;8;11;2022;19:30;3;38;38158;1;1;1;4;RN 87;45,1510500000;5,7343200000
202200028076;29;9;2022;07:10;3;94;94018;1;1;1;3;A4;48,8176679679;2,4148114130
202200028077;9;11;2022;00:45;5;37;37261;2;3;2;7;TRANCHEE (AVENUE DE LA);47,4077058673;0,6818604469
202200028078;20;5;2022;19:15;1;69;69383;2;2;1;3;Rue du Capitaine;45,7505700000;4,8853400000
202200028079;28;9;2022;18:45;1;77;77294;1;1;1;2;A104;48,9677700000;2,6019100000
202200028080;7;11;2022;16:35;1;37;37261;2;1;1;2;GIRAUDEAU (RUE);47,3859800000;0,6767200000
202200028081;20;5;2022;17:00;1;69;69383;2;2;1;3;Rue François Gillet;45,7597300000;4,8741100000
202200028082;8;11;2022;13:25;1;35;35238;2;1;6;3;TOUR D'AUVERGNE (BD DE LA);48,1040198030; -1,6845962405
202200028083;28;9;2022;09:15;1;77;77294;1;1;1;6;A104;48,9582050000;2,6241840000
202200028084;20;5;2022;16:10;1;69;69383;2;2;1;6;Avenue du Château;45,7493000000;4,8861000000
202200028085;8;11;2022;08:43;1;33;33167;2;3;8;3;Quai de la Souys;44,8206300000; -0,5317900000
202200028086;29;6;2022;14:15;1;83;83062;2;1;1;2;ROUTE DE HYERES;43,1378400000;6,0217900000
202200028087;20;5;2022;05:45;5;69;69386;2;2;1;3;Rue de la Viabert;45,7663300000;4,8672000000
202200028088;8;11;2022;22:29;5;31;31555;2;2;1;3;AV DE LARDENNE;43,5920980000;1,3995580000
202200028089;29;6;2022;12:00;1;83;83144;2;1;1;3;DUCHATEL (AVE FRANCOIS);43,1422870000;5,9883670000
202200028090;20;5;2022;07:35;1;972;97213;2;1;1;3;MORNE PITAULT (ROUTE DE);14,6249900000; -60,9770000000
202200028091;8;11;2022;11:40;1;30;30007;2;2;2;6;LAFARE ALAIS (RUE);44,1240141541;4,0756967068
202200028092;23;6;2022;12:00;1;83;83137;2;1;1;6;SAINTE CLAIRE DEVILLE (RUE HENRI);43,1272900000;5,9775100000
202200028093;20;5;2022;11:29;1;69;69385;2;4;1;6;Rue Appian;45,7570800000;4,8105700000
202200028094;7;11;2022;14:00;1;29;29232;2;1;1;2;Route de Benodet;47,9712960000; -4,0866720000
202200028095;21;6;2022;19:45;1;83;83137;2;1;1;7;INFANTERIE DE MARINE (AVE D');43,1165300000;5,9353600000
202200028096;20;5;2022;09:00;1;69;69081;2;1;1;3;Boulevard du Valvert;45,7658000000;4,7685100000
202200028097;21;6;2022;07:45;1;83;83137;2;1;1;6;VERT COTEAU (AVE DU);43,1252389317;5,9427237511
202200028098;19;5;2022;17:43;1;69;69389;2;1;1;6;Quai Chauveau;45,7690200000;4,8125700000
202200028099;21;6;2022;00:01;5;83;83137;2;1;1;1;BOURGEOIS (BD LEON);43,1233000000;5,9480700000
202200028100;8;11;2022;18:12;5;15;15014;2;1;1;3;POMPIDOU (AVENUE GEORGES);44,9115000000;2,4490000000
202200028101;20;5;2022;15:15;1;2B;2B033;2;1;1;2;MONTE PIANO -CHEMIN DE;42,6996500000;9,4439500000
202200028102;18;6;2022;09:45;1;83;83137;2;1;1;6;MALON (AVE BENOIT);43,1229200000;5,9552800000
202200028103;19;5;2022;19:05;1;95;95585;2;1;1;6;Avenue Pierre Koenig;48,9807216269;2,3866027594
202200028104;18;6;2022;07:50;1;83;83137;2;1;1;6;PASSY (AVE FREDERIC);43,1213410000;5,9478180000
202200028105;3;11;2022;13:55;1;14;14225;1;1;2;5;D45;49,2835860000; -0,0824530000
202200028106;15;6;2022;19:10;1;83;83137;2;1;1;6;TIRAILLEURS SENEGALAIS (AVE DES);43,1117200000;5,9328600000
202200028107;20;5;2022;20:05;1;95;95019;2;3;1;3;marcel baudrat;48,9840000000;2,4180000000
202200028108;8;11;2022;12:50;1;13;13117;1;1;1;3;ANGLETERRE (VOIE D');43,4246700000;5,2595900000
202200028109;10;6;2022;08:10;2;14;14761;1;1;1;7;D41;49,1233720000; -0,1887380000
202200028110;7;11;2022;16:30;1;07;07102;2;9;1;3;PROVENCE (AVENUE DE);44,9236597130;4,8688530922
202200028111;20;5;2022;16:40;1;95;95598;2;1;1;2;RD 109;48,9818177377;2,2927629948
202200028112;4;10;2022;19:30;2;75;75116;2;1;1;3;PORTE DAUPHINE;48,8705000000;2,2722200000
202200028113;8;11;2022;11:35;1;07;07019;2;1;1;3;BELLANDE (AVENUE DE );44,6107100000;4,3968400000
202200028114;20;5;2022;23:45;5;91;91377;2;3;1;3;AV NATIONALE;48,7282500000;2,2847100000
202200028115;8;11;2022;18:45;5;06;06088;2;1;1;6;CIMIEZ (BD) A PARTIR DU 16-17;43,7133700000;7,2716200000
202200028116;3;10;2022;20:00;5;75;75115;2;1;1;5;PORTE DE SEVRES;48,8304880000;2,2851770000
202200028117;8;11;2022;16:40;2;06;06029;2;1;8;6;BACHAGA SAID BOUALAM (AVENUE);43,5540000000;7,0172000000
202200028118;20;5;2022;06:00;1;91;91421;2;4;1;3;CORBEIL (ROUTE DE);48,7137480000;2,4431800000
202200028119;7;11;2022;16:15;1;04;04070;2;1;1;6;DEMONTZEY (AV.);44,0913100000;6,2312500000
202200028120;3;10;2022;13:40;1;75;75118;2;1;1;4;PORTE D AUBERVILLIERS;48,9003680000;2,3751870000
202200028121;7;11;2022;19:15;5;04;04070;2;1;1;7;verdun ( avenue de );44,0877200000;6,2185000000
202200028122;20;5;2022;17:00;1;91;91432;2;2;1;3;PL GABRIEL FONTAINE;48,7000000000;2,3333000000
202200028123;2;10;2022;21:05;5;75;75118;2;1;1;4;PORTE DE CLIGNANCOURT;48,9012360000;2,3521120000
202200028124;8;11;2022;14:00;1;01;01053;2;6;1;3;PICASSO ( AVENUE PABLO);46,2014100000;5,2490370000
202200028125;20;5;2022;13:21;1;91;91223;2;1;1;1;RD 191;48,4335910000;2,1817220000
202200028126;30;6;2022;10:34;1;22;22070;2;1;1;6;Place du Champ au Roy;48,5624780000; -3,1492350000
202200028127;19;5;2022;15:10;1;88;88160;2;3;1;1;CLEMENCEAU (PL. ET PT.);48,1789600000;6,4463000000
202200028128;1;10;2022;20:40;5;75;75120;2;1;1;4;PORTE DE BAGNOLET;48,8696430000;2,4132670000
202200028129;26;7;2022;16:30;1;22;22070;2;1;1;3;4 Rue de l Yser;48,5644640000; -3,1544770000
202200028130;19;5;2022;13:19;1;87;87085;2;1;1;2;FOUGERAS (RUE DE);45,8688400000;1,2964200000
202200028131;8;7;2022;13:41;1;22;22106;2;3;1;1;CHAMPS RENAUD (RUE DES);48,4878000000; -2,7069300000
202200028132;1;10;2022;17:40;1;75;75120;2;1;1;5;PORTE DES LILAS;48,8747450000;2,4105430000
202200028133;18;5;2022;10:45;1;83;83009;2;4;1;2;BEAUSSET (ROUTE DU);43,1397232331;5,7704932094
202200028134;6;7;2022;10:50;1;22;22187;2;1;1;7;LEQUIER (Rue Jules);48,5417560000; -2,7771280000
202200028135;3;10;2022;22:45;5;75;75118;2;3;1;2;RUE ORDENER;48,8939020000;2,3343620000
202200028136;31;8;2022;17:30;1;22;22164;1;2;8;3;Le Loc;48,5867920000; -3,2541100000
202200028137;18;5;2022;16:30;1;80;80724;2;1;1;4;RD 210;49,8589700000;2,2529900000
202200028138;4;10;2022;14:10;1;75;75119;2;3;1;6;AVENUE JEAN JAURES;48,8836060000;2,3733750000
202200028139;29;8;2022;18:30;1;22;22083;1;1;1;6;Le Pont de Colan;48,1490520000; -2,3673610000
202200028140;18;5;2022;14:00;1;80;80131;1;1;1;1;RD935;49,8327900000;2,4192800000
202200028141;29;9;2022;18:10;1;75;75117;2;1;1;3;AVENUE DE CLICHY;48,8931063117;2,3158487678
202200028142;29;8;2022;10:00;1;22;22198;1;1;1;2;23 Route de Crec'H Meur;48,7794360000; -3,4928530000
202200028143;17;5;2022;12:58;1;80;80021;2;4;1;3;BAILLON (RUE);49,8986200000;2,2951500000
202200028144;4;10;2022;16:30;1;75;75116;2;1;1;6;ALLEE DE LA REINE MARGUERITE;48,8697310000;2,2522640000
202200028145;27;8;2022;16:55;1;22;22215;1;1;1;6;GRANDE VILLEMAIN (RUE DE LA);48,4808000000; -2,8234000000
202200028146;17;5;2022;08:00;1;80;80021;2;1;7;6;SAINT QUENTIN (BOULEVARD);49,8792608487;2,2985824943
202200028147;3;10;2022;12:30;1;75;75116;2;4;1;2;VOIE GEORGES POMPIDOU;48,8452520000;2,2728380000
202200028148;27;8;2022;11:00;1;22;22179;1;1;1;1;RD 34 lieu dit la ville nieux;48,6260160000; -2,3361020000
202200028149;15;5;2022;16:23;1;80;80021;2;1;1;3;PAIX (AVENUE DE LA);49,9116400000;2,3023000000
202200028150;3;10;2022;18:20;1;75;75114;2;1;8;6;BOULEVARD BRUNE;48,8259010000;2,3138760000
202200028151;20;5;2022;17:30;1;78;78502;2;9;1;2;SAINT GERMAIN (AVENUE DE);48,8807760000;2,1084290000
202200028152;4;10;2022;18:30;1;75;75113;2;3;1;3;AVENUE D ITALIE;48,8251420000;2,3575800000
202200028153;20;5;2022;12:20;1;76;76305;1;1;3;2;INDUSTRIELLE (ROUTE);49,4817000000;0,2436100000
202200028154;4;10;2022;18:15;1;75;75120;2;5;1;6;RUE DU BORREGO;48,8727300000;2,3992420000
202200028155;18;5;2022;23:29;3;76;76476;2;9;1;6;1965 Route de l’Abbaye;49,5139900000;0,6187900000
202200028156;4;10;2022;15:32;1;75;75104;2;2;1;5;QUAI DE L HOTEL DE VILLE;48,8533290000;2,3578070000
202200028157;20;5;2022;19:40;1;74;74010;2;4;1;4;BROGNY (AVENUE DE) (SECTEUR 320);45,9194400000;6,1256600000
202200028158;20;5;2022;06:40;2;72;72181;1;1;2;6;24 HEURES (RUE DES);47,9563090000;0,2070330000
202200028159;4;10;2022;12:20;1;75;75101;2;7;1;3;PLACE VENDOME;48,8670900000;2,3290300000
202200028160;19;5;2022;15:54;1;66;66136;1;1;1;2;R D 900;42,6749700000;2,8650500000
202200028161;4;10;2022;08:00;1;94;94081;2;1;1;3;JEAN JAURES (AV);48,7939960000;2,3999090000
202200028162;19;5;2022;10:00;1;66;66136;1;1;1;2;RD 914;42,6725900000;2,8912500000
202200028163;4;10;2022;12:15;1;94;94076;2;2;1;3;PARIS (AV DE);48,8056500000;2,3637100000
202200028164;21;5;2022;00:15;5;64;64483;2;3;1;3;Avenue André Ithurralde;43,4015100000; -1,6368500000
202200028165;4;10;2022;07:40;1;94;94003;2;1;1;6;Avenue Aristide Briand;48,8054100000;2,3256100000
202200028166;20;5;2022;16:55;1;64;64545;1;1;8;1;IBARDIN (ROUTE D');43,3530300000; -1,6896500000
202200028167;4;10;2022;21:13;5;94;94041;2;3;1;3;SAINT JUST (R);48,8114810000;2,3903710000
202200028168;19;5;2022;15:00;1;64;64445;2;1;1;2;LILAS DES;43,3091000000; -0,3443900000
202200028169;4;10;2022;07:30;5;94;94021;2;1;5;3;Boulevard Jean Mermoz;48,7688900000;2,3371700000
202200028170;19;5;2022;07:55;1;64;64132;1;1;2;1;D802;43,2877300000; -0,3355800000
202200028171;4;10;2022;07:15;5;94;94028;2;1;5;6;Impasse des Marais;48,7771500000;2,4322200000
202200028172;20;5;2022;18:50;1;64;64102;2;1;1;7;Avenue de Mounédé;43,4985400000; -1,4579300000
202200028173;26;9;2022;01:32;5;94;94011;2;1;1;6;Rue Pierre Sémard;48,7622338724;2,4752028286
202200028174;20;5;2022;15:30;1;64;64024;2;4;1;3;GIROUETTE (ROUTE DES);43,4720000000; -1,5008400000
202200028175;4;10;2022;09:40;1;94;94069;2;1;8;2;51 Rue du Val d'Osne;48,8228040000;2,4231250000
202200028176;20;5;2022;13:45;1;62;62193;2;2;2;3;GREUZE;50,9476700000;1,8831400000
202200028177;3;10;2022;17:25;1;94;94075;2;3;1;1;Rue des Mardelles / Chemin du Quartier;48,7112500000;2,5251800000
202200028178;23;4;2022;14:30;1;62;62119;2;2;1;6;HUGO ( RUE VICTOR );50,5308600000;2,6424200000
202200028179;4;10;2022;17:40;1;93;93073;2;2;1;6;Avenue Henri Barbusse / Rue Hector Berlioz;48,9595500000;2,5721200000
202200028180;16;5;2022;17:40;1;62;62688;2;1;1;6;BERCK (ROUTE DE);50,4168630000;1,6377930000
202200028181;20;5;2022;00:45;4;60;60463;2;6;1;6;;49,2782700000;2,4617200000
202200028182;4;10;2022;16:02;1;93;93055;2;3;1;3;Rue Maurice Borreau / Avenue Jean Lolive;48,8939549916;2,4171629645
202200028183;21;5;2022;00:10;5;59;59350;2;9;1;6;BASSEE RUE DE LA;50,6270967573;3,0391681194
202200028184;4;10;2022;20:05;5;93;93049;2;3;1;6;Rue Paul Letombe / Avenue du Président John Kennedy;48,8641605461;2,5123753203
202200028185;20;5;2022;13:05;1;56;56121;2;6;7;6;LECLERC ( BD GENERAL );47,7499100000; -3,3663700000
202200028186;20;5;2022;09:45;1;54;54395;2;1;1;6;COMMANDERIE (RUE/PLACE DE LA);48,6860300000;6,1691000000
202200028187;4;10;2022;18:20;1;93;93046;2;2;1;3;Boulevard Jean Jaurès / Allée Montpensier;48,9216101002;2,5252266401
202200028188;4;10;2022;12:15;1;93;93007;2;2;1;1;Avenue Georges Guynemer / Avenue Marcel Alizard;48,9454504685;2,4456497571
202200028189;19;5;2022;13:09;1;54;54483;2;1;1;5;rue colonel Fabien;48,6336000000;6,3089700000
202200028190;4;10;2022;09:37;1;92;92073;2;1;1;6;ROUSSEAU (RUE JEAN-JACQUES);48,8641190000;2,2198780000
202200028191;20;5;2022;15:37;1;51;51454;2;6;8;7;rue de Louvois;49,2321400000;4,0334800000
202200028192;29;9;2022;12:54;1;92;92063;2;1;1;6;GIMONT (RUE PAUL);48,8661100000;2,1962400000
202200028193;20;5;2022;13:40;1;51;51454;2;3;2;1;avenue de l'Yser;49,2494540000;4,0562560000
202200028194;4;10;2022;18:27;2;92;92063;2;1;1;6;NATIONAL BOULEVARD;48,8861900000;2,1883500000
202200028195;4;10;2022;09:55;1;92;92050;2;1;1;2;boulevard Aimé Césaire;48,8929100000;2,2273100000
202200028196;21;5;2022;01:17;5;49;49007;2;1;1;6;FAURE QUAI;47,4827600000; -0,5494000000
202200028197;21;5;2022;00:08;5;49;49267;2;1;1;7;Route d'ANGERS;47,4703300000; -0,5157000000
202200028198;4;10;2022;02:24;5;92;92062;2;1;1;2;Avenue du Président WILSON;48,8897090000;2,2388720000
202200028199;20;5;2022;13:30;1;49;49007;2;1;1;3;DOYENNE BOULEVARD ET PASSAGE;47,4883100000; -0,5361000000
202200028200;4;10;2022;08:50;1;92;92024;2;1;1;3;VICTOR HUGO (BD);48,9000326478;2,3146696687
202200028201;19;5;2022;20:55;1;49;49246;2;1;1;3;DAVID D'ANGERS;47,4391400000; -0,5325300000
202200028202;20;5;2022;06:25;1;49;49007;2;1;3;6;BOURG LA CROIX PLACE ET RUE;47,4518500000; -0,5248500000
202200028203;4;10;2022;06:48;2;92;92024;2;9;1;1;REPUBLIQUE (PLACE DE LA);48,9033460000;2,3131470000
202200028204;19;5;2022;10:39;1;49;49015;2;6;2;7;CHAMP DES MARTYRS CHEMIN DU;47,4906207591; -0,5823934078
202200028205;3;10;2022;15:40;1;92;92036;1;1;1;3;GRESILLONS ( AVENUE DES  );48,9190625950;2,3118973374
202200028206;20;5;2022;08:30;1;47;47201;2;1;1;2;MARNE (AV. DE LA);44,1936800000;0,5944200000
202200028207;3;10;2022;13:10;1;14;14251;2;1;1;2;Rue du Bas d'Esson;48,9588800000; -0,4794500000
202200028208;20;5;2022;07:58;1;47;47001;2;1;1;3;MIDI (AVENUE DU);44,1843560000;0,6170350000
202200028209;5;10;2022;12:10;1;34;34155;1;1;1;6;D612;43,3595190000;3,1136880000
202200028210;20;5;2022;09:20;1;45;45234;2;2;1;3;1 Rue Fougereau;47,8943100000;1,9009100000
202200028211;5;10;2022;13:44;1;74;74112;1;1;1;1;Bretelle d'accès A41 Péage Annecy centre;45,8988069304;6,0948793351
202200028212;20;5;2022;08:35;1;45;45147;2;1;2;7;Rue André Dessaux;47,9264000000;1,8992100000
202200028213;2;10;2022;14:30;1;84;84143;1;3;1;3;chemin de la roberte;43,9983210000;5,1545620000
202200028214;19;5;2022;17:45;1;45;45208;2;1;1;4;D2007-PR 19+685;47,9942232029;2,7404197902
202200028215;4;10;2022;16:40;1;06;06044;2;1;1;1;Boulevard Honoré Teisseire;43,6861750000;7,1038200000
202200028216;19;5;2022;19:35;1;44;44184;1;1;1;1;D492;47,2850600000; -2,2496700000
202200028217;5;10;2022;13:30;1;13;13078;1;1;1;7;route plage nord - avenue de la mer;43,3917830000;4,8405610000
202200028218;15;4;2022;06:40;2;44;44184;2;1;1;6;Rue Gabriel Fauré;47,2700000000; -2,2390000000
202200028219;7;4;2022;05:15;2;44;44184;2;1;8;6;92 Boulevard des Apprentis;47,2961100000; -2,1840000000
202200028220;5;10;2022;07:40;1;84;84091;2;3;5;3;3 avenue de provence;44,1785130000;4,7600710000
202200028221;16;4;2022;15:05;1;43;43157;2;1;1;2;Rue Antoine Valette;45,0183607917;3,8953572453
202200028222;20;5;2022;20:30;1;42;42187;2;1;1;6;Place des Promenades Populle;46,0366671613;4,0669680833
202200028223;4;10;2022;17:20;1;06;06118;1;1;1;2;Route des Grottes;43,6570520000;6,8119100000
202200028224;5;10;2022;17:00;1;42;42167;1;1;1;6;Route de la Terrasse;45,4631110000;4,6681060000
202200028225;20;5;2022;11:30;1;37;37261;2;1;1;2;GANCE (BOULEVARD ABEL);47,4072556815;0,7214444876
202200028226;5;10;2022;11:30;1;50;50251;1;1;1;2;N13;49,4979600000; -1,4376050000
202200028227;18;5;2022;11:29;1;35;35238;2;2;1;6;FOUGERES (RUE DE);48,1223740185; -1,6615094841
202200028228;5;10;2022;08:45;1;85;85153;1;2;1;3;D113;46,7701520000; -1,0188850000
202200028229;18;5;2022;08:50;1;34;34032;2;2;1;3;KLEBER JEAN BAPTISTE (RUE);43,3478938056;3,2181341682
202200028230;5;10;2022;16:55;1;22;22020;2;6;1;6;31 Rue Typhaine de Raguenel;48,3127850000; -2,2623400000
202200028231;5;5;2022;11:20;1;33;33063;2;3;1;6;Rue Professeur Lannelongue;44,8675901742; -0,5756691098
202200028232;4;10;2022;17:20;1;83;83073;1;1;7;2;Route de Brignoles;43,3952140000;6,2742660000
202200028233;5;10;2022;08:18;1;31;31157;2;1;7;6;24 Rue du Stade;43,5405650000;1,3544400000
202200028234;19;5;2022;23:30;5;33;33063;2;3;1;5;Quai Louis XVIII;44,8450700000; -0,5705900000
202200028235;4;10;2022;22:45;3;67;67468;1;1;5;7;D919G, route de Sarreguemines;49,0477030000;7,0913900000
202200028236;5;5;2022;10:15;1;33;33063;2;2;1;3;Cours du Raccordement;44,8646396493; -0,5637466908
202200028237;13;5;2022;22:40;3;30;30189;2;1;1;6;MENDES FRANCE PIERRE (AVENUE);43,8135300000;4,3980400000