Num_Acc;jour;mois;an;hrmn;lum;dep;com;agg;int;atm;col;adr;lat;long
202200028967;3;3;2022;18:25;2;94;94002;2;1;1;3; Pont d'Ivry;48,8145900000;2,4107100000
202200028968;29;8;2022;11:30;1;63;63113;2;1;1;6;BLATIN (RUE);45,7769500000;3,0797400000
202200028969;4;3;2022;16:07;1;93;93078;2;2;1;3;Boulevard Robert Ballanger / Avenue Emile Dambel;48,9572700000;2,5450100000
202200028970;4;3;2022;10:59;1;93;93046;2;2;1;3;CONSUL GENERAL NORDLING AVENUE;48,9165500000;2,5315400000
202200028971;30;8;2022;17:25;1;59;59386;2;1;1;4;WAMBRECHIES RUE DE;50,6784426355;3,0638927221
202200028972;4;3;2022;08:40;1;93;93048;2;1;1;2;89 Bd Paul Vaillant Couturier;48,8679100000;2,4464600000
202200028973;30;8;2022;15:40;1;54;54339;2;4;1;1;GRANDE ALLEE;48,7055183211;6,1959108710
202200028974;4;3;2022;13:25;1;93;93027;2;1;1;3;Avenue Gabriel Péri;48,9270690000;2,3889220000
202200028975;3;3;2022;13:25;1;93;93027;2;1;1;3;Rue Pierre Curie;48,9208640000;2,3836460000
202200028976;29;8;2022;17:50;1;50;50129;2;2;1;3;SCHUMAN (BOULEVARD ROBERT);49,6364600000; -1,6257300000
202200028977;4;3;2022;10:35;1;92;92064;2;1;1;2;GOUNOD;48,8429915921;2,2135690302
202200028978;4;3;2022;08:35;1;92;92051;2;1;1;3;GENERAL LECLERC (BOULEVARD DU, N° 1 A 27;48,8899100000;2,2601870000
202200028979;30;8;2022;19:03;1;45;45169;2;1;1;3;184 Route Nationale;47,9295179042;1,8382476568
202200028980;3;3;2022;23:35;5;92;92036;2;9;1;3;MERCIERES (ROUTE DES);48,9356081708;2,2720945626
202200028981;30;8;2022;18:35;1;44;44109;2;1;1;6;4 Rue Pierre Etienne Flandin;47,2025720000; -1,5379150000
202200028982;4;3;2022;14:45;1;92;92035;2;1;1;6;Foch ( avenue );48,9080374952;2,2416528314
202200028983;30;8;2022;07:50;1;44;44162;2;1;1;3;20 Boulevard Charles De Gaulle;47,2109600000; -1,6259400000
202200028984;3;3;2022;08:05;1;92;92025;2;1;1;2;PAUL BERT (RUE);48,9278037901;2,2468872964
202200028985;2;3;2022;22:30;5;92;92025;2;2;1;3;PAUL BERT (RUE);48,9273928788;2,2470062524
202200028986;29;8;2022;04:40;3;44;44055;1;2;1;3;Route de L'immaculée;47,2832200000; -2,3159200000
202200028987;3;3;2022;07:20;1;92;92024;2;1;1;3;JEAN JAURES (BD) DE 47 A 109)   (56 A 14;48,9010550826;2,3053662926
202200028988;30;8;2022;21:50;5;37;37261;2;3;1;3;PROUDHON (AVENUE);47,3948200000;0,6713000000
202200028989;5;3;2022;16:50;1;2A;2A026;1;1;4;7;Départementale 26;41,8683820000;9,0150410000
202200028990;5;3;2022;09:20;1;41;41140;1;1;8;1;D922;47,4905580000;1,8074660000
202200028991;30;8;2022;15:06;1;37;37261;2;3;1;6;RENAULT (RUE DU GAL);47,3797017136;0,6717163324
202200028992;4;3;2022;19:25;4;974;97422;2;1;1;1;180 Rue des Flamboyants; -21,2784760000;55,4984620000
202200028993;30;8;2022;16:15;1;35;35238;2;6;1;3;RN137;48,0812900000; -1,6751600000
202200028994;4;3;2022;22:20;3;62;62852;1;1;1;7;Départementale 229;50,9304850000;2,0715450000
202200028995;4;3;2022;07:15;2;59;59250;1;1;1;3;N41;50,5876240000;2,9214300000
202200028996;30;8;2022;17:45;1;35;35238;2;1;1;2;ROOSEVELT (BD FRANKLIN);48,0962982740; -1,6604000330
202200028997;4;3;2022;17:30;1;60;60176;2;9;1;3;Rue des Cèdres;49,2240190000;2,8929230000
202200028998;30;8;2022;15:10;1;33;33192;2;6;1;2;Avenue de la Grande Lande;44,7757800000; -0,6427500000
202200028999;4;3;2022;16:00;1;50;50535;1;1;1;6;A84 PK 177+177;48,7373710000; -1,2943700000
202200029000;29;8;2022;15:30;1;33;33522;2;1;1;2;Cours de la Libération;44,8044600000; -0,5926100000
202200029001;5;3;2022;07:00;1;69;69096;2;3;1;3;Rue Pierre Semard;45,6127027324;4,7980910540
202200029002;31;8;2022;00:05;5;29;29254;2;6;1;6;Giratoire de Traon Kerret;48,5640300560; -3,8389377590
202200029003;30;8;2022;17:25;1;29;29039;2;9;1;2;Rue du Poteau Vert;47,8960200000; -3,9115900000
202200029004;5;3;2022;02:00;3;89;89214;1;1;1;7;Lieu Dit Villeguillon;48,2523340000;3,4810890000
202200029005;29;8;2022;07:10;2;17;17415;1;1;1;1;PORT D'ENVAUX ROUTE DE;45,7680800000; -0,6456200000
202200029006;30;8;2022;14:40;1;17;17306;2;1;1;2;BOUCHET LOUIS (AVENUE);45,6258200000; -0,9996700000
202200029007;29;8;2022;16:35;1;13;13212;2;1;1;3;PIERRE CHEVALIER (avenue);43,2952169791;5,4251614288
202200029008;30;8;2022;03:30;5;13;13205;2;1;1;2;boulevard Jeanne d'Arc;43,2934596381;5,4029653966
202200029009;30;8;2022;12:25;1;13;13005;2;9;1;3;RN 8;43,2862800000;5,5872900000
202200029010;30;8;2022;12:05;1;13;13005;2;3;1;1;ROUGIER (RUE ELZEARD);43,2939800000;5,5691800000
202200029011;30;8;2022;16:40;1;08;08105;2;9;1;2;Route de Prix;49,7554124972;4,7085396051
202200029012;30;8;2022;13:29;1;06;06069;2;1;1;2;RENOIR (AVENUE AUGUSTE);43,6818330000;6,9610480000
202200029013;29;8;2022;13:30;1;05;05061;2;1;1;4;Avenue Emile Didier;44,5646647032;6,0903847218
202200029014;30;8;2022;01:15;3;03;03321;1;4;1;2;RD 779;46,5777100000;3,3762200000
202200029015;30;8;2022;17:10;1;03;03101;1;1;1;1;CD 916;46,3572000000;2,5663500000
202200029016;30;8;2022;11:47;1;03;03101;2;1;2;1;Rue de la Chevêche;46,3629300000;2,5561400000
202200029017;30;8;2022;14:25;1;75;75114;2;1;1;3;PORTE D ORLEANS;48,8168510000;2,3362100000
202200029018;29;8;2022;09:10;1;75;75113;2;1;1;4;PORTE D IVRY;48,8198740000;2,3743350000
202200029019;30;8;2022;11:00;1;75;75106;2;3;1;3;RUE D ASSAS;48,8443870000;2,3328850000
202200029020;30;8;2022;01:42;5;75;75106;2;7;1;2;PLACE SAINT ANDRE DES ARTS;48,8532773873;2,3433977365
202200029021;30;8;2022;16:45;1;75;75120;2;7;1;3;PLACE GAMBETTA;48,8647550000;2,3986180000
202200029022;30;8;2022;20:50;5;75;75118;2;1;1;6;RUE DES CHEMINOTS;48,8972070000;2,3565820000
202200029023;29;8;2022;10:00;1;75;75117;2;2;1;3;BOULEVARD MALESHERBES;48,8808490000;2,3125520000
202200029024;29;8;2022;14:30;1;75;75113;2;2;1;3;BOULEVARD VINCENT AURIOL;48,8362230000;2,3715310000
202200029025;30;8;2022;19:30;1;75;75112;2;2;1;3;AVENUE DE LA PORTE DE CHARENTON;48,8317000000;2,3979550000
202200029026;29;8;2022;19:45;1;75;75111;2;3;1;3;BOULEVARD VOLTAIRE;48,8644050000;2,3690440000
202200029027;30;8;2022;18:55;1;75;75108;2;3;1;6;AVENUE DES CHAMPS ELYSEES;48,8670880000;2,3160870000
202200029028;30;8;2022;15:25;1;75;75107;2;3;1;2;QUAI BRANLY;48,8605350000;2,2956460000
202200029029;29;8;2022;23:07;5;75;75114;2;1;1;1;RUE D ALESIA;48,8267500000;2,3396910000
202200029030;29;8;2022;14:45;1;94;94080;2;1;1;6;32 Rue de Montreuil;48,8464300000;2,4347900000
202200029031;29;8;2022;18:00;1;94;94068;2;2;1;6;GAMBETTA (AV);48,8010000000;2,4871500000
202200029032;30;8;2022;12:27;1;94;94046;2;1;1;3;Rue Jean Jaurès;48,7996410000;2,4324930000
202200029033;30;8;2022;10:00;1;94;94041;2;9;1;3;Rue Ernest Renan;48,8080000000;2,3995400000
202200029034;29;8;2022;18:50;1;94;94011;2;7;1;3;Rue Pierre Sémard / Avenue Jean Monnet;48,7630000000;2,4795800000
202200029035;30;8;2022;21:41;5;94;94079;2;2;1;6;Boulevard de Friedberg / Avenue Montrichard;48,8326000000;2,5437700000
202200029036;30;8;2022;16:47;1;94;94019;2;1;1;6;Rue de Champigny;48,7973000000;2,5247100000
202200029037;30;8;2022;18:45;1;93;93070;2;1;1;3;Avenue Gabriel Péri;48,9091865883;2,3328861983
202200029038;30;8;2022;08:50;1;93;93070;2;7;1;3;Place du Capitaine Glarner;48,9069865737;2,3266723701
202200029039;29;8;2022;22:00;5;93;93055;2;3;1;3;Avenue Jean Lolive / Rue Courtois;48,8938143189;2,4162036884
202200029040;29;8;2022;15:15;1;93;93051;2;4;1;2;Rue Pierre Brossolette / Route de Neuilly;48,8471700000;2,5415800000
202200029041;30;8;2022;08:45;1;93;93079;2;3;1;5;Route de Saint-Leu / Rue Pierre Curie;48,9497526213;2,3414859499
202200029042;30;8;2022;06:30;2;93;93010;2;1;2;6;Rue de la Liberté;48,8945175227;2,4814617595
202200029043;30;8;2022;11:00;1;93;93001;2;1;8;6;Boulevard Anatole France;48,9172040558;2,3819595867
202200029044;30;8;2022;17:50;1;92;92078;2;2;1;3;EDOUARD MANET (RUE);48,9330067873;2,3311067819
202200029045;4;5;2022;11:35;1;92;92063;2;1;1;3;BELIN (AVENUE EDOUARD);48,8876300000;2,1693300000
202200029046;29;8;2022;14:20;1;92;92049;2;1;1;6;RACINE RUE AUTRES N°;48,8123229770;2,3143802583
202200029047;30;8;2022;11:50;1;92;92024;2;2;1;7;JEAN JAURES (BD) DE 47 A 109)   (56 A 14;48,9000100000;2,3063000000
202200029048;30;8;2022;15:55;1;92;92012;2;2;1;3;JEAN JAURES (BOULEVARD) 63/215 - 70/208;48,8352955335;2,2425482869
202200029049;29;8;2022;10:45;1;51;51262;2;6;1;7;Rue du Général Leclerc;48,7014660000;4,5883580000
202200029050;30;8;2022;08:45;1;38;38107;1;3;1;1;N7;45,4510540000;4,8231700000
202200029051;31;8;2022;08:40;1;74;74282;1;1;1;2;A41;45,9877340000;6,1281610000
202200029052;30;8;2022;22:17;4;69;69288;1;6;3;1;Roure Départementale 29;45,6926500000;5,0776310000
202200029053;31;8;2022;16:50;1;81;81295;1;1;1;6;D86;43,8575080000;2,3297240000
202200029054;30;8;2022;14:15;1;38;38336;1;9;1;3;D4;45,4777296593;4,8004945605
202200029055;30;8;2022;17:30;1;68;68009;1;6;1;3;D468;48,1160970000;7,5356640000
202200029056;29;8;2022;23:05;3;67;67179;1;9;1;1;Route de Lutzelbourg;48,7254360000;7,2996750000
202200029057;31;8;2022;18:00;1;51;51476;1;1;2;3;D977;49,0041900258;4,4008693099
202200029058;31;8;2022;11:00;1;41;41093;1;1;1;2;autoroute A10 PK 167+500;47,6003350000;1,1073340000
202200029059;30;8;2022;17:05;1;37;37278;1;1;1;4;Autoroute A10;47,2039620805;0,6529355049
202200029060;26;8;2022;19:30;1;34;34087;1;1;1;7;M5;43,5301000000;3,6955150000
202200029061;31;8;2022;17:00;1;57;57097;2;1;1;6;Rue Robert Schuman;49,1864160000;6,4897120000
202200029062;26;8;2022;05:00;3;2B;2B150;1;1;1;1;Bagno;42,5701610000;8,8292850000
202200029063;16;8;2022;17:00;1;2B;2B050;2;1;1;3;San Francesco;42,5639390000;8,7542370000
202200029064;30;8;2022;12:50;1;80;80613;2;9;1;2;Rue Holleville;50,0386310000;1,4715520000
202200029065;29;8;2022;10:20;1;42;42059;2;1;1;2;7 Avenue du 11 Novembre;45,6350130000;4,3923100000
202200029066;31;8;2022;13:25;1;34;34031;1;1;1;7;Route de Saint Thibery;43,3780100000;3,4200690000
202200029067;31;8;2022;01:50;5;25;25304;2;1;2;6;Rue du Quartier de la Chapotte;47,4248030000;6,8832510000
202200029068;31;8;2022;14:35;1;01;01034;2;1;1;7;;45,7184350000;5,6662200000
202200029069;31;8;2022;17:00;1;50;50410;1;1;1;7;13 Ballan;48,5453470000; -1,4259370000
202200029070;29;8;2022;17:00;1;64;64034;1;1;6;6;D134;43,3386490000; -0,9767340000
202200029071;29;8;2022;18:20;1;64;64546;1;1;2;1;d936;43,4634250000; -1,2719200000
202200029072;30;8;2022;18:30;2;10;10317;1;1;2;3;voie creuse;48,0086300000;4,3767860000
202200029073;31;8;2022;10:45;1;16;16072;1;1;1;3;Chez Ferret;45,4924850000;0,1478050000
202200029074;29;8;2022;17:37;1;85;85101;1;2;1;3;D949;46,4541700000; -1,4031440000
202200029075;30;8;2022;11:20;1;85;85287;1;1;1;3;RD89;46,7027471300; -0,8866640980
202200029076;27;8;2022;15:10;1;68;68375;2;3;1;1;53 Rue de Mulhouse;47,8033760000;7,2409410000
202200029077;31;8;2022;04:13;3;72;72386;1;1;1;2;Autoroute A11 PK 161+900;48,0526400000;0,3207060000
202200029078;31;8;2022;07:20;2;13;13091;1;1;1;7;D18;43,5990410000;5,3156230000
202200029079;26;8;2022;18:50;1;06;06085;2;1;1;1;avenue du golf;43,6022500000;7,0162670000
202200029080;31;8;2022;07:50;1;85;85172;1;1;1;1;D205;46,8069700000; -1,9796140000
202200029081;31;8;2022;11:00;1;85;85273;1;1;1;3;RD 51 PK 008.300 la petite rousselière;46,8694800000; -2,0599700000
202200029082;31;8;2022;08:30;1;31;31506;2;3;1;3;D54;43,5693460000;1,5174440000
202200029083;31;8;2022;10:30;1;976;97617;1;1;1;7;route de coconi; -12,8023120000;45,1274590000
202200029084;31;8;2022;07:00;1;95;95580;1;1;1;6;RD 16;49,0857165526;2,5483319163
202200029085;29;8;2022;15:15;1;13;13066;1;1;1;6;autoroute A7;43,8842840000;4,9235920000
202200029086;31;8;2022;14:55;1;29;29233;2;3;1;2;Rue Pasteur;47,8683362590; -3,5468829273
202200029087;26;8;2022;12:50;1;06;06106;2;1;1;3;Route de Sigale;43,8757000000;7,0032370000
202200029088;30;8;2022;16:40;1;71;71556;2;1;1;2;D906;46,2774710000;4,8017820000
202200029089;26;8;2022;15:10;1;01;01301;2;3;1;3;Route de Mâcon;46,2481110000;5,1362930000
202200029090;17;8;2022;18:10;1;69;69287;2;1;1;1;Avenue Charles de Gaulle;45,6962020000;5,0192660000
202200029091;30;8;2022;11:30;1;17;17444;1;1;1;4;Route de Saintes;45,7020880000; -0,6448250000
202200029092;30;8;2022;08:05;1;53;53011;1;1;1;7;RD553 La pagerie;47,9433680000; -0,8649920000
202200029093;29;8;2022;17:30;1;35;35360;2;1;1;6;Rue de Janze;48,1090290000; -1,2152500000
202200029094;31;8;2022;14:15;1;27;27070;2;1;1;6;résidence les cottages;49,2815170000;1,4604200000
202200029095;31;8;2022;06:10;3;27;27410;1;1;1;6;route nationale 13;49,0137940000;1,2490510000
202200029096;31;8;2022;12:10;1;02;02701;2;1;1;3;Route nationale;48,9745550000;3,3081190000
202200029097;29;8;2022;15:22;1;83;83137;1;1;1;3;A50;43,1252500000;5,9076700000
202200029098;30;8;2022;17:10;1;69;69034;1;1;2;2;Boulevard Périphérique Nord ;45,7934743368;4,8755344748
202200029099;30;8;2022;05:40;3;69;69290;1;1;1;3;Autoroute 43;45,7199784998;4,9360120296
202200029100;29;8;2022;21:20;5;69;69266;1;1;1;4;Boulevard Laurent Bonnevay;45,7550700000;4,9082900000
202200029101;30;8;2022;19:30;1;94;94003;1;1;1;3;AUTOROUTE A6A;48,8083132183;2,3403117553
202200029102;30;8;2022;18:30;1;91;91589;1;1;1;2;AUTOROUTE A6;48,6777370000;2,3375680000
202200029103;30;8;2022;15:00;1;92;92050;1;1;1;3;A86;48,9153080015;2,2201101228
202200029104;30;8;2022;17:45;1;77;77258;1;1;1;2;A4.W;48,8311081155;2,6383618217
202200029105;30;8;2022;14:15;1;94;94069;1;1;1;3;A4;48,8165048505;2,4525248344
202200029106;9;1;2022;11:15;1;14;14118;2;2;1;7;Rue des Bouviers;49,1625730000; -0,3485040000
202200029107;10;2;2022;12:30;1;73;73171;2;6;1;6;D201 Avenue Paul Louis Merlin;45,5035530000;6,0540250000
202200029108;13;2;2022;19:02;3;73;73270;1;2;1;3;D1006;45,5519390000;6,1603210000
202200029109;17;4;2022;17:00;1;73;73089;1;2;1;1;D1006;45,5298840000;6,1175980000
202200029110;29;8;2022;21:56;5;95;95019;2;6;1;3;Avenue Charles Vaillant;48,9805140000;2,4234740000
202200029111;29;8;2022;19:55;1;68;68166;2;3;1;1;ROSE (RUE DE LA );47,7971700000;7,3218000000
202200029112;27;8;2022;12:45;1;76;76351;2;2;1;6;Rue Guillemard;49,4990000000;0,0945800000
202200029113;7;5;2022;10:20;1;72;72228;1;1;1;6;A 11 PK 213.000;47,8343135599; -0,1375150683
202200029114;29;8;2022;14:20;1;973;97302;2;1;1;7;MADELEINE (ROUTE DE LA);4,9210376143; -52,3220577836
202200029115;29;8;2022;07:10;1;973;97302;2;3;1;3;TROUBIRAN (CHEMIN DE);4,9298800000; -52,3041200000
202200029116;29;8;2022;13:10;1;69;69387;2;1;1;6;Rue Sébastien Gryphe;45,7533900000;4,8452700000
202200029117;28;8;2022;08:23;2;2B;2B033;1;1;1;1;ST FLORENT-ANCIENNE RT DE;42,6846800000;9,4167100000
202200029118;29;8;2022;21:48;5;2A;2A004;2;7;1;3;ROUTE DU STILETTO;41,9456684452;8,7699072365
202200029119;26;8;2022;13:00;1;95;95277;2;1;1;6;Rue Galande;48,9832730000;2,4485350000
202200029120;25;8;2022;17:35;1;90;90010;2;9;1;3;KENNEDY (BOULEVARD);47,6337500000;6,8389900000
202200029121;27;8;2022;23:44;3;87;87075;2;1;1;6;PERIGUEUX (ROUTE DE);45,7903200000;1,1693700000
202200029122;26;8;2022;15:55;1;87;87085;2;1;1;6;CLOS ROCHER (RUE DU);45,8294800000;1,2447300000
202200029123;24;8;2022;12:34;1;87;87085;2;2;1;3;BEL AIR (BOULEVARD DE);45,8214000000;1,2403400000
202200029124;22;8;2022;11:30;1;87;87085;2;1;1;6;BROGLIE (AVENUE LOUIS DE);45,8821100000;1,2901400000
202200029125;27;8;2022;19:28;2;83;83129;2;1;1;2;MER (AVENUE DE LA) N°IMPAIRS;43,0951240000;5,8330760000
202200029126;28;8;2022;13:10;1;76;76319;1;1;1;7;N138 - Sud 3;49,3573262763;1,0331803308
202200029127;28;8;2022;02:30;5;72;72181;2;1;1;7;ROUMANIE (RUE DE);47,9966971218;0,2348899839
202200029128;28;8;2022;11:20;1;71;71486;1;1;1;7;RD 974;46,6462037258;4,3360580206
202200029129;30;8;2022;00:50;5;69;69256;2;4;1;7;Rue Jacques Monod;45,7763600000;4,9399200000
202200029130;29;8;2022;08:00;1;68;68066;2;2;1;3;CAVALERIE (RUE DE LA);48,0820300000;7,3603600000
202200029131;27;8;2022;13:30;1;67;67482;2;1;1;2;PONT SCHUHANSEN (RUE DU);48,5409900000;7,7600100000
202200029132;26;8;2022;16:35;1;67;67482;2;1;1;2;OBERHAUSBERGEN (ROUTE D );48,5950000000;7,7103500000
202200029133;26;8;2022;08:10;1;67;67482;2;1;1;6;PETIT MARAIS (RUE DU);48,5624000000;7,6947100000
202200029134;26;8;2022;16:47;1;66;66136;2;3;1;3;;42,7046600000;2,8884800000
202200029135;28;8;2022;16:24;1;63;63075;2;1;1;6;GAMBETTA (BOULEVARD);45,7685980937;3,0612748861
202200029136;29;8;2022;13:10;1;61;61001;2;1;1;3;QUAKENBRUCK (AVENUE DE );48,4435800000;0,1107900000
202200029137;29;7;2022;21:25;2;59;59599;2;1;1;6;STRASBOURG (RUE DE);50,7152220359;3,1514078379
202200029138;29;8;2022;15:40;1;59;59599;2;1;1;6;TONTON (RUE DU MOULIN);50,7148495388;3,1694456935
202200029139;20;8;2022;19:30;1;59;59350;2;4;1;3;GRAND BUT RUE DU;50,6487983432;2,9752993584
202200029140;25;8;2022;23:15;5;52;52448;2;3;1;3;REPUBLIQUE (AVE DE LA) N° 2 A 88;48,6374580000;4,9433690000
202200029141;29;8;2022;17:40;1;51;51454;2;2;1;3;rue Chanzy;49,2512086352;4,0343776345
202200029142;28;8;2022;03:27;3;49;49353;2;1;1;2;A87N;47,4526900000; -0,5146900000
202200029143;29;8;2022;07:57;1;49;49015;2;1;1;6;PETIT LIMOGES LIEU DIT LE;47,5193070000; -0,5873620000
202200029144;26;8;2022;19:08;1;45;45068;2;1;1;7;40 Rue du Château;48,0156650000;2,7327270000
202200029145;29;8;2022;16:55;1;44;44035;1;1;1;2;N844;47,2566600000; -1,5420900000
202200029146;29;8;2022;20:20;2;42;42187;2;1;1;2;Rue Alsace Lorraine;46,0364700000;4,0683900000
202200029147;29;8;2022;13:28;1;37;37233;1;1;1;3;DUCLOS (AVENUE JACQUES);47,3811500000;0,7480300000
202200029148;29;8;2022;09:00;1;37;37214;2;4;1;6;MAISONS BLANCHES (QUAI DES);47,3954768750;0,6563687325
202200029149;29;8;2022;19:00;1;35;35238;2;6;1;3;GERARD (MICHEL);48,0928992873; -1,6398945451
202200029150;29;8;2022;19:25;1;33;33167;2;1;1;3;Chemin Richelieu;44,8353594801; -0,5404248834
202200029151;29;8;2022;14:10;1;33;33063;2;1;1;6;Allée Serr;44,8428400000; -0,5593600000
202200029152;29;8;2022;10:19;1;33;33522;2;1;1;6;Cours de la Libération;44,7947800000; -0,6045400000
202200029153;29;8;2022;06:00;5;31;31555;2;1;1;3;Route d'Agde;43,6271660000;1,4786390000
202200029154;29;8;2022;12:10;1;27;27681;2;3;1;6;IVRY (ROUTE D');49,0794400000;1,4754300000
202200029155;29;8;2022;10:30;1;17;17274;2;6;1;3;LANGEVIN   AVENUE PAUL;46,1601000000; -1,1024000000
202200029156;16;4;2022;05:20;3;76;76533;1;1;1;7;Route de Saint Aubin;49,5095500000;0,2727480000
202200029157;22;3;2022;05:40;2;60;60589;1;1;1;6;D 1016;49,2157451039;2,4654436109
202200029158;16;4;2022;14:20;1;59;59029;1;1;1;7;Rue de la Froidure;50,4846410000;3,1858850000
202200029159;14;4;2022;08:20;1;83;83062;1;1;1;4;A57;43,1437595812;6,0225244760
202200029160;14;4;2022;06:15;2;94;94076;1;1;1;6;AUTOROUTE A6B;48,7950670141;2,3452843000
202200029161;14;4;2022;19:50;2;78;78466;1;1;1;2;A13;48,9261600000;1,9969400000
202200029162;14;4;2022;11:00;1;92;92025;1;1;1;2;A86;48,9280993721;2,2383538616
202200029163;13;4;2022;18:40;1;92;92064;1;1;1;2;A13;48,8429820546;2,2224709619
202200029164;13;4;2022;15:45;1;92;92036;1;1;1;4;A86;48,9362604392;2,2896237179
202200029165;13;4;2022;11:45;1;93;93005;1;1;3;6;AUTOROUTE A1;48,9614000000;2,4693300000
202200029166;13;4;2022;20:50;2;93;93063;1;1;1;5;AUTOROUTE A3;48,8791960301;2,4484241199
202200029167;13;4;2022;16:20;1;93;93078;1;1;2;6;AUTOROUTE A104;48,9601900000;2,5400000000
202200029168;13;4;2022;11:00;1;93;93064;1;1;2;2;AUTOROUTE A103;48,8869396963;2,4760490656
202200029169;13;4;2022;11:55;1;94;94015;1;1;3;6;A4;48,8325700000;2,5332900000
202200029170;23;1;2022;18:30;3;36;36202;1;1;1;5;Route des Orangeons;46,7647700000;1,6735400000
202200029171;12;4;2022;21:15;5;987;98736;2;9;1;1;ARIIPAEA POMARE (AV); -17,5321410000; -149,5437630000
202200029172;13;4;2022;10:40;1;976;97611;2;6;1;3;cavani-Rond point du Baobab; -12,7904600000;45,2227300000
202200029173;13;4;2022;21:15;5;69;69387;2;3;1;2;Boulevard Chambaud de la Bruyère;45,7224100000;4,8422400000
202200029174;13;4;2022;17:10;1;69;69383;2;1;1;6;Tunnel Brotteaux-Servient;45,7611973224;4,8575176119
202200029175;13;4;2022;13:00;1;69;69259;2;3;1;6;Rue Georges Lyvet;45,6973800000;4,8721200000
202200029176;13;4;2022;08:15;1;69;69386;2;3;1;3;Rue Boileau;45,7664600000;4,8495000000
202200029177;12;4;2022;01:10;5;972;97213;1;1;1;2;AUTOROUTE A1;14,6153200000; -61,0135300000
202200029178;13;4;2022;20:30;2;69;69384;2;3;1;7;52 Quai Joseph Gillet;45,7798100000;4,8116400000
202200029179;13;4;2022;19:47;2;69;69381;2;1;1;6;33 Rue Terme;45,7678300000;4,8320800000
202200029180;13;4;2022;11:50;1;69;69382;2;4;1;6;Rue Président Carnot;45,7627000000;4,8374800000
202200029181;13;4;2022;08:25;1;69;69034;2;9;1;2;Quai Bellevue;45,7854245804;4,8481062055
202200029182;13;4;2022;17:35;1;2A;2A004;2;3;1;5;MADAME MERE BD;41,9135768000;8,7253014000
202200029183;13;4;2022;12:10;1;2A;2A004;2;1;1;3;AVENUE DU DOCTEUR NOEL FRANCHINI;41,9366400000;8,7535300000
202200029184;12;4;2022;20:50;5;91;91347;2;1;1;3;CHE DES OSIERS;48,6453920000;2,2975180000
202200029185;10;4;2022;17:30;1;91;91479;2;1;1;6;AV D ALSACE LORRAINE;48,7147700000;2,3607600000
202200029186;5;4;2022;18:45;1;88;88087;2;3;1;3;FORGES (RUE DES);48,1772900000;6,4269300000
202200029187;13;4;2022;10:00;1;83;83137;2;1;1;4;15EME CORPS (AVE DU);43,1285100000;5,9150500000
202200029188;13;4;2022;15:35;1;83;83123;2;1;1;6;BANDOL (ROUTE)N° PAIRS;43,1271090000;5,7861320000
202200029189;12;4;2022;17:35;1;83;83069;1;1;1;5;PIERREFEU (ROUTE DE) RD 12;43,1661600000;6,1195100000
202200029190;9;4;2022;12:00;1;71;71105;2;1;1;6;FONTAINE MATOU (CHEMIN DE LA);46,3055600000;4,7891700000
202200029191;12;4;2022;19:25;2;69;69275;2;1;1;5;Avenue Franklin Roosevelt;45,7546700000;4,9352900000
202200029192;13;4;2022;22:10;5;69;69264;2;4;1;3;Rue Grange Blazet;45,9806000000;4,7188600000
202200029193;12;4;2022;07:45;1;67;67482;2;1;1;6;METZERAL (RUE DE);48,5712000000;7,7691800000
202200029194;11;4;2022;12:55;1;64;64445;2;3;1;3;Boulevard d’Alsace Lorraine;43,3046400000; -0,3681900000
202200029195;11;4;2022;17:00;1;64;64024;2;6;1;3;Place de la Chapelle;43,4965900000; -1,5380900000
202200029196;13;4;2022;18:23;1;59;59512;2;3;1;6;METZ (BOULEVARD DE);50,7056400000;3,1798800000
202200029197;13;4;2022;19:42;1;54;54483;2;1;1;3;JOLAIN (RUE);48,6285700000;6,2969800000
202200029198;13;4;2022;16:54;1;50;50502;1;1;1;6;TESSY;49,1054300000; -1,0939100000
202200029199;29;1;2022;18:31;2;45;45234;2;1;8;3;118 Boulevard Rocheplatte;47,9052800000;1,8970500000
202200029200;13;4;2022;13:53;1;45;45234;2;2;8;3;Rue Royale;47,9013000000;1,9039200000
202200029201;20;6;2022;22:00;3;82;82137;1;1;1;6;Route d Albi;44,2652090000;1,8598080000
202200029202;12;3;2022;17:50;1;42;42207;2;1;1;7;Chemin de Grange Badet;45,4555800000;4,5004200000
202200029203;21;6;2022;16:00;1;71;71056;2;3;1;3;route du bourg;46,6429880000;5,1750331000
202200029204;10;4;2022;15:31;1;42;42218;2;2;1;3;Rue Louis Soulié;45,4461100000;4,4001900000
202200029205;2;6;2022;16:35;1;61;61002;1;1;1;2;Fligny;48,6964350000;0,1240900000
202200029206;20;6;2022;17:50;1;12;12119;1;1;1;6;La Carderie;44,6777930000;2,8511940000
202200029207;18;6;2022;16:30;1;46;46117;1;1;1;6;Route de Lavaur Haute;44,9432810000;1,9090680000
202200029208;12;4;2022;18:40;1;41;41047;2;1;2;2;RD 2152;47,6065400000;1,3534800000
202200029209;13;4;2022;11:30;1;37;37122;2;1;1;7;RD 37 sortie Nord;47,3409500000;0,6551000000
202200029210;19;6;2022;19:45;2;34;34150;1;3;1;1;D51;43,3897840000;3,5372110000