Num_Acc;jour;mois;an;hrmn;lum;dep;com;agg;int;atm;col;adr;lat;long
202200029211;13;4;2022;17:30;1;35;35238;2;9;1;3;MONTS D'ARREE (AVENUE DES);48,1356329913; -1,6601626575
202200029212;21;6;2022;10:45;1;25;25022;2;4;7;3;Rue de Montbéliard;47,5206330000;6,6595250000
202200029213;13;4;2022;07:50;2;35;35051;1;1;5;7;N136;48,1478610016; -1,5946859121
202200029214;21;6;2022;12:40;1;25;25030;1;1;1;5;D67;47,2539190000;5,8737710000
202200029215;12;4;2022;15:00;1;33;33522;2;1;1;6;Rue Peydavant;44,8053200000; -0,5865800000
202200029216;20;6;2022;17:30;1;38;38422;1;1;1;6;2616 Route de Gieres;45,1627260000;5,8139930000
202200029217;20;6;2022;18:15;1;02;02575;2;1;1;7;;49,8436980000;3,4873970000
202200029218;12;4;2022;13:50;1;33;33063;2;2;1;3;Rue de la Course;44,8509400000; -0,5778300000
202200029219;24;1;2022;17:30;1;13;13205;2;2;1;7;SAKAKINI (BOULEVARD);43,2936400000;5,4013000000
202200029220;24;1;2022;14:50;1;13;13208;2;9;1;3;PRADO (AVENUE DU);43,2672600000;5,3838900000
202200029221;18;6;2022;11:40;1;01;01093;1;1;1;5;D936;46,1297460000;4,9652950000
202200029222;13;4;2022;15:40;1;31;31555;1;9;2;4;VA007306 A64;43,5542900000;1,4098900000
202200029223;21;6;2022;13:30;1;58;58106;1;1;1;6;RD 6;47,2822170000;3,9910090000
202200029224;25;1;2022;13:30;1;13;13028;2;1;1;1;BEAU RIVAGE (BOULEVARD);43,1870822981;5,6233234947
202200029225;24;1;2022;16:26;1;10;10297;2;1;7;6;JULES GUESDE (BDL);48,3215000000;4,1089490000
202200029226;21;6;2022;06:30;1;54;54491;1;1;1;1;D906;49,3625745742;5,9074419745
202200029227;13;4;2022;07:54;1;17;17300;2;6;1;3;MONNET   AVENUE JEAN;46,1429800000; -1,1536100000
202200029228;25;1;2022;11:00;1;09;09225;2;1;1;2;FOIX AVENUE DE;43,1073800000;1,6180400000
202200029229;21;6;2022;08:45;1;05;05012;2;3;1;3;D994H;44,5493890000;6,4847820000
202200029230;19;1;2022;12:11;1;06;06088;2;1;1;6;CARNOT (BD);43,6982400000;7,2873200000
202200029231;13;4;2022;18:10;1;13;13103;2;1;1;3;BOULEVARD JOLY - VICTOR;43,6376400000;5,0953600000
202200029232;20;6;2022;18:00;1;50;50388;1;9;1;6;24 Rue de la Tanguiere;49,0185080000; -1,4878590000
202200029233;25;1;2022;17:00;2;75;75118;2;1;1;3;PORTE D AUBERVILLIERS;48,9008200000;2,3694450000
202200029234;20;6;2022;13:25;1;09;09103;2;1;1;7;D919;43,0129710000;1,6077590000
202200029235;24;1;2022;11:30;1;75;75116;2;3;1;2;PORTE MAILLOT;48,8775043020;2,2799071670
202200029236;13;4;2022;20:30;5;13;13206;2;2;1;3;PIERRE PUGET (COURS);43,2900874475;5,3723631015
202200029237;19;6;2022;06:25;1;60;60616;1;1;8;6;D915;49,3657750000;1,7657950000
202200029238;13;4;2022;20:00;2;13;13204;2;1;1;3;MONTOLIVET (AVENUE DE);43,3081200000;5,4029500000
202200029239;20;6;2022;10:45;1;73;73188;1;3;1;3;D925;45,6183710000;6,3324060000
202200029240;24;1;2022;19:35;5;75;75112;2;1;1;4;PORTE DE CHARENTON;48,8284710000;2,3974180000
202200029241;13;4;2022;18:20;1;13;13209;2;1;1;3;REDON (BOULEVARD DU);43,2566300000;5,4196400000
202200029242;21;6;2022;19:30;1;04;04088;1;1;1;1;RD 4100;43,9461450000;5,8093540000
202200029243;22;1;2022;06:05;5;75;75120;2;1;1;4;PORTE DE BAGNOLET;48,8599300000;2,4139920000
202200029244;13;4;2022;21:15;3;13;13001;1;1;1;1;RN 296;43,5298200000;5,4280200000
202200029245;21;6;2022;17:50;1;04;04172;1;1;1;1;RD 952;43,8421030000;6,1598970000
202200029246;25;1;2022;20:00;3;75;75119;2;2;1;3;AVENUE JEAN JAURES;48,8887870000;2,3930890000
202200029247;21;6;2022;14:55;1;48;48075;1;1;1;6;Ispagnac;44,3623050000;3,5618450000
202200029248;13;4;2022;07:42;1;01;01451;2;1;1;1;EDOUARD HERRIOT ( BD);46,2144600000;5,2160500000
202200029249;25;1;2022;09:22;1;75;75118;2;5;1;6;RUE DE L EVANGILE;48,8912650000;2,3612590000
202200029250;19;6;2022;20:20;1;67;67415;2;1;1;6;Rue d Offwiller;48,9072340000;7,5313210000
202200029251;25;1;2022;08:15;1;75;75118;2;2;1;6;BOULEVARD BARBES;48,8915540000;2,3496330000
202200029252;20;6;2022;16:25;1;34;34255;1;1;7;3;CD986;43,7006130000;3,8218260000
202200029253;13;4;2022;11:10;1;75;75112;2;1;2;2;BD PERIPHERIQUE EXTERIEUR;48,8308070000;2,4031540000
202200029254;24;1;2022;09:00;1;75;75117;2;2;1;3;AVENUE DE WAGRAM;48,8803210000;2,2998520000
202200029255;20;6;2022;21:50;3;13;13049;1;1;1;2;Autotoute A7 pk 221+100 sens nord/sud;43,6892100000;5,0961540000
202200029256;13;4;2022;09:00;1;75;75117;2;1;2;3;BD PERIPHERIQUE EXTERIEUR;48,8793790000;2,2813450000
202200029257;25;1;2022;15:15;1;75;75115;2;2;1;6;RUE DE VOUILLE;48,8338820000;2,3081070000
202200029258;21;6;2022;10:20;1;986;98613;1;1;1;3;rt3; -13,2805890000; -176,1928510000
202200029259;25;1;2022;04:30;5;75;75107;2;1;1;7;QUAI BRANLY;48,8615880000;2,2976610000
202200029260;13;4;2022;02:25;5;75;75105;2;3;1;3;BOULEVARD SAINT GERMAIN;48,8510837286;2,3444907220
202200029261;20;6;2022;14:15;1;973;97311;1;9;1;1;Avenue Christophe Colomb;5,4767600000; -54,0385510000
202200029262;24;1;2022;15:40;1;75;75112;2;1;1;2;BOULEVARD DE LA BASTILLE;48,8484100000;2,3678420000
202200029263;20;6;2022;12:45;1;973;97311;1;1;1;3;Avenue Gaston Monnerville;5,4934770000; -54,0119650000
202200029264;13;4;2022;21:00;5;75;75118;2;4;1;2;AVENUE DE SAINT OUEN;48,8895545751;2,3263469338
202200029265;24;1;2022;11:30;1;75;75112;2;4;1;3;AVENUE DE NOGENT   VINCENNES;48,8444170000;2,4410600000
202200029266;21;6;2022;09:40;1;91;91292;1;6;1;2;D26 rue andré ampère;48,5681750000;2,2703340000
202200029267;25;1;2022;12:20;1;75;75111;2;1;8;2;RUE OBERKAMPF;48,8632430000;2,3688330000
202200029268;13;4;2022;14:45;1;75;75118;2;3;2;6;RUE DE CLIGNANCOURT;48,8857060000;2,3474050000
202200029269;25;1;2022;15:40;1;75;75109;2;2;8;3;RUE DE LA CHAUSSEE D ANTIN;48,8752610000;2,3322910000
202200029270;13;4;2022;11:50;1;75;75117;2;1;2;6;RUE GALVANI;48,8839230927;2,2918036529
202200029271;17;6;2022;22:20;5;66;66011;2;3;1;3;Avenue Jean Jaurès;42,6058474672;2,8927382827
202200029272;25;1;2022;12:06;1;75;75109;2;7;1;3;PLACE KOSSUTH;48,8758870000;2,3399460000
202200029273;21;6;2022;09:25;1;83;83064;1;1;7;3;rd 554 gareoult;43,3220090000;6,0266180000
202200029274;13;4;2022;09:00;1;75;75115;2;4;2;6;RUE DE LA FEDERATION;48,8528020000;2,2983400000
202200029275;25;1;2022;06:45;5;75;75108;2;5;1;3;BOULEVARD HAUSSMANN;48,8748400000;2,3059990000
202200029276;21;6;2022;10:05;1;04;04197;2;1;1;6;RD105 - Av Gabriel Peri;43,7864780000;5,7653760000
202200029277;12;4;2022;14:00;1;75;75115;2;1;1;6;RUE DE SEVRES;48,8454760744;2,3122411966
202200029278;9;6;2022;11:20;1;13;13089;2;1;1;1;D7n;43,8362760000;4,9432040000
202200029279;25;1;2022;01:00;5;75;75107;2;3;1;6;AVENUE DE TOURVILLE;48,8540820000;2,3072270000
202200029280;13;4;2022;17:00;1;75;75114;2;1;1;6;BOULEVARD DU MONTPARNASSE;48,8416283160;2,3304500635
202200029281;21;6;2022;01:50;3;13;13094;1;1;1;1;D99;43,7868650000;4,7526140000
202200029282;24;1;2022;09:05;1;75;75107;2;4;1;3;BOULEVARD SAINT GERMAIN;48,8611540000;2,3206480000
202200029283;12;4;2022;15:30;1;75;75114;2;3;1;3;BOULEVARD JOURDAN;48,8212090000;2,3342980000
202200029284;20;6;2022;20:10;1;13;13059;2;1;1;3;Route Departementale 96;43,6414750000;5,5309510000
202200029285;24;1;2022;14:36;1;94;94068;2;1;1;2;2 Quai Beaubourg;48,8152583489;2,4736737013
202200029286;17;6;2022;22:20;3;67;67550;1;1;1;6;Route de Haguenau  - RD 927;48,9234650000;7,7482630000
202200029287;11;4;2022;01:05;5;75;75114;2;1;1;2;RUE RAYMOND LOSSERAND;48,8299510000;2,3101530000
202200029288;25;1;2022;21:35;5;94;94041;2;3;1;2;Avenue Maurice Thorez;48,8131700000;2,3805400000
202200029289;13;4;2022;11:10;1;75;75111;2;1;3;3;BOULEVARD VOLTAIRE;48,8641560000;2,3694650000
202200029290;25;1;2022;13:25;1;94;94041;2;3;1;3;36 Rue Jean-Baptiste Renoult;48,8026100000;2,3962200000
202200029291;9;6;2022;20:30;1;57;57443;2;3;1;3;Rue de l Abani;49,2172750000;6,1186710000
202200029292;25;1;2022;13:40;1;94;94033;2;1;8;6;Avenue des Charmes;48,8447400000;2,4591500000
202200029293;21;6;2022;01:30;3;81;81219;1;1;1;6;en oustri;43,5708230000;2,0369820000
202200029294;13;4;2022;16:25;1;75;75110;2;2;1;6;RUE LA FAYETTE;48,8793180000;2,3571050000
202200029295;25;1;2022;12:35;1;94;94071;2;3;8;3;Rue de Sevigne/ Rue Pierre Sémard;48,7693800000;2,5146200000
202200029296;24;1;2022;22:40;4;93;93073;2;1;1;6;Rue des Vignes;49,0031000000;2,5492900000
202200029297;13;4;2022;11:35;1;75;75107;2;2;2;3;AVENUE BOSQUET;48,8571230000;2,3043090000
202200029298;19;6;2022;13:30;1;09;09199;1;2;1;3;D30;43,1806700000;1,6523480000
202200029299;25;1;2022;12:20;1;93;93064;2;1;1;6;LAVOISIER (RUE);48,8624467797;2,4930975836
202200029300;19;6;2022;16:30;1;33;33354;1;1;1;6;Les Bardons Est;44,7679740000;0,2054680000
202200029301;13;4;2022;07:30;1;94;94052;2;2;2;3;Boulevard de Strasbourg;48,8412700000;2,4828400000
202200029302;25;1;2022;17:20;2;93;93053;2;3;8;3;GALLIENI (AVENUE);48,8969000000;2,4615900000
202200029303;12;6;2022;17:10;1;33;33366;1;2;1;3;la lagune;44,9823910000; -0,4077170000
202200029304;13;4;2022;17:30;1;94;94043;2;1;1;6;Avenue de Fontainebleau;48,8124200000;2,3616200000
202200029305;25;1;2022;19:10;4;93;93071;2;1;1;3;SALVADOR ALLENDE (AVENUE);48,9478100000;2,5327400000
202200029306;20;6;2022;17:30;1;33;33080;1;2;1;3;Avenue de Léognan;44,7497850000; -0,5505560000
202200029307;25;1;2022;20:15;5;93;93001;2;1;1;3;PORT (RUE DU)  (IMPAIR);48,9181407244;2,3746913551
202200029308;13;4;2022;18:30;1;94;94033;2;6;1;3;Rue Carnot / Avenue du General de Gaulle;48,8537400000;2,4935000000
202200029309;25;1;2022;12:15;1;92;92062;2;1;1;6;PAVILLONS (RUE DES);48,8829465833;2,2436188906
202200029310;21;6;2022;18:00;1;27;27469;2;2;1;3;avenue maréchal de lattre de tassigny rd6015;49,3047380000;1,1590790000
202200029311;25;1;2022;11:10;1;92;92040;2;1;1;7;QUATRE SEPTEMBRE (DU);48,8298700000;2,2846800000
202200029312;21;6;2022;17:20;1;76;76660;1;1;1;6;La Grande Côte;49,5003820000;0,3116510000
202200029313;13;4;2022;09:35;1;94;94018;2;1;3;3;172 Rue de Paris;48,8290000000;2,4022100000
202200029314;24;1;2022;10:30;1;92;92025;2;7;1;3;VALMY (BD DE);48,9362019042;2,2571859062
202200029315;20;6;2022;17:15;1;59;59611;2;3;1;3;Rue des Marronniers;50,6781231025;2,9931521416
202200029316;22;1;2022;20:00;5;92;92071;2;1;1;3;BOUR5G LA REINE (AVENUE DE);48,7849135933;2,3086668849
202200029317;12;4;2022;18:20;1;94;94017;2;1;1;5;17 Rue du Bois l’Abbé;48,8113513322;2,5384171307
202200029318;26;1;2022;15:10;1;47;47057;1;3;1;7;Route de Lauzun;44,6575880000;0,5894480000
202200029319;20;6;2022;17:55;1;13;13113;1;1;1;2;A51-Sens Aix en Provence vers Marseille;43,5832350386;5,4762673311
202200029320;20;6;2022;16:45;1;13;13215;1;1;1;2;A7-Sens Lyon vers Marseille;43,3504330530;5,3681069612
202200029321;25;1;2022;11:00;1;41;41029;2;1;1;7;D751;47,4907300000;1,2584820000
202200029322;13;4;2022;14:35;1;94;94071;2;1;8;2;40 Rue du Chapitre;48,7621700000;2,5371000000
202200029323;15;6;2022;17:20;1;54;54265;1;1;1;6;Autoroute A 33;48,6416600000;6,1670800000
202200029324;25;1;2022;16:35;1;84;84137;2;9;1;6;Avenue du Général de Gaulle;44,2420750000;5,0733660000
202200029325;20;6;2022;12:37;1;33;33013;1;1;1;3;ROUTE NATIONALE 89;44,8686220000; -0,5016180000
202200029326;25;1;2022;21:30;3;972;97207;2;3;1;3;bois rouge;14,5759060000; -60,9647110000
202200029327;13;4;2022;08:45;1;93;93048;2;2;3;3;Rue Raspail / Rue Marceau;48,8529000000;2,4260000000
202200029328;26;1;2022;03:20;3;41;41161;1;1;8;7;A71 - PK 148+700 - SENS VIERZON/ORLEANS;47,5028230000;2,0071510000
202200029329;20;6;2022;18:45;1;94;94038;1;1;1;2;AUTOROUTE A6B;48,7763427485;2,3462651211
202200029330;26;1;2022;19:00;3;44;44103;1;1;1;6;N171;47,3289370000; -2,1284080000
202200029331;12;4;2022;17:20;1;93;93031;2;2;1;3;Avenue Salvador Allende / Rue de Paris;48,9546750000;2,3079330000
202200029332;20;6;2022;15:00;1;92;92025;1;1;1;2;A86;48,9324848646;2,2484916319
202200029333;20;6;2022;14:10;1;78;78206;1;1;1;7;A13;48,9560300000;1,9363000000
202200029334;8;1;2022;15:40;1;67;67465;1;1;1;2;D737;48,8098790000;7,9717840000
202200029335;13;4;2022;14:30;1;93;93001;2;3;2;3;Rue du Goulet / Rue Pasteur;48,9140400000;2,3783800000
202200029336;20;6;2022;17:30;1;93;93066;1;1;1;2;AUTOROUTE A1;48,9217000000;2,3575300000
202200029337;24;1;2022;14:55;1;57;57102;1;9;1;3;Bousse;49,2670310000;6,2021870000
202200029338;13;4;2022;18:48;1;92;92046;2;1;1;2;FABIEN (BOULEVARD DU COLONEL);48,8120987436;2,2804001569
202200029339;26;1;2022;08:45;1;51;51237;2;1;9;7;Rue des Noues;48,7201030000;3,5438260000
202200029340;19;6;2022;16:45;1;93;93010;1;1;1;2;AUTOROUTE A3;48,9043535615;2,4716561041
202200029341;26;1;2022;16:10;1;59;59149;1;1;1;6;Chemin d'Haspres;50,0654865003;3,3914279935
202200029342;12;4;2022;11:00;1;92;92050;2;3;1;6;GAMBETTA RUE;48,8894214976;2,1980964392
202200029343;19;6;2022;16:00;1;93;93064;1;1;1;2;AUTOROUTE A86;48,8727600000;2,4803700000
202200029344;26;1;2022;06:50;3;59;59358;1;1;1;1;D3;50,8977257478;2,2529375553
202200029345;19;6;2022;00:40;4;93;93027;1;1;1;6;AUTOROUTE A1;48,9385733468;2,4164026735
202200029346;13;4;2022;12:10;1;92;92020;2;1;2;6;BROSSOLETTE RUE PIERRE AUTRES N°;48,8009470000;2,2793020000
202200029347;26;1;2022;00:30;3;79;79123;1;6;5;7;;46,7749500000; -0,6426140000
202200029348;19;6;2022;02:00;3;93;93027;1;1;1;7;AUTOROUTE A86;48,9265000000;2,4028500000
202200029349;13;4;2022;14:10;1;92;92026;2;1;2;6;SAINT-DENIS BD DE (01 A 197 / 02 A 118);48,8977174907;2,2629008889
202200029350;25;1;2022;17:20;2;82;82126;2;4;7;1;rue Pierre Mendès-France;44,1608460000;1,5518720000
202200029351;13;4;2022;21:50;5;92;92012;2;2;1;3;GENERAL LECLERC (AVENUE DU) 1/33 - 2/58;48,8309363262;2,2346239686
202200029352;25;1;2022;15:30;1;32;32147;2;1;1;5;D 124;43,6296770000;0,8732550000
202200029353;18;6;2022;14:00;1;93;93005;1;1;1;4;AUTOROUTE A3;48,9508885757;2,4745512892
202200029354;13;4;2022;05:30;5;92;92007;2;1;2;6;VAILLANT-COUTURIER (AVENU PAUL);48,7956338818;2,3170420825
202200029355;24;1;2022;09:15;1;89;89309;2;1;1;1;Avenue du General Leclerc;48,2868980000;3,2073210000
202200029356;18;6;2022;13:30;1;95;95500;1;1;1;3; A15;49,0429200000;2,0785500000
202200029357;25;1;2022;20:00;5;25;25410;2;1;5;5;D571;47,2280060000;6,0622320000
202200029358;18;6;2022;07:15;1;93;93006;1;1;1;2;AUTOROUTE A3;48,8638635528;2,4131602275
202200029359;20;6;2022;12:00;1;94;94069;1;1;1;2;A4;48,8172046066;2,4285178250
202200029360;26;1;2022;12:00;1;29;29023;2;1;1;6;Place de la République;48,6688940000; -3,9152450000
202200029361;12;4;2022;18:30;1;37;37175;1;2;8;5;RD 73;47,5499112661;0,7877352834
202200029362;26;1;2022;09:38;1;29;29105;2;7;7;6;Place de Lourdes;48,5111380000; -4,0731210000
202200029363;18;6;2022;23:40;5;94;94042;1;1;1;4;A4;48,8272864270;2,4692556276
202200029364;26;1;2022;07:05;5;06;06079;2;1;1;6;Avenue de Cannes;43,5447080000;6,9379100000
202200029365;15;4;2022;10:40;1;74;74238;1;1;1;5;Route des Grandes Alpes;46,2466470000;6,6384140000
202200029366;19;6;2022;02:20;5;31;31555;2;1;1;7;AV DE REYNERIE;43,5674000000;1,4034900000
202200029367;26;1;2022;18:45;2;73;73124;1;1;1;1;1300 Route de Vizeron;45,6544850000;6,3324170000
202200029368;19;6;2022;18:45;1;75;75112;2;1;1;6;SOUTERRAIN CHALON;48,8443320000;2,3768500000
202200029369;15;4;2022;12:25;1;68;68249;1;1;1;6;305 Le Lac Noir;48,1121810000;7,1001830000
202200029370;25;1;2022;14:35;1;18;18225;2;1;7;3;Le Mas;46,5557540000;2,2705680000
202200029371;17;6;2022;16:03;1;07;07008;2;1;1;6;;44,7148600000;4,6160800000
202200029372;25;1;2022;16:25;1;16;16336;2;1;1;7;Rue des Ecoles;45,8383566848;0,3488648683
202200029373;18;6;2022;18:20;3;974;97411;1;1;3;7;VINH-SAN (BLD 1 DU PRINCE); -20,8776000000;55,4374600000
202200029374;14;4;2022;21:00;5;68;68143;2;2;1;1;Route de Colmar;48,1108020000;7,4159490000
202200029375;26;1;2022;15:30;1;16;16337;1;1;1;7;D59;45,9833950000;0,6649730000
202200029376;24;1;2022;17:45;2;53;53096;2;1;8;3;Rue Alain Gerbault;48,2922490000; -0,9172350000
202200029377;19;6;2022;09:50;1;974;97409;2;3;1;3;LACOARET(RUE); -20,9571400000;55,6547300000
202200029378;26;1;2022;07:20;3;40;40066;1;1;1;6;RD 824;43,8485180000; -0,7459550000
202200029379;19;6;2022;15:00;1;973;97302;2;1;1;7;MONTABO (ROUTE DE) 4;4,9318600000; -52,2905100000
202200029380;14;4;2022;19:45;1;28;28158;1;1;1;7;D149;48,4007060000;1,4106220000
202200029381;19;6;2022;03:10;5;69;69387;2;1;1;6;Avenue Tony Garnier;45,7314100000;4,8239300000
202200029382;19;1;2022;10:00;1;28;28172;1;6;1;1;D28;48,5739700000;1,6711990000
202200029383;15;4;2022;17:10;1;22;22093;1;1;1;3;Pont Garel Saint-Aaron - RD14;48,5027300000; -2,4928880000
202200029384;19;6;2022;06:40;1;2B;2B033;2;1;1;7;SAMPIERO CORSO - AV;42,6711900000;9,4437300000
202200029385;26;1;2022;07:00;3;77;77099;1;1;8;6;A77 PK 008+750 sens NEVERS vers PARIS;48,1490380000;2,7500560000
202200029386;19;6;2022;17:06;1;2A;2A004;2;1;1;7;NAPOLEON III AVENUE PAIR;41,9254000000;8,7344200000
202200029387;14;4;2022;21:20;3;41;41278;1;1;1;1;La Duperrerie - N10;47,6378920000;0,9443800000
202200029388;18;6;2022;21:30;2;95;95277;2;1;1;3;Rue d'Arsonval;48,9924300000;2,4553700000
202200029389;19;6;2022;12:15;1;91;91667;2;1;1;1;LONGPONT (RUE);48,6661500000;2,3277200000
202200029390;25;1;2022;08:25;2;35;35275;1;1;5;5;RN12;48,1599690000; -1,8400430000
202200029391;15;4;2022;15:35;1;61;61497;1;1;1;6;A28 PK 163+100;48,4658220000;0,1244330000
202200029392;19;6;2022;22:05;2;91;91689;2;1;2;6;RUE VICTOR BALOCHE;48,7267350000;2,3243770000
202200029393;26;1;2022;15:50;1;06;06152;1;1;1;2;Route d Antibes;43,6234950000;7,0120780000
202200029394;19;6;2022;18:35;1;91;91223;1;1;1;7;R.D.20;48,4165600000;2,1305400000
202200029395;15;4;2022;17:00;1;74;74198;2;9;1;3;262 Route du Fier;45,9338220000;6,1864510000
202200029396;24;1;2022;15:10;1;33;33527;1;1;1;6;A660 - PK 013.500;44,6148950000; -0,9889410000
202200029397;22;1;2022;04:10;3;34;34240;1;9;1;6;A709;43,6195450000;3,9524390000
202200029398;15;4;2022;14:38;1;65;65304;1;1;1;7;D943;43,4780653920;0,0521736642
202200029399;17;6;2022;19:25;1;83;83069;1;1;1;3;LOUBES (ROUTE DES);43,1149200000;6,0958300000
202200029400;25;1;2022;15:25;1;95;95535;1;1;5;6;RD 81;49,0368457480;1,9769757986
202200029401;14;4;2022;13:45;1;89;89391;1;2;1;3;carrefour D470 / D976;48,3459930000;3,2316430000
202200029402;26;1;2022;15:30;1;66;66210;1;1;1;1;D85;42,6563870000;2,7676110000
202200029403;19;6;2022;17:55;1;81;81144;1;1;6;4;RN 88;43,9668800000;2,1830200000
202200029404;15;4;2022;13:49;1;55;55470;1;1;1;7;D635;48,6971530000;5,0668990000
202200029405;25;1;2022;08:00;2;84;84081;2;1;1;1;47 Avenue Aristide Briand;43,9395210000;4,9038720000
202200029406;19;6;2022;18:11;1;76;76681;2;5;1;2;Rue Leon Blum;49,4196500000;1,0901860000
202200029407;14;4;2022;13:00;1;47;47325;1;1;1;6;rd 120;44,3685290000;0,2825390000
202200029408;19;6;2022;02:20;5;76;76565;2;9;2;1;AVENUE DE LA LIBERATION;49,8927800000;1,0748500000
202200029409;13;4;2022;17:50;1;68;68135;2;1;1;2;5 Rue Eichmatten;47,5806850000;7,5195430000
202200029410;25;1;2022;18:55;3;57;57328;1;2;5;3;"lieu dit ""maison rouge""";48,9755700000;6,5156010000
202200029411;14;4;2022;18:30;1;68;68139;1;9;1;7;D258;47,6036130000;7,2185810000
202200029412;14;4;2022;19:50;1;68;68081;1;1;8;7;D18.3;47,6622040000;7,2059480000
202200029413;26;1;2022;06:00;5;01;01142;2;7;5;6;Rue Jean Claude Raccurt;45,8517180000;5,0769950000
202200029414;19;6;2022;17:20;1;74;74012;2;3;1;3;LECLERC (AVENUE DU MARECHAL);46,1869460000;6,2479880000
202200029415;25;1;2022;17:40;2;69;69297;2;1;1;1;31b Chemin des Grandes Combes;45,5970979884;4,8028761148
202200029416;15;4;2022;12:15;1;39;39451;1;1;1;1;;47,1657050000;5,7149200000
202200029417;19;6;2022;14:50;1;69;69266;2;2;1;3;Rue des Bienvenus;45,7760900000;4,8842700000
202200029418;26;1;2022;16:15;1;31;31165;2;1;1;6;Allée Henri Guillaumet;43,4271650000;1,3539480000
202200029419;14;4;2022;21:05;3;44;44152;1;1;1;7;3 La Renais;47,4746400000; -2,0067150000
202200029420;18;6;2022;02:35;5;69;69266;2;2;1;6;Place de la Paix;45,7521500000;4,9151800000
202200029421;22;1;2022;16:00;1;33;33535;1;6;1;7;;44,8329260000; -0,4733560000
202200029422;19;6;2022;21:00;2;68;68224;2;1;1;7;KINGERSHEIM (RUE DE);47,7745100000;7,3282600000
202200029423;24;1;2022;19:00;3;50;50592;1;1;1;6;Le Champ Passelais - Fervaches;48,9900670000; -1,0783870000
202200029424;15;4;2022;18:00;1;29;29158;2;2;7;3;Avenue de Skibbereen;47,8141130000; -4,3442340000
202200029425;19;6;2022;04:40;5;67;67462;2;1;1;6;SAINTE MARIE-AUX-MINES (ROUTE DE);48,2664500000;7,4320900000
202200029426;26;1;2022;17:35;1;22;22353;1;1;1;3;135 Route de Lannion;48,8061230000; -3,5012270000
202200029427;15;4;2022;13:15;1;29;29216;2;1;1;3;9 Rue de Pouldreuzic;47,9801370000; -4,1800990000
202200029428;20;6;2022;01:10;5;64;64140;2;2;1;6;Rue Paul Cazaurang;43,5281100000; -1,4912100000
202200029429;24;1;2022;07:15;3;13;13215;1;1;1;2;A7-Sens Lyon vers Marseille;43,3781300000;5,3564400000
202200029430;14;4;2022;16:25;1;01;01263;1;4;7;3;D933;46,0698644235;4,7706547379
202200029431;24;1;2022;06:45;3;13;13022;1;1;1;2;A50-Sens Aubagne vers Toulon;43,2299000000;5,5854200000
202200029432;19;6;2022;16:05;1;54;54526;2;1;1;6;RM 674;48,6846047131;6,2242645025
202200029433;15;4;2022;17:15;1;01;01269;1;1;1;2;Route de la-Cluse;46,1634550000;5,5909680000
202200029434;17;6;2022;21:25;2;54;54525;1;1;1;1;D26;49,4707300000;5,8941700000
202200029435;24;1;2022;07:50;1;83;83137;1;1;1;4;A57;43,1260711843;5,9729420542
202200029436;19;6;2022;19:22;1;45;45234;2;1;1;6;Rue Jeanne Champillou;47,9163100000;1,9266500000
202200029437;14;4;2022;16:30;1;70;70044;1;1;1;3;cd 10;47,6775950000;6,1611630000
202200029438;24;1;2022;08:40;1;59;59196;1;1;1;4;AUTOROUTE A25;50,6471452201;2,9260271788
202200029439;19;6;2022;17:00;1;37;37261;2;2;1;3;BORDEAUX (AVENUE DE);47,3597558226;0,6975916028
202200029440;25;1;2022;19:20;3;91;91521;1;1;1;7;RN 441;48,6358860000;2,4010450000
202200029441;14;4;2022;15:45;1;05;05004;2;1;1;6;Chemin de Roanne;44,6229610000;6,2149570000
202200029442;19;6;2022;17:49;1;33;33063;2;3;1;3;Cours d'Albret;44,8346443047; -0,5803200603
202200029443;24;1;2022;18:30;3;78;78423;1;1;1;5;RN12;48,7963900000;2,0323000000
202200029444;18;6;2022;17:00;1;31;31555;2;1;1;3;BD LAZARE CARNOT;43,6029700000;1,4514500000
202200029445;7;4;2022;08:15;1;60;60509;2;3;1;6;Rue Voltaire;49,3072940000;2,6042850000
202200029446;25;1;2022;19:00;3;95;95042;1;1;1;3;RN 104;49,0612613803;2,3119488358
202200029447;18;6;2022;19:45;1;29;29039;1;4;2;7;D783 - Keramperu;47,8894000000; -3,9155600000
202200029448;25;1;2022;14:40;1;93;93066;1;1;1;2;AUTOROUTE A1;48,9022101430;2,3586907111
202200029449;19;6;2022;16:40;1;27;27299;1;1;1;6;RN 154;49,0571200000;1,1750200000
202200029450;17;6;2022;18:30;1;25;25056;2;1;1;3;VESOUL RUE DE (sup 52);47,2542260000;6,0152010000
202200029451;25;1;2022;14:30;1;93;93008;1;1;1;2;AUTOROUTE A86;48,9127345676;2,4368072152
202200029452;18;6;2022;13:30;1;13;13117;1;1;1;2;ROUTE DEPARTEMENTALE 20;43,4421000000;5,2327900000
202200029453;25;1;2022;01:35;3;95;95277;1;1;1;2;A1;48,9733416161;2,4870246649
202200029454;19;6;2022;08:05;1;13;13210;2;1;1;3;FLORIAN (AVENUE);43,2828560763;5,4272232860
202200029455;15;4;2022;16:04;1;45;45327;1;1;1;3;D11;47,9442398984;2,1209120751
202200029456;25;1;2022;10:30;1;94;94017;1;1;8;2;A4;48,8289600000;2,4998400000
202200029457;15;4;2022;02:00;5;18;18141;2;4;1;1;08 Rue Gilbert Demay;47,1445400000;2,2209950000
202200029458;19;6;2022;16:35;1;06;06069;2;1;1;5;DRAGUIGNAN (ROUTE DE) - D2562-;43,6453870000;6,9026840000