Num_Acc;jour;mois;an;hrmn;lum;dep;com;agg;int;atm;col;adr;lat;long
202200029459;19;6;2022;20:20;1;06;06029;2;1;1;3;CARNOT (BOULEVARD);43,5556600000;7,0169500000
202200029460;23;1;2022;06:15;5;75;75119;2;4;1;6;PORTE DES LILAS;48,8808770000;2,4040970000
202200029461;23;1;2022;00:22;5;75;75120;2;1;1;6;ECHANGEUR BAGNOLET;48,8646630043;2,4123197794
202200029462;13;4;2022;16:00;1;16;16174;1;1;1;6;Route des Marcasses;45,6928370000; -0,2295440000
202200029463;18;6;2022;18:40;1;75;75106;2;2;1;3;RUE DE SEINE;48,8514660000;2,3370620000
202200029464;23;1;2022;23:05;5;75;75117;2;2;1;6;BOULEVARD BERTHIER;48,8880840000;2,2996720000
202200029465;19;6;2022;18:10;1;75;75120;2;2;1;7;RUE DES PYRENEES;48,8716610000;2,3923110000
202200029466;23;1;2022;19:25;5;75;75117;2;2;1;7;RUE DE ROME;48,8822170000;2,3203760000
202200029467;19;6;2022;06:00;1;75;75119;2;3;1;7;BOULEVARD MACDONALD;48,8982560000;2,3861060000
202200029468;23;1;2022;22:20;5;75;75115;2;1;1;6;RUE DE LA CROIX NIVERT;48,8414770000;2,2923900000
202200029469;14;4;2022;17:45;1;24;24547;2;3;1;3;rue des plantes;45,1315190000;1,2817740000
202200029470;19;6;2022;09:45;1;75;75117;2;2;2;3;AVENUE DE CLICHY;48,8915590000;2,3185020000
202200029471;23;1;2022;13:40;1;75;75115;2;3;1;3;RUE DE LA CONVENTION;48,8383380000;2,2940080000
202200029472;14;4;2022;06:25;2;88;88054;1;1;1;1;N159;48,2734140000;7,0528740000
202200029473;19;6;2022;11:30;1;75;75116;2;1;1;3;BOULEVARD MURAT;48,8460200000;2,2578820000
202200029474;19;6;2022;17:30;1;75;75115;2;4;1;3;RUE DE LOURMEL;48,8389920000;2,2822650000
202200029475;15;4;2022;10:00;1;67;67536;1;1;7;1;Route d Obersteinbach;48,9915900000;7,6709980000
202200029476;24;1;2022;10:30;1;75;75114;2;3;1;3;RUE DIDOT;48,8277780000;2,3152100000
202200029477;19;6;2022;17:25;1;75;75115;2;1;1;2;QUAI D ISSY LES MOULINEAUX;48,8350270000;2,2659020000
202200029478;19;6;2022;12:50;1;75;75115;2;2;1;6;RUE DE LOURMEL;48,8456570000;2,2879970000
202200029479;19;6;2022;17:30;1;75;75107;2;1;1;3;QUAI BRANLY;48,8578080000;2,2917150000
202200029480;24;1;2022;09:20;1;75;75113;2;3;1;3;AVENUE DE LA PORTE DE VITRY;48,8228820000;2,3778550000
202200029481;19;6;2022;02:45;5;75;75104;2;7;1;3;PLACE DE LA BASTILLE;48,8532070000;2,3687150000
202200029482;15;4;2022;01:25;3;60;60082;1;1;1;2;A16;49,6760135081;2,2114019391
202200029483;24;1;2022;01:20;5;75;75113;2;2;1;3;BOULEVARD VINCENT AURIOL;48,8373540000;2,3738400000
202200029484;19;6;2022;19:50;1;94;94076;2;1;1;3;MAXIME GORKI (BD);48,7934170000;2,3692000000
202200029485;15;4;2022;13:40;1;13;13044;1;1;1;1;D 69 PK 06+400;43,6088300000;5,0163960000
202200029486;19;6;2022;02:20;5;94;94022;2;1;1;3;Rue Pompadour;48,7671450000;2,4238140000
202200029487;24;1;2022;15:20;1;75;75102;2;2;1;3;RUE ETIENNE MARCEL;48,8647910000;2,3451660000
202200029488;21;1;2022;00:05;5;75;75104;2;3;1;7;RUE DE LOBAU;48,8553460000;2,3528150000
202200029489;19;6;2022;17:10;1;94;94069;2;1;1;3;15 Rue du Maréchal Leclerc;48,8181900000;2,4211100000
202200029490;14;4;2022;16:45;1;95;95151;1;1;1;1;Chemin vicinal 2;49,0639690000;2,2680120000
202200029491;24;1;2022;09:55;1;94;94081;2;2;1;3;Quai Jules Guesde;48,7833670000;2,4178000000
202200029492;19;6;2022;07:00;1;94;94004;2;2;2;6;Avenue du Général Leclerc / Rue de Valenton;48,7469300000;2,5102200000
202200029493;15;4;2022;14:38;1;17;17050;1;1;1;3;A10;45,4582790000; -0,6175090000
202200029494;19;6;2022;18:55;1;93;93064;2;1;1;6;Allee des Tilleuls;48,8750057234;2,4704663157
202200029495;24;1;2022;17:57;3;94;94078;2;1;1;2;192 Rue de Paris;48,7390410000;2,4468600000
202200029496;17;6;2022;16:40;1;93;93008;2;7;1;3;Place de l’Europe;48,9094100000;2,4718900000
202200029497;24;1;2022;16:15;1;94;94042;2;9;1;2;Avenue Jean Jaurès;48,8217900000;2,4645600000
202200029498;24;1;2022;11:40;1;94;94076;2;1;1;3;132 Avenue de Stalingrad;48,7815130000;2,3670520000
202200029499;19;6;2022;22:20;4;93;93001;2;2;3;1;Rue du Docteur Pesque / Rue Achille Domart;48,9137715143;2,3829936380
202200029500;19;6;2022;20:00;1;93;93001;2;1;1;5;Rue Edouard Poisson;48,9109000000;2,3822600000
202200029501;24;1;2022;18:00;5;94;94077;2;2;1;6;Cours de Verdun / Rue Charles Nungesser;48,7336700000;2,4057700000
202200029502;12;4;2022;06:00;1;971;97118;2;6;1;3;rond point de Versailles;16,2181570000; -61,6001160000
202200029503;19;6;2022;12:35;1;92;92046;2;1;1;3;STALINGRAD (BOULEVARD);48,8147235980;2,2868283391
202200029504;24;1;2022;22:30;5;94;94017;2;1;1;1;83 Avenue de la République;48,8228977730;2,5104128569
202200029505;14;4;2022;10:25;1;34;34227;2;1;1;1;11 Rue des Plans;43,7201210000;4,0366070000
202200029506;19;6;2022;17:20;1;92;92020;2;1;1;6;BLANCHARD RUE;48,7956155723;2,2904538140
202200029507;24;1;2022;17:40;5;94;94017;2;3;1;2;Boulevard de Stalingrad / Boulevard des Alliés;48,8293118220;2,4933318794
202200029508;11;4;2022;13:00;1;06;06147;2;1;1;1;1115 Route d Aspremont;43,7954000000;7,2643720000
202200029509;19;6;2022;12:50;1;92;92012;2;2;1;6;JEAN JAURES (BOULEVARD) 1/61 - COTE IMPA;48,8434979011;2,2379493713
202200029510;24;1;2022;19:05;5;93;93078;2;1;1;6;BALLANGER (BD ROBERT);48,9568600000;2,5432500000
202200029511;24;1;2022;15:35;1;93;93050;2;1;1;2;GENERAL DE GAULLE (AVENUE);48,8574117506;2,5322016971
202200029512;19;6;2022;22:10;5;92;92004;1;1;1;4;PONT D'ASNIERES;48,9044486051;2,2884054780
202200029513;13;4;2022;11:11;1;13;13007;1;3;1;2;Traverse du Pas de l Ave;43,3735920000;5,6701500000
202200029514;20;6;2022;16:30;1;35;35294;1;1;1;6;Le Pont d Aval ancienne RD 177;47,7099170000; -1,9919750000
202200029515;24;1;2022;14:17;1;93;93064;2;1;1;3;LECLERC (RUE DU GENERAL);48,8682635512;2,4919512503
202200029516;10;4;2022;17:45;1;71;71448;2;1;1;3;Rue du commerce;46,3822580000;4,8553830000
202200029517;24;1;2022;08:30;1;93;93008;2;9;1;6;HOTEL DE VILLE;48,9055400000;2,4444400000
202200029518;29;5;2022;14:15;1;01;01244;2;3;1;3;Avenue du Docteur Boyer;45,9071330000;5,1949130000
202200029519;14;4;2022;08:00;1;67;67474;2;1;1;6;Rue des Barons de Fleckenstein;48,9384150000;7,8807060000
202200029520;22;1;2022;13:28;1;93;93029;2;2;8;3;Avenue Jean Jaurès / Rue du 4 Septembre;48,9182100000;2,4547400000
202200029521;20;6;2022;14:35;1;95;95134;2;1;1;6; Avenue du Général Leclerc;49,1368060000;2,2404410000
202200029522;14;4;2022;20:00;2;54;54520;1;1;1;2;N333;48,5742184717;6,6214835653
202200029523;22;1;2022;12:35;1;93;93008;2;3;8;3;Avenue Paul Vaillant - Couturier / Rue de Léningrad;48,9057700000;2,4666700000
202200029524;19;6;2022;02:10;3;40;40296;1;1;1;1;D79, route de vieux boucau;43,7296680000; -1,4122610000
202200029525;24;1;2022;13:00;1;93;93001;2;2;1;3;DANIELLE CASANOVA (RUE)  59 =>;48,9147951121;2,4039112679
202200029526;20;6;2022;16:50;1;83;83033;1;1;1;3;Autoroute A57;43,2897210000;6,1943740000
202200029527;15;4;2022;01:00;3;32;32029;1;1;1;6;rd 943;43,6219550000;0,4902030000
202200029528;17;6;2022;18:10;1;71;71397;1;1;1;3;Sainte-Cécile (Embranchement d'autoroute);46,3913680000;4,6285810000
202200029529;24;1;2022;07:50;5;92;92026;2;5;8;3;COURBEVOIE (PONT DE);48,8968200000;2,2642700000
202200029530;11;4;2022;18:35;1;86;86163;1;9;1;6;D18;46,6046950000;0,4272860000
202200029531;19;6;2022;20:20;1;68;68143;2;2;1;3;Route de Colmar;48,1106760000;7,4184700000
202200029532;15;4;2022;06:40;2;33;33056;2;1;5;6;Avenue du Port du Roy;44,9118710000; -0,6018340000
202200029533;23;1;2022;22:35;3;92;92025;2;2;1;3;PIERRE BROSSOLETTE (RUE);48,9104800000;2,2415140000
202200029534;19;6;2022;21:00;3;972;97212;1;1;1;7;Sinai;14,7207800000; -61,0371580000
202200029535;23;1;2022;20:00;5;92;92024;2;3;1;2;CLICHY (QUAI DE) DE (104 A 202);48,9068253640;2,2966489457
202200029536;14;4;2022;16:55;1;14;14025;2;2;1;3;D658;48,9223940000; -0,2133110000
202200029537;19;6;2022;17:25;1;74;74152;1;1;1;1;Route des Gorges du Fier (Pont);45,8979830000;6,0433820000
202200029538;23;1;2022;05:23;3;35;35239;1;1;1;6;Lieu Dit la Galliere;47,8927730000; -1,3429660000
202200029539;9;5;2022;21:45;5;44;44070;2;2;1;3;6 Route de la Gourtière;47,1765740000; -1,4117480000
202200029540;3;4;2022;11:45;1;76;76758;2;6;1;3;Rue Joseph Coddeville;49,6135880000;0,7617150000
202200029541;19;6;2022;11:45;1;57;57018;1;2;1;1;route départementale 955;48,8300310000;6,4938960000
202200029542;20;1;2022;15:40;1;40;40014;1;1;1;2;A.65, PK 054.000 sens PAU - BORDEAUX;44,0523720000; -0,3270150000
202200029543;15;4;2022;09:50;1;60;60350;2;9;1;3;Rue de Saint Crepin;49,5874410000;2,8437020000
202200029544;13;6;2022;17:10;1;74;74131;1;1;1;3;D992;46,0228780000;5,9454920000
202200029545;15;4;2022;02:08;3;62;62654;1;1;1;6;Autoroute A16;50,9072510000;1,7779410000
202200029546;19;6;2022;01:00;3;78;78325;1;1;1;1;D158;48,9222450000;1,7818020000
202200029547;24;1;2022;20:00;3;58;58012;1;1;5;6;D220 route de saint verain;47,5556550000;2,9647850000
202200029548;11;4;2022;15:00;1;83;83137;1;1;1;4;A57;43,1239350000;5,9612480000
202200029549;13;4;2022;16:30;1;91;91345;1;1;1;5;AUTOROUTE A6;48,6880400000;2,3250800000
202200029550;24;1;2022;14:00;1;59;59653;2;1;1;6;Rue Jean Baptiste Lebas;50,5655600000;2,9225900000
202200029551;20;6;2022;18:10;1;79;79213;2;1;1;1;Route de Saint-Maixent;46,6348370000; -0,2451160000
202200029552;13;4;2022;13:08;1;91;91228;1;1;2;2;RN 104;48,6136500000;2,4312380000
202200029553;19;6;2022;01:16;3;79;79189;1;1;1;7;;46,4463810000; -0,1235000000
202200029554;13;4;2022;17:30;1;78;78158;1;1;1;2;A86 DUPLEX;48,8350400000;2,1457140000
202200029555;21;1;2022;15:30;1;72;72058;1;1;1;1;Route des Bas Chatons;47,9510900000;0,2952150000
202200029556;13;4;2022;17:15;1;92;92062;1;1;1;7;A14;48,8931560706;2,2343018353
202200029557;19;6;2022;22:00;3;2B;2B342;1;1;1;6;D645;41,9229480000;9,3109050000
202200029558;24;1;2022;19:30;3;34;34239;1;1;1;2;A750;43,6538250000;3,5252190000
202200029559;23;1;2022;01:15;3;13;13108;1;1;1;1;CD 35 ROUTE DE BOULBON;43,8240200000;4,6674500000
202200029560;19;6;2022;06:15;1;82;82039;1;1;1;6;51 Chemin des Prés;44,1039880000;1,4612070000
202200029561;25;1;2022;19:45;5;62;62415;1;6;5;7;D939;50,3319034672;2,6412937939
202200029562;18;6;2022;22:40;3;81;81051;1;1;1;7;rd 1 pk 19+600;43,9817370000;1,9285190000
202200029563;10;2;2022;22:00;5;75;75116;2;3;2;6;ALLEE DU BORD DE L EAU;48,8553070000;2,2262140000
202200029564;20;6;2022;15:15;1;32;32044;1;1;1;1;Route de la Gele;43,9124830000;0,3965750000
202200029565;12;4;2022;21:00;4;976;97611;2;6;1;3;kaweni-SPPM ( rue de la ); -12,7711700000;45,2237800000
202200029566;20;6;2022;14:00;1;71;71209;1;3;1;3;rd 972 pk 7;46,5549210000;5,3156230000
202200029567;12;4;2022;18:05;1;973;97302;2;1;1;3;LIBERTE (AVENUE DE LA);4,9353824842; -52,3316922784
202200029568;22;1;2022;00:00;5;62;62124;2;1;1;1;route nationale;50,4920780000;1,7201380000
202200029569;12;4;2022;20:40;5;69;69387;2;7;1;3;Avenue Jean Jaurès;45,7450859450;4,8417359591
202200029570;18;6;2022;18:55;1;71;71120;2;1;1;7;15 Chemin du Tour du Bois;46,2026500160;4,3336979114
202200029571;12;6;2022;14:45;1;49;49170;1;1;1;7;La Fassière;47,6422680000; -0,4951470000
202200029572;23;1;2022;23:15;3;74;74083;1;1;1;1;Route de Saint Gervais;45,8854830000;6,6488530000
202200029573;12;4;2022;12:00;1;69;69388;2;2;1;1;Boulevard des Etats-Unis;45,7245200000;4,8711800000
202200029574;19;6;2022;20:00;1;49;49069;1;1;1;6;Le Vau (la Varenne);47,3128610000; -1,3085530000
202200029575;12;4;2022;19:15;1;69;69385;2;1;1;7;Avenue Debrousse;45,7507600000;4,8151000000
202200029576;24;1;2022;15:40;1;31;31150;1;4;1;2;Route de Colomiers;43,6374100502;1,3324503601
202200029577;16;6;2022;20:30;1;12;12029;1;1;1;1;La Combe du Suc;44,1977360000;2,0960660000
202200029578;12;4;2022;12:55;1;69;69202;2;3;8;3;53 Route de la Libération;45,7281500000;4,7788600000
202200029579;7;6;2022;07:45;1;34;34310;2;6;1;3;rue carrierasse;43,4203350000;3,1608710000
202200029580;24;1;2022;15:20;1;89;89456;1;1;8;1;D606;48,3068050000;3,1682510000
202200029581;12;4;2022;15:45;1;2A;2A004;2;1;1;5;STEPHANOPOLI NICEPHORE  DE COMENE BD;41,9087700000;8,7117800000
202200029582;19;6;2022;11:20;1;38;38395;2;4;1;1;Rue des 22 Martyrs;45,3291750000;5,9034880000
202200029583;11;4;2022;12:20;1;91;91345;2;1;1;6;RUE LEONTINE SOHIER;48,6924140000;2,3003660000
202200029584;25;1;2022;18:15;3;55;55291;1;1;5;6;Chemin des Pains de Seigle;48,6974790000;5,3460400000
202200029585;20;6;2022;10:00;1;06;06120;1;1;1;1;ROUTE DE SAINT DALMAS M2205;44,2602800000;6,9221650000
202200029586;21;1;2022;19:45;3;42;42197;1;1;9;6;Route de Boën;45,7383460000;4,0682300000
202200029587;11;4;2022;11:35;1;90;90010;2;1;1;7;JAURES (AVENUE JEAN) A 150 ET 117;47,6508710000;6,8517380000
202200029588;24;1;2022;17:30;1;44;44069;1;9;1;6;Route de Kerrobert;47,3405090000; -2,3450290000
202200029589;20;6;2022;00:30;5;09;09265;2;6;1;6;Avenue des Pyrénées;43,0958990000;1,6251720000
202200029590;12;4;2022;08:38;1;87;87113;2;1;1;6;BRIAND (AVENUE ARISTIDE);45,8685100000;1,3279400000
202200029591;11;6;2022;12:00;1;73;73130;2;1;1;6;chemin de la digue;45,6546631915;6,3707667558
202200029592;18;1;2022;17:10;1;35;35021;1;1;1;6;route de La Métairie;48,3426090000; -1,1545090000
202200029593;11;4;2022;11:48;1;87;87085;2;1;1;5;DUTREIX (RUE ARMAND);45,8315300000;1,2367300000
202200029594;19;6;2022;16:23;1;10;10106;2;1;1;1;Courceroy;48,4645130824;3,4140416980
202200029595;12;4;2022;14:35;1;83;83137;2;1;1;3;GASQUET (AVE JOSEPH DE 1 A 1423;43,1223300000;5,9725100000
202200029596;8;4;2022;21:45;5;80;80021;2;2;1;3;COMMANDANT DEFONTAINE;49,8965500000;2,2889400000
202200029597;19;6;2022;19:30;1;10;10294;1;2;1;3;D81 - D57;48,1792220000;4,3507790000
202200029598;20;1;2022;09:00;1;38;38543;1;3;1;3;Intersection D19 / D224B;45,6442280000;5,4328040000
202200029599;19;6;2022;16:50;1;07;07215;1;1;1;6;RD 120;44,8922820000;4,4891450000
202200029600;12;4;2022;15:10;1;78;78440;2;9;1;3;PAUL RAOULT (AVENUE);48,9949800000;1,9135800000
202200029601;19;6;2022;02:00;3;40;40206;1;1;1;6;Route de Bidache;43,5275800000; -1,1047380000
202200029602;20;6;2022;09:50;1;04;04124;1;1;1;1;RD 211;43,7592930000;6,0893120000
202200029603;11;4;2022;03:55;5;77;77288;2;3;1;3;D372 / D606;48,5271700000;2,6534500000
202200029604;25;1;2022;11:00;1;14;14045;1;1;5;6;D675;49,2103640000; -0,1153560000
202200029605;19;6;2022;03:20;3;85;85185;2;9;2;7;Résidence des Courlis;46,3766710000; -1,0769950000
202200029606;12;4;2022;09:15;1;76;76476;2;1;1;6;HIRONDELLES (RUE DES);49,4904700000;0,5771400000
202200029607;20;6;2022;10:45;1;28;28111;1;1;1;3;D9;48,2323420000;0,8633550000
202200029608;11;4;2022;13:35;1;62;62239;1;6;1;3;EUROPE (BOULEVARD DE L');50,9253800000;1,8064500000
202200029609;19;6;2022;09:45;1;37;37084;1;1;1;1;RD 959 - Pk 23+020;47,5325740000;0,3693190000
202200029610;24;1;2022;07:48;2;14;14738;2;1;5;1;D675;49,1553520000; -0,4520020000
202200029611;19;6;2022;10:45;1;08;08419;2;1;1;1;;49,7013758450;4,4162882566
202200029612;11;4;2022;14:55;1;59;59456;2;3;1;1;THOREZ MAURICE(RUE);50,3689500000;3,2005900000
202200029613;19;6;2022;18:00;5;987;98752;2;1;2;1;PK 45 - RT1; -17,7220000000; -149,3990000000
202200029614;12;4;2022;10:30;1;56;56121;1;1;1;1;GAILLEC (RUE  DU );47,7614600000; -3,4042200000
202200029615;20;6;2022;13:30;1;67;67194;1;9;1;3;A35 PK 234+500;48,7317060000;7,8946260000
202200029616;12;4;2022;09:10;1;56;56121;2;1;1;6;SCORFF ( BD DU );47,7637400000; -3,3678900000
202200029617;25;1;2022;08:25;2;85;85084;1;1;1;3;RD160;46,8040700000; -1,1459470000
202200029618;20;6;2022;17:57;1;38;38193;2;2;1;3;boulevard d'Erizole;45,6182270000;5,2093300000
202200029619;11;4;2022;19:05;1;54;54395;2;2;1;1;METZ (RUE DE);48,7001770000;6,1725490000
202200029620;19;6;2022;03:05;3;34;34159;2;1;1;7;D612;43,5119270000;3,8027720000
202200029621;10;4;2022;17:00;1;54;54395;2;1;1;3;LECLERC (AV. DU GENE;48,6764156293;6,1773419380
202200029622;23;1;2022;10:45;1;23;23013;1;3;7;3;Pont de Courleix;46,0289310000;2,5211370000
202200029623;19;6;2022;19:15;1;44;44213;1;1;1;6;A11;47,4197610000; -1,0197330000
202200029624;12;4;2022;08:34;1;51;51454;2;6;1;3;rue de Louvois;49,2322900000;4,0335200000
202200029625;19;6;2022;15:05;1;49;49068;1;1;1;6;A11, PK 289.840, sens PARIS - NANTES;47,4294421124; -0,8831977844
202200029626;24;1;2022;14:05;1;77;77034;1;1;1;2;autoroute A5;48,5541140000;2,7724600000
202200029627;10;4;2022;00:15;5;50;50129;1;6;1;1;DUBOST (RUE);49,6407400000; -1,6697900000
202200029628;20;6;2022;14:48;1;38;38065;1;1;1;2;Autoroute A.48 PK 059+100;45,4433620000;5,4048010000
202200029629;8;4;2022;21:55;5;50;50129;2;1;2;6;LANSONNEUR (RUE LOUIS);49,6226400000; -1,6183100000
202200029630;12;4;2022;23:11;5;37;37261;2;1;1;6;GRAMMONT (AVENUE DE);47,3821200000;0,6923300000
202200029631;19;6;2022;14:15;1;83;83116;1;1;1;3;Autoroute A8, PK+053.300, sens nord;43,4687660000;5,8380960000
202200029632;25;1;2022;08:55;1;06;06152;2;3;8;1;Chemin du Parrou;43,6365490000;7,0030010000
202200029633;19;6;2022;21:00;2;38;38381;1;9;1;7;PK050+600;45,5574380000;5,4587670000
202200029634;12;4;2022;18:33;1;37;37214;2;1;2;2;CALMETTE (RUE);47,4071900000;0,6765200000
202200029635;11;4;2022;17:10;1;37;37122;2;1;1;3;RD 86 DE MONTS à TOURS;47,3352000341;0,6648411602
202200029636;19;6;2022;16:40;1;60;60631;1;1;7;6;autoroute A1;49,1485350000;2,5809070000
202200029637;23;1;2022;20:52;5;06;06085;2;5;1;1;Chemin des Campelieres;43,5801030000;6,9980710000
202200029638;12;4;2022;19:25;1;32;32013;2;1;2;7;DENFERT ROCHEREAU (PLACE);43,6280100000;0,6290700000
202200029639;17;6;2022;16:55;1;13;13051;1;1;1;2;A7 - PK 238.000 - sens nord sud;43,6041690000;5,1516330000
202200029640;9;4;2022;15:05;1;19;19031;2;2;1;3;EMERY (AVENUE ANDRE);45,1606000000;1,5032800000
202200029641;10;1;2022;08:01;2;57;57497;1;1;5;1;RD 29 PK 002+900;48,9776400000;6,8580440000
202200029642;19;6;2022;16:40;1;34;34259;1;1;1;1;M102;43,6291800000;3,7460020000
202200029643;12;4;2022;13:49;1;15;15012;2;3;1;2;JAURES (AVENUE JEAN);44,9046640000;2,4541400000
202200029644;19;6;2022;08:05;1;34;34282;2;6;1;3;Avenue des Cevennes;43,6258030000;3,6700240000
202200029645;25;1;2022;15:20;1;38;38485;2;1;7;6;Avenue Hector Berlioz;45,1756463368;5,6862910354
202200029646;8;4;2022;00:00;5;15;15014;2;1;2;6;VIALENC (BOULEVARD DU);44,9164000000;2,4289000000
202200029647;19;6;2022;12:05;1;988;98808;1;1;1;1;RPN3 -Tribu de Pentecost; -21,2891040000;165,6854260000
202200029648;20;2;2022;08:25;1;30;30032;1;1;1;7;Route de Fourques;43,7934000000;4,6304000000
202200029649;25;1;2022;00:00;5;69;69118;2;1;1;7;Route du lyonnais;45,5676690000;4,8002740000
202200029650;18;6;2022;23:00;3;974;97415;1;1;1;7;Route Nationale 1; -21,0995250000;55,2657900000
202200029651;12;4;2022;08:05;1;13;13212;2;3;1;3;CAMPANULES (CHEMIN DES);43,3001511782;5,4490968190
202200029652;19;6;2022;18:30;2;973;97311;1;1;2;1;Avenue Christophe Colomb;5,4572065983; -54,0409541130
202200029653;24;1;2022;19:18;5;971;97125;2;1;1;2;Chemin de Pombiray;16,2743710000; -61,3006530000
202200029654;18;6;2022;18:00;5;971;97118;2;1;1;1;Route de Dubos;16,1982520000; -61,6045690000
202200029655;12;4;2022;08:50;1;13;13206;2;2;1;3;ITALIE (RUE D');43,2888600000;5,3828900000
202200029656;21;1;2022;17:30;2;971;97108;1;1;7;2;D203;15,8742910000; -61,2457970000
202200029657;11;4;2022;18:40;1;13;13205;2;2;1;3;CHAVE (BOULEVARD);43,2957700000;5,4001700000
202200029658;19;6;2022;18:50;1;34;34145;1;1;1;5;Route de la Mer;43,6555150000;4,1385400000
202200029659;12;4;2022;14:00;1;13;13047;1;1;1;1;R.N 569;43,5439400000;4,9553900000
202200029660;19;6;2022;18:45;1;34;34145;1;2;1;3;Route de la Mer;43,6688370000;4,1434300000
202200029661;20;6;2022;14:30;1;04;04039;1;1;1;1;RD 952;43,8288150000;6,4262940000
202200029662;24;1;2022;16:00;2;971;97108;1;1;7;2;D203;15,8743320000; -61,2457750000
202200029663;18;6;2022;14:55;1;13;13034;1;1;1;1;D24b;43,7677780000;4,9828360000
202200029664;12;4;2022;15:15;1;10;10333;2;1;1;2;Route d'Auxerre;48,2771941760;4,0640482306
202200029665;19;6;2022;20:15;1;89;89438;1;9;1;6;Autoroute A6;47,7875000000;3,6726410000
202200029666;12;4;2022;12:25;1;06;06069;2;1;1;3;MARIGARDE (ROUTE DE LA);43,6541060000;6,9302690000
202200029667;18;6;2022;17:30;1;71;71096;1;1;1;6;la tuilerie;46,8334220000;4,2581680000
202200029668;19;6;2022;05:30;2;21;21209;2;1;1;6;D107d, PK 003.031;47,3321365440;5,1530634463
202200029669;12;4;2022;20:00;2;06;06004;1;3;1;3;MICHARD PELISSIER AV.JEAN;43,6176050000;7,1034020000
202200029670;25;1;2022;16:50;1;95;95459;2;1;5;3;RD 206;49,1588360000;1,8536370000
202200029671;10;4;2022;21:01;4;75;75118;2;4;1;6;BD PERIPHERIQUE INTERIEUR;48,9006463022;2,3662582040
202200029672;20;6;2022;08:34;1;63;63284;2;6;1;3;Avenue Roger Prat;45,8006783762;3,2431112230
202200029673;18;6;2022;01:50;3;74;74197;1;1;1;1;903;46,1468080000;6,3175030000
202200029674;12;4;2022;08:20;1;75;75105;2;7;1;2;RUE GEOFFROY SAINT HILAIRE;48,8400303199;2,3563621938
202200029675;20;1;2022;13:30;1;78;78444;1;1;1;1;D11;48,9383620000;1,5544130000
202200029676;19;6;2022;20:30;1;38;38365;1;1;1;6;Route des Hormins;45,7756560000;5,3435480000
202200029677;18;6;2022;18:00;1;07;07161;1;1;1;6;D536;44,7094140000;4,2034510000
202200029678;11;4;2022;15:15;1;75;75106;2;3;1;6;RUE NOTRE DAME DES CHAMPS;48,8426960000;2,3317570000
202200029679;20;6;2022;08:50;1;01;01247;1;1;1;3;;46,3510010000;5,9771100000
202200029680;12;4;2022;10:10;1;75;75120;2;1;1;6;RUE HAXO;48,8698911322;2,4051455408
202200029681;20;6;2022;10:55;1;81;81105;2;3;1;1;Avenue Charles de Gaulle;43,7608900000;1,9775870000
202200029682;25;1;2022;03:25;5;70;70455;2;2;1;3;Rue d Héricourt;47,6771630000;6,5338500000
202200029683;12;4;2022;06:45;2;75;75119;2;1;1;6;BOULEVARD MACDONALD;48,8988260000;2,3773400000
202200029684;19;6;2022;14:35;1;32;32368;1;1;1;6;880 Route Nationale 21;43,7515980000;0,6206100000
202200029685;20;6;2022;17:10;1;09;09058;2;1;1;1;RD 618;42,8657620000;1,6137030000
202200029686;12;4;2022;21:50;5;75;75118;2;2;1;3;RUE ERNESTINE;48,8903510000;2,3545360000
202200029687;20;6;2022;12:15;1;40;40283;2;9;1;1;rue du 19 mars 1962;43,7399100000; -1,0152380000
202200029688;24;1;2022;07:10;5;57;57209;2;1;1;6;35 Rue de Créhange;49,0484060000;6,5953480000
202200029689;8;6;2022;14:05;1;33;33321;1;1;1;6;Nationale 10, PK 15;45,0456770000; -0,4108720000
202200029690;17;6;2022;16:50;1;60;60674;1;3;7;1;Rue du Vivier Frère Robert;49,3938971164;2,9248770475
202200029691;20;6;2022;18:01;1;60;60015;2;3;1;3;129 Rue Roger Salengro;49,3278370000;2,3283240000
202200029692;17;6;2022;16:30;1;60;60007;2;1;1;6;Rue du Pont Roy;49,4035840000;2,3821130000
202200029693;17;6;2022;14:20;1;60;60115;1;1;1;6;D151;49,4508570000;2,3406670000
202200029694;25;1;2022;18:20;3;42;42046;1;2;1;3;D8;45,6408810000;4,0522570000
202200029695;20;6;2022;19:20;1;59;59228;1;1;1;2;d25;50,3308200000;3,0784410000
202200029696;17;6;2022;16:28;1;13;13055;1;1;1;2;A507 sens Marseille - Aubagne;43,3159300000;5,4223000000
202200029697;21;1;2022;17:20;1;38;38382;2;1;1;6;16 Avenue du General de Gaulle;45,2308380000;5,6816590000
202200029698;23;1;2022;12:27;1;65;65320;1;2;1;3;ROUTE DÉPARTEMANTALE 8;43,1288210000;0,1154210000
202200029699;5;1;2022;10:30;1;31;31417;1;1;1;1;Route de Mondonville;43,6308880000;1,2823590000
202200029700;25;1;2022;19:00;5;79;79049;2;6;5;3;Place Labate;46,8437490000; -0,4894700000