Num_Acc;jour;mois;an;hrmn;lum;dep;com;agg;int;atm;col;adr;lat;long
202200029701;25;1;2022;11:00;1;29;29103;1;6;1;7;D770 - Rond Point de Kergreis;48,4516630000; -4,2667780000
202200029702;25;1;2022;14:41;1;80;80453;2;3;5;3;Rue de Rollot;49,6647530000;2,6809750000
202200029703;19;1;2022;10:23;1;13;13213;1;1;1;5;A507 sens Aubagne- Marseille;43,3283870000;5,4172880000
202200029704;24;1;2022;14:10;1;78;78545;1;1;1;3;A12 W;48,8089540000;2,0544640000
202200029705;24;1;2022;08:40;1;92;92036;1;1;1;4;A86;48,9337452828;2,2760672051
202200029706;22;1;2022;02:37;5;75;75102;2;3;1;7;RUE CHABANAIS;48,8668260000;2,3366070000
202200029707;17;1;2022;20:17;5;13;13211;1;1;1;3;A50-Sens Marseille vers Aubagne;43,2919766871;5,4527812296
202200029708;23;1;2022;17:37;1;973;97302;2;3;1;3;MANGO (ROUTE);4,9319967166; -52,3179379106
202200029709;23;1;2022;16:47;1;973;97302;2;1;1;6;MERE THERESA (rue);4,9267982252; -52,3140031099
202200029710;22;1;2022;10:57;1;973;97302;2;3;1;3;MONTABO (ROUTE DE) 1;4,9439300000; -52,3081900000
202200029711;22;1;2022;09:45;1;973;97302;2;1;1;2;MADELEINE (ROUTE DE LA);4,9106500000; -52,3214700000
202200029712;23;1;2022;06:10;2;973;97302;2;6;1;7;PETIT MONACO (ROND-POINT);4,9413400000; -52,3213400000
202200029713;27;8;2022;03:20;3;22;22113;1;1;1;6;KERMARIA SULARD (ROUTE DE);48,7524700000; -3,4115000000
202200029714;23;1;2022;19:40;5;69;69386;2;1;1;3;Rue de la Viabert;45,7663378846;4,8645561934
202200029715;23;1;2022;12:15;1;69;69385;1;1;1;5;Tunnel Routier de Fourvière;45,7518988253;4,8209005594
202200029716;26;8;2022;11:00;1;22;22224;1;3;1;3;Route de Kerissy;48,7074030000; -3,4995750000
202200029717;18;1;2022;16:30;1;88;88160;2;1;7;6;JEUXEY (RTE DE);48,1931700000;6,4532200000
202200029718;24;8;2022;17:30;1;22;22055;1;1;1;3;Rue Gasselin;48,5880380000; -2,8212440000
202200029719;23;1;2022;21:30;5;83;83137;2;3;1;1;CUNEO (BD DOCTEUR);43,1074706354;5,9333876967
202200029720;22;8;2022;10:29;1;22;22106;2;1;1;1;VAU HERVE (RUE DU);48,5049000000; -2,7177100000
202200029721;23;1;2022;13:50;1;81;81065;2;1;1;6;WAKEFIELD (ROND POINT);43,6007299579;2,2349546850
202200029722;21;1;2022;16:35;1;81;81033;2;4;7;1;MALROUX (AV. AUGUSTIN);44,0270600000;2,1286200000
202200029723;21;8;2022;16:24;1;22;22160;1;1;2;6;RN12;48,4482766231; -2,4820362338
202200029724;22;1;2022;19:15;5;81;81004;2;1;1;6;VERDIER (FRANCOIS);43,9189200000;2,1227900000
202200029725;20;8;2022;21:30;3;22;22225;1;1;1;7;bellevue;48,5520870000; -3,1236090000
202200029726;18;8;2022;05:00;3;22;22150;1;1;1;7;Lan Merzer;48,5697210000; -3,0928020000
202200029727;23;1;2022;19:10;5;78;78123;2;1;1;2;EUROPE (RN 190) AVENUE DE L';48,9390770000;2,0341350000
202200029728;23;1;2022;14:00;1;76;76484;1;1;1;3;Route des Essarts;49,3451200000;1,0596300000
202200029729;17;8;2022;10:55;1;22;22278;2;6;1;3;Rue Chaptal;48,5059470359; -2,7328823805
202200029730;21;1;2022;16:10;2;73;73011;2;3;7;1;D990 DE GAULLE (AV) GILLY A WINNEDEN;45,6683000000;6,3738600000
202200029731;7;8;2022;11:30;1;22;22070;2;1;1;1;Rue Faven;48,5574020000; -3,1616650000
202200029732;7;1;2022;13:00;1;68;68066;2;3;1;3;INGERSHEIM (ROUTE D');48,0834100000;7,3506100000
202200029733;1;8;2022;11:35;1;74;74218;2;3;1;3;RIVE (AVENUE DE LA) RD 1005;46,3921600000;6,5333900000
202200029734;22;1;2022;21:05;5;62;62083;2;1;8;1;LALARIT (RUE);50,4557900000;2,6155500000
202200029735;8;9;2022;20:35;5;62;62498;2;1;1;6;LONDRES (R DE);50,4462660000;2,8393270000
202200029736;23;1;2022;19:50;5;54;54482;2;1;1;6;ALEXANDRE 1ER (RUE);48,7007700000;6,2021000000
202200029737;7;11;2022;13:10;1;974;97416;1;9;1;2;VERGES (AVENUE LAURENT); -21,2959600000;55,4609300000
202200029738;23;1;2022;03:25;5;51;51454;2;1;2;7;Avenue d’Epernay;49,2391815421;4,0137219429
202200029739;7;11;2022;13:10;1;974;97416;1;1;1;3;BASSIN PLAT(CHEMIN); -21,3252400000;55,4879100000
202200029740;17;1;2022;21:15;3;47;47323;1;3;5;1;RIOU DE METGE;44,3962985675;0,7467184386
202200029741;7;11;2022;15:55;1;974;97411;2;1;1;6;NOTRE DAME DE LA TRINITE (BOULEVARD); -20,8928800000;55,4654100000
202200029742;21;1;2022;16:10;1;46;46042;2;1;1;-1;PENITENTS (RUE DES);44,4468180000;1,4440800000
202200029743;16;10;2022;13:55;1;974;97407;2;1;1;6;RUE Martin LUTHER KING; -20,9370100000;55,3002000000
202200029744;23;1;2022;14:08;1;45;45234;2;1;1;6;122 Boulevard de Châteaudun;47,9138800000;1,8955400000
202200029745;7;11;2022;18:15;5;69;69388;2;2;1;1;84 Rue Laennec;45,7380700000;4,8844500000
202200029746;22;1;2022;17:35;3;45;45302;2;1;1;4;D2020-PR22+250;47,9617572647;1,8890690804
202200029747;7;11;2022;19:30;5;69;69259;2;2;1;3;311 Route de Vienne;45,7247200000;4,8541500000
202200029748;22;1;2022;09:00;1;38;38053;2;2;1;6;ALPES;45,5850165402;5,2732497689
202200029749;7;11;2022;09:27;1;69;69388;2;2;1;6;Cours Albert Thomas;45,7454000000;4,8712200000
202200029750;7;11;2022;18:45;5;69;69385;2;2;1;3;26 Rue des Macchabées;45,7557100000;4,8159100000
202200029751;23;1;2022;03:20;5;33;33063;2;2;1;2;Cours de la Martinique;44,8533000000; -0,5699800000
202200029752;23;1;2022;00:45;5;33;33063;2;3;1;6;Boulevard des Frères Moga;44,8265000000; -0,5474000000
202200029753;7;11;2022;18:00;5;69;69382;2;2;1;2;13 bis Quai Jean Moulin;45,7651828365;4,8381176591
202200029754;7;11;2022;16:30;1;69;69382;2;1;1;7;Quai Perrache;45,7337300000;4,8178200000
202200029755;22;1;2022;15:01;1;33;33550;2;1;1;2;Avenue des Pyrénées;44,7641500000; -0,5607900000
202200029756;23;1;2022;16:55;1;30;30007;2;6;1;6;;44,1036000000;4,0828000000
202200029757;7;11;2022;14:15;1;69;69382;2;1;1;2;Quai des Célestins;45,7607600000;4,8308700000
202200029758;7;11;2022;07:00;2;69;69381;2;9;1;3;Pont de Lattre de Tassigny;45,7727800000;4,8385400000
202200029759;23;1;2022;12:30;1;27;27229;2;1;1;7;ORLEANS (RUE D');49,0032700000;1,1519900000
202200029760;7;11;2022;01:30;5;69;69382;2;1;1;6;Quai Maréchal Joffre;45,7522900000;4,8245000000
202200029761;7;11;2022;16:53;1;2B;2B033;2;6;1;1;TOUTES RUES;42,7030900000;9,4466800000
202200029762;5;11;2022;15:30;1;971;97113;2;1;8;3;MONTAUBAN (SECTEUR);16,2138100000; -61,5010400000
202200029763;7;11;2022;17:30;2;91;91326;2;1;1;2;GENERAL DE GAULLE (AVENUE DU);48,6918800000;2,3785200000
202200029764;7;11;2022;10:40;1;91;91027;2;2;1;3;AV FRANCOIS MITTERRAND;48,7058570000;2,3714090000
202200029765;4;11;2022;16:14;1;87;87201;1;1;2;3;RN520;45,8567000000;1,1591900000
202200029766;7;11;2022;15:15;1;85;85194;2;6;1;3;ESTIENNE D'ORVES (R-P HONORE D');46,5030140000; -1,7982950000
202200029767;20;10;2022;16:22;1;85;85194;2;1;1;6;Boulevard du maréchal de lattre de tassigny;46,4803194000; -1,7606422300
202200029768;7;11;2022;10:20;1;83;83137;2;2;1;3;CARNOT (AVE LAZARE);43,1278500000;5,9247700000
202200029769;7;11;2022;13:23;1;83;83069;2;1;1;6;THOMAS (AVENUE AMBROISE);43,1190600000;6,1311400000
202200029770;3;11;2022;16:05;1;81;81004;2;1;1;6;BAUR (HARRY);43,9159500000;2,1299300000
202200029771;4;11;2022;13:20;1;78;78674;2;1;1;6;Rue du collège;48,8308700000;2,0002300000
202200029772;5;11;2022;20:33;5;76;76351;2;2;1;6;ALBERT 1ER;49,4956989566;0,0957155225
202200029773;4;11;2022;15:00;1;76;76341;1;1;1;4;RD 6015;49,5081100000;0,1968900000
202200029774;2;11;2022;17:35;1;70;70550;1;1;1;2;ROCADE OUEST - RD 457;47,6321700000;6,1377100000
202200029775;7;11;2022;18:10;5;69;69282;2;6;1;3;Avenue du Carreau;45,7704500000;4,9929300000
202200029776;3;11;2022;11:10;1;69;69266;2;1;8;3;Cours Emile Zola;45,7708900000;4,8719000000
202200029777;7;11;2022;08:15;1;69;69271;2;1;7;3;Route de Genas;45,7376700000;4,9713600000
202200029778;5;11;2022;17:57;2;66;66136;2;1;1;2;Avenue d'ARGELES-SUR-MER;42,6811550610;2,9105776548
202200029779;4;11;2022;15:47;1;66;66136;1;1;1;2;;42,7251000000;2,8775500000
202200029780;7;11;2022;08:10;1;64;64445;2;1;7;2;boulevard de la Paix;43,3166000000; -0,3401600000
202200029781;5;11;2022;17:10;2;64;64102;2;2;1;3;Avenue Henri de Navarre;43,4939000000; -1,4529000000
202200029782;4;11;2022;19:10;5;64;64102;2;3;1;1;BOUFFLERS (ALLEES);43,4914600000; -1,4693300000
202200029783;6;11;2022;15:56;1;63;63113;2;1;1;6;CLEMENTEL (BD ETIENNE);45,8074300000;3,1093500000
202200029784;5;11;2022;01:05;5;62;62826;2;3;1;6;Bd du Docteur Jules Pouget;50,5248900000;1,5821030000
202200029785;7;11;2022;12:05;1;61;61497;2;1;1;7;PATIS (LIEUDIT LE);48,4633000000;0,1028100000
202200029786;7;11;2022;10:50;1;59;59599;2;2;1;3;RACINE (RUE);50,7383260000;3,1422290000
202200029787;2;11;2022;20:20;5;59;59328;2;1;1;6;LILLE RUE DE;50,6522586019;3,0402410030
202200029788;6;11;2022;22:21;5;56;56121;2;1;2;6;21 Boulevard Emmanuel Svob;47,7512400000; -3,3685300000
202200029789;6;11;2022;21:55;3;56;56162;1;6;2;7;Giratoire de KERLIR;47,7085400000; -3,4207600000
202200029790;1;11;2022;02:42;3;56;56121;2;1;2;7;MARINE (RUE  DE LA );47,7411200000; -3,3585400000
202200029791;3;11;2022;19:15;3;52;52448;1;1;3;1;RN4;48,6237400000;4,9381200000
202200029792;7;11;2022;11:55;1;45;45234;2;2;1;6;316 Rue de Bourgogne;47,9000200000;1,9049300000
202200029793;7;11;2022;08:30;1;45;45285;2;1;1;6;Avenue Pierre Mendès France;47,9024000000;1,8606000000
202200029794;7;11;2022;18:34;3;44;44162;1;1;1;4;N844;47,1979900000; -1,6189500000
202200029795;7;11;2022;21:15;5;41;41018;2;1;1;1;BEGON (RUE MICHEL )  SAUF N° PAIRS DU 24;47,5919800000;1,3187400000
202200029796;7;11;2022;18:10;5;38;38516;2;2;1;1;VERDUN(AV. DE)EST PASSAGE RICOU;45,2005400000;5,7592100000
202200029797;7;11;2022;09:25;1;38;38421;2;2;1;6;RUE PAUL LANGEVIN;45,1788490329;5,7512271715
202200029798;7;11;2022;20:45;3;35;35278;1;1;1;2;RD 137;48,1680090000; -1,7119530000
202200029799;7;11;2022;19:30;5;35;35238;2;3;1;3;BRETAGNE (PONT DE);48,1101000000; -1,6861000000
202200029800;7;11;2022;07:35;1;34;34172;2;6;1;1;92 Rue Daniel Sorano;43,6184500000;3,8633300000
202200029801;7;11;2022;12:07;1;33;33063;2;8;1;3;Avenue du Docteur Schinazi;44,8838400000; -0,5419200000
202200029802;7;11;2022;09:20;1;33;33522;2;6;1;6;Rue Camille Pelletan;44,8127600000; -0,5909400000
202200029803;7;11;2022;08:20;2;33;33063;2;3;1;3;Rue de la Bechade;44,8250700000; -0,5987000000
202200029804;7;11;2022;21:35;5;18;18279;2;3;1;6;7 Rue de Wittelsheim;47,2242290000;2,0724030000
202200029805;7;11;2022;09:55;1;15;15014;2;1;1;6;PLOMB DU CANTAL (AVENUE DU);44,9123400000;2,4367810000
202200029806;7;11;2022;14:25;1;14;14167;2;1;1;6;D513;49,1904000000; -0,3006300000
202200029807;7;11;2022;09:15;1;13;13117;2;1;1;4;CHEMIN DEPARTEMENTAL 9 (EST);43,4240000000;5,2500000000
202200029808;7;11;2022;07:20;1;13;13002;2;1;1;3;PROVENCE (AVENUE DE);43,3259495223;5,4819022656
202200029809;7;11;2022;06:58;2;13;13211;2;1;1;3;VALENTINE (ROUTE DE LA);43,2892000000;5,4684200000
202200029810;7;11;2022;17:30;2;13;13001;2;6;1;3;CLOS GABRIEL (BD DU);43,5280000000;5,4114000000
202200029811;7;11;2022;15:30;1;06;06088;2;9;1;6;ANGLAIS (DU N° 114 AU N° 263);43,6708700000;7,2239700000
202200029812;7;11;2022;13:49;1;06;06088;2;7;1;2;FRANKLIN (PL.);43,7001000000;7,2560000000
202200029813;7;11;2022;20:25;5;06;06069;1;9;1;1;DRAGUIGNAN (ROUTE DE) - D2562-;43,6427400000;6,9079700000
202200029814;7;11;2022;16:05;1;01;01344;2;1;1;3;TREVOUX (AVENUE DE);46,1996330000;5,1878170000
202200029815;6;11;2022;01:41;5;75;75105;2;3;1;6;QUAI SAINT BERNARD;48,8494260000;2,3569210000
202200029816;8;11;2022;16:25;1;75;75119;2;7;1;6;PLACE DU MAQUIS DU VERCORS;48,8781490000;2,4093570000
202200029817;8;11;2022;21:45;5;75;75117;2;3;1;3;AVENUE DES TERNES;48,8797420000;2,2894200000
202200029818;7;11;2022;18:40;5;75;75117;2;1;1;7;RUE CARDINET;48,8915680000;2,3104160000
202200029819;8;11;2022;19:00;5;75;75115;2;2;1;2;BOULEVARD LEFEBVRE;48,8308440000;2,2923080000
202200029820;8;11;2022;11:45;1;75;75114;2;1;1;3;AVENUE DU GENERAL LECLERC;48,8261730000;2,3263410000
202200029821;6;11;2022;01:00;5;75;75114;2;1;1;2;AVENUE DU MAINE;48,8393490000;2,3219530000
202200029822;8;11;2022;13:13;1;75;75113;2;3;1;3;BOULEVARD KELLERMANN;48,8202420000;2,3479600000
202200029823;8;11;2022;22:50;5;75;75111;2;7;1;3;PLACE DE LA REPUBLIQUE;48,8666980000;2,3651610000
202200029824;7;11;2022;21:12;5;75;75109;2;3;1;6;RUE SAINT LAZARE;48,8763580000;2,3324140000
202200029825;7;11;2022;16:10;1;75;75109;2;2;1;1;RUE LA FAYETTE;48,8736230000;2,3353230000
202200029826;8;11;2022;20:30;5;75;75108;2;7;1;2;PLACE DE LA CONCORDE;48,8662870000;2,3216880000
202200029827;7;11;2022;16:34;1;75;75107;2;1;8;3;RUE ROBERT ESNAULT PELTERIE;48,8620060000;2,3151240000
202200029828;8;11;2022;18:10;5;94;94028;2;1;1;6;ARCOS.(RUE RENE);48,7777600000;2,4626900000
202200029829;8;11;2022;19:45;5;94;94078;2;9;1;4;PIERRE SEMARD (PL);48,7293870000;2,4470170000
202200029830;8;11;2022;19:30;5;93;93072;2;3;1;3;Avenue Aristide Briand / Rue Michelet;48,9628000000;2,3784700000
202200029831;8;11;2022;10:15;1;93;93066;2;3;1;6;Rue Henri Delaunay / Avenue Jules Rimet;48,9261800000;2,3622500000
202200029832;8;11;2022;19:10;5;93;93050;2;3;1;1;Rue Paul et Camille Thomoux / Avenue Robert Schumann;48,8733400000;2,5297200000
202200029833;8;11;2022;08:30;1;93;93050;2;3;8;3;Rue du 11 Novembre / Rue du President John Kennedy;48,8648158993;2,5258598269
202200029834;8;11;2022;11:20;1;93;93001;2;1;1;6;Avenue de la République;48,9088311179;2,3870131374
202200029835;8;11;2022;22:20;5;92;92046;2;1;1;7;PIERRE BROSSOLETTE (AVENUE);48,8151527886;2,3042626977
202200029836;7;11;2022;16:43;5;92;92073;2;9;1;3;bretelle d' accès au quai galliéni;48,8676250000;2,2284330000
202200029837;8;11;2022;11:40;1;92;92051;2;1;1;7;CHARLES DE GAULLE (AVENUE, N° 18 A 116);48,8823204677;2,2683736682
202200029838;7;11;2022;12:06;1;92;92051;2;1;1;3;HUISSIERS (RUE DES);48,8843500000;2,2657200000
202200029839;8;11;2022;08:40;1;92;92049;2;1;1;6;REPUBLIQUE AVENUE DE LA N°81 A FIN;48,8154410000;2,3177550000
202200029840;8;11;2022;06:30;5;92;92049;2;1;1;6;ARNOUX AVENUE MAURICE AUTRES N°;48,8168040344;2,3116469532
202200029841;7;11;2022;11:25;1;92;92049;2;3;1;3;BROSSOLETTE AVENUE PIERRE;48,8194320000;2,3102660000
202200029842;8;11;2022;16:48;1;37;37119;2;2;8;3;13 Rue de Villaudron;47,1158900000;0,4180240000
202200029843;9;11;2022;14:20;1;34;34148;1;1;1;4;D14;43,3716770000;3,1439940000
202200029844;9;11;2022;17:15;2;95;95052;2;1;8;6;Rue de l'Isle Adam;49,1380630000;2,2751570000
202200029845;9;11;2022;17:45;5;06;06027;2;1;2;3;1636 Route de Cagnes;43,6719070000;7,1206640000
202200029846;8;11;2022;18:15;3;49;49058;1;1;8;1;D148;47,0051040000; -0,6702950000
202200029847;4;11;2022;09:59;1;68;68145;1;3;1;7;rue des vosges;48,0835720000;7,4039710000
202200029848;9;11;2022;10:40;1;01;01173;2;3;3;6;Intersection D1005/D984C;46,3322466219;6,0602219403
202200029849;9;11;2022;18:00;3;01;01033;1;1;2;1;D1084;46,1154310000;5,8225820000
202200029850;9;11;2022;05:45;3;42;42167;1;1;3;6;Route de Pavezin;45,4591070000;4,6556280000
202200029851;9;11;2022;07:30;1;83;83057;1;3;2;3;intersection DN7/ chemin grand pré;43,3703080000;6,2205310000
202200029852;8;11;2022;19:40;3;95;95352;1;1;1;6;Rue de Meaux;49,1112470956;2,4282842875
202200029853;8;11;2022;08:00;1;2A;2A271;2;1;7;2;D72;41,9531230000;8,8019480000
202200029854;8;11;2022;22:10;3;63;63314;1;1;2;6;D39;45,5463880327;3,6134505272
202200029855;9;11;2022;12:20;1;12;12052;2;3;1;3;Boulevard Paul Ramadier;44,5710340000;2,0746890000
202200029856;9;11;2022;14:25;1;42;42266;1;1;1;6;Route de Beauvoir;45,4240880000;4,0505650000
202200029857;2;11;2022;04:50;3;68;68267;1;1;5;7;D19;47,7617580000;7,2328610000
202200029858;8;11;2022;14:30;1;35;35207;2;3;1;3;2 rue de la giraudière;48,1057864203; -1,5187807381
202200029859;8;11;2022;19:00;5;35;35095;2;1;3;6;Boulevard de Normandie;48,5504688317; -1,7486487329
202200029860;6;11;2022;20:20;3;35;35223;1;1;2;6;RN24;48,0058034533; -2,0830585063
202200029861;5;11;2022;05:45;3;31;31587;1;2;1;3;D14;43,7800788269;1,4480951428
202200029862;8;11;2022;21:41;5;38;38397;2;3;1;3;D1090;45,2459850000;5,8310900000
202200029863;8;11;2022;08:30;1;72;72090;2;1;1;6;2 Rue Marceau;48,0618100000;0,4997870000
202200029864;8;11;2022;18:15;3;45;45224;1;1;6;3;90 Rue de Montigny;48,0811470000;2,0632300000
202200029865;8;11;2022;19:45;5;40;40310;2;6;1;6;Avenue de Port d?Albret;43,7547290000; -1,3514690000
202200029866;12;10;2022;14:07;1;04;04209;2;9;1;6;Rue de la Coste;44,1974320000;5,9437000000
202200029867;27;7;2022;09:15;1;08;08198;1;9;1;7;;49,3360980000;4,8492710000
202200029868;9;11;2022;10:50;1;973;97309;2;1;2;3;Route du Mahury;4,8791350000; -52,2783030000
202200029869;9;11;2022;05:34;3;13;13087;1;1;1;2;autoroute A8 point routier 38+500;43,4699420000;5,6571440000
202200029870;8;11;2022;19:00;5;988;98822;2;3;1;1;RT3; -20,9321200000;165,3263500000
202200029871;8;11;2022;16:10;1;45;45253;1;9;7;3;D927 PR 3 + 583;48,1659803332;2,2101649119
202200029872;7;11;2022;23:30;3;95;95213;1;1;1;6;RD 64;49,1315955129;2,0869478008
202200029873;9;11;2022;08:00;1;78;78516;1;1;1;6;91 Route des Chaises;48,6371910000;1,6901350000
202200029874;7;11;2022;23:00;3;48;48135;1;1;2;6;D 906;44,4146850000;3,9308310000
202200029875;7;11;2022;17:40;2;34;34145;2;2;1;3;160 Avenue Victor Hugo;43,6783480000;4,1328390000
202200029876;8;11;2022;20:15;3;34;34058;1;1;1;1;M610;43,6747320000;3,9974780000
202200029877;9;9;2022;17:30;1;13;13110;2;3;1;1;178 Route de Puyloubier;43,4518910000;5,6841050000
202200029878;5;11;2022;17:50;3;67;67411;1;1;1;7;Rue de Dorlisheim;48,5100300000;7,4882130000
202200029879;6;11;2022;18:00;5;73;73303;1;8;2;7;D1212;45,7395860000;6,4234250000
202200029880;9;11;2022;15:10;1;69;69102;1;1;1;6;Route de Violay;45,8838742895;4,3957060575
202200029881;5;11;2022;21:15;3;53;53076;1;1;1;6;Ker Nevez D130;47,9640410000; -0,3513640000
202200029882;8;11;2022;18:20;3;49;49021;1;1;1;7;Chemin des Hauts Champs (Pont);47,4539420000; -0,2447350000
202200029883;9;11;2022;17:50;3;14;14712;1;1;2;2;D37;49,1887050000; -0,1913920000
202200029884;9;11;2022;00:45;3;76;76489;2;1;1;6;Route de la Vallée;49,5045480000;0,2988890000
202200029885;9;11;2022;16:15;1;60;60125;1;1;7;1;Route Nationale 31;49,4028049882;2,7152182065
202200029886;7;11;2022;16:23;1;60;60251;1;1;1;7;D34;49,4524075696;2,2161429973
202200029887;6;11;2022;18:10;5;59;59322;2;1;9;6;Rue Foch;50,2334300000;3,3216050000
202200029888;8;11;2022;18:15;3;13;13019;1;1;1;2;A51-Sens Marseille vers Aix en Provence;43,4243680000;5,3754950000
202200029889;8;11;2022;09:43;1;13;13215;1;1;1;2;A7-Sens Lyon vers Marseille;43,3678600000;5,3607800000
202200029890;8;11;2022;09:35;1;69;69081;1;1;1;2;Route de Métropole 6;45,7777801867;4,7812360525
202200029891;8;11;2022;02:45;3;69;69193;1;1;1;7;Autoroute 7;45,5080100000;4,8451000000
202200029892;8;11;2022;19:10;5;33;33192;1;1;1;4;ROCADE A 630;44,7900487912; -0,6111788750
202200029893;8;11;2022;18:23;3;33;33075;1;1;1;4;ROCADE A 630;44,8901260000; -0,6121860000
202200029894;8;11;2022;00:30;5;33;33039;1;1;1;2;ROCADE A 630;44,8011872629; -0,5344301462
202200029895;7;11;2022;18:45;5;33;33162;1;1;1;3;ROCADE A 630;44,8793400000; -0,6281300000
202200029896;6;11;2022;16:33;1;59;59560;1;1;2;2;AUTOROUTE A1;50,5340600000;3,0485400000
202200029897;3;11;2022;14:50;1;59;59603;1;1;1;6;AUTOROUTE A2;50,3383500000;3,5035900000
202200029898;31;10;2022;15:45;1;62;62274;1;1;1;3;A21;50,4256320000;2,9873150000
202200029899;29;10;2022;15:24;1;59;59143;1;1;1;6;AUTOROUTE A25;50,6713281984;2,8712439389
202200029900;8;11;2022;17:15;2;91;91570;1;1;1;3;RN 104;48,6251000000;2,3231500000
202200029901;8;11;2022;11:10;1;91;91434;1;1;1;4;AUTOROUTE A6;48,6680000000;2,3540000000
202200029902;8;11;2022;09:30;1;91;91471;1;1;1;3;RN 118;48,7078300000;2,1878500000
202200029903;8;11;2022;19:00;4;93;93064;1;1;1;4;AUTOROUTE A103;48,8866200000;2,4821300000
202200029904;8;11;2022;07:25;2;93;93007;1;1;1;3;AUTOROUTE A3;48,9242200000;2,4809000000
202200029905;7;11;2022;12:10;1;93;93006;1;1;1;2;AUTOROUTE A3;48,8657661263;2,4206435175
202200029906;7;11;2022;17:50;2;94;94028;1;1;1;3;A86 EXT;48,7910300000;2,4409100000
202200029907;16;7;2022;20:02;1;78;78624;2;1;1;6;;48,9667910000;2,0112780000
202200029908;27;8;2022;11:05;1;38;38298;2;1;1;6;Rue des Iles;45,3690730000;4,7960580000
202200029909;7;11;2022;08:27;1;93;93073;2;1;8;3;93 Deuxieme Avenue;48,9651600000;2,5709700000
202200029910;6;11;2022;21:35;5;93;93064;2;2;2;3;Rue Lavoisier / Avenue Jean Jaurès;48,8610610000;2,4898250000
202200029911;7;11;2022;13:05;1;93;93055;2;1;8;2;Rue Gabrielle Josserand;48,9052690000;2,3966320000
202200029912;7;9;2022;05:50;5;93;93053;2;1;8;3;rue de Paris;48,9035794863;2,4678687079
202200029913;7;11;2022;22:35;5;93;93046;2;5;1;3;Avenue Aristide Briand / Boulevard Jean Moulin;48,9106000000;2,5122900000
202200029914;7;11;2022;14:25;1;93;93027;2;3;1;6;Rue Renoir / Rue Yako;48,9312200000;2,3784400000
202200029915;6;11;2022;02:50;3;972;97206;1;1;1;1;Taupiniere;14,4844120000; -60,9927950000
202200029916;8;11;2022;00:18;2;11;11233;1;1;1;6;RD 607;43,2722060000;2,8909710000
202200029917;4;11;2022;14:10;1;34;34239;1;1;1;6;autoroute A750 - PK 32 + 150;43,6564692878;3,5195758266
202200029918;3;6;2022;21:00;1;62;62005;1;1;2;2;D7;50,1355630000;2,7672600000
202200029919;8;11;2022;00:09;3;59;59663;1;1;8;6;D916;50,9059020000;2,4549080000
202200029920;8;11;2022;17:34;5;32;32256;2;2;1;6;Place d'Astarac;43,5142050000;0,4045150000
202200029921;8;11;2022;17:50;4;89;89198;1;1;2;2;;47,8651730000;3,5798910000
202200029922;4;10;2022;14:21;1;60;60342;2;1;1;1;Rue de la République;49,2911290000;2,4446240000
202200029923;7;11;2022;10:06;1;12;12223;1;1;1;1;D78;44,7881710000;2,8444720000
202200029924;3;10;2022;08:30;1;13;13005;1;1;1;3;A50-Sens Aubagne vers Marseille;43,2847000000;5,5207000000
202200029925;7;11;2022;20:30;3;46;46229;1;2;1;3;D803;44,9126440000;1,7783500000
202200029926;7;11;2022;16:15;1;39;39502;1;1;1;6;;47,0168080000;5,6687610000
202200029927;3;10;2022;17:05;1;69;69382;2;1;1;4;Route de Métropole 7  ;45,7361000000;4,8199000000
202200029928;8;11;2022;07:40;2;25;25425;1;1;1;1;CD 437 PK 76+750;47,1062010000;6,6738890000
202200029929;3;10;2022;07:30;1;67;67482;1;1;1;2;M351;48,5876300000;7,7102000000
202200029930;5;11;2022;01:20;3;44;44051;1;1;1;6;6 bressorbe;47,6516970000; -1,6172920000
202200029931;4;10;2022;18:35;2;92;92002;1;1;1;2;AUTOROUTE A86;48,7604701300;2,2910136580
202200029932;6;11;2022;20:30;3;44;44028;1;1;2;6;Route de nantes;47,3360820000; -1,3586250000
202200029933;4;10;2022;16:00;1;94;94038;1;1;1;3;AUTOROUTE A6B;48,7903422576;2,3438434323
202200029934;7;11;2022;14:15;1;34;34192;2;1;1;6;Place du Docteur Clement;43,5293110000;3,9299570000
202200029935;4;10;2022;11:25;1;91;91312;1;1;1;3;RD 444;48,7313300000;2,2392400000
202200029936;4;10;2022;17:25;1;78;78362;1;1;1;2;A13;48,9749260000;1,7265620000
202200029937;4;10;2022;10:00;1;92;92025;1;1;1;4;AUTOROUTE A15;48,9346615298;2,2581093324
202200029938;3;10;2022;16:55;1;95;95582;1;1;1;6;RD 170;48,9656083334;2,2718364000
202200029939;3;10;2022;12:20;1;93;93053;1;1;1;7;AUTOROUTE A3;48,8837520000;2,4591860000
202200029940;26;7;2022;23:50;5;59;59650;2;1;8;6;MENDES FRANCE (BOULEVARD PIERRE);50,6952524701;3,2131361961
202200029941;19;6;2022;15:30;1;62;62540;1;1;8;6;HOUDAIN (RUE D') ou CD 179;50,4537450000;2,5844650000
202200029942;18;4;2022;16:00;1;14;14061;1;1;1;2;D109;48,9201870000; -0,8571370000
202200029943;29;6;2022;16:45;1;74;74044;1;1;1;5;D1206;46,1523450870;6,1556160444