Num_Acc;jour;mois;an;hrmn;lum;dep;com;agg;int;atm;col;adr;lat;long
202200029944;21;5;2022;04:15;3;42;42093;2;1;1;7;Route de Ban;45,4742910000;4,6089150000
202200029945;4;6;2022;14:55;1;74;74081;2;3;1;3;Avenue des Glières;46,0762300000;6,5612520000
202200029946;19;5;2022;15:55;1;74;74087;2;6;1;6;Route de Findrol;46,1474770000;6,3200570000
202200029947;20;5;2022;21:00;2;62;62122;2;1;1;1;RD930;50,1194090000;2,9326150000
202200029948;21;5;2022;11:35;1;51;51042;1;1;7;7;D343;48,8636840000;3,7815500000
202200029949;15;5;2022;12:05;1;74;74067;1;1;1;3;Route des Creuses;45,8806800000;6,0295840000
202200029950;21;5;2022;09:57;1;56;56033;1;2;1;3;Intersection CD 773 / CD171;47,8094080000; -2,1249960000
202200029951;3;10;2022;07:30;1;976;97611;2;9;1;3;tsoundzou-Cadjifouteni ( rue ); -12,8074600000;45,2064500000
202200029952;22;5;2022;12:50;1;59;59130;1;9;1;3;D300;50,8822713153;2,2271279991
202200029953;3;10;2022;12:00;1;974;97416;2;1;1;2;DAMBREVILLE (AVENUE DU DR.); -21,3382100000;55,4894800000
202200029954;22;5;2022;09:15;1;74;74089;2;1;1;6;2850 Route de Cordon;45,9237790000;6,6120200000
202200029955;3;10;2022;07:15;1;974;97416;2;3;1;3;MITTERAND (AVENUE DU PDT); -21,3442300000;55,4831100000
202200029956;21;5;2022;20:00;1;2B;2B152;1;1;1;7;col de sainte lucie;42,9081920000;9,3776460000
202200029957;30;9;2022;12:45;1;973;97302;2;1;1;1;MADELEINE (ROUTE DE LA);4,9140120426; -52,3208507895
202200029958;15;5;2022;22:40;3;82;82061;2;1;1;6;d115;44,1287300000;1,8165310000
202200029959;22;5;2022;09:15;1;32;32321;1;1;1;6;pk 22 D149;43,5409890000;0,8267860000
202200029960;3;10;2022;08:30;1;972;97209;1;1;1;3;RD 41 (ROCADE);14,6170600000; -61,0736400000
202200029961;22;5;2022;10:45;1;71;71514;1;1;1;1;D970;46,7505500000;5,2860980000
202200029962;2;10;2022;19:10;2;69;69382;2;3;1;3;Quai Maréchal Joffre;45,7530929433;4,8248586059
202200029963;22;5;2022;04:35;5;61;61163;2;1;1;6;La Coupelliere;48,6554570000; -0,5040190000
202200029964;21;5;2022;21:15;2;61;61023;1;1;1;1;Les Marboeufs;48,8032670000; -0,0230780000
202200029965;3;10;2022;09:55;1;2B;2B037;2;1;1;2;TOUTES RUES;42,6144900000;9,4375100000
202200029966;21;5;2022;01:30;3;61;61156;1;1;1;6;D326;48,5365990000;0,2470310000
202200029967;2;10;2022;19:12;5;2B;2B033;2;2;1;1;PAOLI DU NR 21 AU 45 -BLD;42,7012800000;9,4504000000
202200029968;21;5;2022;11:30;1;42;42246;1;1;1;6;Avenue de Colombier;45,3242950000;4,6078830000
202200029969;22;5;2022;12:45;1;41;41053;1;1;1;6;D921;47,9979630000;0,9104920000
202200029970;2;10;2022;10:40;1;971;97113;1;1;1;2;SECTION COCOYER;16,2414032030; -61,4893788099
202200029971;20;5;2022;16:45;1;29;29045;1;3;1;2;Lieu dit Toulgoat;48,4134930000; -4,2429540000
202200029972;2;10;2022;09:30;1;971;97120;2;1;1;2;CHANZY (BOULEVARD);16,2413700000; -61,5371200000
202200029973;22;5;2022;10:45;1;22;22107;1;1;2;6;D 2164;48,2146080000; -3,1587410000
202200029974;22;5;2022;01:00;3;39;39299;1;1;1;6;Rue du Grand Meix;46,9714580000;5,3396470000
202200029975;1;10;2022;15:55;1;971;97120;2;3;1;3;CHANZY (BOULEVARD);16,2429000000; -61,5396000000
202200029976;21;5;2022;23:45;3;39;39176;1;1;1;6;;46,9963530000;5,7908250000
202200029977;3;10;2022;13:40;1;2A;2A004;1;1;1;2;CAMPO DELL ORO RTE;41,9270900000;8,7861000000
202200029978;22;5;2022;13:13;1;44;44032;1;2;1;3;les aveneaux;47,1613800000; -1,3413070000
202200029979;3;10;2022;08:45;1;2A;2A004;2;9;1;3;MEZZAVIA ROUTE DE;41,9474500000;8,7634000000
202200029980;1;10;2022;13:29;1;87;87085;1;1;2;6;ESSARTS (RUE DES);45,8956400000;1,3034900000
202200029981;22;5;2022;18:55;1;44;44119;1;1;1;1;Rue de nantes;46,9927090000; -1,7683270000
202200029982;30;9;2022;15:52;1;87;87085;2;1;1;6;COUTURES (AVENUE DES);45,8359500000;1,2702700000
202200029983;21;5;2022;20:45;1;29;29241;2;4;1;6;Rue Hippolyte le Bas;47,9575670000; -3,8258490000
202200029984;1;10;2022;17:00;1;87;87048;1;1;2;6;NEXON (ROUTE DE);45,7699500000;1,2240800000
202200029985;1;10;2022;16:23;1;87;87085;2;1;2;6;ALLENDE (QUAI SALVADOR);45,8170900000;1,2524400000
202200029986;28;9;2022;19:59;5;87;87085;2;2;2;3;GUERIN (RUE CAMILLE);45,8209000000;1,2303700000
202200029987;21;5;2022;19:53;1;02;02018;2;1;1;6;1 Rue Jean Zay;49,5103340000;3,4509780000
202200029988;29;9;2022;17:40;1;83;83126;2;1;1;3;MISTRAL (AV FREDERIC);43,0955000000;5,8831200000
202200029989;21;4;2022;09:18;1;03;03196;1;1;1;7;route de Marcigny - La montée;46,3434390000;3,8890100000
202200029990;22;5;2022;07:00;3;03;03172;1;1;1;6;Bois Marteau;46,4236110000;2,3882980000
202200029991;21;5;2022;18:15;1;58;58059;2;1;1;6;17 Rue Sainte Anne;47,1764490000;3,0192760000
202200029992;2;10;2022;18:10;1;78;78643;1;1;1;1;BRETEUIL CHEMIN DE;48,9638000000;1,9796200000
202200029993;22;5;2022;11:15;1;64;64040;1;1;1;3;Route du Plateau de Chousse;43,0106730000; -0,7470270000
202200029994;3;10;2022;11:30;1;76;76319;2;1;2;7;Avenue des Poiriers;49,3381142294;1,0238248646
202200029995;21;5;2022;10:45;1;64;64256;2;2;1;3;Route de l'Arberoue;43,3879110000; -1,2989650000
202200029996;3;10;2022;07:40;2;76;76540;2;3;5;2;Quai de France;49,4373100000;1,0552200000
202200029997;21;5;2022;11:35;1;73;73229;1;2;1;3;D1006;45,4556366222;5,7809570432
202200029998;21;5;2022;19:15;1;73;73274;1;1;1;1;D912 - Lieu dit le pont du lac;45,4316850000;5,8707760000
202200029999;30;9;2022;12:30;1;76;76305;1;2;1;3;ENTREPRISES (ROUTE DES);49,4815800000;0,2197600000
202200030000;21;5;2022;22:47;3;07;07024;1;1;1;6;;44,3843300000;4,1722300000
202200030001;20;5;2022;14:40;1;24;24519;1;2;1;3;Farat;45,4635170000;1,1013360000
202200030002;2;10;2022;23:40;5;76;76351;2;2;1;6;ETRETAT (D');49,4976600000;0,0967200000
202200030003;1;10;2022;04:20;5;74;74298;2;1;1;6;LIVRON (ROUTE DU);46,1829200000;6,2528400000
202200030004;22;5;2022;11:45;1;85;85108;2;2;1;3;D7;46,9083090000; -1,3768740000
202200030005;3;10;2022;03:30;3;73;73065;1;1;1;6;N201 VOIE RAPIDE URBAINE;45,5851000000;5,9076600000
202200030006;22;5;2022;13:15;1;27;27690;1;2;1;3;;49,2479320000;1,6112240000
202200030007;1;10;2022;15:54;1;72;72181;2;1;1;3;EDISON THOMAS (RUE);48,0251500000;0,1805000000
202200030008;22;5;2022;08:05;1;17;17246;1;1;1;1;d739;45,9601900000; -0,8115080000
202200030009;30;9;2022;23:25;5;72;72181;1;3;2;3;RUAUDIN (RUE) N° IMP 1 A 67;47,9599620000;0,2249350000
202200030010;20;5;2022;08:35;1;95;95394;2;1;8;6;Route de Pontoise;49,0597487166;2,1671229601
202200030011;21;5;2022;16:25;1;18;18267;1;1;1;2;;47,0329720000;2,3724680000
202200030012;29;9;2022;18:03;1;72;72181;2;1;1;2;DURAND GEORGES (AV) N° PAIRS 166 A 310;47,9715900000;0,2168200000
202200030013;21;5;2022;16:40;2;988;98817;2;1;2;1;Rue des Trois Banians; -22,2189580000;166,5123560000
202200030014;1;10;2022;19:30;5;71;71270;2;1;2;3;LYON (ROUTE DE);46,2899100000;4,8126500000
202200030015;22;5;2022;08:50;1;988;98802;1;3;1;2;RT1 PK 92+940, carrefour avec CR 9; -21,8467660000;165,9231930000
202200030016;3;10;2022;18:00;1;69;69259;2;9;1;6;Avenue du 11 Novembre 1918;45,6887680880;4,8652911187
202200030017;3;10;2022;12:30;1;69;69029;2;1;1;6;Avenue Pierre Mendès France;45,7237161367;4,9175637960
202200030018;18;5;2022;15:05;1;91;91494;2;1;1;6;50 Route de Corbeil;48,6101060000;2,3258000000
202200030019;22;5;2022;15:30;1;83;83053;2;1;1;1;;43,1744889000;5,8283760000
202200030020;3;10;2022;13:35;1;68;68224;2;2;1;3;SCHWILGUE (RUE);47,7500900000;7,3274900000
202200030021;22;5;2022;06:25;2;83;83016;1;1;1;1;Dn8;43,2316872310;5,8064747232
202200030022;1;10;2022;21:05;5;67;67482;2;1;1;2;SCHIRMECK (ROUTE DE);48,5733300000;7,7193400000
202200030023;4;2;2022;07:50;2;83;83001;1;1;1;2;RD37 - Route du Lac;43,5467709724;6,8073166608
202200030024;1;10;2022;19:10;5;67;67482;2;3;1;5;BRIGADE ALSACE LORRAINE (RUE DE LA);48,5765400000;7,7539000000
202200030025;22;5;2022;18:05;1;06;06078;1;1;1;6;D6202;43,9234450000;7,1531400000
202200030026;22;5;2022;10:05;1;13;13030;1;1;1;1;D8n;43,2678940000;5,7268810000
202200030027;1;10;2022;06:00;5;67;67482;2;3;2;3;FUSTEL DE COULANGES (QUAI);48,5748940243;7,7511388063
202200030028;22;5;2022;16:48;1;13;13096;1;1;1;3;D38;43,4693970000;4,3951000000
202200030029;30;9;2022;11:20;1;67;67204;2;1;1;2;LOIRE (RUE DE LA);48,6273500000;7,7724700000
202200030030;21;5;2022;21:25;2;08;08190;2;3;1;3;17 Place de la République;50,1351220000;4,8283140000
202200030031;29;9;2022;16:45;1;67;67482;2;3;1;3;ABBE LEMIRE (RUE DE L );48,5807400000;7,7236500000
202200030032;21;5;2022;17:30;1;68;68247;1;1;1;7;D27;47,9402950000;7,0117200000
202200030033;27;9;2022;16:55;1;67;67482;2;3;2;3;RACINE (AVENUE);48,5958300000;7,6960100000
202200030034;21;5;2022;17:50;1;67;67364;1;1;1;7;D83;48,4095386404;7,6319575310
202200030035;1;10;2022;18:55;1;64;64445;2;6;7;3;rond point gabriel Delauney;43,3189000000; -0,3072400000
202200030036;22;5;2022;16:00;1;74;74166;1;1;1;1;D21;46,3632780000;6,5203540000
202200030037;20;4;2022;15:20;1;38;38087;2;1;1;6;Rue de la République;45,5805490000;4,8054080000
202200030038;30;4;2022;16:20;1;69;69113;1;1;1;6;Route de la Vallée;45,9557867084;4,5239853859
202200030039;29;9;2022;07:25;5;64;64129;2;2;3;3;Avenue Jean Mermoz;43,3136887264; -0,3777475655
202200030040;18;5;2022;16:15;1;69;69009;1;3;1;4;Route Départementale 39;45,9439960000;4,7261810000
202200030041;2;10;2022;19:45;2;64;64024;2;2;1;1;Rue de Hardoy;43,4938800000; -1,4992500000
202200030042;21;5;2022;18:55;1;81;81281;1;1;1;2;Sémalens;43,6131330000;2,0980780000
202200030043;2;10;2022;06:00;5;64;64024;2;1;1;2;Avenue d' Espagne;43,4760578912; -1,5276110738
202200030044;21;5;2022;18:25;1;69;69069;2;1;1;3;38 Avenue Edouard Millaud;45,7473516726;4,7344900619
202200030045;27;9;2022;18:10;1;62;62065;2;2;2;6;ROUSSEAU JEAN JACQUES;50,4048300000;2,8282700000
202200030046;22;5;2022;18:15;1;65;65320;1;1;1;1;Route de Hitte;43,1292400000;0,1282950000
202200030047;1;10;2022;09:30;1;59;59170;2;3;1;3;8 MAI (RUE DU );50,3475600000;3,1223900000
202200030048;21;5;2022;12:20;1;33;33321;1;1;7;6;RN10 PK16+900;45,0370950000; -0,4162310000
202200030049;27;9;2022;07:10;2;59;59654;2;6;8;3;TOURNAI (ROUTE DE);50,3806552873;3,0941346288
202200030050;22;5;2022;12:00;1;29;29055;1;4;1;3;Lieu-Dit Croas Kerzu;48,5692047420; -4,3594023585
202200030051;2;10;2022;14:20;1;57;57019;2;1;3;1;RD8;49,2612400000;6,1286190000
202200030052;1;10;2022;11:15;1;56;56107;2;6;1;7;2 Rue de Ploemeur;47,7177800000; -3,3842500000
202200030053;7;5;2022;16:30;1;22;22162;2;1;1;2;Rue du Général Leclerc;48,7782680000; -3,0420960000
202200030054;22;5;2022;11:00;1;22;22136;1;1;8;2;Kerloïc;48,1805240000; -2,8255460000
202200030055;1;10;2022;01:05;3;56;56098;1;1;2;4;N165 sens Lorient/Vannes;47,7836280000; -3,3388890000
202200030056;22;5;2022;10:30;1;02;02309;1;1;1;7;;49,5152140000;3,7512730000
202200030057;30;9;2022;19:35;5;54;54395;2;2;1;2;LECLERC (AV. DU GENE;48,6825665320;6,1842580140
202200030058;3;10;2022;07:50;2;51;51454;2;1;5;7;rue Adrien Sénéchal;49,2233281062;4,0164443851
202200030059;21;5;2022;18:25;1;59;59541;1;1;1;5;D958;50,2037743154;3,5002666712
202200030060;1;10;2022;13:05;1;49;49267;2;1;2;7;MARMITIERE;47,4725746351; -0,4930034280
202200030061;3;10;2022;17:30;1;47;47323;2;1;1;6;VELOURS (CHEMIN DE);44,4047763846;0,7150935400
202200030062;21;5;2022;07:30;1;60;60314;1;1;8;1;RD 151;49,6301020000;2,0295420000
202200030063;3;10;2022;19:30;1;47;47001;2;2;1;6;LIBERTE (BOULEVARD DE LA);44,1985100000;0,6209600000
202200030064;20;5;2022;12:35;1;73;73085;2;3;1;1;D991 Lieu-dit praz;45,8299410910;5,8427819611
202200030065;3;10;2022;09:05;2;47;47001;2;1;1;2;MESSINES (BD DU DOCTEUR);44,2085900000;0,6439700000
202200030066;20;5;2022;23:00;3;42;42070;1;1;1;6;2050 Route de Bully;45,9279720000;4,0461120000
202200030067;3;10;2022;12:00;1;37;37122;2;1;1;6;;47,3508431305;0,6460529566
202200030068;20;5;2022;15:52;1;67;67005;2;2;1;6;108 Rue Principale;48,7945700000;7,5890180000
202200030069;3;10;2022;08:40;1;37;37261;2;6;1;3;GANCE (BOULEVARD ABEL);47,4250000000;0,7116300000
202200030070;21;5;2022;03:40;3;22;22339;1;1;1;2;N176;48,5008730019; -2,0397455514
202200030071;20;5;2022;10:19;1;01;01033;2;6;1;3;Avenue Mal de Lattre de Tassigny (Châtillon-en-Michaille);46,1280990000;5,8115910000
202200030072;3;10;2022;19:00;1;33;33192;2;2;1;3;Rue du Bourdillat;44,7777600000; -0,5951600000
202200030073;19;5;2022;11:30;1;79;79148;2;1;1;7;3 Rue Gate Bourse;46,2645200000; -0,0119500000
202200030074;21;5;2022;04:16;5;68;68343;2;1;1;7;D4b;47,8769260000;7,3074480000
202200030075;2;10;2022;13:52;1;32;32013;2;2;1;1;SADI-CARNOT (BOULEVARD);43,6436600000;0,5869900000
202200030076;20;5;2022;11:10;1;34;34014;1;1;1;3;D109 E1;43,7064220000;3,9124740000
202200030077;3;10;2022;17:15;1;31;31557;2;1;1;1;PETIT TRAIN (RUE DU);43,5822400000;1,3331400000
202200030078;17;5;2022;10:40;1;57;57106;2;9;7;4;Rue Mazelle;49,2924490000;6,5328140000
202200030079;2;10;2022;00:25;3;27;27681;1;1;2;7;C1;49,0981900000;1,5098500000
202200030080;21;5;2022;06:15;1;04;04237;2;1;1;6;RD 900;44,2791520000;6,3894720000
202200030081;26;9;2022;20:25;5;27;27681;2;1;8;1;MARNE (RUE DE LA);49,0882000000;1,4918000000
202200030082;18;5;2022;20:00;1;56;56174;1;9;1;3;penvern;47,8331050000; -2,9073380000
202200030083;3;10;2022;06:15;3;25;25056;2;5;1;3;DOLE RUE DE (sup 200);47,2262030000;5,9772210000
202200030084;21;5;2022;03:00;3;56;56197;1;1;1;6;Rue de l'If;47,8924670000; -2,4674340000
202200030085;29;9;2022;11:25;1;22;22113;2;9;2;6;FORLAC'H (BOULEVARD DU);48,7319500000; -3,4513800000
202200030086;20;5;2022;19:00;1;74;74148;1;1;1;7;D110;45,7890730000;6,1102010000
202200030087;3;10;2022;18:05;2;17;17415;2;1;1;6;TOMBOUCTOU AVENUE DE;45,7372880000; -0,6534740000
202200030088;21;5;2022;14:45;1;2B;2B327;1;1;1;3;RD 80;42,9435280000;9,4613310000
202200030089;12;5;2022;17:00;1;2B;2B281;1;1;1;3;D80;42,8199720000;9,4864130000
202200030090;3;10;2022;20:44;5;17;17300;2;3;1;1;PEUPLIERS   RUE DES;46,1465700000; -1,1423000000
202200030091;21;5;2022;12:15;1;65;65396;2;1;1;7;19 Rue Lamarque;42,9814970000; -0,0945580000
202200030092;21;5;2022;09:20;1;49;49130;1;9;1;3;départementale 74;47,6158410000; -0,5285020000
202200030093;30;9;2022;19:50;5;13;13108;2;2;1;3;SOUSPIRON VOIE COMMUNALE 48 (CHEMIN);43,8137200000;4,6612200000
202200030094;21;5;2022;16:00;1;12;12240;1;1;1;7;départementale 42;44,6275921000;2,3209480000
202200030095;3;10;2022;19:40;5;13;13005;2;1;1;3;SALENGRO (AVENUE ROGER);43,2960200000;5,5685200000
202200030096;30;9;2022;17:30;1;11;11262;2;1;1;6;19 Boulevard de 1848;43,1925000000;3,0128510000
202200030097;21;5;2022;15:30;1;29;29191;1;2;1;6;Croas Lescuz.;48,5429430100; -3,7458080000
202200030098;29;9;2022;16:30;1;09;09207;2;9;1;6;LATERAL (CH);42,9344480000;1,6298120000
202200030099;20;5;2022;10:50;1;31;31451;2;2;1;3;Route de Vaure;43,4649630000;1,9956490000
202200030100;3;10;2022;03:00;5;06;06069;2;1;1;6;ROUQUIER (BOULEVARD EMMANUEL);43,6338600000;6,9393100000
202200030101;15;5;2022;13:20;1;31;31474;1;1;7;6;D6;43,1931220000;1,1047730000
202200030102;29;9;2022;12:10;1;06;06027;2;1;1;7;FUSAINS RUE DES;43,6580870000;7,1659260000
202200030103;20;5;2022;21:16;3;58;58249;1;1;1;7;Route des Presles;46,9915570000;3,9307560000
202200030104;21;7;2022;01:04;5;75;75105;2;2;1;3;BOULEVARD SAINT GERMAIN;48,8513880000;2,3431890000
202200030105;21;5;2022;10:30;1;05;05029;1;1;1;7;Route d Orcières;44,6471130000;6,1826850000
202200030106;3;10;2022;20:30;5;75;75117;2;1;1;3;PORTE DE SAINT OUEN;48,9005010000;2,3248890000
202200030107;20;5;2022;19:40;1;05;05054;1;1;1;6;Route des Roures;44,6793190000;6,0621680000
202200030108;20;5;2022;22:00;2;10;10029;1;1;1;6;Balnot-sur-Laignes;48,0288821344;4,3632888794
202200030109;1;10;2022;22:30;5;75;75113;2;4;1;6;QUAI D IVRY;48,8257910000;2,3865890000
202200030110;20;5;2022;19:05;1;40;40221;1;3;7;5;chemin du capitaine / D1;43,8703950000; -0,2474070000
202200030111;3;10;2022;01:45;5;75;75118;2;7;1;3;PLACE ALBERT KAHN;48,8959770000;2,3464180000
202200030112;21;5;2022;09:50;1;85;85050;1;1;1;1;La Chevrie;46,5347240000; -1,3686240000
202200030113;3;10;2022;19:50;5;75;75117;2;2;1;2;BOULEVARD BESSIERES;48,8943080000;2,3137630000
202200030114;20;5;2022;18:45;1;37;37263;2;1;1;4;Route Nationale;47,2747960000;0,8315220000
202200030115;3;10;2022;18:30;1;75;75116;2;1;1;3;BOULEVARD LANNES;48,8673870000;2,2722590000
202200030116;21;5;2022;00:30;3;37;37221;1;2;1;6;Rigny;47,0735160216;1,0964166373
202200030117;2;10;2022;03:30;5;75;75116;2;3;2;3;AVENUE DU PRESIDENT KENNEDY;48,8527090000;2,2807250000
202200030118;20;5;2022;20:20;2;08;08451;1;1;1;7;D35;49,5489090000;4,1003890000
202200030119;3;10;2022;12:15;1;75;75115;2;2;8;2;RUE DE JAVEL;48,8472300000;2,2791650000
202200030120;20;5;2022;04:15;3;18;18279;1;1;8;3;;47,2383650000;2,0388540000
202200030121;21;5;2022;00:15;3;34;34153;1;1;1;1;route départementale 68;43,7193810000;3,8329410000
202200030122;3;10;2022;08:00;1;75;75115;2;4;8;3;AVENUE DE LA PORTE DE LA PLAINE;48,8295870000;2,2922970000
202200030123;21;5;2022;16:30;1;69;69244;2;3;1;3;33 Route de Paris;45,7650190000;4,7681500000
202200030124;3;10;2022;10:00;1;75;75112;2;2;1;3;PONT DE BERCY;48,8387300000;2,3764230000
202200030125;3;10;2022;08:30;1;75;75112;2;1;2;6;RUE DE CHARENTON;48,8399260000;2,3884800000
202200030126;20;5;2022;18:05;1;49;49306;1;1;1;2;A11;47,4408259544; -0,7538073815
202200030127;21;5;2022;06:41;2;64;64130;1;1;1;2;A63;43,3409103619; -1,7373579741
202200030128;3;10;2022;17:30;1;75;75110;2;2;1;2;RUE DU CHATEAU LANDON;48,8820980000;2,3633370000
202200030129;20;5;2022;13:40;1;38;38401;1;1;1;2;Autoroute A43 Pk 046+600;45,5602077706;5,4104104760
202200030130;27;9;2022;08:40;1;94;94058;2;9;1;3;PIERRE BROSSOLETTE (AV);48,8348200000;2,5049650000
202200030131;20;5;2022;20:40;3;987;98748;2;1;1;1;RT4 PK 02+900 Toahotu; -17,8272130000; -149,2423950000
202200030132;3;10;2022;17:50;1;94;94028;2;1;1;6;Rue Juliette Savar;48,7823000000;2,4644000000
202200030133;3;10;2022;05:25;5;94;94022;2;3;2;6;Passage Bertrand / Rue Demanieux;48,7724358243;2,4023992093
202200030134;21;5;2022;10:40;1;973;97305;1;1;1;5;Route Nationale 1;4,9156190000; -52,3762460000
202200030135;18;4;2022;21:10;5;971;97128;1;1;2;6;Bel Étang;16,2918940000; -61,3690230000
202200030136;2;10;2022;22:10;5;94;94073;2;7;1;1;Avenue de Fontainebleau / Esplanade Auguste Perret;48,7638700000;2,3682900000
202200030137;14;1;2022;19:15;4;971;97129;2;1;1;6;Avenue Sainte Rose de Lima;16,3311050000; -61,6945730000
202200030138;3;10;2022;16:50;1;94;94075;2;1;1;3;1 Rue du Réveillon;48,7222100000;2,5344300000
202200030139;20;5;2022;13:20;1;33;33165;2;1;1;1;21 Route de la Tuiliere;44,8190286990; -0,4408974946
202200030140;21;5;2022;19:00;1;77;77041;1;1;7;1;D152;48,3055350000;2,4919650000
202200030141;3;10;2022;07:55;2;93;93072;2;3;5;3;Boulevard Maxime Gorki / Rue de la Citoyenneté;48,9454800000;2,3866200000
202200030142;18;5;2022;19:35;1;77;77142;2;1;1;6;D21;48,8608050000;2,9273410000
202200030143;3;10;2022;22:55;5;93;93074;2;1;1;3;Rue de Meaux;48,9359412542;2,5767822252
202200030144;20;5;2022;08:20;1;95;95658;2;1;3;6;45 Avenue Pierre Peineau;49,0803070000;1,9319360000
202200030145;20;5;2022;16:00;1;83;83071;1;1;1;7;Route du Carrubier;43,1417670000;6,2619500000
202200030146;3;10;2022;15:00;1;93;93031;2;1;1;3;Avenue de la République;48,9515052945;2,3208390860
202200030147;20;5;2022;15:45;1;13;13081;2;1;1;3;rd 113;43,4894860000;5,2195630000
202200030148;3;10;2022;08:40;1;93;93047;2;2;5;3;Avenue Paul Cézanne / Rue Degas;48,9032362304;2,5586056080
202200030149;21;5;2022;08:30;1;13;13066;1;2;1;3;D7n;43,8810910000;4,9156040000
202200030150;19;5;2022;13:10;1;89;89206;1;1;1;6;Route d Auxerre;47,9696350000;3,4142160000
202200030151;3;10;2022;07:10;2;93;93010;2;1;5;3;Chemin de Groslay;48,9115087354;2,4749802053
202200030152;20;5;2022;16:30;1;71;71275;2;9;1;6;Boulevard des Prairies;46,2774480000;4,0358070000
202200030153;21;5;2022;10:45;1;71;71082;1;1;1;2;RD 979;46,4436750000;4,2095980000
202200030154;3;10;2022;12:27;1;93;93008;2;6;5;6;Avenue Paul Vaillant - Couturier / Rue Pierre Sémard;48,9101200000;2,4461400000
202200030155;20;5;2022;21:30;2;71;71025;1;1;1;1;RN 79;46,4259000000;4,4125450000
202200030156;3;10;2022;08:30;1;93;93001;2;2;1;3;Rue des Gardinoux / Rue de la Haie Coq;48,9064752782;2,3729671932
202200030157;3;10;2022;08:45;1;92;92040;2;1;8;7;STALINGRAD (QUAI DE);48,8234094890;2,2551353574
202200030158;14;5;2022;20:10;2;69;69132;1;1;7;1;220 Chemin du Goujon;45,6808093340;4,3958830833
202200030159;3;10;2022;17:40;2;92;92035;2;1;1;6;Aigle ( rue de l' );48,9098376390;2,2528211474
202200030160;20;5;2022;14:30;1;69;69171;2;1;1;2;Quai de la Brévenne;45,8126080000;4,6008470000
202200030161;3;10;2022;08:10;2;92;92012;2;6;8;3;ANCIENS COMBATTANT (ROND - POINT DES);48,8480920029;2,2417339682
202200030162;21;5;2022;11:10;1;69;69072;2;1;1;6;Chemin du Moulin Carron;45,8090670000;4,7612970000
202200030163;20;5;2022;17:00;1;16;16078;2;1;1;1;283 Route de Paris;45,6804990000;0,1773940000
202200030164;30;9;2022;23:30;5;92;92004;2;2;1;5;LAURENT-CELY  ( AVENUE );48,9143400000;2,3108200000
202200030165;20;5;2022;23:50;3;33;33042;1;1;1;1;Route de Bazas;44,5134000000; -0,7453540000
202200030166;5;4;2022;07:30;1;85;85088;1;1;2;5;RD32;46,7274300000; -1,8698400000
202200030167;1;10;2022;21:40;5;92;92004;2;6;1;3;EMILE ZOLA ( RUE );48,9226968311;2,2860022187
202200030168;21;5;2022;00:40;3;85;85208;1;1;1;6;D763G;46,8563500000; -1,4092100000
202200030169;30;9;2022;12:00;1;92;92004;2;1;1;6;OLYMPE DE GOUGES (RUE);48,9191344187;2,3168076575
202200030170;21;5;2022;01:45;3;49;49301;1;1;1;2;rd 91;47,1090270000; -0,9957650000
202200030171;29;9;2022;15:10;1;92;92009;2;1;1;6;CHARLES-DE-GAULLE ( AVENUE );48,9195814857;2,2765994668
202200030172;3;10;2022;17:45;1;54;54456;1;3;1;1;D70;48,6970968530;6,3907653102
202200030173;21;5;2022;16:05;1;50;50041;1;2;1;3;D37;49,6262450000; -1,7986680000
202200030174;20;5;2022;15:50;1;22;22376;1;1;1;7;la Belle Étoile;48,2222210000; -2,8350520000
202200030175;4;9;2022;12:18;1;01;01244;2;3;1;6;14 Rue de Lyon;45,9025410000;5,1910400000
202200030176;27;1;2022;05:30;3;54;54123;1;1;8;6;Autoroute A 33;48,6461670000;6,1414510000
202200030177;4;10;2022;13:05;1;38;38353;1;1;1;1;D37b;45,4162490000;4,7632600000
202200030178;28;1;2022;16:50;2;54;54157;1;1;1;2;Autoroute A 31;48,8487800000;6,0893700000
202200030179;20;5;2022;00:00;5;974;97407;2;3;1;7;RUE SULLY PRUD'HOMME; -20,9409300000;55,3104900000
202200030180;4;10;2022;12:00;1;06;06149;2;3;1;1;1 Chemin de l'Arbre;43,7384270000;7,3097500000
202200030181;18;5;2022;09:35;1;973;97302;2;1;1;2;HAMEAU DES ENCENS (RUE DU) Cité St Marti;4,9208000000; -52,3033200000
202200030182;19;5;2022;13:30;1;972;97213;2;1;1;6;ROUTE DEPARTEMENTALE 3;14,6140700000; -60,9945600000
202200030183;3;10;2022;18:20;1;43;43027;1;4;1;3;D20;45,2721230000;3,6142660000
202200030184;19;5;2022;13:05;1;972;97209;1;1;1;7;JULES ALARIC (RUE);14,6035900000; -61,0608100000
202200030185;4;10;2022;08:15;1;95;95313;2;6;1;3;RD 922;49,1244090000;2,2497730000
202200030186;19;5;2022;16:25;1;69;69081;1;6;1;2;Rond point du Valvert;45,7707000000;4,7885100000
202200030187;3;10;2022;14:45;1;972;97204;1;1;1;7;RN 2;14,6958800000; -61,1770030000
202200030188;4;10;2022;07:30;2;12;12197;1;1;1;6;La Plane de Saint-Julien;44,0216560000;2,5358360000