Num_Acc;jour;mois;an;hrmn;lum;dep;com;agg;int;atm;col;adr;lat;long
202200030189;19;5;2022;07:55;1;69;69149;2;3;1;3;Rue Dubois Crance;45,7138900000;4,8172700000
202200030190;3;10;2022;15:15;1;56;56006;1;1;1;4;N24 sens Lorient/Rennes;47,9396780000; -2,2641490000
202200030191;19;5;2022;18:30;1;971;97101;2;9;1;6;VIEUX BOURG;16,2479100000; -61,5327500000
202200030192;3;10;2022;11:30;1;56;56186;2;3;1;3;2 Boulevard René Cassin;47,4761800000; -3,1124140000
202200030193;18;5;2022;12:15;1;91;91122;2;1;1;6;FACULTE (VOIE DE LA);48,6997100000;2,1649000000
202200030194;3;10;2022;12:40;1;80;80373;2;2;1;3;Rue du Marché aux Bribettes;49,9847350000;1,5616270000
202200030195;3;10;2022;09:15;1;69;69248;1;6;7;3;La platière;46,0425830000;4,3029190000
202200030196;18;5;2022;12:40;1;91;91421;2;1;1;2;REPUBLIQUE (AVENUE DE LA);48,7048800000;2,4592700000
202200030197;3;10;2022;17:00;1;42;42254;1;1;1;7;Chemin de la Philipponnière;45,8580520000;4,1904150000
202200030198;19;5;2022;17:00;1;91;91479;1;1;1;2;RTE DE FONTAINEBLEAU;48,7238300000;2,3702900000
202200030199;3;10;2022;14:50;1;42;42206;1;4;1;2;Route de Saint-galmier;45,5586180000;4,3199340000
202200030200;3;10;2022;15:20;1;42;42266;1;1;8;3;Route de Beauvoir;45,4245100000;4,0467020000
202200030201;18;5;2022;17:30;1;91;91589;2;1;7;2;BD ARISTIDE BRIAND;48,6863020000;2,3508810000
202200030202;1;10;2022;15:00;1;42;42139;1;1;1;6;Route de Riotord;45,2695670000;4,3976960000
202200030203;19;5;2022;13:32;1;87;87085;2;1;1;7;SAINT GENCE (RUE DE) (RD218);45,8493700000;1,2256100000
202200030204;3;10;2022;07:45;2;22;22131;1;1;1;6;lieu dit bech coat;48,5370417878; -3,5015407205
202200030205;10;9;2022;18:30;1;35;35068;2;1;1;6;15 rue de Paris;48,1116300000; -1,4016480000
202200030206;19;5;2022;07:41;1;87;87085;2;2;1;3;PETINIAUD BEAUPEYRAT (RUE);45,8264500000;1,2517500000
202200030207;3;10;2022;08:00;1;31;31412;1;1;1;6;D632;43,3098470000;0,6790490000
202200030208;18;5;2022;09:09;1;87;87050;2;3;1;3;ARTHUGERAS ( rue);45,8920700000;1,2014100000
202200030209;18;5;2022;21:30;1;86;86194;2;1;1;6;Avenue de la Fayette;46,5762030000;0,3735780000
202200030210;3;10;2022;17:30;1;38;38175;2;1;1;6;175 boulevard de la République;45,2731310000;5,9242430000
202200030211;2;10;2022;01:00;5;72;72331;2;1;1;1;53 avenue de bretagne;48,1016600000;0,5784500000
202200030212;19;5;2022;16:25;1;83;83137;2;6;1;7;SAINTE CLAIRE DEVILLE (RUE HENRI);43,1288310000;5,9817270000
202200030213;9;5;2022;11:35;1;83;83118;2;1;1;6;QUAI ALBERT 1ER;43,4239553340;6,7663845420
202200030214;4;10;2022;02:00;5;64;64329;1;1;1;6;D817;43,2936200000; -0,2864810000
202200030215;15;7;2022;09:45;1;07;07229;1;1;1;4;;44,6139700000;4,4083300000
202200030216;15;5;2022;16:55;1;83;83118;2;9;1;6;ROUTE DE LA CORNICHE;43,4147870000;6,8080340000
202200030217;1;10;2022;22:30;3;10;10355;1;1;1;6;RD 951;48,5050189194;3,4752309322
202200030218;20;7;2022;16:00;1;01;01053;2;1;1;6;Rue du Stand;46,1946088136;5,2298891544
202200030219;16;5;2022;10:27;1;17;17347;2;1;1;6;8 Rue Jean Nouraud;45,9553350000; -0,5325240000
202200030220;19;7;2022;17:25;1;75;75117;2;1;1;2;PORTE D ASNIERES;48,8933370000;2,3034110000
202200030221;17;5;2022;19:00;1;80;80021;1;1;1;3;VANMARCKE (RUE);49,8965600000;2,3013300000
202200030222;2;10;2022;11:55;1;87;87126;1;1;1;7;d 675 - lieu dit Lou Maupas;45,8487298680;0,8551290479
202200030223;19;7;2022;14:20;1;75;75113;2;1;1;2;ECHANGEUR BERCY;48,8262150000;2,3877800000
202200030224;2;10;2022;15:30;1;87;87089;1;1;1;3;D942;46,2146150000;1,1203910000
202200030225;16;4;2022;00:05;5;79;79191;2;3;1;1;Rue Charles Darwin;46,3153000000; -0,4140000000
202200030226;19;7;2022;13:48;1;75;75119;2;1;1;4;PORTE DES LILAS;48,8788790000;2,4079060000
202200030227;19;5;2022;08:55;1;78;78029;2;1;1;3;REPUBLIQUE (BOULEVARD DE LA);48,9730380000;1,8465000000
202200030228;4;10;2022;08:30;1;988;98805;2;3;1;7;RT1/Rue KIOLET NEA CALLET; -22,2000460000;166,4786200000
202200030229;19;7;2022;02:10;5;75;75120;2;1;1;2;PORTE DE MONTREUIL;48,8544570000;2,4138350000
202200030230;19;5;2022;20:40;1;76;76540;2;6;1;3;Boulevard de l'Europe;49,4261000000;1,0877500000
202200030231;4;10;2022;12:40;1;973;97309;1;1;1;1;Route des Plages;4,8670340000; -52,2508590000
202200030232;20;7;2022;18:35;1;75;75120;2;1;2;4;RUE PIXERECOURT;48,8734120000;2,3960010000
202200030233;19;5;2022;07:55;1;72;72181;2;1;1;2;DIESEL RODOLPHE (RUE);47,9853200000;0,2252400000
202200030234;30;9;2022;21:15;5;69;69244;2;1;1;1;Avenue de la République;45,7639200000;4,7792050000
202200030235;16;5;2022;16:30;1;72;72181;2;1;1;2;MAILLETS (RUE DES) IMP 37 A 159;48,0124530000;0,2058590000
202200030236;20;7;2022;21:50;5;75;75119;2;2;1;3;AVENUE CORENTIN CARIOU;48,8947880000;2,3823560000
202200030237;19;5;2022;18:35;1;69;69290;2;2;1;3;Boulevard de la Porte des Alpes;45,7119600000;4,9206700000
202200030238;4;10;2022;18:00;1;51;51454;1;1;1;4;A344;49,2547010000;4,0030470000
202200030239;20;7;2022;17:40;1;75;75118;2;3;9;6;RUE ORDENER;48,8938160000;2,3350810000
202200030240;19;5;2022;03:50;5;69;69386;2;3;1;7;Boulevard de la Bataille de Stalingrad;45,7721100000;4,8588800000
202200030241;4;10;2022;08:20;1;22;22389;1;1;1;3;RN12;48,4807020000; -2,6499800000
202200030242;20;7;2022;14:40;1;75;75116;2;7;1;3;PLACE CHARLES DE GAULLE;48,8737310000;2,2941270000
202200030243;18;5;2022;07:10;1;69;69290;2;3;1;6;Rue du Grisard;45,6972900000;4,9445900000
202200030244;4;10;2022;08:20;1;59;59593;1;1;5;6;PÉAGE AUTOROUTIER;50,2291071484;3,2708144188
202200030245;20;7;2022;08:50;2;75;75112;2;1;2;2;AVENUE DAUMESNIL;48,8450160000;2,3800620000
202200030246;18;5;2022;13:25;1;67;67482;2;3;1;5;SCHIRMECK (ROUTE DE);48,5616200000;7,6950900000
202200030247;19;7;2022;23:50;5;75;75112;2;4;1;6;BOULEVARD SOULT;48,8372130000;2,4079270000
202200030248;3;10;2022;02:24;3;60;60494;1;1;5;4;Autoroute A1 - Sens LILLE vers PARIS - PK 034.000;49,1388223579;2,5685951841
202200030249;19;5;2022;14:55;1;64;64373;2;1;1;5;D100;43,2799100000; -0,3587600000
202200030250;4;10;2022;05:00;5;988;98813;1;3;1;6;RT1/VU 31; -21,7275800000;165,8283100000
202200030251;20;7;2022;09:40;1;75;75111;2;2;2;3;RUE DE LA FONTAINE AU ROI;48,8684350000;2,3749300000
202200030252;19;5;2022;08:30;1;64;64348;1;3;2;5;FRERES WRIGHT DES;43,3483000000; -0,3800100000
202200030253;2;10;2022;18:40;3;971;97128;1;1;1;3;Fonds Thezan;16,2624550000; -61,3861410000
202200030254;19;5;2022;06:15;2;64;64024;2;1;1;7;ROND POINT DE PLAISANCE;43,4744489329; -1,5005055070
202200030255;26;9;2022;16:26;2;13;13087;1;2;1;1;D7n;43,4891950000;5,6303160000
202200030256;18;5;2022;09:25;1;63;63113;2;3;1;6;POURCHON (BD MAURICE);45,7910900000;3,0863200000
202200030257;19;7;2022;22:09;5;75;75111;2;4;1;3;BOULEVARD RICHARD LENOIR;48,8568210000;2,3704860000
202200030258;17;5;2022;11:07;1;63;63014;2;1;1;2;CRISTAL (AVENUE ERNEST);45,7590100000;3,1444900000
202200030259;4;10;2022;05:10;3;77;77381;1;1;5;3;D201;48,6130340000;2,9762430000
202200030260;20;7;2022;22:00;2;94;94076;2;1;8;7;VERDUN (R DE);48,7913600000;2,3536500000
202200030261;18;5;2022;00:21;3;63;63063;2;1;1;6;Route M2009;45,8239800000;3,1109200000
202200030262;17;5;2022;10:46;1;63;63113;2;1;1;2;PLATS (RUE DES);45,7661100000;3,0942500000
202200030263;20;7;2022;23:10;5;94;94041;2;1;1;6;PAUL ANDRIEUX (R);48,8122200000;2,3672500000
202200030264;17;5;2022;09:39;1;63;63113;2;1;1;6;MABRUT (RUE ADRIEN);45,8116800000;3,1147400000
202200030265;2;10;2022;20:45;5;91;91666;2;1;1;3;Avenue de la Plesse;48,6891370000;2,2303530000
202200030266;17;5;2022;08:21;1;63;63113;2;1;1;6;JOUHAUX (BD LEON);45,7930800000;3,1177600000
202200030267;19;5;2022;09:20;1;61;61117;1;2;1;3;D 112;48,4356700000;0,0224200000
202200030268;3;10;2022;08:30;1;34;34143;1;3;1;3;intersection VC 4 et CD 158E3;43,4569140000;3,6105750000
202200030269;4;10;2022;17:10;1;05;05103;1;1;1;1;D1085;44,2656430000;5,9034150000
202200030270;19;7;2022;19:10;1;94;94033;2;2;7;1;Boulevard Galliéni / Rue de Rosny;48,8507800000;2,4751400000
202200030271;15;4;2022;22:10;5;60;60057;2;1;1;4;Rue de Paris;49,4161851382;2,0993623137
202200030272;2;10;2022;05:20;3;52;52205;1;1;1;7;Rue de la Cote au Bonheur;48,0376490000;5,2038720000
202200030273;15;5;2022;01:00;5;59;59350;2;2;1;3;SOLFERINO RUE N°2 - 108;50,6344700000;3,0487200000
202200030274;30;8;2022;19:10;1;67;67368;1;1;1;3;D214;48,4366440000;7,3250350000
202200030275;13;5;2022;13:10;1;57;57227;2;3;1;6;;49,1861010450;6,8691058013
202200030276;4;10;2022;16:45;1;64;64067;1;1;1;7;D215;43,2551980000; -0,2903710000
202200030277;19;5;2022;11:10;1;56;56121;2;3;1;6;WALDECK ROUSSEAU (RUE PIERRE);47,7523480000; -3,3653310000
202200030278;20;7;2022;07:35;1;94;94019;2;3;3;4;Route de la Libération / Avenue Yvonne;48,8015400000;2,5406200000
202200030279;19;5;2022;22:05;5;54;54395;2;9;1;3;MOLITOR (RUE);48,6858200000;6,1962900000
202200030280;1;10;2022;15:00;1;33;33047;1;1;2;1;D137, lieu-dit les meynards;45,1223240000; -0,5750230000
202200030281;19;5;2022;16:15;1;51;51454;2;1;1;7;place de Lisieux;49,2362288934;4,0159736574
202200030282;3;10;2022;18:45;1;44;44159;1;1;1;7;beau site;47,1407120000; -1,4045550000
202200030283;18;5;2022;17:40;1;51;51055;2;1;1;7;Allée Frédéric Mistral;49,2901053081;4,0631751716
202200030284;20;7;2022;08:30;1;93;93078;2;2;3;3;Avenue du Général Leclerc / Avenue Infroit;48,9487000000;2,5606600000
202200030285;3;10;2022;20:15;5;50;50025;2;3;1;3;Rue Division Leclerc;48,6786670000; -1,3415560000
202200030286;19;5;2022;17:22;1;47;47031;2;2;1;1;Avenue de Bigorre;44,1852100000;0,6320300000
202200030287;13;5;2022;10:00;1;46;46042;2;3;1;3;LURCAT (AVENUE JEAN);44,4634140000;1,4537640000
202200030288;4;10;2022;16:11;1;59;59249;2;1;1;6;Rue Marceau Batteux;50,0264490000;4,0322510000
202200030289;3;10;2022;11:20;1;13;13056;1;9;1;7;A55-Sens Marseille vers Martigues;43,3963382878;5,0484287738
202200030290;19;5;2022;12:10;1;45;45169;2;3;1;3;Rue de la Mouchetière;47,9061500000;1,8580600000
202200030291;20;7;2022;16:30;1;93;93072;2;3;2;3;Avenue de Stalingrad / Place du 8 Mai 1945;48,9491700000;2,3834500000
202200030292;3;10;2022;18:36;1;83;83137;1;1;1;2;A57;43,1249370000;5,9678690000
202200030293;18;5;2022;20:00;1;45;45338;2;2;1;3;Rue du Buisson;47,9859000000;2,7143200000
202200030294;20;7;2022;20:20;1;93;93050;2;1;1;6;Avenue du 8 Mai 1945;48,8653742252;2,5345732571
202200030295;3;10;2022;02:50;3;69;69142;1;1;1;2;Route de Métropole 7;45,7255112119;4,8171222210
202200030296;19;5;2022;17:28;1;44;44162;1;1;1;4;Boulevard Charles De Gaulle;47,2122300000; -1,6325900000
202200030297;12;4;2022;12:50;1;42;42207;2;1;1;6;Rue Marc Seguin;45,4745700000;4,5192600000
202200030298;3;10;2022;14:30;1;33;33192;1;1;1;4;ROCADE A 630;44,7892900000; -0,6184800000
202200030299;19;5;2022;17:40;1;42;42187;2;2;1;3;Rue Lucien Sampaix;46,0304597034;4,0625499487
202200030300;1;10;2022;18:26;1;33;33281;1;1;2;3;ROCADE A 630;44,8292940000; -0,6757640000
202200030301;19;7;2022;11:22;1;92;92078;2;3;1;3;VERDUN (AVENUE) (IMPAIRS JJAURES>A86);48,9348485394;2,3249427974
202200030302;18;5;2022;15:15;1;39;39150;1;1;1;1;;47,0700800000;5,4539700000
202200030303;29;9;2022;14:16;1;33;33318;1;1;2;7;ROCADE A 630;44,7900805168; -0,6465008855
202200030304;2;10;2022;11:45;1;62;62528;1;1;3;6;A21;50,4405000000;2,7782200000
202200030305;18;5;2022;13:05;1;38;38151;2;1;1;1;AVENUE VICTOR HUGO;45,1538100000;5,7120100000
202200030306;20;7;2022;11:05;1;92;92073;2;1;2;7;SELLIER (BOULEVARD HENRI);48,8628900000;2,2183000000
202200030307;18;5;2022;19:35;1;37;37261;2;6;1;6;BEDEL (RUE MAURICE);47,3785000000;0,6983100000
202200030308;3;10;2022;18:35;1;94;94034;1;1;1;3;AUTOROUTE A86;48,7560800000;2,3329500000
202200030309;19;5;2022;18:30;1;35;35206;1;9;1;2;RD 837;48,0706008556; -1,6969773173
202200030310;3;10;2022;08:30;1;91;91573;1;1;5;3;RN6 PROVINCE / RN104 INT;48,6312290000;2,5085260000
202200030311;20;7;2022;08:40;1;92;92072;2;1;2;7;BRUYERES (RUE DES);48,8187112202;2,2175275683
202200030312;19;5;2022;16:35;1;35;35051;1;1;1;2;N136;48,1067725549; -1,5989450916
202200030313;3;10;2022;08:20;2;91;91179;1;1;5;4;AUTOROUTE A6;48,5704200000;2,4698700000
202200030314;19;5;2022;17:30;1;33;33063;2;1;1;6;Place Gambetta;44,8415500000; -0,5810800000
202200030315;3;10;2022;05:20;3;91;91064;1;1;1;7;RN 118;48,7497600000;2,2209600000
202200030316;19;5;2022;16:20;1;33;33281;2;1;1;1;Avenue Aristide Briand;44,8251800000; -0,6207600000
202200030317;18;7;2022;23:14;5;92;92072;2;6;1;3;GRANDE RUE;48,8264600000;2,2193500000
202200030318;18;5;2022;14:16;1;33;33550;2;9;1;3;Avenue des Pyrénées;44,7630044219; -0,5597287416
202200030319;2;10;2022;21:40;3;91;91549;1;1;2;2;RN 104;48,6254000000;2,3362900000
202200030320;18;5;2022;17:30;1;31;31069;1;1;1;4;A621;43,6230700000;1,3899400000
202200030321;3;10;2022;18:18;1;78;78362;1;1;1;2;A13;48,9778030000;1,7116350000
202200030322;19;5;2022;18:50;1;29;29254;2;1;1;6;Rue de la Mairie;48,5765882028; -3,8414615394
202200030323;18;5;2022;17:15;1;27;27701;2;1;7;7;VOIE DE L OREE;49,2682292662;1,1898708344
202200030324;3;10;2022;07:20;2;78;78238;1;1;5;2;A13;48,9698400000;1,8697000000
202200030325;20;7;2022;14:50;1;92;92064;2;6;1;5;MAGENTA PLACE;48,8422361132;2,2071318625
202200030326;3;10;2022;19:00;2;95;95527;1;1;1;2;A3;48,9892300000;2,5105600000
202200030327;20;7;2022;06:00;5;92;92049;2;1;2;6;JAURES AVENUE JEAN N°53 A FIN;48,8157625686;2,3106568158
202200030328;3;10;2022;17:30;1;93;93066;1;1;1;5;AUTOROUTE A1;48,9121100000;2,3581400000
202200030329;18;5;2022;17:35;1;25;25204;1;1;1;2;Route Départementale 437;46,9255530000;6,3566870000
202200030330;19;7;2022;10:55;1;92;92024;2;6;1;6;GENERAL LECLERC (BD DU) (9 A 59)   (4 A;48,9029944114;2,3131826520
202200030331;3;10;2022;06:50;3;93;93053;1;1;5;4;AUTOROUTE A3;48,8833590967;2,4579547253
202200030332;3;10;2022;05:55;3;93;93051;1;1;5;5;A4;48,8350190000;2,5804620000
202200030333;19;7;2022;22:20;5;92;92023;2;1;1;2;JEAN BAPTISTE CLEMENT (AVENUE);48,7915100000;2,2630900000
202200030334;20;7;2022;08:37;1;92;92019;2;2;2;6;LONGUET JEAN (RUE);48,7732380643;2,2807442844
202200030335;2;10;2022;16:05;1;988;98818;2;1;1;2;VE1; -22,2252100000;166,4637800000
202200030336;19;7;2022;09:30;1;92;92004;2;1;1;1;COLOMBES ( RUE DE 31 A );48,9122768196;2,2853666693
202200030337;2;10;2022;13:40;1;974;97416;1;1;1;6;RN03; -21,2986100000;55,5068500000
202200030338;2;10;2022;19:40;5;69;69388;2;2;1;6;Route de Vienne;45,7298500000;4,8537400000
202200030339;21;7;2022;09:45;1;83;83058;1;1;1;3;D557;43,5442470000;6,3448740000
202200030340;2;10;2022;17:25;1;69;69386;2;3;1;3;204 Avenue Thiers;45,7639500000;4,8619400000
202200030341;21;7;2022;14:45;1;84;84142;1;2;1;3;D1;43,9459710000;5,0135690000
202200030342;2;10;2022;17:00;1;69;69388;2;1;1;6;Rue Audibert et Lavirotte;45,7405300000;4,8600300000
202200030343;2;10;2022;11:14;1;972;97209;1;1;1;7;REDOUTE (ROUTE DE LA);14,6285600000; -61,0586500000
202200030344;30;9;2022;12:25;1;971;97105;1;9;1;1;JEAN-JAURES  (RUE);16,0100800000; -61,7459200000
202200030345;19;7;2022;13:30;1;71;71270;1;1;1;2;autoroute A6;46,3616490000;4,8307440000
202200030346;2;10;2022;19:50;3;2A;2A004;1;3;1;3;T20 BIS CHEMIN DE LA STATION D EPURATION;41,9370400000;8,8036300000
202200030347;21;7;2022;11:27;1;05;05133;1;6;1;3;ROND POINT des Carines;44,9305400000;6,5935830000
202200030348;2;10;2022;05:40;5;91;91161;2;3;2;3;AV PIERRE BROSSOLETTE;48,6997500000;2,3107800000
202200030349;20;7;2022;12:55;1;972;97204;2;1;3;2;nationale 2;14,7112390000; -61,1839660000
202200030350;21;7;2022;07:45;1;26;26138;1;1;1;4;A7 - PK134 - SENS SUD VERS NORD;44,4011650000;4,7291850000
202200030351;21;7;2022;09:45;1;63;63264;1;4;7;1;RD 983;45,6321660000;2,8253750000
202200030352;20;7;2022;13:50;1;84;84099;2;2;1;3;Rue Jean Jaurés;43,8455420000;5,1113780000
202200030353;21;7;2022;03:10;3;50;50535;1;1;1;6;A84 PR 179.150 sens Rennes vers Caen;48,7475870000; -1,2812810000
202200030354;20;7;2022;14:15;1;30;30315;1;3;1;1;Route Nationale 100;43,9509190000;4,7110750000
202200030355;12;7;2022;06:50;1;40;40246;1;1;1;7;Route de Carrot;44,1267350000; -0,7527140000
202200030356;20;7;2022;13:32;1;56;56201;1;1;1;6;Chateau du Saint;48,0943700000; -3,5561800000
202200030357;20;7;2022;12:50;1;56;56122;1;1;1;1;Rue des Champs Colas;48,0153560000; -2,4043640000
202200030358;15;7;2022;11:45;1;56;56127;2;2;1;3;la saudraie;48,0483260000; -2,2693630000
202200030359;17;7;2022;15:10;1;56;56161;1;3;1;2;Kermelgan;47,6590570000; -3,0894790000
202200030360;20;7;2022;09:45;1;74;74278;2;6;1;3;Avenue des Mélèzes;46,0779940000;6,5414360000
202200030361;20;7;2022;17:30;1;74;74289;2;2;1;3;Route de Geneve;45,9019330000;5,9346660000
202200030362;21;7;2022;13:30;1;77;77355;2;1;1;2;D77;48,4765890000;3,1961240000
202200030363;20;7;2022;14:15;1;65;65018;1;1;1;7;D126;42,9654750000; -0,2667300000
202200030364;20;7;2022;18:30;1;33;33314;1;3;7;3;D2;45,2071530000; -0,7564580000
202200030365;20;7;2022;18:03;1;71;71198;2;1;1;1;39 Route de Beaufort;46,5945840000;5,3980420000
202200030366;21;7;2022;09:25;1;63;63342;1;1;1;7;D26;45,5459590000;3,0795410000
202200030367;20;7;2022;10:35;1;12;12102;2;1;1;6;13 Rue du Champ-Grand;44,2920250000;2,6012920000
202200030368;28;6;2022;22:15;2;44;44171;1;1;1;1;route du vignoble nantais;47,1384000000; -1,7192500000
202200030369;20;7;2022;12:30;1;70;70111;1;1;1;7;route départementale 100,;47,6377500000;6,2858100000
202200030370;18;7;2022;18:55;1;72;72197;1;9;1;3;Route de Beaumont;48,1557465582;0,0307989118
202200030371;20;7;2022;15:10;1;06;06032;2;9;1;3;Route Moyenne Corniche;43,7277590000;7,4075100000
202200030372;11;12;2022;11:25;1;93;93066;2;3;1;3;Avenue Jean Moulin / Rue Jacques Woog;48,9399100000;2,3628200000
202200030373;20;7;2022;07:05;1;05;05164;1;1;1;1;Route des Puys;44,5371350000;6,3964350000
202200030374;20;7;2022;04:45;3;50;50076;1;1;1;6;départementale 971;48,8945750000; -1,5040970000
202200030375;12;12;2022;14:15;1;93;93048;2;3;1;6;Rue Claude Bernard / Boulevard Aristide Briand;48,8700155182;2,4504191032
202200030376;19;7;2022;18:00;1;64;64362;1;1;1;6;Route de Bidache;43,3626140000; -1,0707590000
202200030377;21;7;2022;09:20;1;07;07288;1;1;1;1;COL DE L'ARenier;44,7242350000;4,5096300000
202200030378;12;12;2022;10:35;1;93;93048;2;1;8;3;119 Boulevard Aristide Briand;48,8725000000;2,4532500000
202200030379;20;7;2022;01:15;3;53;53271;1;1;1;6;Route d Averton;48,3427336000; -0,2671587000
202200030380;12;12;2022;15:26;1;93;93045;2;2;1;3;Avenue Pasteur / Rue de Romainville;48,8764500000;2,4137400000
202200030381;20;7;2022;14:50;1;53;53255;1;2;1;3;D235 PR: 5+391 ;48,1047160000; -0,3902300000
202200030382;12;12;2022;14:55;1;93;93014;2;1;1;6;Allée de Gagny;48,9024800000;2,5474200000
202200030383;18;7;2022;23:40;4;85;85046;2;2;1;3;D29;46,6698100000; -1,2925300000
202200030384;12;12;2022;19:05;5;93;93010;2;2;1;3;Avenue Galliéni / Route d'Aulnay;48,9060290000;2,4803260000
202200030385;21;7;2022;16:50;1;30;30045;1;9;1;7;départementale 51;44,3235100000;4,0742540000
202200030386;12;12;2022;12:35;1;93;93010;2;3;1;3;Rue Louis Auguste Blanqui / Rue de la Solidarité;48,8986040000;2,4867450000
202200030387;21;7;2022;11:26;1;30;30088;1;1;1;1;D6110;43,8483000000;4,0971000000
202200030388;19;7;2022;17:40;1;38;38048;2;9;1;7;Route des Etangs;45,5978340000;5,1282890000
202200030389;12;12;2022;18:30;5;93;93008;2;5;8;1;Avenue Henri Barbusse / Rue de la République;48,9074000000;2,4253700000
202200030390;20;7;2022;10:50;1;27;27137;1;1;1;3;D55;48,7636400000;0,7629700000
202200030391;12;12;2022;08:13;2;93;93007;2;3;8;3;Rue Charles Gounod / Rue Georges Bizet;48,9383730000;2,4687570000
202200030392;19;7;2022;20:05;1;60;60505;1;1;1;7;Route de Montgresin;49,1506750000;2,5376700000
202200030393;20;7;2022;08:20;1;11;11202;1;1;1;3;D627;42,8982700000;3,0486520000
202200030394;12;12;2022;17:00;5;93;93001;2;1;1;3;Boulevard Félix Faure;48,9100770000;2,3766150000
202200030395;12;12;2022;20:09;5;92;92046;2;9;9;7;HENRI BARBUSSE (ROND POINT);48,8142500000;2,2874400000
202200030396;12;7;2022;09:30;1;987;98744;1;1;2;7;Hauti; -22,4837820000; -151,3278940000
202200030397;24;6;2022;22:00;3;988;98821;1;3;1;6;COL DE LA PIROGUE - RT1/RM10; -22,0821400000;166,3190400000
202200030398;12;12;2022;12:30;1;92;92025;2;1;1;6;BOURNARD (RUE DU);48,9230545123;2,2547472417
202200030399;14;7;2022;05:15;2;971;97107;1;1;1;1;Doyon;16,0743720000; -61,5622870000
202200030400;12;12;2022;14:50;1;92;92019;2;2;1;3;MONNET JEAN (AVENUE DU);48,7708600000;2,2850800000
202200030401;20;7;2022;16:29;1;45;45155;1;1;2;5;D952 PK 6 + 332 ;47,6743640000;2,6737480000
202200030402;12;12;2022;20:30;5;92;92012;2;9;1;3;ALPHONSE LE GALLO (QUAI) 35/FIN;48,8351719484;2,2256181836
202200030403;20;7;2022;13:30;1;95;95008;1;1;1;6;RD 983;49,0603650362;1,7719209194
202200030404;12;12;2022;12:15;1;92;92012;2;3;1;3;CASQUE D'OR (RUE);48,8344000000;2,2580700000
202200030405;21;7;2022;08:30;1;78;78506;1;1;1;7;Rue des Saulx;48,4884250000;1,8026160000
202200030406;12;12;2022;14:30;1;92;92002;2;6;1;3;FRANCOIS SOMMER (AVENUE);48,7336247958;2,3077077269
202200030407;13;12;2022;17:31;3;60;60456;1;1;9;3;D152;49,4881742174;2,5711171219
202200030408;20;7;2022;11:30;1;84;84068;2;3;1;1;Avenue Raoul Dautry;43,7652090000;5,3626750000
202200030409;12;12;2022;11:20;1;974;97415;1;1;1;5;D6 pr3; -21,0251760000;55,2739660000
202200030410;21;7;2022;09:20;1;83;83016;1;1;1;3;;43,1897520000;5,8144930000
202200030411;12;12;2022;17:50;3;38;38157;1;6;1;3;D 75 C;45,5176540000;4,9264400000
202200030412;20;7;2022;11:55;1;81;81140;2;1;1;6;Avenue Pierre Fabre;43,6971650000;1,8155390000
202200030413;13;12;2022;17:05;3;25;25032;1;1;2;2;Autoroute A36 point kilométrique 095+000;47,3738880000;6,3641360000
202200030414;13;12;2022;19:05;3;21;21111;1;1;9;7;A31;47,4019950000;5,1829400000
202200030415;20;7;2022;18:08;1;81;81105;2;1;1;3;Place du Jourdain;43,7621020000;1,9896630000
202200030416;12;12;2022;00:45;3;972;97222;1;1;1;1;D1;14,6902550000; -60,9633120000
202200030417;9;12;2022;10:00;1;35;35085;2;3;1;1;route de lanhelin;48,4122760000; -1,7593900000
202200030418;20;7;2022;17:35;1;17;17308;1;1;1;1;D123;45,8613440000; -0,9748920000
202200030419;20;7;2022;16:10;1;14;14488;1;1;2;6;D515 ;49,2604058436; -0,2641774714
202200030420;19;7;2022;14:05;1;60;60139;2;2;7;3;Rue de l’Hospice;49,1670930000;2,2427560000
202200030421;10;12;2022;17:30;2;35;35253;1;1;1;5;A84;48,2554352984; -1,4221193380
202200030422;20;7;2022;19:20;2;62;62014;2;3;3;1;Rue Jules Ferry;50,6346910000;2,4001880000
202200030423;20;7;2022;19:00;1;91;91064;1;1;2;6;RN 118;48,7508000000;2,2223000000
202200030424;12;12;2022;18:15;3;17;17391;1;2;4;3;D108;46,1502230000; -1,0555940000
202200030425;20;7;2022;17:20;1;91;91687;1;1;2;2;AUTOROUTE A6;48,6654200000;2,3632400000
202200030426;12;12;2022;07:00;2;59;59107;2;1;1;6;49 Rue Pierre Decock;51,0628880000;2,5212380000
202200030427;20;7;2022;17:40;1;91;91689;1;1;8;5;AUTOROUTE A6;48,7320000000;2,3150000000
202200030428;12;12;2022;07:10;5;65;65303;2;2;1;1;D5;43,1899360000;0,1717530000
202200030429;20;7;2022;15:25;1;94;94003;1;1;8;2;AUTOROUTE A6A;48,8009709861;2,3420251782
202200030430;20;7;2022;07:00;1;91;91521;1;1;2;7;RN 449;48,6359600000;2,4009700000
202200030431;20;7;2022;12:43;1;92;92050;1;1;1;3;A86;48,9008832163;2,2054629922
202200030432;13;12;2022;12:00;1;2B;2B320;1;1;1;1;Pont d'aréna;42,1424010000;9,5074440000