Num_Acc;jour;mois;an;hrmn;lum;dep;com;agg;int;atm;col;adr;lat;long
202200030673;10;12;2022;19:12;3;47;47095;1;1;1;4;D 813;44,4286310000;0,2784670000
202200030674;19;7;2022;16:00;1;75;75107;2;2;1;7;BOULEVARD DE LA TOUR MAUBOURG;48,8572610000;2,3099370000
202200030675;1;12;2022;05:45;3;41;41115;1;1;5;7;Baigneux;47,8732340000;1,1646850000
202200030676;10;12;2022;13:20;1;41;41176;1;1;1;1;Les Bas Jarriers;47,5663090000;2,1114940000
202200030677;11;12;2022;14:45;1;29;29111;1;1;9;1;Ty Coz;48,5668593903; -4,2121108174
202200030678;18;7;2022;17:48;1;75;75106;2;2;1;6;BOULEVARD SAINT GERMAIN;48,8527080000;2,3377490000
202200030679;12;12;2022;01:30;4;29;29302;2;6;5;6;Rue de Quimper;48,2456840000; -4,0842050000
202200030680;10;12;2022;15:20;1;31;31100;1;1;1;7;D35;43,2804390000;1,6383040000
202200030681;19;7;2022;14:10;1;75;75103;2;2;1;6;RUE DE TURENNE;48,8564560000;2,3643140000
202200030682;12;12;2022;11:20;1;02;02558;1;1;1;6;RD 26 route de guise;50,0272620000;3,7764160000
202200030683;11;12;2022;02:10;3;01;01165;1;2;1;6;D88;46,0652850000;4,8156330000
202200030684;19;7;2022;08:05;1;94;94028;2;1;1;3;Boulevard Jean-baptiste Oudry;48,7734799735;2,4606486306
202200030685;10;12;2022;14:10;1;14;14107;2;3;1;3;D29;49,2792870000; -0,9610000000
202200030686;11;12;2022;19:45;3;64;64231;2;1;1;6;Route d'ordiarp / D918;43,2026950000; -0,9108430000
202200030687;11;12;2022;17:05;2;07;07260;1;1;1;7;RD 2 PK 65 + 900;44,6986620000;4,7068210000
202200030688;10;12;2022;21:00;3;27;27665;1;1;1;1;D90;49,4040090000;0,5818740000
202200030689;10;12;2022;19:15;3;28;28259;1;1;1;7;N10;48,2198820000;1,4030570000
202200030690;18;7;2022;18:10;1;94;94011;2;3;1;4;Avenue de Boissy / Chemin du Marais;48,7643000000;2,4926000000
202200030691;11;12;2022;17:50;5;68;68375;2;1;8;1;160 Rue de Reiningue;47,7886230000;7,2261070000
202200030692;5;12;2022;14:10;1;33;33122;1;1;1;4;Autoroute A63, PK 013.800, direction BORDEAUX;44,7065470000; -0,7523920000
202200030693;19;7;2022;07:00;1;93;93005;2;3;1;1;Boulevard Kennedy / Chemin de Savigny;48,9461500000;2,5154900000
202200030694;19;7;2022;08:30;1;93;93066;2;2;1;3;Avenue Lénine / Avenue de Verdun;48,9421000000;2,3654400000
202200030695;18;7;2022;18:50;1;93;93066;2;9;1;3;Avenue de Stalingrad;48,9467676708;2,3705685139
202200030696;19;7;2022;09:20;1;93;93064;2;6;1;3;Boulevard Gabriel Péri / Rue de Lisbonne;48,8775290000;2,4756430000
202200030697;19;7;2022;08:55;1;93;93062;2;2;1;3;Allée des Sapins / Allée du Château d'Eau;48,8972500000;2,5296000000
202200030698;19;7;2022;21:00;2;93;93008;2;1;1;6;Avenue Jean Jaures;48,9053813438;2,4393312336
202200030699;18;7;2022;19:41;1;93;93001;2;1;2;3;Rue Danielle Casanova;48,9187974304;2,3911692202
202200030700;19;7;2022;18:10;1;92;92078;2;2;1;6;GALLIENI (BD) (126 ET 152);48,9354460000;2,3329420000
202200030701;19;7;2022;19:10;1;92;92062;2;1;1;6;FRANCE (RUE  ANATOLE) N° 2 AU 20;48,8832294551;2,2397129238
202200030702;5;3;2022;16:40;1;51;51204;1;1;1;6;D22;49,0794880000;3,8792900000
202200030703;4;3;2022;17:20;1;56;56026;1;1;1;1;KERBRAZ;47,9882920000; -3,1736810000
202200030704;5;3;2022;09:30;1;74;74256;2;1;1;7;Route de Cusin;45,9497700000;6,6261720000
202200030705;24;2;2022;16:10;1;67;67002;1;1;1;7;RD9;48,9048470000;7,1897690000
202200030706;5;3;2022;08:30;1;79;79063;1;1;1;2;;47,0379590000; -0,4047560000
202200030707;5;3;2022;17:13;1;82;82123;1;1;2;1;Route de Montauban;43,9257660000;1,2815740000
202200030708;2;3;2022;10:45;1;65;65056;2;2;1;3;D921b;43,0192230000; -0,0966830000
202200030709;4;3;2022;19:35;3;32;32344;2;1;1;1;620 Route de Tarsac;43,6666680000; -0,0881180000
202200030710;4;3;2022;17:06;1;71;71292;1;1;1;2;Route de la Vallee;46,8163840000;4,7429180000
202200030711;4;3;2022;17:30;1;89;89025;2;2;1;3;Avenue du Bois Dieu;47,4886150000;3,9191580000
202200030712;4;3;2022;17:00;1;89;89025;2;1;7;6;Rue de Lyon;47,4914620000;3,9146320000
202200030713;5;3;2022;09:15;1;55;55398;1;1;1;1;D636;48,6827370000;5,7416980000
202200030714;4;3;2022;23:30;3;49;49018;2;1;1;6;Rue du Pau-Brûlé;47,5448730000; -0,1052880000
202200030715;1;3;2022;20:20;3;34;34293;1;1;1;6;D14;43,5931980000;2,7312610000
202200030716;3;3;2022;15:35;1;68;68349;2;3;1;3;22 rue de Paris;47,6083760000;7,5606210000
202200030717;4;3;2022;12:10;1;39;39235;2;2;1;3;3 Rue de la Gare;47,1516320000;5,7597760000
202200030718;4;3;2022;14:30;1;25;25305;1;9;1;6;rue de l'essart;47,1860810000;6,2057300000
202200030719;4;3;2022;22:00;3;31;31584;1;1;2;6;Route de Toulouse;43,8375430000;1,4808420000
202200030720;4;3;2022;19:30;3;38;38257;2;3;1;2;Route de Grenoble;45,4806480000;5,4012070000
202200030721;5;3;2022;09:47;1;02;02321;2;1;1;3;N2;49,8498340000;3,9036010000
202200030722;5;3;2022;04:30;3;15;15252;1;1;1;7;RD17;44,9942440000;2,5475190000
202200030723;4;3;2022;16:25;1;14;14654;2;1;1;6;D511;49,0182970000; -0,0333990000
202200030724;4;3;2022;17:40;1;64;64106;1;9;1;3;D933;43,3199950000; -1,0149480000
202200030725;5;3;2022;16:20;1;43;43203;1;1;7;1;D7;45,1540490000;4,0314460000
202200030726;5;3;2022;08:30;1;07;07197;2;1;1;6;Route du Grand-Pré;45,2174970000;4,6595230000
202200030727;5;3;2022;00:30;3;21;21645;1;3;1;6;D976;47,1485310000;5,2844240000
202200030728;2;3;2022;14:20;1;40;40017;1;1;2;1;D933s;43,7310570000; -0,5719170000
202200030729;4;3;2022;23:50;5;85;85221;2;1;1;1;Place de la Mairie;46,9027850000; -1,9988438000
202200030730;5;3;2022;10:30;1;85;85047;2;6;1;6;Rond point porte de noirmoutier;46,8555490000; -1,8965390000
202200030731;5;3;2022;06:30;2;85;85034;1;1;1;6;La Terrandière;46,6324027171; -1,1366276443
202200030732;5;3;2022;11:45;1;03;03305;1;1;1;6;a71;46,4366890000;2,6972510000
202200030733;4;3;2022;20:15;5;976;97605;2;1;1;1;Rue de Sicotram; -12,8369810000;45,1131980000
202200030734;3;3;2022;17:30;1;987;98729;1;1;1;2;HAAPITI PK 22.800 RT 91; -17,5331890000; -149,8386110000
202200030735;12;2;2022;07:30;1;971;97104;2;1;1;6;Chemin de Fond Rivons;16,0342700000; -61,7348090000
202200030736;4;3;2022;16:50;1;29;29234;1;1;1;6;Lieu Dit Liminec;47,8708450000; -3,4864770000
202200030737;5;3;2022;01:55;3;89;89438;1;1;1;1;D965;47,8011760000;3,6634490000
202200030738;4;3;2022;15:50;1;54;54520;2;4;1;6;Rue de la Vezouze;48,5803123576;6,6237473490
202200030739;5;3;2022;04:30;4;74;74007;2;6;1;6;D903;46,0744810000;6,3135550000
202200030740;4;3;2022;20:30;3;73;73288;1;2;1;7;D211;45,6154511072;5,9238738454
202200030741;5;3;2022;02:35;5;42;42285;2;1;9;6;Route de Saint Marcellin;45,5495880000;4,1299470000
202200030742;2;3;2022;21:33;5;38;38468;2;1;1;6;N7;45,3553910000;4,8018520000
202200030743;4;3;2022;21:30;3;64;64230;1;1;1;2;Chemin de Larousse;43,2068300000; -0,4034200000
202200030744;26;2;2022;18:20;1;85;85152;2;1;1;5;RD 21;46,6044500000; -1,6613500000
202200030745;5;3;2022;08:10;1;76;76057;1;6;2;6;Route Départementale 67;49,5268520000;0,9620980000
202200030746;5;3;2022;16:37;1;02;02544;1;1;1;6;D1043;49,9213400000;4,0578710000
202200030747;4;3;2022;21:30;5;59;59584;2;1;1;7;08 rue basse;50,3177400000;3,8344700000
202200030748;5;3;2022;14:50;1;59;59482;1;1;1;1;Route de Linselles;50,7178460000;3,0143150000
202200030749;4;3;2022;14:55;1;13;13106;1;1;1;2;A7-Sens Lyon vers Marseille;43,3941700000;5,3513800000
202200030750;28;2;2022;11:05;1;69;69029;1;1;1;3;Boulevard Laurent Bonnevay;45,7479000000;4,9068000000
202200030751;3;3;2022;15:00;1;33;33096;1;1;1;6;AUTOROUTE A 10;44,8917300000; -0,5014700000
202200030752;4;3;2022;17:30;1;91;91521;1;1;1;2;AUTOROUTE A6;48,6382860000;2,3966780000
202200030753;4;3;2022;08:50;1;77;77251;1;1;8;6;AUTOROUTE A5A;48,6167150000;2,5587000000
202200030754;3;3;2022;18:15;1;92;92048;1;1;1;6;N118;48,8085156424;2,2121007426
202200030755;4;3;2022;18:40;2;60;60494;1;1;1;5;;49,1352599924;2,5644621848
202200030756;4;3;2022;16:30;1;93;93010;1;1;1;3;AUTOROUTE A3;48,9021112959;2,4703828674
202200030757;4;3;2022;07:10;2;95;95256;1;1;1;2;RN 184;49,0569716698;2,2064977884
202200030758;3;3;2022;11:45;1;33;33009;2;1;1;6;LAMARQUE PLAISANCE (CRS) 1 ET +;44,6613200000; -1,1735500000
202200030759;3;3;2022;06:45;5;76;76540;2;2;1;6;Quai Jean Moulin;49,4367500000;1,0875200000
202200030760;3;3;2022;21:40;5;974;97416;2;1;1;3;HUBERT DE LISLE(BOULEVARD); -21,3410300000;55,4620000000
202200030761;2;3;2022;08:30;1;974;97416;2;1;1;6;RN3 (ANCIENNE ROUTE); -21,2894540000;55,5098930000
202200030762;1;3;2022;08:00;1;974;97407;2;1;1;6;VERDUN (BOULEVARD); -20,9390400000;55,2961300000
202200030763;3;3;2022;18:00;1;69;69383;2;2;1;2;Cours Gambetta;45,7527300000;4,8503900000
202200030764;3;3;2022;16:20;2;69;69383;2;2;1;3;Cours Lafayette;45,7635836768;4,8581296206
202200030765;3;3;2022;13:00;1;69;69383;2;2;1;3;Route de Genas;45,7541800000;4,8855800000
202200030766;3;3;2022;08:50;1;69;69383;2;2;1;3;Rue de la Part-Dieu;45,7596700000;4,8490500000
202200030767;3;3;2022;13:05;1;972;97213;1;1;1;4;ROUTE DEPARTEMENTALE 15;14,6466600000; -61,0101600000
202200030768;3;3;2022;15:37;1;971;97101;1;1;1;3;PERRIN (SECTEUR);16,2889700000; -61,5114100000
202200030769;2;3;2022;19:00;5;971;97101;1;1;1;6;BAIMBRIDGE;16,2505200000; -61,5224700000
202200030770;2;3;2022;14:00;1;971;97107;2;1;1;2;MURAT ANDY (RUE);16,0447858030; -61,5625199676
202200030771;3;3;2022;23:15;5;2A;2A004;2;3;1;3;NAPOLEON COURS AVANT BEVERINI;41,9207108597;8,7370766601
202200030772;3;3;2022;17:55;1;91;91687;2;1;1;6;JEAN MOULIN (AVENUE);48,6593100000;2,3676400000
202200030773;2;3;2022;21:52;5;87;87085;2;1;2;2;REVOLUTION (AVENUE DE LA);45,8246100000;1,2591900000
202200030774;3;3;2022;08:20;1;83;83137;2;1;8;3;D'ORVES (AVE ESTIENNE);43,1265300000;5,9117600000
202200030775;2;3;2022;15:00;1;83;83137;2;1;1;2;WEYGAND (AVE GENERAL);43,1214200000;5,9530700000
202200030776;3;3;2022;13:40;1;79;79191;2;1;1;7;Boulevard Willy Brandt;46,3256900000; -0,4973700000
202200030777;3;3;2022;14:20;1;78;78133;2;2;1;3;VIEUX CHEMIN DE MANTES;48,9100200000;2,0388600000
202200030778;26;2;2022;14:00;1;77;77400;1;2;1;3;D15;48,7986416749;3,0236381896
202200030779;2;3;2022;15:47;1;76;76565;1;6;1;4;RD 915;49,8734200000;1,0997200000
202200030780;2;3;2022;15:55;1;73;73011;2;3;1;1;D990 - Avenue général de gaulle;45,6697640000;6,3770860000
202200030781;2;3;2022;18:00;1;66;66136;2;1;1;6;JUIN (AVENUE DU MARECHAL);42,6883200000;2,8970900000
202200030782;1;3;2022;19:05;2;66;66136;1;1;1;4;;42,7012200000;2,8859400000
202200030783;2;3;2022;13:00;1;65;65286;2;1;2;6;MARQUI (AVENUE ALEXANDRE);43,1018700000; -0,0440000000
202200030784;3;3;2022;13:15;1;64;64132;2;1;1;2;GEORGES CLEMENCEAU;43,2896178168; -0,3551352024
202200030785;26;2;2022;17:30;1;64;64122;2;1;1;3;Avenue de l’Impératrice;43,4861500000; -1,5553100000
202200030786;2;3;2022;15:10;1;64;64102;2;1;1;7;Avenue Maréchal Soult;43,4856700000; -1,4911900000
202200030787;3;3;2022;08:25;1;63;63113;2;2;1;3;RAYNAUD (RUE FERNAND);45,7706100000;3,1010100000
202200030788;2;3;2022;12:32;1;63;63113;2;1;1;5;ORADOU (RUE DE L');45,7693500000;3,1137300000
202200030789;2;3;2022;12:15;1;63;63113;2;1;1;6;CLEMENTEL (BD ETIENNE);45,7986104755;3,1139395241
202200030790;1;3;2022;17:05;1;62;62771;2;8;1;1;LAMENDIN (R ARTHUR);50,4216620000;2,8556350000
202200030791;27;2;2022;17:30;1;62;62035;1;1;1;2;NATIONALE 43 ( ROUTE);50,5343710000;2,6035750000
202200030792;3;3;2022;08:25;1;59;59599;2;1;1;6;GUERRE (RUE FIN DE LA);50,7286943647;3,1463752985
202200030793;3;3;2022;15:00;1;59;59512;2;8;1;6;LECLERC (BOULEVARD DU GENERAL);50,6891100000;3,1776800000
202200030794;3;3;2022;18:25;1;59;59350;2;1;1;3;ESPLANADE FACADE;50,6456800000;3,0502700000
202200030795;2;3;2022;11:51;1;56;56098;2;1;1;6;DE GAULLE ( AV. GENERAL );47,7626100000; -3,3317000000
202200030796;2;3;2022;15:49;1;54;54371;2;1;1;7;MOULIN (RUE DU);49,2015100000;5,9388200000
202200030797;2;3;2022;18:40;1;49;49328;2;6;1;3;RENAULT (BOULEVARD LOUIS);47,2537400000; -0,0857400000
202200030798;3;3;2022;07:49;1;49;49007;2;1;1;7;NOTRE DAME DU LAC AVENUE;47,4796000000; -0,5896300000
202200030799;3;3;2022;15:13;1;47;47323;1;3;1;3;R.D.911(ROUTE DE SAINTSYLVESTRE);44,4077926288;0,7474523182
202200030800;3;3;2022;09:30;1;44;44109;2;1;1;6;23bis Rue Petite Biesse;47,2037940000; -1,5476130000
202200030801;27;2;2022;18:20;2;42;42095;2;1;1;3;Rue de la République;45,3929829081;4,2930675745
202200030802;3;3;2022;17:00;1;37;37122;2;6;1;3;PATALISSE (RUE DE LA);47,3521301581;0,6866072863
202200030803;3;3;2022;23:05;3;35;35238;1;1;2;2;N136;48,1366282540; -1,7035192251
202200030804;3;3;2022;17:50;2;35;35238;2;6;2;6;Avenue Gros Malhon;48,1333300000; -1,6852700000
202200030805;3;3;2022;18:50;5;33;33039;2;1;1;6;Rue Ferdinand Buisson;44,7987250000; -0,5574960000
202200030806;1;3;2022;13:45;1;33;33063;2;3;1;2;Quai Deschamps;44,8345228236; -0,5519696211
202200030807;3;3;2022;22:00;5;29;29019;2;3;1;3;Rue Choiseul;48,4066070000; -4,4792800000
202200030808;3;3;2022;16:50;1;27;27701;1;1;1;4;RD6015;49,2529900000;1,1814500000
202200030809;29;8;2022;18:15;1;75;75112;2;4;1;3;ECHANGEUR BERCY;48,8277870000;2,3936370000
202200030810;27;2;2022;19:45;1;22;22113;2;1;1;4;PLACENN AR GUER (RUE DE);48,7442600000; -3,4527500000
202200030811;29;8;2022;16:10;1;75;75112;2;1;1;4;PORTE DE CHARENTON;48,8308070000;2,4031540000
202200030812;3;3;2022;20:10;5;15;15014;2;6;1;3;VIALENC (CARREFOUR DU);44,9223230000;2,4278920000
202200030813;29;8;2022;14:20;1;75;75120;2;1;1;2;PORTE DE VINCENNES;48,8500990000;2,4151060000
202200030814;2;3;2022;18:15;2;14;14304;1;2;1;3;D579;49,3823220000;0,2447530000
202200030815;28;8;2022;15:15;1;75;75112;2;4;1;6;ECHANGEUR BERCY;48,8278921895;2,3945420980
202200030816;3;3;2022;18:00;1;13;13210;2;1;1;3;CAPELETTE (AVENUE DE LA);43,2792300000;5,4139100000
202200030817;28;8;2022;18:30;1;75;75116;2;1;1;3;CHEMIN DE CEINTURE DU LAC INFERIEUR;48,8677800000;2,2623880000
202200030818;3;3;2022;08:45;1;13;13005;2;6;1;3;BOYER (AVENUE ANTIDE);43,2942952400;5,5584177262
202200030819;28;8;2022;10:20;1;75;75114;2;2;1;3;BOULEVARD SAINT JACQUES;48,8316940000;2,3408890000
202200030820;28;8;2022;10:00;1;75;75112;2;1;1;4;RUE JOSEPH KESSEL;48,8340920000;2,3831570000
202200030821;29;8;2022;13:40;1;75;75110;2;2;1;3;BOULEVARD DE MAGENTA;48,8748200000;2,3573990000
202200030822;2;3;2022;20:50;5;11;11069;2;3;2;7;MICHELET JULES;43,2219600000;2,3415700000
202200030823;29;8;2022;15:00;1;94;94081;2;2;1;1;Rue Gabriel Péri;48,7929400000;2,4012200000
202200030824;3;3;2022;13:17;1;10;10387;2;1;1;6;ANATOLE FRANCE (RUE);48,2852500000;4,0740500000
202200030825;25;8;2022;21:50;5;94;94081;2;3;1;1;CHOISY (R DE);48,7811200000;2,4030700000
202200030826;29;8;2022;16:40;1;94;94046;2;9;1;6;JEAN JAURES (R);48,7996400000;2,4324770000
202200030827;2;3;2022;12:15;1;10;10387;2;3;8;3;JACQUIN (RUE);48,3043000000;4,0825700000
202200030828;29;8;2022;18:06;1;94;94043;2;3;1;6;VERDUN (R DE);48,8089300000;2,3582000000
202200030829;3;3;2022;12:10;1;06;06088;2;1;1;6;CARABACEL (BD);43,7034400000;7,2763200000
202200030830;28;8;2022;23:31;3;94;94022;1;1;1;2;LUGO (AV DE);48,7734300000;2,4085400000
202200030831;28;8;2022;22:30;5;93;93059;2;2;1;6;Boulevard Jean Mermoz / Rue Albert Francon;48,9684574524;2,3651790333
202200030832;3;3;2022;10:10;1;06;06088;2;2;1;3;BOTTERO (RUE);43,6966500000;7,2550700000
202200030833;29;8;2022;17:00;1;93;93064;2;1;1;3;Boulevard Gabriel Péri;48,8790187170;2,4719096077
202200030834;3;3;2022;15:00;1;06;06069;2;3;2;1;SEMARD (AVENUE PIERRE);43,6561250000;6,9289220000
202200030835;29;8;2022;00:03;5;93;93064;2;2;1;3;Avenue Jean Jaurès / Avenue Faidherbe;48,8610400000;2,4898100000
202200030836;3;3;2022;18:15;2;06;06027;2;1;1;3;PROMENADE DE L HIPPODROME;43,6477400000;7,1487500000
202200030837;29;8;2022;20:36;1;93;93053;2;3;1;3;Allee d’Anjou / Allee du Berry;48,8823300000;2,4583400000
202200030838;29;8;2022;09:45;1;93;93048;2;1;1;3;Avenue Pasteur;48,8637700000;2,4398600000
202200030839;2;3;2022;17:15;1;04;04112;1;3;1;4;RD 4096 / Point P;43,8093600000;5,7816400000
202200030840;27;8;2022;23:40;5;93;93027;2;3;1;3;Rue Corneille / Avenue Jean Jaurès;48,9243300000;2,4016300000
202200030841;3;3;2022;02:20;5;75;75119;2;1;1;6;BD PERIPHERIQUE EXTERIEUR;48,8988990000;2,3934800000
202200030842;28;8;2022;22:20;5;93;93057;2;1;1;4;Avenue Jean Jaurès;48,9062800000;2,4995300000
202200030843;1;3;2022;12:30;1;75;75113;2;4;1;2;BD PERIPHERIQUE INTERIEUR;48,8173330086;2,3660919070
202200030844;29;8;2022;20:02;1;93;93005;2;3;1;6;Avenue Dumont / Rue Isidore Nérat;48,9303300000;2,4952500000
202200030845;3;3;2022;19:20;5;75;75105;2;7;1;6;PLACE VALHUBERT;48,8442930000;2,3648860000
202200030846;29;8;2022;17:30;1;93;93001;2;1;1;1;Rue Charles Tillon;48,9176578444;2,3930821362
202200030847;29;8;2022;19:00;1;92;92026;2;1;1;1;BOULEVARD CIRCULAIRE;48,8877623278;2,2519628405
202200030848;3;3;2022;08:55;1;75;75120;2;5;8;2;BOULEVARD MORTIER;48,8769680000;2,4065820000
202200030849;29;8;2022;20:15;2;50;50066;1;2;7;3;carrefour des cinq chemins - saint michel des loups;48,7467664550; -1,4999770000
202200030850;3;3;2022;00:02;5;75;75119;2;2;1;3;AVENUE JEAN JAURES;48,8887780000;2,3930750000
202200030851;24;7;2022;17:30;1;41;41067;2;1;1;1;Rue Félix Faure;47,5081720000;1,4510860000
202200030852;3;3;2022;10:25;1;75;75116;2;2;1;3;AVENUE RAYMOND POINCARE;48,8650720000;2,2865190000
202200030853;30;8;2022;12:50;1;81;81096;1;1;1;6;D999;43,8949930000;2,3770590000
202200030854;30;8;2022;00:50;4;76;76404;1;6;1;6;D925;49,5781390000;0,2402560000
202200030855;3;3;2022;21:20;5;75;75115;2;2;1;3;RUE LINOIS;48,8476860000;2,2841400000
202200030856;3;3;2022;06:05;5;75;75115;2;1;1;7;QUAI ANDRE CITROEN;48,8394360000;2,2699310000
202200030857;29;8;2022;17:15;1;37;37250;1;1;1;4;Autoroute A10;47,2114860000;0,6560040000
202200030858;3;3;2022;19:55;5;75;75112;2;4;1;6;BOULEVARD DE BERCY;48,8402500000;2,3806370000
202200030859;3;3;2022;15:40;1;75;75111;2;1;8;6;RUE DU CHEMIN VERT;48,8600290000;2,3777550000
202200030860;29;8;2022;11:15;1;34;34270;1;3;1;3;Route de Sete;43,5647830000;3,8502040000
202200030861;29;8;2022;23:40;5;34;34088;2;1;3;1;D5;43,5606920000;3,7290340000
202200030862;3;3;2022;13:00;1;75;75108;2;4;1;2;AVENUE GEORGE V;48,8667270000;2,3012980000
202200030863;29;8;2022;21:25;3;35;35193;1;1;1;6;D82;48,2353841032; -1,7078965902
202200030864;29;8;2022;12:00;1;51;51616;2;3;1;3;Route de Chalons;48,8720160000;4,4601970000
202200030865;2;3;2022;20:45;5;94;94068;2;2;1;6;Avenue de Sébastopol;48,7922500000;2,5062400000
202200030866;29;8;2022;10:45;1;56;56113;1;2;1;3;Saint Gilles;48,0701250000; -3,1970050000
202200030867;2;3;2022;16:05;1;94;94046;2;2;1;3;REPUBLIQUE (AV DE LA);48,8058100000;2,4409700000
202200030868;29;8;2022;10:00;1;56;56075;1;1;1;1;D773;47,8657820000; -2,1179580000
202200030869;3;3;2022;15:45;1;94;94073;2;1;1;6;172 Avenue de Versailles;48,7576300000;2,3903600000
202200030870;29;8;2022;07:30;2;56;56166;2;6;1;3;62 Rue Paul Ihuel;47,9111540000; -3,3361370000
202200030871;3;3;2022;16:43;1;94;94011;2;1;1;6;Avenue Jean Rostand;48,7675900000;2,4862900000
202200030872;3;3;2022;14:45;1;94;94028;2;6;1;2;Route de la Pompadour / Route de Choisy;48,7741500000;2,4396000000
202200030873;13;7;2022;19:50;1;56;56251;1;2;1;3;D116;47,6523730000; -2,6312360000
202200030874;30;8;2022;17:20;1;59;59307;1;1;1;1;D3b;50,8429246065;2,2029224038
202200030875;3;3;2022;11:00;1;94;94011;2;6;1;3;Rue Pierre Sémard / Avenue Jean Monnet;48,7626500000;2,4787800000
202200030876;30;8;2022;09:45;1;76;76406;2;2;1;3;D 11;49,6989560000;0,3478400000
202200030877;3;3;2022;08:45;1;94;94011;2;1;1;2;Rue du Fort à Faire;48,7762258496;2,4730845541
202200030878;28;8;2022;16:45;1;79;79007;1;1;1;1;;46,5901680000; -0,3545450000
202200030879;27;2;2022;16:40;1;94;94059;2;1;1;6;Avenue du Général de Gaulle;48,8102200000;2,5733400000
202200030880;29;8;2022;22:50;5;2A;2A362;1;1;1;1;route de Pinarello;41,6924950000;9,3576480000
202200030881;3;3;2022;20:30;5;93;93048;2;3;1;6;Boulevard Chanzy / Place du Marché;48,8583400000;2,4335400000
202200030882;20;8;2022;08:45;1;2B;2B342;1;3;1;2;RT 10;41,9391590000;9,4047690000
202200030883;3;3;2022;10:00;1;93;93046;2;1;1;2;ARISTIDE BRIAND AVENUE;48,9152100000;2,5285100000
202200030884;3;3;2022;16:30;1;93;93008;2;9;1;7;Avenue Henri Barbusse;48,9081580000;2,4267790000
202200030885;28;8;2022;14:59;1;61;61091;1;1;1;6;D21;48,6238320000; -0,5733490000
202200030886;29;8;2022;09:15;1;55;55012;1;1;1;7;D12;48,8393790000;5,6049640000
202200030887;3;3;2022;19:10;5;93;93001;2;3;1;3;JEAN JAURES  (AVE)  157 A 213;48,9166200000;2,4061300000
202200030888;30;8;2022;16:10;1;46;46090;1;1;1;6;D 802 - PK017+400;44,6709720000;1,7856000000
202200030889;29;8;2022;15:45;1;41;41235;1;1;1;7;la boudairie;47,9441010000;0,9115760000
202200030890;3;3;2022;06:30;5;92;92073;2;9;1;1;JAURES (AVENUE JEAN);48,8643729402;2,2079417556
202200030891;30;8;2022;00:45;3;25;25558;1;1;1;6;La Baraque des Violons;47,1802040000;6,1108880000
202200030892;3;3;2022;16:31;1;92;92063;2;1;1;6;SAINT-SAENS (RUE CAMILLE);48,8864594148;2,1823506653
202200030893;29;8;2022;17:20;1;29;29075;2;1;1;1;rue Germaine Tillion;48,4055253360; -4,4232124686
202200030894;2;3;2022;19:25;5;92;92036;2;2;1;3;GRESILLONS (QUAI DES);48,9210600000;2,3253300000
202200030895;27;8;2022;12:15;1;38;38198;2;3;1;3;Rue des Terreaux;45,3343560000;4,9466800000
202200030896;3;3;2022;20:20;5;92;92007;2;1;1;7;RAVERA (AVENUE HENRI) N° 111 A 217 ET 10;48,8004286566;2,3087240159
202200030897;3;3;2022;16:15;1;92;92007;2;1;1;6;SARRAZINE (RUE DE LA);48,7893153267;2,3117889762
202200030898;29;8;2022;16:55;1;70;70248;2;3;1;3;9 Rue des Creuses;47,6608280000;6,7474670000
202200030899;3;3;2022;09:35;1;92;92004;2;1;1;1;PARFUMERIE ( RUE DE LA );48,9132600000;2,2993100000
202200030900;23;8;2022;12:15;1;66;66024;2;2;1;3;;42,5249370000;2,8313400000
202200030901;29;8;2022;16:50;1;14;14086;1;4;1;3;D677;49,3339330000;0,1127450000
202200030902;3;3;2022;13:50;1;12;12300;2;6;1;3;Chemin de Girou;44,3529560000;2,0184510000
202200030903;30;8;2022;12:05;1;50;50388;1;3;1;3;Pont de la Roque;49,0198660000; -1,5049450000
202200030904;3;3;2022;15:35;1;40;40065;2;2;2;3;40 Rue du Lac;43,6522570000; -1,4412570000
202200030905;30;8;2022;13:00;1;64;64506;1;1;1;3;route du Col d'Ichère;43,0390580000; -0,6097630000
202200030906;4;3;2022;03:30;5;06;06161;1;6;1;7;D241;43,6355550000;7,1289320000
202200030907;3;3;2022;21:20;5;62;62520;2;1;1;6;285 Rue du 8 Mai;50,5680170000;2,6651440000
202200030908;30;8;2022;17:05;1;64;64010;1;1;1;1;Route d' Ayerguy;43,3767930000; -1,0133060000
202200030909;30;8;2022;08:28;1;07;07349;2;1;1;6;;44,8005110000;4,7814240000
202200030910;2;3;2022;18:40;3;84;84038;2;3;1;3;Chemin de la Réale;43,8032250000;5,0697930000
202200030911;30;8;2022;13:30;1;40;40044;1;1;1;2;D817;43,5541020000; -1,3027700000
202200030912;30;8;2022;10:45;1;04;04121;1;1;1;7;D17;44,0301920000;6,1727930000
202200030913;3;3;2022;11:04;1;60;60027;1;2;1;3;D1324/D98;49,2307140000;2,8105470000
202200030914;30;8;2022;10:10;1;85;85234;1;1;1;7;Chemin de la belle étoile;46,7788740000; -2,0160880000
202200030915;3;3;2022;17:50;1;62;62060;2;3;1;2;Place de l'Hôtel-de-Ville;50,2315350293;2,1167202294
202200030916;28;8;2022;10:45;1;88;88327;2;3;1;1;68bis Rue d'Alsace;48,3047590000;6,3878960000
202200030917;3;3;2022;15:20;1;57;57490;1;1;1;6;D914;48,7606730000;6,5477440000