Num_Acc;jour;mois;an;hrmn;lum;dep;com;agg;int;atm;col;adr;lat;long
202200030918;29;8;2022;08:00;1;33;33174;1;1;1;2;A89;44,9373860000; -0,2593330000
202200030919;4;3;2022;05:30;3;51;51146;1;1;1;1;D5;48,8881980000;4,2229560000
202200030920;30;8;2022;02:28;3;62;62480;1;1;1;6;A26 sens REIMS / CALAIS;50,4850180000;2,6906950000
202200030921;29;8;2022;07:30;2;06;06150;1;1;1;6;A8 PK 208+500;43,7458530000;7,3823110000
202200030922;3;3;2022;12:15;1;63;63276;2;2;1;6;Route de Courpiere/ RD2089;45,8384251631;3,4989443421
202200030923;28;8;2022;04:30;3;33;33130;1;1;1;6;Autoroute A65 - sens Pau vers Langon - point kilométrique 004.600;44,4901150000; -0,1989770000
202200030924;2;3;2022;08:50;1;42;42141;1;2;1;6;Route de Charlieu;46,1510300000;4,2435340000
202200030925;30;8;2022;16:10;1;74;74197;1;1;1;2;A40;46,1527610000;6,2954720000
202200030926;3;3;2022;12:50;1;46;46001;2;1;1;6;D8;44,4676320000;1,2411750000
202200030927;3;3;2022;07:15;3;44;44007;1;1;2;6;9 La Ville En Pierre;47,6362380000; -1,9590900000
202200030928;29;8;2022;22:00;3;13;13103;1;1;1;2;A54 PK 64+500  sens salon-arles;43,6382304811;5,0273007316
202200030929;3;3;2022;17:25;1;29;29075;2;5;1;1;D712 - Boulevard Michel Briant;48,4209290000; -4,4250250000
202200030930;26;8;2022;15:20;1;987;98747;1;1;1;1;RT4 PK 05+800 TOAHOTU; -17,8140710000; -149,2879560000
202200030931;3;3;2022;17:30;1;02;02067;2;7;1;6;5 Rue du Général-de-Gaulle;50,0343470000;3,7037900000
202200030932;28;8;2022;02:00;5;988;98815;2;3;8;7;La Roche (Tribu); -21,4740970000;168,0333840000
202200030933;4;3;2022;10:45;1;01;01227;1;3;1;6;D107a;45,7627030000;5,7271060000
202200030934;28;8;2022;01:05;4;971;97121;1;1;2;6;les plaines, Nationale 2;16,2070480000; -61,7800070000
202200030935;25;8;2022;19:15;1;91;91494;1;6;1;3;D19;48,6153490000;2,3512030000
202200030936;4;3;2022;15:23;1;01;01305;2;1;1;6;Rue Mal de Lattre de Tassigny;46,4325610000;4,9376090000
202200030937;30;8;2022;15:00;1;30;30169;1;3;1;3;;43,7497580199;4,3423313498
202200030938;30;8;2022;06:00;3;13;13084;1;1;1;6;D561;43,7207490000;5,2894020000
202200030939;4;3;2022;19:20;3;05;05040;1;1;1;3;D9;44,5488580000;6,3013030000
202200030940;29;8;2022;21:15;3;13;13049;1;1;1;2;D538;43,7151900000;5,0901000000
202200030941;23;2;2022;13:35;1;37;37208;2;3;1;6;Rue de la Sagerie;47,3501907459;0,7049757242
202200030942;29;8;2022;14:45;1;71;71360;2;2;1;2;D17;46,3300760000;4,7491570000
202200030943;29;8;2022;15:35;1;68;68292;1;1;1;1;Route départementale 1066;47,8733750000;7,0275590000
202200030944;28;8;2022;04:52;3;68;68180;1;1;1;6;D36;47,7967820000;7,0853130000
202200030945;30;8;2022;07:50;2;68;68379;1;1;1;1;D415;48,0351100000;7,4887280000
202200030946;3;3;2022;16:40;1;74;74010;2;1;1;3;Avenue Henri Zanaroli;45,8914460000;6,1141010000
202200030947;25;8;2022;17:45;1;67;67067;2;6;1;2;Avenue de Strasbourg;48,7095200000;7,7088560000
202200030948;30;8;2022;11:00;1;88;88531;2;6;1;6;Impasse de la Vologne;48,0826020000;6,9278240000
202200030949;28;8;2022;04:30;3;74;74311;1;1;1;6;Route des Trables;46,1832301319;6,4243161677
202200030950;29;8;2022;13:40;1;74;74063;1;1;1;7;Route de vonnes;46,2568850000;6,8447830000
202200030951;4;3;2022;15:41;1;38;38565;1;1;1;6;A48 - 083+500;45,2948150000;5,6204510000
202200030952;28;8;2022;18:00;1;73;73075;1;1;1;6;D202 - Rue amélie gex;45,4458769905;6,0779444575
202200030953;30;8;2022;17:10;1;42;42180;2;2;2;7;Rue des Raffards;45,5860810000;4,1507180000
202200030954;4;3;2022;05:10;3;971;97118;1;1;1;3;CD23;16,2176000000; -61,6053200000
202200030955;30;8;2022;10:50;1;26;26129;1;2;1;3;route départementale 532;45,0513970000;5,1781760000
202200030956;30;8;2022;10:10;1;69;69039;1;1;2;1;Route Départementale 385;45,9940550000;4,5026780000
202200030957;4;3;2022;21:45;3;69;69136;1;1;1;1;Route Departementale 386;45,6378122460;4,7561273574
202200030958;1;3;2022;21:15;5;977;97701;2;2;1;3;R DES DINZEY;17,8953540000; -62,8483040000
202200030959;28;8;2022;17:15;1;50;50599;1;3;1;3;D122;49,5954200000; -1,6019710000
202200030960;29;8;2022;13:15;1;50;50025;2;6;1;2;Place Patton;48,6816680000; -1,3553470000
202200030961;4;3;2022;14:00;1;83;83107;1;1;1;3;La Garonne;43,4409700000;6,6540240000
202200030962;30;8;2022;01:50;4;27;27123;1;1;1;6;Route Nationale 13;49,0120800000;1,3078290000
202200030963;30;8;2022;10:40;1;59;59139;2;6;1;3;Rue de Saint-quentin giratoire rue de la gare;50,1121230000;3,4078540000
202200030964;30;8;2022;11:30;1;59;59168;1;1;1;5;D90;50,5816231968;3,2217366993
202200030965;3;3;2022;17:41;1;89;89257;2;2;1;1;Rue Marcellin Berthelot;47,9640897184;3,5128033161
202200030966;29;8;2022;06:20;3;94;94021;1;1;1;4;AUTOROUTE A6A;48,7667355672;2,3438153999
202200030967;29;8;2022;13:00;1;92;92019;1;1;1;2;RN385;48,7764016783;2,2356829485
202200030968;4;3;2022;11:30;1;54;54459;2;6;1;7;rue de nancy;48,5995794014;6,1700356001
202200030969;29;8;2022;03:40;3;93;93051;1;1;1;2;A4;48,8355581581;2,5652770910
202200030970;4;3;2022;09:00;1;73;73211;1;4;1;1;D925;45,7071564324;6,4342333565
202200030971;28;8;2022;21:25;3;974;97416;1;1;1;5;RN3 (1); -21,3111000000;55,4963900000
202200030972;3;3;2022;19:45;3;73;73329;1;1;1;2;D1201;45,6327210000;5,8919330000
202200030973;29;8;2022;02:05;5;69;69386;2;3;1;6;Rue Duquesne;45,7723500000;4,8412500000
202200030974;28;8;2022;17:00;1;69;69389;2;9;1;3;Rue Mouillard;45,7848500000;4,8058800000
202200030975;27;8;2022;10:20;1;91;91689;1;6;1;7;RD 118;48,7147900000;2,3310500000
202200030976;3;3;2022;16:00;1;38;38071;2;2;1;3;Avenue du Pavillon;45,0801880000;5,7349010000
202200030977;28;8;2022;22:55;5;76;76231;2;1;1;6;Rue du Général de Gaulle;49,2865400000;1,0096500000
202200030978;28;8;2022;20:10;2;69;69266;2;1;1;3;Rue Damon;45,7661500000;4,8707000000
202200030979;28;8;2022;16:40;1;69;69286;2;2;1;3;Avenue de l'Europe;45,8125800000;4,8910700000
202200030980;3;3;2022;08:50;1;65;65059;1;1;1;5;Haut de la cote;43,0805570000;0,1641400000
202200030981;28;8;2022;17:05;1;64;64445;2;2;1;3;avenue de la Résistance;43,3024900000; -0,3755100000
202200030982;28;8;2022;01:57;5;64;64122;2;1;1;6;Avenue de Lahontine;43,4789200000; -1,5462000000
202200030983;28;8;2022;18:05;1;59;59512;2;3;1;6;HOMMELET (RUE DE L');50,6975783869;3,1820024550
202200030984;28;8;2022;16:30;1;59;59560;2;1;1;2;EPINETTE RUE DE L;50,5549300000;3,0586000000
202200030985;2;3;2022;14:45;1;86;86294;2;1;1;1;N149;46,6468710000;0,1682010000
202200030986;28;8;2022;22:00;3;51;51506;2;6;1;3;Avenue du Président Roosevelt;48,9445012161;4,3867903948
202200030987;28;8;2022;04:45;5;37;37214;2;1;1;6;MAISONS BLANCHES (QUAI DES);47,3952644401;0,6554782391
202200030988;28;8;2022;15:05;1;37;37261;2;3;1;6;BERT (QUAI PAUL);47,4026120091;0,7112789154
202200030989;28;8;2022;19:00;1;33;33009;2;4;1;2;COTE D'ARGENT (BD) DU 48 AU 162;44,6528800000; -1,1868700000
202200030990;4;3;2022;14:50;1;61;61076;1;2;1;3;intersection D908 D26;48,5795160000;0,0269480000
202200030991;28;8;2022;14:00;1;30;30007;2;3;1;3;FAUBOURG DU SOLEIL (RUE DU);44,1176400000;4,0806700000
202200030992;28;8;2022;21:30;5;29;29039;1;9;1;6;Rue de Stang Ar Lin;47,8825428529; -3,9090160131
202200030993;3;3;2022;20:30;3;27;27099;1;1;1;6;D155;49,0790600000;1,1796360000
202200030994;28;8;2022;07:30;2;29;29019;2;1;1;6;boulevard Montaigne;48,4043404547; -4,4793156981
202200030995;12;8;2022;14:35;1;15;15014;2;6;1;3;LESCUDILLIERS (BOULEVARD DE);44,9156800000;2,4295100000
202200030996;27;8;2022;15:15;1;13;13210;2;1;1;3;CAPELETTE (AVENUE DE LA);43,2821400000;5,4041000000
202200030997;27;8;2022;14:50;1;13;13001;2;1;1;1;GALICE (RTE DE);43,5303300000;5,4114000000
202200030998;2;3;2022;08:20;1;13;13071;1;1;1;4;A7-Sens Marseille vers Lyon;43,4040000000;5,3419000000
202200030999;28;8;2022;19:40;2;11;11069;2;1;7;3;270 Avenue du Général Leclerc;43,2072400000;2,3802000000
202200031000;27;8;2022;06:30;5;05;05061;2;1;1;6;Avenue Guillaume Farel;44,5597700000;6,0752100000
202200031001;25;8;2022;23:50;5;04;04070;2;1;1;7;chaffaut ( route du );44,0681700000;6,1962300000
202200031002;28;8;2022;08:20;1;75;75118;2;1;1;3;RUE DES POISSONNIERS;48,8957560000;2,3529440000
202200031003;2;3;2022;07:15;1;13;13071;1;1;1;4;A7-Sens Marseille vers Lyon;43,4096500000;5,2857500000
202200031004;28;8;2022;18:40;1;75;75117;2;3;1;6;AVENUE DE CLICHY;48,8893630000;2,3223180000
202200031005;2;3;2022;22:10;3;69;69276;1;1;1;2;Autoroute 7;45,6639414222;4,8432326316
202200031006;28;8;2022;07:25;2;75;75115;2;3;1;7;BOULEVARD LEFEBVRE;48,8311910000;2,2918650000
202200031007;25;2;2022;22:00;3;69;69296;1;1;1;3;Autoroute 7;45,6473700000;4,8327900000
202200031008;28;8;2022;20:05;2;75;75114;2;1;1;2;AVENUE DE LA PORTE DE CHATILLON;48,8229180000;2,3153320000
202200031009;28;8;2022;14:50;1;75;75112;2;2;1;6;AVENUE DAUMESNIL;48,8466290000;2,3767100000
202200031010;3;3;2022;13:50;1;33;33065;1;1;1;2;ROUTE NATIONALE 230;44,8113400000; -0,5229700000
202200031011;28;8;2022;11:45;1;75;75112;2;3;1;3;COURS DES MARECHAUX;48,8406250000;2,4387330000
202200031012;28;8;2022;20:30;2;75;75109;2;7;1;3;PLACE PIGALLE;48,8823280000;2,3370360000
202200031013;28;8;2022;18:10;1;75;75101;2;3;1;7;BOULEVARD DE LA MADELEINE;48,8696570000;2,3264580000
202200031014;3;3;2022;15:32;1;91;91477;1;1;1;4;RD 444;48,7258660000;2,2447960000
202200031015;28;8;2022;19:20;1;94;94046;2;1;1;4;Avenue de la République;48,8101200000;2,4561200000
202200031016;3;3;2022;10:00;1;91;91136;1;1;1;5;RN20;48,7058900000;2,2879600000
202200031017;28;8;2022;11:30;1;94;94041;2;1;1;7;Avenue Maurice Thorez;48,8147200000;2,3787700000
202200031018;28;8;2022;05:00;5;93;93078;2;1;1;6;Avenue Georges Clémenceau;48,9571365761;2,5594610479
202200031019;28;8;2022;13:25;1;92;92078;2;1;1;1;HAUT DE LA NOUE (RUE);48,9326896168;2,3266993761
202200031020;2;3;2022;19:40;3;94;94038;1;1;1;3;AUTOROUTE A6A;48,7733700000;2,3454100000
202200031021;28;7;2022;08:30;1;974;97415;2;1;1;3;Rue Joseph Hubert; -21,0528800000;55,2672390000
202200031022;1;3;2022;17:00;1;78;78640;1;1;1;5;A86 EXT;48,7774040000;2,2219980000
202200031023;28;8;2022;21:18;3;95;95445;1;1;1;2;A16;49,0993744392;2,2853145003
202200031024;28;8;2022;16:00;1;14;14404;1;1;1;7;D6;48,9612010000; -0,3519920000
202200031025;3;3;2022;19:30;3;60;60494;1;1;1;6;;49,1277610000;2,5581550000
202200031026;28;8;2022;21:30;3;38;38157;1;1;1;1;1648 Avenue Porte des Alpes;45,5094680000;4,9696410000
202200031027;29;8;2022;01:30;3;02;02340;1;1;1;6;;49,8172610000;3,2769510000
202200031028;29;8;2022;19:20;1;95;95487;2;6;8;7;RD 4;49,1534585123;2,2580927610
202200031029;3;3;2022;18:00;1;93;93064;1;1;1;5;AUTOROUTE A86;48,8701776556;2,4825844140
202200031030;27;8;2022;17:50;1;17;17098;1;1;1;7;D145;45,5065270000; -0,8415270000
202200031031;28;8;2022;15:03;1;28;28091;1;1;7;6;départementale 30 2;48,3432220000;1,1958580000
202200031032;3;3;2022;13:15;1;93;93053;1;1;1;7;AUTOROUTE A3;48,8882300000;2,4738500000
202200031033;26;8;2022;11:35;1;28;28142;2;1;1;6;25 Rue Marcel Proust;48,2954330000;1,3516770000
202200031034;28;8;2022;10:05;1;972;97210;2;1;1;3;Quartier Dostaly;14,6016860000; -60,8758930000
202200031035;29;8;2022;10:35;1;35;35085;2;6;7;3;1 Avenue de la Liberation;48,4119620000; -1,7461020000
202200031036;27;8;2022;18:15;1;11;11067;2;3;1;3;Traverse de Villedaigne;43,2275220000;2,8470150000
202200031037;28;8;2022;04:45;3;34;34239;1;1;1;6;A750, PK 31+114, sens ST FELIX DE LODEZ/ MONTPELLIER;43,6523550000;3,5305760000
202200031038;27;8;2022;18:55;1;21;21373;1;1;1;1;D33;47,3024720000;4,8048820000
202200031039;28;8;2022;19:10;1;19;19269;1;9;1;3;Avenue Edmond Michelet;45,5364040000;1,8006900000
202200031040;28;8;2022;10:30;1;56;56175;1;4;1;2;D17;47,7231950000; -2,9131900000
202200031041;24;8;2022;10:45;1;74;74065;2;3;1;6;Route de st julien en genevois- D992;46,0306280000;5,9647460000
202200031042;29;8;2022;18:05;1;76;76312;2;1;1;6;Boulevard Montmorency;49,4814600000;1,7214740000
202200031043;28;8;2022;19:35;1;82;82081;2;1;1;6;D14;43,9544100000;1,1025970000
202200031044;28;8;2022;10:24;1;71;71264;1;1;1;1;route du pont de cote;46,4671870000;4,6701120000
202200031045;28;8;2022;20:00;1;61;61476;1;2;1;3;La Mare Jaune;48,3502000000;0,4105580000
202200031046;28;8;2022;07:00;1;12;12154;1;1;1;1;Cantapoule;43,8801240000;2,8057730000
202200031047;28;8;2022;10:35;1;42;42249;1;1;1;3;1960 Route de Neronde;45,8743130000;4,2345320000
202200031048;29;8;2022;17:15;1;25;25512;2;9;1;3;Av du Mal de Lattre de Tassigny;47,1632980000;6,7287740000
202200031049;28;8;2022;01:48;3;35;35264;1;1;1;6;;48,0876320000; -1,3561640000
202200031050;28;8;2022;20:55;5;29;29173;2;6;1;3;77 Rue Laennec;48,0187360000; -4,2134710000
202200031051;28;8;2022;16:00;1;03;03227;1;1;1;7;D6;46,2288670000;3,3387490000
202200031052;26;8;2022;22:10;3;03;03110;1;1;1;7;Route de Banelle;46,1272000000;3,2923000000
202200031053;28;8;2022;08:45;1;58;58295;1;1;7;3;RUE DES LEVÉES (D 247);47,3238690000;2,9336980000
202200031054;23;8;2022;16:00;1;54;54344;1;1;1;7;Piste Cyclable;48,4542357040;6,2921565779
202200031055;29;8;2022;22:28;2;54;54198;1;1;1;6;D15;49,2629320000;5,8287140000
202200031056;27;8;2022;14:20;1;72;72176;2;1;1;2;Boulevard Paul Doumer;47,6415187034;0,1602745054
202200031057;28;8;2022;20:00;1;72;72386;1;1;1;7;D314;48,0120900000;0,2785420000
202200031058;23;8;2022;19:45;1;06;06127;1;1;1;7;Route de la Colmiane;44,0883400000;7,2501180000
202200031059;28;8;2022;13:00;1;45;45145;1;1;1;7;D33 PR2+650;48,1037614430;2,8257761986
202200031060;27;8;2022;22:30;1;18;18129;1;1;1;2;;46,9771490000;2,3525330000
202200031061;28;8;2022;15:00;1;37;37250;1;1;1;6;2 Lassy;47,2280275578;0,6763699651
202200031062;29;8;2022;09:10;1;30;30212;2;1;1;6;40bis Avenue Geoffroy Perret;43,9387430000;4,5624470000
202200031063;28;8;2022;20:00;1;30;30218;1;1;1;1;D51, PK2;44,2392500000;4,2754200000
202200031064;28;8;2022;15:45;1;48;48178;1;1;1;3;route nationale 106;44,2822780000;3,8235480000
202200031065;28;8;2022;20:30;2;88;88121;1;1;1;6;Route de Moriville;48,3941970000;6,4538500000
202200031066;26;8;2022;18:35;1;69;69244;2;2;1;6;Avenue du 8 Mai 1945;45,7603980000;4,7701850000
202200031067;27;8;2022;01:45;5;86;86158;1;1;1;2;A10;46,6278760000;0,3508330000
202200031068;5;3;2022;23:40;3;63;63113;1;1;1;2;a711, pk 000.500;45,7768470000;3,1320910000
202200031069;27;8;2022;07:55;1;45;45075;1;1;1;2;A10 PK 99+553;47,8994700000;1,8365620000
202200031070;28;8;2022;15:50;1;988;98808;1;1;1;7;lieu-dit Pentecost; -21,2842400000;165,6661900000
202200031071;28;8;2022;19:10;1;2B;2B034;1;1;1;7;Résidence les Terrasses de Lozari;42,6363540000;9,0212020000
202200031072;28;8;2022;16:20;1;84;84122;1;1;1;6;Route d'Orange;44,0947130000;4,9489650000
202200031073;28;8;2022;23:35;3;83;83037;1;1;1;6;Départemenale 5;43,3651260000;5,9746740000
202200031074;29;8;2022;14:50;1;05;05070;1;1;1;1;D1075;44,3258280000;5,7929710000
202200031075;28;8;2022;15:20;1;13;13081;1;1;1;7;route départementale 20;43,4786620000;5,2308760000
202200031076;28;8;2022;17:30;1;65;65320;2;3;1;3;RD 28 - rue de la gare (carrefour avec rue du professeur Jean Cuille);43,1285940000;0,1144390000
202200031077;24;8;2022;02:30;4;56;56167;2;4;1;7;26 Rue Georges Cadoudal;47,6559711700; -2,9188697040
202200031078;29;8;2022;07:39;2;60;60103;1;2;1;3;D931;49,4124500000;2,2174870000
202200031079;26;8;2022;17:20;1;13;13210;1;1;1;3;A50-Sens Aubagne vers Marseille;43,2826800000;5,3951400000
202200031080;27;8;2022;04:26;3;42;42123;1;1;1;1;A47;45,5141710000;4,5721390000
202200031081;27;8;2022;18:50;1;91;91347;1;1;1;4;RN 104;48,6229400000;2,2876900000
202200031082;28;8;2022;20:09;1;93;93066;1;1;1;2;AUTOROUTE A1;48,9103383362;2,3582601057
202200031083;28;8;2022;18:00;1;93;93064;1;1;1;3;AUTOROUTE A86;48,8845803844;2,4698601413
202200031084;28;8;2022;16:15;1;93;93005;1;1;1;2;AUTOROUTE A104;48,9722710000;2,4954670000
202200031085;28;8;2022;08:30;1;95;95424;1;1;1;2; A15;48,9892140943;2,2006800771
202200031086;28;8;2022;18:00;1;94;94042;1;1;1;2;A4;48,8280800000;2,4735100000
202200031087;12;4;2022;11:51;1;75;75118;2;3;1;3;RUE DE L EVANGILE;48,8944900000;2,3664750000
202200031088;12;4;2022;12:30;1;75;75117;2;2;1;6;RUE LAUGIER;48,8804600000;2,2964600000
202200031089;11;4;2022;21:00;5;75;75116;2;3;1;2;AVENUE FOCH;48,8715990000;2,2793030000
202200031090;12;4;2022;08:45;1;75;75114;2;2;1;6;AVENUE GEORGES LAFENESTRE;48,8260200000;2,3125530000
202200031091;12;4;2022;19:10;1;75;75113;2;2;1;2;BOULEVARD MASSENA;48,8240473935;2,3770245910
202200031092;11;4;2022;15:00;2;75;75113;2;2;1;3;QUAI D AUSTERLITZ;48,8375960000;2,3736390000
202200031093;12;4;2022;09:55;1;75;75111;2;4;1;3;RUE DE LA FONTAINE AU ROI;48,8684750000;2,3697590000
202200031094;12;4;2022;17:20;1;75;75110;2;4;1;6;BOULEVARD DE MAGENTA;48,8794099859;2,3532588780
202200031095;12;4;2022;16:00;1;75;75110;2;4;1;3;BOULEVARD DE MAGENTA;48,8755497394;2,3567222804
202200031096;10;4;2022;04:20;5;75;75103;2;2;1;3;BOULEVARD DE SEBASTOPOL;48,8693150000;2,3542600000
202200031097;12;4;2022;09:35;1;75;75109;2;5;1;6;RUE DE LONDRES;48,8778382870;2,3270134628
202200031098;12;4;2022;18:10;1;75;75103;2;7;1;3;PLACE DE LA REPUBLIQUE;48,8673854982;2,3633171618
202200031099;12;4;2022;17:20;1;75;75102;2;2;1;3;BOULEVARD DE SEBASTOPOL;48,8670602653;2,3528417945
202200031100;22;1;2022;10:10;1;25;25462;2;1;1;4;CRETIN (PLACE);46,9045130000;6,3565870000
202200031101;11;4;2022;19:56;1;75;75104;2;3;1;6;RUE SAINT ANTOINE;48,8550700000;2,3616630000
202200031102;23;1;2022;04:15;5;25;25056;2;6;1;6;FRANOIS ROUTE DE;47,2211000000;5,9564000000
202200031103;11;4;2022;13:15;1;94;94028;2;1;1;2;Avenue du Général de Gaulle;48,7918000000;2,4459000000
202200031104;23;1;2022;11:40;1;22;22187;2;1;8;7;BARBUSSE (Avenue Henri);48,5496000000; -2,7726700000
202200031105;21;1;2022;15:45;1;22;22113;2;1;1;7;DE BROGLIE (RUE DE);48,7578250000; -3,4613510000
202200031106;23;1;2022;18:30;5;16;16341;2;1;1;3;LIBERTE (AVENUE DE LA);45,6391300000;0,1035600000
202200031107;11;4;2022;18:49;2;94;94033;2;2;1;3;Rue Gabriel Péri / Avenue Parmentier;48,8535400000;2,4524000000
202200031108;23;1;2022;20:30;5;13;13212;2;1;1;1;PIERRE CHEVALIER (avenue);43,2944731731;5,4278012639
202200031109;10;4;2022;23:00;5;94;94059;2;1;1;2;56 Avenue de la Maréchale;48,8165700000;2,5681900000
202200031110;23;1;2022;13:15;1;13;13203;2;3;1;3;STRASBOURG (BOULEVARD);43,3071350951;5,3752069999
202200031111;18;6;2022;05:10;2;69;69296;1;1;1;6;Autoroute 7;45,6526620000;4,8373189000
202200031112;12;4;2022;11:00;1;93;93071;2;1;1;6;Place de la Gare Sevran;48,9358710000;2,5345940000
202200031113;23;1;2022;15:15;1;13;13005;1;6;1;2;NATIONALE 8 DE PARIS A TOULON (ROUTE);43,2821080197;5,6042001563
202200031114;23;1;2022;23:10;3;13;13004;1;1;1;6;RTE D EYGUIERES;43,6640000000;4,7105000000
202200031115;12;4;2022;12:42;1;93;93062;2;1;1;3;7 Place du General de Gaulle;48,8904201652;2,5116167665
202200031116;23;1;2022;08:07;1;06;06029;2;1;1;1;DELATTRE DE TASSIGNY (RUE);43,5643170000;7,0072640000
202200031117;19;6;2022;19:50;1;33;33013;1;1;1;4;ROUTE NATIONALE 89;44,8688000000; -0,5013600000
202200031118;12;4;2022;14:10;1;93;93055;2;3;1;3;Avenue Édouard Vaillant / Rue Lapérouse;48,9011200000;2,3944500000
202200031119;22;1;2022;15:30;1;75;75112;2;1;1;2;PORTE DE CHARENTON;48,8301710000;2,4021880000
202200031120;19;6;2022;18:50;1;33;33487;1;1;1;7;AUTOROUTE A 10;44,9494000000; -0,4660100000
202200031121;12;4;2022;16:50;1;93;93029;2;1;1;3;Avenue de la Jumelle;48,9156100000;2,4625400000
202200031122;23;1;2022;04:50;5;75;75118;2;2;1;3;AVENUE DE LA PORTE DE CLIGNANCOURT;48,9007120000;2,3442280000
202200031123;11;4;2022;19:50;2;93;93029;2;1;1;6;Rue Jean Pierre Timbaud;48,9247500000;2,4410600000
202200031124;23;1;2022;13:45;1;75;75116;2;1;1;3;AVENUE KLEBER;48,8641350000;2,2882080000
202200031125;19;6;2022;18:45;1;91;91468;1;1;1;4;AUTOROUTE A6;48,5749800000;2,4661600000
202200031126;12;4;2022;20:00;1;93;93010;2;1;1;6;Rue Edouard Vaillant;48,8946280000;2,4917250000
202200031127;18;6;2022;06:21;2;78;78402;1;1;1;6;A13;48,9649630000;1,8019930000
202200031128;23;1;2022;03:45;5;75;75115;2;2;1;3;RUE CAMBRONNE;48,8404250000;2,3042770000
202200031129;12;4;2022;16:32;1;93;93057;2;1;1;6;Avenue de Rome;48,9153740000;2,5001020000
202200031130;23;1;2022;20:00;5;75;75112;2;2;1;3;BOULEVARD DIDEROT;48,8462690000;2,3775150000
202200031131;19;6;2022;17:15;1;93;93006;1;9;1;4;AUTOROUTE A3;48,8658000000;2,4208000000
202200031132;12;4;2022;15:35;1;92;92048;2;1;1;6;ROBERT SCHUMAN (AVENUE);48,7890890000;2,2332240000
202200031133;22;1;2022;23:30;5;75;75111;2;3;1;2;BOULEVARD DE MENILMONTANT;48,8598270000;2,3888520000
202200031134;12;4;2022;08:32;1;92;92044;2;1;1;3;GABRIEL PERI(RUE) 51+ ET 48+;48,8931860494;2,2867143452
202200031135;19;6;2022;02:00;3;93;93048;1;1;1;2;AUTOROUTE A86;48,8640000000;2,4820000000
202200031136;23;1;2022;11:55;1;75;75103;2;2;8;7;RUE SAINT GILLES;48,8581570000;2,3644860000
202200031137;12;4;2022;14:40;1;92;92023;2;2;1;3;CHEMIN VERT (RUE DU);48,8142100000;2,2702200000
202200031138;19;6;2022;06:17;2;94;94017;1;1;3;4;A86.EXT;48,8309372764;2,4913077198
202200031139;23;1;2022;00:20;5;94;94055;2;3;1;3;Rue de la Plaine / Rue Danielle Casanova;48,7912460000;2,5493100000
202200031140;12;4;2022;11:00;1;92;92012;2;1;1;3;ANDRE MORIZET (AVENUE) - 49/FIN - 54/FIN;48,8360984761;2,2385501862
202200031141;19;6;2022;01:15;5;94;94017;1;1;1;4;A4;48,8303228960;2,4893496496
202200031142;12;4;2022;12:55;1;92;92007;2;2;1;3;FOCH (AVENUE DU MARECHAL) AUTRES NUMEROS;48,7923648840;2,2988276035
202200031143;23;1;2022;16:30;1;94;94075;2;4;1;3;Avenue du Mal de Lattre de Tassigny / Rue du Lieutenant Dagorno;48,7274690000;2,5311360000
202200031144;18;6;2022;21:25;1;77;77384;1;9;1;6;A5b;48,6064640091;2,6333762576
202200031145;12;4;2022;09:30;1;92;92002;2;1;1;6;PROSPER LEGOUTE (69 A FIN - 74 A FIN);48,7444100000;2,2966400000
202200031146;21;1;2022;18:55;5;88;88413;2;1;1;6;AVENUE DE VERDUN;48,2927600000;6,9417500000
202200031147;23;1;2022;16:59;2;93;93066;2;3;1;3;CITE ROMAIN ROLLAND;48,9380704954;2,3764782897
202200031148;15;1;2022;11:45;1;88;88032;1;1;1;6;Rue la Grande Voye;48,2380300000;7,0623640000
202200031149;23;1;2022;20:00;5;93;93006;2;1;1;3;LEFEVRE RAYMOND;48,8721900000;2,4257200000
202200031150;11;4;2022;17:50;1;92;92002;2;2;1;3;DIVISION LECLERC (53 A 217 - 58 A 186);48,7475430482;2,3038668036
202200031151;10;1;2022;04:50;3;88;88462;1;1;9;1;Route de Julienrupt;48,0538000000;6,7034900000
202200031152;14;4;2022;16:40;1;24;24009;1;1;1;6;D704;45,3252070000;1,1121940000
202200031153;23;1;2022;10:45;1;93;93057;2;5;8;1;Avenue Victor Hugo / Avenue Aristide Briand;48,9105020000;2,5123670000
202200031154;18;2;2022;06:05;3;57;57498;1;1;2;7;Autoroute A30;49,3307200000;6,0121800000
202200031155;19;3;2022;17:15;1;62;62193;2;1;1;6;GAMBETTA (BOULEVARD);50,9468730000;1,8465820000
202200031156;14;4;2022;10:20;1;31;31182;2;1;1;5;121, route de paris;43,6845900000;1,4062200000
202200031157;23;1;2022;13:30;1;93;93077;2;2;8;3;Avenue du Raincy / Rue Pasteur;48,8874405048;2,5095552206
202200031158;13;4;2022;22:25;3;71;71550;1;1;1;6;A6, PK 365+500 sens P/L;46,4991600000;4,9010830000
202200031159;23;1;2022;18:50;5;92;92051;2;1;1;3;ACHILLE PERETTI (AVENUE,  N° 98 A 166 ET;48,8841200000;2,2704400000
202200031160;18;6;2022;18:00;1;95;95427;2;1;1;3;Rue Jean Missout;48,9688529836;2,3424831033