Num_Acc;jour;mois;an;hrmn;lum;dep;com;agg;int;atm;col;adr;lat;long
202200031161;18;6;2022;15:49;1;06;06029;2;1;1;1;ANTIBES (RUE D');43,5525200000;7,0187400000
202200031162;23;1;2022;19:40;5;92;92024;2;1;1;3;PASTEUR (RUE);48,9029281844;2,3015470281
202200031163;14;4;2022;09:50;1;40;40234;1;1;1;6;autoroute A.65 sens PAU-BORDEAUX PK 064.000;44,0042180000; -0,3540410000
202200031164;17;6;2022;19:48;1;54;54395;2;1;1;6;SAINT DIZIER (RUE 82 ET 113 A FIN);48,6858700000;6,1861200000
202200031165;23;1;2022;05:50;5;92;92012;2;7;1;7;MARCEL SEMBAT (PLACE);48,8337700000;2,2434900000
202200031166;13;4;2022;16:45;1;51;51555;1;1;7;1;N4;48,7372763388;4,3380331993
202200031167;22;1;2022;16:00;1;95;95134;1;1;1;6;A16;49,1331259836;2,2533720732
202200031168;17;6;2022;07:45;1;93;93046;2;3;1;6;Place de la Libération / Rue Amédée Dunois;48,9225450000;2,5438450000
202200031169;13;4;2022;14:00;1;51;51030;1;1;1;7;Rue des Mureaux;49,0577567578;3,9949223399
202200031170;24;1;2022;12:35;1;28;28201;2;1;1;3;13 Rue Jean Pinault;48,5108390000;1,5461250000
202200031171;16;6;2022;17:44;1;17;17306;2;6;1;3;HEDDE (AVENUE DANIEL);45,6360000000; -1,0287000000
202200031172;14;4;2022;11:40;1;56;56165;2;1;1;6;Rue du General Giraud;47,9285760000; -2,3960750000
202200031173;22;1;2022;15:00;1;91;91363;1;1;1;3;Route de Bel-Air;48,6613760000;2,2051620000
202200031174;15;6;2022;09:50;1;49;49099;2;1;1;6;LORRAINE (RUE DE);47,0544200000; -0,8575700000
202200031175;22;1;2022;23:00;3;06;06034;1;1;1;6;237 Route d Aspremont;43,7977990000;7,2329690000
202200031176;14;4;2022;18:00;1;67;67436;1;1;1;1;D424;48,4008230000;7,1072370000
202200031177;13;6;2022;12:20;1;72;72181;2;2;1;6;ESTIENNE D'ORVES (BD D');47,9841700000;0,1855000000
202200031178;22;1;2022;15:20;1;66;66141;1;1;1;4;D 900;42,7690850000;2,9002830000
202200031179;12;6;2022;18:30;1;95;95680;2;1;1;3;RD 316;49,0076620625;2,3832124472
202200031180;14;4;2022;09:00;1;80;80187;1;1;1;5;D1001;49,9588010000;2,1865560000
202200031181;22;1;2022;18:38;3;57;57605;1;3;1;3;D955;48,9559950000;6,3012470000
202200031182;13;6;2022;16:10;1;976;97611;2;1;1;1;kaweni-Mangrove ( rue de la ); -12,7758900000;45,2255800000
202200031183;24;1;2022;18:40;3;79;79299;1;2;5;7;;46,8755360000; -0,1967020000
202200031184;18;6;2022;18:22;3;974;97416;2;1;1;3;BOISSY(CHEMIN); -21,3368900000;55,5120600000
202200031185;23;1;2022;16:30;1;33;33424;1;1;1;7;Lieu Dit Cartujac;45,1344350000; -0,8397460000
202200031186;13;4;2022;18:05;1;69;69214;1;1;1;4;Route d’Amplepuis;45,9907498882;4,3307590485
202200031187;17;6;2022;09:50;1;973;97302;2;1;1;3;MADELEINE (ROUTE DE LA);4,9088900000; -52,3218100000
202200031188;21;1;2022;17:20;1;32;32160;1;8;1;2;Avenue Corps Franc Pommies;43,6157780000;1,0643970000
202200031189;12;4;2022;16:20;1;63;63180;1;1;1;6;D1093;45,8738295994;3,3064379097
202200031190;13;4;2022;16:00;1;63;63056;1;1;1;6;D996;45,6106680000;3,4398790000
202200031191;18;6;2022;19:50;1;69;69383;2;2;1;2;Rue de Bonnel;45,7615900000;4,8453700000
202200031192;24;1;2022;15:30;1;11;11304;1;3;1;6;rd 117  ;42,8874090000;2,1278630000
202200031193;24;1;2022;07:00;5;63;63400;2;1;5;6;Route d Allier;46,0591240000;3,3998050000
202200031194;14;4;2022;12:55;1;61;61491;1;1;1;1;Lieu Dit la Givardiere;48,5672830000;0,6270360000
202200031195;18;6;2022;06:00;2;69;69387;2;2;1;3;Avenue Berthelot;45,7452400000;4,8418600000
202200031196;24;1;2022;09:20;1;12;12043;1;1;1;6;D888;44,2808420000;2,5374450000
202200031197;14;4;2022;01:44;3;25;25134;1;1;1;6;D102;47,0782320000;5,9800600000
202200031198;17;6;2022;19:30;4;971;97101;2;1;1;2;PETIT PEROU;16,2549200000; -61,4985800000
202200031199;24;1;2022;14:10;1;12;12102;2;1;1;7;Espessergues;44,3021880000;2,5774880000
202200031200;10;4;2022;20:15;1;44;44072;1;1;1;6;la maisonneuve;47,3987920000; -2,3604300000
202200031201;24;1;2022;13:15;1;39;39458;1;2;7;3;;46,6162950000;5,6094590000
202200031202;18;6;2022;22:00;5;2A;2A004;2;1;1;3;DIAMANT III RCE COURS NAPOLEON;41,9315100000;8,7400100000
202200031203;10;4;2022;11:50;1;29;29212;2;1;1;3;69 Rue de Brest;48,3722042350; -4,5808111131
202200031204;18;6;2022;09:00;1;95;95280;2;2;1;6;Avenue de la Gare;49,0249435725;2,4640220404
202200031205;23;1;2022;21:20;3;44;44025;1;1;1;5;La Gaubretière;47,3836340000; -1,9407610000
202200031206;23;1;2022;21:00;3;44;44063;1;1;1;7;7 la bidaudiere;47,0679620000; -1,2085280000
202200031207;18;6;2022;04:00;4;91;91665;1;1;1;7;RTE D ORLEANS RN 20;48,6524930000;2,2730450000
202200031208;12;4;2022;11:50;1;31;31517;1;1;1;2;D4 Pk 000+100;43,3113300000;1,3259980000
202200031209;18;6;2022;13:25;1;91;91345;2;1;1;6;RUE MICHEL VINCENT;48,6972300000;2,2932300000
202200031210;24;1;2022;13:55;1;29;29146;1;2;1;3;Route de la Trinite;47,9186140000; -3,8157750000
202200031211;12;4;2022;14:00;1;58;58222;1;1;1;6;RD 23;47,4374589370;3,5030572182
202200031212;18;6;2022;19:20;1;91;91687;2;1;1;6;MARMONT (AVENUE);48,6639200000;2,3753200000
202200031213;13;1;2022;14:15;1;72;72080;1;1;7;2;D323;48,2149771047;0,6774902342
202200031214;14;4;2022;09:45;1;66;66167;2;1;1;6;;42,4632610000;2,0346330000
202200031215;24;1;2022;06:30;3;14;14371;1;1;1;1;Route de la Côte Fleurie (Livarot);49,0373250000;0,1512810000
202200031216;18;6;2022;16:15;1;91;91027;2;5;1;3;AV FRANCOIS MITTERRAND;48,7160800000;2,3709300000
202200031217;13;4;2022;20:30;2;06;06079;2;3;1;3;1600 Avenue de Frejus Paul Ricard;43,5272520000;6,9269940000
202200031218;23;1;2022;16:15;1;14;14456;2;1;1;4;D613;49,1168890000; -0,1671340000
202200031219;18;6;2022;13:58;1;91;91432;2;1;7;3;AV FERDINAND DE LESSEPS;48,7001800000;2,3386600000
202200031220;13;4;2022;21:14;3;10;10209;1;1;1;7;D619;48,2577560000;4,2530180000
202200031221;24;1;2022;04:00;3;50;50256;1;1;1;6;D185;48,5999840000; -1,1451750000
202200031222;17;6;2022;18:35;1;91;91027;2;1;1;6;RUE J B DE LA SALLE;48,7076600000;2,3829100000
202200031223;14;4;2022;14:15;1;24;24138;1;1;1;6;Lieu Dit la Rampinsolle;45,1539740000;0,7032970000
202200031224;21;1;2022;16:00;1;50;50168;1;1;1;6;Le Bas Cerisel;48,6238890000; -1,2661640000
202200031225;18;6;2022;09:50;1;78;78440;2;1;1;2;EUROPE (AVENUE DE L');48,9738900000;1,9173100000
202200031226;23;1;2022;14:45;1;16;16303;1;1;1;6;1 Route des Deux Rivières;45,4681030000; -0,0631660000
202200031227;13;4;2022;06:30;2;27;27398;2;3;8;1;Cote Aristide Briand;49,0976200000;0,6054600000
202200031228;17;6;2022;21:01;1;78;78401;2;1;1;2;PONT SAINT COME (RUE DU);49,0015700000;1,9074000000
202200031229;23;1;2022;05:15;3;07;07134;1;1;1;6;;44,4847490000;4,2935940000
202200031230;19;6;2022;01:35;3;76;76322;1;1;1;6;N338 - Sud 3;49,3939376084;1,0368957582
202200031231;24;1;2022;13:20;1;04;04088;1;1;1;7;RD 12;43,9583950000;5,7976910000
202200031232;11;4;2022;13:45;1;19;19275;1;1;1;2;A89;45,5151890000;2,2992320000
202200031233;23;1;2022;23:00;3;85;85031;1;1;1;7;La Bordinière;46,8026450000; -0,9643510000
202200031234;18;6;2022;15:30;1;76;76540;2;3;1;2;Rue du Renard;49,4492300000;1,0791300000
202200031235;12;4;2022;20:20;5;973;97307;2;1;1;3;RN2;4,8811740000; -52,3364800000
202200031236;24;1;2022;15:15;1;68;68300;1;1;1;4;Bretelle de raccordement A35 A36 Direction Mulhouse;47,7816810000;7,4019850000
202200031237;17;6;2022;19:40;1;71;71270;1;1;1;2;RN 6 (ROUTE NATIONALE);46,3647400000;4,8526500000
202200031238;7;4;2022;17:00;1;73;73296;1;1;4;1;D902 - villaret des brevieres;45,5077760000;6,9251850000
202200031239;18;6;2022;20:15;1;69;69275;2;3;1;3;Rue Elisée Reclus;45,7500800000;4,9400800000
202200031240;21;1;2022;16:15;1;69;69007;1;1;1;7;Route de Boucharey;45,4892921488;4,8007203795
202200031241;24;1;2022;07:25;1;988;98803;1;1;1;6;RT1 - BOURAIL; -21,4845800000;165,4042800000
202200031242;13;4;2022;22:25;3;45;45169;1;1;1;2;A71 PK 98+924;47,9004910000;1,8474410000
202200031243;18;6;2022;19:35;1;69;69256;2;1;1;6;Rue de la Poudrette;45,7612272074;4,9203756452
202200031244;24;1;2022;09:50;1;45;45139;1;1;1;1;D26 - PR 7 + 350;48,1882920000;2,3483710000
202200031245;14;4;2022;10:00;1;976;97608;1;1;1;1;Route des Badamiers; -12,7762450000;45,2819430000
202200031246;14;6;2022;14:05;1;62;62193;2;1;1;6;JACQUARD (BOULEVARD);50,9503900000;1,8541080000
202200031247;23;1;2022;19:30;3;2B;2B193;1;1;1;1;T20;42,3971260000;9,1931530000
202200031248;18;6;2022;16:30;1;59;59599;2;1;1;6;DRON (AVENUE GUSTAVE);50,7191100000;3,1632400000
202200031249;23;1;2022;22:55;3;66;66212;1;1;1;6;;42,7608110000;3,0137570000
202200031250;14;4;2022;08:45;1;971;97129;2;3;1;3;Lieu Dit Bebel;16,3261237933; -61,6903225332
202200031251;14;6;2022;21:00;1;59;59225;1;1;1;2;R.N. 49 VALENCIENNES;50,2813960000;3,8993280000
202200031252;22;1;2022;13:50;1;70;70464;2;4;1;1;Route du Saulcy;47,7186690000;6,5325150000
202200031253;14;4;2022;18:20;1;95;95241;1;1;1;6;RN 104;49,0525590000;2,4269700000
202200031254;18;6;2022;11:55;1;54;54439;2;1;1;3;SCHUMANN ( Rue Robert );48,6994900000;6,2511400000
202200031255;13;4;2022;18:30;1;25;25159;2;1;1;6;4 Rue de Champagne;47,4477880000;6,6794220000
202200031256;23;1;2022;12:20;1;38;38320;1;3;1;3;D1075;45,8529110000;5,4048660000
202200031257;12;1;2022;07:00;3;46;46055;1;1;9;6;D840;44,5728400000;2,1137300000
202200031258;18;6;2022;12:10;1;49;49246;2;2;1;3;GIRARDEAU;47,4347000000; -0,5268000000
202200031259;13;4;2022;17:30;1;71;71150;1;3;1;3;Route du Port d Arciat;46,2429820000;4,7953020000
202200031260;18;6;2022;21:00;2;43;43157;1;1;1;7;Chemin des Gardes;45,0241700000;3,9094400000
202200031261;23;1;2022;15:00;1;09;09199;1;1;1;6;Sourrouille;43,1995760000;1,6717670000
202200031262;18;6;2022;11:30;1;42;42187;2;4;1;3;Rue Claude Bochard;46,0271926997;4,0681627393
202200031263;21;1;2022;17:00;1;72;72154;1;1;1;3;D306;47,6889100000; -0,0337700000
202200031264;11;4;2022;20:00;2;69;69069;2;1;1;3;Avenue Pierre Auguste Roiret;45,7522680000;4,7407130000
202200031265;18;6;2022;14:15;1;34;34172;2;8;1;3;RAYMOND DUGRAND (AVENUE);43,5952100000;3,9052100000
202200031266;23;1;2022;19:30;3;60;60542;1;1;1;2;N31;49,4144847256;2,1836400031
202200031267;18;6;2022;19:35;1;33;33063;2;1;1;6;Rue de la Benauge;44,8405900000; -0,5523500000
202200031268;13;4;2022;09:30;1;24;24028;1;3;2;1;Avenue de Monpazier;44,7554040000;0,7728090000
202200031269;18;6;2022;01:55;5;33;33063;2;1;1;6;Place de la Bourse;44,8413400000; -0,5694100000
202200031270;14;4;2022;08:30;1;33;33222;1;1;1;1;17 Route de Lyon;44,9502740000; -0,1941280000
202200031271;24;1;2022;01:05;5;59;59249;2;2;1;3;Rue Croizet-Eliet - Rue de la Paix;50,0188620683;4,0440818667
202200031272;18;6;2022;22:10;5;31;31555;2;3;1;3;LASCROSSES (BD) DU 1AU 17;43,6103100000;1,4348000000
202200031273;14;4;2022;07:45;1;33;33006;1;1;1;1;;45,2002740000; -0,6493520000
202200031274;22;1;2022;17:50;1;13;13214;1;1;1;2;A507 sens Marseille - Aubagne;43,3343170000;5,3829110000
202200031275;18;6;2022;03:45;5;31;31555;2;1;1;2;BD DE STRASBOURG;43,6092900000;1,4449900000
202200031276;13;4;2022;05:05;3;35;35047;1;1;5;1;D34;48,0605570000; -1,7500450000
202200031277;22;1;2022;22:35;3;69;69275;1;1;1;6;Route Nationale 346;45,7656568882;4,9850088358
202200031278;13;4;2022;11:00;1;59;59231;2;1;2;6;Rue du Lieutenant Boucly;50,2396832278;4,0183821916
202200031279;17;6;2022;21:35;1;29;29039;1;2;1;3;Chemin de la Haie;47,8943600000; -3,8899300000
202200031280;23;1;2022;00:35;5;33;33013;1;1;1;6;;44,8663080000; -0,4855610000
202200031281;11;4;2022;19:34;1;13;13071;1;1;1;2;A55 - Sens Marseille vers Martigues;43,3984000000;5,2987500000
202200031282;16;6;2022;21:20;1;29;29019;2;6;1;6;place Albert Premier;48,3978140000; -4,4896960000
202200031283;23;1;2022;18:40;3;78;78007;1;1;1;4;A13 Y;48,8965900000;2,0065780000
202200031284;6;6;2022;17:30;1;29;29019;2;3;2;6;rue Monseigneur Graveran;48,3936120000; -4,4816680000
202200031285;11;4;2022;23:30;5;75;75116;1;1;1;3;A13;48,8484037683;2,2472298145
202200031286;22;1;2022;22:00;4;78;78362;1;1;1;6;A13;48,9757040000;1,7240200000
202200031287;18;6;2022;19:55;1;27;27562;2;9;7;2;LECLERC (RUE DU GENERAL);49,0982500000;1,4474400000
202200031288;22;1;2022;19:25;3;92;92047;1;1;1;4;A13;48,8336666392;2,1639025833
202200031289;11;4;2022;20:30;2;93;93048;1;1;1;4;AUTOROUTE A86;48,8669026471;2,4816977978
202200031290;18;6;2022;14:25;1;27;27229;2;1;1;6;FORET (RUE DE LA);49,0122674000;1,1606605000
202200031291;22;1;2022;17:30;3;78;78466;1;1;1;6;A13;48,9333670000;1,9713190000
202200031292;11;4;2022;21:15;5;93;93029;1;1;1;2;AUTOROUTE A86;48,9140389122;2,4332553148
202200031293;18;6;2022;10:45;1;27;27229;2;3;7;3;MONOD (RUE JACQUES);49,0217600000;1,1816300000
202200031294;22;1;2022;04:15;3;92;92048;1;1;1;2;N118;48,7950100000;2,2179900000
202200031295;11;4;2022;16:40;1;95;95127;1;1;7;2;A15;49,0425988519;2,0786529779
202200031296;23;1;2022;18:50;3;95;95277;1;1;1;5;RD 170 ;48,9776400000;2,4600000000
202200031297;11;4;2022;11:10;1;95;95127;1;1;1;4;A15;49,0400529394;2,0831698179
202200031298;18;6;2022;07:05;1;26;26198;2;1;1;3;DIEULEFIT(Route de);44,5503100000;4,7719000000
202200031299;11;4;2022;10:50;1;93;93078;1;1;1;6;AUTOROUTE A104;48,9611200000;2,5436400000
202200031300;22;1;2022;22:45;3;95;95394;1;1;1;3;RN 184;49,0522300000;2,1804100000
202200031301;18;6;2022;01:40;3;13;13117;2;1;1;3;D9 (BRETELLE);43,4275700000;5,2567300000
202200031302;23;1;2022;04:30;3;94;94033;1;1;1;7;A86.INT;48,8568439531;2,4879040287
202200031303;11;4;2022;07:35;1;93;93027;1;1;1;5;AUTOROUTE A86;48,9261200000;2,3975100000
202200031304;22;1;2022;22:40;3;75;75112;1;1;1;7;A4;48,8246760486;2,4633300304
202200031305;19;6;2022;00:30;5;13;13208;2;2;1;3;MAZARGUES (AVENUE DE);43,2641800000;5,3921100000
202200031306;22;1;2022;12:26;1;92;92050;2;3;1;6;LE CORBUSIER ALLEE;48,8946689635;2,2235964686
202200031307;12;4;2022;10:30;1;77;77373;1;1;1;2;RN104;48,7961800000;2,6215600000
202200031308;18;6;2022;09:50;1;13;13205;2;1;1;2;SAKAKINI (BOULEVARD);43,2938700000;5,4015900000
202200031309;21;1;2022;22:25;5;75;75118;2;2;1;6;RUE DAMREMONT;48,8953100000;2,3375620000
202200031310;18;6;2022;08:00;2;13;13214;2;9;1;2;DANIEL CASANOVA (BOULEVARD);43,3282751625;5,3753122460
202200031311;17;6;2022;14:00;1;13;13213;2;1;1;6;NICOLAS APPERT (RUE);43,3397300000;5,4149000000
202200031312;12;4;2022;08:30;1;77;77058;1;1;1;5;A4;48,8293228045;2,7173574308
202200031313;23;1;2022;06:50;1;988;98818;2;3;3;2;Avenue de la VICTOIRE-HENRI LAFLEUR/Rue de Général GALLIENI; -22,2748700000;166,4394300000
202200031314;18;6;2022;19:55;1;13;13005;2;1;1;6;BOYER (AVENUE ANTIDE);43,2943600000;5,5668500000
202200031315;18;6;2022;23:55;5;10;10060;2;1;1;6;JEAN MOULIN (RUE);48,2545412022;4,0958189964
202200031316;18;6;2022;16:40;1;10;10387;2;1;7;3;EDOUARD HERRIOT (RUE);48,2754727311;4,0786448121
202200031317;16;1;2022;13:25;1;74;74010;2;1;1;6;PARMELAN;45,9077000000;6,1356000000
202200031318;22;1;2022;15:05;1;973;97302;1;6;2;6;ROUTE NATIONALE 1;4,9215337753; -52,3297584057
202200031319;17;6;2022;23:20;5;01;01053;2;1;1;3;PRES DE BROU ( RUE DES);46,1988000000;5,2486200000
202200031320;14;1;2022;21:20;3;30;30032;1;1;1;7;Chemin du Pont de Charanconne;43,7938400000;4,6237400000
202200031321;18;6;2022;20:30;1;75;75113;2;1;1;2;QUAI D IVRY;48,8202730000;2,3755600000
202200031322;22;1;2022;14:00;1;973;97302;1;1;2;2;ROUTE NATIONALE 3;4,9053300000; -52,3197200000
202200031323;17;6;2022;21:25;5;75;75117;2;1;1;2;BOULEVARD PERIPHERIQUE;48,9004710000;2,3235260000
202200031324;11;4;2022;09:50;1;974;97416;1;3;7;1;RN3 (ANCIENNE ROUTE); -21,2939000000;55,5107700000
202200031325;23;1;2022;01:50;5;69;69383;2;2;1;6;Boulevard Marius Vivier-Merle;45,7572300000;4,8586800000
202200031326;22;1;2022;21:00;5;69;69387;2;1;1;6;152 Rue Marcel Mérieux;45,7360200000;4,8294900000
202200031327;9;4;2022;12:10;1;974;97411;2;1;1;1;EGLANTINES (RUE DES); -20,9165000000;55,4865900000
202200031328;17;6;2022;15:10;1;75;75116;2;1;1;5;PORTE DAUPHINE;48,8705970000;2,2723520000
202200031329;22;1;2022;18:00;5;69;69386;2;1;1;6;49 Rue Cuvier;45,7669341686;4,8461964726
202200031330;17;6;2022;11:50;1;75;75118;2;1;1;2;PORTE DE SAINT OUEN;48,9007920000;2,3317000000
202200031331;11;4;2022;14:20;1;973;97302;2;1;1;3;MATOURY (RUE);4,9311233265; -52,3239795864
202200031332;22;1;2022;13:10;1;69;69259;2;3;1;5;Boulevard Ambroise Croizat;45,7066100000;4,8875200000
202200031333;17;6;2022;17:00;1;75;75118;2;2;1;3;BOULEVARD BARBES;48,8883540000;2,3495800000
202200031334;11;4;2022;13:30;1;973;97302;1;1;1;7;ZONE COLLERY I OU II;4,9003615381; -52,3280310631
202200031335;11;4;2022;04:55;3;973;97302;2;1;1;7;BADUEL (ROUTE DE);4,9280000000; -52,2923600000
202200031336;21;1;2022;20:30;5;972;97209;1;9;1;3;LEONA GABRIEL (AVENUE);14,6121600000; -61,0467700000
202200031337;17;6;2022;07:45;1;75;75116;2;2;1;3;AVENUE DE LA PORTE MOLITOR;48,8446600000;2,2522000000
202200031338;18;6;2022;09:05;1;75;75114;2;3;1;3;RUE DU DEPART;48,8420220000;2,3228200000
202200031339;21;1;2022;16:55;1;972;97213;2;1;1;4;ROUTE DEPARTEMENTALE 14;14,6234900000; -61,0187000000
202200031340;11;4;2022;17:10;1;69;69383;2;2;1;6;Cours Docteur Long;45,7506208280;4,8878587775
202200031341;18;6;2022;15:30;1;75;75113;2;1;1;3;RUE DE L AMIRAL MOUCHEZ;48,8204430000;2,3437920000
202200031342;21;1;2022;13:20;1;972;97213;1;1;1;1;DEPARTEMENTALE 28;14,6255880102; -60,9727397561
202200031343;16;6;2022;22:28;5;75;75113;2;4;1;3;RUE DE TOLBIAC;48,8261550000;2,3586300000
202200031344;11;4;2022;09:00;1;69;69388;2;1;1;2;Avenue Jean Mermoz;45,7361555351;4,8702670808
202200031345;21;1;2022;13:30;1;971;97113;1;1;1;6;Section Port Blanc;16,2354500000; -61,4528500000
202200031346;10;4;2022;21:00;5;69;69387;2;9;1;6;Boulevard Chambaud de la Bruyère;45,7233500000;4,8421500000
202200031347;17;6;2022;23:05;5;75;75111;2;3;1;3;AVENUE PARMENTIER;48,8611570000;2,3778440000
202200031348;11;4;2022;17:45;1;69;69389;2;1;1;3;12 Rue Joannès Carret;45,7865400000;4,8098800000
202200031349;18;6;2022;20:15;1;75;75108;2;7;7;5;PLACE DE LA CONCORDE;48,8644370000;2,3201860000
202200031350;22;1;2022;13:00;1;91;91345;2;2;1;3;RTE DE CORBEIL;48,6899020000;2,3004550000
202200031351;18;6;2022;18:15;1;75;75102;2;4;1;2;RUE MONTMARTRE;48,8691400000;2,3431890000
202200031352;10;4;2022;20:13;5;69;69381;2;2;1;3;2 Quai Jean Moulin;45,7677163066;4,8379160441
202200031353;22;1;2022;23:06;5;91;91589;2;1;1;3;BD ARISTIDE BRIAND;48,6824200000;2,3437500000
202200031354;18;6;2022;04:00;5;75;75101;2;1;1;6;VOIE GEORGES POMPIDOU;48,8618150000;2,3271310000
202200031355;18;6;2022;13:30;1;94;94044;2;1;1;3;VERDUN (AV DE);48,7496930000;2,4804980000
202200031356;21;1;2022;16:30;1;83;83129;2;1;1;3;LOMBARD (CHEMIN DE);43,0933230000;5,8526750000
202200031357;11;4;2022;15:00;1;2A;2A004;2;3;1;3;MADAME MERE BD;41,9144300000;8,7248000000
202200031358;18;6;2022;11:00;1;94;94078;2;1;7;6;HENRI JANIN (R);48,7297500000;2,4480600000
202200031359;18;1;2022;13:15;1;83;83069;2;1;1;3;ASCENSION (RUE DE L');43,1227491867;6,1324688494
202200031360;8;4;2022;14:30;1;91;91692;2;9;2;6;BOURGOGNE (AVENUE DE);48,6837440000;2,1764180000
202200031361;18;6;2022;13:00;1;94;94052;2;1;1;6;HEROS NOGENTAIS (R DES);48,8375000000;2,4832000000
202200031362;7;4;2022;17:12;1;87;87085;2;2;3;3;MONTMAILLER (RUE);45,8351600000;1,2522100000
202200031363;18;6;2022;03:35;5;94;94046;2;1;1;6;GENERAL DE GAULLE (AV DU);48,8122000000;2,4222700000
202200031364;10;4;2022;10:50;1;83;83129;2;1;1;6;PALMIERS (AVENUE DES) N° PAIRS;43,0762300000;5,8149700000
202200031365;18;6;2022;15:30;1;94;94076;2;3;1;3;MAXIME GORKI (BD);48,7927200000;2,3693700000
202200031366;22;1;2022;16:17;1;77;77307;2;2;1;3;D934;48,8778670000;2,7404620000
202200031367;8;4;2022;07:15;2;80;80021;2;1;8;5;CHATEAUDUN (BOULEVARD DE);49,8839100000;2,2820200000
202200031368;17;6;2022;02:05;5;94;94022;2;3;1;3;Boulevard de Stalingrad / A86;48,7727640449;2,4001521446
202200031369;22;1;2022;13:35;1;77;77307;2;2;1;3;AV DE LA SOCIETE DES NATIONS;48,8541000000;2,7647600000
202200031370;18;6;2022;11:35;1;93;93073;2;4;1;1;Boulevard de l'Hotel de Ville / Rue Pierre Brossolette;48,9500620000;2,5724480000
202200031371;8;4;2022;08:25;1;80;80021;2;1;2;3;ROUEN (RUE DE);49,8848700000;2,2645400000
202200031372;22;1;2022;14:45;1;76;76540;2;2;1;3;Allée Aimé Césaire;49,4429200000;1,0778700000
202200031373;18;6;2022;21:10;1;93;93072;2;9;1;6;Rue Rene Boin;48,9478000000;2,3787200000
202200031374;21;1;2022;08:08;2;72;72181;2;1;8;3;FOUCAUDIERE (RUE);47,9724300000;0,1894100000
202200031375;18;6;2022;16:50;1;93;93053;2;1;1;1;20 Boulevard de la République;48,8954200000;2,4617700000
202200031376;10;4;2022;11:00;1;78;78551;1;1;1;2;RN 184;48,9767400000;2,0885570000
202200031377;22;1;2022;19:00;5;69;69266;2;1;1;3;Route de Genas;45,7549100000;4,8789200000
202200031378;18;6;2022;12:50;1;93;93050;2;1;1;3;Boulevard du Marechal Foch;48,8544900000;2,5214300000
202200031379;11;4;2022;13:15;1;78;78440;2;1;1;6;EUROPE (AVENUE DE L');48,9796430000;1,9131250000
202200031380;22;1;2022;19:30;5;69;69266;2;2;1;3;Route de Genas;45,7510357561;4,9078632795
202200031381;10;4;2022;19:40;1;78;78354;2;6;1;6;ROUTE DE MANTES;48,9628130000;1,6784200000
202200031382;18;6;2022;21:30;1;93;93048;2;6;1;3;Rue Pierre de Montreuil / Rue Saint-Just;48,8624950000;2,4552310000
202200031383;21;1;2022;12:40;1;64;64024;2;2;1;3;Avenue Henri Haget;43,4810200000; -1,5352000000
202200031384;11;4;2022;13:10;1;78;78498;1;1;1;2;PONTOISE AV DE;48,9412000000;2,0578700000
202200031385;18;6;2022;16:10;1;93;93048;2;1;1;6;Rue de Paris;48,8563387101;2,4264898896
202200031386;22;1;2022;16:30;1;59;59017;2;5;1;1;DUNKERQUE (RUE DE);50,6899880000;2,8778660000
202200031387;18;6;2022;18:50;1;93;93006;2;1;1;3;Avenue de la République;48,8608880483;2,4186041951
202200031388;18;6;2022;10:10;1;93;93029;2;3;1;3;Avenue Henri Barbusse / Rue Ambroise Croizat;48,9230300000;2,4581600000
202200031389;11;4;2022;08:00;1;77;77085;2;2;1;1;D5;48,8549500000;2,7465800000
202200031390;19;1;2022;14:55;1;51;51525;1;1;2;1;N44;48,9201900000;4,4190800000
202200031391;9;4;2022;16:15;1;76;76270;1;1;1;6;D6382;49,5305100000;0,1262600000
202200031392;21;1;2022;07:40;3;50;50532;1;1;8;6;CROISSANT (ROUTE DU);48,8127000000; -1,5518800000
202200031393;18;6;2022;20:40;1;93;93047;2;2;1;1;Boulevard Bargue / Rue Paul de Kock;48,9018300000;2,5597400000
202200031394;8;4;2022;16:00;1;76;76552;2;1;1;6;CAVEE HAIZE (DE LA);49,5168600000;0,0774100000
202200031395;22;1;2022;18:52;5;49;49007;2;1;1;5;SAINT LAZARE;47,4813600000; -0,5671800000
202200031396;17;6;2022;23:15;5;93;93010;2;2;1;1;Avenue de Rosny / Avenue Galliéni;48,9040900000;2,4708100000
202200031397;29;3;2022;16:50;1;74;74010;2;1;1;6;LYCEE (BOULEVARD DU)(BROGNY A PARMELAN);45,9055000000;6,1320000000
202200031398;22;1;2022;16:32;1;49;49007;2;1;1;6;CHAUMIN BOULEVARD;47,4502800000; -0,5554600000
202200031399;11;4;2022;08:00;1;69;69264;2;1;1;6;Boulevard Louis Blanc;45,9899500000;4,7215700000
202200031400;18;6;2022;22:00;2;93;93005;2;2;1;3;Avenue Charles de Gaulle / Rue Turgot;48,9308000000;2,4833000000
202200031401;21;1;2022;18:05;5;45;45234;2;1;1;6;17 Rue du Faubourg Saint-Jean;47,9048660000;1,8930220000
202200031402;11;4;2022;08:10;1;67;67204;2;3;1;3;FONTAINE (RUE DE LA);48,6237400000;7,7329300000
202200031403;20;6;2022;18:25;1;92;92062;2;3;1;3;DE DION BOUTON (QUAI) DU 1 AU 28;48,8770800000;2,2412100000
202200031404;22;1;2022;01:37;4;44;44162;1;1;1;3;Boulevard de la Libération;47,2152100000; -1,6657200000