Num_Acc;jour;mois;an;hrmn;lum;dep;com;agg;int;atm;col;adr;lat;long
202200031405;8;4;2022;16:50;1;67;67447;2;1;1;3;PIERRE MENDES FRANCE (AVENUE);48,6085540000;7,7640290000
202200031406;22;1;2022;10:20;1;43;43041;2;1;1;6;Avenue Charles Dupuy;45,0497760000;3,9145670000
202200031407;18;6;2022;15:45;1;92;92026;2;3;1;3;CHEMIN VERT;48,9029900000;2,2835100000
202200031408;10;4;2022;07:25;2;67;67180;1;1;1;7;RHIN (ROUTE DU);48,8073300000;7,8306400000
202200031409;22;1;2022;13:50;1;42;42095;2;1;1;6;Rue du Professeur Calmette;45,3934800000;4,2923300000
202200031410;11;4;2022;21:25;4;61;61001;2;1;1;7;BASINGSTOKE (AVENUE DE);48,4411000000;0,0982700000
202200031411;18;6;2022;12:19;1;92;92023;2;3;1;3;CHAMPAGNE (RUE);48,7884656886;2,2498342395
202200031412;22;1;2022;20:45;5;38;38421;2;3;1;1;RUE ALPHONSE DAUDET;45,1764100000;5,7655800000
202200031413;11;4;2022;15:45;1;59;59350;2;1;1;6;POETE PLACE;50,6238930000;3,0515170000
202200031414;18;6;2022;15:05;1;92;92007;2;1;1;2;RAVERA (AVENUE HENRI) N° 92 A 106;48,8005358084;2,3088508844
202200031415;10;4;2022;12:05;1;59;59509;2;1;1;6;BROSSOLETTE (RUE PIERRE);50,4188400000;3,1042000000
202200031416;22;1;2022;09:55;1;38;38179;1;1;1;5;AVENUE DE LA COMBE;45,1654700000;5,8002000000
202200031417;18;6;2022;18:00;1;35;35123;1;1;1;2;D21;48,0288683450; -1,8153861165
202200031418;18;6;2022;04:45;3;63;63307;1;6;1;6;D2089 intersection Rue des Trois Villes;45,7427000000;3,1041580000
202200031419;10;4;2022;18:00;1;51;51454;2;2;1;3;rue de la Seine Maritime;49,2325410000;4,0182550000
202200031420;22;1;2022;18:30;5;37;37122;2;4;1;3;MARTYRS (RUE DES);47,3529024504;0,6654057652
202200031421;18;6;2022;11:15;1;12;12287;1;1;7;6;D926;44,3260090000;1,9074640000
202200031422;29;3;2022;22:00;5;42;42207;2;6;2;6;Rue du Jarez;45,4751116024;4,5292247840
202200031423;22;1;2022;16:10;1;37;37261;2;2;1;3;BERT (QUAI PAUL);47,4015068527;0,6865643710
202200031424;10;4;2022;19:35;1;34;34172;2;3;1;3;MONTELS-EGLISE (RUE DE);43,5788900000;3,8774700000
202200031425;18;6;2022;21:15;2;26;26061;1;3;1;3;D112;45,1395060000;4,9420990000
202200031426;22;1;2022;10:00;1;37;37261;2;2;1;6;MARCEAU (RUE);47,3935458653;0,6850408763
202200031427;18;6;2022;13:55;1;57;57439;2;1;1;6;route departementale 64;49,4482170000;6,4383420000
202200031428;10;4;2022;01:15;3;34;34129;1;1;1;2;PALAVAS D986 (ROUTE DE);43,5695000000;3,8955300000
202200031429;19;1;2022;19:15;3;30;30189;1;1;1;6;Route d'Avignon;43,8594000000;4,4116000000
202200031430;15;6;2022;21:30;2;51;51410;1;1;1;7;D36;49,0400900000;3,8070850000
202200031431;19;6;2022;06:45;1;88;88423;1;1;1;1;Rue de Lorraine;48,2247940000;6,9466050000
202200031432;11;4;2022;18:22;1;33;33200;2;1;1;3;Rue Toussaint Catros;44,8598200000; -0,6957800000
202200031433;22;1;2022;19:20;5;29;29039;2;2;1;1;Rue de Trégunc;47,8743200000; -3,9052200000
202200031434;18;6;2022;23:30;3;29;29189;1;1;6;6;N165;48,3830481410; -4,3510217375
202200031435;19;6;2022;08:45;1;971;97132;2;9;1;3;D6;15,9778590000; -61,6394510000
202200031436;11;4;2022;08:15;1;33;33063;2;5;1;3;Avenue de Mérignac;44,8387900000; -0,6257200000
202200031437;18;1;2022;13:30;1;16;16102;2;6;1;3;BELLEFOND (RUE DE);45,6898893133; -0,3257428855
202200031438;18;6;2022;00:10;3;78;78020;1;1;1;2;D65;48,9259680000;1,7295740000
202200031439;12;4;2022;00:50;4;27;27351;2;1;1;6;LOUVIERS (RUE DE);49,2343000000;1,1766100000
202200031440;18;6;2022;16:15;1;76;76211;1;1;1;6;D149;49,9142958119;1,5366804600
202200031441;22;1;2022;19:50;5;14;14118;2;3;1;3;Rue du 11 Novembre;49,1777100000; -0,3575200000
202200031442;9;4;2022;15:45;1;13;13077;2;1;1;1;MOULIN JEAN (avenue);43,4091500000;4,9914400000
202200031443;11;6;2022;14:50;1;2B;2B123;2;1;1;3;Avenue du 9 Septembre;42,0114070000;9,4036000000
202200031444;22;1;2022;05:30;5;13;13208;2;3;1;3;PARADIS (RUE);43,2790911285;5,3829154564
202200031445;10;4;2022;20:45;5;13;13028;2;1;1;1;DULAC (AVENUE GUILLAUME);43,2062000000;5,6267500000
202200031446;19;6;2022;19:30;1;82;82153;1;1;1;3;RD 656;44,3184100000;0,8965500000
202200031447;22;1;2022;09:50;1;13;13215;1;1;1;4;LITTORAL (CHEMIN DU);43,3431200000;5,3478000000
202200031448;10;4;2022;15:00;1;07;07316;2;1;1;3;;44,8977200000;4,8518200000
202200031449;19;6;2022;09:50;1;63;63147;1;2;1;3;D205;45,4495420000;3,8642800000
202200031450;22;1;2022;06:15;5;13;13001;2;1;1;6;SCHUMAN ROBERT (AV);43,5197000000;5,4467400000
202200031451;17;6;2022;12:20;1;61;61414;1;1;1;7;Le Breuil;48,5217990000;0,5139970000
202200031452;11;4;2022;11:00;1;06;06088;2;1;1;6;DELFINO (BD GENERAL);43,7054280000;7,2846020000
202200031453;22;1;2022;10:25;1;11;11069;2;2;1;3;MONTREAL -ROUTE DE -;43,2112900000;2,3265100000
202200031454;15;6;2022;21:00;1;61;61145;1;1;1;1;route de l'abbaye (Rouellé);48,6180730000; -0,7069340000
202200031455;11;4;2022;09:05;1;06;06027;2;1;1;2;ALPES AVENUE DES;43,6603120000;7,1434920000
202200031456;22;1;2022;09:55;1;11;11069;1;1;9;6;Chemin de Grezes;43,2202100000;2,2864900000
202200031457;16;6;2022;17:55;1;61;61508;2;3;7;1;Boulevard Dentu;48,9333700000;0,1973800000
202200031458;22;1;2022;19:09;5;06;06069;2;1;1;6;PEGOMAS (ROUTE DE);43,6381000000;6,9335770000
202200031459;11;4;2022;18:20;1;75;75116;2;1;1;4;BD PERIPHERIQUE INTERIEUR;48,8704830000;2,2725290000
202200031460;19;6;2022;01:30;4;55;55504;1;6;1;6;N135;48,7290240000;5,2366540000
202200031461;21;1;2022;16:40;1;06;06069;2;1;7;6;DE GAULLE (AVENUE DU GENERAL);43,6567100000;6,9197630000
202200031462;18;6;2022;19:45;1;86;86036;1;1;9;6;Lieu Dit la Bruyère;47,0786760000;0,0673980000
202200031463;11;4;2022;17:55;1;75;75118;2;1;1;2;BD PERIPHERIQUE EXTERIEUR;48,9009670000;2,3399020000
202200031464;22;1;2022;18:40;5;06;06030;2;1;1;3;CAMPON (RUE;43,5724780000;7,0130590000
202200031465;18;6;2022;10:50;1;39;39396;1;1;1;1;;47,1449130000;5,6680040000
202200031466;22;1;2022;15:06;1;75;75117;2;2;1;6;BOULEVARD BESSIERES;48,8976400000;2,3288780000
202200031467;18;6;2022;11:05;1;44;44131;1;1;7;6;D751;47,1125400000; -2,0603400000
202200031468;21;1;2022;00:45;5;75;75116;2;1;1;3;ALLEE DE LA REINE MARGUERITE;48,8517170000;2,2417470000
202200031469;10;4;2022;00:35;5;75;75112;2;1;1;4;BD PERIPHERIQUE INTERIEUR;48,8284710000;2,3974180000
202200031470;18;6;2022;19:40;1;29;29266;2;6;2;1;Rue de la Gare;48,5171415026; -3,9441794157
202200031471;19;6;2022;02:45;3;29;29204;1;1;3;6;D712 - La Fonderie;48,4840840000; -4,1765870000
202200031472;22;1;2022;16:00;1;75;75115;2;3;1;3;RUE DE LA CONVENTION;48,8418340000;2,2863010000
202200031473;11;4;2022;18:17;1;75;75106;2;2;1;6;RUE DE SEVRES;48,8529020000;2,3369790000
202200031474;18;6;2022;14:30;1;29;29178;1;3;1;3;Gouez Ar frout;48,5685160925; -4,6634790301
202200031475;22;1;2022;15:30;1;75;75112;2;1;1;2;BOULEVARD DE PICPUS;48,8465720000;2,4002940000
202200031476;11;4;2022;15:45;1;75;75116;2;1;1;1;AVENUE DES NATIONS UNIES;48,8617980000;2,2916770000
202200031477;19;6;2022;04:49;2;31;31070;1;1;1;6;Départementale D 633;43,2663000000;0,6431720000
202200031478;21;1;2022;13:35;1;75;75112;2;7;1;6;BOULEVARD DE REUILLY;48,8395290000;2,3961620000
202200031479;11;4;2022;15:00;1;75;75115;2;1;7;2;RUE LOUIS ARMAND;48,8333470000;2,2772170000
202200031480;19;6;2022;15:05;1;38;38346;1;1;1;7;D502;45,4994480000;5,0944220000
202200031481;22;1;2022;20:11;5;75;75111;2;1;1;6;RUE DE LA ROQUETTE;48,8537620000;2,3708050000
202200031482;19;6;2022;12:00;1;02;02502;2;1;1;6;42 Rue Léo Lagrange;49,6915460000;4,0260150000
202200031483;11;4;2022;08:00;1;75;75115;2;7;1;6;RUE FREMICOURT;48,8478570000;2,3012560000
202200031484;22;1;2022;13:05;1;75;75111;2;2;1;6;RUE DE CHARONNE;48,8535830000;2,3804520000
202200031485;19;6;2022;18:30;1;02;02389;2;2;1;3;6 Rue de Raganne;49,0898390000;3,5327210000
202200031486;11;4;2022;07:03;1;75;75114;2;2;1;6;RUE DE LA LEGION ETRANGERE;48,8205550000;2,3242270000
202200031487;19;6;2022;10:40;1;15;15142;1;1;6;6;Lieu Dit Petit Cordesse;44,9377220000;3,0012420000
202200031488;22;1;2022;00:18;5;75;75109;2;2;1;3;BOULEVARD HAUSSMANN;48,8723620000;2,3374190000
202200031489;17;6;2022;19:40;1;15;15113;1;1;1;7;D17;45,1022900000;2,6701610000
202200031490;11;4;2022;09:05;1;75;75113;2;3;1;6;RUE NEUVE TOLBIAC;48,8320150000;2,3791480000
202200031491;19;6;2022;06:00;2;15;15122;2;1;1;6;nationale 122;44,7116020000;2,1980060000
202200031492;22;1;2022;19:20;5;75;75107;2;7;1;6;AVENUE DE LOWENDAL;48,8509000000;2,3059610000
202200031493;22;1;2022;13:30;1;94;94016;2;1;1;7;DUMOTEL (AV);48,7901600000;2,3328900000
202200031494;18;6;2022;14:50;1;01;01199;2;1;1;6;73 Rue du Champ de Foire;46,0392480000;5,4057850000
202200031495;11;4;2022;08:05;1;75;75113;2;3;1;3;RUE DU DESSOUS DES BERGES;48,8265060000;2,3745530000
202200031496;19;6;2022;15:52;1;01;01245;1;1;1;7;Route de Neuville (Bohas);46,1295900000;5,3898670000
202200031497;22;1;2022;20:30;5;94;94028;2;2;1;4;Rue de Falkirk / Rue du Lac;48,7720000000;2,4588500000
202200031498;11;4;2022;14:30;1;75;75109;2;7;1;6;PLACE DE L OPERA;48,8710650000;2,3318990000
202200031499;19;6;2022;19:23;1;54;54205;1;1;1;6;Route de trondes;48,6954213908;5,7629682784
202200031500;22;1;2022;16:40;1;93;93008;2;1;1;3;Chemin de Groslay;48,9067659774;2,4708874226
202200031501;17;6;2022;22:00;1;14;14659;1;1;1;1;D183;49,0592770000; -0,2257530000
202200031502;11;4;2022;16:35;1;75;75107;2;2;1;3;QUAI D ORSAY;48,8628440000;2,3134640000
202200031503;21;1;2022;22:25;5;92;92046;2;1;1;6;Charles de gaulle;48,8225994116;2,2989665419
202200031504;18;6;2022;15:50;1;50;50624;1;1;7;6;22 Route de Coutances;49,0740700000; -1,4707680000
202200031505;11;4;2022;11:48;1;94;94078;2;2;1;3;Rue de Paris;48,7513600000;2,4453100000
202200031506;22;1;2022;15:36;1;92;92044;2;2;1;3;DANTON(RUE) 1A73 ET 2A88;48,8880561289;2,2861916497
202200031507;19;6;2022;16:35;1;09;09173;1;1;1;1;D919;43,0346320000;1,5454990000
202200031508;11;4;2022;14:40;1;94;94003;2;1;1;7;96 Rue Camille Desmoulins;48,7977800000;2,3443600000
202200031509;18;6;2022;21:00;1;18;18054;1;1;1;1;;46,8834640000;2,7668170000
202200031510;22;1;2022;18:55;3;92;92035;2;1;1;2;Aigle ( rue de l' );48,9045766913;2,2459474504
202200031511;22;1;2022;13:20;1;35;35013;1;1;1;7;RD 177;47,6857030000; -2,0639240000
202200031512;11;4;2022;14:10;1;94;94003;2;2;1;3;Avenue de la Convention;48,8008700000;2,3333800000
202200031513;18;6;2022;14:39;1;43;43268;1;1;1;1;Route de Retournac;45,1532630000;4,0885450000
202200031514;19;6;2022;01:30;3;07;07328;1;1;1;6;;44,3445390000;4,3642130000
202200031515;22;1;2022;12:20;1;62;62150;1;1;1;1;RD 142;50,4229290000;1,8155340000
202200031516;11;4;2022;12:45;1;94;94034;2;3;1;3;Avenue de la Paix;48,7609300000;2,3299900000
202200031517;19;6;2022;17:45;1;07;07096;1;1;1;7;D120;44,8529330000;4,5616440000
202200031518;23;1;2022;08:15;1;24;24295;1;1;1;6;Route de l Alambic;45,1215520000;0,5756770000
202200031519;9;4;2022;20:47;2;94;94038;2;1;1;6;Avenue Henri Barbusse;48,7808000000;2,3278160000
202200031520;19;6;2022;01:45;3;24;24074;1;1;1;1;D704a;44,8600170000;1,2964400000
202200031521;22;1;2022;21:00;5;31;31113;2;1;1;6;21 Avenue du Lauragais;43,5143230000;1,4996750000
202200031522;17;6;2022;21:47;2;24;24520;2;1;1;6;Avenue Simone Veil;44,8749970000;1,2257590000
202200031523;22;1;2022;11:25;1;57;57469;1;1;1;6;D39a;48,8745100000;6,9588090000
202200031524;10;4;2022;18:20;1;94;94017;2;1;1;4;Pont de Nogent;48,8306700000;2,4930100000
202200031525;19;6;2022;16:40;1;23;23048;1;1;1;1;Epinasse;46,0078310000;2,3127240000
202200031526;10;4;2022;07:15;1;94;94017;2;3;1;1;Boulevard de Stalingrad / Rue de Rosignano Marittimo;48,8177910233;2,5060050487
202200031527;16;6;2022;09:36;1;37;37223;1;3;1;3;La Croix du Chêne Pilé;47,5155304863;0,2875274420
202200031528;23;1;2022;18:25;3;71;71270;1;1;1;6;A6 PK 391+700;46,2819310000;4,7886340000
202200031529;19;6;2022;01:15;5;88;88372;2;1;1;6;Rue Charles Clavière;48,4075290000;6,8441020000
202200031530;22;1;2022;14:30;1;58;58044;1;1;8;6;Cadoux;47,5015651900;2,9062861462
202200031531;11;4;2022;19:35;1;93;93070;2;2;1;7;Rue Emmy Noether / Boulevard Victor Hugo;48,9048700000;2,3223100000
202200031532;18;6;2022;19:00;1;88;88496;1;1;1;7;D18;48,2193330000;5,7999550000
202200031533;23;1;2022;02:15;3;85;85084;1;1;1;6;RD 48;46,7475680000; -1,1144605000
202200031534;11;4;2022;18:20;1;93;93064;2;3;1;6;Boulevard Gabriel Péri / Rue Conrad Adenauer;48,8775500000;2,4834300000
202200031535;19;6;2022;03:40;3;53;53145;1;1;2;1;D22, PR 20+560;47,8403240000; -0,7924960000
202200031536;22;1;2022;17:14;1;22;22267;1;1;1;6;D16;48,3091380000; -2,3416540000
202200031537;11;4;2022;16:15;1;93;93051;2;1;1;6;Boulevard du Champy Richardets;48,8370727124;2,5730404258
202200031538;18;6;2022;22:50;3;68;68042;1;1;1;2;A35;47,6230070000;7,5100350000
202200031539;23;1;2022;15:30;1;91;91225;1;1;1;4;D33;48,6600370000;2,5172400000
202200031540;11;4;2022;18:15;1;93;93010;2;1;1;5;Avenue de Rosny;48,9011700000;2,4709500000
202200031541;18;6;2022;13:45;1;69;69253;1;1;1;3;12 Route de Lyon;45,4805726514;4,7836758161
202200031542;21;1;2022;18:30;2;56;56075;1;4;2;3;D773;47,9321300000; -2,1277430000
202200031543;11;4;2022;18:50;1;93;93005;2;1;1;2;Rue Jacques Duclos;48,9487000000;2,4896000000
202200031544;18;6;2022;07:45;1;988;98822;1;3;2;6;Tribu de Tié - RT3; -20,8986100000;165,2986400000
202200031545;22;1;2022;18:15;3;89;89235;1;3;8;1;D606;47,4928920000;3,9740680000
202200031546;18;6;2022;01:00;5;972;97228;1;1;1;6;N1;14,8043640000; -61,0074020000
202200031547;11;4;2022;14:23;1;92;92044;2;1;1;6;ANA. FRANCE(RUE)1A75 ET 2A72;48,8933500000;2,2839080000
202200031548;22;1;2022;16:45;1;89;89478;1;1;1;6;D606;47,7075740000;3,6259080000
202200031549;11;4;2022;20:15;2;92;92040;2;1;1;1;ROGER SALENGRO;48,8239593929;2,2639608979
202200031550;23;1;2022;15:50;1;63;63170;1;1;1;6;le biot;45,8735982763;2,7407616377
202200031551;18;6;2022;13:45;1;37;37138;1;1;1;5;D751;47,3981860000;0,9109060000
202200031552;23;1;2022;05:00;3;49;49030;1;1;1;6;les longs bois;47,3738990000; -0,0696520000
202200031553;11;4;2022;09:15;1;92;92025;2;1;1;3;EGALITE (RUE DE L');48,9223990000;2,2414100000
202200031554;18;6;2022;14:20;1;18;18207;2;3;1;3;avenue du Gal Leclerc;47,0000050000;2,2605440000
202200031555;23;1;2022;04:13;3;49;49373;1;6;1;6;D960;47,1371250000; -0,5777260000
202200031556;18;6;2022;15:30;1;95;95690;1;1;1;7;RD 159;49,1024350000;1,8233500000
202200031557;23;1;2022;10:28;1;12;12288;1;1;1;6;D962;44,4654460000;2,4348660000
202200031558;11;4;2022;17:55;1;92;92012;2;6;1;4;ANDRE MORIZET (AVENUE) - 49/FIN - 54/FIN;48,8403506973;2,2292265594
202200031559;18;6;2022;20:45;2;2A;2A272;1;1;1;1;T40;41,4981320000;8,9488260000
202200031560;23;1;2022;10:00;1;42;42273;1;1;1;6;Route de la Noaille;46,1902520000;4,0866890000
202200031561;18;6;2022;18:30;1;30;30258;1;1;1;6;Cc N 20 de Générac au Palus;43,6854590000;4,3785080000
202200031562;11;4;2022;11:20;1;92;92002;2;1;1;3;ARISTIDE BRIAND (AVENUE);48,7632429307;2,3087272346
202200031563;23;1;2022;08:50;1;86;86249;1;1;8;6;Les Loges Nord;46,8710380000;0,2273440000
202200031564;19;6;2022;02:30;4;34;34209;1;9;1;6;D612;43,3131815725;3,3319760439
202200031565;9;4;2022;21:30;5;92;92002;2;7;1;2;GENERAL DE GAULLE (AVENUE DU);48,7632800000;2,3055200000
202200031566;21;1;2022;09:50;1;22;22207;2;1;1;6;rue du foyer;48,6126190000; -3,4725490000
202200031567;18;6;2022;21:15;2;84;84141;1;1;1;7;D942;43,9876406201;4,8963888644
202200031568;8;4;2022;16:25;1;59;59426;1;9;1;6;AUTOROUTE A22;50,7620334555;3,1595839262
202200031569;19;6;2022;09:50;1;06;06003;1;1;1;1;Col de Castellaras (Col de montagne);43,7840490000;6,8325330000
202200031570;18;6;2022;19:05;1;04;04039;1;1;1;6;RD 4085;43,8561048476;6,4956718683
202200031571;23;1;2022;14:56;1;31;31031;2;2;1;1;rd817;43,0929140000;0,5854300000
202200031572;11;4;2022;13:55;1;94;94038;1;1;1;2;AUTOROUTE A6A;48,7779200000;2,3465200000
202200031573;19;6;2022;11:30;1;13;13082;1;9;1;3;D18;43,6502520000;5,3269100000
202200031574;23;1;2022;15:45;1;70;70477;1;1;1;6;Départementale 9;47,5615700000;6,6185440000
202200031575;10;4;2022;19:40;1;92;92025;1;1;1;2;A86;48,9210478916;2,2257384571
202200031576;23;1;2022;05:47;5;58;58118;2;1;1;6;94 Le Cours Garnet;46,8222250000;3,7075620000
202200031577;19;6;2022;06:45;1;67;67151;1;1;7;1;D29;48,6914630000;7,9135570000
202200031578;10;4;2022;06:45;3;78;78466;1;1;1;4;A13;48,9352640000;1,9648550000
202200031579;19;6;2022;16:30;1;54;54020;1;3;7;1;D400;48,6058440442;6,4315831656
202200031580;23;1;2022;17:30;2;14;14761;2;1;1;6;D613;49,1224320000; -0,1998730000
202200031581;10;4;2022;05:50;3;78;78490;1;1;1;6;RN12 EXT;48,8016680000;1,9481900000
202200031582;17;6;2022;16:20;1;74;74290;1;3;1;3;Route des Confins du Valais;46,0495330000;6,9443950000
202200031583;21;1;2022;18:30;5;85;85108;2;1;1;7;31 Place du Marché;46,9086250000; -1,3791440000
202200031584;9;4;2022;16:05;1;78;78646;1;1;1;2;RN12;48,7932640000;2,0819220000
202200031585;22;1;2022;17:45;3;27;27533;1;1;1;7;Rue du Coudray;49,3090640000;1,7225360000
202200031586;18;6;2022;20:09;2;38;38298;2;2;1;3;Avenue Jacques Prévert;45,3712850000;4,8011220000
202200031587;13;6;2022;18:32;1;38;38250;1;1;1;7;D143;45,6140900000;5,4238770000
202200031588;23;1;2022;09:10;1;30;30259;2;3;1;3;D981;44,1048000000;4,1265680000
202200031589;13;4;2022;11:20;1;63;63345;1;2;1;3;D778 PK 1.250;45,7160080000;2,9943000000
202200031590;19;6;2022;14:45;1;26;26168;1;1;1;1;Route de Grenoble;44,7014270000;5,6816910000
202200031591;23;1;2022;16:00;1;48;48009;1;8;1;3;le bouchet;44,7093230000;3,2903410000
202200031592;19;6;2022;11:30;1;01;01101;1;1;1;7;;46,1015960000;5,5745320000
202200031593;22;1;2022;18:55;3;24;24274;1;3;1;1;"intersection D.17 / D.933 - lieu dit ""le peyrat""";44,8004090000;0,4568820000
202200031594;13;4;2022;08:15;1;68;68026;2;1;1;1;D1b;48,1411700000;7,3250380000
202200031595;21;1;2022;10:15;1;35;35352;2;6;1;6;26 rue de Chateaubriant;48,0438670000; -1,6015950000
202200031596;18;6;2022;15:00;1;69;69273;2;6;1;4;Rue du Dauphiné;45,6773560000;4,9008460000
202200031597;18;6;2022;21:30;2;69;69003;2;6;1;6;Avenue Henri Barbusse;45,8576460000;4,8350980000
202200031598;13;4;2022;09:35;1;972;97207;1;1;1;3;route nationale 5;14,5795960000; -60,9822430000
202200031599;22;1;2022;20:55;3;01;01290;1;1;1;3;autoroute A42 - PK 027+300 - sens GENEVE/LYON;45,8738350000;5,2009160000
202200031600;19;6;2022;01:45;3;22;22343;1;1;2;6;Route de Lannion;48,7577240000; -3,5306940000
202200031601;13;4;2022;16:45;1;19;19072;1;1;1;7;A20;45,2331540000;1,5133340000
202200031602;14;6;2022;07:20;1;57;57600;1;1;1;3;D653;49,4723350000;6,1861820000
202200031603;9;4;2022;23:00;3;34;34088;1;1;1;6;D114;43,5460000000;3,7396400000
202200031604;22;1;2022;17:50;5;41;41136;2;4;1;1;RD 2152;47,6970760000;1,5008890000
202200031605;18;6;2022;03:45;5;69;69029;2;1;1;4;Boulevard Laurent Bonnevay;45,7487600000;4,9070300000
202200031606;11;4;2022;17:30;1;19;19093;1;1;1;1;D 73 - 1155 Route du Pont de Coudert;45,0878573861;1,5380803413
202200031607;12;1;2022;23:37;3;91;91041;1;1;1;5;Route Nationale 20;48,5635360000;2,2285060000
202200031608;18;6;2022;06:40;1;91;91645;1;1;1;3;RN 118;48,7587600000;2,2244900000
202200031609;13;4;2022;21:10;2;79;79063;1;1;1;2;;47,0018410000; -0,3768400000
202200031610;18;6;2022;03:11;3;93;93001;1;1;1;1;AUTOROUTE A86;48,9210000000;2,3750000000
202200031611;22;1;2022;18:10;3;30;30042;1;1;1;3;Route de Bagard;44,0536200000;4,0365800000
202200031612;12;4;2022;16:41;1;79;79063;1;1;1;7;Lieu Dit Les Brunetières;47,0069020000; -0,4086900000
202200031613;18;6;2022;11:50;1;94;94018;1;1;1;4;A4;48,8203988353;2,4015747159
202200031614;23;1;2022;14:15;1;84;84003;1;1;1;1;ZI des Bourguignons;43,8963690000;5,3754040000
202200031615;12;4;2022;19:00;1;80;80162;1;1;1;1;D28, sens Caix/Beaucourt-en-santerre;49,8107120000;2,6339510000
202200031616;23;1;2022;10:12;1;84;84081;2;2;1;3;23 Avenue du General Leclerc;43,9339770000;4,9017820000
202200031617;14;4;2022;19:10;1;76;76305;2;9;1;3;CAMP PHILIP MORIS (RUE);49,5093000000;0,2276800000
202200031618;13;4;2022;20:35;2;61;61484;1;2;1;3;La Banse;48,2515600000;0,7001740000
202200031619;23;1;2022;10:30;1;84;84141;1;1;1;3;D6;43,9716810000;4,9157920000
202200031620;13;4;2022;22:50;5;76;76351;2;3;1;2;COMMANDANT FRATACCI (COURS);49,4910800000;0,1228700000
202200031621;12;4;2022;22:10;3;47;47226;1;3;2;1;Au Matou;44,6367880000;0,3509670000
202200031622;23;1;2022;13:30;1;06;06050;1;1;1;3;D2;43,7861630000;7,0066850000
202200031623;8;4;2022;09:00;1;76;76481;1;1;3;2;D6382;49,5325900000;0,1170800000
202200031624;23;1;2022;00:55;3;06;06128;1;1;1;2;Route de Cagnes;43,6950750000;7,1301050000
202200031625;23;1;2022;17:00;2;71;71360;2;1;8;7;Rue de la Poste;46,3224750000;4,7436900000
202200031626;8;4;2022;16:45;1;54;54367;1;1;4;4;52 (ROUTE NATIONALE);49,5025000000;5,7919000000
202200031627;17;4;2022;02:20;5;94;94043;1;1;1;6;AUTOROUTE A6B;48,8154100000;2,3561100000
202200031628;11;4;2022;16:00;1;29;29075;1;1;1;5;N265;48,4165301833; -4,4256564389
202200031629;22;1;2022;18:45;3;54;54269;1;1;1;6;Route Nationale 4;48,5991253088;6,3894510264
202200031630;22;1;2022;14:31;1;63;63284;2;1;1;6;25 avenue de l'europe;45,7990820000;3,2265580000
202200031631;18;6;2022;00:05;5;974;97411;2;2;1;3;AUBER (RUE JULES); -20,8739200000;55,4514900000
202200031632;12;4;2022;08:00;1;86;86086;1;2;1;2;D80;46,8297490000;0,7175440000
202200031633;23;1;2022;12:00;1;42;42122;1;1;1;7;Chemin de la Grosse Pierre;45,5773106270;4,0669821203
202200031634;16;6;2022;12:00;1;974;97411;2;3;1;3;QUATRE VOIES GILLOT (ROUTE A); -20,8868500000;55,4899500000
202200031635;30;3;2022;14:45;1;68;68074;2;2;1;3;1 rue de dannemarie;47,4848520000;7,2409880000
202200031636;17;5;2022;12:20;1;69;69388;2;2;1;3;Boulevard des Etats-Unis;45,7349500000;4,8633800000
202200031637;22;1;2022;19:00;3;64;64407;2;1;1;1;Route de Saint-Pierre-d’Irube;43,4628388136; -1,4105218898
202200031638;12;4;2022;21:00;5;68;68320;2;1;1;3;Rue de Thann (Spechbach-le-Bas);47,6691440000;7,2276410000
202200031639;17;6;2022;06:35;2;69;69388;2;5;1;3;Boulevard des Etats-Unis;45,7293400000;4,8677400000
202200031640;12;4;2022;14:00;1;29;29077;1;2;1;5;Lieu Dit Poul Ar March;48,6261620000; -4,3852450000
202200031641;17;6;2022;15:50;1;972;97209;2;1;1;6;AGEGILAS (CHEMIN);14,6180600000; -61,0718400000
202200031642;17;6;2022;07:15;1;972;97213;1;1;1;3;;14,6207000000; -61,0313000000
202200031643;21;1;2022;19:25;3;13;13211;1;1;1;4;A50-Sens Aubagne vers Marseille;43,2859400000;5,5114100000
202200031644;12;4;2022;18:05;1;14;14012;1;3;1;5;D675;49,2408181250; -0,0207796044
202200031645;16;6;2022;20:00;3;972;97209;1;1;1;2;RD 41 (ROCADE);14,6105600000; -61,0851200000
202200031646;13;4;2022;15:45;1;60;60509;1;1;8;1;D1017;49,3229260000;2,6035450000
202200031647;22;1;2022;04:15;3;91;91570;1;1;1;6;RN 104;48,6252800000;2,3191950000
202200031648;17;6;2022;16:55;1;2B;2B353;2;3;1;1;FORT DE TOGA (RUE DU);42,7140100000;9,4520200000
202200031649;12;4;2022;18:30;1;73;73128;1;3;1;3;D1201 Route de l Albanais;45,7169988878;5,9177287437
202200031650;9;4;2022;17:32;1;18;18069;1;1;1;7;La Tranchasse;46,6847240000;2,5419520000
202200031651;10;4;2022;18:45;1;36;36120;1;2;1;3;Le Lac Girault;46,6959620000;1,8878840000
202200031652;9;4;2022;02:00;3;87;87133;1;6;1;6;La Croisiere;46,2031250000;1,3798840000