Num_Acc;jour;mois;an;hrmn;lum;dep;com;agg;int;atm;col;adr;lat;long
202200031898;19;5;2022;13:15;1;93;93048;2;2;1;3;Boulevard Henri Barbusse / Rue Ernest Savart;48,8684250000;2,4414500000
202200031899;19;5;2022;12:12;1;93;93074;1;1;1;4;D933;48,9346800000;2,6020800000
202200031900;14;5;2022;09:00;1;93;93030;2;2;1;6;Avenue du Général de Gaulle / Allee Francois Rabelais;48,9496230000;2,4149620000
202200031901;19;5;2022;22:00;5;93;93010;2;1;1;3;Avenue Pasteur;48,9045604712;2,4852710366
202200031902;19;5;2022;13:00;1;93;93005;2;2;1;3;Rue Camille Pelletan / Avenue Kléber;48,9426890000;2,4948600000
202200031903;19;5;2022;19:17;1;92;92050;2;3;1;6;PROVINCES FRANCAISES BD DES;48,9003620000;2,2135660000
202200031904;19;5;2022;19:05;1;13;13215;1;1;1;2;A7-Sens Lyon vers Marseille;43,3722000000;5,3611400000
202200031905;18;5;2022;11:50;1;13;13001;1;1;1;6;A51-Sens Marseille vers Aix en Provence;43,5175200000;5,4289500000
202200031906;18;5;2022;18:15;1;13;13215;1;1;1;4;A7-Sens Lyon vers Marseille;43,3703600000;5,3609900000
202200031907;18;5;2022;23:22;3;83;83112;1;1;1;6;A50;43,1965000000;5,7043700000
202200031908;17;5;2022;23:55;3;69;69204;1;1;1;2;Autoroute 450;45,6848900000;4,8062400000
202200031909;6;5;2022;23:25;3;69;69296;1;1;1;2;Autoroute 7;45,6525500000;4,8372100000
202200031910;19;5;2022;06:40;2;33;33249;1;1;1;3;ROUTE NATIONALE 230;44,8698490000; -0,5050790000
202200031911;13;5;2022;08:30;1;59;59350;1;1;1;6;AUTOROUTE A25;50,6162800000;3,0745000000
202200031912;19;5;2022;19:25;1;78;78297;1;1;1;2;RN12;48,7889450000;2,0608190000
202200031913;19;5;2022;14:30;1;92;92048;1;1;1;2;N118;48,8035991732;2,2141988821
202200031914;18;5;2022;08:20;1;78;78158;1;1;1;5;A13;48,8317150000;2,1469740000
202200031915;18;5;2022;07:40;1;78;78621;1;1;1;2;RN12 EXT;48,7992220000;1,9883940000
202200031916;18;5;2022;18:45;1;93;93066;1;1;1;3;AUTOROUTE A1;48,9317100000;2,3701300000
202200031917;18;5;2022;15:00;1;92;92036;1;1;1;4;AUTOROUTE A15;48,9458291540;2,2833738855
202200031918;18;5;2022;15:25;1;93;93005;1;1;1;2;AUTOROUTE A1;48,9598600000;2,4667800000
202200031919;18;5;2022;09:00;1;95;95241;1;1;1;4;RN 104;49,0495600000;2,4318400000
202200031920;18;5;2022;08:40;1;95;95018;1;1;1;3; A15;48,9549200000;2,2783700000
202200031921;18;5;2022;09:50;1;93;93005;1;1;1;3;AUTOROUTE A1;48,9603700000;2,4676900000
202200031922;18;5;2022;07:20;1;93;93010;1;1;1;4;AUTOROUTE A3;48,9116300000;2,4759600000
202200031923;19;5;2022;19:15;1;77;77384;1;1;1;6;A5b;48,6244240000;2,6292270000
202200031924;18;5;2022;13:00;1;77;77449;1;1;1;2;A4;48,8329880000;2,7907650000
202200031925;19;5;2022;17:45;1;18;18258;1;1;1;6;Saint Louis;47,3733750000;2,7869550000
202200031926;17;5;2022;21:10;2;35;35017;1;2;1;3;D79;48,3320126277; -1,8930310383
202200031927;20;5;2022;09:30;1;52;52307;1;1;1;3;A5 PK 225.200 Sens Langres vers Troyes;47,9313630000;5,2114110000
202200031928;16;5;2022;16:55;1;12;12096;2;3;1;3;Avenue de Saint-Côme;44,5241140000;2,7672350000
202200031929;2;10;2022;16:25;1;91;91434;2;1;2;3;ELSA TRIOLET (SQUARE);48,6650300000;2,3435000000
202200031930;16;5;2022;18:15;1;01;01153;1;1;1;1;Route de Mury;46,3083440000;6,0447550000
202200031931;2;10;2022;11:30;1;91;91103;2;1;1;7;SALVADOR ALLENDE (RUE);48,6180320000;2,3088170000
202200031932;19;5;2022;08:30;1;35;35006;1;3;2;3;D110;48,0648317273; -1,1670948565
202200031933;20;5;2022;17:30;1;67;67485;1;1;1;1;RD 64;48,6339370000;7,6225590000
202200031934;2;10;2022;10:17;1;74;74118;2;9;2;6;EUROPE (AVENUE DE L');46,1823300000;6,2301700000
202200031935;21;4;2022;12:10;1;87;87119;1;1;1;4;A20;45,6839110000;1,3675080000
202200031936;2;10;2022;21:10;5;69;69266;2;1;1;1;Rue Descartes;45,7724600000;4,8724100000
202200031937;19;5;2022;20:00;1;68;68043;2;1;1;7;17 Rue de Soultz;47,8622870000;7,2573170000
202200031938;2;5;2022;10:20;1;30;30005;1;1;1;6;Route départementale 901;44,2958110000;4,5558290000
202200031939;2;10;2022;20:17;5;69;69290;2;9;1;1;Rue Aristide Briand;45,6930000000;4,9318700000
202200031940;16;5;2022;13:40;1;41;41149;2;3;1;3;Avenue de la Paix;47,7584550000;0,8747970000
202200031941;2;10;2022;07:40;2;68;68066;2;2;1;3;NEUF BRISACH (ROUTE DE);48,0799800000;7,3686800000
202200031942;20;5;2022;07:30;1;30;30225;1;1;1;2;;44,1696800000;4,5694330000
202200031943;18;5;2022;23:02;3;83;83120;1;1;1;1;Route Départementale 560;43,3848910000;5,7249980000
202200031944;2;10;2022;18:15;1;64;64445;2;1;1;2;Allée Condorcet;43,3208900000; -0,3589700000
202200031945;19;5;2022;23:50;3;56;56058;1;1;1;1;D774;47,5044610000; -2,3003860000
202200031946;2;10;2022;17:25;1;64;64335;1;1;1;2;Route de Sault de Navailles;43,3567900000; -0,4418100000
202200031947;18;5;2022;11:30;1;74;74123;2;1;1;6;Route de Thônes;45,7553300000;6,2970970000
202200031948;1;10;2022;20:30;3;64;64335;1;1;1;1;Chemin Salie;43,3433407290; -0,4144642843
202200031949;19;5;2022;07:55;1;67;67552;1;1;1;1;D800;48,8890160000;7,0750240000
202200031950;26;9;2022;14:55;1;59;59009;2;1;2;1;8 MAI 1945 RUE DU A PARTIR DU N° 60;50,6341064125;3,1552621722
202200031951;20;5;2022;20:05;1;80;80649;1;1;1;7;Le Châteauneuf;50,3454190000;1,6108060000
202200031952;1;10;2022;05:00;5;57;57463;2;1;1;2;HAUTE SEILLE (RUE );49,1165200000;6,1808600000
202200031953;15;5;2022;18:20;1;82;82025;1;2;1;3;Route de Montech;43,9578310000;1,2866450000
202200031954;2;10;2022;20:30;1;42;42044;2;1;1;6;Rue Maxime Gorki;45,3993100000;4,3480100000
202200031955;15;5;2022;15:15;1;71;71095;2;2;1;3;Route de Chauffailles;46,2606760000;4,2931650000
202200031956;2;10;2022;08:20;1;34;34129;1;3;1;3;BOIRARGUES (AVENUE DE);43,5827900000;3,9251500000
202200031957;19;5;2022;15:20;1;71;71050;1;1;1;6;Col des Enceints (Col de montagne);46,3482310000;4,6578170000
202200031958;19;5;2022;10:30;1;89;89467;1;1;1;2;D103;48,2832230000;3,0602780000
202200031959;2;10;2022;07:35;2;33;33063;2;3;1;3;Rue Achard;44,8669700000; -0,5485400000
202200031960;2;10;2022;09:40;1;33;33063;2;1;1;7;Quai Richelieu;44,8396400000; -0,5682000000
202200031961;2;10;2022;08:30;1;33;33550;1;3;1;6;Chemin de la Caminasse;44,7711000000; -0,5282000000
202200031962;19;5;2022;16:30;1;49;49011;1;1;1;1;Rue du Coudray;47,1894210000; -0,1014950000
202200031963;14;5;2022;15:30;1;39;39470;1;1;1;6;Les Cressonnières;46,4580750000;6,0696890000
202200031964;1;10;2022;18:00;1;29;29151;1;2;1;3;Route de Lanmeur;48,6065700000; -3,7976600000
202200031965;19;5;2022;17:45;1;25;25157;2;1;1;3;Le Frambourg;46,8731050000;6,3772520000
202200031966;3;10;2022;00:05;5;29;29039;2;1;1;6;42 Avenue de la Gare;47,8762090000; -3,9191720000
202200031967;12;5;2022;17:50;1;25;25022;2;1;1;1;80 rue de la 5 ème DB;47,5217900000;6,6592970000
202200031968;2;10;2022;03:00;3;29;29019;2;6;2;6;boulevard de l'Europe;48,4131696880; -4,5078513620
202200031969;5;5;2022;19:09;1;01;01265;2;1;1;3;Avenue de Bresse;46,1710380000;5,5755830000
202200031970;3;10;2022;00:00;5;25;25056;2;6;2;6;GRAY ROUTE DE;47,2442000000;5,9831200000
202200031971;15;5;2022;18:10;1;72;72129;1;2;1;3;Les Brosses;48,0439400000;0,3342620000
202200031972;1;10;2022;19:30;3;17;17291;1;1;2;4;N11;46,1750200000; -1,1106800000
202200031973;19;5;2022;12:45;1;50;50087;1;1;1;5;Route des Haguenées;49,5638250000; -1,5706560000
202200031974;20;5;2022;14:40;1;90;90045;1;1;7;1;rd 463 feche l'eglise;47,5090770000;6,9610940000
202200031975;1;10;2022;17:33;1;13;13211;2;1;1;1;BARASSE;43,2846930848;5,4860186577
202200031976;20;5;2022;16:12;1;60;60492;1;1;1;6;Route de Ribecourt;49,5114195410;2,9412438869
202200031977;2;10;2022;07:30;1;13;13005;1;1;1;6;RN 396 (ROUTE NATIONALE);43,3204000000;5,5860000000
202200031978;20;5;2022;15:15;1;43;43211;1;1;1;6;RN 88;45,2064430000;4,1413740000
202200031979;2;10;2022;05:17;5;06;06088;2;1;1;1;MADELEINE (BD DE LA);43,7065900000;7,2323100000
202200031980;20;5;2022;02:15;3;07;07017;1;1;1;6;;44,4165630000;4,1563400000
202200031981;19;5;2022;18:00;1;40;40230;2;1;1;6;51 Avenue du Marensin;43,7884760000; -0,9251690000
202200031982;20;5;2022;17:40;1;40;40134;2;2;1;3;Rue de Gouveia;44,2093550000; -0,9256010000
202200031983;2;10;2022;02:33;3;06;06088;2;1;1;1;JOLY (CORNICHE ANDRE DE);43,7000300000;7,2939900000
202200031984;20;5;2022;14:25;1;85;85289;1;3;1;1;La Maquinière;46,6639470000; -0,7541410000
202200031985;2;10;2022;10:55;1;06;06069;2;2;1;3;SAINT LAURENT (AVENUE);43,6802000000;6,9602800000
202200031986;18;5;2022;12:40;1;85;85135;1;2;1;3;RD746;46,5077850000; -1,2001812000
202200031987;1;5;2022;06:30;1;973;97307;2;9;1;6;RN 2 route de l'Est;4,8565680000; -52,3342270000
202200031988;26;9;2022;17:40;1;04;04112;2;6;1;3;POMPIDOU (AV.GEORGES);43,8271800000;5,7813900000
202200031989;1;10;2022;12:18;1;02;02168;2;9;1;6;;49,0375000000;3,3915000000
202200031990;1;10;2022;16:45;1;01;01053;2;1;2;6;LYON (AVENUE DE - N° IMPAIRS);46,1941800000;5,2142300000
202200031991;20;5;2022;02:45;3;68;68253;1;1;1;2;A36 - PK 119.000;47,7774340000;7,5081680000
202200031992;26;6;2022;14:15;1;14;14220;2;7;1;2;Avenue Lucien Barrière;49,3592900000;0,0707900000
202200031993;19;5;2022;14:30;1;971;97128;1;1;1;6;Saint Paul;16,2611451583; -61,3991010189
202200031994;28;4;2022;07:15;1;57;57534;1;1;1;2;RN431;49,0875874934;6,2192710878
202200031995;8;3;2022;06:10;2;971;97117;1;3;1;6;RN5 Zévallos;16,3050490000; -61,3017900000
202200031996;1;7;2022;18:25;1;74;74147;2;3;1;6;556 Route de Chevilly;45,7871730000;6,2034180000
202200031997;10;2;2022;18:15;3;978;97801;1;1;1;2;N7 - Route de Hollande - Bellevue;18,0584970000; -63,0855770000
202200031998;18;5;2022;16:45;1;37;37202;1;3;1;3;D759;47,1230885786;0,1923653483
202200031999;2;10;2022;06:40;5;75;75118;2;1;1;2;PORTE DE CLIGNANCOURT;48,9010410000;2,3507640000
202200032000;18;5;2022;15:00;1;28;28015;1;1;1;6;Rue de la Résistance;48,4510370000;1,7742710000
202200032001;2;10;2022;17:00;1;75;75120;2;1;1;2;RUE DES PYRENEES;48,8610110000;2,4004640000
202200032002;20;5;2022;12:00;1;77;77420;1;1;1;4;N2 PK 011+400;49,0440640000;2,6889250000
202200032003;19;5;2022;23:30;5;95;95641;1;1;1;7;Rue de la Haie Marteau;49,0726945034;2,5583446026
202200032004;2;10;2022;14:45;1;75;75101;2;3;1;2;QUAI FRANCOIS MITTERRAND;48,8589840000;2,3398640000
202200032005;20;5;2022;02:00;3;78;78366;1;1;1;5;N12;48,7976170000;1,8631110000
202200032006;1;10;2022;19:14;2;75;75116;2;2;1;3;CARREFOUR DE LONGCHAMP;48,8634670000;2,2393830000
202200032007;19;5;2022;14:45;1;2B;2B093;1;1;1;1;Camping Le Bodri RT 30;42,6234800000;8,9114730000
202200032008;2;10;2022;13:25;1;75;75119;2;7;8;3;PLACE DU COLONEL FABIEN;48,8780190000;2,3706920000
202200032009;6;5;2022;10:55;1;34;34294;1;1;1;5;D34;43,7233040000;4,1026850000
202200032010;2;10;2022;06:50;5;75;75119;2;3;2;2;AVENUE DE FLANDRE;48,8857180000;2,3708220000
202200032011;13;5;2022;18:25;1;84;84144;1;1;1;1;Le clos -- D155;43,8939340000;5,5810550000
202200032012;19;5;2022;18:15;1;06;06070;1;1;1;3;Route de Thorenc;43,8081000000;6,8703000000
202200032013;2;10;2022;03:20;5;75;75119;2;2;2;2;AVENUE DE FLANDRE;48,8907170000;2,3766820000
202200032014;18;5;2022;17:30;1;04;04086;1;1;4;7;RD 900;44,3928710000;6,6869510000
202200032015;2;10;2022;12:20;1;75;75117;2;2;1;6;RUE PIERRE DEMOURS;48,8815570000;2,2951950000
202200032016;2;10;2022;05:23;5;75;75117;2;3;2;3;BOULEVARD DES BATIGNOLLES;48,8832200000;2,3253400000
202200032017;1;10;2022;18:30;1;75;75116;2;4;1;6;RUE DE PASSY;48,8577820000;2,2801930000
202200032018;20;5;2022;14:00;1;04;04143;1;1;1;1;RD 4;43,9374540000;5,9131980000
202200032019;1;10;2022;16:15;1;75;75116;2;7;1;6;AVENUE DE VERSAILLES;48,8477420000;2,2740580000
202200032020;19;5;2022;09:52;1;13;13085;1;1;1;1;D3d;43,2432370000;5,6610270000
202200032021;20;5;2022;06:00;2;26;26165;1;1;1;2;Autoroute A7 PK 086.600 sens N/S;44,7863580000;4,8337640000
202200032022;2;10;2022;15:35;1;75;75115;2;2;2;6;RUE ALAIN CHARTIER;48,8373850000;2,2967300000
202200032023;20;5;2022;06:40;1;71;71090;2;1;1;3;Route du Vieux Moulin;46,2092920000;4,7606100000
202200032024;2;10;2022;07:00;2;75;75114;2;2;1;1;AVENUE DE LA PORTE D ORLEANS;48,8203690000;2,3254340000
202200032025;20;5;2022;16:05;1;52;52447;2;1;1;7;5 Route de Perrancey;47,8787230000;5,2611600000
202200032026;19;5;2022;22:25;5;68;68154;2;6;1;7;D39;47,7736350000;7,3898240000
202200032027;2;10;2022;09:02;1;75;75111;2;4;2;6;BOULEVARD RICHARD LENOIR;48,8621320000;2,3727690000
202200032028;19;5;2022;14:58;1;67;67051;2;1;1;5;72 Route des Vins;48,3412180000;7,4185180000
202200032029;2;10;2022;21:41;5;75;75110;2;4;8;2;BOULEVARD DE MAGENTA;48,8803600000;2,3523960000
202200032030;15;5;2022;14:00;1;03;03076;1;1;1;7;D779;46,5788190000;3,4325840000
202200032031;30;9;2022;19:40;5;75;75114;2;2;1;3;RUE EMILE DEUTSCH DE LA MEURTHE;48,8213700000;2,3343500000
202200032032;15;5;2022;11:45;1;74;74290;1;1;1;1;Col des Montets (Plateforme);46,0048640202;6,9234960078
202200032033;20;5;2022;01:00;3;73;73077;1;1;1;6;D86b;45,5906440000;6,7316790000
202200032034;2;10;2022;14:12;1;75;75102;2;3;2;3;RUE SAINTE ANNE;48,8678560000;2,3362660000
202200032035;26;4;2022;15:10;1;42;42037;1;1;1;2;D5;45,6602470000;4,0725800000
202200032036;2;10;2022;01:45;5;94;94067;2;3;1;3;FOCH (AV);48,8451320000;2,4203470000
202200032037;30;4;2022;09:10;2;69;69219;1;3;1;3;Route de Ravel;45,6258790000;4,7012900000
202200032038;20;4;2022;08:15;1;65;65059;2;3;2;6;Allée Jean Jaurès;43,0646940000;0,1531760000
202200032039;18;5;2022;17:35;1;09;09039;1;1;1;2;D625;43,0669200000;1,8801210000
202200032040;2;10;2022;14:00;1;94;94076;2;9;2;3;VICTOR HUGO (R);48,7896900000;2,3649800000
202200032041;20;5;2022;05:30;3;40;40179;1;1;1;6;D824;43,7178690000; -1,1316890000
202200032042;1;10;2022;10:25;1;94;94073;2;3;2;2;REPUBLIQUE (AV DE LA);48,7669500000;2,3938000000
202200032043;19;5;2022;19:45;1;33;33080;1;1;1;6;;44,7479520000; -0,5600450000
202200032044;2;10;2022;16:30;1;94;94022;2;2;8;2;Avenue Victor Hugo / Rue d'Alsace-lorraine;48,7687740000;2,4207210000
202200032045;15;5;2022;17:25;1;33;33416;2;2;1;1;;45,1339770000; -0,5345320000
202200032046;18;5;2022;22:45;3;72;72025;1;1;1;7;Route de Fougeré;47,6540420000; -0,1087470000
202200032047;2;10;2022;10:30;1;94;94069;2;2;1;6;Avenue des Canadiens / Avenue de Gravelle;48,8171300000;2,4589000000
202200032048;19;5;2022;08:20;1;44;44198;1;1;1;5;D178;47,1325500000; -1,5175600000
202200032049;2;10;2022;00:05;5;93;93055;2;3;1;5;Avenue du General Leclerc / Rue Diderot;48,9005287456;2,4109705651
202200032050;20;5;2022;03:00;3;56;56176;1;1;1;6;N165 sens Vannes/Lorient;47,6681110000; -2,9525760000
202200032051;2;10;2022;02:15;3;93;93051;2;3;1;6;Boulevard du Ru de Nesles / Avenue Médéric;48,8306800000;2,5846900000
202200032052;2;10;2022;14:20;1;93;93007;2;2;1;3;Rue Julian Grimau / Rue Victor Hugo;48,9410400000;2,4588000000
202200032053;20;5;2022;11:30;1;59;59218;1;1;3;1;Cantraine;50,0821780000;3,9580390000
202200032054;2;10;2022;07:25;2;92;92073;2;2;9;3;ESTIENNE D'ORVES (RUE HONORE D');48,8734895453;2,2252244353
202200032055;19;4;2022;10:20;1;59;59350;2;1;8;6;BELFORT BOULEVARD DE;50,6216500000;3,0788900000
202200032056;2;10;2022;18:32;2;92;92022;2;2;1;3;FRANCE (RUE ANATOLE);48,8072578309;2,1877676546
202200032057;17;4;2022;18:20;1;40;40197;1;1;1;2;départementale 38;44,0359000000; -0,9534070000
202200032058;2;10;2022;08:50;1;92;92072;2;1;1;6;PONT DE SEVRES;48,8281200000;2,2259300000
202200032059;30;1;2022;16:50;1;74;74220;1;1;1;6;269 Route de la Pierre-aux-Fées;46,1278610000;6,2839440000
202200032060;2;10;2022;11:45;1;92;92048;2;1;8;2;MAL DE LATTRE DE TASSIGNY (AVENUE);48,7857721277;2,2291898131
202200032061;2;10;2022;20:00;5;92;92026;2;1;1;3;FAUVELLES (15 A FIN);48,9006793914;2,2318173051
202200032062;1;10;2022;15:10;1;92;92025;2;1;1;1;COLBERT  1A 53   2 A 40 (RUE);48,9155800000;2,2326880000
202200032063;18;5;2022;14:10;1;69;69387;2;2;1;3;Rue des Girondins;45,7389100000;4,8305000000
202200032064;2;10;2022;11:15;1;92;92012;2;6;1;2;ANATOLE FRANCE (BOULEVARD) 5/FIN;48,8502131929;2,2383050322
202200032065;18;5;2022;02:30;5;69;69387;2;2;1;3;Avenue Berthelot;45,7424517400;4,8504330201
202200032066;2;10;2022;17:25;1;92;92014;2;1;8;3;HUIT MAI 1945 (RUE DU);48,7827600000;2,3161000000
202200032067;18;5;2022;02:00;5;972;97213;1;1;1;6;ROUTE NATIONALE 5;14,5963300000; -60,9933600000
202200032068;18;5;2022;19:49;5;972;97209;1;1;1;3;CHATEAUBOEUF (ROUTE DE);14,6164700000; -61,0495100000
202200032069;13;5;2022;14:00;1;50;50493;1;3;1;1;L Hermitiere;48,8366750000; -1,4675950000
202200032070;18;5;2022;11:31;1;972;97209;2;1;1;7;REDOUTE (ROUTE DE LA);14,6252500000; -61,0619000000
202200032071;3;10;2022;08:35;1;95;95052;2;6;8;6;RD 922;49,1474330000;2,2944050000
202200032072;18;5;2022;10:56;1;69;69034;2;6;1;6;Place Maréchal Foch;45,7980300000;4,8514500000
202200032073;20;9;2022;12:55;1;67;67430;2;1;1;1;Rue Saint Gilles;48,3378410000;7,3585950000
202200032074;17;5;2022;18:10;1;971;97101;2;1;1;6;LE RAIZET(SECTEUR);16,2552399464; -61,5289628506
202200032075;3;10;2022;20:20;3;83;83036;2;1;1;6;Promenade de la Mer;43,1736050000;6,5328470000
202200032076;17;5;2022;20:15;5;971;97101;1;1;1;6;RN1 ROCADE DE CHAUVEL;16,2451700000; -61,5246900000
202200032077;1;10;2022;16:15;1;74;74168;1;1;2;1;D1508;46,0105100000;5,9996940000
202200032078;18;5;2022;13:55;1;95;95203;2;9;1;6;RD 140;48,9938147009;2,2676226497
202200032079;3;10;2022;12:50;1;59;59278;2;1;1;1;47 Rue Emile Zola;50,6154750000;2,9679500000
202200032080;17;5;2022;12:55;1;95;95598;2;1;1;6;Rue du Jardin Renard;48,9918036744;2,2985404730
202200032081;17;5;2022;10:05;1;95;95197;2;1;1;6;Avenue de la Division Leclerc;48,9713900000;2,3113100000
202200032082;2;10;2022;11:30;1;26;26325;2;1;7;6;21 Rue Rommelshausen;45,2934030000;4,8152460000
202200032083;2;10;2022;18:45;2;51;51399;1;1;2;7;D982;49,1257360000;4,8446270000
202200032084;18;5;2022;12:45;1;91;91514;1;6;1;2;RTE NATIONALE 6;48,6609300000;2,5176530000
202200032085;2;10;2022;17:30;1;79;79209;1;1;1;7;Lieu Dit Arbec;46,8514130000; -0,3127580000
202200032086;18;5;2022;13:10;1;91;91479;2;1;1;2;RTE DE FONTAINEBLEAU;48,7190320000;2,3706900000
202200032087;16;5;2022;12:41;1;87;87085;2;1;1;3;KENNEDY (AVENUE DU PRESIDENT JOHN);45,8086100000;1,2860600000
202200032088;16;5;2022;06:44;5;87;87085;2;2;1;3;BELLAC (RUE DE);45,8479000000;1,2453400000
202200032089;2;10;2022;19:30;2;61;61199;2;2;3;5;Bissey;48,7746250000; -0,1735760000
202200032090;3;10;2022;08:35;1;12;12154;1;1;5;1;Caylus;43,8700000000;2,8211960000
202200032091;13;5;2022;19:00;1;79;79191;2;1;1;3;94 Rue de l’Aérodrome;46,3214600000; -0,4194000000
202200032092;3;10;2022;16:30;1;12;12043;1;1;1;6;Route de Cassagnes;44,2627200000;2,5574970000
202200032093;1;10;2022;01:30;3;46;46208;1;1;2;6;Route Départementale 11 / PK 23;44,8711990000;1,6640000000
202200032094;28;9;2022;19:15;2;86;86281;1;2;1;3;D347;46,7412050000;0,2055560000
202200032095;18;5;2022;20:15;1;72;72181;2;3;1;3;REMBRANDT (AV);47,9742300000;0,2118000000
202200032096;3;10;2022;19:30;3;39;39531;1;1;1;6;;46,5272880000;5,7541970000
202200032097;18;5;2022;09:00;1;72;72181;2;1;1;3;DURAND GEORGES (AV) N° PAIRS 312 A 460;47,9688600000;0,2184600000
202200032098;3;10;2022;07:30;1;25;25163;1;1;9;1;D486;47,3493780000;6,1822990000
202200032099;17;5;2022;13:30;1;67;67482;2;1;1;3;BON PASTEUR (RUE DU);48,5880105765;7,7806170000
202200032100;16;5;2022;15:53;1;67;67482;2;1;1;6;HOPITAL (PLACE DE L );48,5752000000;7,7422900000
202200032101;1;10;2022;14:30;1;31;31451;1;3;1;1;D624;43,4452900000;1,9520310000
202200032102;18;5;2022;07:34;1;66;66136;2;1;1;6;PORTE-D'ASSAUT;42,6978600000;2,8939600000
202200032103;2;10;2022;18:45;1;31;31278;1;3;1;3;route d'aurignac;43,1799890000;0,8026240000
202200032104;17;5;2022;17:47;1;66;66136;2;3;1;1;DEPERET ( AV CHARLES);42,6759980000;2,8808570000
202200032105;2;10;2022;11:30;1;02;02397;1;1;2;1;;49,7226240000;3,2387510000
202200032106;16;5;2022;16:59;1;65;65440;2;2;1;3;Rue Massey;43,2357450000;0,0741390000
202200032107;3;10;2022;05:45;3;70;70199;1;1;1;6;N19;47,6322651011;6,2431445718
202200032108;18;5;2022;17:25;1;64;64445;2;1;1;2;boulevard du Cami Salie;43,3325200000; -0,3670600000
202200032109;1;10;2022;13:18;1;26;26339;1;3;1;2;le bourg;44,5802360000;4,7926730000
202200032110;18;5;2022;11:05;1;64;64445;2;1;1;3;COURS LYAUTEY;43,3109200000; -0,3628100000
202200032111;3;10;2022;14:00;1;66;66167;1;1;1;2;;42,4528000000;2,0301950000
202200032112;17;5;2022;20:30;1;64;64445;2;6;1;3;DROITS DE L' HOMME DES;43,3127300000; -0,3685700000
202200032113;1;10;2022;19:15;2;14;14570;1;1;1;1;D161A;49,0507170000;0,3172450000
202200032114;14;5;2022;19:10;1;62;62215;2;4;1;3;EVRARD (R FLORENT );50,4862200000;2,9504700000
202200032115;2;9;2022;08:16;1;14;14110;1;2;8;3;D400;49,2450820000; -0,1027610000
202200032116;19;5;2022;00:15;5;59;59512;2;2;1;6;ARCHIMEDE (RUE D');50,6982610000;3,1704150000
202200032117;3;10;2022;15:15;1;90;90033;2;4;1;6;Rue de la Paix;47,5065780000;6,9928910000
202200032118;18;5;2022;14:25;1;59;59512;2;1;1;6;GAMBETTA ( BOULEVARD);50,6922500000;3,1827600000
202200032119;3;10;2022;00:50;5;60;60509;2;1;9;6;13 Rue Salvador Allendé;49,2939780000;2,5976720000
202200032120;17;5;2022;13:30;1;59;59512;2;1;1;6;GUESDE (RUE JULES);50,6863300000;3,1869800000
202200032121;3;10;2022;06:45;3;53;53005;1;1;2;1;1 Route de Rochefort;48,1793610000; -0,7491680000
202200032122;18;5;2022;16:35;1;59;59328;1;3;1;3;LILLE RUE DE;50,6533100000;3,0380600000
202200032123;18;5;2022;14:38;1;59;59350;2;1;1;6;REDUIT RUE DU;50,6298570754;3,0707524717
202200032124;24;9;2022;02:30;3;24;24064;1;4;1;6;Route de la Fontaine d'Amour;45,3583800000;0,6857340000
202200032125;17;5;2022;22:25;5;59;59350;2;2;1;3;WERNIERS GUILLAUME  RUE;50,6333510532;3,0854335427
202200032126;2;10;2022;15:30;1;04;04136;1;1;1;7;Route Departementale 955;43,9909390000;6,5361460000
202200032127;16;5;2022;22:30;3;54;54483;2;1;1;6;ALBA (CHEMIN D');48,6237100000;6,3018200000
202200032128;2;10;2022;16:15;1;04;04136;1;1;1;7;Hameau d'Argens;44,0384290000;6,5281110000
202200032129;1;10;2022;18:00;1;30;30305;2;1;1;6;rue de provence;44,1752330000;4,1623270000
202200032130;3;10;2022;08:25;1;82;82192;1;1;7;1;Route de Monclar;43,9257100000;1,5509390000
202200032131;18;5;2022;16:25;1;51;51454;1;6;1;2;rond-point du Commandant François Warnier;49,2416100000;4,0806900000
202200032132;18;5;2022;17:00;1;51;51454;2;2;1;3;rue Léon Faucher;49,2672000000;4,0448800000
202200032133;31;5;2022;09:00;1;13;13040;1;2;1;3;Chemin de Saint-françois;43,4526000000;5,5455100000
202200032134;16;5;2022;16:40;1;50;50129;2;1;1;3;PICARDIE (RUE DE);49,6276500000; -1,6257600000
202200032135;3;10;2022;08:50;1;28;28001;1;1;5;6;RD 928;48,7886580000;1,3989110000
202200032136;16;5;2022;16:00;1;45;45338;2;2;1;1;1 Rue de Gaudry;47,9954678056;2,6951742321
202200032137;2;10;2022;20:15;3;95;95280;1;1;1;1;Rue Ambroise Croizat;49,0304940548;2,4473923445
202200032138;1;10;2022;09:25;1;91;91630;1;9;1;7;D132;48,5720000000;2,0922120000
202200032139;15;5;2022;18:10;1;42;42225;1;1;1;1;Route de Tarévieux;45,5479935870;4,5513731092
202200032140;30;9;2022;17:15;1;66;66230;1;1;1;2;RN116;42,6442479208;2,4997973442
202200032141;17;5;2022;11:00;1;41;41269;2;3;1;3;COURTIRAS (RUE DE);47,8024500000;1,0500500000
202200032142;3;10;2022;07:30;2;66;66008;1;1;1;6;D914;42,5574950000;3,0063250000