Num_Acc;jour;mois;an;hrmn;lum;dep;com;agg;int;atm;col;adr;lat;long
202200032143;18;5;2022;17:40;1;38;38185;2;1;1;4;ALFRED DE VIGNY (RUE );45,1665900000;5,7231800000
202200032144;30;9;2022;19:50;4;84;84019;2;3;1;3;RUE JULES VERNE;44,2858120000;4,7492690000
202200032145;18;5;2022;15:10;1;38;38151;2;1;1;4;COMBOIRE (RUE DE);45,1487000000;5,6937900000
202200032146;3;10;2022;15:15;1;83;83042;1;1;1;1;D98;43,2479220000;6,5385170000
202200032147;18;5;2022;12:20;1;37;37214;2;1;1;3;LANDE (RUE DE LA);47,4206593114;0,6649685651
202200032148;3;10;2022;01:20;4;83;83023;1;1;1;1;;43,4083760000;6,0813940000
202200032149;18;5;2022;08:05;1;37;37261;2;1;2;3;MANS (AVENUE DU);47,4091952648;0,6807459891
202200032150;28;9;2022;09:06;1;05;05151;1;1;2;1;N94;44,8122422373;6,5751921248
202200032151;18;5;2022;20:00;1;35;35051;1;1;1;6;RN157;48,1154172046; -1,5679876729
202200032152;2;10;2022;21:20;3;13;13035;1;1;1;6;D569;43,7221530000;5,0261890000
202200032153;3;10;2022;08:00;2;13;13014;2;1;7;3;Boulevard Henri Wallon;43,4938570000;5,1698080000
202200032154;18;5;2022;17:35;1;35;35238;1;1;1;5;N136;48,1181931221; -1,7199878215
202200032155;2;10;2022;21:00;3;13;13004;1;5;1;3;N568;43,6258802165;4,7483549623
202200032156;16;5;2022;09:20;1;34;34032;2;1;1;6;SYLVESTRE NOEL (RUE);43,3521100000;3,2248800000
202200032157;3;10;2022;13:15;1;38;38344;1;1;1;3;A.7 - PK 017.450 -;45,3736900000;4,8057460000
202200032158;18;5;2022;09:15;1;33;33522;2;3;1;6;Rue Lamartine;44,8122700000; -0,5861700000
202200032159;26;9;2022;12:42;1;38;38101;1;1;1;2;autoroute A7 pk 011.700 sens sud/Nord;45,4243590000;4,8266460000
202200032160;3;10;2022;10:00;1;52;52269;2;1;1;6;21 Avenue du Général de Gaulle;47,8472080000;5,3307190000
202200032161;3;10;2022;07:30;1;54;54397;2;2;1;7;115 Rue Jean Jaures;48,6216866370;6,1079907398
202200032162;30;9;2022;17:18;1;85;85222;1;2;1;3;D38B;46,6784707000; -1,9098669200
202200032163;1;10;2022;23:00;3;60;60259;1;1;1;1;RD 49;49,2047780000;2,2685370000
202200032164;3;10;2022;10:50;1;80;80685;1;2;5;3;D1017;49,6842940000;2,7891270000
202200032165;30;9;2022;23:24;4;13;13213;1;1;1;2;A507 sens Aubagne- Marseille;43,3284823235;5,4169338941
202200032166;1;10;2022;10:08;1;13;13215;1;1;1;7;A7-Sens Marseille vers Lyon;43,3427420000;5,3762200000
202200032167;30;9;2022;09:05;1;83;83137;1;1;1;3;A50;43,1263502749;5,8957819143
202200032168;2;10;2022;02:40;5;69;69256;1;9;2;6;Route Départementale 383;45,7914000000;4,8836800000
202200032169;2;10;2022;17:54;1;92;92002;1;1;2;2;AUTOROUTE A86;48,7628308663;2,3120726521
202200032170;2;10;2022;14:40;1;94;94038;1;1;1;2;AUTOROUTE A6A;48,7729200000;2,3458500000
202200032171;2;10;2022;08:00;1;75;75112;1;1;1;6;AUTOROUTE A86;48,8190343538;2,4575257301
202200032172;1;10;2022;11:25;1;78;78431;1;1;1;2;A13;48,9431600000;1,9509760000
202200032173;2;10;2022;17:25;1;95;95306;1;1;1;6;A15;48,9955500000;2,1801200000
202200032174;2;10;2022;09:45;1;93;93063;1;1;2;6;AUTOROUTE A3;48,8766908331;2,4428673511
202200032175;1;10;2022;16:40;1;93;93010;1;1;1;4;AUTOROUTE A3;48,8909408086;2,4731648485
202200032176;2;10;2022;00:30;3;77;77294;1;1;1;6;A104;48,9715636402;2,5733532110
202200032177;1;10;2022;23:00;3;94;94046;1;1;1;2;A86 INT;48,8157721475;2,4502973472
202200032178;1;10;2022;15:05;1;77;77146;1;9;1;4;A4.Y;48,8320783431;2,6525259575
202200032179;1;10;2022;12:00;1;976;97611;2;1;1;2;doujani-Carrière Gouali (rue de la); -12,8003100000;45,2152600000
202200032180;1;10;2022;18:30;3;972;97209;1;1;1;3;OSMAN NADEAU (CHEMIN);14,6308000000; -61,0614600000
202200032181;1;10;2022;17:40;1;94;94033;2;6;1;3;Place de l'Amitié entre les Peuples / Avenue du Maréchal Joffre;48,8526700000;2,4815000000
202200032182;26;9;2022;12:45;1;42;42044;2;1;1;2;Rue Thomas;45,3975100000;4,3280500000
202200032183;25;9;2022;11:00;1;92;92009;2;1;1;6;GENERAL LECLERC ( RUE DU );48,9155545661;2,2692247331
202200032184;26;9;2022;10:35;1;27;27229;2;1;2;3;QUATORZE JUILLET (BOULEVARD);49,0116030001;1,1683487892
202200032185;12;9;2022;08:40;1;26;26198;2;1;1;3;PERDIGUIER (Avenue Agricole);44,5717700000;4,7428200000
202200032186;20;9;2022;14:30;1;05;05061;2;1;1;5;EMBRUN ( AVENUE D');44,5687220000;6,1002500000
202200032187;26;9;2022;21:40;5;92;92051;2;1;1;6;CHARLES DE GAULLE (AVENUE, N° 18 A 116);48,8789284856;2,2793975472
202200032188;1;10;2022;19:20;5;976;97611;2;1;1;1;m'tsapere-Nationale 2 (route); -12,7878000000;45,2246000000
202200032189;1;10;2022;18:00;5;976;97611;2;1;1;1;m'tsapere-Nationale 2 (route); -12,7796400000;45,2328000000
202200032190;30;9;2022;22:55;5;973;97302;2;2;1;3;JADFARD (RENE);4,9342895272; -52,3319578171
202200032191;1;10;2022;14:30;1;69;69387;2;1;2;4;Cours Gambetta;45,7511058646;4,8550155759
202200032192;1;10;2022;14:56;1;69;69387;2;3;8;6;Boulevard Chambaud de la Bruyère;45,7257100000;4,8407000000
202200032193;1;10;2022;10:00;1;972;97209;2;1;1;3;AUTOROUTE (A1);14,6160300000; -61,0383900000
202200032194;12;12;2022;14:05;1;06;06088;1;1;1;2;A8 PK200.130 SUD;43,7323130000;7,2853140000
202200032195;30;9;2022;17:27;2;971;97113;1;1;8;2;RN4 - SECTION RIVIERA;16,2179000000; -61,4891200000
202200032196;10;12;2022;19:00;3;987;98729;2;1;3;2;PAO PAO PK 7.800; -17,5770000000; -150,2020000000
202200032197;1;10;2022;21:55;4;2A;2A004;2;1;1;1;ALATA ROUTE;41,9422700000;8,7352200000
202200032198;1;10;2022;14:05;1;2A;2A004;2;1;1;4;ROSSINI PASCAL BD;41,9145700000;8,7296600000
202200032199;11;12;2022;15:50;1;988;98817;2;1;1;6;Route du Vallon dore; -22,2379320000;166,5827970000
202200032200;11;12;2022;18:25;5;971;97128;1;1;1;1;Route de Maudette;16,2338150000; -61,4220290000
202200032201;1;10;2022;17:06;1;95;95680;2;1;1;2;Avenue Pierre Sémard;49,0011610000;2,4078360000
202200032202;10;12;2022;05:00;3;971;97107;1;2;1;3;Rue de Roseau;16,0907740000; -61,5637400000
202200032203;30;9;2022;12:50;1;95;95019;2;1;1;6;Rue Marat;48,9840908583;2,4224545062
202200032204;4;12;2022;09:05;2;33;33203;1;1;5;6;D101, Lieu dit Cartignac;45,2088770000; -1,0771540000
202200032205;1;10;2022;11:30;1;91;91570;2;1;8;6;ACACIAS (ALLEE DES);48,6380700000;2,3125600000
202200032206;4;12;2022;15:45;1;91;91338;2;9;8;3;Route de Chartres;48,6445990000;2,0675810000
202200032207;1;10;2022;15:30;1;91;91434;2;1;1;7;FERDINAND LEGER (AVENUE);48,6533300000;2,3454900000
202200032208;12;12;2022;17:25;2;30;30258;1;1;2;7;;43,6986000000;4,4121430000
202200032209;1;10;2022;15:55;1;83;83144;2;1;1;6;BLANC (BD DR EUGENE);43,1372994174;5,9965503216
202200032210;3;12;2022;01:45;3;74;74080;2;1;9;7;Route de grand maison;45,8918380000;6,4260470000
202200032211;12;12;2022;06:50;3;86;86050;2;1;1;6;Route de Poitiers;46,6614590000; -0,0039950000
202200032212;1;10;2022;15:25;1;83;83144;1;1;1;6;LIBERATION (AVE DE LA);43,1423000000;5,9986000000
202200032213;9;12;2022;06:30;4;33;33227;2;1;2;6;16 Route de Bordeaux;44,5570460000; -0,2543380000
202200032214;1;10;2022;08:10;2;78;78227;1;3;8;3;CD 922;49,0151300000;1,9388220000
202200032215;11;12;2022;02:30;3;29;29181;1;1;2;6;Kerhamon;48,4633930000; -4,2284330000
202200032216;30;9;2022;09:50;1;77;77390;1;2;1;2;D21;48,7926100000;2,6961500000
202200032217;11;12;2022;16:55;1;22;22143;1;1;8;1;Chabot;48,5944020000; -2,2654310000
202200032218;1;10;2022;05:40;5;77;77284;2;5;2;3;D603;48,9574700000;2,8945300000
202200032219;11;12;2022;20:40;3;80;80645;1;1;1;6;Lieu dit Le Quesnoy;50,0484180000;2,4323770000
202200032220;1;10;2022;03:35;5;77;77243;1;3;2;3;D5B / D231;48,8712549233;2,7292824204
202200032221;5;12;2022;08:15;2;80;80799;2;1;8;1;Rue de la Gare;49,8638170000;2,5218990000
202200032222;1;10;2022;19:15;2;77;77449;2;2;1;3;D344;48,8537700000;2,7735700000
202200032223;1;10;2022;10:45;1;77;77132;2;1;2;6;AV ROBERT SCHUMAN;48,8719180000;2,7977580000
202200032224;11;12;2022;01:37;3;13;13106;1;1;1;2;A51-Sens Marseille vers Aix en Provence;43,4087000000;5,3634300000
202200032225;1;10;2022;20:20;5;77;77186;1;9;1;5;D606;48,4837000000;2,6659400000
202200032226;10;12;2022;01:45;3;13;13106;1;1;1;2;A51-Sens Marseille vers Aix en Provence;43,3976300000;5,3526700000
202200032227;1;10;2022;08:35;1;76;76414;2;9;8;6;D485;49,9147974186;1,1037354961
202200032228;9;12;2022;03:26;3;13;13015;1;1;3;2;A51-Sens Aix en Provence vers Marseille;43,4583000000;5,4021000000
202200032229;11;12;2022;00:35;3;13;13028;1;1;1;2;A50;43,1931970000;5,6690190000
202200032230;1;10;2022;20:30;5;69;69282;2;3;1;2;Place de l'Europe;45,7658875179;5,0059856686
202200032231;10;12;2022;02:00;3;69;69275;1;1;2;5;Rocade Est;45,7653041077;4,9851134419
202200032232;1;10;2022;15:00;1;69;69013;2;6;2;6;Avenue de Joux;46,0199300000;4,7208800000
202200032233;30;9;2022;16:30;1;69;69115;2;1;1;1;Avenue de la Liberation;45,9782900000;4,7096600000
202200032234;6;12;2022;19:50;3;67;67482;1;1;1;4;M35;48,5866670000;7,7268760000
202200032235;10;12;2022;08:35;3;33;33474;1;1;1;6;AUTOROUTE A 62;44,6751210000; -0,4809980000
202200032236;1;10;2022;20:45;5;64;64132;2;1;1;1;boulevard du commandant Mouchotte;43,3037620000; -0,3234210000
202200032237;1;10;2022;19:15;1;64;64024;2;1;1;7;MARCEL DASSAULT (AVENUE);43,4974200000; -1,4977900000
202200032238;11;12;2022;14:56;1;94;94034;1;1;1;2;AUTOROUTE A86;48,7588400587;2,3244097572
202200032239;1;10;2022;18:15;1;64;64024;2;2;1;5;BOIS BELIN (RUE DU);43,4926000000; -1,5192900000
202200032240;10;12;2022;13:30;1;91;91689;1;1;1;2;AUTOROUTE A6B;48,7470100000;2,3275000000
202200032241;27;9;2022;09:50;1;59;59378;2;1;1;3;NATIONALE RUE;50,6647687343;3,0756354332
202200032242;11;12;2022;10:20;1;92;92036;1;1;1;3;AUTOROUTE A15;48,9436471157;2,2877561673
202200032243;22;9;2022;08:55;1;59;59009;2;3;1;6;TALMA RUE;50,6162900000;3,1476200000
202200032244;11;12;2022;06:15;3;93;93064;1;1;1;2;AUTOROUTE A86;48,8791675030;2,4763414899
202200032245;1;10;2022;12:55;1;51;51454;2;1;1;3;rue Blavier;49,2726500000;4,0220200000
202200032246;11;12;2022;03:20;3;95;95582;1;1;1;2;A115;48,9806298222;2,2409411038
202200032247;11;12;2022;18:30;3;77;77121;1;1;1;2;A4;48,8322500000;2,6658600000
202200032248;1;10;2022;14:17;1;45;45147;2;1;1;2;36 Rue André Dessaux;47,9328110000;1,8965860000
202200032249;9;12;2022;14:30;1;94;94046;1;1;1;2;A86 EXT;48,8084578956;2,4490520687
202200032250;7;12;2022;14:48;1;88;88413;2;1;1;6;THIERS (RUE);48,2863090000;6,9493250000
202200032251;30;9;2022;17:00;1;44;44184;2;3;1;3;Boulevard de la Légion d'Honneur;47,2769800000; -2,2033400000
202200032252;9;12;2022;19:40;5;49;49099;2;1;1;6;POITOU (BOULEVARD DU);47,0686700000; -0,8513600000
202200032253;30;9;2022;21:20;4;41;41295;2;9;1;1;CHAMBORD (ROUTE DE);47,5778100000;1,3738500000
202200032254;9;12;2022;09:12;1;17;17415;2;1;1;6;NATIONAL 1 A 67 ET 2 A 44 COURS;45,7472000000; -0,6331590000
202200032255;1;10;2022;05:40;3;38;38486;1;1;1;6;COMBOIRE (RUE DE);45,1505800000;5,6910900000
202200032256;6;12;2022;16:00;1;02;02722;2;2;1;6;;49,3741900000;3,3260700000
202200032257;1;10;2022;13:45;1;37;37233;2;1;8;6;CACHIN (RUE MARCEL);47,3973034161;0,7442486286
202200032258;10;12;2022;02:20;3;93;93010;1;9;1;6; A3;48,9165200000;2,4782000000
202200032259;1;10;2022;14:05;1;37;37261;2;1;1;2;BERANGER (BOULEVARD);47,3893000000;0,6831500000
202200032260;20;4;2022;05:57;3;42;42218;1;1;1;6;N88;45,4383600000;4,4513400000
202200032261;1;10;2022;10:00;1;37;37122;2;2;2;3;CHANTEPIE (RUE DE);47,3521696815;0,6584501266
202200032262;30;9;2022;16:30;2;38;38185;2;2;8;3;D5B;45,1669600000;5,7063400000
202200032263;1;10;2022;15:25;1;35;35051;1;9;1;3;D386;48,1026500000; -1,6097600000
202200032264;27;9;2022;17:30;1;38;38185;2;3;8;6;Rue de Stalingrad;45,1752400000;5,7256300000
202200032265;27;9;2022;08:15;1;38;38169;2;9;2;6;RUE DE L'ARGENTIÈRE;45,2001900000;5,6730600000
202200032266;1;10;2022;14:15;1;33;33063;2;3;2;3;Cours de l'Yser;44,8216500000; -0,5713500000
202200032267;28;9;2022;16:05;1;73;73191;1;1;3;2;A43;45,5668160000;5,7887960000
202200032268;1;10;2022;14:55;1;33;33069;2;3;2;3;Rue Gabriel Peri;44,8680200000; -0,5761500000
202200032269;17;8;2022;10:40;1;62;62516;1;2;1;3;CD 943;50,5671070000;2,4944330000
202200032270;26;9;2022;13:30;1;29;29039;2;2;8;3;Rue de Kerneac'H;47,8832000000; -3,9224900000
202200032271;9;10;2022;17:40;1;74;74082;1;1;1;1;Route de la croisette;46,1236560000;6,1645100000
202200032272;1;10;2022;14:48;1;25;25462;2;2;2;3;BESANCON (DU 72TER A LA FIN);46,9182000000;6,3436700000
202200032273;1;10;2022;13:30;1;13;13207;2;1;1;1;ENDOUME (RUE D');43,2841000000;5,3577200000
202200032274;18;8;2022;18:30;1;14;14130;2;1;1;1;D5;49,2580200000; -0,8048550000
202200032275;1;10;2022;12:45;1;13;13213;2;1;1;1;FRANÇOIS MIGNET (AVENUE);43,3301800000;5,4273500000
202200032276;1;10;2022;01:20;5;13;13207;2;1;1;6;CHARLES LIVON (BOULEVARD);43,2922900000;5,3607400000
202200032277;1;10;2022;18:50;1;10;10387;2;2;1;3;GENERAL DE GAULLE (RUE DU);48,2994200000;4,0732700000
202200032278;1;10;2022;14:47;1;10;10387;2;1;1;2;VOULDY (CHAUSSEE DU);48,2943100000;4,0837000000
202200032279;30;6;2022;17:12;1;74;74104;1;3;1;1;Route d Annecy;45,7841890000;6,2247290000
202200032280;29;6;2022;18:30;1;74;74056;2;7;1;6;Place du Mont Blanc;45,9248150000;6,8723560000
202200032281;27;6;2022;16:25;1;74;74304;1;1;8;1;D907;46,1416340000;6,4238370000
202200032282;1;9;2022;01:23;5;35;35281;2;1;2;7;NANTES (RUE DE);48,0910026363; -1,6924108565
202200032283;26;6;2022;23:30;3;74;74173;1;1;1;6;Route Nationale;45,8472920000;6,5943500000
202200032284;9;12;2022;19:00;5;988;98818;2;3;1;3;ROUTE DE L'ANSE VATA/RUE THOMY CELIERES; -22,2959000000;166,4452000000
202200032285;26;6;2022;19:45;2;74;74138;2;1;1;7;Montée du Noiret;45,7881370000;6,0592810000
202200032286;9;12;2022;13:25;1;974;97411;1;9;1;3;SAINT-FRANCOIS (BOULEVARD); -20,8992800000;55,4601800000
202200032287;9;12;2022;08:30;1;974;97411;2;6;1;3;GIMART (AVENUE STANISLAS); -20,8971000000;55,4752000000
202200032288;8;12;2022;18:35;5;972;97213;1;1;1;6;ROUTE DEPARTEMENTALE 15;14,6387000000; -61,0101300000
202200032289;9;12;2022;13:00;1;972;97209;2;1;1;6;FOLIE (ROUTE DE LA);14,6077200000; -61,0650500000
202200032290;9;12;2022;19:00;5;69;69081;1;4;8;6;Boulevard du Valvert;45,7656200000;4,7708500000
202200032291;9;12;2022;06:10;5;69;69389;2;2;2;3;Avenue Sidoine Apollinaire;45,7735900000;4,7952300000
202200032292;8;12;2022;11:40;1;971;97120;2;9;1;6;SCHOELCHER;16,2395000000; -61,5362800000
202200032293;7;12;2022;07:15;1;971;97113;1;3;1;5;RN4 - SECTION RIVIERA;16,2175700000; -61,4943200000
202200032294;9;12;2022;07:55;2;91;91589;2;3;9;3;AV DES TILLEULS;48,6904790000;2,3496510000
202200032295;8;12;2022;07:00;5;91;91027;2;3;1;3;RUE DE LA CONCORDE;48,6981500000;2,3649700000
202200032296;8;12;2022;17:51;5;87;87085;1;1;1;2;AUTOROUTE A20;45,8405600000;1,2805400000
202200032297;6;12;2022;17:42;5;83;83069;1;1;1;2;NICE (ROUTE DE);43,1274700000;6,1885300000
202200032298;9;12;2022;13:50;1;78;78655;1;1;1;6;D 906;48,6543300000;1,8907600000
202200032299;9;12;2022;15:15;1;76;76322;2;1;1;1;Rue Paul Painleve;49,4060180000;1,0605450000
202200032300;9;12;2022;10:35;1;76;76351;2;3;1;2;SOUTHAMPTON (QUAI DE);49,4865300000;0,1115400000
202200032301;8;12;2022;15:05;1;76;76351;2;2;1;3;COMMANDANT ABADIE;49,5012900000;0,1699000000
202200032302;6;12;2022;15:10;1;73;73222;2;1;1;6;CHAMBERY (AVENUE DE);45,5735962428;5,9523364781
202200032303;9;12;2022;03:50;5;73;73008;2;3;2;3;D991;45,6794800000;5,9105000000
202200032304;18;7;2022;22:30;5;92;92051;2;2;1;1;INKERMANN (BOULEVARD D');48,8880557982;2,2755909562
202200032305;9;12;2022;17:50;5;69;69259;1;1;2;4;Boulevard Laurent Bonnevay;45,7198700000;4,8800400000
202200032306;8;12;2022;17:45;5;67;67482;2;1;1;6;MONTESQUIEU (RUE);48,5987400000;7,6967900000
202200032307;9;12;2022;06:00;5;67;67267;2;3;1;6;TIERGAERTEL (RUE);48,5537850000;7,6886300000
202200032308;19;7;2022;00:30;5;92;92049;2;1;1;6;GINOUX AVENUE HENRI AUTRES N°;48,8125400000;2,3192600000
202200032309;9;12;2022;13:00;1;64;64445;2;3;8;2;avenue Alfred Nobel;43,3152906429; -0,3151354194
202200032310;9;12;2022;13:30;1;64;64445;2;1;1;2;rue Ronsard;43,3184000000; -0,3577600000
202200032311;18;7;2022;09:30;1;92;92049;2;1;1;6;BROSSOLETTE AVENUE PIERRE;48,8168229764;2,3067145049
202200032312;9;12;2022;18:55;5;64;64102;2;6;2;2;Avenue de Maignon;43,4659800000; -1,4956800000
202200032313;19;7;2022;20:00;1;92;92048;2;1;1;6;PORTO RICHE (RUE);48,8117880475;2,2354972958
202200032314;9;12;2022;11:50;1;61;61001;2;1;1;6;MAURES (RUE DU CHEMIN DE);48,4425800000;0,0812700000
202200032315;19;7;2022;18:50;1;92;92012;2;1;1;6;GALLIENI (RUE) 142/FIN;48,8350444789;2,2278347611
202200032316;9;12;2022;23:35;5;59;59599;2;2;5;3;DRON (AVENUE GUSTAVE);50,7190200000;3,1634700000
202200032317;9;12;2022;19:00;5;59;59356;2;3;1;3;LILLE RUE DE;50,6537641658;3,0013328791
202200032318;19;7;2022;17:25;1;22;22065;1;3;1;3;RUMOAL;48,6062260000; -3,0262710000
202200032319;9;12;2022;20:20;5;59;59193;1;2;1;3;GUSTAVE DELORY, RUE;50,5965100000;3,0056800000
202200032320;1;7;2022;07:16;1;01;01357;1;1;1;7;RD 1084;46,1757610000;5,7337930000
202200032321;9;12;2022;12:10;1;56;56098;1;1;7;3;321 Rue Denis Papin;47,7810000000; -3,3350000000
202200032322;9;12;2022;14:45;1;51;51454;2;1;8;3;quartier Chemin Vert;49,2500000000;4,0600000000
202200032323;19;7;2022;09:50;1;30;30041;1;1;1;6;RD979 PK 51;43,9692220000;4,3890380000
202200032324;9;12;2022;20:18;5;49;49007;2;1;1;4;MONPLAISIR BOULEVARD;47,4866900000; -0,5148300000
202200032325;18;7;2022;11:10;1;37;37123;1;1;1;7;A85;47,3467760000;0,3713040000
202200032326;9;12;2022;15:00;1;49;49007;2;1;1;6;ARAGON AVENUE;47,4719100000; -0,5672800000
202200032327;19;7;2022;09:30;1;74;74293;2;1;1;7;977 Route du Chablais;46,2771380000;6,2590580000
202200032328;7;12;2022;23:05;5;49;49007;2;2;1;3;LETANDUERE;47,4506300000; -0,5528000000
202200032329;13;7;2022;01:00;4;74;74215;2;3;1;6;189 Route de la Gliat;45,8343720000;6,5591060000
202200032330;9;12;2022;19:50;5;44;44109;2;1;1;6;105 Boulevard Michelet;47,2389700000; -1,5568400000
202200032331;9;12;2022;09:05;1;43;43157;2;1;2;7;Rue Salvador Allende;45,0264200000;3,8816000000
202200032332;20;7;2022;02:50;4;33;33437;2;3;1;6;D936;44,8545530000; -0,0635630000
202200032333;9;12;2022;17:10;5;43;43041;2;1;2;6;1 Route de Lyon;45,0479200000;3,9282500000
202200032334;14;7;2022;18:40;1;33;33421;2;1;1;7;Chaulne;44,8152250000; -0,1456710000
202200032335;9;12;2022;06:35;4;41;41018;2;1;5;3;CHATEAUDUN (AVENUE DE);47,6170000000;1,3271000000
202200032336;18;7;2022;08:45;1;89;89334;1;1;1;6;Route Departementale 955;47,8343870000;3,3189920000
202200032337;9;12;2022;07:40;2;37;37214;2;1;8;5;RD 37;47,3933200000;0,6473600000
202200032338;9;12;2022;22:30;5;33;33529;2;1;1;7;rue Lagrua;44,6421115803; -1,1563512683
202200032339;19;7;2022;09:40;1;63;63275;2;9;1;1;chemin de siorac;45,5437270000;3,2013130000
202200032340;9;12;2022;23:00;5;33;33009;2;1;1;6;LIBERATION (AVE);44,6539000000; -1,1588000000
202200032341;8;12;2022;12:15;1;29;29019;2;2;1;1;rue de Kerourien;48,3828350000; -4,5404150000
202200032342;19;7;2022;17:10;1;12;12208;1;1;1;1;Route de Tiergues;43,9748510000;2,9060980000
202200032343;9;12;2022;12:48;1;27;27681;1;1;1;7;QUEUE D'HAYE (RUE DE LA );49,1026110626;1,5047484493
202200032344;20;7;2022;08:55;1;47;47209;2;7;1;3;RD656 AVENUE DE CHAORS FACE N°50;44,2315900000;0,6811470000
202200032345;7;12;2022;20:10;3;27;27681;1;4;5;3;RELIGIEUSES (CHEMIN);49,0767200000;1,4640000000
202200032346;19;7;2022;21:00;2;41;41151;2;1;9;1;route de blois;47,3520530000;1,1929290000
202200032347;8;12;2022;18:06;5;27;27229;2;2;2;6;JOLIOT CURIE (RUE FREDERIC ET IRENE);49,0115500000;1,1654500000
202200032348;9;12;2022;15:45;1;17;17274;1;1;1;7;D 111;46,1593900000; -1,0716700000
202200032349;19;7;2022;23:15;3;34;34157;1;3;1;3;D51;43,4134559209;3,5445858174
202200032350;18;7;2022;17:30;1;39;39530;2;1;7;6;Route de Bourg;46,2652610000;5,5194080000
202200032351;8;12;2022;12:00;1;13;13204;2;1;1;3;MARÉCHAL FOCH (AVENUE);43,2988000000;5,4022100000
202200032352;9;12;2022;18:40;3;11;11069;1;1;1;4;ROCADE NORD - RD 6113;43,2285800000;2,3378300000
202200032353;19;7;2022;18:08;1;29;29141;1;1;1;1;Bilirit Izella;48,3156100000; -3,8646980000
202200032354;9;12;2022;19:35;5;09;09225;2;1;1;1;9° R.C.P. AVENUE DU;43,1153800000;1,6215600000
202200032355;19;7;2022;11:46;1;31;31529;1;1;1;6;Gaouach;43,2589240000;0,9581320000
202200032356;9;12;2022;07:50;2;06;06069;2;1;3;6;LECLERC (BOULEVARD DU MARECHAL);43,6501361705;6,9197208404
202200032357;19;7;2022;18:30;1;02;02326;2;1;1;6;Rue de Vic-sur-Aisne;49,4085280000;3,1814210000
202200032358;9;12;2022;10:00;1;06;06069;1;1;2;1;SAINT MATHIEU (ROUTE ET PLACE);43,6603090000;6,9500140000
202200032359;20;7;2022;11:30;1;02;02001;2;6;2;7;21 Rue de la Barre;49,5989449201;3,1760807633
202200032360;8;12;2022;17:55;3;03;03310;2;1;1;6;rue des Alpes;46,1307400000;3,4175000000
202200032361;4;7;2022;02:30;3;01;01447;1;1;1;6;Route de Valuisant;46,2049930000;5,3919590000
202200032362;10;12;2022;05:55;5;75;75119;2;1;1;2;BOULEVARD PERIPHERIQUE INTERIEUR NORD  ;48,9004680000;2,3875160000
202200032363;20;7;2022;13:40;1;70;70063;1;1;1;1;D97;47,7636180000;6,6111735000
202200032364;10;12;2022;00:15;5;75;75116;2;2;1;3;ROUTE DE LA MUETTE A NEUILLY;48,8645210000;2,2665070000
202200032365;20;7;2022;10:40;1;70;70059;1;2;1;3;D15 - PK 007+620;47,4437630000;6,1688390000
202200032366;10;12;2022;21:40;5;75;75120;2;2;1;6;RUE DES RIGOLES;48,8735970000;2,3903630000
202200032367;10;12;2022;17:10;5;75;75120;2;1;1;3;RUE DE MENILMONTANT;48,8706490000;2,3987450000
202200032368;19;7;2022;14:50;1;05;05012;1;3;1;3;Intersection D994H et zone artisanale d'Entraigues;44,5495270000;6,4847660000
202200032369;10;12;2022;14:35;1;75;75119;2;3;1;6;AVENUE DE FLANDRE;48,8911080000;2,3776110000
202200032370;10;12;2022;11:35;1;75;75119;2;5;1;3;RUE DE L OURCQ;48,8937730000;2,3733600000
202200032371;10;12;2022;16:25;1;75;75117;2;2;1;2;BOULEVARD BESSIERES;48,8943830000;2,3136800000
202200032372;10;12;2022;18:25;5;75;75116;2;4;1;6;RUE GALILEE;48,8672310000;2,2903520000
202200032373;20;7;2022;13:15;1;05;05054;1;4;1;2;Intersection D17/RN85;44,6832195972;6,0667705536
202200032374;10;12;2022;15:15;1;75;75116;2;1;1;6;ROUTE DES TRIBUNES;48,8590030000;2,2292110000
202200032375;19;7;2022;21:30;2;50;50421;2;1;1;6;30 Rue de l'Eglise;49,5126610000; -1,2904110000
202200032376;10;12;2022;00:30;5;75;75116;2;1;1;2;ALLEE DE LONGCHAMP;48,8714050000;2,2613460000
202200032377;20;7;2022;11:00;1;04;04031;1;1;1;7;RD 953;43,9115980000;6,1391470000
202200032378;9;12;2022;07:56;1;75;75116;2;2;1;3;AVENUE FOCH;48,8735940000;2,2927860000
202200032379;10;12;2022;19:30;5;75;75115;2;2;1;2;RUE LINOIS;48,8476930000;2,2841300000
202200032380;16;7;2022;09:32;1;17;17377;1;1;1;1;D 739 le treuil;45,8709170000; -0,1838710000
202200032381;10;12;2022;18:25;5;75;75115;2;2;1;3;RUE DE LA CROIX NIVERT;48,8428770000;2,2950850000
202200032382;19;7;2022;17:15;1;87;87187;2;9;1;6;Avenue Marceau;45,5135090000;1,2021280000
202200032383;9;12;2022;13:00;1;75;75115;2;3;1;2;BOULEVARD DE GRENELLE;48,8486980000;2,2986630000
202200032384;13;7;2022;08:50;1;76;76533;1;1;1;2;A29 - PK 24+600;49,4825191185;0,2632082999
202200032385;10;12;2022;03:10;5;75;75107;2;1;1;6;QUAI D ORSAY;48,8624260000;2,3034260000
202200032386;10;12;2022;13:50;1;75;75110;2;2;1;6;RUE DE PARADIS;48,8743580000;2,3553820000
202200032387;19;7;2022;17:18;1;53;53096;1;1;7;1;RN12;48,2982690000; -0,9015570000