Num_Acc;jour;mois;an;hrmn;lum;dep;com;agg;int;atm;col;adr;lat;long
202200032388;10;12;2022;23:00;5;75;75108;2;2;1;6;RUE FRANCOIS 1ER;48,8670170000;2,3063220000
202200032389;10;12;2022;12:26;1;75;75104;2;1;1;6;VOIE GEORGES POMPIDOU;48,8494520000;2,3615060000
202200032390;19;7;2022;09:30;1;90;90076;1;1;1;2;Autoroute A36 pk33+200;47,6361960000;6,8810760000
202200032391;10;12;2022;01:28;5;94;94078;2;1;1;5;PARIS (R DE);48,7545100000;2,4444300000
202200032392;10;12;2022;18:00;3;94;94021;2;1;1;2;GEORGES GUYNEMER (AV);48,7638500000;2,3393400000
202200032393;14;6;2022;00:30;3;90;90076;1;1;2;2;autoroute A36 - PK 31.900;47,6431280000;6,8918610000
202200032394;10;12;2022;11:40;1;93;93071;2;1;1;1;Rue Gabriel Péri;48,9427300000;2,5327910000
202200032395;16;7;2022;00:00;5;31;31254;2;1;1;6;1860 L Occitane;43,5387820000;1,5155890000
202200032396;10;12;2022;06:20;5;93;93066;2;1;8;6;Route de la Courneuve;48,9323130000;2,3761120000
202200032397;10;12;2022;13:50;1;93;93027;2;1;1;1;Avenue Waldeck Rochet;48,9341306080;2,4018289981
202200032398;10;12;2022;08:58;1;92;92020;2;1;1;7;BROSSOLETTE RUE PIERRE N°3 A 13;48,8001250435;2,2848778367
202200032399;19;7;2022;15:00;1;38;38189;1;1;7;1;D518z;45,6387820000;5,0625940000
202200032400;10;12;2022;20:40;5;92;92024;2;2;1;3;JEAN JAURES (BD) DE (1 A 45)   (2 A 54);48,9000171315;2,3062378764
202200032401;20;7;2022;02:25;5;976;97608;2;1;1;7;Boulevard des Crabes; -12,7879740000;45,2646860000
202200032402;10;12;2022;19:50;5;92;92032;2;3;1;3;LANGEVIN PAUL (AVENUE);48,7832800000;2,2866900000
202200032403;20;7;2022;08:25;1;95;95535;1;9;2;7;RD 14;49,0643420000;1,9806720000
202200032404;10;12;2022;19:05;5;92;92007;2;1;1;6;RAVERA (AVENUE HENRI) N° 92 A 106;48,8022950000;2,3110710000
202200032405;10;12;2022;02:00;3;86;86111;1;1;9;7;D910;46,8607640000;0,5548040000
202200032406;11;12;2022;03:54;3;06;06161;1;1;1;2;Route Départementale 6007;43,6218270000;7,1301770000
202200032407;11;12;2022;00:30;3;988;98810;1;1;1;7;Lieu-dit Troulala; -20,6505400000;164,3636200000
202200032408;19;7;2022;15:50;1;95;95008;1;1;1;3;RD 983;49,0699300000;1,7773600000
202200032409;11;12;2022;08:30;1;974;97413;1;1;1;7;N1a; -21,2029480000;55,2852200000
202200032410;11;12;2022;17:25;2;38;38204;1;1;1;1;D1075;44,7416430000;5,6808760000
202200032411;11;12;2022;18:33;4;56;56010;1;1;1;7;N24 sens Rennes/Lorient;47,8850330000; -3,0398420000
202200032412;10;12;2022;18:40;3;56;56166;1;1;1;2;Pont En Daul;47,9011510000; -3,3362820000
202200032413;19;7;2022;19:55;1;83;83068;1;1;1;5;D559;43,2923880000;6,6129110000
202200032414;9;12;2022;17:50;4;82;82186;2;6;2;6;Allee du 4 Septembre;44,1072670000;0,8920810000
202200032415;10;12;2022;16:00;1;11;11262;1;1;1;6;D6009;43,2034240000;3,0205540000
202200032416;14;7;2022;02:30;5;06;06128;2;1;1;7;Route des Serres;43,6991390000;7,1185830000
202200032417;10;12;2022;15:38;1;12;12203;1;1;8;6;D999;43,9660560000;2,9641410000
202200032418;19;7;2022;15:45;1;38;38565;2;6;1;3;Avenue de Juin 1940;45,2959280000;5,6289320000
202200032419;10;12;2022;18:30;5;42;42059;2;2;9;6;Rue Max Fléchet;45,6374770000;4,3896660000
202200032420;10;12;2022;17:45;3;34;34139;2;1;1;7;D15;43,4231730000;3,2442480000
202200032421;9;12;2022;13:00;1;25;25139;1;1;9;1;D48;47,0188570000;6,4056090000
202200032422;12;11;2022;14:58;1;25;25495;2;1;1;3;18 rue de Beaupré;47,2768960000;6,1072450000
202200032423;15;7;2022;00:15;3;07;07272;1;1;1;3;D579;44,5254300000;4,4088090000
202200032424;10;12;2022;22:59;3;44;44131;1;1;2;7;D67;47,0840330000; -1,9714670000
202200032425;10;12;2022;18:00;2;29;29027;1;1;1;7;Ecluse de Prad Pourrig;48,1745140000; -3,8869500000
202200032426;10;12;2022;18:00;3;31;31080;1;2;1;2;Chemin de la Merlère RD 633;43,2761270000;0,6523450000
202200032427;11;12;2022;15:15;1;02;02167;1;1;1;1;route départementale 141;49,3768340000;3,4912710000
202200032428;20;7;2022;05:30;3;46;46055;1;1;1;6;Route départementale 840;44,5815420000;2,0661160000
202200032429;10;12;2022;11:55;1;72;72100;1;1;1;6;D8;47,7970585550;0,0308489797
202200032430;19;7;2022;19:23;1;76;76666;1;1;1;7;Route de Gaillefontaine;49,5822020000;1,6311750000
202200032431;10;12;2022;23:35;3;60;60277;1;1;1;1;RD 981;49,4217780000;2,0421050000
202200032432;20;7;2022;14:20;1;60;60079;1;1;3;3;Nationale 2;49,1805499637;2,8881533145
202200032433;30;11;2022;15:50;1;43;43039;1;1;1;7;Les Ceyssoux;44,9136930000;3,8841790000
202200032434;10;12;2022;13:00;1;28;28166;1;2;8;6;RD 923;48,4253330000;1,1339630000
202200032435;19;7;2022;06:20;2;13;13117;1;1;1;3;A7-Sens Marseille vers Lyon;43,4519100000;5,2383700000
202200032436;9;12;2022;21:40;5;17;17446;2;3;1;3;D 121;45,8258200000; -0,3135450000
202200032437;19;7;2022;19:25;1;91;91161;1;1;1;7;AUTOROUTE A6;48,7105700000;2,3073000000
202200032438;10;12;2022;06:10;3;17;17221;1;1;9;7;D120;46,1222430000; -0,5830850000
202200032439;11;12;2022;17:00;3;23;23106;1;1;1;6;Route Nationale 145;46,2590660000;2,3624250000
202200032440;19;7;2022;10:30;1;94;94034;1;1;1;4;AUTOROUTE A86;48,7555257692;2,3430114984
202200032441;11;12;2022;10:25;1;88;88116;2;1;1;6;18 Rue de la 3e Dia;47,9630670000;6,8370260000
202200032442;19;7;2022;08:40;1;94;94034;1;1;1;2;AUTOROUTE A86;48,7606114652;2,3193595264
202200032443;10;12;2022;18:40;5;973;97309;2;1;1;3;Route de Rémire;4,9074420000; -52,2728850000
202200032444;10;12;2022;19:20;5;66;66172;2;3;1;6;;42,7162020000;2,8314691000
202200032445;11;12;2022;09:10;1;971;97103;2;1;7;6;BOULEVARD MAHATMA GANDHI;16,2392130000; -61,5751670000
202200032446;18;7;2022;02:00;3;94;94034;1;1;1;2;AUTOROUTE A6A;48,7584457799;2,3369825611
202200032447;11;12;2022;05:10;2;988;98803;1;1;5;6;RT1 - Pont de la Courrie; -21,5774850000;165,4946240000
202200032448;19;7;2022;08:50;1;95;95582;1;1;7;3; A15;48,9690713210;2,2505342960
202200032449;11;12;2022;14:00;1;971;97106;2;1;1;5;Galets;16,1704220000; -61,7764230000
202200032450;18;7;2022;14:15;1;94;94018;1;1;1;2;A4;48,8176679679;2,4148114130
202200032451;10;12;2022;16:30;1;41;41220;2;1;1;6;Place du Cavereau;47,6992350000;1,5800410000
202200032452;10;12;2022;03:00;3;77;77144;1;1;1;7;D231;48,7612830000;2,9271890000
202200032453;18;7;2022;11:30;1;17;17306;2;1;7;2;LOTI PIERRE;45,6275000000; -1,0319500000
202200032454;11;12;2022;03:50;3;34;34344;1;1;1;4;D62;43,5633940000;4,0445590000
202200032455;10;12;2022;13:09;1;01;01142;2;1;1;6;262 Rue du Mollard;45,8534120000;5,0769070000
202200032456;17;7;2022;03:00;5;987;98735;2;9;1;5;REMPARTS (RUE); -17,5373680000; -149,5652760000
202200032457;10;12;2022;17:55;3;27;27458;1;1;1;1;D321;49,3258630000;1,2136670000
202200032458;9;12;2022;16:00;1;27;27165;1;1;1;2;D840;48,9420650000;0,9449530000
202200032459;9;12;2022;18:30;3;13;13071;1;1;1;2;A55 - Sens Marseille vers Martigues;43,3978900000;5,2982600000
202200032460;10;12;2022;01:05;5;69;69277;1;1;2;6;Rocade Est;45,7316722950;4,9788987637
202200032461;18;7;2022;16:15;1;974;97416;2;1;1;6;BOULARD (RUE BENOITE); -21,3153060000;55,4732330000
202200032462;9;12;2022;14:15;1;69;69252;1;1;2;3;Autoroute 47;45,5444500000;4,6674400000
202200032463;18;7;2022;19:20;5;974;97409;2;1;2;7;DU LYCEE(RUE); -20,9635100000;55,6514700000
202200032464;10;12;2022;05:40;3;42;42218;1;1;4;2;A72;45,4584600000;4,4073300000
202200032465;10;12;2022;01:00;3;91;91161;1;1;1;2;AUTOROUTE A6;48,7015300000;2,3088890000
202200032466;17;7;2022;23:33;5;972;97213;1;1;1;3;AUTOROUTE A1;14,5961700000; -60,9895400000
202200032467;10;12;2022;18:55;3;78;78640;1;1;1;4;A86 EXT;48,7780360000;2,2137920000
202200032468;10;12;2022;06:50;3;93;93048;1;1;1;6;AUTOROUTE A3;48,8714820000;2,4329980000
202200032469;10;12;2022;01:10;4;93;93078;1;1;1;2;AUTOROUTE A104;48,9589000000;2,5357900000
202200032470;9;12;2022;13:30;1;93;93027;1;1;1;3;AUTOROUTE A86;48,9269388398;2,4050345767
202200032471;18;7;2022;17:00;1;972;97209;1;1;1;3;EAUX DECOUPEES (CHEMIN DES);14,6088000000; -61,0536400000
202200032472;10;12;2022;09:14;1;77;77294;1;1;1;6;A104;48,9681234906;2,6019218423
202200032473;10;12;2022;05:05;3;77;77121;1;9;1;2;A104;48,8346201168;2,6655400446
202200032474;8;12;2022;15:20;1;77;77373;2;1;1;6;Rue des Berchères;48,7897600000;2,6149200000
202200032475;8;12;2022;20:15;5;974;97416;2;1;1;3;LORION(RUE LUC); -21,3332300000;55,4716100000
202200032476;8;12;2022;17:15;1;974;97416;1;1;1;3;RN1 (ROUTE NATIONALE); -21,3210200000;55,4463700000
202200032477;8;12;2022;17:25;1;974;97411;2;1;1;6;LATTRE DE TASSIGNY (AVENUE MARECHAL DE); -20,8874700000;55,4721000000
202200032478;8;12;2022;12:00;1;974;97411;2;1;1;6;AUBER (RUE JULES); -20,8821100000;55,4540300000
202200032479;7;12;2022;16:55;1;974;97411;2;1;1;5;LANCASTEL (BOULEVARD); -20,8775500000;55,4566700000
202200032480;8;12;2022;17:56;1;973;97302;2;3;1;3;CABASSOU (ROUTE DE);4,9199557683; -52,3195767403
202200032481;17;7;2022;19:45;3;971;97101;2;1;1;1;TERRAIN SONIS;16,2410976161; -61,5287107229
202200032482;7;12;2022;16:40;1;973;97302;2;1;1;1;MANGO (ROUTE);4,9298856137; -52,3155400157
202200032483;8;12;2022;14:30;1;69;69259;2;1;8;6;Route de Vienne;45,7192079865;4,8545292020
202200032484;8;12;2022;07:00;1;972;97213;1;1;1;3;CHEMIN DU BAC;14,5935700000; -60,9820200000
202200032485;8;12;2022;23:00;5;69;69389;2;2;2;2;Avenue Sidoine Apollinaire;45,7647800000;4,8015900000
202200032486;8;12;2022;12:53;1;2A;2A004;2;1;1;3;MARECHAL LYAUTEY AVENUE PAIR;41,9351000000;8,7442700000
202200032487;2;12;2022;09:00;2;95;95197;2;8;1;3;Avenue de la Gare;48,9752078481;2,3370140791
202200032488;16;7;2022;19:15;5;971;97113;1;1;1;3;RN4-ROND POINT SAINT FELIX;16,2077497609; -61,4597994089
202200032489;8;12;2022;18:00;5;91;91479;1;1;1;3;RTE DE FONTAINEBLEAU;48,7345000000;2,3661500000
202200032490;7;12;2022;11:39;1;87;87085;2;3;1;3;ANTONY (RUE  ET CHEMIN D');45,8334800000;1,2464700000
202200032491;8;12;2022;10:45;1;81;81065;1;3;1;3;RN 112 (ROCADE SUD);43,5832000000;2,2282230000
202200032492;18;7;2022;19:25;1;91;91434;2;1;1;7;MARCEAU (RUE);48,6652000000;2,3477700000
202200032493;7;12;2022;08:20;2;78;78517;2;1;5;3;DEMANGE (RUE PAUL);48,6520900000;1,8491900000
202200032494;17;7;2022;22:15;5;87;87085;2;3;1;3;GAY-LUSSAC (COURS);45,8368700000;1,2663700000
202200032495;17;7;2022;12:05;1;87;87085;2;1;1;6;PERRIN (RUE FRANCOIS);45,8279400000;1,2417200000
202200032496;16;7;2022;11:59;1;87;87085;2;3;1;6;GAMBETTA (BOULEVARD);45,8273300000;1,2600500000
202200032497;16;7;2022;01:35;5;80;80021;2;3;1;6;BONVALLET (RUE);49,9013200000;2,2881600000
202200032498;4;7;2022;08:30;1;77;77337;2;1;1;3;ARCHE GUEDON (COURS DE L');48,8512300000;2,6236400000
202200032499;18;7;2022;11:45;1;74;74010;2;4;1;3;ALERY (AVENUE D');45,9006500000;6,1205820000
202200032500;18;7;2022;16:00;1;69;69266;2;1;1;3;Boulevard Laurent Bonnevay;45,7620417380;4,9098747969
202200032501;16;7;2022;16:00;1;66;66136;2;1;1;6;REMPART-VILLENEUVE;42,7001700000;2,8915100000
202200032502;15;7;2022;19:32;1;66;66136;1;1;1;3;R D 900;42,6786960000;2,8805610000
202200032503;18;7;2022;17:17;1;64;64335;1;1;1;3;Route de l'Aviation;43,3447479663; -0,4307922721
202200032504;18;7;2022;05:05;5;64;64102;2;1;1;6;Avenue Interne Jacques Loeb;43,4765000000; -1,4839300000
202200032505;16;7;2022;20:44;1;63;63113;2;2;1;3;MAYER (BD DANIEL);45,7924900000;3,0916700000
202200032506;16;7;2022;16:15;1;63;63113;2;2;1;3;rue de Blanzat;45,7878300000;3,0844300000
202200032507;18;7;2022;19:22;1;62;62643;2;1;1;6;HUIT MAI ( Bld du );50,7094660000;1,5997930000
202200032508;7;7;2022;19:00;1;59;59636;1;1;1;7;COMINES CHEMIN DE;50,7031455075;3,0354040860
202200032509;17;7;2022;23:07;3;56;56162;1;1;1;6;Boulevard de l'Atlantique D152;47,7235500000; -3,4849400000
202200032510;15;7;2022;22:04;2;56;56098;2;1;1;7;48 Rue Marcel Sembat;47,7633500000; -3,3459300000
202200032511;15;7;2022;08:00;1;55;55029;2;3;1;3;SAINT URBAIN ( RUE );48,7749000000;5,1629000000
202200032512;17;7;2022;16:30;1;52;52448;2;3;1;3;GREVES (RUE DES);48,6384990000;4,9688210000
202200032513;17;7;2022;12:05;1;49;49267;2;1;1;5;A87N;47,4843000000; -0,4980000000
202200032514;18;7;2022;16:40;1;45;45004;2;2;1;2;D973 PR 1 + 150;48,0002800000;2,7611400000
202200032515;14;7;2022;17:45;1;41;41018;2;1;2;7;VIGNERON (RUE DU DOCTEUR);47,5766300000;1,3121600000
202200032516;19;7;2022;00:45;5;38;38185;2;2;1;1;RUE JEAN PRÉVOST;45,1853000000;5,7148800000
202200032517;18;7;2022;15:45;1;37;37122;2;2;1;3;REPUBLIQUE (AVENUE DE LA);47,3538400000;0,6638700000
202200032518;17;7;2022;00:55;5;37;37261;2;1;1;1;MONTRESOR (ALLEE DE);47,3817800000;0,6973300000
202200032519;18;7;2022;08:20;1;35;35238;2;2;1;3;VERN (DE);48,0992301077; -1,6571626067
202200032520;18;7;2022;07:45;1;34;34301;1;1;1;5;Parking bord de plage Villeroy;43,3750000000;3,6281000000
202200032521;18;7;2022;04:20;5;34;34172;2;1;1;6;22ter Rue de Claret;43,6046700000;3,8649200000
202200032522;18;7;2022;07:48;1;32;32013;2;1;1;3;rond point des justes;43,6636000000;0,5995700000
202200032523;13;7;2022;20:30;2;30;30028;2;2;1;6;;44,1617900000;4,6225400000
202200032524;17;7;2022;23:35;3;29;29232;1;3;1;1;D34 - Route de Benodet;47,9513571600; -4,0763647500
202200032525;1;7;2022;08:25;1;29;29019;2;6;1;2;rue Yves Collet;48,3916280000; -4,4804950000
202200032526;13;7;2022;13:25;1;29;29019;2;6;1;2;avenue Georges Pompidou;48,4139460000; -4,4795530000
202200032527;18;7;2022;16:15;1;28;28404;1;1;1;1;RN 154;48,6963100000;1,3770200000
202200032528;18;7;2022;15:40;1;27;27229;2;1;1;6;CALVAIRE (RUE DU);49,0084800000;1,1504900000
202200032529;18;7;2022;11:45;1;22;22113;1;1;1;2;ROSPEZ (ROUTE DE);48,7324300000; -3,4180800000
202200032530;18;7;2022;09:40;1;14;14536;1;1;1;6;D579;49,4115081922;0,2520918071
202200032531;18;7;2022;12:45;1;13;13103;2;2;1;3;AVENUE DE LA PATROUILLE DE FRANCE-RN 538;43,6222011687;5,0991169659
202200032532;14;7;2022;16:30;2;13;13206;2;3;1;3;TOULON (AVENUE DE);43,2850400000;5,3896700000
202200032533;18;7;2022;07:15;1;13;13201;2;3;1;4;LIEUTAUD (COURS)      2 A 52;43,2935300000;5,3822800000
202200032534;18;7;2022;07:40;1;13;13211;2;2;1;3;CESAR BOY (AVENUE);43,2970000000;5,4830000000
202200032535;18;7;2022;11:00;1;11;11069;2;1;1;6;CROUZAT PHILIPPINE -AV ET IMPASSE-;43,1887400000;2,3111600000
202200032536;18;7;2022;14:00;1;07;07281;2;1;1;7;;44,9437000000;4,8448600000
202200032537;18;7;2022;10:35;1;07;07316;1;1;1;1;NIMES (ROUTE DE);44,8806000000;4,8490800000
202200032538;18;7;2022;19:05;1;06;06088;2;9;1;2;ARIANE (BD DE L');43,7339500000;7,2921200000
202200032539;11;7;2022;20:05;1;06;06029;2;1;1;6;JOURDAN (AVENUE MICHEL);43,5547920000;6,9722480000
202200032540;18;7;2022;14:40;1;01;01053;2;1;1;6;avenue des sports;46,2093200000;5,2378600000
202200032541;18;7;2022;10:20;1;75;75114;2;1;1;2;PORTE DE CHATILLON;48,8229480000;2,3129510000
202200032542;18;7;2022;08:05;1;75;75117;2;1;1;3;PORTE DE CHAMPERRET;48,8882920000;2,2921750000
202200032543;17;7;2022;12:50;1;75;75118;2;1;1;2;PORTE DE CLIGNANCOURT;48,9009840000;2,3480380000
202200032544;17;7;2022;03:45;5;75;75117;2;1;1;2;PORTE DE SAINT OUEN;48,8989860000;2,3172920000
202200032545;18;7;2022;09:09;1;75;75119;2;1;7;6;RUE DE BELLEVILLE;48,8754050000;2,3902300000
202200032546;17;7;2022;05:45;2;75;75116;2;2;1;3;AVENUE DE VERSAILLES;48,8408680000;2,2652940000
202200032547;17;7;2022;10:20;1;75;75114;2;1;1;5;AVENUE DU GENERAL LECLERC;48,8255970000;2,3261030000
202200032548;18;7;2022;19:05;1;75;75113;2;5;1;3;BOULEVARD DE L HOPITAL;48,8365730000;2,3592920000
202200032549;18;7;2022;07:37;1;75;75112;2;2;1;3;BOULEVARD PONIATOWSKI;48,8318270000;2,3976620000
202200032550;18;7;2022;16:20;1;75;75110;2;1;7;6;RUE DES RECOLLETS;48,8749420000;2,3601700000
202200032551;17;7;2022;23:36;5;75;75108;2;7;1;6;AVENUE DU PRESIDENT WILSON;48,8647420000;2,3010020000
202200032552;17;7;2022;18:00;1;75;75108;2;7;1;3;PLACE DU CANADA;48,8649190000;2,3102790000
202200032553;18;7;2022;19:06;1;94;94078;2;3;1;1;EMILE ZOLA (R);48,7348850000;2,4533150000
202200032554;18;7;2022;02:48;5;94;94028;2;4;1;2;Route de Choisy / Avenue Bernard Halpern;48,7901600000;2,4528200000
202200032555;18;7;2022;20:09;1;93;93066;2;9;1;1;Rue Danielle Casanova;48,9296447208;2,3593300581
202200032556;18;7;2022;17:50;1;93;93064;2;3;1;3;Avenue Lech Walesa / Rue de Changis;48,8763200000;2,4861200000
202200032557;17;7;2022;06:07;2;93;93077;2;1;1;6;Avenue de Rosny;48,8832334457;2,4993440509
202200032558;17;7;2022;20:40;1;93;93010;2;1;1;1;Avenue Pasteur;48,9033015666;2,4834600091
202200032559;18;7;2022;20:50;1;92;92051;2;9;1;3;CHARLES DE GAULLE (AVENUE,N°118 A 192 +;48,8857623093;2,2569442391
202200032560;2;3;2022;12:20;1;93;93005;1;1;1;4;AUTOROUTE A3;48,9559829274;2,4734293654
202200032561;18;7;2022;08:50;1;92;92050;2;2;1;1;PLAIDEURS RUE DES;48,8792422051;2,2128645480
202200032562;18;7;2022;18:02;1;92;92007;2;1;7;3;JAURES (AVENUE JEAN) N° 26 ET 11 A 17;48,8015731297;2,3022325337
202200032563;3;3;2022;19:30;3;94;94069;1;1;1;2;A4;48,8172046066;2,4285178250
202200032564;14;7;2022;07:40;1;92;92002;2;7;1;3;GENERAL DE GAULLE (PLACE DU);48,7633600000;2,3087700000
202200032565;3;3;2022;17:40;1;94;94017;1;1;1;4;A4;48,8302008945;2,4957669959
202200032566;18;7;2022;17:30;2;974;97415;1;7;1;1;D100; -21,0692190000;55,2298760000
202200032567;19;7;2022;13:57;1;01;01299;1;1;7;6;RD 70;46,0235860000;5,0802120000
202200032568;3;3;2022;15:30;1;94;94073;1;1;1;4;A86 INT;48,7592916531;2,3835324056
202200032569;18;7;2022;09:00;1;42;42162;1;2;1;3;Route de Villemontais;46,0053380000;4,0131210000
202200032570;2;3;2022;14:35;1;77;77237;1;1;1;2;A4;48,8315810000;2,7691080000
202200032571;17;7;2022;17:55;1;81;81278;1;1;1;1;D612;43,4702220000;2,5725500000
202200032572;2;3;2022;07:35;1;94;94028;1;1;8;3;A86 INT;48,7762100000;2,4291100000
202200032573;11;7;2022;12:10;1;972;97222;1;1;1;3;RN1;14,6696270000; -60,9574750000
202200032574;18;7;2022;20:22;1;59;59462;2;1;1;6;Rue Jean-Baptiste Lebas;50,5189091747;3,0197113752
202200032575;2;3;2022;20:30;5;64;64483;2;1;2;6;Avenue de Chantaco;43,3912500000; -1,6544000000
202200032576;2;3;2022;18:56;5;971;97101;2;1;1;6;Boulevard des Héros;16,2452700000; -61,5298600000
202200032577;18;7;2022;18:10;1;44;44025;1;1;1;5;Le Clos Bernard;47,3830100000; -1,9406900000
202200032578;2;3;2022;19:05;5;45;45234;2;3;1;6;98 Rue Moine;47,9188228667;1,9147371948
202200032579;19;7;2022;17:45;1;62;62094;1;1;7;6;D138;50,4439913320;1,7890924217
202200032580;1;3;2022;09:20;1;74;74012;2;2;1;6;AMOUREUX (RUE DES);46,1904700000;6,2345400000
202200032581;4;6;2022;18:00;1;74;74210;2;1;1;6;460 Chemin de la Bandière;46,3052040000;6,4324900000
202200032582;17;7;2022;19:21;1;59;59081;2;1;1;6;8 Rue du Préau;50,1580270000;3,3893330000
202200032583;2;3;2022;17:30;1;974;97411;2;1;1;6;ALBANY (AVENUE JEAN); -20,8930450000;55,4583860000
202200032584;18;7;2022;12:45;1;32;32301;1;1;1;6;RN 124 / PK 063+650;43,6744910000;0,5223330000
202200032585;1;3;2022;11:45;1;974;97411;2;1;1;2;LABOURDONNAIS; -20,8756800000;55,4514100000
202200032586;19;7;2022;11:55;1;11;11063;1;2;1;3;Avenue du Languedoc RD 118;42,9229320000;2,2177630000
202200032587;2;3;2022;17:55;1;973;97302;2;6;1;6;BADUEL (ROND POINT DE);4,9333200000; -52,3094200000
202200032588;19;7;2022;07:50;1;86;86005;1;2;1;1;Route départementale 52;46,9449700000;0,0837390000
202200032589;2;3;2022;17:30;1;69;69387;2;2;1;3;Rue Pasteur;45,7480000000;4,8364000000
202200032590;19;7;2022;06:30;1;34;34029;1;1;1;6;D32;43,5599330000;3,4869230000
202200032591;14;7;2022;21:00;1;44;44064;1;1;1;6;6 bis la Thebaudiere;47,1072190000; -1,3158610000
202200032592;2;3;2022;14:30;1;69;69388;2;8;1;3;Avenue Berthelot;45,7375900000;4,8655600000
202200032593;13;7;2022;08:45;2;29;29165;1;3;1;1;D102 - Rue de Lesconil;47,8168442839; -4,2292141913
202200032594;1;3;2022;23:12;5;972;97209;2;1;1;2;JULES ALARIC (RUE);14,6049100000; -61,0583000000
202200032595;17;7;2022;18:30;1;38;38547;2;1;7;1;Rue de l Isle;45,2340170000;5,8710320000
202200032596;28;2;2022;15:25;1;69;69389;2;2;1;3;Rue du 24 Mars 1852;45,7759000000;4,8008500000
202200032597;18;7;2022;23:30;3;02;02100;1;1;1;7;D1044;49,9926500000;3,2401080000
202200032598;13;7;2022;18:00;1;54;54369;1;1;1;7;D40;48,8094742860;6,1251300581
202200032599;2;3;2022;13:05;1;971;97101;1;1;1;7;PERRIN (SECTEUR);16,2839300000; -61,5062500000
202200032600;19;7;2022;14:10;1;09;09257;1;1;1;1;Lieu Dit Pouteau;43,1010300000;1,1791370000
202200032601;26;2;2022;23:50;5;971;97101;2;3;1;1;Rue des Orangers;16,2918700000; -61,4949200000
202200032602;19;7;2022;17:30;1;10;10323;2;6;1;6;Avenue Georges Pompidou (Route en construction);48,5041410000;3,7556510000
202200032603;1;3;2022;11:55;1;2A;2A004;1;1;1;2;T21;41,9294900000;8,8012900000
202200032604;10;7;2022;16:30;1;36;36211;1;1;1;7;;46,7577122043;1,8755185604
202200032605;19;7;2022;12:00;1;07;07250;2;1;7;7;192 Rue de Tournon;45,1465170000;4,7066880000
202200032606;26;2;2022;08:30;1;95;95018;2;1;1;6;JAURES (AVENUE JEAN);48,9405808096;2,2221243382
202200032607;18;7;2022;14:45;1;07;07139;1;1;1;7;D578;44,7705480000;4,3367030000
202200032608;18;7;2022;20:16;1;53;53106;1;1;1;7;La Motte;48,3658270000; -0,1566400000
202200032609;26;2;2022;17:14;1;86;86066;2;6;7;3;Rue Edouard Branly;46,8021700000;0,5455890000
202200032610;19;7;2022;09:16;1;17;17385;2;6;1;3;Avenue du Moulin Blanc;45,9357660000; -1,3035990000
202200032611;1;3;2022;07:35;1;80;80021;2;1;2;3;QUATORZE JUILLET 1789 (AVENUE DU);49,8774000000;2,2826400000
202200032612;18;7;2022;12:25;1;48;48065;1;1;1;6;lieudit fourques;44,2038970000;3,5234140000
202200032613;28;2;2022;16:48;1;80;80021;2;2;1;6;COLMAR (RUE DE );49,8692800000;2,3158300000
202200032614;19;7;2022;08:00;1;52;52093;1;1;1;5;rue de Langres - départementale 17;47,8069150000;5,4236200000
202200032615;3;3;2022;00:05;3;78;78551;1;1;1;6;route forestière des pavillons;48,9611200000;2,1014600000
202200032616;19;7;2022;10:15;1;73;73255;1;4;1;6;A43, PK 157.120;45,3427200000;6,3064960000
202200032617;18;7;2022;22:35;3;53;53201;1;1;1;6;A81 Pk 253+300 Sens RENNES - PARIS;48,0982530000; -0,8511450000
202200032618;2;3;2022;16:30;1;76;76681;2;3;1;3;Rue Pierre Corneille;49,4194688837;1,0949890316
202200032619;18;7;2022;14:00;1;06;06027;1;1;1;2;A8 PK 183.300;43,6601570000;7,1647700000
202200032620;1;3;2022;16:45;1;72;72181;2;1;1;2;LEFAUCHEUX PIERRE (BD);47,9642429759;0,1762604711
202200032621;18;7;2022;23:40;3;77;77458;1;1;1;2;A77 PK 04+300 direction PARIS;48,1868050000;2,7670100000
202200032622;15;2;2022;16:00;1;70;70550;2;1;1;6;KENNEDY (BOULEVARD);47,6308630000;6,1672550000
202200032623;17;7;2022;17:20;1;972;97228;1;1;1;6;Route Nationale 1;14,7912780000; -60,9992860000
202200032624;2;3;2022;11:20;1;69;69266;2;1;1;3;Rue Léon Blum;45,7605500000;4,9049500000
202200032625;8;2;2022;13:30;1;68;68297;2;1;8;6;MULHOUSE ( RUE)CITE BOURGLIBRE JUSQUE RU;47,6044900000;7,5448600000
202200032626;16;7;2022;12:55;1;34;34344;2;5;1;3;Avenue de MONTPELLIER;43,5636080000;4,0857980000
202200032627;18;7;2022;08:40;1;34;34022;2;1;1;7;rue du colombier;43,6576580000;4,0109270000
202200032628;1;3;2022;09:10;1;64;64024;2;1;1;3;Avenue de Larochefoucauld;43,4878531508; -1,5343093872
202200032629;18;7;2022;19:30;1;04;04242;1;1;2;1;RD 13 - Le Bois d Asson;43,8992530000;5,8186880000
202200032630;24;2;2022;12:00;1;59;59350;2;1;1;6;FAUBOURG DES POSTES RUE;50,6109932775;3,0456537008