Num_Acc;jour;mois;an;hrmn;lum;dep;com;agg;int;atm;col;adr;lat;long
202200032631;18;7;2022;22:30;3;13;13053;1;1;1;1;D7n;43,7253510000;5,1632090000
202200032632;28;2;2022;15:35;1;57;57672;2;1;7;6;GENERAL DE CASTELNAU (RUE DU);49,3547400000;6,1629900000
202200032633;18;7;2022;13:40;1;54;54351;2;1;1;1;Rue Jean Jaurés;48,7897961540;6,1158549780
202200032634;27;2;2022;12:35;1;50;50475;1;1;1;6;CROIX PAIN;49,1273400000; -1,0893260000
202200032635;16;7;2022;22:50;3;74;74212;1;1;1;1;Route des Eveaux;46,0288900000;6,3910170000
202200032636;1;3;2022;15:09;1;49;49246;2;1;1;3;HUGO VICTOR RUE;47,4296200000; -0,5279400000
202200032637;19;7;2022;09:25;1;42;42094;2;2;1;3;Chemin de la Barre;45,7327630000;4,2280520000
202200032638;2;3;2022;18:25;2;43;43152;2;9;1;6;20 Route de Polignac;45,0528356531;3,8727182150
202200032639;19;7;2022;19:10;1;38;38320;1;2;1;1;D1075;45,8294350000;5,4096990000
202200032640;1;3;2022;16:55;1;41;41018;2;1;1;2;RD 956;47,5946150000;1,3529930000
202200032641;2;3;2022;18:05;2;37;37122;2;6;8;3;JEAN JAURES;47,3469087110;0,6476327777
202200032642;2;3;2022;12:35;1;33;33063;2;3;1;3;Avenue de Tourville;44,8777850000; -0,5569740000
202200032643;18;7;2022;17:20;1;64;64407;2;1;1;7;Chemin de Borda;43,4736700000; -1,4309260000
202200032644;2;3;2022;02:20;5;31;31555;2;1;1;7;RUE THOMAS EDISON;43,5672400000;1,4515500000
202200032645;2;3;2022;20:50;5;29;29254;2;1;1;6;Rue de la Mairie;48,5766700000; -3,8413140000
202200032646;2;3;2022;17:26;1;26;26362;2;3;1;3;MONTGOLFIER RUES DES FRERES (302);44,9191200000;4,9006900000
202200032647;2;3;2022;09:53;1;26;26198;2;1;1;3;ISLES (Chemin des );44,5351000000;4,7276000000
202200032648;2;3;2022;09:25;1;14;14715;2;3;2;3;114 Rue des Ecores;49,3641100000;0,0833100000
202200032649;18;7;2022;18:40;1;22;22274;1;4;7;1;Le Besso;48,3866110000; -2,0205190000
202200032650;2;3;2022;18:25;5;13;13054;2;3;1;3;LUCIEN SERVANTY (RUE );43,4070000000;5,2270000000
202200032651;2;3;2022;19:50;5;13;13103;2;4;1;2;AVENUE DE LA PATROUILLE DE FRANCE-RN 538;43,6310602371;5,1010845804
202200032652;2;3;2022;18:20;2;13;13208;2;1;1;3;pointe rouge (ave);43,2474300000;5,3741100000
202200032653;18;7;2022;19:25;1;35;35012;1;1;1;1;La Croix Blanche;47,8532380000; -1,6788110000
202200032654;2;3;2022;17:20;1;13;13204;2;3;1;6;ORGUES (RUE DES);43,2998800000;5,3996000000
202200032655;1;3;2022;15:45;1;09;09122;1;1;1;3;BARCELONE (AVENUE DE);42,9574340000;1,6207970000
202200032656;2;3;2022;08:50;1;06;06088;2;1;1;3;SCALIERO (R.);43,7025870000;7,2851570000
202200032657;18;7;2022;14:30;1;60;60360;2;2;1;3;Avenue Pierre Bérégovoy;49,3255560000;2,4630190000
202200032658;1;3;2022;16:50;1;06;06027;2;1;1;3;VAL FLEURI CHEMIN DU;43,6651800000;7,1707470000
202200032659;2;3;2022;10:50;1;75;75119;2;7;1;2;BOULEVARD SERURIER;48,8866360000;2,3941240000
202200032660;2;3;2022;18:10;5;75;75117;2;3;1;6;BOULEVARD DU BOIS LE PRETRE;48,8997500000;2,3191340000
202200032661;2;3;2022;14:00;1;75;75116;2;2;1;3;RUE DE LONGCHAMP;48,8681440000;2,2755010000
202200032662;18;7;2022;14:15;1;60;60103;2;1;1;6;chemin forestier du champ perdu;49,3988330000;2,2487640000
202200032663;2;3;2022;16:30;1;75;75113;2;1;1;6;RUE CHARLES MOUREU;48,8270790000;2,3630420000
202200032664;2;3;2022;18:00;1;75;75109;2;3;1;7;RUE RICHER;48,8740460000;2,3442770000
202200032665;18;7;2022;15:00;1;13;13215;1;1;1;6;A7-Sens Marseille vers Lyon;43,3581479742;5,3627074994
202200032666;1;3;2022;16:40;1;75;75108;2;1;1;3;RUE DE MARIGNAN;48,8683682416;2,3063202202
202200032667;18;7;2022;05:10;3;13;13210;1;1;1;6;A50-Sens Aubagne vers Marseille;43,2848900000;5,4173800000
202200032668;2;3;2022;17:20;1;75;75103;2;2;1;6;RUE SAINT MARTIN;48,8686500000;2,3553590000
202200032669;18;7;2022;16:30;1;33;33550;1;1;1;2;ROCADE A 630;44,7797530000; -0,5748660000
202200032670;28;2;2022;09:50;1;94;94046;2;1;1;2;Avenue du Professeur Cadiot;48,8054100000;2,4316100000
202200032671;2;3;2022;17:30;1;94;94011;2;6;1;3;Avenue Rhin et Danube / Avenue de Boissy;48,7684000000;2,4883600000
202200032672;18;7;2022;08:15;1;33;33281;1;1;1;4;ROCADE A 630;44,8566800000; -0,6609700000
202200032673;15;7;2022;23:15;3;59;59205;1;1;1;6;AUTOROUTE A 21;50,3340330606;3,3232073486
202200032674;28;8;2022;05:35;3;94;94042;1;1;1;2;A4;48,8285410714;2,4757609509
202200032675;2;3;2022;07:20;2;94;94028;2;3;1;4;Av du Mal de Lattre de Tassigny / Avenue Laferrière;48,7991400000;2,4536200000
202200032676;10;6;2022;22:10;3;69;69290;1;1;1;2;Rocade Est;45,7059860348;4,9668623705
202200032677;12;2;2022;23:10;5;94;94055;2;3;1;2;Avenue Olivier d’Ormesson / Rue Eugène Rethacker;48,7830700000;2,5339800000
202200032678;15;7;2022;21:00;1;59;59350;1;1;1;6;ROUTE NATIONALE 356;50,6368026843;3,0884443264
202200032679;30;4;2022;15:15;1;69;69091;2;3;1;3;Rue Yves Farge;45,5932300000;4,7645300000
202200032680;2;3;2022;20:15;5;94;94075;2;1;1;3;5 Rue du Lieutenant Dagorno;48,7266300000;2,5311300000
202200032681;28;2;2022;05:30;5;57;57660;2;1;1;3;NATIONALE(RUE)R.SCHOENECK A LIMITE CIRCO;49,1979300000;6,9307800000
202200032682;18;7;2022;14:00;1;91;91645;1;1;1;3;RN 385 Extèrieure;48,7600200000;2,2629400000
202200032683;2;3;2022;06:30;5;93;93048;2;2;1;6;Rue de Paris / Rue Francois Arago;48,8565100000;2,4276700000
202200032684;18;7;2022;03:30;3;78;78646;1;1;1;6;RN12 INT;48,7865760000;2,1517120000
202200032685;26;8;2022;17:00;1;974;97407;1;9;1;7;ROND POINT TAMATAVE; -20,9299400000;55,3092700000
202200032686;1;3;2022;17:45;1;93;93006;2;3;1;3;17 Rue de la Capsulerie / Rue des Blancs Champs;48,8636125784;2,4203969836
202200032687;17;7;2022;19:45;1;78;78640;1;1;1;2;A86 INT;48,7807100000;2,1782060000
202200032688;2;3;2022;12:15;1;92;92064;2;1;1;6;SENARD;48,8532454579;2,2206213623
202200032689;27;8;2022;16:00;1;973;97302;1;6;1;3;MADELEINE (ROUTE DE LA);4,9071500000; -52,3223000000
202200032690;18;7;2022;17:15;1;92;92036;1;1;1;2;AUTOROUTE A86;48,9330433500;2,3215717971
202200032691;26;8;2022;22:00;3;973;97302;1;1;1;2;ROUTE NATIONALE 3;4,9011900000; -52,3110900000
202200032692;2;3;2022;17:55;2;92;92062;2;1;1;2;DE DION BOUTON (QUAI) DU 29 AU 65;48,8817540068;2,2468003929
202200032693;18;7;2022;01:00;3;95;95424;1;1;1;6; A15;48,9930900000;2,1869800000
202200032694;2;3;2022;08:50;1;92;92050;2;1;1;6;PASCAL BLAISE BOULEVARD;48,9005700000;2,2127800000
202200032695;26;8;2022;16:00;1;69;69387;2;4;1;2;Rue Marc Bloch;45,7456674820;4,8482939601
202200032696;17;7;2022;23:30;3;95;95241;1;1;1;3;RN 104;49,0535593222;2,4260795116
202200032697;2;3;2022;01:50;5;92;92049;2;1;1;6;VANNE RUE DE LA;48,8166600000;2,3286900000
202200032698;27;8;2022;13:50;1;972;97209;1;3;1;3;REDOUTE (ROUTE DE LA);14,6152500000; -61,0619400000
202200032699;2;3;2022;16:45;1;92;92025;2;3;1;3;VALMY (BD DE);48,9302800000;2,2550690000
202200032700;17;7;2022;05:30;3;93;93006;1;1;1;4;AUTOROUTE A3;48,8663142702;2,4133247345
202200032701;27;8;2022;02:00;5;972;97209;2;2;1;7;GENERAL DE GAULLE (BLD DU);14,6064100000; -61,0667800000
202200032702;2;3;2022;12:30;1;92;92025;2;2;1;3;CHARLES DE GAULLE (BD);48,9146235598;2,2290424257
202200032703;17;7;2022;05:50;1;93;93005;1;1;1;4;AUTOROUTE A3;48,9552000000;2,4734200000
202200032704;25;8;2022;23:25;3;972;97209;1;1;1;5;AUTOROUTE (A1);14,6141800000; -61,0500300000
202200032705;17;7;2022;06:10;1;95;95018;1;1;1;6; A15;48,9586558069;2,2746205330
202200032706;2;3;2022;15:15;1;92;92012;2;3;1;2;REPUBLIQUE (BOULEVARD DE LA) 5/77BIS - 6;48,8325817552;2,2498154640
202200032707;27;8;2022;08:08;1;77;77373;2;6;1;6;RUE DES PRES SAINT MARTIN;48,7893300000;2,6174800000
202200032708;2;3;2022;21:15;5;92;92004;2;1;2;3;PONT DE CLICHY;48,9105500000;2,2990400000
202200032709;2;3;2022;15:45;1;92;92002;2;1;1;3;DIVISION LECLERC (53 A 217 - 58 A 186);48,7496700000;2,3042000000
202200032710;26;8;2022;19:20;2;77;77209;1;2;1;3;D217E / D217B;48,8538900000;2,6906400000
202200032711;3;3;2022;11:54;1;45;45330;1;1;1;2;A19-PK 119+535;48,0713690000;1,9668960000
202200032712;27;8;2022;03:35;5;74;74012;2;1;1;3;BARON DE LOE (RUE DU);46,1930000000;6,2287000000
202200032713;27;8;2022;08:29;1;72;72181;2;6;1;3;WILBUR WRIGHT (RUE);48,0081320000;0,1977430000
202200032714;3;3;2022;04:45;3;71;71584;1;1;1;3;A6 pk 372.800 sens Paris/Lyon;46,4372041526;4,8697907925
202200032715;3;3;2022;12:30;1;22;22225;1;1;1;1;RN12;48,5511831319; -3,1374997490
202200032716;27;8;2022;10:35;1;64;64483;2;6;1;3;RD810;43,4123870000; -1,6176460000
202200032717;27;8;2022;15:50;1;59;59650;2;1;1;1;STALINGRAD (RUE DE);50,6969174917;3,2099765539
202200032718;3;3;2022;15:40;1;44;44129;1;1;2;6;N165;47,4420300000; -2,0794870000
202200032719;27;8;2022;17:34;1;59;59350;2;2;1;6;FAUBOURG DES POSTES RUE;50,6147853638;3,0482071638
202200032720;1;3;2022;14:45;1;71;71443;1;3;1;1;Hameau de la Forge;46,9432840000;4,8753330000
202200032721;27;8;2022;09:30;1;59;59560;2;1;1;3;BOIS RUE DES ;50,5491262123;3,0515170097
202200032722;3;3;2022;13:35;1;12;12254;1;1;1;6;les conquettes;44,4447690000;2,5228430000
202200032723;28;8;2022;23:00;5;54;54395;2;2;1;3;CHEVERT (RUE DU GENERAL);48,6726940961;6,1765506864
202200032724;2;3;2022;19:20;5;42;42149;2;2;1;3;Avenue de la Route Bleue;45,6477830000;4,2310350000
202200032725;27;8;2022;21:25;5;54;54451;2;3;1;3;BOISMONT (RUE DE);49,5032400000;5,7538400000
202200032726;8;2;2022;16:00;2;34;34079;2;1;1;6;24 Avenue Raymond Lacombe;43,6241360000;3,4373210000
202200032727;2;3;2022;11:50;1;22;22042;1;1;1;2;D786;48,7575570000; -3,3028780000
202200032728;23;8;2022;09:05;1;53;53054;2;1;2;7;BRETAGNE ( RUE DE );48,0982490000; -0,7921010000
202200032729;27;2;2022;02:35;3;22;22220;2;1;2;6;Route de Gouarec;48,2392620000; -3,2489850000
202200032730;27;8;2022;16:22;1;45;45286;2;1;1;6;Avenue Jacques Douffiagues;47,8879700000;1,9290500000
202200032731;2;3;2022;01:55;4;44;44015;2;1;2;6;17 Rue des Vignes St Omer;47,4745880000; -1,8594630000
202200032732;1;3;2022;21:50;3;44;44082;1;1;1;3;221 Le Prefoure;47,4164330000; -1,4159530000
202200032733;27;8;2022;16:47;1;45;45338;2;2;1;3;1 Avenue Henri Barbusse;47,9908400000;2,7108900000
202200032734;2;3;2022;20:50;5;29;29233;2;1;2;3;Rue de Pont-Aven;47,8722640000; -3,5545380000
202200032735;30;3;2022;22:10;3;42;42237;1;1;1;6;Rue de la Cote Sibertiere;45,4498900000;4,4668200000
202200032736;27;8;2022;14:30;1;35;35238;1;1;1;6;PREVALAYE (CHEMIN DE LA);48,0927458141; -1,7375068367
202200032737;3;3;2022;16:30;1;29;29171;1;1;1;6;Kervered;47,8372350000; -4,3284850000
202200032738;27;8;2022;09:10;1;35;35281;2;1;1;3;MERMOZ (BOULEVARD JEAN);48,0955649910; -1,6950085759
202200032739;3;3;2022;14:50;1;01;01243;1;1;7;6;D933;46,0389230000;4,7562220000
202200032740;28;8;2022;01:30;5;33;33063;2;2;1;3;Rue Notre Dame;44,8543000000; -0,5691800000
202200032741;3;3;2022;10:00;1;01;01314;1;2;1;3;Carrefour D90/D109;46,0280630000;5,2917190000
202200032742;28;8;2022;23:20;5;33;33063;2;1;1;6;Boulevard Alfred Daney;44,8678300000; -0,5713400000
202200032743;2;3;2022;17:00;1;58;58197;1;1;1;6;Hameau de Bonnesson;47,3783450000;3,7263610000
202200032744;27;8;2022;05:00;5;33;33063;2;3;1;3;Rue Lucien Faure;44,8641700000; -0,5586100000
202200032745;27;8;2022;18:00;1;33;33529;2;1;1;1;ERMITAGE (AVE DE L');44,6338700000; -1,1967000000
202200032746;2;3;2022;17:20;1;72;72090;1;9;1;7;Carrefour Market (Supermarché);48,0629400000;0,5075310000
202200032747;3;3;2022;06:00;3;83;83095;1;1;1;6;D60;43,5562730000;6,0309850000
202200032748;27;8;2022;14:50;1;27;27375;2;1;1;2;POSTEL (BOULEVARD DU DOCTEUR);49,2104000000;1,1727600000
202200032749;3;3;2022;06:50;2;60;60315;1;2;1;3;intersection D1/D22;49,4805610000;1,9002060000
202200032750;26;8;2022;12:34;1;13;13028;2;1;1;1;SERPOLET (AVENUE DU);43,2000800000;5,5949100000
202200032751;2;3;2022;15:30;1;04;04031;1;4;1;3;RD 953 / RD 8;43,8962530000;6,1287400000
202200032752;3;3;2022;10:45;1;57;57596;1;1;1;6;A320, PK3+300;49,1551660000;6,8489300000
202200032753;27;8;2022;07:30;1;09;09225;2;3;1;3;BELPECH ROUTE DE;43,1156400000;1,6238800000
202200032754;26;8;2022;15:16;1;09;09122;1;9;1;3;ESPAGNE (ROUTE D');42,9520100000;1,6240700000
202200032755;27;8;2022;12:09;1;07;07008;1;1;1;6;;44,7134000000;4,6162900000
202200032756;26;8;2022;17:20;1;75;75112;2;1;1;4;PORTE DE VINCENNES;48,8449910000;2,4140350000
202200032757;27;8;2022;10:30;1;75;75118;2;1;1;6;RUE LEPIC;48,8876710000;2,3348310000
202200032758;3;3;2022;10:02;1;25;25157;2;1;1;1;N57;46,8768240000;6,3749200000
202200032759;27;8;2022;17:30;1;75;75112;2;1;1;2;QUAI DE BERCY;48,8311110000;2,3854160000
202200032760;3;3;2022;10:00;1;2B;2B265;1;1;1;1;D82;42,5990473483;9,4103318424
202200032761;27;8;2022;19:14;1;75;75104;2;3;1;6;RUE DE RIVOLI;48,8572910000;2,3523830000
202200032762;2;3;2022;17:06;1;34;34022;1;1;1;4;N113;43,6541880000;3,9965020000
202200032763;27;8;2022;16:38;1;94;94043;2;3;1;6;CONVENTION (R DE LA);48,8120000000;2,3608000000
202200032764;3;3;2022;08:22;1;68;68309;2;6;7;6;RUE POINCARE;47,6611350000;7,4483010000
202200032765;26;8;2022;12:20;1;94;94069;2;2;1;2;Rue du Maréchal Leclerc / Rue du Val d'Osne;48,8179500000;2,4244400000
202200032766;26;2;2022;18:15;2;67;67031;1;1;1;7;D35;48,4466250000;7,4442350000
202200032767;28;2;2022;18:50;3;57;57481;1;1;1;7;Route Départementale 11;49,2280100000;6,0246010000
202200032768;27;8;2022;13:00;1;93;93078;2;3;1;3;Route de Tremblay / Rue Jacques Balmat;48,9671856364;2,5426899413
202200032769;23;2;2022;14:20;1;69;69170;1;1;1;7;Chemin de Favarieu;45,6688170000;4,6129920000
202200032770;26;8;2022;22:08;5;93;93073;2;2;1;3;Avenue de la Somme / Rue de Savoie;48,9396300000;2,5919300000
202200032771;27;8;2022;18:03;1;93;93071;2;1;1;6;Route des Petits Ponts;48,9500200000;2,5225800000
202200032772;21;2;2022;09:40;1;09;09306;2;1;8;6;Route de Saurat;42,8515510000;1,5949200000
202200032773;27;8;2022;01:20;5;93;93070;2;5;1;3;Rue des Rosiers / Avenue Michelet;48,9014156807;2,3440317025
202200032774;2;3;2022;23:40;3;29;29066;1;1;2;6;D765;48,0328780000; -4,2403790000
202200032775;27;8;2022;16:15;1;93;93048;2;1;1;3;Rue Jean Lolive;48,8674379476;2,4294203057
202200032776;27;2;2022;15:00;1;22;22201;1;1;1;7;D34;48,6683490000; -2,3357530000
202200032777;27;8;2022;13:20;1;93;93029;2;1;1;3;Rue de Stalingrad;48,9185244267;2,4156410205
202200032778;2;3;2022;17:00;1;35;35031;1;3;1;3;Chene a la Vierge;48,1610260000; -1,4406250000
202200032779;27;8;2022;17:55;1;93;93010;2;1;1;6;Route d'Aulnay;48,9101038908;2,4801299993
202200032780;11;2;2022;04:47;3;27;27611;1;1;9;7;D316;49,0809680000;1,2587500000
202200032781;27;8;2022;18:30;1;92;92076;2;3;1;3;REPUBLIQUE;48,8369253718;2,1459457129
202200032782;3;3;2022;18:50;5;60;60695;2;1;1;1;Rue de Chantilly;49,1992610000;2,4815800000
202200032783;27;8;2022;17:15;1;92;92064;2;3;1;3;MARCEL DASSAULT;48,8592705704;2,2240871787
202200032784;3;3;2022;00:25;3;80;80090;1;1;1;5;AUTOROUTE A1 - PK 121.4;49,8705590000;2,8356640000
202200032785;27;8;2022;16:20;1;92;92040;2;1;1;3;ROUGET DE L'ISLE;48,8278622303;2,2672385573
202200032786;2;3;2022;19:10;3;59;59389;1;1;1;6;Rue du Calvaire;50,1068180000;3,1993500000
202200032787;26;8;2022;22:40;5;92;92026;2;1;1;3;GAULTIER;48,8986939958;2,2445535064
202200032788;2;3;2022;03:15;3;69;69259;1;1;1;6;Boulevard Urbain Sud;45,6865000000;4,8741000000
202200032789;27;8;2022;17:15;1;92;92032;2;9;1;3;DOLIVET J ET M (AVENUE);48,7921659623;2,2900030017
202200032790;27;2;2022;15:25;1;67;67218;1;1;1;2;M35;48,5328000000;7,6973500000
202200032791;27;8;2022;11:34;1;92;92007;2;1;1;6;PETIT (AVENUE ALBERT) N° 39 A FIN;48,7953461418;2,3117814660
202200032792;1;3;2022;20:10;3;33;33090;1;1;1;4;AUTOROUTE A 63;44,7607100000; -0,6790300000
202200032793;26;8;2022;20:25;2;24;24436;1;2;1;3;D6089;45,0216730000;0,2845720000
202200032794;2;3;2022;18:30;2;92;92060;1;1;1;3;RN 385 Extèrieure;48,7736751738;2,2415169590
202200032795;27;8;2022;21:30;3;86;86265;2;1;1;6;32 Route de Lencloitre;46,8572820000;0,3850920000
202200032796;2;3;2022;07:10;3;92;92025;1;1;1;3;A86;48,9224505810;2,2269890734
202200032797;26;8;2022;19:00;1;25;25467;1;1;1;3;Autoroute a 36 PK 129;47,2671300000;5,9248500000
202200032798;1;3;2022;18:00;1;78;78073;1;1;1;4;A12 Y;48,8014390000;2,0467240000
202200032799;27;8;2022;18:20;1;17;17172;1;3;1;3;Route de Mortagne;45,5615100000; -0,6814740000
202200032800;28;2;2022;11:35;1;78;78007;1;1;1;3;A13 Y;48,9012360000;2,0052200000
202200032801;28;8;2022;12:50;1;28;28103;1;9;7;3;D8;47,9907190000;1,2538680000
202200032802;27;8;2022;23:45;3;67;67362;1;1;1;6;D159;48,2471830000;7,3334060000
202200032803;1;3;2022;09:15;1;77;77053;1;1;1;6;RN104;48,6862300000;2,5974100000
202200032804;23;8;2022;07:10;1;974;97413;2;1;1;6;15 Rue Adrien Lagourgue; -21,2166580000;55,3085100000
202200032805;1;3;2022;18:00;1;06;06104;2;1;1;6;SCHUMANN (PROMENADE ROBERT);43,7610240000;7,4839710000
202200032806;21;2;2022;08:27;1;57;57480;2;1;1;6;SAINT LADRE (RUE );49,0936198000;6,1494973000
202200032807;27;8;2022;11:00;1;35;35251;1;2;1;3;La Bourlais;48,2547543163; -1,6007611156
202200032808;27;8;2022;17:40;1;51;51338;1;1;1;7;D308;49,1599570322;4,1108527780
202200032809;27;8;2022;23:00;3;51;51612;1;1;1;7;D36;48,9197756571;3,9766806364
202200032810;28;2;2022;11:45;1;974;97411;2;9;1;6;RAMBAUD (LEOPOLD); -20,8862500000;55,4808400000
202200032811;27;2;2022;17:50;1;974;97411;2;1;1;7;MACE (ROUTE GABRIEL); -20,9276100000;55,4932700000
202200032812;1;3;2022;13:45;1;69;69259;2;1;1;2;Avenue Francis de Pressensé;45,7128619528;4,8740221735
202200032813;28;8;2022;10:02;1;59;59663;1;1;1;3;Anc Voie Romaine Steen Str;50,8982150000;2,4912140000
202200032814;28;8;2022;01:41;5;74;74104;2;1;1;6;200 Route de Marceau Dessus;45,7701970000;6,2079090000
202200032815;1;3;2022;12:02;1;69;69387;2;1;1;1;Rue du Repos;45,7457223481;4,8506838083
202200032816;27;8;2022;19:15;2;33;33506;1;1;1;6;lieu dit lafon de medouc;44,6978610000; -0,1214560000
202200032817;1;3;2022;11:05;1;69;69388;2;1;1;5;Cours Albert Thomas;45,7484100000;4,8629200000
202200032818;28;2;2022;17:00;1;69;69386;1;1;1;3;Rue Fénelon;45,7642400000;4,8433000000
202200032819;28;2;2022;13:50;1;972;97209;1;1;1;3;RD 41 (ROCADE);14,6093800000; -61,0853200000
202200032820;27;8;2022;15:30;1;61;61317;1;1;1;3;D 932;48,7461160000;0,3669910000
202200032821;1;3;2022;21:15;5;69;69385;2;1;1;7;Rue de la Favorite;45,7563700000;4,8060100000
202200032822;27;8;2022;10:20;1;35;35009;1;2;7;1;D795;48,4997120000; -1,7388550000
202200032823;1;3;2022;18:00;1;69;69149;2;1;1;6;Rue Pierre Sémard;45,7173500000;4,8121100000
202200032824;26;8;2022;18:50;1;31;31075;1;1;1;6;route départementale 12;43,5440220000;1,1592080000
202200032825;28;2;2022;11:50;1;971;97105;2;1;1;3;AMEDE FENGAROL (RUE);15,9914700000; -61,7278700000
202200032826;27;8;2022;14:50;1;72;72090;1;1;1;3;1407 Route des Thuaudières;48,0294585207;0,4453933237
202200032827;1;3;2022;16:45;1;2A;2A004;1;1;1;4;T20;41,9376783860;8,8037400842
202200032828;28;8;2022;16:30;1;14;14578;2;3;1;6;D74;49,3470360000;0,1919000000
202200032829;1;3;2022;03:20;3;91;91174;2;7;1;6;BARBUSSE(PLACE);48,6137900000;2,4740800000
202200032830;28;8;2022;15:50;1;14;14593;1;1;1;7;D101;49,2388740000;0,1602380000
202200032831;26;2;2022;11:10;1;87;87085;2;1;1;2;BASTIAT (RUE FREDERIC);45,8844200000;1,2898500000
202200032832;26;2;2022;23:09;5;87;87085;2;2;1;3;DUMAS (AVENUE GEORGES);45,8260500000;1,2679100000
202200032833;28;8;2022;18:00;1;90;90045;1;1;1;1;Rue de DELLE - D 463;47,5080520000;6,9557830000
202200032834;25;2;2022;16:15;1;80;80021;2;2;1;3;BECQUERELLES (PASSAGE DES);49,9009900000;2,3012900000
202200032835;27;8;2022;15:00;1;83;83060;1;1;1;6;Rd71;43,6037024996;6,0663414001
202200032836;25;2;2022;09:45;1;80;80021;2;1;1;3;STRASBOURG (BOULEVARD DE);49,8889600000;2,2780300000
202200032837;28;8;2022;00:00;5;18;18223;2;4;1;3;La Rose;47,1937300000;2,3770920000
202200032838;26;2;2022;06:05;5;80;80021;2;1;5;6;JEAN RACINE (RUE);49,8647700000;2,3379900000
202200032839;26;2;2022;14:20;1;80;80021;2;1;1;3;LUCIEN LECOINTE (RUE);49,9087300000;2,3128700000
202200032840;28;8;2022;01:10;1;07;07129;2;1;1;6;5bis Avenue du Docteur Elisee Charra;44,9885690000;4,5792100000
202200032841;1;3;2022;17:15;1;78;78551;2;1;2;3;RN 13;48,8991640000;2,0741370000
202200032842;28;8;2022;10:40;1;40;40042;1;1;1;7;D12;43,5466200000; -1,2735560000
202200032843;26;2;2022;17:28;1;78;78688;2;1;1;7;RTE DE GUYANCOURT;48,7663400000;2,0534200000
202200032844;28;2;2022;16:30;1;77;77487;2;3;1;1;MARECHAL JUIN  (DU);48,5377100000;2,6843500000
202200032845;1;3;2022;21:40;5;76;76575;2;6;2;7;Avenue du Val l'Abbé;49,3803400000;1,1008090000
202200032846;27;8;2022;02:00;3;40;40291;1;1;1;6;1830 Rte de Saint Vincent de Tyrosse;43,6665030000; -1,3273760000
202200032847;23;2;2022;04:35;3;76;76108;2;1;2;7;Chemin de la Breteque;49,4823888898;1,1089076847
202200032848;28;2;2022;18:10;1;72;72181;2;1;1;6;LOUIS BLANC (QUAI);48,0066000000;0,1926500000
202200032849;28;8;2022;14:50;1;28;28383;2;4;1;3;24 Rue des Marais;48,3171980000;1,5717640000
202200032850;1;3;2022;18:08;1;69;69266;2;1;1;4;Pont de Cusset;45,7683773936;4,9052528143
202200032851;28;8;2022;16:55;1;46;46118;1;1;1;6;Péage A20;44,9907060000;1,5268850000
202200032852;1;3;2022;08:25;1;69;69275;2;1;1;2;Rue Elisée Reclus;45,7494900000;4,9393800000
202200032853;27;8;2022;17:35;1;49;49307;1;1;1;6;A85;47,5344430000; -0,3227230000
202200032854;27;8;2022;19:35;1;03;03158;1;1;1;7;A71;46,5026760000;2,6435640000
202200032855;28;2;2022;15:45;1;69;69282;2;3;1;1;Rue du Rambion;45,7606100000;4,9979100000
202200032856;28;8;2022;00:57;3;01;01089;1;1;1;6;A42 pk 043+800 sens Genève / Lyon;45,9919420000;5,3131610000
202200032857;1;3;2022;10:45;1;69;69264;2;1;1;6;Rue Berthelot;45,9992305775;4,7343327245
202200032858;28;8;2022;07:15;1;95;95371;2;1;1;1;Rue Jean Jaurés;49,0964731552;2,5195491314
202200032859;1;3;2022;06:50;5;69;69013;2;1;1;3;Route Départementale 306;46,0223937089;4,7205864787
202200032860;26;8;2022;18:00;3;988;98815;1;1;1;1;Tribu de Mebuet; -21,5133000000;167,8485000000
202200032861;28;8;2022;13:45;1;988;98825;1;1;1;7;Route de Forêt Plate; -21,1135080000;165,0144020000
202200032862;28;2;2022;14:10;1;67;67218;2;3;1;3;STRASBOURG (AVENUE DE);48,5430821496;7,7363705635
202200032863;27;8;2022;03:30;3;13;13025;1;1;1;2;D7N;43,4888010000;5,5950130000
202200032864;1;3;2022;10:55;1;66;66136;1;1;1;2;RD 914;42,6650000000;2,9174400000
202200032865;27;8;2022;19:15;1;37;37075;1;1;1;1;D58;47,2651136785;0,9463799000
202200032866;1;3;2022;08:15;1;64;64189;2;3;1;3;Avenue Jean Jaures;43,3800420000; -1,6688960000
202200032867;28;2;2022;17:15;1;64;64102;2;1;7;7;Avenue Louis de Foix;43,5049590000; -1,4671590000
202200032868;27;8;2022;19:40;2;77;77478;1;1;1;1;Borne d'appel d'urgence;48,9762170000;3,0702170000
202200032869;27;8;2022;22:40;5;91;91041;2;6;1;2;Route d Arpajon;48,5752060000;2,2374160000
202200032870;22;1;2022;01:56;3;91;91064;1;1;1;2;RN 118;48,7502000000;2,2051400000
202200032871;24;2;2022;17:20;1;62;62427;2;1;2;1;BROSSOLETTE (R PIERRE);50,4065770000;2,9404180000
202200032872;27;8;2022;02:00;3;66;66164;1;6;1;6;;42,7802600000;2,8995640000
202200032873;21;1;2022;18:30;3;91;91689;1;1;1;5;AUTOROUTE A6;48,7392380000;2,3200070000
202200032874;28;8;2022;07:38;1;84;84019;2;1;1;1;212 Montée des Frigoules;44,3131010000;4,7476920000
202200032875;27;2;2022;14:30;1;60;60159;1;1;1;3;D 130;49,4189852172;2,8753581046