Num_Acc;jour;mois;an;hrmn;lum;dep;com;agg;int;atm;col;adr;lat;long
202200032876;22;1;2022;04:20;3;93;93064;1;1;1;2;AUTOROUTE A3;48,8861836603;2,4732273817
202200032877;28;8;2022;13:00;1;05;05166;1;1;1;2;Route de Grenoble;44,4425025584;5,7150363922
202200032878;22;1;2022;01:50;3;95;95491;1;1;1;6; A115;48,9978500000;2,2466000000
202200032879;28;2;2022;07:50;1;57;57672;2;1;1;6;D953 A;49,3534000000;6,1795400000
202200032880;27;8;2022;13:40;1;69;69288;1;1;1;6;Chemin de la vie des oies;45,6892740000;5,0576910000
202200032881;21;1;2022;02:35;3;93;93053;1;1;2;6;AUTOROUTE A3;48,8817188518;2,4542189102
202200032882;28;2;2022;18:40;2;56;56098;2;2;2;3;MUSSET (RUE ALFRED);47,7538600000; -3,3418900000
202200032883;27;8;2022;02:30;3;69;69055;1;6;1;6;Route Départementale 306;45,9104000000;4,7341800000
202200032884;26;8;2022;20:15;1;69;69076;1;1;1;6;Route Départementale 306;45,8479190000;4,7330370000
202200032885;22;1;2022;16:30;2;94;94073;1;1;1;4;A86 EXT;48,7603100000;2,3825000000
202200032886;28;2;2022;17:10;1;51;51454;2;1;1;2;Avenue de Champagne;49,2278300000;4,0301500000
202200032887;28;8;2022;09:35;1;17;17086;1;1;1;1;83 Route des Passereaux;45,7448470000; -0,5771490000
202200032888;22;1;2022;13:50;1;77;77294;1;1;1;2;A104;48,9678000000;2,6030000000
202200032889;28;2;2022;08:30;1;51;51454;2;2;1;3;Place Alfred Brouette;49,2607009255;4,0461739248
202200032890;21;1;2022;14:45;1;86;86214;2;1;1;6;Rue d’Artimon;46,5628120000;0,3593460000
202200032891;28;8;2022;07:54;1;17;17058;1;1;1;1;D728;45,8338230000; -1,1282550000
202200032892;21;1;2022;10:00;1;72;72181;2;1;1;6;RUAUDIN (RUE) N° PAIRS 264 ET >;47,9714400000;0,2311200000
202200032893;28;2;2022;17:11;1;49;49007;2;1;1;7;VOIE DES BERGES;47,4795100000; -0,5519700000
202200032894;28;8;2022;10:00;1;17;17351;1;1;1;4;D18;45,8038020000; -1,0012980000
202200032895;18;1;2022;18:00;1;62;62907;1;1;1;7;RD 954;50,4794810000;3,0070540000
202200032896;2;3;2022;22:13;3;47;47031;1;1;1;1; (nouvelle rocade);44,1756700000;0,6248200000
202200032897;28;8;2022;04:45;3;85;85152;1;1;1;2;RD160;46,6040340000; -1,6511250000
202200032898;21;1;2022;16:25;1;974;97416;2;1;1;3;POUDRIERE (RUE DE LA); -21,3352700000;55,4562800000
202200032899;21;1;2022;12:50;1;974;97416;2;1;1;2;ROLLAND GARROS (CHEMIN) CD29 (1); -21,3482400000;55,5104700000
202200032900;2;3;2022;01:05;5;45;45285;2;2;1;3;117 Rue Charles Beauhaire;47,9148400000;1,8686600000
202200032901;28;8;2022;16:35;1;14;14066;2;3;1;3;D514;49,3296020000; -0,4336300000
202200032902;21;1;2022;21:35;5;974;97411;2;1;1;6;JAURES (BOULEVARD JEAN); -20,8992400000;55,4784300000
202200032903;1;3;2022;17:40;1;45;45147;2;3;1;3;Avenue d’Oradour-sur-Glane;47,9335160000;1,9214210000
202200032904;27;8;2022;16:30;1;56;56072;1;3;1;3;Guernogas;48,0930690000; -2,8048070000
202200032905;21;1;2022;09:15;1;974;97411;2;3;2;7;HOARAU (RUE MARCEL); -20,9085400000;55,4877900000
202200032906;1;3;2022;13:35;1;45;45234;2;1;1;6;Avenue de la Mouillère;47,8842900000;1,9088200000
202200032907;21;1;2022;18:00;5;69;69259;2;1;1;6;364 Route de Vienne;45,7190658793;4,8545582592
202200032908;28;8;2022;10:15;1;29;29057;2;1;1;2;20 Rue Charles de Gaulle;47,9081530000; -3,9793490000
202200032909;20;1;2022;08:50;1;972;97209;2;1;1;2;AUTOROUTE (A1);14,6181100000; -61,0370100000
202200032910;27;8;2022;11:40;1;35;35019;1;1;1;1;La cordonnais;48,4525801194; -1,5507379174
202200032911;1;3;2022;07:25;1;45;45234;2;1;1;6;14 Rue Jacques Groslot Bailli d’Orléans;47,9253210000;1,8923570000
202200032912;27;8;2022;17:50;1;27;27448;2;1;1;6;Rue Edouard Isambard;49,0137180000;1,3791700000
202200032913;21;1;2022;18:10;5;69;69034;2;3;1;3;151 Rue Pasteur;45,7971800000;4,8502900000
202200032914;1;3;2022;08:45;2;41;41158;2;3;1;2;COULIS (RUE DES);47,7936000000;1,0449400000
202200032915;27;8;2022;10:45;1;27;27165;1;1;1;6;D140;48,9640890000;0,9057770000
202200032916;28;2;2022;20:00;5;41;41295;2;1;1;7;RUE PIERRE GILLES DE GENNES;47,5722900000;1,3732500000
202200032917;21;1;2022;12:55;1;69;69389;2;2;1;6;Rue Victor Schoelcher;45,7898500000;4,7975200000
202200032918;28;8;2022;03:30;3;76;76566;2;1;1;7;Route du Hameau Gris;49,6035770000;0,9720970000
202200032919;1;3;2022;10:20;1;35;35238;2;2;1;6;Avenue de Rochester;48,1278000000; -1,6572800000
202200032920;21;1;2022;12:00;1;69;69382;2;1;1;6;Quai Maréchal Joffre;45,7524300000;4,8244900000
202200032921;27;8;2022;15:45;1;60;60398;2;1;1;3;Rue de la Ferme;49,1789860000;2,2849850000
202200032922;18;1;2022;18:40;2;971;97113;1;1;1;6;Morne Salines;16,2081500000; -61,4498100000
202200032923;28;8;2022;04:30;3;60;60065;1;1;1;6;Rue du Moulin de Conflans;49,3401859024;2,2097443342
202200032924;1;3;2022;13:10;1;33;33162;2;3;1;3;Rocade Ouest E9;44,8574376233; -0,6607977841
202200032925;27;8;2022;23:30;3;60;60439;2;1;1;6;Rue de Noailles;49,3221570000;2,3141430000
202200032926;17;1;2022;21:10;5;91;91425;2;2;1;6;RTE NATIONALE 20;48,6395600000;2,2681700000
202200032927;28;2;2022;22:15;5;33;33063;2;1;1;6;Rue des Trois Conils;44,8385150470; -0,5783481076
202200032928;21;1;2022;16:08;1;91;91477;2;1;7;2;PARIS (RUE DE);48,7068900000;2,2391200000
202200032929;27;8;2022;14:00;1;59;59323;1;1;1;3;d 934;50,3010290000;3,6289860000
202200032930;25;2;2022;19:55;5;30;30189;2;3;1;1;Route de Beaucaire;43,8371000000;4,3851000000
202200032931;21;1;2022;13:55;1;91;91687;2;3;1;7;VICTOR SCHOELCHER (AVENUE);48,6595760000;2,3727560000
202200032932;27;8;2022;17:41;1;13;13211;1;1;1;3;A50-Sens Aubagne vers Marseille;43,2904600000;5,4483900000
202200032933;1;3;2022;21:10;5;29;29232;2;1;2;1;Avenue Leon Blum;47,9862000000; -4,0803000000
202200032934;21;1;2022;11:45;1;86;86194;2;1;1;1;Rue du Bas des Sables;46,5708960000;0,3311300000
202200032935;27;8;2022;13:50;1;13;13028;1;1;1;6;A50;43,2033300000;5,5990000000
202200032936;27;8;2022;16:05;1;91;91689;1;1;1;2;AUTOROUTE A6B;48,7489800000;2,3276700000
202200032937;21;1;2022;08:15;1;83;83144;2;6;1;3;Rond point de l'Université;43,1379596609;6,0163958072
202200032938;1;3;2022;17:20;1;29;29232;1;1;2;2;D365 - Avenue du Morbihan;47,9784100000; -4,0173900000
202200032939;28;2;2022;06:58;2;27;27681;2;1;1;6;GROSSE BORNE (RUE DE LA);49,0987300000;1,4701900000
202200032940;18;1;2022;18:35;4;80;80379;2;6;1;3;RD 1029 (ROUTE DE ST QUENTIN);49,8678300000;2,3744200000
202200032941;27;8;2022;13:35;1;91;91161;1;1;1;4;AUTOROUTE A6;48,7210400000;2,3114300000
202200032942;27;8;2022;09:30;1;91;91179;1;1;1;7;RN 337;48,5615520000;2,4842900000
202200032943;20;1;2022;12:20;1;78;78586;2;3;8;3;REPUBLIQUE (AVENUE) N° IMPAIR;48,9321810000;2,1481520000
202200032944;25;2;2022;19:35;5;25;25020;2;4;1;3;VIGNOTTES (RUE DES);47,4920700000;6,7996100000
202200032945;26;8;2022;21:30;3;92;92002;1;1;1;2;AUTOROUTE A10;48,7314160000;2,3094820000
202200032946;27;8;2022;08:45;1;92;92036;1;1;1;6;A86;48,9357640852;2,2872224731
202200032947;21;1;2022;16:38;1;78;78551;1;1;1;5;RN 184;48,9211900000;2,0825000000
202200032948;28;2;2022;08:10;1;24;24322;2;3;1;3;LACOMBE (RUE);45,1815500000;0,7263200000
202200032949;21;1;2022;12:20;1;77;77048;1;1;1;6;D607;48,3301997015;2,6885837922
202200032950;26;8;2022;09:15;1;93;93053;1;1;1;5;AUTOROUTE A3;48,8841100000;2,4626200000
202200032951;21;1;2022;11:15;1;76;76540;2;1;1;6;Rue Saint Nicaise;49,4448100000;1,1032800000
202200032952;26;2;2022;18:45;5;21;21278;2;6;1;6;Route d'Ahuy;47,3509981494;5,0341614248
202200032953;26;8;2022;13:50;1;64;64189;2;1;1;6;Boulevard d’Abbadie d’Arrast;43,3896500000; -1,6839500000
202200032954;20;1;2022;13:50;1;76;76351;2;3;1;3;CHARLES VICTOIRE (rue);49,5262400000;0,1212600000
202200032955;25;8;2022;10:40;1;63;63113;2;3;1;6;ESPAGNE (PLACE D');45,7812300000;3,0915600000
202200032956;1;3;2022;14:55;1;14;14715;1;6;1;6;Avenue de la Marnière;49,3725400000;0,1146100000
202200032957;25;8;2022;18:15;1;93;93073;1;1;1;1;Chemin des Vaches;48,9711300000;2,5636100000
202200032958;21;1;2022;23:20;5;72;72181;2;2;1;3;ALENCON (RTE D');48,0285000000;0,1796200000
202200032959;1;3;2022;10:00;1;13;13075;2;1;1;2;FREDERIC MISTRAL (AVE);43,3503805827;5,4708487283
202200032960;28;6;2022;22:00;5;69;69029;1;1;1;3;Boulevard Laurent Bonnevay;45,7256400000;4,8961800000
202200032961;20;1;2022;11:45;1;72;72181;2;1;1;6;LYAUTEY MARECHAL (AV) N° IMP;48,0168000000;0,2191100000
202200032962;28;2;2022;17:30;1;13;13215;2;1;1;6;MARITIME (TRAVERSE);43,3365600000;5,3533600000
202200032963;26;8;2022;14:30;1;976;97611;2;1;1;3;kaweni-Mangrove (route de la); -12,7690800000;45,2267400000
202200032964;26;8;2022;08:20;1;976;97611;2;1;1;6;m'tsapere-M'tsapéré- M'tsangani ( rue ); -12,7899900000;45,2224400000
202200032965;21;1;2022;12:30;1;71;71153;2;3;1;3;PRESIDENT WILSON (RUE DU);46,7963500000;4,4292800000
202200032966;28;2;2022;14:38;1;13;13204;2;3;1;6;LIBERATION (BOULEVARD);43,3026000000;5,3959000000
202200032967;26;8;2022;16:15;1;974;97411;2;3;1;7;DIGUE (ROUTE); -20,8888400000;55,4720000000
202200032968;20;1;2022;07:55;5;71;71076;2;1;2;2;PARIS (AVENUE DE);46,8088900000;4,8437100000
202200032969;28;2;2022;16:20;1;13;13098;1;1;1;2;PORT DE BOUC ANCIEN ROUTE DE;43,4497929483;5,0164087510
202200032970;18;1;2022;17:55;5;69;69013;2;1;8;2;Route Nationale 6;46,0088843085;4,7198000550
202200032971;25;8;2022;08:30;1;974;97411;2;9;1;3;DIGUE (ROUTE); -20,8927590000;55,4695150000
202200032972;1;3;2022;20:35;5;13;13004;2;3;1;3;AV STALINGRAD;43,6914003429;4,6380868594
202200032973;21;1;2022;16:45;1;64;64024;2;1;1;6;Rue du Bois Belin;43,4928000000; -1,5185100000
202200032974;26;8;2022;01:00;5;973;97302;2;1;2;7;LEBLOND (ROND POINT);4,9215551538; -52,3299568892
202200032975;28;2;2022;10:08;1;10;10387;2;1;1;6;EMILE ZOLA (RUE);48,2967900000;4,0755800000
202200032976;21;1;2022;15:30;1;59;59599;2;3;7;6;GAND (RUE DE);50,7307601137;3,1591808796
202200032977;26;8;2022;17:20;1;972;97213;1;1;1;2;ROUTE NATIONALE 5;14,5960900000; -60,9901500000
202200032978;26;2;2022;18:30;2;06;06083;2;3;1;3;CARNOT (AVENUE);43,7711920000;7,4951610000
202200032979;21;1;2022;18:05;5;59;59220;2;1;1;1;KLEBER RUE    N°IMPAIR;50,5925095740;3,0715048313
202200032980;26;8;2022;18:16;2;972;97213;1;3;1;3;ROUTE DEPARTEMENTALE 15;14,6135000000; -61,0048400000
202200032981;28;2;2022;15:35;1;05;05061;2;1;1;7;CHARLES AUROUZE ( RUE );44,5700900000;6,0755900000
202200032982;26;8;2022;13:45;1;972;97213;1;1;1;3;VIEUX CHEMIN CALIFORNIE (RUE DU);14,6213818330; -61,0267446935
202200032983;15;1;2022;20:45;5;59;59360;2;1;8;2;AURIOL VINCENT RUE DU PRESIDENT;50,6066561723;3,0117344856
202200032984;28;2;2022;17:27;1;05;05061;2;6;1;6;MALCOMBE ( ROUTE DE );44,5576810000;6,0511270000
202200032985;25;8;2022;19:50;5;972;97213;1;1;1;2;AUTOROUTE A1;14,6184600000; -61,0258500000
202200032986;20;1;2022;13:05;1;58;58194;2;3;1;3;DOCKS;46,9955684890;3,1483085812
202200032987;28;2;2022;18:30;1;75;75113;2;1;1;4;BD PERIPHERIQUE INTERIEUR;48,8217180000;2,3790150000
202200032988;25;8;2022;11:45;1;91;91421;2;1;1;3;CORBEIL (ROUTE DE);48,7188000000;2,4435000000
202200032989;21;1;2022;15:15;1;54;54184;2;2;1;3;Rue de la Fraternité;48,7005840000;6,2245820000
202200032990;24;8;2022;09:05;1;85;85194;2;1;1;3;POILU DE FRANCE (PLACE DU);46,4971170200; -1,7833551760
202200032991;21;1;2022;07:35;2;54;54578;2;3;1;6;JARDIN BOTANIQUE (RUE DU);48,6688700000;6,1611600000
202200032992;26;8;2022;02:55;5;84;84007;2;3;1;6;SOUSPIROUS (Avenue des ) - MONTFAVET;43,9328600000;4,8724900000
202200032993;26;2;2022;01:15;5;75;75114;2;1;1;2;BD PERIPHERIQUE INTERIEUR;48,8217520000;2,3179320000
202200032994;19;1;2022;12:30;1;54;54547;2;1;1;2;LECLERC (AV. DU GENERAL 26 A 172);48,6669100000;6,1665500000
202200032995;26;8;2022;18:20;1;83;83137;2;2;1;6;;43,1284300000;5,9158300000
202200032996;1;3;2022;10:50;1;75;75120;2;2;1;6;RUE DES PYRENEES;48,8527010000;2,4061170000
202200032997;19;1;2022;07:40;2;54;54184;2;6;1;3;MAILLYS (RUE DES);48,7063400000;6,2454100000
202200032998;25;8;2022;10:45;1;83;83069;2;2;1;6;AICARD (RUE JEAN);43,1176000000;6,1287000000
202200032999;20;1;2022;20:35;5;51;51454;2;1;1;6;Rue Colonel Pierre Clostermann;49,2425000000;4,0827700000
202200033000;1;3;2022;12:50;1;75;75119;2;2;1;3;RUE D AUBERVILLIERS;48,8855450000;2,3658080000
202200033001;18;1;2022;19:13;5;51;51454;2;1;1;1;Avenue Henri Farman;49,2384700000;4,0641200000
202200033002;1;3;2022;08:50;1;75;75119;2;3;1;3;RUE PETIT;48,8860170000;2,3892900000
202200033003;26;8;2022;19:35;1;77;77186;1;2;1;3;D606 / D115;48,4811318789;2,6690879753
202200033004;21;1;2022;07:44;5;49;49007;2;1;1;3;CARNOT;47,4753400000; -0,5485900000
202200033005;1;3;2022;18:10;2;75;75118;2;4;1;3;BOULEVARD ORNANO;48,8954058119;2,3465010524
202200033006;26;8;2022;10:40;1;76;76296;2;2;1;6;1 Route de Rogerville;49,5183300000;0,2640100000
202200033007;21;1;2022;20:35;5;45;45004;2;1;1;6;Rue de la Coopérative;47,9705000000;2,7555600000
202200033008;28;2;2022;22:25;5;75;75117;2;2;1;3;AVENUE DE CLICHY;48,8897090000;2,3217260000
202200033009;26;8;2022;20:10;1;74;74118;1;1;1;2;18 AOUT (RUE DU);46,1686000000;6,2033000000
202200033010;28;2;2022;20:55;5;75;75117;2;1;1;2;BOULEVARD BERTHIER;48,8891595302;2,3022714257
202200033011;19;1;2022;21:27;3;44;44184;2;6;1;3;35 Boulevard Paul Perrin;47,2858640000; -2,2149630000
202200033012;23;8;2022;16:30;1;74;74305;1;1;1;1;THONON (ROUTE DE);46,1986000000;6,2701500000
202200033013;22;2;2022;13:05;1;75;75117;2;3;1;3;BOULEVARD DE DOUAUMONT;48,8968235492;2,3100444674
202200033014;28;2;2022;13:10;1;75;75115;2;3;1;6;RUE DU DEPART;48,8418679973;2,3226374388
202200033015;3;8;2022;11:45;1;73;73008;2;6;7;3;D1201 - HOPITAUX CARREFOUR DES;45,6969263978;5,9076679945
202200033016;21;1;2022;12:09;1;44;44109;2;1;1;6;8 Boulevard Gabriel Lauriol;47,2356220000; -1,5633720000
202200033017;25;8;2022;19:45;1;71;71306;2;1;1;6;ALOUETTES (AVENUE DES);46,6800036946;4,3600005805
202200033018;1;3;2022;14:15;1;75;75112;2;3;1;6;AVENUE DAUMESNIL;48,8432460638;2,3836818337
202200033019;21;1;2022;12:30;1;42;42218;2;1;1;6;Rue de Terrenoire;45,4340427583;4,4164738319
202200033020;25;8;2022;07:10;1;71;71040;2;4;1;3;MACON (ROUTE DE);46,6710280000;4,3862370000
202200033021;21;1;2022;14:50;1;37;37122;2;1;1;2;BORDEAUX (AVENUE DE);47,3549544217;0,6989394128
202200033022;26;8;2022;22:24;5;69;69264;2;3;1;3;Rue d’Anse;45,9825100000;4,7178900000
202200033023;21;1;2022;08:55;1;37;37214;2;2;1;1;AMPERE (RUE ANDRE);47,4237586902;0,6727104262
202200033024;26;8;2022;16:00;1;69;69271;2;3;1;2;Boulevard Charles de Gaulle;45,7448100000;4,9373000000
202200033025;25;8;2022;16:50;1;66;66136;1;1;1;4;;42,7436580000;2,8912550000
202200033026;26;8;2022;11:20;1;64;64545;2;1;1;1;D913;43,3786300000; -1,6889300000
202200033027;21;1;2022;07:55;5;37;37261;2;2;1;6;CONSTANTINE (RUE DE);47,3949584962;0,6844212860
202200033028;26;8;2022;17:15;1;64;64445;2;1;1;5;boulevard d'Alsace Lorraine;43,3049370000; -0,3720230000
202200033029;25;8;2022;13:30;1;64;64445;2;6;1;3;rond-point des allées de Morlaàs;43,3080400000; -0,3393800000
202200033030;12;4;2022;13:05;1;67;67067;2;2;1;1;rue des acacias;48,7306980000;7,7143280000
202200033031;26;8;2022;20:18;1;64;64122;2;1;1;2;Rue de Madrid;43,4704800000; -1,5687000000
202200033032;21;1;2022;16:50;1;35;35238;1;1;1;2;N136;48,1104600000; -1,7179600000
202200033033;25;8;2022;11:00;1;64;64102;2;1;1;3;Allées Boufflers;43,4916000000; -1,4694300000
202200033034;12;4;2022;15:14;1;26;26313;2;3;1;3;avenue de provence;44,9653940000;4,9463900000
202200033035;9;7;2022;09:05;1;62;62510;2;1;1;7;GOULET (R SILAS);50,4225260000;2,7796370000
202200033036;26;8;2022;19:35;1;59;59378;2;1;1;7;NATIONALE RUE;50,6629778903;3,0750426650
202200033037;25;8;2022;19:00;1;59;59560;1;9;1;3;CD 925;50,5348350314;3,0211758614
202200033038;12;4;2022;11:15;1;32;32258;1;3;1;3;rd 151;43,7462120000;0,6595820000
202200033039;21;1;2022;16:55;1;35;35238;2;1;1;4;Avenue des Monts d’Arrée;48,1344400000; -1,6728800000
202200033040;25;8;2022;20:05;1;57;57012;2;1;1;6;GENERAL DE GAULLE (RUE DU);49,3699136707;6,0560001433
202200033041;11;4;2022;09:00;1;37;37199;1;4;1;1;D58;47,0639941832;0,5020585656
202200033042;18;6;2022;02:24;5;2A;2A004;2;1;1;7;ILES SANGUINAIRES ROUTE DES;41,9067700000;8,6771300000
202200033043;21;1;2022;06:45;5;35;35238;2;1;1;3;BOURGEOIS (BOULEVARD LEON);48,0994900000; -1,6522800000
202200033044;11;4;2022;08:20;1;95;95229;2;1;1;3;RD 370;49,0341213486;2,3437464237
202200033045;17;6;2022;14:00;1;95;95268;2;1;1;3;RUE JEAN GOUJON;48,9703500000;2,4002900000
202200033046;20;1;2022;12:15;1;35;35238;2;6;1;3;GAYEULLES (ROND POINT);48,1274700000; -1,6514300000
202200033047;11;4;2022;19:15;1;49;49092;1;9;1;7;La Haute Lande de Melay (melay);47,2004780000; -0,7217210000
202200033048;26;8;2022;13:50;1;56;56121;2;1;1;2;INDES (PONT DES);47,7576000000; -3,3546000000
202200033049;17;6;2022;11:30;1;95;95539;2;1;1;3;Avenue du Général de Gaulle;48,9939200000;2,3580600000
202200033050;26;8;2022;15:25;1;54;54304;2;1;1;6;MOSELLE (RUE DE LA);48,6990690000;6,1350240000
202200033051;21;1;2022;12:47;1;33;33063;2;1;1;4;Boulevard Aliénor d'Aquitaine;44,8710500000; -0,5663300000
202200033052;11;4;2022;16:30;1;28;28330;1;2;1;3;D955;48,0550500000;1,4084710000
202200033053;21;1;2022;12:00;1;31;31555;2;1;1;3;MINIMES (AV DES) DU 1AU 178;43,6227300000;1,4345700000
202200033054;26;8;2022;19:25;1;51;51172;2;1;1;3;Avenue Francois Mitterrand;49,2193221982;4,0567700565
202200033055;3;4;2022;03:55;3;26;26106;1;1;1;6;A7;44,6428340000;4,7920190000
202200033056;17;6;2022;18:50;1;95;95280;2;3;1;3;Rue Ambroise Croizat;49,0216700000;2,4527800000
202200033057;21;1;2022;18:30;5;30;30007;2;1;1;2;JUIN (AVE DU MARECHAL);44,1180300000;4,1085400000
202200033058;11;4;2022;14:30;1;76;76101;1;1;1;6;echangeur 5 A28;49,9288890000;1,6402140000
202200033059;26;8;2022;12:25;1;51;51108;2;2;1;3;Avenue du Général Sarrail;48,9754824951;4,3576294184
202200033060;17;6;2022;13:25;1;91;91161;2;3;7;3;AV PIERRE BROSSOLETTE;48,7000140000;2,3060020000
202200033061;21;1;2022;14:38;1;29;29019;2;3;1;1;Rue Marcellin Duval;48,4145910000; -4,4867720000
202200033062;11;4;2022;16:30;1;59;59016;1;1;1;7;Rue des Champs;50,9680080000;2,3537350000
202200033063;21;1;2022;20:00;5;27;27681;2;9;1;3;DEVOS (BOULEVARD JULIEN);49,0868600000;1,4738400000
202200033064;17;6;2022;12:45;1;91;91345;2;1;1;6;RUE MAURICE;48,6938700000;2,2884900000
202200033065;19;1;2022;16:30;1;19;19031;2;1;1;6;MASSENAT (RUE DU DOCTEUR);45,1589900000;1,5344300000
202200033066;25;8;2022;20:30;1;49;49007;2;6;1;3;DE LATTRE DE TASSIGNY;47,4486600000; -0,5383900000
202200033067;11;4;2022;15:40;1;26;26333;2;2;1;4;route de valence;45,1670540000;4,8182560000
202200033068;17;6;2022;15:15;1;91;91691;2;1;1;7;;48,6987940000;2,4880480000
202200033069;21;1;2022;13:35;1;17;17291;2;9;7;3;DIX-HUIT JUIN   RUE DU;46,1778900000; -1,1050300000
202200033070;17;6;2022;19:20;1;91;91326;2;2;1;6;COUR DE FRANCE (AVENUE DE LA);48,6846300000;2,3752800000
202200033071;25;8;2022;09:26;1;47;47323;2;1;1;6;REPUBLIQUE (BLVD DE LA);44,4098900000;0,7054700000
202200033072;12;4;2022;08:20;1;83;83070;2;3;1;3;Avenue du Marechal Juin;43,1360330000;6,3545020000
202200033073;21;1;2022;08:20;1;17;17300;2;2;1;3;SARTRE   AVENUE JEAN-PAUL;46,1549100000; -1,1358500000
202200033074;16;6;2022;19:45;1;91;91109;2;1;1;2;ETAMPES (ROUTE D')    RD 207;48,4559800000;2,1511100000
202200033075;12;4;2022;09:30;1;61;61114;1;1;1;1;A88;48,7821690000; -0,1222930000
202200033076;26;8;2022;21:10;2;45;45208;2;1;1;2;103 Rue Deportes Internes Resistance;47,9932200000;2,7450700000
202200033077;21;1;2022;19:00;5;13;13210;2;1;1;3;BENJAMIN DELESSERT (RUE);43,2834167457;5,4049086663
202200033078;21;1;2022;15:00;1;13;13210;2;9;1;3;CAPELETTE (AVENUE DE LA);43,2804100000;5,4083400000
202200033079;17;6;2022;09:53;1;79;79191;2;2;1;3;Rue du Clou Bouchet;46,3183900000; -0,4737100000
202200033080;10;4;2022;06:25;2;51;51168;1;1;5;7;D977;48,9090030000;4,3094060000
202200033081;26;8;2022;18:10;1;35;35238;2;2;1;6;BOUZAT (DOYEN ALBERT);48,1275200000; -1,6402000000
202200033082;12;4;2022;17:45;1;76;76739;1;1;1;7;RD49;49,8384250000;1,7157980000
202200033083;21;1;2022;00:36;5;13;13208;2;1;1;6;pointe rouge (ave);43,2470782324;5,3739108754
202200033084;17;6;2022;20:20;1;78;78146;2;1;1;2;MARECHAL FOCH (AVENUE DU);48,8890800000;2,1589400000
202200033085;26;8;2022;08:10;1;35;35238;2;6;1;3;ROBIQUETTE (ROND POINT DE LA);48,1340000000; -1,6943900000
202200033086;20;1;2022;15:30;1;13;13205;2;1;1;1;BAILLE (BOULEVARD);43,2884200000;5,3924300000
202200033087;11;4;2022;16:47;1;65;65267;2;4;1;1;D921;42,9946150000; -0,0915600000
202200033088;20;1;2022;13:45;1;13;13207;2;1;1;2;CORSE (AVENUE DE LA);43,2895600000;5,3646100000
202200033089;26;8;2022;17:55;1;34;34172;2;2;1;3;ADHEMAR (AVENUE PIERRE D');43,6228400000;3,8678900000
202200033090;11;4;2022;15:00;1;11;11370;2;1;1;6;Avenue de Coursan;43,2378600000;3,1158600000
202200033091;6;1;2022;15:30;1;13;13207;2;3;1;3;JOEL RECHER (RUE);43,2885210715;5,3651307437
202200033092;16;6;2022;17:35;1;77;77495;1;1;1;4;N 105;48,5692080000;2,6418330000
202200033093;26;8;2022;16:45;1;33;33009;2;6;1;3;MAYDIEU (PL. GABRIEL);44,6474000000; -1,1840500000
202200033094;26;8;2022;07:55;1;29;29232;1;4;1;3;Pont de Poulguinan;47,9843838495; -4,1141710280
202200033095;10;4;2022;18:00;1;46;46290;2;2;1;2;CAMP DE MARO;44,7486450000;1,4996340000
202200033096;20;1;2022;10:30;1;11;11069;2;3;1;3;Route Minervoise;43,2231600000;2,3600000000
202200033097;26;8;2022;14:05;1;29;29039;1;1;1;2;D783;47,8930000000; -3,9151000000
202200033098;20;1;2022;17:02;1;10;10387;2;6;7;6;PREMIER RAM (RUE DU);48,2948622600;4,0809059143
202200033099;11;4;2022;17:15;1;22;22147;2;1;1;1;Rue Rene Guitton;48,1957340000; -2,4126360000
202200033100;17;6;2022;16:20;1;77;77186;1;1;1;3;D607;48,3960700000;2,6919800000
202200033101;20;1;2022;17:50;5;06;06088;2;1;1;2;QUINZIEME CORPS (AV. DU);43,7110000000;7,2811900000
202200033102;8;3;2022;16:50;1;29;29274;2;9;1;1;Rue René le Bomin;48,0331580000; -3,7014620000
202200033103;25;8;2022;13:16;1;29;29019;2;3;1;1;rue d'Aiguillon;48,3864000000; -4,4899200000
202200033104;17;6;2022;19:45;2;76;76540;2;3;7;3;Rue de la Republique;49,4380700000;1,0966300000
202200033105;19;1;2022;20:05;5;06;06159;2;1;1;3;Boulevard Princesse Grace de Monaco;43,7001140000;7,3055820000
202200033106;10;4;2022;17:40;1;31;31135;2;1;1;7;Avenue Hector d Espouy;43,2047850000;1,0823790000
202200033107;21;1;2022;12:15;1;06;06029;2;1;1;1;VALLAURIS (AVENUE DE);43,5584030000;7,0281530000
202200033108;16;6;2022;21:00;1;71;71306;2;3;1;3;Rue du Bois Clair;46,6958220000;4,3680470000
202200033109;26;8;2022;19:00;1;27;27562;2;5;1;3;ROUEN (ROUTE DE );49,1057800000;1,4575900000
202200033110;21;1;2022;14:00;1;06;06123;2;1;1;6;DE GAULLE GENERAL AVENUE;43,6672290000;7,1925520000
202200033111;13;6;2022;08:45;1;64;64260;2;1;1;2;CORNICHE (ROUTE DE LA);43,3743696433; -1,7564252135
202200033112;22;8;2022;07:55;1;26;26198;2;3;1;3;45ÈME RÉGIMENT DE TRANSMISSION (RUE);44,5634700000;4,7519700000
202200033113;12;4;2022;15:30;1;14;14431;1;2;2;3;D40;49,0686230000; -0,1304840000
202200033114;17;6;2022;07:00;1;64;64445;2;1;1;6;COMMANDANT RENE MOUCHOTTE DU;43,3043200000; -0,3250700000
202200033115;26;8;2022;22:10;5;25;25056;2;5;9;6;HELVETIE AVENUE D';47,2427200000;6,0260300000
202200033116;20;1;2022;10:00;1;75;75118;2;1;1;2;PORTE DE SAINT OUEN;48,9007010000;2,3344520000