Num_Acc;jour;mois;an;hrmn;lum;dep;com;agg;int;atm;col;adr;lat;long
202200033117;17;6;2022;09:50;1;64;64122;2;1;7;7;Boulevard du BAB;43,4689500000; -1,5429000000
202200033118;10;4;2022;14:30;1;64;64317;1;1;1;1;D932;43,3804270000; -1,4364370000
202200033119;16;8;2022;17:15;1;15;15012;2;1;1;2;TOYRE (RUE JEAN);44,9030000000;2,4757500000
202200033120;18;1;2022;17:20;1;75;75119;2;4;1;3;PORTE DE LA VILLETTE;48,9002020000;2,3802210000
202200033121;17;6;2022;01:20;5;64;64024;2;1;1;2;BAB (BOULEVARD DU);43,4977200000; -1,5057700000
202200033122;12;4;2022;16:15;1;18;18242;2;3;1;3;78 Rue Fernand Duruisseau;46,8332310000;2,9167410000
202200033123;20;1;2022;04:20;5;75;75107;2;2;1;6;QUAI BRANLY;48,8624170000;2,3015910000
202200033124;21;1;2022;13:24;1;75;75119;2;3;1;3;BOULEVARD MACDONALD;48,8989300000;2,3825680000
202200033125;25;8;2022;20:30;1;14;14333;2;6;1;3;D580;49,4177470000;0,2399780000
202200033126;16;6;2022;13:15;1;64;64024;2;1;1;2;BAB (BOULEVARD DU);43,4929384751; -1,5311336517
202200033127;8;4;2022;21:10;3;21;21545;1;2;3;3;D965;47,8629000000;4,5258000000
202200033128;26;8;2022;18:15;1;14;14437;2;1;1;2;N814;49,1748631936; -0,3117263465
202200033129;21;1;2022;19:00;5;75;75118;2;2;1;6;RUE DES GARDES;48,8865940000;2,3527630000
202200033130;11;4;2022;18:05;1;27;27284;2;1;1;2;Avenue Albert Forcinal;49,2869130000;1,7970260000
202200033131;16;6;2022;14:06;1;63;63113;2;1;1;4;LAFAYETTE (BD);45,7697900000;3,1024000000
202200033132;26;8;2022;17:45;1;13;13103;2;9;1;3;RUE DE COUBERTIN-PIERRE;43,6370700000;5,0917100000
202200033133;11;4;2022;18:30;1;52;52550;1;1;1;7;D192;48,5280020000;4,9143220000
202200033134;14;6;2022;08:10;1;62;62160;2;1;1;6;FARJON (Rue Roger);50,7141800000;1,5970200000
202200033135;26;8;2022;11:30;1;13;13208;2;1;1;7;ODESSA (AVENUE);43,2423700000;5,3678100000
202200033136;21;1;2022;08:50;1;75;75117;2;1;1;3;AVENUE DE VILLIERS;48,8851960000;2,2952330000
202200033137;10;4;2022;22:30;3;33;33284;1;1;1;6;A660;44,6234650000; -0,8602600000
202200033138;21;1;2022;06:30;5;75;75115;2;2;1;6;RUE SAINT AMAND;48,8344280000;2,3084940000
202200033139;16;6;2022;17:20;1;62;62735;2;2;1;1;CD 943;50,4994380000;2,6974040000
202200033140;26;8;2022;11:45;1;13;13209;2;3;1;3;CATHERINE BLUM (BOULEVARD);43,2639100000;5,4182900000
202200033141;9;4;2022;06:45;2;987;98733;2;1;2;2;PK 19+500; -17,6899310000; -149,5483490000
202200033142;21;1;2022;11:55;1;75;75108;2;3;1;3;RUE DE ROME;48,8772130000;2,3230750000
202200033143;17;6;2022;11:40;1;62;62744;2;1;1;6;COROT ( CAMILLE );50,3057400000;2,7629600000
202200033144;21;1;2022;17:10;1;75;75107;2;1;1;6;RUE CHOMEL;48,8518810000;2,3248770000
202200033145;26;8;2022;15:50;1;06;06088;2;2;1;4;ARIANE (BD DE L');43,7346800000;7,2966700000
202200033146;12;4;2022;08:30;1;988;98816;1;1;1;1;MOINDOU - PK 142+800; -21,7024100000;165,6128600000
202200033147;15;6;2022;18:22;1;61;61001;2;6;1;7;SAINT BLAISE (RUE);48,4311400000;0,0897700000
202200033148;21;1;2022;18:30;5;94;94081;2;1;1;6;Boulevard de Stalingrad;48,7982412528;2,3822264670
202200033149;26;8;2022;18:35;1;02;02408;2;1;1;2;BASSELET (RUE VICTOR);49,5739880000;3,6244810000
202200033150;21;1;2022;01:45;5;94;94022;2;1;1;6;Rue Jean Jaures;48,7655500000;2,4092600000
202200033151;17;6;2022;14:00;1;59;59350;2;3;1;3;DELORY GUSTAVE RUE;50,6339200000;3,0695600000
202200033152;21;1;2022;20:35;5;94;94068;2;1;1;6;Avenue Gabriel Péri;48,8071780000;2,4851700000
202200033153;12;4;2022;08:15;1;83;83119;1;1;1;1;Chemin de la Fontaine du Pin;43,2665730000;6,6757620000
202200033154;25;8;2022;17:40;1;75;75113;2;1;1;2;PORTE D IVRY;48,8176140000;2,3674690000
202200033155;17;6;2022;11:35;1;59;59009;2;1;1;3;BREUCQ BOULEVARD DU;50,6204422889;3,1349390745
202200033156;12;4;2022;06:40;2;89;89013;1;1;1;7;Route d Auxerre;47,8584540000;3,5420900000
202200033157;19;1;2022;18:30;5;94;94068;2;1;2;2;53 Boulevard Rabelais;48,8062300000;2,4802200000
202200033158;19;4;2022;18:30;1;59;59234;2;1;1;1;BOMMART (CITE);50,4007785717;3,1010352373
202200033159;24;8;2022;13:00;1;75;75118;2;1;1;3;PORTE D AUBERVILLIERS;48,9006820000;2,3670730000
202200033160;11;4;2022;14:55;1;68;68063;2;1;1;3;55 Rue Raymond Poincare;47,8036890000;7,1762760000
202200033161;16;6;2022;19:10;1;58;58194;2;1;1;6;GONZAGUE;46,9841900000;3,1538700000
202200033162;25;8;2022;21:20;5;75;75119;2;7;1;6;BOULEVARD PERIPHERIQUE INTERIEUR NORD  ;48,9001920000;2,3885870000
202200033163;20;1;2022;12:00;1;94;94065;2;6;1;3;Avenue des Charentes;48,7580300000;2,3603300000
202200033164;12;4;2022;08:49;1;26;26034;1;2;1;1;532;45,0660870000;5,2324860000
202200033165;26;8;2022;17:45;1;75;75108;2;3;1;6;RUE DE ROME;48,8808960000;2,3211100000
202200033166;16;6;2022;17:45;1;58;58194;1;1;1;3;PETIT MOUESSE;46,9890000000;3,1718600000
202200033167;21;1;2022;15:00;1;94;94033;2;2;1;3;Avenue Parmentier / Rue d'Estienne d'Orves;48,8535415869;2,4524179995
202200033168;12;4;2022;12:05;1;69;69298;1;1;1;2;45 Route d Heyrieux;45,6684474694;4,9852502346
202200033169;24;8;2022;11:00;1;75;75115;2;3;1;3;RUE DE LA CROIX NIVERT;48,8466020000;2,2996670000
202200033170;17;6;2022;12:35;1;56;56260;2;1;7;3;37 Avenue de Verdun;47,6595200000; -2,7464000000
202200033171;20;1;2022;08:50;1;94;94022;2;3;2;3;Allee des Mesanges / Rue Labbe;48,7751540000;2,4201420000
202200033172;26;8;2022;00:15;5;75;75113;2;1;1;1;BOULEVARD SAINT MARCEL;48,8391260000;2,3595730000
202200033173;10;4;2022;13:30;1;44;44103;1;1;1;3;2 route de Saint-Malo-de-Guersac;47,3331730000; -2,1615170000
202200033174;14;6;2022;08:55;1;56;56260;2;6;7;2;VINCIN(GIRATOIRE DU);47,6494600000; -2,7964400000
202200033175;20;1;2022;14:45;1;93;93066;2;1;1;3;"""LANDY RD 20, NR IMPAIRS 1 A 144""";48,9152951300;2,3538905382
202200033176;15;6;2022;12:55;1;56;56162;2;1;1;2;11 Boulevard de l'Océan;47,7346500000; -3,4995000000
202200033177;6;4;2022;06:45;5;56;56167;1;2;1;3;Rue de Tremodec;47,6668250000; -2,8986950000
202200033178;25;8;2022;11:45;1;75;75113;2;2;1;2;AVENUE D ITALIE;48,8222120000;2,3585320000
202200033179;19;1;2022;18:22;5;93;93066;2;2;2;3;LENINE (AVENUE) NR 28 A 62 ET 13 A 41;48,9419878691;2,3655425012
202200033180;15;6;2022;15:00;1;56;56121;2;6;1;3;TY-LANN ( RP DE );47,7659000000; -3,4005600000
202200033181;12;4;2022;18:55;1;62;62684;2;1;1;6;rue de beaumont;50,6923430000;2,3515420000
202200033182;21;1;2022;15:40;1;93;93053;2;2;1;7;DIX HUIT AVRIL 1944 (RUE DU);48,8837840000;2,4545800000
202200033183;26;8;2022;18:50;1;75;75102;2;3;1;6;RUE SAINTE ANNE;48,8678570000;2,3362690000
202200033184;12;6;2022;10:58;1;56;56162;2;6;1;3;Giratoire de Kerscouët;47,7099130000; -3,4386110000
202200033185;26;8;2022;18:15;1;93;93078;2;1;1;6;Boulevard Robert Ballanger;48,9539736030;2,5342832798
202200033186;21;1;2022;19:50;5;93;93046;2;2;1;2;Avenue Winston Churchill / Avenue Benoit Malon;48,9148900000;2,5348800000
202200033187;21;1;2022;16:30;1;93;93031;2;1;1;2;Route de Saint-leu;48,9572732683;2,3307685554
202200033188;26;8;2022;14:20;1;93;93078;2;2;1;3;Boulevard Robert Ballanger / Avenue Martin Luther King;48,9520400000;2,5282800000
202200033189;11;4;2022;21:40;3;59;59073;1;1;1;3;D10;50,7785150000;2,7001660000
202200033190;21;1;2022;13:00;1;93;93029;2;1;8;3;Avenue Henri Barbusse;48,9224756913;2,4566727877
202200033191;13;6;2022;08:20;1;54;54575;1;1;1;6;D26B;49,4799800000;5,8566300000
202200033192;12;4;2022;06:15;2;60;60628;1;1;1;6;N31;49,4261740000;2,1333220000
202200033193;21;1;2022;20:15;5;93;93010;2;4;1;3;PASTEUR (AV.);48,9030121600;2,4830102920
202200033194;10;4;2022;18:30;5;974;97411;2;9;1;3;ANANAS (ROUTE DES); -20,9172500000;55,4779100000
202200033195;21;1;2022;20:15;5;93;93008;2;9;1;3;Rue de Varsovie;48,9095040000;2,4707130000
202200033196;17;6;2022;00:40;5;49;49007;2;1;1;7;PAUL BERT;47,4662700000; -0,5527200000
202200033197;17;6;2022;15:20;1;45;45235;1;1;1;1;D2157 PR 8 + 571;47,9397400000;1,7946400000
202200033198;21;1;2022;14:50;1;93;93001;2;3;1;3;CITES (RUE DES)  93/100 A 123/132;48,9110545374;2,3882181556
202200033199;10;4;2022;06:40;2;974;97411;2;2;1;3;JAURES (BOULEVARD JEAN); -20,8888000000;55,4487800000
202200033200;20;1;2022;15:00;1;93;93001;2;1;1;3;VICTOR HUGO (AVE)  => 120;48,9109820616;2,3792679436
202200033201;17;6;2022;09:00;1;45;45234;2;2;7;6;Rue des Chrysanthèmes;47,8869100000;1,8984800000
202200033202;17;6;2022;23:25;5;44;44143;2;1;1;7;2A Rue de l'Aérodrome;47,1769800000; -1,5627000000
202200033203;8;4;2022;23:00;5;69;69387;2;2;1;3;Rue des Girondins;45,7389700000;4,8305700000
202200033204;21;1;2022;22:20;5;92;92050;2;3;1;2;LENINE VLADIMIR ILITCH AVENUE;48,8879430000;2,1957130000
202200033205;5;6;2022;18:45;1;42;42223;1;1;1;6;Route de Landuziere;45,4567756326;4,3106917273
202200033206;10;4;2022;21:55;5;69;69382;2;1;1;3;Pont Galliéni;45,7483207933;4,8320330657
202200033207;10;6;2022;17:45;1;42;42218;1;1;1;7;Chemin de la Pouilleuse;45,4167800000;4,4315200000
202200033208;20;1;2022;22:45;5;92;92024;2;3;1;3;MARTRE (RUE) DE (111 A 119)   (122 A 144;48,9068683035;2,3025617748
202200033209;21;1;2022;15:50;1;92;92025;2;1;1;6;VOIES DU BOIS (RUE DES);48,9163070000;2,2476630000
202200033210;17;6;2022;08:55;1;37;37261;2;3;1;1;GANCE (BOULEVARD ABEL);47,4090205509;0,7209348679
202200033211;10;4;2022;20:55;5;69;69034;2;2;1;3;Montée des Soldats;45,7910100000;4,8606400000
202200033212;21;1;2022;12:55;1;92;92024;2;2;1;6;HENRI BARBUSSE (RUE) DE (73 A 139);48,9008942362;2,3080491722
202200033213;17;6;2022;07:40;1;37;37122;2;6;1;3;SAVONNIERES (ROUTE DE);47,3674400000;0,6547900000
202200033214;10;4;2022;18:30;1;69;69389;2;1;1;6;Quai Paul Sédallian;45,7937300000;4,8223200000
202200033215;17;6;2022;23:30;5;35;35238;2;1;1;6;PARLEMENT DE BRETAGNE (PLACE DU);48,1120314793; -1,6773636639
202200033216;10;4;2022;11:40;1;69;69389;2;1;1;6;59 Rue de Saint-Cyr;45,7843200000;4,8082300000
202200033217;21;1;2022;09:00;1;92;92024;2;1;8;3;MARTRE (RUE) DE (59 A 109)   (58 A 120);48,9041905805;2,3050070107
202200033218;17;6;2022;18:15;1;35;35238;2;1;1;6;YOUGOSLAVIE (BD DE);48,0876991459; -1,6528489441
202200033219;22;1;2022;14:20;1;2A;2A065;1;1;1;6;Lozzi;42,1562288028;8,6059266329
202200033220;10;4;2022;06:40;2;69;69382;2;7;1;3;Quai Docteur Gailleton;45,7531600000;4,8336800000
202200033221;17;6;2022;17:00;1;35;35278;2;1;1;3;ROUTE DU BOUT DU MONDE;48,1559931815; -1,6763910279
202200033222;21;1;2022;12:05;1;01;01052;2;1;1;6;route départementale 2;46,0235580000;4,9908350000
202200033223;10;4;2022;18:35;1;2A;2A004;2;1;1;6;ILES SANGUINAIRES ROUTE DES;41,9094200000;8,6909000000
202200033224;17;6;2022;12:50;1;35;35238;2;1;1;6;MAGINOT (AVENUE SERGENT);48,1100573261; -1,6627690941
202200033225;22;1;2022;15:35;1;16;16210;1;1;1;1;Route départementale 939;45,7390760229;0,0591588020
202200033226;10;4;2022;02:25;3;91;91114;1;1;1;7;RTE NATIONALE 6;48,6861880000;2,4870000000
202200033227;21;1;2022;17:00;1;36;36230;2;1;8;2;37 Avenue de Paris;47,0772464061;1,8160472810
202200033228;17;6;2022;08:40;1;35;35055;1;1;1;2;VOIE DE LA LIBERTE;48,0778686783; -1,6320061684
202200033229;10;4;2022;19:15;1;91;91589;2;1;1;6;AV JEAN ALLEMANE;48,6841800000;2,3422800000
202200033230;17;6;2022;09:15;1;35;35238;2;6;1;3;FORCES FRANCAISES DE L'ONU (ROND POINT);48,0895137931; -1,6826529801
202200033231;10;4;2022;14:15;1;83;83137;2;9;1;3;BIR-HAKEIM (ROND POINT);43,1213400000;5,9407300000
202200033232;22;1;2022;07:20;3;28;28141;1;1;1;5;Autotoute A 11 PK 074+800;48,3262690000;1,3736770000
202200033233;22;1;2022;00:00;3;10;10349;1;1;1;7;D619;48,3457360000;4,0042820000
202200033234;17;6;2022;08:30;1;35;35238;2;3;1;3;NANTES (DE);48,1010268881; -1,6851638630
202200033235;17;6;2022;07:30;1;35;35281;2;6;1;3;DODIN (AVENUE ROGER);48,0821900000; -1,7116500000
202200033236;10;4;2022;20:00;1;78;78440;2;1;1;6;BOSQUETS (RUE DES);48,9888930000;1,8970500000
202200033237;21;1;2022;15:40;1;67;67073;2;1;1;2;Route de Selestat;48,2753010000;7,4039290000
202200033238;10;4;2022;18:00;1;72;72181;2;1;1;7;SABLONS (PL DES);47,9890000000;0,2220000000
202200033239;21;1;2022;13:40;1;58;58002;2;1;1;3;route départementale D2;47,4537240000;3,0607710000
202200033240;13;6;2022;16:45;1;34;34301;2;3;1;3;VERDUN (BOULEVARD DE);43,4107400000;3,6782200000
202200033241;21;1;2022;10:00;1;83;83130;2;1;1;7;rue de la république;43,1860480000;6,0409140000
202200033242;10;4;2022;09:25;1;69;69115;2;6;1;7;Chemin de Chabert;45,9800500000;4,6981600000
202200033243;21;1;2022;18:00;3;62;62572;1;1;1;1;D7;50,0718940000;3,0461280000
202200033244;10;4;2022;16:15;1;67;67180;2;9;1;1;SANDLACH (ROUTE DE);48,8353900000;7,7543000000
202200033245;17;6;2022;20:00;1;34;34172;2;2;1;3;TOULOUSE (AVENUE DE;43,5973800000;3,8642800000
202200033246;20;1;2022;15:35;1;65;65072;2;2;1;3;11 Rue du 11 novembre;43,2907090000;0,0756920000
202200033247;22;1;2022;01:35;3;71;71267;2;4;1;7;Rue de la Boucherette;46,4824670000;4,8135190000
202200033248;17;6;2022;03:40;3;34;34032;1;6;1;3;ARCAS FERNAND (ROND-POINT);43,3449200000;3,1729300000
202200033249;10;4;2022;15:50;1;64;64445;2;1;7;2;ALSACE LORRAINE D';43,3051300000; -0,3720100000
202200033250;22;1;2022;03:30;3;46;46309;1;1;1;7;PK 01 - RD 804 - avenue de SARLAT;44,8916610000;1,4404860000
202200033251;20;1;2022;17:15;1;34;34173;1;1;1;1;D9;43,6891940000;3,5135220000
202200033252;13;6;2022;09:20;1;33;33063;2;3;1;3;Rue de Bègles;44,8228007362; -0,5658039451
202200033253;22;1;2022;05:30;3;25;25440;1;1;1;6;RN 57;46,9964120000;6,3298450000
202200033254;10;4;2022;12:30;1;64;64335;2;1;1;4;EUROPE DE L';43,3219930000; -0,4347570000
202200033255;14;6;2022;10:30;1;32;32013;1;1;1;6;TOULOUSE (ROUTE DE);43,6542200000;0,6222000000
202200033256;21;1;2022;20:30;3;35;35299;1;4;1;3;Les portes rouges;48,6435720000; -1,8888060000
202200033257;17;6;2022;16:10;1;31;31555;2;1;1;6;ESQUIROL (PL ETIENNE ) DU 1AU 23;43,6005300000;1,4452300000
202200033258;10;4;2022;04:40;5;60;60175;2;1;1;1;Rue Henry Bessemer;49,2415159816;2,4646174907
202200033259;17;1;2022;15:45;1;29;29031;2;1;1;6;Impasse Ar Morvran;47,7676290000; -3,5334560000
202200033260;15;6;2022;12:45;1;31;31555;2;1;1;3;PONT DE LA CROIX DE PIERRE;43,5847300000;1,4297900000
202200033261;10;4;2022;17:30;1;59;59599;2;2;1;6;VOLTAIRE (RUE);50,7280934458;3,1295746565
202200033262;21;1;2022;11:40;1;29;29182;1;2;1;1;Lieu Dit l’Oratoire;48,6166010000; -3,6823780000
202200033263;17;6;2022;13:15;1;31;31483;2;2;1;3;BOULOGNE (AVENUE DE);43,1128471192;0,7207846642
202200033264;21;1;2022;19:35;3;29;29216;1;1;1;2;D785 - Ti Lipig;47,9561460000; -4,1714200000
202200033265;10;4;2022;11:30;1;59;59279;2;2;1;3;VYNCKE (AVENUE MARCEL);50,7784908041;3,1369393319
202200033266;14;5;2022;10:36;1;30;30189;2;1;1;3;Route de Montpellier;43,8097000000;4,3284000000
202200033267;22;1;2022;15:00;1;31;31399;2;1;7;3;Route des Clauzolles;43,3628090000;1,2620330000
202200033268;10;4;2022;19:20;1;59;59339;2;1;1;1;LECLERC (RUE DU MARECHAL);50,6839362322;3,2288353443
202200033269;21;1;2022;07:40;3;38;38389;1;1;1;1;D53;45,5766670000;5,0646540000
202200033270;2;6;2022;20:20;1;30;30189;2;6;1;6;Route de Beaucaire;43,8340000000;4,4176000000
202200033271;10;4;2022;17:45;1;49;49007;2;1;1;7;LECOMBRE;47,4597000000; -0,5211800000
202200033272;18;1;2022;08:30;1;66;66161;1;1;1;3;;42,6126752100;2,4104033069
202200033273;17;6;2022;09:50;1;29;29232;2;6;7;3;Rue President Sadate;47,9753700000; -4,0977600000
202200033274;10;4;2022;23:01;5;45;45068;2;1;1;6;Rue Lazare Carnot;48,0094987851;2,7320154682
202200033275;21;1;2022;12:40;1;85;85047;2;6;1;3;Rue Pauline de Lezardière;46,8433590000; -1,8813980000
202200033276;18;6;2022;20:50;1;26;26362;2;1;1;6;VERDUN AVENUE (204);44,9389000000;4,9016400000
202200033277;21;1;2022;14:20;1;01;01147;1;1;1;2;Autoroute A39;46,4266620000;5,2707770000
202200033278;10;4;2022;15:40;1;45;45068;2;1;1;3;Rue des Ormes;48,0122097051;2,7094783187
202200033279;16;6;2022;14:40;1;25;25031;2;1;1;1;;47,4873950000;6,8395630000
202200033280;21;1;2022;13:55;1;987;98745;1;1;1;1;TAIPITI PK 3,500 coté montagne District de PATIO; -16,6308330000; -151,5040280000
202200033281;10;4;2022;14:45;1;35;35238;2;1;1;6;BULGARIE (BD DE);48,0846700000; -1,6570600000
202200033282;17;6;2022;08:45;1;25;25056;2;3;1;3;16 Rue Thomas Edison;47,2332400000;5,9745170000
202200033283;21;1;2022;20:00;5;974;97416;2;1;1;3;Avenue de Bourbon; -21,3360150000;55,4851530000
202200033284;8;4;2022;17:40;1;34;34172;2;1;1;2;70 Avenue du Biterrois;43,6319800000;3,8224800000
202200033285;21;1;2022;20:55;3;973;97304;1;1;1;7;RN1 - PK 76;5,1556673262; -52,8759634495
202200033286;17;6;2022;08:22;1;24;24037;2;6;1;3;PIMONT (BOULEVAR LOUIS);44,8433700000;0,4844200000
202200033287;22;1;2022;00:20;3;971;97104;2;1;1;6;avenue du père labat;16,0163120000; -61,7466400000
202200033288;8;4;2022;13:30;1;34;34172;2;3;1;3;Rue des Grèzes;43,6089000000;3,8274000000
202200033289;11;6;2022;14:50;1;19;19272;2;1;1;6;Bastille (Av);45,2699800000;1,7738300000
202200033290;22;1;2022;12:45;1;78;78368;2;1;8;6;D191;48,9014340000;1,8661130000
202200033291;17;6;2022;09:30;1;15;15012;1;1;1;3;RD 990;44,8995500000;2,4819100000
202200033292;21;1;2022;16:30;1;78;78344;1;1;1;1;route de saint illiers la ville;48,9833860000;1,5239320000
202200033293;17;6;2022;14:21;1;14;14327;2;1;7;6;Le Bois;49,2131000000; -0,3303000000
202200033294;21;1;2022;20:40;3;84;84019;1;1;6;2;Route de Mondragon;44,2691740000;4,7424240000
202200033295;14;6;2022;07:50;1;13;13117;2;9;1;6;ROUTE NATIONALE 113 - CADESTEAUX;43,4761800000;5,2278600000
202200033296;21;1;2022;22:15;3;89;89438;1;9;1;2;N65;47,7952330000;3,6540330000
202200033297;22;1;2022;11:57;1;21;21585;2;3;1;6;22 Grande Rue;47,2132040000;5,0902140000
202200033298;8;4;2022;07:55;2;22;22113;2;1;3;4;TREGUIER (RUE DE);48,7334400000; -3,4496120000
202200033299;18;6;2022;00:30;5;13;13204;2;1;1;3;JEAN PAUL SARTRE (AVENUE);43,3140100000;5,4062800000
202200033300;21;1;2022;17:40;3;68;68301;1;1;1;1;D201;47,6795040000;7,4318000000
202200033301;10;4;2022;13:20;1;13;13203;2;9;1;3;STRASBOURG (PLACE);43,3063789280;5,3738013121
202200033302;17;6;2022;14:25;1;13;13209;2;1;1;6;PAUL CLAUDEL (BOULEVARD);43,2682185098;5,4121836741
202200033303;22;1;2022;08:00;1;81;81092;1;1;1;6;Lieu-dit dit Haribeau;43,7105410000;1,8833670000
202200033304;10;4;2022;05:10;5;13;13211;2;1;1;6;SABLIERE (ROUTE DE LA);43,2910000000;5,4782800000
202200033305;21;1;2022;13:50;1;81;81140;2;1;1;6;Avenue Georges Pompidou;43,6981660000;1,8033560000
202200033306;16;6;2022;08:16;1;13;13207;2;3;1;1;CORSE (AVENUE DE LA);43,2894700000;5,3640400000
202200033307;9;4;2022;17:30;1;13;13208;2;1;1;3;MICHELET (BOULEVARD);43,2612657646;5,3976707958
202200033308;17;6;2022;09:15;1;13;13028;2;1;1;3;CAMUSSO (AVENUE MARCEL );43,1787100000;5,5960100000
202200033309;21;1;2022;08:50;1;33;33119;1;1;1;2;ROUTE NATIONALE 230;44,8576940000; -0,5049060000
202200033310;3;6;2022;19:35;1;12;12145;2;1;7;1;EUROPE (AVENUE DE L');44,0874900000;3,0565000000
202200033311;21;1;2022;01:50;3;33;33318;1;1;8;6;ROCADE A 630;44,8023000000; -0,6594100000
202200033312;10;4;2022;11:00;1;13;13005;1;3;1;3;SAINT PIERRE (CHEMIN DE);43,3089400000;5,5928000000
202200033313;20;1;2022;11:30;1;59;59343;1;1;1;2;AUTOROUTE A22;50,6006343997;3,1197175384
202200033314;17;6;2022;16:01;1;11;11069;2;2;1;3;1 Av du Pdt Franklin Roosevelt;43,2167500000;2,3479900000
202200033315;10;4;2022;10:55;1;07;07102;2;1;1;6;REPUBLIQUE (AV. DE LA);44,9351000000;4,8757000000
202200033316;15;6;2022;18:20;1;07;07102;2;1;1;6;PRAGUE (RUE DE);44,9371600000;4,8779900000
202200033317;21;1;2022;16:15;1;91;91086;1;1;1;4;RN 104;48,6238200000;2,3804500000
202200033318;10;4;2022;14:02;1;06;06030;2;9;1;2;ST SAUVEUR (RUE);43,5768880000;7,0209960000
202200033319;17;6;2022;10:10;1;06;06029;2;1;1;6;MIDI (BOULEVARD DU);43,5428510000;6,9636840000
202200033320;17;6;2022;17:13;1;75;75116;2;1;1;2;PORTE DAUPHINE;48,8697840000;2,2716840000
202200033321;10;4;2022;03:30;3;05;05061;2;1;1;7;CHARLES AUROUZE ( RUE );44,5713500000;6,0695100000
202200033322;21;1;2022;08:45;1;94;94003;1;1;1;4;AUTOROUTE A6A;48,8112300000;2,3374300000
202200033323;16;6;2022;17:40;1;75;75118;2;1;1;3;PORTE DE CLIGNANCOURT;48,9009350000;2,3385420000
202200033324;9;4;2022;15:50;1;75;75113;2;1;1;3;BD PERIPHERIQUE EXTERIEUR;48,8260810000;2,3879370000
202200033325;17;6;2022;18:16;1;75;75107;2;3;1;6;QUAI VOLTAIRE;48,8585950000;2,3324940000
202200033326;20;1;2022;09:10;1;91;91174;1;1;1;5;RN 104;48,6239700000;2,4682800000
202200033327;9;4;2022;22:45;5;75;75105;2;2;1;3;BOULEVARD SAINT GERMAIN;48,8494027694;2,3567853123
202200033328;17;6;2022;17:15;1;75;75114;2;2;1;6;BOULEVARD BRUNE;48,8246480000;2,3195330000
202200033329;21;1;2022;16:10;1;78;78545;1;1;1;2;A12 Y;48,8144370000;2,0603020000
202200033330;10;4;2022;18:30;1;75;75119;2;1;1;6;AVENUE DE FLANDRE;48,8891470000;2,3747090000
202200033331;20;1;2022;08:00;1;92;92036;1;1;8;7;A86;48,9356557559;2,2642429853
202200033332;16;6;2022;23:21;5;75;75115;2;1;1;6;PORT DE JAVEL;48,8468810000;2,2774360000
202200033333;10;4;2022;18:30;1;75;75116;2;1;1;6;AVENUE DE VERSAILLES;48,8384900000;2,2591980000
202200033334;21;1;2022;04:00;3;95;95028;1;1;1;2;RN 104;49,0616730000;2,3433110000
202200033335;17;6;2022;09:35;1;75;75106;2;3;1;7;RUE DE RENNES;48,8456470000;2,3255970000
202200033336;20;1;2022;16:40;1;69;69264;2;1;1;6;Rue Grange Blazet;45,9840037299;4,7200924158
202200033337;10;4;2022;14:30;1;75;75113;2;3;1;6;AVENUE DE CHOISY;48,8229850000;2,3624180000
202200033338;16;6;2022;21:17;2;75;75105;2;2;1;3;BOULEVARD SAINT GERMAIN;48,8513810000;2,3432030000
202200033339;19;1;2022;08:15;1;974;97411;2;1;1;6;JOSEPH OUVRIER (SAINT); -20,8978000000;55,4561900000
202200033340;9;4;2022;23:09;5;75;75113;2;7;1;2;PLACE D ITALIE;48,8309904140;2,3557922244
202200033341;17;6;2022;18:00;1;75;75120;2;3;1;6;RUE ELISA BOREY;48,8661750000;2,3896840000
202200033342;18;1;2022;08:00;1;974;97411;2;1;2;3;QUATRE VOIES GILLOT (ROUTE A); -20,8856500000;55,4964400000
202200033343;19;1;2022;18:35;2;974;97409;2;1;1;1;DU LYCEE(RUE); -20,9651830000;55,6519260000
202200033344;17;6;2022;09:30;1;75;75119;2;2;1;2;RUE DU CHEMIN DE FER;48,8997700000;2,3880640000
202200033345;10;4;2022;20:18;5;75;75112;2;2;1;6;AVENUE LEDRU ROLLIN;48,8486340000;2,3725350000
202200033346;20;1;2022;15:18;1;973;97302;2;1;1;3;MADELEINE (ROUTE DE LA);4,9228628079; -52,3236536980
202200033347;17;6;2022;16:42;1;75;75117;2;2;1;3;BOULEVARD BESSIERES;48,8975890000;2,3288940000
202200033348;10;4;2022;16:25;1;75;75112;2;7;1;6;PLACE EDOUARD RENARD;48,8350959729;2,4082642794
202200033349;20;1;2022;11:25;1;69;69276;1;1;2;6;Route Départementale 312;45,6737000000;4,8485100000
202200033350;17;6;2022;02:21;5;75;75117;2;2;1;4;AVENUE DE LA PORTE DE CHAMPERRET;48,8861440000;2,2880800000
202200033351;20;1;2022;09:10;1;69;69383;2;3;2;3;Avenue Maréchal de Saxe;45,7594500000;4,8458200000
202200033352;10;4;2022;04:15;5;75;75108;2;7;1;2;PLACE CLEMENCEAU;48,8677489567;2,3139698803
202200033353;18;1;2022;23:30;5;972;97209;2;1;1;6;BALATA (ROUTE DE);14,6288100000; -61,0722600000
202200033354;17;6;2022;17:00;1;75;75116;2;1;1;2;BOULEVARD PERIPHERIQUE INTERIEUR OUEST;48,8735780000;2,2752950000
202200033355;20;1;2022;21:00;5;69;69081;2;3;1;7;Boulevard du Valvert;45,7654800000;4,7681000000