Num_Acc;jour;mois;an;hrmn;lum;dep;com;agg;int;atm;col;adr;lat;long
202200033600;5;11;2022;18:15;5;38;38151;2;1;1;1;AVENUE DES ÉTATS GÉNÉRAUX;45,1526100000;5,7184900000
202200033601;5;11;2022;15:50;1;38;38185;2;1;1;3;STALINGRAD (RUE DE);45,1751000000;5,7256900000
202200033602;5;11;2022;16:35;1;35;35238;1;1;8;2;N136;48,0827792311; -1,6978441292
202200033603;5;11;2022;19:39;5;31;31555;2;3;1;3;AV CRAMPEL;43,5857300000;1,4556500000
202200033604;5;11;2022;18:50;5;28;28085;2;1;2;2;COURTILLE (BOULEVARD DE LA);48,4418900000;1,4906300000
202200033605;1;11;2022;21:20;5;27;27229;2;1;1;7;VOLTAIRE (RUE);49,0086377000;1,1578497000
202200033606;5;11;2022;05:15;3;26;26362;1;9;1;6;L.A.C.R.A  RN 7 (101);44,9032100000;4,8853100000
202200033607;5;11;2022;11:15;1;26;26057;2;2;8;4;RD 538;45,0128300000;5,0386500000
202200033608;6;11;2022;03:10;5;17;17415;1;6;1;6;D137;45,7244700000; -0,6402400000
202200033609;5;11;2022;20:15;2;14;14118;2;1;2;1;Avenue du 6 Juin;49,1813290000; -0,3567810000
202200033610;5;11;2022;12:05;1;13;13214;2;1;1;3;SAINT JOSEPH (CHEMIN DE);43,3393500000;5,3910900000
202200033611;5;11;2022;02:00;5;13;13208;2;1;1;1;RABATAU (BOULEVARD);43,2746600000;5,3947600000
202200033612;5;11;2022;10:48;1;11;11069;2;2;1;2;;43,2070550000;2,3117180000
202200033613;5;11;2022;12:15;1;11;11069;2;1;1;3;270 Avenue du Général Leclerc;43,2072600000;2,3806700000
202200033614;5;11;2022;14:55;1;06;06088;1;1;1;6;GRACE DE MONACO (BD PR.);43,6880210000;7,3065560000
202200033615;23;10;2022;15:55;1;05;05061;2;1;1;7;COMMANDANT DUMONT ( AVENUE);44,5661500000;6,0836300000
202200033616;5;11;2022;20:10;5;75;75116;2;1;1;3;PORTE MAILLOT;48,8743640000;2,2759550000
202200033617;5;11;2022;14:25;1;75;75116;2;1;1;4;BOULEVARD PERIPHERIQUE INTERIEUR OUEST;48,8627610000;2,2651500000
202200033618;5;11;2022;15:40;1;75;75113;2;1;1;3;PORTE DE GENTILLY;48,8179160000;2,3520350000
202200033619;5;11;2022;00:15;5;75;75113;2;1;1;3;PORTE D IVRY;48,8183970000;2,3693470000
202200033620;4;11;2022;16:00;1;75;75120;2;1;1;3;PORTE DES LILAS;48,8747450000;2,4105430000
202200033621;3;11;2022;14:25;1;75;75117;2;1;2;5;PORTE D ASNIERES;48,8926100000;2,3024620000
202200033622;4;11;2022;23:50;5;75;75114;2;1;1;3;RUE EDOUARD JACQUES;48,8354750000;2,3218520000
202200033623;5;11;2022;14:00;1;75;75120;2;2;1;3;RUE DE LAGNY;48,8489480000;2,4065950000
202200033624;5;11;2022;13:30;1;75;75118;2;1;1;6;BOULEVARD DE LA CHAPELLE;48,8841460000;2,3536060000
202200033625;5;11;2022;10:52;1;75;75116;2;3;1;2;ROUTE DES TRIBUNES;48,8613930000;2,2301270000
202200033626;5;11;2022;17:00;1;75;75115;2;2;1;3;RUE LINOIS;48,8476930000;2,2841350000
202200033627;5;11;2022;16:00;1;75;75114;2;3;1;6;RUE FERMAT;48,8356760000;2,3249500000
202200033628;5;11;2022;19:49;5;75;75111;2;3;1;3;RUE DE CHARONNE;48,8532760000;2,3785080000
202200033629;5;11;2022;02:00;5;75;75111;2;2;1;3;RUE RAMPON;48,8662850000;2,3674210000
202200033630;5;11;2022;17:10;1;75;75109;2;5;1;3;BOULEVARD HAUSSMANN;48,8729460000;2,3332960000
202200033631;5;11;2022;15:46;1;75;75108;2;2;1;6;RUE WASHINGTON;48,8718830000;2,3011280000
202200033632;5;11;2022;03:19;5;75;75107;2;1;1;6;QUAI ANATOLE FRANCE;48,8616760000;2,3222980000
202200033633;5;11;2022;13:00;1;94;94081;2;1;1;6;AUDIGEOIS (R);48,7914970000;2,3903990000
202200033634;5;11;2022;09:25;1;94;94058;2;3;1;6;LIBERTE (BD DE LA);48,8369500000;2,4959300000
202200033635;5;11;2022;18:18;5;94;94004;2;2;1;3;Avenue de Grosbois / Rue de la République;48,7516900000;2,5335700000
202200033636;4;11;2022;22:15;5;93;93027;2;2;1;3;Boulevard Pasteur / Rue Jollois;48,9217610000;2,3833830000
202200033637;5;11;2022;18:00;5;93;93010;2;3;1;6;Rue Jean Jaurés / Rue des Droits de l'Homme;48,9004590000;2,4764820000
202200033638;5;11;2022;18:00;5;93;93008;2;1;1;3;Chemin des Vignes;48,9008500000;2,4267400000
202200033639;5;11;2022;17:43;5;92;92012;2;2;1;2;ANDRE MORIZET (AVENUE) 1/47 - 2/52;48,8345874309;2,2420156002
202200033640;6;11;2022;06:00;3;12;12140;1;1;1;6;avenue du rouergue;44,3263620000;1,9085260000
202200033641;5;11;2022;14:00;1;38;38238;1;1;1;2;Route de l Oasis;45,5054780000;5,0131130000
202200033642;4;11;2022;14:30;1;84;84088;2;1;1;7;310 avenue saint martin;43,9943100000;5,0544570000
202200033643;5;11;2022;19:15;3;22;22234;1;1;2;2;D7;48,4816690000; -2,9480910000
202200033644;6;11;2022;12:15;1;95;95487;2;1;3;3;Rue Jean Catelas;49,1536360000;2,2727430000
202200033645;5;11;2022;21:45;5;06;06161;2;1;1;1;327 Avenue des Plans;43,6554480000;7,1242450000
202200033646;28;10;2022;08:40;1;36;36247;1;1;1;3;grand chottin;46,8962187097;1,6312638620
202200033647;5;11;2022;00:00;3;31;31266;1;1;1;6;allee de Lahage D28A;43,4384930000;1,0919380000
202200033648;6;11;2022;05:00;3;972;97227;1;1;8;1;Trou au diable;14,4692250000; -60,9180580000
202200033649;5;11;2022;15:45;1;46;46329;1;2;1;6;route de belmont;44,3103180000;1,6290160000
202200033650;5;11;2022;03:00;3;62;62361;2;3;2;6;84 Rue du Maréchal Joffre;50,2690140000;2,2961760000
202200033651;4;11;2022;16:36;1;40;40307;1;1;1;6;D43;44,3246540000; -0,6801280000
202200033652;6;11;2022;12:30;1;57;57534;2;1;1;7;Rue des Fours à Chaux;49,0717971938;6,2276776135
202200033653;5;11;2022;20:45;3;51;51165;1;1;8;7;N4;48,7381553810;3,9449762106
202200033654;6;11;2022;06:00;5;51;51056;2;1;1;7;Grande Rue;48,6107550000;3,6141310000
202200033655;5;11;2022;18:15;3;59;59226;1;1;1;6;D104;50,1341490000;4,0066090000
202200033656;31;10;2022;09:10;1;19;19124;1;6;1;7;Route De Mansac;45,1528050000;1,3735910000
202200033657;6;11;2022;12:00;1;76;76560;1;1;3;7;D7;49,4124880000;1,1734560000
202200033658;4;11;2022;19:37;3;79;79066;1;1;2;1;;46,4670100000; -0,3986410000
202200033659;5;11;2022;16:56;1;11;11397;2;1;1;3;D3;43,2048900000;2,4305600000
202200033660;5;11;2022;21:41;5;71;71464;2;1;8;1;Rue des Moulins;46,8780590000;4,6017640000
202200033661;5;11;2022;11:00;1;63;63031;1;1;1;7;Le Saut du loup - RD 214;45,4578150040;3,3008430898
202200033662;2;11;2022;09:45;1;42;42185;1;1;1;2;828 Route de Cuzieu;45,5935980000;4,2539190000
202200033663;4;11;2022;11:04;1;34;34245;2;3;1;1;2 Grand Rue;43,4205020000;2,9474260000
202200033664;5;11;2022;21:00;3;22;22229;1;1;2;3;Toul Pry;48,2760620000; -3,2619690000
202200033665;5;11;2022;22:30;3;39;39211;1;1;1;6;;46,9011930000;5,4246800000
202200033666;6;11;2022;10:10;1;39;39159;1;1;8;6;Les Granges Dauphins;46,8849910000;5,5805160000
202200033667;6;11;2022;03:15;3;44;44013;1;6;2;6;13 Rue du Pont de l'Angle;47,3919940000; -2,1005560000
202200033668;5;11;2022;23:00;5;44;44012;2;1;2;3;111 Rue de Pornic;47,0966850000; -2,0464990000
202200033669;6;11;2022;04:00;3;29;29024;1;1;3;6;Kerriou;48,2713110000; -3,5873790000
202200033670;6;11;2022;08:24;2;31;31308;1;1;1;2;N125;43,0092330000;0,6199820000
202200033671;5;11;2022;09:50;1;31;31308;1;1;7;1;N125;43,0085030000;0,6210540000
202200033672;5;11;2022;14:55;1;70;70326;1;1;1;7;N57 PK 66+700;47,4528830000;6,0780790000
202200033673;5;11;2022;19:55;3;54;54295;1;1;1;2;RD643;49,3089080000;5,8132840000
202200033674;6;11;2022;17:00;1;43;43113;1;1;1;7;La Berthe;45,0026280000;4,0288410000
202200033675;5;11;2022;16:00;1;53;53018;1;2;2;3;D 127,  les chesnaies;47,9072090000; -1,0560610000
202200033676;6;11;2022;08:00;1;53;53039;1;1;3;1;Les Mées;48,1596300000; -0,9821390000
202200033677;5;11;2022;17:57;3;21;21399;1;2;8;3;D981;47,2096350000;4,5553670000
202200033678;1;11;2022;14:55;1;40;40194;1;1;1;3;803 Route Raphäel Lonné;43,7080320000; -0,8211870000
202200033679;6;11;2022;02:15;3;52;52529;1;1;5;5;D974;47,7443950000;5,3052700000
202200033680;6;11;2022;08:40;1;33;33284;1;1;1;6;A660, PK 010+235 vers ARCACHON;44,6261680000; -0,9565290000
202200033681;6;11;2022;16:30;1;973;97360;1;1;1;7;Route Apatou;5,1636190000; -54,3342700000
202200033682;6;11;2022;08:20;1;17;17379;1;1;1;7;A10;45,5120950000; -0,6125310000
202200033683;5;11;2022;14:30;1;973;97305;2;1;1;1;pk 26 RN1;5,0129710000; -52,4725060000
202200033684;3;11;2022;13:55;1;971;97117;2;1;1;5;Rue Sainte Anne;16,3158660000; -61,3449850000
202200033685;4;11;2022;17:45;2;77;77474;1;1;8;2;RN3 PK16+700;48,9587080000;2,8219370000
202200033686;5;11;2022;21:05;3;34;34249;1;1;1;7;M54;43,7203730000;3,9883990000
202200033687;5;11;2022;16:15;1;13;13022;1;1;1;7;cd 559 a;43,2228670000;5,5497800000
202200033688;5;11;2022;14:20;1;10;10314;1;1;1;1;D99b;48,5097920000;4,2926070000
202200033689;1;11;2022;12:01;1;67;67217;1;1;1;2;D83;48,4811220000;7,6713430000
202200033690;6;11;2022;05:50;5;57;57032;2;1;1;6;132 Rue Georges Clémenceau;49,0841330000;6,0876380000
202200033691;6;11;2022;17:38;3;38;38260;1;1;1;6;D18a;45,6805570000;5,2618400000
202200033692;6;11;2022;11:40;1;26;26311;1;9;1;3;Route de Saint-jean;45,0427850000;5,3021750000
202200033693;5;11;2022;18:40;3;81;81038;1;1;1;2;A68;43,8799440000;1,9104070000
202200033694;5;11;2022;18:25;3;86;86018;2;1;1;6;D47;47,0380300000;0,1152220000
202200033695;6;11;2022;07:50;2;14;14554;1;1;3;6;N158;49,0884300000; -0,3056750000
202200033696;5;11;2022;22:35;5;29;29103;2;6;3;6;quai de Léon;48,4494882145; -4,2523262500
202200033697;6;11;2022;18:25;3;60;60671;1;1;2;6;Versigny;49,1591160000;2,7969430000
202200033698;6;11;2022;14:25;1;59;59053;2;1;2;1;Rue de Fréhart;50,2907240000;3,7938450000
202200033699;6;11;2022;12:30;1;59;59241;2;1;2;6;le grand chemin;50,0433283180;3,8828408718
202200033700;9;10;2022;14:50;1;59;59611;1;3;1;2;M654;50,6899600000;3,0123030000
202200033701;4;11;2022;04:50;5;13;13207;1;1;1;6;Tunnel Prado Carénage;43,2925967763;5,3652649722
202200033702;21;2;2022;04:30;3;42;42186;1;1;1;6;A47;45,5245750000;4,5996880000
202200033703;5;11;2022;18:34;3;33;33366;1;1;1;5;AUTOROUTE A 10;44,9857000000; -0,4279400000
202200033704;5;11;2022;10:00;1;33;33013;1;1;1;2;ROUTE NATIONALE 89;44,8687100000; -0,5021300000
202200033705;4;11;2022;18:35;3;91;91553;1;1;1;4;RN 104;48,6315100000;2,4945000000
202200033706;5;11;2022;18:12;3;78;78640;1;1;1;2;A86 EXT;48,7780540000;2,2133920000
202200033707;4;11;2022;20:45;3;78;78233;1;1;8;2;A13;48,8822080000;2,0154330000
202200033708;5;11;2022;09:25;1;93;93007;1;1;1;6;AUTOROUTE A1;48,9435302792;2,4354129175
202200033709;5;11;2022;02:37;3;95;95607;1;1;1;2;A115;49,0168889953;2,2146396393
202200033710;5;11;2022;03:55;3;77;77495;1;1;1;2;A5b;48,5842021770;2,6370674978
202200033711;4;11;2022;06:47;1;976;97611;2;9;1;6;doujani-Mosquée doujani ( rue ); -12,7955100000;45,2155000000
202200033712;1;11;2022;13:25;1;94;94081;2;1;1;1;VERTE (R);48,7814700000;2,3769200000
202200033713;4;11;2022;19:35;5;974;97416;2;1;1;1;EVARISTE DE PARNY(RUE); -21,2987600000;55,4941600000
202200033714;4;11;2022;19:00;5;974;97416;2;7;1;3;HUBERT DE LISLE(BOULEVARD); -21,3391400000;55,4589800000
202200033715;4;11;2022;07:25;1;974;97411;2;2;1;3;MONTHYON (RUE); -20,8869000000;55,4579000000
202200033716;4;11;2022;18:25;5;974;97409;2;9;1;3;Lefaguyes (chemin); -20,9540540000;55,6700600000
202200033717;3;11;2022;17:45;5;69;69386;2;3;8;3;Rue Germain David;45,7651600000;4,8619700000
202200033718;3;11;2022;12:45;1;971;97101;1;1;1;6;DOTHEMARE;16,2644500000; -61,5134300000
202200033719;5;11;2022;01:20;5;95;95127;2;1;1;6;Avenue du Nord;49,0432083514;2,0617067814
202200033720;4;11;2022;09:27;1;87;87085;2;2;2;3;BORIE (BOULEVARD DE LA);45,8350300000;1,2271500000
202200033721;4;11;2022;16:05;1;85;85194;2;3;1;3;76 Promenade de cayola;46,4593900000; -1,7151190000
202200033722;4;11;2022;08:03;1;83;83137;2;1;1;6;FUSILIERS MARINS (AVE DES);43,1258110000;5,9057540000
202200033723;4;11;2022;04:50;5;81;81065;2;1;1;6;DE GAULLE RD 612 (AV. CHARLES);43,6007100000;2,2538700000
202200033724;4;11;2022;17:35;5;78;78498;2;9;9;3;ROBESPIERRE BD;48,9338500000;2,0514300000
202200033725;3;11;2022;19:15;3;72;72181;1;1;1;2;PATTON GENERAL RTE ST-AUBIN A RUE KLOTZ;48,0247000000;0,1686100000
202200033726;4;11;2022;20:30;5;69;69266;2;9;2;5;Boulevard de la Bataille de Stalingrad;45,7828600000;4,8599800000
202200033727;4;11;2022;15:50;1;69;69266;2;1;3;2;Boulevard Laurent Bonnevay;45,7848600000;4,8643100000
202200033728;4;11;2022;17:50;2;69;69259;2;1;3;2;Boulevard de Jodino;45,6953380454;4,8877966404
202200033729;3;11;2022;18:55;5;67;67482;2;1;3;6;Edmond Michelet (rue);48,5745300000;7,7670500000
202200033730;3;11;2022;16:15;1;67;67482;2;1;2;3;JEAN JAURES (AVENUE);48,5670400000;7,7731900000
202200033731;4;11;2022;07:05;5;66;66136;2;1;1;6;;42,6884600000;2,9021000000
202200033732;4;11;2022;12:53;1;65;65286;2;1;2;6;Rue de Langelle;43,0969300000; -0,0412800000
202200033733;4;11;2022;16:20;1;64;64445;2;1;2;6;rue Louis Blériot;43,3094300000; -0,3394700000
202200033734;4;11;2022;06:00;5;64;64445;2;5;2;3;ALSACE LORRAINE D';43,3042900000; -0,3676100000
202200033735;3;11;2022;22:55;5;64;64348;2;6;1;3;Rond Point Combattants d'Afrique du Nord;43,3384100000; -0,3801800000
202200033736;4;11;2022;14:00;1;62;62099;2;1;2;3;Rue Angèle Richard;50,2598800000;2,7836200000
202200033737;4;11;2022;18:25;5;59;59378;2;1;1;2;MARNE AVENUE DE LA;50,6766409818;3,1095010042
202200033738;5;11;2022;01:25;5;54;54395;2;1;2;6;MARQUETTE (RUE);48,6917800000;6,1554000000
202200033739;3;11;2022;12:40;1;50;50147;2;6;3;1;DE LA CROUTE;49,0459800000; -1,4416200000
202200033740;3;11;2022;07:35;3;50;50129;1;1;3;6;RN 13;49,6510300000; -1,5600000000
202200033741;4;11;2022;10:22;1;49;49007;2;1;1;7;CALE SAVATTE;47,4713900000; -0,5637600000
202200033742;3;11;2022;18:08;5;49;49007;2;2;3;2;ARBRISSEL;47,4465600000; -0,5697900000
202200033743;3;11;2022;19:44;5;49;49007;2;1;1;3;BODINIER;47,4726000000; -0,5541200000
202200033744;5;11;2022;00:35;5;45;45308;2;1;1;6;96 Avenue Louis Gallouedec;47,9410310000;1,9430160000
202200033745;4;11;2022;16:32;1;45;45004;2;3;8;1;100 Rue Albert Frappin;47,9747500000;2,7690100000
202200033746;4;11;2022;14:50;1;37;37214;2;1;1;6;TONNELE (RUE);47,4009600000;0,6755300000
202200033747;4;11;2022;17:20;2;35;35206;1;1;1;2;N136;48,0788800000; -1,6938800000
202200033748;3;11;2022;08:20;1;33;33281;2;2;8;6;Rue du Liveau;44,8510288961; -0,6428021193
202200033749;4;11;2022;20:20;5;31;31555;2;1;8;4;VA007493 LES IZARDS A62 Sortie 12;43,6473900000;1,4409900000
202200033750;4;11;2022;05:50;5;31;31555;2;2;2;3;AV M BOURGES MAUNOURY;43,6371300000;1,4528000000
202200033751;4;11;2022;19:20;5;29;29232;2;1;1;7;1 Route de Brest;47,9978577870; -4,0962953567
202200033752;3;11;2022;12:40;1;29;29039;2;1;1;6;6 Rue du Vétéran;47,8724280000; -3,9081560000
202200033753;4;11;2022;07:50;2;27;27229;2;1;1;2;JACQUARD (RUE);49,0020084929;1,1462000000
202200033754;4;11;2022;08:25;1;22;22215;2;9;2;2;RD 222;48,4804272386; -2,7883037925
202200033755;2;11;2022;20:45;3;19;19031;2;1;1;7;CHANLAT (LIEU-DIT);45,1745406004;1,5284385681
202200033756;4;11;2022;22:00;5;17;17300;2;3;1;2;16 Rue Chaudrier;46,1611900000; -1,1530300000
202200033757;4;11;2022;15:54;1;17;17291;1;1;1;2;N11;46,1738000000; -1,1141600000
202200033758;4;11;2022;20:45;5;13;13210;2;3;1;3;CAPELETTE (AVENUE DE LA);43,2801300000;5,4091600000
202200033759;4;11;2022;14:50;1;13;13001;1;4;1;1;GARDANNE (ROUTE DE );43,4749200000;5,4327300000
202200033760;4;11;2022;09:25;1;13;13001;2;2;1;3;GALICE (RTE);43,5288000000;5,4232900000
202200033761;4;11;2022;21:35;3;10;10387;2;2;1;3;JULES GUESDE (RUE);48,2906200000;4,0822800000
202200033762;4;11;2022;13:55;1;10;10387;2;1;3;3;GUSTAVE MASSON (RUE);48,2743700000;4,0812600000
202200033763;4;11;2022;13:03;1;10;10387;2;6;3;1;GEORGES POMPIDOU (RUE);48,2959200000;4,0940500000
202200033764;3;11;2022;17:44;5;10;10343;2;1;3;1;GAMBETTA (RUE);48,2737000000;4,0955000000
202200033765;18;5;2022;19:15;1;31;31555;2;1;1;3;AV DES ETATS UNIS;43,6338300000;1,4311700000
202200033766;18;5;2022;17:05;1;31;31555;2;1;1;6;RTE DE BAYONNE;43,6082000000;1,3916000000
202200033767;4;11;2022;18:35;2;75;75116;2;1;1;3;PORTE DAUPHINE;48,8736920000;2,2751130000
202200033768;18;5;2022;20:20;1;27;27229;2;7;1;3;RUE VICTORIA MXENGE;49,0087400000;1,1589100000
202200033769;3;11;2022;19:40;5;75;75120;2;1;1;2;PORTE DE MONTREUIL;48,8599080000;2,4142070000
202200033770;18;5;2022;00:10;5;27;27229;2;6;8;5;MENDES FRANCE (RUE PIERRE);49,0328624940;1,1552520990
202200033771;4;11;2022;08:30;1;75;75106;2;7;1;3;PLACE EDMOND ROSTAND;48,8474680000;2,3408060000
202200033772;4;11;2022;17:17;5;75;75119;2;1;1;6;AVENUE DE FLANDRE;48,8867160000;2,3720970000
202200033773;18;5;2022;12:20;1;70;70285;2;1;1;2;47ÈME RÉGIMENT D'ARTILLERIE(RUE DU);47,5696400000;6,7640000000
202200033774;4;11;2022;14:50;1;75;75116;2;3;8;3;AVENUE RAYMOND POINCARE;48,8708600000;2,2850440000
202200033775;18;5;2022;20:25;1;25;25056;2;2;7;3;FLEMING BOULEVARD;47,2255100000;5,9653800000
202200033776;4;11;2022;06:15;5;75;75116;2;2;1;3;BOULEVARD EMILE AUGIER;48,8629960000;2,2726310000
202200033777;17;5;2022;14:20;1;25;25056;2;9;1;3;DOLE RUE DE (inf 82);47,2314100000;5,9975300000
202200033778;4;11;2022;09:45;1;75;75114;2;3;1;3;AVENUE DE LA PORTE DE CHATILLON;48,8226370000;2,3148420000
202200033779;18;5;2022;14:40;1;16;16102;2;1;1;2;PLANAT (BOULEVARD OSCAR);45,6881500000; -0,3348000000
202200033780;14;5;2022;13:35;1;14;14366;2;9;1;7;Rue Augustin Fresnel;49,1437700000;0,2657200000
202200033781;3;11;2022;18:20;5;75;75112;2;3;1;3;AVENUE DES CANADIENS;48,8189850000;2,4624020000
202200033782;18;5;2022;20:00;1;13;13054;2;1;1;1;MARIUS RUINAT (AV );43,4151600000;5,2088900000
202200033783;18;5;2022;19:39;1;13;13208;2;1;1;2;POMPIDOU (PROMENADE);43,2647428285;5,3734765806
202200033784;4;11;2022;14:15;1;75;75108;2;4;3;3;COURS LA REINE;48,8648670000;2,3182780000
202200033785;18;5;2022;09:50;1;13;13211;2;1;1;1;RTE D' ALLAUCH;43,3100000000;5,4990000000
202200033786;14;5;2022;22:40;3;13;13097;1;1;1;3;RTE DE LA CRAU RAPHELE;43,6349346811;4,7774755954
202200033787;3;11;2022;00:20;5;75;75108;2;1;1;6;AVENUE DES CHAMPS ELYSEES;48,8726610000;2,2985570000
202200033788;17;5;2022;18:20;1;11;11262;2;6;7;6;Avenue Maitre Hubert Mouly;43,1796600000;3,0187100000
202200033789;3;11;2022;13:37;1;75;75104;2;3;3;7;QUAI DE L HOTEL DE VILLE;48,8553490000;2,3528020000
202200033790;17;5;2022;19:35;1;06;06069;2;1;1;3;SAINT EXUPERY (AVENUE ANTOINE DE);43,6622180000;6,9343210000
202200033791;3;11;2022;17:17;5;94;94081;2;1;2;1;COMMUNE DE PARIS (AV DE LA);48,7847600000;2,3883700000
202200033792;18;5;2022;08:40;1;75;75116;2;1;1;3;BD PERIPHERIQUE INTERIEUR;48,8657844723;2,2683555124
202200033793;17;5;2022;13:20;1;75;75120;2;1;1;6;RUE DE MENILMONTANT;48,8689660000;2,3908710000
202200033794;16;5;2022;19:00;1;75;75113;2;2;1;3;AVENUE DE FRANCE;48,8362094065;2,3714885116
202200033795;16;5;2022;13:30;1;75;75120;2;1;1;6;BOULEVARD DE MENILMONTANT;48,8663686238;2,3836603761
202200033796;1;11;2022;13:30;1;94;94046;2;2;1;3;CAPITAINE ROLAND DEPLANQUE (R DU);48,8024455166;2,4277991329
202200033797;18;5;2022;17:20;1;75;75119;2;1;1;3;RUE DE LA GARE;48,9017280000;2,3724860000
202200033798;3;11;2022;09:25;1;94;94065;1;9;1;3;RN 186;48,7537700000;2,3586400000
202200033799;17;5;2022;12:15;1;75;75119;2;3;1;6;QUAI DE LA LOIRE;48,8857368530;2,3755748570
202200033800;3;11;2022;17:54;5;94;94033;2;1;2;6;Rue Roger Salengro;48,8513400000;2,4873900000
202200033801;18;5;2022;16:35;1;75;75118;2;4;1;6;RUE JOSEPH DIJON;48,8936770699;2,3479267995
202200033802;18;5;2022;18:55;1;75;75117;2;7;1;3;PLACE DU BRESIL;48,8842480000;2,3026550000
202200033803;4;11;2022;13:00;1;94;94028;2;1;1;3;FALKIRK(RUE);48,7719800000;2,4588900000
202200033804;18;5;2022;09:55;1;75;75117;2;3;1;3;BOULEVARD DE LA SOMME;48,8869520000;2,2909390000
202200033805;2;11;2022;09:10;1;94;94054;2;3;1;6;Avenue de l’Aerodrome / Allée du Lac;48,7420071599;2,3970547759
202200033806;18;5;2022;08:15;1;75;75117;2;1;1;6;RUE RAYMOND PITET;48,8900950000;2,2964280000
202200033807;4;11;2022;15:45;1;94;94019;2;1;3;6;Rue Clément Ader;48,8009900000;2,5528000000
202200033808;17;5;2022;13:00;1;75;75117;2;5;1;3;AVENUE DE LA PORTE DE SAINT OUEN;48,9009519217;2,3301221430
202200033809;18;5;2022;09:00;1;75;75116;2;4;1;2;VOIE GEORGES POMPIDOU;48,8382704625;2,2657777683
202200033810;4;11;2022;13:10;1;94;94059;2;3;1;3;Avenue Maurice Berteaux / Avenue Georges Foureau;48,8120900000;2,5672300000
202200033811;17;5;2022;14:40;1;75;75116;2;7;1;3;PLACE CHOPIN;48,8561858010;2,2778536007
202200033812;18;5;2022;09:25;1;75;75115;2;2;1;3;BOULEVARD PASTEUR;48,8415490000;2,3140110000
202200033813;4;11;2022;01:20;5;94;94079;2;1;2;1;Rue de Coeuilly;48,8211400000;2,5423000000
202200033814;15;5;2022;10:15;1;75;75115;2;2;1;3;RUE DU THEATRE;48,8501840000;2,2849090000
202200033815;1;11;2022;03:30;5;94;94060;2;2;1;3;Rue Jean Racine / Rue Louis Aragon;48,7919900000;2,5723300000
202200033816;18;5;2022;10:30;1;75;75114;2;3;1;3;AVENUE PAUL APPELL;48,8217921571;2,3267345246
202200033817;17;5;2022;21:15;1;75;75114;2;3;1;6;RUE D ALESIA;48,8322290000;2,3128790000
202200033818;18;5;2022;19:05;1;75;75113;2;7;1;3;BOULEVARD DE L HOPITAL;48,8366100000;2,3593100000
202200033819;18;5;2022;06:00;1;75;75113;2;7;1;7;PLACE D ITALIE;48,8317686083;2,3544056997
202200033820;17;5;2022;12:30;1;75;75113;2;3;1;6;AVENUE DE CHOISY;48,8297660000;2,3571020000
202200033821;18;5;2022;15:33;1;75;75110;2;3;7;4;RUE DU FAUBOURG SAINT MARTIN;48,8761043629;2,3605980932
202200033822;15;5;2022;05:55;2;75;75110;2;1;1;6;RUE BEAUREPAIRE;48,8706724080;2,3639689386
202200033823;18;5;2022;17:20;1;75;75109;2;2;1;3;RUE DE PROVENCE;48,8742050000;2,3283980000
202200033824;18;5;2022;18:43;1;75;75108;2;7;1;6;AVENUE DE WAGRAM;48,8778164009;2,2979642769
202200033825;18;5;2022;17:33;1;75;75107;2;2;1;6;QUAI D ORSAY;48,8624420792;2,3019480499
202200033826;18;5;2022;22:40;5;75;75107;2;2;1;7;AVENUE EMILE DESCHANEL;48,8563640000;2,3008680000
202200033827;18;5;2022;16:27;1;75;75107;2;2;1;3;BOULEVARD SAINT GERMAIN;48,8584990000;2,3230980000
202200033828;18;5;2022;17:00;1;75;75104;2;3;7;6;RUE DE RIVOLI;48,8554921758;2,3600983553
202200033829;17;5;2022;22:50;5;75;75103;2;5;1;6;RUE DE TURBIGO;48,8654546542;2,3561355472
202200033830;17;5;2022;17:15;1;75;75104;2;3;1;7;RUE DE LA CITE;48,8546939659;2,3477563262
202200033831;17;5;2022;18:10;1;94;94068;2;2;1;3;Avenue Pierre Brossolette;48,8077000000;2,4963400000
202200033832;17;5;2022;14:30;1;94;94068;2;1;1;2;18 Rue de la Réunion;48,8008690000;2,4918230000
202200033833;18;5;2022;16:10;1;94;94052;2;1;1;1;STRASBOURG (BD DE);48,8430500000;2,4855400000
202200033834;18;5;2022;08:30;1;94;94073;1;1;1;3;N 186;48,7536160000;2,3750680000
202200033835;18;5;2022;18:55;1;94;94054;2;1;1;1;Avenue des Martyrs de Châteaubriant;48,7480000000;2,4070000000
202200033836;18;5;2022;08:45;1;94;94069;2;1;1;6;116bis Rue du Maréchal Leclerc;48,8179500000;2,4413000000
202200033837;18;5;2022;00:45;5;93;93066;2;1;1;1;Rue Robert Desnos;48,9403764051;2,3705872893
202200033838;17;5;2022;14:35;1;93;93055;2;1;7;3;Avenue Jean Lolive;48,8926536145;2,4105280638
202200033839;18;5;2022;08:40;1;93;93050;2;1;1;4;Rue Louis Vannini;48,8646817269;2,5192238086
202200033840;18;5;2022;19:55;1;93;93008;2;1;1;6;Avenue Paul Vaillant - Couturier;48,9057600000;2,4661000000
202200033841;18;5;2022;16:35;1;93;93005;2;1;1;6;Rue Edgar Degas;48,9558601633;2,4965438247
202200033842;18;5;2022;13:55;1;93;93001;2;1;1;6;56 Rue Danielle Casanova;48,9185465411;2,3926618695
202200033843;18;5;2022;20:00;1;92;92062;2;1;1;2;PUTEAUX (PONT DE);48,8777008418;2,2433242500