Num_Acc;jour;mois;an;hrmn;lum;dep;com;agg;int;atm;col;adr;lat;long
202200033844;17;5;2022;09:25;1;92;92051;2;2;1;3;SABLONS (BOULEVARD DES);48,8796182778;2,2711510956
202200033845;18;5;2022;19:40;1;92;92020;2;9;1;3;DIVISION LECLERC AVENUE DE LA;48,7988500000;2,2841200000
202200033846;18;5;2022;19:00;1;92;92046;2;1;1;3;BROSSOLETTE AVENUE PIERRE;48,8135236109;2,3022365570
202200033847;18;5;2022;17:25;1;92;92020;2;3;1;3;PRIS-PRIS ALLEE DES;48,8008666706;2,2800513357
202200033848;18;5;2022;13:45;1;92;92014;2;3;1;3;HUIT MAI 1945 (RUE DU);48,7823973737;2,3165700138
202200033849;18;5;2022;17:00;1;62;62661;2;3;1;3;D349;50,3811120000;1,9937990000
202200033850;19;5;2022;06:45;1;2A;2A272;1;1;1;3;RT 40 Rizzanese;41,6461880000;8,9479570000
202200033851;19;5;2022;14:40;1;95;95487;2;1;1;3;60 Avenue Gaston Vermeire;49,1491299805;2,2799769044
202200033852;15;5;2022;23:40;3;08;08040;1;1;1;6;Rue de Chalandry;49,7186580000;4,7528010000
202200033853;18;5;2022;09:10;1;74;74005;1;1;1;5;Avenue des Trois Cols;46,3326840000;6,4757650000
202200033854;18;5;2022;14:05;1;89;89434;2;1;1;3;23 Route de la Collate;48,1587360000;3,4340000000
202200033855;19;5;2022;13:37;1;51;51299;1;1;1;7;N51;49,3457880000;4,1884950000
202200033856;19;5;2022;05:45;2;19;19237;1;1;1;1;D980;45,1340070000;2,0748550000
202200033857;19;5;2022;08:00;1;74;74104;2;1;1;4;4017 Route d Annecy;45,8130250000;6,2097670000
202200033858;19;5;2022;12:06;1;79;79251;2;1;1;7;6 Route de Mont;46,1830170000; -0,1397800000
202200033859;18;5;2022;12:20;1;79;79170;1;1;1;6;;46,1926580000; -0,6151160000
202200033860;19;5;2022;18:40;1;82;82037;1;1;1;1;2156 Route de Saint Martin;44,1458730000;1,5763630000
202200033861;18;5;2022;23:30;3;33;33466;2;1;1;7;;44,8177760000; -0,2710960000
202200033862;18;5;2022;22:00;5;71;71533;1;2;1;3;RD8 / ROUTE DES PINS DE LORMAY;46,2153220000;4,2851320000
202200033863;18;5;2022;17:10;1;89;89025;2;1;1;6;Rue des Isles Labaume;47,4835690000;3,8987730000
202200033864;19;5;2022;09:00;1;89;89364;1;1;1;6;Les Guettes;47,4643080000;3,7897520000
202200033865;19;5;2022;07:30;1;49;49284;1;3;8;3;la janiere;47,4094230000; -0,7977210000
202200033866;19;5;2022;10:10;1;12;12138;2;1;7;6;14 rue du tour de ville;44,4744230000;2,4636790000
202200033867;19;5;2022;06:50;1;34;34100;1;1;1;1;D612;43,4634035649;2,8854355886
202200033868;13;5;2022;23:45;3;44;44098;1;1;1;7;12 le Bon Tour;47,4800120000; -2,1838920000
202200033869;14;4;2022;13:55;1;29;29245;1;3;1;3;Pen ar Forest;48,4569201200; -4,3623438470
202200033870;19;5;2022;09:45;1;03;03043;1;2;1;3;D218 / D578;46,2000000000;3,2887270000
202200033871;19;5;2022;09:55;1;15;15162;2;6;1;6;D3 - PR 22+680;45,2800470000;2,6641680000
202200033872;17;5;2022;11:24;1;01;01036;1;1;7;6;680 Rue de la Bavoisiere;45,8812140000;5,6709300000
202200033873;19;5;2022;15:11;1;70;70352;1;1;1;6;D 138;47,9114629750;6,5912657985
202200033874;17;5;2022;16:40;1;26;26277;1;1;1;3;D113;44,6679810000;4,9370670000
202200033875;16;5;2022;15:15;1;06;06023;2;9;1;6;2 Avenue des anciens combattants en AFN;43,9404590000;7,5168160000
202200033876;16;5;2022;17:40;1;05;05092;1;1;1;7;RD46;44,4981970000;6,0228950000
202200033877;19;5;2022;18:00;1;36;36214;1;1;1;6;;46,4339763073;2,0168226957
202200033878;19;5;2022;11:15;1;16;16242;1;1;8;6;;46,0035670000;0,3251440000
202200033879;19;5;2022;16:30;1;07;07090;1;1;1;7;Chemin de Leouze;44,7482000000;4,6555800000
202200033880;17;5;2022;17:50;1;973;97307;1;1;1;3;RN1;4,9006430000; -52,3626850000
202200033881;19;5;2022;10:50;1;06;06152;1;1;1;6;97 Rue Dostoievski;43,6138610000;7,0562710000
202200033882;19;5;2022;05:00;3;44;44003;1;1;1;7;A11;47,4054660000; -1,1761330000
202200033883;17;5;2022;07:35;1;68;68300;1;1;1;3;a36 - pk 109.400;47,7751340000;7,3870990000
202200033884;19;5;2022;09:40;1;38;38150;2;2;1;6;d11;45,2015080000;5,8384370000
202200033885;19;5;2022;11:50;1;51;51087;1;1;1;2;A26;48,8374360000;4,2880150000
202200033886;18;5;2022;18:50;5;971;97112;1;3;1;1;Lieu Dit Morne Lolo;15,9074640000; -61,2764440000
202200033887;18;5;2022;13:30;1;41;41129;2;2;1;3;Rue de Morest;47,6295660000;1,4766100000
202200033888;18;5;2022;18:00;1;41;41134;2;3;1;3;Rue de Marigny;47,6399190000;1,4074410000
202200033889;18;5;2022;17:10;1;95;95298;1;1;1;3;RD 22;49,1804460000;2,0478030000
202200033890;19;5;2022;11:00;1;2B;2B007;1;1;1;1;D84;42,3093390000;8,9621830000
202200033891;18;5;2022;18:20;1;11;11286;1;1;1;6;les tuileries;43,3044117372;2,6000876961
202200033892;19;5;2022;08:00;1;84;84019;1;1;1;3;Le Sactar;44,3069420000;4,7342820000
202200033893;19;5;2022;08:35;1;05;05070;2;1;1;7;Avenue du Maquis Morvan;44,3115609804;5,8228719234
202200033894;18;5;2022;16:00;1;26;26197;2;3;1;6;D143;44,9359370000;5,0237990000
202200033895;19;5;2022;08:20;1;69;69052;2;9;1;6;Rue du Clos Chapuis;45,8707840000;4,7049580000
202200033896;19;5;2022;12:30;1;81;81046;1;1;7;6;1068 Route de la Rivayrole;43,8346120000;2,0378460000
202200033897;19;5;2022;15:50;1;17;17429;1;2;1;3;D238 E1;45,9156610000; -0,9938550000
202200033898;19;5;2022;08:45;1;86;86017;1;1;1;1;D27;46,6661720000;0,0652200000
202200033899;13;5;2022;17:50;1;33;33123;1;1;1;6;6 La Baronnerie;45,0976850000; -0,4149910000
202200033900;18;5;2022;14:50;1;72;72025;1;1;1;6;D37;47,6511800000; -0,1122880000
202200033901;19;5;2022;13:15;1;27;27249;2;1;1;3;1 Rue de Marinette;49,1750230000;1,2223740000
202200033902;18;5;2022;16:05;1;76;76684;1;6;1;2;D982;49,4824120000;0,4421890000
202200033903;19;5;2022;16:45;1;60;60620;1;1;1;3;D115;49,3102271741;2,1614441870
202200033904;18;5;2022;15:06;1;13;13212;1;1;1;3;A507 sens Aubagne- Marseille;43,3122310000;5,4242830000
202200033905;14;5;2022;15:30;1;59;59234;1;1;1;7;AUTOROUTE A21;50,3987159742;3,0973935127
202200033906;18;5;2022;12:00;1;91;91549;1;1;1;7;RN 104;48,6265000000;2,3463000000
202200033907;18;5;2022;09:10;1;91;91286;1;1;1;2;RD 310;48,6521830000;2,3952790000
202200033908;17;5;2022;20:10;1;92;92036;1;1;1;2;A86;48,9338817685;2,2721018498
202200033909;17;5;2022;15:20;1;93;93010;1;1;1;3;AUTOROUTE A3;48,9060100000;2,4722900000
202200033910;17;5;2022;07:45;1;93;93066;1;1;1;4;AUTOROUTE A1;48,9298545664;2,3630797568
202200033911;17;5;2022;08:45;1;93;93078;1;1;1;4;AUTOROUTE A104;48,9709955381;2,4997899978
202200033912;18;5;2022;08:30;1;75;75112;1;1;1;2;A4;48,8176200000;2,4547600000
202200033913;16;5;2022;23:30;3;94;94033;1;1;1;6;A86.INT;48,8501083080;2,4903935051
202200033914;15;3;2022;17:45;1;80;80696;2;9;1;6;Rue-de-la-Chaussée;49,8192340000;2,3192340000
202200033915;17;4;2022;11:30;1;94;94019;2;1;1;2;Rue du Pont;48,7904600000;2,5243800000
202200033916;17;4;2022;16:23;1;87;87065;1;1;1;7;RD 98;45,7954700000;1,3263600000
202200033917;16;4;2022;16:30;1;22;22182;1;9;7;3;RD712 ÉCHANGEUR DE LA BRAGUETTE;48,5318020000; -2,9364480000
202200033918;16;4;2022;12:15;1;61;61007;1;3;1;3;Route de Condé;48,8136640000; -0,5275420000
202200033919;17;4;2022;02:57;3;64;64438;1;1;1;6;Chemin des Chênes;43,3300010000; -0,2380080000
202200033920;15;4;2022;14:20;1;35;35131;1;1;1;6;La Bretonnière;48,1344733500; -1,8252827972
202200033921;15;4;2022;17:30;1;16;16146;1;1;1;4;Route de Périgueux;45,6194420000;0,2547160000
202200033922;11;3;2022;21:00;5;06;06029;2;1;1;6;PICAUD (AVENUE DU DOCTEUR);43,5506000000;6,9965000000
202200033923;17;5;2022;20:20;5;974;97416;2;1;2;3;LORION(RUE LUC); -21,3310400000;55,4724600000
202200033924;16;5;2022;12:30;1;974;97416;2;1;1;2;RN3 (ANCIENNE ROUTE); -21,2917700000;55,5133200000
202200033925;17;5;2022;15:20;1;974;97411;2;4;1;2;GARE (DE LA); -20,8943800000;55,4914900000
202200033926;16;5;2022;07:50;1;974;97411;2;3;1;2;MONTAGNE (ROUTE DE LA); -20,8795200000;55,4437900000
202200033927;17;5;2022;18:00;1;973;97302;2;1;1;3;BADUEL (ROUTE DE);4,9290304816; -52,3005759716
202200033928;17;5;2022;12:10;1;973;97302;2;1;1;6;PASTEUR (AVENUE LOUIS);4,9433542461; -52,3240479827
202200033929;18;5;2022;01:15;5;69;69387;2;2;1;3;Avenue Berthelot;45,7423200000;4,8507600000
202200033930;26;6;2022;17:15;1;74;74173;2;1;1;2;603 Route Nationale;45,8639520000;6,6252460000
202200033931;26;6;2022;10:15;1;74;74242;1;1;1;7;Route de la Magne;45,8163950000;6,1716130000
202200033932;17;5;2022;19:10;1;69;69383;2;2;1;1;Rue Duguesclin;45,7548300000;4,8499800000
202200033933;25;6;2022;03:55;3;74;74158;1;1;1;1;Route du Pays de la Côte;46,2550790000;6,3355440000
202200033934;17;5;2022;09:45;1;69;69388;2;3;1;6;Rue Professeur Beauvisage;45,7290000000;4,8666200000
202200033935;21;6;2022;21:30;2;74;74058;1;1;1;7;Lieu-dit  Ville du Nant;46,2854530000;6,8132830000
202200033936;17;5;2022;13:35;1;972;97213;1;1;1;2;AUTOROUTE (A1);14,6188300000; -61,0279900000
202200033937;18;6;2022;19:50;1;74;74128;1;1;1;1;Route des Vallées;46,1502710000;6,3297880000
202200033938;17;5;2022;18:30;1;69;69389;2;3;1;6;Rue Sergent Michel Berthet;45,7723013737;4,8054251075
202200033939;18;6;2022;14:45;1;74;74067;1;1;1;3;Route des Creuses;45,8778490000;6,0334250000
202200033940;17;5;2022;14:40;1;69;69381;2;2;1;3;Rue du Garet;45,7661300000;4,8368300000
202200033941;3;6;2022;07:45;1;74;74167;1;1;1;2;route  d'annecy;45,7653370000;6,3380270000
202200033942;30;9;2022;09:35;1;974;97416;1;1;1;7;PERIASSAMY (CHEMIN); -21,3017370000;55,4864580000
202200033943;17;5;2022;19:10;1;2B;2B033;2;3;1;3;ST FLORENT-ANCIENNE RT DE;42,6870300000;9,4281100000
202200033944;30;9;2022;07:00;2;974;97416;2;3;1;3;LORION(RUE LUC); -21,3399200000;55,4693500000
202200033945;17;5;2022;17:00;1;2A;2A004;2;6;7;3;ILES SANGUINAIRES ROUTE DES;41,9084900000;8,7020900000
202200033946;17;5;2022;17:45;1;95;95277;2;1;7;3;Boulevard de l'hopital;48,9941420424;2,4513486028
202200033947;30;9;2022;18:35;5;974;97411;2;6;1;2;JAURES (BOULEVARD JEAN); -20,9022790000;55,5028630000
202200033948;17;5;2022;09:40;1;95;95427;2;1;1;6;RD 193;48,9612070576;2,3318132758
202200033949;30;9;2022;12:10;1;974;97411;2;1;1;6;PROVIDENCE (BOULEVARD DE LA); -20,8939600000;55,4571500000
202200033950;30;9;2022;22:45;5;69;69388;2;9;1;6;Boulevard Jean XXIII;45,7414296449;4,8761782050
202200033951;12;5;2022;23:04;3;95;95476;1;1;1;6;RN 14;49,0563951499;2,0443797112
202200033952;29;9;2022;18:50;5;972;97209;1;1;3;6;BALATA (ROUTE DE);14,6399020000; -61,0744300000
202200033953;17;5;2022;16:35;1;91;91326;2;-1;1;3;ALBERT SARRAULT (AVENUE);48,6945500000;2,3615000000
202200033954;30;9;2022;11:23;1;2A;2A004;1;9;8;3;T40;41,9319900000;8,8034400000
202200033955;17;5;2022;08:45;1;91;91434;2;1;1;6;JEAN RAYNAL (RUE);48,6635100000;2,3509800000
202200033956;30;9;2022;17:45;1;91;91114;2;1;1;7;ROUTE NATIONALE 5;48,6853060209;2,4876844883
202200033957;16;5;2022;18:45;1;91;91223;2;1;1;2;MAI 1945 (AVENUE DU 8);48,4397900000;2,1572800000
202200033958;30;9;2022;11:20;1;91;91201;2;3;1;6;BD HENRI BARBUSSE;48,6677570000;2,4163500000
202200033959;30;9;2022;08:35;1;91;91421;1;1;1;6;NATIONALE 6 (GLACIERE);48,7123900000;2,4422000000
202200033960;30;9;2022;07:45;1;91;91027;2;1;1;6;AV MARCEL SEMBAT;48,7071300000;2,3765000000
202200033961;17;5;2022;01:45;3;78;78586;2;1;1;3;CLEMENCEAU (G.) N°1 A 53;48,9426930000;2,1929550000
202200033962;28;9;2022;09:08;1;87;87113;1;1;2;7;MITTERRAND (AVENUE FRANCOIS);45,8735100000;1,3421100000
202200033963;27;9;2022;13:20;1;83;83144;2;1;1;2;LUMIERE (AVE DES FRERES);43,1348300000;5,9977600000
202200033964;18;5;2022;00:50;5;78;78440;2;1;1;7;PAUL DOUMER (RUE);48,9945400000;1,9101600000
202200033965;30;9;2022;18:30;1;81;81060;2;9;1;3;BRIQUETTERIE ( RUE DE LA );44,0559650000;2,1587770000
202200033966;17;5;2022;16:45;1;77;77058;2;1;1;6;52 ANTOINE GIROUST (BOULEVARD );48,8362440000;2,7117450000
202200033967;16;5;2022;16:55;1;77;77058;2;1;7;6;71 ANDRE MALRAUX (AVENUE);48,8416300000;2,7185500000
202200033968;30;9;2022;08:14;1;79;79191;2;2;1;7;;46,3101400000; -0,4657100000
202200033969;16;5;2022;20:50;1;76;76351;2;1;1;7;ARISTIDE BRIAND;49,5000600000;0,1313900000
202200033970;28;9;2022;18:15;1;77;77251;1;1;2;7;D50;48,6093500000;2,5552700000
202200033971;16;5;2022;10:40;1;73;73008;2;1;1;7;D991 GRAND PORT (RONDEAU) AVENUE DU;45,7038589318;5,8986168911
202200033972;17;5;2022;18:25;1;72;72181;2;3;8;3;JAURES JEAN (AV) N° PAIRS 60 ET >;47,9910000000;0,2050000000
202200033973;22;9;2022;11:40;1;73;73008;2;1;1;6;GENEVE RUE DE;45,6924144580;5,9120392068
202200033974;14;5;2022;22:30;5;72;72181;2;1;1;6;GAY LUSSAC (RUE);47,9817000000;0,2224200000
202200033975;30;9;2022;16:00;1;69;69256;2;1;1;3;Avenue Paul Marcellin;45,7768200000;4,9312500000
202200033976;14;5;2022;10:55;1;71;71076;2;1;1;6;ALLENDE (AVENUE SALVADOR);46,8053000000;4,8575600000
202200033977;30;9;2022;16:05;1;69;69259;2;1;1;3;Avenue Francis de Pressensé;45,7137600000;4,8732200000
202200033978;30;9;2022;07:00;2;69;69290;2;6;1;1;Boulevard Edouard Herriot;45,6941801620;4,9352806807
202200033979;13;5;2022;17:00;1;71;71076;2;2;1;6;POTERNE (QUAI DE LA);46,7811300000;4,8588100000
202200033980;30;9;2022;08:05;1;65;65226;1;1;2;3;Route de Pau;43,2446100000; -0,0229400000
202200033981;16;5;2022;19:15;1;67;67447;2;3;1;6;CHARME (RUE DU);48,6078100000;7,7215900000
202200033982;24;9;2022;08:20;1;62;62628;2;1;1;6;D162;50,4286820000;2,8724340000
202200033983;16;5;2022;19:20;1;67;67447;2;1;1;3;MARAIS (RUE DU);48,6119281392;7,7673200000
202200033984;30;9;2022;10:30;1;56;56121;2;6;1;3;2 Cours Louis de Chazelles;47,7568401000; -3,3646470300
202200033985;6;5;2022;02:13;3;67;67389;1;1;2;7;WANTZENAU (ROUTE DE LA);48,6389500000;7,7803200000
202200033986;29;9;2022;08:34;1;49;49353;2;1;1;1;ANATOLE FRANCE;47,4576175054; -0,4772454500
202200033987;14;5;2022;11:43;1;66;66136;2;3;1;3;ROUDAYRE (AVENUE EMILE);42,7102381087;2,8975944221
202200033988;16;8;2022;12:30;1;42;42218;2;2;1;6;Rue des Coopérateurs;45,4476085637;4,3903570928
202200033989;30;9;2022;11:20;1;37;37261;2;9;1;6;ARMENTIERES (RUE D');47,4214900000;0,6826000000
202200033990;17;5;2022;16:55;1;64;64445;2;2;1;3;CATHERINE DE BOURBON;43,3249400000; -0,3575800000
202200033991;30;9;2022;08:45;1;37;37122;2;1;1;6;ROTIERE (RUE DE LA);47,3454602620;0,6624519825
202200033992;17;5;2022;07:50;1;64;64445;2;1;1;3;RONSARD;43,3181800000; -0,3563700000
202200033993;30;9;2022;18:55;1;35;35278;1;1;2;6;RD 137;48,1752643613; -1,7174157500
202200033994;30;9;2022;15:23;1;35;35238;2;6;1;7;ROUTE DE ST MALO;48,1326000000; -1,6908100000
202200033995;16;5;2022;18:20;1;64;64140;2;1;1;1;Rue du 11 Novembre;43,5259000000; -1,4841400000
202200033996;29;9;2022;07:30;2;34;34172;2;1;1;7;47 Avenue de Lodève;43,6096900000;3,8638300000
202200033997;17;5;2022;14:25;1;61;61001;2;9;1;3;STRASBOURG (BOULEVARD DE);48,4350000000;0,0930000000
202200033998;30;9;2022;08:20;1;33;33063;2;1;1;2;Rue de Canolle;44,8278600000; -0,6020800000
202200033999;30;9;2022;06:20;5;33;33522;2;1;1;6;Chemin de Leysotte;44,7992540000; -0,5769919000
202200034000;16;5;2022;13:54;1;60;60463;2;9;1;4;Rue Faidherbe;49,2837140000;2,4650340000
202200034001;17;5;2022;20:45;2;59;59378;2;1;1;6;MARNE AVENUE DE LA;50,6760574125;3,1093481183
202200034002;27;9;2022;16:05;1;33;33318;2;6;1;6;Avenue de la Tuileranne;44,7862000000; -0,6373600000
202200034003;30;9;2022;13:20;1;29;29232;2;1;2;7;Route de Rosporden;47,9908342870; -4,0726749300
202200034004;16;5;2022;19:00;1;59;59328;1;1;1;1;BONTE AUGUSTE RUE;50,6457500000;3,0153000000
202200034005;15;5;2022;11:50;1;59;59329;1;1;7;2;JOFFRE (RUE DU MARECHAL);50,3429590216;3,0848193169
202200034006;27;9;2022;17:40;1;29;29019;2;1;1;2;boulevard de l'Europe;48,4108120100; -4,5129289620
202200034007;17;5;2022;09:39;1;57;57221;2;1;1;1;GARE (RUE DE LA);49,3273000000;6,1210600000
202200034008;30;9;2022;12:37;1;27;27681;2;1;1;6;IVRY (ROUTE D');49,0830600000;1,4776900000
202200034009;13;5;2022;16:10;1;57;57221;2;1;1;5;116 Grand Rue;49,3280300000;6,1249100000
202200034010;30;9;2022;23:50;5;25;25056;2;4;1;3;MONTRAPON AVENUE DE;47,2439300000;6,0130400000
202200034011;13;5;2022;13:55;1;57;57672;2;1;1;6;ASIE (CHAUSSEE D') - PAIR;49,3645700000;6,1499400000
202200034012;30;9;2022;08:55;1;13;13103;2;1;1;4;RTE DE PELISSANNE-RD 572;43,6360946846;5,1241803712
202200034013;13;5;2022;18:11;1;56;56121;2;1;1;6;DUGUAY-TROUIN (RUE RENE);47,7423800000; -3,3625700000
202200034014;30;9;2022;19:30;5;13;13210;2;1;1;3;ROMAIN ROLLAND (BOULEVARD);43,2754466390;5,4165041317
202200034015;30;9;2022;11:40;1;13;13203;2;1;1;3;HOCHE (RUE);43,3111900000;5,3780700000
202200034016;17;5;2022;15:21;1;54;54357;2;1;1;6;PINCHARD (RUE RAYMOND LIMITE NCY);48,7090600000;6,1605700000
202200034017;16;4;2022;19:00;1;52;52125;1;1;1;7;R.D. 162;48,1100400000;5,1656800000
202200034018;30;9;2022;03:30;5;13;13204;2;2;1;2;FRANÇOISE DUPARC (BOULEVARD);43,3094154851;5,4029279628
202200034019;17;5;2022;12:13;1;51;51055;2;3;1;1;rue Léon Faucher;49,2707700000;4,0437000000
202200034020;30;9;2022;00:14;5;13;13208;2;9;1;3;MAZARGUES (AVENUE DE);43,2650400000;5,3911500000
202200034021;29;9;2022;20:30;5;13;13205;2;2;1;3;SAINT PIERRE (RUE);43,2923853711;5,4013929794
202200034022;16;5;2022;17:20;1;51;51454;2;1;1;7;quai du Pré aux Moines;49,2300603367;4,0608268976
202200034023;14;5;2022;10:20;1;50;50502;2;1;1;6;LECLERC (rue du Maréchal);49,1148900000; -1,0901500000
202200034024;30;9;2022;21:29;5;11;11069;1;1;1;6;;43,2296600000;2,3261400000
202200034025;29;9;2022;12:10;1;10;10387;2;9;1;6;HENRI BARBUSSE (RUE);48,3015200000;4,0866600000
202200034026;17;5;2022;04:27;5;49;49007;2;1;1;3;PASTEUR AVENUE;47,4766500000; -0,5326600000
202200034027;17;5;2022;14:30;1;47;47001;2;1;1;6;LACOUR (BD EDOUARD);44,1945190000;0,6282200000
202200034028;29;9;2022;19:30;2;06;06088;2;1;1;5;TURIN (RTE DE);43,7104400000;7,2849300000
202200034029;30;9;2022;22:00;5;06;06083;2;1;1;2;BOYER (AVENUE);43,7744400000;7,4971100000
202200034030;17;5;2022;08:30;1;47;47001;2;1;1;3;LAVOISIER (RUE);44,1892000000;0,6260790000
202200034031;30;9;2022;21:47;3;75;75120;2;1;3;2;ECHANGEUR BAGNOLET;48,8650560000;2,4125120000
202200034032;17;5;2022;17:40;1;45;45234;2;1;1;6;3 Rue du Capitaine Gustave de Boissieu;47,9237761943;1,8920854926
202200034033;30;9;2022;12:15;1;75;75106;2;4;1;3;RUE DE RENNES;48,8501010000;2,3297650000
202200034034;1;10;2022;14:16;1;75;75119;2;2;1;6;BOULEVARD SERURIER;48,8772610000;2,4067850000
202200034035;1;10;2022;18:15;1;75;75118;2;2;1;1;RUE RIQUET;48,8899050000;2,3638120000
202200034036;1;10;2022;18:10;1;75;75118;2;2;1;6;BOULEVARD BARBES;48,8874340000;2,3495720000
202200034037;1;10;2022;11:45;1;75;75112;2;7;2;6;BOULEVARD DIDEROT;48,8482740000;2,3949550000
202200034038;1;10;2022;06:08;5;75;75112;2;1;2;3;ROUTE DE LA TOURELLE;48,8202770000;2,4484240000
202200034039;1;10;2022;12:00;1;75;75115;2;3;1;6;RUE LECOURBE;48,8446660000;2,3095790000
202200034040;1;10;2022;20:20;5;75;75104;2;2;1;3;QUAI DES CELESTINS;48,8533190000;2,3578120000
202200034041;1;10;2022;19:25;5;75;75103;2;3;1;3;RUE AUX OURS;48,8632310000;2,3516670000
202200034042;1;10;2022;14:30;1;75;75103;2;3;1;3;RUE DES FRANCS BOURGEOIS;48,8576780000;2,3607700000
202200034043;1;10;2022;01:40;5;75;75101;2;2;2;1;BOULEVARD DE SEBASTOPOL;48,8662420000;2,3525350000
202200034044;30;9;2022;08:50;1;75;75103;2;2;1;2;RUE NOTRE DAME DE NAZARETH;48,8674190000;2,3585390000
202200034045;1;10;2022;10:27;1;94;94068;2;1;2;3;Avenue du Mesnil;48,7952500000;2,5145000000
202200034046;1;10;2022;17:00;1;93;93070;2;3;1;5;Avenue Gabriel Péri / Rue Diderot;48,9114671464;2,3337210501
202200034047;1;10;2022;00:00;5;93;93066;2;2;2;3;Avenue Lénine / Avenue de Verdun;48,9420400000;2,3654400000
202200034048;1;10;2022;18:05;1;93;93064;2;1;1;6;Rue Leon Blum;48,8829797657;2,4799744847
202200034049;1;10;2022;14:30;1;93;93048;2;2;1;3;Rue Beaumarchais / Rue Douy Delcupe;48,8556400000;2,4308700000
202200034050;1;10;2022;14:40;1;92;92046;2;1;1;6;PIERRE BROSSOLETTE (AVENUE);48,8146456191;2,3035993874
202200034051;1;10;2022;17:50;1;92;92064;2;5;1;3;LOUCHEUR (BOULEVARD LOUIS);48,8595520000;2,2135650000
202200034052;1;10;2022;16:00;1;92;92025;2;1;1;3;VALMY (BD DE);48,9290600000;2,2545200000
202200034053;1;10;2022;16:55;1;92;92002;2;1;1;3;JEAN MOULIN (RUE);48,7529907168;2,3075435757
202200034054;3;8;2022;16:12;1;37;37074;1;4;1;1;40 Rue de Tours;47,2416080000;0,1403990000
202200034055;2;10;2022;07:29;1;74;74307;1;1;5;6;410;46,0016927013;6,1281063027
202200034056;1;10;2022;22:45;5;40;40065;2;1;1;6;Quai Bonamour;43,6509500000; -1,4342800000
202200034057;28;9;2022;07:45;1;83;83062;1;1;1;3;A57 PK 07.500;43,1498657865;6,0357871056
202200034058;1;10;2022;21:40;3;972;97220;1;1;1;1;QUARTIER CONCORDE N8;14,4982950000; -60,9024260000
202200034059;2;10;2022;11:47;1;74;74070;1;1;1;3;D1005;46,2856120000;6,2637520000
202200034060;1;10;2022;20:25;5;57;57038;2;1;2;4;Rue Napoléon 1er;49,4787240000;5,9600080000
202200034061;30;9;2022;07:30;2;19;19125;1;1;5;6;Le Theil;45,2452790000;2,0389230000
202200034062;2;10;2022;11:45;1;2A;2A040;1;1;1;7;D27;42,0649260000;9,0476760000
202200034063;2;10;2022;02:10;3;89;89464;1;1;2;6;;48,0780210000;3,2996510000
202200034064;2;10;2022;17:30;1;63;63400;1;1;1;1;D433 - CONTOURNEMENT SUD OUEST DE VICHY;46,0513931801;3,4515738487
202200034065;1;10;2022;18:30;1;63;63178;2;1;1;6;26 Rue de Brioude;45,5400783655;3,2503022254
202200034066;14;9;2022;14:00;1;61;61167;2;1;1;3;Route de Couvains (Gauville);48,8295720000;0,5536450000
202200034067;2;10;2022;11:55;1;55;55065;1;1;2;6;D946;49,1894428865;5,0468746878
202200034068;30;9;2022;19:00;2;86;86151;2;1;2;7;Rue du Lavoir;46,9781180000;0,2158890000
202200034069;2;10;2022;09:30;1;34;34114;1;1;1;1;D32;43,6565780000;3,5565930000
202200034070;2;10;2022;10:30;1;39;39202;1;1;2;3;;46,9251260000;5,9794560000
202200034071;1;10;2022;17:25;1;66;66015;1;4;1;3;;42,5541950000;2,8590630000
202200034072;2;10;2022;04:00;3;54;54589;1;1;2;6;RD657;48,9667730000;6,0515680000
202200034073;1;10;2022;14:45;1;05;05025;2;1;2;6;LES MEUNIERS;44,6507238965;6,1485717389
202200034074;1;10;2022;20:45;3;64;64059;1;1;1;6;RD817;43,2776430000; -0,2283740000
202200034075;2;10;2022;18:30;2;18;18023;1;1;2;6;;47,0253220000;2,7944510000
202200034076;29;9;2022;12:10;1;10;10268;2;6;1;3;Avenue du General de Gaulle;48,4924750000;3,5116340000
202200034077;1;10;2022;21:30;5;40;40209;2;1;1;6;1210 Avenue de la Plage;43,5703300000; -1,4661320000
202200034078;1;10;2022;11:30;1;04;04209;2;1;1;2;Avenue de la Libération;44,1914890000;5,9450810000
202200034079;2;10;2022;13:00;1;85;85090;1;1;1;6;La petite Bretonnière;46,8134570000; -0,8539880000
202200034080;1;10;2022;19:25;5;08;08302;2;1;2;3;Rue du Docteur Lemaire;49,8844660000;4,7401750000
202200034081;7;8;2022;13:30;1;68;68242;1;1;1;4;A35  PK076.700 SENS SUD NORD;47,9805790000;7,3749210000
202200034082;1;10;2022;16:50;1;02;02399;1;1;1;6;Autoroute A26 PK 239+650;49,4420680000;3,9282880000
202200034083;2;10;2022;10:15;1;01;01067;1;1;1;6;;46,1127540000;5,4862490000
202200034084;2;10;2022;00:50;3;69;69102;1;1;2;6;Autoroute 89;45,8714550000;4,3983080000
202200034085;2;10;2022;02:20;5;971;97103;1;1;1;6;la Jaille;16,2542510000; -61,5690570000
202200034086;1;10;2022;20:56;4;76;76705;1;1;1;7;A13;49,3298590000;1,0863480000
202200034087;1;10;2022;09:00;1;987;98753;2;1;1;7;RT 301 devant la mairie de Mataura; -23,3720000000; -149,4630000000
202200034088;2;10;2022;10:15;1;988;98827;1;3;1;6;La Moindah - RT1/RM9; -21,4167970000;165,2601670000
202200034089;2;10;2022;00:58;3;988;98803;1;1;5;6;Route de NEMEARA; -21,5144400000;165,4747100000