Num_Acc;jour;mois;an;hrmn;lum;dep;com;agg;int;atm;col;adr;lat;long
202200034090;1;10;2022;11:00;1;974;97424;1;1;1;7;RN5; -21,1877330000;55,4517100000
202200034091;25;8;2022;14:30;1;2A;2A247;1;1;1;5;T10;41,4920570000;9,2457680000
202200034092;1;10;2022;22:50;3;66;66180;1;1;1;7;pk 7 D83;42,7871280000;3,0103010000
202200034093;2;10;2022;00:45;3;30;30142;1;1;1;7;RD 297;44,1995900000;4,0573880000
202200034094;1;10;2022;19:20;2;34;34285;1;1;7;1;la Montade;43,5130470000;3,4849620000
202200034095;1;10;2022;19:30;3;13;13110;1;3;1;2;D7N;43,4912674677;5,6596755981
202200034096;1;10;2022;17:40;2;71;71106;2;1;3;6;Place de l'Eglise;46,4341040000;4,2746530000
202200034097;1;10;2022;10:00;1;67;67544;2;9;3;6;1 Rue de la Paix;49,0360850000;7,9525570000
202200034098;1;10;2022;14:00;1;74;74128;1;1;2;1;Route des vallées;46,1558680000;6,3467930000
202200034099;2;10;2022;04:05;3;38;38059;1;1;5;7;D5;45,1073710000;5,7908890000
202200034100;2;10;2022;15:50;1;07;07034;1;1;1;1;D290;44,3308020000;4,5417520000
202200034101;30;9;2022;17:50;1;01;01065;2;1;1;6;539 Chemin de Rosiere;46,2128380000;5,1461900000
202200034102;1;10;2022;19:30;5;33;33256;2;1;1;1;9 Rue du 8 Mai 1945;44,9863640000; -0,6051490000
202200034103;8;12;2022;14:20;1;78;78440;2;1;1;2;JEAN JAURES  (RUE);48,9873600000;1,8991500000
202200034104;2;10;2022;05:40;5;27;27165;1;1;2;6;2 Route de Breteuil;48,9508660000;0,9466910000
202200034105;8;12;2022;07:45;2;78;78238;2;1;9;7;BAZEMONT (RUE);48,9594400000;1,8714000000
202200034106;7;12;2022;20:50;3;78;78643;1;1;1;3;ORGEVAL ROUTE D';48,9590700000;1,9799300000
202200034107;30;9;2022;21:35;5;13;13056;1;1;1;2;A55-Sens Martigues vers Marseille;43,4010200000;5,0433800000
202200034108;8;12;2022;12:00;1;76;76540;2;2;1;3;Route du Havre;49,4504100000;1,0592100000
202200034109;30;9;2022;07:24;1;13;13212;1;1;1;4;A507 sens Aubagne- Marseille;43,3029700000;5,4254900000
202200034110;7;12;2022;13:00;1;76;76351;2;1;1;2;THEOPHILE GAUTIER;49,5143400000;0,0908500000
202200034111;1;10;2022;13:45;1;91;91086;1;1;1;4;RN 104;48,6234600000;2,3831600000
202200034112;7;12;2022;09:30;2;76;76351;2;2;2;1;IRENE JOLIOT CURIE (RUE);49,5224000000;0,1047000000
202200034113;8;12;2022;07:00;5;74;74118;1;1;1;5;ZONE (ROUTE DE);46,1745300000;6,2122900000
202200034114;1;10;2022;07:15;2;94;94021;1;1;2;3;AUTOROUTE A6B;48,7713715480;2,3450994762
202200034115;8;12;2022;22:00;5;69;69282;2;2;2;3;1 Rue de la République;45,7666700000;5,0036000000
202200034116;30;9;2022;09:10;1;94;94021;1;1;1;2;AUTOROUTE A6A;48,7658449904;2,3433884323
202200034117;8;12;2022;16:30;2;69;69266;2;1;8;3;Cours Emile Zola;45,7666900000;4,8949700000
202200034118;1;10;2022;13:00;1;78;78466;1;1;1;2;A13;48,9312300000;1,9790040000
202200034119;8;12;2022;19:25;5;69;69091;2;3;1;6;9 Avenue Youri Gagarine;45,6001200000;4,7695700000
202200034120;1;10;2022;07:50;1;78;78158;1;1;1;2;A13;48,8413700000;2,1065700000
202200034121;7;12;2022;23:15;3;66;66136;1;1;1;2;;42,7262110000;2,8783500000
202200034122;1;10;2022;12:15;1;93;93008;1;1;1;2;AUTOROUTE A86;48,9089274558;2,4490592258
202200034123;30;9;2022;09:15;1;95;95018;1;1;1;3;A15;48,9624644368;2,2663351893
202200034124;7;12;2022;18:03;3;66;66136;1;1;1;2;;42,7077400000;2,8809610000
202200034125;1;10;2022;03:15;3;94;94017;1;1;2;2;A4;48,8302003380;2,4957032202
202200034126;2;12;2022;22:35;5;62;62510;1;1;1;2;D58;50,4213860000;2,7657240000
202200034127;18;11;2022;15:00;1;61;61006;2;9;1;6;ROUSSELETTES (RUE DES);48,7271100000; -0,0087000000
202200034128;30;9;2022;20:30;3;94;94033;1;9;1;2;A86.EXT;48,8506883120;2,4907633364
202200034129;8;12;2022;07:20;5;59;59386;2;2;8;6;HONDSCHOOTE RUE;50,6665700000;3,0371000000
202200034130;30;9;2022;18:00;1;94;94021;1;1;1;2;A86 EXT;48,7864000000;2,4404000000
202200034131;7;12;2022;18:18;5;56;56260;2;1;1;6;59 Avenue Victor Hugo;47,6632900000; -2,7560500000
202200034132;8;12;2022;07:36;2;54;54099;1;1;5;7;RD146;49,2726100000;5,9088400000
202200034133;26;9;2022;16:50;1;94;94052;1;1;1;4;A86 INT;48,8412724993;2,4930730317
202200034134;30;9;2022;18:40;1;75;75113;2;1;1;2;BD PERIPHERIQUE EXTERIEUR;48,8176140000;2,3674690000
202200034135;7;12;2022;17:55;5;54;54028;2;4;8;1;METZ (RUE DE);49,2119500000;5,9777800000
202200034136;30;9;2022;09:50;1;75;75113;2;1;1;3;BD PERIPHERIQUE EXTERIEUR;48,8202730000;2,3755600000
202200034137;8;12;2022;17:30;5;51;51454;2;1;1;4;rue du Colonel Fabien;49,2490000000;4,0153000000
202200034138;30;9;2022;09:15;1;75;75118;2;1;1;4;ECHANGEUR CHAPELLE;48,9010950000;2,3570020000
202200034139;8;12;2022;08:55;1;51;51454;2;1;1;3;rue du Président Franklin Roosevelt;49,2627100000;4,0276500000
202200034140;29;9;2022;18:30;2;75;75114;2;1;1;2;BD PERIPHERIQUE EXTERIEUR;48,8165810000;2,3393900000
202200034141;7;12;2022;05:50;3;50;50647;2;1;1;3;EUROPE (AVENUE DE L');48,8438000000; -1,5578000000
202200034142;28;9;2022;14:35;1;75;75116;2;1;1;2;BD PERIPHERIQUE INTERIEUR;48,8593770000;2,2628670000
202200034143;29;9;2022;21:20;5;75;75116;2;2;1;6;AVENUE FOCH;48,8731510000;2,2844650000
202200034144;8;12;2022;08:25;3;50;50147;1;1;4;5;ROCADE NORD;49,0589550000; -1,4201550000
202200034145;29;9;2022;03:08;5;75;75119;2;3;1;6;RUE DE BELLEVILLE;48,8725410000;2,3785400000
202200034146;30;9;2022;07:10;2;75;75120;2;2;1;3;RUE DE LAGNY;48,8490568278;2,4112442136
202200034147;7;12;2022;16:59;1;49;49007;1;1;1;6;ATLANTIQUE  AVENUE DE L';47,4677800000; -0,5845700000
202200034148;30;9;2022;06:30;5;75;75119;2;1;1;6;RUE DE MOUZAIA;48,8801843513;2,3927409947
202200034149;7;12;2022;14:03;1;49;49007;1;1;1;2;ATLANTIQUE  AVENUE DE L';47,4677800000; -0,5845700000
202200034150;30;9;2022;02:00;5;75;75117;2;7;1;1;PLACE DU MARECHAL JUIN;48,8845951247;2,2976472974
202200034151;30;9;2022;22:10;5;75;75116;2;2;2;3;RUE DE LA TOUR;48,8602350000;2,2810800000
202200034152;7;12;2022;09:05;1;49;49007;2;1;1;3;FAURE QUAI;47,4788000000; -0,5520400000
202200034153;30;9;2022;15:00;1;75;75116;2;7;1;2;AVENUE FOCH;48,8737256472;2,2941336036
202200034154;8;12;2022;19:42;5;47;47001;2;1;2;6;LIBERTE (BOULEVARD DE LA);44,1983700000;0,6207800000
202200034155;30;9;2022;18:38;1;75;75115;2;2;1;3;RUE LECOURBE;48,8420245174;2,3006245494
202200034156;29;9;2022;16:10;1;75;75114;2;1;8;7;BOULEVARD BRUNE;48,8269720000;2,3082660000
202200034157;8;12;2022;18:15;3;44;44184;1;1;1;2;D213;47,2884200000; -2,2434500000
202200034158;30;9;2022;11:15;1;75;75111;2;1;1;2;RUE DE CHARONNE;48,8523810000;2,3741730000
202200034159;30;9;2022;07:30;2;75;75110;2;2;1;3;RUE LA FAYETTE;48,8816040000;2,3657670000
202200034160;29;9;2022;23:30;5;75;75110;2;3;1;6;BOULEVARD DE MAGENTA;48,8731787594;2,3588392138
202200034161;30;9;2022;19:25;2;75;75109;2;1;1;2;RUE BLEUE;48,8759348954;2,3457862437
202200034162;8;12;2022;17:25;2;38;38485;2;1;1;2;PONT DE CATANE;45,1800400000;5,6999300000
202200034163;30;9;2022;20:30;5;75;75108;2;2;1;2;RUE FRANCOIS 1ER;48,8686530000;2,3037030000
202200034164;8;12;2022;22:35;5;37;37261;2;6;1;1;VICTOIRE (RUE DE LA);47,3954400000;0,6772700000
202200034165;30;9;2022;16:00;1;75;75107;2;2;1;3;BOULEVARD DE LA TOUR MAUBOURG;48,8625573662;2,3103985190
202200034166;30;9;2022;19:55;5;75;75101;2;3;1;2;BOULEVARD DE SEBASTOPOL;48,8624656101;2,3504385352
202200034167;8;12;2022;18:45;5;37;37261;2;2;1;1;PORTALIS (AVENUE JEAN);47,3685900000;0,6795200000
202200034168;30;9;2022;16:10;1;94;94041;2;1;1;6;VERDUN (AV DE);48,8121700000;2,3711900000
202200034169;8;12;2022;08:20;2;37;37122;1;1;8;2;RD 37;47,3702200000;0,6546000000
202200034170;30;9;2022;10:45;1;94;94021;2;1;1;3;COTE D'AZUR (AVENUE);48,7600000000;2,3400000000
202200034171;9;12;2022;00:50;5;35;35238;2;4;1;3;CHATEAUGIRON (DE);48,1018200000; -1,6599840000
202200034172;30;9;2022;07:40;1;94;94028;2;6;1;3;Carrefour de Pompadour / Avenue de la Pompadour / Avenue du Marechal Foch;48,7741300000;2,4387200000
202200034173;6;12;2022;08:35;1;34;34032;2;1;1;6;86 Boulevard de la Liberté;43,3386100000;3,2251700000
202200034174;30;9;2022;16:10;1;94;94071;2;1;1;6;130 Rue de Boissy;48,7619600000;2,5267200000
202200034175;6;12;2022;13:45;1;34;34032;2;1;1;6;102 Boulevard Frédéric Mistral;43,3425900000;3,2213500000
202200034176;30;9;2022;08:45;1;93;93050;2;3;1;3;Rue Paul et Camille Thomoux / Rue Joliot Curie;48,8588788513;2,5309296702
202200034177;30;9;2022;20:20;4;93;93053;2;1;1;5;Rue des Bergeries;48,8917176580;2,4528432130
202200034178;7;12;2022;07:10;5;33;33318;2;1;1;3;Rue Gutenberg;44,7852900000; -0,6493200000
202200034179;30;9;2022;10:52;1;93;93053;2;3;1;3;Rue de Brément / Rue du Progrès;48,8877068301;2,4637208351
202200034180;30;9;2022;18:40;1;93;93051;2;9;1;3;Rue de l’Universite;48,8368713985;2,5549559296
202200034181;8;12;2022;18:00;5;33;33009;2;6;1;3;GRANDS CHENES (CITE);44,6535000000; -1,1592000000
202200034182;30;9;2022;18:50;2;93;93050;2;1;1;3;Rue Marx Dormoy;48,8538600000;2,5325300000
202200034183;30;9;2022;14:30;1;93;93032;2;3;1;6;Chemin de Montguichet / Rue Edouard Manet;48,8826800000;2,5476900000
202200034184;8;12;2022;17:50;2;31;31555;1;1;2;4;38 LE CHAPITRE (A64);43,5593300000;1,4144700000
202200034185;29;9;2022;13:40;1;93;93029;2;3;2;3;Avenue Henri Barbusse / Avenue Voiron;48,9175837499;2,4467238397
202200034186;8;12;2022;14:35;1;31;31555;2;1;1;7;PL DU DR JOSEPH BAYLAC;43,6075300000;1,3970400000
202200034187;30;9;2022;20:35;2;93;93010;2;3;1;1;Rue Louis Auguste Blanqui / Rue Raoul;48,8979478087;2,4917075374
202200034188;30;9;2022;21:15;5;93;93005;2;6;1;2;Carrefour de l’Europe / Boulevard Marc Chagall;48,9514851617;2,4862180744
202200034189;7;12;2022;14:45;1;31;31557;2;6;1;3;AURIOL (BD VINCENT);43,5845700000;1,3440700000
202200034190;30;9;2022;11:30;1;93;93005;2;1;1;1;Cours Salvador Allende;48,9534100000;2,5026500000
202200034191;23;9;2022;13:45;1;93;93001;2;1;1;6;Rue Hemet;48,9162353782;2,3900440884
202200034192;7;12;2022;09:05;1;29;29019;2;1;1;3;rue Jules Lesven;48,4114961533; -4,4886481759
202200034193;30;9;2022;09:00;1;92;92075;2;3;1;3;ERNEST LAVAL (RUE);48,8197000000;2,2934100000
202200034194;7;12;2022;18:05;5;27;27351;2;1;5;6;DELAMARE (RUE ABBE);49,2356800000;1,1815700000
202200034195;29;9;2022;20:10;5;92;92075;2;2;1;3;LYCEE (BOULEVARD DU);48,8237900000;2,2831100000
202200034196;29;9;2022;17:07;1;92;92046;2;1;1;6;ETIENNE DOLET (RUE);48,8136779824;2,3004979491
202200034197;30;9;2022;04:40;5;92;92064;2;1;1;6;MARCEL DASSAULT;48,8549126113;2,2227979749
202200034198;8;12;2022;18:55;3;22;22187;1;1;1;4;RN12;48,5452630000; -2,7966270000
202200034199;29;9;2022;22:40;5;92;92064;2;2;1;6;REPUBLIQUE;48,8469240000;2,2140710000
202200034200;30;9;2022;18:45;2;92;92012;2;1;1;6;GENERAL LECLERC (AVENUE DU) 35/FIN - 60/;48,8298602375;2,2306752205
202200034201;7;12;2022;16:50;1;22;22187;2;1;2;3;PORT (rue du );48,5272500000; -2,7385100000
202200034202;30;9;2022;08:35;1;92;92012;2;2;1;7;REINE (ROUTE DE LA) 82/FIN - 107TER/FIN;48,8402300000;2,2338300000
202200034203;30;9;2022;16:45;1;91;91689;2;1;1;3;;48,7329110000;2,3177660000
202200034204;8;12;2022;12:30;1;22;22113;1;3;1;3;TREBEURDEN (ROUTE DE);48,7402730000; -3,4674910000
202200034205;1;10;2022;16:30;1;35;35013;1;3;1;2;D873;47,6787623281; -2,0838591456
202200034206;7;12;2022;17:45;5;15;15014;1;9;1;3;la Sablière Basse;44,8952500000;2,3983800000
202200034207;8;12;2022;10:20;1;13;13215;2;1;1;1;BERNABO (Bd);43,3359600000;5,3542300000
202200034208;30;9;2022;16:30;1;76;76517;1;1;1;6;A28;49,5309600000;1,2075520000
202200034209;1;10;2022;02:37;3;83;83054;1;1;1;6;A57;43,1535187048;6,0400462827
202200034210;5;12;2022;17:48;5;10;10325;2;1;1;7;Route d’Auxerre;48,2638200000;4,0388600000
202200034211;28;9;2022;12:30;1;11;11203;1;1;1;6;Domaine de Saint Jean;43,2163580000;2,7842830000
202200034212;30;9;2022;17:20;1;63;63329;1;1;1;7;Rue de Vernet;46,0772890000;2,8123440000
202200034213;7;12;2022;18:10;5;09;09225;2;9;1;2;ROUTE NATIONALE 20 (VOIE RAPIDE);43,0973200000;1,6333800000
202200034214;25;9;2022;13:30;1;12;12057;1;1;1;6;D902;44,1971050000;2,5240450000
202200034215;30;9;2022;14:30;1;34;34079;1;1;1;6;Autoroute A75 PK 294+900 Sens1;43,6105080000;3,4611440000
202200034216;8;12;2022;09:48;1;06;06088;2;1;1;6;CHENES BLANCS (CH. DES);43,7353000000;7,2963700000
202200034217;30;9;2022;20:45;5;69;69100;2;4;1;1;Route Neuve;45,6790620000;4,8262110000
202200034218;7;12;2022;11:10;1;06;06088;2;1;1;3;CESSOLE (BD DE) (A PARTIR DU 101-114);43,7220800000;7,2509200000
202200034219;8;12;2022;08:00;1;06;06069;2;1;1;1;MAURE (AVENUE ANTOINE);43,6560840000;6,9173480000
202200034220;8;12;2022;12:25;1;05;05061;2;2;1;3;PROVENCE (ALLEE DE);44,5443700000;6,0614800000
202200034221;7;12;2022;17:19;2;04;04070;2;1;1;4;simone pelissier ( rue );44,0836900000;6,2205300000
202200034222;9;12;2022;07:20;2;75;75119;2;1;1;3;PORTE DE PANTIN;48,8963280000;2,3945690000
202200034223;8;12;2022;19:45;5;75;75112;2;4;1;3;ECHANGEUR BERCY;48,8271410000;2,3910300000
202200034224;8;12;2022;18:15;5;75;75112;2;1;1;3;PORTE DE CHARENTON;48,8313440000;2,4040780000
202200034225;8;12;2022;23:15;5;75;75117;2;2;1;3;BOULEVARD DES BATIGNOLLES;48,8819930000;2,3204870000
202200034226;9;12;2022;13:29;1;75;75105;2;4;1;6;RUE JUSSIEU;48,8469320000;2,3539420000
202200034227;9;12;2022;12:40;1;75;75119;2;7;1;3;PLACE DE LA PORTE DE PANTIN;48,8896280000;2,3962620000
202200034228;9;12;2022;03:30;5;75;75119;2;1;1;6;BOULEVARD DE LA VILLETTE;48,8734080000;2,3758070000
202200034229;9;12;2022;16:45;5;75;75118;2;4;1;3;RUE EUGENE CARRIERE;48,8902560000;2,3330270000
202200034230;9;12;2022;15:00;1;75;75118;2;2;1;3;AVENUE DE LA PORTE D AUBERVILLIERS;48,9003900000;2,3703900000
202200034231;8;12;2022;21:35;5;75;75117;2;1;1;3;BOULEVARD BERTHIER;48,8921870000;2,3085820000
202200034232;9;12;2022;16:35;2;75;75114;2;1;1;6;BOULEVARD ARAGO;48,8344870000;2,3343560000
202200034233;9;12;2022;15:00;1;75;75115;2;1;1;3;RUE DU COLONEL PIERRE AVIA;48,8294200000;2,2749940000
202200034234;9;12;2022;15:00;1;75;75114;2;2;1;3;RUE DE L OUEST;48,8367690000;2,3207430000
202200034235;9;12;2022;00:50;5;75;75111;2;2;1;3;BOULEVARD VOLTAIRE;48,8490930000;2,3947330000
202200034236;9;12;2022;09:30;1;75;75110;2;5;8;6;BOULEVARD DE MAGENTA;48,8806240000;2,3521640000
202200034237;9;12;2022;11:25;1;75;75108;2;5;1;3;AVENUE DES CHAMPS ELYSEES;48,8731240000;2,2970890000
202200034238;9;12;2022;04:47;5;75;75108;2;6;1;3;PLACE CHARLES DE GAULLE;48,8738140000;2,2959390000
202200034239;7;12;2022;21:14;5;75;75104;2;3;1;3;BOULEVARD BOURDON;48,8493350000;2,3665650000
202200034240;9;12;2022;21:45;5;94;94043;2;3;1;3;Avenue Charles Gide;48,8056400000;2,3485300000
202200034241;9;12;2022;12:30;1;94;94043;2;2;1;6;FONTAINEBLEAU (AV DE);48,8145000000;2,3610500000
202200034242;8;12;2022;09:30;1;94;94076;2;1;1;2;MAXIME GORKI (BD);48,7929600000;2,3696100000
202200034243;9;12;2022;06:00;3;95;95212;2;1;1;1;ROUTE DE L'ARPENTEUR;49,0264100000;2,5363200000
202200034244;9;12;2022;13:40;1;93;93048;2;2;1;2;Avenue Pasteur / A3;48,8704000000;2,4315300000
202200034245;8;12;2022;13:20;1;93;93010;2;1;1;6;Avenue Suzanne Buisson;48,9142150000;2,4807580000
202200034246;9;12;2022;08:30;1;92;92078;2;1;1;6;VERDUN (AVENUE) (IMPAIRS 1 A 25);48,9355819616;2,3356316686
202200034247;9;12;2022;21:00;3;92;92073;2;3;1;3;ROOSVELT (AVENUE FRANKLIN);48,8737860000;2,2217370000
202200034248;9;12;2022;20:10;5;92;92064;2;1;1;7;DAILLY;48,8441942717;2,2204672694
202200034249;9;12;2022;09:10;1;92;92064;2;1;1;3;DAILLY;48,8432000000;2,2208100000
202200034250;9;12;2022;21:25;5;92;92051;2;1;1;6;GENERAL LECLERC (BOULEVARD DU, N° 1 A 27;48,8906647256;2,2616875917
202200034251;9;12;2022;13:36;1;92;92050;2;1;1;6;JOFFRE MARECHAL AVENUE DU;48,8853100000;2,1956100000
202200034252;9;12;2022;17:35;1;92;92048;2;3;1;6;REPUBLIQUE (RUE DE LA) N° 47 A 85;48,8065816151;2,2357427180
202200034253;9;12;2022;20:10;5;92;92026;2;4;1;3;NEUILLY (BD ET PONT DE);48,8873372865;2,2527739406
202200034254;9;12;2022;15:55;1;92;92012;2;1;1;6;EDOUARD VAILLANT (AVENUE) 57/FIN - 58/FI;48,8341800000;2,2454000000
202200034255;9;12;2022;13:10;1;92;92002;2;9;1;4;MIRABEAU (RUE);48,7392383910;2,2992139757
202200034256;15;7;2022;17:50;1;95;95042;1;1;1;2;RN 104;49,0606200000;2,3088600000
202200034257;8;12;2022;15:30;1;92;92014;2;2;1;3;DINEUR (RUE DE);48,7841700000;2,3144900000
202200034258;18;7;2022;07:20;1;94;94017;1;1;1;2;A4;48,8267111767;2,5225882774
202200034259;10;12;2022;00:45;3;76;76751;1;1;4;6;1627 Route de Bolbec;49,6258800000;0,5188530000
202200034260;17;7;2022;23:00;3;94;94052;1;1;1;2;A4;48,8266944100;2,4666901824
202200034261;9;12;2022;20:35;3;47;47145;1;1;8;6;Le Brouchoua;44,0999306144;0,6552994334
202200034262;10;4;2022;17:40;1;66;66136;2;1;1;6;LYCEE (AVENUE);42,6949300000;2,8878200000
202200034263;7;4;2022;16:31;1;66;66136;2;3;1;3;SOUBIELLE (AVENUE DU COMMANDANT);42,7046780369;2,8884641826
202200034264;9;12;2022;08:25;1;01;01333;1;4;2;5;Route de Trévoux;45,9331620000;4,9249970000
202200034265;7;4;2022;19:56;2;66;66136;2;1;1;6;DESNOYE (BOULEVARD DR. JOSEPH);42,7067121231;2,8861735761
202200034266;6;12;2022;07:50;2;33;33102;1;1;1;2;30 RD 1113;44,5837830000; -0,1276060000
202200034267;6;4;2022;17:25;1;66;66136;2;1;1;2;ESPAGNE (ROUTE D');42,6802335696;2,8929367661
202200034268;9;12;2022;18:05;4;69;69283;1;1;2;1;Chemin de Feyzin;45,6586460000;4,9228840000
202200034269;12;4;2022;16:15;1;66;66136;2;1;2;3;ALDUY (Paul);42,6859024634;2,9019540176
202200034270;9;4;2022;01:55;5;66;66136;2;1;1;6;PRADES (AVENUE DE ) ST CHARLES;42,6951532119;2,8583188355
202200034271;9;12;2022;21:24;3;22;22305;1;1;9;7;la Ville ès Michel;48,2576840000; -2,1661950000
202200034272;17;7;2022;11:15;1;988;98818;2;1;1;2;RUE JACQUES IEKAWE; -22,2256200000;166,4808000000
202200034273;17;7;2022;08:55;1;976;97611;2;1;1;1;kaweni-Kaweni sud  (Z I); -12,7692200000;45,2240900000
202200034274;8;12;2022;15:00;1;66;66141;2;3;1;3;;42,7398350000;2,9090691000
202200034275;17;7;2022;07:20;1;976;97611;2;1;1;6;passamanty-Vahibé ( route ); -12,8023800000;45,2132800000
202200034276;17;7;2022;07:00;2;974;97411;1;1;1;1;MACE (BOULEVARD GABRIEL); -20,8755100000;55,4448900000
202200034277;10;12;2022;19:20;3;76;76196;1;4;1;5;d139;49,6427830000;0,2556040000
202200034278;15;7;2022;13:30;1;973;97302;2;3;1;3;BADUEL (ROUTE DE);4,9347200000; -52,3117600000
202200034279;10;12;2022;15:15;1;79;79135;1;1;1;1;;46,7150690000; -0,2146300000
202200034280;17;7;2022;05:50;2;973;97302;1;6;1;3;CRIQUE FOUILLEE (ROND POINT);4,8966100000; -52,3285200000
202200034281;9;12;2022;18:10;5;81;81288;2;1;1;6;RD85 allée de la libération;43,4531680000;2,0657940000
202200034282;17;7;2022;12:49;1;69;69388;2;9;1;3;Rue Henri Barbusse;45,7302819877;4,8557960987
202200034283;16;7;2022;20:30;3;972;97209;1;1;8;1;SOLEIL LEVANT (BOULEVARD DU);14,6230200000; -61,0389200000
202200034284;9;12;2022;20:59;3;71;71056;2;2;1;3;Route de Montret;46,6469980000;5,1759150000
202200034285;17;7;2022;05:01;2;69;69202;2;1;1;7;189 Boulevard Baron du Marais;45,7293500000;4,7946800000
202200034286;9;12;2022;18:57;4;71;71442;1;1;1;3;Route de Chagny;46,8577480000;4,6432470000
202200034287;17;7;2022;17:57;1;2A;2A004;2;2;1;3;DEL PELLEGRINO RUE DOCTEUR FRANCOIS;41,9288500000;8,7375200000
202200034288;9;12;2022;19:30;3;12;12052;1;1;1;6;la prade;44,5647506965;2,0740887522
202200034289;17;7;2022;08:10;1;95;95277;2;1;1;6;Avenue Gabriel Péri;48,9942969128;2,4237111211
202200034290;10;12;2022;12:15;1;46;46007;1;1;1;6;D911, PK 32;44,4381370000;1,5605420000
202200034291;16;7;2022;12:40;1;91;91377;2;1;1;6;RUE D'ALGER;48,7348600000;2,2945400000
202200034292;10;12;2022;18:30;3;47;47106;2;3;1;5;Route de Perigueux;44,4896400000;0,9497810000
202200034293;17;7;2022;00:30;3;83;83144;2;1;1;3;MIRASOULEOU (AVE);43,1353180000;5,9778900000
202200034294;9;12;2022;18:00;5;35;35027;2;3;1;6;Rue Théodore Botrel;48,1664706409; -2,0668378472
202200034295;17;7;2022;17:50;1;83;83061;1;1;1;6;;43,5016318321;6,7939603329
202200034296;9;12;2022;17:35;5;38;38229;2;1;2;6;31 Avenue du Vercors;45,2059060000;5,7717790000
202200034297;17;7;2022;11:00;1;64;64102;2;1;1;1;Place de la Liberté;43,4923800000; -1,4743500000
202200034298;10;12;2022;15:13;1;02;02787;1;3;5;3;;49,6406220000;3,6836810000
202200034299;17;7;2022;18:50;1;62;62193;2;1;1;6;GASTON BERTHE (DIGUE);50,9626710000;1,8331360000
202200034300;9;12;2022;17:30;2;01;01028;1;1;1;2;Route de chatillon;46,1137800000;4,9248790000
202200034301;11;7;2022;07:30;1;62;62193;2;4;7;3;GAMBETTA (BOULEVARD);50,9463100000;1,8417700000
202200034302;10;12;2022;02:45;3;26;26165;1;1;2;6;D215;44,8030300000;4,8184560000
202200034303;15;7;2022;18:20;1;60;60057;2;1;1;2;Av du Pdt J Fitzgerald Kennedy;49,4253800000;2,1031800000
202200034304;10;12;2022;00:45;3;14;14582;1;1;5;6;D579;49,0955220000;0,2004250000
202200034305;16;7;2022;10:10;1;59;59273;2;1;1;6;HUGO (RUE VICTOR);51,0068320000;2,1153130000
202200034306;22;11;2022;15:30;1;16;16099;1;1;1;4;D731;45,3726040000; -0,0949640000
202200034307;17;7;2022;10:50;1;56;56083;1;2;1;3;ALLENDE ( AV. PRES. SALVADOR );47,8106330000; -3,2523535000
202200034308;10;12;2022;14:25;1;04;04124;1;1;1;1;Route bord du lac;43,7490000000;6,0853900000
202200034309;16;7;2022;13:00;1;46;46042;1;3;1;1;Départementale D653;44,4686060000;1,4439600000
202200034310;10;12;2022;19:10;3;85;85039;1;1;9;3;5 Rue de la chapelle;47,0088490000; -1,2037619000
202200034311;16;7;2022;22:10;5;37;37261;2;1;1;1;LAVOISIER (RUE);47,3953860910;0,6936836243
202200034312;9;12;2022;19:15;3;30;30303;1;1;1;1;DÉPARTEMENTALE 51;44,2457220000;4,2175970000
202200034313;16;7;2022;16:35;1;37;37261;2;1;1;3;JAURES (PLACE JEAN);47,3901494044;0,6896603107
202200034314;9;12;2022;15:35;1;53;53046;1;1;1;3;D21;47,9256940000; -0,4868420000
202200034315;10;12;2022;08:30;1;77;77354;1;1;1;-1;A5, PK 22.535;48,4780350000;2,8642300000
202200034316;17;7;2022;22:10;5;33;33063;2;4;1;3;Quai de Brazza;44,8537600000; -0,5538900000
202200034317;9;12;2022;21:30;5;978;97801;2;1;1;6;face 238 boulevard de grand case - RN7;18,0994160000; -63,0610300000
202200034318;17;7;2022;19:10;1;33;33039;2;3;1;3;Rue des Quatre Castera;44,8077800000; -0,5384900000
202200034319;10;12;2022;03:15;3;69;69206;1;1;4;5;Autoroute 6;46,0695240000;4,7405150000
202200034320;9;12;2022;12:30;1;987;98733;2;1;1;1;RT1 PK 19.800 CT MONT; -17,6958710000; -149,5480120000
202200034321;17;7;2022;03:30;5;33;33063;2;6;1;3;Boulevard Alfred Daney;44,8661555851; -0,5751031637
202200034322;17;7;2022;14:30;1;29;29020;2;1;1;6;lieu dit Gougastel;48,0314800000; -4,0216100000
202200034323;10;12;2022;05:25;3;77;77153;1;1;1;2;RN02;49,0615960000;2,7043430000
202200034324;8;12;2022;20:30;3;66;66190;1;1;1;2;;42,8015571000;2,9102400000
202200034325;17;7;2022;17:40;1;29;29039;1;1;1;1;Pont Minaouet;47,8602500000; -3,8827900000
202200034326;9;12;2022;23:30;5;83;83068;1;1;5;6;Route du Littoral;43,2700660000;6,5732840000
202200034327;17;7;2022;18:45;1;29;29019;1;1;1;6;15 rue du Moulin Blanc;48,3951780000; -4,4369811000
202200034328;17;7;2022;15:55;1;27;27299;1;1;7;7;RN 154;49,0570000000;1,1747700000
202200034329;10;12;2022;09:25;1;69;69160;1;1;8;1;1644 Route de Claveisolles;46,1315775694;4,4896209240
202200034330;17;7;2022;17:35;1;22;22360;1;1;1;1;SAINT-BRIEUC (AVENUE DE);48,4743300000; -2,7211600000
202200034331;10;12;2022;13:00;1;69;69009;1;9;8;3;Route de Lyon;45,9294760000;4,7261220000