Num_Acc;jour;mois;an;hrmn;lum;dep;com;agg;int;atm;col;adr;lat;long
202200034332;17;7;2022;18:55;1;17;17415;2;1;1;1;ROCADE OUEST;45,7497600000; -0,6611220000
202200034333;9;12;2022;17:50;3;44;44026;1;1;1;1;Route de Thouaré;47,2899130000; -1,4670500000
202200034334;11;7;2022;21:35;2;13;13071;2;1;1;3;ROUTE NATIONALE 113 - MONTEE DE L'ASSASS;43,4062200000;5,3309000000
202200034335;9;12;2022;18:00;3;83;83126;1;1;1;2;A50;43,1199990000;5,8527730000
202200034336;17;7;2022;21:20;2;13;13201;2;1;1;3;FRANKLIN ROOSEVELT (COURS)   1 A 37;43,2990000000;5,3856800000
202200034337;8;12;2022;10:56;1;83;83062;1;1;1;4;A570;43,1393900000;6,0394500000
202200034338;17;7;2022;18:17;1;06;06088;2;1;1;3;MERCANTOUR (BD);43,6718300000;7,2022100000
202200034339;3;12;2022;04:00;3;69;69296;1;1;2;2;Autoroute 7   ;45,6435581112;4,8287916186
202200034340;17;7;2022;17:05;1;06;06088;2;1;1;6;ANGLAIS (A PARTIR DU N° 351);43,6673300000;7,2112400000
202200034341;9;12;2022;18:55;5;33;33550;1;1;1;4;AUTOROUTE A 62;44,7720900000; -0,5553500000
202200034342;16;7;2022;21:20;2;06;06069;2;1;1;3;HUGO (BOULEVARD ET TRAVERSE VICTOR);43,6513590000;6,9200960000
202200034343;9;12;2022;09:24;1;33;33080;1;1;1;6;AUTOROUTE A 62;44,7525610000; -0,5426770000
202200034344;17;7;2022;20:00;1;01;01053;2;1;1;2;DE GAULLE ( BD GAL) PAIR;46,1995200000;5,2403900000
202200034345;9;12;2022;16:40;1;94;94021;1;1;1;2;AUTOROUTE A6A;48,7602123240;2,3386485204
202200034346;17;7;2022;18:55;1;75;75120;2;4;1;3;RUE BELGRAND;48,8646090000;2,4059840000
202200034347;9;12;2022;13:15;1;91;91689;1;1;1;2;AUTOROUTE A6;48,7256700000;2,3132300000
202200034348;17;7;2022;08:35;1;75;75119;2;3;1;3;RUE DE CRIMEE;48,8888360000;2,3788760000
202200034349;8;12;2022;17:40;3;92;92050;1;1;1;3;A86;48,9144637029;2,2196128364
202200034350;17;7;2022;12:31;1;75;75118;2;5;1;6;RUE ORDENER;48,8924080000;2,3449890000
202200034351;8;12;2022;12:00;1;92;92050;1;1;1;4;A86;48,9021124949;2,2035747170
202200034352;16;7;2022;22:40;5;75;75108;2;2;1;3;AVENUE DU PRESIDENT WILSON;48,8650120000;2,3002980000
202200034353;16;7;2022;21:30;1;75;75107;2;1;1;6;QUAI ANATOLE FRANCE;48,8617410000;2,3220130000
202200034354;9;12;2022;16:50;5;93;93008;1;1;1;3;AUTOROUTE A86;48,9127345676;2,4368072152
202200034355;17;7;2022;19:45;1;75;75104;2;3;1;6;RUE DE RIVOLI;48,8574970000;2,3514430000
202200034356;9;12;2022;08:15;1;93;93013;1;1;1;5;AUTOROUTE A1;48,9412974054;2,4273910890
202200034357;17;7;2022;11:05;1;75;75102;2;2;1;3;RUE DE RICHELIEU;48,8688870000;2,3385550000
202200034358;8;12;2022;14:50;1;93;93005;1;1;1;4;AUTOROUTE A3;48,9307400000;2,4810600000
202200034359;17;7;2022;21:30;1;94;94021;2;1;1;3;PETIT LEROY (R DU);48,7695200000;2,3583200000
202200034360;9;12;2022;17:50;5;94;94018;1;1;1;2;A4;48,8189068730;2,4080615714
202200034361;9;12;2022;02:35;3;94;94018;1;1;1;2;A4;48,8262853871;2,3912874623
202200034362;17;7;2022;12:35;1;94;94054;2;1;1;2;Rue du Bas Marin;48,7502763494;2,3889797821
202200034363;7;12;2022;11:25;1;82;82033;1;1;1;6;CLOUTIERS VC 18 ET 5 ET 5 B (ROUTE DES);44,0535000000;1,1585200000
202200034364;17;7;2022;22:45;5;93;93070;2;3;1;1;Avenue Gabriel Péri / Avenue du Capitaine Glarner;48,9022600000;2,3305700000
202200034365;5;12;2022;08:45;1;76;76351;2;2;1;6;INGOUVILLE (RUE);49,4974800000;0,1093800000
202200034366;17;7;2022;18:00;1;93;93048;2;1;1;6;Rue de Rosny;48,8660939457;2,4548931420
202200034367;5;12;2022;10:09;1;63;63113;2;1;1;6;SCHUMAN (BD ROBERT);45,7636400000;3,1275300000
202200034368;17;7;2022;02:35;5;92;92024;2;1;1;2;MARTRE (RUE) DE (59 A 109)   (58 A 120);48,9027900000;2,3064500000
202200034369;5;12;2022;15:55;1;29;29019;2;6;1;6;Collet;48,3916400000; -4,4804900000
202200034370;17;7;2022;21:27;2;92;92002;2;1;1;7;FRANCOIS SOMMER (AVENUE);48,7316500000;2,3048200000
202200034371;2;7;2022;18:50;1;33;33218;1;3;1;3;Le Chêne du lac (Camping);45,0788580000; -0,2057040000
202200034372;15;7;2022;20:20;1;17;17442;1;1;1;7;D114;45,6304550000; -0,7794500000
202200034373;16;7;2022;14:00;1;57;57265;1;3;1;3;D22;48,8260029549;6,7270916879
202200034374;6;12;2022;16:17;1;27;27229;2;1;8;6;VERDUN (RUE DE);49,0239000000;1,1442800000
202200034375;18;7;2022;03:35;3;28;28073;1;1;1;7;Autoroute A11 pk 047+700;48,4796350000;1,6358260000
202200034376;7;12;2022;20:00;3;974;97416;2;1;1;3;RN2 (2); -21,3476000000;55,5004800000
202200034377;18;7;2022;09:05;1;28;28104;1;9;1;3;A11 PK 50+500;48,4720250000;1,5985110000
202200034378;7;12;2022;12:30;1;974;97416;2;1;1;1;GENERAL DE GAULLE (RN2); -21,3600000000;55,5252700000
202200034379;17;7;2022;12:32;1;63;63248;1;1;1;6;RD 2089;45,7259543859;2,8954859376
202200034380;7;12;2022;13:25;1;974;97411;2;1;1;6;CHATEL (JEAN); -20,8850600000;55,4521900000
202200034381;15;7;2022;17:25;1;28;28006;1;1;1;3;d923;48,4364690000;1,4200580000
202200034382;7;12;2022;08:00;1;974;97411;2;1;1;1;BOIS DE NEFLES (ROUTE DE); -20,9032500000;55,4781200000
202200034383;18;7;2022;01:26;5;974;97414;2;1;1;6;route de cilaos; -21,2810870000;55,4322800000
202200034384;17;7;2022;19:45;1;44;44129;1;1;7;7;N165;47,4436200000; -2,0817200000
202200034385;7;12;2022;06:15;1;973;97302;2;1;1;7;MADELEINE (ROUTE DE LA);4,9095800000; -52,3216300000
202200034386;7;12;2022;00:35;5;973;97302;1;1;8;7;ROUTE NATIONALE 1;4,9221500000; -52,3297500000
202200034387;18;7;2022;12:55;1;56;56078;1;3;1;3;D306;47,8059130000; -3,4582630000
202200034388;7;12;2022;19:30;5;69;69387;2;2;8;6;Rue Garibaldi;45,7436300000;4,8472500000
202200034389;17;7;2022;22:00;5;67;67056;1;2;1;3;1 route du Rhin;48,1931920000;7,5664100000
202200034390;7;12;2022;19:20;5;972;97213;1;1;1;4;AUTOROUTE A1;14,6184500000; -61,0210100000
202200034391;17;7;2022;11:45;1;76;76125;1;1;1;1;D151;49,6362700000;1,1730400000
202200034392;7;12;2022;13:05;1;69;69382;2;1;1;6;Quai Docteur Gailleton;45,7562300000;4,8357800000
202200034393;17;7;2022;23:30;3;80;80020;1;1;1;6;D929;49,9241270000;2,3801330000
202200034394;7;12;2022;11:40;1;69;69081;2;2;8;3;Avenue Franklin Roosevelt;45,7649439185;4,7723114491
202200034395;7;12;2022;11:10;1;2A;2A004;2;6;1;3;Route du 9 septembre 1943;41,9295900000;8,7615200000
202200034396;18;7;2022;04:30;5;89;89119;2;2;1;3;N151;47,5274090000;3,5414920000
202200034397;7;12;2022;10:00;1;95;95014;2;2;1;3;Route de la Croix Blanche;49,0117765817;2,3049482703
202200034398;16;7;2022;16:10;1;61;61414;1;1;1;2;D931;48,4960760000;0,5185940000
202200034399;7;12;2022;15:30;1;89;89387;1;1;8;1;;48,1724000000;3,2807800000
202200034400;8;7;2022;14:45;1;49;49339;1;1;1;1;Route d' Angers;47,5867730000; -0,5534360000
202200034401;6;12;2022;14:39;1;87;87085;2;2;1;3;RUBEN (AVENUE ERNEST);45,8235400000;1,2512400000
202200034402;17;7;2022;18:15;1;42;42015;1;1;1;3;Route de Charlieu;46,1650010000;4,3349860000
202200034403;7;12;2022;07:50;2;83;83144;1;2;1;3;NATIONALE 97 (ROUTE);43,1422100000;6,0059500000
202200034404;17;7;2022;22:30;5;34;34119;2;1;1;6;Avenue des 13 Vents;43,5936731037;3,1141720712
202200034405;17;7;2022;06:05;2;39;39478;2;1;1;6;Avenue de la Libération;46,3819910000;5,8564750000
202200034406;17;7;2022;00:25;3;25;25342;1;1;1;6;CD 132 - PK 23+800;47,1607060000;6,4193200000
202200034407;6;12;2022;10:45;1;73;73065;2;1;1;3;TURIN (AVENUE);45,5690500000;5,9309700000
202200034408;14;7;2022;08:20;1;29;29218;1;1;1;5;Clos de Kervillou;48,0457262163; -4,4940626620
202200034409;5;12;2022;12:35;1;71;71270;2;3;1;3;HERITAN (RUE DE L');46,3110300000;4,8269700000
202200034410;15;7;2022;16:00;1;15;15192;1;1;1;7;D67;45,0769070000;2,7261220000
202200034411;7;12;2022;10:25;1;69;69266;2;1;2;6;Quai Charles de Gaulle;45,7853900000;4,8632900000
202200034412;6;12;2022;17:07;5;67;67482;2;1;1;6;BOECKLIN (RUE);48,6004800000;7,7803500000
202200034413;14;7;2022;18:55;1;70;70206;2;3;7;1;14 Rue de Luze;47,6035700000;6,7690960000
202200034414;6;12;2022;06:40;5;67;67482;2;2;1;3;BAN DE LA ROCHE (RUE DU);48,5770900000;7,7281100000
202200034415;18;7;2022;14:25;1;26;26124;1;1;1;5;Route Nationale 7;44,8639910000;4,8581030000
202200034416;7;12;2022;18:00;5;65;65417;2;6;1;3;Rue Edouard Dallas;43,2239200000;0,0940100000
202200034417;7;12;2022;09:30;1;64;64102;2;1;8;7;CESTAC (CHEMIN DE L'ABBE DE);43,4866400000; -1,4842400000
202200034418;17;7;2022;20:40;1;66;66146;1;1;1;1;;42,5586111000;1,7671470000
202200034419;16;7;2022;04:05;3;06;06074;1;1;1;7;M373;43,9595440000;7,2798660000
202200034420;6;12;2022;08:52;1;63;63113;2;2;1;1;MOULIN (BD JEAN);45,7769300000;3,1178300000
202200034421;17;7;2022;16:30;1;05;05017;1;1;1;1;N94;44,5735030000;6,1724280000
202200034422;4;12;2022;12:32;1;63;63113;2;2;2;3;cours Sablon;45,7735900000;3,0900100000
202200034423;18;7;2022;14:45;1;50;50400;1;2;1;3;Les Landes;49,4118390000; -1,4133950000
202200034424;4;12;2022;19:10;3;62;62033;1;1;8;1;D917;50,4567420000;2,8838270000
202200034425;7;12;2022;12:40;1;59;59350;2;1;8;6;POSTES RUE N° RESTE;50,6222000000;3,0536900000
202200034426;18;7;2022;11:31;1;60;60509;2;2;1;3;Rue Georges Decroze;49,3002180000;2,6044940000
202200034427;6;12;2022;13:40;1;59;59143;1;1;1;7;MARLE (RUE DE LA );50,6644374898;2,8737367093
202200034428;17;7;2022;18:30;1;60;60537;1;1;1;6;Rue de Dreslincourt;49,5158680000;2,9219220000
202200034429;3;12;2022;15:45;1;56;56260;1;1;1;2;N165 sens Vannes/Lorient;47,6629070000; -2,7899400000
202200034430;12;7;2022;10:25;1;64;64506;1;9;1;6;RN 134;43,0553580000; -0,5968240000
202200034431;6;12;2022;12:50;1;54;54547;2;3;1;6;JONQUILLES (AVENUE DES);48,6635489978;6,1846321821
202200034432;17;7;2022;20:05;1;43;43020;2;1;1;6;La France;45,3144230000;4,1194390000
202200034433;17;7;2022;11:35;1;36;36171;2;3;7;3;;47,0826490000;2,0461470000
202200034434;7;12;2022;21:10;5;51;51454;2;2;1;3;rue Géruzez;49,2638600000;4,0179700000
202200034435;17;7;2022;13:35;1;07;07120;1;1;1;7;D215;44,7937520000;4,2905370000
202200034436;13;7;2022;11:30;1;53;53147;2;1;1;6;Boulevard Jean Monnet;48,2879400000; -0,6218970000
202200034437;7;12;2022;15:20;1;51;51454;2;3;1;3;boulevard Lundy;49,2598000000;4,0364100000
202200034438;17;7;2022;15:50;1;21;21066;1;1;1;6;D111;47,0990220000;4,5967480000
202200034439;18;7;2022;00:40;5;24;24340;2;1;1;6;68 Rue de la Resistance;44,8497270000;0,4137010000
202200034440;6;12;2022;15:35;1;49;49007;1;1;1;4;ATLANTIQUE  AVENUE DE L';47,4692500000; -0,6010600000
202200034441;17;7;2022;08:48;1;27;27226;2;1;1;6;D6;49,2943890000;1,6087070000
202200034442;7;12;2022;10:15;1;47;47031;1;6;1;3;LACAPELETTE;44,1770856674;0,6280245609
202200034443;17;7;2022;22:45;4;27;27425;1;2;1;3;RD 613;49,1409510000;0,7679590000
202200034444;7;12;2022;18:20;3;44;44109;1;1;1;2;Boulevard de la prairie de Mauves;47,2211900000; -1,5116400000
202200034445;17;7;2022;18:45;1;17;17338;1;1;1;7;Rue de la Folie;46,1621850000; -0,7682170000
202200034446;7;12;2022;08:00;2;43;43157;2;1;9;7;Rue de la Ronzade;45,0405900000;3,8795100000
202200034447;18;7;2022;11:10;1;37;37265;1;1;1;1;D31;47,0736510000;0,9183350000
202200034448;7;12;2022;15:00;1;42;42044;2;2;2;3;Rue de la République;45,3960066019;4,3220225724
202200034449;4;7;2022;05:10;2;08;08085;2;1;1;6;4 Rue du Chateau;49,4781170000;4,8536150000
202200034450;17;7;2022;04:15;3;19;19146;1;1;1;6;Autoroute A89 PK 212.800 vers BORDEAUX;45,3164827077;1,7253058789
202200034451;7;12;2022;05:15;5;42;42095;2;2;1;3;Rue Jean Jaurès;45,3880700000;4,2857100000
202200034452;7;12;2022;12:00;1;37;37261;2;1;1;6;PIERRE (RUE DE LA);47,4047800000;0,6844600000
202200034453;16;7;2022;07:15;1;10;10048;1;1;1;2;A5;48,1558350000;4,6031550000
202200034454;7;12;2022;10:10;1;37;37261;2;1;1;2;BERANGER (BOULEVARD);47,3883800000;0,6767000000
202200034455;16;7;2022;01:00;3;31;31181;1;1;1;2;Autoroute A.64;43,3921420000;1,2861730000
202200034456;6;12;2022;11:45;1;37;37261;2;1;1;6;CURIE (RUE PIERRE ET MARIE);47,4272400000;0,7017300000
202200034457;17;7;2022;11:15;1;69;69244;2;9;1;3;156 Rue Joliot Curie;45,7519003634;4,7704179546
202200034458;6;12;2022;08:15;2;33;33167;2;3;1;3;Quai de la Souys;44,8206600000; -0,5318900000
202200034459;7;12;2022;09:10;1;22;22187;2;1;1;2;RD786;48,5516880042; -2,8010335565
202200034460;17;7;2022;17:10;1;13;13025;1;1;1;6;A8 PEAGE DE LA BARQUE;43,4829280000;5,5413580000
202200034461;6;12;2022;10:25;1;15;15012;2;1;7;6;Avenue du General Milhaud;44,9032100000;2,4564400000
202200034462;18;7;2022;15:15;1;06;06088;1;1;1;5;A8 PK 185+600 SUD;43,6714570000;7,2016350000
202200034463;7;12;2022;21:00;5;13;13208;2;1;1;3;PRADO (AVENUE DU);43,2773600000;5,3891500000
202200034464;17;7;2022;17:00;1;51;51515;1;1;1;7;A4;49,0354200000;4,6089790000
202200034465;6;12;2022;18:35;5;10;10333;2;1;1;6;CHARLES BALTET (CD);48,2812300000;4,0617200000
202200034466;18;7;2022;07:20;1;91;91085;1;1;1;2;Avenue de Paris;48,5396390000;2,2101400000
202200034467;6;12;2022;17:14;5;10;10297;2;2;1;1;JULES GUESDE (BDL);48,3180900000;4,1040900000
202200034468;17;7;2022;11:05;1;973;97304;1;1;1;1;Route Nationale 1-PK 79+050;5,1384760000; -52,8267290000
202200034469;12;7;2022;16:50;1;971;97118;1;1;1;3;Arnouville;16,2294160000; -61,5919730000
202200034470;6;12;2022;15:32;1;10;10357;2;3;1;3;GENERAL DE GAULLE (RUE DU);48,2971000000;4,1265800000
202200034471;15;7;2022;22:50;5;77;77430;2;1;1;7;D9E1;49,0728890000;2,7935050000
202200034472;8;12;2022;07:53;2;75;75116;2;1;1;2;ECHANGEUR AUTEUIL;48,8440890000;2,2546860000
202200034473;17;7;2022;18:30;1;95;95303;2;1;1;7;Grande Rue;49,1658720000;1,9982030000
202200034474;16;7;2022;08:20;1;66;66093;1;1;1;6;;42,5460620000;2,9361180000
202200034475;18;7;2022;11:10;1;83;83104;1;1;1;1;D3;43,5928559379;5,7490682602
202200034476;18;7;2022;08:30;1;26;26156;1;1;1;2;A7 - PK 052.100;45,0812685117;4,8746895790
202200034477;15;7;2022;18:15;1;26;26252;1;1;1;4;A7, N/S, PK 78+370;44,8776470000;4,8650550000
202200034478;18;7;2022;10:45;1;25;25428;2;3;1;2;Grande Rue;47,5361160000;6,8460970000
202200034479;17;7;2022;13:00;1;89;89438;1;9;1;2;Autoroute A6 -Aire de repos de VENOY - CHABLIS;47,7888490000;3,6708100000
202200034480;17;7;2022;14:20;1;68;68106;1;1;1;1;D431;47,8669330000;7,1216300000
202200034481;17;7;2022;13:15;1;68;68358;1;1;1;7;D43;48,0101880000;7,1806170000
202200034482;17;7;2022;11:50;1;38;38496;2;1;1;7;Chemin des Carrières;45,3662560000;4,9203090000
202200034483;7;6;2022;11:20;5;26;26315;1;1;9;7;Tunnel des grands goulets;45,0039550000;5,4237270000
202200034484;17;7;2022;13:30;1;07;07042;1;1;1;6;;44,3778910000;4,6343960000
202200034485;17;7;2022;20:00;2;69;69192;1;1;1;6;Route du Col;46,0300590000;4,5232130000
202200034486;17;7;2022;18:30;1;69;69208;1;3;1;1;Route de Chessy;45,8686610000;4,6046020000
202200034487;13;7;2022;10:55;1;09;09282;2;6;1;3;Route d Espagne;43,2327950000;1,5819240000
202200034488;18;7;2022;15:05;1;50;50444;1;1;1;1;Route de la Croix;49,0250270000; -0,9050790000
202200034489;17;7;2022;18:50;1;22;22170;1;3;1;3;La Belle Fontaine;48,4261930000; -2,8937550000
202200034490;14;7;2022;09:50;1;62;62128;2;2;1;1;rue du Maréchal FOCH;50,3091870000;2,9496250000
202200034491;18;7;2022;15:15;1;59;59044;1;2;7;3;Route de Cysoing;50,6185102067;3,2334700227
202200034492;15;7;2022;15:50;1;59;59452;2;1;1;7;40 Rue Jean Jaurès;50,4535130000;3,0316450000
202200034493;16;7;2022;05:45;2;13;13015;1;4;1;2;A515CM-sortie Gardanne/Bouc Bel Air;43,4295200000;5,3923200000
202200034494;17;7;2022;15:30;1;69;69277;1;1;1;6;Rocade Est;45,7357000000;4,9818200000
202200034495;16;7;2022;21:50;3;38;38544;1;1;1;1;RD1407   0.000 A 2.331;45,5406500000;4,8567300000
202200034496;15;7;2022;19:20;1;67;67152;1;1;1;4;M35;48,5223600000;7,6389500000
202200034497;17;7;2022;17:40;1;92;92002;1;9;1;6;N385;48,7604096936;2,2918195149
202200034498;17;7;2022;09:15;1;77;77495;1;1;1;6;AUTOROUTE A5;48,5878200000;2,6357500000
202200034499;16;7;2022;21:30;2;91;91312;1;1;1;7;RD 444;48,7445500000;2,2222700000
202200034500;16;7;2022;12:35;1;94;94038;1;1;1;4;AUTOROUTE A6B;48,7881406480;2,3444425967
202200034501;17;7;2022;12:30;1;93;93066;1;1;1;4;AUTOROUTE A1;48,9110716414;2,3579036645
202200034502;17;7;2022;06:40;1;93;93053;1;1;1;2;AUTOROUTE A3;48,8870977491;2,4736544749
202200034503;15;7;2022;12:40;1;38;38185;2;1;1;6;Rue Général Mangin;45,2010243372;5,7055272734
202200034504;16;7;2022;04:25;5;75;75111;2;2;1;3;BOULEVARD RICHARD LENOIR;48,8580300000;2,3716320000
202200034505;15;7;2022;16:05;1;76;76540;2;3;1;6;Rue des Carmes;49,4414100000;1,0943800000
202200034506;15;7;2022;20:10;1;29;29051;1;3;1;1;Route d'Elliant;47,9932100000; -4,0351900000
202200034507;20;1;2022;18:05;2;29;29039;2;3;1;3;Rue de Kerrichard;47,8693590000; -3,8829130000
202200034508;12;7;2022;11:43;1;51;51230;2;1;1;3;Rue des Huguenots;49,0377647887;3,9562133700
202200034509;20;1;2022;18:30;2;29;29019;2;2;1;3;Avenue de Tarente;48,4031790000; -4,5064110000
202200034510;7;7;2022;20:15;1;67;67365;1;1;1;3;M35;48,5360400000;7,7106400000
202200034511;16;7;2022;19:30;1;69;69388;2;2;1;2;Rue Marius Berliet;45,7396300000;4,8657900000
202200034512;20;1;2022;17:45;5;27;27229;2;1;1;3;BOUIN (RUE JEAN);49,0214971308;1,1274905204
202200034513;16;7;2022;18:18;1;69;69388;2;1;1;6;Avenue Rockefeller;45,7420000000;4,8822100000
202200034514;16;7;2022;13:35;1;972;97213;1;1;2;5;AUTOROUTE A1;14,6181413000; -61,0347686000
202200034515;16;7;2022;10:50;1;83;83103;2;1;1;6;ORVES (BOULEVARD D');43,1768400000;5,9256300000
202200034516;5;1;2022;12:55;1;19;19031;2;2;1;3;TREILHARD (AVENUE);45,1552153934;1,5299921036
202200034517;16;7;2022;09:35;1;83;83137;2;1;1;6;RAMEAU (RUE JP);43,1185580000;5,9411760000
202200034518;18;1;2022;11:00;1;19;19031;2;6;1;3;DUBAYLE (RUE ANTOINE);45,1481678700;1,4897418022
202200034519;16;7;2022;00:05;5;78;78440;2;1;1;1;MARECHAL FOCH (AVENUE DU);48,9881370000;1,8970700000
202200034520;20;1;2022;18:00;2;16;16089;2;1;1;6;CHAMPLAIN (RUE SAMUEL DE);45,6841374281; -0,3036072850
202200034521;16;7;2022;20:10;1;78;78624;2;1;1;3;CHAPELLE RUE CD2;49,0001410000;2,0099550000
202200034522;15;7;2022;20:47;1;77;77373;2;3;1;3;AV DES MARGUERITES;48,7935700000;2,6083400000
202200034523;20;1;2022;19:00;5;13;13215;2;1;1;2;DE SAINT LOUIS AU ROVE (chemin);43,3529800000;5,3533100000
202200034524;19;1;2022;16:00;1;13;13002;2;1;1;2;GÉNÉRAL DE GAULLE (AVENUE DU);43,3382937378;5,4838452170
202200034525;16;7;2022;09:20;1;69;69259;2;9;1;3;Boulevard de Jodino;45,6969600000;4,8877700000
202200034526;16;7;2022;02:25;5;64;64125;2;1;1;6;Avenue Atherbéa;43,4369100000; -1,5924400000
202200034527;19;1;2022;16:25;1;13;13204;2;3;1;6;SAKAKINI (BOULEVARD);43,2986900000;5,4012300000
202200034528;16;7;2022;21:00;1;64;64024;2;1;1;3;BOIS BELIN (RUE DU);43,4935900000; -1,5016000000
202200034529;16;7;2022;20:50;1;64;64024;2;3;1;3;Place des Docteurs Gentilhe;43,4986800000; -1,5430600000
202200034530;19;1;2022;14:05;1;10;10387;2;3;8;3;CHAIM SOUTINE (RUE);48,3054000000;4,0525000000
202200034531;16;7;2022;15:34;1;64;64024;2;1;1;7;CINQ CANTONS (RUE DES);43,4894300000; -1,5228600000
202200034532;20;1;2022;16:26;1;06;06088;2;2;1;6;CALIFORNIE (AV.) (A PARTIR DU N° 201-212;43,6779660000;7,2287270000
202200034533;1;3;2022;09:18;1;75;75111;2;5;1;6;AVENUE DE LA REPUBLIQUE;48,8659698669;2,3708555102
202200034534;15;7;2022;23:35;3;62;62503;1;1;1;6;AUTOROUTE A16;50,8553900000;1,7297700000
202200034535;20;1;2022;12:30;1;06;06069;2;1;1;6;CANNES (ROUTE DE)  -RD 6085-;43,6441350000;6,9451770000
202200034536;1;3;2022;00:40;5;75;75111;2;2;1;3;BOULEVARD RICHARD LENOIR;48,8577740625;2,3709064722
202200034537;16;7;2022;21:15;2;59;59421;2;2;1;3;CONGO (RUE DU);50,7019600000;3,1522900000
202200034538;16;7;2022;20:30;1;51;51454;2;1;1;7;place Mozart;49,2388000000;4,0213900000
202200034539;1;3;2022;11:33;1;75;75109;2;7;8;3;BOULEVARD HAUSSMANN;48,8731787595;2,3314914107
202200034540;16;7;2022;10:50;1;50;50218;1;1;1;6;VOIE DE LIASON OUEST (D971);48,8282300000; -1,5435000000
202200034541;20;1;2022;14:45;1;06;06027;2;1;1;3;KENNEDY BOULEVARD J.F.;43,6546420000;7,1514870000
202200034542;1;3;2022;13:20;1;94;94067;2;1;1;3;DAUMESNIL (AV);48,8340700000;2,4138000000
202200034543;16;7;2022;23:23;3;49;49015;2;1;1;2;D775;47,5016500000; -0,6206400000
202200034544;1;3;2022;13:15;1;94;94080;2;2;1;3;Rue Félix Faure;48,8488300000;2,4549600000
202200034545;16;7;2022;10:10;1;37;37233;2;1;1;6;ATELIERS (RUE DES);47,3863900000;0,7156100000
202200034546;19;1;2022;14:40;1;75;75112;2;1;1;5;PORTE DOREE;48,8359910000;2,4120530000
202200034547;1;3;2022;15:40;1;94;94078;2;3;8;3;Avenue Winston Churchill;48,7531400000;2,4521500000
202200034548;1;3;2022;08:25;1;94;94003;2;1;1;3;14 Avenue Laplace;48,8074000000;2,3345900000
202200034549;15;7;2022;16:00;1;34;34108;2;3;1;3;14 Route de Montpellier;43,4550400000;3,7610800000
202200034550;16;7;2022;12:30;1;33;33529;2;6;1;7;RD1250 (BONNEVAL - LA HUME) - Z.A.;44,6467399453; -1,1578398943
202200034551;1;3;2022;20:00;3;94;94028;2;2;1;3;Avenue du Maréchal Foch / Rue des Malfourches;48,7801840000;2,4377300000
202200034552;16;7;2022;20:40;1;31;31555;2;1;1;2;VA007331 A620;43,5700738671;1,4125531912
202200034553;19;1;2022;22:45;5;75;75111;2;7;2;3;PLACE DE LA REPUBLIQUE;48,8665170000;2,3648140000
202200034554;16;7;2022;10:00;1;31;31555;2;1;1;2;CHE DE CROIX BENITE;43,6579600000;1,4355700000
202200034555;1;3;2022;19:55;5;93;93078;2;5;1;3;Boulevard Robert Ballanger / Avenue Emile Dambel;48,9575300000;2,5451700000
202200034556;15;7;2022;20:05;1;27;27681;2;9;1;6;ANDRE (RUE GEORGES);49,0759474074;1,4893716574
202200034557;1;3;2022;15:04;1;93;93066;2;1;8;6;Avenue du Colonel Fabien;48,9446000000;2,3541000000
202200034558;16;7;2022;07:00;1;27;27375;2;1;1;6;BAL CHAMPETRE (RUE DU);49,2150500000;1,1629600000
202200034559;28;2;2022;11:25;1;93;93066;2;1;1;6;VAILLANT EDOUARD;48,9379021445;2,3609656887
202200034560;17;7;2022;02:05;3;26;26198;2;1;1;1;CONTREBANDIERS (Chemin des);44,5394410000;4,7614860000
202200034561;20;1;2022;07:45;2;75;75120;2;2;1;3;AVENUE GAMBETTA;48,8649620000;2,3955460000
202200034562;7;7;2022;16:45;1;16;16089;1;1;1;7;;45,6663300000; -0,3027100000
202200034563;27;2;2022;17:20;1;93;93066;2;2;1;3;ANDRE CAMPRA (RUE);48,9192400000;2,3544700000
202200034564;16;7;2022;12:50;1;13;13203;2;1;1;1;LOUBON (RUE);43,3115600000;5,3785600000
202200034565;20;1;2022;08:10;2;75;75119;2;5;8;5;BOULEVARD D ALGERIE;48,8787980000;2,4015410000
202200034566;1;3;2022;18:20;1;93;93010;2;1;1;6;Rue Jules Guesde;48,9035600000;2,4775900000
202200034567;16;7;2022;23:00;3;13;13047;2;1;1;1;RADOLFZELL AVENUE DE;43,4988800000;4,9785300000
202200034568;1;3;2022;10:20;1;92;92046;2;1;8;6;DANTON (RUE);48,8214300000;2,2983400000
202200034569;20;1;2022;08:40;1;75;75116;2;3;2;3;BOULEVARD SUCHET;48,8552350000;2,2632620000
202200034570;16;7;2022;21:15;1;13;13063;2;1;1;3;OLYMPIE BOULEVARD D';43,5917200000;5,0032700000
202200034571;1;3;2022;09:40;1;92;92051;2;1;1;2;CHARLES DE GAULLE (AVENUE, N° 18 A 116);48,8803874365;2,2744134664
202200034572;20;1;2022;07:55;2;75;75117;2;3;1;3;BOULEVARD DE COURCELLES;48,8789930000;2,3024130000
202200034573;16;7;2022;19:25;1;11;11069;2;1;1;2;6 Boulevard Omer Sarraut;43,2165200000;2,3531200000
202200034574;1;3;2022;07:45;1;92;92044;2;4;1;6;VIC. HUGO(RUE)001A067 ET002A078;48,8992766629;2,2934638560
202200034575;16;7;2022;12:40;1;11;11069;2;1;1;6;QUATRE SEPTEMBRE;43,2149200000;2,3534000000
202200034576;19;1;2022;11:35;1;75;75114;2;1;1;6;BOULEVARD JOURDAN;48,8214750000;2,3339230000