Num_Acc;jour;mois;an;hrmn;lum;dep;com;agg;int;atm;col;adr;lat;long
202200034827;17;1;2022;15:00;1;94;94028;2;1;1;6;Rue Gustave Eiffel;48,7945944350;2,4496550559
202200034828;24;8;2022;17:25;2;974;97416;1;9;1;4;RN3 (3); -21,3171000000;55,4903000000
202200034829;19;1;2022;13:50;1;93;93073;1;9;8;2;Chemin du Loup;48,9636950669;2,5588034450
202200034830;26;2;2022;17:25;1;76;76351;2;2;1;6;TOURNEVILLE (DE);49,5003800000;0,1226100000
202200034831;18;6;2022;04:45;3;83;83117;1;1;1;6;D56;43,5640210000;6,7092990000
202200034832;22;8;2022;10:45;1;974;97411;2;6;1;2;JAURES (BOULEVARD JEAN); -20,9003500000;55,4837800000
202200034833;19;1;2022;09:20;1;93;93064;2;1;1;6;LECLERC (RUE DU GENERAL);48,8681875250;2,4921160844
202200034834;28;2;2022;16:35;1;71;71306;2;1;1;1;MAURICE NIVON (RUE);46,6762400000;4,3734700000
202200034835;18;6;2022;01:20;3;83;83138;1;1;1;6;D562;43,6000350000;6,6991280000
202200034836;18;1;2022;10:20;1;93;93061;2;2;1;6;JAURES AVENUE JEAN;48,8862800000;2,4071000000
202200034837;25;8;2022;16:45;1;973;97302;2;1;1;3;BADUEL (ROUTE DE);4,9308200000; -52,3055500000
202200034838;18;6;2022;12:00;1;06;06158;1;1;1;6;D6202;43,9414560000;7,0575770000
202200034839;28;2;2022;18:25;5;69;69266;2;1;1;6;Avenue Roger Salengro;45,7765984628;4,8747207775
202200034840;25;8;2022;19:00;2;69;69383;2;2;1;7;Rue Pierre Corneille;45,7601500000;4,8445200000
202200034841;18;6;2022;08:09;1;06;06011;2;1;1;7;Boulevard Edouard VII;43,7101490000;7,3306380000
202200034842;19;1;2022;07:50;2;93;93031;2;3;1;3;Rue de Paris / Rue Dumas;48,9543000000;2,3097100000
202200034843;28;2;2022;08:20;1;69;69282;2;1;1;7;Chemin de Pommier;45,7760300000;4,9959600000
202200034844;25;8;2022;17:00;1;69;69383;2;1;1;2;Rue Paul Bert;45,7569900000;4,8522600000
202200034845;30;5;2022;09:15;1;67;67263;2;1;1;7;17 Rue de la Gare;48,9850480000;7,7603200000
202200034846;23;2;2022;16:50;1;68;68066;1;9;1;3;SEMM (RUE DE LA);48,0680048661;7,3846433760
202200034847;25;8;2022;09:15;1;69;69081;2;1;1;2;Avenue de Verdun;45,7730000000;4,7912000000
202200034848;19;1;2022;13:30;1;93;93047;2;1;1;6;DANIEL PERDRIGE  (AVENUE);48,8977800000;2,5593300000
202200034849;18;6;2022;05:20;2;74;74145;2;1;1;1;route des grolines;46,2217530000;6,2944200000
202200034850;25;8;2022;16:50;1;971;97101;1;1;2;2;AMEDEE ABARRE - SALLE D'ASILE (RUE);16,2597200000; -61,5083100000
202200034851;27;2;2022;14:30;1;67;67267;2;3;1;3;OSTWALD (RUE D );48,5509991162;7,6874712110
202200034852;17;6;2022;23:15;4;42;42132;2;1;1;6;D1086;45,3898270000;4,7453160000
202200034853;25;8;2022;10:00;1;971;97113;1;3;1;3;PETIT HAVRE (SECTEUR);16,2177300000; -61,4305600000
202200034854;25;2;2022;17:55;2;67;67482;2;3;1;3;LA FONTAINE (BOULEVARD);48,5899900000;7,7090700000
202200034855;19;1;2022;17:55;5;93;93005;2;1;2;6;SEVRAN (CD44) (RUE DE);48,9407708735;2,5005256405
202200034856;25;8;2022;12:30;1;971;97101;1;9;1;3;AMEDEE ABARRE - SALLE D'ASILE (RUE);16,2614900000; -61,4991900000
202200034857;18;6;2022;16:50;1;38;38472;1;1;1;1;Col de Porte (Selle);45,2913050000;5,7670230000
202200034858;25;2;2022;07:30;1;67;67482;2;3;1;3;WANTZENAU (RTE DE LA);48,6035400000;7,7764800000
202200034859;23;8;2022;05:34;2;971;97120;2;1;1;6;HANNE (BOULEVARD);16,2407400000; -61,5339200000
202200034860;16;6;2022;17:35;1;01;01032;1;2;1;3;Route de Chanes;45,8530760000;5,1434250000
202200034861;24;8;2022;08:49;1;87;87085;2;1;1;3;LOUYAT (AVENUE DE);45,8469100000;1,2586900000
202200034862;25;2;2022;18:17;1;66;66136;2;1;1;2;JULIEN PANCHOT (AVENUE);42,6843000000;2,8651900000
202200034863;19;1;2022;17:05;2;93;93005;2;6;2;6;GENERAL LECLERC (PLACE DU);48,9279066104;2,4907758465
202200034864;17;6;2022;19:00;1;01;01101;1;1;1;6;D 31;46,1037980000;5,5708190000
202200034865;19;8;2022;18:30;1;84;84007;2;1;1;3;PIERRE SEMARD (avenue);43,9393000000;4,8213000000
202200034866;25;2;2022;15:00;1;66;66136;2;1;1;6;MERCADER (BOULEVARD FELIX);42,6945700000;2,8892200000
202200034867;16;8;2022;19:25;1;84;84007;2;1;1;3;MARTELANGE (Avenue Etienne);43,9348000000;4,7987000000
202200034868;26;2;2022;16:40;1;65;65440;2;1;1;2;BRIAND (AVENUE ARISTIDE);43,2176480000;0,0565660000
202200034869;17;6;2022;08:00;1;01;01185;1;3;1;5;avenue de bourg en bresse;45,9844870000;5,5904370000
202200034870;24;8;2022;18:30;1;84;84007;2;1;1;3;TARASCON ( Avenue de);43,9256780000;4,8094100000
202200034871;19;1;2022;21:46;5;93;93001;2;1;2;3;JEAN JAURES  (AVE)  157 A 213;48,9087602979;2,3975009546
202200034872;24;8;2022;21:25;5;81;81060;2;9;1;3;THOMAS (AVENUE ALBERT);44,0506700000;2,1580800000
202200034873;19;1;2022;14:04;1;92;92046;2;1;1;6;CAMELINAT;48,8149177056;2,2965964079
202200034874;27;2;2022;05:20;5;65;65440;2;2;1;3;ALSACE LORRAINE (AVENUE);43,2445000000;0,0733500000
202200034875;17;6;2022;19:15;1;69;69074;1;1;1;7;Route de Saint-Julien;46,0156400000;4,6556980000
202200034876;19;1;2022;08:25;1;92;92075;2;1;1;3;JEAN BLEUZEN;48,8216841131;2,2933038622
202200034877;24;8;2022;09:25;1;80;80021;2;1;1;3;JULES FERRY (CHAUSSEE);49,8778200000;2,3400300000
202200034878;19;1;2022;09:40;1;92;92072;2;1;1;7;PONT DE SEVRES;48,8282080534;2,2262358963
202200034879;17;6;2022;16:25;1;85;85300;1;1;1;1;RD42;46,6820570000; -1,5903510000
202200034880;24;8;2022;21:00;1;78;78362;2;1;1;6;RUE DES ORGEMONTS;48,9726790000;1,7087940000
202200034881;19;1;2022;10:27;1;92;92064;2;1;1;6;GOUNOD;48,8428350000;2,2120030000
202200034882;28;2;2022;16:30;1;64;64189;2;1;1;2;PONT CHARLES DE GAULLE ;43,3849592911; -1,6639217734
202200034883;25;8;2022;15:45;1;71;71475;2;1;1;3;LYON (ROUTE DE );46,7633000000;4,8425000000
202200034884;19;1;2022;19:20;5;92;92062;2;1;3;2;REPUBLIQUE (RUE DE LA) DU 102 AU 200;48,8839493046;2,2325762361
202200034885;17;6;2022;13:20;1;61;61341;1;1;7;1;D438;48,4971850000;0,1217720000
202200034886;19;1;2022;17:20;1;92;92050;2;2;2;1;PORT RUE DU;48,8927453152;2,1802926064
202200034887;28;2;2022;08:35;1;64;64269;2;1;1;7;Avenue du Pic du Midi;43,2939825133; -0,3091245890
202200034888;18;6;2022;16:30;1;60;60619;2;1;7;7;43 Grande Rue;49,1063660357;2,7863551676
202200034889;19;1;2022;12:35;1;92;92044;2;1;1;3;P.V.COUTURIER(RUE)65A79 ET50A58;48,8974804587;2,2910234481
202200034890;28;2;2022;07:45;1;64;64041;2;1;1;6;MATACHOT;43,2795700000; -0,3262000000
202200034891;2;6;2022;14:30;1;60;60685;2;1;1;6;24 Rue du Beau Pignon;49,3672770000;2,2146950000
202200034892;25;8;2022;15:35;1;69;69290;2;2;1;1;Route de Lyon;45,7075800000;4,9078000000
202200034893;19;1;2022;21:00;5;92;92040;2;1;2;3;VICTOR CRESSON (AVENUE) DU 29 AU 77;48,8224190000;2,2669160000
202200034894;28;2;2022;11:25;1;64;64024;2;1;1;3;ADOUR (AVENUE DE L');43,5242300000; -1,5047200000
202200034895;18;6;2022;07:40;1;62;62318;2;1;1;6;Rue du Bac;50,5141980000;1,6377270000
202200034896;24;8;2022;10:30;1;67;67204;2;3;1;6;WANTZENAU (ROUTE DE LA);48,6323600000;7,7680500000
202200034897;19;1;2022;22:20;5;92;92026;2;2;2;6;BOULEVARD CIRCULAIRE;48,8924859516;2,2455392182
202200034898;27;2;2022;10:42;1;63;63113;2;1;2;6;QUINET (BD EDGAR);45,8056600000;3,1260600000
202200034899;19;1;2022;09:19;1;92;92025;2;1;1;6;ESTIENNE D'ORVES (RUE);48,9150200000;2,2420650000
202200034900;25;8;2022;17:30;1;64;64335;2;1;1;2;Boulevard de l'Europe;43,3325900000; -0,4521900000
202200034901;19;1;2022;11:20;1;92;92023;2;1;1;6;LAZARE CARNOT (RUE);48,8091130055;2,2726599723
202200034902;25;2;2022;13:50;1;63;63113;2;1;1;3;Allée du Pont de la Sarre;45,7647900000;3,1274600000
202200034903;25;8;2022;14:50;1;64;64445;2;1;1;6;chemin Barincou;43,3213800000; -0,3650500000
202200034904;16;6;2022;17:23;1;33;33162;1;1;1;4;ROCADE A 630;44,8710600000; -0,6425220000
202200034905;17;1;2022;18:25;3;74;74263;2;1;1;6;Avenue de Bonnatrait;46,3338770000;6,3899020000
202200034906;26;2;2022;08:07;1;63;63113;2;1;1;6;ROUVIER (RUE);45,8074100000;3,1191900000
202200034907;16;6;2022;06:00;1;59;59288;1;1;1;2;AUTOROUTE A2;50,3194815546;3,4211039543
202200034908;19;1;2022;17:40;2;56;56055;2;1;2;1;Cours des Quais;47,6585440000; -3,2060020000
202200034909;26;2;2022;03:58;5;63;63113;2;1;1;6;THEURIET (RUE ANDRE);45,7629673975;3,0812466145
202200034910;22;8;2022;21:25;5;63;63113;2;2;1;3;boulevard Gustave Flaubert;45,7641500000;3,1259200000
202200034911;17;6;2022;17:15;1;94;94038;1;1;1;2;AUTOROUTE A6B;48,7889285400;2,3451101160
202200034912;13;1;2022;17:30;1;56;56053;1;3;1;2;lieu dit Penhuët;47,7058196600; -2,5530552800
202200034913;28;2;2022;08:40;1;59;59512;2;1;1;4;NATIONS UNIES (AVENUE DES);50,6938200000;3,1735500000
202200034914;23;8;2022;12:45;1;63;63113;2;2;1;3;FLAUBERT (BD GUSTAVE);45,7642272755;3,1255728006
202200034915;17;6;2022;14:50;1;91;91161;1;1;1;6;AUTOROUTE A6;48,7140000000;2,3080000000
202200034916;28;2;2022;09:00;1;59;59512;2;1;1;6;LAFARGUE (RUE PAUL);50,6768880050;3,1729753017
202200034917;18;8;2022;00:50;5;62;62032;2;1;1;6;Rue Pablo Néruda;50,4087600000;2,7640500000
202200034918;19;1;2022;18:15;5;56;56206;1;6;8;6;Giratoire de Catric;47,6884270000; -2,7507720000
202200034919;26;2;2022;18:45;5;59;59350;2;-1;1;6;CANONNIERS RUE DES 1:17-26:44;50,6390000000;3,0701400000
202200034920;21;7;2022;08:25;1;62;62032;2;9;1;6;SOUCHEZ (RTE DE);50,4053400000;2,7564400000
202200034921;17;6;2022;12:44;1;94;94065;1;1;1;4;N186;48,7547200943;2,3463439041
202200034922;20;1;2022;11:30;1;2B;2B050;2;1;1;3;avenue christophe colomb;42,5585810000;8,7574020000
202200034923;21;8;2022;03:00;3;62;62244;1;1;1;7;HALAGE (CHEMIN DE);50,9128400000;1,9164500000
202200034924;19;1;2022;19:03;3;82;82072;1;1;2;6;D953;44,1049350000;0,8785640000
202200034925;27;2;2022;00:45;5;59;59507;2;2;1;1;18 JUIN AVENUE DU;50,6013766654;3,0871689320
202200034926;17;6;2022;07:30;1;92;92036;1;1;1;3;AUTOROUTE A15;48,9435714245;2,2874027342
202200034927;25;8;2022;10:00;1;62;62193;2;1;1;6;LOUIS BLERIOT (AVENUE);50,9506430000;1,8692530000
202200034928;9;4;2022;20:30;2;13;13211;2;1;1;6;BARASSE;43,2846600000;5,4842400000
202200034929;18;1;2022;18:00;3;46;46189;1;1;5;6;D60 LES COMBELANDIERS;44,8179480000;1,7860460000
202200034930;26;2;2022;15:53;1;56;56162;1;1;1;3;D162;47,7410100000; -3,4065700000
202200034931;16;6;2022;17:25;1;95;95527;1;1;1;2; A1;48,9950300000;2,5160000000
202200034932;25;8;2022;03:15;5;62;62160;2;3;1;6;D96;50,7154310000;1,6142170000
202200034933;9;4;2022;14:30;1;13;13206;2;1;1;3;BAILLE (BOULEVARD);43,2868000000;5,3869300000
202200034934;16;1;2022;06:00;3;41;41218;1;1;5;6;route départementale 51;47,2760120000;1,8011140000
202200034935;25;8;2022;11:45;1;62;62188;1;1;1;1;D916;50,5440700000;2,4602700000
202200034936;21;2;2022;07:50;2;56;56098;2;8;1;3;2 Rue Marcel Sembat;47,7594720000; -3,3463430000
202200034937;16;6;2022;14:30;1;92;92078;1;1;1;2;AUTOROUTE A86;48,9276402983;2,3329517394
202200034938;9;4;2022;11:00;1;13;13212;2;1;1;1;MONTAIGNE (RUE);43,3039739175;5,4162094560
202200034939;25;8;2022;22:15;5;59;59512;2;1;1;6;VERDUN (AVENUE DE);50,6843230239;3,2014685869
202200034940;19;1;2022;16:15;1;39;39230;1;1;8;6;Domaine de Chalain;46,6656400000;5,8060690000
202200034941;27;2;2022;04:05;5;55;55545;2;1;1;7;FORT DE VAUX ( DU );49,1586990000;5,3967990000
202200034942;19;1;2022;13:50;1;25;25605;1;1;8;6;D27;47,1167920000;6,2680440000
202200034943;9;4;2022;10:30;1;13;13215;2;1;1;3;SAINT LOUIS (AVENUE DE);43,3444417211;5,3594264388
202200034944;16;6;2022;13:50;1;93;93027;1;1;1;7;AUTOROUTE A1;48,9344734983;2,3976524226
202200034945;18;1;2022;17:30;1;29;29220;2;1;1;7;Route de Saint Jean Trolimon;47,8641590000; -4,2344090000
202200034946;25;8;2022;18:00;1;59;59560;1;3;1;2;CD 925;50,5369898950;3,0281281471
202200034947;27;2;2022;04:15;5;54;54395;2;1;1;1;JUIN (AVENUE DU MARE;48,6790884125;6,1730329692
202200034948;20;1;2022;03:40;3;38;38034;1;1;8;7;Route de Lens - Lestang;45,3260220000;5,0553850000
202200034949;16;6;2022;12:05;1;93;93010;1;1;1;3;AUTOROUTE A3;48,9058500000;2,4723700000
202200034950;9;4;2022;09:24;1;06;06088;2;2;1;1;BARLA (RUE);43,7016700000;7,2834900000
202200034951;20;2;2022;11:26;1;52;52448;2;1;1;7;LECLERC (PLACE DU MARECHAL);48,6415800000;4,9491600000
202200034952;25;8;2022;21:40;3;51;51454;2;3;1;3;avenue de Laon;49,2784200000;4,0150500000
202200034953;20;1;2022;13:00;1;38;38547;2;2;1;2;33 Boulevard de la Libération;45,2560270000;5,9057790000
202200034954;17;6;2022;17:50;1;94;94046;1;1;1;2;A86 EXT;48,8118278382;2,4491292177
202200034955;9;4;2022;20:57;5;06;06104;2;1;1;3;PASTEUR (AVENUE, N° 1 A 211);43,7628120000;7,4789890000
202200034956;28;2;2022;08:20;1;51;51454;2;1;7;7;Boulevard des Belges;49,2756400000;4,0309700000
202200034957;24;8;2022;08:15;1;50;50532;1;6;1;3;LANDE (ROUTE);48,8040900000; -1,5485000000
202200034958;9;4;2022;07:30;2;75;75120;2;4;2;7;BD PERIPHERIQUE INTERIEUR;48,8672225880;2,4132290483
202200034959;18;1;2022;17:40;2;02;02131;2;6;1;3;;49,3939060000;3,3740100000
202200034960;17;6;2022;16:40;1;94;94033;1;1;1;3;A86.INT;48,8520234289;2,4897042795
202200034961;26;2;2022;19:15;2;49;49328;2;2;1;3;BEAUREPAIRE (RUE);47,2595200000; -0,0787700000
202200034962;20;1;2022;12:50;1;03;03250;1;1;2;6;Les deux paix;46,1969510000;3,7594270000
202200034963;23;8;2022;16:00;1;50;50129;2;6;1;3;EST (BOULEVARD DE L');49,6364700000; -1,5960000000
202200034964;8;4;2022;01:00;5;75;75115;2;2;1;3;PONT DU GARIGLIANO;48,8387390000;2,2697100000
202200034965;19;1;2022;16:37;2;18;18110;1;2;8;3;Champalay;47,2494310000;2,9146520000
202200034966;26;2;2022;11:00;1;49;49328;2;1;1;6;ROUEN (RUE DE);47,2743100000; -0,0616300000
202200034967;24;8;2022;13:29;1;49;49007;2;1;1;6;PASTEUR;47,4749700000; -0,5357800000
202200034968;17;6;2022;14:20;1;93;93051;1;1;1;4;A4;48,8352252713;2,5747235643
202200034969;20;1;2022;09:00;1;24;24527;1;1;8;1;D68;45,2879310000;0,8959010000
202200034970;20;2;2022;22:15;3;49;49343;1;1;2;6;RD 258;47,0132700000; -0,8518400000
202200034971;24;8;2022;08:00;1;48;48095;1;1;1;3;RD 42;44,5285000000;3,4484500000
202200034972;20;1;2022;15:05;1;13;13113;1;1;7;6;A51;43,5962590000;5,4882610000
202200034973;9;4;2022;18:14;1;75;75120;2;7;1;6;AVENUE GAMBETTA;48,8630396710;2,3880176246
202200034974;20;1;2022;12:00;1;973;97309;2;1;1;2;Route de la Crique Fouillee;4,8907500000; -52,3045030000
202200034975;17;6;2022;06:40;1;77;77121;1;1;1;6;A104;48,8395179423;2,6641993077
202200034976;28;2;2022;17:30;1;47;47001;2;6;1;3;PONT DE PIERRE;44,1951000000;0,6126000000
202200034977;24;8;2022;08:50;1;42;42187;2;4;1;2;Avenue de Lyon;46,0411900000;4,0746500000
202200034978;9;4;2022;10:15;1;75;75118;2;1;8;3;RUE CAULAINCOURT;48,8852340000;2,3304820000
202200034979;11;1;2022;21:54;3;21;21054;1;1;1;2;A6 PK 304.500;47,0190402842;4,8699072003
202200034980;28;2;2022;15:20;1;45;45302;1;1;1;2;D520 PR 2 + 50;47,9317800000;1,8794500000
202200034981;15;1;2022;23:30;3;976;97616;1;1;1;7;CCD5; -12,8526720000;45,1049330000
202200034982;17;4;2022;18:15;1;67;67482;2;1;7;3;SALLUSTE (RUE);48,5830500000;7,6965600000
202200034983;24;8;2022;13:10;1;37;37261;2;1;1;3;ROYER (BD JEAN);47,3805426178;0,6876915693
202200034984;8;4;2022;22:43;5;75;75118;2;4;2;3;RUE MULLER;48,8869230000;2,3476570000
202200034985;28;2;2022;04:15;5;44;44109;2;1;5;6;35 Rue des Martyrs;47,2182600000; -1,5782900000
202200034986;13;1;2022;07:20;3;76;76484;1;1;5;2;A13;49,3363820000;1,0751530000
202200034987;16;6;2022;06:15;2;988;98818;2;1;8;6;VE1; -22,2491200000;166,4513800000
202200034988;25;8;2022;10:25;1;35;35238;2;1;8;3;FOULON (AVENUE PROFESSEUR CHARLES);48,1218336467; -1,6403947771
202200034989;15;1;2022;17:35;1;973;97305;2;1;1;3;Rue Chawari;4,9295950000; -52,4065660000
202200034990;24;2;2022;18:15;1;42;42218;2;1;1;2;Place Jean Jaurès;45,4413400000;4,3873100000
202200034991;9;4;2022;20:45;5;75;75117;2;2;1;3;BOULEVARD BESSIERES;48,8943370000;2,3138060000
202200034992;25;8;2022;07:15;1;33;33318;2;1;1;1;Cours de la Libération;44,7942110202; -0,6050124764
202200034993;15;1;2022;21:50;3;973;97305;1;1;1;3;RN1 PK10;4,9126900000; -52,3719550000
202200034994;16;6;2022;08:50;1;974;97416;1;1;7;4;RN3 (3); -21,3198800000;55,4892000000
202200034995;24;2;2022;17:45;2;42;42187;2;3;1;3;Avenue de Paris;46,0468580035;4,0694259030
202200034996;25;8;2022;19:25;1;31;31555;2;9;1;6;ESPLANADE JEAN CASSOU;43,6162000000;1,4640400000
202200034997;9;4;2022;20:00;2;75;75117;2;3;1;1;RUE DE LA JONQUIERE;48,8935330674;2,3243305832
202200034998;15;6;2022;15:35;1;974;97407;2;1;1;6;RUE RENE MICHEL; -20,9365320000;55,2934970000
202200034999;20;1;2022;08:00;2;2B;2B140;1;1;5;4;Ponte Novo;42,4960870000;9,2972660000
202200035000;25;8;2022;16:20;1;31;31483;2;1;1;7;FRANCOIS MITTERAND ( AVENUE);43,1114900000;0,7415300000
202200035001;9;4;2022;13:20;1;75;75117;2;2;1;6;AVENUE NIEL;48,8829290000;2,2963850000
202200035002;16;6;2022;19:12;5;973;97302;2;1;1;6;PREVOT (ERNEST);4,9348200000; -52,3332400000
202200035003;20;1;2022;13:50;1;84;84063;1;1;6;3;N86;44,2675910000;4,6893600000
202200035004;9;4;2022;12:45;1;75;75113;2;5;8;3;RUE DE L AMIRAL MOUCHEZ;48,8212789813;2,3426641524
202200035005;16;6;2022;13:50;1;973;97302;2;6;2;2;MARINGOUINS (ROND-POINT);4,9077083840; -52,3225861788
202200035006;28;2;2022;08:45;1;37;37233;2;1;1;3;LOIRE (LEVEE DE LA);47,3966000000;0,7230300000
202200035007;24;8;2022;04:20;5;25;25230;2;1;1;6;AUDINCOURT (RUE D');47,5008500000;6,8422300000
202200035008;9;4;2022;10:50;1;75;75112;2;1;1;3;BOULEVARD DIDEROT;48,8479666255;2,3922367394
202200035009;19;1;2022;17:00;3;54;54208;1;1;2;2;Francheville;48,7215750326;5,9259974952
202200035010;28;2;2022;08:10;1;35;35238;2;1;1;6;Avenue de Cucillé;48,1285570000; -1,6991220000
202200035011;16;6;2022;14:45;1;973;97302;2;9;2;3;ROUTE NATIONALE 3;4,9037500000; -52,3165500000
202200035012;25;8;2022;15:50;1;17;17306;2;1;1;2;LAVOISIER (ANTOINE DE);45,6316700000; -0,9876200000
202200035013;20;1;2022;08:30;1;38;38026;1;1;8;5;D65 PK 20;45,8341520000;5,3243350000
202200035014;8;4;2022;22:38;5;75;75109;2;2;9;3;BOULEVARD HAUSSMANN;48,8723662715;2,3374266304
202200035015;27;2;2022;16:55;1;34;34032;1;1;1;1;JEROBOAM RUE DE;43,3506417819;3,1334598075
202200035016;16;6;2022;11:15;1;973;97302;2;3;1;3;BADUEL (ROUTE DE);4,9347411404; -52,3117500544
202200035017;25;8;2022;05:45;5;17;17380;2;6;3;3;RHA (PLACE DU);45,6457200000; -1,0898700000
202200035018;7;1;2022;20:40;5;01;01049;2;3;2;1;Route Nationale;45,8458620000;5,0387820000
202200035019;9;4;2022;20:50;5;75;75117;2;3;1;3;AVENUE DE VILLIERS;48,8844387375;2,3012213409
202200035020;28;2;2022;19:10;1;33;33069;2;2;1;3;Boulevard Pierre 1er;44,8570900000; -0,5911600000
202200035021;16;6;2022;23:15;5;69;69386;2;2;1;3;Place Puvis de Chavannes;45,7718000000;4,8445000000
202200035022;16;1;2022;09:45;1;33;33047;1;1;5;6;Lieu Dit Prenas;45,1123380000; -0,6053750000
202200035023;25;8;2022;19:30;1;17;17300;2;2;1;7;SCHOELCHER   AVENUE VICTOR;46,1537500000; -1,1275100000
202200035024;9;4;2022;14:00;1;75;75101;2;2;1;1;BOULEVARD DE SEBASTOPOL;48,8634360986;2,3508515954
202200035025;19;1;2022;07:50;2;85;85103;1;1;8;6;D109;46,5513700000; -1,6687360000
202200035026;1;5;2022;10:40;1;972;97207;1;1;1;7;DUCHESNES 1;14,6050700000; -60,9602200000
202200035027;28;2;2022;08:40;1;33;33318;2;2;5;3;Avenue du Bourgailh;44,8076800000; -0,6619900000
202200035028;9;4;2022;00:20;5;94;94074;2;1;2;2;23 Rue Michelet;48,7636300000;2,4450000000
202200035029;16;6;2022;18:15;1;69;69149;2;1;1;2;16 Grande Rue;45,7203500000;4,8108400000
202200035030;19;1;2022;12:45;1;22;22168;1;3;8;3;D6;48,7932350000; -3,4708000000
202200035031;28;2;2022;17:10;1;25;25056;2;1;1;3;VIGNY  RUE ALFRED;47,2170000000;5,9640000000
202200035032;8;7;2022;00:28;5;17;17299;2;6;1;3;DIERAS AVENUE DU DOCTEUR;45,9479200000; -0,9762400000
202200035033;16;6;2022;06:50;1;69;69382;1;1;1;1;Place Antonin Poncet;45,7564400000;4,8348700000
202200035034;9;4;2022;10:00;1;93;93005;2;2;8;3;Cours Salvador Allende / Avenue de Savigny;48,9537158906;2,5064287541
202200035035;19;1;2022;19:05;5;22;22389;2;1;1;6;Avenue d Armorique;48,4781400000; -2,6677620000
202200035036;25;2;2022;17:20;1;15;15014;2;1;1;7;GAULLE (AVENUE CHARLES DE);44,9109870000;2,4271300000
202200035037;24;8;2022;03:40;5;14;14366;2;1;5;6;Avenue Jean XXIII;49,1425700000;0,2477450000
202200035038;20;1;2022;14:45;1;27;27684;2;1;1;7;16 rue du jonctier;49,0059650000;1,2209150000
202200035039;16;6;2022;07:35;1;2A;2A004;2;6;1;3;T22;41,9449300000;8,7582700000
202200035040;20;1;2022;07:10;3;60;60450;1;1;1;7;D609;49,2278290000;2,2723450000
202200035041;9;4;2022;05:35;2;92;92051;2;2;2;3;MAURICE BARRES (BOULEVARD);48,8788918834;2,2707777321
202200035042;25;8;2022;08:15;1;13;13071;1;1;1;3;ROUTE NATIONALE 113 - AGAVON;43,4172600000;5,2894900000
202200035043;26;2;2022;13:30;1;14;14366;2;3;1;3;Avenue Jean XXIII;49,1423820000;0,2467870000
202200035044;19;1;2022;13:45;1;13;13214;1;1;1;3;A507 sens Aubagne- Marseille;43,3303600000;5,3935500000
202200035045;16;6;2022;16:05;1;95;95277;2;1;1;3;Rue Berthelot;48,9808319435;2,4547040462
202200035046;25;8;2022;18:00;1;13;13073;1;1;1;3;DES TERMES (ROUTE) RD 908;43,3849128460;5,5596031307
202200035047;28;2;2022;19:23;5;13;13211;2;1;1;1;CARTONNERIE (BOULEVARD DE LA );43,2916617628;5,4606056352
202200035048;10;4;2022;11:30;1;12;12136;1;2;1;3;Maleville - Barbet;44,4051300000;2,0903650000
202200035049;28;2;2022;08:40;1;13;13208;2;9;1;3;PRADO JACQUES CHIRAC (ROND POINT);43,2724319972;5,3911252822
202200035050;17;1;2022;19:24;3;54;54265;1;1;1;5;Autoroute A 33;48,6405600000;6,1702600000
202200035051;10;4;2022;07:45;1;54;54062;1;9;1;7;Route Nationale 57;48,5215500000;6,2299350000
202200035052;12;1;2022;09:00;1;33;33192;1;1;1;3;ROCADE A 630;44,7851900000; -0,5930900000
202200035053;15;6;2022;18:35;1;95;95424;2;1;1;4;Boulevard de Pontoise;48,9879200000;2,1818600000
202200035054;28;2;2022;06:30;5;13;13211;2;1;1;3;Boulevard de la barasse rn 8;43,2838249358;5,4931971934
202200035055;10;4;2022;14:30;1;87;87002;2;6;1;3;rond point de l'europe - D914;45,9558270000;1,4024140000
202200035056;25;8;2022;17:45;1;13;13215;2;1;1;3;VISTE (AVENUE DE LA);43,3583200000;5,3576100000
202200035057;18;1;2022;22:37;3;91;91573;1;1;1;2;RN 104;48,6313200000;2,5193600000
202200035058;28;2;2022;05:45;3;13;13047;1;1;1;1;FOS (ROUTE DE) - RN 569;43,4904000000;4,9668500000
202200035059;16;6;2022;18:00;1;91;91097;2;1;1;4;AV DU GAL CHARLES DE GAULLE;48,6875310000;2,5265760000
202200035060;19;1;2022;08:50;1;78;78043;1;1;8;3;A12 Y;48,8365640000;2,0891690000
202200035061;25;8;2022;09:05;1;13;13202;2;2;1;3;PARIS (BOULEVARD DE);43,3098000000;5,3702000000
202200035062;19;1;2022;07:00;3;95;95491;1;1;1;2; A115;49,0083050000;2,2386230000
202200035063;28;2;2022;07:02;1;13;13001;2;2;1;3;GALICE (RTE DE);43,5288293228;5,4233014222
202200035064;14;6;2022;18:14;1;91;91691;2;6;1;6;MARCEAU BAILLIOTI(RUE);48,7107000000;2,4887800000
202200035065;10;4;2022;18:00;1;38;38160;1;1;1;5;D38;45,4859910000;4,9993200000
202200035066;19;1;2022;08:50;2;95;95582;1;1;1;4; A15;48,9649400000;2,2606600000
202200035067;16;6;2022;03:15;5;87;87085;2;3;1;6;PORT DU NAVEIX (RUE DU);45,8333700000;1,2758000000
202200035068;27;2;2022;02:30;3;10;10362;1;1;1;3;;48,2948860527;4,0306413174
202200035069;25;8;2022;16:53;1;75;75118;2;2;1;6;BOULEVARD NEY;48,8977960000;2,3374390000
202200035070;19;1;2022;18:15;3;94;94018;1;1;2;2;A4;48,8239900000;2,3951200000
202200035071;15;6;2022;20:42;1;87;87178;1;1;1;7;BARDYS (ROUTE DES);45,8942600000;1,3796300000