Num_Acc;jour;mois;an;hrmn;lum;dep;com;agg;int;atm;col;adr;lat;long
202200035318;16;6;2022;21:00;5;13;13208;2;1;1;3;CLOT BEY (AVENUE);43,2588765833;5,3847225331
202200035319;8;4;2022;04:15;4;971;97113;1;1;1;6;RN4 - SECTION RIVIERA;16,2185100000; -61,5015700000
202200035320;28;2;2022;08:56;1;46;46102;2;1;1;6;D822;44,6087000000;2,0151220000
202200035321;16;6;2022;14:40;1;13;13209;2;1;1;1;MICHELET (BOULEVARD);43,2500000000;5,4000000000
202200035322;8;4;2022;02:30;5;971;97113;1;1;1;1;SECTEUR DAMPIERRE;16,2104800000; -61,4729100000
202200035323;16;6;2022;09:30;1;13;13209;2;1;1;3;Allée Emmanuel Chabrier;43,2395889488;5,3927552998
202200035324;7;4;2022;13:55;1;95;95427;2;2;1;3;RD 193E;48,9768000000;2,3545300000
202200035325;15;6;2022;11:50;1;11;11069;2;2;1;3;;43,2283000000;2,3961400000
202200035326;26;2;2022;15:50;1;61;61085;1;3;1;3;D909;48,6090510000; -0,1939340000
202200035327;8;4;2022;18:58;1;91;91421;2;1;3;2;REPUBLIQUE (AVENUE DE LA);48,7031700000;2,4584400000
202200035328;16;6;2022;08:25;1;09;09122;1;9;1;3;20 (R.N.) COTE SUD DU TUNNEL;42,9465800000;1,6221120000
202200035329;28;2;2022;16:55;1;60;60678;1;6;1;1;D 205;49,2442080000;2,0853050000
202200035330;16;6;2022;05:05;5;06;06069;2;6;1;1;SIDI BRAHIM (AVENUE);43,6497730000;6,9316750000
202200035331;8;4;2022;20:05;3;91;91433;1;1;3;7;R.D.20;48,4656300000;2,1821000000
202200035332;28;2;2022;06:45;2;13;13071;1;1;1;3;A55 - Sens Marseille vers Martigues;43,3722414868;5,3206380980
202200035333;8;4;2022;18:15;1;91;91223;1;1;3;3;R.D.20;48,4242300000;2,1418700000
202200035334;16;6;2022;08:25;1;05;05061;2;1;1;2;COMMANDANT DUMONT ( AVENUE);44,5626700000;6,0840300000
202200035335;8;4;2022;01:27;5;87;87085;2;1;3;6;CARNOT (BOULEVARD);45,8320400000;1,2617100000
202200035336;16;6;2022;18:20;1;04;04070;2;1;1;6;RD 19 - Av du 8 mai 1945;44,0898000000;6,2383100000
202200035337;13;6;2022;15:45;1;04;04070;2;6;1;3;RP 11 nov. 1918;44,0910600000;6,2315400000
202200035338;27;2;2022;07:00;2;62;62907;1;1;1;2; A1;50,4901200000;2,9902600000
202200035339;8;4;2022;21:35;5;78;78146;2;3;2;2;Boulevard de la République;48,8917180000;2,1504750000
202200035340;16;6;2022;17:00;1;01;01053;2;2;1;3;STAND ( RUE DU );46,1919250000;5,2321780000
202200035341;7;4;2022;14:10;1;78;78015;2;1;2;7;SEINE (QUAI DE);48,9703080000;2,0501830000
202200035342;16;6;2022;07:35;1;01;01451;1;6;1;3;Route de Marboz;46,2390614941;5,2288055420
202200035343;7;4;2022;08:30;1;77;77058;2;1;2;2;D35;48,8382700000;2,7057600000
202200035344;16;6;2022;10:34;1;75;75115;2;1;1;4;PORTE DE SEVRES;48,8347800000;2,2667970000
202200035345;15;6;2022;23:00;5;75;75120;2;1;1;3;ECHANGEUR BAGNOLET;48,8626080000;2,4135530000
202200035346;8;4;2022;14:40;1;76;76410;1;1;3;5;Cote de la Valette;49,4882300000;1,0300200000
202200035347;15;6;2022;02:42;5;75;75117;2;1;1;2;PORTE DE CHAMPERRET;48,8882920000;2,2921750000
202200035348;16;6;2022;20:45;1;75;75119;2;3;1;6;RUE MANIN;48,8840170000;2,3904730000
202200035349;7;4;2022;23:10;5;76;76351;2;3;1;6;VERDUN (RUE DE);49,5020400000;0,1573100000
202200035350;16;6;2022;15:00;1;75;75119;2;2;1;6;RUE DE BELLEVILLE;48,8771580000;2,4065360000
202200035351;7;4;2022;14:30;1;76;76341;2;1;1;1;LUCIE AUBRAC (RUE);49,5068400000;0,2059500000
202200035352;16;6;2022;07:45;2;75;75119;2;1;1;6;RUE DE CAMBRAI;48,8960670000;2,3802500000
202200035353;8;4;2022;08:00;1;74;74012;2;3;2;2;ARVE (QUAI D');46,1845100000;6,2287600000
202200035354;15;6;2022;20:57;1;75;75119;2;3;1;6;QUAI DE L OISE;48,8888160000;2,3797370000
202200035355;8;4;2022;16:30;1;72;72003;2;1;2;6;ANJOU (BD D');47,9648900000;0,1621400000
202200035356;15;6;2022;16:00;1;75;75116;2;2;1;6;AVENUE DU MAHATMA GANDHI;48,8758530000;2,2622070000
202200035357;5;4;2022;08:52;1;72;72181;2;3;1;3;CUGNOT NICOLAS (BD);47,9924300000;0,2253900000
202200035358;16;6;2022;18:25;1;75;75115;2;3;7;6;RUE LECOURBE;48,8443990000;2,3087550000
202200035359;7;4;2022;16:45;1;71;71445;2;1;2;6;VILLENEUVE (RUE DE LA);46,7728000000;4,8930300000
202200035360;16;6;2022;10:42;1;75;75114;2;2;1;6;BOULEVARD ARAGO;48,8346040000;2,3369930000
202200035361;16;6;2022;09:00;1;75;75114;2;2;1;7;BOULEVARD DE PORT ROYAL;48,8388570000;2,3396710000
202200035362;7;4;2022;23:00;5;69;69256;2;2;1;3;Avenue Garibaldi;45,7671600000;4,9327900000
202200035363;16;6;2022;15:45;1;75;75113;2;1;1;3;BOULEVARD ARAGO;48,8348730000;2,3430390000
202200035364;7;4;2022;15:25;1;69;69266;2;1;2;3;Route de Genas;45,7513500000;4,9062400000
202200035365;16;6;2022;17:40;1;75;75112;2;3;1;6;RUE DE PICPUS;48,8405840000;2,3993460000
202200035366;7;4;2022;22:00;5;68;68224;2;1;2;6;WERNER (RUE ALFRED);47,7334606872;7,3141951568
202200035367;16;6;2022;13:45;1;75;75112;2;1;1;2;RUE DE LA VEGA;48,8389780000;2,4048610000
202200035368;8;4;2022;17:48;1;64;64335;1;1;8;1;D817;43,3382400000; -0,4626700000
202200035369;15;6;2022;23:25;5;75;75112;2;2;1;3;RUE DE BERCY;48,8421140000;2,3764470000
202200035370;8;4;2022;16:30;1;64;64373;1;1;1;1;D 802;43,2844600000; -0,3534000000
202200035371;16;6;2022;17:45;1;75;75112;2;3;1;3;AVENUE DE GRAVELLE;48,8184690000;2,4515170000
202200035372;24;3;2022;13:40;1;63;63113;2;1;1;4;AULTERIBE (RUE);45,8123700000;3,1289500000
202200035373;16;6;2022;10:35;1;75;75111;2;4;1;6;RUE DE CHARONNE;48,8533290000;2,3769820000
202200035374;8;4;2022;05:58;5;63;63113;2;1;1;3;SAINT JEAN (BD);45,7832600000;3,1184400000
202200035375;16;6;2022;21:00;2;75;75110;2;3;1;3;RUE CIVIALE;48,8725310000;2,3761670000
202200035376;7;4;2022;14:50;1;63;63113;2;3;1;3;BONNABAUD (RUE);45,7758400000;3,0791400000
202200035377;16;6;2022;17:45;1;75;75110;2;4;1;7;BOULEVARD DE MAGENTA;48,8731822877;2,3588392138
202200035378;8;4;2022;06:00;5;59;59350;2;1;1;6;BAILLEUX EDMOND RUE;50,6278488135;3,0344384908
202200035379;16;6;2022;09:33;1;75;75110;2;3;1;3;RUE DU FAUBOURG SAINT MARTIN;48,8778320000;2,3616090000
202200035380;7;4;2022;19:00;1;59;59009;2;1;1;2;POINCARE HENRI AVENUE;50,6043400000;3,1382500000
202200035381;16;6;2022;16:45;1;75;75108;2;1;1;3;RUE DE TURIN;48,8797640000;2,3253080000
202200035382;7;4;2022;14:00;1;56;56098;2;1;1;4;TRUDAINE (RUE  DANIEL );47,7759200000; -3,3386600000
202200035383;16;6;2022;21:05;2;75;75103;2;3;1;3;RUE DE TURBIGO;48,8668660000;2,3619380000
202200035384;8;4;2022;15:50;1;51;51454;2;1;3;1;rue des Essillards;49,2334400000;4,0489600000
202200035385;16;6;2022;19:20;1;75;75102;2;2;1;3;AVENUE DE L OPERA;48,8675080000;2,3337110000
202200035386;8;4;2022;14:15;1;51;51454;2;1;3;7;avenue de l'Europe;49,2525170455;4,0623933077
202200035387;16;6;2022;13:55;1;94;94081;2;1;1;3;STALINGRAD (BD DE);48,7993350000;2,3811120000
202200035388;7;4;2022;17:20;1;51;51454;1;1;1;7;Coulée verte de Reims;49,2847605545;3,9966349304
202200035389;16;6;2022;17:44;1;94;94044;2;1;1;2;VERDUN (AV DE);48,7503150000;2,4829700000
202200035390;8;4;2022;03:20;3;50;50502;1;1;2;1;RN 174 (2x2) rp de La Liberté-Rocreuil;49,1093020000; -1,1202790000
202200035391;16;6;2022;09:20;1;94;94068;2;2;1;3;BAC - PONT DE CHENNEVIERES (AV DU);48,7900000000;2,5208000000
202200035392;6;4;2022;06:00;5;45;45338;2;1;1;7;61 Rue du Vieux Bourg;47,9828633951;2,7237676978
202200035393;14;6;2022;23:30;3;94;94042;2;3;1;2;BARRAGE (QU DU);48,8163030000;2,4719700000
202200035394;16;6;2022;17:50;1;94;94043;2;1;1;2;VOLTAIRE (R);48,8158500000;2,3635600000
202200035395;6;4;2022;16:32;1;38;38169;2;1;1;6;BOULEVARD JOLIOT-CURIE;45,2012800000;5,6900300000
202200035396;16;6;2022;09:20;1;94;94043;2;9;1;1;GABRIEL PERI (R);48,8061000000;2,3459000000
202200035397;8;4;2022;07:37;2;37;37261;2;1;2;2;CHURCHILL (BOULEVARD WINSTON);47,3735900000;0,6809300000
202200035398;14;6;2022;20:20;1;94;94041;2;1;1;3;MAURICE GRANDCOING (R);48,8130000000;2,3932500000
202200035399;7;4;2022;16:45;1;37;37261;2;1;1;7;POMPIDOU (AVENUE GEORGES);47,3777238105;0,7143849134
202200035400;15;6;2022;20:00;1;94;94038;2;2;1;1;COSARDE (R DE LA);48,7798900000;2,3251900000
202200035401;4;4;2022;19:35;1;35;35093;2;6;8;3;Rue des Anciens Combattants;48,6235374060; -2,0589818359
202200035402;16;6;2022;18:20;1;94;94033;2;3;1;6;Boulevard de Verdun / Rue Edouard Maury;48,8547900000;2,4684100000
202200035403;8;4;2022;20:30;2;35;35238;2;3;1;3;SALLE (BLD JEAN BAPTISTE DE LA);48,1163400000; -1,7078300000
202200035404;15;6;2022;16:30;1;94;94028;2;3;1;1;Rue Juliette Savar / Rue Henri Cardinaud;48,7818600000;2,4646600000
202200035405;8;4;2022;19:10;1;34;34172;1;1;1;3;JOUHAUX (AVENUE LEON);43,6073000000;3,8209600000
202200035406;15;6;2022;14:04;1;94;94028;2;3;1;6;Rue de Falkirk / Square des Griffons;48,7714073901;2,4603715785
202200035407;8;4;2022;20:30;3;33;33249;2;1;3;1;Parking centre commercial;44,8658100000; -0,5148300000
202200035408;6;4;2022;19:20;1;31;31555;2;1;1;6;STRASBOURG (BD DE) DU 1AU 33;43,6061400000;1,4480100000
202200035409;16;6;2022;18:30;1;94;94022;2;1;1;3;Avenue du 8 Mai 1945;48,7666600000;2,4106900000
202200035410;5;4;2022;09:10;1;31;31555;2;1;1;4;VERDIER (ALL FORAIN FRANCOIS) DU 3AU 29;43,5984800000;1,4522100000
202200035411;15;6;2022;23:10;5;94;94077;2;3;1;1;Avenue le Foll / Rue Raoul Delattre;48,7274373527;2,4372857597
202200035412;8;4;2022;16:10;1;31;31483;2;1;1;3;FRANCOIS MITTERAND ( AVENUE);43,1105380000;0,7357010000
202200035413;16;6;2022;21:27;1;93;93073;2;2;1;3;Rue d'Alsace / Avenue Roger Salengro;48,9428100000;2,5770200000
202200035414;8;4;2022;16:05;1;25;25056;2;3;3;3;KENNEDY  BOULEVARD J.F.;47,2347600000;5,9844700000
202200035415;16;6;2022;09:00;1;93;93039;2;3;1;3;Rue Berthelot / Rue Arnold Géraux;48,9414910000;2,3364680000
202200035416;16;6;2022;09:10;1;93;93066;2;1;7;2;Boulevard de la Libération;48,9282600000;2,3412700000
202200035417;7;4;2022;12:38;1;21;21231;2;3;2;2;MONTCHAPET (DE) (RUE);47,3288695365;5,0357996605
202200035418;15;6;2022;16:00;1;93;93066;2;1;1;6;Rue Gaston Dourdin;48,9419035700;2,3509642482
202200035419;8;4;2022;21:10;2;16;16113;2;1;1;3;BORDEAUX RD 910 (ROUTE DE);45,6106176677;0,0955376029
202200035420;16;6;2022;15:20;1;93;93077;2;2;1;5;Route de Noisy / Rue de la Fosse aux Bergers;48,8832100000;2,4970600000
202200035421;7;4;2022;00:40;5;14;14715;2;4;8;6;D513;49,3651200000;0,0839500000
202200035422;16;6;2022;20:20;1;93;93048;2;6;1;1;Rue des Ruffins / Rue Victor Hugo;48,8615140000;2,4815170000
202200035423;16;6;2022;13:20;1;93;93048;2;2;1;6;Rue Marceau / Rue Cuvier;48,8507010000;2,4263430000
202200035424;8;4;2022;00:20;5;13;13206;2;2;1;3;PIERRE PUGET (COURS);43,2904100000;5,3758200000
202200035425;16;6;2022;08:50;1;93;93048;2;1;1;6;Boulevard de la Boissière;48,8770400000;2,4643800000
202200035426;8;4;2022;23:30;5;11;11069;2;2;1;1;;43,2078700000;2,3369000000
202200035427;16;6;2022;12:28;1;93;93046;2;2;1;3;Avenue du Maréchal Leclerc / Allée Joseph Noize;48,9200690000;2,5393200000
202200035428;15;6;2022;15:40;1;93;93045;2;1;1;3;32 Rue des Villegranges;48,8741800000;2,4132900000
202200035429;7;4;2022;17:05;1;10;10387;2;1;2;4;ANATOLE FRANCE (RUE);48,2830800000;4,0717190000
202200035430;15;6;2022;23:30;5;93;93027;2;2;1;3;Boulevard Pasteur / Rue Jollois;48,9217756842;2,3833977959
202200035431;16;6;2022;11:20;1;93;93008;2;1;1;6;36 Avenue Louis Aragon;48,9140000000;2,4390000000
202200035432;31;3;2022;17:00;1;07;07019;2;1;1;3;GEORGES COUDERC (RUE);44,6146900000;4,3896200000
202200035433;15;6;2022;17:35;1;92;92049;2;2;1;3;BROSSOLETTE AVENUE PIERRE;48,8198407505;2,3107811362
202200035434;4;4;2022;10:50;1;07;07116;1;1;1;2;;44,6464600000;4,3674100000
202200035435;16;6;2022;13:05;1;92;92040;2;1;1;2;GAMBETTA (BOULEVARD);48,8277287385;2,2752165198
202200035436;8;4;2022;14:55;1;06;06069;2;1;1;5;CLEMENCEAU (BOULEVARD GEORGES);43,6579770000;6,9150560000
202200035437;16;6;2022;19:43;1;92;92025;2;3;1;1;METZ (RUE DE);48,9107645038;2,2275637239
202200035438;8;4;2022;07:50;1;06;06069;2;1;1;6;CROUET (BOULEVARD JACQUES);43,6567010000;6,9238040000
202200035439;15;6;2022;23:30;5;92;92012;2;2;1;3;GALLIENI (RUE) 159/FIN;48,8356357220;2,2324291840
202200035440;8;4;2022;15:50;1;06;06027;2;1;1;6;ALPES AVENUE DES;43,6627480000;7,1316280000
202200035441;16;6;2022;16:05;1;92;92004;1;1;1;3;DOCTEUR DERVAUX  ( QUAI DU );48,9079069056;2,2923837304
202200035442;8;4;2022;14:30;1;01;01053;2;1;2;6;avenue jean jaures;46,1984400000;5,2173300000
202200035443;16;6;2022;18:45;1;92;92002;2;2;1;6;JOSEPH DELON (RUE);48,7475580370;2,2986996621
202200035444;10;6;2022;13:06;1;11;11294;1;1;1;6;La Jasse;43,0674330000;2,0600720000
202200035445;8;4;2022;19:30;1;75;75116;2;1;3;4;BD PERIPHERIQUE EXTERIEUR;48,8351120000;2,2599990000
202200035446;17;6;2022;15:50;1;37;37153;1;1;1;1;Lieu Dit le Pertuis;47,5149980000;0,8115510000
202200035447;7;4;2022;23:00;5;75;75119;2;1;1;4;BD PERIPHERIQUE EXTERIEUR;48,9003090000;2,3779940000
202200035448;16;6;2022;21:15;2;62;62008;2;1;1;6;Rue Principale;50,7342920000;2,0864210000
202200035449;13;6;2022;11:15;1;85;85290;1;3;1;3;D148;46,5467100000; -1,0357340000
202200035450;6;4;2022;10:40;1;75;75116;2;4;1;3;BD PERIPHERIQUE INTERIEUR;48,8593600000;2,2628510000
202200035451;17;6;2022;03:30;3;972;97227;1;1;1;7;N5 - Quartier Desert;14,4686010000; -60,9305410000
202200035452;8;4;2022;08:45;1;75;75119;2;2;2;6;AVENUE DE FLANDRE;48,8884630000;2,3738990000
202200035453;11;5;2022;17:55;1;83;83086;2;1;1;3;687 Route d Aix;43,4687080000;6,5534360000
202200035454;8;4;2022;02:10;5;75;75116;2;1;1;6;RUE DE CHAILLOT;48,8678840000;2,2981300000
202200035455;16;6;2022;13:55;1;01;01288;1;3;1;3;D89;46,1920600000;5,9564460000
202200035456;17;6;2022;18:19;1;29;29265;1;1;1;6;N12;48,5557760720; -3,8742756240
202200035457;8;4;2022;10:30;1;75;75115;2;3;3;3;BOULEVARD VICTOR;48,8346410517;2,2835339922
202200035458;17;6;2022;15:30;1;42;42231;1;1;1;1;Route de Saint Forgeux;46,0948070000;3,9397520000
202200035459;8;4;2022;14:00;1;75;75113;2;3;3;6;RUE ALBERT EINSTEIN;48,8267190000;2,3819510000
202200035460;8;4;2022;10:07;1;75;75113;2;2;3;6;BOULEVARD DU GENERAL JEAN SIMON;48,8256940000;2,3820620000
202200035461;16;6;2022;23:30;3;34;34123;1;1;1;5;RN 109 ;43,6062740000;3,8174590000
202200035462;7;4;2022;08:20;1;75;75113;2;1;2;6;BOULEVARD DE L HOPITAL;48,8338179341;2,3572439468
202200035463;15;6;2022;20:50;1;22;22114;1;1;1;6;Les Landes;48,2257880000; -2,2799630000
202200035464;16;6;2022;17:15;1;57;57151;1;1;1;7;D79;48,8961050000;6,6662550000
202200035465;8;4;2022;21:10;5;75;75111;2;3;1;6;AVENUE LEDRU ROLLIN;48,8524698339;2,3768099559
202200035466;12;6;2022;01:00;3;19;19036;1;1;1;6;Route de Meyrignac;45,5926450000;1,7430280000
202200035467;8;4;2022;15:25;1;75;75111;2;2;3;3;RUE OBERKAMPF;48,8664048030;2,3804859675
202200035468;8;4;2022;16:40;1;75;75110;2;3;3;2;BOULEVARD DE LA VILLETTE;48,8752593736;2,3731465833
202200035469;8;4;2022;13:10;1;75;75110;2;1;2;3;BOULEVARD DE MAGENTA;48,8694283406;2,3622130654
202200035470;8;4;2022;12:50;1;75;75108;2;3;3;6;RUE DE ROME;48,8772090000;2,3230760000
202200035471;21;5;2022;17:45;1;56;56128;1;2;1;3;Kerhenry;47,9903670000; -3,0720520000
202200035472;16;6;2022;15:20;1;56;56058;1;1;1;6;Route de l'Isle D34;47,4879440000; -2,3349330000
202200035473;7;4;2022;19:15;1;75;75108;2;7;1;3;PLACE DE LA CONCORDE;48,8667912926;2,3220872446
202200035474;11;6;2022;20:20;1;79;79179;1;1;1;1;;46,6688400000; -0,5869200000
202200035475;17;6;2022;08:00;1;2A;2A209;1;1;1;3;Plaine de PERI;42,0117810000;8,8694640000
202200035476;7;4;2022;15:20;1;75;75103;2;4;1;6;BOULEVARD DES FILLES DU CALVAIRE;48,8613565835;2,3671413213
202200035477;7;4;2022;15:00;1;75;75101;2;2;1;6;RUE DU PONT NEUF;48,8610685034;2,3448986869
202200035478;14;6;2022;08:19;1;82;82037;1;4;1;2;Pont;44,1781180000;1,5385930000
202200035479;8;4;2022;16:45;1;94;94080;2;2;2;3;MARIGNY (COUR);48,8453000000;2,4396900000
202200035480;15;6;2022;18:00;1;33;33443;1;1;1;1;Les Bardes;44,6367066889; -0,0400051475
202200035481;8;4;2022;18:15;1;94;94042;2;4;3;4;Boulevard Maurice Berteaux;48,8118989138;2,4687180518
202200035482;16;6;2022;17:35;1;33;33011;2;6;1;6;Avenue du Perrey;44,7756346160; -1,1415079236
202200035483;8;4;2022;12:50;1;94;94046;2;3;2;1;Rue de Liége;48,7914562635;2,4347462653
202200035484;17;6;2022;11:10;1;71;71310;1;6;1;2;N80;46,7490840000;4,4934510000
202200035485;8;4;2022;21:00;5;94;94041;2;3;2;3;74 Avenue Maurice Thorez;48,8143413269;2,3789144754
202200035486;13;6;2022;14:30;1;71;71383;2;2;1;2;RD 906;46,4278520000;4,8773500000
202200035487;8;4;2022;19:15;1;94;94077;2;2;2;3;Avenue Pasteur / Avenue du Docteur Calmette;48,7372700000;2,4177500000
202200035488;8;4;2022;15:18;1;94;94059;2;2;3;3;Avenue de la Dame Blanche / Avenue des Huguenots;48,8193310528;2,5595784186
202200035489;17;6;2022;12:05;1;61;61486;1;2;7;3;La Paluette;48,7419200000; -0,6979540000
202200035490;7;4;2022;20:20;2;94;94019;2;2;1;6;Route de la Libération / Avenue de Coeuilly;48,8027460198;2,5386035442
202200035491;8;4;2022;16:45;1;94;94056;2;1;3;2;Route de Brie Comte Robert;48,6967000000;2,5655100000
202200035492;8;4;2022;21:00;5;93;93072;2;3;2;2;Avenue de Stalingrad Deviation / Rue du Moulin Neuf;48,9532900000;2,3909400000
202200035493;8;4;2022;14:30;1;93;93071;2;1;3;3;Rue Gabriel Péri;48,9427270000;2,5327830000
202200035494;8;4;2022;11:20;1;93;93070;2;9;3;3;Quai de Seine;48,9165610000;2,3257110000
202200035495;8;4;2022;18:28;1;93;93066;2;1;2;6;Fort de la Briche;48,9461000000;2,3430000000
202200035496;8;4;2022;10:50;1;93;93066;2;1;3;3;Rue Ambroise Croizat;48,9322500000;2,3489700000
202200035497;8;4;2022;09:55;1;93;93051;2;1;3;6;Rue de l’Universite;48,8368100000;2,5557900000
202200035498;6;4;2022;20:03;2;93;93032;2;3;1;1;Rue de Franceville / Boulevard Saint Dizier;48,8855200000;2,5411200000
202200035499;8;4;2022;12:50;1;93;93057;2;9;3;1;Avenue Aristide Briand;48,9083600000;2,4973200000
202200035500;8;4;2022;20:25;5;92;92072;2;1;2;3;GRANDE RUE;48,8270210366;2,2216790915
202200035501;8;4;2022;16:55;1;92;92076;2;1;2;6;TESTU;48,8374068054;2,1529942900
202200035502;7;4;2022;12:35;2;92;92062;2;7;8;6;DE DION BOUTON (QUAI) DU 29 AU 65;48,8796823748;2,2439581230
202200035503;8;4;2022;18:00;1;92;92050;2;9;2;6;RUE MARCEL PAUL;48,8972922695;2,2193442285
202200035504;8;4;2022;07:30;2;92;92020;2;1;2;7;VERDUN AVENUE DE AUTRES N°;48,7994373800;2,2813457698
202200035505;7;4;2022;15:15;1;92;92036;2;1;1;3;EDMOND DARBOIS (RUE);48,9200435410;2,2939565778
202200035506;8;4;2022;20:35;5;92;92062;1;1;3;6;RUE PIERRE GAUDIN;48,8871903732;2,2460088727
202200035507;8;4;2022;19:00;1;92;92026;2;1;2;7;CAPITAINE GUYNEMER;48,8960900000;2,2442900000
202200035508;6;4;2022;19:13;1;92;92025;2;1;1;3;PRESIDENT SALVADOR ALLENDE (RUE DU);48,9221835686;2,2355322987
202200035509;8;4;2022;12:00;1;92;92023;2;1;2;6;GABRIEL PERI (RUE);48,8034197699;2,2669494152
202200035510;8;4;2022;08:00;1;92;92023;2;1;2;4;GENERAL DE GAULLE (AV DU) N°130 A 340 ET;48,7896927819;2,2620436549
202200035511;8;4;2022;18:55;1;92;92014;2;3;3;6;MARECHAL JOFFRE (BD DU) (43 A 97 - 58 A;48,7798791721;2,3135723770
202200035512;8;4;2022;17:08;1;06;06161;2;9;1;3;1183 D6007;43,6390040000;7,1335270000
202200035513;7;4;2022;19:20;3;972;97212;1;1;1;6;D1;14,6987230000; -60,9794000000
202200035514;5;4;2022;09:15;1;22;22339;1;1;1;6;RN176;48,4980460000; -2,0402540000
202200035515;8;4;2022;23:05;3;72;72260;1;1;1;6;La pointe;47,9545900000;0,2524700000
202200035516;8;4;2022;23:15;3;50;50498;1;3;1;6;20 Route de la Froide Rue;49,5251840000; -1,5088790000
202200035517;8;4;2022;19:14;1;30;30295;2;2;1;6;Chemin de Montaren;44,0458950000;4,4307090000
202200035518;3;11;2022;19:25;2;94;94017;2;3;2;4;Avenue du Général de Gaulle / Rue du Lieutenant Andre Ohresser;48,8248690984;2,5002573431
202200035519;3;11;2022;10:00;1;94;94002;2;2;1;3;VOLTA (R)/ Rue Parmentier;48,8072200000;2,4124800000
202200035520;4;11;2022;09:15;1;93;93066;2;1;1;3;Rue Maurice Audin;48,9326486488;2,3675596117
202200035521;2;11;2022;23:35;5;93;93066;2;1;1;2;Avenue du Président Wilson;48,9114373304;2,3583886027
202200035522;4;11;2022;08:50;1;93;93066;2;1;8;6;Route de la Courneuve;48,9314200000;2,3812100000
202200035523;4;11;2022;02:30;5;93;93057;2;3;2;5;Avenue Aristide Briand / Allée des Archers;48,9097960000;2,5073150000
202200035524;4;11;2022;10:55;1;93;93008;2;7;8;3;Pont de Bondy;48,9050800000;2,4700400000
202200035525;4;11;2022;14:00;1;93;93001;2;1;1;3;Avenue de la République;48,9089600000;2,3868100000
202200035526;4;11;2022;06:50;5;93;93001;2;1;1;3;Avenue de la République;48,9090800000;2,3866700000
202200035527;27;10;2022;21:50;5;92;92078;2;3;1;3;VIEUX CHEMIN DE ST DENIS (AVENUE);48,9297760000;2,3258440000
202200035528;4;11;2022;08:55;1;92;92049;2;1;1;3;PERI RUE GABRIEL AUTRES N°;48,8187465419;2,3180127740
202200035529;3;11;2022;14:15;1;92;92044;2;2;2;3;P.V.COUTURIER(RUE)41A63 ET 28A48;48,8954130712;2,2820805609
202200035530;31;10;2022;10:50;1;92;92036;2;1;1;6;LIBERATION (AVENUE DE LA);48,9246776604;2,2930207550
202200035531;31;10;2022;18:40;1;92;92036;2;3;1;3;LOUISE MICHEL (PAIRS);48,9227116354;2,3206155896
202200035532;4;11;2022;19:45;5;92;92025;2;1;1;3;CHARLES DE GAULLE (BD);48,9149430000;2,2285990000
202200035533;4;11;2022;11:26;1;92;92024;2;3;1;3;HENRI BARBUSSE (RUE) DE (1 A 73)   (2 A;48,8982926753;2,3021941781
202200035534;2;11;2022;16:35;2;83;83086;1;6;1;3;;43,4674410000;6,5477090000
202200035535;5;11;2022;03:09;3;79;79150;2;4;9;7;17 Rue de la Caillaude;46,1295290000;0,1661890000
202200035536;5;11;2022;04:20;3;58;58155;1;1;1;7;A77;47,1376400000;3,0431750000
202200035537;4;11;2022;18:25;5;62;62323;2;1;1;2;D42;50,3042770000;2,8763040000
202200035538;5;11;2022;05:30;3;2B;2B150;1;1;2;6;route territoriale 30;42,6021250000;8,8413760000
202200035539;4;11;2022;23:19;3;69;69240;1;1;2;1;Rue de la Goutte;46,0814060000;4,3884430000
202200035540;5;11;2022;00:48;3;11;11008;1;1;2;6;D118;42,9854060000;2,2627540000
202200035541;5;11;2022;14:45;1;63;63223;1;1;1;6;RD 18;46,1067880000;2,8974510000
202200035542;5;11;2022;16:55;1;55;55516;1;1;1;6;D966;48,6070360000;5,4036640000
202200035543;4;11;2022;20:00;5;46;46038;2;1;1;3;Avenue de la Libération;44,9147210000;1,8397610000
202200035544;28;10;2022;16:55;1;68;68006;1;1;1;2;D103;47,6963290000;7,1603460000
202200035545;4;11;2022;14:00;1;44;44130;1;9;1;3;29 Rue du moulin rouge;47,1540290000; -1,5587660000
202200035546;4;11;2022;21:00;5;35;35068;2;6;8;6;37 Rue de Paris;48,1094160000; -1,4011270000
202200035547;4;11;2022;16:30;1;29;29206;1;3;1;1;Le Kernic;48,6473140000; -4,2162070000
202200035548;3;11;2022;19:40;3;29;29015;1;2;2;3;Croaz Hent An Narret;48,4948030000; -4,4670640000
202200035549;4;11;2022;09:12;1;38;38291;1;3;2;1;RD 519;45,3472860000;5,1047160000
202200035550;2;11;2022;02:15;3;03;03289;1;1;1;7;D480;46,3631320000;3,5784680000
202200035551;20;10;2022;11:20;1;27;27284;2;6;7;6;Rue des Templiers;49,2791380000;1,7619270000
202200035552;5;11;2022;12:15;1;17;17217;2;3;1;3;D 133;45,8019560000; -0,2122540000
202200035553;5;11;2022;01:30;4;37;37020;2;1;1;6;16 Rue Brûlée;47,1293410000;1,0100950000
202200035554;29;10;2022;20:50;3;62;62479;1;1;1;5;A 26 sens CALAIS / REIMS;50,5258960000;2,5645350000
202200035555;4;11;2022;16:00;1;27;27005;1;1;1;6;A13 PK 086+200;49,1595569933;1,2674997219
202200035556;5;11;2022;10:15;1;988;98825;1;1;1;6;RT1 sens Sud/Nord; -21,2891000000;164,9901900000
202200035557;29;10;2022;19:00;3;986;98613;2;1;1;1;Tepa; -13,3187200000; -176,1895470000