Num_Acc;jour;mois;an;hrmn;lum;dep;com;agg;int;atm;col;adr;lat;long
202200035795;17;5;2022;15:45;1;76;76258;1;1;1;6;A 29;49,6299855578;0,6401935592
202200035796;30;4;2022;07:35;1;84;84029;1;4;1;3;departementale 23;44,1640220000;4,8960270000
202200035797;18;5;2022;13:40;1;63;63274;1;3;1;1;Intesection D 2089 et D 552;45,6681910000;2,7841220000
202200035798;15;5;2022;21:15;2;06;06130;1;1;1;7;Route Departementale 6085;43,7057790000;6,8322410000
202200035799;18;5;2022;08:25;1;54;54082;1;4;1;3;Croisement RD153 et RD603;49,1625856726;5,8230918654
202200035800;18;5;2022;02:05;3;87;87003;1;1;1;2;autoroute A20 Pr 129+300;46,2770590000;1,4023450000
202200035801;17;5;2022;12:47;1;44;44131;1;1;7;1;La Route Bleue;47,1036230000; -2,0450230000
202200035802;17;5;2022;12:30;1;62;62361;2;2;1;3;D941;50,2761900000;2,2823020000
202200035803;17;5;2022;20:30;1;74;74263;2;1;1;1;Avenue de Bonnatrait;46,3329320000;6,3851970000
202200035804;15;5;2022;17:45;1;83;83018;1;1;1;7;D78;43,3453460000;6,2229070000
202200035805;17;5;2022;18:45;1;57;57097;2;3;1;6;D19;49,1766990000;6,4906510000
202200035806;15;5;2022;18:35;1;19;19230;1;1;1;1;Route de Lubersac;45,4328640000;1,4337270000
202200035807;17;5;2022;14:08;1;76;76641;1;1;1;6;Rue d Orimont;49,8525110000;0,9043550000
202200035808;14;5;2022;08:50;2;82;82152;2;1;1;6;Route de Castelferrus;44,0138130000;1,0771640000
202200035809;17;5;2022;21:00;1;22;22325;2;6;1;3;Rond-Point de la France Libre;48,6483560000; -2,8385760000
202200035810;18;5;2022;08:45;1;03;03157;1;4;1;3;RD907;46,2097860000;3,5133930000
202200035811;18;5;2022;08:50;1;15;15138;2;3;1;1;rn 122;45,1100250000;2,8722490000
202200035812;18;5;2022;17:05;1;01;01118;2;3;1;3;Grande Rue (gignez) D991 et D123;45,9684680000;5,8099440000
202200035813;17;5;2022;09:50;1;01;01305;2;1;1;6;Rue Andre;46,4338720000;4,9387570000
202200035814;10;5;2022;15:30;1;26;26108;1;1;1;3;D538;44,7183730000;5,0112140000
202200035815;7;5;2022;15:28;1;26;26144;1;1;1;7;D104;44,7386820000;4,9086890000
202200035816;17;5;2022;08:40;1;72;72019;1;1;1;2;Lieu Dit le Minerai;47,9439110000; -0,2547870000
202200035817;17;5;2022;10:00;1;06;06032;2;1;1;1;Avenue prince Rainier III;43,7240910000;7,4046730000
202200035818;17;5;2022;07:00;1;14;14752;1;1;1;6;Le Maudray;49,0879630000; -0,6393560000
202200035819;17;5;2022;21:40;3;90;90070;1;4;1;3;RD 39 / Rd 50;47,4613770000;6,9305710000
202200035820;18;5;2022;17:40;1;60;60181;1;2;1;1;D932/D558;49,6351060000;3,0376340000
202200035821;16;5;2022;15:10;1;21;21567;1;2;1;3;D906;47,1145360000;4,5064920000
202200035822;17;5;2022;22:11;3;67;67237;1;1;1;3;A35 au PK 240.700 dans le sens Strasbourg-Lauterbourg;48,6951550000;7,8336620000
202200035823;16;5;2022;07:30;1;13;13044;1;1;1;3;Grans;43,6216390000;5,0440600000
202200035824;16;5;2022;22:35;3;17;17362;1;1;1;6;A10;45,3864860000; -0,6038620000
202200035825;16;5;2022;01:00;3;11;11202;1;6;1;7;;42,9336790000;3,0027650000
202200035826;16;5;2022;17:50;3;987;98716;1;1;1;2;Atoll de Fakarava; -16,1164100000; -145,6031800000
202200035827;2;4;2022;15:10;1;66;66226;1;6;1;2;Rte Departementale 900;42,5893310000;2,8519820000
202200035828;17;5;2022;18:30;1;83;83143;1;1;1;3;4820 Route de Bras;43,4454730000;6,0109810000
202200035829;18;5;2022;17:15;1;38;38562;1;1;1;3;D5;45,0892170000;5,7799240000
202200035830;18;5;2022;17:00;1;26;26206;1;3;1;3;D111b;44,8325230000;4,9682660000
202200035831;18;5;2022;10:55;1;85;85302;1;1;1;7;La Vergnaie;46,9417370000; -0,9569910000
202200035832;18;5;2022;08:00;1;44;44103;2;6;1;1;19 Rue du Docteur Schweitzer;47,3260470000; -2,1627940000
202200035833;17;5;2022;17:30;1;59;59139;2;1;1;6;Rue Henri Dunant;50,1245820000;3,4019960000
202200035834;18;5;2022;16:55;1;59;59013;1;2;1;3;Route Nationale;50,6092639303;3,1802040339
202200035835;17;5;2022;22:20;3;59;59581;1;1;1;6;8 Chemin de la Blanche;50,7030039454;2,7423307300
202200035836;17;5;2022;17:45;1;13;13071;1;9;1;3;A552G-sens Martigues vers A7-Marseille;43,4018900000;5,2993300000
202200035837;16;5;2022;22:10;3;13;13005;1;9;1;6;A50 - Sens Aubagne vers Marseille;43,2829967511;5,5777282312
202200035838;16;5;2022;07:00;1;69;69297;1;9;1;5;Autoroute 46;45,5895500000;4,8027700000
202200035839;16;5;2022;16:20;1;67;67482;1;1;1;2;M351;48,5869600000;7,7146600000
202200035840;16;5;2022;16:55;1;67;67137;1;1;1;4;M83;48,4998720000;7,6914030000
202200035841;17;5;2022;18:35;1;33;33063;1;1;1;4;ROCADE A 630;44,8800400000; -0,5379700000
202200035842;16;5;2022;13:15;1;33;33249;1;1;1;3;ROUTE NATIONALE 230;44,8724600000; -0,5064900000
202200035843;17;5;2022;06:30;2;91;91340;1;9;1;5;AUTOROUTE A6;48,6059710000;2,4356480000
202200035844;17;5;2022;09:50;1;92;92050;1;1;1;2;A86 DUPLEX;48,9015226318;2,2026748359
202200035845;17;5;2022;06:05;2;78;78291;1;1;1;6;A13;48,9675530000;1,7457140000
202200035846;17;5;2022;01:40;5;78;78396;1;1;1;6;A14;48,9132600000;2,1092600000
202200035847;16;5;2022;22:00;3;78;78402;1;1;1;2;A13;48,9639610000;1,7875510000
202200035848;16;5;2022;16:50;1;95;95572;1;1;1;2;RN 184;49,0356125186;2,1175181866
202200035849;16;5;2022;14:15;1;95;95582;1;1;1;3; A15;48,9680200000;2,2526500000
202200035850;16;5;2022;14:15;1;93;93006;1;1;1;2;AUTOROUTE A3;48,8689000000;2,4289600000
202200035851;16;5;2022;13:15;1;93;93005;1;1;1;2;AUTOROUTE A3;48,9400000000;2,4793600000
202200035852;16;5;2022;13:00;1;93;93006;1;1;1;2;AUTOROUTE A3;48,8657715811;2,4174962516
202200035853;16;5;2022;10:30;1;95;95018;1;1;1;3;A15;48,9581673795;2,2747412324
202200035854;16;5;2022;09:50;1;93;93006;1;1;1;2;AUTOROUTE A3;48,8657715811;2,4174962516
202200035855;16;5;2022;06:45;5;93;93066;1;1;1;3;AUTOROUTE A1;48,9126772450;2,3577823052
202200035856;17;5;2022;20:15;1;77;77121;1;1;1;6;A104;48,8403700000;2,6640670000
202200035857;17;5;2022;19:15;1;94;94065;1;1;1;2;A86 EXT;48,7535487312;2,3573043491
202200035858;17;5;2022;08:20;1;94;94015;1;1;1;4;A4;48,8290620000;2,5280960000
202200035859;7;5;2022;16:55;1;94;94044;1;1;1;6;RN19 .W;48,7412400000;2,5141700000
202200035860;19;4;2022;08:00;1;77;77294;1;1;1;2;A104;48,9633700000;2,6132800000
202200035861;16;4;2022;08:00;1;42;42069;1;1;1;2;D18;45,9890570000;4,0536060000
202200035862;15;4;2022;16:50;1;68;68076;1;1;1;7;Rue de la 1ère Armée Française;48,0908748370;7,4963021278
202200035863;16;4;2022;09:00;1;61;61388;1;3;1;3;les mesnières;48,3353810000;0,4561740000
202200035864;15;4;2022;16:00;1;06;06088;1;1;1;2;autoroute A8 PK 195+700 SUD;43,6690200000;7,2008570000
202200035865;15;4;2022;18:20;1;33;33199;2;1;1;6;Rue de la Barbotière;44,6432730000; -1,0572790000
202200035866;16;4;2022;07:56;1;42;42122;1;1;1;5;Route de St Anthème;45,5805340000;4,0698230000
202200035867;11;4;2022;08:40;1;56;56007;2;9;1;3;Avenue de l Océan;47,6639600000; -3,0049320000
202200035868;15;4;2022;05:00;3;972;97230;1;1;1;1;Desmarinières;14,7331750000; -60,9533070000
202200035869;15;4;2022;07:20;1;64;64191;2;3;1;3;Rue des Pyrénées;43,1699794371; -0,2318062261
202200035870;5;4;2022;16:00;1;07;07264;1;1;1;1;;44,3177800000;4,5898500000
202200035871;5;4;2022;12:00;1;38;38524;1;2;1;3;Intersection Route du Gros Chêne - Chemin de Malissol;45,0839940000;5,7046990000
202200035872;16;2;2022;22:00;5;14;14191;2;1;9;6;Avenue de la Combattante;49,3347570000; -0,4500960000
202200035873;15;1;2022;07:30;5;28;28134;2;3;5;3;KENNEDY (AVENUE DU PRESIDENT);48,7297900000;1,3825200000
202200035874;16;5;2022;15:35;1;976;97611;2;1;1;2;cavani-Rond point du Baobab; -12,7830830000;45,2317590000
202200035875;16;5;2022;12:55;1;974;97411;2;1;1;1;GUYON (FELIX); -20,8803200000;55,4525800000
202200035876;16;5;2022;19:40;5;973;97302;2;1;2;7;PASTEUR (CITE);4,9374000407; -52,3184689879
202200035877;16;5;2022;11:57;1;973;97302;2;3;2;3;MIRZA (CITE);4,9331930053; -52,3252764344
202200035878;16;5;2022;10:36;1;973;97302;2;2;1;6;DE GAULLE (AVENUE);4,9387887217; -52,3317325115
202200035879;15;5;2022;22:20;3;972;97213;1;1;1;6;ROUTE DEPARTEMENTALE 15;14,6411260000; -61,0111000000
202200035880;16;5;2022;07:50;1;972;97209;1;1;2;2;RD 41 (ROCADE);14,6163500000; -61,0550900000
202200035881;15;5;2022;15:30;1;971;97113;1;9;1;4;Route de la Riviera;16,2184800000; -61,5014900000
202200035882;16;5;2022;05:20;2;95;95277;2;1;1;1;Avenue François Mitterrand;48,9859600000;2,4361300000
202200035883;13;5;2022;12:50;1;91;91421;2;9;1;3;JEAN JAURES (AVENUE);48,7137500000;2,4484200000
202200035884;16;5;2022;13:20;1;91;91514;1;1;1;4;RTE NATIONALE 6;48,6699600000;2,5072130000
202200035885;16;5;2022;08:00;1;91;91432;2;1;1;2;AV ARISTIDE BRIAND;48,7011380000;2,3235390000
202200035886;14;5;2022;05:30;3;91;91294;1;1;1;7;R.D.20;48,3812200000;2,0899400000
202200035887;14;5;2022;18:30;1;87;87050;1;1;1;2;POITIERS (RUE DE);45,8998700000;1,2267500000
202200035888;13;5;2022;13:21;1;87;87085;2;3;1;2;GAMBETTA (BOULEVARD);45,8277200000;1,2581600000
202200035889;13;5;2022;22:03;3;87;87075;1;1;1;7;PONT DE L'AURENCE (ROUTE DU);45,8156200000;1,1854900000
202200035890;16;5;2022;11:50;1;83;83062;2;6;1;3;PLANQUETTE (CHEMIN DE LA);43,1354763709;6,0320446193
202200035891;16;5;2022;12:45;1;83;83069;2;1;1;1;ROTTWEIL (AVENUE DE );43,1267200000;6,1523800000
202200035892;13;5;2022;15:30;1;77;77296;2;1;1;3;RUE DE LUGNY;48,6216200000;2,5856900000
202200035893;14;5;2022;19:50;1;77;77237;1;1;1;7;D10;48,8177000000;2,7573900000
202200035894;6;5;2022;06:20;1;76;76497;1;1;1;6;N138 - Sud 3;49,3697400000;1,0420100000
202200035895;16;5;2022;08:10;1;76;76319;1;1;1;3;D13;49,3553900000;1,0255400000
202200035896;13;5;2022;18:03;1;76;76351;2;1;1;6;ALBERT 1ER;49,4996300000;0,0898000000
202200035897;16;5;2022;09:00;1;73;73011;2;1;1;3;MATHIAS (RUE JEAN-BAPTISTE);45,6727417349;6,3872597985
202200035898;3;5;2022;20:52;2;72;72181;2;1;1;6;DURAND GEORGES (AV) N° PAIRS 166 A 310;47,9723500000;0,2165300000
202200035899;15;5;2022;16:40;1;71;71118;1;1;1;2;FRANCHET D'ESPEREY (AVENUE);46,7938200000;4,8235800000
202200035900;16;5;2022;09:20;1;69;69264;2;1;1;2;Boulevard Pierre Pasquier;45,9870800000;4,7217000000
202200035901;1;9;2022;15:10;1;2A;2A139;2;1;1;2;Lecci;41,6776080000;9,3162880000
202200035902;1;10;2022;12:45;1;2B;2B121;1;1;1;1;D81;42,4315030000;8,7334440000
202200035903;1;10;2022;05:55;3;2B;2B207;1;1;9;2;Folelli;42,4555790000;9,5027820000
202200035904;30;9;2022;14:50;1;33;33348;1;1;1;1;route de VENDAYS;45,3406420000; -1,0081780000
202200035905;30;9;2022;19:30;2;61;61464;2;1;2;3;36 Rue Billy;48,6039500000;0,1712480000
202200035906;1;10;2022;11:40;1;47;47069;2;3;1;7;1180 avenue de la Libération;44,2190520000;0,5459310000
202200035907;30;9;2022;08:00;2;44;44069;1;6;8;3;D774;47,3146970000; -2,4286970000
202200035908;1;10;2022;09:40;1;44;44163;1;1;2;7;D19;47,4061630000; -1,1352500000
202200035909;1;10;2022;12:00;1;35;35009;1;1;1;6;Le Fresche;48,5191852407; -1,7448024452
202200035910;30;9;2022;16:30;1;29;29209;1;1;2;1;Coat Saliou;48,5450840732; -4,4123770595
202200035911;30;9;2022;16:30;1;14;14393;1;2;1;3;D36;49,0850758077; -0,4795655608
202200035912;30;9;2022;18:40;2;18;18281;1;1;8;7;;47,2067420000;2,1542000000
202200035913;30;9;2022;20:15;2;16;16135;1;1;8;5;Route de Piégut;45,6493120000;0,5330030000
202200035914;30;9;2022;11:00;1;27;27017;2;1;1;5;4 route d'Orléans;48,9956140000;1,1555600000
202200035915;1;10;2022;09:00;1;48;48082;1;1;1;6;Col de la Pierre Plantée;44,5831700000;3,6455940000
202200035916;18;9;2022;18:15;1;08;08185;2;1;1;6;Rue du Stade;49,9874970000;4,7111770000
202200035917;30;9;2022;21:15;3;24;24538;1;1;1;1;RD 703;44,8220300000;1,0032210000
202200035918;23;9;2022;07:45;1;31;31587;1;1;1;2;A62 PK 211.300;43,7711300000;1,3847490000
202200035919;1;10;2022;18:38;1;31;31162;1;1;1;5;a61;43,4754700000;1,5590290000
202200035920;30;9;2022;07:47;1;38;38547;2;2;1;6;Rue Alfred Fredet;45,2583910000;5,9084180000
202200035921;1;10;2022;07:00;3;68;68267;1;1;8;5;Autoroute A36 PK004+700;47,7403620000;7,2294330000
202200035922;1;10;2022;04:45;5;06;06088;1;1;1;3;A8 pk 190+300 nord;43,7079850000;7,1916840000
202200035923;1;10;2022;00:46;3;34;34095;1;1;1;6;A9;43,5400070000;3,7858680000
202200035924;18;9;2022;17:25;1;30;30189;1;1;1;4;AUTOROUTE A9 PK 56+800 VERS ORANGE;43,8082080000;4,3383120000
202200035925;30;9;2022;17:45;1;27;27375;2;1;1;7;Sente de la Plaquette;49,2050970000;1,1827660000
202200035926;29;9;2022;12:15;1;69;69189;1;1;2;6;Route Départementale 386;45,5213479981;4,8644721510
202200035927;1;10;2022;06:45;1;976;97607;1;9;1;1;Tsararano; -12,8373890000;45,1826370000
202200035928;30;9;2022;20:30;3;973;97303;1;1;1;5;RN 1 PK 156-157;5,4907060000; -53,2980680000
202200035929;29;9;2022;11:50;1;971;97134;1;1;2;1;boulevard arnaud nicolas;16,0838880000; -61,7664670000
202200035930;1;10;2022;14:10;1;95;95154;1;1;1;4;RD 165E;49,0402990968;2,5566226244
202200035931;30;9;2022;20:45;3;13;13076;1;1;1;1;D99;43,8219110000;5,0312290000
202200035932;30;9;2022;17:00;1;71;71082;2;2;1;1;Le Bourg (Arrêt de bus);46,4696720000;4,2463070000
202200035933;30;9;2022;18:30;1;33;33382;2;2;1;3;Lieu Dit Jard de Bourdillas;45,1938590000; -0,4578130000
202200035934;30;9;2022;20:26;3;60;60225;1;1;8;1;D55;49,4341774840;2,3703376370
202200035935;30;9;2022;16:30;1;13;13215;1;1;1;2;A7-Sens Marseille vers Lyon;43,3537936180;5,3647207688
202200035936;30;9;2022;09:05;1;83;83137;1;1;1;2;A57;43,1292400000;5,9774600000
202200035937;29;9;2022;16:20;1;69;69235;1;1;1;6;Autoroute 7;45,5320962520;4,8602592945
202200035938;30;9;2022;16:45;1;91;91589;1;1;1;2;AUTOROUTE A6;48,6792600000;2,3341800000
202200035939;30;9;2022;05:15;2;988;98818;2;1;2;1;RUE JACQUES IEKAWE à hauteur PMI; -22,2485100000;166,4553600000
202200035940;29;9;2022;17:15;1;974;97416;2;3;1;3;RN2 (2); -21,3325200000;55,4803300000
202200035941;29;9;2022;06:15;1;974;97416;2;1;1;3;AERODROME (CHEMIN DE L'); -21,3078300000;55,4298600000
202200035942;30;9;2022;00:50;5;69;69387;2;1;8;7;Boulevard Yves Farge;45,7451100000;4,8358000000
202200035943;29;9;2022;13:00;1;69;69386;2;2;2;3;Rue Antoine Barbier;45,7715000000;4,8610300000
202200035944;29;9;2022;09:20;1;69;69383;2;2;2;1;Cours Gambetta;45,7504800000;4,8570400000
202200035945;29;9;2022;06:45;2;2B;2B033;2;6;1;3;CAPITAINE THEN;42,6747700000;9,4378100000
202200035946;28;9;2022;14:25;1;971;97107;2;2;1;3;FRONT DE MER ( BOULEVARD);16,0527300000; -61,5592200000
202200035947;28;9;2022;07:45;2;95;95277;2;3;1;3;Rue Félix Chobert;48,9975807573;2,4207177758
202200035948;28;9;2022;06:00;3;95;95088;1;1;2;3;RD 170;48,9742900000;2,4262900000
202200035949;29;9;2022;01:45;3;91;91617;2;9;9;6;ROUTE NATIONALE 5;48,6534000000;2,5263800000
202200035950;29;9;2022;17:00;1;91;91687;2;1;8;6;VICTOR SCHOELCHER (PLACE);48,6596900000;2,3737910000
202200035951;28;9;2022;18:00;1;91;91589;2;1;1;6;RUE CHAMBERLIN;48,6758300000;2,3507500000
202200035952;28;9;2022;20:46;4;87;87065;1;1;1;6;AUTOROUTE A20;45,7912700000;1,3030100000
202200035953;27;9;2022;17:16;1;87;87085;2;9;1;3;SCHUMAN (BOULEVARD ROBERT);45,8567700000;1,2689800000
202200035954;29;9;2022;19:30;5;78;78551;2;1;1;7;SAINT VINCENT (IMPASSE);48,8944400000;2,0723500000
202200035955;29;9;2022;09:40;1;77;77186;2;2;1;3;D210;48,4134000000;2,7131000000
202200035956;29;9;2022;17:15;2;74;74012;2;1;8;2;GENEVE (RUE DE);46,1930200000;6,2267300000
202200035957;29;9;2022;07:35;1;74;74012;2;3;1;3;GARE (AVENUE DE LA);46,1958000000;6,2347800000
202200035958;28;9;2022;12:00;1;72;72181;1;1;1;2;TOURS (RTE) LIGNE DROITE DES HUNAUDIERES;47,9510400000;0,2303200000
202200035959;29;9;2022;18:15;1;69;69282;2;8;1;1;Boulevard du 18 Juin 1940;45,7712700000;4,9936700000
202200035960;29;9;2022;12:10;1;69;69266;2;1;8;6;Rue Etienne Gagnaire;45,7738700000;4,8652300000
202200035961;28;9;2022;13:48;1;69;69259;2;9;2;6;Boulevard Ambroise Croizat;45,7000100000;4,8875000000
202200035962;29;9;2022;16:45;1;69;69091;2;1;1;5;Rue Edouard Idoux;45,5916000000;4,7629100000
202200035963;28;9;2022;16:16;1;66;66136;2;1;1;2;;42,6593412338;2,8812892735
202200035964;27;9;2022;18:10;1;66;66136;1;1;1;2;;42,6547200000;2,8821700000
202200035965;27;9;2022;10:28;1;66;66136;2;6;1;3;FLANDRES/DUNKERQUE (CARREFOUR);42,6864600000;2,9066800000
202200035966;29;9;2022;14:45;1;64;64348;2;9;1;3;Boulevard Charles De Gaulle;43,3113580000; -0,4129070000
202200035967;28;9;2022;14:15;1;64;64024;2;6;3;3;ROND POINT DU PARC MONTAURY;43,4803800000; -1,5092900000
202200035968;28;9;2022;09:50;1;64;64102;2;1;3;6;Quai des Corsaires;43,4915700000; -1,4738400000
202200035969;28;9;2022;17:20;1;60;60057;2;1;1;6;Boulevard Aristide Briand;49,4266200000;2,0819200000
202200035970;29;9;2022;17:43;1;59;59599;2;2;1;3;HALOT (RUE DU);50,7095200000;3,1587800000
202200035971;19;9;2022;13:47;1;58;58194;2;6;1;6;TREIZIEME DE LIGNE;46,9925300000;3,1487900000
202200035972;29;9;2022;17:30;1;51;51454;2;1;1;1;avenue Brébant;49,2547300000;4,0166300000
202200035973;29;9;2022;15:20;1;51;51454;2;1;1;7;avenue Paul Marchandeau;49,2409309811;4,0227945149
202200035974;28;9;2022;18:00;1;49;49007;2;1;2;7;ESTIENNE D'ORVES BOULEVARD;47,4615100000; -0,5169100000
202200035975;26;9;2022;13:31;1;45;45208;2;1;1;3;D815 PK 0 + 1000;48,0092400000;2,7523200000
202200035976;25;9;2022;21:45;5;37;37261;2;1;1;2;PROUDHON (AVENUE);47,3941804644;0,6670600176
202200035977;29;9;2022;09:05;1;37;37233;2;2;1;6;BALZAC (RUE HONORE DE);47,3883800000;0,7182200000
202200035978;29;9;2022;04:35;3;35;35051;1;1;2;6;N136;48,1184000000; -1,5725980000
202200035979;29;9;2022;19:10;1;35;35238;2;2;1;3;FOUGERES (RUE DE);48,1222900000; -1,6618200000
202200035980;28;9;2022;21:50;5;33;33069;2;2;2;3;Rue Lanet;44,8705800000; -0,5982000000
202200035981;29;8;2022;08:10;1;30;30189;2;6;1;3;FOUR A CHAUX (ROND POINT);43,8141900000;4,3344800000
202200035982;27;9;2022;08:53;1;13;13026;1;1;1;6;RN 568;43,3933000000;5,1921600000
202200035983;28;9;2022;14:45;1;13;13212;2;3;1;3;PLATANES (AVENUE DES);43,3128519195;5,4308715931
202200035984;28;9;2022;14:10;1;13;13209;2;1;1;3;COLGATE (TRAVERSE);43,2336023628;5,4060696899
202200035985;28;9;2022;16:40;1;13;13028;1;1;1;3;BODIN (AVENUE EMILE);43,1910070000;5,6027650000
202200035986;29;9;2022;19:00;2;13;13001;2;1;1;3;FERRINI FORTUNE (AV);43,5080557066;5,4386088252
202200035987;28;9;2022;08:55;1;12;12145;2;1;8;1;D991 ( VALLEE DE LA DOURBIE );44,1081400000;3,1371700000
202200035988;26;9;2022;00:05;5;11;11069;2;9;1;3;50 Rue Buffon;43,2265500000;2,3589800000
202200035989;29;9;2022;16:30;1;10;10387;2;1;2;3;MAJOR GENERAL VANIER (AVENUE);48,3086400000;4,0686000000
202200035990;28;9;2022;16:40;1;10;10387;2;2;1;3;CHAILLOUET RUE);48,3048300000;4,0838000000
202200035991;29;9;2022;11:00;1;09;09225;2;3;8;3;FOIX AVENUE DE;43,1010900000;1,6231000000
202200035992;29;9;2022;16:25;1;06;06088;2;2;1;-1;ITALIE (R. D');43,7026200000;7,2639600000
202200035993;28;9;2022;17:10;1;06;06088;2;1;1;1;STE MARGUERITE (AV.) A PARTIR DU 62-63);43,6778100000;7,2175800000
202200035994;29;9;2022;15:33;1;06;06069;1;1;1;7;CARRIERES (RUE ET CHEMIN DES);43,6631400000;6,9185100000
202200035995;4;5;2022;16:25;1;92;92009;1;1;1;7;Rue des Minimes;48,9052286653;2,2622590363
202200035996;29;9;2022;00:10;5;75;75119;2;1;1;2;ECHANGEUR AUBERVILLIERS;48,9001866939;2,3727303743
202200035997;28;9;2022;17:15;1;75;75119;2;1;1;2;PORTE DE LA VILLETTE;48,9004290000;2,3834660000
202200035998;28;9;2022;23:40;5;75;75106;2;2;1;6;BOULEVARD RASPAIL;48,8513470000;2,3268590000
202200035999;29;9;2022;21:30;5;75;75119;2;7;1;3;AVENUE JEAN JAURES;48,8827810000;2,3703640000
202200036000;29;9;2022;15:15;1;75;75119;2;1;1;3;RUE DE BELLEVILLE;48,8727410000;2,3792630000
202200036001;29;9;2022;07:05;2;75;75119;2;2;8;3;AVENUE SIMON BOLIVAR;48,8784090000;2,3742580000
202200036002;29;9;2022;18:05;1;75;75118;2;2;1;6;RUE RIQUET;48,8897020000;2,3681170000
202200036003;29;9;2022;21:00;5;75;75117;2;3;1;6;AVENUE NIEL;48,8832800000;2,2965710000
202200036004;28;9;2022;14:30;1;75;75115;2;7;1;2;PLACE DU MOULIN DE JAVEL;48,8402460000;2,2715330000
202200036005;29;9;2022;01:55;5;75;75114;2;1;1;1;RUE SCHOELCHER;48,8361070000;2,3307430000
202200036006;29;9;2022;20:40;5;75;75111;2;2;1;3;RUE DE LA ROQUETTE;48,8598280000;2,3887630000
202200036007;25;9;2022;17:15;1;75;75109;2;4;1;3;RUE DE MONTHOLON;48,8766030000;2,3467160000
202200036008;29;9;2022;19:16;5;75;75107;2;1;1;2;QUAI BRANLY;48,8603880000;2,2951090000
202200036009;29;9;2022;15:35;1;75;75104;2;2;1;3;QUAI DE LA CORSE;48,8556640000;2,3483230000
202200036010;29;9;2022;00:45;5;75;75104;2;1;1;6;QUAI HENRI IV;48,8484050000;2,3632370000
202200036011;28;9;2022;10:00;1;75;75103;2;3;1;6;RUE ELZEVIR;48,8589290000;2,3622310000
202200036012;28;9;2022;10:15;1;75;75103;2;1;1;3;BOULEVARD SAINT MARTIN;48,8682830000;2,3601150000
202200036013;29;9;2022;12:45;1;94;94080;2;1;3;6;MONTREUIL (R DE);48,8477760000;2,4347550000
202200036014;29;9;2022;17:14;1;94;94074;2;1;8;2;ETIENNE DOLET (R);48,7464300000;2,4659200000
202200036015;29;9;2022;16:10;1;94;94046;2;1;2;1;GENERAL DE GAULLE (AV DU);48,8078720000;2,4249550000
202200036016;29;9;2022;10:15;1;94;94046;2;1;1;7;LIEUTENANT DE VAISSEAU D'ESTIENNE D'ORVE;48,8136930000;2,4312310000
202200036017;29;9;2022;03:15;5;94;94076;2;1;1;2;PRESIDENT ALLENDE (AV DU);48,7966180000;2,3505600000
202200036018;29;9;2022;15:25;1;94;94054;2;2;3;2;Route Charles Tillon / Rue de l’Aviation;48,7423900000;2,3863600000
202200036019;29;9;2022;18:12;1;94;94071;2;6;1;1;Route de la Queue-en-brie / Avenue Gabriel Péri;48,7613200000;2,5331500000
202200036020;29;9;2022;08:30;1;94;94071;2;4;8;2;Avenue du Piple / Rue Albert Dru;48,7627300000;2,5194400000
202200036021;28;9;2022;20:25;5;93;93073;2;2;1;6;Avenue Henri Barbusse / Route des Petits Ponts;48,9655100000;2,5692200000
202200036022;29;9;2022;12:00;1;93;93066;2;1;1;3;Boulevard Anatole France;48,9267600000;2,3518300000
202200036023;29;9;2022;06:22;3;93;93066;2;1;1;5;Rue Ambroise Croizat;48,9291100000;2,3556400000
202200036024;29;9;2022;15:30;1;93;93048;2;2;2;1;Avenue Ferdinand Buisson / Rue des Rigondes;48,8735524920;2,4336814666
202200036025;29;9;2022;08:00;1;93;93046;2;3;2;3;Avenue Aristide Briand / Avenue Camille Desmoulins;48,9124800000;2,5224100000
202200036026;28;9;2022;17:00;1;93;93029;2;1;8;3;Rue Arthur Fontaine;48,9198600000;2,4559800000
202200036027;29;9;2022;06:55;5;93;93027;2;6;1;6;Place du Huit Mai 1945 / Avenue Lénine;48,9209621277;2,4108658435
202200036028;29;9;2022;18:35;1;93;93057;2;9;8;2;Avenue Aristide Briand;48,9093100000;2,5035500000
202200036029;29;9;2022;16:25;1;93;93001;2;2;1;1;Avenue Jean Jaurès / Avenue de la République;48,9036162467;2,3918525256
202200036030;28;9;2022;23:04;5;92;92046;2;1;1;1;GEORGES BRASSENS (RUE);48,8135700000;2,2810000000
202200036031;28;9;2022;12:45;1;92;92062;2;1;1;3;DE DION BOUTON (QUAI) DU 29 AU 65;48,8786800000;2,2429100000
202200036032;28;9;2022;09:30;1;92;92062;2;9;2;2;DE DION BOUTON (QUAI) DU 29 AU 65;48,8850251571;2,2506954968
202200036033;29;9;2022;15:20;1;92;92051;2;2;1;7;SABLONS (BOULEVARD DES);48,8788923244;2,2707957029
202200036034;29;9;2022;18:41;1;92;92048;2;1;1;1;PARIS (RUE DE) N° 2 A 6;48,8168398430;2,2479212880
202200036035;28;9;2022;19:30;2;92;92062;2;1;1;3;JEAN MOULIN (AVENUE);48,8876259093;2,2402718961
202200036036;27;9;2022;11:35;1;92;92025;2;3;8;1;STALINGRAD (AV DE);48,9356630000;2,2609250000
202200036037;29;9;2022;08:25;1;92;92024;2;2;1;1;PIERRE DREYFUS (RUE);48,9037392326;2,3204779923