Num_Acc;jour;mois;an;hrmn;lum;dep;com;agg;int;atm;col;adr;lat;long
202200036038;29;9;2022;16:40;1;92;92071;2;1;1;6;BAGNEUX (RUE DE);48,7842300070;2,3027595877
202200036039;29;9;2022;00:50;5;92;92012;2;2;1;3;ANDRE MORIZET (AVENUE) - 49/FIN - 54/FIN;48,8390403706;2,2320232987
202200036040;29;9;2022;16:25;1;976;97610;1;1;1;2;RN1; -12,7301400000;45,1622680000
202200036041;29;9;2022;07:00;1;976;97610;1;1;1;2;Route nationale collége de majicavo; -12,7531570000;45,2278540000
202200036042;25;9;2022;11:55;1;87;87183;1;1;1;1;D5;45,9780160000;1,3471960000
202200036043;30;9;2022;17:15;1;51;51649;2;1;1;7;Rue de la Glacière;48,7267980000;4,5903810000
202200036044;24;9;2022;11:50;1;01;01325;1;2;1;3;Departementale 22;45,9599810000;5,1488110000
202200036045;30;9;2022;15:45;1;01;01384;1;1;1;1;D1504;45,9499860000;5,4532960000
202200036046;30;9;2022;16:50;1;06;06149;1;1;1;3;M2204b;43,7361860000;7,3072390000
202200036047;29;9;2022;10:50;1;84;84043;2;1;1;6;Allée du Moulin Vieux;44,0072580000;4,9310270000
202200036048;26;9;2022;17:30;1;49;49127;1;1;8;3;Route de Sablé;47,6810280000; -0,2538820000
202200036049;30;9;2022;05:45;3;13;13078;1;6;1;1;Avenue Marx Dormoy;43,4012510000;4,8262920000
202200036050;29;9;2022;22:40;5;84;84083;2;1;1;1;754 Chemin de Bourgnanen;44,2146600000;4,7553630000
202200036051;30;9;2022;13:36;1;52;52258;1;1;7;7;a5;48,1062897076;4,7950816154
202200036052;29;9;2022;07:40;2;35;35152;1;9;2;2;A84;48,1955267030; -1,5369690958
202200036053;29;9;2022;21:10;3;06;06046;1;6;1;1;rond point du roguez, RM 6202;43,7716320000;7,2135600000
202200036054;30;9;2022;10:35;1;69;69133;1;1;8;6;7 Rue de Flignon;45,6385420000;4,7712850000
202200036055;24;9;2022;16:30;1;57;57106;1;1;1;6;Rue Saint Eloi;49,2970420000;6,5596960000
202200036056;30;9;2022;06:20;5;79;79013;2;3;1;3;;46,9883860000; -0,4407000000
202200036057;30;9;2022;08:00;1;2B;2B238;1;1;2;1;T50;42,2681680000;9,2183640000
202200036058;29;9;2022;07:15;2;55;55291;1;1;1;2;RN4;48,6932550000;5,3498700000
202200036059;29;9;2022;08:45;2;46;46088;1;1;3;6;Rue des Mariniers;44,4695370000;1,3623890000
202200036060;29;9;2022;17:30;1;47;47228;1;1;3;5;grand Bal;44,3226501700;0,7227991405
202200036061;29;9;2022;12:25;1;41;41185;1;1;1;3;d 724;47,3267700000;1,6919210000
202200036062;25;9;2022;14:15;1;68;68119;2;1;1;3;11 Rue de Cernay;47,6512730000;7,1580450000
202200036063;20;9;2022;21:00;5;44;44131;2;6;1;7;rond-point Gilbert Pollono;47,1126200000; -2,0655370000
202200036064;8;12;2022;14:44;1;75;75103;2;3;8;3;RUE PERREE;48,8649120000;2,3607970000
202200036065;29;9;2022;18:20;1;44;44128;1;1;8;1;2 Bel Air du Dresny;47,5904490000; -1,9358470000
202200036066;8;12;2022;17:30;5;75;75119;2;1;1;2;RUE ARMAND CARREL;48,8827530000;2,3766800000
202200036067;29;9;2022;16:07;1;35;35306;1;1;1;1;lieu dit la mare;48,5721210000; -1,9046800000
202200036068;8;12;2022;18:21;5;75;75118;2;2;1;3;RUE DAMREMONT;48,8936400000;2,3363790000
202200036069;29;9;2022;11:30;1;29;29214;1;2;1;3;Penfrajou;47,9361965824; -4,3552762269
202200036070;8;12;2022;22:20;5;75;75117;2;1;1;6;BOULEVARD DE DOUAUMONT;48,8950720000;2,3069320000
202200036071;27;9;2022;09:15;1;31;31516;2;6;2;1;Chemin de la Palanquette;43,7432610000;1,3992010000
202200036072;30;9;2022;13:45;1;03;03314;1;1;1;7;D1089;46,2956240000;2,6230500000
202200036073;8;12;2022;09:45;1;75;75116;2;2;1;1;AVENUE KLEBER;48,8671380000;2,2900340000
202200036074;30;9;2022;03:00;3;17;17434;2;1;1;7;Rue du Beurre;46,1145020000; -0,7510400000
202200036075;7;12;2022;12:30;1;75;75116;2;2;1;6;RUE HENRI HEINE;48,8518070000;2,2662400000
202200036076;24;7;2022;01:10;3;37;37167;1;6;1;6;route departementale 766;47,5568350000;0,5939480000
202200036077;10;10;2022;20:30;5;75;75116;2;6;1;3;ROUTE DE L ETOILE;48,8695600000;2,2851030000
202200036078;8;12;2022;08:20;1;75;75115;2;3;1;6;RUE CASTAGNARY;48,8311370000;2,3067300000
202200036079;29;9;2022;21:40;3;68;68103;1;1;1;2;autoroute A35 pk 112.200;47,6792290000;7,4622920000
202200036080;8;12;2022;07:10;5;75;75113;2;3;1;3;BOULEVARD DE L HOPITAL;48,8415850000;2,3631510000
202200036081;30;9;2022;01:40;3;34;34240;1;1;1;6;A 709 PK 8+500 SENS SUD;43,6219880000;3,9567590000
202200036082;8;12;2022;09:00;1;75;75108;2;3;1;3;AVENUE DES CHAMPS ELYSEES;48,8713730000;2,3025910000
202200036083;28;9;2022;19:00;1;28;28121;1;1;1;6;autoroute A10 point kilométrique 073+000;48,1296620000;1,8532190000
202200036084;8;12;2022;20:20;5;75;75102;2;2;1;3;BOULEVARD DE SEBASTOPOL;48,8662240000;2,3525430000
202200036085;28;9;2022;09:30;1;972;97228;2;1;1;7;Route Departementale 24 Perou;14,7557450000; -61,0302950000
202200036086;8;12;2022;01:06;5;75;75103;2;2;1;3;BOULEVARD DE SEBASTOPOL;48,8691190000;2,3541510000
202200036087;28;9;2022;17:50;2;2B;2B313;2;1;1;1;Boulevard du Prato;42,3727450000;9,5294220000
202200036088;7;12;2022;11:20;1;75;75104;2;3;1;3;QUAI DES CELESTINS;48,8525970000;2,3598190000
202200036089;29;9;2022;13:35;1;84;84141;1;1;7;1;Route de Morieres;43,9562070000;4,9010700000
202200036090;7;12;2022;17:15;5;94;94052;2;2;1;1;JOINVILLE (AV DE);48,8331600000;2,4715100000
202200036091;30;9;2022;07:26;2;71;71571;1;2;5;3;RN79 PK 42+500;46,4082060000;4,4431970000
202200036092;8;12;2022;08:50;1;94;94046;2;1;1;3;GENERAL DE GAULLE (AV DU);48,8038100000;2,4374400000
202200036093;25;9;2022;09:42;1;67;67101;1;2;1;3;Rue Leimenweg;48,5270640000;7,4631070000
202200036094;8;12;2022;18:25;2;94;94037;2;2;1;1;EMILE BOUGARD (R);48,8101500000;2,3406724000
202200036095;28;9;2022;22:20;3;57;57665;1;1;8;1;D31c;49,1362473324;6,9319520435
202200036096;8;12;2022;17:48;5;94;94077;2;1;1;6;Route d’Orly;48,7399800000;2,4059000000
202200036097;8;12;2022;17:00;3;94;94017;2;1;1;6;2bis Square Lulli;48,8044500000;2,5493600000
202200036098;28;9;2022;17:00;1;38;38557;1;1;2;2;D124z (PK5);45,7717440000;5,1269250000
202200036099;8;12;2022;16:00;1;94;94017;2;3;1;3;Avenue Maurice Thorez / Rue de la Fraternité;48,8161800000;2,5385300000
202200036100;7;12;2022;10:30;1;94;94017;2;1;1;2;Avenue Boileau;48,8056668632;2,5451427698
202200036101;19;9;2022;12:50;1;31;31287;1;2;1;3;Route du Gers;43,4010560000;1,2511320000
202200036102;8;12;2022;07:20;3;94;94004;1;1;1;3;GENERAL LECLERC (AV);48,7575410000;2,5034810000
202200036103;29;9;2022;17:40;1;33;33055;1;3;1;3;D3;45,3181290000; -0,9107330000
202200036104;8;12;2022;13:24;1;93;93062;2;2;1;3;Boulevard de l'Est / Allée de l'Eglise;48,9026900000;2,5228410000
202200036105;6;9;2022;10:50;1;85;85092;2;4;1;5;5 Avenue du président françois mitterrand;46,4575710000; -0,8006550000
202200036106;8;12;2022;16:35;1;93;93027;2;1;9;3;Avenue Waldeck Rochet;48,9331300000;2,4004400000
202200036107;29;9;2022;17:10;1;44;44026;2;1;1;7;2 Rue du Tertre;47,2631490000; -1,5055530000
202200036108;8;12;2022;15:00;1;93;93027;2;6;1;2;Avenue Jean Jaurès;48,9252400000;2,4000000000
202200036109;30;9;2022;15:30;1;27;27058;1;3;1;3;RD 135;49,2059200000;1,3083490000
202200036110;8;12;2022;13:40;1;93;93010;2;9;8;1;Avenue de Verdun;48,9030520000;2,4927570000
202200036111;30;9;2022;11:45;1;60;60141;2;1;1;6;10 Rue d Aumale;49,1934190000;2,4704470000
202200036112;8;12;2022;14:00;1;92;92072;2;3;1;6;AMIEUX (RUE ANNE);48,8256825493;2,2195816040
202200036113;30;9;2022;14:00;1;60;60191;1;1;1;2;D1017;49,5467370000;2,7034090000
202200036114;8;12;2022;20:05;5;92;92064;2;1;1;3;MARECHAL JUIN;48,8367680000;2,2218960000
202200036115;30;9;2022;08:40;1;60;60338;1;1;1;2;RD 200;49,3668930000;2,7759360000
202200036116;8;12;2022;08:50;1;92;92063;2;1;8;2;DUNANT (RUE HENRI);48,8642024476;2,1921348274
202200036117;30;9;2022;13:30;1;02;02381;1;1;1;1;RD1043;49,9351740000;4,0688900000
202200036118;8;12;2022;14:15;1;92;92062;2;1;1;3;PUTEAUX (PONT DE);48,8782994532;2,2427853942
202200036119;29;9;2022;08:00;1;13;13211;1;9;1;3;A50-Sens Aubagne vers Marseille;43,2869700000;5,5065900000
202200036120;8;12;2022;15:15;1;92;92050;2;1;1;6;PROVINCES FRANCAISES BD DES;48,9005820000;2,2146520000
202200036121;27;9;2022;16:45;1;62;62193;1;1;1;6;A16;50,9360810000;1,9081940000
202200036122;28;9;2022;08:50;1;59;59646;1;1;1;6;ROUTE DEPARTEMENTALE 652;50,6826711511;3,1166356802
202200036123;29;9;2022;18:10;1;91;91534;1;1;1;3;RN 118;48,7240000000;2,1675000000
202200036124;8;12;2022;12:40;1;92;92050;2;9;1;4;BOULE PLACE DE LA;48,8872852584;2,1998995542
202200036125;29;9;2022;14:00;1;91;91692;1;1;1;3;RN 118;48,6873000000;2,1900000000
202200036126;8;12;2022;10:04;1;92;92050;2;1;1;6;PROVINCES FRANCAISES BD DES;48,9012900000;2,2178600000
202200036127;29;9;2022;10:09;1;91;91645;1;1;1;2;RN 385 Extèrieure;48,7599080000;2,2631930000
202200036128;8;12;2022;19:30;5;92;92049;2;1;1;3;LEJEUNE RUE LOUIS;48,8176540000;2,3268140000
202200036129;8;12;2022;20:45;3;92;92044;2;2;1;3;ARISTIDE BRIAND(RUE)51A83  54A96;48,8929300000;2,2895700000
202200036130;7;12;2022;08:45;2;92;92026;2;3;1;7;CIRCULAIRE (BOULEVARD);48,8909220000;2,2476430000
202200036131;8;12;2022;09:36;1;92;92024;2;1;1;2;ASNIERES (ROUTE D');48,9017154335;2,2912893891
202200036132;8;12;2022;22:05;3;35;35239;1;1;1;6;le pas veillard;47,9204050000; -1,3571870000
202200036133;9;12;2022;00:40;3;35;35219;1;3;1;6;Mouraine;47,8206180000; -1,9084450000
202200036134;7;12;2022;16:00;1;49;49063;2;1;7;6;Allée du Guet;47,3479750000; -0,7714460000
202200036135;3;12;2022;18:15;5;51;51649;2;1;1;7;Rue de la Petite Sainte;48,7223040000;4,5851340000
202200036136;9;12;2022;17:40;1;31;31573;1;1;8;6;En Gastou;43,6650000000;1,7213560000
202200036137;8;12;2022;19:15;3;62;62645;2;1;1;1;D940;50,9864970000;2,1061570000
202200036138;7;12;2022;13:30;1;63;63094;1;4;8;6;lieu-dit chez gouyoux;45,9530220000;2,6422070000
202200036139;9;12;2022;09:30;1;38;38269;2;1;2;7;Chemin de Peypelat;44,8983110000;5,7924230000
202200036140;7;12;2022;10:05;1;44;44154;2;1;1;3;228 Avenue de Mindin;47,2501060000; -2,1654650000
202200036141;8;12;2022;15:35;1;19;19285;1;1;1;7;D7;45,3792820000;1,5070370000
202200036142;8;12;2022;17:02;3;74;74010;2;1;1;6;Chemin de la colline (annecy-le-vieux);45,9144170000;6,1495820000
202200036143;9;12;2022;17:00;3;77;77066;1;1;1;1;Le Mez;48,6935600000;3,3172920000
202200036144;8;12;2022;20:50;3;79;79267;1;1;1;7;;46,5419640000; -0,2145930000
202200036145;5;12;2022;22:00;3;80;80446;1;1;1;1;D928;50,0337410000;1,7622650000
202200036146;6;12;2022;08:48;1;65;65401;2;3;1;3;route départementale 8;43,1883850000;0,1015110000
202200036147;8;12;2022;19:00;3;63;63040;2;1;1;6;Route de Clermont;45,7354820000;3,3357240000
202200036148;3;12;2022;18:33;3;49;49183;1;2;1;1;D104;47,4739900000; -0,8542080000
202200036149;6;11;2022;11:45;1;35;35049;2;9;1;6;Rue Jean Marie Savatte;48,6751460358; -1,8500067294
202200036150;9;12;2022;14:38;1;29;29241;2;1;1;7;Rue de la Libération;47,9621510000; -3,8403010000
202200036151;8;12;2022;02:30;3;31;31478;1;1;1;3;D622;43,4486920000;1,9183580000
202200036152;9;12;2022;15:45;1;02;02514;2;1;8;6;D2;49,3895700000;3,1151870000
202200036153;9;12;2022;00:50;3;01;01134;1;1;2;6;D933;46,2906140000;4,8715010000
202200036154;8;12;2022;14:15;1;14;14042;1;1;1;5;D8;49,1232360000; -0,4639580000
202200036155;8;12;2022;20:45;5;60;60178;2;1;5;3;20 Avenue du Château;49,6078144546;2,0798675697
202200036156;7;12;2022;15:30;1;36;36208;1;1;1;3;;46,4964670811;2,0960605145
202200036157;7;12;2022;15:20;1;40;40255;1;2;8;3;Route de l'Armagnac;43,8820190000; -0,3491910000
202200036158;9;12;2022;08:05;2;30;30013;1;1;8;6;;43,9761000000;4,4850830000
202200036159;8;12;2022;07:40;2;08;08090;2;1;8;3;8 Avenue de Blagny;49,6302520000;5,1686540000
202200036160;8;12;2022;07:40;2;67;67324;1;3;5;3;D1062;48,9598130000;7,6268290000
202200036161;8;12;2022;05:15;3;19;19071;1;1;1;6;A89 - PK 251.600;45,4613950000;2,0971870000
202200036162;7;12;2022;15:30;1;34;34333;1;1;7;3;D612;43,4946200000;3,7762500000
202200036163;8;12;2022;06:45;2;13;13099;1;1;1;2;A51 PK 54.900;43,6919950000;5,7240270000
202200036164;6;12;2022;11:10;1;34;34095;1;9;1;6;A9 Aire de Fabrègues Nord;43,5475370000;3,7953040000
202200036165;5;11;2022;14:10;1;91;91338;2;1;2;2;Voie Verte de l'Aérotrain (Chemin);48,6544870000;2,0768400000
202200036166;9;12;2022;09:30;1;2B;2B337;1;1;2;1;T20;42,4715590000;9,2519580000
202200036167;9;12;2022;13:30;1;84;84138;2;1;8;3;D941;44,3885120000;4,9730940000
202200036168;8;12;2022;11:20;1;83;83047;1;1;8;2;1135 Chemin Long;43,1293870000;6,0732740000
202200036169;8;12;2022;07:09;5;06;06147;2;1;1;1;Boulevard Léon Sauvan;43,7869120000;7,2744410000
202200036170;9;12;2022;08:10;1;05;05173;1;1;2;7;RD 51;44,3270537565;5,8704757690
202200036171;9;12;2022;08:00;4;38;38474;2;1;3;6;Rue Charles de Gaulle;45,2104150000;5,6658200000
202200036172;8;12;2022;19:30;3;24;24080;1;1;1;6;la Mongie;44,6894300000;0,9063020000
202200036173;9;12;2022;11:03;1;33;33366;2;3;8;6;2 Rue Georges Brassens;44,9938080000; -0,4390720000
202200036174;9;12;2022;02:30;3;22;22197;1;1;1;2;D137 - PK 100+500;48,5287700000; -1,9181440000
202200036175;15;7;2022;22:24;5;75;75117;2;2;1;3;RUE DE ROME;48,8856740000;2,3168220000
202200036176;9;12;2022;15:15;1;35;35240;1;3;1;2;RN24;48,1044290781; -1,7500325981
202200036177;15;7;2022;08:44;1;75;75108;2;2;1;3;BOULEVARD HAUSSMANN;48,8709520000;2,3226360000
202200036178;9;12;2022;01:30;3;76;76684;1;6;1;6;D982;49,4825830000;0,4427680000
202200036179;15;7;2022;23:50;5;75;75107;2;3;1;3;QUAI ANATOLE FRANCE;48,8595440000;2,3292800000
202200036180;9;12;2022;06:11;3;60;60489;1;1;1;3;N2;49,1561263178;2,8497719763
202200036181;8;12;2022;04:20;3;13;13214;1;1;1;5;A7-Sens Marseille vers Lyon;43,3278638141;5,3782296181
202200036182;16;7;2022;18:40;1;94;94078;2;3;1;6;HENRI JANIN (R);48,7297910000;2,4481190000
202200036183;7;12;2022;07:55;1;13;13211;1;1;1;4;A50-Sens Marseille vers Aubagne;43,2923000000;5,4540000000
202200036184;16;7;2022;03:52;5;93;93055;2;1;1;2;Avenue de la Division Leclerc;48,9105400000;2,4139900000
202200036185;8;12;2022;18:10;3;91;91161;1;1;1;5;AUTOROUTE A6;48,6976700000;2,3149400000
202200036186;16;7;2022;17:50;1;93;93064;2;3;7;3;Avenue du Président John Kennedy / Rue du 11 Novembre;48,8804401002;2,4935679138
202200036187;7;12;2022;20:19;3;78;78498;1;1;1;2;A13;48,9176690000;2,0053970000
202200036188;15;7;2022;22:50;5;93;93006;2;1;1;6;Rue Pierre et Marie Curie;48,8718500000;2,4245000000
202200036189;8;12;2022;15:00;1;93;93007;1;1;1;3;AUTOROUTE A1;48,9476100000;2,4436400000
202200036190;16;7;2022;10:22;1;93;93029;2;3;1;6;Rue de la République / Rue de la Station;48,9262300000;2,4258040000
202200036191;8;12;2022;16:15;2;95;95018;1;1;1;6; A15;48,9585871000;2,2740529104
202200036192;16;7;2022;10:57;1;92;92040;2;1;1;6;STALINGRAD (QUAI DE);48,8228090000;2,2534260000
202200036193;8;12;2022;10:00;1;95;95018;1;1;1;3;A15;48,9498780000;2,2801840000
202200036194;16;7;2022;20:08;1;92;92025;2;2;1;3;GABRIEL PERI (RUE);48,9157469171;2,2324303240
202200036195;8;12;2022;09:30;1;95;95154;1;1;1;3;A1;49,0351060000;2,5408860000
202200036196;8;12;2022;09:30;1;93;93006;1;1;1;3;AUTOROUTE A3;48,8657300000;2,4211800000
202200036197;7;12;2022;09:45;1;94;94074;1;1;1;6;RN406.W;48,7690871283;2,4502224877
202200036198;15;7;2022;23:51;5;92;92024;2;6;1;3;REPUBLIQUE (PLACE DE LA);48,9033789006;2,3129108101
202200036199;30;6;2022;16:25;1;38;38563;2;1;1;6;HUIT-MAI 1945 (AVENUE DU);45,3760000000;5,5810000000
202200036200;17;7;2022;03:25;4;01;01235;2;1;1;6;25 Route de Saint-André-le-Bouchoux;46,0652900000;5,0720150000
202200036201;1;5;2022;19:15;1;38;38563;2;2;1;6;CAMPALOUD (BOULEVARD DU);45,3661900000;5,5812300000
202200036202;17;7;2022;06:45;3;81;81273;2;1;1;6;Route d En Bel;43,5905680000;2,1755470000
202200036203;7;4;2022;18:45;1;38;38544;2;1;2;6;ST LOUIS(PLACE);45,5283300000;4,8747700000
202200036204;17;7;2022;16:40;1;74;74213;2;6;1;3;D14;45,9195240000;6,0830680000
202200036205;16;9;2022;02:10;3;74;74118;1;1;8;1;A40;46,1833180000;6,2268390000
202200036206;16;7;2022;17:15;1;76;76101;1;1;1;7;A28;49,9106580000;1,6222140000
202200036207;7;10;2022;01:12;3;42;42103;1;1;1;2;A47;45,4960285070;4,5564910769
202200036208;16;7;2022;09:00;1;62;62261;2;2;1;3;Avenue de la Côte d Opale;50,4852610000;1,6310620000
202200036209;6;12;2022;12:30;1;75;75117;2;4;1;6;PORTE MAILLOT;48,8819110000;2,2827270000
202200036210;16;7;2022;23:00;5;84;84025;2;1;1;2;Route de Gordes;43,8708740000;5,1471810000
202200036211;16;7;2022;19:25;2;59;59511;1;3;1;3;D953;50,4460340000;3,3502290000
202200036212;7;12;2022;12:30;1;75;75106;2;5;1;6;RUE MADAME;48,8524530000;2,3319250000
202200036213;16;7;2022;00:50;3;34;34217;1;1;1;7;Route de Saint-Vincent;43,7016125604;3,8744832205
202200036214;7;12;2022;15:17;1;75;75119;2;2;1;3;AVENUE DE LA PORTE CHAUMONT;48,8861640000;2,3966450000
202200036215;16;7;2022;04:00;3;74;74150;1;1;1;6;D35;46,2687530000;6,3198850000
202200036216;7;12;2022;03:20;5;75;75118;2;2;8;2;BOULEVARD DE CLICHY;48,8824800000;2,3379180000
202200036217;17;7;2022;10:30;1;74;74134;1;1;1;1;Route des Grandes Alpes;46,1744960000;6,6812110000
202200036218;6;12;2022;22:20;5;75;75117;2;2;1;6;AVENUE MAC MAHON;48,8752680000;2,2947940000
202200036219;16;7;2022;22:10;5;74;74304;1;1;1;1;D907;46,1386980000;6,4298080000
202200036220;16;7;2022;21:20;1;76;76591;2;1;1;1;Rue des Jonquets;49,4480244439;1,2232144475
202200036221;6;12;2022;23:22;5;75;75116;2;2;1;3;RUE COPERNIC;48,8691260000;2,2898400000
202200036222;16;7;2022;02:05;3;80;80362;2;1;1;6;1 Rue de l Église;50,0099540000;1,6422720000
202200036223;7;12;2022;13:30;1;75;75115;2;3;8;6;PASSAGE DES ENTREPRENEURS;48,8445050000;2,2927920000
202200036224;17;7;2022;14:15;1;82;82125;1;1;1;6;D928;43,9534060000;1,1894420000
202200036225;16;7;2022;10:30;1;33;33236;1;1;1;3;D106;44,7820360000; -1,1458680000
202200036226;6;12;2022;22:30;5;75;75115;2;2;1;2;RUE PAUL BARRUEL;48,8386370000;2,3052630000
202200036227;17;7;2022;05:05;3;32;32012;1;1;1;6;N124;43,6564280679;0,7796888351
202200036228;16;7;2022;14:30;1;63;63104;1;1;7;6;D67 FÉRREOL commune de la Chaulme;45,4896070000;3,9667510000
202200036229;7;12;2022;08:20;2;75;75112;2;3;8;3;BOULEVARD SOULT;48,8381950000;2,4084390000
202200036230;16;7;2022;02:30;3;42;42334;1;1;1;1;Route du Chene;45,8510730000;4,3398140000
202200036231;7;12;2022;07:30;5;75;75112;2;3;2;3;QUAI DE LA RAPEE;48,8446700000;2,3691440000
202200036232;15;7;2022;18:15;1;29;29135;2;6;1;2;Rue du Général de Gaulle;47,8325010200; -4,1797478190
202200036233;7;12;2022;13:39;1;75;75111;2;3;1;3;BOULEVARD DES FILLES DU CALVAIRE;48,8610010000;2,3672100000
202200036234;7;12;2022;15:20;1;75;75109;2;2;1;3;BOULEVARD DE ROCHECHOUART;48,8836110000;2,3495460000
202200036235;16;7;2022;15:50;1;31;31571;1;2;1;5;D11;43,5814400000;1,7658050000
202200036236;7;12;2022;00:45;5;75;75108;2;3;1;7;AVENUE GEORGE V;48,8719030000;2,3009400000
202200036237;16;7;2022;15:15;1;02;02504;1;1;1;2;D1;49,7352390000;3,2749240000
202200036238;7;12;2022;13:45;1;75;75107;2;1;1;6;RUE DE SEVRES;48,8490470000;2,3217160000
202200036239;7;12;2022;15:05;1;75;75101;2;2;1;6;BOULEVARD DE SEBASTOPOL;48,8585450000;2,3482300000
202200036240;18;1;2022;14:20;1;69;69383;2;2;8;6;Avenue Maréchal de Saxe;45,7541820771;4,8469662666
202200036241;18;1;2022;19:00;5;69;69149;2;1;1;2;Grande Rue;45,7198600000;4,8106100000
202200036242;16;7;2022;15:00;1;15;15240;1;4;1;3;Lac de la Crégut (Eau);45,4012320000;2,6769250000
202200036243;7;12;2022;16:45;2;75;75102;2;2;1;3;BOULEVARD POISSONNIERE;48,8706820000;2,3478950000
202200036244;17;1;2022;17:10;1;971;97120;2;1;1;6;VATABLE;16,2370906092; -61,5318918228
202200036245;15;7;2022;18:40;1;72;72012;1;1;1;1;Lieu Dit Champ Rochereau;48,1894080000;0,0776450000
202200036246;5;12;2022;16:45;2;75;75101;2;3;1;6;RUE CAMBON;48,8697920000;2,3281750000
202200036247;16;7;2022;19:15;1;14;14098;1;1;1;1;D94;49,2123830000; -0,5745080000
202200036248;7;12;2022;10:26;1;94;94080;2;2;1;6;FAYS LIM COM (R);48,8465100000;2,4184200000
202200036249;18;1;2022;16:35;1;91;91345;2;1;1;6;BD DU DOC CATHELIN;48,6876700000;2,2888200000
202200036250;17;7;2022;18:15;1;05;05164;1;1;1;2;RN 94;44,5296170000;6,3973050000
202200036251;7;12;2022;14:00;1;94;94078;2;9;8;1;SOURCE (ALL DE LA);48,7248990000;2,4480050000
202200036252;16;7;2022;23:00;3;50;50551;1;1;1;6;22a Route d Aureville;49,3996570000; -1,5361230000
202200036253;17;1;2022;17:45;5;86;86194;2;1;1;6;Rue du Traité de Rome;46,5527790000;0,3020330000
202200036254;7;12;2022;00:05;5;94;94068;2;2;1;1;MARIE LOUISE (AV);48,7957600000;2,5151000000
202200036255;17;7;2022;03:15;3;73;73010;2;1;1;6;D58 - Route de Laval;45,7789850000;5,8914000000
202200036256;3;12;2022;15:00;1;94;94076;2;2;1;1;STALINGRAD (AV DE);48,7845900000;2,3673300000
202200036257;18;1;2022;16:05;2;83;83137;2;1;1;1;LOTI (AVE PIERRE);43,1138490000;5,9470320000
202200036258;16;7;2022;18:10;1;24;24388;1;3;1;1;RD 51;44,8572990000;0,9048700000
202200036259;7;12;2022;12:25;1;94;94011;2;1;1;1;ROUX(RUE DU DOCTEUR EMILE);48,7676500000;2,4786900000
202200036260;18;1;2022;15:25;1;81;81163;2;1;1;6;MEYER;43,4912200000;2,3783000000
202200036261;7;12;2022;15:45;1;94;94018;2;1;1;6;4 Rue du Général Chanzy;48,8265000000;2,4031900000
202200036262;18;1;2022;15:55;1;77;77221;1;1;1;3;D217B;48,8521800000;2,7255600000
202200036263;6;12;2022;19:00;5;93;93070;2;1;1;2;Boulevard Victor Hugo;48,9066960000;2,3253110000
202200036264;18;1;2022;03:48;5;67;67482;2;1;2;7;EDMOND ROSTAND (RUE);48,5925900000;7,6941800000
202200036265;17;7;2022;17:00;1;04;04079;1;1;1;4;RN 85;44,0738350000;6,0216450000
202200036266;7;12;2022;17:00;2;93;93048;2;2;1;6;Rue de Paris / Avenue Ferdinand Buisson;48,8565278461;2,4275950595
202200036267;17;1;2022;17:20;5;67;67482;2;1;1;3;BELGES (QUAI DES);48,5787070000;7,7810870000
202200036268;17;1;2022;14:30;1;66;66136;2;1;1;6;JUIN (AVENUE DU MARECHAL);42,6879813608;2,8981568478
202200036269;16;7;2022;06:25;2;87;87041;2;1;1;1;avenue d'alsace;46,1312630000;1,2824070000
202200036270;7;12;2022;18:15;5;93;93074;2;1;1;4;Boulevard Jacques Amyot;48,9366702955;2,5685582159
202200036271;15;1;2022;13:28;1;66;66136;2;1;1;3;JULIEN PANCHOT (AVENUE);42,6882700000;2,8748900000
202200036272;17;7;2022;13:00;1;52;52099;1;1;1;7;Départementale 8 pk24+100;48,6134700000;5,0402190000
202200036273;7;12;2022;16:30;2;92;92078;2;9;1;6;GALLIENI (BD) (1 A 79 ET 22 A 102);48,9306284876;2,3321426511
202200036274;14;1;2022;19:20;5;66;66136;2;1;1;7;GOURBAULT (DU LIEUTENANT);42,7075300000;2,8851300000
202200036275;16;7;2022;19:15;5;987;98734;1;1;2;-1;RT 1 PK 31.500; -17,7120000000; -149,5080000000
202200036276;6;12;2022;05:00;5;92;92078;2;1;1;3;VERDUN (AVENUE) (PAIRS 2 A 38);48,9356131483;2,3332868814
202200036277;17;7;2022;07:30;1;95;95353;1;1;1;6;RD 78;49,0948970000;2,3146930000
202200036278;17;1;2022;17:55;5;64;64445;2;3;1;6;Avenue Pierre Massé;43,3159600000; -0,3567700000
202200036279;7;12;2022;09:39;1;92;92040;2;3;1;3;ROUGET DE L'ISLE;48,8287041381;2,2649415135
202200036280;14;7;2022;14:00;1;973;97302;2;6;1;2;Route de Suzini;4,9272010000; -52,2900620000
202200036281;17;1;2022;20:11;5;64;64102;2;1;1;6;Allées Marines;43,4974900000; -1,4854100000
202200036282;7;12;2022;00:50;5;92;92036;2;2;1;1;ARGENTEUIL (AVENUE D');48,9356200000;2,2609000000
202200036283;16;7;2022;16:35;1;06;06085;2;2;1;3;492 Route du Cannet;43,5828200000;7,0095670000
202200036284;7;12;2022;14:24;1;92;92035;2;3;1;2;Château ( rue du );48,9057900000;2,2533900000