Num_Acc;jour;mois;an;hrmn;lum;dep;com;agg;int;atm;col;adr;lat;long
202200036285;17;1;2022;19:34;5;63;63113;2;2;1;6;LAFAYETTE (BD);45,7735000000;3,0900000000
202200036286;7;12;2022;16:05;1;92;92026;2;6;1;3;EUROPE ( ROND POINT DE L' );48,9054632364;2,2562602758
202200036287;17;7;2022;00:30;3;06;06104;1;1;1;6;A8 PK 215+400 SUD;43,7693390000;7,4493580000
202200036288;18;1;2022;19:10;5;59;59599;2;3;1;6;PARIS (RUE DE);50,7200359268;3,1426624954
202200036289;7;12;2022;17:15;5;92;92025;2;3;1;3;PAUL BERT (RUE);48,9297900000;2,2460990000
202200036290;17;7;2022;05:11;2;64;64545;1;1;1;6;autoroute A-63;43,3515400000; -1,7177100000
202200036291;18;1;2022;08:00;5;59;59599;2;1;1;3;YSER (RUE DE L');50,7446804620;3,1737763881
202200036292;7;12;2022;01:28;5;92;92023;2;1;8;2;GENERAL DE GAULLE (AVENUE DU);48,7891700000;2,2609100000
202200036293;18;1;2022;23:15;5;59;59512;2;1;1;6;ALSACE (AVENUE D');50,6991510198;3,1623673439
202200036294;6;12;2022;18:30;5;92;92012;2;2;1;3;EMILE ZOLA (RUE);48,8270500000;2,2383800000
202200036295;17;7;2022;14:55;1;34;34172;1;9;1;2;A709;43,6044640000;3,9289860000
202200036296;17;1;2022;06:45;3;59;59234;1;3;1;3;RD 120 (Z.I DES PRES LORIBES);50,4032700000;3,0631200000
202200036297;7;12;2022;18:40;5;92;92007;2;3;1;6;BRIAND (AVENUE ARISTIDE) N° 2 A 98;48,8017647266;2,3238905668
202200036298;17;7;2022;12:15;1;73;73296;2;1;1;5;D87a;45,4946420000;6,9259970000
202200036299;8;12;2022;16:00;1;974;97415;1;1;1;6;N1; -21,0192790000;55,2587150000
202200036300;14;1;2022;16:05;1;57;57672;2;2;1;3;CLEMENCEAU (AVENUE) 33+ ET 74+;49,3624800000;6,1636400000
202200036301;7;12;2022;22:00;3;14;14251;1;1;5;6;Rue des Fosses;48,9554600000; -0,4615760000
202200036302;17;7;2022;18:20;1;95;95371;2;1;1;3;Rue Roger Salengro;49,0796404897;2,5002425909
202200036303;7;12;2022;22:00;5;51;51352;2;9;1;7;Rue Bois Guillaume;48,7210276664;4,6069890261
202200036304;18;1;2022;19:20;5;54;54300;2;1;1;1;PATTON (RUE DU GENERAL);48,6536000000;6,2328000000
202200036305;17;7;2022;03:45;3;971;97110;1;1;1;7;section Baie Mahault;16,3258440000; -61,0261990000
202200036306;6;12;2022;18:45;3;84;84043;1;1;1;2;D942;43,9940570000;4,9292670000
202200036307;18;1;2022;16:42;1;54;54339;2;1;1;6;GRANDE ALLEE;48,7081600000;6,1978300000
202200036308;16;7;2022;17:45;1;41;41155;2;2;1;3;Rue Nationale;47,6700110000;1,5307580000
202200036309;8;12;2022;15:30;1;972;97206;2;1;1;3;Dizac;14,4762780000; -61,0372280000
202200036310;16;7;2022;02:20;3;28;28178;1;1;1;2;N12;48,7580560000;1,4887330000
202200036311;18;1;2022;12:55;1;45;45234;2;1;1;6;Rue de la République;47,9041100000;1,9042700000
202200036312;8;12;2022;15:40;1;60;60380;2;1;5;1;D922;49,1431450000;3,0643060000
202200036313;18;1;2022;07:45;5;45;45234;2;1;1;6;6 Boulevard Rocheplatte;47,9049000000;1,8975500000
202200036314;18;1;2022;00:25;5;45;45285;2;1;5;6;D520 PR4+350;47,9137800000;1,8680000000
202200036315;7;12;2022;07:45;3;44;44137;1;1;1;6;N171;47,3578700000; -2,0485600000
202200036316;16;7;2022;07:15;1;66;66017;2;1;1;5;;42,8195440000;3,0384280000
202200036317;15;1;2022;12:45;1;45;45004;2;1;1;6;Avenue d’Antibes;47,9727269039;2,7335721552
202200036318;28;11;2022;17:00;2;57;57178;2;1;2;3;Rue Principale;49,0028290000;6,8431570000
202200036319;17;1;2022;15:20;1;41;41018;2;1;1;3;LESUEUR (RUE DU DOCTEUR);47,6005400000;1,3425100000
202200036320;2;12;2022;19:07;5;91;91577;2;3;2;3;Route de Melun;48,5939240000;2,5019970000
202200036321;17;7;2022;13:25;1;84;84019;2;3;1;1;Avenue des Fontaines Wallace;44,3043320000;4,7493130000
202200036322;17;1;2022;16:19;1;40;40192;2;9;1;6;JUIN (V DU MARECHAL);43,9026200000; -0,4794800000
202200036323;7;12;2022;18:00;5;51;51631;1;1;1;2;D951;49,2040070000;4,0110610000
202200036324;17;1;2022;19:17;5;38;38151;2;3;1;3;COURS JEAN JAURÈS;45,1581179941;5,7089184570
202200036325;7;12;2022;14:30;1;19;19192;1;1;1;6;D1120;45,1409290000;1,8804970000
202200036326;17;7;2022;19:45;1;83;83053;2;1;1;7;Route d Evenos;43,1735474564;5,8382034302
202200036327;17;1;2022;21:55;5;37;37261;2;1;1;6;POMPIDOU (AVENUE GEORGES);47,3880792808;0,7085135579
202200036328;17;7;2022;08:45;1;10;10216;1;1;1;6;route départementale 9;48,6586865392;4,2262387276
202200036329;18;1;2022;12:35;1;35;35051;2;1;1;6;CHALOTAIS (RUE DE LA);48,1263000000; -1,5991400000
202200036330;7;12;2022;18:30;3;12;12150;1;1;1;6;D47;44,2590550000;1,9942920000
202200036331;15;7;2022;21:50;5;68;68089;2;1;1;7;89 Grand rue;47,8977580000;6,9824450000
202200036332;8;12;2022;11:30;1;39;39132;1;1;5;6;;46,8271820000;5,4820930000
202200036333;7;12;2022;16:01;2;38;38126;1;1;8;1;Route de Chartreuse;45,2282690000;5,7688520000
202200036334;18;1;2022;16:56;1;33;33162;2;9;1;3; Rocade A630;44,8796100000; -0,6268300000
202200036335;7;12;2022;17:45;5;84;84089;2;1;1;1;Avenue Pierre Augier;43,6914670000;5,5174220000
202200036336;16;7;2022;19:00;1;74;74080;2;1;1;1;Route du Col des Aravis;45,9000480000;6,4251780000
202200036337;17;1;2022;17:30;3;33;33119;2;6;1;2;Avenue Jean Zay;44,8534000000; -0,5079000000
202200036338;8;12;2022;00:20;3;26;26349;1;1;1;6;Route de Romans;45,2157240000;5,0313630000
202200036339;17;1;2022;12:45;1;29;29232;1;6;1;3;D365 - rond point Gutenberg;47,9797741735; -4,0791431665
202200036340;10;7;2022;16:10;1;42;42155;2;2;1;3;Route de Balbigny;45,8060300000;4,1561150000
202200036341;5;12;2022;18:45;3;64;64527;1;1;1;1;D918;43,3329480000; -1,4884220000
202200036342;3;7;2022;14:30;1;69;69181;1;1;1;6;Route Départementale 313;45,9706401574;4,4220585896
202200036343;18;1;2022;18:43;5;29;29019;2;4;1;3;Lesven;48,4058430000; -4,4789260000
202200036344;7;12;2022;15:15;1;43;43132;1;1;8;7;D56;45,1435390000;3,5005620000
202200036345;11;7;2022;12:30;1;81;81099;2;9;1;7;Chemin des Balitrands;43,8971970000;1,8685770000
202200036346;7;12;2022;11:27;1;53;53074;1;1;1;7;La Rousseliere;48,2681140000; -0,6763050000
202200036347;18;1;2022;18:00;4;29;29019;2;6;1;3;Rue Duquesne;48,3919666691; -4,4874697924
202200036348;16;7;2022;20:00;1;33;33001;2;1;1;6;Lieu Dit Rochereau;45,0216670000; -0,1471770000
202200036349;7;12;2022;08:05;2;17;17071;1;1;1;1;RD939;45,8780810000; -0,3606710000
202200036350;18;1;2022;12:15;1;27;27701;2;1;1;6;FALAISES (ROUTE DES);49,2669600000;1,2033900000
202200036351;7;12;2022;06:00;3;17;17301;1;1;9;7;bois giffard;45,9977440000; -0,1672570000
202200036352;17;7;2022;02:34;3;29;29001;1;1;1;3;D163 - ZA Kroaz Ar Mao;48,2365510000; -4,3153520000
202200036353;7;12;2022;17:55;5;88;88081;1;1;1;6;29 Rue d'Alsace;47,8889370000;6,8642540000
202200036354;15;7;2022;17:00;1;22;22179;1;1;1;7;Sainte-Aide;48,6195150000; -2,3474850000
202200036355;18;1;2022;08:20;5;27;27234;1;1;5;4;RN 154;49,0204887354;1,1915672294
202200036356;1;12;2022;08:05;1;31;31458;1;1;1;2;A64, pk 280.600;43,5126270000;1,3661240000
202200036357;15;7;2022;20:15;1;22;22162;2;1;1;6;Avenue du Général de Gaulle;48,7772890000; -3,0466600000
202200036358;8;12;2022;11:05;1;37;37010;1;1;1;6;;47,5446121014;0,9813022614
202200036359;17;7;2022;04:05;3;35;35031;1;1;1;6;La Bonnerie;48,1962280000; -1,4239530000
202200036360;8;12;2022;08:30;1;01;01276;1;1;5;6;D61 - PK 027.000;45,8169860000;5,0761560000
202200036361;18;1;2022;10:00;1;15;15014;2;6;7;6;GAMBETTA (AVENUE);44,9273300000;2,4462900000
202200036362;24;6;2022;13:35;1;60;60612;2;1;1;3;68 Avenue du Général de Gaulle;49,2085186430;2,6013178824
202200036363;7;12;2022;23:50;3;57;57413;1;1;8;7;Autoroute A4, PK 357+500, sens Strasbourg - Paris;49,1356760000;6,6463850000
202200036364;18;1;2022;21:50;5;13;13215;2;3;1;3;SAINT ANTOINE A SAINT JOSEPH (CHEMIN DE);43,3608978802;5,3635665117
202200036365;17;1;2022;18:30;5;13;13212;2;1;1;1;CIGALONS (AVENUE DES);43,3025010721;5,4538133603
202200036366;8;12;2022;17:50;3;14;14304;1;1;4;4;A29 ;49,3784892210;0,2403044700
202200036367;16;7;2022;20:40;5;60;60009;2;2;1;3;Avenue Rhin et Danube;49,4084320000;2,1124010000
202200036368;16;7;2022;21:00;2;80;80074;1;1;1;7;Rue Poulette;49,6909260000;2,6309040000
202200036369;17;1;2022;16:45;1;13;13211;2;1;1;1;MENARD (PIERRE) (BOULEVARD);43,2907945848;5,4415263552
202200036370;7;12;2022;18:45;3;95;95604;1;1;1;4;RD 317;49,0932360000;2,5306960000
202200036371;17;1;2022;16:30;1;13;13211;2;9;1;-1;SAINT MENET (AVENUE DE);43,2911273069;5,4866449535
202200036372;15;7;2022;00:20;3;69;69282;1;1;1;7;Route Départementale 302;45,7605500000;5,0309800000
202200036373;24;11;2022;07:00;4;78;78062;2;4;5;3;D119;48,8471380000;1,8987040000
202200036374;17;1;2022;20:20;5;13;13001;2;3;1;3;GAMBETTA (COURS);43,5192900000;5,4619800000
202200036375;7;12;2022;22:00;3;66;66059;1;1;1;7;;42,6216330000;2,9514110000
202200036376;8;12;2022;08:15;1;04;04143;1;1;1;7;D4;43,9363180000;5,9133910000
202200036377;17;1;2022;12:48;1;10;10081;2;4;1;6;TEILHARD DE CHARDIN (RUE);48,3075200000;4,0307900000
202200036378;16;7;2022;15:23;1;33;33550;1;1;1;4;ROCADE A 630;44,7819490000; -0,5837980000
202200036379;17;1;2022;08:00;2;07;07102;2;1;9;7;BRANDONS (RUE DES);44,9317500000;4,8787800000
202200036380;7;12;2022;16:55;1;13;13081;2;9;8;3;Avenue des Cedres;43,5085810000;5,2155930000
202200036381;16;7;2022;13:55;1;91;91086;1;1;1;7;RN 104;48,6239100000;2,3790400000
202200036382;8;12;2022;01:15;5;68;68217;2;1;1;7;84 Rue du Général de Gaulle;47,8634690000;7,0455310000
202200036383;16;7;2022;00:34;3;92;92019;1;1;1;2;N385;48,7691670617;2,2441088204
202200036384;18;1;2022;15:50;1;06;06088;2;1;1;3;REINE-VICTORIA (AV.);43,7220440000;7,2721580000
202200036385;5;12;2022;15:00;1;67;67408;1;1;8;6;D224;48,6346460000;7,3783710000
202200036386;30;4;2022;11:50;1;33;33009;2;1;1;1;PLAGE (BD DE LA) DU 196 ET +;44,6628300000; -1,1759400000
202200036387;18;1;2022;18:45;5;06;06069;2;1;1;3;ROUQUIER (BOULEVARD EMMANUEL);43,6345080000;6,9394250000
202200036388;8;12;2022;07:55;2;57;57683;2;1;1;6;D952;49,3038740000;6,1554340000
202200036389;14;7;2022;10:30;1;974;97411;1;9;2;6;MACE (ROUTE GABRIEL); -20,9094400000;55,5027700000
202200036390;18;1;2022;08:30;1;06;06069;2;3;1;3;LAC (CHEMIN DU) LE PLAN DE GRASSE;43,6429850000;6,9570590000
202200036391;8;12;2022;07:45;2;74;74224;2;1;1;6;Avenue des voirons;46,0724040000;6,2992160000
202200036392;15;7;2022;19:20;5;974;97407;2;1;1;7;LENINE (AVENUE); -20,9428900000;55,3006300000
202200036393;8;12;2022;06:50;5;42;42094;2;1;1;7;Rue de la Loire;45,7424530000;4,2118250000
202200036394;17;1;2022;14:40;1;01;01053;2;1;8;6;place carriat;46,2074000000;5,2275000000
202200036395;8;12;2022;12:55;1;38;38298;2;2;1;3;4 Avenue Jules Ferry;45,3708970000;4,7972540000
202200036396;18;1;2022;18:05;2;75;75110;2;7;1;2;PLACE FRANZ LISZT;48,8778970000;2,3516270000
202200036397;15;7;2022;11:27;1;974;97407;1;1;1;4;ROUTE DU SACRE COEUR; -20,9548700000;55,3102100000
202200036398;7;12;2022;14:15;2;69;69086;1;2;2;1;Route de Bel-Air;45,8294650000;4,6467230000
202200036399;18;1;2022;10:25;1;75;75118;2;2;1;3;BOULEVARD NEY;48,8976220000;2,3290980000
202200036400;15;7;2022;13:11;1;973;97302;2;3;1;3;ESTREES (AVENUE D');4,9411465333; -52,3221087456
202200036401;5;12;2022;05:36;3;81;81143;1;1;1;7;D622;43,5336710000;2,1024270000
202200036402;8;12;2022;08:00;2;86;86189;1;1;8;6;D727;46,2467910000;0,4948230000
202200036403;15;7;2022;10:00;1;973;97302;2;1;2;3;MADELEINE (ROUTE DE LA);4,9199300000; -52,3218400000
202200036404;18;1;2022;15:19;1;75;75116;2;7;1;3;PLACE TATTEGRAIN;48,8641000000;2,2721790000
202200036405;8;12;2022;07:11;5;33;33501;2;2;1;6;Route du Médoc;44,6521810000; -0,5980150000
202200036406;18;1;2022;15:10;1;75;75116;2;3;1;2;AVENUE FOCH;48,8726377468;2,2845768929
202200036407;15;7;2022;01:48;5;973;97302;2;2;2;2;MONTABO (ROUTE DE) 1;4,9443500000; -52,3098500000
202200036408;7;12;2022;12:50;1;22;22070;2;1;2;3;Rue Laurens de la Barre;48,5553540000; -3,1418060000
202200036409;18;1;2022;14:00;1;75;75116;2;3;1;3;AVENUE DU PRESIDENT WILSON;48,8650630000;2,2976120000
202200036410;15;7;2022;17:30;1;69;69383;2;2;1;3;Rue Ferdinand Buisson;45,7513000000;4,8938900000
202200036411;7;12;2022;17:57;5;35;35228;2;3;8;3;rue de Dinard;48,5814910000; -2,0585690000
202200036412;18;1;2022;11:35;1;75;75115;2;7;1;1;AVENUE DE BRETEUIL;48,8453480000;2,3117920000
202200036413;7;12;2022;12:55;1;76;76434;2;2;1;6;Rue de la Lande;49,3922690000;1,2620540000
202200036414;15;7;2022;10:00;1;69;69383;2;2;1;1;Rue de Bonnel;45,7622200000;4,8519600000
202200036415;18;1;2022;17:25;2;75;75101;2;2;1;2;AVENUE DE L OPERA;48,8674800000;2,3336590000
202200036416;8;12;2022;17:27;3;60;60170;1;1;2;2;D1330;49,2200330000;2,5510660000
202200036417;15;7;2022;10:50;1;972;97213;2;1;1;3;AUTOROUTE A1;14,5981000000; -60,9992600000
202200036418;8;12;2022;14:10;1;60;60015;1;1;8;7;D929;49,3324313651;2,3341380056
202200036419;18;1;2022;18:55;5;94;94080;2;3;1;1;Avenue du Petit Parc;48,8448700000;2,4285900000
202200036420;14;7;2022;19:45;5;972;97213;2;1;2;1;ROUTE DEPARTEMENTALE 13;14,6342400000; -61,0146700000
202200036421;8;12;2022;07:45;2;60;60559;1;1;2;2;Rue de Courlieu;49,4078154072;2,3143583398
202200036422;15;7;2022;08:45;1;69;69389;2;1;1;6;Rue Pierre Audry;45,7608300000;4,8095700000
202200036423;17;1;2022;23:30;5;94;94033;2;3;1;3;Boulevard de Verdun / Rue Michelet;48,8518500000;2,4729800000
202200036424;8;12;2022;15:20;1;59;59044;2;1;1;6;29 Rue Louis Deffontaines;50,6113140000;3,2296840000
202200036425;18;1;2022;15:10;1;94;94017;2;1;1;2;Avenue du Général de Gaulle;48,8262390000;2,5052720000
202200036426;7;12;2022;08:35;1;59;59212;2;1;1;6;Rue Emile Roche;50,6440590000;2,7215360000
202200036427;14;7;2022;14:50;1;91;91216;2;3;1;3;GRANDE RUE;48,6750100000;2,3242300000
202200036428;18;1;2022;15:45;1;93;93072;2;3;1;6;Place Marcel Pointet / Avenue Paul Vaillant Couturier;48,9512200000;2,3815100000
202200036429;3;12;2022;05:25;3;69;69256;1;1;2;2;Rocade Est;45,7970500000;4,9395800000
202200036430;14;7;2022;01:35;5;91;91161;2;1;1;3;RUE HELENE BOUCHER;48,7132900000;2,3028900000
202200036431;18;1;2022;11:40;1;93;93070;2;1;1;6;LANDY(RUE):N° 1 AU 43;48,9178942794;2,3311537052
202200036432;3;12;2022;08:25;1;69;69029;1;1;8;2;Route Départementale 383 ;45,7258800000;4,8934800000
202200036433;15;7;2022;07:04;1;87;87085;2;1;1;1;21 AOUT 1944 (BD DU);45,8104400000;1,2590200000
202200036434;17;1;2022;17:00;2;93;93006;2;1;1;6;PASTEUR AV.;48,8760771757;2,4189967593
202200036435;7;12;2022;13:35;1;91;91136;1;1;1;3;AUTOROUTE A10;48,7137000000;2,2758500000
202200036436;7;12;2022;13:50;1;94;94038;1;1;1;2;AUTOROUTE A6B;48,7733305121;2,3453806368
202200036437;17;1;2022;17:05;1;93;93014;2;2;1;6;GAGNY (ALLEE DE);48,9043800000;2,5483800000
202200036438;14;7;2022;23:28;5;87;87113;1;3;1;6;MITTERRAND (AVENUE FRANCOIS);45,8720800000;1,3391100000
202200036439;6;12;2022;22:00;3;94;94038;1;1;1;3;AUTOROUTE A6B;48,7750900000;2,3463500000
202200036440;18;1;2022;08:35;1;93;93008;2;1;5;6;PROUDHON (RUE);48,9141699410;2,4754647910
202200036441;13;7;2022;19:17;1;87;87050;2;1;1;3;LIMOGES (AVENUE DE);45,8623100000;1,2398600000
202200036442;7;12;2022;17:15;2;92;92025;1;1;1;3;A86;48,9274239062;2,2374158506
202200036443;18;1;2022;20:25;5;92;92035;2;1;1;3;Général de Gaulle  ( avenue du );48,9093240000;2,2551890000
202200036444;13;7;2022;19:29;1;87;87085;1;1;1;7;AUTOROUTE A20;45,8466000000;1,2768810000
202200036445;18;1;2022;09:25;1;92;92024;2;6;1;3;CLICHY (QUAI DE) DE (8 A 60);48,9034684218;2,2895446122
202200036446;7;12;2022;15:20;1;78;78090;1;1;1;4;A13;48,9695690000;1,9143050000
202200036447;7;12;2022;09:00;1;78;78466;1;1;1;7;A14;48,9213350000;2,0047510000
202200036448;8;7;2022;16:40;1;84;84007;2;1;1;3;MARSEILLE (Route de );43,9149200000;4,8757400000
202200036449;18;1;2022;20:50;5;92;92007;2;2;1;3;BENARDS (RUE DES);48,7923534205;2,2988198921
202200036450;7;12;2022;18:00;3;95;95582;1;1;1;4;A15;48,9756216352;2,2402402718
202200036451;18;1;2022;08:50;1;92;92012;2;1;1;3;SILLY (RUE DE) 1/87 - 2/88;48,8407111083;2,2315818071
202200036452;15;7;2022;00:20;5;83;83129;2;1;1;5;SOLVIOU (CORNICHE DE);43,1024100000;5,8125400000
202200036453;7;12;2022;14:00;1;93;93005;1;1;1;2;AUTOROUTE A3;48,9517958851;2,4740240035
202200036454;19;1;2022;09:00;1;01;01004;2;1;1;6;"Avenue Méring ""Gymnase cordier""";45,9605680000;5,3408310000
202200036455;10;7;2022;08:15;1;83;83118;2;9;1;2;RUE ALBERT CAMATTE;43,4283100000;6,7718300000
202200036456;28;11;2022;08:00;3;95;95582;1;1;2;3; A15;48,9641400000;2,2626400000
202200036457;18;1;2022;22:50;3;91;91294;1;1;1;3;route nationale 20;48,3839100000;2,0943980000
202200036458;15;7;2022;17:00;1;78;78551;1;1;7;3;ROUTE NATIONALE 13;48,8907360000;2,0837180000
202200036459;6;12;2022;09:00;2;93;93053;1;1;1;3;AUTOROUTE A86;48,8879400000;2,4745100000
202200036460;18;1;2022;18:45;3;83;83004;1;1;1;5;RD555;43,4791140000;6,4818050000
202200036461;15;7;2022;13:00;1;77;77307;2;2;7;6;D934;48,8776690000;2,7314170000
202200036462;16;1;2022;19:10;3;88;88284;1;1;4;3;D23;48,2035830000;7,0281390000
202200036463;15;7;2022;17:00;1;76;76540;2;3;1;2;Rue de Fontenay;49,4364100000;1,1029800000
202200036464;15;7;2022;09:25;1;76;76447;1;1;1;7;Route d'Octeville;49,5486800000;0,1598300000
202200036465;19;1;2022;17:45;3;51;51569;1;1;3;2;N31;49,2643226841;3,9349079132
202200036466;19;1;2022;10:30;1;51;51535;2;1;1;7;Avenue Jean Jaures;48,7149990000;3,7274340000
202200036467;14;7;2022;16:35;1;76;76351;2;3;1;6;LEO DELIBES;49,5060600000;0,1674500000
202200036468;18;1;2022;15:00;1;51;51612;1;1;1;3;D9;48,9171980000;4,0202240000
202200036469;15;7;2022;01:00;5;76;76351;2;1;1;6;CLEMENT MARICAL;49,5018800000;0,0974100000
202200036470;19;1;2022;12:30;1;51;51281;1;1;2;6;D240;48,9621004928;3,9805644751
202200036471;27;8;2022;03:15;3;988;98804;2;1;1;6;Nonhoué - Boakaine (Tribu); -21,5129690000;165,9365990000
202200036472;17;1;2022;12:45;1;79;79008;1;2;8;2;;46,7564470000; -0,3097090000
202200036473;19;1;2022;17:30;1;12;12120;1;1;2;6;N88;44,3732420000;2,8371230000
202200036474;24;8;2022;13:40;1;971;97111;1;1;2;6;Allée Guyonneau Gadet;16,3196500000; -61,7864920000
202200036475;18;1;2022;12:35;1;12;12241;1;4;7;2;RD 29;44,3636860000;2,6433510000
202200036476;15;7;2022;09:20;1;73;73029;2;3;7;3;D1006 / D8E;45,5705400000;5,9487900000
202200036477;25;8;2022;17:22;1;33;33099;2;2;1;3;Route de Latresne;44,8132970000; -0,4775060000
202200036478;16;1;2022;06:00;3;29;29199;1;1;2;6;Lan Kerdiles (Plouigneau);48,5792050000; -3,7158570000
202200036479;19;1;2022;19:00;3;01;01406;1;1;1;6;Route de Mantenay;46,4299570000;5,0675590000
202200036480;15;7;2022;20:20;1;71;71486;2;1;1;1;FRANCHE COMTE (IMPASSE);46,6399738065;4,3337407708
202200036481;25;8;2022;16:35;1;2B;2B350;1;1;1;1;Lieu-dit Funtanone - Route teritoriale 20;42,5225760000;9,4055710000
202200036482;18;1;2022;16:30;1;01;01408;1;1;8;6;D98;46,2239390000;5,3911540000
202200036483;15;7;2022;21:00;2;69;69256;2;1;1;3;Rue Alexandre Dumas;45,7535400000;4,9310000000
202200036484;26;8;2022;05:30;2;2A;2A288;1;1;1;6;D59;41,5121930000;9,1949990000
202200036485;18;1;2022;16:11;1;72;72180;2;1;1;6;Place Caillaux;48,3467840000;0,3707940000
202200036486;19;1;2022;13:00;1;06;06079;2;1;1;3;avenue Jean Rostand;43,5473010000;6,9427300000
202200036487;15;7;2022;15:30;1;69;69266;2;2;7;3;Rue Dedieu;45,7694000000;4,8647000000
202200036488;26;8;2022;10:30;1;2A;2A041;1;1;1;6;T10;41,4611929065;9,2181778551
202200036489;16;1;2022;16:10;1;14;14654;1;1;1;7;D250;48,9880180000;0,0495240000
202200036490;27;2;2022;12:15;1;59;59202;1;1;1;2;AUTOROUTE A25;50,6805342797;2,8501213789
202200036491;19;1;2022;12:40;1;09;09086;1;9;9;7;D117;43,0317800000;1,0819070000
202200036492;15;7;2022;08:29;1;69;69290;2;2;1;6;Rue Henri Maréchal;45,6902400000;4,9373000000
202200036493;25;8;2022;23:15;4;66;66165;1;3;1;2;;42,6494580000;2,5561340000
202200036494;18;1;2022;18:30;3;60;60249;1;1;1;7;Route de Balagny;49,2811530000;2,3284580000
202200036495;27;2;2022;05:50;3;59;59580;1;1;1;2;AUTOROUTE A25;50,8217341557;2,5881600380
202200036496;20;8;2022;11:40;1;66;66008;1;6;1;3;;42,5401330000;3,0367980000
202200036497;14;7;2022;22:03;2;67;67482;1;3;1;3;VIRGILE (RUE);48,5818500000;7,7035000000
202200036498;18;1;2022;13:50;1;10;10033;2;9;1;3;Avenue du Général Leclerc;48,2370330000;4,7016390000
202200036499;25;5;2022;18:30;1;34;34240;1;1;7;2;D112, sens Mauguio- Saint-Aunès;43,6489090000;3,9841000000
202200036500;16;1;2022;21:00;3;36;36239;1;1;1;6;;46,5128660000;1,4721680000
202200036501;25;2;2022;17:00;1;59;59515;1;1;1;4;AUTOROUTE A2;50,3288400000;3,4382600000
202200036502;13;7;2022;17:30;1;67;67482;2;3;1;3;HOCHFELDEN (RUE DE);48,5953200000;7,7277500000
202200036503;25;8;2022;13:30;1;84;84063;1;1;1;1;N86;44,2660470000;4,6830890000
202200036504;26;8;2022;08:00;1;83;83053;2;1;1;3;;43,1650130000;5,8295130000
202200036505;5;1;2022;16:10;1;16;16286;2;2;1;4;carrefour D939 D64;45,7783810000; -0,0699040000
202200036506;13;7;2022;16:15;1;67;67482;2;1;1;6;MENACHEM TAFFEL (RUE);48,5739700000;7,7426000000
202200036507;25;2;2022;09:15;1;59;59449;1;1;1;4;AUTOROUTE A23;50,4618662431;3,2560515404
202200036508;22;8;2022;12:30;1;06;06048;2;3;1;6;873 Avenue Borriglione;43,8099050000;7,3160420000
202200036509;17;1;2022;09:20;1;24;24220;1;1;5;7;D710;45,0427810000;0,8567620000
202200036510;15;7;2022;13:20;1;64;64132;1;6;1;3;D802;43,2911061569; -0,3312823176
202200036511;31;7;2022;02:30;3;04;04152;1;1;1;6;RD 6;43,8220650000;5,7523080000
202200036512;28;2;2022;21:39;5;94;94076;1;1;1;2;AUTOROUTE A6B;48,7857500000;2,3456800000
202200036513;26;8;2022;13:30;1;26;26072;1;1;1;6;Autoroute A7, sens nord/sud, PK 046.700;45,1171150000;4,8931650000
202200036514;19;1;2022;19:40;5;85;85084;2;3;2;6;65 Rue Georges Clémenceau;46,7746720000; -1,2310780000
202200036515;15;7;2022;11:40;1;64;64122;2;1;7;2;Rue du Lycée;43,4865428313; -1,5481522679
202200036516;26;8;2022;07:45;1;85;85222;2;6;1;3;RD38B;46,7012930000; -1,9341190000
202200036517;18;1;2022;09:30;1;37;37143;2;2;8;3;1 Rue des Charpes;47,1367200000;0,7943410000
202200036518;14;7;2022;05:25;4;64;64122;2;1;1;6;Boulevard de Cascais;43,4791700000; -1,5423300000
202200036519;27;2;2022;23:44;5;92;92064;1;1;1;6;A13;48,8466526187;2,2236981409
202200036520;16;1;2022;17:45;3;06;06152;1;9;1;6;Route du Parc;43,6136380000;7,0457300000
202200036521;26;8;2022;15:00;1;29;29046;1;1;1;3;1 Route de Poullan;48,0807280000; -4,3595390000
202200036522;15;7;2022;19:40;1;64;64024;2;3;1;3;BIARRITZ (AVENUE DE);43,4802400000; -1,5222200000
202200036523;28;2;2022;15:30;1;93;93066;1;1;1;2;AUTOROUTE A1;48,9202900000;2,3575200000
202200036524;26;8;2022;09:55;1;02;02163;2;9;1;6;17 Route de Pavant;48,9722450000;3,2817900000
202200036525;26;8;2022;08:30;1;02;02676;1;1;1;7;;49,5488180000;3,8746230000
202200036526;14;1;2022;23:00;5;987;98733;2;3;2;2;PK 19.100 - RT1 - Sens PAPARA/PAPEETE; -17,6899310000; -149,5483490000
202200036527;28;2;2022;08:15;1;93;93005;1;1;1;3;AUTOROUTE A3;48,9543000000;2,4736600000
202200036528;19;1;2022;05:30;3;45;45229;1;1;1;6;D135-PR3+600;47,8205490368;2,7077128887
202200036529;28;2;2022;05:55;3;95;95252;1;1;1;6;A15;48,9771092205;2,2344088554
202200036530;25;8;2022;18:30;1;13;13210;1;1;1;2;A50-Sens Marseille vers Aubagne;43,2848621721;5,4182638867
202200036531;15;7;2022;15:15;1;59;59599;2;1;1;3;YSER (RUE DE L');50,7446260000;3,1737610000
202200036532;19;1;2022;09:45;1;2A;2A247;2;1;1;6;Quai Pascal Paoli;41,5898420000;9,2830180000