Num_Acc;jour;mois;an;hrmn;lum;dep;com;agg;int;atm;col;adr;lat;long
202200036533;25;8;2022;17:36;1;13;13215;1;1;1;2;A7-Sens Marseille vers Lyon;43,3415557501;5,3766105874
202200036534;15;7;2022;19:50;1;59;59512;2;1;1;6;MILN (RUE);50,6894085690;3,1653526425
202200036535;27;2;2022;00:50;3;94;94046;1;1;1;2;A86 INT;48,8071100000;2,4488500000
202200036536;18;1;2022;17:05;1;34;34090;2;7;1;3;Place du Pont Trinquat;43,6427990000;3,9361950000
202200036537;24;8;2022;18:52;1;13;13106;1;1;1;6;A7-Sens Lyon vers Marseille;43,3908023876;5,3509949147
202200036538;14;1;2022;18:30;5;42;42056;2;1;1;6;Rue du Chirat;45,4125660000;4,7333960000
202200036539;9;7;2022;11:40;1;59;59350;2;5;1;3;MONTEBELLO BOULEVARD N° RESTE;50,6238800000;3,0432500000
202200036540;24;8;2022;20:02;1;13;13005;1;1;1;2;A50-Sens Aubagne vers Marseille;43,2884680000;5,5483080000
202200036541;25;2;2022;14:30;1;974;97416;2;1;1;5;RN1 (ROUTE NATIONALE); -21,3309610000;55,4555580000
202200036542;18;1;2022;07:05;2;38;38001;1;4;5;1;D1075;45,5009440000;5,5929480000
202200036543;24;8;2022;17:55;1;13;13211;1;1;1;2;A50-Sens Marseille vers Aubagne;43,2920401133;5,4529633172
202200036544;27;2;2022;17:45;1;973;97302;2;1;2;3;RABAN (ROUTE DE);4,9225100000; -52,3126100000
202200036545;14;7;2022;19:20;1;59;59286;2;1;7;3;CARNOT SADI RUE;50,6112400000;2,9905500000
202200036546;15;1;2022;13:45;1;69;69242;1;1;8;6;Route Départementale 337;46,1112030000;4,7544140000
202200036547;24;8;2022;15:20;1;13;13213;1;1;1;4;A507 sens Marseille - Aubagne;43,3283406473;5,4171822605
202200036548;8;7;2022;14:00;1;58;58194;2;3;1;3;SAINT ETIENNE;46,9910100000;3,1632100000
202200036549;27;2;2022;13:10;1;973;97302;2;1;1;6;MONTABO (ROUTE DE) 2;4,9434036828; -52,3068737984
202200036550;18;1;2022;16:30;1;69;69009;2;1;1;4;Route de Villefranche;45,9419850000;4,7158220000
202200036551;13;1;2022;20:30;3;69;69227;1;1;8;7;Route Départementale 34;45,6545330000;4,5761920000
202200036552;25;8;2022;15:55;1;33;33162;1;1;1;2;ROCADE A 630;44,8781700000; -0,6296900000
202200036553;15;7;2022;12:25;1;54;54395;2;6;1;2;Rue Albert Lebrun;48,6861400000;6,1918500000
202200036554;27;2;2022;13:15;1;69;69383;2;2;1;6;Avenue du Château;45,7486000000;4,8837800000
202200036555;25;8;2022;06:12;3;33;33249;1;1;3;6;ROUTE NATIONALE 230;44,8845400000; -0,5105500000
202200036556;19;1;2022;09:20;1;85;85240;2;3;1;3;VC rue du doue;46,9293000000; -0,9001860000
202200036557;15;7;2022;17:50;1;51;51454;2;2;1;3;rue Maldan;49,2638500000;4,0179300000
202200036558;18;1;2022;17:15;1;22;22070;2;2;1;3;avenue kennedy;48,5632000467; -3,1606668238
202200036559;25;8;2022;13:20;1;91;91468;1;1;1;5;AUTOROUTE A6;48,5738000000;2,4670700000
202200036560;26;2;2022;21:50;5;972;97213;1;1;1;3;AUTOROUTE A1;14,6154700000; -61,0135700000
202200036561;17;1;2022;15:30;1;62;62318;2;9;1;6;Boulevard Imperatrice;50,5158340000;1,6338150000
202200036562;12;7;2022;07:45;1;50;50129;1;3;7;3;BENECERE (AVENUE DE);49,6457600000; -1,6922400000
202200036563;25;8;2022;09:00;1;91;91553;1;1;1;2;RN 104;48,6297000000;2,4840000000
202200036564;18;1;2022;19:15;5;69;69199;2;1;1;1;Route Départementale 383;45,7031300000;4,8446100000
202200036565;14;7;2022;16:50;1;50;50129;2;6;1;7;PENESME (ROND POINT);49,6362800000; -1,5761400000
202200036566;27;2;2022;13:45;1;69;69381;2;3;1;1;Cours Général Giraud;45,7697700000;4,8169600000
202200036567;25;8;2022;23:20;3;91;91345;1;1;1;2;AUTOROUTE A6;48,6885400000;2,3247600000
202200036568;18;1;2022;19:10;1;33;33249;1;1;1;2;ROUTE NATIONALE 230;44,8769110000; -0,5085270000
202200036569;27;2;2022;09:45;1;69;69286;2;1;1;6;Place Jules Massenet;45,8168262403;4,9020910263
202200036570;18;1;2022;17:50;2;33;33366;1;1;1;6;AUTOROUTE A 10;44,9874070000; -0,4276290000
202200036571;24;8;2022;16:00;1;78;78206;1;1;1;3;A13;48,9449700000;1,9494780000
202200036572;13;7;2022;18:55;1;49;49328;2;3;1;3;CHUMEAU (RUE MICHEL);47,2519753048; -0,0941509008
202200036573;27;2;2022;05:49;5;69;69381;2;1;1;1;Quai Jean Moulin;45,7664500000;4,8383200000
202200036574;18;1;2022;05:40;3;33;33318;1;1;1;6;ROCADE A 630;44,7890100000; -0,6447100000
202200036575;24;8;2022;21:20;3;95;95306;1;1;1;5; A15;49,0009875612;2,1728333831
202200036576;27;2;2022;14:20;1;971;97101;1;1;1;3;RN1 ROCADE DE CHAUVEL;16,2470700000; -61,5263700000
202200036577;15;7;2022;11:00;1;45;45285;2;3;1;7;75 Rue du 11 Octobre;47,9167000000;1,8819200000
202200036578;17;1;2022;22:25;5;33;33013;1;1;1;5;ROUTE NATIONALE 230;44,8531800000; -0,5050300000
202200036579;27;2;2022;08:00;1;971;97101;1;1;1;6;RN11;16,2733700000; -61,5171800000
202200036580;25;8;2022;14:00;1;94;94052;1;1;1;4;A4;48,8266944100;2,4666901824
202200036581;27;2;2022;19:02;5;95;95388;2;1;1;6;RD 81;49,0283672640;1,9890511036
202200036582;15;7;2022;02:50;3;44;44184;2;1;1;2;Route Bleue;47,2844600000; -2,3012200000
202200036583;25;8;2022;08:45;1;94;94017;1;1;1;3;A4;48,8301000000;2,4871000000
202200036584;17;1;2022;08:00;3;94;94038;1;1;1;3;AUTOROUTE A6B;48,7748700000;2,3457300000
202200036585;27;2;2022;20:00;5;91;91687;2;9;1;3;GENERAL DE GAULLE (AVENUE DU);48,6724070000;2,3893870000
202200036586;27;2;2022;17:50;1;78;78029;2;1;1;6;QUARANTE SOUS (RUE DES);48,9625790000;1,8574280000
202200036587;18;1;2022;16:45;2;93;93066;1;1;1;4;AUTOROUTE A1;48,9099200000;2,3582400000
202200036588;24;8;2022;16:40;1;94;94069;1;1;1;2;A86 EXT;48,8160300000;2,4519400000
202200036589;25;6;2022;11:30;1;44;44184;2;6;1;6;5 Boulevard Georges Charpak;47,2709000000; -2,2501800000
202200036590;18;1;2022;10:00;1;95;95582;1;1;1;6; A15;48,9758700000;2,2394500000
202200036591;28;2;2022;00:46;5;78;78172;2;3;1;6;SARRAIL (RUE DU GENERAL);49,0058360000;2,1103670000
202200036592;18;1;2022;05:45;3;93;93066;1;1;5;6;AUTOROUTE A1;48,9287100000;2,3604300000
202200036593;29;1;2022;13:57;1;56;56260;2;4;1;7;8 Boulevard de la Résistance;47,6519450000; -2,7833050000
202200036594;13;7;2022;23:15;5;44;44184;2;3;1;3;Boulevard Paul Leferme;47,2843100000; -2,2013900000
202200036595;17;1;2022;21:40;3;95;95582;1;1;1;6; A15;48,9664042548;2,2561240196
202200036596;27;2;2022;15:00;1;76;76474;2;1;1;6;Route de Dieppe;49,4966400000;1,0485400000
202200036597;17;1;2022;16:30;1;95;95582;1;1;1;6; A15;48,9626100000;2,2629100000
202200036598;18;5;2022;15:50;1;38;38179;2;1;1;2;RUE DE LA CONDAMINE;45,1881700000;5,7774100000
202200036599;15;7;2022;04:40;5;38;38185;2;1;1;3;Cours de la Libération;45,1613800000;5,7101300000
202200036600;25;2;2022;20:00;2;73;73137;2;3;2;3;D912 GRANDE CHARTREUSE (AVENUE DE LA);45,5545936616;5,9217220545
202200036601;17;1;2022;14:40;1;93;93010;1;1;1;3;AUTOROUTE A3;48,9050400000;2,4723200000
202200036602;27;2;2022;16:15;1;72;72181;2;1;1;6;JAURES JEAN (AV) N° IMP 35 A 179;47,9887600000;0,2081700000
202200036603;18;1;2022;14:05;1;77;77181;1;1;1;2;A4;48,8300600000;2,7012500000
202200036604;24;8;2022;07:32;1;988;98818;2;1;1;4;RUE GEORGES LEQUES; -22,2237700000;166,4854400000
202200036605;15;7;2022;22:30;5;33;33063;2;3;1;3;Quai des Chartrons;44,8555800000; -0,5635500000
202200036606;26;2;2022;17:20;1;67;67462;2;1;7;6;STRASBOURG (ROUTE DE);48,2624100000;7,4483500000
202200036607;17;1;2022;16:48;1;74;74281;2;9;1;6;CHAMPAGNE (AVENUE DE);46,3756116989;6,4942005873
202200036608;24;8;2022;14:40;1;973;97302;2;3;1;2;MONTABO (ROUTE DE) 2;4,9422500000; -52,3049600000
202200036609;17;1;2022;11:00;1;68;68376;2;1;1;6;SOULTZ(ROUTE DE);47,8046100000;7,3116900000
202200036610;26;2;2022;23:55;3;61;61006;2;1;1;7;EXPANSION (BOULEVARD DE);48,7265400000; -0,0193800000
202200036611;15;7;2022;02:20;5;33;33529;2;1;1;6;OCEAN (BD DE L');44,6303800000; -1,2026310000
202200036612;17;1;2022;21:15;5;93;93064;2;3;1;6;Rue Albert Bouchet / Rue Hussenet;48,8783900000;2,4796600000
202200036613;27;2;2022;07:15;2;59;59291;2;9;1;6;DEHAM (RUE DE);50,2407510000;3,9124180000
202200036614;24;8;2022;14:10;1;973;97302;2;2;1;3;EBOUE (ROCADE FELIX);4,9295500000; -52,3151100000
202200036615;16;1;2022;20:10;5;974;97407;2;1;1;6;20 DECEMBRE 1948(AVENUE DU); -20,9359400000;55,2985100000
202200036616;27;2;2022;03:00;5;42;42095;2;1;1;6;Rue Victor Hugo;45,3731303929;4,2713244259
202200036617;15;7;2022;18:20;1;29;29019;2;2;1;3;rue Dupuy de Lome;48,3884060000; -4,5157610000
202200036618;17;1;2022;21:16;1;973;97309;2;6;1;3;SUZINI (CARREFOUR);4,9269600000; -52,2899300000
202200036619;24;8;2022;20:20;1;69;69387;2;2;1;3;Cours Gambetta;45,7544200000;4,8454000000
202200036620;27;2;2022;18:30;1;37;37261;2;1;1;6;EUROPE (AVENUE DE L');47,4227800000;0,6856600000
202200036621;17;1;2022;20:00;5;69;69388;2;1;1;3;Rue Audibert et Lavirotte;45,7372600000;4,8583300000
202200036622;24;8;2022;14:51;1;69;69387;2;1;1;6;Avenue Jean Jaurès;45,7271300000;4,8311900000
202200036623;27;2;2022;18:53;1;35;35238;2;9;1;6;Boulevard de Cleunay;48,1019900000; -1,6988100000
202200036624;6;7;2022;12:29;1;27;27229;2;1;1;2;SAINT ANDRE (ROUTE DE);49,0140940747;1,1634993553
202200036625;17;1;2022;16:40;1;69;69389;2;4;8;6;29 Rue de la Corderie;45,7770157716;4,8042038083
202200036626;27;2;2022;17:35;1;35;35238;2;9;1;3;CHURCHILL (AVENUE SIR WINSTON);48,1224300000; -1,7088500000
202200036627;24;8;2022;10:10;1;69;69387;2;2;1;6;Avenue Berthelot;45,7451700000;4,8419300000
202200036628;14;7;2022;14:50;1;21;21231;2;3;1;3;CHICAGO (DE) (BOULEVARD);47,3020791599;5,0673918838
202200036629;17;1;2022;13:22;1;69;69389;2;1;1;1;316 Avenue Andrei Sakharov;45,7871527155;4,7995662689
202200036630;24;8;2022;03:45;5;69;69386;2;2;1;3;Rue Duguesclin;45,7716800000;4,8467900000
202200036631;27;2;2022;14:25;1;35;35238;2;2;1;1;VEZIN (ROUTE DE);48,1163200000; -1,7140700000
202200036632;24;8;2022;10:29;1;972;97213;1;1;1;2;ROUTE DEPARTEMENTALE 15;14,6322800000; -61,0085600000
202200036633;15;1;2022;09:09;1;2B;2B033;2;6;1;3;AGLIANI - CHEMIN D';42,6660730000;9,4392830000
202200036634;27;2;2022;14:00;1;35;35238;2;1;1;6;STRASBOURG (BOULEVARD DE);48,1105854739; -1,6557165384
202200036635;15;7;2022;18:45;1;13;13212;2;1;1;2;CAILLOLS (AVENUE DES);43,3038200000;5,4269200000
202200036636;14;1;2022;23:00;5;971;97101;2;1;1;7;CHAUVEL;16,2366500000; -61,5130500000
202200036637;24;8;2022;21:30;3;69;69142;2;1;1;1;Quai Jean-Jacques Rousseau;45,7435823358;4,8128172755
202200036638;14;7;2022;10:25;1;13;13206;2;1;1;1;LIEUTAUD (COURS);43,2890400000;5,3842800000
202200036639;27;2;2022;04:45;4;33;33318;2;4;1;6;Avenue de Madran;44,8057000000; -0,6610100000
202200036640;16;1;2022;04:30;5;95;95680;2;1;5;6;AVENUE PIERRE SEMARD;49,0012010653;2,4077492952
202200036641;24;8;2022;14:00;1;2A;2A004;2;9;1;6;NAPOLEON COURS AVANT BEVERINI;41,9276800000;8,7385700000
202200036642;28;2;2022;02:30;3;33;33529;1;6;5;6;RD 1250 (OUSTALET - BONNEVAL);44,6168900000; -1,1382500000
202200036643;13;7;2022;00:15;5;13;13202;2;2;1;3;PARIS (BOULEVARD DE);43,3110601908;5,3695468604
202200036644;17;1;2022;09:00;1;95;95280;1;1;8;2;Avenue de la Gare;49,0227800000;2,4653300000
202200036645;24;8;2022;09:45;1;95;95019;2;1;7;6;Rue Boishue;48,9792720000;2,4251900000
202200036646;27;2;2022;18:05;1;33;33529;2;1;1;7;CAONE (CH. DE LA);44,5398700000; -1,1740800000
202200036647;17;1;2022;17:45;4;91;91201;2;1;1;3;RUE WALDECK ROUSSEAU;48,6882800000;2,4349000000
202200036648;19;4;2022;11:15;1;13;13047;1;1;1;2;RD 569;43,5429100000;4,9731900000
202200036649;24;8;2022;19:35;1;95;95555;2;1;1;3;Boulevard Pasteur;48,9656059857;2,2823774815
202200036650;26;2;2022;18:10;1;29;29232;2;2;1;3;Rue de Juniville;47,9952692886; -4,0999844670
202200036651;15;1;2022;08:20;1;85;85194;2;3;1;3;46 Avenue alcide gabaret;46,4960500000; -1,7729200000
202200036652;15;7;2022;18:05;1;10;10387;2;1;1;3;CHOMEDEY DE MAISONNEUVE (AVE);48,3087744435;4,0687608719
202200036653;26;2;2022;17:56;1;29;29232;1;1;1;2;D34 - Route de Benodet;47,9709600000; -4,0864000000
202200036654;24;8;2022;17:50;1;95;95555;2;2;1;3;SANNOIS (RUE DE);48,9713285895;2,2753527761
202200036655;27;2;2022;15:10;1;29;29039;1;1;1;6;Beg Menez;47,9000200000; -3,9435800000
202200036656;27;2;2022;04:06;5;17;17300;2;1;1;7;DUPATY   RUE;46,1599500000; -1,1517800000
202200036657;24;8;2022;19:25;1;91;91691;2;1;1;1;ABBAYE(RUE);48,7105900000;2,4981100000
202200036658;13;7;2022;16:45;1;09;09122;1;1;1;5;20 (R.N.) COTE SUD DU TUNNEL;42,9517680000;1,6224560000
202200036659;13;1;2022;15:45;1;80;80001;2;1;1;2;AMIENS (d');50,1024300000;1,8541080000
202200036660;24;8;2022;09:35;1;83;83098;2;9;1;3;DE LATTRE (BD DE TASSIGNY);43,0973696872;6,0251722634
202200036661;15;7;2022;18:45;1;06;06088;2;1;1;-1;MALAUSSENA (AV.);43,7081100000;7,2631300000
202200036662;27;2;2022;15:29;1;13;13117;1;4;1;2;CD 9 ESTROUBLANS;43,4276204903;5,2557821581
202200036663;17;1;2022;08:30;2;78;78440;2;2;1;3;JEAN MERMOZ (RUE);48,9905780000;1,8973670000
202200036664;15;7;2022;04:10;5;06;06069;2;1;1;7;ORMEAUX (PLACE DES);43,6417300000;6,9597600000
202200036665;24;8;2022;17:40;1;81;81004;2;9;1;6;LANNES (BD DU MARECHAL);43,9430000000;2,1548100000
202200036666;27;2;2022;22:40;5;13;13209;2;3;1;7;HUVEAUNE (BOULEVARD DE);43,2739100000;5,4079100000
202200036667;17;1;2022;09:00;2;77;77085;2;6;5;5;D231;48,8629780000;2,7431150000
202200036668;27;2;2022;04:15;5;13;13206;2;1;1;3;LIEUTAUD (COURS);43,2911100000;5,3831700000
202200036669;14;7;2022;02:00;5;75;75115;2;1;1;4;PORTE BRANCION;48,8270500000;2,2944910000
202200036670;17;1;2022;17:25;5;77;77333;2;3;1;1;D607;48,2672200000;2,6958000000
202200036671;23;8;2022;14:50;1;77;77384;1;3;1;3;CHEMIN DES PLAINES;48,6090000000;2,6067500000
202200036672;17;1;2022;15:39;1;76;76216;2;1;1;6;Rue du Petit Aulnay;49,4617600000;1,0438200000
202200036673;26;2;2022;13:50;1;13;13207;2;3;1;5;CORSE (AVENUE DE LA);43,2894800000;5,3644700000
202200036674;14;7;2022;04:57;2;75;75101;2;2;1;3;QUAI DE L HORLOGE;48,8561960000;2,3464720000
202200036675;14;1;2022;13:30;1;76;76351;2;1;1;1;BENOIT MALON;49,5175900000;0,1757300000
202200036676;26;2;2022;23:20;5;13;13047;2;1;1;6;CRAU AVENUE DE LA;43,5900000000;4,9400000000
202200036677;23;8;2022;18:40;1;77;77186;1;2;1;6;D409 / D301;48,4136100000;2,6441600000
202200036678;27;2;2022;22:50;5;13;13001;1;1;1;7;RN 296;43,5431900000;5,4312000000
202200036679;15;7;2022;08:20;1;75;75113;2;2;1;3;RUE DU DESSOUS DES BERGES;48,8284690000;2,3729480000
202200036680;26;7;2022;21:40;2;77;77458;1;1;1;7;Ham de Grand Ceriseaux;48,1904200000;2,7795470000
202200036681;27;2;2022;04:00;5;13;13001;2;1;1;6;BROSSOLETTE PIERRE (AV);43,5225400000;5,4424300000
202200036682;17;1;2022;14:50;1;74;74012;2;9;1;3;VERDUN (AVENUE DE);46,1853600000;6,2422000000
202200036683;27;2;2022;16:30;1;10;10387;2;9;1;6;PREMIER BCP (RUE DU);48,2921200000;4,0702100000
202200036684;15;7;2022;12:30;1;75;75119;2;7;1;3;PLACE SKANDERBEG;48,9012180000;2,3708050000
202200036685;24;8;2022;10:35;1;76;76540;2;3;1;1;Rue du Mont Gargan;49,4365700000;1,1104700000
202200036686;17;1;2022;18:45;2;73;73065;2;1;1;2;D1 Avenue général cartier;45,5746300081;5,9024826362
202200036687;24;8;2022;09:40;1;76;76540;2;1;1;6;Rue Francis Yard;49,4469200000;1,1097000000
202200036688;12;1;2022;12:20;1;69;69282;2;3;1;2;Rue de la République;45,7629200000;5,0181800000
202200036689;27;2;2022;19:50;5;75;75115;2;1;1;4;BD PERIPHERIQUE EXTERIEUR;48,8272410000;2,2937135000
202200036690;15;7;2022;21:30;2;75;75117;2;2;1;3;RUE DE ROME;48,8832920000;2,3192570000
202200036691;17;1;2022;16:50;1;64;64102;2;1;1;4;Cours Comte de Cabarrus;43,4819200000; -1,4872600000
202200036692;24;8;2022;21:30;5;69;69266;2;2;1;3;Cours Emile Zola;45,7710400000;4,8698700000
202200036693;27;2;2022;16:10;1;75;75112;2;1;1;4;BD PERIPHERIQUE INTERIEUR;48,8272580000;2,3908840000
202200036694;15;7;2022;01:45;5;75;75116;2;1;1;3;ALLEE DU BORD DE L EAU;48,8553430000;2,2262140000
202200036695;16;1;2022;09:23;1;63;63014;2;1;1;6;RAMACLES (PLACE DES);45,7496100000;3,1115900000
202200036696;27;2;2022;10:52;1;75;75119;2;3;7;6;RUE EVETTE;48,8887760000;2,3808110000
202200036697;24;8;2022;23:35;3;69;69199;2;3;1;3;Boulevard Pierre Sémard;45,6945400000;4,8442000000
202200036698;14;7;2022;15:00;1;75;75116;2;1;1;3;AVENUE KLEBER;48,8655490000;2,2888980000
202200036699;15;1;2022;16:30;1;63;63113;2;8;1;3;JOUHAUX (BD LEON);45,7931800000;3,1175700000
202200036700;27;2;2022;00:10;5;75;75119;2;5;1;3;RUE DES BOIS;48,8788370000;2,4015010000
202200036701;24;8;2022;08:55;1;67;67482;2;3;1;3;HEYRITZ (PONT DU);48,5741100000;7,7379200000
202200036702;15;1;2022;13:41;1;57;57591;2;1;1;6;MOULIN (RUE DU PETIT);49,2455100000;6,0924600000
202200036703;26;2;2022;21:45;5;75;75109;2;1;1;3;BOULEVARD DE CLICHY;48,8821270000;2,3381600000
202200036704;15;7;2022;10:50;1;75;75115;2;2;1;3;AVENUE DE LA PORTE DE SEVRES;48,8360160000;2,2782200000
202200036705;15;1;2022;19:45;5;56;56098;2;2;1;3;COMBES (RUE  EMILE );47,7719300000; -3,3387800000
202200036706;23;8;2022;23:58;5;67;67043;2;3;1;6;SEBASTIEN BRANT (RUE);48,6130400000;7,7368100000
202200036707;26;2;2022;23:40;5;75;75108;2;4;1;3;AVENUE GEORGE V;48,8675980000;2,3012450000
202200036708;17;1;2022;06:08;5;45;45169;2;1;5;3;162 Rue du Val d'Orleans;47,9253856914;1,8460501944
202200036709;24;8;2022;13:55;1;64;64483;1;1;1;6;SAINT PEE (VIEILLE ROUTE DE);43,3892300000; -1,6267400000
202200036710;14;7;2022;14:00;1;75;75115;2;1;1;3;RUE LINOIS;48,8485960000;2,2828020000
202200036711;27;2;2022;10:40;1;75;75101;2;2;1;1;BOULEVARD DE SEBASTOPOL;48,8595310000;2,3487860000
202200036712;17;1;2022;18:30;5;35;35238;2;9;1;3;BEAUMARCHAIS;48,1147400000; -1,6557700000
202200036713;23;8;2022;16:40;1;64;64024;2;1;1;2;Route de Saint Pée;43,4553100000; -1,5103400000
202200036714;15;7;2022;16:05;1;75;75102;2;3;1;6;BOULEVARD MONTMARTRE;48,8717180000;2,3416200000
202200036715;17;1;2022;13:30;1;33;33063;2;4;1;6;Rue de Ségur;44,8248350297; -0,5829244852
202200036716;23;8;2022;21:00;2;62;62570;2;1;1;6;RUE SIKORSKI ;50,4169300000;2,8868900000
202200036717;26;2;2022;19:25;2;75;75101;2;2;1;6;RUE DE RIVOLI;48,8601050000;2,3434270000
202200036718;15;7;2022;14:35;1;75;75104;2;3;1;6;RUE SAINT ANTOINE;48,8550950000;2,3616720000
202200036719;17;1;2022;09:50;1;33;33281;2;6;1;3;Avenue François Mitterrand;44,8157700000; -0,6813700000
202200036720;24;8;2022;02:00;5;59;59350;2;1;1;6;CHATEAU D'ISENGHEIN RUE DU;50,6504083248;2,9821899533
202200036721;27;2;2022;17:40;1;94;94081;2;1;1;6;39 rue Clément Perrot;48,7890500000;2,3904500000
202200036722;17;1;2022;09:05;1;33;33550;2;1;8;6;Rue Raoul Stonestreet;44,7751382993; -0,5849093199
202200036723;23;8;2022;07:10;1;59;59350;2;1;1;2;4ème avenue Port Fluvial;50,6376280000;2,9759890000
202200036724;15;7;2022;11:20;1;75;75104;2;3;1;6;RUE DE RIVOLI;48,8573040000;2,3524100000
202200036725;27;2;2022;17:40;1;93;93070;2;1;1;3;GABRIEL-PERI (AV);48,9055524454;2,3316890000
202200036726;27;2;2022;14:10;1;93;93050;2;1;1;6;ROBERT SCHUMANN (AVENUE);48,8721320113;2,5331747532
202200036727;14;7;2022;19:40;1;94;94068;2;2;1;3;CRETEIL (BD DE);48,7970000000;2,4980000000
202200036728;17;1;2022;12:15;1;32;32307;1;1;1;4;R N 21;43,6221400000;0,5773900000
202200036729;15;7;2022;07:00;1;94;94076;2;1;1;3;MARCEL GROSMESNIL (R);48,7962700000;2,3544700000
202200036730;27;2;2022;16:55;1;93;93007;2;1;7;3;Avenue Paul Vaillant Couturier;48,9273200000;2,4732100000
202200036731;19;8;2022;12:55;1;59;59155;2;2;1;3;GHESQUIERE HENRI;51,0187942889;2,3828691244
202200036732;17;1;2022;23:30;5;31;31555;1;1;5;7;14 CROIX DAURADE (PERIPH EST A62);43,6383200000;1,4767800000
202200036733;23;8;2022;21:44;5;56;56098;2;1;1;6;159 Rue Jean Jaurès;47,7679600000; -3,3540800000
202200036734;15;7;2022;03:50;5;94;94022;2;9;1;6;Boulevard de Stalingrad;48,7733200000;2,3998000000
202200036735;27;2;2022;21:20;5;93;93005;2;5;1;1;JEAN CHARCOT [CD115] (RUE);48,9357880523;2,4938959415
202200036736;17;1;2022;20:20;4;29;29019;2;6;1;6;Avenue Victor le Gorgeu;48,4006060000; -4,4994050000
202200036737;14;7;2022;00:10;5;94;94022;2;1;1;6;Avenue Gambetta;48,7634900000;2,4031100000
202200036738;24;8;2022;18:55;1;54;54357;1;1;1;7;Accès A31 (Bretelle);48,7182760000;6,1649600000
202200036739;27;2;2022;17:05;1;92;92050;2;2;1;3;BOUVETS BOULEVARD DES;48,8968705273;2,2240226716
202200036740;24;8;2022;12:15;1;54;54547;2;1;1;6;RM 674;48,6658500000;6,1901900000
202200036741;15;7;2022;17:50;1;94;94004;2;2;1;6;Avenue du Parc  / Avenue Louis Wallé;48,7535300000;2,5264000000
202200036742;17;1;2022;18:45;5;29;29019;2;1;1;5;Avenue Victor le Gorgeu;48,4041881500; -4,5053396520
202200036743;23;2;2022;23:55;3;39;39543;1;1;1;2;;46,7670730000;5,9050660000
202200036744;24;8;2022;19:30;1;51;51454;2;6;7;3;Place des Combattants d'A.F.N;49,2204400000;4,0209800000
202200036745;26;4;2022;13:40;1;93;93070;2;1;1;2;ALBERT-DHALENNE (RUE);48,9131874969;2,3338669991
202200036746;17;1;2022;21:40;5;27;27701;2;1;1;3;FRINGALE (RUE DE LA);49,2352700000;1,1706900000
202200036747;28;2;2022;15:05;1;54;54345;1;2;1;3;D112;48,5984618923;6,2598560731
202200036748;23;8;2022;19:45;1;51;51454;2;1;1;7;rue Henri Jadart;49,2531500000;4,0297300000
202200036749;17;1;2022;10:36;1;17;17300;2;1;8;2;DULIN   AVENUE ANDRE;46,1380800000; -1,1506700000
202200036750;28;2;2022;13:30;1;54;54330;2;1;1;7;Grande Rue;48,6110403493;6,2391453990
202200036751;16;1;2022;18:50;5;14;14118;2;9;2;3;D7;49,2033200000; -0,3605500000
202200036752;15;7;2022;03:50;5;93;93064;2;2;1;3;Boulevard d'Alsace-lorraine / A86 ;48,8859840000;2,4765100000
202200036753;17;1;2022;16:30;1;13;13214;2;1;1;2;MERIMEE;43,3275455369;5,3966181308
202200036754;24;8;2022;06:10;2;51;51108;2;2;1;3;METZ (AVE DE);48,9516700000;4,3686600000
202200036755;15;7;2022;22:20;3;93;93048;2;3;1;7;Rue Etienne Marcel / Avenue du Professeur André Lemiere;48,8551667384;2,4154008603
202200036756;25;8;2022;00:40;5;45;45147;2;1;1;2;61 Rue André Dessaux;47,9290419439;1,8973192871
202200036757;28;2;2022;14:14;1;73;73245;1;1;1;1;D1504;45,6934860000;5,8300870000
202200036758;15;7;2022;16:20;1;93;93046;2;1;1;3;Avenue Benoit Malon;48,9157502661;2,5356002748
202200036759;24;8;2022;18:00;1;44;44109;2;1;1;3;1 Boulevard du Tertre;47,2203000000; -1,6032100000
202200036760;17;1;2022;07:45;1;13;13211;2;1;1;2;RTE D' ALLAUCH;43,3060000000;5,5020000000
202200036761;27;2;2022;13:35;1;31;31022;2;1;1;1;Route de Fronton;43,6771840000;1,4236520000
202200036762;15;7;2022;20:30;1;93;93045;2;2;1;3;Boulevard Eugène Decros / Rue Marcelle;48,8835140000;2,4164690000
202200036763;27;2;2022;15:20;1;57;57443;1;1;1;6;;49,2064810000;6,1237620000
202200036764;24;8;2022;08:30;1;44;44109;2;1;1;3;39 Route de Clisson;47,1925800000; -1,5271100000
202200036765;16;1;2022;13:05;1;13;13205;2;3;1;3;EUGENE PIERRE (BOULEVARD);43,2987975331;5,3904900172
202200036766;15;7;2022;11:00;1;93;93029;2;1;1;6;Avenue Henri Barbusse;48,9152200000;2,4420700000
202200036767;28;2;2022;07:50;1;46;46263;1;1;7;1;D653;44,3577640000;1,2376790000
202200036768;24;8;2022;10:00;1;35;35278;2;1;1;6;DUCHESSE ANNE (RUE DE LA);48,1519600000; -1,6849700000
202200036769;15;7;2022;01:40;4;93;93029;2;1;1;6;Rue des Travailleurs;48,9160600000;2,4653500000
202200036770;13;1;2022;17:30;2;03;03310;1;1;1;3;Rue de la Cote Saint Amand;46,1143600000;3,4434400000
202200036771;24;8;2022;14:10;1;33;33529;2;1;1;3;rue Lagrua;44,6463000000; -1,1576100000
202200036772;17;1;2022;18:15;5;75;75120;2;1;1;6;PORTE DE BAGNOLET;48,8651730000;2,4134290000
202200036773;26;2;2022;18:45;2;51;51391;1;2;1;1;N31;49,2735430000;3,8823980000