Num_Acc;jour;mois;an;hrmn;lum;dep;com;agg;int;atm;col;adr;lat;long
202200036774;24;8;2022;17:10;1;31;31555;2;1;1;7;BD PIERRE ET MARIE CURIE;43,6268100000;1,4341000000
202200036775;14;7;2022;04:15;5;93;93029;2;2;1;3;Avenue Henri Barbusse / Avenue Jean Jaurès;48,9198300000;2,4513900000
202200036776;26;2;2022;16:00;1;56;56027;1;1;1;7;N24 sens Rennes/Lorient;47,9236170000; -2,6854180000
202200036777;14;1;2022;18:20;5;75;75118;2;1;1;2;PORTE DE CLIGNANCOURT;48,9010410000;2,3507640000
202200036778;26;2;2022;11:20;1;56;56158;2;9;7;6;20 rue du stade;47,6989000000; -2,8001300000
202200036779;20;8;2022;13:50;1;30;30189;1;1;1;1;Chemin du Mas de Cheylon;43,7933900000;4,3465700000
202200036780;17;1;2022;18:00;5;75;75116;2;2;1;6;AVENUE PAUL DOUMER;48,8610190000;2,2834360000
202200036781;15;7;2022;13:28;1;93;93007;2;3;1;3;Rue de l'Abbé Niort / Impasse de l'Abbé Niort;48,9407230000;2,4336000000
202200036782;26;2;2022;15:50;1;77;77509;1;6;1;6;D213;48,4857230000;3,0501010000
202200036783;24;8;2022;19:25;1;30;30007;2;1;1;6;Avenue du General de Gaulle;44,1275000000;4,0837100000
202200036784;15;7;2022;11:20;1;92;92075;2;1;1;2;RAYMOND MARCHERON (RUE);48,8191830000;2,2876630000
202200036785;28;2;2022;17:40;1;80;80440;2;2;1;3;route d'abbeville;50,1959370000;2,0768370000
202200036786;16;1;2022;00:28;5;75;75114;2;1;1;3;BOULEVARD DU MONTPARNASSE;48,8427170000;2,3271900000
202200036787;23;2;2022;16:50;1;46;46028;1;1;1;6;Verdie Bas;44,9297240000;1,7400130000
202200036788;15;7;2022;15:38;1;92;92063;2;1;7;3;COTEAUX (BOULEVARD DES);48,8834170000;2,1676790000
202200036789;23;8;2022;18:16;1;29;29039;1;1;1;4;D783 - Pont du Moros;47,8804526895; -3,9079145193
202200036790;17;1;2022;12:15;1;75;75112;2;5;1;6;RUE CHALIGNY;48,8501590000;2,3843570000
202200036791;14;7;2022;10:50;1;92;92063;2;1;1;6;MAUREPAS (RUE DE);48,8788700000;2,1813800000
202200036792;27;2;2022;11:50;1;38;38069;1;2;1;1;D1085;45,4367410000;5,2983730000
202200036793;23;8;2022;14:10;1;28;28134;2;1;1;2;RN 12 (CARREFOUR DELISLE);48,7460000000;1,3640700000
202200036794;17;1;2022;19:00;5;75;75108;2;7;1;3;PLACE DE LA CONCORDE;48,8658360000;2,3199210000
202200036795;15;7;2022;08:30;1;92;92051;2;6;1;6;CHARLES DE GAULLE (AVENUE,N°118 A 192 +;48,8849016066;2,2606993317
202200036796;24;8;2022;19:02;1;25;25462;2;6;1;3;SALINS DE (DU 16 AU 63);46,9065100000;6,3471600000
202200036797;28;2;2022;14:30;1;13;13036;1;3;1;3;Route Départementale 571;43,8478060000;4,8410820000
202200036798;17;1;2022;10:15;1;75;75108;2;7;8;2;PLACE CHARLES DE GAULLE;48,8732730000;2,2955350000
202200036799;15;7;2022;13:15;1;75;75116;2;2;1;3;FERDINAND BUISSON (AVENUE) 1/23;48,8350980000;2,2551690000
202200036800;28;2;2022;14:15;1;03;03157;1;1;1;5;D907 PK 8+335;46,2121130000;3,5367070000
202200036801;17;1;2022;16:13;1;75;75103;2;5;1;3;RUE DE BRETAGNE;48,8619390000;2,3645840000
202200036802;24;8;2022;18:10;1;25;25056;2;2;1;3;BELFORT RUE DE BELFORT (sup 144)4;47,2588900000;6,0451900000
202200036803;15;7;2022;16:30;1;92;92004;1;1;1;2;AULAGNIER ( QUAI );48,9127921230;2,3040137887
202200036804;25;2;2022;17:45;2;26;26357;1;4;7;3;D94;44,2766520000;4,9167810000
202200036805;17;1;2022;14:46;1;75;75102;2;5;1;3;BOULEVARD MONTMARTRE;48,8719750000;2,3400890000
202200036806;14;7;2022;14:10;1;92;92009;2;1;1;3;VICTOR HUGO ( RUE );48,9168711304;2,2731213123
202200036807;17;1;2022;16:30;1;94;94074;2;1;1;6;Rue Salvador Allende;48,7486218175;2,4649500846
202200036808;24;8;2022;13:35;1;11;11069;2;2;1;3;;43,2204320000;2,3798200000
202200036809;28;2;2022;09:50;1;50;50272;1;6;7;6;Rue du 30 Juillet 1944;48,9498160000; -1,5333490000
202200036810;16;1;2022;03:21;5;94;94068;2;1;1;6;44 Avenue de l’Alma;48,7855800000;2,4951800000
202200036811;16;7;2022;02:30;5;2A;2A249;2;1;1;6;route de la corniche - T402;41,6769710000;8,9098420000
202200036812;27;2;2022;10:50;1;50;50484;2;1;1;6;Rue de Paris;48,5773700000; -1,0890000000
202200036813;24;8;2022;19:25;1;07;07072;2;1;1;6;;44,7374000000;4,6251160000
202200036814;16;1;2022;16:18;1;94;94038;2;3;8;3;Rue Jules Ferry;48,7780100000;2,3485300000
202200036815;17;6;2022;08:35;1;55;55165;2;1;1;6;4 Place de la Gare;49,3840490000;5,1771750000
202200036816;23;2;2022;23:10;5;90;90101;2;6;1;3;2 Rue de Normanvillars;47,5723930000;7,0140620000
202200036817;15;7;2022;08:00;1;81;81139;1;2;1;3;D92;43,6685920000;2,1114520000
202200036818;22;8;2022;21:00;5;06;06029;2;1;1;3;BLANC (RUE LOUIS);43,5511300000;7,0133500000
202200036819;27;2;2022;01:30;3;36;36205;1;1;1;6;;47,1061240000;1,9915860000
202200036820;16;6;2022;12:20;1;49;49008;1;9;1;7;D923;47,5743650000; -1,0186550000
202200036821;17;1;2022;08:00;1;93;93070;2;9;2;2;LANDY(RUE):N° 1 AU 43;48,9168885084;2,3335278561
202200036822;16;7;2022;09:25;1;68;68022;1;1;1;7;Route Départementale 20b;47,8151810000;7,4237860000
202200036823;22;8;2022;22:10;5;06;06029;2;1;1;2;VAUTRIN (BOULEVARD DU GENERAL);43,5496000000;7,0314000000
202200036824;24;2;2022;11:25;1;53;53123;1;2;1;3;La Meule;48,2275570000; -0,9580900000
202200036825;17;1;2022;20:30;5;93;93050;2;1;1;3;MARECHAL FOCH (AVENUE) COTE IMPAIR;48,8550758976;2,5242652867
202200036826;15;6;2022;15:50;1;49;49218;1;2;1;3;Moulin des Landes (st Rémy-En-Mauges);47,2461220000; -1,0825070000
202200036827;23;8;2022;14:20;1;04;04070;1;1;1;7;;44,0757380000;6,2694190000
202200036828;27;2;2022;22:45;3;24;24521;1;1;1;7;D69;45,2216950000;0,8763640000
202200036829;16;7;2022;12:40;1;67;67283;1;2;1;3;D218;48,7011720000;7,3597670000
202200036830;17;1;2022;08:18;2;93;93050;2;1;1;6;SUFFREN (RUE);48,8656000000;2,5375000000
202200036831;17;6;2022;15:00;1;34;34130;1;1;1;6;D909;43,5294420000;3,1853660000
202200036832;23;8;2022;20:30;2;75;75118;2;1;1;2;PORTE DE CLIGNANCOURT;48,9010890000;2,3521320000
202200036833;16;7;2022;09:30;1;29;29199;1;1;1;6;N12;48,5752565433; -3,7209645228
202200036834;8;5;2022;15:00;1;68;68005;2;1;1;1;Rue d Ammerschwihr;48,1126680000;7,2874330000
202200036835;17;1;2022;10:50;1;93;93057;2;5;1;2;MONTYON (AL.) 1 A 74;48,9128569830;2,5068489573
202200036836;28;2;2022;12:30;1;28;28172;1;1;1;1;Route départementale 28;48,5528910000;1,6693140000
202200036837;15;7;2022;11:30;1;22;22067;1;1;7;6;RN12;48,5528734814; -3,1717452775
202200036838;17;1;2022;06:50;5;93;93010;2;1;2;6;GALLIENI (AV.) DE 1 A 109;48,9054615280;2,4755739835
202200036839;30;4;2022;12:35;1;68;68155;2;1;1;3;Route d Eguisheim;48,0930900000;7,3066430000
202200036840;26;2;2022;22:00;5;31;31446;2;1;1;6;Route de Narbonne;43,5408340000;1,4816310000
202200036841;22;8;2022;20:50;2;75;75112;2;4;1;4;PORTE DE VINCENNES;48,8443610000;2,4138970000
202200036842;1;5;2022;05:30;2;68;68244;1;1;1;7;Route départementale 1;48,0257273299;7,2815460416
202200036843;15;1;2022;22:30;5;92;92063;2;1;1;3;POMPIDOU (AVENUE DU PRESIDENT);48,8722262194;2,1926404237
202200036844;28;2;2022;08:45;1;38;38229;1;1;1;3;Autoroute A41 sud point kilométrique 003.950 direction Chambéry;45,2106830000;5,8070420000
202200036845;16;7;2022;13:43;1;74;74112;1;1;1;2;D3508;45,9284530000;6,0898340000
202200036846;23;8;2022;07:10;1;75;75105;2;4;1;3;RUE GAY LUSSAC;48,8431590000;2,3426130000
202200036847;17;1;2022;20:21;5;92;92040;2;1;1;6;RODIN (BOULEVARD);48,8206450446;2,2634534240
202200036848;16;6;2022;23:15;3;39;39434;1;1;1;6;;46,8462390000;5,7034660000
202200036849;28;2;2022;07:50;1;06;06088;1;1;1;3;A8 PK 193.300 chaussée nord;43,7209760000;7,2165990000
202200036850;14;7;2022;15:15;1;38;38400;2;3;1;3;Avenue Gaston Bonnardel;45,3418940000;5,5658730000
202200036851;26;2;2022;02:00;3;987;98722;1;1;1;6;Papenoo RT2 PK 19.600; -17,5962180000; -149,3935700000
202200036852;24;8;2022;16:00;1;75;75118;2;4;1;6;RUE MONTCALM;48,8928900000;2,3374080000
202200036853;16;6;2022;11:15;1;44;44127;1;5;1;3;1 rethoret machet;47,0062090000; -1,4549270000
202200036854;15;1;2022;22:00;5;92;92025;2;1;1;6;CHARLES DE GAULLE (BD);48,9152436083;2,2281813696
202200036855;26;2;2022;15:45;1;37;37185;2;1;1;3;Route de la Loire;47,4419560000;0,9962310000
202200036856;16;7;2022;09:11;1;48;48128;1;1;1;6;AUTOROUTE A75 - PK 130+220 - SENS SUD / NORD;44,7635250000;3,2836090000
202200036857;17;6;2022;09:00;1;29;29174;1;1;1;2;Hameau Saint Julien;47,8743820000; -4,2413880000
202200036858;24;8;2022;16:30;1;75;75116;2;7;1;3;AVENUE DE MALAKOFF;48,8770870000;2,2834680000
202200036859;27;2;2022;17:10;1;78;78128;1;1;1;1;D91;48,6719200000;1,9571330000
202200036860;16;7;2022;09:15;1;30;30334;2;1;1;2;Avenue Georges Pompidou;44,0086470000;4,4145460000
202200036861;5;6;2022;09:45;1;38;38363;2;1;1;3;1036 Route de Beaurepaire;45,3434060000;5,0689050000
202200036862;27;2;2022;20:25;3;83;83071;1;1;1;6;Route de Valcros;43,1583300000;6,2563870000
202200036863;17;1;2022;11:50;1;92;92024;2;6;1;3;CLICHY (QUAI DE) DE (104 A 202);48,9106295143;2,3058398366
202200036864;24;8;2022;16:30;1;75;75116;2;1;1;3;AVENUE BUGEAUD;48,8709170000;2,2796950000
202200036865;15;7;2022;10:44;1;22;22305;1;1;1;7;Rue des Rompees;48,2754100000; -2,1627720000
202200036866;16;6;2022;19:45;1;02;02111;1;1;1;7;rue de l'étang;49,5155620000;3,4236680000
202200036867;27;2;2022;16:45;1;13;13082;1;1;1;6;Route Départementale 543;43,6594370000;5,3526140000
202200036868;11;1;2022;20:40;5;92;92024;2;4;1;6;VICTOR HUGO (BD);48,9037472105;2,3205411583
202200036869;17;6;2022;13:25;1;01;01286;1;1;1;1;Route de Panama;45,7239780000;5,7586600000
202200036870;24;8;2022;07:40;1;75;75116;2;3;1;3;ALLEE DE LA REINE MARGUERITE;48,8739180000;2,2549880000
202200036871;15;7;2022;03:10;3;66;66141;1;1;1;2;D900;42,7610985333;2,8977841884
202200036872;17;1;2022;20:00;3;35;35176;1;1;8;6;La Bas Noyal;47,7795160000; -1,7820850000
202200036873;28;2;2022;08:00;1;71;71236;1;1;1;7;D134;46,3870900000;4,7511790000
202200036874;23;8;2022;15:40;1;75;75116;2;1;1;6;BOULEVARD FLANDRIN;48,8643830000;2,2719180000
202200036875;18;1;2022;00:30;3;24;24010;2;1;5;6;Rue des Prairies;45,1685060000;0,5868460000
202200036876;26;2;2022;19:45;3;21;21038;1;1;1;1;D20;47,2111797117;5,4186401366
202200036877;16;6;2022;14:30;1;05;05045;1;3;1;3;N94 - PK/PR 106+600;44,5348560000;6,4667720000
202200036878;17;1;2022;18:10;2;972;97221;2;1;1;7;Rue Schoelcher;14,5273960000; -60,9805740000
202200036879;16;7;2022;15:35;1;74;74210;2;1;7;4;Route de Thonon;46,3072550000;6,4394200000
202200036880;27;2;2022;23:20;3;74;74239;1;9;1;6;Route des Lombardes;45,9154520000;6,4168200000
202200036881;23;8;2022;13:35;1;75;75114;2;7;1;6;BOULEVARD DU MONTPARNASSE;48,8436490000;2,3245670000
202200036882;16;6;2022;21:15;1;18;18045;1;1;1;6;;46,8577550000;2,7031520000
202200036883;19;2;2022;00:35;5;07;07127;2;1;1;6;;44,6532940000;4,3198440000
202200036884;15;6;2022;18:10;1;43;43051;2;1;7;6;16 Route de Saint-Agrève;45,0608360000;4,3036070000
202200036885;16;7;2022;09:50;1;74;74304;2;1;1;6;1298 Route de saint-jeoire;46,1429160000;6,4183970000
202200036886;24;8;2022;18:15;1;75;75113;2;2;1;6;AVENUE D ITALIE;48,8222120000;2,3585320000
202200036887;17;2;2022;14:50;1;69;69115;2;6;1;3;Chemin du Chabert;45,9800960000;4,6982220000
202200036888;16;6;2022;19:20;1;43;43087;1;1;1;7;Dunières;45,2151050000;4,3298360000
202200036889;16;7;2022;01:20;4;2A;2A139;2;1;1;6;BOULEVARD NAPOLEON;41,6380740000;9,3405680000
202200036890;24;8;2022;15:25;1;75;75108;2;7;7;3;AVENUE HOCHE;48,8741750000;2,2960060000
202200036891;10;2;2022;13:45;1;69;69040;2;2;1;3;Avenue de Montlouis;45,7997000000;4,7865400000
202200036892;16;6;2022;09:45;1;36;36202;1;3;7;3;;46,8144080000;1,6092820000
202200036893;24;8;2022;18:10;1;75;75102;2;3;1;6;RUE SAINT DENIS;48,8668460000;2,3513450000
202200036894;27;2;2022;16:07;1;59;59015;2;6;1;6;10 Rue de la Chaussee;50,2778070000;3,1010720000
202200036895;16;7;2022;09:33;1;65;65159;2;1;1;2;Rue des Chataigniers;43,0970860000;0,4055290000
202200036896;24;8;2022;08:20;1;75;75104;2;3;1;6;RUE DE RIVOLI;48,8554650000;2,3600810000
202200036897;13;6;2022;18:45;1;40;40046;2;3;1;7;Chemin de Mayotte;44,4340940000; -1,1499270000
202200036898;16;7;2022;16:00;1;63;63170;1;1;1;1;D941;45,8423290000;2,7503370000
202200036899;16;6;2022;16:10;1;24;24341;1;1;1;3;Route des Gabirolles;44,9236810000;1,2103280000
202200036900;25;2;2022;19:15;3;13;13202;2;1;1;2;A55-Sens Martigues vers Marseille;43,3199800000;5,3638600000
202200036901;24;8;2022;06:20;5;75;75102;2;2;1;3;RUE SAINT AUGUSTIN;48,8688850000;2,3367200000
202200036902;17;6;2022;12:40;1;23;23106;2;1;1;7;RD 917;46,2394630000;2,3886830000
202200036903;16;7;2022;13:50;1;63;63432;2;1;1;6;7 Route de Randan;45,9846001291;3,2671773434
202200036904;23;8;2022;19:50;1;75;75103;2;2;1;3;RUE CHARLOT;48,8617840000;2,3612980000
202200036905;16;6;2022;15:20;1;30;30004;1;1;1;2;RN 113;43,7114090000;4,1972920000
202200036906;15;7;2022;10:05;1;12;12186;1;1;1;7;D999;43,8703350000;2,5742050000
202200036907;27;2;2022;18:00;1;69;69256;1;1;1;5;Autoroute 42;45,7926000000;4,9165600000
202200036908;16;6;2022;13:28;1;88;88170;1;1;1;7;N66;47,8968770000;6,7317920000
202200036909;24;8;2022;14:30;1;94;94076;2;1;1;1;MAXIME GORKI (BD);48,7927700000;2,3693300000
202200036910;14;6;2022;13:35;1;67;67309;1;1;1;3;M263;48,6409340000;7,7262750000
202200036911;26;2;2022;20:20;3;69;69296;1;1;1;4;Autoroute 7;45,6482500000;4,8335300000
202200036912;13;6;2022;12:00;1;01;01296;1;1;1;7;a 39;46,3934030000;5,2735720000
202200036913;23;8;2022;16:25;1;94;94076;2;1;1;4;Avenue de Stalingrad;48,7850000000;2,3669300000
202200036914;24;8;2022;13:25;1;94;94077;2;3;1;7;Avenue de la Haute Seine / Rue de la Sablière;48,7299480156;2,4338752783
202200036915;15;6;2022;15:50;1;34;34255;2;2;1;3;Rue de Valmont;43,6822200000;3,8050140000
202200036916;25;2;2022;20:07;3;69;69256;1;1;1;4;Route Nationale 346;45,7956660061;4,9337303638
202200036917;17;6;2022;02:00;3;72;72165;1;1;1;6;A11;48,0665120000;0,4211280000
202200036918;24;8;2022;05:45;3;94;94077;2;3;1;3;Rue Lamartine / Avenue du 8 Mai 1945;48,7288014069;2,4061660204
202200036919;26;2;2022;15:40;1;67;67365;1;1;1;2;M35;48,5340615950;7,6994875073
202200036920;17;6;2022;04:25;3;69;69206;1;1;1;2;Autoroute 6;46,0602480000;4,7368670000
202200036921;24;8;2022;10:20;1;94;94069;2;1;1;6;Chemin du Halage;48,8168800000;2,4298500000
202200036922;27;2;2022;18:00;1;94;94003;1;1;1;2;AUTOROUTE A6B;48,8019795024;2,3435962319
202200036923;16;6;2022;20:00;3;973;97311;2;1;1;7;Avenue Christophe Colomb;5,4767600000; -54,0385510000
202200036924;24;8;2022;07:01;1;93;93059;2;1;1;6;Boulevard Jean Mermoz;48,9727000000;2,3664000000
202200036925;16;6;2022;06:25;2;973;97305;2;1;1;6;Avenue Pripri Soula;4,9301279013; -52,4097687006
202200036926;27;2;2022;17:20;1;91;91553;1;1;1;2;RN 104;48,6317200000;2,4975100000
202200036927;24;8;2022;15:15;1;93;93070;2;1;7;3;Rue du Landy;48,9165500000;2,3343500000
202200036928;16;6;2022;19:00;3;971;97129;1;1;1;1;La Ramee - Mambia;16,3455240000; -61,7185310000
202200036929;27;2;2022;12:05;1;91;91689;1;1;1;2;AUTOROUTE A6B;48,7406150000;2,3203580000
202200036930;24;8;2022;16:00;1;93;93066;2;2;1;6;Boulevard Jules Guesde / Rue Ernest Renan;48,9363060857;2,3499442778
202200036931;16;6;2022;17:50;1;978;97801;1;1;1;6;Route des Terres Basses;18,0633430000; -63,1314110000
202200036932;23;8;2022;19:45;1;93;93045;2;1;1;3;Rue de Paris;48,8801863331;2,4174057952
202200036933;16;6;2022;10:15;1;66;66210;2;6;1;3;D612;42,6285440000;2,7616450000
202200036934;25;2;2022;19:40;3;77;77251;1;1;1;4;AUTOROUTE A5A;48,6233786284;2,5429056857
202200036935;25;2;2022;17:04;1;78;78043;1;1;1;2;A12 W;48,8275180000;2,0778120000
202200036936;24;8;2022;13:50;1;93;93029;2;3;1;3;Avenue Henri Barbusse / Rue du Docteur Albert Schweitzer;48,9233100000;2,4589800000
202200036937;17;6;2022;16:05;1;13;13053;1;2;1;3;D7N;43,7332750000;5,1371170000
202200036938;17;6;2022;08:50;1;13;13115;1;1;1;1;D22;43,7003030000;5,2241280000
202200036939;24;8;2022;19:00;1;93;93046;2;1;1;2;Allée de Rosny;48,9042683530;2,5137111501
202200036940;27;2;2022;20:00;3;95;95582;1;1;1;4;A15;48,9759590160;2,2381317616
202200036941;17;6;2022;16:50;1;71;71571;1;9;1;6;N79;46,3937080000;4,4487200000
202200036942;16;6;2022;16:50;1;21;21005;1;1;1;7;D968;47,1629054814;5,1731984549
202200036943;27;2;2022;12:00;1;94;94033;1;1;1;2;A86 INT;48,8577784448;2,4875039050
202200036944;24;8;2022;20:20;1;93;93010;2;2;1;1;Avenue Henri Barbusse / Avenue Carnot;48,9021956272;2,4826545383
202200036945;26;2;2022;17:45;1;974;97411;2;9;1;3;JAURES (BOULEVARD JEAN); -20,9000000000;55,4963000000
202200036946;14;6;2022;16:30;1;67;67227;1;1;1;2;D253;48,3662290000;7,4176600000
202200036947;24;8;2022;15:00;1;92;92050;2;1;1;2;REPUBLIQUE AVENUE DE LA;48,9052432544;2,2096037865
202200036948;16;6;2022;11:45;1;57;57260;1;1;1;6;N61;49,1449450000;7,0409060000
202200036949;26;2;2022;16:10;1;69;69388;2;1;1;6;Rue de l’Epargne;45,7424620223;4,8579766026
202200036950;24;8;2022;08:22;1;92;92050;2;1;1;6;RIGAULT RUE;48,8940840000;2,1978340000
202200036951;15;6;2022;15:09;1;57;57144;2;1;1;7;Rue du Moulin;49,1515000000;6,8550130000
202200036952;26;2;2022;09:45;1;69;69388;2;1;1;2;Rue Challemel Lacour;45,7292600000;4,8518900000
202200036953;17;6;2022;08:45;1;38;38051;1;6;1;3;D519e;45,3348160000;4,9098160000
202200036954;23;8;2022;17:40;1;92;92050;2;3;1;3;SEINE BOULEVARD DE;48,9016859005;2,1943712532
202200036955;26;2;2022;03:49;5;69;69387;2;2;1;1;Rue Montesquieu;45,7537200000;4,8404000000
202200036956;24;8;2022;19:00;1;92;92012;2;1;1;3;PIERRE GRENIER (AVENUE);48,8297363741;2,2514478564
202200036957;16;6;2022;16:15;1;38;38064;1;1;1;3;114bis Route de Lyon;45,5680860000;5,3613170000
202200036958;26;2;2022;02:25;5;972;97213;1;9;1;6;AUTOROUTE A1;14,6093226874; -61,0058677197
202200036959;12;6;2022;04:55;5;69;69040;2;1;1;6;30 Avenue de Lanessan;45,7941380000;4,7935530000
202200036960;24;8;2022;09:30;1;95;95353;1;1;1;6;A16;49,0863470000;2,3168710000
202200036961;26;2;2022;00:30;3;972;97213;1;1;2;6;ROUTE DEPARTEMENTALE 3;14,6028300000; -60,9975600000
202200036962;16;6;2022;18:35;1;33;33023;2;3;1;3;Avenue du Général de Gaulle;44,7096580000; -0,4821220000
202200036963;24;8;2022;17:15;1;85;85265;1;1;1;2;a 83 pk 109+500;46,4096560554; -0,7026189942
202200036964;26;2;2022;14:15;1;972;97209;2;1;1;3;CLUNY (ROUTE DE);14,6154600000; -61,0829300000
202200036965;16;6;2022;21:30;1;50;50575;1;1;1;1;RD650;49,5883890000; -1,6844920000
202200036966;26;2;2022;09:35;1;972;97209;1;1;1;6;RD 41;14,6116500000; -61,0791500000
202200036967;24;8;2022;17:00;1;41;41045;2;1;1;1;Rue de la Jacquière;47,4767190000;1,1929400000
202200036968;26;2;2022;06:50;1;972;97209;2;1;1;7;CLAIRIERE (RUE DE LA);14,6095800000; -61,0796000000
202200036969;17;6;2022;12:45;1;29;29289;1;1;1;7;D60 - Keravel;48,2422920000; -4,2118250000
202200036970;24;8;2022;20:45;2;28;28088;1;1;1;7;D910;48,0895900000;1,3334870000
202200036971;26;2;2022;01:50;5;972;97209;2;3;1;7;MOI LAMINAIRE (RUE);14,6017200000; -61,0426300000
202200036972;16;6;2022;07:30;1;29;29179;1;3;1;2;D788 - Lesgall ar Piquet;48,5425300000; -4,3589330000
202200036973;25;8;2022;07:24;1;974;97404;2;3;1;3;Avenue Raymond Barre; -21,2663800000;55,3685030000
202200036974;15;6;2022;13:45;1;27;27058;1;2;1;3;cd 135;49,2060470000;1,3083390000
202200036975;24;8;2022;21:50;5;01;01173;2;9;1;2;Avenue des Alpes;46,3345210000;6,0646520000
202200036976;26;2;2022;18:45;5;69;69152;2;2;1;6;Rue Henri Barbusse;45,6976600000;4,8212800000
202200036977;17;6;2022;02:45;3;76;76647;1;1;1;7;1541 Route de la Cerlangue;49,5157920000;0,3829770000
202200036978;24;8;2022;07:30;1;86;86126;1;1;1;2;Lieu Dit les Chaumes;46,5124720000;0,7632820000
202200036979;26;2;2022;10:05;1;69;69202;2;1;1;3;Avenue Valioud;45,7421900000;4,8067100000
202200036980;17;6;2022;16:10;1;62;62014;2;3;7;3;Rue de Constantinople;50,6371250000;2,4177300000
202200036981;16;6;2022;17:50;1;59;59070;1;1;7;7;D942;50,2889550000;3,7452220000
202200036982;25;2;2022;14:50;1;69;69034;2;3;1;3;Route de Strasbourg;45,7914208616;4,8627108335
202200036983;25;8;2022;13:40;1;35;35200;1;1;1;2;La Gruere;47,9597700000; -1,2125090000
202200036984;25;2;2022;13:40;1;69;69286;2;1;1;6;Avenue de l’Europe;45,8170300000;4,8998900000
202200036985;16;2;2022;17:30;1;13;13071;1;1;1;2;A7-Sens Lyon vers Marseille;43,3719400000;5,3204100000
202200036986;26;2;2022;14:00;1;2A;2A004;2;9;1;7;ROUTE DU STILETTO;41,9497900000;8,7752200000
202200036987;24;8;2022;14:30;1;35;35109;1;1;1;4;;48,0724390000; -1,2124170000
202200036988;26;2;2022;02:00;5;95;95585;2;3;1;7;REFUZNICKS (ROUTE DES);48,9842539745;2,3872089386
202200036989;16;6;2022;14:00;1;13;13026;1;1;1;3;A55-Sens Martigues vers Marseille;43,3739000000;5,1802300000
202200036990;25;8;2022;19:15;1;06;06034;1;1;1;1;2421 Route de Castagniers;43,7880890000;7,2220680000
202200036991;26;2;2022;00:30;5;95;95563;2;1;1;5;RD 928;49,0135006378;2,2515293956
202200036992;15;6;2022;17:35;1;13;13214;1;1;1;4;A507 sens Marseille - Aubagne;43,3325000000;5,3855000000
202200036993;25;8;2022;14:55;1;62;62585;1;1;1;6;Route de montreuil;50,5107300000;1,8031180000
202200036994;26;2;2022;16:20;1;95;95018;2;2;1;3;PERI (AVENUE GABRIEL);48,9442205262;2,2509929538
202200036995;15;6;2022;14:30;1;13;13071;1;1;1;2;A552 Sens Martigues vers A7-Lyon;43,4021250000;5,2992980000
202200036996;24;8;2022;11:15;1;57;57191;1;1;1;1;Rue de la Forêt;49,3603870000;6,2802370000
202200036997;26;2;2022;14:45;1;86;86194;2;1;1;3;D162;46,5672840000;0,3657340000
202200036998;15;6;2022;09:00;1;13;13071;1;1;1;2;A7-Sens Marseille vers Lyon;43,4128968425;5,2813696861
202200036999;24;8;2022;20:30;1;95;95149;2;1;1;2;RD 316;49,1285300000;2,4310850000
202200037000;26;2;2022;19:07;2;85;85194;2;3;1;3;36 Boulevard pasteur;46,4908850000; -1,7685890000
202200037001;10;6;2022;10:00;1;69;69290;1;1;1;3;Autoroute 43;45,7017000000;4,9694800000
202200037002;25;2;2022;17:50;2;83;83034;1;1;1;6;PROFESSEUR RICHET (BOULEVARD);43,1027960000;6,0673710000
202200037003;15;6;2022;00:40;3;42;42207;1;1;1;6;N88;45,4669480000;4,4981050000
202200037004;26;2;2022;14:15;1;77;77243;2;3;1;3;NICOLAS II  (RUE   );48,8731700000;2,7044900000
202200037005;25;8;2022;14:23;1;42;42154;1;1;1;1;Route de Balbigny;45,8373810000;4,2236640000
202200037006;16;6;2022;04:20;5;33;33065;1;1;1;6;ROUTE NATIONALE 230;44,8145910000; -0,5205560000
202200037007;26;2;2022;16:10;1;74;74012;2;1;1;2;ROMAGNY (RUE DE);46,1944100000;6,2412000000
202200037008;15;6;2022;10:00;1;33;33039;1;1;1;6;ROCADE A 630;44,7947390000; -0,5393680000
202200037009;24;8;2022;18:15;1;02;02626;1;1;1;6;Rue d’Amifontaine;49,4670570000;3,9737460000
202200037010;26;2;2022;22:20;5;69;69266;2;2;1;1;Rue Paul Verlaine;45,7682700000;4,8801900000
202200037011;16;6;2022;09:12;1;92;92019;1;1;1;7;RN 385 INT;48,7606545000;2,2867861430
202200037012;21;8;2022;12:25;1;84;84102;1;1;1;3;D2 - PR 22+800;43,9267300000;5,2931570000
202200037013;26;2;2022;18:50;3;69;69256;1;1;1;2;Avenue du 8 Mai 1945;45,7885700000;4,9003100000
202200037014;16;6;2022;07:55;1;91;91477;1;1;1;3;AUTOROUTE A126;48,7188300000;2,2607700000
202200037015;24;8;2022;19:45;1;03;03028;1;3;1;2;Bois Labot;46,2116440000;3,5455310000
202200037016;16;6;2022;06:45;1;94;94021;1;1;1;3;AUTOROUTE A6B;48,7646847471;2,3434122189
202200037017;25;2;2022;12:45;1;69;69092;2;2;1;3;Boulevard Roger Salengro;46,0022800000;4,7192900000
202200037018;25;8;2022;11:00;1;03;03107;2;1;1;6;Place de la Mairie;46,1153100000;3,0870240000