Num_Acc;jour;mois;an;hrmn;lum;dep;com;agg;int;atm;col;adr;lat;long
202200037019;15;6;2022;11:00;1;91;91573;1;1;1;7;RN 104;48,6314700000;2,5082000000
202200037020;26;2;2022;17:10;1;68;68376;2;3;7;3;MINES (RUE DES);47,7995900000;7,3165100000
202200037021;15;6;2022;13:20;1;91;91521;1;1;1;2;;48,6328740000;2,4055470000
202200037022;24;8;2022;20:00;1;01;01179;1;4;1;1;D51;46,2727760000;4,8353890000
202200037023;25;2;2022;16:10;1;65;65440;2;1;1;6;SAINTE-CATHERINE (RUE);43,2324050000;0,0648530000
202200037024;16;6;2022;07:20;1;94;94017;1;1;1;3;A4;48,8270879231;2,5109661788
202200037025;23;8;2022;11:00;1;58;58131;2;1;1;3;8 Avenue Charles Dariaux;47,0836870000;3,1925510000
202200037026;27;2;2022;00:15;5;64;64249;2;1;1;7;Avenue Getaria;43,4192493795; -1,6074905046
202200037027;15;6;2022;08:30;1;77;77373;1;1;1;6;N104;48,8010034873;2,6254683966
202200037028;25;8;2022;10:43;1;72;72313;1;1;1;1;Le Coudray;48,2911575732;0,4176843164
202200037029;26;2;2022;04:00;5;64;64024;2;1;1;2;Rue du Pastissé;43,4895600000; -1,5090000000
202200037030;15;6;2022;08:30;1;94;94079;1;1;1;5;A4;48,8354458972;2,5387118132
202200037031;25;8;2022;10:55;1;05;05056;1;3;1;1;Intersection D944/D114;44,6383040000;6,1426340000
202200037032;26;2;2022;15:10;1;60;60057;2;2;1;4;Avenue Corot;49,4352000000;2,1090000000
202200037033;25;8;2022;10:15;1;05;05170;1;1;1;7;Avenue Napoleon;44,4509890995;6,0388058424
202200037034;26;2;2022;19:25;3;54;54025;1;1;1;1;M2-Avenue de la chartreuse;48,6617915955;6,2440162897
202200037035;27;3;2022;19:50;1;69;69256;2;2;1;3;Rue Marcellin Berthelot;45,7893954043;4,9220321774
202200037036;25;8;2022;16:46;1;60;60136;1;1;1;3;Départementale 72;49,6467360000;1,9515320000
202200037037;15;6;2022;22:15;5;69;69202;2;1;1;6;66 Rue de Grange Bruyère;45,7500700000;4,8071200000
202200037038;25;8;2022;17:10;1;64;64124;1;1;1;7;D918;43,2808040000; -1,3533720000
202200037039;26;2;2022;12:05;1;54;54395;2;2;1;3;PINCHARD (AVENUE - OMBELLES);48,7012880000;6,1482660000
202200037040;24;8;2022;23:45;5;64;64400;2;1;1;6;Rue Annette;43,1238820000; -0,1967980000
202200037041;15;6;2022;16:35;1;43;43157;2;1;1;6;11 Avenue Charles Dupuy;45,0424742605;3,8897502422
202200037042;26;2;2022;04:30;5;54;54578;2;2;9;6;MULLER (AVENUE PAUL);48,6682752556;6,1475533247
202200037043;15;6;2022;18:10;1;32;32013;2;3;1;3;BOUBEE;43,6375800000;0,5957100000
202200037044;25;8;2022;15:52;1;73;73059;1;1;1;2;D991 Route de Paris;45,7406889032;5,8906266211
202200037045;26;2;2022;13:35;1;51;51454;2;1;1;2;Avenue Nationale - la Neuvillette;49,2944800000;4,0000500000
202200037046;15;6;2022;16:30;1;26;26198;2;1;1;6;KENNEDY(Avenue John F.);44,5542920000;4,7392020000
202200037047;21;8;2022;17:15;1;16;16143;1;1;1;6;RD974;45,5554700000;0,1745800000
202200037048;25;2;2022;15:41;1;45;45338;1;1;1;3;RD 2060;47,9705100000;2,7208120000
202200037049;25;8;2022;07:30;2;53;53140;1;1;1;3;RN162;48,1164425253; -0,7273148847
202200037050;26;2;2022;04:55;5;44;44109;2;1;1;6;14 Route de Saint Joseph;47,2353500000; -1,5411580000
202200037051;14;6;2022;19:25;1;76;76259;2;2;1;3;LEBORGNE ( RUE CHARLES);49,7525880000;0,3711830000
202200037052;22;2;2022;15:50;1;42;42207;2;4;1;6;Rue Alsace Lorraine;45,4748600000;4,5067700000
202200037053;13;4;2022;08:00;1;63;63113;2;1;1;2;CLEMENTEL (BD ETIENNE);45,8059200000;3,1093200000
202200037054;17;6;2022;18:00;1;24;24319;2;1;1;1;Puy des Vignes;45,3444030000;0,5381800000
202200037055;26;2;2022;05:15;5;37;37261;2;1;1;1;NIESSEL (AVENUE DU GENERAL);47,3669500000;0,7003000000
202200037056;15;6;2022;14:15;1;976;97611;2;1;2;7;m'tsapere-Nationale 2 (route); -12,7925300000;45,2207500000
202200037057;25;8;2022;18:55;1;04;04160;1;3;1;3;D4100;43,8630180000;5,6698930000
202200037058;26;2;2022;12:10;1;35;35238;1;1;1;4;N136;48,1341305608; -1,7064025998
202200037059;15;6;2022;12:30;1;974;97411;2;1;1;6;LATTRE DE TASSIGNY (AVENUE MARECHAL DE); -20,8882400000;55,4739920000
202200037060;24;8;2022;19:15;1;17;17480;1;1;1;7;D116;46,1344230000; -0,8839920000
202200037061;15;6;2022;08:30;1;973;97302;2;1;1;3;BOUDINOT (AUGUSTE) CITE THEMIRE;4,9350300000; -52,3189700000
202200037062;26;2;2022;01:30;5;34;34172;2;1;1;2;BRASSENS (RUE GEORGES);43,5949700000;3,8629000000
202200037063;19;8;2022;19:15;2;17;17267;1;1;1;6;La Maisonnette;46,2219900000; -0,9139900000
202200037064;16;6;2022;23:35;5;69;69259;2;1;1;3;Avenue Jean Cagne;45,6960673238;4,8717655416
202200037065;27;5;2022;10:20;1;37;37068;1;1;1;6;Huche Pie;47,6692170000;0,6383870000
202200037066;26;2;2022;15:57;1;33;33529;1;1;1;6;AERODROME (AVE DE L');44,6042700000; -1,1248000000
202200037067;15;6;2022;18:50;2;69;69386;2;2;1;3;Rue de la Viabert;45,7663200000;4,8634200000
202200037068;26;2;2022;09:40;1;32;32013;2;1;1;3;PRIEURE (PONT DU);43,6472100000;0,5890300000
202200037069;25;8;2022;01:40;3;02;02697;1;1;1;6;A26 PK 219;49,5635040000;3,7489690000
202200037070;15;6;2022;11:04;1;972;97213;2;1;1;6;Z I LA LEZARDE;14,6090600000; -61,0059000000
202200037071;24;8;2022;17:20;1;68;68072;1;1;1;6;A35;47,6999710000;7,4415260000
202200037072;26;2;2022;09:00;1;17;17306;2;6;1;3;AMPERE;45,6287000000; -1,0103000000
202200037073;13;6;2022;11:35;1;972;97209;2;1;1;6;RD 41 (ROCADE);14,6144100000; -61,0631800000
202200037074;15;6;2022;07:50;1;69;69149;2;1;1;7;Avenue Jean Jaurès;45,7185577821;4,8184150458
202200037075;26;2;2022;21:16;3;17;17274;1;1;1;2;117 PK RN137 ROCHEFORT JUSTICE;46,1493400000; -1,1111800000
202200037076;24;8;2022;13:25;1;06;06027;1;1;1;2;A8, PK 184.500 chaussée sud;43,6629050000;7,1724410000
202200037077;15;6;2022;15:30;1;2B;2B033;2;2;1;3;TOUTES RUES;42,6738900000;9,4431200000
202200037078;25;2;2022;15:30;1;13;13071;2;1;1;6;D 543;43,4157400000;5,3684700000
202200037079;15;6;2022;09:00;1;2A;2A004;2;1;1;2;NAPOLEON COURS APRES BEVERINI;41,9309700000;8,7398000000
202200037080;24;8;2022;22:00;3;38;38343;1;1;1;2;autoroute A43, PK063+500;45,5785590000;5,6295490000
202200037081;26;2;2022;21:40;5;13;13210;2;1;1;1;CORPS EXPEDITIONNAIRE FRANCAIS (AV DU);43,2790500000;5,4409900000
202200037082;24;8;2022;10:55;1;45;45316;1;1;1;3;D2060 PK 60 + 704;47,9322730000;2,3418860000
202200037083;14;6;2022;13:55;1;91;91377;2;1;1;5;AV CARNOT;48,7244920000;2,2603080000
202200037084;25;2;2022;14:30;1;13;13210;2;1;1;3;TIMONE (AVENUE DE LA);43,2860643534;5,4050689430
202200037085;13;6;2022;17:20;1;91;91114;2;1;7;7;AV DU CHATEAU;48,6862400000;2,4982790000
202200037086;24;8;2022;10:05;1;66;66023;1;1;1;1;;42,6491012225;2,5695776939
202200037087;21;2;2022;16:35;1;12;12013;2;3;3;3;CABROL JULES (AVENUE);44,5271000000;2,2442000000
202200037088;14;6;2022;10:00;1;88;88413;2;1;1;3;Rue Dieudonné DUBOIS;48,2925300000;6,9282600000
202200037089;25;8;2022;16:25;1;30;30130;1;1;3;1;;44,3609240000;3,9442420000
202200037090;26;2;2022;01:30;5;11;11069;2;1;1;6;HUGO VICTOR;43,2134200000;2,3486800000
202200037091;14;6;2022;10:18;1;83;83137;2;1;1;2;DE LATTRE DE TASSIGNY (AVE MARECHAL);43,1155380548;5,9381130338
202200037092;20;8;2022;18:04;1;11;11076;2;1;1;2;34 Rue du Planoulet;43,3204560000;1,9557110000
202200037093;15;6;2022;07:15;1;83;83069;2;6;1;2;LOUBES (ROUTE DES);43,1134900000;6,1103500000
202200037094;26;2;2022;18:50;5;10;10357;2;3;1;3;LIEUTENANT MICHEL TAITTING (RUE);48,3025574888;4,1015562415
202200037095;10;6;2022;09:00;1;83;83118;2;9;1;6;QUAI ALBERT 1ER;43,4232140947;6,7661726475
202200037096;23;8;2022;08:05;1;34;34057;2;1;1;3;Avenue Aristide Briand;43,6305070000;3,8972710000
202200037097;26;2;2022;14:35;1;09;09122;1;1;1;6;CARANE (AVENUE DE LA);42,9720940000;1,6047240000
202200037098;14;6;2022;18:30;1;78;78551;1;1;1;3;RD 157;48,9142900000;2,1001300000
202200037099;23;8;2022;22:50;3;83;83023;2;1;1;6;Quartier Saint Jean;43,4074330000;6,0487460000
202200037100;26;2;2022;19:15;5;01;01053;2;2;1;5;MERCIER (AVENUE AMEDEE DU 45 AU FIN);46,2034996915;5,2425840497
202200037101;13;6;2022;08:45;1;78;78123;2;1;1;6;PELLETIER BD;48,9514990000;2,0445080000
202200037102;24;8;2022;14:15;1;13;13097;1;9;1;6;Route Départementale 5;43,6476280000;4,9111890000
202200037103;25;2;2022;14:30;1;75;75112;2;1;1;3;BD PERIPHERIQUE EXTERIEUR;48,8308070000;2,4031540000
202200037104;14;6;2022;18:25;1;77;77442;1;1;7;3;D210;48,4203000000;2,7858900000
202200037105;24;8;2022;20:05;1;89;89056;1;3;1;1;D233;47,9929010000;3,4846720000
202200037106;25;2;2022;02:41;4;75;75112;2;1;1;6;QUAI DE LA RAPEE;48,8438270000;2,3696790000
202200037107;14;6;2022;19:19;1;76;76351;2;1;1;6;CIRCULAIRE (AVENUE);49,5214400000;0,1353800000
202200037108;26;2;2022;02:50;5;75;75119;2;3;1;2;RUE DE MEAUX;48,8807445556;2,3728402600
202200037109;25;8;2022;14:25;1;71;71453;1;1;1;1;402 Route d’Iguerande;46,2306300000;4,0432950000
202200037110;14;6;2022;20:30;2;74;74008;2;1;1;3;JEAN-JAURES (RUE);46,1950600000;6,2240900000
202200037111;26;2;2022;07:30;2;75;75117;2;2;1;3;AVENUE DE CLICHY;48,8915690000;2,3184880000
202200037112;15;6;2022;18:20;1;73;73008;2;4;1;6;PRES DE LA TOUR CHEMIN DES;45,7078206489;5,9184969665
202200037113;25;8;2022;17:45;1;07;07245;1;1;1;6;RD 86;45,0898270000;4,8179450000
202200037114;25;2;2022;23:45;5;75;75117;2;1;1;1;RUE DE SAUSSURE;48,8899200000;2,3054480000
202200037115;14;6;2022;14:00;1;72;72181;2;6;1;3;FALCONET ETIENNE (RUE);47,9690500000;0,2149400000
202200037116;24;8;2022;21:45;3;50;50505;1;1;1;3;Les Brousses;48,6760710000; -1,3123300000
202200037117;26;2;2022;21:30;5;75;75116;2;3;1;6;AVENUE DE VERSAILLES;48,8415100000;2,2665690000
202200037118;23;8;2022;20:45;1;22;22050;2;6;1;7;Avenue Saint Jean de Dieu;48,4477350000; -2,0536390000
202200037119;15;6;2022;15:45;1;69;69266;2;2;1;6;Rue du 8 Mai 1945;45,7762700000;4,8927500000
202200037120;26;2;2022;14:43;1;75;75115;2;2;1;6;RUE LINOIS;48,8476980000;2,2841260000
202200037121;15;6;2022;08:20;1;67;67482;2;3;1;3;COLMAR (AVENUE DE);48,5580200000;7,7485100000
202200037122;24;8;2022;17:45;1;22;22118;1;1;1;6;La Rue Anne;48,4402620000; -2,0372860000
202200037123;14;6;2022;21:45;2;67;67482;2;1;1;3;COLMAR (AVENUE DE);48,5638118264;7,7525858581
202200037124;26;2;2022;01:15;5;75;75108;2;3;1;2;AVENUE DES CHAMPS ELYSEES;48,8720560000;2,3004580000
202200037125;24;8;2022;10:05;1;59;59401;2;1;7;6;39 Rue Nationale;50,7404181569;2,6935547590
202200037126;15;6;2022;14:06;1;64;64260;2;1;1;1;SANTIAGO (RUE);43,3525000000; -1,7764000000
202200037127;26;2;2022;17:15;1;75;75101;2;3;1;6;RUE DE RIVOLI;48,8608150000;2,3412070000
202200037128;24;8;2022;05:10;5;13;13206;1;1;1;6;Tunnel Prado Carénage;43,2831600000;5,3848200000
202200037129;15;6;2022;20:20;1;64;64348;2;1;1;3;Avenue Du Moulin;43,3220800000; -0,4015800000
202200037130;15;6;2022;17:25;1;64;64445;2;2;1;3;cours Léon Bérard;43,3173600000; -0,3771900000
202200037131;21;8;2022;08:30;1;13;13117;1;1;1;3;A7-Sens Marseille vers Lyon;43,4182251853;5,2735675871
202200037132;25;2;2022;22:45;5;75;75101;2;7;1;6;AVENUE DE L OPERA;48,8640016231;2,3351481909
202200037133;14;6;2022;06:45;1;64;64445;2;1;1;2;avenue de l'Europe;43,3300800000; -0,3552000000
202200037134;26;2;2022;09:45;1;94;94068;2;1;1;6;Avenue Gambetta;48,7988900000;2,4902700000
202200037135;14;6;2022;20:55;1;64;64102;2;1;1;5;QUATORZE AVRIL (AVENUE DU);43,5035700000; -1,4667300000
202200037136;20;8;2022;02:05;5;69;69382;1;1;1;3;Route de Métropole 7 ;45,7332000000;4,8174800000
202200037137;14;6;2022;20:50;1;64;64024;2;2;1;3;APOLLON (RUE);43,4754010535; -1,4997383952
202200037138;26;2;2022;15:35;1;93;93055;2;2;1;3;JEAN LOLIVE (AVENUE)(75/105.88/106);48,8925358236;2,4096434794
202200037139;23;8;2022;21:38;3;69;69297;1;1;1;3;Autoroute 46;45,5894600000;4,8058700000
202200037140;14;4;2022;08:47;1;63;63113;2;1;1;3;FRANCE (RUE ANATOLE);45,7788700000;3,1122900000
202200037141;26;2;2022;20:30;5;93;93048;2;1;1;6;GENERAL DE GAULE (PLACE DU);48,8685000000;2,4338000000
202200037142;21;5;2022;16:30;1;62;62842;2;1;1;2;REPUBLIQUE (BD DE LA);50,4507320000;2,8431050000
202200037143;24;8;2022;17:00;1;91;91377;1;1;1;1;RD 444;48,7303900000;2,2418200000
202200037144;26;2;2022;13:20;1;93;93031;2;1;1;3;Avenue Galliéni;48,9636810000;2,2979230000
202200037145;15;6;2022;18:10;1;59;59599;2;1;1;2;FOREST (CHAUSSEE FERNAND);50,7364200546;3,1501016021
202200037146;26;2;2022;13:35;1;93;93007;2;1;1;6;Avenue Charles Floquet;48,9397738462;2,4555191696
202200037147;15;6;2022;19:45;1;59;59599;2;1;7;2;GUERRE (RUE FIN DE LA);50,7299700000;3,1417000000
202200037148;24;8;2022;12:15;1;91;91689;1;1;1;2;AUTOROUTE A6B;48,7385560000;2,3213960000
202200037149;15;6;2022;07:40;1;59;59507;2;3;1;3;BRAILLE LOUIS RUE;50,6054300000;3,0963500000
202200037150;24;8;2022;09:10;1;94;94003;1;1;1;2;AUTOROUTE A6B;48,8009709861;2,3420251782
202200037151;26;2;2022;15:25;1;92;92064;2;2;1;3;MAGENTA PLACE;48,8422486021;2,2071105391
202200037152;11;6;2022;04:05;4;57;57441;2;1;1;1;MONDORFF (ROUTE DE);49,3809045783;6,1739779023
202200037153;15;6;2022;09:00;1;56;56121;2;1;1;6;VERDUN (RUE  DE );47,7587200000; -3,3654600000
202200037154;25;2;2022;23:30;5;92;92051;2;1;1;6;CHARLES DE GAULLE (AVENUE, N° 18 A 116);48,8813571805;2,2714342028
202200037155;15;6;2022;20:50;1;54;54547;2;1;1;3;EUROPE (BOULEVARD DE L');48,6599800000;6,1766200000
202200037156;24;8;2022;00:24;3;91;91377;1;1;1;1;RD 444;48,7295700000;2,2428700000
202200037157;14;6;2022;07:05;1;49;49007;2;1;1;1;ARAGON AVENUE;47,4715800000; -0,5671900000
202200037158;25;2;2022;22:42;5;92;92050;2;2;1;3;JOILIOT CURIE F. ET IRENE AVENUE N°IMPAI;48,8938600000;2,2121400000
202200037159;14;6;2022;17:30;1;49;49267;2;1;1;6;MALMOUCHE RUE ET CHEMIN;47,4692200000; -0,5155700000
202200037160;23;8;2022;17:30;1;78;78140;1;9;1;2;A13;48,9674810000;1,9222460000
202200037161;26;2;2022;16:55;1;92;92040;2;3;1;6;JEAN JAURES (AVENUE);48,8241597337;2,2734717429
202200037162;15;6;2022;07:55;1;47;47201;2;9;7;3;2 Route de Brax;44,1935900000;0,5933800000
202200037163;15;6;2022;21:00;1;37;37233;2;1;1;3;DUCLOS (AVENUE JACQUES);47,3776784033;0,7161685824
202200037164;24;8;2022;16:00;1;93;93006;1;1;1;3;AUTOROUTE A3;48,8658800000;2,4177500000
202200037165;15;6;2022;17:20;1;37;37261;2;1;1;3;Boulevard Abel Gance;47,4299308170;0,7056140900
202200037166;26;2;2022;15:06;1;92;92032;2;3;1;3;LOMBARD (AVENUE);48,7876977681;2,2934198677
202200037167;15;6;2022;12:14;1;37;37233;2;1;1;6;ERIDENCE (RUE DE L');47,3936094163;0,7213760912
202200037168;15;6;2022;14:13;1;35;35051;1;1;1;6;ROCADE 15-16 - N136;48,1438915004; -1,6200931370
202200037169;15;6;2022;17:55;1;33;33318;2;3;1;3;Rue Armand Calmon;44,7959800000; -0,6305600000
202200037170;21;2;2022;17:05;1;63;63307;1;1;2;1;D2089 à Saulzet le Chaud;45,7104800000;3,0723600000
202200037171;15;6;2022;15:40;1;33;33063;2;1;1;3;Rue Judaïque;44,8405042964; -0,5956086516
202200037172;27;2;2022;08:10;1;80;80016;2;1;1;7;Rue Lamarck;50,0027660000;2,6512660000
202200037173;27;5;2022;16:25;1;33;33318;2;1;1;6;Avenue de la Forge;44,8000900000; -0,6442400000
202200037174;11;6;2022;04:30;3;30;30189;1;1;1;7;UZES (ROUTE D');43,9119000000;4,3883000000
202200037175;24;8;2022;07:50;1;77;77146;1;1;1;6;RN104.EXT;48,8085630000;2,6303500000
202200037176;27;2;2022;15:30;1;54;54527;1;1;1;7;D112;48,5674120926;6,2732335906
202200037177;15;6;2022;17:10;1;28;28134;2;2;1;3;REVEILLON (RUE DU);48,7477900000;1,3886400000
202200037178;27;2;2022;00:55;3;84;84142;1;1;1;1;928 Route du Thor;43,9585440000;5,0170230000
202200037179;15;6;2022;12:00;1;27;27562;2;1;1;2;CROIX BLANCHE (RUE DE LA);49,1076700000;1,4535600000
202200037180;15;6;2022;08:20;1;25;25056;2;1;1;3;CRAS RUE DES;47,2517100000;6,0301300000
202200037181;23;8;2022;22:25;5;94;94028;1;1;1;6;A86 INT;48,7783380525;2,4405913834
202200037182;27;2;2022;16:55;1;31;31022;2;1;1;1;55 route de fronton;43,6631660000;1,4307780000
202200037183;15;6;2022;21:05;1;22;22106;2;1;1;7;LAENNEC (RUE);48,5018800000; -2,7111500000
202200037184;15;6;2022;17:45;1;13;13210;2;3;1;1;CAPELETTE (AVENUE DE LA);43,2835400000;5,3990600000
202200037185;15;6;2022;14:45;1;13;13203;2;3;1;6;GUIGOU (BOULEVARD);43,3153000000;5,3891400000
202200037186;26;2;2022;13:00;1;84;84098;1;3;1;3;D20;44,2588050000;5,0246250000
202200037187;15;6;2022;07:55;1;13;13212;2;1;1;1;CAIRE (PLACE DU);43,3037695532;5,4188922879
202200037188;15;6;2022;07:05;1;13;13002;2;9;1;6;QUATRE SAISONS (ROUTE DES);43,3234700000;5,4922200000
202200037189;31;5;2022;08:35;1;14;14383;1;1;1;3;D405;49,1632900000; -0,3981800000
202200037190;15;6;2022;00:05;5;13;13213;2;1;1;1;CROIX ROUGE (AVENUE);43,3343100000;5,4419600000
202200037191;16;6;2022;02:00;4;10;10333;2;1;1;6;Rue Charles Baltet;48,2822837916;4,0590673685
202200037192;15;6;2022;07:30;1;06;06069;1;1;1;3;PAOUTE (ROUTE ET TRAVERSE DE LA);43,6321900000;6,9576100000
202200037193;10;6;2022;13:25;1;06;06069;2;2;1;5;SAINT EXUPERY (AVENUE ANTOINE DE);43,6621950000;6,9342390000
202200037194;26;2;2022;14:40;1;974;97412;2;3;1;3;Rue Vital; -21,3790920000;55,6592330000
202200037195;5;4;2022;13:08;1;2A;2A008;2;1;1;1;Bisinao;41,8421590000;8,8750110000
202200037196;31;5;2022;08:15;1;14;14118;1;1;1;3;Rue de Vaucelles;49,1770800000; -0,3550400000
202200037197;15;6;2022;13:55;1;01;01053;2;2;1;3;;46,2035500000;5,2424500000
202200037198;15;6;2022;15:35;1;75;75116;2;1;1;3;PORTE D AUTEUIL;48,8474210000;2,2543580000
202200037199;8;4;2022;18:25;1;11;11423;1;1;1;6;;43,1316830000;2,3617600000
202200037200;8;4;2022;11:20;1;46;46114;1;1;1;3;D673;44,5774810000;1,1583410000
202200037201;14;6;2022;11:55;1;75;75114;2;1;1;2;PORTE DE CHATILLON;48,8219220000;2,3167330000
202200037202;8;4;2022;10:55;1;46;46029;2;1;1;6;103 Avenue de la République;44,9201800000;1,8410150000
202200037203;14;6;2022;09:50;1;75;75112;2;1;1;3;PORTE DE CHARENTON;48,8308070000;2,4031540000
202200037204;27;5;2022;23:55;3;14;14047;1;1;1;6;D94B;49,2672090000; -0,6837860000
202200037205;8;4;2022;18:05;1;29;29236;1;4;1;1;D783 - Kercadoret;47,8491740000; -3,6814230000
202200037206;15;6;2022;21:10;1;75;75106;2;5;1;3;BOULEVARD SAINT GERMAIN;48,8531450000;2,3357850000
202200037207;9;4;2022;16:00;1;29;29218;2;2;1;6;D2 - Rue du Goyen;48,0400420000; -4,4899160000
202200037208;15;6;2022;19:30;1;75;75106;2;1;1;3;BOULEVARD DU MONTPARNASSE;48,8410160000;2,3327380000
202200037209;23;8;2022;00:40;3;974;97416;1;9;1;6;RN3 (2); -21,3098000000;55,4975600000
202200037210;9;4;2022;07:50;1;02;02141;1;1;1;6;;49,9748370000;3,8888170000
202200037211;15;6;2022;11:20;1;75;75105;2;1;1;6;BOULEVARD DE PORT ROYAL;48,8369860000;2,3498440000
202200037212;9;4;2022;17:50;1;02;02528;1;1;1;6;;49,3354980000;3,0994750000
202200037213;22;8;2022;19:00;1;92;92036;2;1;1;6;LAURENT CELY (AVENUE) (1/143);48,9326200000;2,3019200000
202200037214;15;6;2022;00:17;5;75;75106;2;4;1;6;RUE DE CONDE;48,8506100000;2,3380670000
202200037215;9;4;2022;17:00;1;26;26357;1;1;1;1;D94;44,2810800000;4,9255550000
202200037216;7;4;2022;21:45;3;72;72315;1;9;1;6;ROCADE RD4;48,1779130000; -0,1322870000
202200037217;9;4;2022;12:30;1;72;72339;1;1;1;6;Les Marais de Saint Omer;47,9732700000;0,0258200000
202200037218;14;6;2022;13:40;1;75;75105;2;3;1;6;BOULEVARD SAINT MICHEL;48,8506200000;2,3428050000
202200037219;15;6;2022;17:18;1;75;75120;2;2;1;6;BOULEVARD MORTIER;48,8679350000;2,4090010000
202200037220;9;4;2022;14:00;1;50;50410;1;1;1;1;RN 176;48,5617130000; -1,5227220000
202200037221;3;4;2022;17:05;1;83;83012;2;1;2;7;ROUTE DE DRAGUIGNAN;43,5585710000;6,0065930000
202200037222;15;6;2022;09:10;1;75;75120;2;2;1;3;RUE BELGRAND;48,8646310000;2,4041570000
202200037223;8;4;2022;11:45;1;10;10358;1;1;3;6;RD671;48,1635450000;4,2303049000
202200037224;15;6;2022;19:11;1;75;75119;2;3;1;3;AVENUE JEAN JAURES;48,8851850000;2,3793780000
202200037225;4;4;2022;14:42;1;53;53152;2;1;1;6;34 Route de Laval;47,9511430000; -0,5551810000
202200037226;9;4;2022;07:00;2;04;04013;1;1;1;7;RD 951;44,1266890000;5,9518970000
202200037227;15;6;2022;07:42;1;75;75119;2;2;1;3;AVENUE JEAN JAURES;48,8887860000;2,3930960000
202200037228;15;6;2022;11:10;1;75;75117;2;2;1;3;RUE GUY MOQUET;48,8924480000;2,3248280000
202200037229;9;4;2022;11:35;1;85;85146;1;3;1;3;D86;46,9307800000; -1,3090200000
202200037230;14;6;2022;16:50;1;75;75117;2;2;1;4;AVENUE NIEL;48,8796450000;2,2947120000
202200037231;14;6;2022;14:00;1;75;75117;2;1;1;3;RUE DE COURCELLES;48,8890010000;2,2932950000
202200037232;2;4;2022;03:10;3;63;63311;1;1;4;2;A71;46,0428250000;3,1124780000
202200037233;15;6;2022;13:50;1;75;75116;2;7;1;3;AVENUE DE LA PORTE D AUTEUIL;48,8480040000;2,2573140000
202200037234;15;6;2022;10:45;1;75;75115;2;3;1;3;RUE DESNOUETTES;48,8359430000;2,2885390000
202200037235;31;3;2022;08:57;1;13;13001;1;1;1;4;A8;43,5183500000;5,4292040000
202200037236;14;6;2022;15:30;1;75;75115;2;1;1;6;RUE DE LA CONVENTION;48,8365880000;2,2986880000
202200037237;8;4;2022;23:40;3;49;49068;1;1;1;6;A11, PK 288.800, sens PARIS-NANTES;47,4366800000; -0,8499810000
202200037238;9;4;2022;11:30;1;51;51599;1;1;4;3;A4;49,1005100000;4,2552280000
202200037239;15;6;2022;18:15;1;75;75120;2;5;1;3;AVENUE GAMBETTA;48,8629810000;2,3874710000
202200037240;9;4;2022;00:30;3;14;14563;1;1;4;6;A29;49,3311000000;0,2685110000
202200037241;15;6;2022;12:45;1;75;75109;2;2;1;6;BOULEVARD DE ROCHECHOUART;48,8823320000;2,3419840000
202200037242;8;4;2022;13:20;1;38;38348;2;1;1;4;A43;45,5723360000;5,3173070000
202200037243;14;6;2022;14:00;1;75;75107;2;1;1;3;AVENUE DE LOWENDAL;48,8499780000;2,3045850000
202200037244;20;4;2022;01:15;5;75;75102;2;3;1;6;RUE MONTORGUEIL;48,8658606211;2,3470543492
202200037245;9;4;2022;11:25;1;2B;2B205;1;1;1;7;RD81;42,6972930000;9,3672290000
202200037246;15;6;2022;10:45;1;94;94078;2;1;1;3;EMILE ZOLA (R);48,7355690000;2,4472370000
202200037247;9;4;2022;10:45;1;84;84026;1;1;1;1;D943;43,7487620000;5,3634630000
202200037248;13;6;2022;11:05;1;94;94068;2;2;1;6;MAURICE BERTEAUX (BD);48,8111600000;2,4693100000
202200037249;8;4;2022;23:20;5;83;83099;2;6;1;6;Chemin des Vernèdes;43,4556330000;6,6965480000
202200037250;9;4;2022;16:10;1;38;38316;2;1;2;6;19 Rue Grammont;45,7506800000;5,1703200000
202200037251;14;6;2022;09:00;1;94;94043;2;1;1;6;FONTAINEBLEAU (AV DE);48,8073800000;2,3631900000
202200037252;9;4;2022;09:00;1;69;69106;2;1;1;4;Route de la Colline;45,9287370000;4,6936740000
202200037253;13;6;2022;15:50;1;94;94028;2;7;1;2;Rue de Paris / Rue des Mèches;48,7936500000;2,4609400000
202200037254;8;4;2022;17:00;1;33;33159;1;1;2;1;67 Route des Mazerats;45,2060420000; -0,5956650000
202200037255;15;6;2022;06:30;2;94;94060;1;1;1;2;D4;48,7882400000;2,5617000000
202200037256;8;4;2022;22:25;3;49;49020;1;9;1;6;D523;47,4694360000; -0,6197240000
202200037257;9;4;2022;16:30;1;60;60313;2;1;1;6;41 Rue de Marguerie;49,3601390000;2,2436620000
202200037258;14;6;2022;09:20;1;94;94019;2;1;1;2;Rue Aristide Briand;48,8030000000;2,5323000000
202200037259;8;4;2022;17:25;1;91;91179;1;1;3;7;AUTOROUTE A6;48,5516300000;2,4939800000
202200037260;15;6;2022;20:20;1;94;94018;2;1;1;2;110 Rue de Paris;48,8249630000;2,4083440000
202200037261;8;4;2022;18:55;1;78;78423;1;1;4;6;RN12 EXT;48,7979920000;2,0082620000
202200037262;15;6;2022;09:20;1;94;94071;2;7;1;6;Place de la Gare / Avenue de la Gare;48,7709400000;2,5087200000
202200037263;8;4;2022;16:30;1;93;93027;1;1;3;7;AUTOROUTE A86;48,9285900000;2,4149100000
202200037264;12;6;2022;21:00;1;93;93066;2;1;1;3;Rue de la Poterie;48,9438335619;2,3466762006