Num_Acc;jour;mois;an;hrmn;lum;dep;com;agg;int;atm;col;adr;lat;long
202200037509;29;3;2022;16:20;1;974;97420;1;1;1;7;Rue Madrier; -20,9713530000;55,5908330000
202200037510;2;11;2022;15:35;1;93;93078;1;1;1;3;AUTOROUTE A104;48,9624700000;2,5476000000
202200037511;2;11;2022;08:45;1;95;95500;1;1;1;2;A15;49,0373599359;2,0904624379
202200037512;8;4;2022;06:40;1;973;97304;1;1;2;5;97310 KOUROU - RN 1 - PK53.700;5,1373430000; -52,6690260000
202200037513;3;11;2022;09:00;1;77;77146;1;1;1;2;RN104.EXT;48,8096582981;2,6302781794
202200037514;8;4;2022;03:35;5;34;34327;2;1;1;6;RD 613;43,6451050000;3,9519510000
202200037515;3;11;2022;07:44;2;77;77083;1;1;1;2;A4.W;48,8333600000;2,5958400000
202200037516;4;4;2022;13:40;1;25;25520;1;4;1;6;D464;47,2768420000;6,3596570000
202200037517;2;11;2022;17:50;3;94;94018;1;1;1;3;A4;48,8180452094;2,4118106839
202200037518;7;4;2022;15:25;1;67;67313;2;2;6;6;1 Rue Chassepot;48,5391670000;7,4511120000
202200037519;2;11;2022;07:45;2;94;94046;1;1;1;3;A86 EXT;48,8085628803;2,4490578633
202200037520;2;11;2022;02:10;3;75;75112;1;1;1;6;A4;48,8238378406;2,4631047249
202200037521;8;4;2022;17:40;1;42;42121;1;1;1;2;Route de Baracuchet;45,5961620000;3,9480080000
202200037522;1;11;2022;00:01;3;94;94044;1;1;1;3;RN406.W;48,7577735064;2,4788305343
202200037523;7;4;2022;19:10;1;69;69206;1;1;1;7;Route de Montmerle;46,0721440000;4,7405900000
202200037524;31;10;2022;22:45;3;94;94017;1;1;1;7;A4;48,8264762717;2,5200291693
202200037525;7;4;2022;12:52;1;69;69019;2;3;8;3;20 Rue du 14 Juillet;46,1049230000;4,7375800000
202200037526;2;11;2022;17:55;5;75;75114;2;1;1;5;PORTE DE CHATILLON;48,8225610000;2,3141690000
202200037527;1;11;2022;05:30;5;75;75112;2;1;1;7;ECHANGEUR BERCY;48,8277650000;2,3934860000
202200037528;7;4;2022;19:45;1;69;69009;2;1;1;3;831 Route de Villefranche;45,9443920000;4,7147640000
202200037529;2;11;2022;09:05;1;75;75105;2;3;1;1;QUAI SAINT BERNARD;48,8468470000;2,3609710000
202200037530;8;4;2022;13:20;1;81;81142;1;3;1;3;D622;43,5245547703;2,0898290704
202200037531;2;11;2022;13:50;1;75;75119;2;1;1;4;AVENUE DE FLANDRE;48,8915740000;2,3781610000
202200037532;7;4;2022;08:10;1;35;35152;2;1;2;3;9 Rue de la Tannerie;48,2093280000; -1,5126210000
202200037533;2;11;2022;09:10;1;75;75118;2;1;1;3;BOULEVARD DE LA CHAPELLE;48,8841020000;2,3529660000
202200037534;7;4;2022;07:20;2;35;35031;2;3;2;3;;48,1796200423; -1,4376157522
202200037535;2;11;2022;09:15;1;75;75115;2;1;1;3;RUE DE VAUGIRARD;48,8381500000;2,2981550000
202200037536;2;11;2022;10:30;1;75;75112;2;2;1;3;RUE CHALIGNY;48,8470090000;2,3837750000
202200037537;8;4;2022;10:30;1;62;62320;1;3;3;3;D939;50,3127270000;2,6904560000
202200037538;2;11;2022;10:10;1;75;75107;2;2;1;3;RUE DU BAC;48,8582280000;2,3283410000
202200037539;7;4;2022;10:30;1;13;13106;1;1;1;3;A7-Sens Marseille vers Lyon;43,3892300000;5,3512000000
202200037540;2;11;2022;09:54;1;75;75107;2;1;1;7;PLACE VAUBAN;48,8538190000;2,3121840000
202200037541;7;4;2022;08:30;1;13;13081;1;1;1;2;A7-Sens Lyon vers Marseille;43,4802400000;5,2400400000
202200037542;1;11;2022;15:20;1;94;94081;2;2;1;3;ROUGET DE L ISLE (AV);48,7781700000;2,3664900000
202200037543;6;4;2022;06:10;2;13;13106;1;1;1;5;A7-Sens Marseille vers Lyon;43,3908800000;5,3510100000
202200037544;31;10;2022;15:50;1;94;94068;2;1;1;6;GUYNEMER (AV);48,7875200000;2,4844000000
202200037545;7;4;2022;14:30;1;69;69271;1;1;2;3;Rocade Est ;45,7502680911;4,9866744876
202200037546;2;11;2022;17:20;1;94;94073;2;3;1;2;Rue du Bas Marin / Rue du Kefir;48,7522000000;2,3876840000
202200037547;2;11;2022;19:15;5;77;77291;2;1;1;6;Aeroport Charles de Gaulle;49,0051100000;2,5936500000
202200037548;7;4;2022;09:50;1;69;69027;1;1;1;1;Autoroute 450;45,6674600000;4,7630000000
202200037549;1;11;2022;23:37;5;93;93062;2;1;1;1;Avenue Thiers;48,8962550778;2,5254837871
202200037550;7;4;2022;15:40;1;33;33318;1;1;1;6;ROCADE A 630;44,7888500000; -0,6442600000
202200037551;2;11;2022;12:15;1;93;93055;2;1;1;6;Avenue du Général Leclerc;48,8967800000;2,4029700000
202200037552;6;4;2022;20:55;3;33;33075;1;1;2;2;ROCADE A 630;44,8895000000; -0,6034000000
202200037553;13;7;2022;21:00;5;93;93055;2;1;1;6;DIVISION LECLERC (AVE DE LA);48,9110257868;2,4131919259
202200037554;6;4;2022;13:00;1;59;59507;1;1;1;3;Autoroute A1;50,6088300000;3,0940300000
202200037555;2;11;2022;21:20;5;93;93006;2;1;1;1;Avenue Pasteur;48,8760329920;2,4179328382
202200037556;2;11;2022;22:07;5;93;93031;2;1;1;6;Avenue de la République;48,9494590000;2,3312890000
202200037557;7;4;2022;17:57;1;91;91161;1;1;1;3;AUTOROUTE A6;48,7063100000;2,3059300000
202200037558;2;11;2022;15:10;1;93;93031;2;8;1;6;Rue de Paris;48,9549790000;2,3074110000
202200037559;2;11;2022;18:45;5;93;93029;2;2;1;3;Avenue Henri Barbusse / Avenue Jean Jaurès;48,9198367209;2,4513807893
202200037560;6;4;2022;15:30;1;94;94003;1;1;1;2;AUTOROUTE A6B;48,8066524632;2,3412548567
202200037561;2;11;2022;12:10;1;93;93013;2;3;1;6;Avenue de la Division Leclerc / Rue Camille Dramart;48,9352700000;2,4263100000
202200037562;1;11;2022;19:50;5;93;93027;2;1;1;3;Avenue Paul Vaillant Couturier;48,9280000000;2,4184600000
202200037563;2;11;2022;06:25;3;93;93005;2;1;1;6;Rue Paul Cézanne;48,9527400000;2,4929350000
202200037564;2;11;2022;16:00;1;41;41194;2;6;1;3;rond point de la halle;47,3609930000;1,7429180000
202200037565;6;4;2022;09:56;1;92;92047;1;1;1;2;A13;48,8335133603;2,1626128206
202200037566;20;10;2022;23:00;3;33;33332;1;1;1;7;lieu dit larret;45,0343130000; -0,0068880000
202200037567;2;11;2022;16:47;1;40;40296;2;3;1;3;Avenue Charles de Gaulle;43,6900150000; -1,3710890000
202200037568;30;10;2022;16:25;1;33;33066;1;1;1;1;D1113;44,5739040000; -0,0091300000
202200037569;1;11;2022;16:40;1;84;84021;1;1;1;7;D40;44,1911170000;5,3327250000
202200037570;3;11;2022;09:55;1;48;48032;1;1;1;6;A75, PK147+400;44,6286650000;3,2440420000
202200037571;3;11;2022;12:10;1;34;34270;1;1;8;1;2200 Route de Sete;43,5640520000;3,8502570000
202200037572;26;10;2022;16:59;1;57;57526;1;1;1;7;Rue de la Chapelle;49,1307770000;7,3201880000
202200037573;2;11;2022;12:45;1;59;59601;1;1;1;1;D83;50,0252220000;4,0975140000
202200037574;30;10;2022;15:58;1;19;19262;1;1;1;7;Chassagne;45,5683900000;1,7392950000
202200037575;2;11;2022;20:50;3;76;76242;1;1;2;2;Route de Paris;49,4582290000;1,7243060000
202200037576;3;11;2022;15:25;1;79;79135;1;1;2;1;;46,7315850000; -0,2078770000
202200037577;2;11;2022;19:15;3;65;65048;1;1;1;1;Rue du Montaigu;43,3050064140;0,0957548618
202200037578;3;11;2022;18:30;3;61;61211;1;1;1;6;Lieu Dit la Tournerie;48,5544380000; -0,4972870000
202200037579;2;11;2022;18:00;3;61;61181;1;4;1;3;D438;48,8014150000;0,3091410000
202200037580;2;11;2022;18:25;3;47;47325;1;1;1;7;Saint Blancard;44,3684290000;0,2918300000
202200037581;2;11;2022;06:30;2;68;68082;1;1;1;7;D20;47,8654870000;7,3457770000
202200037582;3;11;2022;17:50;2;22;22258;1;1;8;1;;48,4344930000; -2,6353400000
202200037583;18;10;2022;14:50;1;25;25424;1;1;1;1;Chemin du Petit Paris;47,0747550000;6,3499900000
202200037584;2;11;2022;06:30;3;29;29035;1;1;1;3;D26;48,4939710000; -4,5346020000
202200037585;3;11;2022;16:35;1;02;02820;1;1;2;1;;49,6343750000;3,2288490000
202200037586;2;11;2022;11:37;1;03;03016;1;3;1;1;D36;46,2172910000;3,2466320000
202200037587;2;11;2022;14:45;1;58;58196;1;1;1;7;1 rue chez moyau;47,0966520000;3,3366730000
202200037588;3;11;2022;08:45;1;50;50391;1;1;1;2;46 Route de Brécey (Martigny);48,6270370000; -1,1205730000
202200037589;3;11;2022;13:45;1;50;50290;1;1;2;7;D106;48,6524670000; -1,2286720000
202200037590;2;11;2022;21:55;3;10;10239;1;1;1;2;RD 960;48,3399060000;4,1804050000
202200037591;2;11;2022;10:30;1;07;07181;2;3;1;1;Avenue du Soleil;44,7445280000;4,7447990000
202200037592;3;11;2022;15:10;1;24;24268;1;1;1;1;Le Calpre;44,9016560000;1,0680950000
202200037593;2;11;2022;14:40;1;04;04049;2;1;1;3;Avenue Jean Moulin;44,0811000000;6,0014960000
202200037594;2;11;2022;16:15;1;17;17140;2;3;1;1;Route Départementale N°734;45,9130900000; -1,2690870000
202200037595;29;10;2022;10:50;1;37;37172;1;6;1;3;RdPt de la Chassetière;47,4497850000;0,6978030000
202200037596;3;11;2022;06:34;2;30;30059;1;1;1;2;D6572;43,6871750000;4,2286980000
202200037597;3;11;2022;06:50;3;01;01374;1;1;1;1;RD1075;46,1167850000;5,2983390000
202200037598;3;11;2022;12:30;1;34;34320;1;1;2;6;D27E1;43,6402970000;3,7326880000
202200037599;2;11;2022;18:30;3;34;34129;1;1;1;4;A709, PK 016.000;43,5772180000;3,8800270000
202200037600;3;11;2022;10:25;1;11;11295;1;1;1;5;A9 pk 206.000;43,0459820000;2,9435100000
202200037601;30;10;2022;22:07;3;77;77333;1;1;1;6;A6;48,2536550000;2,7316470000
202200037602;29;10;2022;14:15;1;28;28374;1;1;1;6;D26.1;48,5826020000;1,4182620000
202200037603;3;11;2022;10:35;1;77;77500;1;1;1;3;D225;48,2186610000;2,9101590000
202200037604;1;11;2022;10:00;1;66;66164;1;1;1;5;;42,7909688470;2,8839835525
202200037605;2;11;2022;16:00;1;34;34151;2;1;1;1;route de saint julien;43,6626250000;4,1604710000
202200037606;2;11;2022;16:40;1;84;84103;1;1;1;7;Les viaux;43,9260880000;5,4405930000
202200037607;2;11;2022;07:30;2;13;13004;1;1;1;1;Rte Départementale N 570;43,5830600000;4,4525460000
202200037608;2;11;2022;18:40;3;89;89133;1;1;1;6;;47,9793480000;3,1918790000
202200037609;29;10;2022;10:35;1;67;67300;2;1;1;2;Rue Ernest Friederich;48,5318640000;7,4919950000
202200037610;2;10;2022;06:30;4;88;88458;1;4;2;1;D157A;48,3935860000;6,2560760000
202200037611;1;11;2022;17:20;5;54;54215;2;3;1;1;rue de la rompure;48,7483370000;6,1531160000
202200037612;2;11;2022;23:00;3;73;73054;1;1;1;6;D220 Route d'Hauteville;45,6027150000;6,7666070000
202200037613;3;11;2022;14:03;1;01;01249;1;1;2;6;Route du Mas Rillier;45,8533710000;4,9301250000
202200037614;26;10;2022;14:00;1;69;69004;1;9;7;3;Rue Aymé Chalus;45,9074570000;4,6506070000
202200037615;2;11;2022;16:40;1;33;33501;1;1;1;6;ZA de Migelane;44,6869650000; -0,6042010000
202200037616;11;10;2022;08:30;1;33;33380;2;2;1;6;Route de Saint-Ciers;45,2918980000; -0,5767880000
202200037617;1;11;2022;21:50;3;13;13071;1;1;1;2;A7-Sens Lyon vers Marseille;43,4075000000;5,3233000000
202200037618;1;11;2022;20:30;3;83;83047;1;1;1;2;A570;43,1263014478;6,0819980504
202200037619;30;10;2022;00:20;5;69;69142;1;1;1;2;Route de Métropole 7;45,7290761477;4,8158901930
202200037620;31;10;2022;17:20;1;54;54115;1;1;1;2;Autoroute A 31;48,7360600000;6,1570600000
202200037621;2;11;2022;08:50;1;93;93064;1;1;1;5;AUTOROUTE A103;48,8871653445;2,4749008383
202200037622;2;11;2022;02:00;3;75;75112;1;1;1;6;A4;48,8200408151;2,4598502439
202200037623;1;11;2022;04:40;5;973;97302;2;1;1;1;MANGO (ROUTE);4,9304467937; -52,3161837459
202200037624;1;11;2022;20:30;5;69;69387;2;2;1;2;Avenue Debourg;45,7314900000;4,8300900000
202200037625;1;11;2022;23:00;5;69;69382;2;1;1;5;Quai Perrache;45,7453800000;4,8275200000
202200037626;1;11;2022;16:00;1;86;86194;2;3;1;3;Avenue John Kennedy;46,5821100000;0,3679300000
202200037627;1;11;2022;11:15;1;78;78238;1;1;1;3;RENAULT (ROUTE DE);48,9650120000;1,8643170000
202200037628;1;11;2022;14:00;1;77;77312;2;2;1;3;D148 / D104;48,3433000000;2,7733400000
202200037629;1;11;2022;10:05;1;76;76322;2;2;1;3;Avenue des Canadiens;49,4092700000;1,0707600000
202200037630;1;11;2022;17:15;5;69;69259;2;2;1;6;Route de Vienne;45,7261266176;4,8539471627
202200037631;1;11;2022;13:20;1;64;64545;2;1;1;3;RD810;43,3696446982; -1,6830986372
202200037632;1;11;2022;19:30;3;64;64284;2;1;1;4;avenue Rauski;43,2547400000; -0,3898200000
202200037633;31;10;2022;17:00;1;64;64024;2;1;1;7;ARREMOUN (RUE D');43,4877800000; -1,5172100000
202200037634;1;11;2022;18:50;5;62;62083;2;6;3;6;HERSIN (RUE D');50,4577779233;2,6227882951
202200037635;16;5;2022;00:20;5;67;67482;2;1;1;7;CANONNIERS (RUE DES);48,5544500000;7,7657800000
202200037636;15;5;2022;17:45;1;67;67218;2;3;1;3;MESSMER (AVENUE);48,5275000000;7,7183200000
202200037637;13;5;2022;21:35;2;67;67482;2;3;1;1;HUMANN (RUE);48,5745600000;7,7379000000
202200037638;14;5;2022;19:50;1;66;66136;1;1;1;3;RD 914;42,6699020000;2,8960790000
202200037639;14;5;2022;16:40;1;66;66136;2;1;1;2;JOFFRE (AVENUE DU MARECHAL CD 88);42,7162494623;2,8879441693
202200037640;14;5;2022;15:55;1;66;66136;1;1;1;7;R D 900;42,7279360000;2,8795850000
202200037641;13;5;2022;16:56;1;66;66136;2;1;1;2;LANGUEDOC (AVENUE DU CD 88);42,7363801267;2,8907132149
202200037642;16;5;2022;15:15;1;64;64024;2;1;1;7;Route de Saint Pée;43,4563640000; -1,5076610000
202200037643;15;5;2022;05:02;5;63;63113;2;1;1;6;CUVIER (RUE);45,7865700000;3,0869400000
202200037644;14;5;2022;10:00;1;60;60159;2;2;1;6;Place Carnot;49,4093200000;2,8300400000
202200037645;16;5;2022;17:18;1;59;59599;2;1;1;5;PAPIN (CHAUSSEE DENIS);50,7323039046;3,1424063444
202200037646;24;4;2022;18:00;1;59;59350;2;2;1;3;LAFARGUE PAUL RUE;50,6230600000;3,0465700000
202200037647;15;5;2022;13:57;1;57;57672;1;1;1;2;OEUTRANGE (ROUTE D');49,3973400000;6,1136600000
202200037648;13;5;2022;11:30;1;51;51454;2;6;2;2;Place des Combattants d'A.F.N;49,2194700000;4,0211500000
202200037649;16;5;2022;15:55;1;45;45234;2;1;1;7;6 Boulevard Guy-Marie Riobé;47,9127500000;1,9137900000
202200037650;16;5;2022;07:50;1;45;45169;2;1;1;3;118 Route Nationale;47,9259200000;1,8449800000
202200037651;16;5;2022;11:16;1;44;44162;2;1;1;6;54 Rue Théophile Guillou;47,2120260000; -1,6531580000
202200037652;14;4;2022;13:50;1;43;43041;2;6;1;3;5 Place de la Libération;45,0479454461;3,9275988936
202200037653;16;5;2022;16:25;1;29;29051;1;1;2;6;Route de Kerdevot;48,0005400000; -3,9914800000
202200037654;14;5;2022;06:50;1;29;29232;2;3;1;6;Avenue de Ty Bos;47,9763892771; -4,0687778592
202200037655;16;5;2022;07:50;1;29;29039;2;3;1;1;Avenue de Bielefeld - Senne;47,8776861424; -3,9094755649
202200037656;19;4;2022;13:50;1;28;28229;2;1;1;1;RESISTANCE (AVENUE DE LA);48,4506200000;1,4636100000
202200037657;5;5;2022;15:45;1;24;24145;1;2;1;3;PELISSOUX (ROUTE DES);44,8774200000;0,5500200000
202200037658;13;5;2022;19:05;1;19;19031;2;1;1;1;LISSAC (ROUTE DE);45,1409700000;1,4893700000
202200037659;16;5;2022;22:53;5;16;16102;2;3;1;3;HUGO (AVENUE VICTOR);45,6893251904; -0,3173965216
202200037660;16;5;2022;18:20;1;16;16089;2;1;1;5;RN 141;45,6767840471; -0,3226885200
202200037661;12;5;2022;13:00;1;14;14366;2;3;1;3;Boulevard Carnot;49,1482400000;0,2259300000
202200037662;16;5;2022;14:50;1;14;14118;2;9;1;6;Boulevard Maréchal Leclerc;49,1803200000; -0,3633700000
202200037663;17;5;2022;00:25;5;13;13211;2;1;1;7;MILLIERE (BOULEVARD DE LA );43,2828800000;5,4977800000
202200037664;16;5;2022;18:30;1;13;13214;2;1;1;3;SAINTE MARTHE (chemin);43,3250600000;5,3882600000
202200037665;16;5;2022;14:05;1;13;13201;2;1;1;3;VOLTAIRE    PAIRS (BOULEVARD);43,3022900000;5,3836100000
202200037666;16;5;2022;12:00;1;13;13208;2;1;1;1;JULES CANTINI (AVENUE);43,2831600000;5,3885200000
202200037667;16;5;2022;08:50;1;13;13209;2;1;1;5;MARÉCHAL DE LATTRE (AVENUE);43,2456584370;5,4226999200
202200037668;16;5;2022;02:55;5;13;13202;2;1;1;2;PARIS (BOULEVARD DE);43,3091000000;5,3700000000
202200037669;3;4;2022;22:35;3;06;06029;2;1;1;2;MIDI (BOULEVARD DU);43,5434500000;6,9650200000
202200037670;15;5;2022;20:00;1;04;04070;1;1;1;7;RN 85;44,0720195122;6,2092374265
202200037671;13;5;2022;14:20;1;03;03095;2;1;1;6;Rue André Bailler;46,1318000000;3,4574800000
202200037672;12;5;2022;17:15;1;03;03013;2;1;1;3;Avenue des Isles;46,5851400000;3,3088500000
202200037673;16;5;2022;01:52;5;75;75109;2;2;2;3;RUE DE MOGADOR;48,8742670000;2,3313320000
202200037674;14;5;2022;19:30;1;75;75115;2;1;1;3;AVENUE DE LA MOTTE PICQUET;48,8497951866;2,2989360988
202200037675;16;5;2022;15:15;1;75;75105;2;1;1;2;BOULEVARD SAINT MARCEL;48,8391885435;2,3592153937
202200037676;15;5;2022;11:20;1;75;75116;2;3;1;6;RUE CHERNOVIZ;48,8579575917;2,2810859978
202200037677;16;5;2022;16:10;1;75;75115;2;2;1;3;RUE DE LA PROCESSION;48,8353810000;2,3118070000
202200037678;16;5;2022;15:40;1;75;75115;2;2;1;6;RUE LECOURBE;48,8449959537;2,3106895387
202200037679;16;5;2022;12:15;1;75;75112;2;5;1;3;AVENUE DE SAINT MANDE;48,8446780000;2,4057490000
202200037680;16;5;2022;00:30;5;75;75112;2;7;2;6;PLACE LACHAMBEAUDIE;48,8364977652;2,3877386749
202200037681;16;5;2022;09:00;1;75;75110;2;1;8;6;RUE DU FAUBOURG SAINT MARTIN;48,8769227629;2,3610667884
202200037682;16;5;2022;00:30;5;75;75110;2;2;2;3;RUE DE PARADIS;48,8757830000;2,3482520000
202200037683;16;5;2022;15:15;1;75;75109;2;2;7;3;RUE BLANCHE;48,8828030000;2,3320940000
202200037684;16;5;2022;17:10;1;75;75108;2;3;1;6;BOULEVARD HAUSSMANN;48,8752398483;2,3143614829
202200037685;15;5;2022;21:30;3;75;75108;2;7;2;6;AVENUE GEORGE V;48,8646480000;2,3015350000
202200037686;16;5;2022;09:00;1;94;94022;2;1;1;4;Avenue d'Alfortville;48,7705080000;2,4135390000
202200037687;13;5;2022;19:43;1;94;94004;2;3;1;7;Rue de Paris / Rue de la Fontaine;48,7511845013;2,5101099012
202200037688;16;5;2022;09:20;1;93;93050;2;1;1;3;Rue du Docteur Schapira;48,8554800000;2,5267000000
202200037689;16;5;2022;00:00;5;93;93050;2;1;2;3;Avenue Robert Schumann;48,8735300000;2,5320200000
202200037690;15;5;2022;23:30;5;93;93048;2;1;3;7;165 Boulevard Théophile Sueur;48,8618300000;2,4661700000
202200037691;16;5;2022;07:45;1;93;93010;2;1;1;3;Chemin du Pont;48,9079594633;2,4895378947
202200037692;16;5;2022;07:00;1;93;93005;2;9;1;3;Rue Jules Princet;48,9374558724;2,4992381036
202200037693;13;5;2022;09:10;1;92;92046;2;9;1;2;FABIEN (BOULEVARD DU COLONEL);48,8125330000;2,2799830000
202200037694;16;5;2022;18:30;1;92;92012;2;3;1;6;JEAN JAURES (BOULEVARD) 63/215 - 70/208;48,8347670727;2,2428689450
202200037695;17;5;2022;08:15;1;74;74002;1;1;1;2;A41;45,8229230000;6,0237050000
202200037696;17;5;2022;09:40;1;07;07295;2;1;1;6;;44,8200611000;4,5736490000
202200037697;15;5;2022;13:30;1;84;84096;1;1;1;7;D975;44,2293570000;4,9949280000
202200037698;17;5;2022;18:05;1;28;28161;1;1;1;2;AUTOROUTE A11 - PK 096+900;48,2449970000;1,1096190000
202200037699;15;5;2022;09:00;1;974;97422;2;1;1;3;Rue des Poinsetias; -21,2458490000;55,5245320000
202200037700;16;5;2022;17:30;2;974;97401;1;1;1;1;Chemin Piton Rouge; -21,2381520000;55,3429520000
202200037701;16;5;2022;05:47;2;86;86165;2;7;1;6;Rue du Chemin des Dames;46,4229730000;0,8667710000
202200037702;16;5;2022;20:56;1;21;21247;1;1;1;2;A6;47,4817000000;4,1788000000
202200037703;16;5;2022;18:15;1;47;47233;1;1;1;7;D813;44,5374330000;0,0897570000
202200037704;16;5;2022;18:05;1;62;62630;1;2;1;3;D75;50,2919970000;2,5407140000
202200037705;14;5;2022;15:45;1;57;57498;2;3;1;7;Rue Emile Zola;49,3177720000;6,0210870000
202200037706;16;5;2022;06:45;2;57;57241;1;1;1;1;D95 pk=1.500;48,7613848956;6,8743179739
202200037707;17;5;2022;12:15;1;2A;2A092;1;1;1;3;Figa;41,7292077513;9,4015688147
202200037708;16;5;2022;08:50;1;2A;2A271;2;1;1;3;chemin d'ajaccio Caldanaccia D72;41,9530120000;8,8024950000
202200037709;16;5;2022;20:45;1;82;82115;1;1;1;1;Route des Stades;43,9724760000;1,5785280000
202200037710;17;5;2022;10:45;1;89;89134;1;1;1;6;D606;47,4751580000;4,0168980000
202200037711;17;5;2022;07:30;2;63;63149;1;1;1;2;5 Route de Chappes;45,8843920000;3,2610300000
202200037712;16;5;2022;09:15;1;47;47306;1;1;1;6;Chantilly;44,3854490000;0,5470200000
202200037713;16;5;2022;18:20;1;34;34221;1;1;1;7;D32 - PR  16+250;43,7131532556;3,6111961722
202200037714;17;5;2022;08:55;1;84;84072;2;1;7;1;167 Avenue de l Europe;44,0576580000;5,1283570000
202200037715;17;5;2022;16:00;1;01;01025;1;3;1;3;1193 Route de Pont de Vaux;46,3249510000;4,9349020000
202200037716;17;5;2022;15:00;1;54;54548;2;1;1;6;rue Paquis de la Grande Fin;48,5474780000;5,7903740000
202200037717;16;5;2022;10:10;1;05;05046;1;1;1;1;RN 94;44,5603100000;6,5061810000
202200037718;17;5;2022;11:15;1;60;60509;1;1;1;2;D200;49,3242130000;2,6189630000
202200037719;17;5;2022;09:41;1;53;53151;1;2;1;3;D227;47,9419240000; -1,0227680000
202200037720;16;5;2022;19:55;1;24;24026;1;2;7;3;Route de Born;45,1561750000;0,9057280000
202200037721;17;5;2022;10:15;1;85;85012;1;1;1;1;Route du Pont Angelier;46,8820370000; -2,1011840000
202200037722;16;5;2022;18:25;1;28;28124;1;4;1;1;D11.1;48,7363160000;1,1776510000
202200037723;17;5;2022;15:45;1;30;30276;2;2;1;3;Rue Henri Mery;43,6337500000;4,1960000000
202200037724;16;5;2022;16:30;1;42;42295;1;1;1;2;A89;45,8525058968;3,7869542688
202200037725;17;5;2022;07:45;1;37;37003;1;1;1;1;Boulevard Saint-Denis-Hors;47,3931270000;1,0084680000
202200037726;17;5;2022;07:43;1;42;42233;1;1;1;1;Route des Essarts;46,0777040000;3,9261640000
202200037727;16;5;2022;18:22;1;69;69102;1;1;1;1;Route Nationale 7;45,8968232301;4,3654357028
202200037728;26;4;2022;06:00;2;11;11106;1;1;1;1;D 6009;43,2442076880;3,0638384037
202200037729;17;5;2022;00:15;3;60;60533;1;1;1;2;A1;49,5281490162;2,7224593161
202200037730;17;5;2022;15:30;1;34;34202;1;2;1;3;M5;43,5846716338;3,7785012905
202200037731;16;5;2022;14:00;1;11;11202;2;6;1;6;Rond-point AMMAC (piste cyclable);42,9058770000;3,0364860000
202200037732;16;5;2022;01:30;3;988;98817;2;1;1;6;Route de la Corniche - RPS2; -22,2884911000;166,5937080000
202200037733;16;5;2022;18:30;5;971;97116;2;4;1;2;RN5 Bosredon;16,3096370000; -61,4883330000
202200037734;15;5;2022;21:26;5;971;97116;2;9;1;6;Nationale 5;16,3290560000; -61,4525630000
202200037735;15;5;2022;14:00;1;971;97115;2;1;1;4;N2;16,2702330000; -61,6529860000
202200037736;3;5;2022;07:55;1;45;45310;2;3;1;3;D24 PR 14 + 345;48,2960410000;2,1954980000
202200037737;6;5;2022;08:50;1;77;77415;1;2;1;3;D603;48,9513660000;3,0369790000
202200037738;17;5;2022;01:00;3;2B;2B096;1;1;1;7;T20;42,2784990000;9,1678330000
202200037739;16;5;2022;11:35;1;2B;2B314;1;1;1;7;RD 81;42,6552430000;9,1903260000
202200037740;17;5;2022;09:15;1;2B;2B042;2;1;1;2;avenue de BORGO T205;42,5615920000;9,4411930000
202200037741;17;5;2022;06:25;1;2B;2B042;1;1;1;2;AVENUE DE VALROSE;42,5922530000;9,4389510000
202200037742;17;5;2022;02:30;3;2A;2A247;2;1;1;7;Avenue de Bastia;41,6160360000;9,2803090000
202200037743;15;5;2022;11:30;1;04;04039;1;1;1;7;RD 952;43,8290320000;6,4664520000
202200037744;15;5;2022;18:50;2;52;52432;1;1;1;7;pk 10 D121;47,9480210000;5,2954640000
202200037745;13;5;2022;18:00;1;54;54201;1;1;1;1;Rue de la Fontaine Salovin;48,4422837188;6,6519588241
202200037746;16;5;2022;21:20;3;74;74087;1;1;1;6;D503;46,1436930000;6,3246920000
202200037747;17;5;2022;13:41;1;42;42304;1;1;1;1;Route des Monts;45,5507970000;4,2106390000
202200037748;13;4;2022;05:10;5;67;67028;2;1;1;6;Rue Eugène Dischert;48,3664070000;7,5905710000
202200037749;12;4;2022;22:00;3;24;24577;1;1;2;3;Route des Castanahés;44,8538990000;1,1713100000
202200037750;14;5;2022;08:00;1;56;56125;2;1;1;1;Saint Nicolas;48,0805160000; -3,0923940000
202200037751;6;5;2022;11:20;1;69;69163;1;1;1;2;Autoroute 46;45,9175400000;4,7853600000
202200037752;6;5;2022;12:20;1;33;33281;1;1;7;4;ROCADE A 630;44,8524870000; -0,6659570000
202200037753;15;5;2022;01:15;3;59;59646;1;1;1;3;ROUTE DEPARTEMENTALE 652;50,6804617657;3,1291079521
202200037754;13;5;2022;06:05;1;59;59646;1;1;1;6;AUTOROUTE A22;50,6578200000;3,1191000000
202200037755;16;5;2022;19:05;1;91;91468;1;1;1;7;AUTOROUTE A6;48,5751300000;2,4659200000
202200037756;16;5;2022;17:36;1;92;92019;1;1;1;6;RN 385 INT;48,7612185680;2,2517574810
202200037757;15;5;2022;23:30;5;94;94038;1;1;1;6;AUTOROUTE A6A;48,7891300000;2,3435300000