Num_Acc;jour;mois;an;hrmn;lum;dep;com;agg;int;atm;col;adr;lat;long
202200037758;16;5;2022;08:00;1;78;78490;1;1;1;4;RN12 EXT;48,8006580000;1,9402620000
202200037759;15;5;2022;20:55;2;78;78291;1;1;3;2;A13;48,9652460000;1,7549150000
202200037760;15;5;2022;18:00;1;92;92047;1;1;1;3;A13;48,8357068931;2,1809239983
202200037761;14;5;2022;07:50;1;93;93005;1;1;1;2;AUTOROUTE A3;48,9621300000;2,4740800000
202200037762;16;5;2022;16:00;1;94;94017;1;1;1;3;A4;48,8279120785;2,5052363163
202200037763;16;5;2022;08:15;1;94;94052;1;1;1;2;A86.EXT;48,8412724993;2,4930730317
202200037764;6;5;2022;21:15;1;94;94033;1;1;1;4;A86.INT;48,8495000000;2,4906300000
202200037765;2;5;2022;20:20;1;94;94042;1;1;1;6;A4;48,8272864270;2,4692556276
202200037766;13;4;2022;15:30;1;85;85109;2;3;1;3;RD160;46,8637770000; -1,0308550000
202200037767;14;4;2022;20:00;1;35;35238;1;1;1;6;N136;48,1078132687; -1,7174747586
202200037768;14;4;2022;13:40;1;91;91174;2;1;1;6;RUE FERAY;48,6099440000;2,4777470000
202200037769;14;4;2022;07:35;1;976;97611;2;6;1;6;mamoudzou centre-Adrian SOULI (avenue); -12,7852100000;45,2280600000
202200037770;18;1;2022;07:55;2;69;69091;1;1;9;7;Route Neuve;45,5685400000;4,7831300000
202200037771;12;4;2022;08:01;1;95;95018;2;1;1;6;EPINAY (RUE D' );48,9508540000;2,2752100000
202200037772;8;4;2022;20:10;3;974;97416;2;9;1;2;RN2 (2); -21,3298100000;55,4721100000
202200037773;4;4;2022;12:35;1;55;55073;1;1;1;3;CD 964;49,1863240346;5,3720833986
202200037774;14;5;2022;14:50;1;988;98818;2;1;1;3;RUE JEAN CHALIER; -22,2465600000;166,4627500000
202200037775;15;5;2022;05:55;2;974;97416;2;1;1;7;LIGNE PARADIS(ROUTE DE LA); -21,2996000000;55,4555300000
202200037776;15;5;2022;17:35;1;972;97209;1;1;1;2;Bretelle sortie A1;14,6184100000; -61,0368900000
202200037777;15;5;2022;20:30;1;69;69149;2;3;1;2;Rue Pierre Sémard;45,7178598753;4,8148991168
202200037778;5;3;2022;05:00;5;69;69382;2;5;1;3;Pont Pasteur;45,7338690000;4,8189640000
202200037779;15;5;2022;13:50;1;69;69034;2;2;1;3;Montée des Soldats;45,7911000000;4,8608400000
202200037780;15;5;2022;15:50;1;971;97101;1;3;1;3;BAIMBRIDGE;16,2481800000; -61,5277100000
202200037781;15;5;2022;09:00;1;971;97113;1;1;1;4;Route de la Riviera;16,2182000000; -61,4997900000
202200037782;15;5;2022;18:55;1;91;91114;2;1;1;2;;48,6794920000;2,4949780000
202200037783;15;5;2022;02:50;5;91;91687;2;9;1;1;VICTOR SCHOELCHER (AVENUE);48,6547700000;2,3713900000
202200037784;15;5;2022;06:35;1;88;88087;2;1;1;6;FORGES (RUE DES);48,1765500000;6,4283800000
202200037785;24;4;2022;13:01;1;83;83009;2;1;1;6;EMERAUDE / 71 QUAI DE GAULLE;43,1368073617;5,7596321404
202200037786;15;5;2022;14:15;1;83;83069;2;1;1;2;ALMANARRE (ROUTE DE L');43,0798700000;6,1247400000
202200037787;15;5;2022;05:20;3;82;82033;1;1;1;6;MONTAUBAN D 958 (ROUTE DE);44,0309500000;1,1513600000
202200037788;15;5;2022;18:07;1;81;81144;1;1;1;4;RN 88;43,9655500000;2,1829700000
202200037789;15;5;2022;19:00;1;78;78551;2;1;1;6;GOUNOD (BD CHARLES);48,8961400000;2,0687500000
202200037790;15;5;2022;18:03;1;78;78551;1;1;1;3;RD 157;48,9122770000;2,0987700000
202200037791;15;5;2022;13:40;1;77;77186;1;2;1;3;D148 / D301;48,3765290000;2,7396480000
202200037792;15;5;2022;19:10;1;72;72181;2;2;1;3;BOLLEE (AV) N° IMP 347 ET >;47,9976100000;0,2226000000
202200037793;15;5;2022;19:20;1;72;72181;2;1;1;6;ALLONNES PONT ROUGE (RTE D');47,9758800000;0,1655600000
202200037794;15;5;2022;12:40;1;72;72181;2;1;1;6;MAC JEAN (AV) N° IMP 53 AU 105;47,9817200000;0,2157900000
202200037795;14;5;2022;16:20;1;69;69290;2;1;1;2;Route de Grenoble;45,7164077552;4,9596405029
202200037796;15;5;2022;08:30;1;69;69115;2;3;1;1;Rue de la Maladière;45,9785000000;4,7139400000
202200037797;15;5;2022;15:45;1;64;64024;2;1;1;3;Boulevard des Plages;43,5023200000; -1,5370500000
202200037798;15;5;2022;19:30;1;60;60684;2;1;1;6;Rue Aristide Briand;49,2903440000;2,4928340000
202200037799;14;5;2022;15:40;1;60;60057;2;1;1;6;Avenue Léon Blum;49,4516000000;2,0704700000
202200037800;15;5;2022;21:25;2;59;59512;2;1;1;6;DE ROUBAIX (RUE PIERRE);50,6921300000;3,1848000000
202200037801;15;5;2022;03:48;3;59;59560;1;1;1;3;TEMPLEMARS ROUTE DE;50,5538367157;3,0403214693
202200037802;14;5;2022;17:10;1;56;56083;1;1;1;6;Rue de la Résistance;47,8221600000; -3,2440800000
202200037803;15;5;2022;20:15;1;54;54395;2;2;1;3;MICHOTTES (RUE DES);48,6922540599;6,1790572107
202200037804;14;5;2022;18:00;1;54;54323;2;1;1;1;JULES MELINE (RUE);49,5270300000;5,7746800000
202200037805;15;5;2022;16:00;1;45;45284;2;3;1;2;Avenue Denis Papin;47,9137400000;1,9487500000
202200037806;14;5;2022;20:40;1;44;44055;1;1;1;6;1606 Route de Rézac;47,2976954000; -2,3233973000
202200037807;15;5;2022;11:00;1;33;33069;2;1;1;2;Allée de Boutaut;44,8676900000; -0,5760300000
202200037808;15;5;2022;06:25;2;33;33063;2;3;1;3;Boulevard Pierre 1er;44,8539200000; -0,5931300000
202200037809;5;5;2022;13:10;1;28;28085;2;1;1;3;GRANDES PLANTES (RUE DES);48,4587200000;1,4961700000
202200037810;14;5;2022;17:10;1;27;27554;2;4;1;6;LONGUEVILLE (RUE DE);49,1255100000;1,4358100000
202200037811;13;5;2022;14:25;1;26;26198;2;1;1;6;PORTE NEUVE (Rue);44,5574400000;4,7486700000
202200037812;14;5;2022;18:52;1;05;05061;2;1;1;3;PROVENCE (AVENUE DE);44,5392400000;6,0554800000
202200037813;14;5;2022;15:00;1;04;04112;2;2;1;3;RD 4096 / Av Georges Pompidou;43,8217738460;5,7875767350
202200037814;14;5;2022;13:40;1;04;04112;2;1;1;6;RD 4096;43,8236110000;5,7875000000
202200037815;14;5;2022;15:39;1;03;03190;2;3;1;3;VERT GALANT (RUE DU);46,5674700000;3,3279700000
202200037816;13;5;2022;10:05;1;01;01283;2;1;1;3;CASTELLION;46,2490410000;5,6474450000
202200037817;15;5;2022;15:50;1;01;01451;1;2;7;3;MEILLONNAS ( CHEMIN DE );46,2392296943;5,2697467804
202200037818;15;5;2022;01:15;5;75;75112;2;1;1;3;BD PERIPHERIQUE INTERIEUR;48,8284801840;2,3974080384
202200037819;14;5;2022;16:40;1;75;75113;2;1;1;3;BD PERIPHERIQUE EXTERIEUR;48,8206740000;2,3767840000
202200037820;14;5;2022;15:35;1;75;75116;2;1;1;2;BD PERIPHERIQUE INTERIEUR;48,8396370000;2,2541650000
202200037821;14;5;2022;05:00;5;75;75116;2;1;1;3;AVENUE HENRI MARTIN;48,8636590000;2,2708820000
202200037822;14;5;2022;00:35;5;75;75105;2;2;1;7;RUE LACEPEDE;48,8437970000;2,3523030000
202200037823;15;5;2022;23:02;5;75;75105;2;7;1;3;PLACE VALHUBERT;48,8442598777;2,3647816479
202200037824;15;5;2022;20:45;3;75;75118;2;5;3;3;RUE CHAMPIONNET;48,8930534078;2,3274305463
202200037825;15;5;2022;06:00;1;75;75118;2;2;1;3;BOULEVARD NEY;48,8980578650;2,3441353440
202200037826;14;5;2022;16:10;1;75;75118;2;1;1;6;BOULEVARD DE CLICHY;48,8840880000;2,3319470000
202200037827;15;5;2022;18:00;1;75;75117;2;2;1;6;RUE ALFRED ROLL;48,8869061863;2,3011489213
202200037828;15;5;2022;19:45;2;75;75116;2;1;1;2;AVENUE PIERRE 1ER DE SERBIE;48,8655560000;2,2955080000
202200037829;15;5;2022;10:50;1;75;75115;2;1;1;6;BOULEVARD GENERAL MARTIAL VALIN;48,8375600000;2,2727770000
202200037830;15;5;2022;21:10;5;75;75114;2;1;2;6;BOULEVARD JOURDAN;48,8203553583;2,3381392658
202200037831;29;9;2022;09:00;1;92;92050;1;1;1;2;A86;48,8934770765;2,1888457004
202200037832;28;9;2022;09:05;1;78;78043;1;1;1;2;A13W;48,8448300000;2,0876290000
202200037833;28;9;2022;08:00;1;92;92047;1;1;1;6;A13;48,8347758369;2,1731758601
202200037834;29;9;2022;20:00;3;93;93027;1;1;1;2;AUTOROUTE A86;48,9236037039;2,3845803738
202200037835;29;9;2022;17:30;1;95;95127;1;1;1;3; A15;49,0453145827;2,0746591687
202200037836;29;9;2022;07:00;3;92;92078;1;1;1;2;AUTOROUTE A86;48,9294615368;2,3279731880
202200037837;28;9;2022;10:20;1;93;93064;1;1;1;5;AUTOROUTE A86;48,8826100000;2,4727600000
202200037838;28;9;2022;19:00;2;93;93027;1;1;1;5;A1;48,9360939265;2,4045118689
202200037839;28;9;2022;05:00;3;93;93005;1;1;9;6;AUTOROUTE A104;48,9724200000;2,4935100000
202200037840;28;9;2022;14:35;1;94;94033;1;1;1;2;A86.EXT;48,8521422803;2,4902740888
202200037841;25;9;2022;15:00;1;94;94081;1;1;1;4;A86 EXT;48,7740997838;2,4089615958
202200037842;29;5;2022;17:35;1;74;74010;2;1;1;7;Route de Sacconges;45,8685310000;6,0962860000
202200037843;28;5;2022;03:00;3;74;74137;1;1;1;6;Autoroute A410;46,0002110000;6,1692950000
202200037844;17;4;2022;17:15;1;88;88425;2;1;1;7;D50;48,3860830000;6,5805960000
202200037845;28;5;2022;16:20;1;88;88530;1;1;1;5;Cote d Amerey;48,0405250000;6,3679000000
202200037846;22;5;2022;15:45;1;88;88530;1;1;1;7;D12;48,0297000000;6,3789880000
202200037847;20;6;2022;06:40;2;88;88349;1;1;1;6;D415;48,1670590000;7,0648960000
202200037848;17;6;2022;19:30;2;88;88115;1;9;7;6;8 Route du Plafond;48,1665970000;6,8938300000
202200037849;28;9;2022;08:20;1;974;97416;2;3;1;3;LORION (RUE LUC); -21,3350300000;55,4708300000
202200037850;28;9;2022;16:20;1;972;97213;1;1;1;4;AUTOROUTE A1;14,5965200000; -60,9946900000
202200037851;28;9;2022;23:05;5;69;69389;2;2;3;1;Avenue Barthélémy Buyer;45,7637576752;4,7950373590
202200037852;28;9;2022;13:30;1;69;69389;2;2;8;3;Pont Robert Schuman;45,7804900000;4,8090800000
202200037853;28;9;2022;13:30;1;2B;2B033;2;3;1;3;CAMPINCHI DU NR 6. 39 -RU;42,7014300000;9,4497000000
202200037854;28;9;2022;17:10;1;91;91114;2;1;8;6;CORBEIL (ROUTE DE);48,6879160000;2,5037350000
202200037855;27;9;2022;18:20;2;87;87085;2;1;2;7;PERDRIX (RUE DE LA);45,8293000000;1,2190700000
202200037856;27;9;2022;18:15;1;83;83137;2;9;1;3;CUZIN (AVE FRANCOIS);43,1229070766;5,9462150931
202200037857;27;9;2022;15:55;1;83;83137;2;1;1;6;STRASBOURG (BD DE );43,1242725023;5,9356377125
202200037858;23;9;2022;17:55;1;83;83062;1;1;1;6;PLANTADES (CHEMIN DES);43,1436276761;6,0248588920
202200037859;27;9;2022;19:30;3;83;83061;2;1;6;7;AVENUE DE LA CORNICHE D'AZUR;43,4111047981;6,7248199582
202200037860;24;9;2022;10:39;1;83;83050;2;3;2;6;AZEMAR(RUE DES ALLEES D');43,5366510937;6,4607362747
202200037861;23;9;2022;19:50;1;78;78126;2;1;1;6;JONCHERE (AVENUE DE LA);48,8569900000;2,1449000000
202200037862;28;9;2022;11:45;1;77;77122;2;1;1;3;CR 1 DIT DE VARENNES A MOISSY;48,6665000000;2,5524200000
202200037863;28;9;2022;09:30;1;77;77058;2;3;1;2;D406;48,8312400000;2,6884000000
202200037864;27;9;2022;17:50;1;76;76351;2;3;1;6;FELIX FAURE;49,5000100000;0,1042900000
202200037865;26;9;2022;15:40;1;72;72181;2;1;2;2;PADERBORN (AV) N° 3;48,0097500000;0,2014600000
202200037866;28;9;2022;19:30;5;69;69282;2;2;2;3;Rue Ampère;45,7754800000;5,0110900000
202200037867;28;9;2022;20:45;5;69;69029;2;1;3;6;Boulevard Pinel;45,7376295439;4,8913326859
202200037868;23;9;2022;09:50;1;62;62215;2;3;1;5;Rue de l'Egalité;50,5017120000;2,9468110000
202200037869;28;9;2022;18:10;1;60;60057;2;1;1;4;Av du Pdt J Fitzgerald Kennedy;49,4288200000;2,0959000000
202200037870;28;9;2022;09:55;1;59;59646;2;8;1;7;MARNE (AVENUE DE LA);50,6867429467;3,1238293648
202200037871;25;9;2022;18:45;1;56;56121;2;1;1;1;2 Rue Léo Lagrange;47,7621300000; -3,3765900000
202200037872;28;9;2022;07:45;2;56;56121;1;1;1;4;D465 Desserte Portuaire;47,7503900000; -3,3871900000
202200037873;20;9;2022;18:10;1;49;49099;1;1;1;1;PETITE SIMONIERE (CHEMIN DE LA );47,0843900000; -0,8382600000
202200037874;27;9;2022;19:20;1;49;49007;2;1;2;7;LETANDUERE;47,4602100000; -0,5545900000
202200037875;27;9;2022;14:00;1;49;49007;2;1;1;3;COPERNIC;47,4823600000; -0,5222300000
202200037876;28;9;2022;21:34;5;45;45284;2;3;3;7;93 Avenue du Général Leclerc;47,9160000000;1,9738000000
202200037877;28;9;2022;20:15;5;45;45284;2;1;2;6;46 Avenue de Verdun;47,9184610145;1,9813482463
202200037878;28;9;2022;08:47;1;45;45285;2;1;2;4;2 Rue des Champs Frais;47,9061000000;1,8716100000
202200037879;28;9;2022;10:25;1;38;38421;2;1;8;6;Avenue Gabriel Péri;45,1860800000;5,7602200000
202200037880;28;9;2022;13:10;1;37;37261;2;6;2;6;COMPAGNONS D'EMMAUS (AVENUE DES);47,4305150800;0,7045465708
202200037881;27;9;2022;17:15;1;37;37261;2;1;1;3;AEROPORT (RUE DE L');47,4256600000;0,7161300000
202200037882;28;9;2022;17:40;1;31;31555;2;1;2;3;ESPAGNE (RTE D) DU 2AU 403;43,5716600000;1,4244800000
202200037883;28;9;2022;08:50;2;29;29039;1;1;2;7;Rue de la Villeneuve;47,8951061610; -3,9137020109
202200037884;28;9;2022;12:10;1;27;27375;2;1;1;3;JOFFRE (BOULEVARD DU ML);49,2149700000;1,1674200000
202200037885;28;9;2022;10:45;1;25;25056;1;2;3;3;MARCHAUX ROUTE DE;47,2877200000;6,0651700000
202200037886;23;9;2022;14:50;1;25;25056;2;2;1;3;CHURCHILL BD WINSTON;47,2463100000;5,9980000000
202200037887;28;9;2022;11:50;1;13;13209;2;1;1;2;MARÉCHAL DE LATTRE (AVENUE);43,2500800000;5,4038300000
202200037888;28;9;2022;08:00;1;11;11069;2;2;2;2;Rue Barbacane;43,2099400000;2,3604300000
202200037889;24;9;2022;10:44;1;10;10387;2;1;2;7;Avenue Robert Schumann;48,3101600000;4,0973200000
202200037890;23;9;2022;19:37;5;10;10387;2;1;8;7;JULES GUESDE (RUE);48,2895555758;4,0805867314
202200037891;27;9;2022;11:28;1;974;97411;2;9;1;2;RAMBAUD (LEOPOLD); -20,8861400000;55,4790700000
202200037892;27;9;2022;18:30;1;974;97407;2;1;1;3;JACQUES DUCLOS (RUE) - RIVIERE DES GAL  ; -20,9616700000;55,3172100000
202200037893;27;9;2022;18:15;1;973;97302;2;1;1;6;JADFARD (RENE);4,9352649045; -52,3282778263
202200037894;26;9;2022;16:15;1;973;97302;2;3;1;3;BADUEL (ROUTE DE);4,9382300000; -52,3168000000
202200037895;3;9;2022;18:25;1;973;97302;2;1;1;3;MONTABO (ROUTE DE) 1;4,9331008118; -52,2904841602
202200037896;9;9;2022;09:07;1;973;97302;2;3;1;3;ROUGET DE L ' ISLE;4,9370504204; -52,3266376555
202200037897;27;9;2022;21:25;5;69;69383;2;3;1;3;Quai Victor Augagneur;45,7572700000;4,8407800000
202200037898;6;7;2022;17:00;1;69;69383;2;2;1;3;Avenue Félix Faure;45,7557200000;4,8761600000
202200037899;27;9;2022;18:35;5;972;97213;2;2;1;3;GEORGES GRATIANT;14,6174000000; -60,9952100000
202200037900;25;9;2022;23:20;5;972;97213;1;1;1;2;AUTOROUTE A1;14,6184200000; -61,0249600000
202200037901;27;9;2022;07:00;1;2B;2B037;1;1;1;2;TOUTES RUES;42,6002800000;9,4380900000
202200037902;27;9;2022;09:45;1;2A;2A004;2;3;2;3;BONAPARTE CHARLES  BD;41,9339519621;8,7525702615
202200037903;27;9;2022;18:25;1;95;95680;1;1;2;1;RD 970;49,0104254433;2,4197280407
202200037904;27;9;2022;17:50;1;91;91097;2;1;2;1;AV JEAN MOULIN;48,6815200000;2,5326200000
202200037905;27;9;2022;05:25;5;91;91027;2;2;1;6;AV FRANCOIS MITTERRAND;48,7218800000;2,4047800000
202200037906;26;9;2022;14:34;1;91;91223;1;1;3;4;RD 191;48,4444500000;2,1202600000
202200037907;26;9;2022;17:55;1;87;87085;2;1;1;2;LABUSSIERE (AVENUE EMILE);45,8444900000;1,2467500000
202200037908;26;9;2022;07:18;5;87;87085;2;1;2;7;LATTRE-DE-TASSIGNY (AVENUE DU MARECHAL);45,8252300000;1,2730600000
202200037909;24;9;2022;13:07;1;87;87085;2;2;1;4;BEL AIR (BOULEVARD DE);45,8214400000;1,2403200000
202200037910;27;9;2022;17:40;1;85;85194;2;6;2;3;Boulevard du vendée globe-RP de la vannerie;46,5154200000; -1,7584400000
202200037911;27;9;2022;07:15;2;83;83137;1;1;1;6;BLACHE (PLACE NOEL);43,1240700000;5,9363300000
202200037912;23;9;2022;17:50;1;80;80021;2;1;1;3;DEJEAN (RUE);49,8918400000;2,3127400000
202200037913;23;9;2022;16:35;1;80;80021;2;1;1;6;SAINT MAURICE (RUE);49,9039600000;2,2885300000
202200037914;27;9;2022;08:10;1;78;78384;2;1;1;6;VERDUN (RUE DE);48,9506300000;1,9970100000
202200037915;23;9;2022;20:00;5;76;76351;1;1;3;1;N 282;49,5019400000;0,1895700000
202200037916;23;9;2022;18:00;1;76;76351;2;2;1;7;GUSTAVE BRINDEAU (RUE);49,4936800000;0,1388900000
202200037917;25;9;2022;05:17;5;76;76351;2;1;2;6;GENERAL FERRIE (AVENUE);49,5030900000;0,1812600000
202200037918;27;9;2022;16:30;1;69;69092;1;3;7;6;Route du Saule d’Oingt;45,9814009807;4,6704007805
202200037919;27;9;2022;10:10;1;69;69264;2;4;1;3;Rue Montesquieu;45,9849600000;4,7126200000
202200037920;27;9;2022;13:45;1;69;69199;2;1;1;1;Rue de la Jachère;45,6910200000;4,8586100000
202200037921;27;9;2022;09:35;1;66;66136;2;3;1;6;;42,7178500000;2,8873400000
202200037922;26;9;2022;09:49;1;66;66136;2;1;1;3;;42,7332880000;2,8831560000
202200037923;18;9;2022;22:15;3;66;66136;1;1;1;6;;42,7300380000;2,8809480000
202200037924;27;9;2022;12:20;1;64;64445;2;3;3;3;avenue Didier Daurat;43,3244900000; -0,3794900000
202200037925;27;9;2022;08:05;1;64;64335;2;1;2;3;Boulevard de l'Europe;43,3295938037; -0,4467487335
202200037926;26;9;2022;08:55;1;64;64445;2;1;1;2;avenue Léon Blum;43,3160600000; -0,3317100000
202200037927;26;9;2022;09:45;1;64;64445;2;9;1;1;place de la Libération;43,2974800000; -0,3718000000
202200037928;26;9;2022;07:56;2;64;64140;2;1;1;6;Quai Saint-Gobain;43,5165082919; -1,4887359738
202200037929;27;9;2022;08:10;1;61;61143;2;1;1;3;PONT DU FRESNE (RUE DU);48,4444100000;0,0609100000
202200037930;27;9;2022;17:30;1;59;59599;2;3;1;3;UNION (RUE DE L');50,7092639914;3,1723827124
202200037931;27;9;2022;17:15;1;59;59512;2;2;1;3;MOTTE (AVENUE ALFRED);50,6738380829;3,1930209696
202200037932;27;9;2022;20:00;5;59;59350;2;3;8;6;FAUBOURG D'ARRAS RUE;50,6138708432;3,0626025796
202200037933;27;9;2022;11:00;1;56;56098;2;2;1;3;MUSSET (RUE ALFRED);47,7538780000; -3,3419546500
202200037934;27;9;2022;10:20;1;56;56107;2;1;1;3;Kermélo D29;47,7298940000; -3,3856300000
202200037935;27;9;2022;21:55;5;53;53130;2;2;2;1;8 MAI 1945 ( BOULEVARD DU );48,0647130000; -0,7875020000
202200037936;26;9;2022;12:14;1;51;51454;2;3;1;3;rue Camille Lenoir;49,2590000000;4,0398800000
202200037937;27;9;2022;10:25;1;49;49007;2;1;1;3;JAURES;47,4549000000; -0,5245800000
202200037938;27;9;2022;10:02;1;49;49007;2;1;1;6;CHAUMIN BOULEVARD;47,4503000000; -0,5550000000
202200037939;27;9;2022;08:33;1;49;49007;2;1;1;6;JUIN PLACE ET RUE;47,4490800000; -0,5670800000
202200037940;26;9;2022;14:26;1;49;49007;2;1;1;7;TOUR DES ANGLAIS;47,4792000000; -0,5554300000
202200037941;26;9;2022;12:50;1;49;49015;2;6;1;3;DE GAULLE ROND POINT DU GENERAL;47,5003900000; -0,5904400000
202200037942;27;9;2022;09:45;1;45;45302;1;6;1;3;D557 PR 1 + 950;47,9521700000;1,8435100000
202200037943;27;9;2022;08:26;1;45;45234;2;1;1;6;39 Rue du Nécotin;47,9187700000;1,9375600000
202200037944;27;9;2022;18:20;1;45;45338;2;1;1;2;56 Avenue Henri Barbusse;47,9928162428;2,7189268470
202200037945;17;9;2022;20:00;2;38;38421;1;1;1;6;Rue Henri Wallon;45,1721700000;5,7578700000
202200037946;27;9;2022;22:55;3;37;37122;2;9;2;6;CHINON (BOULEVARD DE);47,3521914876;0,6872999668
202200037947;27;9;2022;17:30;1;35;35238;2;1;2;6;ARMORIQUE (BD D');48,1293700000; -1,6798400000
202200037948;27;9;2022;16:21;1;35;35238;2;6;2;2;VEZIN (ROUTE DE);48,1163233687; -1,7164769769
202200037949;27;9;2022;15:15;1;35;35281;2;3;1;2;BELLEVUE (AVENUE DE);48,0812307294; -1,7354435474
202200037950;27;9;2022;09:10;1;33;33063;2;2;1;3;Rue du Jardin Public;44,8602600000; -0,5706600000
202200037951;27;9;2022;08:50;1;33;33281;2;2;1;3;Rue Fustel de Coulanges;44,8439900000; -0,6422500000
202200037952;6;12;2022;06:10;3;93;93005;1;1;1;2;AUTOROUTE A3;48,9682400000;2,4800200000
202200037953;26;9;2022;05:45;3;33;33550;2;1;1;6;Rue de la Croix de Monjous;44,7802000000; -0,5865000000
202200037954;24;9;2022;20:45;2;30;30189;2;4;1;3;;43,8177470623;4,3012175560
202200037955;5;12;2022;22:10;3;95;95527;1;1;1;2;A1;48,9876482794;2,5079685493
202200037956;16;9;2022;11:05;1;30;30189;2;6;1;3;;43,8236000000;4,3275700000
202200037957;27;9;2022;16:00;1;29;29232;2;6;2;6;Rond-Point Corentin Vinoc;47,9719670000; -4,0911810000
202200037958;25;9;2022;15:10;1;22;22187;2;9;1;2;HUIT MAI 1945 (Rue du );48,5383300000; -2,7649200000
202200037959;5;12;2022;17:45;3;93;93063;1;1;1;5;AUTOROUTE A3;48,8748100000;2,4394600000
202200037960;16;9;2022;15:40;1;13;13117;2;1;1;3;MONNET ( AVENUE JEAN );43,4272200000;5,2773000000
202200037961;27;9;2022;19:30;5;13;13205;2;1;1;1;BAILLE (BOULEVARD);43,2901400000;5,3995100000
202200037962;7;12;2022;14:00;1;94;94018;1;1;1;6;A4;48,8209397771;2,3999563865
202200037963;27;9;2022;09:10;1;13;13208;2;1;1;2;PRADO (AVENUE DU);43,2684510089;5,3848652260
202200037964;26;9;2022;14:30;1;13;13209;2;1;1;6;CABOT (BOULEVARD);43,2570000000;5,4180000000
202200037965;27;9;2022;09:35;1;13;13005;2;2;1;3;AVELANEDE (CHEMIN DE L');43,2990899878;5,5911648273
202200037966;24;9;2022;17:20;1;11;11262;2;1;1;3;44 Avenue Elie Sermet;43,1868570000;3,0152970000
202200037967;14;5;2022;16:15;1;91;91228;2;1;1;5;RUE MONTESPAN;48,6334000000;2,4355100000
202200037968;27;9;2022;15:45;1;11;11069;2;1;1;2;Avenue Bunau Varilla;43,2070400000;2,3356000000
202200037969;26;9;2022;14:53;1;11;11069;2;1;1;1;Rue Peire Cardenal;43,2271160000;2,3894980000
202200037970;27;9;2022;08:00;1;07;07281;2;1;1;3;GARROS (RUE ROLAND);44,9451800000;4,8555670000
202200037971;13;5;2022;10:40;1;91;91228;2;6;1;5;AVENUE SERGE DASSAULT;48,6199430000;2,4520200000
202200037972;25;9;2022;10:00;1;06;06027;1;1;1;1;VALLIERES CHEMIN DES;43,6637300000;7,1488200000
202200037973;11;5;2022;14:55;1;91;91228;2;1;1;6;PL DES TERRASSES DE L AGORA;48,6288200000;2,4294600000
202200037974;28;9;2022;12:00;1;75;75112;2;1;1;4;BD PERIPHERIQUE EXTERIEUR;48,8491450000;2,4151400000
202200037975;5;5;2022;08:25;1;91;91521;2;6;1;6;JOLIOT CURIE (AVENUE IRENE ET FREDERIC);48,6383800000;2,3942200000
202200037976;27;9;2022;12:40;1;75;75116;2;1;1;2;BD PERIPHERIQUE EXTERIEUR;48,8777530000;2,2801840000
202200037977;27;9;2022;08:35;1;75;75120;2;1;1;3;BD PERIPHERIQUE INTERIEUR;48,8554470000;2,4138260000
202200037978;28;4;2022;07:57;1;91;91228;2;1;1;6;RUE DU MARQUIS DE RAIES;48,6306800000;2,4127400000
202200037979;28;9;2022;09:05;1;75;75119;2;1;8;3;AVENUE MATHURIN MOREAU;48,8782100000;2,3725280000
202200037980;27;9;2022;20:15;5;75;75118;2;2;1;2;BOULEVARD NEY;48,8984800000;2,3524710000
202200037981;6;12;2022;11:30;1;976;97611;2;3;1;3;cavani-Rond point du Stade; -12,7837400000;45,2226500000
202200037982;28;9;2022;18:40;1;75;75117;2;7;1;3;PLACE DU MARECHAL JUIN;48,8845230000;2,2972000000
202200037983;6;12;2022;08:40;1;976;97611;2;3;1;3;tsoundzou-Cadjifouteni ( rue ); -12,8070300000;45,2072400000
202200037984;28;9;2022;10:30;1;75;75114;2;2;1;1;AVENUE DU GENERAL LECLERC;48,8300620000;2,3288090000
202200037985;28;9;2022;09:00;1;75;75113;2;1;1;6;RUE DE TOLBIAC;48,8262490000;2,3431380000
202200037986;6;12;2022;14:35;1;974;97407;1;1;1;2;ROUTE NATIONALE N° 1; -20,9563100000;55,3113000000
202200037987;28;9;2022;12:05;1;75;75112;2;2;1;3;AVENUE DE LA PORTE DE CHARENTON;48,8317010000;2,3978940000
202200037988;6;12;2022;16:12;1;972;97209;2;1;1;6;GENERAL DE GAULLE (BLD DU);14,6078700000; -61,0688100000
202200037989;28;9;2022;02:50;5;75;75109;2;2;2;3;BOULEVARD HAUSSMANN;48,8736010000;2,3283480000
202200037990;27;9;2022;23:40;5;75;75109;2;3;2;7;RUE LA FAYETTE;48,8765552550;2,3465278745
202200037991;6;12;2022;07:25;1;972;97209;2;6;1;6;SAINT CHRISTOPHE (RUE);14,6123100000; -61,0529600000
202200037992;28;9;2022;07:45;1;75;75108;2;3;1;3;RUE DU FAUBOURG SAINT HONORE;48,8721250000;2,3128680000
202200037993;28;9;2022;00:58;5;75;75108;2;2;2;3;AVENUE GEORGE V;48,8709790000;2,3009120000
202200037994;6;12;2022;18:30;5;69;69389;2;2;1;3;Rue Marietton;45,7759100000;4,8008400000
202200037995;28;9;2022;12:10;1;75;75107;2;2;1;7;AVENUE DU MARECHAL GALLIENI;48,8610280000;2,3132330000
202200037996;28;9;2022;16:39;2;94;94081;2;3;2;3;EUGENE DERRIEN (R);48,7740600000;2,3752800000
202200037997;6;12;2022;10:14;1;2B;2B033;2;1;1;2;DE MONTERA - BD HYACINTE;42,6975800000;9,4469300000
202200037998;28;9;2022;17:00;1;94;94075;2;3;2;3;Rue du Lieutenant Dagorno / Rue de l'Eglise;48,7205700000;2,5333200000
202200037999;6;12;2022;14:40;1;95;95127;2;1;8;6;Boulevard de l'Oise;49,0375700000;2,0788900000