Num_Acc;jour;mois;an;hrmn;lum;dep;com;agg;int;atm;col;adr;lat;long
202200038000;27;9;2022;20:45;5;93;93033;2;2;3;3;Boulevard de la Résistance / Rue du Bras Saint Arnoult;48,8596300000;2,5707100000
202200038001;6;12;2022;14:23;1;91;91479;2;3;1;2;AV DE VERDUN;48,7057800000;2,3664000000
202200038002;28;9;2022;13:00;1;93;93013;2;3;1;3;Avenue Elise Deroche;48,9324500000;2,4274700000
202200038003;28;9;2022;10:45;1;93;93013;2;1;1;6;Avenue Jean Jaurès;48,9339882912;2,4213405502
202200038004;5;12;2022;12:24;1;87;87085;1;1;1;6;RD941 (OUEST);45,8354300000;1,2127100000
202200038005;27;9;2022;23:06;5;93;93001;2;1;2;6;Avenue de la République;48,9086800000;2,3871000000
202200038006;26;9;2022;07:23;2;93;93001;2;3;1;3;Rue Hélène Cochennec / Rue Charles Baudelaire;48,9187900946;2,3987489724
202200038007;2;12;2022;18:09;5;87;87085;2;2;1;6;QUINET (RUE EDGAR);45,8224000000;1,2411300000
202200038008;28;9;2022;12:40;1;92;92049;2;1;1;6;GINOUX AVENUE HENRI AUTRES N°;48,8149830000;2,3207450000
202200038009;4;12;2022;20:05;5;87;87085;2;3;2;3;VIGENAL (BOULEVARD DU);45,8523100000;1,2524600000
202200038010;28;9;2022;11:45;1;92;92048;2;1;8;2;VAUGIRARD (ROUTE DE);48,8202700000;2,2389400000
202200038011;6;12;2022;14:55;1;83;83069;2;1;1;6;GAMBETTA (AVENUE);43,1197400000;6,1286200000
202200038012;28;9;2022;13:08;1;92;92040;2;1;1;2;PONT D ISSY;48,8305602407;2,2590470910
202200038013;28;9;2022;20:39;5;92;92026;2;1;1;6;COLOMBES;48,9013289479;2,2562790513
202200038014;6;12;2022;08:40;1;78;78190;2;2;8;2;SAUT DE LOUP (RUE DU);48,8799900000;2,1485900000
202200038015;21;9;2022;19:30;1;92;92004;2;1;1;1;OLYMPE DE GOUGES (RUE);48,9191300000;2,3167800000
202200038016;6;12;2022;14:50;1;77;77479;1;1;8;1;D934;48,8830300000;2,6446700000
202200038017;20;9;2022;20:20;3;92;92004;1;1;1;2;PONT D'ASNIERES;48,9045611764;2,2882539332
202200038018;2;12;2022;07:30;2;77;77251;1;1;1;2;D50;48,6184800000;2,5549700000
202200038019;28;9;2022;00:14;5;92;92004;2;2;1;1;AULAGNIER ( QUAI );48,9141600000;2,3102300000
202200038020;28;9;2022;18:40;3;976;97610;1;1;1;1;Route Nationale 1 - Longoni; -12,7366170000;45,1576920000
202200038021;29;9;2022;19:40;3;08;08144;1;1;1;7;D30;49,5083380000;4,4423170000
202200038022;5;12;2022;00:40;5;77;77320;2;1;3;6;D934;48,8291500000;3,0259700000
202200038023;24;9;2022;10:34;1;01;01290;1;1;2;3;D4;45,9034330000;5,1743140000
202200038024;3;12;2022;04:45;5;76;76305;2;3;1;1;OUDALLE (ROUTE);49,5027100000;0,2112250000
202200038025;29;9;2022;07:15;1;01;01075;1;2;2;5;D88;46,0513290000;4,8218610000
202200038026;28;9;2022;11:35;1;62;62654;2;1;1;6;D243E3;50,9151640000;1,7687530000
202200038027;5;12;2022;18:25;3;73;73029;1;1;1;2;N201;45,5676300000;5,9415600000
202200038028;28;9;2022;20:30;3;62;62154;1;1;1;6;D114;50,2374947809;2,2357668338
202200038029;28;9;2022;09:45;1;69;69063;2;1;2;6;Pont Général Leclerc;45,8312590000;4,8476050000
202200038030;5;12;2022;23:19;3;73;73011;2;1;1;1;D990 - DE GAULLE (AV) GILLY A WINNEDEN;45,6657600000;6,3681700000
202200038031;28;9;2022;14:45;1;89;89325;1;1;8;6;;47,6673240000;3,1168230000
202200038032;5;12;2022;23:45;5;72;72181;2;1;1;6;DURAND GEORGES (AV) N° PAIRS 112 AU 164;47,9780600000;0,2130700000
202200038033;27;9;2022;21:45;3;12;12142;1;1;2;6;D994;44,4001380000;2,3583860000
202200038034;28;9;2022;21:25;3;34;34332;1;1;1;6;D612;43,3137890000;3,3876680000
202200038035;5;12;2022;06:45;5;72;72181;2;1;2;2;COURBOULAY PAUL (RUE);48,0012900000;0,1909500000
202200038036;29;9;2022;13:00;1;44;44090;1;1;1;1;Rue de Nantes;47,0002020000; -1,7324920000
202200038037;6;12;2022;14:50;1;71;71153;2;1;8;3;SCHNEIDER (BOULEVARD HENRI PAUL);46,8005600000;4,4280000000
202200038038;26;9;2022;07:15;2;31;31022;2;3;1;3;54 route de paris;43,6727300000;1,4098980000
202200038039;6;12;2022;11:50;1;69;69256;2;1;8;3;46 Avenue Garibaldi;45,7675900000;4,9352300000
202200038040;28;9;2022;23:30;3;05;05045;1;1;2;6;Route de Gap;44,5305960000;6,4301030000
202200038041;29;9;2022;18:40;1;50;50359;1;1;1;7;D46;48,5993170000; -0,9709170000
202200038042;6;12;2022;07:20;5;69;69275;2;3;5;6;Avenue Jean Jaurès;45,7692900000;4,9464700000
202200038043;29;9;2022;02:40;3;90;90062;1;2;2;6;D11;47,6726920000;7,0052840000
202200038044;6;12;2022;18:15;5;69;69092;2;3;1;3;Rue de Thizy;45,9882962630;4,7102290392
202200038045;28;9;2022;14:12;1;18;18031;1;4;8;3;Route de Chaumont;46,8753600000;2,7425800000
202200038046;6;12;2022;06:50;5;69;69290;2;9;8;3;Rue de l'Aviation;45,7222100000;4,9346100000
202200038047;26;9;2022;12:35;1;43;43268;1;1;1;7;Pont de l'enceinte;45,1628420000;4,1698130000
202200038048;28;9;2022;16:15;1;04;04230;1;1;1;7;CD4 LIEU DIT LA PETITE FUSTE;43,8044990000;5,8419690000
202200038049;1;12;2022;13:48;1;68;68066;2;1;1;6;LADHOF (RUE DU);48,1062300000;7,3790000000
202200038050;29;9;2022;14:01;1;85;85047;1;2;1;3;VC Chemin des vignes;46,8059376943; -1,8682967126
202200038051;28;9;2022;20:00;3;85;85262;1;2;8;1;D937;47,0368300000; -1,5069280000
202200038052;4;12;2022;20:25;5;67;67482;2;3;9;3;RACINE (AVENUE);48,5916700000;7,7058200000
202200038053;27;9;2022;15:25;1;87;87061;1;2;2;3;Le Peux Roulier;46,1613550000;1,1329940000
202200038054;5;12;2022;14:24;1;66;66136;2;1;1;6;;42,6686900000;2,8833300000
202200038055;28;9;2022;12:20;1;48;48140;2;1;3;6;Boulevard Guérin d'Apcher face BAZARLAND;44,8074570000;3,2722520000
202200038056;18;9;2022;21:30;3;48;48140;2;7;1;3;Place du Foirail;44,8036600000;3,2761680000
202200038057;5;12;2022;09:03;1;66;66136;1;1;1;4;;42,7331800000;2,8832300000
202200038058;27;9;2022;12:28;1;08;08214;1;1;3;7;D989;50,0269981924;4,7940677404
202200038059;27;9;2022;07:55;1;35;35352;1;6;1;6;Rue de Châteaubriant;48,0353250000; -1,6000880000
202200038060;28;9;2022;09:10;1;988;98805;2;9;1;6;VE2; -22,2238400000;166,4679770000
202200038061;3;12;2022;04:50;4;63;63300;2;6;2;7;ROCADE RD 446;45,9031247524;3,1014007330
202200038062;29;9;2022;16:25;1;06;06018;1;1;1;3;2919 Route de Valbonne;43,6344160000;7,0738670000
202200038063;29;9;2022;01:00;3;44;44163;1;1;1;6;A11;47,4137320000; -1,1419610000
202200038064;29;9;2022;04:30;3;58;58278;1;1;1;1;N7;46,9282420000;3,1602110000
202200038065;6;12;2022;17:05;5;60;60057;2;1;8;2;Boulevard de Normandie;49,4256700000;2,0767800000
202200038066;28;9;2022;09:10;1;974;97415;2;3;1;3;Rue du Gen de Gaulle (st G); -21,0509360000;55,2240660000
202200038067;6;12;2022;13:38;1;60;60057;2;1;1;3;Avenue Montaigne;49,4141240000;2,1060440000
202200038068;28;9;2022;09:15;1;973;97313;1;1;1;7;route nationale 2;4,7874410000; -52,4081540000
202200038069;6;12;2022;18:00;5;59;59360;2;1;1;3;POTIE GEORGES RUE;50,6128900000;3,0034300000
202200038070;26;9;2022;18:33;1;95;95409;2;1;1;6;Route nationale 1;49,0416100000;2,3409890000
202200038071;17;1;2022;07:20;3;79;79307;1;2;5;3;;46,1286960000;0,0878070000
202200038072;1;12;2022;20:50;5;59;59350;2;2;1;3;CHURCHILL WINSTON RUE;50,6326400000;3,0174400000
202200038073;17;1;2022;07:50;2;44;44214;1;1;5;6;18 La Tonnerie;47,5561930000; -1,6947960000
202200038074;25;9;2022;15:10;1;34;34017;1;3;1;2;D613;43,4769960000;3,4565090000
202200038075;17;1;2022;21:15;3;51;51612;1;1;1;7;D933;48,8833790000;4,0291070000
202200038076;6;12;2022;07:48;2;57;57019;1;1;8;1;CD8;49,2629600000;6,1180600000
202200038077;18;1;2022;13:25;1;59;59094;1;1;1;7;10 Chemin de l Aa;50,9294577442;2,1513676643
202200038078;16;1;2022;17:30;1;76;76467;2;6;3;6;rue de la gare;49,8216130000;0,7021730000
202200038079;19;9;2022;17:15;1;89;89206;2;9;1;3;Rue des Entrepreneurs;47,9792250000;3,3796850000
202200038080;5;12;2022;16:20;1;54;54578;2;1;1;3;LYAUTEY (BOULEVARD DU MARECHAL);48,6724555340;6,1564475298
202200038081;13;1;2022;14:00;1;76;76146;2;1;1;6;Parc d Activite des Cateliers;49,5897350000;1,3473210000
202200038082;5;12;2022;10:30;1;54;54339;2;1;1;6;DRIANT (RUE DU COLONEL);48,7056800000;6,1906800000
202200038083;11;1;2022;17:00;1;61;61168;2;1;1;6;Rue Saint-Denis;48,5909770000; -0,3592510000
202200038084;28;9;2022;18:45;2;67;67313;2;1;1;1;Rue de la Trinité;48,5410570000;7,4553930000
202200038085;7;1;2022;21:30;3;29;29049;1;1;2;6;Lieu Dit Stang Penker;47,9685962769; -3,9062190056
202200038086;3;12;2022;18:10;2;49;49328;2;1;1;1;JAGUENEAU (QUAI DU);47,2501700000; -0,0533900000
202200038087;17;1;2022;19:30;3;03;03291;1;1;5;6;Avenue de la Gare;46,3320840000;3,5915480000
202200038088;5;12;2022;13:50;1;47;47001;2;1;1;2;COLMAR (AV. DE);44,1938700000;0,6376600000
202200038089;6;12;2022;09:50;1;46;46042;2;9;1;6;SEMARD (AVE PIERRE);44,4484600000;1,4323300000
202200038090;17;1;2022;12:15;1;72;72023;2;1;8;1;Route de Mamers;48,1776950000;0,2343740000
202200038091;15;1;2022;15:05;1;18;18103;2;9;1;6;Ruelle des Grands Moulins;47,1438180000;1,8478340000
202200038092;5;12;2022;16:57;1;43;43157;1;1;7;2;RN88;45,0138400000;3,8888100000
202200038093;17;1;2022;20:00;3;07;07295;1;4;9;7;;44,8149220000;4,5592500000
202200038094;5;12;2022;18:10;5;37;37122;2;1;1;3;CHINON (BOULEVARD DE);47,3553300000;0,6978700000
202200038095;17;1;2022;18:00;5;85;85047;2;1;5;6;RD1753;46,8360950000; -1,8727700000
202200038096;2;12;2022;07:45;1;34;34032;2;1;1;7;157 Avenue Jean Moulin;43,3510500000;3,2298400000
202200038097;17;1;2022;04:35;3;85;85076;1;3;5;3;;47,0572880000; -1,2348350000
202200038098;17;1;2022;20:05;3;28;28303;1;6;5;1;D954;48,0954010000;1,8651550000
202200038099;5;12;2022;07:15;5;33;33063;2;3;1;6;Quai de Brazza;44,8537200000; -0,5539800000
202200038100;13;1;2022;18:00;5;17;17003;2;1;1;3;Place de la Renaissance;46,1165690000; -0,9355970000
202200038101;17;1;2022;09:10;1;87;87158;1;1;5;1;RD 34 PK 9+075;45,7679270000;0,9679020000
202200038102;6;12;2022;14:30;1;31;31555;2;6;1;4;PL DU DR JOSEPH BAYLAC;43,6078600000;1,3974600000
202200038103;15;1;2022;17:00;3;87;87027;1;1;1;1;Arsac;45,6174970000;1,0218360000
202200038104;6;12;2022;20:30;5;29;29019;2;3;1;3;rue Auguste Kervern;48,3993591164; -4,4891134500
202200038105;17;1;2022;06:30;3;42;42249;1;1;9;2;A89;45,8631480000;4,2358300000
202200038106;14;1;2022;18:45;3;69;69280;1;1;5;2;Autoroute 432;45,7935620000;5,0774110000
202200038107;6;12;2022;13:15;1;29;29019;2;1;1;6;rue Pierre Maximin Audemar;48,3999500000; -4,5305100000
202200038108;17;1;2022;08:00;1;38;38052;1;1;1;6;D1091 - Lieu dit Les sables;45,0972740000;6,0097120000
202200038109;18;1;2022;04:30;3;31;31192;1;1;5;6;D31;43,4994040000;1,6122600000
202200038110;5;12;2022;18:30;2;29;29019;2;1;1;2;boulevard de l'Europe;48,4156200000; -4,4746900000
202200038111;17;1;2022;16:30;1;22;22206;1;1;1;4;RN12;48,5327111953; -3,0068945516
202200038112;17;1;2022;12:40;1;22;22081;1;1;1;2;RN12;48,4794590000; -2,6259520000
202200038113;6;12;2022;08:30;1;17;17415;2;1;1;4;Rue du Docteur Jean;45,7404400000; -0,6210600000
202200038114;17;1;2022;15:15;1;30;30189;1;1;1;2;;43,8132000000;4,3581300000
202200038115;5;12;2022;19:00;5;17;17415;2;6;1;2;D137;45,7399600000; -0,6593800000
202200038116;16;1;2022;05:55;1;987;98725;2;3;1;1;hitimahana; -17,5625910000; -149,4760510000
202200038117;5;12;2022;17:00;2;14;14333;1;1;1;1;D579;49,3904000000;0,2512500000
202200038118;17;1;2022;23:30;5;971;97117;1;1;1;6;Route de la Houssaie;16,3359590000; -61,3751270000
202200038119;17;1;2022;20:30;3;41;41252;1;1;8;6;Rue de Gastines;47,6686240000;1,4675010000
202200038120;6;12;2022;17:30;5;13;13019;2;1;1;3;APT (ROUTE D');43,4284405457;5,3688760629
202200038121;20;11;2022;15:05;1;13;13026;2;1;1;3;MIRABEAU (avenue);43,3980600000;5,1096000000
202200038122;18;1;2022;14:00;1;77;77381;1;2;1;3;D201 / D215;48,6217040000;2,9727300000
202200038123;1;1;2022;06:30;3;78;78484;1;1;1;1;Route de Breval;48,9580070000;1,6171570000
202200038124;6;12;2022;10:05;1;13;13213;2;6;1;2;BARA (BOULEVARD);43,3473100000;5,4493600000
202200038125;16;1;2022;20:00;5;84;84078;2;1;1;1;avenue de la libération;44,2346550000;4,7127750000
202200038126;5;12;2022;15:40;1;13;13202;2;1;1;3;BASSINS DE RADOUB (BOULEVARD DES);43,3250700000;5,3598700000
202200038127;17;1;2022;06:50;3;83;83106;1;1;1;6;pr14+250, route déprtementale 43;43,3122550000;6,0752570000
202200038128;5;12;2022;18:00;5;12;12145;2;6;1;2;Rond Point des Stades;44,1074000000;3,0812700000
202200038129;18;1;2022;06:15;3;06;06101;2;1;1;7;666 route de Lieuche;43,9896430000;7,0034520000
202200038130;5;12;2022;17:47;5;11;11069;2;3;1;3;76 Rue de la Liberte;43,2157300000;2,3493500000
202200038131;18;1;2022;07:00;2;06;06048;2;9;1;3;Avenue Charles Alunni;43,8087310000;7,3153240000
202200038132;6;12;2022;17:55;5;08;08497;2;1;8;6;35 Boulevard Lucien Pierquin;49,7790690000;4,6938410000
202200038133;15;1;2022;09:30;1;67;67018;1;1;5;3;D54;48,5740650000;7,4172930000
202200038134;5;12;2022;07:40;1;971;97120;2;1;1;6;GERTY ARCHIMEDE (RESIDENCE);16,2483000000; -61,5380000000
202200038135;18;1;2022;17:15;2;07;07324;2;1;1;1;Rue des Poulenards;45,0568230000;4,8438280000
202200038136;5;12;2022;10:00;1;64;64483;2;3;7;6;Rue Axular;43,3861500000; -1,6554900000
202200038137;6;12;2022;20:20;5;92;92026;2;3;1;6;ARCHE (AVENUE);48,9020229271;2,2387030721
202200038138;6;1;2022;07:10;2;44;44215;2;6;1;3;Rond-Point des Echalonnières;47,1775810000; -1,4632880000
202200038139;17;1;2022;16:30;1;14;14258;2;2;1;3;D39;48,8961260000; -0,1894710000
202200038140;6;12;2022;18:00;5;92;92063;1;1;1;2;A86;48,8865317821;2,1655023008
202200038141;17;1;2022;18:57;4;13;13210;1;1;1;7;A50-Sens Marseille vers Aubagne;43,2850795866;5,4208797550
202200038142;29;9;2022;21:45;3;74;74116;1;1;1;6;A410;46,0780440000;6,2901730000
202200038143;17;1;2022;14:26;1;13;13211;1;1;1;2;A50-Sens Marseille vers Aubagne;43,2890000000;5,4460000000
202200038144;12;9;2022;10:40;1;74;74058;2;1;1;3;Route des frasses;46,2854900000;6,8112550000
202200038145;16;1;2022;06:15;3;33;33249;1;1;5;5;N230;44,8695830000; -0,5045790000
202200038146;13;9;2022;15:22;1;74;74249;1;1;1;2;D52;46,3670900000;6,6501400000
202200038147;17;1;2022;08:05;2;94;94038;1;1;1;7;AUTOROUTE A6B;48,7747900000;2,3458800000
202200038148;26;9;2022;18:37;2;74;74264;2;1;1;2;Avenue des lacs;46,0665320000;6,5579150000
202200038149;16;1;2022;22:07;5;94;94037;2;1;2;1;AUTOROUTE A6A;48,8160474830;2,3368906973
202200038150;23;9;2022;20:00;3;74;74305;2;1;1;6;HENON (RUE ALBERT);46,2040000000;6,2440400000
202200038151;17;1;2022;09:15;1;93;93066;1;1;1;2;AUTOROUTE A1;48,9193634411;2,3575464282
202200038152;17;1;2022;09:20;1;77;77337;1;1;2;2;A4;48,8299800000;2,6184300000
202200038153;17;1;2022;07:30;3;94;94022;1;1;1;2;A86 EXT;48,7761106967;2,4231324197
202200038154;14;1;2022;16:30;1;02;02304;2;1;1;6;35 Rue du Bourget;49,6637130000;3,3624800000
202200038155;29;9;2022;15:40;1;74;74280;1;2;2;4;D909;45,8960600000;6,3419250000
202200038156;16;1;2022;21:59;5;69;69259;2;3;1;1;Avenue Francis de Pressensé;45,7195700000;4,8682700000
202200038157;26;9;2022;17:45;1;74;74275;1;1;1;1;D909a;45,8079230000;6,2319950000
202200038158;16;1;2022;17:20;2;69;69259;2;1;1;6;Rue des Martyrs de la Résistance;45,6909652181;4,8704905808
202200038159;29;9;2022;16:35;1;74;74282;1;1;3;6;A410;46,0259920000;6,2283900000
202200038160;15;1;2022;22:54;3;95;95280;2;1;1;1;GARE (ROUTE DE LA);49,0163600000;2,4692700000
202200038161;22;9;2022;16:44;1;74;74067;1;1;1;4;Route des creuses;45,8805380000;6,0300780000
202200038162;16;1;2022;16:50;1;79;79191;2;1;1;7;35 Rue de Nambot;46,3165130000; -0,4660600000
202200038163;21;9;2022;17:50;1;74;74123;2;1;1;6;1231 Route de thônes;45,7601750000;6,2980210000
202200038164;16;1;2022;20:25;5;73;73065;2;2;5;3;SAINT ANTOINE (RUE);45,5680980149;5,9210545868
202200038165;16;1;2022;17:45;1;64;64445;2;1;1;3;2 Place Gramont;43,2964800000; -0,3742900000
202200038166;18;9;2022;20:25;5;74;74264;2;2;1;3;Avenue de la route blanche;46,0609530000;6,5490610000
202200038167;16;1;2022;13:40;1;64;64122;2;6;1;7;Boulevard du Bab;43,4754312226; -1,5456068516
202200038168;21;9;2022;15:25;1;74;74295;1;1;1;1;D902;46,3073990000;6,6127990000
202200038169;16;1;2022;06:10;2;59;59599;2;1;8;2;GALILEE (CHAUSSEE);50,7122068754;3,1613239646
202200038170;23;9;2022;21:00;3;74;74056;1;6;1;6;N205;45,9100330000;6,8571850000
202200038171;15;1;2022;18:20;5;59;59421;2;3;5;6;Rue de Lille;50,6957327274;3,1302559376
202200038172;16;1;2022;22:00;5;54;54578;2;1;8;3;BAUDRICOURT (BD DE);48,6756824806;6,1619771719
202200038173;19;9;2022;12:45;1;74;74010;2;6;1;6;GAMBETTA;45,9118000000;6,1322200000
202200038174;21;9;2022;18:30;1;74;74236;2;1;1;6;Avenue du mont paccard;45,8998350000;6,7098890000
202200038175;16;1;2022;08:20;1;51;51454;2;1;8;2;Boulevard Franchet d’Esperey;49,2418900000;4,0166100000
202200038176;18;9;2022;14:00;1;74;74150;2;3;1;3;RD 1206 loisin;46,2751980000;6,3123700000
202200038177;16;1;2022;15:10;1;45;45068;2;6;8;3;Rue de la Pontonnerie;48,0025000000;2,7169200000
202200038178;16;1;2022;09:55;1;38;38185;2;2;1;6;AVENUE DES JEUX OLYMPIQUES;45,1731578854;5,7386723636
202200038179;20;9;2022;13:15;1;74;74089;1;1;1;6;2056 route de cordon;45,9287670000;6,6111520000
202200038180;14;1;2022;17:00;1;33;33522;2;3;1;3;Avenue des Arts et Metiers;44,8058100000; -0,6015300000
202200038181;17;9;2022;11:55;1;74;74164;2;2;1;2;route cheneval;46,0867600000;6,5107080000
202200038182;16;1;2022;13:35;1;33;33529;2;1;1;6;HAMEAU (PL. JEAN);44,6328300000; -1,1451600000
202200038183;14;1;2022;11:05;1;31;31483;2;6;7;6;ISLE (AVENUE DE L');43,1130400000;0,7260100000
202200038184;5;9;2022;14:45;1;74;74143;1;1;1;2;N205;45,9032390000;6,7777760000
202200038185;15;1;2022;16:15;1;25;25031;2;1;1;7;REVOLUTION DE 1789 AVENUE DE LA);47,4827900000;6,8453400000
202200038186;3;9;2022;18:40;1;74;74010;2;1;1;5;ROCADE (BOULEVARD DE LA);45,9034300000;6,1113900000
202200038187;16;1;2022;09:25;1;25;25056;2;1;1;6;Rue de Belfort;47,2577280000;6,0434630000
202200038188;16;1;2022;14:25;1;19;19272;2;1;9;1;Martyrs (Rue);45,2596470857;1,7503001690
202200038189;26;9;2022;09:10;1;73;73288;1;3;1;3;D991 Route d'aix les bains;45,6328710000;5,9133480000
202200038190;26;9;2022;02:09;3;73;73050;1;1;2;6;D1504;45,6750700000;5,8531970000
202200038191;12;1;2022;16:45;1;18;18255;1;6;1;3;ZAC du Bois des Chagnières;47,0489100000;2,3303700000
202200038192;15;8;2022;17:00;1;73;73312;1;1;1;7;D201c;45,6652940000;6,3015710000
202200038193;16;1;2022;02:25;5;15;15014;2;1;1;6;avenue des volontaires;44,9182500000;2,4386400000
202200038194;14;8;2022;06:45;2;73;73312;1;1;1;6;D201c;45,6654272592;6,3016811013
202200038195;16;1;2022;15:30;1;14;14645;1;3;1;6;D27;49,3071220000;0,0410190000
202200038196;20;9;2022;09:00;1;73;73248;2;1;7;6;Rue florimont girard;45,2792350000;6,3464020000
202200038197;16;1;2022;19:40;5;13;13213;2;1;1;1;CROIX ROUGE (AVENUE);43,3311000000;5,4321300000
202200038198;6;12;2022;16:40;1;75;75116;2;1;1;3;ECHANGEUR MUETTE;48,8611710000;2,2638910000
202200038199;16;1;2022;16:40;1;13;13216;2;1;1;2;LA PELOUQUE (CHEMIN);43,3663175899;5,3361280789
202200038200;6;12;2022;11:37;1;75;75119;2;3;1;3;AVENUE JEAN JAURES;48,8831170000;2,3715050000
202200038201;16;1;2022;15:35;1;07;07316;1;1;1;1;LYON (ROUTE DE);44,9082400000;4,8535900000
202200038202;6;12;2022;18:00;5;75;75116;2;1;1;4;ROUTE DE LA MUETTE A NEUILLY;48,8784000000;2,2593810000
202200038203;15;1;2022;07:40;2;03;03185;2;3;1;3;rue Lucien Sampaix;46,3486490000;2,5991960000
202200038204;16;1;2022;02:20;5;01;01053;2;2;5;3;VERNE (AVENUE JEAN MARIE );46,1953500000;5,2252600000
202200038205;6;12;2022;11:30;1;75;75115;2;4;8;6;RUE D ALENCON;48,8441710000;2,3202260000
202200038206;15;1;2022;18:25;5;75;75116;2;1;1;4;ECHANGEUR MUETTE;48,8657670000;2,2680760000
202200038207;6;12;2022;08:58;1;75;75112;2;1;1;3;BOULEVARD DE REUILLY;48,8396160000;2,3990540000
202200038208;16;1;2022;02:50;5;75;75120;2;2;1;3;RUE DES PYRENEES;48,8716640000;2,3922850000
202200038209;6;12;2022;12:45;1;75;75111;2;7;8;5;BOULEVARD VOLTAIRE;48,8667230000;2,3651590000
202200038210;16;1;2022;08:26;1;75;75119;2;3;1;6;BOULEVARD MACDONALD;48,8987700000;2,3741280000
202200038211;6;12;2022;19:45;5;75;75101;2;3;1;2;RUE DE RIVOLI;48,8663350000;2,3241840000
202200038212;15;1;2022;17:45;2;75;75117;2;4;1;2;AVENUE NIEL;48,8805520000;2,2951810000
202200038213;15;1;2022;18:55;5;75;75117;2;4;1;3;BOULEVARD MALESHERBES;48,8888550000;2,3042660000
202200038214;6;12;2022;09:00;1;75;75104;2;2;8;6;QUAI HENRI IV;48,8511650000;2,3624860000
202200038215;16;1;2022;16:10;1;75;75115;2;3;1;6;RUE DE VAUGIRARD;48,8348540000;2,2916940000
202200038216;5;12;2022;13:40;1;75;75104;2;3;2;7;QUAI DE GESVRES;48,8569330000;2,3482500000
202200038217;15;1;2022;15:00;1;75;75115;2;2;1;3;RUE MADEMOISELLE;48,8436150000;2,2957600000
202200038218;6;12;2022;19:05;5;94;94081;2;9;1;1;CAMILLE BLANC (R);48,7842000000;2,3960600000
202200038219;16;1;2022;20:31;5;75;75102;2;1;8;3;RUE SAINT MARC;48,8703250000;2,3416700000
202200038220;6;12;2022;20:20;5;94;94042;2;2;1;3;EUROPE (BD DE L);48,8140000000;2,4630000000
202200038221;16;1;2022;15:55;1;75;75101;2;2;1;3;BOULEVARD DE SEBASTOPOL;48,8605790000;2,3493700000
202200038222;5;12;2022;07:45;1;94;94052;2;1;2;4;PONT DE NOGENT;48,8317900000;2,4930300000
202200038223;16;1;2022;10:12;1;93;93073;2;1;1;3;RESISTANCE (RUE DE LA);48,9494400000;2,5651500000
202200038224;6;12;2022;15:20;1;94;94022;2;3;8;3;Boulevard de Stalingrad / A86;48,7728000000;2,4001400000
202200038225;16;1;2022;19:20;1;93;93027;2;9;1;3;PASTEUR (BOULEVARD) DE 1 A 39;48,9247495324;2,3842448129
202200038226;16;1;2022;14:10;1;93;93027;2;1;1;6;ROCHET (RUE WALDECK);48,9383841217;2,4055862421
202200038227;6;12;2022;13:45;1;94;94079;2;6;5;6;Boulevard Jean Monnet / Route de Bry;48,8322000000;2,5338000000
202200038228;16;1;2022;20:55;3;93;93053;2;1;2;3;Rue de Paris;48,9026000000;2,4634000000
202200038229;6;12;2022;14:10;1;94;94017;2;1;2;6;851 Rue de Bernau;48,8172900000;2,5254700000
202200038230;16;1;2022;12:00;1;92;92050;2;1;1;3;RENAN ERNEST RUE;48,8939203480;2,1867779195
202200038231;6;12;2022;14:25;1;94;94002;2;2;1;2;EMILE ZOLA (R);48,7993700000;2,4251900000
202200038232;16;1;2022;15:10;1;92;92020;2;1;1;6;PARIS AVENUE DE N°84 A FIN;48,8074100000;2,2943400000
202200038233;5;12;2022;15:25;1;93;93066;2;1;2;3;Avenue du Président Wilson;48,9147570000;2,3581280000
202200038234;17;1;2022;18:20;3;17;17045;1;1;1;1;d 137;45,8522990000; -0,8252620000
202200038235;6;12;2022;07:35;5;93;93050;2;9;1;2;Avenue Paul Doumer;48,8584210807;2,5228080153
202200038236;17;1;2022;10:30;1;02;02359;1;1;5;6;Autoroute A26;49,8116390000;3,2898470000
202200038237;16;1;2022;09:30;1;71;71348;1;1;8;6;Route de la Bourse;46,5342620000;3,8408660000
202200038238;5;12;2022;19:45;5;93;93029;2;1;1;1;Avenue Henri Barbusse;48,9191176084;2,4499163032
202200038239;16;1;2022;23:24;3;95;95116;1;1;2;6;RD 922;49,1442830000;2,3300810000
202200038240;5;12;2022;20:22;5;93;93047;2;3;1;3;Avenue des Hirondelles / Avenue des Perdrix;48,8936000000;2,5646100000
202200038241;16;1;2022;19:45;5;74;74238;1;1;1;1;1 Route des Grandes Alpes;46,2458190000;6,6416080000
202200038242;5;12;2022;12:00;1;92;92075;2;1;2;7;MARCEL YOL (RUE);48,8258226463;2,2894947231
202200038243;17;1;2022;09:20;1;42;42239;1;1;5;7;Route de Saint Polgues;45,9485540000;3,9805700000
202200038244;16;1;2022;12:30;1;972;97225;1;1;1;6;Petit Reduit;14,7625530000; -61,1602340000
202200038245;6;12;2022;15:00;1;92;92022;2;1;1;3;SALENGRO (AVENUE ROGER);48,8053400000;2,1834500000