Num_Acc;jour;mois;an;hrmn;lum;dep;com;agg;int;atm;col;adr;lat;long
202200038246;13;1;2022;15:50;1;12;12033;1;3;7;3;Départementale 988;44,4509300000;2,7231500000
202200038247;6;12;2022;19:00;5;92;92033;2;5;1;3;PORTE JAUNE;48,8490450000;2,2010540000
202200038248;15;7;2022;11:30;1;12;12254;1;1;1;2;D904;44,4438920000;2,5798990000
202200038249;16;1;2022;16:15;1;35;35272;1;3;5;1;D178;48,0056370000; -1,2011200000
202200038250;6;12;2022;09:55;1;92;92044;2;3;8;6;JEAN JAURES(RUE) 1A55 ET 2A54;48,8916490000;2,2928490000
202200038251;15;7;2022;10:45;1;22;22195;1;1;1;7;Boudillo;48,8394170000; -3,1207820000
202200038252;5;12;2022;08:30;1;92;92036;1;2;1;7;BASSIN N°6 (ROUTE DU);48,9447109103;2,2952279448
202200038253;15;1;2022;03:45;3;41;41276;1;1;5;5;autoroute A10 PK 149+200;47,6221120000;1,3417510000
202200038254;12;1;2022;07:05;5;06;06046;2;6;1;6;route de grenoble;43,7638730000;7,2049710000
202200038255;16;7;2022;13:30;1;39;39441;1;2;1;3;Jacobeys (Téléski);46,4512050000;6,0475120000
202200038256;6;12;2022;18:05;5;92;92025;2;3;1;3;COTES D'AUTY (RUE DES);48,9169650000;2,2278000000
202200038257;6;12;2022;19:30;5;92;92012;2;1;1;3;POINT DU JOUR (QUAI DU);48,8300100000;2,2563700000
202200038258;12;7;2022;21:27;1;35;35331;1;3;1;1;Les 3 Routes;48,0745410000; -1,8961610000
202200038259;6;12;2022;12:44;1;92;92012;2;1;2;7;JEAN JAURES (BOULEVARD) 217/FIN - 210/FI;48,8277300000;2,2468500000
202200038260;12;1;2022;16:20;1;71;71023;1;1;1;5;35 Route de Cuisery;46,6574510000;4,9790940000
202200038261;15;7;2022;13:30;1;29;29212;1;1;1;1;Kerjourden;48,3617310000; -4,6105241000
202200038262;6;12;2022;10:10;1;92;92002;2;1;1;6;PARC DE SCEAUX;48,7646930000;2,3067860000
202200038263;13;7;2022;15:15;1;29;29158;1;3;1;3;38 Rue de Gouesnach Nevez;47,8181550000; -4,3091300000
202200038264;16;1;2022;19:00;3;47;47034;1;1;5;5;D933;44,4138989303;0,1251900194
202200038265;15;7;2022;17:30;1;29;29158;2;1;1;6;Route de Pors-Carn;47,8210779229; -4,3600616454
202200038266;16;1;2022;19:30;3;61;61385;1;1;2;6;A 28 PK 206+300;48,8091280000;0,3095720000
202200038267;7;12;2022;12:45;1;81;81209;1;1;1;7;D65;43,5171480000;2,3823170000
202200038268;16;7;2022;09:00;1;38;38181;1;1;1;6;Route des Thermes;45,3508790000;5,9884930000
202200038269;14;1;2022;07:35;5;62;62908;2;3;5;6;Rue Marcel Caudevelle;50,7314100000;1,7076320000
202200038270;6;12;2022;17:00;1;972;97221;1;3;1;6;Dede;14,5200660000; -60,9392470000
202200038271;16;7;2022;19:10;1;84;84052;1;9;1;1;D956;43,7623500000;5,5814650000
202200038272;15;1;2022;15:25;1;51;51291;1;4;5;7;Avenue de Champagne;49,3422487707;3,9146250486
202200038273;16;1;2022;11:45;1;51;51264;1;1;5;7;D373;48,7940860000;3,6266900000
202200038274;6;12;2022;18:09;3;08;08402;1;1;2;2;;49,5901000000;4,4938800000
202200038275;4;1;2022;18:45;5;56;56240;2;1;1;6;Rue Pere Marie Joseph Coudrin;47,5248260000; -2,7697400000
202200038276;6;12;2022;18:45;3;83;83116;1;1;1;2;;43,4565560000;5,8451660000
202200038277;13;1;2022;04:50;3;56;56004;1;1;1;6;Bellevue;47,5210550000; -2,3747630000
202200038278;16;7;2022;16:50;1;01;01323;2;3;1;1;Impasse Champ d Ete;46,4272880000;4,9364810000
202200038279;7;12;2022;05:45;3;51;51449;1;1;1;1;D931;49,2083180000;4,1791820000
202200038280;16;7;2022;13:00;1;26;26328;1;1;1;7;Route de Saillans;44,6945630000;5,1584890000
202200038281;17;1;2022;19:00;3;79;79079;1;3;1;6;;46,9336490000; -0,7687210000
202200038282;2;12;2022;20:35;3;76;76548;1;1;1;1;D93;49,4633830000;1,3399030000
202200038283;15;7;2022;16:45;1;58;58151;1;1;1;6;D34;46,8721180000;3,4601570000
202200038284;17;1;2022;12:58;1;79;79185;1;1;8;6;;46,3337730000; -0,2174310000
202200038285;16;7;2022;16:15;1;05;05179;1;1;1;3;21 route de Serres;44,5279800000;5,8105020000
202200038286;15;1;2022;11:30;1;79;79066;2;6;1;4;Place du Champ de Foire;46,4852720000; -0,4046060000
202200038287;15;1;2022;12:00;1;2A;2A271;1;1;1;7;parking du décathlon;41,9541370000;8,7956390000
202200038288;7;12;2022;07:45;2;65;65271;1;2;1;1;D937 Route de Bagneres;43,0947080000; -0,0066250000
202200038289;16;7;2022;12:50;1;53;53145;1;1;1;1;RD126 - PK 14+950;47,8581500000; -0,7694270000
202200038290;17;1;2022;08:00;1;80;80681;1;2;5;1;Route Departementale 920;49,7641360000;2,4096970000
202200038291;6;12;2022;11:57;1;32;32319;2;3;1;6;Rue des pyrénées/Route de la fontaine;43,6050080000;0,0484510000
202200038292;17;1;2022;14:00;1;49;49125;1;1;1;7;Route départementale D174;47,1905140000; -0,2102210000
202200038293;15;7;2022;19:25;1;53;53062;2;3;1;3;Avenue Ambroise Paré;47,8230630000; -0,7106630000
202200038294;12;1;2022;15:15;1;12;12133;2;1;1;6;D911;44,2923050000;2,5610540000
202200038295;5;12;2022;09:50;1;32;32210;1;9;1;6;D121;43,5714990000;1,1287160000
202200038296;16;7;2022;11:25;1;21;21086;2;1;1;1;Rue de la Créa;46,9886110000;4,8285930000
202200038297;17;1;2022;14:30;1;41;41059;1;2;1;3;Carrefour Carroir aux Moines / Le Plonnier - THENAY;47,3825150000;1,3150330000
202200038298;7;12;2022;17:40;2;61;61233;2;1;5;6;cd 20;48,6412070000; -0,3535820000
202200038299;16;7;2022;11:10;1;24;24026;1;1;1;7;bois de peyroux;45,1581200000;0,9402540000
202200038300;14;1;2022;07:30;2;41;41043;1;2;5;3;Les Chemineaux;47,3020080000;1,5107060000
202200038301;16;1;2022;16:55;1;34;34094;1;1;1;6;D15;43,4328370000;3,2560940000
202200038302;6;12;2022;16:08;1;39;39013;1;1;1;1;;46,8987880000;5,7453920000
202200038303;13;7;2022;11:20;1;85;85284;2;1;1;6;05 rue de Nantes;46,7970890000; -1,8995600000
202200038304;17;1;2022;13:15;1;68;68258;2;1;1;6;10 Rue du Lieutenant Emile Guene;47,8375120000;7,3028180000
202200038305;12;1;2022;16:10;1;44;44131;2;6;1;3;Boulevard de Baiona;47,1233040000; -2,1235210000
202200038306;15;7;2022;17:15;1;27;27049;1;3;7;3;D34;49,0233770000;0,6203730000
202200038307;17;1;2022;12:30;1;29;29146;1;2;1;6;D70 - Lieu Dit Penhoat Cadol;47,9308900000; -3,8880820000
202200038308;7;12;2022;05:20;4;02;02664;1;1;5;5;;48,9290830000;3,4702420000
202200038309;16;1;2022;17:10;1;29;29004;2;3;1;6;D765 - Passage Lucien Picard;47,9325180000; -3,6987450000
202200038310;6;12;2022;15:00;1;84;84089;2;1;1;3;Avenue du 8 Mai 1945;43,6864400000;5,5021710000
202200038311;15;7;2022;21:15;2;30;30327;1;1;1;1;D.979;44,2288570000;4,3165760000
202200038312;17;1;2022;06:40;3;29;29020;1;3;5;3;D785 - Les Trois Croix;48,1232360710; -4,0204639435
202200038313;16;7;2022;04:37;3;72;72139;1;1;1;6;rd338, pk 85+300;48,3182750000;0,0943060000
202200038314;7;12;2022;12:36;1;85;85146;1;1;1;2;RD 23 rue meslay des landes;46,9663740000; -1,2859560000
202200038315;17;1;2022;06:50;3;31;31037;1;1;5;6;D43;43,3916390000;1,7992690000
202200038316;16;7;2022;08:30;1;42;42041;1;1;1;6;A72;45,6906830000;4,1564690000
202200038317;7;12;2022;18:20;5;58;58149;2;1;1;1;route de saint honoré;46,8022630000;3,9670300000
202200038318;17;1;2022;07:24;3;31;31582;1;1;5;2;Le Rec;43,4154290000;1,7412470000
202200038319;17;1;2022;08:30;1;43;43265;1;1;5;7;RD 47;45,2575040000;4,1639690000
202200038320;7;12;2022;10:40;1;58;58095;1;9;1;3;D137;46,8027770000;3,4708740000
202200038321;16;7;2022;05:00;1;69;69244;2;5;1;3;Avenue Charles de Gaulle;45,7582610000;4,7747880000
202200038322;16;1;2022;12:55;1;21;21663;1;1;1;6;D954;47,5433480000;4,4806030000
202200038323;5;12;2022;16:10;1;14;14570;1;1;1;7;D519;49,0599760000;0,3448250000
202200038324;7;12;2022;12:20;1;14;14194;1;1;8;6;D75;49,0793930000;0,3762560000
202200038325;15;1;2022;21:10;3;21;21534;1;1;5;1;D20;47,0408419504;4,8992497288
202200038326;6;12;2022;22:40;3;85;85146;1;1;1;6;la moctière;47,0054870000; -1,2837709400
202200038327;14;1;2022;13:15;1;40;40250;1;3;1;3;Allee des Mesanges;43,9146040000; -0,4460940000
202200038328;15;7;2022;18:25;1;69;69115;1;1;1;4;Autoroute 6;45,9732140000;4,7314330000
202200038329;5;12;2022;16:15;1;28;28227;1;1;5;2;D906 pk 75+300;48,5761490000;1,5667750000
202200038330;6;8;2022;20:50;1;37;37282;1;1;1;6;Rue du Pont;46,7821410602;0,8692288399
202200038331;16;1;2022;15:00;1;988;98808;1;1;1;1;Tribu de KAROVIN - RT3; -21,3068400000;165,4858500000
202200038332;15;7;2022;15:15;1;27;27517;1;1;1;7;A13;49,1050760000;1,3453960000
202200038333;16;1;2022;15:30;1;988;98819;1;1;8;7;RPN7; -20,4160300000;164,4050800000
202200038334;6;12;2022;17:40;5;68;68375;2;3;1;1;Avenue de France;47,7746520000;7,2291720000
202200038335;15;7;2022;21:35;2;60;60142;1;1;1;2;D118;49,1294990000;2,5437640000
202200038336;16;1;2022;19:00;3;976;97607;1;1;1;1;Ongojou; -12,8355270000;45,1544950000
202200038337;26;11;2022;08:30;1;988;98805;1;1;1;1;RT1; -22,1386980000;166,4271210000
202200038338;16;1;2022;21:30;3;77;77219;1;1;5;6;D216;48,7937830000;2,9433490000
202200038339;7;1;2022;05:56;5;91;91579;2;1;1;6;58 route de bouray;48,5357360000;2,3224710000
202200038340;14;7;2022;09:30;1;83;83107;1;3;1;5;Route de Roquebrune sur Argens (Pont);43,4121090000;6,6969610000
202200038341;6;1;2022;11:50;1;91;91179;1;1;1;3;Chemin de la Justice;48,5577930000;2,4992660000
202200038342;16;7;2022;16:47;1;05;05079;1;1;1;7;D902;45,0529080000;6,3943430000
202200038343;17;1;2022;13:40;1;66;66017;1;9;1;1;RD83;42,7895750000;3,0230860000
202200038344;16;7;2022;10:10;1;13;13110;1;1;1;1;D7N;43,4824460000;5,6979780000
202200038345;15;7;2022;22:00;3;54;54155;1;1;1;7;d70;48,6229241970;6,4716339111
202200038346;17;1;2022;07:57;1;55;55122;2;2;1;1;Avenue Voltaire;48,7589400000;5,5833240000
202200038347;16;7;2022;14:45;1;73;73303;1;1;1;7;D1212 - route des gorges de l'Arly;45,7648339745;6,4792143702
202200038348;16;1;2022;12:20;1;54;54019;1;1;1;6;RD 904;48,8089973499;5,8422160150
202200038349;15;1;2022;11:00;1;57;57433;2;9;1;6;21, grand rue;49,2105960000;6,1601220000
202200038350;15;7;2022;09:00;1;42;42051;1;2;1;1;Route de Pélussin;45,4717370000;4,7210200000
202200038351;16;1;2022;20:20;5;01;01249;2;2;8;1;1281 Grande Rue;45,8252930000;4,9559870000
202200038352;17;1;2022;14:54;1;60;60570;1;1;1;7;D923;49,2501140259;2,0415494441
202200038353;5;12;2022;06:10;3;42;42075;1;1;5;4;A72;45,5682550000;4,2263140000
202200038354;16;7;2022;15:40;1;38;38317;2;1;1;1;RN 85;45,1058710000;5,7036370000
202200038355;14;1;2022;12:10;1;13;13071;1;1;1;4;A7-Sens Marseille vers Lyon;43,4134100000;5,2808700000
202200038356;16;1;2022;09:40;1;69;69072;1;1;5;6;Autoroute 89;45,8259000000;4,7381100000
202200038357;16;7;2022;00:05;5;81;81105;2;1;1;7;8 Rue Pasteur;43,7627950000;1,9875870000
202200038358;5;12;2022;09:08;1;42;42209;1;1;5;4;A89;45,8689750000;4,2747970000
202200038359;16;7;2022;00:35;3;31;31420;2;1;1;6;Route de Lacroix-Falgarde;43,4956780000;1,3990110000
202200038360;15;1;2022;10:00;1;69;69266;1;1;5;2;Route Départementale 383;45,7704763083;4,9024343491
202200038361;6;12;2022;17:00;3;42;42169;1;1;5;1;Route de Saint Bonnet le Château;45,4453190000;4,1335840000
202200038362;16;7;2022;06:05;1;85;85226;2;1;1;6;RD123;46,7568640000; -2,0241130000
202200038363;7;12;2022;12:45;1;69;69239;1;1;8;3;Route Départementale 313;45,9159700000;4,4916900000
202200038364;14;1;2022;12:15;1;01;01249;1;1;5;5;A42   6.290 A 8.310;45,8141790000;4,9522930000
202200038365;25;4;2022;21:37;3;73;73128;1;1;1;2;A41 Nord - PR 102+700;45,7176000000;5,9239700000
202200038366;15;7;2022;18:00;1;14;14046;1;1;1;1;D513;49,2261320000; -0,2186110000
202200038367;6;12;2022;18:50;4;987;98747;2;1;2;6;Taravao Centre; -17,7302320000; -149,3111510000
202200038368;16;7;2022;01:29;3;35;35089;1;1;1;6;La Tremblais;47,8989641724; -1,5002010763
202200038369;12;1;2022;13:40;1;57;57663;1;1;1;5;Autoroute A31;49,2253300000;6,1782100000
202200038370;6;12;2022;05:00;2;988;98825;1;1;3;3;RT1 PLAINE DES GAIACS; -21,2605000000;164,9422700000
202200038371;16;1;2022;16:27;1;33;33192;1;1;1;6;ROCADE A 630;44,7856230000; -0,5942120000
202200038372;16;7;2022;10:30;1;27;27004;1;1;1;1;rn 13;49,0096700000;1,4180410000
202200038373;15;1;2022;20:30;5;92;92023;1;1;5;3;RN385;48,7766292971;2,2331996201
202200038374;7;12;2022;02:00;3;988;98825;1;3;2;6;Route de la Presqu'île/Route de Tipenga; -21,1293010000;164,9030690000
202200038375;15;1;2022;19:05;5;78;78118;1;1;1;6;A13;48,9828200000;1,6849100000
202200038376;8;7;2022;15:30;1;60;60015;2;2;1;1;Rue Roger Salengro;49,3278250000;2,3282970000
202200038377;3;12;2022;19:00;5;971;97121;2;1;1;4;ROUTE DE MAHAULT RN 2;16,1958830000; -61,7820560000
202200038378;16;1;2022;11:00;1;95;95018;1;1;8;6;A15;48,9497999702;2,2801405191
202200038379;7;7;2022;20:10;1;60;60575;2;2;1;3;D1001;49,2938620000;2,1988530000
202200038380;16;1;2022;12:37;1;95;95424;1;1;1;5;A15;48,9913319989;2,1914076805
202200038381;7;12;2022;14:30;1;2B;2B042;2;1;1;6;Avenue de Borgo;42,5636110000;9,4410860000
202200038382;16;1;2022;09:15;1;95;95488;1;1;1;2; A15;49,0114670000;2,1525680000
202200038383;13;7;2022;16:50;1;83;83129;1;1;1;3;A50;43,1205351938;5,8435249329
202200038384;3;12;2022;19:45;3;34;34024;2;1;2;1;Chemin des Chalets;43,4719610000;3,6917540000
202200038385;14;7;2022;17:10;1;78;78043;1;1;1;6;A12 W;48,8341100000;2,0864180000
202200038386;16;1;2022;08:00;2;93;93053;1;1;5;3;AUTOROUTE A3;48,8990887890;2,4695956707
202200038387;12;11;2022;14:40;1;06;06157;1;3;1;1;1852 Avenue de Provence;43,7347400000;7,1247360000
202200038388;13;7;2022;16:15;1;78;78043;1;1;1;2;A12 Y;48,8283190000;2,0788370000
202200038389;16;1;2022;06:45;3;95;95306;1;1;5;7; A15;49,0012339119;2,1723532677
202200038390;7;12;2022;07:40;2;05;05136;1;1;1;6;N94;44,7122200000;6,6014740000
202200038391;5;12;2022;11:35;1;13;13081;2;1;1;1;Boulevard Charles Gounod;43,4900590000;5,2312030000
202200038392;15;1;2022;15:20;1;93;93066;1;1;1;4;AUTOROUTE A1;48,9202300000;2,3574600000
202200038393;14;5;2022;16:20;1;32;32123;1;1;1;7;D120 - pk5+278;43,6606690000;0,9149550000
202200038394;14;7;2022;22:45;5;988;98818;2;4;8;6;AVENUE JAMES COOK/RUE FELIX RUSSEIL; -22,2677400000;166,4350300000
202200038395;16;1;2022;19:30;3;77;77169;1;1;8;6;A4.Y;48,8310047423;2,6053121465
202200038396;6;12;2022;18:40;3;26;26037;1;3;8;1;D538a;44,8545760000;4,9497380000
202200038397;14;7;2022;17:10;2;974;97416;1;1;1;1;CADET (CHEMIN CYRIAQUE); -21,3112000000;55,5495000000
202200038398;15;1;2022;12:35;1;92;92024;2;1;1;6;GENERAL LECLERC (RUE DU) DE (81 A 109)  ;48,9068004730;2,3088728785
202200038399;2;12;2022;09:15;1;31;31299;2;2;1;3;Route de Saint Hilaire;43,4302740000;1,2297870000
202200038400;14;7;2022;10:50;1;974;97411;1;9;2;7;RN2/043; -20,8943100000;55,5024100000
202200038401;15;1;2022;15:25;1;43;43157;2;1;7;6;51 Boulevard Marechal Fayolle;45,0429354244;3,8884842396
202200038402;6;12;2022;07:59;2;35;35089;1;2;1;3;les patisseaux;47,8932690000; -1,5032170000
202200038403;15;1;2022;10:50;1;72;72181;2;1;8;6;CLEMENCEAU GEORGES ( BD) N° IMP;47,9803000000;0,2163000000
202200038404;14;7;2022;21:00;2;69;69386;2;2;1;3;Rue Tête d'Or;45,7651000000;4,8532000000
202200038405;6;12;2022;11:00;1;13;13215;1;1;1;4;A7-Sens Marseille vers Lyon;43,3780000000;5,3557000000
202200038406;14;1;2022;06:55;5;64;64445;2;1;1;6;Allée Alfred de Musset;43,2960000000; -0,3590000000
202200038407;15;1;2022;19:10;2;974;97407;2;1;3;7;OWENS JAMES; -20,9345800000;55,3197800000
202200038408;14;7;2022;13:30;1;69;69386;2;1;1;2;Boulevard des Belges;45,7757200000;4,8463300000
202200038409;5;12;2022;17:55;3;13;13001;1;1;1;2;A51-Sens Aix en Provence vers Marseille;43,4722600000;5,4070000000
202200038410;15;1;2022;09:18;1;973;97302;2;1;1;2;BADUEL (ROUTE DE);4,9402967603; -52,3199093342
202200038411;14;7;2022;11:50;1;69;69387;2;2;1;3;Avenue Jean Jaurès;45,7524300000;4,8461700000
202200038412;15;1;2022;08:48;1;973;97302;2;3;2;6;MONTABO (ROUTE DE) 1;4,9394600000; -52,3010600000
202200038413;5;12;2022;19:00;3;13;13071;1;1;1;4;A7-Sens Lyon vers Marseille;43,4053300000;5,3380900000
202200038414;15;1;2022;21:00;5;69;69383;2;1;1;6;Avenue Georges Pompidou;45,7593409231;4,8669326305
202200038415;14;7;2022;16:35;1;972;97213;1;1;2;3;ROUTE NATIONALE 1;14,6196200000; -60,9934400000
202200038416;6;12;2022;10:42;1;13;13071;1;1;1;2;A7-Sens Marseille vers Lyon;43,4105000000;5,2844000000
202200038417;14;1;2022;16:00;1;69;69388;2;2;1;3;Rue Villon;45,7372800000;4,8615600000
202200038418;5;12;2022;16:50;2;13;13211;1;1;1;3;A50-Sens Marseille vers Aubagne;43,2876400000;5,4407100000
202200038419;12;7;2022;09:00;1;972;97209;2;9;1;7;BISHOP (Avenue Maurice);14,6081620000; -61,0565440000
202200038420;15;1;2022;09:00;1;69;69202;2;1;5;1;Chemin des Razes;45,7371300000;4,7840600000
202200038421;5;12;2022;19:40;3;01;01248;1;1;1;3;A46N   14.305 A 17.210;45,8872900000;4,8935000000
202200038422;13;7;2022;22:00;2;69;69385;2;1;1;3;22 Quai de Bondy;45,7653700000;4,8290500000
202200038423;14;1;2022;15:30;1;971;97105;2;3;1;5;CHARLES DE GAULLE (BD DU GENERAL);15,9955400000; -61,7318100000
202200038424;5;12;2022;09:35;1;69;69281;1;1;5;4;Autoroute 46;45,6393000000;4,8952800000
202200038425;15;1;2022;13:40;1;91;91425;1;9;1;3;RTE DES TEMPLIERS;48,6477180000;2,2587880000
202200038426;14;7;2022;04:30;3;95;95268;1;1;1;1;Chemin de Bonneuil;48,9657760000;2,4144380000
202200038427;26;11;2022;17:50;3;42;42218;1;9;1;3;N88;45,4364200000;4,4453500000
202200038428;15;1;2022;01:35;3;71;71499;2;1;1;6;JEAN JAURES (RUE);46,6654270000;4,3166320000
202200038429;14;7;2022;16:00;1;95;95280;2;1;1;1;Rue Ambroise Croizat;49,0212921574;2,4533790350
202200038430;16;1;2022;02:30;5;64;64102;2;1;1;7;Rue Gustave Eiffel;43,4882600000; -1,4654700000
202200038431;3;12;2022;05:25;3;59;59094;1;1;1;5;AUTOROUTE A16;50,9591400000;2,1898300000
202200038432;6;12;2022;10:00;1;91;91179;1;1;1;2;AUTOROUTE A6;48,5677800000;2,4722500000
202200038433;15;1;2022;18:25;5;62;62040;1;1;5;3;CHOCHOY (AVE BERNARD ....N°13 et plus);50,7272180000;2,2936140000
202200038434;13;7;2022;15:45;1;88;88413;2;6;1;3;RUE DU 11 NOVEMBRE;48,2874000000;6,9446600000
202200038435;15;1;2022;05:00;5;59;59392;2;9;5;6;ERMITAGE (RUE DE L');50,2721553536;3,9453942775
202200038436;6;12;2022;07:20;2;77;77251;1;1;8;3;AUTOROUTE A5A;48,6135500000;2,5671300000
202200038437;13;7;2022;08:00;1;81;81060;2;1;1;6;NECKARSULM (AV. DE);44,0559700000;2,1563440000
202200038438;15;1;2022;13:40;1;59;59350;2;2;1;3;DUNKERQUE AVENUE;50,6459455922;3,0101171136
202200038439;6;12;2022;01:47;4;94;94034;1;1;1;2;AUTOROUTE A6A;48,7502900000;2,3290900000
202200038440;14;7;2022;04:21;5;79;79191;2;2;1;3;;46,3139300000; -0,4696700000
202200038441;15;1;2022;15:20;1;51;51230;2;2;1;2;Rue du Général Sarrail;49,0417600000;3,9502200000
202200038442;5;12;2022;12:05;1;95;95572;1;1;2;3;RN 184;49,0341037635;2,1120384336
202200038443;14;7;2022;08:40;1;77;77155;1;9;1;6;HAIE D'AUNOIS  (CHEMIN DE LA );48,8981100000;2,7425100000
202200038444;15;1;2022;10:42;1;49;49015;2;2;1;3;ROSES RUE DES;47,4942000000; -0,5827800000
202200038445;5;12;2022;08:15;2;93;93027;1;1;4;6;AUTOROUTE A86;48,9276852208;2,4033933878
202200038446;14;7;2022;21:10;1;76;76484;1;6;1;3;Route des Essarts;49,3514700000;1,0286670000
202200038447;14;1;2022;08:18;1;44;44055;1;2;8;3;1 Route du Pont Saillant;47,2743000000; -2,3208000000
202200038448;14;7;2022;16:40;1;76;76497;1;1;1;7;N338 - Sud 3;49,3910525364;1,0418002397
202200038449;6;12;2022;14:45;1;77;77294;1;1;1;6;A104;48,9675500000;2,6032800000
202200038450;15;1;2022;10:50;1;43;43157;2;4;1;3;JARDINS (RUE DES);45,0336400000;3,8830100000
202200038451;14;7;2022;19:15;1;74;74012;2;1;1;6;COQUAND (RUE DU DOCTEUR);46,1965220000;6,2338020000
202200038452;6;12;2022;08:40;1;94;94028;1;1;1;3;A86 INT;48,7815178974;2,4409339056
202200038453;15;1;2022;14:50;1;42;42184;2;3;1;3;Rue de Saint-Romain;46,0457871500;4,0401511788
202200038454;4;9;2022;17:45;1;64;64024;2;1;1;1;Avenue des Tamaris;43,5014500000; -1,5369200000
202200038455;8;7;2022;07:35;1;73;73065;2;3;1;6;GENEVE (PLACE DE);45,5672500000;5,9187435083
202200038456;15;1;2022;05:40;5;35;35278;2;6;1;3;Avenue des Monts d’Arrée;48,1369790910; -1,6720086336
202200038457;5;9;2022;08:50;1;64;64024;2;1;1;3;BELIN (RUE DU BOIS);43,4932000000; -1,5250600000
202200038458;15;1;2022;18:00;4;33;33075;2;1;1;6;Route du Médoc;44,8752400000; -0,6195300000
202200038459;15;1;2022;02:00;5;33;33063;2;1;1;6;Cours d'Albret;44,8329500000; -0,5797100000
202200038460;17;7;2022;01:22;5;13;13208;2;1;1;2;MONTREDON (AVENUE DE);43,2441000000;5,3713100000
202200038461;14;1;2022;16:15;1;33;33009;2;1;1;6;GOELANDS (AVE DES);44,6575070000; -1,1927730000
202200038462;17;7;2022;02:10;5;13;13208;2;1;1;3;MENDES FRANCE (AVENUE);43,2525200000;5,3758400000
202200038463;14;7;2022;21:50;5;73;73008;2;6;1;1;D1201 - CHARCOT  BOULEVARD JEAN;45,6942700000;5,8998000000
202200038464;15;1;2022;19:20;5;31;31555;2;1;1;7;RUE DU FAUBOURG BONNEFOY;43,6249300000;1,4587000000
202200038465;15;1;2022;19:45;5;31;31555;2;9;1;6;BD MATABIAU;43,6149497275;1,4425322413
202200038466;26;8;2022;19:20;1;34;34324;2;3;1;6;1 Rue des Tamarins;43,2388760000;3,2769510000
202200038467;14;7;2022;13:13;1;69;69092;2;3;1;2;Rue Jacques Brel;45,9823499674;4,6863619921
202200038468;15;1;2022;03:05;5;31;31555;2;1;1;2;RUE DE METZ;43,6005640000;1,4478980000
202200038469;5;9;2022;16:40;1;64;64102;2;1;1;2;Avenue Henri de Navarre;43,5115410000; -1,4407000000
202200038470;15;1;2022;18:00;5;29;29232;2;1;1;6;Avenue de Ti Pont;48,0169000000; -4,0960300000
202200038471;14;7;2022;18:50;1;64;64545;1;4;1;3;Route de Ciboure à Olhette;43,3528100000; -1,6672280000
202200038472;6;9;2022;09:05;1;64;64102;2;1;1;3;Allées Boufflers;43,4915700000; -1,4693000000
202200038473;15;1;2022;17:20;2;25;25462;2;1;1;6;VILLINGEN-SCHWENNINGEN;46,9010960000;6,3537670000
202200038474;3;8;2022;23:00;5;61;61169;2;1;1;7;SIX JUIN (RUE DU);48,7489000000; -0,5684600000
202200038475;14;7;2022;11:00;1;64;64269;1;3;1;3;STADE DU;43,2992700000; -0,3068300000
202200038476;14;7;2022;04:00;5;64;64445;2;1;1;6;rue Serviez;43,2983100000; -0,3703100000
202200038477;15;1;2022;12:15;1;17;17306;2;1;1;2;REPUBLIQUE (DE LA) (BD);45,6248460000; -1,0261300000
202200038478;13;7;2022;16:20;1;61;61001;2;1;1;3;CLEMENCEAU (COURS);48,4325700000;0,0862000000
202200038479;14;1;2022;15:50;1;15;15014;2;1;1;6;avenue des volontaires;44,9145000000;2,4407000000
202200038480;13;7;2022;13:45;1;48;48095;2;9;7;1;COMPAGNONS (RUE DES);44,5290220000;3,4744940000
202200038481;15;1;2022;21:40;5;13;13208;2;1;1;1;MADRAGUE DE MONTREDON (AVE DE LA) ;43,2361600000;5,3614900000
202200038482;14;7;2022;08:45;1;41;41018;2;1;1;6;REMPARTS (RUE DES);47,5886000000;1,3313400000
202200038483;14;7;2022;06:54;2;37;37261;2;1;1;7;COURTELINE (RUE GEORGES);47,3933306991;0,6744736433
202200038484;15;1;2022;16:39;1;13;13214;2;1;1;3;MERIMEE;43,3283500000;5,3987500000
202200038485;14;7;2022;19:35;1;34;34108;2;3;1;3;D2E2;43,4232960000;3,7091430000
202200038486;14;7;2022;06:00;1;34;34172;2;1;1;3;TOULOUSE (AVENUE DE;43,5926740000;3,8590750000
202200038487;14;7;2022;19:35;1;33;33249;2;1;1;3;Carrefour des 4 Pavillons;44,8655800000; -0,5183400000
202200038488;14;7;2022;04:30;3;29;29232;1;1;1;6;Route de Benodet;47,9484600000; -4,0745200000
202200038489;14;1;2022;09:00;1;13;13203;2;1;1;1;DOCTEUR LÉON PERRIN (RUE);43,3136800000;5,3865000000
202200038490;14;7;2022;06:18;1;28;28229;1;1;1;1;D939;48,4581200000;1,4457400000
202200038491;14;7;2022;02:30;3;17;17028;1;1;1;6;N137;46,1403800000; -1,1054600000
202200038492;14;1;2022;20:30;4;13;13005;2;1;1;6;REPUBLIQUE (RUE DE LA);43,2903339726;5,5711793898
202200038493;14;7;2022;07:30;1;13;13209;2;1;1;6;MARTHELINE (AVENUE DE LA);43,2459652466;5,3998196961