Num_Acc;jour;mois;an;hrmn;lum;dep;com;agg;int;atm;col;adr;lat;long
202200038494;14;7;2022;06:50;1;09;09122;1;1;1;6;ESPAGNE (ROUTE D');42,9505090000;1,6248430000
202200038495;15;7;2022;00:00;5;06;06088;2;2;1;3;CALIFORNIE (AV.) (A PARTIR DU N° 201-212;43,6824500000;7,2323900000
202200038496;14;1;2022;17:30;2;11;11069;1;1;1;3;ROCADE NORD - RD 6113;43,2318500000;2,3737500000
202200038497;8;7;2022;14:00;1;05;05061;2;1;1;7;Route des Fauvins;44,5635800000;6,0895200000
202200038498;13;7;2022;13:10;1;01;01451;1;1;1;1;MARBOZ RD 996 ( ROUTE DE ) PAIR;46,2855410000;5,2310350000
202200038499;13;7;2022;09:35;1;75;75119;2;1;1;4;PORTE DE PANTIN;48,8894500000;2,3967590000
202200038500;13;7;2022;09:00;1;75;75116;2;1;1;3;ECHANGEUR MUETTE;48,8620140000;2,2643930000
202200038501;11;7;2022;22:30;5;75;75116;2;1;1;6;AVENUE FOCH;48,8724430000;2,2822780000
202200038502;14;7;2022;19:10;1;75;75120;2;1;1;3;AVENUE GAMBETTA;48,8634540000;2,3898020000
202200038503;14;7;2022;03:30;5;75;75120;2;4;1;2;AVENUE CARTELLIER;48,8645620000;2,4125060000
202200038504;14;7;2022;19:00;1;75;75119;2;2;1;3;AVENUE DE FLANDRE;48,8924440000;2,3789160000
202200038505;14;7;2022;10:58;1;75;75119;2;2;1;3;AVENUE JEAN JAURES;48,8828110000;2,3703550000
202200038506;14;7;2022;11:10;1;75;75117;2;1;1;3;AVENUE DES TERNES;48,8780360000;2,2965110000
202200038507;14;7;2022;02:10;5;75;75117;2;2;1;3;BOULEVARD PEREIRE;48,8810770000;2,2897000000
202200038508;14;7;2022;13:55;1;75;75113;2;4;1;3;BOULEVARD MASSENA;48,8226250000;2,3729830000
202200038509;26;2;2022;19:58;3;59;59266;1;9;1;1;Route de Seclin;50,5409130000;3,0011130000
202200038510;14;4;2022;08:20;1;33;33529;1;1;1;4;RD 1250 (BONNEVAL -LA HUME) - STADE;44,6174139418; -1,1157721281
202200038511;14;7;2022;18:25;1;75;75111;2;4;1;3;AVENUE DE LA REPUBLIQUE;48,8664700000;2,3682080000
202200038512;25;2;2022;23:10;3;974;97414;2;1;1;2;Avenue Principale; -21,2841909861;55,4045516328
202200038513;14;7;2022;08:40;1;75;75109;2;5;1;3;RUE DE MAUBEUGE;48,8783110000;2,3449620000
202200038514;26;2;2022;22:13;3;34;34163;1;1;1;6;A750 - Pk 14.314 sens Sud vers Nord;43,6302097719;3,7159755325
202200038515;14;7;2022;17:25;1;75;75114;2;2;1;3;RUE D ALESIA;48,8264810000;2,3415990000
202200038516;27;2;2022;05:30;3;62;62437;2;1;1;6;22 Rue de Verchocq;50,5465650000;1,9995710000
202200038517;14;7;2022;03:25;5;75;75107;2;3;1;6;RUE DE GRENELLE;48,8574980000;2,3053530000
202200038518;27;2;2022;00:10;3;83;83140;1;1;1;6;Route départementale 205 PK 3 + 221;43,4029900000;5,9460390000
202200038519;24;8;2022;08:35;1;988;98818;2;3;1;3;RUE MAURICE MEUNIER/RUE ARNOLD DALY; -22,2683700000;166,4726600000
202200038520;14;7;2022;02:45;5;75;75107;2;4;1;7;BOULEVARD SAINT GERMAIN;48,8590510000;2,3226370000
202200038521;27;2;2022;10:00;1;57;57016;1;1;1;6;D23;49,2818740000;6,5476160000
202200038522;22;8;2022;11:20;1;976;97611;2;1;1;1;tsoundzou-KOUALE ( rue de ); -12,8112400000;45,2028200000
202200038523;14;7;2022;18:30;1;75;75104;2;2;1;7;RUE DE RIVOLI;48,8562840000;2,3566030000
202200038524;26;2;2022;17:40;1;51;51620;1;1;1;1;D63;49,1619580000;4,8667720000
202200038525;22;8;2022;16:25;1;974;97416;1;1;1;2;RN1 (ROUTE NATIONALE); -21,2874290000;55,5096330000
202200038526;14;7;2022;13:15;1;75;75103;2;4;1;6;RUE DE TURBIGO;48,8664650000;2,3604390000
202200038527;27;2;2022;06:50;3;81;81272;1;1;1;6;rd999 PK63+700;43,9210380000;1,6173670000
202200038528;22;8;2022;14:45;1;974;97411;2;1;1;7;EST (DE L'); -20,8771600000;55,4551700000
202200038529;14;7;2022;14:55;1;94;94046;2;3;7;3;GENERAL LECLERC (AV DU);48,8100900000;2,4329300000
202200038530;26;2;2022;19:00;3;11;11269;2;1;1;2;RD 13 - Route d'Ouveillan;43,2939700000;2,9683690000
202200038531;23;8;2022;21:35;5;973;97302;2;1;1;7;VOLTAIRE(AVENUE);4,9418123664; -52,3247493804
202200038532;23;8;2022;20:00;4;973;97302;2;1;1;7;MONTABO (ROUTE DE) 4;4,9281112131; -52,2900778055
202200038533;27;2;2022;16:00;1;34;34175;1;1;1;5;D908;43,6058160000;3,3692840000
202200038534;14;7;2022;03:35;5;94;94079;2;2;1;3;Rue de Coeuilly / Chemin des Lyonnes;48,8195582489;2,5435307622
202200038535;22;8;2022;11:45;1;973;97302;2;1;1;3;MANDELA  (BOULEVARD);4,9390212079; -52,3263680935
202200038536;26;2;2022;17:40;1;35;35132;2;1;7;1;D155/ chemin de la Ville Es Brune;48,6092920000; -1,8198040000
202200038537;14;7;2022;20:50;1;93;93066;2;1;1;3;Rue du Fort de la Briche;48,9453852176;2,3427451551
202200038538;26;2;2022;19:30;3;35;35060;1;1;1;6;L Aubriais;48,1999290000; -1,9954830000
202200038539;14;7;2022;19:01;1;93;93053;2;3;1;1;Rue du Père Guihaire / Avenue Hoche;48,8899000000;2,4510500000
202200038540;23;8;2022;10:55;1;973;97302;2;2;1;3;RABAN (ROUTE DE);4,9335306024; -52,3133245111
202200038541;27;2;2022;17:15;1;02;02071;1;1;1;6;D139;49,4098880000;3,1284860000
202200038542;23;8;2022;07:25;1;973;97302;2;6;8;7;BADUEL (ROND POINT DE);4,9331600000; -52,3096200000
202200038543;14;7;2022;00:30;5;93;93029;2;1;1;6;Avenue Henri Barbusse;48,9162900000;2,4438100000
202200038544;26;2;2022;19:05;3;03;03003;1;1;1;6;Lieu-Dit la Bête;46,7102600000;2,7160080000
202200038545;26;2;2022;10:40;1;01;01108;2;1;1;6;285 Grande Rue;46,3832610000;5,3455170000
202200038546;23;8;2022;21:45;5;69;69382;2;3;1;3;Quai Docteur Gailleton;45,7530400000;4,8339300000
202200038547;14;7;2022;18:13;1;92;92044;2;2;1;3;LOUIS ROUQUIER (RUE)113+ ET 106+;48,8930932915;2,2927031815
202200038548;27;2;2022;17:50;1;14;14706;2;1;1;1;D579;49,3201780000;0,1920350000
202200038549;14;7;2022;18:45;1;92;92026;2;1;1;3;Europe ( rond point de l' );48,9054119323;2,2562726140
202200038550;23;8;2022;15:30;1;69;69381;2;3;1;7;Quai Jean Moulin;45,7681400000;4,8378700000
202200038551;27;2;2022;14:20;1;50;50108;1;3;1;3;D43;48,6259790000; -1,3830890000
202200038552;23;8;2022;12:00;1;69;69389;2;1;1;3;Quai Arloing;45,7734600000;4,8093200000
202200038553;14;7;2022;19:30;1;54;54168;1;1;1;7;Rue Louis Pasteur;48,7442385740;6,2545767319
202200038554;24;8;2022;00:20;5;2A;2A004;2;1;1;7;BIANCARELLO CHEMIN;41,9336048132;8,7335434557
202200038555;13;7;2022;16:30;1;67;67061;1;1;1;2;D133;48,8203290000;7,4483660000
202200038556;22;8;2022;19:40;1;2A;2A004;1;1;1;7;CAPO DI FENO RTE;41,9159100000;8,6435300000
202200038557;12;7;2022;20:30;2;68;68300;1;1;1;3;Route Départementale 55;47,7847880000;7,4334740000
202200038558;26;2;2022;16:40;1;45;45146;2;2;7;3;12 Rue Charles Pierre;47,7156120000;1,9391510000
202200038559;14;7;2022;19:20;1;41;41252;1;9;1;6;A10;47,6881860000;1,4265490000
202200038560;20;8;2022;23:00;5;95;95210;2;3;1;3;Rue du Général de Gaulle;48,9660925790;2,3008807003
202200038561;26;2;2022;15:35;1;18;18197;2;1;1;6;Avenue du Général-de-Gaulle;46,7353830000;2,4897770000
202200038562;25;2;2022;21:10;3;10;10043;1;1;1;7;D8;48,5457620000;4,0290480000
202200038563;23;8;2022;20:50;2;91;91589;2;1;1;3;BD ARISTIDE BRIAND;48,6754410000;2,3395050000
202200038564;14;7;2022;19:50;1;50;50601;1;1;1;2;a84 pk 220+800;48,9977050000; -0,9137110000
202200038565;14;7;2022;22:00;1;14;14579;1;1;1;6;A84 ;49,0504904983; -0,7152271270
202200038566;27;2;2022;08:20;1;53;53045;1;1;1;7;Le Pré-du-Bois;48,0759860000; -0,9879650000
202200038567;20;7;2022;15:30;1;84;84031;2;3;1;3;KENNEDY AVENUE JOHN .F.;44,0425100000;5,0374600000
202200038568;15;7;2022;04:40;3;87;87122;1;9;1;6;A20, PR 156.250, sens CHATEAUROUX - LIMOGES;46,0426310000;1,3520670000
202200038569;18;2;2022;05:00;3;21;21317;1;1;1;2;D959 Route de chatillon;47,5382100000;5,1289420000
202200038570;19;8;2022;12:15;1;80;80021;2;1;1;6;JULES BARNI (RUE);49,8869400000;2,3161900000
202200038571;14;7;2022;18:45;1;62;62611;1;1;1;6;D34;50,2442729359;2,8125288212
202200038572;26;2;2022;12:45;1;85;85018;2;3;7;6;Rue du 11 Novembre;46,9163990000; -2,0423010000
202200038573;14;7;2022;16:10;1;57;57623;1;1;1;1;D44;48,5473645420;7,1780795407
202200038574;23;8;2022;14:20;1;77;77186;1;1;1;2;D606;48,4829400000;2,6666400000
202200038575;27;2;2022;13:40;1;27;27210;1;1;1;5;RD 613;49,1257360000;0,8349610000
202200038576;14;7;2022;13:45;1;56;56054;2;2;7;3;30 Rue des Menhirs;47,6375010000; -3,1520090000
202200038577;23;8;2022;08:25;1;76;76540;2;2;1;3;Quai Pierre Corneille;49,4381100000;1,0919300000
202200038578;14;7;2022;13:50;1;56;56101;1;1;1;7;Lieu-Dit Poulgouc;47,8647160000; -3,1860350000
202200038579;27;2;2022;05:35;3;23;23008;2;9;1;7;Le Pre Cantrez;45,9591230000;2,1921910000
202200038580;15;7;2022;06:22;2;56;56002;1;1;1;6;N165 sens Vannes/Nantes;47,5890320000; -2,5500670000
202200038581;23;8;2022;19:55;1;74;74012;2;1;1;3;GENEVE (RUE DE);46,1928000000;6,2296000000
202200038582;26;2;2022;17:45;1;87;87051;2;1;1;7;32 Rue du Chataignol;45,6288660000;1,5724700000
202200038583;13;7;2022;13:05;1;56;56158;2;1;1;1;4 Rue Isabelle Autissier;47,6834510000; -2,7975540000
202200038584;22;8;2022;11:10;1;72;72181;2;1;1;6;GENESLAY FELIX (AV) N° IMP 171 A 263;47,9751351165;0,2067410944
202200038585;22;8;2022;19:55;1;71;71076;2;1;1;2;PARIS (AVENUE DE);46,8033000000;4,8453900000
202200038586;15;7;2022;16:57;1;77;77347;1;1;1;6;D412;48,4718120000;3,2280920000
202200038587;15;7;2022;13:30;1;67;67436;1;9;1;7;Route du Hantz;48,4003560000;7,1225270000
202200038588;23;8;2022;15:20;1;69;69266;2;2;1;6;Rue Pierre Baratin;45,7654700000;4,9010800000
202200038589;27;2;2022;00:20;3;13;13051;1;1;1;5;Route des Fourches;43,5739240000;5,1314740000
202200038590;15;7;2022;00:10;3;76;76615;1;1;1;6;Route de la Garenne;49,5970610000;0,2026780000
202200038591;23;8;2022;01:20;5;69;69266;2;3;1;6;Avenue Roger Salengro;45,7753200000;4,8700000000
202200038592;26;2;2022;18:47;3;01;01067;1;1;1;4;A40 PK 130 +800, SENS LYON/GENEVE;46,1137060000;5,4884000000
202200038593;23;8;2022;20:05;2;69;69264;2;4;1;1;Rue Jean-Michel Savigny;45,9820000000;4,7150000000
202200038594;15;7;2022;08:40;1;65;65127;1;3;1;3;181 Route des Baronnies;43,0878130000;0,3378730000
202200038595;14;7;2022;18:00;1;32;32032;1;1;1;6;D35;43,6027380000;0,2560950000
202200038596;22;8;2022;20:12;1;64;64348;1;1;1;3;Avenue Des Martyrs Du Pont Long;43,3489800000; -0,3799800000
202200038597;26;2;2022;13:37;1;01;01033;1;1;1;4;A40 PK 105+800, SENS GENEVE/LYON;46,1636240000;5,7594610000
202200038598;15;7;2022;09:35;1;71;71490;2;2;1;3;D25;46,5360930000;4,1314710000
202200038599;23;8;2022;05:38;5;64;64125;1;1;2;1;Avenue Chabadenia;43,4415900000; -1,5864600000
202200038600;14;7;2022;23:30;3;89;89333;1;1;1;6;Le Gibeau;47,5036420000;4,0460910000
202200038601;27;2;2022;02:30;3;06;06004;1;1;1;2;A8 Sud;43,6083169162;7,0967993553
202200038602;8;8;2022;20:30;2;62;62510;2;1;1;6;DELEBECQUE (R GERMAIN );50,4260630000;2,7753740000
202200038603;15;7;2022;11:05;1;42;42267;2;3;1;3;500 Rue Magellan;46,1528450000;4,1557360000
202200038604;26;2;2022;22:10;5;976;97613;2;1;1;7;Rue Zansigné; -12,7561440000;45,0809220000
202200038605;22;8;2022;15:32;1;62;62848;1;1;1;3;D941;50,5082100000;2,6415600000
202200038606;15;7;2022;10:55;1;46;46083;1;1;1;1;RD 820;45,0362130000;1,5050570000
202200038607;1;1;2022;06:30;1;971;97103;1;1;1;4;N1;16,2525830000; -61,5812550000
202200038608;23;8;2022;18:35;1;60;60057;2;3;1;3;Avenue Victor Hugo;49,4365000000;2,0758100000
202200038609;29;6;2022;18:00;1;22;22264;1;1;3;1;D20;48,7603830000; -3,1993390000
202200038610;23;8;2022;17:25;1;54;54395;2;1;1;2;Marcel BROT (Rue et Rond-Point );48,6830850000;6,2028950000
202200038611;26;2;2022;05:00;3;27;27399;1;1;1;4;A13 PK 073+000;49,0774920000;1,3927320000
202200038612;15;7;2022;00:10;3;44;44072;1;1;1;2;D774;47,4567710000; -2,3140920000
202200038613;23;8;2022;12:15;1;54;54395;2;3;1;2;AUXONNE (RUE D');48,7002800000;6,1667600000
202200038614;29;1;2022;12:30;1;988;98829;2;1;8;1;Les Pétroglyphes; -21,6355450000;166,2007050000
202200038615;15;7;2022;09:40;1;29;29049;1;9;1;3;Croix Menez Bris;48,0436780000; -3,9126830000
202200038616;26;2;2022;15:15;1;971;97117;1;1;8;7;Route de Vieille Case;16,2816010000; -61,4225760000
202200038617;23;8;2022;10:48;1;54;54257;2;1;1;2;MIRECOURT (ROUTE DE);48,6516600000;6,1842700000
202200038618;15;7;2022;12:50;1;38;38314;1;1;1;1;Route de Montaucher;45,4117530000;6,0219240000
202200038619;26;2;2022;19:35;3;971;97129;1;3;1;4;RN 2 NOLIVIER;16,2978460000; -61,6709270000
202200038620;23;8;2022;14:35;1;51;51454;1;6;1;2;Avenue Jean Monnet;49,2128300000;4,0145200000
202200038621;14;7;2022;14:45;1;58;58267;1;1;1;7;D 958;47,1011990000;3,5207010000
202200038622;22;8;2022;15:45;1;51;51454;1;1;1;6;rue de Courlancy;49,2449000000;4,0182000000
202200038623;25;2;2022;19:30;5;13;13088;2;2;1;2;D568;43,3673880000;5,2477960000
202200038624;14;7;2022;09:40;1;54;54152;2;1;1;6;Rue de Lorraine;48,5568697560;6,3902717837
202200038625;27;2;2022;07:00;2;77;77115;1;1;1;6;D28;48,2451680000;2,9747630000
202200038626;13;7;2022;18:00;1;14;14456;1;1;1;6;D613;49,1212560000; -0,1390030000
202200038627;22;8;2022;16:15;1;50;50502;2;1;1;6;TORIGNI;49,1079200000; -1,0714680000
202200038628;26;2;2022;00:40;3;95;95241;1;1;1;6;RD 47;49,0402967524;2,4460995197
202200038629;13;7;2022;22:00;2;14;14057;1;1;1;6;Route du Bois;49,1147680000; -0,2356480000
202200038630;22;8;2022;04:56;4;49;49007;2;3;1;3;CHATENAY AVENUE VICTOR;47,4854600000; -0,5157800000
202200038631;27;2;2022;00:25;3;26;26165;1;9;1;2;A7 PK087.550 sens nord-sud;44,7849570000;4,8311950000
202200038632;27;2;2022;06:50;2;38;38344;1;1;1;6;Autoroute A7, PK 015+500en N/S;45,3957738300;4,8088788556
202200038633;23;8;2022;19:47;1;47;47201;2;1;1;2;MARNE (AV. DE LA);44,1937800000;0,5959800000
202200038634;10;7;2022;22:25;3;90;90101;1;1;1;6;D3;47,5779990000;7,0182920000
202200038635;14;7;2022;10:45;1;60;60277;2;9;1;2;Rue de Courcelles;49,4249400000;2,0355730000
202200038636;23;8;2022;14:10;1;45;45169;2;2;1;3;108 Route Nationale;47,9254200000;1,8461000000
202200038637;15;7;2022;11:10;1;21;21195;1;1;1;7;D111f;46,9821340000;4,6438320000
202200038638;18;8;2022;10:00;1;44;44055;2;1;8;6;12 Avenue du Maréchal de Lattre de tassigny;47,2792630000; -2,4226570000
202200038639;27;2;2022;11:30;1;88;88175;1;3;1;1;38 Route d Aydoilles;48,2159980000;6,5809230000
202200038640;14;7;2022;12:55;1;40;40062;1;1;1;7;d834;43,9115280000; -0,5452180000
202200038641;23;8;2022;04:45;3;38;38151;2;1;1;1;RN 87 (RONDEAU A J.DUCLOS);45,1587000000;5,7077800000
202200038642;25;2;2022;20:10;5;54;54115;2;1;1;3;Rue de Frouard;48,7356700000;6,1655900000
202200038643;15;7;2022;00:20;3;85;85022;1;2;1;6;VC Rue de l'Océan;46,4340760000; -1,4780634000
202200038644;23;8;2022;17:25;1;25;25462;1;1;1;7;R-N 57.;46,9122100000;6,3331000000
202200038645;27;2;2022;18:00;2;63;63226;1;1;1;6;D340;45,7565130000;3,2596830000
202200038646;10;7;2022;18:25;1;37;37237;2;1;1;1;Route de Pernay;47,4426890000;0,5686280000
202200038647;14;7;2022;12:46;1;08;08057;1;1;7;1;RD 42;49,4557870000;4,8293250000
202200038648;26;2;2022;11:30;1;69;69174;1;1;1;1;Route Départementale 8;45,9281100000;4,3859910000
202200038649;23;8;2022;11:15;1;17;17415;2;1;1;7;SAINT PALLAIS 31 A 135 ET 2 A 82 RUE;45,7453600000; -0,6228800000
202200038650;25;2;2022;18:00;2;81;81140;2;1;1;2;Avenue Charles de Gaulle;43,6988640000;1,8142350000
202200038651;23;8;2022;12:45;1;15;15014;2;1;1;3;GAULLE (AVENUE CHARLES DE);44,9107200000;2,4262100000
202200038652;26;2;2022;15:35;1;09;09306;2;4;1;3;Avenue Peyrevidal;42,8476510000;1,6034250000
202200038653;15;7;2022;15:15;1;973;97309;1;1;3;1;Route du Mahury;4,8773570821; -52,2789788246
202200038654;27;2;2022;16:30;1;86;86095;1;1;1;7;D910;46,7151450000;0,4152170000
202200038655;15;7;2022;10:20;1;34;34213;1;1;1;2;A9;43,4800630000;3,6776730000
202200038656;23;8;2022;10:35;1;14;14118;2;1;1;2;D405;49,1716200000; -0,3840900000
202200038657;27;2;2022;04:30;3;27;27644;1;1;1;7;D1;49,1371930000;1,5441800000
202200038658;14;7;2022;10:00;1;34;34202;2;6;1;7;Route de Saint Georges d Orques;43,5884030000;3,7676290000
202200038659;27;2;2022;08:55;1;62;62811;1;1;7;7;D77;50,6449230000;2,2563390000
202200038660;22;8;2022;10:30;1;13;13103;1;1;1;3;ROUTE DE JEAN MOULIN-RN 538;43,6756595520;5,0927072016
202200038661;14;7;2022;15:30;1;971;97124;2;1;1;6;Route de Bologne;16,0137390000; -61,7200500000
202200038662;26;2;2022;09:40;1;62;62604;1;6;1;7;RD940;50,6116080000;1,6327040000
202200038663;14;7;2022;23:53;3;77;77327;1;1;1;2;D408;48,5563580000;2,9893000000
202200038664;23;8;2022;22:20;5;13;13208;2;1;1;7;COMMANDANT ROLLAND;43,2717400000;5,3773900000
202200038665;27;2;2022;03:05;4;59;59151;2;1;1;2;Route Nationale;50,2543894873;4,0724802911
202200038666;15;7;2022;09:15;1;77;77115;1;1;1;7;D28;48,2524620000;2,9709970000
202200038667;15;7;2022;11:45;1;95;95039;2;1;1;6;Rue de Cordeville;49,0734860000;2,1871810000
202200038668;22;8;2022;20:15;5;13;13208;2;1;1;3;PRADO (AVENUE DU);43,2787000000;5,3878000000
202200038669;14;7;2022;20:55;3;2B;2B148;1;3;1;3;Route de l'aéroport;42,5419670000;9,4803000000
202200038670;23;8;2022;12:15;1;13;13215;2;1;1;4;Avenue ibrahim ali ( 1977-1995);43,3395679906;5,3660680999
202200038671;12;7;2022;12:00;1;34;34024;2;6;1;7;Route de Sete;43,4640436522;3,6896658968
202200038672;25;2;2022;14:01;1;13;13071;1;1;1;4;A7-Sens Marseille vers Lyon;43,4104700000;5,2845300000
202200038673;22;8;2022;08:30;1;13;13005;2;1;1;3;RN 8;43,2846700000;5,5487900000
202200038674;14;7;2022;22:20;3;34;34151;1;1;1;1;CD 61;43,6338080000;4,1321470000
202200038675;25;2;2022;14:30;1;13;13214;2;1;1;2;A507 sens Marseille - Aubagne;43,3298600000;5,3997100000
202200038676;22;8;2022;19:30;1;13;13070;2;1;1;3;VOLTAIRE (BOULEVARD);43,2818100000;5,5125600000
202200038677;14;7;2022;22:05;5;83;83065;1;1;1;3;D98;43,2638310000;6,6114950000
202200038678;25;2;2022;14:05;1;13;13212;2;1;1;3;A507 sens Marseille - Aubagne;43,3199800000;5,4223200000
202200038679;23;8;2022;17:40;1;11;11069;2;1;1;6;23 Boulevard Jean Jaures;43,2138000000;2,3553000000
202200038680;15;7;2022;15:30;1;13;13100;1;1;1;1;RD99 PK 19+945;43,7972860000;4,7977480000
202200038681;22;8;2022;20:55;2;11;11069;2;2;1;2;66 Allée d'Iéna;43,2141500000;2,3451200000
202200038682;26;2;2022;12:50;1;33;33090;1;1;1;2;AUTOROUTE A 63;44,7596900000; -0,6809800000
202200038683;15;7;2022;01:55;5;57;57443;2;6;1;6;N52;49,2112760000;6,1251030000
202200038684;12;7;2022;18:20;1;74;74197;1;1;1;7;route d'annecy D903;46,1352750000;6,3118870000
202200038685;26;2;2022;15:55;1;91;91064;1;1;1;2;RN 118;48,7433200000;2,1886800000
202200038686;22;8;2022;17:25;1;11;11069;2;3;1;3;Route de Villemoustaussou;43,2283821738;2,3596236739
202200038687;14;7;2022;18:00;1;73;73116;1;1;1;6;D926;45,2225301548;6,3040420711
202200038688;26;2;2022;07:25;2;91;91377;1;1;1;1;RD 444;48,7310100000;2,2405100000
202200038689;15;7;2022;17:55;1;73;73006;1;1;1;7;RN 90 PR 59+400;45,5366360000;6,6031730000
202200038690;25;2;2022;22:00;3;91;91617;1;1;1;4;RN 104;48,6325440000;2,5312370000
202200038691;11;7;2022;06:15;2;73;73068;1;1;1;7;D 1090;45,5649650000;6,2062550000
202200038692;23;8;2022;08:50;1;07;07102;2;6;1;3;Jean MOULIN (Rue);44,9396000000;4,8650000000
202200038693;22;8;2022;09:56;1;06;06083;2;1;1;1;PARTOUNEAUX (RUE);43,7748200000;7,4988300000
202200038694;14;7;2022;11:30;1;26;26117;1;9;1;1;3545 Route des Grands Goulets;45,0298390000;5,3846310000
202200038695;26;2;2022;11:00;1;78;78571;1;1;1;4;A13;48,8653100000;2,0375400000
202200038696;26;2;2022;10:30;1;93;93064;1;1;1;2;A86;48,8783840167;2,4766059319
202200038697;25;2;2022;20:00;3;93;93078;1;1;1;2;AUTOROUTE A104;48,9648500000;2,5182500000
202200038698;23;8;2022;13:50;1;75;75112;2;1;1;2;PORTE DE VINCENNES;48,8413570000;2,4135520000
202200038699;15;7;2022;18:00;1;01;01249;1;1;1;6;1083;45,8764140000;4,9109960000
202200038700;25;2;2022;18:20;1;93;93008;1;1;1;3;AUTOROUTE A86;48,9056200000;2,4618400000
202200038701;23;8;2022;20:50;2;75;75120;2;1;1;6;RUE DES RIGOLES;48,8715670000;2,3950660000
202200038702;23;8;2022;14:10;1;75;75118;2;1;1;6;RUE DE L EVANGILE;48,8939720000;2,3651900000
202200038703;26;2;2022;19:20;3;94;94017;1;1;1;4;A4;48,8296742954;2,4982710871
202200038704;23;8;2022;10:10;1;75;75115;2;2;1;6;BOULEVARD GARIBALDI;48,8464780000;2,3060980000
202200038705;25;2;2022;11:40;1;77;77055;1;1;1;2;A104.INT;48,9014872986;2,6507608105
202200038706;22;8;2022;12:25;1;75;75114;2;1;1;3;AVENUE RENE COTY;48,8267190000;2,3353610000
202200038707;25;2;2022;13:55;1;72;72181;2;1;1;6;SAUGES (RUE DES);47,9790960000;0,2289880000
202200038708;15;2;2022;08:05;2;95;95427;2;1;1;6;RD 193;48,9640569359;2,3357333243
202200038709;21;8;2022;15:31;1;75;75113;2;1;1;3;BOULEVARD DE L HOPITAL;48,8378170000;2,3602120000
202200038710;15;7;2022;06:30;2;17;17421;1;1;1;7;N150;45,6770190000; -0,9357860000
202200038711;25;2;2022;08:30;1;974;97411;2;1;1;6;REPUBLIQUE (RUE DE LA); -20,8810200000;55,4461300000
202200038712;23;8;2022;17:50;1;75;75107;2;3;1;3;QUAI VOLTAIRE;48,8585550000;2,3324680000
202200038713;11;7;2022;12:45;1;14;14409;1;1;7;3;D514;49,2736920000; -0,2149950000
202200038714;22;2;2022;12:00;1;974;97411;2;1;1;3;JAURES (BLD 1 JEAN); -20,8883500000;55,4460000000
202200038715;14;7;2022;23:00;3;27;27076;1;1;1;7;D141;48,9604970000;1,3191750000
202200038716;22;8;2022;10:40;1;75;75101;2;7;1;7;QUAI DES TUILERIES;48,8637560000;2,3215380000
202200038717;25;2;2022;18:15;1;69;69383;2;1;1;3;Avenue Félix Faure;45,7550100000;4,8705100000
202200038718;14;7;2022;18:55;1;60;60139;2;3;7;3;Rue de l'Ancien Moulin;49,1626910000;2,2529640000
202200038719;22;8;2022;23:40;5;94;94081;2;9;1;1;SEMARD (PL);48,8011200000;2,4018700000
202200038720;25;2;2022;16:20;1;69;69387;2;2;1;3;Rue Marc Bloch;45,7469400000;4,8458300000
202200038721;14;7;2022;22:30;5;60;60551;2;4;1;1;Rue de Mello;49,2915000000;2,3821400000
202200038722;23;8;2022;10:40;1;94;94068;2;1;1;6;3 Avenue du Mesnil;48,7943800000;2,5138700000
202200038723;15;7;2022;03:30;3;60;60480;1;1;1;6;D9;49,5050850014;2,2012867926
202200038724;24;2;2022;11:50;1;972;97213;2;1;1;3;ROUTE DEPARTEMENTALE 15 A;14,6124200000; -60,9977200000
202200038725;23;8;2022;13:50;1;94;94069;2;1;1;1;92 Rue du Maréchal Leclerc;48,8182301956;2,4388756603
202200038726;24;2;2022;19:35;4;972;97209;1;9;1;3;ROND POINT CHEVALIER SAINT GEORGES;14,6050600000; -61,0876200000
202200038727;14;7;2022;23:30;3;60;60103;2;1;1;3;D931;49,4118201586;2,2675867078
202200038728;23;8;2022;11:10;1;94;94069;2;1;1;1;13 Quai de la République;48,8178700000;2,4239000000
202200038729;25;2;2022;15:30;1;69;69382;2;8;1;3;Place Carnot;45,7496100000;4,8281600000
202200038730;14;7;2022;16:00;1;59;59055;2;1;1;7;2 rue du cateau;50,0919435135;3,5892891884
202200038731;23;8;2022;14:05;1;94;94017;2;5;1;3;Avenue Roger Salengro  / Avenue du Général de Gaulle;48,8199800000;2,4825800000
202200038732;25;2;2022;09:00;1;69;69034;2;1;1;1;Cours Aristide Briand;45,7836613200;4,8449867964
202200038733;14;7;2022;06:30;1;13;13215;1;1;1;2;A7-Sens Marseille vers Lyon;43,3819560000;5,3519210000
202200038734;23;8;2022;10:40;1;93;93007;2;2;1;3;Avenue Paul Vaillant Couturier / Rue Pierre Sémard;48,9294059731;2,4800383372
202200038735;23;2;2022;23:00;5;971;97120;2;1;1;3;CHANZY (BOULEVARD);16,2412500000; -61,5364200000
202200038736;25;2;2022;18:25;2;95;95680;2;1;1;6;CHAMPS BACON (AVENUE DU);49,0001921921;2,4079906940
202200038737;10;7;2022;02:40;5;13;13055;1;1;1;3;A507 sens Aubagne- Marseille;43,3071508432;5,4252505302
202200038738;22;8;2022;17:24;1;92;92064;2;1;1;3;MARECHAL JUIN;48,8342813322;2,2224354744