Num_Acc;jour;mois;an;hrmn;lum;dep;com;agg;int;atm;col;adr;lat;long
202200038739;15;6;2022;02:50;5;92;92012;2;7;1;7;MARCEL SEMBAT (PLACE);48,8337951456;2,2435676604
202200038740;18;2;2022;17:05;1;95;95219;2;6;1;3;MARRONNIERS (ALLEE DES);48,9804587445;2,2532781959
202200038741;23;8;2022;10:40;1;92;92063;2;1;1;6;GODARDES (RUE DES);48,8718672482;2,1948579401
202200038742;15;6;2022;13:30;1;92;92002;2;1;1;6;FRANCOIS MOLE (AVENUE);48,7501053157;2,2879462838
202200038743;14;7;2022;14:15;1;33;33249;1;1;1;2;AUTOROUTE A 10;44,8868760000; -0,5067720000
202200038744;25;2;2022;06:50;2;91;91103;2;1;1;7;RUE CAMILLE HEBERT;48,6013100000;2,3024700000
202200038745;15;6;2022;15:00;1;24;24164;2;1;1;1;25 Avenue Gambetta;45,3360170000;1,0500010000
202200038746;23;8;2022;12:55;1;92;92004;1;1;1;3;AULAGNIER ( QUAI );48,9128600000;2,3055600000
202200038747;24;2;2022;17:42;1;91;91549;2;1;8;6;CORBEIL (ROUTE DE);48,6393870000;2,3330420000
202200038748;14;7;2022;06:00;2;33;33039;1;1;1;6;ROCADE A 631;44,8057166484; -0,5316688120
202200038749;11;6;2022;19:21;1;63;63302;1;9;1;6;Route des Fours à Chaux;45,7139100000;3,1334700000
202200038750;23;8;2022;15:30;1;09;09111;2;1;1;3;Village;42,9468110000;1,0586840000
202200038751;25;2;2022;12:00;1;91;91201;2;1;1;6;BD HENRI BARBUSSE;48,6858800000;2,4086000000
202200038752;31;5;2022;19:30;1;37;37262;1;4;7;3;D760;47,1138020000;0,5036120000
202200038753;14;7;2022;00:15;5;91;91286;1;1;1;4;AUTOROUTE A6;48,6558800000;2,3782900000
202200038754;23;8;2022;09:20;1;81;81299;1;1;1;1;D112;43,6685230000;1,9162710000
202200038755;24;2;2022;21:40;5;91;91657;2;1;1;1;RUE DU MARECHAL LECLERC;48,7097100000;2,4280100000
202200038756;24;8;2022;12:15;1;10;10263;1;1;7;1;D31;48,2493970000;3,7621680000
202200038757;14;7;2022;01:30;3;95;95277;1;1;1;6; A104;48,9733064035;2,4897980690
202200038758;25;2;2022;17:10;1;91;91027;2;9;1;6;AV FRANCOIS MITTERRAND;48,7049700000;2,3716300000
202200038759;16;6;2022;10:01;1;2A;2A272;1;1;1;5;Lieu Dit Quarciolo;41,6502780000;8,9387140000
202200038760;12;7;2022;15:30;1;974;97416;1;9;1;6;RN2 (1); -21,3495530000;55,5039200000
202200038761;23;8;2022;14:45;1;84;84038;1;1;1;6;ROUTE DÉPARTEMENTALE 973;43,7735050000;5,1129820000
202200038762;12;7;2022;18:15;1;69;69290;2;1;7;6;Rue du Maconnais;45,6946672675;4,9184310436
202200038763;16;6;2022;11:50;1;68;68112;2;4;1;1;7 Chemin du Kitterlé;47,9082090000;7,2175940000
202200038764;18;2;2022;09:10;1;89;89387;2;4;1;2;PIERRE DE COUBERTIN (AVENUE);48,1938200000;3,3005600000
202200038765;12;7;2022;17:30;1;29;29232;2;1;1;6;D783 - Avenue de Ty Bos;47,9824000000; -4,0742000000
202200038766;15;6;2022;13:15;1;95;95313;2;1;1;6;Avenue Paul Thoureau;49,1206630000;2,2197210000
202200038767;24;2;2022;12:20;1;86;86027;2;1;1;3;Rue Nungesser;46,5790090000;0,3101970000
202200038768;12;6;2022;08:30;1;49;49092;1;1;1;7;D65;47,1550910000; -0,7005180000
202200038769;23;2;2022;18:15;5;83;83144;2;1;1;3;BLANC (BD DR EUGENE);43,1376926937;5,9941166639
202200038770;22;8;2022;23:40;4;34;34309;2;2;1;6;D21;43,6844850000;3,9244020000
202200038771;12;7;2022;17:00;1;75;75109;2;7;1;3;PLACE DE L OPERA;48,8706270000;2,3320820000
202200038772;11;6;2022;21:00;3;972;97229;2;1;1;1;Ancienne Route de Schoelcher;14,6112630000; -61,0937320000
202200038773;25;2;2022;11:50;1;83;83069;2;1;1;3;AVENUE RITONDALE LEOPOLD;43,1134100000;6,1290300000
202200038774;24;8;2022;12:04;1;51;51507;2;1;1;7;Rue Chanzy;49,0908779283;4,8935414851
202200038775;24;2;2022;11:45;1;80;80021;2;1;1;3;DURY (BOULEVARD DE);49,8798000000;2,2909800000
202200038776;12;7;2022;16:05;1;92;92064;1;1;1;4;A13;48,8429820546;2,2224709619
202200038777;23;8;2022;21:40;3;59;59118;1;1;1;6;D98c;50,0464680000;3,4538060000
202200038778;15;6;2022;09:50;1;63;63257;1;1;3;1;Lieu Dit le Bouchet;45,7455490000;2,8381630000
202200038779;10;6;2022;15:00;1;59;59350;2;1;1;6;FONTENOY RUE;50,6222428089;3,0677973032
202200038780;22;2;2022;19:10;4;80;80021;2;1;2;3;BONNARDS (RUE DES);49,9030700000;2,3070200000
202200038781;15;6;2022;18:15;1;63;63071;1;1;1;6;D68;45,7617750000;2,9516740000
202200038782;25;2;2022;09:00;1;78;78007;1;9;8;7;RD 30;48,9020100000;2,0060400000
202200038783;12;5;2022;01:30;3;976;97611;2;9;1;6;kaweni-Kaweni nord ( Z I ); -12,7652900000;45,2252000000
202200038784;24;8;2022;14:20;1;19;19261;1;1;1;7;rd 21 PR 24+850;45,6641910000;2,1992830000
202200038785;25;2;2022;15:45;1;77;77296;2;1;1;6;AV PHILIPPE BUR;48,6273380000;2,5910340000
202200038786;13;7;2022;08:00;1;974;97411;1;1;1;7;MONTAGNE (ROUTE DE LA); -20,9114300000;55,4138500000
202200038787;15;6;2022;16:23;1;46;46103;1;2;7;3;Route des Justices;44,2998830000;1,4694430000
202200038788;21;8;2022;08:00;1;67;67040;1;1;1;3;RD 211;48,2853310000;7,5987410000
202200038789;13;7;2022;10:00;1;974;97407;2;2;1;3;COMMUNE DE PARIS (AVENUE); -20,9358500000;55,2910600000
202200038790;16;6;2022;15:20;1;25;25256;1;1;1;3;départementale D437 PK 094+250;47,2272630000;6,7773630000
202200038791;25;2;2022;16:24;1;77;77058;2;1;1;6;GENETS (BOULEVARD DES);48,8380910000;2,7290790000
202200038792;24;8;2022;02:20;3;67;67436;1;1;1;7;D424;48,4013180000;7,1074220000
202200038793;15;6;2022;12:30;1;06;06130;2;1;1;6;231 Avenue du Général de Gaulle;43,7029190000;6,8484020000
202200038794;13;7;2022;19:30;5;973;97302;2;1;1;2;BADUEL (ROUTE DE);4,9290200000; -52,3014900000
202200038795;11;6;2022;18:35;1;06;06022;1;1;1;7;RD 1 Route de NICE;43,8198290000;7,1344500000
202200038796;25;2;2022;19:40;5;74;74281;2;1;1;5;SENEVULAZ (AVENUE DE);46,3597370000;6,4762730000
202200038797;24;8;2022;18:05;1;2B;2B242;1;3;1;3;FICARETO;42,4116630000;9,5305110000
202200038798;16;6;2022;20:00;1;30;30230;1;1;1;6;route départementale 980;44,2328540000;4,4531110000
202200038799;24;8;2022;18:18;1;80;80530;2;1;1;6;Rue Jean Michel;49,9560240000;2,5720560000
202200038800;25;2;2022;12:15;1;72;72181;2;1;1;2;MESSIAEN OLIVIER (AV) IMPAIRS;48,0152800000;0,1553200000
202200038801;15;6;2022;15:50;1;57;57541;2;1;1;3;15 Route de Baerenthal;48,9836880000;7,5632130000
202200038802;13;7;2022;21:50;5;69;69382;2;2;1;2;Quai Jean Moulin;45,7636700000;4,8381300000
202200038803;15;6;2022;16:50;1;56;56164;2;1;1;6;23 Rue de Guernehue;47,6594520000; -2,8558030000
202200038804;23;8;2022;13:00;1;71;71010;2;1;1;1;D680;46,9079840000;4,3812600000
202200038805;15;6;2022;14:55;1;2A;2A001;2;1;1;3;T22;41,9545400000;8,7932800000
202200038806;24;8;2022;18:50;1;89;89030;1;1;1;6;D100;47,6741510000;3,6578140000
202200038807;25;2;2022;21:15;5;71;71306;2;2;1;5;ALOUETTES (AVENUE DES);46,6823890488;4,3621462584
202200038808;16;6;2022;18:11;1;71;71137;1;1;1;2;D980;46,4483400000;4,6398460000
202200038809;13;7;2022;18:00;1;69;69387;2;1;1;3;252 Rue Marcel Mérieux;45,7286400000;4,8302700000
202200038810;24;8;2022;11:45;1;63;63352;1;1;1;2;D 909 PK 6+250;45,4782560000;3,2372760000
202200038811;22;2;2022;17:20;1;69;69256;2;1;1;1;Avenue Grandclément;45,7730222393;4,9322283268
202200038812;20;8;2022;17:45;1;63;63221;1;1;1;1;d251 - PK 12+600;45,3995899940;3,8291135430
202200038813;24;2;2022;17:23;1;67;67482;2;3;1;1;OSTWALD (PLACE D );48,5647500000;7,7063300000
202200038814;14;6;2022;17:55;1;12;12043;1;1;1;1;D888;44,2824900000;2,5406960000
202200038815;22;4;2022;18:30;1;63;63457;1;1;1;2;D761;45,6383850000;3,2463100000
202200038816;25;2;2022;16:52;1;67;67180;2;9;1;6;NESSEL (BLD);48,8136200000;7,7840400000
202200038817;15;6;2022;12:45;1;86;86245;1;1;1;7;Les Bertinières;46,7800990000;0,6273520000
202200038818;23;8;2022;17:10;1;61;61463;1;9;8;6;Le Mont d Here Sauvagere (La Sauvagère);48,6413030000; -0,4117300000
202200038819;25;2;2022;18:10;2;65;65440;2;6;1;3;HENRI IV (BOULEVARD);43,2330400000;0,0612700000
202200038820;15;6;2022;07:25;1;68;68304;2;1;1;6;22 Grand Rue;47,7560240000;7,0516990000
202200038821;25;2;2022;13:45;1;64;64348;2;1;1;2;FRERES MONTGOLFIER DES;43,3040000000; -0,4180000000
202200038822;15;6;2022;13:20;1;44;44063;1;2;1;3;5 la drouetterie;47,0802250000; -1,1907640000
202200038823;21;8;2022;10:00;1;55;55046;1;3;1;3;D67;48,9597850000;5,8376780000
202200038824;24;8;2022;10:00;1;34;34300;1;1;1;6;chemin de laguillou;43,4424810000;3,2914030000
202200038825;24;2;2022;16:30;1;64;64102;2;1;1;1;AQUITAINE (AVENUE DE L');43,4866317010; -1,4703378120
202200038826;16;6;2022;14:00;1;26;26213;1;2;1;5;route de Manthes;45,2974560000;4,9951530000
202200038827;22;8;2022;17:45;1;44;44222;2;1;1;6;18 Rue Saint Michel;47,4406860000; -1,1400620000
202200038828;14;6;2022;17:10;1;06;06148;2;1;1;6;129 chemin des violettes;43,7183260000;7,0584990000
202200038829;25;2;2022;20:10;5;59;59279;2;9;1;3;LOISEL (CHEMIN DE);50,7734968477;3,1455203891
202200038830;20;8;2022;08:30;1;43;43051;1;1;2;6;D 185;45,0676940000;4,3295150000
202200038831;24;2;2022;13:30;1;59;59152;2;1;2;6;GAMBETTA (RUE);50,7623987912;3,0090066791
202200038832;15;6;2022;17:30;1;90;90081;2;1;1;3;Rue de la Côte;47,5064210000;7,1182720000
202200038833;23;8;2022;15:00;1;16;16072;1;1;7;1;Route des Balatries;45,5218300000;0,1653370000
202200038834;25;2;2022;13:37;1;57;57463;2;1;1;1;ALSACE (BOULEVARD D');49,1161700000;6,2285000000
202200038835;11;6;2022;07:50;1;45;45203;2;1;1;1;Route d Orleans;47,8303920000;1,7017820000
202200038836;24;8;2022;12:35;1;53;53146;1;6;7;3;RN162;48,1963405146; -0,6666485519
202200038837;24;2;2022;18:35;5;54;54395;2;2;3;6;DE LATTRE DE TASSIGNY (AV. MAL);48,6842753979;6,1885763705
202200038838;15;6;2022;17:30;1;36;36001;1;4;7;3;Le Verret;46,4412620000;1,8712990000
202200038839;25;2;2022;11:09;1;54;54395;2;1;1;6;SAINT NICOLAS (RUE RESTE N°);48,6872891801;6,1883336306
202200038840;15;6;2022;19:30;1;07;07304;1;1;1;1;2760 Route de Barjac;44,3779410000;4,3709120000
202200038841;23;8;2022;08:30;1;53;53097;2;9;1;3;12 Rue de Sillé;48,1563500000; -0,3940530000
202200038842;25;2;2022;12:25;1;51;51454;2;6;1;3;Place Aristide Briand;49,2575243145;4,0388042828
202200038843;16;6;2022;13:00;1;07;07181;1;1;1;1;Ile Chambenier Sud -route de saulce;44,7521200000;4,7606850000
202200038844;21;2;2022;13:35;1;42;42103;2;3;2;6;Rue du Faubourg de Couzon;45,4941300000;4,5604100000
202200038845;24;8;2022;12:50;1;85;85031;1;3;1;1;RD26 le bois sorin;46,8084300000; -0,9135120000
202200038846;16;6;2022;18:00;1;24;24026;1;2;1;3;Route des Ardaillers;45,1491370000;0,8542300000
202200038847;25;2;2022;14:30;1;38;38151;2;1;1;3;AVENUE EDMOND ESMONIN;45,1593500000;5,7240100000
202200038848;15;6;2022;13:55;1;85;85280;1;6;1;3;La Cartrée;46,8652670000; -1,9507650000
202200038849;23;8;2022;16:50;1;87;87049;1;1;1;1;Impasse du Moulin de Marsaguet;45,5411650000;1,3245610000
202200038850;25;2;2022;08:45;1;37;37208;2;1;1;2;LAC (AVENUE DU);47,3658221335;0,7160586119
202200038851;23;8;2022;09:05;1;91;91045;2;1;1;7;25 Rue des Ecoles;48,5234010000;2,3806410000
202200038852;15;6;2022;19:50;1;27;27372;1;2;7;3;Route de Frileuse;49,3571030000;1,6083600000
202200038853;12;6;2022;13:30;1;37;37014;1;1;1;6;D57;47,2767032258;0,4243254662
202200038854;23;8;2022;18:30;2;69;69268;1;3;1;3;Chemin des Eclapons;45,6513530000;4,7621550000
202200038855;25;2;2022;20:35;3;35;35206;1;9;1;4;RN137;48,0758537989; -1,6754721309
202200038856;13;6;2022;08:15;1;52;52140;1;4;7;3;D619;48,2289220000;4,8677590000
202200038857;24;8;2022;16:19;1;11;11262;2;9;1;6;Promenade du Front de Mer;43,1540130000;3,1630860000
202200038858;25;2;2022;22:00;5;35;35115;2;1;1;6;Boulevard Jean Jaurès;48,3521328930; -1,1987757683
202200038859;15;6;2022;19:55;1;08;08218;2;3;1;3;;49,8835710000;4,8416390000
202200038860;25;2;2022;05:30;5;33;33063;2;1;1;6;Boulevard Joliot-Curie;44,8356000000; -0,5507320000
202200038861;23;8;2022;15:40;1;11;11262;1;1;1;2;Autoroute A9, PK 190.000, sens ESPAGNE/FRANCE;43,1689410000;3,0100820000
202200038862;28;5;2022;16:45;1;68;68066;1;1;7;2;Autoroute A35 PK 066+200;48,0725160000;7,3853870000
202200038863;23;8;2022;17:20;1;69;69064;2;1;1;3;Rue nationale;45,4572070000;4,7567150000
202200038864;25;2;2022;12:27;1;32;32013;2;3;1;3;YSER (AVENUE DE L');43,6495300000;0,5934900000
202200038865;15;6;2022;23:45;5;06;06152;2;3;1;6;Route d Opio;43,6432800000;7,0118580000
202200038866;23;8;2022;19:15;5;971;97122;2;1;1;6;Rue Victor Schoelcher;16,4190850000; -61,5293170000
202200038867;15;6;2022;07:26;1;57;57556;1;9;1;1;D674;49,0463920000;6,9224600000
202200038868;24;8;2022;13:45;1;78;78160;1;1;1;6;Route de Rambouillet;48,6971360000;2,0224500000
202200038869;23;2;2022;15:10;1;31;31555;2;1;1;5;RTE DE LAUNAGUET;43,6589500000;1,4384100000
202200038870;25;2;2022;21:00;5;29;29019;2;9;1;6;Rue des Sternes;48,3879387978; -4,4357607364
202200038871;23;8;2022;19:06;2;78;78147;2;2;1;2;12 Route de Cravent;49,0192260000;1,4841250000
202200038872;16;6;2022;08:00;1;28;28164;1;1;1;5;Autoroute A10 point kilométrique 058+000 direction province;48,2639410000;1,8523850000
202200038873;25;2;2022;06:10;3;27;27701;1;1;2;7;RD6015;49,2459000000;1,1916000000
202200038874;21;8;2022;13:30;1;13;13014;2;6;1;3;Avenue de Sylvanès;43,4819400000;5,1654460000
202200038875;14;6;2022;14:45;1;973;97311;2;1;1;6;Avenue Paul Castaing;5,4840850000; -54,0150390000
202200038876;24;8;2022;12:13;1;55;55122;2;1;1;6;64 Rue de Saint-Mihiel;48,7670440000;5,5808760000
202200038877;25;2;2022;19:40;3;26;26170;1;1;1;2;N7;44,9123100000;4,9385100000
202200038878;29;5;2022;10:39;1;973;97311;2;6;2;3;Rue Joseph Symphorien;5,5003820000; -54,0282300000
202200038879;22;2;2022;16:55;1;22;22113;2;6;1;6;VIARMES (RUE DE);48,7319600000; -3,4646000000
202200038880;16;6;2022;07:45;1;2B;2B093;1;1;1;2;Hameau de Curzo;42,6198880000;8,8931270000
202200038881;24;8;2022;13:00;1;73;73034;1;1;1;3;D218B - Rte de Champtardy;45,7291753337;6,5502421260
202200038882;9;7;2022;04:30;3;38;38110;2;1;1;7;Route des Serpaizières;45,5697500000;4,8896880000
202200038883;16;6;2022;01:10;3;34;34154;1;1;1;7;D24e2;43,6212770000;3,9796490000
202200038884;24;2;2022;20:50;5;21;21231;2;3;2;2;DRAPEAU (DU) (AVENUE);47,3382778574;5,0446014851
202200038885;14;6;2022;18:30;1;34;34058;1;1;1;6;Route de Guzargues;43,6955480000;3,9601740000
202200038886;24;8;2022;00:35;5;26;26235;1;1;1;1;Rue Evariste Galois;44,3621820000;4,7048520000
202200038887;16;6;2022;12:13;1;04;04086;1;1;1;7;RD 900;44,3916600000;6,6831640000
202200038888;24;8;2022;10:40;1;07;07291;1;1;1;7;D362;44,4022020000;4,5114710000
202200038889;25;2;2022;18:50;2;15;15014;2;2;1;3;PLOMB DU CANTAL (AVENUE DU);44,9126700000;2,4349070000
202200038890;15;6;2022;12:55;1;13;13081;1;1;7;2;D21;43,4928570000;5,2215530000
202200038891;23;8;2022;18:00;1;69;69188;1;3;1;3;Route de la Maletiere;45,9228492564;4,4650890826
202200038892;15;6;2022;11:30;1;13;13085;1;1;1;6;D3d;43,2375280000;5,6627330000
202200038893;25;2;2022;13:30;1;13;13208;2;1;6;3;MONTREDON (AVENUE DE);43,2440000000;5,3711000000
202200038894;21;8;2022;16:00;1;69;69019;1;1;1;6;Voie verte du Beaujolais;46,1215700000;4,7312720000
202200038895;15;6;2022;17:39;1;67;67030;1;1;1;1;D654;48,5818310000;7,4543520000
202200038896;25;2;2022;12:10;1;13;13208;2;1;1;1;TURCAT MERY ALLÉE (ALLEE);43,2807200645;5,3883373192
202200038897;18;8;2022;16:00;1;64;64430;2;3;2;3;Rue Léon Bérard;43,4856290000; -0,7637000000
202200038898;25;2;2022;03:35;5;13;13208;2;1;1;2;RABATAU (BOULEVARD);43,2769437211;5,3982440768
202200038899;16;6;2022;07:50;1;67;67411;2;2;1;3;Route départementale 207;48,4958940000;7,4784980000
202200038900;15;6;2022;12:45;1;63;63077;1;1;1;6;Col de la Croix Morand;45,5903480000;2,8665730000
202200038901;25;2;2022;09:18;1;10;10387;2;1;1;3;CHOMEDEY DE MAISONNEUVE (AVE);48,3088933760;4,0688896179
202200038902;23;8;2022;17:15;1;33;33412;1;2;1;3;Rue des Landes de Cheoutre;45,2720878539; -0,8860865235
202200038903;30;5;2022;06:40;2;74;74243;2;3;1;3;Avenue de Geneve;46,1499370000;6,0880030000
202200038904;25;2;2022;07:57;1;10;10387;2;1;1;3;PREIZE (RUE DE);48,3078574695;4,0684416890
202200038905;23;8;2022;07:35;2;14;14258;2;6;2;3;D129;48,8898840000; -0,1816070000
202200038906;16;6;2022;08:05;1;69;69112;1;2;1;2;La Nouvelle Route;45,8107380000;4,6637980000
202200038907;23;2;2022;09:30;1;10;10081;2;9;1;3;FRERES MICHELIN (RUE DES);48,3143449149;4,0267038345
202200038908;18;8;2022;15:20;1;27;27136;1;1;1;7;Route Nationale 13;49,0137760000;1,4455710000
202200038909;16;6;2022;14:57;1;65;65123;2;3;1;1;Quartier de Galade;43,0012580000;0,1963460000
202200038910;23;8;2022;23:15;3;02;02378;1;1;1;6;D963;49,8931970000;4,0421430000
202200038911;25;2;2022;11:45;1;06;06123;1;1;1;2;VESPINS ROUTE DES;43,6604300000;7,1816800000
202200038912;16;6;2022;08:10;1;17;17021;1;6;1;3;D14;45,7582190000; -1,1245540000
202200038913;24;2;2022;18:00;2;06;06027;2;3;1;3;TRAVAILS CHEMIN DES;43,6676600000;7,1393300000
202200038914;15;6;2022;22:30;2;17;17058;1;1;1;1;D26;45,8484720000; -1,1724260000
202200038915;22;8;2022;17:30;1;13;13215;1;1;1;4;A7-Sens Lyon vers Marseille;43,3705700000;5,3613700000
202200038916;15;2;2022;15:10;1;04;04070;2;6;1;3;RP du 11 novembre;44,0911786129;6,2312087417
202200038917;10;6;2022;18:30;1;33;33366;1;3;1;5;RD 248;45,0015880000; -0,4243900000
202200038918;18;2;2022;16:15;1;02;02064;2;1;6;6;58 Route de Fère-En-Tardenois;49,3655500000;3,3353400000
202200038919;22;8;2022;06:25;2;13;13085;1;1;1;4;A50-Sens Toulon vers Aubagne;43,2429800000;5,5944700000
202200038920;15;6;2022;19:20;1;72;72264;2;6;1;1;Rue Saint-Nicolas;47,8333930000; -0,3177480000
202200038921;25;2;2022;16:00;1;01;01053;2;1;1;2;MERCIER (AVENUE AMEDEE DU 45 AU FIN);46,1994100000;5,2558400000
202200038922;23;8;2022;11:30;1;91;91228;1;1;1;2;AUTOROUTE A6;48,6230000000;2,4200000000
202200038923;16;6;2022;09:05;1;60;60398;2;1;1;2;Rue de la Libération;49,1722210000;2,2867550000
202200038924;23;8;2022;03:30;3;91;91573;1;1;1;6;RN 104;48,6317060000;2,5066220000
202200038925;22;2;2022;17:00;5;75;75115;2;1;1;3;BD PERIPHERIQUE INTERIEUR;48,8267610000;2,2957780000
202200038926;23;8;2022;20:15;2;95;95572;1;1;1;2;RN 184;49,0346840593;2,1136102080
202200038927;16;6;2022;08:20;1;60;60369;2;3;7;1;Rue de la Gare;49,3425520000;2,7188050000
202200038928;25;2;2022;17:05;1;75;75106;2;3;1;2;QUAI DES GRANDS AUGUSTINS;48,8542978591;2,3431778778
202200038929;16;6;2022;17:25;1;60;60010;2;1;1;7;Chemin de Fontenelle;49,1959520000;2,1156730000
202200038930;23;8;2022;10:30;1;95;95277;1;1;1;6;RD 170 B6 ;48,9740590000;2,4851420000
202200038931;15;6;2022;16:00;1;62;62125;2;1;7;6;238 rue de la mairie;50,7998090000;1,6648630000
202200038932;25;2;2022;16:06;1;75;75105;2;2;1;6;RUE DES CARMES;48,8489040000;2,3474730000
202200038933;15;6;2022;19:10;1;13;13019;1;1;1;2;A51-Sens Marseille vers Aix en Provence;43,4239000000;5,3743900000
202200038934;22;8;2022;22:45;4;93;93053;1;1;1;5;AUTOROUTE A3;48,8970719855;2,4696512931
202200038935;25;2;2022;13:35;1;75;75120;2;2;2;6;RUE PELLEPORT;48,8707860000;2,3992210000
202200038936;15;6;2022;19:00;1;91;91534;1;1;1;4;RN 118;48,7251700000;2,1666600000
202200038937;25;2;2022;19:00;5;75;75119;2;2;1;3;RUE MANIN;48,8829890000;2,3855620000
202200038938;15;6;2022;07:50;1;91;91179;1;1;1;7;;48,5575540000;2,4914080000
202200038939;22;8;2022;19:00;1;95;95252;1;1;1;5; A15;48,9785598477;2,2302514315
202200038940;15;6;2022;03:16;5;94;94037;1;1;1;7;AUTOROUTE A6A;48,8147740000;2,3363400000
202200038941;23;8;2022;18:00;1;94;94011;1;1;1;2;RN406.Y;48,7589396502;2,4834360583
202200038942;25;2;2022;19:50;5;75;75119;2;2;1;3;AVENUE SIMON BOLIVAR;48,8784090000;2,3742500000
202200038943;15;6;2022;09:35;1;92;92062;1;1;1;4;RN1014 W;48,8882278311;2,2491295607
202200038944;25;2;2022;11:00;1;75;75116;2;2;1;6;AVENUE DE MALAKOFF;48,8750870000;2,2839650000
202200038945;15;6;2022;08:50;1;92;92036;1;1;1;2;A86;48,9351679235;2,2833279356
202200038946;14;6;2022;10:20;1;92;92036;1;1;1;7;AUTOROUTE A15;48,9378886633;2,2976672190
202200038947;23;8;2022;08:15;1;94;94046;1;1;1;4;A86 INT;48,8140244634;2,4491104783
202200038948;25;5;2022;16:30;1;14;14333;2;1;1;6;avenue des hauts bords;49,3992000000;0,2428500000
202200038949;25;2;2022;21:55;5;75;75115;2;2;1;2;BOULEVARD DE GRENELLE;48,8498620000;2,2950140000
202200038950;14;6;2022;07:50;1;93;93027;1;1;1;3;AUTOROUTE A1;48,9341800000;2,3899400000
202200038951;13;6;2022;23:20;3;95;95488;1;1;1;2; A15;49,0205800000;2,1378600000
202200038952;25;2;2022;00:15;5;75;75112;2;1;1;2;QUAI DE BERCY;48,8318330433;2,3844104893
202200038953;20;8;2022;15:45;1;63;63113;2;2;1;6;ORADOU (RUE DE L');45,7738100000;3,0974900000
202200038954;14;6;2022;23:05;3;94;94065;1;1;1;6;N186;48,7541603473;2,3503639963
202200038955;24;2;2022;23:10;5;75;75111;2;1;1;6;RUE OBERKAMPF;48,8645120000;2,3719040000
202200038956;21;8;2022;14:40;1;63;63113;2;3;1;6;CLEMENTEL (BD ETIENNE);45,8064486497;3,1094594300
202200038957;21;8;2022;11:15;1;63;63113;2;1;1;6;BRUGIERE (BD AMBROISE);45,7907100000;3,1178600000
202200038958;12;6;2022;22:15;3;77;77294;1;9;1;6;A104;48,9712810000;2,5951380000
202200038959;14;6;2022;08:20;1;54;54395;2;3;1;6;Terrasse de la Pépinière;48,6947400000;6,1831600000
202200038960;26;5;2022;09:42;1;13;13216;1;1;1;6;LITTORAL (CHEMIN DU);43,3474796707;5,3438125023
202200038961;25;2;2022;19:30;5;75;75110;2;2;1;4;AVENUE PARMENTIER;48,8712380000;2,3701230000
202200038962;22;8;2022;07:35;1;974;97416;2;9;1;1;LORION(RUE LUC); -21,3332500000;55,4716500000
202200038963;14;6;2022;08:55;1;27;27229;2;3;1;6;HUET (RUE DU PRESIDENT);49,0221165047;1,1440774798
202200038964;25;2;2022;19:35;5;75;75110;2;3;1;3;BOULEVARD DE MAGENTA;48,8757880000;2,3565180000
202200038965;22;8;2022;07:30;1;973;97302;2;1;1;6;FLAMBOYANTS (RUE DES);4,9238355295; -52,3193380237
202200038966;14;6;2022;11:00;1;75;75111;2;1;1;6;BOULEVARD BEAUMARCHAIS;48,8551250000;2,3686640000
202200038967;22;8;2022;18:35;1;69;69383;2;6;1;6;Place Danton;45,7548800000;4,8574200000
202200038968;21;3;2022;08:35;1;14;14047;2;2;1;3;Rue Saint Malo;49,2788160000; -0,7076630000
202200038969;25;2;2022;17:10;1;75;75110;2;2;1;3;RUE LA FAYETTE;48,8789760000;2,3557590000
202200038970;22;8;2022;18:17;1;69;69382;2;3;1;2;Quai Maréchal Joffre;45,7531000000;4,8248400000
202200038971;25;2;2022;10:30;1;75;75110;2;2;1;3;QUAI DE VALMY;48,8728980000;2,3637390000
202200038972;28;1;2022;16:55;1;14;14663;2;2;1;6;1 Rue Charles Malas;49,2756280000; -0,6912530000
202200038973;21;1;2022;20:40;5;14;14663;2;6;1;7;D613;49,2838911116; -0,6905355202
202200038974;22;8;2022;19:00;1;2B;2B033;2;3;1;3;11 - RT;42,6685269286;9,4432589101
202200038975;25;2;2022;02:35;5;75;75107;2;5;1;7;PLACE JOFFRE;48,8542710000;2,3054540000
202200038976;22;8;2022;19:40;1;91;91326;2;1;1;2;HOCHE (RUE);48,6863500000;2,3798900000
202200038977;22;3;2022;17:20;1;86;86066;2;3;1;3;Avenue Camille Pagé;46,7970640000;0,5273100000
202200038978;25;2;2022;19:57;5;75;75104;2;3;1;1;PONT DE SULLY;48,8504340000;2,3600890000
202200038979;25;2;2022;16:45;1;75;75104;2;1;1;6;VOIE GEORGES POMPIDOU;48,8544130374;2,3544770364
202200038980;21;8;2022;19:45;1;87;87085;2;3;1;1;MOCQUET(RUE GUY);45,8900200000;1,2930600000
202200038981;24;2;2022;19:56;5;94;94081;2;1;1;6;76 Avenue Paul Vaillant Couturier;48,7951700000;2,3972800000
202200038982;11;4;2022;15:15;1;63;63113;2;1;1;3;MALFREYT (BD LEON);45,7738900000;3,0855900000
202200038983;19;8;2022;03:40;5;84;84007;2;1;1;3;MONTFAVET (Route);43,9400700000;4,8306100000
202200038984;25;2;2022;08:00;1;94;94068;2;2;1;3;Avenue Mahieu;48,8073100000;2,4821000000