Num_Acc;jour;mois;an;hrmn;lum;dep;com;agg;int;atm;col;adr;lat;long
202200038985;18;8;2022;11:40;1;84;84007;2;1;1;3;PEINTRES PARROCEL( Rue des);43,9320000000;4,8289100000
202200038986;12;4;2022;16:50;1;41;41018;2;6;1;6;BRIAND (QUAI ARISTIDE);47,5751000000;1,3250900000
202200038987;24;2;2022;17:50;2;94;94015;2;4;1;3;PASTEUR (BD);48,8326100782;2,5248255728
202200038988;9;6;2022;00:30;5;84;84007;2;2;1;3;MARSEILLE (Route de );43,9223000000;4,8580460000
202200038989;13;4;2022;19:45;1;26;26198;2;1;1;3;JAURES (Avenue Jean);44,5429800000;4,7467000000
202200038990;25;2;2022;08:10;1;94;94076;2;2;1;3;42 Boulevard Maxime Gorki;48,7960000000;2,3683500000
202200038991;25;2;2022;15:55;1;94;94041;2;1;1;3;122 Rue Marcel Hartmann;48,8085360000;2,3813500000
202200038992;14;6;2022;11:30;1;976;97611;2;1;1;6;passamanty-Vahibé ( route ); -12,8014500000;45,2115100000
202200038993;14;6;2022;17:05;1;974;97409;2;1;1;3;MASCAREIGNES (Avenue des); -20,9362570000;55,6466160000
202200038994;20;8;2022;15:05;1;76;76351;2;4;1;3;LOUIS BLANC;49,5088200000;0,1351000000
202200038995;25;2;2022;09:15;1;94;94041;2;2;1;1;Quai Jean Compagnon;48,8189300000;2,3991600000
202200038996;14;6;2022;14:32;1;973;97302;2;1;1;3;EOLE (RESIDENCE) RTE DE BADUEL;4,9319512879; -52,3283851147
202200038997;25;2;2022;14:10;1;94;94033;2;7;1;2;Avenue de Lattre de Tassigny / A86;48,8597300000;2,4901700000
202200038998;21;8;2022;15:00;1;74;74012;2;6;1;3;VALLEES (ROUTE DES);46,1914400000;6,2504500000
202200038999;14;6;2022;18:20;1;69;69386;2;1;7;6;Quai Général Sarrail;45,7675000000;4,8413100000
202200039000;14;6;2022;17:10;1;69;69387;2;1;1;3;Rue de Gerland;45,7289700000;4,8378000000
202200039001;24;2;2022;14:10;1;94;94028;2;3;2;2;Avenue Bernard Halpern / Route de Choisy;48,7883000000;2,4513900000
202200039002;22;8;2022;17:15;1;69;69266;2;3;7;3;Avenue Roger Salengro;45,7809400000;4,8843400000
202200039003;14;6;2022;19:15;1;69;69149;2;2;1;6;Rue Louis Aulagne;45,7170400000;4,8125400000
202200039004;24;2;2022;05:30;3;94;94028;2;1;2;1;Route de la Pompadour;48,7731700000;2,4455000000
202200039005;22;8;2022;08:19;1;69;69259;2;6;1;3;Boulevard Urbain Est;45,6882000000;4,8912900000
202200039006;14;6;2022;16:14;1;69;69382;2;3;1;3;Quai Docteur Gailleton;45,7530232858;4,8338671006
202200039007;25;2;2022;12:00;1;93;93048;2;2;1;3;SORINS (RUE DES);48,8583022953;2,4235314131
202200039008;21;8;2022;20:00;1;67;67267;2;3;1;6;OSTWALD (RUE D );48,5511399535;7,6891167462
202200039009;14;6;2022;07:00;1;69;69382;2;2;1;3;16 Quai Jean Moulin;45,7650000000;4,8381000000
202200039010;25;2;2022;21:15;5;93;93046;2;1;1;3;ARISTIDE BRIAND AVENUE;48,9121116319;2,5215607882
202200039011;21;8;2022;14:20;1;67;67482;2;1;1;3;ROMAINS (ROUTE DES);48,5784300000;7,7069000000
202200039012;14;6;2022;06:50;1;69;69286;2;1;7;6;Avenue de l'Europe;45,8148700000;4,8950900000
202200039013;25;2;2022;18:05;1;93;93046;2;1;1;2;ROBERT SCHUMANN BOULEVARD;48,9272300000;2,5473600000
202200039014;20;8;2022;18:47;1;67;67482;2;3;1;3;JEAN JAURES (AVENUE);48,5708900000;7,7588300000
202200039015;14;6;2022;16:55;1;2B;2B120;2;1;1;2;LAGUNE (Route de la) D107;42,6545000000;9,4458000000
202200039016;25;2;2022;16:20;1;93;93031;2;3;1;6;Rue Saint-marc / Rue Gosset;48,9516300000;2,3309200000
202200039017;14;6;2022;15:00;1;2B;2B033;2;1;1;3;AV DE LA LIBERATION;42,6848000000;9,4450000000
202200039018;19;8;2022;17:00;1;67;67482;2;1;1;2;CHARLES PEGUY (RUE);48,5888600000;7,6971800000
202200039019;20;8;2022;13:10;1;66;66136;2;1;1;6;;42,7191200000;2,8872400000
202200039020;24;2;2022;12:00;1;93;93031;2;1;1;6;Rue des Carrières;48,9589500000;2,2995700000
202200039021;15;6;2022;00:20;5;2A;2A004;2;4;1;3;CANDIA;41,9345800000;8,7455100000
202200039022;24;2;2022;21:50;5;93;93030;2;1;1;3;LARIVIERE (RUE LOUIS);48,9536200000;2,4164000000
202200039023;20;8;2022;07:45;1;64;64125;2;1;1;3;CHABADENIA (AVENUE);43,4389600000; -1,5878100000
202200039024;14;6;2022;16:40;1;2A;2A004;1;1;1;6;T21;41,9270100000;8,7835600000
202200039025;11;2;2022;23:00;4;93;93008;2;9;8;3;Avenue de la Division Leclerc;48,9084971342;2,4200423958
202200039026;21;8;2022;20:50;1;64;64024;2;1;1;2;Promenade de la Barre;43,5046100000; -1,5256100000
202200039027;14;6;2022;08:00;1;95;95018;2;1;1;3;Boulevard de la Resistance;48,9512300000;2,2329600000
202200039028;21;8;2022;06:00;2;63;63300;1;1;1;6;RD 2009;45,9181889228;3,1354111433
202200039029;25;2;2022;08:35;1;92;92046;2;1;1;3;Charles de gaulle;48,8240280421;2,3005326837
202200039030;14;6;2022;17:20;1;91;91161;2;1;1;3;RUE DES ROSES;48,7038200000;2,3212500000
202200039031;25;2;2022;11:25;1;92;92072;2;3;1;6;BRUYERES (RUE DES);48,8182300000;2,2172090000
202200039032;20;8;2022;19:55;1;56;56121;2;6;1;3;44 Boulevard Léon Blum;47,7492300000; -3,3736400000
202200039033;14;6;2022;05:20;2;91;91425;2;1;1;2;RTE D ORLEANS;48,6382700000;2,2674500000
202200039034;15;6;2022;01:05;5;91;91691;2;1;1;7;RAYMOND POINCARE(RUE);48,7141800000;2,5012600000
202200039035;22;8;2022;10:40;1;54;54547;2;2;1;6;Rue Bernard Palissy;48,6544100000;6,1787000000
202200039036;25;2;2022;13:45;1;92;92050;2;3;1;3;COMMUNE DE PARIS AVENUE DE LA;48,9029289558;2,2039691359
202200039037;14;6;2022;08:40;1;91;91434;2;1;1;3;MARCEAU (RUE);48,6655500000;2,3469700000
202200039038;21;8;2022;12:01;1;49;49007;2;1;1;2;BIRGE BOULEVARD;47,4766300000; -0,5204700000
202200039039;25;2;2022;10:35;1;92;92012;2;3;7;6;COUCHOT (RUE);48,8316823973;2,2322201729
202200039040;13;6;2022;18:10;1;87;87050;2;1;1;6;LIMOGES (AVENUE DE);45,8726600000;1,2383300000
202200039041;26;2;2022;15:42;1;39;39097;2;1;1;6;Rue Léon Blum;46,7321090000;5,9281830000
202200039042;21;8;2022;11:10;1;49;49007;2;1;1;2;BON PASTEUR BOULEVARD;47,4733100000; -0,5782400000
202200039043;10;6;2022;16:11;1;87;87085;1;1;1;2;AUTOROUTE A20;45,8905900000;1,2927400000
202200039044;22;8;2022;09:15;1;45;45147;2;1;8;6;19 Rue Louis Labonne;47,9233030000;1,9081040000
202200039045;26;2;2022;17:40;1;50;50199;1;1;1;1;RD911;48,6909890000; -1,4799570000
202200039046;12;6;2022;22:55;3;87;87050;1;1;1;6;COYOL (RUE DU);45,8759100000;1,2238800000
202200039047;22;8;2022;17:30;1;44;44162;2;1;1;2;1 Avenue Condorcet;47,2292700000; -1,6080400000
202200039048;26;2;2022;15:20;1;24;24462;1;1;1;2;D6089;45,0313780000;0,3143030000
202200039049;22;8;2022;18:05;1;34;34270;2;9;1;6;Route de Lavérune;43,5939100000;3,8337600000
202200039050;11;6;2022;16:57;1;87;87075;2;1;1;7;CAILLAUD (RUE DU);45,7898900000;1,1738300000
202200039051;25;2;2022;22:12;3;974;97413;1;1;1;6;N1a; -21,2004370000;55,2847590000
202200039052;26;2;2022;18:54;2;56;56053;1;1;1;6;Saint Christophe;47,7286290000; -2,5433670000
202200039053;23;8;2022;00:15;5;33;33063;2;6;1;2;Rue de la Bechade;44,8255200000; -0,5982000000
202200039054;14;6;2022;15:15;1;83;83062;2;1;1;3;FABRI DE PEIRESC (AVENUE);43,1385000000;6,0271000000
202200039055;22;8;2022;14:30;1;33;33032;2;1;1;3;Quai de Vial;44,9052700000; -0,5353400000
202200039056;26;2;2022;00:50;3;74;74099;1;1;1;4;1366 Route de Sallanches;45,8785980000;6,6376620000
202200039057;8;6;2022;17:40;1;83;83126;2;1;1;6;HOCHE (  QUAI );43,1027900000;5,8818000000
202200039058;21;8;2022;06:50;3;33;33039;1;1;1;6;A631;44,8125000000; -0,5342000000
202200039059;14;6;2022;21:52;1;78;78358;2;3;1;6;LONGUEIL (AVENUE DE);48,9460860000;2,1453400000
202200039060;26;2;2022;15:50;1;76;76113;2;3;7;3;D93;49,5195010000;1,3568760000
202200039061;21;8;2022;08:50;1;31;31555;2;1;1;6;PONT SAINT PIERRE (RUE DU) DU 1AU 23;43,6015400000;1,4343400000
202200039062;26;2;2022;05:00;5;2B;2B305;2;1;1;1;Route du Cap;42,7346850000;9,4614650000
202200039063;13;6;2022;10:53;1;78;78551;1;1;1;6;CENTRALE (ROUTE);48,9850280000;2,1314120000
202200039064;18;7;2022;13:15;1;30;30189;2;1;1;7;LANGUEDOC (AVENUE);43,8190900000;4,3692100000
202200039065;25;2;2022;16:15;1;65;65389;2;7;1;3;6 place du bique;43,0788230000;0,4821030000
202200039066;14;6;2022;17:50;1;78;78440;2;3;1;2;LEVASSOR (RUE);48,9804000000;1,8897200000
202200039067;10;6;2022;06:41;2;28;28229;2;2;7;1;GAMBETTA (RUE LEON);48,4529570000;1,4719780000
202200039068;25;2;2022;14:10;1;33;33518;1;1;1;1;Le Rouquey (Arrêt de bus);44,7180260000; -0,4180920000
202200039069;14;6;2022;09:15;1;78;78217;2;1;1;3;D191 Route de Nezel;48,9544600000;1,8313190000
202200039070;12;8;2022;19:40;1;17;17415;2;3;1;3;GENET 6 A ROCADE OUEST COURS;45,7486180000; -0,6500300000
202200039071;26;2;2022;16:00;1;55;55463;2;1;1;6;Rue des Ecoles;48,8911290000;5,5398610000
202200039072;22;8;2022;08:00;1;13;13205;2;6;1;1;SAINT PIERRE (RUE);43,2926800000;5,4000700000
202200039073;25;2;2022;20:30;3;34;34010;1;1;1;5;D32;43,6902975423;3,5775877368
202200039074;20;8;2022;20:00;1;11;11069;2;2;1;3;Avenue Jean Moulin;43,2089200000;2,3739400000
202200039075;14;6;2022;10:20;1;77;77048;2;2;1;3;D104;48,3406300000;2,7095500000
202200039076;20;8;2022;16:20;1;11;11069;1;1;1;3;ROCADE NORD - RD 6113;43,2331600000;2,3598100000
202200039077;26;2;2022;09:15;1;34;34284;2;3;1;3;RD 612 - Route de Béziers;43,4862520000;2,7769020000
202200039078;14;6;2022;21:30;1;76;76540;2;1;7;1;Avenue de la Grand Mare;49,4601000000;1,1330000000
202200039079;26;2;2022;01:30;3;22;22158;1;1;1;7;Guerlédan;48,1863180000; -2,9881950000
202200039080;21;8;2022;14:39;1;10;10387;2;6;7;3;FRANCOIS MITTERAND (ROND POINT);48,2926200000;4,0741500000
202200039081;25;2;2022;18:40;1;29;29069;1;1;1;1;lieu-dit Coadic Ar Foll;48,4052390000; -4,5512910000
202200039082;22;8;2022;10:00;1;75;75116;2;3;1;6;RUE RAFFET;48,8521420000;2,2642610000
202200039083;14;6;2022;11:25;1;76;76351;2;2;1;3;DENFERT ROCHEREAU (RUE);49,4878000000;0,1382600000
202200039084;21;8;2022;06:43;2;75;75107;2;1;1;6;PONT D IENA;48,8597050000;2,2922480000
202200039085;13;6;2022;13:40;1;76;76351;2;9;1;1;PONT VII (ROUTE DU);49,4907600000;0,1817600000
202200039086;25;2;2022;18:30;1;29;29160;2;1;1;2;1 Impasse Joseph Bleunven;48,4964130000; -4,4335250000
202200039087;10;4;2022;16:20;1;76;76351;2;1;1;1;JULES DURAND (BD);49,4918400000;0,1654000000
202200039088;22;8;2022;20:46;2;75;75106;2;2;1;3;RUE DE RENNES;48,8479250000;2,3277710000
202200039089;26;2;2022;06:00;3;31;31107;2;1;1;7;Route Pont de Pierre;43,2932670000;1,2161400000
202200039090;14;6;2022;07:18;2;76;76576;1;6;1;6;D6015;49,5540780000;0,4426400000
202200039091;22;8;2022;16:20;1;75;75119;2;1;1;6;AVENUE CORENTIN CARIOU;48,8949950000;2,3825940000
202200039092;25;2;2022;18:50;5;03;03065;2;1;1;3;6 Rue de Moulins;46,4065540000;3,3124530000
202200039093;13;6;2022;17:00;1;74;74119;2;1;1;6;GRANDE RIVE (AVENUE DE);46,4025000000;6,6098000000
202200039094;20;8;2022;20:05;1;75;75118;2;1;1;3;RUE D AUBERVILLIERS;48,8982790000;2,3705230000
202200039095;26;2;2022;01:45;3;01;01374;1;1;1;7;Chemin des Rayes;46,0840440000;5,3089340000
202200039096;12;6;2022;06:22;1;71;71270;2;3;1;3;RD 169 - Route du Grand Sud;46,2859300000;4,8067600000
202200039097;22;8;2022;17:45;1;75;75112;2;3;1;6;RUE DE CHARENTON;48,8395390000;2,3888070000
202200039098;14;6;2022;18:00;1;69;69029;2;1;1;2;Avenue Jean Mermoz;45,7304800000;4,8880300000
202200039099;26;2;2022;14:35;1;01;01338;2;4;1;6;;45,7103150000;5,5556420000
202200039100;22;8;2022;06:30;2;75;75112;2;2;1;3;RUE DE CHARENTON;48,8373080000;2,3912040000
202200039101;14;6;2022;13:30;1;69;69290;2;2;1;3;Route de Grenoble;45,7157100000;4,9617100000
202200039102;24;2;2022;21:30;3;01;01163;1;2;1;3;RD1;46,4041460000;5,2217670000
202200039103;22;8;2022;06:06;2;75;75108;2;7;1;3;PLACE DE LA CONCORDE;48,8643620000;2,3203460000
202200039104;26;2;2022;01:15;3;70;70058;2;1;1;6;5 Rue d Autet;47,5297060000;5,6803500000
202200039105;11;6;2022;00:30;5;67;67043;2;3;1;3;BISCHWILLER (ROUTE DE);48,6141000000;7,7521800000
202200039106;10;6;2022;17:45;1;62;62215;1;1;1;6;D917;50,4800440000;2,9494840000
202200039107;22;8;2022;13:55;1;75;75102;2;2;1;3;BOULEVARD DE SEBASTOPOL;48,8634040000;2,3509580000
202200039108;11;6;2022;20:30;1;62;62480;2;1;1;6;LARUE ACHILLE ( RUE );50,5001050000;2,6829540000
202200039109;21;8;2022;20:00;1;75;75103;2;1;1;6;RUE NOTRE DAME DE NAZARETH;48,8676750000;2,3567060000
202200039110;13;6;2022;21:15;1;60;60414;2;9;1;6;33 Avenue Guy Moquet;49,2558300000;2,4324700000
202200039111;26;2;2022;13:20;1;50;50151;1;2;7;3;Route de Coutances;49,1902380000; -1,5230870000
202200039112;26;2;2022;00:40;3;50;50410;1;1;1;6;Route du Mont Saint Michel;48,5644800000; -1,5118800000
202200039113;13;6;2022;11:45;1;59;59392;2;1;1;6;GARE ROUTIERE;50,2730600000;3,9668700000
202200039114;14;6;2022;12:35;1;59;59328;2;2;1;5;HIPPODROME AV DE L N°134 AU 240;50,6546273489;3,0186070203
202200039115;26;2;2022;17:30;1;50;50468;1;1;1;7;Lieu Dit Silly;49,2326270000; -1,1214530000
202200039116;13;6;2022;19:15;1;59;59486;2;1;1;6;PATELETTE (RUELLE);50,4123190768;3,1333029268
202200039117;14;6;2022;12:30;1;59;59428;2;3;1;3;LILLE (RUE DE);50,1875240177;3,2226204872
202200039118;25;2;2022;16:00;1;43;43187;1;2;1;3;D906;45,1595460000;3,8286710000
202200039119;13;6;2022;16:05;1;57;57368;2;1;1;2;REPUBLIQUE (RUE DE LA );49,3409600000;6,0390000000
202200039120;12;6;2022;06:46;1;57;57283;2;9;1;1;Rue de la Gare;49,2501650112;6,1696187280
202200039121;13;6;2022;11:20;1;55;55545;2;1;1;7;MAURICE GENEVOIX ( PLACE );49,1653700000;5,3800100000
202200039122;14;6;2022;18:55;1;54;54395;2;1;1;6;JUIN (AVENUE DU MARECHAL 2 A 20-1 A 21);48,6789550000;6,1721990000
202200039123;10;6;2022;22:40;3;54;54096;1;1;1;2;RD27;49,4364780000;5,8735850000
202200039124;13;6;2022;20:20;1;51;51242;2;1;1;7;Chemin Dit de la Noue de Chien;48,9451100000;4,3332200000
202200039125;13;6;2022;17:47;1;49;49267;2;1;1;7;BEAUFORT ROUTE;47,4667000000; -0,4903700000
202200039126;14;6;2022;13:00;1;45;45234;2;2;1;3;118 Rue du Faubourg Bannier;47,9148300000;1,8993900000
202200039127;7;4;2022;13:50;1;93;93013;1;1;1;5;AUTOROUTE A1;48,9404700000;2,4241100000
202200039128;14;6;2022;16:30;1;45;45004;2;1;1;6;91 Avenue d'Antibes;47,9865300000;2,7325500000
202200039129;7;4;2022;08:15;1;93;93027;1;1;2;3;AUTOROUTE A86;48,9240271676;2,3870856061
202200039130;14;6;2022;17:55;1;44;44143;2;1;1;7;45 Rue Julien Marchais;47,1917200000; -1,5517800000
202200039131;7;4;2022;08:00;1;93;93027;1;1;8;6;BDL;48,9273500000;2,4034700000
202200039132;13;6;2022;09:50;1;38;38185;2;1;1;3;RUE GÉNÉRAL MANGIN;45,1773600000;5,7179500000
202200039133;6;4;2022;07:45;1;94;94071;2;3;1;6;Avenue Olivier d’Ormesson / Rue des Châtelets;48,7809100000;2,5167800000
202200039134;14;6;2022;21:45;2;37;37233;2;2;1;3;ERIDENCE (RUE DE L');47,3949135576;0,7220530137
202200039135;14;6;2022;18:58;1;37;37261;2;1;1;7;PIERRE (RUE DE LA);47,4053205652;0,6842258200
202200039136;6;4;2022;21:55;5;76;76497;2;1;2;6;Rue Aristide Briand;49,3895500000;1,0230600000
202200039137;14;6;2022;20:10;1;35;35278;1;1;1;5;N136;48,1408360000; -1,6854720000
202200039138;14;6;2022;16:50;1;35;35278;1;1;7;6;BETTON (ROND POINT DE);48,1632069672; -1,6800254211
202200039139;29;1;2022;12:25;1;74;74012;2;1;1;2;VERDUN (AVENUE DE);46,1880200000;6,2434800000
202200039140;14;6;2022;16:35;1;35;35055;2;1;1;6;MELLETTES (AV DES);48,0858000000; -1,6216700000
202200039141;6;4;2022;14:00;1;976;97611;2;1;1;7;mgombani-Mahabou (rond point); -12,7832600000;45,2339600000
202200039142;13;6;2022;15:30;1;35;35238;2;1;1;6;ALSACE (D');48,1224500000; -1,7038300000
202200039143;6;4;2022;06:50;1;976;97611;2;1;1;7;tsoundzou-Stara (rue); -12,8156220000;45,1992430000
202200039144;11;6;2022;14:10;1;34;34129;2;1;1;3;Avenue Georges Freche;43,5795000000;3,9319000000
202200039145;14;6;2022;10:40;1;34;34003;2;9;1;6;Avenue General de Gaulle;43,3118200000;3,4760900000
202200039146;6;4;2022;18:30;5;974;97411;2;3;1;3;JAURES (BOULEVARD JEAN); -20,8898800000;55,4641000000
202200039147;13;6;2022;10:05;1;34;34003;2;3;1;3;MONACO (F16 A G15;43,3101500000;3,4778600000
202200039148;6;4;2022;09:14;1;973;97302;2;1;1;3;BADUEL (ROUTE DE);4,9354200000; -52,3126900000
202200039149;14;6;2022;08:55;1;33;33063;2;6;1;6;Quai de Brienne;44,8241300000; -0,5446000000
202200039150;6;4;2022;07:05;1;973;97302;2;6;1;2;BADUEL (ROND POINT DE);4,9332544680; -52,3096579313
202200039151;14;6;2022;08:50;1;33;33009;2;6;1;2;DEGANNE (BD) DU 34 ET +;44,6573700000; -1,1583500000
202200039152;13;6;2022;17:30;1;31;31483;2;1;1;7;PHOEBUS GASTON (AVENUE);43,1065640000;0,7236530000
202200039153;6;4;2022;17:50;1;69;69388;2;2;1;3;Rue Feuillat;45,7433400000;4,8742600000
202200039154;6;4;2022;21:45;5;69;69382;2;1;1;3;2 Cours Charlemagne;45,7474800000;4,8249700000
202200039155;14;6;2022;14:55;1;26;26198;2;6;1;3;RN7 ( Secteur Sud);44,5257900000;4,7453500000
202200039156;6;4;2022;14:25;1;95;95680;2;3;1;2;LEON BLUM (RUE);49,0038475010;2,4126416445
202200039157;14;6;2022;08:36;1;17;17300;1;1;1;4;N137;46,1510000000; -1,1127000000
202200039158;6;4;2022;10:15;1;91;91339;2;1;1;2;RTE NATIONALE 20;48,6200000000;2,2600000000
202200039159;14;6;2022;21:50;2;13;13208;2;1;1;3;MENDES FRANCE (AVENUE);43,2617800000;5,3748400000
202200039160;7;4;2022;01:03;5;91;91687;2;1;1;4;GENERAL DE GAULLE (AVENUE DU);48,6724350000;2,3894080000
202200039161;14;6;2022;19:00;1;13;13214;2;1;1;2;MORETTI (BOULEVARD);43,3260200000;5,3774300000
202200039162;14;6;2022;17:50;1;13;13204;2;1;1;1;LIBERATION (BOULEVARD);43,3013700000;5,3925800000
202200039163;5;4;2022;16:49;1;87;87085;2;9;1;6;FULTON (RUE);45,8742600000;1,2657300000
202200039164;14;6;2022;15:15;1;13;13206;2;1;1;6;PIERRE PUGET (COURS);43,2904100000;5,3771300000
202200039165;4;4;2022;12:40;1;86;86194;2;1;1;4;Avenue du Plateau des Glières;46,5988490000;0,3260270000
202200039166;14;6;2022;10:00;1;13;13215;2;1;1;3;SAINT ANTOINE A SAINT JOSEPH (CHEMIN DE);43,3547900000;5,3704200000
202200039167;4;4;2022;16:30;1;84;84087;1;1;1;6;VIOLETTE (RUE DE LA);44,1528300000;4,8031200000
202200039168;14;6;2022;07:20;1;13;13209;2;1;1;3;Avenue jean monnie;43,2452038658;5,4212634561
202200039169;8;3;2022;18:55;2;84;84031;1;1;1;2;D942;44,0466700000;5,0243900000
202200039170;13;6;2022;18:10;1;13;13215;2;1;1;1;MIMET (CHEMIN DE);43,3767584835;5,3568691546
202200039171;6;4;2022;13:50;1;83;83144;1;1;1;3;BLANC (BD DR EUGENE);43,1372800000;5,9972200000
202200039172;5;4;2022;23:10;5;83;83129;2;1;1;2;MER (AVENUE DE LA) N° PAIRS;43,0975700000;5,8290400000
202200039173;13;6;2022;09:10;1;09;09122;2;1;9;2;DE GAULLE (AVENUE DU GENERAL);42,9633940000;1,6087780000
202200039174;5;6;2022;11:50;1;07;07008;1;1;1;3;LEMPS  ( QUARTIER );44,7016300000;4,6497200000
202200039175;6;4;2022;19:30;1;83;83069;2;1;1;4;DENIS (AVENUE ALPHONSE);43,1210400000;6,1351400000
202200039176;14;6;2022;23:59;5;06;06069;2;6;1;6;ROUQUIER (BOULEVARD EMMANUEL);43,6375250000;6,9408660000
202200039177;5;4;2022;10:20;1;80;80021;2;1;2;6;ABBEVILLE (RUE D');49,9073500000;2,2714800000
202200039178;14;6;2022;16:40;1;06;06069;2;1;1;7;CLEMENCEAU (BOULEVARD GEORGES);43,6635500000;6,9161100000
202200039179;20;3;2022;03:20;3;78;78397;1;1;1;7;DEPARTEMENTALE 58 (ROUTE);48,7533800000;1,9685000000
202200039180;14;6;2022;14:00;1;06;06069;2;3;1;3;CROISSET (AVENUE FR. DE);43,6671310000;6,9370170000
202200039181;30;3;2022;16:30;1;78;78624;2;1;1;2;DOUMER RUE PAUL;48,9890000000;1,9935100000
202200039182;13;6;2022;17:00;1;06;06029;2;1;1;6;BIVOUAC NAPOLEON (RUE);43,5519430000;7,0170250000
202200039183;6;4;2022;14:40;1;77;77284;2;1;1;6;D603;48,9574000000;2,8962900000
202200039184;14;6;2022;19:30;1;75;75119;2;1;1;4;PORTE D AUBERVILLIERS;48,9004790000;2,3752800000
202200039185;5;4;2022;17:25;1;76;76351;2;1;1;6;VERDUN (RUE DE);49,5022600000;0,1848500000
202200039186;6;4;2022;16:05;1;69;69290;2;1;1;3;Parc de stationnement;45,7205900000;4,9277500000
202200039187;13;6;2022;19:20;1;75;75119;2;1;1;4;BOULEVARD PERIPHERIQUE INTERIEUR NORD  ;48,9003680000;2,3751870000
202200039188;6;4;2022;21:20;5;68;68224;2;1;1;4;HOFER (RUE JOSUE);47,7601100000;7,3222400000
202200039189;14;6;2022;19:45;1;75;75106;2;5;1;2;RUE DU FOUR;48,8524100000;2,3316900000
202200039190;4;4;2022;09:35;1;67;67482;2;1;1;2;VOSGES (AVENUE DES);48,5880000000;7,7571700000
202200039191;14;6;2022;18:25;1;75;75105;2;2;1;7;RUE MONGE;48,8480860000;2,3504800000
202200039192;6;4;2022;11:30;1;64;64189;2;3;1;3;Avenue de Sopitenia;43,3810839412; -1,6891050339
202200039193;14;6;2022;08:00;1;75;75120;2;4;1;3;RUE LOUIS LUMIERE;48,8625780000;2,4109210000
202200039194;5;4;2022;11:50;1;64;64024;2;1;1;2;BOULEVARD DU BAB ;43,4965300000; -1,5110800000
202200039195;14;6;2022;15:50;1;75;75118;2;2;1;3;RUE ORDENER;48,8915590000;2,3496250000
202200039196;5;4;2022;09:00;1;64;64140;2;2;1;3;Rue René Duvert;43,5227190000; -1,4893650000
202200039197;14;6;2022;15:15;1;75;75115;2;3;1;2;RUE CARRIER BELLEUSE;48,8473710000;2,3030220000
202200039198;14;6;2022;14:45;1;75;75115;2;1;1;7;RUE LECOURBE;48,8400380000;2,2944640000
202200039199;6;4;2022;19:40;1;59;59090;2;3;1;3;GAULLE (AVENUE DU GENERAL DE);50,6972165097;3,0920344591
202200039200;14;6;2022;08:40;1;75;75114;2;3;1;3;RUE DIDOT;48,8296760000;2,3179810000
202200039201;6;4;2022;08:50;1;59;59508;2;3;1;3;DRONCKAERT (RUE DU);50,7402800000;3,1318000000
202200039202;13;6;2022;19:00;1;75;75114;2;7;7;2;PLACE DE CATALOGNE;48,8372190000;2,3178970000
202200039203;14;6;2022;16:36;1;75;75113;2;2;1;6;BOULEVARD DU GENERAL JEAN SIMON;48,8241640000;2,3767800000
202200039204;26;3;2022;22:30;5;57;57227;2;2;1;3;ST REMY(AV.)R.DE LA CHAPLLE NC. AU CARR.;49,1865800000;6,8973000000
202200039205;14;6;2022;14:40;1;75;75112;2;3;1;3;AVENUE DE NOGENT;48,8421030000;2,4490390000
202200039206;5;4;2022;17:40;1;56;56121;2;1;1;2;D465 Desserte Portuaire;47,7497000000; -3,3872300000
202200039207;5;4;2022;17:59;1;49;49007;2;1;1;6;TALET AVENUE;47,4765300000; -0,5473100000
202200039208;14;6;2022;11:30;1;75;75112;2;4;1;6;RUE TAINE;48,8394030000;2,3945110000
202200039209;5;4;2022;18:13;1;49;49007;2;1;1;7;COTE DE BELLEVUE;47,4613600000; -0,6032400000
202200039210;14;6;2022;08:00;1;75;75112;2;1;1;6;RUE DU FAUBOURG SAINT ANTOINE;48,8526930000;2,3713050000
202200039211;5;4;2022;12:35;1;49;49007;2;1;1;6;LARDIN DE MUSSET;47,4743800000; -0,5386700000
202200039212;5;4;2022;09:29;1;49;49267;2;2;1;3;BIRGE BOULEVARD;47,4707400000; -0,5189600000
202200039213;14;6;2022;18:20;1;75;75111;2;2;1;1;RUE DE CHARONNE;48,8535850000;2,3804250000
202200039214;4;4;2022;22:52;5;45;45004;2;9;1;6;Rue de la Nivelle;47,9845300000;2,7497800000
202200039215;2;4;2022;14:20;1;44;44184;2;6;1;6;QUATRE Z'HORLOGES (PLACE DES);47,2735100000; -2,2062200000
202200039216;6;4;2022;06:50;2;41;41269;2;1;1;6;ROCHAMBELLES (CARREFOUR DES);47,7946100000;1,0677500000
202200039217;5;4;2022;23:45;1;41;41295;2;1;1;6;RD 956;47,5734000000;1,3692800000
202200039218;5;4;2022;17:25;1;41;41212;2;1;1;2;PERRIERES (RUE DES);47,5664700000;1,3685600000
202200039219;6;4;2022;20:25;1;37;37261;2;6;1;3;CONSTANTINE (RUE DE);47,3962444475;0,6838412583
202200039220;6;4;2022;18:45;1;37;37122;2;1;1;6;JEAN JAURES;47,3489413796;0,6642182171
202200039221;6;4;2022;16:00;1;37;37261;2;1;1;6;FOURNIER (RUE DU DOCTEUR);47,3855714169;0,7025161386
202200039222;5;4;2022;18:20;1;37;37261;2;1;1;2;GRAMMONT (AVENUE DE);47,3699931123;0,6970712543
202200039223;5;4;2022;08:45;1;37;37261;2;1;8;6;GRAMMONT (AVENUE DE);47,3661700000;0,6987600000
202200039224;2;4;2022;05:00;5;35;35238;2;1;1;6;PREVALAYE (QUAI DE LA);48,1085600000; -1,6881200000