Num_Acc;jour;mois;an;hrmn;lum;dep;com;agg;int;atm;col;adr;lat;long
202200039225;6;4;2022;13:50;1;35;35238;2;1;1;6;Rue de Saint-Malo;48,1252500000; -1,6853400000
202200039226;6;4;2022;17:04;1;33;33063;2;9;8;2;Boulevard des Frères Moga;44,8316500000; -0,5570300000
202200039227;6;4;2022;14:15;1;33;33063;2;3;1;5;Rue Achard;44,8669500000; -0,5484900000
202200039228;5;4;2022;20:00;1;29;29019;2;2;1;7;Boulevard Montaigne;48,4025420000; -4,4819570000
202200039229;6;4;2022;07:45;1;26;26198;1;1;1;3;SAINT GERVAIS (Route);44,5656260000;4,7976740000
202200039230;1;11;2022;16:35;1;62;62456;1;1;3;6;Route de Lens;50,4787730000;2,6151060000
202200039231;6;4;2022;17:53;1;13;13004;2;1;1;3;AV STALINGRAD;43,6866100000;4,6349200000
202200039232;1;11;2022;19:08;5;60;60057;2;1;2;6;Avenue Paul Henri Spaak;49,4498500000;2,0999500000
202200039233;6;4;2022;10:25;1;06;06029;2;9;1;1;JAURES (RUE JEAN);43,5536410000;7,0196380000
202200039234;1;11;2022;17:50;3;59;59599;2;1;3;6;GUERRE (RUE FIN DE LA);50,7273599723;3,1492727995
202200039235;1;11;2022;14:50;1;59;59098;1;1;1;3;LINSELLES (RUE DE);50,7656020000;3,0774250000
202200039236;5;4;2022;19:00;1;06;06123;2;1;1;1;FAHNESTOCK G. CORNICHE;43,6806540000;7,1808490000
202200039237;1;11;2022;10:00;1;59;59426;2;9;7;3;RACCORDEMENT (VOIE DE);50,7476300000;3,1453700000
202200039238;5;4;2022;08:55;1;06;06123;2;1;1;1;PONANT AVENUE DU;43,6583730000;7,1878230000
202200039239;1;11;2022;20:00;5;59;59650;1;1;2;1;EUROPE (ROND POINT DE L');50,7020300000;3,2420700000
202200039240;5;4;2022;17:30;1;75;75119;2;1;1;3;BD PERIPHERIQUE EXTERIEUR;48,8891940000;2,3965260000
202200039241;31;10;2022;18:15;5;59;59033;2;1;1;6;DOCTEUR ALBERT SCHWEITZER (RUE DU);50,2068990000;3,8489150000
202200039242;1;11;2022;19:50;3;59;59350;2;7;3;6;GAND PLACE;50,6368800000;3,0638600000
202200039243;5;3;2022;12:00;1;75;75112;2;5;1;6;RUE DU FAUBOURG SAINT ANTOINE;48,8500769956;2,3847386241
202200039244;23;10;2022;13:55;1;59;59350;2;1;1;6;AVENTURE HALLES NOUVELLE;50,6270590000;3,0501760000
202200039245;18;10;2022;16:15;1;59;59009;2;6;1;3;SAINT GHISLAIN ROND POINT;50,6510700000;3,1266100000
202200039246;6;4;2022;17:30;1;75;75105;2;3;1;3;RUE CUJAS;48,8475239911;2,3431778513
202200039247;21;10;2022;17:05;1;59;59350;2;3;1;3;HUGO VICTOR RUE;50,6307500000;3,0087500000
202200039248;6;4;2022;14:30;1;75;75119;2;1;1;2;RUE DU MAROC;48,8870201016;2,3679106687
202200039249;1;11;2022;14:50;1;59;59488;2;3;1;3;ROUTE D'ARRAS;50,1818700000;3,2006900000
202200039250;6;4;2022;14:13;1;75;75119;2;1;1;6;BOULEVARD DE LA VILLETTE;48,8843780000;2,3661810000
202200039251;1;11;2022;16:35;1;47;47001;2;3;1;3;DUMON (BD SYLVAIN);44,2067799432;0,6239837408
202200039252;5;4;2022;05:35;5;75;75119;2;1;2;3;RUE RIQUET;48,8882960000;2,3754550000
202200039253;1;11;2022;16:40;1;45;45302;2;3;1;3;232 Rue de la Fontaine;47,9522400000;1,8771800000
202200039254;1;11;2022;11:40;1;43;43251;2;1;2;2;Avenue Charles Massot;45,0293400000;3,8782800000
202200039255;6;4;2022;18:45;1;75;75119;2;1;1;1;BOULEVARD D INDOCHINE;48,8877032892;2,3961331546
202200039256;1;11;2022;17:16;1;33;33063;2;1;1;6;Quai Richelieu;44,8386300000; -0,5674100000
202200039257;1;11;2022;16:45;1;33;33063;2;1;1;6;Cours Saint-Louis;44,8616309476; -0,5676680803
202200039258;6;4;2022;21:35;5;75;75117;2;5;3;3;BOULEVARD MALESHERBES;48,8852283664;2,3072221332
202200039259;1;11;2022;00:45;5;31;31555;1;1;2;3;38 LE CHAPITRE (A64);43,5635990000;1,4182860000
202200039260;6;4;2022;20:50;5;75;75117;2;4;1;7;BOULEVARD BERTHIER;48,8863369047;2,2954176165
202200039261;31;10;2022;11:30;1;31;31555;2;3;1;3;RUE DE LA TOURAINE;43,5734300000;1,4146400000
202200039262;31;10;2022;10:40;1;31;31555;1;1;1;2;15 LA ROSERAIE (PERIPH EST A61);43,6288140000;1,4782590000
202200039263;31;10;2022;20:00;5;28;28134;2;6;2;7;SAINT THIBAULT (RUE);48,7343600000;1,3595600000
202200039264;5;4;2022;18:32;1;75;75116;2;1;1;4;ALLEE DE LONGCHAMP;48,8696665953;2,2565002278
202200039265;1;11;2022;13:35;1;14;14118;2;1;2;3;7 Rue d’Etavaux;49,1594360000; -0,3603400000
202200039266;1;11;2022;12:30;1;13;13069;2;1;1;6;RTE DE PELISSANNE-RD 572;43,6339666356;5,1311364770
202200039267;6;4;2022;02:00;5;75;75113;2;7;1;6;PLACE D ITALIE;48,8318516288;2,3558209643
202200039268;1;11;2022;18:40;5;13;13209;2;1;1;1;COLGATE (TRAVERSE);43,2336912505;5,4062873789
202200039269;6;4;2022;19:50;2;75;75108;2;7;1;3;PLACE DE LA CONCORDE;48,8667875782;2,3220872446
202200039270;1;11;2022;11:30;1;13;13202;2;2;1;3;PARIS (BOULEVARD DE);43,3063100000;5,3721700000
202200039271;31;10;2022;18:00;5;13;13201;2;1;1;6;CANEBIERE     70 A FIN;43,2987700000;5,3847900000
202200039272;6;4;2022;17:30;1;75;75108;2;1;1;3;AVENUE HOCHE;48,8756410000;2,2995130000
202200039273;1;11;2022;03:30;5;13;13001;2;1;1;2;R.N 7;43,5555744136;5,4197749479
202200039274;6;4;2022;21:50;5;75;75101;2;7;1;6;RUE DE RIVOLI;48,8622257801;2,3370200640
202200039275;1;11;2022;01:42;5;03;03185;2;2;2;1;GUESDE ( AVENUE JULES );46,3421420000;2,5891840000
202200039276;5;4;2022;11:50;1;75;75102;2;1;1;2;BOULEVARD POISSONNIERE;48,8713057705;2,3440458253
202200039277;1;11;2022;11:45;1;95;95488;1;1;1;6;A15;49,0235187022;2,1335929231
202200039278;27;7;2022;20:24;2;35;35066;1;1;1;1;D 34;48,0408490000; -1,6920660000
202200039279;4;4;2022;09:30;1;94;94080;2;2;1;3;Rue de Fontenay;48,8484576607;2,4346357584
202200039280;31;10;2022;16:00;1;75;75113;2;1;1;3;BOULEVARD PERIPHERIQUE;48,8159890000;2,3626380000
202200039281;5;4;2022;15:10;1;94;94068;2;1;2;6;Rue de la Varenne;48,8081000000;2,4733900000
202200039282;31;10;2022;13:30;1;75;75105;2;2;1;6;RUE SAINT JACQUES;48,8495890000;2,3448780000
202200039283;6;4;2022;10:00;1;94;94046;2;2;8;3;Rue Condorcet;48,8118200000;2,4528600000
202200039284;1;11;2022;15:15;1;75;75120;2;7;1;3;PLACE DU MAQUIS DU VERCORS;48,8776640000;2,4082680000
202200039285;6;4;2022;10:50;1;94;94034;2;1;1;2;77 Avenue de la Liberté;48,7653400000;2,3182500000
202200039286;1;11;2022;15:35;1;75;75118;2;4;8;6;RUE CHAMPIONNET;48,8930650000;2,3276570000
202200039287;1;11;2022;20:02;5;75;75113;2;2;1;6;RUE PASCAL;48,8361570000;2,3486450000
202200039288;5;4;2022;12:15;1;94;94002;2;3;2;3;Rue Emile Zola/ Rue des Camélias;48,7997804510;2,4262444675
202200039289;31;10;2022;12:50;1;75;75108;2;2;1;3;AVENUE PIERRE 1ER DE SERBIE;48,8675340000;2,2994060000
202200039290;30;10;2022;19:00;5;94;94044;2;1;1;3;DESCARTES (AV);48,7408430000;2,4814750000
202200039291;31;10;2022;21:50;5;94;94034;2;3;1;3;JACINTHES (R DES);48,7553600000;2,3134900000
202200039292;6;4;2022;15:25;1;95;95527;2;3;1;2;Route des Anniversaires;49,0097733178;2,5321501493
202200039293;1;11;2022;10:50;1;93;93072;2;1;1;1;42 Rue de la République;48,9648800000;2,3838900000
202200039294;6;4;2022;17:00;1;93;93066;2;1;1;3;Rue Paul Eluard;48,9390530000;2,3479940000
202200039295;1;11;2022;14:35;1;93;93066;2;1;1;3;Avenue de Stalingrad;48,9463978503;2,3686882854
202200039296;6;4;2022;20:19;5;93;93055;2;6;8;3;Avenue Édouard Vaillant;48,8991480000;2,3969570000
202200039297;1;11;2022;13:25;1;93;93066;2;1;1;7;Boulevard de la Commune de Paris;48,9381600000;2,3618400000
202200039298;6;4;2022;00:45;5;93;93051;2;6;1;6;Rue Graham Bell / A4;48,8372000000;2,5478300000
202200039299;1;11;2022;15:06;1;93;93049;2;5;1;1;Rue Poulet Langlet / Avenue Carnot;48,8613330000;2,5017930000
202200039300;5;4;2022;20:45;3;93;93005;2;2;1;6;Rue Edgar Degas / Rue Christophe Colomb;48,9549940000;2,4978160000
202200039301;31;10;2022;16:45;1;93;93071;2;2;1;3;Allée des Peupliers / Avenue Jean Moulin;48,9334949585;2,5161816529
202200039302;2;11;2022;08:20;2;60;60130;2;1;1;6;Rue des Buttes;49,3670080000;2,5123180000
202200039303;6;4;2022;10:50;1;93;93005;1;1;1;2;Boulevard Georges Braque;48,9583440000;2,4776590000
202200039304;2;11;2022;14:45;1;22;22209;2;1;1;2;La Giclais (Arrêt de bus);48,5761670000; -2,1523330000
202200039305;6;4;2022;13:50;1;93;93001;2;2;1;6;Avenue Victor Hugo / Rue de la Gare;48,9070000000;2,3760000000
202200039306;2;11;2022;12:45;1;06;06161;2;3;1;3;Route du Bord de Mer;43,6360660000;7,1348760000
202200039307;6;4;2022;18:59;1;92;92020;2;1;1;7;DIVISION LECLERC AVENUE DE LA;48,7992915777;2,2849269211
202200039308;2;11;2022;13:30;1;31;31389;2;1;1;7;Route de Mondouzil;43,6432230000;1,5369210000
202200039309;5;4;2022;15:25;1;92;92004;2;1;1;6;HENIR BARBUSSE ( AVENUE );48,9101483881;2,2773251384
202200039310;1;11;2022;20:23;5;83;83004;2;3;1;1;Boulevard Gambetta;43,4625290000;6,4785860000
202200039311;7;4;2022;16:20;1;34;34297;1;1;1;1;D17;43,8545830000;3,9290710000
202200039312;2;11;2022;20:35;5;91;91665;2;1;1;1;Avenue de la Division Leclerc;48,6603060000;2,2760050000
202200039313;31;10;2022;03:10;3;41;41018;1;1;1;6;A10 PK 151.600;47,6176490000;1,3233800000
202200039314;6;4;2022;15:30;1;47;47015;1;1;2;1;Campouey;44,0269889923;0,6714423817
202200039315;28;10;2022;15:00;1;68;68156;2;1;1;7;9 Rue de Cernay;47,9017180000;7,2556400000
202200039316;6;4;2022;14:20;1;69;69100;1;1;1;1;Route de Vernaison;45,6615390000;4,8241300000
202200039317;2;11;2022;14:20;1;83;83019;1;1;1;6;D98;43,1951810000;6,3818410000
202200039318;30;10;2022;11:00;1;44;44067;1;1;1;7;D129;47,6751050000; -1,8171000000
202200039319;28;3;2022;17:35;1;69;69277;2;1;1;6;Rue Roger Salengro;45,7325120000;4,9921380000
202200039320;2;11;2022;03:45;3;89;89399;2;3;1;6;Rue des Alouettes;48,2433780000;3,3094300000
202200039321;6;4;2022;13:30;1;60;60031;1;1;1;1;D88;49,1602871393;3,0826783776
202200039322;1;11;2022;16:00;2;19;19160;1;1;1;6;Coudert;45,5920370000;1,9783870000
202200039323;7;4;2022;13:40;1;23;23071;1;1;3;3;Le Tarderon 23500 croze;45,8310050000;2,1732970000
202200039324;1;11;2022;16:30;1;56;56036;1;1;2;1;Kérustantin D769;47,8003430000; -3,3389210000
202200039325;1;11;2022;12:05;1;56;56214;1;1;1;7;47 Route de la Baie d'Abraham;47,5100358000; -2,8445041180
202200039326;5;4;2022;11:44;1;56;56178;2;1;1;2;Rue Albert de Mun;48,0541890000; -2,9598820000
202200039327;1;11;2022;10:50;1;31;31056;1;1;1;7;M924;43,6728310000;1,3590970000
202200039328;5;4;2022;10:10;1;2B;2B050;2;1;1;2;Avenue Christophe colomb;42,5519940000;8,7648530000
202200039329;2;11;2022;01:00;5;80;80410;2;1;1;6;Rue de Noyon;49,7443010000;3,0702820000
202200039330;2;11;2022;10:30;1;65;65428;1;1;1;7;D103;42,9698290000; -0,1550050000
202200039331;6;4;2022;17:30;1;80;80245;1;1;2;7;D 46;50,1344240000;2,0810290000
202200039332;31;10;2022;15:00;1;11;11397;2;1;1;6;2 Route de Narbonne;43,2060130000;2,4353870000
202200039333;1;11;2022;17:30;3;55;55132;1;1;1;7;Départementale 604;48,6427210000;5,0776150000
202200039334;6;4;2022;18:25;1;89;89164;1;1;2;6;N151;47,5509870000;3,5313650000
202200039335;2;11;2022;11:45;1;12;12150;1;1;1;6;Route de Monteils;44,2955500000;2,0094680000
202200039336;6;4;2022;07:40;1;42;42021;1;1;1;7;Route de Margerie;45,5143430000;4,0907930000
202200039337;2;11;2022;15:00;1;39;39013;1;1;1;1;;46,8940560000;5,7322800000
202200039338;6;4;2022;18:30;1;34;34029;1;1;1;1;D131E11;43,5500720000;3,5126640000
202200039339;1;11;2022;01:30;3;44;44145;2;1;1;6;52 Messan;47,1922390000; -1,8537500000
202200039340;1;11;2022;14:45;1;29;29214;1;2;1;3;Jarnellou;47,9419770000; -4,3436500000
202200039341;7;4;2022;16:15;1;22;22074;1;1;1;1;Rue de l Hippodrome;48,3289510000; -3,0705070000
202200039342;1;11;2022;18:40;3;64;64106;1;1;1;6;route départementale 933;43,3129380000; -1,0103990000
202200039343;6;4;2022;17:30;1;29;29049;1;1;8;1;D765 - Penalen;47,9654570520; -3,8587582113
202200039344;2;11;2022;07:25;1;73;73159;1;1;2;1;D923;45,4670919772;6,0437783910
202200039345;6;4;2022;20:10;1;29;29217;1;1;1;2;N165;47,8869491100; -3,7655201410
202200039346;1;11;2022;16:00;1;43;43268;1;1;1;7;La Combe;45,1436760000;4,1001320000
202200039347;2;11;2022;16:15;1;40;40214;1;1;1;7;Route de Tilh;43,5715480000; -0,8762130000
202200039348;30;10;2022;21:45;3;24;24364;1;1;1;7;D704;45,0436000000;1,2279370000
202200039349;14;10;2022;07:55;1;04;04208;1;1;1;6;D51 pk 13 + 400;43,9439510000;5,5653910000
202200039350;7;4;2022;16:44;1;58;58079;2;1;2;2;Lieu Dit la Galette;47,4562050000;3,5062050000
202200039351;1;11;2022;05:40;3;85;85187;1;2;1;6;CARREFOUR D114 / D113;46,7228350000; -0,8528410000
202200039352;29;10;2022;16:20;1;85;85090;1;1;1;6;la bonnelière;46,8250664000; -0,9311643900
202200039353;12;3;2022;11:37;1;06;06059;1;1;1;3;avenue Georges Clémenceau;43,7287160000;7,3717080000
202200039354;1;11;2022;17:50;2;28;28339;1;1;1;7;D23;48,4326670000;1,2346640000
202200039355;1;11;2022;09:30;1;37;37251;1;1;1;1;D959;47,5119833749;0,4273509979
202200039356;7;4;2022;07:00;2;06;06136;2;2;1;3;Av des Martyrs de la Resistance;43,8766920000;7,4520740000
202200039357;6;10;2022;20:20;3;67;67296;1;1;1;6;Rue de Strasbourg;48,6093910000;7,6999140000
202200039358;28;3;2022;16:50;1;73;73121;1;6;1;3;D69;45,6240780000;6,3226430000
202200039359;2;11;2022;11:30;1;78;78233;1;3;1;3;RD30, PK12;48,8910760000;1,9906280000
202200039360;7;4;2022;16:45;1;27;27199;1;1;1;6;d 13;49,2742100000;1,6808220000
202200039361;31;10;2022;11:20;1;83;83001;1;1;1;6;Autoroute A8 PK 143.800;43,5467397769;6,7914498584
202200039362;7;4;2022;14:30;1;27;27284;2;1;1;7;Rue Cappeville;49,2812020000;1,7809650000
202200039363;2;11;2022;18:10;5;77;77325;2;6;1;3;D412;48,4208850000;3,2371740000
202200039364;6;4;2022;15:23;1;27;27679;2;3;8;1;INTERSECTION D840 / D51;48,7440660000;0,9288920000
202200039365;31;10;2022;19:00;3;60;60494;1;1;2;5;Autoroute A1 - PK 033.000;49,1317230739;2,5602881294
202200039366;6;4;2022;19:58;2;49;49092;1;9;8;7;Autoroute A 87 PK 23+400 CHEMILLE;47,2438570000; -0,6739430000
202200039367;2;11;2022;11:50;1;77;77185;1;1;1;2;Autoroute A6 au point kilométrique 048.000 dans le sens PARIS vers LYON;48,4450130000;2,5305760000
202200039368;23;3;2022;13:30;1;18;18279;1;1;1;2;;47,2600680000;2,0452590000
202200039369;1;11;2022;15:25;1;987;98714;1;1;1;2;RT 101 - Ligne droite magasin Hitiatia - Faanui; -16,3880000000; -151,7650000000
202200039370;6;4;2022;18:10;1;2B;2B274;1;1;2;3;Route de SCOLCA;42,5267010000;9,3695780000
202200039371;9;9;2022;23:30;5;988;98817;2;1;1;6;Route du Vallon Dore - Col Barau; -22,2472070000;166,5704050000
202200039372;6;4;2022;22:00;3;34;34162;1;1;1;6;D5;43,4875050000;3,5195520000
202200039373;27;10;2022;08:00;1;84;84003;2;3;1;3;Avenue de Saignon;43,8742350000;5,4023980000
202200039374;7;4;2022;01:10;3;83;83127;1;1;1;7;D2;43,2741900000;5,7938260000
202200039375;2;11;2022;09:30;1;21;21194;1;3;1;3;D2;47,0826050000;4,9284630000
202200039376;6;4;2022;16:00;1;67;67131;2;9;1;6;Rue des Fusiliers Marins;48,4894610000;7,7301040000
202200039377;6;4;2022;23:40;3;88;88136;1;1;8;2;;48,2190110000;6,4530090000
202200039378;1;11;2022;19:00;3;01;01202;1;1;1;3;D1075;45,8960720000;5,3380680000
202200039379;6;4;2022;08:47;1;31;31263;2;1;1;6;Route de Saverdun;43,4082950000;1,3920120000
202200039380;28;10;2022;14:30;1;65;65320;1;2;1;3;RD 8 - PR 014.150;43,1288210000;0,1154370000
202200039381;7;4;2022;07:30;2;29;29055;2;3;2;3;D28 - Route de Lannilis;48,5638520793; -4,3399143221
202200039382;1;11;2022;17:00;1;17;17097;1;3;1;3;bel air;45,6588360000; -0,9122790000
202200039383;30;10;2022;23:30;5;72;72154;2;9;1;6;Rue du Boir;47,7193080000; -0,1062530000
202200039384;7;4;2022;00:01;3;76;76464;1;1;2;7;Rue de la Vente Pouchet;49,3799280000;1,2622150000
202200039385;1;11;2022;18:15;3;60;60559;1;1;1;6;N31;49,4137393878;2,2819444083
202200039386;1;4;2022;20:00;1;76;76448;2;1;1;2;Rue de la Mairie;49,4076520000;1,2405950000
202200039387;1;11;2022;18:15;5;59;59092;2;1;1;6;235 Rue Léon Piérard;50,2849280000;3,3161330000
202200039388;6;4;2022;18:20;1;13;13001;1;1;1;3;A51-Sens Marseille vers Aix en Provence;43,4845400000;5,4083600000
202200039389;1;11;2022;12:40;1;13;13212;1;1;1;3;A507 sens Marseille - Aubagne;43,3147100000;5,4230500000
202200039390;31;10;2022;17:20;2;69;69259;2;9;1;7;Boulevard Laurent  Bonnevay;45,7180100000;4,8676600000
202200039391;1;11;2022;01:05;3;33;33249;1;1;2;2;ROUTE NATIONALE 230;44,8764000000; -0,5083620000
202200039392;6;4;2022;18:00;1;13;13071;1;1;1;2;A7-Sens Marseille vers Lyon;43,4126980000;5,2816690000
202200039393;1;11;2022;16:35;1;91;91064;1;1;1;4;RN 118;48,7490900000;2,2118100000
202200039394;1;11;2022;13:03;1;94;94038;1;1;1;4;AUTOROUTE A6A;48,7748770719;2,3460855714
202200039395;6;4;2022;16:30;1;91;91553;1;1;1;2;RN 104;48,6313900000;2,4949100000
202200039396;1;11;2022;18:15;3;78;78646;1;1;1;4;RN12;48,7918860000;2,0973860000
202200039397;6;4;2022;17:00;1;91;91086;1;1;1;3;RN 104;48,6238500000;2,3778300000
202200039398;31;10;2022;21:00;3;92;92078;1;1;2;7;AUTOROUTE A86;48,9311292993;2,3235279586
202200039399;6;4;2022;08:25;1;94;94034;1;1;1;7;AUTOROUTE A86;48,7583800000;2,3376600000
202200039400;31;10;2022;19:30;4;93;93001;1;1;1;6;AUTOROUTE A86;48,9212115236;2,3692000928
202200039401;31;10;2022;19:20;3;95;95580;1;1;3;2;A1;49,0804359949;2,5513927497
202200039402;6;4;2022;18:50;1;78;78498;1;1;1;2;A13;48,9049110000;2,0053050000
202200039403;1;11;2022;19:30;4;77;77058;1;1;1;3;A4;48,8293947232;2,7161276299
202200039404;6;4;2022;06:40;3;95;95277;1;1;1;4;A3;48,9702300000;2,4820100000
202200039405;1;11;2022;16:00;1;77;77146;1;1;1;2;A4.Y;48,8313160000;2,6430140000
202200039406;1;11;2022;03:00;3;94;94044;1;1;1;6;RN406.W;48,7579900000;2,4708400000
202200039407;5;4;2022;22:30;3;95;95563;1;1;1;2;A115;49,0103700000;2,2301000000
202200039408;17;8;2022;17:35;1;50;50165;2;1;1;2;COUTANCES (ROUTE DE);48,8460340000; -1,5820320000
202200039409;5;4;2022;08:34;1;88;88160;2;1;1;6;DUTAC (AV.);48,1837000000;6,4413600000
202200039410;31;10;2022;19:34;5;2A;2A004;2;1;1;6;DIAMANT III RCE COURS NAPOLEON;41,9187126820;8,7368782660
202200039411;31;1;2022;09:25;1;75;75115;2;1;1;6;QUAI DE GRENELLE;48,8520860000;2,2854360000
202200039412;31;10;2022;18:45;5;29;29019;2;1;2;6;avenue Georges Clemenceau;48,3906400000; -4,4869700000
202200039413;31;10;2022;11:10;1;75;75119;2;2;1;6;BOULEVARD DE LA VILLETTE;48,8841780000;2,3686190000
202200039414;5;4;2022;16:03;1;976;97611;2;1;1;3;m'tsapere-Said Café (rue); -12,7910600000;45,2198300000
202200039415;29;10;2022;21:00;5;75;75108;2;1;1;6;RUE MARBEUF;48,8682350000;2,3031480000
202200039416;18;6;2022;19:34;1;78;78015;1;1;1;1;MOULIN (AVENUE JEAN);48,9916200000;2,0571500000
202200039417;5;4;2022;08:35;1;976;97610;1;6;1;3;Trois Vallées - Majicavo (rue des ); -12,7556900000;45,2328800000
202200039418;31;10;2022;19:05;5;988;98818;2;1;1;6;RUE GUY CHAPUIS; -22,2638600000;166,4552300000
202200039419;5;4;2022;12:40;1;974;97416;1;1;2;7;BOIS NOIRS(ALLEE DES); -21,2826100000;55,4637100000
202200039420;31;10;2022;08:15;1;974;97411;2;2;1;3;MARIE (RUE SAINTE); -20,8825200000;55,4553100000
202200039421;5;4;2022;06:00;2;974;97416;1;1;1;7;MAURICE THOREZ(CHEMIN); -21,2763300000;55,4693100000
202200039422;31;10;2022;19:00;5;973;97302;2;3;1;3;RABAN (ROUTE DE);4,9375888801; -52,3159128428
202200039423;6;4;2022;03:58;1;973;97307;2;1;2;5;ROUTE NATIONALE 1;4,8849890000; -52,3357900000
202200039424;31;10;2022;17:00;1;973;97302;2;3;1;3;SAINT ANTOINE (CHEMIN);4,9355365848; -52,2950935364
202200039425;31;10;2022;14:27;1;973;97302;1;1;1;2;ROUTE NATIONALE 1;4,9040700000; -52,3238600000
202200039426;5;4;2022;07:50;1;973;97302;2;3;2;3;MONTABO (ROUTE DE) 3;4,9357200000; -52,2954100000
202200039427;31;10;2022;01:10;5;69;69387;2;3;2;2;Rue Garibaldi;45,7449300017;4,8485782743
202200039428;5;4;2022;19:15;2;69;69034;2;1;1;2;68 Rue Coste;45,7870200000;4,8343000000
202200039429;1;11;2022;01:10;5;69;69386;2;2;3;1;Boulevard Jules Favre;45,7638412730;4,8581850529
202200039430;31;10;2022;02:30;5;69;69385;2;1;1;6;31 Quai Romain Rolland;45,7602800000;4,8281300000
202200039431;5;4;2022;08:10;1;69;69149;2;9;1;3;Grande Rue;45,7173800000;4,8096900000
202200039432;31;10;2022;10:25;1;2B;2B120;2;1;1;2;11 - RT;42,6580300000;9,4413500000
202200039433;5;4;2022;07:50;1;971;97101;1;1;1;2;CADUC;16,2998300000; -61,4895600000
202200039434;31;10;2022;18:35;5;91;91114;2;1;2;2;RUE DU PONT PERRONET;48,6962500000;2,5032000000
202200039435;4;4;2022;19:30;5;971;97120;2;8;1;6;CHANZY (BOULEVARD);16,2413800000; -61,5370600000
202200039436;29;10;2022;07:45;3;87;87038;1;1;1;4;RN520;45,8904000000;1,2670600000
202200039437;29;10;2022;23:14;3;87;87085;1;1;1;2;AUTOROUTE A20;45,8396500000;1,2808900000
202200039438;31;3;2022;11:30;1;95;95127;2;1;1;1;CONSTELLATION (AVENUE DE LA);49,0500000000;2,0316100000
202200039439;31;10;2022;18:40;5;83;83137;2;3;1;6;SAINT BERNARD (RUE / PAS);43,1241000000;5,9362480000
202200039440;28;10;2022;18:43;2;83;83069;2;1;1;3;LOUBES (ROUTE DES);43,1111500000;6,1152900000
202200039441;27;3;2022;17:01;1;83;83050;1;1;1;7;PAS DU LOUP(CHEMIN DU);43,5525580000;6,4529350000
202200039442;31;10;2022;19:30;5;77;77061;2;3;2;3;D124A;48,3661005000;2,9817569000
202200039443;29;10;2022;23:50;5;77;77285;2;2;1;3;D1009T;48,5429700000;2,6315700000
202200039444;29;10;2022;05:55;5;76;76351;2;4;1;6;RENE PERROCHON;49,5059600000;0,1217400000
202200039445;1;4;2022;21:45;5;80;80021;2;2;1;3;PARMENTIER (PLACE);49,8953700000;2,3061900000
202200039446;29;10;2022;14:00;1;76;76351;2;3;1;3;PAUL LUCAS;49,4972100000;0,0959300000
202200039447;31;10;2022;19:35;2;71;71306;1;1;1;6;RN 70 (ROUTE EXPRESS);46,6743500000;4,3452000000
202200039448;31;10;2022;12:00;1;69;69290;2;2;1;1;Rue Bernard Palissy;45,7106800000;4,9603200000
202200039449;28;10;2022;16:40;1;67;67447;2;1;1;6;PHARIO (PONT);48,6126200000;7,7673400000
202200039450;5;4;2022;17:00;1;77;77333;2;3;8;6;RUE DES CHAUDINS;48,2613900000;2,7026600000
202200039451;31;10;2022;18:55;5;64;64249;2;1;2;2;Avenue Getaria;43,4213000000; -1,6052100000
202200039452;5;4;2022;08:00;1;72;72181;2;3;2;3;EVENTAIL RUE DE L' N° PAIRS 198 ET >;48,0045700000;0,2222500000
202200039453;31;10;2022;09:50;1;64;64284;2;1;1;3;avenue du 18 juin 1940;43,2789100000; -0,3887900000
202200039454;30;10;2022;19:30;5;64;64122;2;1;2;3;Avenue de Verdun;43,4818400000; -1,5538700000
202200039455;5;4;2022;13:35;1;69;69264;2;9;1;2;Route de Frans;45,9844800000;4,7369700000
202200039456;25;3;2022;17:20;1;69;69092;2;1;1;6;Rue du Stade Pierre Montmartin;46,0020200000;4,7163600000
202200039457;31;10;2022;18:30;5;61;61001;2;1;2;2;QUAKENBRUCK (AVENUE DE );48,4353800000;0,0967300000
202200039458;31;10;2022;07:57;1;59;59350;2;1;1;3;GUESDE JULES N°27 - 175 ET N°160 A N°228;50,6456500000;2,9983600000
202200039459;4;4;2022;07:25;2;68;68166;2;2;1;3;MULHOUSE (FAUBOURG DE);47,7938400000;7,3356900000
202200039460;14;10;2022;23:00;5;59;59560;1;1;2;7;CD 925;50,5408400000;3,0421900000
202200039461;3;4;2022;18:25;1;67;67482;2;3;1;3;ROMAINS (ROUTE DES);48,5780300000;7,7040600000
202200039462;31;10;2022;11:20;1;57;57630;2;3;1;3;PHALSBOURG;48,7403800000;7,0722600000
202200039463;31;10;2022;17:30;5;57;57227;2;1;1;7;GUISE(RUE DE);49,1802504992;6,8898922204
202200039464;2;4;2022;21:25;5;67;67482;2;3;2;3;ROBERTSAU (ALLEE DE LA);48,5897000000;7,7673300000
202200039465;31;10;2022;21:00;5;51;51454;2;1;2;7;rue Eugène Wiet;49,2456900000;4,0406300000
202200039466;2;4;2022;17:20;1;67;67482;2;1;4;1;MARECHAL LEFEBVRE (RUE DU);48,5611100000;7,7421800000
202200039467;31;10;2022;15:55;1;51;51454;2;6;1;3;rue Francis Garnier;49,2881400000;4,0235100000
202200039468;5;4;2022;18:30;1;64;64445;2;1;1;2;GASTON PHOEBUS;43,3013263658; -0,3832340240