Num_Acc;jour;mois;an;hrmn;lum;dep;com;agg;int;atm;col;adr;lat;long
202200039469;31;10;2022;21:15;5;49;49007;2;2;1;3;PAUL BERT;47,4652400000; -0,5502700000
202200039470;31;10;2022;15:01;1;49;49007;2;9;2;7;LETANDUERE;47,4636200000; -0,5552700000
202200039471;31;10;2022;12:47;1;49;49267;2;1;8;1;BAS DES VIGNES;47,4825800000; -0,4938700000
202200039472;31;10;2022;12:21;1;49;49007;2;1;1;2;MARIANNE BOULEVARD;47,4495900000; -0,5309100000
202200039473;5;4;2022;17:40;1;64;64335;1;1;1;3;D817;43,3433838304; -0,4146695137
202200039474;30;10;2022;07:20;3;49;49267;1;1;1;6;RD 347;47,4723300000; -0,5040400000
202200039475;30;10;2022;15:10;1;43;43041;2;6;1;2;Rond-point de Corsac;45,0498739127;3,9139920473
202200039476;3;4;2022;14:40;1;64;64122;2;1;1;3;Avenue de la Marne;43,4844940000; -1,5547620000
202200039477;31;10;2022;19:00;3;41;41295;1;1;8;6;CD72;47,5923830000;1,3615450000
202200039478;5;4;2022;07:20;1;64;64140;2;1;1;1;Rue Paul Barsalère;43,5261500000; -1,4936400000
202200039479;31;10;2022;11:50;1;37;37261;2;1;1;2;CHAUTEMPS (AVENUE CAMILLE);47,3764200000;0,7234800000
202200039480;30;10;2022;09:45;1;37;37261;2;1;1;2;VAILLANT (RUE EDOUARD);47,3822298342;0,7050803304
202200039481;5;4;2022;08:34;1;63;63113;2;1;1;6;BRIAND (BD ARISTIDE);45,7708000000;3,0759100000
202200039482;31;10;2022;20:15;5;33;33063;2;1;2;3;Avenue de Nontraste;44,8772400000; -0,5679200000
202200039483;31;10;2022;14:55;1;31;31069;1;1;1;6;A621;43,6322000000;1,3810300000
202200039484;30;10;2022;03:39;5;31;31555;2;9;1;3;FOULQUES (ALLEE DES);43,6476928533;1,4202699065
202200039485;4;4;2022;17:52;1;63;63113;2;1;1;5;ORADOU (RUE DE L');45,7649000000;3,1236100000
202200039486;29;10;2022;23:45;3;29;29232;1;1;1;4;N165;48,0212196508; -4,0830116270
202200039487;5;4;2022;05:20;5;59;59599;2;3;2;6;ALEXANDRIE (RUE);50,7328420000;3,1501210000
202200039488;31;10;2022;11:30;1;27;27701;2;1;1;6;CLOUETS ( VOIE );49,2507000000;1,1810500000
202200039489;31;10;2022;15:00;1;22;22215;2;1;1;7;ROQUET (RUE DU);48,4933600000; -2,7778800000
202200039490;4;4;2022;17:43;1;54;54395;2;1;1;6;MEZIERES (RUE ALFRED);48,7013254077;6,1705344915
202200039491;27;10;2022;19:00;5;19;19031;2;1;1;3;RIVET (AVENUE JEAN CHARLES);45,1519100000;1,5028300000
202200039492;31;10;2022;16:00;1;18;18279;2;2;8;6;24 Avenue de Verdun;47,2251400000;2,0731200000
202200039493;4;4;2022;17:00;1;54;54395;2;1;1;2;RM 674;48,6746210387;6,1973297596
202200039494;1;11;2022;00:10;5;17;17300;2;1;2;1;DAUPHINE  AVENUE DE LA PORTE;46,1669700000; -1,1505800000
202200039495;5;4;2022;17:00;1;51;51055;2;3;2;3;Rue Gallieni;49,2707100000;4,0512800000
202200039496;26;10;2022;11:34;1;13;13039;2;1;1;3;POMPIDOU GEORGES (avenue);43,4505200000;4,9388000000
202200039497;4;4;2022;17:45;1;50;50129;2;1;2;6;PONT TOURNANT;49,6390900000; -1,6200400000
202200039498;4;4;2022;14:19;1;49;49007;2;1;1;7;VOLNEY;47,4634500000; -0,5454800000
202200039499;31;10;2022;13:05;1;11;11069;2;3;1;3;50 Avenue Henry Gout;43,2108000000;2,3410000000
202200039500;31;10;2022;16:10;1;10;10387;2;1;1;3;GOURNAY (RUE DE);48,2996100000;4,0895100000
202200039501;5;4;2022;07:45;2;45;45234;2;2;8;6;Boulevard de Châteaudun;47,9086100000;1,8917400000
202200039502;28;10;2022;21:25;3;75;75118;2;1;1;2;BOULEVARD PERIPHERIQUE;48,9006160000;2,3303490000
202200039503;30;10;2022;05:50;5;75;75120;2;4;1;2;ECHANGEUR BAGNOLET;48,8714280000;2,4130020000
202200039504;5;4;2022;16:02;1;37;37122;1;9;8;2;RD 37;47,3667341091;0,6543838978
202200039505;29;10;2022;03:40;5;75;75105;2;2;1;3;QUAI SAINT BERNARD;48,8494220000;2,3567160000
202200039506;31;10;2022;17:25;2;75;75119;2;3;8;7;BOULEVARD MACDONALD;48,8988540000;2,3781280000
202200039507;4;4;2022;11:55;1;35;35115;2;3;1;3;NANTES (RUE DE A PARTIR DU N°52);48,3474973795; -1,2040365860
202200039508;27;10;2022;19:50;5;75;75116;2;1;8;2;AVENUE DE LA PORTE D AUTEUIL;48,8479830000;2,2522840000
202200039509;31;10;2022;20:00;5;75;75115;2;2;8;3;BOULEVARD LEFEBVRE;48,8284950000;2,3013480000
202200039510;4;4;2022;18:45;1;34;34172;2;3;1;3;SOULAS (AVENUE DU PERE;43,6184000000;3,8644900000
202200039511;31;10;2022;19:00;4;75;75115;2;4;2;2;RUE PAUL BARRUEL;48,8367460000;2,3063230000
202200039512;4;4;2022;08:50;1;34;34032;2;1;1;7;RHIN ET DANUBE (AV.);43,3550600000;3,2378400000
202200039513;31;10;2022;10:00;1;75;75115;2;2;1;6;RUE DES ENTREPRENEURS;48,8465590000;2,2886000000
202200039514;4;4;2022;16:22;1;33;33063;2;9;1;3;Place de Stalingrad;44,8399274424; -0,5603648099
202200039515;30;10;2022;19:10;5;75;75113;2;7;2;3;PLACE D ITALIE;48,8322230000;2,3560660000
202200039516;30;10;2022;03:46;5;75;75111;2;4;1;6;RUE SAINT MAUR;48,8593670000;2,3828260000
202200039517;31;10;2022;19:48;5;75;75110;2;1;2;6;BOULEVARD DE DENAIN;48,8793610000;2,3544450000
202200039518;31;10;2022;15:55;1;75;75109;2;1;1;6;BOULEVARD DES CAPUCINES;48,8700180000;2,3285890000
202200039519;4;4;2022;20:15;5;29;29019;2;2;2;1;Rue Auguste Kervern;48,3988880000; -4,4891440000
202200039520;27;10;2022;13:20;1;75;75109;2;1;1;3;RUE SCRIBE;48,8707860000;2,3301330000
202200039521;5;4;2022;11:30;1;27;27229;2;1;2;3;BAYET (RUE ALBERT);49,0298282152;1,1705753177
202200039522;22;10;2022;16:30;1;94;94081;2;1;1;3;JULIAN GRIMAU (R);48,7739030000;2,3822000000
202200039523;5;4;2022;18:40;1;26;26198;2;1;1;6;GREZES (Rue des);44,5487800000;4,7423500000
202200039524;30;10;2022;21:20;5;94;94073;2;4;1;1;LEON MARCHAND (AV);48,7662000000;2,3867000000
202200039525;5;4;2022;15:40;1;26;26198;2;1;1;2;DIEULEFIT(Route de);44,5519400000;4,7662600000
202200039526;31;10;2022;11:20;1;93;93032;2;1;1;2;Rue Parmentier;48,8832726614;2,5332276245
202200039527;31;10;2022;06:25;2;93;93027;2;2;1;3;Avenue Marcel Cachin / Rue Chabrol;48,9291812127;2,3966540876
202200039528;5;4;2022;15:53;1;25;25056;2;1;1;2;GRAY ROUTE DE;47,2443300000;5,9895900000
202200039529;31;10;2022;17:20;5;93;93010;2;2;2;6;Avenue Galliéni / Avenue Pasteur;48,9069700000;2,4883000000
202200039530;30;10;2022;16:00;1;93;93001;2;1;1;3;Avenue Jean Jaurès;48,9128228358;2,4020190950
202200039531;2;4;2022;08:25;1;21;21054;2;3;1;6;RESISTANCE (AVENUE DE LA);47,0155000000;4,8308000000
202200039532;30;10;2022;17:30;2;93;93001;2;2;1;3;Rue des Noyers / Rue Schaeffer;48,9175600000;2,3802200000
202200039533;30;10;2022;03:00;5;92;92020;2;1;1;2;PARIS AVENUE DE N° IMPAIRS;48,8078200000;2,2950100000
202200039534;5;4;2022;21:00;5;18;18279;2;2;2;3;48 Rue des Ponts;47,2191400000;2,0666000000
202200039535;31;10;2022;15:00;1;92;92024;2;2;1;1;GENERAL LECLERC (BD DU) DE (61 A 9);48,9017100000;2,3148200000
202200039536;5;4;2022;07:20;2;14;14181;2;9;2;3;Place des Drakkars;49,1606400000; -0,3361400000
202200039537;13;10;2022;19:15;5;92;92002;2;1;1;2;DIVISION LECLERC (53 A 217 - 58 A 186);48,7443300000;2,3030600000
202200039538;30;10;2022;02:55;3;44;44180;1;1;1;6;2 la Taillanderie;47,5086790000; -1,1819800000
202200039539;8;2;2022;15:45;1;13;13103;2;1;1;2;CHEMIN DE LA POLOGNE;43,6470420787;5,0565533454
202200039540;31;10;2022;17:50;3;95;95487;1;1;2;4;RD 301;49,1507410000;2,2474010000
202200039541;5;4;2022;22:30;5;13;13215;2;1;1;7;HENRI BARNIER (BOULEVARD);43,3729200000;5,3499600000
202200039542;1;11;2022;16:00;1;83;83130;1;1;1;2;A57, PK 012.000;43,1847300000;6,0422230000
202200039543;28;10;2022;17:30;1;46;46063;1;3;1;4;Route de Moissac;44,2743804349;1,3431253612
202200039544;5;4;2022;08:00;1;13;13204;2;3;1;3;BLANCARDE (BOULEVARD);43,3032500000;5,4034900000
202200039545;1;11;2022;05:10;3;29;29020;1;1;2;6;N165;48,0508880000; -4,0617670000
202200039546;5;4;2022;08:15;1;13;13207;2;9;1;6;CDT DE SURIAN (RUE);43,2903000000;5,3711000000
202200039547;1;11;2022;09:00;1;22;22180;1;1;1;2;N176;48,4249150000; -2,2046580000
202200039548;4;4;2022;12:00;1;13;13204;2;3;1;3;BOISSON (BOULEVARD);43,2966200000;5,4040800000
202200039549;31;10;2022;08:40;2;72;72008;1;6;1;6;Boulevard Pierre Lefaucheux;47,9421210000;0,1835490000
202200039550;5;4;2022;13:10;1;13;13021;1;1;1;4;D.5;43,3318836877;5,1652166247
202200039551;29;10;2022;23:45;3;56;56078;1;1;1;1;Saint-Fiacre;47,7818540000; -3,5019890000
202200039552;30;10;2022;03:00;5;33;33514;2;3;1;6;Rue de la Plage;45,5139860000; -1,1229120000
202200039553;31;10;2022;17:30;5;42;42289;2;1;1;6;310 Route Nationale 7;45,9485910000;4,2094370000
202200039554;1;11;2022;07:45;1;42;42134;1;1;1;6;Route de Montbrison;45,6888470000;4,0366820000
202200039555;15;5;2022;04:50;3;75;75113;2;1;1;7;AVENUE PIERRE MENDES FRANCE;48,8397240000;2,3693670000
202200039556;15;5;2022;05:20;5;75;75112;2;1;1;6;AVENUE DE NOGENT;48,8379990000;2,4641020000
202200039557;15;5;2022;18:40;1;75;75111;2;4;1;6;BOULEVARD RICHARD LENOIR;48,8563410999;2,3709078133
202200039558;15;5;2022;18:25;1;75;75111;2;1;1;3;RUE ALEXANDRE DUMAS;48,8541460000;2,3952220000
202200039559;15;5;2022;11:57;1;75;75109;2;5;1;6;BOULEVARD MONTMARTRE;48,8719810000;2,3400460000
202200039560;15;5;2022;12:29;1;75;75109;2;5;1;2;BOULEVARD MONTMARTRE;48,8719973438;2,3400543630
202200039561;15;5;2022;10:50;1;75;75101;2;2;1;6;BOULEVARD DE SEBASTOPOL;48,8619910000;2,3501580000
202200039562;15;5;2022;18:48;1;94;94080;2;4;1;3;Avenue de Paris;48,8459800000;2,4243100000
202200039563;15;5;2022;19:50;2;94;94003;2;1;1;3;Rue du Colonel Fabien;48,7997400000;2,3392500000
202200039564;15;5;2022;09:30;1;93;93073;2;1;1;6;43 Rue de Reims;48,9413277642;2,5838497281
202200039565;14;5;2022;23:25;3;93;93066;2;2;1;3;Rue du Landy / Rue des Cheminots;48,9153240000;2,3527540000
202200039566;15;5;2022;17:20;1;93;93050;2;1;1;2;Avenue Jean Jaures;48,8645130000;2,5521360000
202200039567;15;5;2022;18:43;1;93;93007;2;2;1;6;Avenue Paul Vaillant Couturier / Avenue de Verdun;48,9278300000;2,4741700000
202200039568;15;5;2022;11:40;1;92;92040;2;2;1;3;RESISTANCE (PLACE DE LA);48,8217985925;2,2502837777
202200039569;15;5;2022;18:20;1;2A;2A065;1;1;1;1;RD81;42,1368840000;8,6122730000
202200039570;15;5;2022;17:20;1;38;38336;1;1;1;1;D4;45,4824982115;4,8126764320
202200039571;15;5;2022;17:45;1;73;73085;1;1;1;7;D991B -  Route de la Chambotte;45,7986687920;5,8622403133
202200039572;15;5;2022;14:30;1;16;16366;1;1;1;3;RD 1;45,5942520000; -0,2130320000
202200039573;15;5;2022;02:00;3;972;97231;1;1;1;1;D7;14,5350060000; -61,0530100000
202200039574;15;5;2022;09:30;1;28;28337;2;1;1;1;69 Rue Pierre et Marie Curie;48,4252850000;1,3580560000
202200039575;15;5;2022;06:55;1;974;97414;1;1;1;2;Route nationale 1; -21,2808670000;55,3866930000
202200039576;14;5;2022;18:15;1;68;68315;2;3;7;3;Route de Wuenheim;47,8775990000;7,2201260000
202200039577;15;5;2022;20:30;1;71;71420;1;1;1;3;Route de Louhans;46,7064920000;5,0023200000
202200039578;15;5;2022;18:00;1;83;83116;2;6;1;3;Chemin du Real Vieux;43,4485299209;5,8608841896
202200039579;15;5;2022;16:30;1;51;51287;1;1;1;6;D386;49,0909910000;3,9411200000
202200039580;16;5;2022;11:00;1;59;59130;1;1;1;1;D300;50,8652825586;2,2147884965
202200039581;14;5;2022;20:30;1;59;59094;2;2;1;1;56 Rue Paul Machy;50,9443650000;2,1976140000
202200039582;14;5;2022;00:40;3;74;74223;1;1;1;1;Route de Taninges;46,0963070000;6,5959110000
202200039583;9;5;2022;19:00;1;79;79254;1;1;1;2;;46,2687570000; -0,6412140000
202200039584;16;5;2022;18:05;1;2B;2B309;2;1;1;2;route du bord de mer;42,7465390000;9,4632840000
202200039585;15;5;2022;19:00;1;65;65252;2;1;1;6;2 Rue Carrere Longue;43,1757170000; -0,1167710000
202200039586;15;5;2022;12:00;1;81;81277;1;1;1;6;Route de Valence d Albi;43,9895570000;2,2492250000
202200039587;14;5;2022;19:05;1;71;71316;1;1;1;3;lieu dit villars;46,3438145298;4,4088917971
202200039588;2;5;2022;20:20;2;49;49048;1;3;1;2;Route d Angers;47,5620630000; -0,5045290000
202200039589;15;5;2022;15:50;1;25;25099;1;3;1;7;D48;46,9861010000;6,3521040000
202200039590;16;5;2022;18:35;1;44;44072;1;1;1;7;Route de la villeneuve;47,4870490000; -2,2972150000
202200039591;15;5;2022;01:30;3;44;44150;2;1;1;7;Route du Lac;47,1215120000; -1,6351440000
202200039592;15;5;2022;16:40;1;31;31375;1;1;1;7;Pigail;43,1773200000;1,2184100000
202200039593;14;5;2022;16:30;1;38;38027;1;6;1;3;rond point lagache;45,4358490000;6,0024830000
202200039594;15;5;2022;20:31;2;03;03226;1;1;1;6;D994;46,3797780000;3,8747190000
202200039595;14;5;2022;12:40;1;03;03297;1;1;1;6;Route de Chazemais;46,5279700000;2,5877950000
202200039596;16;5;2022;09:30;1;54;54205;1;1;1;3;ROUTE NATIONALE  PK 3 SENS NANCY - PARIS;48,6702190838;5,7911682129
202200039597;12;5;2022;08:00;1;54;54054;2;2;1;6;12 Place du Château;48,4762640000;6,3132660000
202200039598;14;5;2022;12:30;1;73;73236;1;3;1;3;D916 / Chemin d Urice;45,6028830747;5,6894561648
202200039599;15;5;2022;18:30;1;43;43267;2;1;1;7;Place de l'Eglise;45,1884800000;3,9099900000
202200039600;15;5;2022;19:30;1;36;36208;1;1;1;1;le pont rouge;46,4841700000;2,0685360000
202200039601;15;5;2022;18:20;1;53;53246;1;1;1;6;D144;48,3855280000; -0,0636010000
202200039602;15;5;2022;19:00;1;53;53249;1;1;2;6;Vimartin-sur-Orthe;48,2140930000; -0,2271940000
202200039603;15;5;2022;11:25;1;21;21050;1;1;1;1;C8;46,9894090000;4,6816890000
202200039604;15;5;2022;13:00;1;24;24531;1;1;1;7;rd65;44,9899950000;1,1023660000
202200039605;15;5;2022;11:45;1;23;23102;1;1;1;7;Le Queroir;46,2618520000;2,0311780000
202200039606;16;5;2022;00:30;3;87;87108;1;1;2;6;D4;46,0555430000;0,9267430000
202200039607;15;5;2022;14:00;1;88;88075;1;1;1;3;Route du Chajoux;48,0224800000;6,9057840000
202200039608;15;5;2022;13:20;1;88;88075;1;9;1;3;Route de Gerardmer;48,0193240000;6,8901440000
202200039609;15;5;2022;02:10;5;978;97801;2;6;1;6;Route nationale 7 - Grand Case;18,0994780000; -63,0590670000
202200039610;15;5;2022;16:00;1;40;40152;1;1;1;6;A63 PR 110+300;43,9298590000; -1,1010360000
202200039611;15;5;2022;03:00;3;67;67506;1;1;1;2;Autoroute A4 sens PARIS/STRASBOURG PK 470+300;48,6869230000;7,7288440000
202200039612;15;5;2022;18:55;1;57;57227;1;1;1;7;A320, PK9+200, sens F/A;49,1782250000;6,9150780000
202200039613;16;5;2022;02:45;3;51;51572;1;1;1;7;A4;49,0374460000;4,6270470000
202200039614;15;5;2022;20:45;3;78;78349;1;1;3;4;A10;48,5841640000;2,0202320000
202200039615;15;5;2022;19:30;3;987;98729;2;1;1;1;PK16.9 ATIHA; -17,5912580000; -149,8308990000
202200039616;15;5;2022;20:51;5;971;97116;2;1;1;6;Boulevard Toussaint Louverture;16,3398920000; -61,4562320000
202200039617;13;5;2022;19:00;1;37;37003;2;1;1;6;9 Rue de Blois;47,4177000000;0,9815970000
202200039618;15;5;2022;11:05;1;48;48119;1;1;1;3;Route de Villefort;44,5018310000;3,9169690000
202200039619;14;5;2022;00:13;3;06;06003;1;3;1;1;Col de Castellaras (Col de montagne);43,7706340000;6,8165070000
202200039620;13;5;2022;22:00;3;13;13100;1;1;1;3;PK14+666;43,7861180000;4,8595030000
202200039621;12;5;2022;11:25;1;08;08190;1;1;1;3;;50,1320854121;4,8643581069
202200039622;11;5;2022;17:40;1;67;67151;1;1;1;6;D94;48,6994800000;7,8777980000
202200039623;15;5;2022;20:55;1;55;55107;1;3;1;1;D905;49,3010050000;5,4313230000
202200039624;15;5;2022;18:15;1;26;26079;1;3;1;3;D119;44,9388590000;5,0815870000
202200039625;12;5;2022;09:22;1;33;33015;1;1;1;6;D242;44,8901020000; -0,2792230000
202200039626;15;5;2022;17:00;1;33;33238;2;1;1;6;100 Avenue de Bordeaux;44,7455230000; -0,5941820000
202200039627;16;5;2022;13:00;1;50;50408;1;1;1;6;RD 976 bretelle d'accès RN 175 direction pontorson;48,6262076000; -1,3477832000
202200039628;16;5;2022;10:35;1;27;27016;2;4;1;6;Rue Jacques Ibert;49,2470150000;1,4136540000
202200039629;16;5;2022;08:00;1;80;80185;1;1;1;3;RD 930;49,7180420000;2,8450730000
202200039630;15;5;2022;20:35;2;13;13214;1;1;1;2;A507 sens Marseille - Aubagne;43,3322200000;5,3862100000
202200039631;13;5;2022;20:30;1;13;13214;1;1;1;6;A557-Liaison A7 Marseille-A55 Marseille;43,3210670211;5,3752520988
202200039632;15;5;2022;11:20;1;69;69287;1;1;1;7;Autoroute 43;45,6851864492;5,0022339821
202200039633;14;5;2022;07:11;1;69;69029;1;1;1;5;Route Départementale 383;45,7326971298;4,9000923331
202200039634;10;5;2022;08:25;1;69;69290;1;1;1;4;Autoroute 43;45,7109100000;4,9501900000
202200039635;15;5;2022;19:30;1;33;33167;1;1;3;5;;44,8373900000; -0,5007100000
202200039636;14;5;2022;01:20;3;78;78423;1;1;1;6;A12 Y;48,7936900000;2,0406600000
202200039637;15;5;2022;18:50;1;95;95028;1;1;1;3;RN 104;49,0617400000;2,3603200000
202200039638;15;5;2022;16:05;1;95;95277;1;1;1;2; A104;48,9740998546;2,4904954433
202200039639;15;5;2022;13:00;1;93;93027;1;1;1;3;AUTOROUTE A1;48,9346200000;2,3988600000
202200039640;15;5;2022;14:20;1;93;93027;1;1;1;2;AUTOROUTE A86;48,9242100000;2,3882200000
202200039641;14;5;2022;15:40;1;93;93006;1;1;1;3;A3;48,8689637416;2,4289176683
202200039642;14;5;2022;16:35;1;92;92036;1;1;1;4;AUTOROUTE A86;48,9379818551;2,2973346169
202200039643;14;5;2022;17:12;1;93;93027;1;1;1;2;AUTOROUTE A86;48,9274687309;2,4193219692
202200039644;14;5;2022;16:20;1;93;93007;1;1;1;2;AUTOROUTE A1;48,9478800000;2,4442900000
202200039645;15;5;2022;21:00;3;94;94073;1;1;2;2;A86 EXT;48,7701146919;2,3822327243
202200039646;14;5;2022;20:30;3;94;94081;1;9;1;3;A86 EXT;48,7748852037;2,4115766055
202200039647;14;5;2022;18:15;1;94;94022;1;1;1;2;A86 EXT;48,7761106967;2,4250518150
202200039648;14;5;2022;15:50;1;94;94017;1;1;1;4;A4;48,8284416936;2,5027316394
202200039649;10;5;2022;09:05;1;77;77337;1;1;1;2;A4;48,8299638999;2,6185584039
202200039650;13;4;2022;09:45;1;92;92026;2;9;2;6;BEZONS (DE 23 A FIN);48,8932982053;2,2523112595
202200039651;12;4;2022;22:10;3;79;79172;1;1;1;3;;46,5062520000; -0,3357300000
202200039652;13;4;2022;17:20;1;69;69244;2;3;1;3;58 Avenue de la République;45,7638979534;4,7785592079
202200039653;12;4;2022;19:15;1;04;04049;2;2;1;3;Cr Pechiney / Rue Emile Boyoud;44,0718790000;5,9935270000
202200039654;9;4;2022;05:45;3;56;56197;1;1;1;6;Le Val Neant (Le Roc-Saint-André);47,8606570000; -2,4555460000
202200039655;9;4;2022;08:45;1;49;49080;2;3;1;6;D78;47,7222210000; -0,6151490000
202200039656;11;4;2022;09:15;1;64;64188;2;1;1;6;1 E Avenue du Général-de-Gaulle;43,2295080000; -0,8744270000
202200039657;11;4;2022;15:00;1;06;06150;2;1;1;6;9 Avenue de la Pinède;43,7438310000;7,4005560000
202200039658;10;4;2022;16:45;1;14;14203;1;1;8;6;A13;49,2294250000; -0,0764000000
202200039659;14;2;2022;15:30;1;50;50484;2;1;2;6;Rue de la République;48,5786780000; -1,0988000000
202200039660;26;4;2022;16:30;1;29;29108;1;4;1;1;Kerivin Parc Ar Ménez d Al;48,0110037860; -4,3133068084
202200039661;27;4;2022;19:45;5;973;97311;2;1;1;2;Allée du Lac Bleu;5,4751290000; -54,0349730000
202200039662;26;4;2022;22:45;3;973;97305;1;1;1;2;Route Départementale 5;4,9811450000; -52,4688290000
202200039663;27;4;2022;08:50;1;13;13100;1;1;1;3;Ancienne voie Aurélia;43,7968530000;4,8424000000
202200039664;27;4;2022;15:45;1;69;69017;1;3;1;1;Route Départementale 338;45,9167060000;4,6138720000
202200039665;28;4;2022;00:30;3;72;72106;1;1;1;6;route de précigné;47,8053030000; -0,3106920000
202200039666;25;1;2022;14:00;1;59;59352;2;1;5;6;DESCAMPS (AVENUE ROBERT);50,7313667712;3,0909132957
202200039667;14;5;2022;10:59;1;972;97209;2;1;2;3;PROFESSEUR RAYMOND GARCIN (RUE DU);14,6203500000; -61,0779900000
202200039668;14;5;2022;06:00;1;971;97101;1;1;1;7;COCOYER;16,2931300000; -61,4875900000
202200039669;13;5;2022;18:50;5;971;97113;1;1;8;3;Route de Grande Ravine;16,2086900000; -61,4700300000
202200039670;13;5;2022;23:45;5;91;91377;2;1;1;1;RUE DU PEROU;48,7226800000;2,3026100000
202200039671;14;5;2022;20:45;1;91;91687;2;2;1;3;COMPIEGNE (VOIE DE);48,6617700000;2,3628400000
202200039672;14;5;2022;10:45;1;83;83137;2;3;1;6;NOMY (RUE AMIRAL);43,1183700000;5,9459600000
202200039673;13;5;2022;12:40;1;83;83123;2;1;1;6;BANDOL (ROUTE)N° IMPAIRS;43,1293800000;5,7832000000
202200039674;15;5;2022;02:10;5;81;81065;2;9;1;7;SIDOBRE RD 622 (AV. DU);43,6081300000;2,2555300000
202200039675;13;5;2022;12:20;1;78;78146;2;1;1;2;MARECHAL FOCH (AVENUE DU);48,8896010000;2,1573080000
202200039676;14;5;2022;14:15;1;77;77445;2;3;7;3;REGALLES (AVENUE DES);48,6047500000;2,5492500000
202200039677;13;5;2022;17:30;1;74;74012;2;1;1;1;AUBRAC (Rue Lucie);46,1893000000;6,2469700000
202200039678;14;5;2022;02:45;5;69;69266;2;2;1;1;Cours Emile Zola;45,7685900000;4,8844200000
202200039679;14;5;2022;15:50;1;64;64445;2;1;1;3;LILAS DES;43,3125115756; -0,3417134285
202200039680;14;5;2022;10:29;1;64;64284;2;6;1;6;rue Ollé Laprune;43,2865100000; -0,3894300000
202200039681;14;5;2022;01:55;5;59;59350;2;5;1;6;POSTES RUE N°1 - 63;50,6276276220;3,0576002598
202200039682;14;5;2022;16:30;1;57;57463;2;1;1;2;DEUX FONTAINES (AVENUE );49,1473600000;6,1716100000
202200039683;14;5;2022;17:35;1;54;54321;1;1;1;4;JACQUES PREVERT (RUE);49,5414000000;5,8077000000
202200039684;9;5;2022;09:08;1;46;46042;1;1;1;1;Départementale 811;44,4820000000;1,4120000000
202200039685;14;5;2022;18:25;1;42;42316;1;6;1;3;Route des Gorges;45,4084691340;4,2493232042
202200039686;14;5;2022;02:03;3;38;38185;1;1;1;2;AUTOROUTE A 480;45,1649400000;5,7017100000
202200039687;14;5;2022;15:20;1;37;37261;2;1;1;4;NAPOLEON (PONT);47,3987600000;0,6756500000
202200039688;13;5;2022;17:22;1;37;37122;1;1;1;7;DES LANDES DE CHARLEMAGNE (ROUTE);47,3242178367;0,6288278103
202200039689;14;5;2022;20:30;1;35;35051;2;6;1;7;ALLIES (BOULEVARD DES);48,1023353655; -1,6102289781
202200039690;14;5;2022;06:30;2;35;35238;2;1;1;6;VERNE (JULES);48,0988351166; -1,6938116401
202200039691;10;5;2022;16:48;1;35;35115;2;3;8;6;FEUTERIES (RUE DES);48,3534420907; -1,1964325234
202200039692;14;5;2022;17:05;1;33;33063;2;3;1;6;Cours de l'Argonne;44,8269100000; -0,5763500000
202200039693;14;5;2022;12:40;1;33;33522;2;1;1;3;Rue Dourout;44,8087600000; -0,5829800000
202200039694;15;2;2022;05:30;3;33;33063;2;7;1;6;Place du Maucaillou;44,8321900000; -0,5670500000
202200039695;13;5;2022;13:45;1;31;31555;2;1;1;6;CHE DU CHATEAU DE L HERS;43,5984700000;1,4847700000
202200039696;14;5;2022;01:50;5;30;30007;2;3;1;1;Quai de Bilina;44,1335700000;4,0761400000
202200039697;14;5;2022;23:40;5;29;29232;2;1;1;2;Boulevard Amiral de Kerguelen;47,9953571000; -4,0985260000
202200039698;14;5;2022;02:09;5;17;17461;2;1;1;7;PASTEUR (AVENUE);45,6301290000; -1,0549260000
202200039699;14;5;2022;02:55;5;17;17300;2;1;1;3;MINIMES   AVENUE DES;46,1432740000; -1,1630040000
202200039700;14;5;2022;19:10;1;15;15014;2;1;1;2;PUPILLES DE LA NATION (AVENUE DES);44,9202700000;2,4392400000
202200039701;14;5;2022;19:52;1;13;13216;2;1;1;7;FALAISE (BOULEVARD DE LA);43,3629600000;5,3087200000
202200039702;14;5;2022;17:40;1;13;13209;2;1;1;7;SORMIOU (CHEMIN DE);43,2300300000;5,4008600000
202200039703;14;5;2022;14:55;1;13;13215;2;6;1;5;SAINT ANTOINE A SAINT JOSEPH (CHEMIN DE);43,3491000000;5,3752700000
202200039704;14;5;2022;06:30;1;13;13211;2;1;1;3;BUTRIS (TRAVERSE DES);43,2991612567;5,4537369775
202200039705;14;5;2022;01:30;5;13;13002;2;1;1;3;VALLON VERT (AVENUE DU );43,3371486638;5,4599806575
202200039706;13;5;2022;15:00;1;13;13002;2;1;1;5;PROVENCE (AVENUE DE);43,3252138630;5,4817417140
202200039707;13;5;2022;13:40;1;12;12013;1;4;1;3;RD 5 ROUTE DE MONTBAZENS;44,5134600000;2,2445000000
202200039708;14;5;2022;12:52;1;08;08480;2;1;1;2;GAMBETTA RUE;49,7400833973;4,7530728578
202200039709;14;5;2022;00:18;3;08;08105;1;1;1;6;;49,8015789111;4,7072461698
202200039710;13;5;2022;09:15;1;07;07116;1;1;1;7;;44,6423700000;4,3695200000
202200039711;15;5;2022;23:20;5;06;06004;2;2;1;6;COURBET AV.AMIRAL;43,5699900000;7,1086500000