Num_Acc;jour;mois;an;hrmn;lum;dep;com;agg;int;atm;col;adr;lat;long
202200039961;27;9;2022;05:50;3;13;13214;1;1;1;6;A7-Sens Marseille vers Lyon;43,3356087108;5,3772398829
202200039962;14;1;2022;08:10;1;2B;2B033;2;3;1;6;PAOLI DU NR 21 AU 45 -BLD;42,7021500000;9,4506800000
202200039963;26;9;2022;12:30;5;13;13202;1;1;1;2;A55-Sens Marseille vers Martigues;43,3126700000;5,3683150000
202200039964;14;1;2022;10:30;1;95;95428;2;1;1;1;CARRIERES    RUE DES;48,9857501591;2,3125416040
202200039965;14;1;2022;19:00;5;91;91377;2;1;1;6;RUE DU PILEU;48,7298690000;2,2399470000
202200039966;26;9;2022;09:00;1;13;13005;1;1;1;2;A50-Sens Aubagne vers Marseille;43,2850022343;5,5240952968
202200039967;14;1;2022;15:25;1;91;91657;2;9;1;7;AV HENRI BARBUSSE;48,6991100000;2,4169700000
202200039968;26;9;2022;07:25;1;13;13071;1;1;1;2;A55-Sens Martigues vers Marseille;43,3815420561;5,3148579596
202200039969;13;1;2022;12:45;1;91;91631;2;1;1;1;RUE DE MANDRES;48,6800000000;2,5500000000
202200039970;26;9;2022;07:15;1;13;13215;1;1;1;3;A7-Sens Marseille vers Lyon;43,3420504664;5,3764294041
202200039971;13;1;2022;18:00;5;88;88087;2;3;1;1;30 Rue du General Leclerc;48,1729700000;6,4340000000
202200039972;12;1;2022;23:15;5;86;86194;2;1;1;6;Avenue John Kennedy;46,5871790000;0,3648070000
202200039973;27;9;2022;08:20;1;83;83062;1;9;1;4;A57;43,1454700000;6,0302900000
202200039974;13;1;2022;18:10;5;86;86194;2;1;1;3;Avenue du 8 Mai 1945;46,5536420000;0,3058950000
202200039975;26;9;2022;14:00;1;83;83027;1;1;1;6;A50;43,2023415002;5,7284410384
202200039976;13;1;2022;11:10;1;85;85191;2;2;1;6;118 Boulevard des états-unis;46,6638762000; -1,4269764000
202200039977;25;9;2022;04:00;3;42;42218;1;1;2;6;A72;45,4409429687;4,4320285320
202200039978;14;1;2022;16:15;1;83;83090;2;3;1;3;CLEMENCEAU (AVE GEORGES);43,1378360000;5,8493410000
202200039979;23;9;2022;15:50;1;59;59566;1;1;1;4;AUTOROUTE A25;50,6194600000;2,9753800000
202200039980;13;1;2022;10:25;1;83;83137;1;1;1;2;BOURGEOIS (BD LEON);43,1219077202;5,9480534345
202200039981;12;1;2022;16:00;1;80;80021;2;1;2;6;SAINT MAURICE (RUE);49,9042100000;2,2883500000
202200039982;13;1;2022;23:15;5;80;80001;2;1;5;6;ROUVROY (de);50,1104300000;1,8096500000
202200039983;14;1;2022;08:30;1;78;78551;1;1;1;5;POISSY (DE);48,9396238000;2,0837663000
202200039984;27;9;2022;17:40;1;91;91179;1;1;1;6;AUTOROUTE A6;48,5628400000;2,4798600000
202200039985;27;9;2022;18:50;1;92;92002;1;1;1;2;AUTOROUTE A86;48,7629853869;2,3043052888
202200039986;14;1;2022;19:15;3;77;77186;1;2;1;3;D142 / D115;48,4808000000;2,6698000000
202200039987;27;9;2022;18:15;1;91;91174;1;1;1;3;RN 104;48,6108400000;2,4462000000
202200039988;14;1;2022;16:45;1;77;77186;2;2;1;6;D417;48,4038073010;2,6921074574
202200039989;27;9;2022;11:00;1;91;91521;1;1;2;7;RN 449;48,6356900000;2,4014100000
202200039990;14;1;2022;13:35;1;77;77186;1;2;1;3;D142 / D115;48,4808000000;2,6669600000
202200039991;27;9;2022;09:00;1;91;91363;1;1;1;2;RN 104;48,6471200000;2,1896300000
202200039992;14;1;2022;07:30;2;74;74305;2;2;1;6;PHILIPPE (PLACE JOSEPH);46,2029200000;6,2499400000
202200039993;26;9;2022;21:15;5;92;92050;1;1;1;6;A86;48,8923144086;2,1852156598
202200039994;14;1;2022;23:20;5;69;69275;2;1;5;2;Avenue Jean Jaurès;45,7694500000;4,9475800000
202200039995;26;9;2022;17:55;1;92;92063;1;1;2;3;A86;48,8746700000;2,1589600000
202200039996;14;1;2022;18:00;5;69;69275;2;1;1;4;Rue Marceau;45,7610500000;4,9844600000
202200039997;26;9;2022;09:50;1;92;92050;1;1;1;7;A86;48,8923800445;2,1857697681
202200039998;14;1;2022;10:55;1;69;69029;2;2;1;3;Route de Genas;45,7484263956;4,9176746607
202200039999;27;9;2022;10:00;1;93;93048;1;1;2;6;AUTOROUTE A3;48,8713063584;2,4326321482
202200040000;14;1;2022;19:10;3;65;65226;1;6;1;2;NATIONALE 21 (ROUTE);43,2230300000;0,0269200000
202200040001;26;9;2022;16:30;1;93;93027;1;1;2;3;AUTOROUTE A86;48,9239400000;2,3868400000
202200040002;14;1;2022;19:00;5;64;64102;2;1;1;3;Cours Comte de Cabarrus;43,4816900000; -1,4850300000
202200040003;13;1;2022;19:08;5;64;64102;2;1;1;2;Avenue du 14 Avril 1814;43,5021485824; -1,4615979774
202200040004;26;9;2022;13:50;1;92;92036;1;1;3;4;AUTOROUTE A15;48,9435578314;2,2873807879
202200040005;13;1;2022;16:20;1;64;64024;2;1;1;3;Rue de Chassin;43,4934600000; -1,5284500000
202200040006;13;1;2022;18:47;5;63;63113;2;2;1;3;GIROD (RUE JOSEPH);45,7646500000;3,0839000000
202200040007;24;9;2022;12:30;1;93;93005;1;1;8;4;AUTOROUTE A3;48,9602419884;2,4733228737
202200040008;27;9;2022;10:10;1;77;77083;1;1;8;7;A4;48,8310760000;2,6061400000
202200040009;14;1;2022;18:10;5;59;59009;1;1;1;3;MONS BOULEVARD DE;50,6436664417;3,1414166093
202200040010;27;9;2022;09:15;1;77;77373;1;1;2;7;RN104;48,7645000000;2,6150300000
202200040011;14;1;2022;16:45;1;59;59328;2;2;1;3;BONTE AUGUSTE RUE;50,6450543555;3,0223292112
202200040012;14;1;2022;00:30;5;59;59507;2;1;1;6;JAURES JEAN AVENUE.;50,6067024731;3,0770037173
202200040013;27;9;2022;07:15;2;94;94028;1;1;2;4;A86 INT;48,7762272343;2,4298897133
202200040014;13;1;2022;09:02;2;59;59009;2;1;5;6;DE MONTALEMBERT BVD DU COMTE;50,6240509743;3,1614312530
202200040015;26;9;2022;04:00;3;93;93051;1;1;1;2;A4;48,8361335993;2,5573070227
202200040016;14;1;2022;08:35;2;56;56121;2;2;1;6;DREYFUS (RUE  ALFRED );47,7475200000; -3,3926700000
202200040017;13;1;2022;19:10;5;56;56098;1;1;1;2;N165 sens Lorient/Vannes;47,7810300000; -3,3427800000
202200040018;16;6;2022;20:15;1;83;83137;2;1;1;3;GUILLEMARD (RUE ROBERT);43,1260590000;5,9223690000
202200040019;13;1;2022;10:18;1;54;54395;2;1;1;3;LECLERC (AV. DU GENE;48,6754553343;6,1762454510
202200040020;10;6;2022;14:15;1;83;83137;2;1;1;1;LAUGIER (BD);43,1307500000;5,9077500000
202200040021;12;1;2022;16:00;1;54;54578;2;1;1;6;BRABOIS (AVENUE DE);48,6716800000;6,1608600000
202200040022;21;5;2022;18:50;1;69;69266;2;3;1;3;Cours Emile Zola;45,7680500000;4,8873800000
202200040023;13;1;2022;15:15;1;51;51454;2;2;1;6;Rue de Thillois;49,2535200000;4,0262000000
202200040024;19;5;2022;05:00;5;64;64122;2;1;1;7;Avenue de la Marne;43,4848341847; -1,5534979105
202200040025;13;1;2022;08:25;2;50;50129;1;3;5;2;BARBUSSE (RUE HENRI);49,6138000000; -1,6558200000
202200040026;19;5;2022;18:20;1;64;64122;2;1;1;2;Avenue de la Reine Victoria;43,4852817847; -1,5523794293
202200040027;13;1;2022;17:00;1;49;49328;2;1;1;6;ALSACE (RUE D');47,2578400000; -0,0826400000
202200040028;14;1;2022;07:35;5;44;44184;2;1;1;6;D492;47,2839330000; -2,2494200000
202200040029;10;6;2022;13:10;1;54;54270;1;1;1;1;D26;49,4875590000;5,8816620000
202200040030;12;1;2022;09:50;1;44;44184;2;2;1;3;Place Jacques Tati;47,2408500000; -2,2783400000
202200040031;12;9;2022;08:50;1;976;97611;2;1;1;3;m'tsapere-Nationale 2 (route); -12,7905400000;45,2121600000
202200040032;13;1;2022;10:50;2;44;44055;2;1;7;6;Avenue Henri Bertho;47,2928200000; -2,3575900000
202200040033;14;1;2022;18:00;5;37;37261;2;1;1;6;COLOMBIER (RUE);47,4226500000;0,7068500000
202200040034;12;9;2022;06:20;1;976;97611;2;1;1;2;m'tsapere-Nationale 2 (route); -12,7905400000;45,2121600000
202200040035;14;1;2022;08:00;1;37;37261;2;3;1;3;ROYER (BD JEAN);47,3818084892;0,6811510026
202200040036;8;1;2022;23:25;5;36;36044;2;3;2;3;;46,8189795406;1,7062684894
202200040037;25;9;2022;12:32;1;974;97411;1;3;1;3;JAURES (BLD 1 JEAN); -20,8899100000;55,4529600000
202200040038;10;1;2022;18:12;2;36;36044;2;1;1;6;236 Avenue de la Châtre;46,8047900000;1,7129600000
202200040039;26;9;2022;14:45;1;974;97409;1;1;1;6;RN2 SENS ST BENOIT ST DENIS; -20,9605100000;55,6577000000
202200040040;14;1;2022;22:20;5;33;33550;2;3;1;4;Route de Toulouse;44,7933000000; -0,5674200000
202200040041;25;9;2022;11:45;1;974;97409;1;3;1;1;Lefaguyes (chemin); -20,9532200000;55,6720200000
202200040042;14;1;2022;02:10;5;33;33063;2;1;1;6;Boulevard Joliot-Curie;44,8350000000; -0,5510000000
202200040043;13;1;2022;01:10;5;33;33013;1;1;1;2;Route nationale 89;44,8688000000; -0,5017300000
202200040044;26;9;2022;06:40;1;973;97302;1;6;1;7;MARINGOUINS (ROND-POINT);4,9076304398; -52,3224091530
202200040045;13;1;2022;20:09;5;29;29051;1;1;1;1;D15 - Route de Coray;48,0006300000; -4,0487200000
202200040046;14;1;2022;15:30;1;28;28134;1;1;1;1;VALLEE VAUBREU (RTE DE LA);48,7680000000;1,3515800000
202200040047;25;9;2022;19:23;5;973;97302;2;2;1;2;HEDER (place);4,9416533682; -52,3311290145
202200040048;14;1;2022;20:40;5;27;27681;2;1;1;3;ROUEN (ROUTE DE );49,0974800000;1,4751500000
202200040049;14;1;2022;14:15;1;27;27681;2;1;1;4;CAPUCINS (AVENUE DES);49,0890600000;1,4672800000
202200040050;25;9;2022;01:30;5;973;97302;2;1;1;1;ESTREES (AVENUE D');4,9404400000; -52,3252000000
202200040051;14;1;2022;12:00;1;27;27375;2;6;1;3;THOREL (PLACE ERNEST);49,2153200000;1,1687300000
202200040052;14;1;2022;07:30;5;27;27229;2;1;1;2;BROSSOLETTE (RUE PIERRE);49,0220000000;1,1627600000
202200040053;14;1;2022;07:20;5;27;27229;2;1;1;1;HUGO (RUE VICTOR);49,0220500000;1,1428900000
202200040054;25;9;2022;20:00;5;69;69386;2;1;1;6;Quai Général Sarrail;45,7656000000;4,8416000000
202200040055;24;9;2022;16:10;1;69;69388;2;2;1;3;Rue Villon;45,7412300000;4,8642700000
202200040056;14;1;2022;11:00;1;22;22187;2;1;1;2;Rue de la Prunelle;48,5355674608; -2,7559547424
202200040057;14;1;2022;22:45;5;17;17300;2;1;1;3;Boulevard de la Republique;46,1383600000; -1,1536200000
202200040058;14;1;2022;16:56;2;17;17028;2;1;1;6;CLAIRES   RUE DES;46,1275000000; -1,1286700000
202200040059;12;9;2022;17:30;1;69;69388;2;5;1;3;Boulevard des Etats-Unis;45,7311400000;4,8660100000
202200040060;13;1;2022;17:30;2;14;14333;2;6;1;6;D580A;49,4171600000;0,2391270000
202200040061;14;1;2022;04:30;5;14;14118;2;1;1;6;Rue Robert Kaskoreff;49,1832700000; -0,4009200000
202200040062;14;1;2022;17:40;2;13;13208;2;1;1;1;MAZARGUES (AVENUE DE);43,2556800000;5,3940500000
202200040063;12;9;2022;14:15;1;69;69387;2;3;1;3;Avenue Leclerc;45,7476900000;4,8335200000
202200040064;13;1;2022;07:59;2;10;10387;2;1;9;6;ETIENNE PEDRON (RUE);48,3097000000;4,0745000000
202200040065;13;1;2022;06:49;5;10;10387;2;1;8;7;VOULDY (CHAUSSEE DU);48,2911000000;4,0884000000
202200040066;24;9;2022;19:50;5;972;97213;2;1;1;2;AUTOROUTE A1;14,6108000000; -61,0066200000
202200040067;13;1;2022;08:15;1;75;75116;2;1;1;2;BOULEVARD PERIPHERIQUE;48,8744750000;2,2757780000
202200040068;13;1;2022;12:18;1;75;75110;2;2;1;3;RUE DU FAUBOURG SAINT MARTIN;48,8732100000;2,3588570000
202200040069;12;9;2022;14:20;1;972;97213;1;1;1;2;ROUTE NATIONALE 1;14,6251200000; -60,9803400000
202200040070;5;12;2022;17:00;1;974;97411;2;2;1;3;MALRAUX (AVENUE ANDRE); -20,8881000000;55,4649400000
202200040071;14;1;2022;13:00;1;75;75105;2;4;1;6;RUE DANTE;48,8510940000;2,3462610000
202200040072;5;12;2022;06:30;1;974;97411;2;1;1;2;JAURES (BOULEVARD JEAN); -20,8904900000;55,4653800000
202200040073;12;9;2022;07:00;1;972;97213;1;1;1;3;AUTOROUTE A1;14,6178400000; -61,0184200000
202200040074;14;1;2022;20:20;5;75;75120;2;3;1;3;RUE DE BELLEVILLE;48,8744110000;2,3862950000
202200040075;5;12;2022;07:15;2;69;69276;1;1;5;2;Route de Lyon;45,6861800000;4,8611000000
202200040076;14;1;2022;16:40;1;75;75118;2;3;1;6;AVENUE DE SAINT OUEN;48,8916040000;2,3269630000
202200040077;25;9;2022;03:50;3;972;97209;2;1;2;7;RD 41 (ROCADE);14,6120000000; -61,0787400000
202200040078;13;1;2022;20:00;5;75;75118;2;2;1;3;BOULEVARD NEY;48,8975110000;2,3289470000
202200040079;5;12;2022;08:50;1;972;97213;1;1;1;3;AUTOROUTE A1;14,6181000000; -61,0284300000
202200040080;26;9;2022;08:00;2;69;69389;2;3;1;3;Rue Sergent Michel Berthet;45,7670200000;4,8054100000
202200040081;14;1;2022;19:00;5;75;75117;2;7;1;6;PLACE DE LA PORTE DE CHAMPERRET;48,8858210000;2,2907930000
202200040082;4;12;2022;00:00;3;972;97213;1;1;1;7;ROUTE DEPARTEMENTALE 13;14,6303860000; -61,0290050000
202200040083;14;1;2022;17:00;1;75;75116;2;1;1;3;AVENUE DE L HIPPODROME;48,8578970000;2,2482720000
202200040084;5;12;2022;17:50;5;69;69389;2;8;1;6;Rue Professeur Patel;45,7651300000;4,7913400000
202200040085;14;1;2022;18:00;5;75;75115;2;4;1;3;RUE BRANCION;48,8296850000;2,3017610000
202200040086;5;12;2022;03:40;3;69;69382;2;1;5;2;Quai Docteur Gailleton;45,7518800000;4,8327600000
202200040087;25;9;2022;19:55;5;69;69142;2;2;8;3;Rue Stéphane Déchant;45,7211400000;4,8111300000
202200040088;14;1;2022;18:30;5;75;75114;2;3;1;6;RUE VERCINGETORIX;48,8351560000;2,3149410000
202200040089;4;12;2022;14:30;1;87;87075;2;1;2;6;REPUBLIQUE (AVENUE DE LA);45,8116400000;1,2266600000
202200040090;4;12;2022;13:30;1;85;85194;2;1;1;6;20 Rue félix faure;46,4898500000; -1,7693900000
202200040091;14;1;2022;13:15;1;75;75113;2;3;1;3;BOULEVARD MASSENA;48,8226680000;2,3728380000
202200040092;25;9;2022;13:20;1;69;69389;2;2;1;3;Rue des Docks;45,7854096169;4,8105713725
202200040093;14;1;2022;11:11;1;75;75105;2;3;1;6;BOULEVARD SAINT MARCEL;48,8370960000;2,3526920000
202200040094;3;12;2022;08:45;1;84;84007;2;1;2;2;RHONE (Boulevard du );43,9518300000;4,8033000000
202200040095;14;1;2022;09:35;1;75;75112;2;2;1;6;RUE DE LA DURANCE;48,8385630000;2,3931890000
202200040096;25;9;2022;07:30;5;69;69034;2;1;2;6;Avenue Général de Gaulle;45,8087800000;4,8567100000
202200040097;14;1;2022;12:25;1;75;75111;2;3;1;3;AVENUE PARMENTIER;48,8639510000;2,3755270000
202200040098;2;12;2022;08:30;1;30;30351;1;3;8;5;MISTRAL BOULEVARD FREDERIC;43,9954200000;4,8115200000
202200040099;25;9;2022;03:40;4;69;69382;2;1;2;6;Quai Docteur Gailleton;45,7574800000;4,8370300000
202200040100;5;12;2022;08:15;2;81;81065;2;1;7;6;DE GAULLE RD 612 (AV. CHARLES);43,5963500000;2,2619600000
202200040101;14;1;2022;11:00;1;75;75110;2;4;1;3;BOULEVARD DE MAGENTA;48,8794860000;2,3531990000
202200040102;2;12;2022;22:55;5;80;80021;2;1;1;1;VOGEL (PLACE);49,8978200000;2,2958800000
202200040103;14;1;2022;00:10;5;75;75109;2;5;1;3;RUE JEAN BAPTISTE PIGALLE;48,8804530000;2,3350340000
202200040104;24;11;2022;17:40;5;80;80021;2;3;1;3;PIERRE ROLLIN (RUE);49,8785800000;2,3120700000
202200040105;13;1;2022;20:00;5;75;75104;2;4;1;4;BOULEVARD BOURDON;48,8528820000;2,3684230000
202200040106;5;12;2022;08:30;2;78;78418;2;9;2;3;GABRIEL PERI (AVENUE);48,9283900000;2,1422800000
202200040107;12;9;2022;11:50;1;69;69389;2;3;1;3;Rue Marietton;45,7759300000;4,7953400000
202200040108;13;1;2022;20:00;5;94;94080;2;2;1;6;Rue Jules Massenet;48,8476800000;2,4527000000
202200040109;5;12;2022;09:10;1;77;77083;2;3;2;6;GENERAL DE  GAULLE (AVENUE DU);48,8519000000;2,5982900000
202200040110;14;1;2022;16:50;1;94;94081;2;1;1;6;Rue Louise Aglaë Cretté;48,8009320000;2,3959930000
202200040111;5;12;2022;08:30;2;77;77243;2;1;4;6;Boulevard du General de Gaulle;48,8740100000;2,7024100000
202200040112;14;1;2022;13:10;1;94;94041;2;3;1;3;Rue Maurice Gunsbourg;48,8126100000;2,4054200000
202200040113;26;9;2022;07:55;1;971;97113;2;3;2;1;RN4 - SECTION RIVIERA;16,2091300000; -61,4710400000
202200040114;5;12;2022;18:00;5;76;76322;1;1;1;2;N338 - Sud 3;49,4125000000;1,0419000000
202200040115;14;1;2022;12:00;1;94;94071;2;1;1;2;82 Rue de Noiseau;48,7757850000;2,5334790000
202200040116;2;12;2022;14:50;1;71;71105;2;1;1;6;COUPEE (GRANDE-RUE DE LA);46,3090200000;4,8158500000
202200040117;13;1;2022;11:30;1;93;93066;2;1;8;2;CROISAT AMBROISE RD 29 BIS;48,9324691517;2,3488059302
202200040118;5;12;2022;17:45;3;69;69266;2;1;1;6;52 Avenue Antoine de Saint-Exupéry;45,7580100000;4,8815700000
202200040119;14;1;2022;07:08;5;93;93064;2;1;1;6;JAURES (AVENUE JEAN);48,8667954932;2,4868655909
202200040120;25;9;2022;08:00;1;971;97101;2;2;1;3;Frédéric JALTON;16,2762500000; -61,5015900000
202200040121;5;12;2022;15:50;1;69;69264;2;4;1;1;Rue Gantillon;45,9931200000;4,7214400000
202200040122;14;1;2022;20:40;5;93;93047;2;1;1;6;JEAN JAURES (AVENUE);48,8983700000;2,5532400000
202200040123;5;12;2022;06:10;5;69;69259;2;1;5;6;Boulevard Laurent Bonnevay ;45,7191200000;4,8769800000
202200040124;26;9;2022;09:05;1;2A;2A004;2;3;1;6;MEZZAVIA ROUTE DE;41,9475600000;8,7634100000
202200040125;14;1;2022;16:00;1;93;93071;2;2;1;6;SAVIGNY (CHEMIN DE);48,9420518788;2,5206211209
202200040126;14;1;2022;15:45;1;92;92078;1;1;1;2;VIEUX CHEMIN DE ST DENIS (AVENUE);48,9287278104;2,3299303651
202200040127;25;9;2022;12:30;1;95;95277;2;1;1;1;rue michelet;49,0044720000;2,4203520000
202200040128;14;1;2022;15:55;1;92;92064;2;1;1;3;MARCEL DASSAULT;48,8594399328;2,2241726071
202200040129;5;12;2022;05:45;5;69;69259;2;1;5;5;Boulevard Laurent Bonnevay;45,7190500000;4,8752700000
202200040130;5;12;2022;08:30;1;69;69259;2;1;5;7;Boulevard de Jodino;45,6925900000;4,8873800000
202200040131;14;1;2022;04:08;5;92;92064;2;1;8;7;CARNOT;48,8460810000;2,2239160000
202200040132;5;12;2022;12:00;1;67;67482;2;1;1;2;LOUIS PASTEUR (QUAI);48,5742600000;7,7399400000
202200040133;25;9;2022;14:00;1;91;91552;2;1;1;6;RUE DE CHANTELOUP;48,5958520000;2,2548580000
202200040134;14;1;2022;13:10;1;92;92050;2;2;1;2;PROVINCES FRANCAISES BD DES;48,8989324105;2,2137236595
202200040135;4;12;2022;04:50;5;67;67043;2;1;1;6;GUIRBADEN (RUE DU);48,6170000000;7,7644900000
202200040136;12;1;2022;11:20;1;92;92036;2;1;1;2;PIERRE DE COUBERTIN PROLONGE;48,9343270323;2,2808940858
202200040137;25;9;2022;00:10;5;91;91631;2;1;1;2;RUE BOIELDIEU;48,6834900000;2,5452400000
202200040138;3;12;2022;19:56;5;66;66136;2;3;1;3;;42,7256300000;2,8809200000
202200040139;14;1;2022;00:00;5;92;92023;2;3;1;3;GENERAL DE GAULLE (AVENUE DU);48,7900618848;2,2629678100
202200040140;5;12;2022;17:15;5;64;64024;2;1;1;6;parking BAB 2;43,4849800000; -1,5032800000
202200040141;7;1;2022;15:15;1;92;92004;2;1;1;6;CONCORDE ( RUE DE LA );48,9125014419;2,2906655073
202200040142;5;12;2022;08:45;1;64;64102;2;1;1;3;Avenue Raymond de Martres;43,4845640000; -1,4826510000
202200040143;25;9;2022;06:00;5;91;91667;2;2;1;3;CORBEIL (ROUTE DE);48,6585800000;2,3397700000
202200040144;5;12;2022;00:25;5;64;64024;2;1;1;7;BAYONNE (AVENUE DE);43,4807200000; -1,5140000000
202200040145;24;9;2022;19:55;5;91;91223;2;1;2;7;GUINETTE (PROMENADE DE);48,4349730000;2,1548700000
202200040146;15;1;2022;13:55;1;26;26355;1;2;1;3;D112;45,0886340000;5,1157130000
202200040147;4;12;2022;05:00;3;63;63113;2;2;1;3;Eminée / Ernest Cristal;45,7590300000;3,1444200000
202200040148;14;1;2022;18:20;5;22;22094;2;2;1;3;Rue Charles de Gaulle;48,6089410000; -2,1477840000
202200040149;29;11;2022;11:51;1;63;63113;2;3;1;3;SABLON (COURS) /Alboise;45,7744300000;3,0900400000
202200040150;14;1;2022;18:30;3;28;28380;1;4;5;1;D939;48,4138140000;1,5855070000
202200040151;24;9;2022;15:41;1;87;87085;2;1;3;4;MAS-GIGOU (RUE DU);45,8648500000;1,2603600000
202200040152;30;10;2022;20:00;5;62;62004;2;1;1;3;Route de Bapaume;50,2746053274;2,7832918167
202200040153;15;1;2022;05:35;5;67;67423;2;2;5;6;Rue Principale;48,7070280000;7,5123420000
202200040154;13;1;2022;15:35;1;22;22193;1;1;1;6;RN12;48,4240116652; -2,4541872047
202200040155;5;12;2022;12:55;1;61;61001;2;1;1;2;GUILLAUME LE CONQUERANT (RUE);48,4165000000;0,0925700000
202200040156;9;9;2022;19:19;1;87;87085;2;1;1;4;DUMAS (AVENUE GEORGES);45,8266800000;1,2640400000
202200040157;2;12;2022;16:55;5;57;57283;2;1;2;3;CROIZAT (RUE AMBROISE);49,2465700000;6,1669600000
202200040158;5;12;2022;22:00;5;57;57660;2;1;1;6;NATIONALE(RUE)R.SCHOENECK A LIMITE CIRCO;49,2017200000;6,9449800000
202200040159;15;1;2022;12:00;1;22;22034;1;1;1;7;RD 767, PR 43+863, sens LANNION-GUINGAMP, lieu-dit rumilio;48,6751360003; -3,3534264565
202200040160;9;9;2022;02:30;5;87;87085;2;1;1;7;BANCS (PLACE DES);45,8295100000;1,2580600000
202200040161;2;12;2022;23:36;5;56;56121;2;2;1;6;11 Quai des Indes;47,7459000000; -3,3603700000
202200040162;26;9;2022;15:30;1;83;83144;2;1;1;3;SAINTE CECILE (AVE DE);43,1411900000;5,9830700000
202200040163;5;12;2022;16:27;2;54;54323;1;1;2;6;520 (ROUTE DEPARTEMENTALE);49,5117500000;5,7773300000
202200040164;5;12;2022;17:15;5;51;51454;2;1;2;2;avenue de Champagne;49,2327100000;4,0378100000
202200040165;20;9;2022;23:00;5;83;83137;2;1;1;2;JUIN (AVE ALPHONSE);43,1200621896;5,9466888607
202200040166;4;12;2022;21:00;5;51;51454;2;2;2;3;rue Belin;49,2690800000;4,0295600000
202200040167;3;12;2022;17:50;5;50;50129;2;3;1;3;VAUBAN (RUE);49,6526500000; -1,6520700000
202200040168;24;9;2022;19:45;5;83;83069;2;1;1;3;LECLERC (AVENUE MARECHAL);43,1212753647;6,1109570861
202200040169;3;12;2022;21:44;5;49;49007;2;6;1;3;BAUMETTE PROMENADE;47,4561600000; -0,5716700000
202200040170;26;9;2022;10:20;1;81;81004;2;9;1;6;COLOMBIER (DU PERE);43,9308882731;2,1645909548
202200040171;5;12;2022;12:17;1;47;47001;2;1;1;3;MIDI (AVENUE DU);44,1904100000;0,6137500000
202200040172;5;12;2022;13:30;1;45;45004;2;1;8;3;745 Rue du Maréchal Juin;47,9695410000;2,7825150000
202200040173;16;9;2022;14:00;1;80;80021;2;1;1;6;MAURICE RAVEL (RUE);49,9136300000;2,3075600000
202200040174;5;12;2022;18:15;5;43;43157;2;3;4;3;Route de Montredon;45,0505900000;3,8991100000
202200040175;2;11;2022;19:55;5;42;42218;2;4;1;1;Rue de la Croix de Mission;45,4285900000;4,3729000000
202200040176;26;9;2022;13:40;1;77;77307;2;1;2;3;D231;48,8533000000;2,7609400000
202200040177;26;11;2022;13:50;1;42;42218;2;2;1;3;Boulevard Alfred de Musset;45,4426200000;4,3791400000
202200040178;5;12;2022;08:38;2;41;41018;2;1;2;6;DUGUESCLIN (RUE BERTRAND);47,5984200000;1,2991600000
202200040179;12;9;2022;17:00;1;77;77243;2;1;7;3;D934;48,8776400000;2,7295700000
202200040180;5;12;2022;18:10;2;37;37261;2;6;1;2;SAINT SAUVEUR (PONT);47,3735800000;0,6787400000
202200040181;5;12;2022;19:25;5;35;35055;2;6;1;6;BONNIN ANDRE (AVENUE);48,0858700000; -1,6145700000
202200040182;5;12;2022;17:35;5;35;35238;2;2;1;6;123 Rue de Lorient;48,1076198409; -1,7153343558
202200040183;12;9;2022;08:15;1;77;77085;2;1;7;2;D5;48,8515600000;2,7396600000
202200040184;5;12;2022;16:40;1;35;35238;2;1;1;6;BREST (DE);48,1117400000; -1,6891800000
202200040185;23;9;2022;19:40;1;76;76481;1;1;2;2;RD 6382;49,5325080000;0,1173930000
202200040186;4;12;2022;22:30;5;33;33162;2;1;1;6;Avenue de la Pompe;44,8894800000; -0,6453500000
202200040187;5;12;2022;18:41;5;31;31555;1;1;1;4;12 LES IZARDS (PERIPH EST A62);43,6467800000;1,4462100000
202200040188;4;11;2022;15:00;1;30;30189;2;3;1;3;CASERNETTE (RUE);43,8310000000;4,3543000000
202200040189;23;9;2022;12:40;1;76;76341;1;4;1;3;RD 6382;49,5222400000;0,1858300000
202200040190;21;10;2022;08:05;1;30;30189;2;1;1;3;;43,8193400000;4,3382300000
202200040191;29;10;2022;16:40;1;30;30189;1;1;1;6;CAMPAGNOLE (IMPASSE);43,7762600000;4,3594200000
202200040192;11;10;2022;18:50;1;30;30189;2;1;1;6;SEVILLE (ALLEE);43,8476000000;4,3637000000
202200040193;11;9;2022;17:00;1;76;76341;1;1;1;2;RD 6015;49,5082900000;0,1964500000
202200040194;1;12;2022;16:05;1;29;29254;2;1;1;6;Rue de la Mairie;48,5770565743; -3,8407400608
202200040195;4;12;2022;21:00;5;29;29019;2;1;1;3;rue Dupuy de Lome;48,3905791960; -4,5096123217
202200040196;24;9;2022;16:30;1;73;73065;2;1;1;4;1263 Avenue de la Boisse ;45,5810726981;5,9117236372
202200040197;25;9;2022;22:30;5;69;69266;2;1;1;7;Cours Emile Zola;45,7634000000;4,9121900000
202200040198;5;12;2022;07:50;5;28;28229;2;6;1;3;PHILIPPE (AVENUE GERARD);48,4502500000;1,4519300000
202200040199;25;9;2022;11:30;1;69;69266;2;1;2;1;Autoroute 42;45,7835790183;4,8933523893
202200040200;5;12;2022;06:25;5;26;26170;1;6;1;3;CHABEUIL ROUTE DE (101);44,9203500000;4,9377070000
202200040201;12;9;2022;19:30;1;69;69282;2;1;1;6;Rue Albert Camus;45,7852113508;5,0220045447