Num_Acc;jour;mois;an;hrmn;lum;dep;com;agg;int;atm;col;adr;lat;long
202200040202;4;12;2022;00:40;4;19;19031;2;1;2;6;LACHAUD (BOULEVARD EDOUARD);45,1571900000;1,5300700000
202200040203;3;12;2022;01:45;3;19;19031;1;1;2;6;MOULIN (BOULEVARD JEAN) COTE POMPIERS;45,1632100000;1,5007400000
202200040204;12;9;2022;07:35;1;69;69091;2;1;1;6;Place du Bassin;45,5909093890;4,7737392783
202200040205;4;12;2022;06:21;5;13;13207;2;9;2;1;CHARLES LIVON (BOULEVARD);43,2915000000;5,3558600000
202200040206;9;9;2022;16:33;1;67;67462;2;1;1;1;CHARLEMAGNE (BOULEVRD);48,2633000000;7,4552000000
202200040207;5;12;2022;12:10;1;13;13004;2;3;1;5;AV DE LA LIBERATION;43,7027573889;4,6412639952
202200040208;4;12;2022;16:55;5;10;10387;2;2;2;6;QUATORZE JUILLET (RUE DU);48,2944042448;4,0784221888
202200040209;4;12;2022;05:20;5;06;06088;2;1;2;1;PHOCEENS (AV. DES);43,6951000000;7,2688000000
202200040210;29;11;2022;16:20;2;77;77243;2;2;1;6;D221;48,8799540000;2,7048140000
202200040211;13;7;2022;16:30;1;69;69387;2;2;7;3;Rue de l'Effort;45,7328400000;4,8375400000
202200040212;25;8;2022;16:05;1;74;74010;2;3;1;3;GAMBETTA;45,9111800000;6,1280700000
202200040213;24;8;2022;20:45;2;74;74177;1;1;1;6;D27;46,0462950000;6,1885320000
202200040214;24;8;2022;13:30;1;74;74010;2;3;1;3;FIER (BOULEVARD DU));45,9142700000;6,1145500000
202200040215;18;8;2022;01:34;5;74;74010;2;1;3;1;EUSTACHE CHAPPUIS;45,9010000000;6,1280000000
202200040216;13;7;2022;00:58;5;2B;2B033;2;3;1;1;AV DE LA LIBERATION;42,6796300000;9,4433900000
202200040217;13;8;2022;11:45;1;74;74256;1;1;1;2;Autoroute 40;45,9552670000;6,6354310000
202200040218;6;8;2022;20:30;2;74;74081;2;2;1;3;Avenue des Glières;46,0738560000;6,5654200000
202200040219;13;7;2022;13:20;1;2A;2A004;2;1;1;2;GEORGES POMPIDOU AVENUE;41,9298047181;8,7589641113
202200040220;4;8;2022;10:55;1;74;74010;2;3;1;3;MARQUISATS (AVENUE DES);45,8970200000;6,1316500000
202200040221;29;9;2022;19:25;2;2A;2A085;1;3;2;3;Pisciatella;41,9114590000;8,8374550000
202200040222;4;12;2022;13:30;1;988;98818;2;1;3;6;VE1; -22,2495900000;166,4503400000
202200040223;13;7;2022;13:32;1;91;91027;2;9;1;3;RTE NATIONALE 7;48,7085600000;2,3714700000
202200040224;4;12;2022;14:17;1;976;97611;2;1;1;1;tsoundzou-SIM ( rue de la ); -12,8185000000;45,1967000000
202200040225;4;12;2022;21:40;5;69;69383;2;2;1;3;DESAIX                             (R );45,7575800000;4,8564100000
202200040226;4;12;2022;05:05;5;69;69386;2;2;2;6;Cours Vitton;45,7696200000;4,8541900000
202200040227;13;7;2022;10:40;1;91;91479;2;9;1;5;RTE DE FONTAINEBLEAU;48,7250200000;2,3699900000
202200040228;4;12;2022;14:05;1;972;97209;2;1;1;6;CHATEAUBOEUF (ROUTE DE);14,6165000000; -61,0480000000
202200040229;3;12;2022;12:15;1;972;97209;2;1;1;2;SAINT CHRISTOPHE (RUE);14,6107500000; -61,0509300000
202200040230;4;12;2022;00:50;4;972;97209;2;1;1;7;GENERAL DE GAULLE (BLD DU);14,6076400000; -61,0685200000
202200040231;13;7;2022;11:20;1;91;91223;1;1;1;2;R.D. 20;48,4492000000;2,1745000000
202200040232;3;12;2022;21:50;5;69;69382;2;1;2;5;Quai Docteur Gailleton;45,7542500000;4,8344200000
202200040233;12;7;2022;08:30;1;87;87085;2;1;1;4;CHURCHILL WINSTON (PLACE);45,8316700000;1,2516800000
202200040234;4;12;2022;14:23;1;95;95306;2;1;1;2;Boulevard Joffre;48,9939414139;2,1764168143
202200040235;11;7;2022;18:14;1;87;87048;1;1;1;6;SOLIGNAC (RUE DE);45,7819700000;1,2617500000
202200040236;4;12;2022;16:45;1;91;91345;2;1;1;2;AV DE MORANGIS;48,7000000000;2,3000000000
202200040237;4;12;2022;18:15;5;81;81065;2;1;1;6;CORBIERE (ALL.);43,6038000000;2,2369200000
202200040238;11;7;2022;14:49;1;87;87085;2;1;1;2;SAINT MARTIAL (QUAI);45,8219100000;1,2641200000
202200040239;4;12;2022;18:55;5;76;76540;2;3;1;3;Pont Jeanne d'Arc;49,4387662913;1,0885262489
202200040240;3;12;2022;20:05;5;76;76259;2;1;1;6;BERIGNY (QUAI);49,7599800000;0,3691600000
202200040241;4;12;2022;15:00;1;76;76026;2;1;1;7;CHAUSSEE (RUE DE LA);49,8808900000;1,1326900000
202200040242;11;7;2022;14:39;1;87;87192;1;1;1;7;DU BAS LEYCURAS (CHEMIN);45,7953900000;1,2643100000
202200040243;13;7;2022;03:05;3;85;85194;2;1;1;7;l'aumonerie;46,5314600000; -1,7757700000
202200040244;4;12;2022;19:25;5;69;69264;2;2;2;2;Rue Ernest Renan;45,9903400000;4,7071300000
202200040245;5;12;2022;00:21;5;59;59512;2;6;8;6;GAND (QUAI DE);50,7062500000;3,1794700000
202200040246;5;12;2022;00:25;5;59;59527;2;1;2;7;DE LATTRE TASSIGNY AVN°270A620;50,6620700000;3,0341100000
202200040247;13;7;2022;00:40;5;80;80021;2;1;1;6;JULES FERRY (CHAUSSEE);49,8767200000;2,3437500000
202200040248;4;12;2022;10:00;1;59;59350;2;2;8;3;ARC RUE JEANNE D;50,6227000000;3,0641400000
202200040249;3;12;2022;05:15;5;59;59122;2;1;1;6;CATEAU (AVENUE DU);50,1693000000;3,2611000000
202200040250;4;12;2022;21:40;5;50;50502;2;3;2;6;MIDI;49,1110710000; -1,0837350000
202200040251;12;7;2022;20:45;1;77;77133;1;1;1;7;D18;48,4001700000;3,0301600000
202200040252;4;12;2022;16:50;2;47;47001;2;3;1;3;GRIFFON (RUE GABRIEL);44,2057773196;0,6156912446
202200040253;4;12;2022;20:45;5;42;42044;2;2;8;3;Rue de la Malafolie;45,3941100000;4,3033200000
202200040254;12;7;2022;18:30;1;77;77251;1;1;1;6;AV PIERRE POINT;48,6273300000;2,5666700000
202200040255;4;12;2022;20:30;5;33;33039;2;3;1;2;Route de Toulouse;44,7854900000; -0,5663200000
202200040256;4;12;2022;04:00;5;33;33063;2;6;1;6;Rue Léo Saignat;44,8268787868; -0,5963671803
202200040257;13;7;2022;18:00;1;77;77307;2;1;1;3;RUE DE ROME;48,8574500000;2,7554400000
202200040258;4;12;2022;09:35;1;30;30007;2;2;1;3;SILHOL (MONTEE);44,1258000000;4,0922000000
202200040259;4;12;2022;19:15;5;25;25056;2;1;1;6;DOLE RUE DE (inf 82);47,2315410000;5,9981140000
202200040260;12;7;2022;19:10;1;76;76447;1;1;1;7;E0489A4;49,5316300000;0,1858800000
202200040261;4;12;2022;14:20;1;14;14715;2;1;8;7;Boulevard Fernand Moureaux;49,3631400000;0,0841300000
202200040262;3;12;2022;14:20;1;13;13203;2;1;2;7;BUREL (BOULEVARD ET PLACE);43,3146700000;5,3878800000
202200040263;12;7;2022;02:10;5;76;76351;2;1;1;6;PONT ROUGE;49,4878300000;0,1849000000
202200040264;5;12;2022;00:15;5;06;06088;2;2;2;3;REINE-JEANNE (R.);43,7057700000;7,2622200000
202200040265;4;12;2022;23:20;5;06;06069;2;1;3;6;DE LATTRE DE TASSIGNY (AVENUE DU MARECHA;43,6480000000;6,9280000000
202200040266;4;12;2022;12:45;1;06;06069;2;1;2;6;DRAGUIGNAN (ROUTE DE) - D2562-;43,6444800000;6,8996800000
202200040267;13;7;2022;19:10;1;74;74012;2;6;1;6;SALEVE (RUE DU);46,1904000000;6,2328000000
202200040268;4;12;2022;06:15;5;75;75117;2;4;1;2;PORTE DE CLICHY;48,8969120000;2,3112430000
202200040269;5;12;2022;16:10;1;75;75106;2;2;8;6;RUE D ASSAS;48,8478170000;2,3295730000
202200040270;4;12;2022;22:00;5;75;75120;2;4;2;6;AVENUE CARTELLIER;48,8640748093;2,4137493968
202200040271;13;7;2022;13:50;1;71;71270;2;2;1;3;LILAS (RUE DES);46,3097700000;4,8268600000
202200040272;5;12;2022;07:45;5;75;75119;2;3;2;3;AVENUE DE FLANDRE;48,8878930000;2,3735170000
202200040273;5;12;2022;07:45;2;75;75117;2;2;2;2;AVENUE DE LA PORTE D ASNIERES;48,8923270000;2,3010890000
202200040274;13;7;2022;22:40;5;69;69266;2;3;1;3;Avenue Roger Salengro;45,7792200000;4,8810800000
202200040275;5;12;2022;17:30;5;75;75116;2;2;1;6;AVENUE D IENA;48,8705790000;2,2957460000
202200040276;4;12;2022;21:00;5;75;75116;2;4;2;3;ROUTE DES LACS A PASSY;48,8581920000;2,2619460000
202200040277;13;7;2022;12:50;1;69;69266;2;3;7;3;Route de Genas;45,7543262589;4,8839686811
202200040278;4;12;2022;03:40;5;75;75115;2;2;1;3;QUAI DE GRENELLE;48,8544310000;2,2886810000
202200040279;12;7;2022;04:20;5;69;69264;2;1;1;6;Avenue Theodore Braun;45,9808100000;4,7402200000
202200040280;5;12;2022;09:20;1;75;75114;2;3;8;3;BOULEVARD JOURDAN;48,8196820000;2,3416180000
202200040281;5;12;2022;07:40;5;75;75113;2;5;1;6;RUE NATIONALE;48,8217030000;2,3693780000
202200040282;12;7;2022;22:37;5;66;66136;2;1;1;6;ZOLA (EMILE);42,6980900000;2,8985500000
202200040283;5;12;2022;07:00;2;75;75112;2;2;2;6;QUAI DE LA RAPEE;48,8434300000;2,3707810000
202200040284;8;7;2022;20:30;1;64;64483;2;1;1;3;Avenue André Ithurralde;43,3961000000; -1,6464000000
202200040285;5;12;2022;15:50;1;75;75111;2;3;1;1;RUE DU CHEMIN VERT;48,8591600000;2,3749680000
202200040286;5;12;2022;07:30;5;75;75112;2;1;2;3;RUE DE REUILLY;48,8425670000;2,3922830000
202200040287;13;7;2022;18:15;1;64;64445;2;2;1;3;ALSACE LORRAINE D';43,3051500000; -0,3726500000
202200040288;5;12;2022;13:45;1;75;75109;2;3;8;3;PLACE DE L OPERA;48,8711490000;2,3323420000
202200040289;5;12;2022;14:00;1;75;75108;2;2;8;3;BOULEVARD DES BATIGNOLLES;48,8822370000;2,3202880000
202200040290;12;7;2022;17:02;1;63;63113;2;1;1;1;PRE LA REINE (RUE DU);45,7841700000;3,1147300000
202200040291;13;7;2022;21:00;1;61;61001;2;1;1;6;MASSON (PLACE);48,4300000000;0,0848200000
202200040292;5;12;2022;10:30;1;75;75108;2;5;1;3;RUE DE COURCELLES;48,8763880000;2,3078860000
202200040293;12;7;2022;19:55;1;60;60414;2;9;1;6;Rue Voltaire;49,2584300000;2,4277400000
202200040294;4;12;2022;15:37;1;75;75107;2;1;1;6;PONT ROYAL;48,8601260000;2,3299290000
202200040295;5;12;2022;07:05;2;94;94074;2;4;2;6;Rue du Colonel Fabien;48,7415400000;2,4746000000
202200040296;13;7;2022;16:58;1;59;59350;2;2;1;3;DUNKERQUE AVENUE DE;50,6303600000;3,0349600000
202200040297;30;11;2022;09:40;1;94;94058;2;1;1;3;LEDRU ROLLIN (AV);48,8424100000;2,5021450000
202200040298;27;11;2022;05:35;5;94;94052;2;1;2;7;PONT DE NOGENT;48,8324763639;2,4930703639
202200040299;5;12;2022;08:00;5;94;94041;2;1;2;6;GARE (R DE LA);48,8147000000;2,3917400000
202200040300;12;7;2022;22:35;5;59;59183;2;2;1;6;SAINTE BARBE - BOULEVARD;51,0346655488;2,3860059679
202200040301;4;12;2022;23:42;5;94;94041;2;1;2;4;Avenue de la République;48,8051000000;2,3942000000
202200040302;9;7;2022;13:00;1;59;59569;1;1;1;1;RD 500;50,3761259264;3,1265196204
202200040303;11;7;2022;19:15;1;51;51108;2;2;1;3;Avenue de Metz;48,9592029337;4,3836870790
202200040304;5;12;2022;08:35;2;94;94022;2;2;3;6;Avenue Anatole France / Rue Robert Peary;48,7548435650;2,4150866727
202200040305;13;7;2022;18:48;1;50;50218;2;1;1;2;FOURNEAU (RUE DU);48,8167700000; -1,5719000000
202200040306;5;12;2022;05:30;5;94;94017;2;2;2;3;Avenue de la République / Chemin Lateral du Nord;48,8252900000;2,5098700000
202200040307;12;7;2022;23:40;5;50;50129;2;1;1;7;LECLERC (RUE DU MARECHAL));49,6364000000; -1,6338400000
202200040308;5;12;2022;19:00;5;94;94004;2;1;2;6;GENERAL LECLERC (AV DU);48,7507900000;2,5073700000
202200040309;5;12;2022;16:10;1;94;94002;2;3;8;6;LYON (R DE);48,7849400000;2,4275700000
202200040310;12;7;2022;23:05;5;49;49007;2;1;1;7;RECOUVREUR;47,4520500000; -0,5592300000
202200040311;5;12;2022;15:20;1;93;93045;2;2;8;3;Voie de la Résistance / Voie de la Déportation;48,8867730000;2,4202350000
202200040312;12;7;2022;17:57;1;49;49015;2;6;1;3;DE GAULLE ROND POINT DU GENERAL;47,5006300000; -0,5900800000
202200040313;3;12;2022;17:50;2;93;93051;2;1;1;3;Rue du Centre;48,8384400000;2,5457300000
202200040314;5;12;2022;14:30;1;93;93027;2;2;1;3;Rue Edgar Quinet / Rue de la Convention;48,9272600000;2,3932340000
202200040315;12;7;2022;08:25;1;49;49007;2;8;1;3;AYRAULT;47,4765400000; -0,5513300000
202200040316;5;12;2022;07:50;5;93;93005;2;5;4;6;Route de Mitry / Rue du Préfet Chaleil;48,9403350000;2,5024450000
202200040317;5;12;2022;07:10;5;93;93005;2;1;4;6; Place du Général de Gaulle;48,9317240000;2,4941930000
202200040318;11;7;2022;10:45;1;49;49015;2;1;1;6;DE GAULLE AVENUE DU GENERAL;47,5022400000; -0,5925100000
202200040319;5;12;2022;15:45;1;92;92073;2;1;8;6;DIEDRICH (RUE VICTOR);48,8631558351;2,2140342593
202200040320;5;12;2022;09:00;1;92;92073;2;3;2;3;GALLIENI (QUAI);48,8737000000;2,2363000000
202200040321;5;12;2022;08:40;1;92;92062;2;2;2;1;FUSILLES DE LA RESISTANCES (RUE DES) N°1;48,8827700000;2,2236300000
202200040322;13;7;2022;19:50;1;43;43041;2;3;1;1;54 Avenue Charles Dupuy;45,0492978431;3,9192920923
202200040323;5;12;2022;07:25;5;92;92062;2;4;2;6;REPUBLIQUE (RUE DE LA) DU 102 AU 200;48,8841195535;2,2314246297
202200040324;5;12;2022;19:00;5;92;92051;2;1;1;1;COMMANDANT CHARCOT (BOULEVARD DU);48,8754078483;2,2558488250
202200040325;5;12;2022;03:15;5;92;92049;2;1;2;7;PERI RUE GABRIEL N°38 A 82;48,8186645956;2,3187326789
202200040326;13;7;2022;13:10;1;37;37261;2;1;1;2;CHEVALLIER (RUE AUGUSTE);47,3780600000;0,6796400000
202200040327;5;12;2022;08:49;1;92;92040;2;1;2;3;ARISTIDE BRIAND;48,8213600000;2,2538300000
202200040328;5;12;2022;21:30;5;92;92035;2;2;1;3;République ( boulevard de la );48,9063400000;2,2487000000
202200040329;13;7;2022;09:25;1;37;37261;2;2;1;3;FOURNIER (RUE DU DOCTEUR);47,3857947869;0,7035595179
202200040330;5;12;2022;08:30;1;92;92026;2;1;2;7;MARECHAL JOFFRE (QUAI DU);48,9024000000;2,2819700000
202200040331;5;12;2022;16:00;1;92;92025;2;3;1;3;KLEBER (AV);48,9311710000;2,2443640000
202200040332;12;7;2022;00:21;5;37;37261;2;2;1;3;CONSTANTINE (RUE DE);47,3949500000;0,6844200000
202200040333;5;12;2022;17:45;5;92;92023;2;7;1;6;HENRI BARBUSSE (AVENUE);48,8054500000;2,2592400000
202200040334;6;12;2022;06:34;3;71;71383;1;1;1;4;Autoroute A6, PK 374.300, direction paris;46,4240660000;4,8674690000
202200040335;13;7;2022;08:30;1;35;35281;2;1;1;6;TEMPLE-DE-BLOSNE (RUE DU);48,0867349157; -1,7010931671
202200040336;1;12;2022;21:00;3;83;83086;1;1;1;6;RD25 PK49;43,4237440000;6,5683650000
202200040337;5;12;2022;19:20;3;64;64057;1;4;1;1;D31;43,4890860000; -0,6112430000
202200040338;13;7;2022;22:35;5;33;33063;2;3;1;2;Quai de Bacalan;44,8610000000; -0,5530000000
202200040339;6;12;2022;13:10;1;971;97132;1;1;1;6;Route de Cardonnet;15,9822520000; -61,6600640000
202200040340;5;12;2022;17:30;5;84;84039;2;1;1;1;18 boulevard de la république;44,0852190000;4,8839810000
202200040341;11;7;2022;17:10;1;33;33318;2;3;1;3;Avenue de la Tuileranne;44,7857900000; -0,6360800000
202200040342;2;12;2022;18:15;5;77;77182;2;1;2;1;D204;48,7864060000;3,3023090000
202200040343;13;7;2022;11:25;1;33;33009;2;2;1;3;MESTREZAT (BD);44,6546800000; -1,1464800000
202200040344;6;12;2022;06:40;4;95;95566;2;1;5;6;Allee de la Fontaine au Roy;49,1037480000;2,3347930000
202200040345;13;7;2022;02:00;3;32;32013;2;1;1;7;TOULOUSE (ROUTE DE);43,6516597993;0,6190216541
202200040346;1;12;2022;21:00;5;69;69248;2;3;1;6;519 route de roanne;46,0361100000;4,2911000000
202200040347;5;12;2022;17:50;2;32;32443;1;2;1;6;Départementale 3;43,6643890000; -0,0065450000
202200040348;12;7;2022;06:00;1;30;30007;1;1;1;7;Avenue Monge;44,1448603757;4,1021617055
202200040349;5;12;2022;19:00;3;46;46052;1;1;1;6;RD 802;44,6099280000;1,9481960000
202200040350;2;12;2022;18:05;3;46;46046;2;1;1;6;lieu-dit regnac;44,5185370000;1,4097050000
202200040351;11;7;2022;10:30;1;29;29039;1;2;1;3;D783 - BEUZEC;47,8814700000; -3,9101600000
202200040352;5;12;2022;22:00;3;38;38184;1;1;5;1;route departementale 1006;45,6678507370;5,0866297688
202200040353;12;7;2022;15:55;1;19;19031;2;3;1;6;QUINTEL (RUE GERMAIN);45,1487227650;1,5111243725
202200040354;10;7;2022;17:35;1;19;19031;2;1;1;1;GUYNEMER (AVENUE);45,1508943708;1,5110063553
202200040355;6;12;2022;11:45;1;06;06032;2;5;1;4;Route Moyenne Corniche;43,7245690000;7,4017740000
202200040356;13;7;2022;11:00;1;14;14220;2;1;7;6;D513;49,3534200000;0,0633500000
202200040357;3;12;2022;19:00;3;36;36105;2;4;1;3;;46,7468010000;1,0468390000
202200040358;13;7;2022;10:15;1;13;13103;2;2;1;1;AVENUE DONNADIEU - ROGER;43,6414655318;5,1033153431
202200040359;6;12;2022;08:55;1;53;53147;1;1;1;7;RN12;48,3087130203; -0,6478627877
202200040360;13;7;2022;07:05;1;13;13077;2;1;1;6;PEYRE AUGUSTE ET MARIUS (avenue);43,4195300000;4,9877200000
202200040361;13;7;2022;21:25;2;13;13209;2;1;1;7;LUMINY (AVENUE DE);43,2462600000;5,4362800000
202200040362;5;12;2022;16:55;1;04;04116;2;3;1;3;Rd4;44,0335470000;5,9865300000
202200040363;13;7;2022;11:10;1;13;13002;2;1;1;6;JEAN GIONO (AVENUE);43,3355500000;5,4769100000
202200040364;4;12;2022;05:00;3;28;28335;1;1;1;6;Les Gaudonnieres;48,4485140000;0,9907540000
202200040365;13;7;2022;06:20;1;13;13215;2;9;1;2;PADOUANE (BD DE LA );43,3500000000;5,3600000000
202200040366;4;12;2022;18:28;3;88;88246;1;1;2;1;D429;48,2566130000;6,1260150000
202200040367;13;7;2022;07:30;1;13;13203;2;1;1;1;CARAVELLE (RUE);43,3179580041;5,3715774101
202200040368;30;11;2022;15:10;1;33;33122;2;1;1;6;20 avenue du maréchal de lattre de tassigny;44,7784540000; -0,6974820000
202200040369;12;7;2022;21:15;2;13;13210;2;1;1;3;ROMAIN ROLLAND (BOULEVARD);43,2759300000;5,4174700000
202200040370;2;12;2022;16:25;1;06;06088;1;1;1;3;A8 PK 186.200 NORD;43,6687210000;7,1989950000
202200040371;12;7;2022;11:45;1;13;13207;2;1;1;1;Corniche John Fitzgérald Kennedy;43,2842900000;5,3500200000
202200040372;5;12;2022;17:25;3;51;51571;1;1;1;4;A4;49,1528710000;4,2016640000
202200040373;13;7;2022;17:05;1;75;75118;2;1;1;6;ECHANGEUR CHAPELLE;48,9003790000;2,3602820000
202200040374;2;12;2022;01:00;3;28;28367;1;1;8;6;Autoroute A10 pk 070+000 vers PARIS;48,1565310000;1,8551820000
202200040375;11;7;2022;13:30;1;75;75113;2;1;1;5;QUAI D IVRY;48,8262150000;2,3877800000
202200040376;5;12;2022;08:00;2;27;27099;1;1;1;4;Route nationale 154;49,0825240000;1,1882400000
202200040377;11;7;2022;08:50;1;75;75112;2;1;1;2;ECHANGEUR BERCY;48,8287680000;2,3987160000
202200040378;6;12;2022;17:50;1;976;97608;2;1;1;6;Boulevard des Amoureux; -12,7871100000;45,2790190000
202200040379;11;7;2022;07:45;1;75;75116;2;1;1;2;ECHANGEUR MUETTE;48,8674120000;2,2691630000
202200040380;2;12;2022;07:00;1;971;97117;2;1;1;4;Route de Saint-françois;16,3288760000; -61,3420560000
202200040381;28;11;2022;17:45;3;13;13119;2;1;3;2;route de la ciotat;43,2661910000;5,5856040000
202200040382;30;11;2022;12:00;1;13;13015;2;3;1;3;D60a;43,4467010000;5,4118530000
202200040383;12;7;2022;20:40;1;75;75110;2;2;1;3;RUE LA FAYETTE;48,8806160000;2,3620230000
202200040384;3;11;2022;17:30;3;68;68334;2;1;3;6;42 Rue de la 1ere Armee;47,8110940000;7,1020980000
202200040385;6;12;2022;17:25;5;07;07324;2;1;8;3;D86;45,0501490000;4,8312590000
202200040386;5;12;2022;18:05;2;69;69005;2;1;1;4;Route de Lyon;45,9335280000;4,7244160000
202200040387;12;7;2022;12:31;1;75;75115;2;3;1;6;RUE DE VAUGIRARD;48,8391320000;2,3000580000
202200040388;5;12;2022;20:35;3;09;09321;1;1;1;6;Route Nationale 20;42,8264580000;1,6168970000
202200040389;6;12;2022;15:09;1;86;86287;1;1;1;3;D759;47,0558120000;0,1498710000
202200040390;28;11;2022;18:15;3;33;33227;1;1;1;6;D 932 E 10;44,5382940000; -0,2395160000
202200040391;6;12;2022;17:50;3;60;60139;2;1;1;1;D923;49,1813069161;2,2354989051
202200040392;12;7;2022;00:36;5;75;75120;2;1;1;6;AVENUE GAMBETTA;48,8742580000;2,4054140000
202200040393;5;12;2022;14:50;1;59;59063;1;6;2;7;Rue Victor Watremez ( RD 643);50,1382920000;3,3929840000
202200040394;6;12;2022;01:40;3;59;59582;1;6;1;7;D642;50,7293110000;2,6236720000
202200040395;5;12;2022;20:50;3;69;69283;1;1;1;7;Autoroute 46;45,6657300000;4,9249600000
202200040396;30;11;2022;21:35;3;69;69286;1;1;1;2;Autoroute 46;45,8102900000;4,9167500000
202200040397;13;7;2022;09:21;1;75;75106;2;2;1;2;RUE DE RENNES;48,8489840000;2,3287420000
202200040398;5;12;2022;11:00;1;33;33448;1;1;1;2;AUTOROUTE A 62;44,7116360000; -0,5150940000
202200040399;12;7;2022;22:50;5;75;75117;2;2;1;5;AVENUE DE WAGRAM;48,8815640000;2,3007040000
202200040400;5;12;2022;09:15;1;33;33122;1;1;1;4;AUTOROUTE A 63;44,7411831517; -0,7100075483
202200040401;13;7;2022;11:30;1;75;75115;2;3;1;6;RUE DESAIX;48,8525540000;2,2926630000
202200040402;12;7;2022;21:30;5;75;75115;2;1;1;6;BOULEVARD LEFEBVRE;48,8322110000;2,2895080000
202200040403;13;7;2022;15:28;1;75;75114;2;2;1;3;PLACE DU VINGT CINQ AOUT 1944;48,8232600000;2,3255400000
202200040404;13;7;2022;00:40;5;75;75114;2;3;1;3;AVENUE DE LA PORTE DE CHATILLON;48,8236820000;2,3170880000
202200040405;12;7;2022;19:30;1;75;75114;2;2;1;6;RUE RAYMOND LOSSERAND;48,8329480000;2,3162450000
202200040406;12;7;2022;18:50;1;75;75114;2;3;1;6;RUE DIDOT;48,8280020000;2,3155030000
202200040407;13;7;2022;01:45;5;75;75113;2;1;1;6;BOULEVARD DE L HOPITAL;48,8427860000;2,3640490000
202200040408;12;7;2022;12:00;1;75;75120;2;5;1;6;RUE DEVERIA;48,8727280000;2,3992520000
202200040409;13;7;2022;10:40;1;75;75108;2;2;1;3;PLACE SAINT AUGUSTIN;48,8756330000;2,3189000000
202200040410;13;7;2022;22:05;5;75;75106;2;2;1;3;RUE DE SEVRES;48,8515820000;2,3268190000
202200040411;13;7;2022;21:47;2;75;75103;2;2;1;6;RUE DE TURBIGO;48,8657750000;2,3574750000
202200040412;13;7;2022;13:35;1;75;75103;2;1;1;6;BOULEVARD DE SEBASTOPOL;48,8659680000;2,3523920000
202200040413;13;7;2022;09:20;1;75;75104;2;7;1;3;PLACE DE LA BASTILLE;48,8532600000;2,3685890000
202200040414;21;8;2022;00:10;3;94;94068;2;1;1;6;MARNE (BD DE LA);48,7910590000;2,5059080000
202200040415;12;7;2022;10:50;1;75;75104;2;2;1;3;RUE DES FRANCS BOURGEOIS;48,8572480000;2,3617730000
202200040416;22;8;2022;17:55;1;94;94038;2;2;1;3;Rue des Tulipes;48,7780060000;2,3526710000
202200040417;26;2;2022;13:40;1;53;53216;1;1;1;7;RN12;48,3271545309; -0,5695309324
202200040418;13;7;2022;17:30;1;94;94068;2;2;1;3;RAINCY (AV DU);48,7875800000;2,4803600000
202200040419;22;8;2022;11:35;1;94;94021;2;1;1;3;Rue de Lorraine;48,7640100000;2,3548300000
202200040420;22;8;2022;14:40;1;94;94017;2;3;1;3;Avenue Roger Salengro / Boulevard Aristide Briand;48,8186500000;2,4903000000
202200040421;13;7;2022;17:35;1;94;94016;2;3;1;5;LEON BLOY (R);48,7876900000;2,3197800000
202200040422;13;7;2022;15:55;1;94;94079;2;1;1;6;Avenue Emile Bernier;48,8256340000;2,5417420000
202200040423;22;8;2022;11:45;1;93;93073;2;1;1;5;Route des Petits Ponts;48,9663737568;2,5719424811
202200040424;13;7;2022;17:25;1;94;94018;2;3;1;6;Rue de Paris / Place Arthur Dussault;48,8198100000;2,4157100000
202200040425;22;8;2022;19:25;1;93;93059;2;2;1;6;Boulevard Jean Mermoz / Boulevard Charles de Gaulle;48,9670700000;2,3645300000
202200040426;13;7;2022;17:15;1;93;93070;2;1;1;3;64 Avenue Gabriel Péri;48,9071815833;2,3321836889
202200040427;26;2;2022;11:55;1;21;21712;1;1;1;5;RD 973 PK17+100;46,9943556579;4,7783954143
202200040428;12;7;2022;17:00;1;93;93006;2;3;1;6;Rue Robespierre / Rue Désiré Viénot;48,8623641576;2,4193903925
202200040429;22;8;2022;08:44;1;93;93070;2;6;1;1;Pont de Saint-Ouen / Quai de Seine;48,9182400000;2,3294100000
202200040430;13;7;2022;20:35;1;93;93031;2;2;7;3;Rue des Bourguignons / Rue Félix Merlin;48,9553100000;2,2902200000
202200040431;22;8;2022;14:37;1;92;92078;2;9;1;3;GALLIENI (BD) (1 A 79 ET 22 A 102);48,9252570000;2,3261190000
202200040432;12;7;2022;19:45;1;93;93008;2;9;1;3;Rue de Paris;48,8987950000;2,4429690000
202200040433;22;8;2022;12:50;1;92;92049;2;1;1;3;MARNE AVENUE DE LA;48,8132380048;2,3045239447
202200040434;26;2;2022;15:10;1;85;85156;1;1;1;4;RD 45;46,4967100000; -1,4443300000
202200040435;13;7;2022;17:45;1;93;93007;2;9;1;3;Avenue du 8 Mai 1945;48,9447880000;2,4349380000
202200040436;22;8;2022;08:50;1;92;92049;2;3;1;2;BRIAND AVENUE ARISTIDE N°2 A 114;48,8197712124;2,3255154490
202200040437;8;7;2022;02:40;5;92;92073;2;2;1;6;SELLIER (BOULEVARD HENRI);48,8675344694;2,2216978669
202200040438;22;8;2022;04:30;5;92;92049;2;7;1;7;REPUBLIQUE (AV DE LA);48,8172820850;2,3189654946
202200040439;12;7;2022;16:20;1;92;92072;2;1;1;7;PONT DE SEVRES;48,8279600000;2,2251100000
202200040440;22;7;2022;15:25;1;92;92036;2;3;1;6;LOUIS ROCHE (AVENUE) (1/45);48,9296504919;2,3093170523