Num_Acc;jour;mois;an;hrmn;lum;dep;com;agg;int;atm;col;adr;lat;long
202200040933;25;2;2022;09:40;1;60;60088;2;1;1;6;54bis Rue Pasteur;49,1964600000;2,2067550000
202200040934;13;6;2022;17:20;1;75;75112;2;2;1;3;RUE DE CHARENTON;48,8373070000;2,3912090000
202200040935;22;2;2022;16:30;1;59;59283;2;1;1;6;Rue de Coutant;50,2620240000;3,8385810000
202200040936;16;2;2022;07:54;2;91;91225;2;1;2;6;Avenue de la Fontaine au Soulier (Pont);48,6344010000;2,4649500000
202200040937;13;6;2022;16:40;1;75;75112;2;2;1;6;ROUTE DE LA TOURELLE;48,8206120000;2,4453560000
202200040938;13;6;2022;10:30;1;75;75112;2;2;1;3;RUE JOSEPH KESSEL;48,8337390000;2,3825290000
202200040939;25;2;2022;16:35;1;59;59044;2;1;1;6;Rue Aime Cesaire;50,6117796896;3,2511283904
202200040940;21;8;2022;22:20;3;66;66171;1;1;1;6;;42,6254760000;3,0198880000
202200040941;23;2;2022;18:47;3;13;13211;2;1;1;2;A50-Sens Marseille vers Aubagne;43,2943346700;5,4599530289
202200040942;13;6;2022;11:40;1;75;75112;2;3;1;1;BOULEVARD DE LA BASTILLE;48,8480180000;2,3676690000
202200040943;13;6;2022;17:40;1;75;75111;2;3;1;3;BOULEVARD VOLTAIRE;48,8559110000;2,3832900000
202200040944;23;2;2022;12:00;1;13;13215;1;1;1;5;A7-Sens Marseille vers Lyon;43,3499483530;5,3689039908
202200040945;22;8;2022;10:30;1;30;30039;1;1;7;1;;43,8782600000;4,5035360000
202200040946;13;6;2022;18:15;1;75;75108;2;7;1;1;PLACE DE LA CONCORDE;48,8650710000;2,3223290000
202200040947;23;2;2022;04:50;3;13;13211;1;1;1;2;A50-Sens Aubagne vers Marseille;43,2945900000;5,4607300000
202200040948;12;6;2022;10:38;1;75;75108;2;2;1;3;RUE D ARTOIS;48,8727500000;2,3080800000
202200040949;24;2;2022;09:00;1;38;38544;1;2;1;6;RD1407   0.000 A 2.331;45,5348600000;4,8721700000
202200040950;13;6;2022;11:50;1;75;75115;2;3;1;6;AVENUE FELIX FAURE;48,8373780000;2,2796340000
202200040951;21;8;2022;06:05;3;11;11190;1;1;1;7;;43,2515937575;2,6760895572
202200040952;24;2;2022;19:25;5;33;33167;1;1;1;2;ROUTE NATIONALE 230;44,8381940000; -0,5010220000
202200040953;13;6;2022;19:00;1;75;75104;2;2;1;3;QUAI DE LA CORSE;48,8556630000;2,3483200000
202200040954;24;2;2022;16:45;1;91;91521;1;1;1;4;RN 104;48,6318450000;2,4007180000
202200040955;11;6;2022;20:11;1;75;75101;2;5;1;3;RUE ETIENNE MARCEL;48,8638610000;2,3490420000
202200040956;13;6;2022;15:40;1;94;94078;2;1;1;6;SAINT EXUPERY (R);48,7516400000;2,4476720000
202200040957;24;2;2022;02:17;3;91;91161;1;1;1;4;AUTOROUTE A6;48,6960500000;2,3170800000
202200040958;24;2;2022;07:43;1;92;92047;1;1;1;3;A13;48,8357805479;2,1815582884
202200040959;13;6;2022;22:55;5;94;94046;2;2;1;3;GENERAL LECLERC (AV DU);48,8154800000;2,4205600000
202200040960;23;2;2022;21:45;3;93;93001;1;1;1;6;AUTOROUTE A86;48,9214100000;2,3759500000
202200040961;13;6;2022;08:15;1;94;94046;2;1;1;3;GENERAL LECLERC (AV DU);48,8077900000;2,4374200000
202200040962;22;8;2022;12:10;1;34;34092;2;2;1;3;33bis Avenue de Saint-Pons;43,3572300000;2,9417400000
202200040963;23;2;2022;22:10;3;93;93027;1;1;1;6;A86;48,9281900000;2,4123300000
202200040964;13;6;2022;13:45;1;94;94041;2;2;1;3;STALINGRAD (BD DE);48,8068200000;2,3750330000
202200040965;23;2;2022;17:25;1;95;95351;1;1;1;2;RN 104;49,0287705873;2,5028014183
202200040966;13;6;2022;08:25;1;94;94041;2;1;7;3;MAURICE GUNSBOURG (R);48,8114000000;2,4024700000
202200040967;23;2;2022;16:10;1;95;95394;1;1;1;4;RN 184;49,0529400000;2,1650900000
202200040968;13;6;2022;21:55;5;94;94011;2;7;1;3;Rue Pierre Sémard / Avenue Jean Monnet;48,7626300000;2,4786100000
202200040969;19;8;2022;18:35;1;83;83065;1;1;1;3;D98a;43,2612300000;6,5762080000
202200040970;23;2;2022;08:40;1;93;93048;1;1;1;3;AUTOROUTE A3;48,8722900000;2,4339600000
202200040971;11;6;2022;22:55;5;94;94059;2;1;1;3;86 Avenue Maurice Berteaux;48,8072347009;2,5705794990
202200040972;24;2;2022;08:00;1;94;94028;1;1;1;2;A86 EXT;48,7871908518;2,4402679311
202200040973;12;6;2022;18:25;1;94;94071;2;1;1;3;13 Avenue Charles de Gaulle;48,7677500000;2,5295100000
202200040974;17;8;2022;11:25;1;05;05079;1;1;1;1;RD902;45,0538118470;6,4025749506
202200040975;7;2;2022;11:05;1;91;91228;2;1;1;6;DESSERTE DES PASSAGES;48,6277300000;2,4326100000
202200040976;13;6;2022;16:45;1;93;93066;2;1;1;6;Parking - Avenue du Colonel Fabien;48,9460600000;2,3502000000
202200040977;23;2;2022;10:00;1;974;97416;2;1;1;6;VIGOUREUX(RUE VICTOR LE); -21,3372190000;55,4751680000
202200040978;13;6;2022;10:22;1;93;93070;2;1;1;2;Rue Ardoin;48,9118300000;2,3251300000
202200040979;13;6;2022;08:02;1;93;93062;2;3;1;3;Boulevard du Midi / Allee de l’Aqueduc Saint Fiacre;48,8933220229;2,5222353637
202200040980;23;2;2022;17:22;1;973;97302;1;1;2;2;ROUTE NATIONALE 1;4,9112648610; -52,3262715340
202200040981;21;8;2022;19:25;1;71;71052;1;1;1;7;1923 Ancienne Nationale 6;46,5983580000;4,9028580000
202200040982;13;6;2022;19:10;1;93;93050;2;1;1;3;Rue Marx Dormoy;48,8541900000;2,5323100000
202200040983;23;2;2022;09:15;1;973;97302;2;1;1;3;BADUEL (ROUTE DE);4,9366100000; -52,3144800000
202200040984;23;2;2022;22:20;5;69;69259;2;1;1;6;Rue du Professeur Roux;45,7248700000;4,8582000000
202200040985;21;8;2022;11:10;1;68;68262;1;1;1;3;D431;47,9100350000;7,0497680000
202200040986;13;6;2022;07:50;1;93;93032;2;2;1;2;Avenue Vaillant Couturier / Rue du Chemin de Fer;48,8769300000;2,5492500000
202200040987;23;2;2022;21:45;5;69;69386;2;1;1;6;Quai Charles de Gaulle;45,7849437138;4,8517562430
202200040988;13;6;2022;19:19;1;93;93013;2;3;1;3;Avenue Elise Deroche / Avenue Jean Jaurès;48,9322900000;2,4267100000
202200040989;18;8;2022;21:00;3;69;69288;1;1;1;6;Route Départementale 29;45,6974200000;5,0709090000
202200040990;23;2;2022;18:20;5;69;69259;2;1;1;6;Allée des Savoies;45,7172215130;4,8597671076
202200040991;22;2;2022;09:17;1;2B;2B033;2;1;1;2;11 - RT;42,6674000000;9,4430000000
202200040992;13;6;2022;18:35;1;93;93032;2;1;1;5;Allée de Montfermeil;48,8991900000;2,5419000000
202200040993;21;8;2022;17:20;1;69;69089;2;1;1;3;Chemin du Grand Moulin;45,7407610970;4,7368135303
202200040994;13;6;2022;17:30;1;93;93047;2;2;1;3;Avenue Gabriel Péri / Avenue des Pervenches;48,8872200000;2,5515900000
202200040995;23;2;2022;14:20;1;2A;2A004;2;2;1;3;T22;41,9323100000;8,7406000000
202200040996;22;8;2022;15:40;1;65;65006;1;1;8;7;D113;42,9151540000;0,2862880000
202200040997;13;6;2022;08:00;1;93;93014;2;3;1;6;Allée de Bellevue / Route Stratégique;48,9140600000;2,5491100000
202200040998;23;2;2022;07:00;2;91;91027;2;1;1;2;AV FRANCOIS MITTERRAND;48,7102600000;2,3713000000
202200040999;22;2;2022;16:08;1;87;87085;2;1;1;3;BRIQUET (RUE GEORGES);45,8403800000;1,2347300000
202200041000;22;8;2022;16:46;1;19;19211;1;1;1;3;D1089;45,1768530000;1,6292220000
202200041001;23;2;2022;17:05;1;83;83137;1;1;1;6;REPUBLIQUE (AVE DE LA);43,1207400000;5,9313000000
202200041002;12;6;2022;23:55;5;93;93010;2;1;1;1;Rue du Verger;48,9177435769;2,4762684703
202200041003;13;6;2022;07:30;1;93;93008;2;1;1;6;Avenue Jean Jaures;48,9054207695;2,4393001199
202200041004;23;2;2022;11:25;1;83;83137;2;1;1;6;avenue lieutenant de vaisseau d'Etienne d'Orves;43,1271100000;5,9197900000
202200041005;21;8;2022;16:45;1;33;33383;1;1;1;2;Route de By;45,3685040000; -0,8349820000
202200041006;13;6;2022;18:15;1;93;93007;2;1;1;6;Avenue Descartes;48,9504800000;2,4467500000
202200041007;18;2;2022;18:00;1;81;81060;2;1;1;3;RAJOL ( BOULEVARD DU);44,0505050492;2,1591016352
202200041008;13;6;2022;07:30;1;93;93007;2;1;1;3;Avenue Charles Floquet;48,9403391211;2,4445669056
202200041009;16;2;2022;14:30;1;80;80164;2;1;1;7;RUE ROGER ALLOU;49,8952600000;2,3358900000
202200041010;21;8;2022;18:40;1;50;50519;1;3;2;6;L Ecluse;49,5595510000; -1,6386630000
202200041011;11;6;2022;22:50;5;93;93007;2;6;1;3;Avenue Pablo Néruda / Avenue Descartes;48,9501440000;2,4664970000
202200041012;22;8;2022;17:00;1;27;27469;2;1;1;6;D6015;49,3038320000;1,1594650000
202200041013;23;2;2022;16:20;1;77;77237;1;6;1;3;D10;48,8453100000;2,7454300000
202200041014;13;6;2022;18:20;1;93;93005;2;1;1;2;Boulevard Kennedy;48,9474312920;2,5162369659
202200041015;22;8;2022;18:45;1;59;59534;1;2;7;3;4 Route de Landrecies;50,1227930000;3,8935380000
202200041016;23;2;2022;19:15;5;76;76366;2;2;6;1;Route de Fresquiennes;49,5097000000;1,0333600000
202200041017;12;6;2022;16:15;1;93;93001;2;3;1;3;Rue Alphonse Daudet / Quai Adrien Agnès;48,9181058983;2,3694875836
202200041018;23;2;2022;07:50;2;76;76681;2;2;1;6;Avenue du 14 Juillet;49,4095000000;1,0835400000
202200041019;12;6;2022;10:50;1;93;93001;2;2;1;6;Rue des Cités / Rue des Ecoles;48,9053400000;2,3872800000
202200041020;21;8;2022;03:45;3;91;91345;1;1;1;6;AUTOROUTE A6;48,6871000000;2,3257700000
202200041021;22;2;2022;16:35;1;72;72181;2;3;1;3;LALANDE AMIRAL (QUAI)  N° PAIRS 72 ET >;48,0039400000;0,1898400000
202200041022;13;6;2022;16:45;1;92;92062;2;4;1;6;REPUBLIQUE (RUE DE LA) DU 157 AU 175;48,8841233897;2,2314722389
202200041023;13;6;2022;11:50;1;92;92062;2;1;1;1;DE DION BOUTON (QUAI) DU 29 AU 65;48,8828000000;2,2479500000
202200041024;22;2;2022;08:25;1;72;72181;2;6;2;2;SAVORGNAN DE BRAZZA (AV) N° PAIRS;48,0089600000;0,2269500000
202200041025;13;6;2022;19:37;1;92;92051;2;2;1;3;ACHILLE PERETTI (AVENUE,  N° 98 A 166 ET;48,8844431175;2,2690326869
202200041026;20;8;2022;20:10;2;92;92051;1;1;1;3;RN13;48,8787808442;2,2794623052
202200041027;22;2;2022;17:15;2;67;67447;2;1;1;6;BISCHWILLER (ROUTE DE);48,6026380000;7,7458640000
202200041028;13;6;2022;01:11;5;92;92050;2;1;1;6;PICASSO PABLO AVENUE;48,8884706045;2,2250506282
202200041029;22;2;2022;08:30;1;67;67482;2;8;1;3;COLMAR (AVENUE DE);48,5612700000;7,7515900000
202200041030;13;6;2022;07:27;1;92;92049;2;2;1;6;BRIAND AVENUE ARISTIDE N°1 A 129;48,8121466107;2,3263136744
202200041031;23;2;2022;16:45;1;64;64445;2;1;1;7;Avenue Péboué;43,3090100000; -0,3361600000
202200041032;13;6;2022;14:30;1;92;92044;2;1;1;3;VIC. HUGO(RUE)091A113 ET 112A146;48,8964660622;2,2960277795
202200041033;21;8;2022;13:00;1;93;93005;1;1;1;2;Carrefour de l’Europe;48,9518200000;2,4754700000
202200041034;22;2;2022;17:20;1;64;64445;2;3;7;3;Avenue des Lauriers;43,2989900000; -0,3354400000
202200041035;12;6;2022;19:45;1;92;92036;2;1;1;6;GRESILLONS (AVENUE DES) (1/45);48,9141850000;2,2998940000
202200041036;23;2;2022;12:30;1;64;64122;1;1;1;7;Allée Gabrielle Dorziat;43,4594900000; -1,5541800000
202200041037;12;6;2022;12:00;1;92;92036;2;1;1;6;FELICIE (RUE);48,9324710322;2,2990685999
202200041038;23;2;2022;08:49;1;57;57463;2;9;1;6;rue joseph hénot;49,1016503882;6,1987110972
202200041039;22;2;2022;19:05;5;53;53130;2;1;8;6;MAYENNE ( AVENUE DE );48,0844500000; -0,7523100000
202200041040;9;6;2022;16:30;1;92;92036;2;3;1;3;GABRIEL PERI (AVENUE) (101/129);48,9206553597;2,2950947061
202200041041;13;6;2022;11:55;1;92;92026;2;1;1;6;DIVISION LECLERC (AVENUE DE LA);48,8937300000;2,2408700000
202200041042;23;2;2022;14:07;1;51;51055;2;1;1;4;Route de Betheny;49,2736300000;4,0527100000
202200041043;12;6;2022;19:27;1;92;92025;2;1;1;6;CHARLES DE GAULLE (BD);48,9148300000;2,2287640000
202200041044;23;2;2022;09:12;1;51;51454;2;1;1;7;Avenue de l’Europe;49,2538000000;4,0626800000
202200041045;20;8;2022;19:00;1;93;93063;1;1;1;4;AUTOROUTE A3;48,8754700000;2,4408700000
202200041046;13;6;2022;11:28;1;92;92024;2;1;1;3;JEAN JAURES (BD) DE (111 A 159);48,9020100000;2,3046410000
202200041047;23;2;2022;20:40;5;51;51108;2;2;1;3;Rue Etienne Oehmichen;48,9486300000;4,3401400000
202200041048;23;2;2022;08:10;1;49;49007;2;1;1;3;BOISNET RUE;47,4744589340; -0,5520468950
202200041049;12;6;2022;10:05;1;92;92023;2;1;1;1;SAINT CHRISTOPHE (RUE);48,7991004131;2,2668563425
202200041050;21;8;2022;18:00;1;77;77373;1;1;1;2;RN104;48,7927270820;2,6191989810
202200041051;22;2;2022;16:30;1;49;49007;2;6;1;2;CROIX PELETTE;47,4721200000; -0,5854800000
202200041052;13;6;2022;18:40;1;92;92019;2;1;1;6;VERNE JULES (RUE);48,7670400000;2,2672400000
202200041053;20;8;2022;23:20;3;77;77175;1;1;1;6;A5b;48,6443300000;2,6237300000
202200041054;23;2;2022;08:10;1;45;45302;2;1;1;6;Rue des Jonquilles;47,9542299508;1,8885460496
202200041055;13;6;2022;08:30;1;92;92004;2;1;1;2;GALLIENI ( RUE );48,9083721431;2,2871807813
202200041056;22;2;2022;21:47;5;45;45234;2;1;2;6;291ter Rue du Faubourg Bannier;47,9242259614;1,8970432878
202200041057;20;8;2022;09:45;1;77;77053;1;1;1;2;RN104;48,6883672968;2,5961063254
202200041058;11;6;2022;19:40;1;92;92004;2;1;1;2;GRESILLONS ( AVENUE DES  );48,9205523642;2,3168183863
202200041059;19;8;2022;17:00;1;27;27299;2;1;1;6;ALLENDE (RUE SALVADOR);49,0459100000;1,1668500000
202200041060;23;2;2022;19:05;2;37;37261;2;3;1;3;VERDUN (RUE DE);47,4186393883;0,6934294850
202200041061;13;6;2022;21:30;1;35;35328;2;1;1;6;Rue des Templiers;47,7796370000; -2,0802940000
202200041062;23;2;2022;16:25;1;37;37261;2;1;1;1;NAPOLEON (PONT);47,3973800000;0,6764200000
202200041063;20;8;2022;15:10;1;974;97416;1;9;1;3;THOREZ (CHEMIN MAURICE); -21,2779000000;55,4676000000
202200041064;23;2;2022;07:35;1;37;37261;2;6;2;7;BOCAGE (RUE DU);47,4074608070;0,6793311238
202200041065;22;2;2022;20:00;5;33;33063;2;7;1;6;Place des Capucins;44,8314500000; -0,5674300000
202200041066;13;6;2022;18:40;1;33;33225;1;1;1;6;D116;44,5612670000; -0,3891260000
202200041067;20;8;2022;17:05;1;974;97411;2;1;1;2;LANCASTEL (BOULEVARD); -20,8765900000;55,4558300000
202200041068;23;2;2022;14:00;1;31;31555;2;1;1;2;VA007331 A620;43,5770600000;1,4080100000
202200041069;13;6;2022;19:10;1;33;33254;1;3;1;3;;44,5433830000; -0,0354110000
202200041070;23;2;2022;07:35;2;29;29019;2;6;1;2;Rue de Paris;48,4027020000; -4,4668610000
202200041071;13;6;2022;14:45;1;972;97210;1;1;1;1;ROUTE DÉPARTEMENTALE 1;14,6240530000; -60,9145550000
202200041072;16;8;2022;14:00;1;83;83061;1;6;1;3;;43,4400000000;6,7070000000
202200041073;14;6;2022;07:30;1;67;67437;1;1;1;6;Côte de Saverne;48,7505370000;7,3388400000
202200041074;23;2;2022;13:25;1;13;13075;2;1;1;1;L'ENJOLRAS (AVE DE);43,3392700000;5,4542100000
202200041075;14;6;2022;17:49;1;65;65303;1;2;1;3;carrefour D817 - D5;43,1952430000;0,1748590000
202200041076;23;2;2022;00:28;5;13;13201;2;1;1;2;GARIBALDI (BOULEVARD) N° IMPAIRS;43,2971400000;5,3810600000
202200041077;19;8;2022;09:44;1;77;77296;1;6;1;3;D402;48,6237100000;2,5621300000
202200041078;14;6;2022;17:25;1;72;72200;1;3;1;4;Route du Lude - Départementale 307;47,9092400000;0,1902100000
202200041079;13;6;2022;14:25;1;43;43088;1;1;1;2;A75;45,3031650000;3,2487990000
202200041080;20;8;2022;21:00;2;77;77186;1;6;1;2;D138;48,4664400000;2,6897800000
202200041081;14;6;2022;07:20;1;71;71578;1;3;1;3;;46,9644830000;5,1749790000
202200041082;20;8;2022;06:30;2;76;76486;1;1;1;6;D132;49,3155000000;0,9861000000
202200041083;14;6;2022;08:22;1;71;71443;2;4;1;3;2a Rue Jean Baptiste Cautin;46,9471110000;4,9087080000
202200041084;13;6;2022;11:50;1;30;30334;2;3;1;3;Route de Saint-Ambroix;44,0192680000;4,4156240000
202200041085;12;6;2022;05:45;1;66;66050;2;1;1;6;Route du Barcares;42,7774536520;2,9158776999
202200041086;20;8;2022;07:00;1;76;76157;2;1;1;6;Cote de Canteleu;49,4417800000;1,0320300000
202200041087;12;6;2022;22:20;5;57;57746;2;1;1;6;100 Rue Principale;49,0221280000;7,0379360000
202200041088;14;6;2022;16:50;1;04;04102;2;1;1;6;RD 900;44,4292210000;6,4317980000
202200041089;13;6;2022;14:20;1;56;56185;2;6;1;3;23 Rue Pierre Mendes France;47,7795000000; -3,4090500000
202200041090;14;6;2022;18:00;1;76;76159;1;1;1;1;Departementale 925;49,7870070000;0,6473030000
202200041091;20;8;2022;08:55;1;72;72181;2;9;1;3;GENESLAY FELIX (AV) N° PAIRS 288 ET plus;47,9679900000;0,2037000000
202200041092;13;6;2022;08:00;2;76;76072;1;1;1;1;Route du Val de Saane;49,7049650000;0,9853680000
202200041093;14;6;2022;07:35;1;76;76675;1;2;1;2;D927;49,5934800000;1,0495160000
202200041094;20;8;2022;10:20;1;71;71540;2;1;1;7;BOURGOGNE (AVENUE DE);46,7848900000;4,4258900000
202200041095;14;6;2022;17:30;1;2A;2A271;1;1;1;6;T20 / CALDANICCIA;41,9550780000;8,8118930000
202200041096;14;6;2022;07:45;1;2A;2A271;1;3;1;3;D1/T20 SARROLA CARCOPINO;41,9786110000;8,8313930000
202200041097;14;6;2022;10:20;1;80;80020;1;1;1;6;D929;49,9237840000;2,3788470000
202200041098;13;6;2022;16:23;1;63;63011;1;1;1;6;Chez Vellard;46,1947040514;2,7570142921
202200041099;14;6;2022;15:00;1;49;49311;1;1;7;6;Route de Longué;47,3829960000; -0,0846400000
202200041100;13;6;2022;12:15;1;25;25347;1;1;1;3;D395;47,0030700000;6,4623430000
202200041101;20;8;2022;08:20;1;69;69092;2;1;1;6;Avenue des Charmilles;46,0018880202;4,6962851286
202200041102;12;6;2022;16:15;1;44;44072;1;1;7;1;Kerlibérin;47,4320070000; -2,3113350000
202200041103;5;4;2022;12:05;1;13;13005;1;1;1;6;CD 2 (CAMP MAJOR);43,2879800000;5,5447800000
202200041104;14;6;2022;15:00;1;35;35201;1;1;1;1;le petit rocher;48,1304870000; -2,1455960000
202200041105;14;6;2022;00:30;3;35;35184;1;1;1;6;route nationale 12;48,2076142693; -2,0466408134
202200041106;5;4;2022;15:30;1;13;13001;1;1;1;1;CAMP DE MENTHE (AV DU);43,5117400000;5,4210800000
202200041107;2;4;2022;18:10;1;11;11262;2;1;1;6;;43,1856400000;2,9935500000
202200041108;13;6;2022;15:10;1;29;29209;1;2;1;6;Lannaneyen;48,5087440000; -4,4617470000
202200041109;20;8;2022;06:00;5;64;64260;2;3;1;3;Boulevard du général de gaulle;43,3562200000; -1,7773000000
202200041110;1;4;2022;14:05;1;11;11262;2;3;1;3;DILLON (QUAI);43,1837900000;3,0022400000
202200041111;14;6;2022;20:18;1;38;38034;1;1;1;7;Route de Marcollin;45,3245360000;5,0673690000
202200041112;5;4;2022;08:40;1;09;09122;2;3;7;1;LERIDA (AVENUE DE);42,9654014287;1,6011158377
202200041113;5;4;2022;20:55;5;06;06088;2;9;1;6;JOLY (CORNICHE ANDRE DE);43,7000660000;7,2939790000
202200041114;20;8;2022;14:15;1;64;64483;2;1;1;3;Avenue de Chantaco;43,3811954487; -1,6418957412
202200041115;5;4;2022;11:32;1;06;06088;2;8;1;6;FRANCE (R. DE) A PARTIR DU N° 66-91;43,6922280000;7,2475190000
202200041116;4;4;2022;07:00;1;06;06027;2;3;1;3;NICE AVENUE DE (RN7);43,6593060000;7,1666910000
202200041117;20;8;2022;18:09;1;64;64335;2;1;1;2;Rue Bié Grande;43,3352800000; -0,4354000000
202200041118;4;4;2022;16:20;1;75;75113;2;1;1;4;BD PERIPHERIQUE EXTERIEUR;48,8161200000;2,3599110000
202200041119;5;4;2022;12:15;1;75;75117;2;1;8;3;RUE DU DEBARCADERE;48,8779706984;2,2873992231
202200041120;20;8;2022;11:40;1;64;64348;2;6;1;3;voie nord sud;43,3007108333; -0,4100829363
202200041121;4;4;2022;11:05;1;75;75114;2;3;1;3;RUE DIDOT;48,8287550000;2,3166090000
202200041122;5;4;2022;13:20;1;75;75111;2;2;1;2;RUE DE MONTREUIL;48,8504706394;2,3905795437
202200041123;5;4;2022;06:00;5;75;75111;2;7;2;6;PLACE DE LA BASTILLE;48,8534655958;2,3695595214
202200041124;5;4;2022;20:00;1;75;75108;2;7;1;3;PLACE DE LA CONCORDE;48,8658650000;2,3199060000
202200041125;4;4;2022;17:50;1;94;94081;2;3;1;6;Allee Pierre Lamouroux;48,8000200000;2,3807600000
202200041126;1;4;2022;20:15;5;94;94041;2;1;1;3;Quai Auguste Deshaies;48,8185400000;2,4003100000
202200041127;5;4;2022;14:30;1;94;94034;2;1;1;6;Avenue de la Rèpublique;48,7601900000;2,3190100000
202200041128;5;4;2022;08:00;1;94;94070;2;3;2;7;Rue du Réveillon / Rue de la Mairie;48,7252800000;2,5700600000
202200041129;4;4;2022;15:08;1;93;93066;2;7;1;3;Avenue du Président Wilson / Boulevard Marcel Sembat;48,9296520000;2,3565280000
202200041130;5;4;2022;17:46;1;93;93055;2;9;8;3;Avenue Jean Jaurès;48,9055570000;2,3941680000
202200041131;5;4;2022;16:00;1;93;93055;2;3;2;1;Rue Auger / Avenue du Général Leclerc;48,8941300000;2,3987020000
202200041132;5;4;2022;19:00;1;93;93031;2;1;1;6;Avenue Galliéni;48,9627200000;2,2965800000
202200041133;5;4;2022;11:45;1;93;93027;2;3;2;2;Avenue Paul Vaillant Couturier / Impasse Bloch Praeger;48,9271700000;2,4175400000
202200041134;5;4;2022;07:20;2;93;93007;2;2;2;3;Avenue Henri Barbusse / Rue Boieldieu;48,9401400000;2,4625000000
202200041135;4;4;2022;22:10;5;93;93001;2;1;1;3;Avenue Jean Jaurès;48,9122900000;2,4013600000
202200041136;5;4;2022;19:40;1;92;92046;2;1;1;6;PIERRE BROSSOLETTE;48,8207758178;2,3120118678
202200041137;31;10;2022;18:20;3;39;39502;1;1;1;1;;47,0196910000;5,6493540000
202200041138;4;4;2022;12:50;1;92;92075;2;1;1;7;REPUBLIQUE (RUE DE LA);48,8189471243;2,2857639044
202200041139;12;10;2022;17:40;1;39;39252;1;1;1;2;;47,0508370000;5,4331930000
202200041140;5;4;2022;19:10;1;92;92076;2;2;1;3;REPUBLIQUE;48,8368328625;2,1458765119
202200041141;1;11;2022;16:03;1;02;02793;1;1;1;6;D6;49,4701040000;3,2225130000
202200041142;30;3;2022;17:20;1;92;92036;2;3;1;3;LOUIS ROCHE (AVENUE) (1/45);48,9241500000;2,3198300000
202200041143;5;4;2022;07:20;2;92;92024;2;1;8;3;JEAN JAURES (BD) DE (111 A 159);48,9068605023;2,3006961644
202200041144;5;4;2022;09:40;1;92;92012;2;2;8;6;GEORGES SOREL (RUE);48,8350099632;2,2412702143
202200041145;5;4;2022;15:20;1;92;92004;2;1;1;3;CHATEAU ( RUE DU );48,9108800000;2,2949400000
202200041146;31;10;2022;19:25;3;06;06059;2;1;1;3;874 Avenue Georges Clemenceau;43,7310710000;7,3763240000
202200041147;5;4;2022;19:30;3;974;97415;1;1;1;1;212 Route Hubert Delisle; -21,0732180000;55,3095960000
202200041148;1;11;2022;13:30;1;50;50391;1;2;2;3;Route des Longs Champs (Martigny);48,6089090000; -1,1080420000
202200041149;16;10;2022;19:40;3;60;60318;1;1;1;6;D200;49,3296950000;2,6434350000
202200041150;30;10;2022;16:35;1;24;24218;1;1;1;6;Les Perrinches;45,4999400000;1,0850290000
202200041151;5;4;2022;14:45;1;972;97217;2;1;1;1;Avenue Francois Mitterand;14,4729130000; -60,8695470000
202200041152;28;10;2022;16:10;1;24;24064;1;3;1;3;PK 36 - Saint crépin de richemont RD 675;45,4269500000;0,6496520000
202200041153;6;4;2022;11:45;1;21;21362;1;1;1;7;Autoroute A6-point kilomètrique 267.990, sens PARIS/LYON;47,2295101897;4,5861268044
202200041154;29;10;2022;14:55;1;85;85047;2;6;1;2;Rue des marzelles;46,8419250000; -1,8746480000
202200041155;5;4;2022;22:15;3;21;21210;1;1;1;2;A6 PK 265+900 sens PARIS vers LYON;47,2455000000;4,5737000000
202200041156;1;11;2022;11:00;1;27;27649;2;1;1;2;39 Grande Rue;49,3512270000;1,4384690000
202200041157;6;4;2022;11:30;1;67;67082;1;1;1;6;D 737;48,7679290000;7,9835840000
202200041158;1;11;2022;10:10;1;01;01007;1;1;2;1;D 1075;46,0363878629;5,3373411298
202200041159;5;4;2022;19:30;2;34;34270;2;9;1;6;Rue des trasseurs;43,5713153821;3,8446594490
202200041160;1;11;2022;12:38;1;74;74067;1;1;8;1;Route des creuses;45,8782680000;6,0327820000
202200041161;5;4;2022;16:15;1;56;56119;1;2;1;6;Kervily;47,7003900000; -3,1050750000
202200041162;31;10;2022;12:45;1;68;68135;1;9;1;6;A35;47,5896030000;7,5476830000
202200041163;6;4;2022;16:55;1;74;74256;1;1;1;5;D1205;45,9700340000;6,6302490000
202200041164;6;4;2022;15:15;1;77;77239;1;3;1;6;D231 / D2B;48,6734110000;3,1196180000
202200041165;5;4;2022;09:55;1;80;80465;1;1;2;1;d930;49,7606080000;2,9451300000
202200041166;31;10;2022;18:10;4;76;76457;1;1;3;5;A13;49,3383220000;0,9778260000
202200041167;5;4;2022;17:23;1;63;63430;2;1;1;6;Avenue Jean Jaurès;45,8602430000;3,5375600000
202200041168;31;10;2022;18:30;5;987;98712;2;1;2;6;avenue ariipaea pomare - RT2; -17,5303520000; -149,5408970000
202200041169;1;11;2022;15:40;1;976;97608;2;1;1;6;Rue du Commerce; -12,7889200000;45,2726630000
202200041170;6;4;2022;16:00;1;63;63391;1;1;8;1;D2144;46,0953020000;2,9346800000
202200041171;1;4;2022;18:24;1;29;29209;1;1;1;6;D38 - Feunteunigou;48,5358250000; -4,4275330000
202200041172;31;10;2022;19:10;5;13;13088;2;1;1;3;43 Avenue du Logis Neuf;43,3720550000;5,2618340000