Num_Acc;jour;mois;an;hrmn;lum;dep;com;agg;int;atm;col;adr;lat;long
202200041418;1;4;2022;16:44;1;29;29160;2;9;1;6;Super U (Supermarché);48,5034270000; -4,4275760000
202200041419;27;10;2022;14:00;1;34;34145;2;9;1;6;294 Avenue d’Occitanie;43,6688150000;4,1306390000
202200041420;31;10;2022;07:40;1;83;83068;1;1;1;6;Carrefour du Réveil (Jonction);43,2694090000;6,5410440000
202200041421;5;4;2022;12:19;1;26;26327;1;1;1;6;Les Rosées;44,6907380000;5,4257600000
202200041422;2;4;2022;11:40;1;04;04049;2;9;1;3;Av de la Gare / Parking tabac;44,1017280000;6,0092430000
202200041423;30;10;2022;19:25;4;13;13085;2;1;1;2;Avenue Fernand Balducci;43,2473750000;5,5905820000
202200041424;2;4;2022;19:58;1;85;85284;1;1;1;5;D32;46,8015720000; -1,8810810000
202200041425;31;10;2022;16:00;1;13;13066;1;1;1;1;D29 route d'eyragues;43,8432090000;4,8958680000
202200041426;27;3;2022;21:25;3;28;28098;1;1;1;7;Chemin de la Vallée Verte;48,7551840000;1,4536290000
202200041427;28;10;2022;14:00;1;67;67203;1;1;1;1;D139;48,7840630000;7,6793150000
202200041428;30;10;2022;19:50;5;60;60002;1;1;1;2;D1001;49,3679303289;2,1586396694
202200041429;4;4;2022;17:00;1;30;30212;2;1;1;5;R Rd 6086;43,9374770000;4,5570300000
202200041430;28;10;2022;20:30;5;13;13071;1;1;1;2;A7-Sens Lyon vers Marseille;43,4152340000;5,2777920000
202200041431;5;4;2022;07:20;1;973;97309;2;1;1;3;Avenue Cyprien Gildon;4,9107340000; -52,2812100000
202200041432;4;4;2022;15:30;1;37;37276;1;1;1;1;D910;47,5767871759;0,8965390921
202200041433;30;10;2022;02:45;3;69;69290;1;1;1;2;Autoroute 43 ;45,7101625007;4,9509125948
202200041434;30;10;2022;00:57;3;69;69296;1;1;1;2;Autoroute 7 ;45,6455981978;4,8308891058
202200041435;30;10;2022;00:55;5;69;69029;2;1;1;6;Route Départementale 383;45,7428547331;4,9057549238
202200041436;1;4;2022;14:58;1;84;84087;1;1;1;2;A9, PK 0+200;44,1339740000;4,7866060000
202200041437;4;4;2022;15:10;1;971;97117;2;1;1;6;Rue Joseph Sorel;16,3276660000; -61,3509500000
202200041438;4;4;2022;21:45;3;972;97224;1;1;1;7;Chemin Fond Perez;14,6828031000; -61,0216120000
202200041439;29;10;2022;20:10;3;91;91689;1;1;1;4;AUTOROUTE A6;48,7319600000;2,3154100000
202200041440;5;4;2022;16:55;1;84;84036;1;1;1;1;Route Departementale 901;43,9319030000;4,9282160000
202200041441;3;4;2022;19:50;2;67;67336;1;1;1;7;D468;48,4401480000;7,7072630000
202200041442;29;10;2022;21:36;3;94;94043;1;1;1;4;AUTOROUTE A6B;48,8152816831;2,3561803913
202200041443;5;4;2022;11:00;1;57;57521;2;9;2;6;Rue de Sarreguemines;49,1765130000;6,9184930000
202200041444;30;10;2022;21:15;3;78;78402;1;1;1;6;A13;48,9650200000;1,7652130000
202200041445;4;4;2022;23:15;3;69;69206;1;1;1;6;Route de Charentay;46,0737070000;4,7139070000
202200041446;30;10;2022;18:20;5;78;78362;1;1;2;4;A13;48,9783100000;1,7085700000
202200041447;2;4;2022;19:40;1;49;49035;1;1;6;2;D111;47,4300610000; -0,6139250000
202200041448;29;10;2022;17:40;1;78;78402;1;1;1;3;A13;48,9649750000;1,7659320000
202200041449;4;4;2022;19:00;2;59;59212;2;3;8;3;Rue de l Egalite;50,6473690000;2,7283640000
202200041450;30;10;2022;20:15;3;93;93063;1;1;1;5;AUTOROUTE A3;48,8766908331;2,4428673511
202200041451;31;3;2022;08:15;1;13;13210;1;1;1;2;A50-Sens Marseille vers Aubagne;43,2843550000;5,4053650000
202200041452;29;10;2022;19:50;3;95;95580;1;1;1;6; A1;49,0822631727;2,5512400460
202200041453;3;4;2022;22:45;3;13;13071;1;1;1;2;A7-Sens Marseille vers Lyon;43,4067670000;5,3279580000
202200041454;4;4;2022;03:40;3;33;33080;1;1;1;6;AUTOROUTE A 62;44,7352510000; -0,5326460000
202200041455;30;10;2022;13:00;1;93;93066;1;1;1;4;AUTOROUTE A1;48,9174443794;2,3577070887
202200041456;4;4;2022;09:15;1;92;92025;1;1;1;2;A86;48,9189886921;2,2237886747
202200041457;29;10;2022;20:22;3;95;95491;1;1;1;2; A115;48,9981050923;2,2464717639
202200041458;3;4;2022;02:10;3;92;92048;1;1;1;6;N118;48,8009396615;2,2155454565
202200041459;18;3;2022;20:45;5;26;26198;2;1;2;1;route de DIEULEFIT;44,5520400000;4,7661700000
202200041460;3;4;2022;17:10;2;974;97416;1;1;3;7;RN1 (ROUTE NATIONALE); -21,3325100000;55,4594100000
202200041461;30;10;2022;04:45;3;95;95641;1;1;2;5; A1;49,0784360000;2,5517570000
202200041462;2;4;2022;17:00;1;974;97416;1;1;2;6;RECHERCHANT (RUE ADRIEN) (2); -21,2943500000;55,4891800000
202200041463;30;10;2022;06:40;3;95;95277;1;1;1;2; A3;48,9832359629;2,5012479146
202200041464;2;4;2022;16:54;1;974;97416;2;1;2;2;SOWETO (AVENUE DE); -21,3418300000;55,4893200000
202200041465;30;10;2022;07:35;1;93;93005;1;1;1;7;AUTOROUTE A3;48,9590784806;2,4732112885
202200041466;3;4;2022;08:31;1;974;97411;2;1;3;6;KARTING (DU); -20,8933100000;55,5023100000
202200041467;30;10;2022;14:10;1;77;77053;1;1;1;2;RN104;48,7031700000;2,5960440000
202200041468;3;4;2022;21:20;5;69;69259;2;3;1;3;Route de Vienne;45,7201000000;4,8544300000
202200041469;29;10;2022;19:35;3;77;77373;1;1;1;2;RN104;48,7658580000;2,6143430000
202200041470;3;4;2022;17:10;1;69;69387;2;2;1;3;Rue Jaboulay;45,7462200000;4,8437500000
202200041471;29;10;2022;19:10;5;76;76540;2;1;1;6;CORNEILLE. PONT PIERRE;49,4417816672;1,1161697070
202200041472;29;10;2022;10:55;1;972;97209;1;1;3;2;RD 41 (ROCADE);14,6159600000; -61,0572400000
202200041473;23;10;2022;04:47;3;971;97107;2;1;1;6;FLAMBOYANTS ( ALLEE DES );16,0519900000; -61,5656300000
202200041474;3;4;2022;19:20;1;69;69034;2;5;1;3;Cours Aristide Briand;45,7794900525;4,8413373509
202200041475;28;10;2022;23:19;5;91;91549;1;1;1;1;JACQUES DUCLOS (AVENUE);48,6353600000;2,3542500000
202200041476;3;4;2022;19:01;1;69;69382;2;3;8;3;Quai Docteur Gailleton;45,7490000000;4,8300700000
202200041477;28;10;2022;23:54;5;91;91216;2;1;1;6;PASTEUR (RUE);48,6677300000;2,3325000000
202200041478;2;4;2022;11:00;1;83;83137;2;1;1;1;GOURAUD (AVE GENERAL);43,1350000000;5,9163400000
202200041479;29;10;2022;21:05;3;91;91692;2;1;1;2;R.N 446;48,6798900000;2,1906250000
202200041480;28;10;2022;22:20;5;91;91027;2;3;1;3;AV MARCEL SEMBAT;48,7077900000;2,3789900000
202200041481;28;10;2022;19:35;5;83;83137;2;2;1;3;LECLERC (AVE GENERAL);43,1256900000;5,9285500000
202200041482;28;10;2022;21:20;3;83;83144;2;6;1;1;AUTOROUTE EST (ECHANG LA BIGUE-LA FARLED;43,1415600000;6,0012200000
202200041483;30;10;2022;00:50;5;81;81163;2;1;1;2;CHEVALIERE (AVENUE);43,4961000000;2,3814000000
202200041484;29;10;2022;19:00;5;79;79191;2;3;1;3;Rue des 3 Coigneaux;46,3192520000; -0,4575100000
202200041485;29;10;2022;19:00;3;78;78220;1;1;1;7;RD 202;48,7077900000;1,9170400000
202200041486;29;10;2022;20:36;5;77;77058;2;9;1;6;GENERAL DE GAULLE  (AVENUE DU);48,8381000000;2,7133700000
202200041487;29;10;2022;19:25;1;71;71040;2;1;1;7;FIOLLE (RUE DE LA);46,7111800000;4,4042300000
202200041488;29;10;2022;17:20;1;71;71306;2;1;1;2;MARECHAL LECLERC (AVENUE DU);46,6798300000;4,3680000000
202200041489;29;10;2022;09:10;1;69;69290;2;9;1;3;Rue de la Cordière;45,6931100000;4,9512700000
202200041490;29;10;2022;17:20;1;64;64445;2;1;1;2;JEAN MERMOZ;43,3151720000; -0,3775920000
202200041491;29;10;2022;17:42;1;64;64102;2;1;1;7;Boulevard du BAB;43,4976300000; -1,4890300000
202200041492;29;10;2022;13:00;1;60;60057;2;9;1;6;Avenue Jean Moulin;49,4368000000;2,0986000000
202200041493;25;10;2022;17:10;1;59;59368;2;1;1;6;PASTEUR RUE;50,6541500000;3,0757200000
202200041494;30;10;2022;00:01;5;54;54300;2;1;1;6;GALTIER (RUE LUCIEN);48,6647000000;6,2172800000
202200041495;29;10;2022;12:10;1;54;54395;2;3;1;3;SERRE (RUE DE);48,6920769508;6,1761349440
202200041496;15;5;2022;10:40;1;62;62578;1;1;1;6;D34;50,2407960000;2,6183940000
202200041497;3;5;2022;22:30;3;67;67305;2;3;1;6;8 Rue du Giessen;48,9341804186;8,1576597691
202200041498;14;5;2022;04:00;5;2A;2A130;2;1;1;6;Boulevard Marie-Jeanne Bozzi;41,8808280000;8,7862810000
202200041499;13;5;2022;22:30;3;33;33033;1;1;1;7;Cote du Bridat;44,7249900000; -0,4266100000
202200041500;14;5;2022;14:40;1;81;81307;1;1;1;6;D612;43,5703060000;2,2942600000
202200041501;15;5;2022;15:00;1;81;81154;1;1;1;6;RD 600;44,1023250000;1,8877490000
202200041502;13;5;2022;17:40;1;32;32119;1;3;1;3;route de condom;43,8712300000;0,1231240000
202200041503;13;5;2022;18:28;1;32;32462;1;1;7;1;RD 112 PK 10+889;43,8009140000;0,3189790000
202200041504;14;5;2022;14:55;1;71;71146;1;1;1;6;bois de banan;46,4851040000;4,6829650000
202200041505;15;5;2022;13:40;1;89;89441;2;1;1;6;D606;47,6627300000;3,7355690000
202200041506;13;5;2022;11:00;1;61;61168;2;1;1;6;Rue de l Abbe Felix Desaunay;48,5869960000; -0,3609450000
202200041507;15;5;2022;14:25;1;49;49374;1;4;1;1;D952;47,2568860000; -0,0413170000
202200041508;14;5;2022;18:40;1;86;86082;1;1;1;7;D7;46,2768780000;0,1940310000
202200041509;14;5;2022;16:50;1;68;68248;2;1;1;7;3 Rue de Wolschwiller;47,4883490000;7,3944050000
202200041510;15;5;2022;07:30;1;68;68365;1;1;1;1;Laenderweg (Chemin);48,0516720000;7,3387710000
202200041511;14;5;2022;14:55;1;22;22092;1;1;1;1;berrien eur vin;48,3845020000; -3,1383130000
202200041512;15;5;2022;04:55;3;25;25494;1;3;1;1;1 Rue des Forges;46,7465185188;6,2992892506
202200041513;15;5;2022;12:30;1;25;25029;1;1;1;7;RD67;47,0211390000;6,3027190000
202200041514;14;5;2022;15:45;1;25;25485;1;1;1;1;D73 - PR19;47,3810770000;6,7029260000
202200041515;15;5;2022;01:00;3;44;44139;1;1;1;7;3 Le Clos Pabois;47,4590200000; -1,9227360000
202200041516;13;5;2022;23:45;5;31;31117;2;1;1;6;38 Chemin de Castelviel;43,6774683053;1,5125137568
202200041517;15;5;2022;00:15;5;15;15235;1;1;1;6;D57;44,9976730000;3,0165520000
202200041518;15;5;2022;13:30;1;01;01239;1;1;1;1;Route du Pont de Yenne;45,7488990000;5,7622430000
202200041519;15;5;2022;11:12;1;70;70116;1;1;1;7;D218;47,6163470000;6,7408204080
202200041520;15;5;2022;01:20;3;54;54029;1;1;1;6;RD 513  ;49,3651720000;5,9125100000
202200041521;14;5;2022;18:45;1;72;72375;1;1;1;1;RD323 PK13500;48,1326420000;0,6179170000
202200041522;15;5;2022;13:45;1;64;64495;1;1;1;7;D4;43,2957460000; -1,5060930000
202200041523;14;5;2022;14:44;1;64;64256;2;6;1;3;D622;43,3856050000; -1,3134780000
202200041524;14;5;2022;11:45;1;43;43018;1;1;1;6;Chemin communal;44,9932570000;3,7324980000
202200041525;15;5;2022;18:55;2;07;07199;1;1;1;1;;44,4840380000;4,2641330000
202200041526;14;5;2022;12:55;1;24;24291;2;1;1;7;Route de Fanlac;45,0714280000;1,1488340000
202200041527;14;5;2022;12:50;1;85;85288;1;2;1;3;RD109;46,5160700000; -1,6689600000
202200041528;14;5;2022;15:55;1;88;88075;1;1;1;7;773 Route de Gerardmer;48,0235560000;6,8965170000
202200041529;14;5;2022;18:50;1;38;38345;1;2;1;3;D1532;45,2038420000;5,4649200000
202200041530;14;5;2022;13:25;1;69;69244;2;6;1;3;Route de Sain Bel;45,7656057059;4,7510826588
202200041531;14;5;2022;18:30;5;987;98753;2;1;1;3;Face TUBUAI Center; -23,3448660000; -149,4802330000
202200041532;15;5;2022;00:30;3;988;98829;1;1;1;1;RPS4 - Lieu-dit crique Jeanne et Marie; -21,7186250000;166,1154590000
202200041533;15;5;2022;04:30;3;973;97305;1;1;1;6;RN1;4,9109526399; -52,3705185950
202200041534;15;5;2022;06:30;2;77;77515;2;1;1;6;D129;48,9806470000;2,7796540000
202200041535;14;5;2022;15:15;1;91;91292;2;1;1;3;Rue Andre Ampere;48,5696870000;2,2751400000
202200041536;15;5;2022;17:45;1;2B;2B355;2;1;1;2;BARCHETTA;42,5065950000;9,3663330000
202200041537;14;5;2022;16:18;1;66;66174;1;1;1;6;;42,6826220000;2,7539040000
202200041538;14;5;2022;15:15;1;83;83023;1;1;1;6;;43,4029656674;5,9981005442
202200041539;14;5;2022;19:55;1;06;06099;2;1;1;6;d16;43,9571960000;6,8961270000
202200041540;12;5;2022;12:15;1;13;13041;1;1;1;3;D7;43,4713590000;5,4586870000
202200041541;14;5;2022;18:30;1;71;71297;1;4;1;1;Route des Angles;46,8816230000;4,2280840000
202200041542;15;5;2022;11:50;1;88;88470;2;3;1;3;Route de Noir Rupt;48,0813580000;6,7396890000
202200041543;14;5;2022;00:05;3;88;88367;1;6;1;1;RD 159 / RD 32;48,3412180000;6,6531180000
202200041544;15;5;2022;00:01;5;73;73150;1;1;1;6;D220;45,5500480000;6,6650620000
202200041545;15;5;2022;01:10;3;38;38225;1;1;1;6;Thorenas;45,1483630000;5,5257420000
202200041546;14;5;2022;22:50;5;26;26313;2;1;1;1;D432;44,9631540000;4,9428200000
202200041547;15;5;2022;18:00;1;26;26235;1;2;1;3;Chemin de la Berre;44,4033380000;4,7000780000
202200041548;15;5;2022;10:45;1;69;69122;2;1;1;2;114 Route d Anse;45,9132563564;4,7026446462
202200041549;14;5;2022;11:15;1;69;69116;1;1;1;1;Route du Puy d’Or;45,8253180000;4,7733520000
202200041550;14;5;2022;18:12;1;64;64135;1;1;1;3;PK 4 + 200 - D. 56;43,5366110000; -0,7559750000
202200041551;13;5;2022;13:57;1;64;64496;2;6;1;1;AVENUE DU PORTOU;43,4817917139; -1,4437901974
202200041552;13;5;2022;18:00;1;33;33174;1;4;1;1;loiseau;44,9186710000; -0,2508860000
202200041553;14;5;2022;17:50;1;33;33242;1;1;1;6;D672;44,8031390000;0,1840210000
202200041554;14;5;2022;18:00;1;29;29161;2;6;1;6;Le Bourg Route de Quimper;47,9068420000; -4,0455650000
202200041555;14;5;2022;18:10;1;02;02163;1;9;1;7;;48,9493160000;3,2632980000
202200041556;13;5;2022;08:45;1;13;13214;1;1;1;5;A507 sens Marseille - Aubagne;43,3343945016;5,3829110000
202200041557;14;5;2022;16:05;1;92;92036;1;1;1;4;RN315 Y;48,9198744356;2,3066798923
202200041558;14;5;2022;08:25;1;78;78545;1;1;1;2;A12 Y;48,8139840000;2,0597120000
202200041559;13;5;2022;17:20;1;95;95572;1;1;1;2;RN 184;49,0473949414;2,1319699287
202200041560;14;5;2022;11:20;1;95;95395;1;1;1;6;RN 104;49,0679664605;2,3948210478
202200041561;14;5;2022;10:30;1;95;95582;1;1;1;2;A15;48,9666578201;2,2557377815
202200041562;14;5;2022;00:30;4;95;95582;1;1;1;6; A115;48,9776300000;2,2410000000
202200041563;14;5;2022;02:05;3;93;93064;1;1;1;3;AUTOROUTE A3;48,8847400000;2,4713000000
202200041564;13;5;2022;19:15;1;93;93005;1;1;1;5;AUTOROUTE A3;48,9590000000;2,4730900000
202200041565;14;5;2022;19:40;1;77;77237;1;1;1;3;A4;48,8308290000;2,7609070000
202200041566;10;1;2022;07:45;5;14;14666;2;1;2;6;11 Rue de La Libération;49,1793921000; -0,2221640000
202200041567;13;5;2022;14:10;1;974;97411;1;1;1;6;TOPAZES(ALLEE DES); -20,8894610000;55,4451480000
202200041568;13;5;2022;09:15;1;69;69383;2;1;1;3;Rue Garibaldi;45,7609364278;4,8520161382
202200041569;13;5;2022;21:05;3;69;69034;2;1;1;3;124 Quai Clémenceau;45,8147600000;4,8514100000
202200041570;1;4;2022;18:00;1;69;69389;2;1;1;6;Avenue du Plateau;45,7841600000;4,7947400000
202200041571;13;5;2022;08:25;1;69;69385;2;1;1;3;2 Avenue Debrousse;45,7515000000;4,8161900000
202200041572;13;5;2022;21:05;5;2A;2A004;2;1;1;3;ROSSINI PASCAL BD;41,9139800000;8,7288800000
202200041573;13;5;2022;08:50;1;2A;2A004;2;1;1;6;NAPOLEON COURS AVANT BEVERINI;41,9295300000;8,7391200000
202200041574;13;5;2022;17:10;1;95;95210;2;1;1;6;DEPART (RUE DU);48,9737900000;2,3058300000
202200041575;13;5;2022;10:04;1;91;91223;1;1;1;7;BELLES CROIX (RUE DES);48,4208700000;2,1321600000
202200041576;12;5;2022;13:26;1;87;87050;2;1;1;6;MOULIN (ALLEE JEAN);45,8774000000;1,2394700000
202200041577;13;5;2022;15:00;1;86;86194;2;2;1;3;Avenue John Kennedy;46,5821770000;0,3678910000
202200041578;13;5;2022;23:27;5;82;82033;2;9;1;6;ZI L'ARTEL;44,0566900000;1,0992900000
202200041579;11;5;2022;12:20;1;80;80021;2;1;1;3;CHATEAU MILAN (RUE DU);49,9015500000;2,2841800000
202200041580;11;5;2022;14:40;1;80;80021;2;1;1;4;JULES FERRY (CHAUSSEE);49,8766000000;2,3441600000
202200041581;14;5;2022;00:50;5;77;77373;2;6;1;6;D604;48,7770700000;2,5955300000
202200041582;13;5;2022;17:56;1;77;77337;2;1;1;6;D10P;48,8413900000;2,6186000000
202200041583;14;5;2022;12:30;1;77;77296;2;3;7;3;D402;48,6209000000;2,5818600000
202200041584;11;5;2022;11:15;1;77;77320;2;2;1;3;D934;48,8263900000;3,0353500000
202200041585;13;5;2022;19:50;1;76;76231;2;1;1;6;Place du Champ de Foire;49,2902400000;1,0128400000
202200041586;13;5;2022;14:25;1;76;76216;2;2;1;3;Rue Jules Ferry;49,4690100000;1,0442100000
202200041587;13;5;2022;16:00;1;76;76165;2;1;1;6;Rue de la République;49,2808850271;1,0262399912
202200041588;13;5;2022;14:00;1;76;76322;1;1;1;2;N338 - Sud 3;49,4189200000;1,0491600000
202200041589;13;5;2022;13:00;1;76;76681;2;3;1;6;Rue Gaston Contremoulins;49,4206513924;1,0966844559
202200041590;7;5;2022;04:05;5;76;76575;2;1;1;6;Avenue des Canadiens;49,4069700000;1,0692400000
202200041591;13;5;2022;00:00;5;76;76351;2;1;1;7;PASTEUR;49,5031800000;0,1276500000
202200041592;11;5;2022;19:30;1;74;74012;2;4;7;5;EUROPE (AVENUE DE L');46,1835700000;6,2313400000
202200041593;13;5;2022;19:35;1;72;72181;1;1;1;5;PATTON GENERAL RTE ST-AUBIN A AV RUBILLA;48,0280800000;0,1756100000
202200041594;13;5;2022;12:36;1;72;72181;2;9;1;3;TIRONNEAU ADRIEN (PL);47,9830500000;0,2107500000
202200041595;13;5;2022;11:10;1;72;72181;2;9;1;3;BOLLEE (AV) N° PAIRS 154 A 222;47,9975800000;0,2156200000
202200041596;13;5;2022;01:30;5;72;72181;2;1;1;6;DURAND GEORGES (AV) N° IMP 199 AU N° 311;47,9728400000;0,2163100000
202200041597;9;5;2022;17:20;1;71;71270;2;1;1;6;CHARLES DE GAULLE (AV);46,3211900000;4,8390500000
202200041598;12;5;2022;11:40;1;71;71153;2;2;1;3;MARECHAL JOFFRE;46,7923600000;4,4161200000
202200041599;7;5;2022;08:20;2;71;71118;2;1;7;6;GENERAL DE GAULLE (AVENUE);46,7942100000;4,8204600000
202200041600;13;5;2022;19:50;1;69;69256;2;1;1;6;Avenue Paul Marcellin;45,7727800000;4,9338900000
202200041601;13;5;2022;00:55;5;66;66136;2;9;1;1;LANGUEDOC (AVENUE DU CD 88);42,7332017152;2,8897556663
202200041602;13;5;2022;17:00;1;64;64483;2;2;1;3;PELLOT ETIENNE (AVENUE);43,3951000000; -1,6591000000
202200041603;13;5;2022;13:05;1;64;64269;1;1;1;4;Route de Tarbes;43,2997800000; -0,3090300000
202200041604;12;5;2022;17:50;1;64;64445;2;1;1;3;TRESPOEY;43,2981500000; -0,3388500000
202200041605;12;5;2022;07:50;1;64;64445;2;1;1;3;avenue de l'université;43,3112700000; -0,3633400000
202200041606;13;5;2022;18:00;1;59;59378;2;1;1;1;HAUTE LOGE RUE DE LA;50,6724119234;3,0856347084
202200041607;13;5;2022;01:45;5;59;59350;2;2;1;3;MARYTRS DE LA RESISTANCE RUE DES;50,6341500000;3,0115100000
202200041608;12;5;2022;09:00;1;59;59560;1;1;1;1;TEMPLEMARS ROUTE DE;50,5626497523;3,0495429039
202200041609;12;5;2022;08:10;1;59;59360;2;2;1;1;FOCH RUE DU MARECHAL;50,6151400000;3,0171200000
202200041610;13;5;2022;07:15;1;59;59317;1;1;1;5;;50,6971320000;2,9259010000
202200041611;11;5;2022;19:00;1;58;58194;2;1;1;2;PIERRE DE COUBERTIN;46,9862300000;3,1601800000
202200041612;13;5;2022;16:05;1;57;57463;2;9;1;6;ANTOINE LOUIS (RUE);49,1094900000;6,1699900000
202200041613;12;5;2022;16:55;1;57;57491;2;1;1;3;LORRAINE (RUE DE);49,2463100000;6,0397200000
202200041614;13;5;2022;11:50;1;54;54431;2;1;1;6;DUROC (PLACE);48,9030600000;6,0550100000
202200041615;13;5;2022;14:55;1;51;51454;2;1;1;2;rue de la Maison Blanche;49,2371200000;4,0278000000
202200041616;13;5;2022;08:26;1;51;51454;2;6;1;2;rond-point de champagne;49,2135900000;4,0154900000
202200041617;12;5;2022;04:44;3;49;49267;2;1;1;6;BEAUFORT ROUTE;47,4739005408; -0,4835915565
202200041618;13;5;2022;12:15;1;44;44143;2;1;1;6;16 Rue du Lieutenant de Monti;47,1862700000; -1,5558000000
202200041619;10;5;2022;10:00;1;42;42218;2;3;1;6;Rue Bergson;45,4556600000;4,3825300000
202200041620;9;5;2022;10:34;1;42;42218;2;2;1;6;Rue de l'Epreuve;45,4335502865;4,3945888281
202200041621;13;5;2022;15:50;1;37;37261;2;6;1;3;Avenue Gustave Eiffel;47,4320863884;0,6977283955
202200041622;13;5;2022;12:37;1;37;37261;2;1;1;2;WAGNER (BOULEVARD RICHARD);47,3742200701;0,7034656405
202200041623;13;5;2022;11:10;1;37;37261;2;2;1;3;RABELAIS (PLACE);47,3853200000;0,6766900000
202200041624;13;5;2022;13:50;1;35;35238;1;1;1;3;N136;48,0810703523; -1,6674193740
202200041625;13;5;2022;12:55;1;35;35238;2;3;1;3;ROBERT (FERNAND);48,1320000000; -1,7070400000
202200041626;13;5;2022;10:35;1;35;35238;2;1;1;6;LORIENT (DE);48,1093346864; -1,7083398253
202200041627;13;5;2022;10:20;1;33;33281;2;1;1;6;Avenue François Mitterrand;44,8270800000; -0,6142100000
202200041628;13;5;2022;10:15;1;33;33063;2;1;1;6;Cours Xavier Arnozan;44,8489828901; -0,5732846260
202200041629;13;5;2022;06:30;2;33;33075;2;1;1;3;Route du Médoc;44,8762986068; -0,6213068962
202200041630;12;5;2022;08:25;1;33;33063;2;3;1;3;Boulevard du Président Wilson;44,8419100000; -0,5994900000
202200041631;20;4;2022;23:30;5;32;32013;2;6;1;3;rond point des justes;43,6638300000;0,5981900000
202200041632;13;5;2022;20:40;1;31;31555;2;2;1;3;BD FLORENCE ARTHAUD;43,6481900000;1,4554300000
202200041633;13;5;2022;03:50;3;31;31555;1;1;1;6;A624 (PURPAN);43,6070482751;1,3909935951
202200041634;9;5;2022;04:30;3;31;31555;2;1;1;2;20 LESPINET  (PERIPH OUEST A620);43,5691255072;1,4790558815
202200041635;13;5;2022;08:00;1;31;31344;2;1;1;7;VERDUN (RUE DE);43,0958300000;0,7500600000
202200041636;13;5;2022;09:00;1;29;29232;2;6;1;3;Avenue des Oiseaux;47,9919130000; -4,1195950000
202200041637;13;5;2022;12:30;1;28;28220;2;6;1;6;GUTEMBERG (RUE);48,4273300000;1,4632000000
202200041638;13;5;2022;09:20;1;27;27229;2;6;1;2;SAINT ANDRE (ROUTE DE);49,0096044208;1,1666160822
202200041639;12;5;2022;22:15;2;22;22278;2;1;1;1;BRIAND (ARISTIDE);48,5031200000; -2,7661500000
202200041640;11;5;2022;09:15;1;22;22278;2;1;7;6;71° RI (DU);48,5110100000; -2,7601800000
202200041641;13;5;2022;18:50;1;17;17300;2;9;1;7;KENNEDY   AVENUE DU PRESIDENT J;46,1672710000; -1,1779010000
202200041642;13;5;2022;19:50;1;13;13054;2;1;1;2;8 MAI 1945 (AV DU );43,4133056819;5,2211680261
202200041643;13;5;2022;14:15;1;13;13215;2;1;1;3;BOURRELY (CHEMIN DES);43,3754224761;5,3579645981
202200041644;12;5;2022;13:35;1;13;13210;2;1;1;3;FIFI TURIN (RUE);43,2808400000;5,4124800000
202200041645;13;5;2022;08:45;1;13;13047;2;1;1;3;EQUERRE RUE DE L';43,5064600000;4,9868900000
202200041646;13;5;2022;20:50;1;12;12146;1;1;1;6;MILLAU (AVENUE DE);44,3358600000;2,5884400000
202200041647;13;5;2022;14:40;1;10;10387;2;2;7;1;CASIMIR PERIER (RUE);48,2976000000;4,0665290000
202200041648;13;5;2022;10:40;1;06;06069;2;1;1;6;PROVENCE (AVENUE DE);43,6503670000;6,9225260000
202200041649;13;5;2022;09:30;1;06;06004;2;6;1;4;GRASSE RTE DE;43,5993790000;7,0863780000
202200041650;12;5;2022;08:15;1;03;03310;2;2;1;3;Boulevard des Graves;46,1327600000;3,4318500000
202200041651;13;5;2022;19:25;1;75;75114;2;4;1;2;BD PERIPHERIQUE INTERIEUR;48,8248305620;2,3044983298
202200041652;13;5;2022;17:30;1;75;75112;2;1;1;2;BD PERIPHERIQUE EXTERIEUR;48,8301710000;2,4021880000
202200041653;13;5;2022;16:35;1;75;75120;2;1;1;2;BD PERIPHERIQUE INTERIEUR;48,8599300000;2,4139820000
202200041654;13;5;2022;00:02;5;75;75117;2;1;1;2;BD PERIPHERIQUE INTERIEUR;48,8839810000;2,2852790000
202200041655;12;5;2022;09:20;1;75;75112;2;1;1;4;BD PERIPHERIQUE INTERIEUR;48,8287680000;2,3987160000
202200041656;13;5;2022;18:00;1;75;75120;2;3;1;6;RUE DE LA JUSTICE;48,8688087349;2,4083011597
202200041657;13;5;2022;19:00;1;75;75120;2;5;1;6;BOULEVARD DE MENILMONTANT;48,8629514449;2,3874865472
202200041658;13;5;2022;19:15;1;75;75120;2;5;1;6;RUE PIXERECOURT;48,8725965820;2,3961199075
202200041659;13;5;2022;00:15;5;75;75120;2;3;1;6;RUE DE BAGNOLET;48,8623530000;2,4063060000
202200041660;13;5;2022;12:20;1;75;75119;2;1;1;6;AVENUE DE FLANDRE;48,8878826674;2,3731514812
202200041661;13;5;2022;02:20;5;75;75119;2;4;1;3;SOUTERRAIN PANTIN;48,8891371913;2,3968125880
202200041662;13;5;2022;15:20;1;75;75116;2;3;1;2;AVENUE DU PRESIDENT KENNEDY;48,8558469654;2,2852407396
202200041663;12;5;2022;09:35;1;75;75116;2;1;1;3;AVENUE DE VERSAILLES;48,8432620000;2,2695150000
202200041664;13;5;2022;10:15;1;75;75115;2;1;1;2;BD PERIPHERIQUE INTERIEUR;48,8315340000;2,2829620000