Num_Acc;jour;mois;an;hrmn;lum;dep;com;agg;int;atm;col;adr;lat;long
202200041665;13;5;2022;12:41;1;75;75114;2;2;1;3;AVENUE DE L OBSERVATOIRE;48,8396242918;2,3367391527
202200041666;12;5;2022;11:50;1;75;75114;2;1;1;6;VILLA VIRGINIE;48,8242289634;2,3268756671
202200041667;12;5;2022;01:24;5;75;75114;2;1;1;6;AVENUE DU DOCTEUR LANNELONGUE;48,8182301956;2,3325911164
202200041668;13;5;2022;19:20;1;75;75113;2;3;1;6;AVENUE DE CHOISY;48,8226090000;2,3626980000
202200041669;13;5;2022;15:50;1;75;75113;2;2;1;3;RUE BRILLAT SAVARIN;48,8225820000;2,3440470000
202200041670;12;5;2022;10:20;1;75;75113;2;5;1;3;RUE CORVISART;48,8327372009;2,3469610512
202200041671;13;5;2022;15:45;1;75;75112;2;1;1;4;AVENUE DAUMESNIL;48,8375350000;2,4253490000
202200041672;13;5;2022;10:15;1;75;75112;2;4;1;3;BOULEVARD DIDEROT;48,8459220000;2,3744050000
202200041673;13;5;2022;02:00;3;75;75116;2;5;1;2;ROUTE DE LA PTE DES SABLONS A LA PTE MAI;48,8773490688;2,2792795300
202200041674;13;5;2022;15:15;1;75;75101;2;7;1;3;RUE SAINT HONORE;48,8629126253;2,3365111649
202200041675;13;5;2022;00:40;5;75;75101;2;3;1;2;RUE DE RIVOLI;48,8612930585;2,3398672789
202200041676;12;5;2022;09:25;1;75;75101;2;3;1;3;BOULEVARD DE SEBASTOPOL;48,8612233574;2,3497250676
202200041677;13;5;2022;11:45;1;94;94078;2;9;1;3;CHOISY (AV DE);48,7394700000;2,4437300000
202200041678;13;5;2022;18:45;1;94;94068;2;2;1;2;MARNE (BD DE LA);48,7886400000;2,5141800000
202200041679;13;5;2022;08:33;1;94;94003;2;2;1;3;PAUL VAILLANT COUTURIER (AV);48,7995400000;2,3439900000
202200041680;13;5;2022;19:50;1;94;94028;2;1;1;2;Avenue du Marechal de Lattre de Tassigny;48,7984617495;2,4545645712
202200041681;12;5;2022;06:55;1;94;94060;2;2;1;5;Rue de la Libération / Rue du Général de Gaulle;48,7819600000;2,5699900000
202200041682;13;5;2022;17:35;1;94;94018;2;2;1;6;Rue de Paris / Rue Camille Mouquet;48,8246500000;2,4088500000
202200041683;12;5;2022;18:55;1;94;94017;2;3;1;3;Rue de Bernau / Rue Etienne Dolet;48,8176685633;2,5377620012
202200041684;13;5;2022;10:35;1;93;93078;2;3;1;3;Boulevard Robert Ballanger / Avenue Diderot;48,9555149578;2,5390675664
202200041685;13;5;2022;10:20;1;93;93071;2;3;1;3;Avenue de Livry;48,9317035743;2,5384429240
202200041686;13;5;2022;10:00;1;93;93074;2;6;1;3;Route de Courtry / D933;48,9351190000;2,6016640000
202200041687;13;5;2022;00:00;5;93;93046;2;3;1;3;Avenue Aristide Briand / Avenue Camille Desmoulins;48,9124000000;2,5223300000
202200041688;13;5;2022;04:50;5;93;93007;2;1;1;6;Avenue Aristide Briand;48,9433600000;2,4432900000
202200041689;13;5;2022;20:30;1;93;93001;2;1;1;6;Avenue de la République;48,9088000000;2,3870220000
202200041690;15;1;2022;20:35;5;974;97410;2;6;2;2;Rue Hubert Delisle; -21,0344640000;55,7075070000
202200041691;14;1;2022;07:52;2;26;26002;2;1;5;6;Rn7 Creux de la Thine;45,2593630000;4,8232340000
202200041692;15;1;2022;12:00;1;74;74313;2;1;1;1;Chez Quetand;46,0488250000;6,1403660000
202200041693;15;1;2022;15:30;1;79;79005;2;1;5;3;8 Route de Poitiers;46,8248740000; -0,1264810000
202200041694;14;1;2022;13:30;1;79;79322;1;1;5;7;Belle Vue;46,6390360000; -0,2990340000
202200041695;14;1;2022;15:50;1;80;80494;1;1;1;6;departementale 26;49,7279120000;2,3949280000
202200041696;15;1;2022;13:33;1;71;71585;1;1;5;1;DÉPARTEMENTALE 5;46,8400130000;4,8821140000
202200041697;14;1;2022;10:15;1;71;71202;1;2;5;3;Route de Givry;46,8652010000;4,7524560000
202200041698;15;1;2022;12:00;1;63;63453;1;1;1;7;Départementale 340;45,7760840000;3,2842040000
202200041699;14;1;2022;14:05;1;39;39434;2;1;7;6;6 Rue Travot;46,8338300000;5,7086700000
202200041700;14;1;2022;02:50;3;40;40221;1;1;5;6;RD 934;43,8748650000; -0,3083900000
202200041701;15;1;2022;19:00;2;88;88486;1;1;1;1;RD43 ;48,0183840000;6,7068740000
202200041702;15;1;2022;07:52;3;60;60057;1;1;5;6;A16;49,4255179194;2,1274316310
202200041703;14;1;2022;13:55;1;987;98738;2;1;3;1;PK 12.500 Route de ceinture; -17,6201750000; -149,6139330000
202200041704;12;1;2022;17:20;2;13;13069;1;1;1;3;RD 572;43,6293210000;5,1346260000
202200041705;14;1;2022;22:20;5;987;98715;1;1;3;-1;rt01 face aéroport pk 05+800; -17,5613310000; -149,6103570000
202200041706;14;1;2022;17:35;2;06;06079;1;1;1;2;autoroute A8;43,5358640000;6,9041450000
202200041707;13;1;2022;22:40;3;976;97603;2;1;1;7;RN3 Hamouro; -12,8794350000;45,2140000000
202200041708;15;1;2022;03:30;3;49;49007;1;1;5;1;A11 - PK 261+400;47,4926320000; -0,5294470000
202200041709;15;1;2022;19:30;5;13;13114;1;1;1;3;Route de Berre;43,5464800000;5,3270230000
202200041710;14;1;2022;15:10;1;972;97224;2;2;1;3;Cite du Stade;14,6754970000; -61,0370620000
202200041711;14;1;2022;20:33;5;91;91661;2;1;1;6;Chemin de Briis;48,6919820000;2,2101800000
202200041712;14;1;2022;17:30;1;11;11315;2;1;1;6;;43,2824150000;2,5847720000
202200041713;14;1;2022;17:10;1;83;83107;2;1;1;6;rue pol fabre;43,4639574197;6,6344014406
202200041714;14;1;2022;17:50;2;05;05070;2;1;1;6;Avenue de provence;44,3130690000;5,8277720000
202200041715;14;1;2022;23:00;5;08;08081;2;1;9;6;route de l'écluse;49,8578650000;4,7462120000
202200041716;15;1;2022;00:00;3;54;54269;1;1;5;2;Route Nationale N333;48,6030310897;6,3821822414
202200041717;15;1;2022;14:20;1;03;03243;2;1;7;1;le breux;46,3272800000;3,0292870000
202200041718;14;1;2022;16:00;1;69;69021;2;2;1;3;Route de Lyon;45,7776570000;4,5573630000
202200041719;14;1;2022;09:45;1;50;50612;1;1;7;2;D911;48,6828010000; -1,4163570000
202200041720;14;1;2022;14:45;1;27;27016;2;1;7;6;13 Rue Jacques Ibert;49,2478970000;1,4134680000
202200041721;11;1;2022;12:35;1;13;13212;2;1;1;4;A507 sens Marseille - Aubagne;43,2943770000;5,4243150000
202200041722;6;1;2022;13:46;1;13;13071;1;1;1;2;A7-Sens Marseille vers Lyon;43,4127640000;5,2817470000
202200041723;14;1;2022;06:45;5;13;13071;1;1;1;2;A7-Sens Marseille vers Lyon;43,4109200000;5,2839800000
202200041724;14;1;2022;13:30;1;69;69081;1;1;1;5;Route de Métropole 6;45,7765500000;4,7823800000
202200041725;6;1;2022;01:20;5;69;69259;1;1;1;2;Boulevard Laurent Bonnevay;45,7179900000;4,8650900000
202200041726;14;1;2022;13:40;1;94;94034;1;1;1;2;AUTOROUTE A86;48,7595000000;2,3223000000
202200041727;14;1;2022;13:55;1;78;78640;1;1;7;2;N118;48,7776290000;2,2223640000
202200041728;14;1;2022;02:25;3;92;92072;1;1;1;6;N118;48,8260258853;2,2226260108
202200041729;13;1;2022;05:00;5;78;78455;1;1;5;5;A13;48,8594680000;2,0495210000
202200041730;14;1;2022;15:50;1;60;60612;1;1;1;7;AUTOROUTE A1;49,2062200000;2,6116300000
202200041731;14;1;2022;17:30;2;93;93005;1;1;1;3;AUTOROUTE A3;48,9685112128;2,4803831289
202200041732;14;1;2022;19:15;3;94;94069;1;1;1;2;A86 INT;48,8160000000;2,4520000000
202200041733;14;1;2022;08:30;1;77;77121;1;1;1;6;A104;48,8366856383;2,6648136628
202200041734;13;1;2022;08:24;2;60;60057;2;1;5;6;Avenue de l’Europe;49,4414100000;2,0765500000
202200041735;12;1;2022;07:25;5;76;76351;2;3;1;6;Rue Jules Verne;49,5084400000;0,1278400000
202200041736;3;1;2022;18:30;5;64;64122;2;1;8;6;MARNE (AVENUE DE LA);43,4815000000; -1,5424000000
202200041737;12;1;2022;16:00;1;34;34003;2;1;7;6;POMPIDOU (H12 A 14;43,3077900000;3,4748500000
202200041738;12;1;2022;17:10;1;974;97416;2;1;1;6;PRESIDENT MITTERAND(AVENUE); -21,3460370000;55,4876550000
202200041739;12;1;2022;17:00;1;974;97411;2;9;2;3;GIBERT DES MOLIERES (RUE); -20,8877700000;55,4464400000
202200041740;13;1;2022;10:50;1;973;97302;2;2;1;3;ARAGO (FRANCOIS);4,9367867576; -52,3312329501
202200041741;13;1;2022;09:00;1;69;69387;2;2;1;3;Avenue Jean Jaurès;45,7424400000;4,8401400000
202200041742;13;1;2022;16:15;1;69;69034;2;1;1;3;23 Rue de Margnolles;45,7841500000;4,8352500000
202200041743;13;1;2022;00:30;5;69;69034;2;1;1;4;Tunnel du Quai Bellevue;45,7878884689;4,8600178957
202200041744;13;1;2022;21:38;5;95;95252;2;6;1;6;Boulevard Maurice Berteaux;48,9934650651;2,2342962027
202200041745;5;1;2022;18:15;5;95;95306;2;2;1;3;RD 106;49,0007800000;2,1822800000
202200041746;13;1;2022;18:06;5;91;91377;2;1;1;2;AV DU M DE LATTRE DE TASSIGNY;48,7207350000;2,2895630000
202200041747;13;1;2022;14:00;1;91;91657;2;2;1;5;AV HENRI BARBUSSE;48,7036840000;2,4324820000
202200041748;12;1;2022;11:40;1;85;85191;2;3;1;3;BOILEAU RUE;46,6720500000; -1,4274300000
202200041749;13;1;2022;16:50;2;83;83144;1;1;1;1;PICOT (CHEMIN DU COLONEL);43,1463400000;6,0100500000
202200041750;13;1;2022;10:15;1;83;83137;2;1;1;6;LECLERC (AVE GENERAL);43,1258750000;5,9275810000
202200041751;12;1;2022;17:00;1;83;83137;2;1;1;6;VINCENT (AVE EMILE);43,1305101081;5,9265482425
202200041752;13;1;2022;21:22;5;81;81004;2;1;5;6;GAMBETTA (AV);43,9203552549;2,1458852291
202200041753;13;1;2022;08:50;2;81;81004;2;1;1;6;DEMBOURG (AV);43,9409200000;2,1389500000
202200041754;10;1;2022;16:35;1;80;80021;2;3;5;5;HENRI FARMAN (RUE);49,9116800000;2,3016900000
202200041755;10;1;2022;19:10;5;80;80021;2;1;1;6;LEO LAGRANGE (RUE);49,9105800000;2,3117400000
202200041756;13;1;2022;13:45;1;79;79191;2;2;1;3;Route de Coulonges;46,3481700000; -0,4774300000
202200041757;12;1;2022;17:50;2;79;79191;2;2;1;3;Rue du Maréchal Leclerc;46,3367000000; -0,4500100000
202200041758;13;1;2022;16:35;1;78;78133;2;1;8;3;MANTES (ROUTE DE);48,9079600000;2,0437300000
202200041759;13;1;2022;14:40;1;76;76216;2;3;6;3;Route de Dieppe;49,4754902548;1,0483324885
202200041760;12;1;2022;18:10;5;72;72181;2;1;1;2;RHIN ET DANUBE (AV) N° PAIRS 194 A 338;48,0243200000;0,1822100000
202200041761;13;1;2022;03:30;5;69;69264;2;1;1;6;Rue de Belleville;45,9978700000;4,7192200000
202200041762;12;1;2022;15:45;1;67;67482;2;3;1;6;22 NOVEMBRE (RUE DU);48,5826500000;7,7435800000
202200041763;12;1;2022;15:20;1;67;67482;2;1;1;6;BERNE (RUE DE);48,5764900000;7,7569100000
202200041764;13;1;2022;09:25;1;64;64445;2;1;1;7;VERDUN DE;43,2970600000; -0,3788000000
202200041765;12;1;2022;17:00;1;64;64445;2;3;1;3;avenue Alfred Nobel;43,3100531138; -0,3260117769
202200041766;12;1;2022;16:00;1;64;64269;1;2;1;3;Route de Tarbes;43,2980900000; -0,3027400000
202200041767;12;1;2022;08:00;5;64;64122;2;2;1;6;Rue Pellot;43,4850600000; -1,5542300000
202200041768;13;1;2022;07:44;5;63;63113;2;2;1;6;LAVOISIERS (BD);45,7849900000;3,0779500000
202200041769;12;1;2022;19:53;5;63;63113;2;1;1;2;CLOS NOTRE DAME (RUE DU);45,7844900000;3,0787800000
202200041770;12;1;2022;08:35;1;59;59350;2;1;2;6;COURBET GUSTAVE  RUE;50,6087200000;3,0400800000
202200041771;12;1;2022;16:42;1;57;57143;2;1;1;6;CLEMENCEAU (RUE);49,2606200000;6,0942700000
202200041772;12;1;2022;12:30;1;56;56121;2;1;1;7;CALVIN (RUE  DE );47,7564400000; -3,3748700000
202200041773;12;1;2022;19:00;5;49;49007;2;1;1;2;BARANGE BOULEVARD;47,4566200000; -0,5713800000
202200041774;12;1;2022;17:51;4;49;49007;2;3;1;3;GRAND MONTREJEAU;47,4686100000; -0,5227700000
202200041775;12;1;2022;18:00;5;42;42187;2;1;1;6;Rue Elisée Reclus;46,0437000000;4,0669000000
202200041776;12;1;2022;14:10;1;38;38563;2;2;1;6;BRIAND (RUE A.);45,3690000000;5,5820000000
202200041777;13;1;2022;20:20;5;38;38185;2;3;1;3;RUE LESDIGUIÈRES;45,1854760224;5,7229101643
202200041778;13;1;2022;09:20;1;38;38185;2;5;1;6;AVENUE MARIE REYNOARD;45,1594800000;5,7288900000
202200041779;13;1;2022;17:23;1;35;35281;2;1;1;3;NANTES (RUE DE);48,0880400000; -1,6941000000
202200041780;13;1;2022;08:00;5;35;35238;2;1;1;3;Rue Henri le Guilloux;48,1172000000; -1,6946400000
202200041781;13;1;2022;18:00;5;33;33249;2;1;1;3;Avenue de Paris;44,8670000000; -0,5129700000
202200041782;13;1;2022;09:10;1;33;33200;2;2;1;3;Avenue de Magudas;44,8582200000; -0,6667300000
202200041783;13;1;2022;08:23;1;33;33550;2;9;1;2;Route de Toulouse;44,7818185040; -0,5660292506
202200041784;13;1;2022;07:30;2;33;33318;2;3;9;3;Avenue de Noès;44,8128700000; -0,6359300000
202200041785;13;1;2022;06:17;5;33;33550;2;3;1;3;Route de Toulouse;44,7902000000; -0,5668000000
202200041786;13;1;2022;02:58;5;33;33039;2;3;1;3;Quai du Président Wilson;44,8111500000; -0,5336300000
202200041787;13;1;2022;01:10;5;30;30007;2;6;1;6;;44,1129763823;4,1064813137
202200041788;6;1;2022;12:00;1;18;18255;1;1;5;1;Rue de Suède;47,0471250000;2,3303800000
202200041789;13;1;2022;19:04;5;13;13215;2;1;1;1;SAINT ANTOINE A SAINT JOSEPH (CHEMIN DE);43,3599800000;5,3645300000
202200041790;13;1;2022;16:50;2;13;13210;2;1;1;3;ROMAIN ROLLAND (BOULEVARD);43,2744721600;5,4150276987
202200041791;13;1;2022;16:45;1;13;13213;2;1;1;1;ALBERT EINSTEIN (RUE);43,3336100000;5,4312300000
202200041792;12;1;2022;16:30;2;13;13215;1;9;1;5;LITTORAL (CHEMIN DU);43,3449436764;5,3466323018
202200041793;13;1;2022;12:20;1;11;11069;2;1;1;1;Chemin de la Madeleine;43,2218580000;2,3901320000
202200041794;13;1;2022;07:55;1;11;11069;2;1;9;6;BUFFON RUE JUSQUAU 48 ET 39;43,2201200000;2,3516200000
202200041795;13;1;2022;07:55;1;11;11069;2;1;9;6;BUFFON RUE JUSQUAU 48 ET 39;43,2201200000;2,3516200000
202200041796;13;1;2022;21:35;5;10;10325;2;1;5;6;DOCTEUR SCHWEITZER (RUE DU);48,2676500000;4,0821800000
202200041797;12;1;2022;06:30;3;10;10081;1;9;5;7;CD60;48,3082300000;4,0208500000
202200041798;13;1;2022;09:06;1;09;09122;2;1;7;2;BARCELONE (AVENUE DE);42,9589910000;1,6171980000
202200041799;13;1;2022;16:50;1;07;07019;2;3;1;3;RESERVOIRS (RUE DES);44,6222800000;4,3839200000
202200041800;13;1;2022;09:50;1;06;06069;2;1;1;6;POMPIDOU (AVENUE GEORGES) -RD 6085;43,6453640000;6,9398980000
202200041801;13;1;2022;19:53;5;06;06004;2;1;1;3;NICE(RN.7) AV.ET RTE DE;43,5987230000;7,1204790000
202200041802;12;1;2022;13:00;1;75;75112;2;4;1;3;BOULEVARD PERIPHERIQUE;48,8362480000;2,4121760000
202200041803;13;1;2022;17:30;5;75;75117;2;4;1;3;AVENUE DE CLICHY;48,8862970000;2,3261140000
202200041804;13;1;2022;11:50;1;75;75117;2;7;1;3;PLACE GENERAL CATROUX;48,8826290000;2,3103760000
202200041805;13;1;2022;16:40;1;75;75112;2;4;1;3;QUAI DE LA RAPEE;48,8435810000;2,3705360000
202200041806;13;1;2022;12:03;1;75;75112;2;1;1;2;AVENUE DAUMESNIL;48,8457970000;2,3784520000
202200041807;13;1;2022;06:10;5;75;75112;2;4;1;3;BOULEVARD PONIATOWSKI;48,8292770000;2,3903840000
202200041808;13;1;2022;07:40;5;75;75112;2;5;1;6;AVENUE DE SAINT MANDE;48,8446750000;2,4057510000
202200041809;13;1;2022;18:10;5;75;75116;2;2;1;3;PLACE DE LA PORTE DE PASSY;48,8578460000;2,2629630000
202200041810;13;1;2022;12:00;1;75;75108;2;1;1;6;AVENUE MONTAIGNE;48,8679310000;2,3080660000
202200041811;13;1;2022;19:45;5;75;75101;2;1;1;6;QUAI DES TUILERIES;48,8613010000;2,3289710000
202200041812;13;1;2022;07:30;2;94;94081;2;1;1;6;38 Rue du Gal Malleret Joinville;48,7760300000;2,4065800000
202200041813;13;1;2022;20:36;5;94;94078;2;3;1;6;Rue de Paris;48,7382000000;2,4467870000
202200041814;13;1;2022;09:20;1;94;94058;2;2;1;3;Avenue Ledru-Rollin;48,8432170000;2,5033650000
202200041815;13;1;2022;00:20;5;94;94028;2;1;1;6;114 Rue du Général Leclerc;48,7873800000;2,4679400000
202200041816;12;1;2022;19:23;5;94;94028;2;1;1;3;Avenue Pierre Brossolette;48,7912000000;2,4622000000
202200041817;12;1;2022;17:15;2;94;94028;2;9;1;6;Av du Mal de Lattre de Tassigny;48,7997000000;2,4525000000
202200041818;13;1;2022;17:00;1;95;95527;1;6;1;2;Rue des Marguilliers;48,9958983862;2,5204288960
202200041819;12;1;2022;23:37;5;93;93066;2;1;2;1;FORT DE LA BRICHE;48,9454662706;2,3427703324
202200041820;13;1;2022;12:50;1;93;93048;2;3;5;6;ROSNY (RUE DE);48,8621091714;2,4470007420
202200041821;13;1;2022;03:25;5;93;93047;2;1;1;6;HIRONDELLES (AVENUE DES);48,8945700000;2,5648000000
202200041822;13;1;2022;18:45;5;93;93010;2;1;1;6;GALLIENI (AV.) DE 2 A 96;48,9050000000;2,4759600000
202200041823;13;1;2022;16:00;1;93;93007;2;3;1;6;Avenue Henri Barbusse / Rue Maurice Berteaux;48,9388600000;2,4610600000
202200041824;13;1;2022;01:50;5;92;92049;2;2;1;3;DORMOY AVENUE MARX N°102 A FIN;48,8106851294;2,3079215325
202200041825;13;1;2022;11:40;1;92;92026;2;1;5;7;HENRI REGNAULT (SQUARE);48,8939281953;2,2432397604
202200041826;12;1;2022;23:25;5;92;92023;2;4;1;1;GENERAL DE GAULLE (AV DU) N°130 A 340 ET;48,7895621484;2,2617567927
202200041827;12;1;2022;15:15;1;35;35245;1;1;1;7;;48,2313340000; -1,8765160000
202200041828;14;1;2022;14:50;1;25;25410;1;1;1;5;RN 57 - PR 22;47,2193350000;6,0697320000
202200041829;12;1;2022;20:00;5;06;06054;2;6;1;3;D2204;43,7548640000;7,3203570000
202200041830;11;1;2022;10:00;1;76;76244;1;1;1;2;A28;49,6967000000;1,3591500000
202200041831;12;1;2022;12:15;1;06;06064;2;1;1;6;Avenue de la Tourre;43,7648140000;7,2004010000
202200041832;12;1;2022;15:10;1;57;57695;1;1;1;7;D103m;49,1218040000;6,4449410000
202200041833;12;1;2022;17:15;3;57;57351;1;1;1;2;RD 955  PK 7+800;49,0709888990;6,2408566475
202200041834;13;1;2022;16:45;1;76;76007;2;1;7;6;Route des Cambres;49,5733110000;1,0615750000
202200041835;14;1;2022;17:40;2;71;71144;1;1;1;7;D26;47,0546570000;4,3223050000
202200041836;14;1;2022;13:50;1;63;63118;1;1;9;6;RD 941;45,8595770000;2,6168490000
202200041837;12;1;2022;08:50;1;63;63242;1;1;1;3;D909;45,3926880776;3,2692312449
202200041838;13;1;2022;09:00;1;49;49373;1;1;9;6;D170;47,1290130000; -0,3552640000
202200041839;13;1;2022;20:30;5;42;42138;2;1;9;6;Le bourg;45,6596660000;4,3504250000
202200041840;8;1;2022;12:15;1;34;34012;1;1;1;1;D27e1;43,6880930000;3,6857410000
202200041841;13;1;2022;08:30;1;44;44003;2;1;1;6;Rue des Jeux Olympiques;47,3793960000; -1,1839050000
202200041842;14;1;2022;14:15;1;29;29062;1;1;1;7;D785 - Penhoad;48,1613270000; -4,0148860000
202200041843;13;1;2022;17:25;2;29;29220;1;1;1;2;D 785;47,8884710000; -4,2088691000
202200041844;14;1;2022;01:00;5;29;29215;2;1;1;6;86 Rue d Audierne;47,9925610000; -4,4353150000
202200041845;14;1;2022;15:45;1;31;31327;1;1;9;6;D62;43,1945550000;1,0425000000
202200041846;12;1;2022;07:45;2;31;31425;2;1;1;7;2 Route de Bioues;43,1640700000;1,1188840000
202200041847;13;1;2022;09:12;1;31;31572;1;1;5;7;Avenue du Mont Saint-Charles;43,4347140000;1,4705910000
202200041848;13;1;2022;08:00;2;72;72129;1;2;1;3;Route de Parence;48,0439330000;0,3342700000
202200041849;13;1;2022;08:25;2;06;06079;2;6;1;1;Avenue Jean Mermoz;43,5674490000;6,9477350000
202200041850;10;1;2022;13:05;1;05;05140;1;1;1;6;D942;44,5033920000;6,1575790000
202200041851;14;1;2022;09:00;1;05;05056;1;1;1;1;D944 Manse;44,6358950000;6,1336330000
202200041852;13;1;2022;17:37;1;50;50197;2;3;1;1;Rue de l Hôtel Saint-Denis;48,9123750000; -1,3520910000
202200041853;14;1;2022;12:55;1;60;60272;2;1;1;1;Rue de la Foret;49,2943030000;2,8828170000
202200041854;11;1;2022;19:15;3;60;60492;1;1;1;2;D1032;49,5275220000;2,9462290000
202200041855;13;1;2022;12:15;1;18;18043;1;1;1;6;La Folie;46,7912820000;2,1426670000
202200041856;9;9;2022;17:11;1;66;66136;2;1;1;5;;42,7299548395;2,8902840614
202200041857;9;9;2022;10:50;1;66;66136;2;4;1;7;;42,6965200000;2,9086300000
202200041858;12;9;2022;09:50;1;64;64445;2;1;1;6;place Georges Clemenceau;43,2962000000; -0,3687500000
202200041859;14;1;2022;08:57;1;10;10116;1;1;1;1;RN 77;48,1497436244;4,0141510963
202200041860;12;9;2022;07:15;1;64;64129;2;6;1;3;Avenue Montilleul;43,3087300000; -0,3849600000
202200041861;25;9;2022;19:16;1;64;64024;2;1;1;6;Boulevard des Plages;43,5182500000; -1,5238000000
202200041862;13;1;2022;16:39;1;40;40312;2;1;1;7;5 Rue Charles Baudelaire;43,5394230000; -1,4702820000
202200041863;11;9;2022;16:20;1;64;64024;2;3;1;3;Avenue de la Chambre d' Amour;43,4948900000; -1,5317000000
202200041864;13;1;2022;19:25;5;37;37273;1;6;1;3;D140;47,3815780000;0,7838860000
202200041865;23;9;2022;13:40;1;62;62617;2;2;2;3;D937;50,4813120000;2,6612550000
202200041866;2;9;2022;08:30;1;62;62193;2;4;1;6;Rue Delaroche;50,9459550000;1,8672870000
202200041867;23;9;2022;13:00;1;60;60414;2;1;1;6;Rue André Ginisti;49,2542900000;2,4275500000
202200041868;13;1;2022;19:00;3;49;49092;1;1;1;5;A87;47,2451830000; -0,7126090000
202200041869;12;9;2022;08:45;1;59;59599;2;2;1;3;GAMBETTA (BOULEVARD);50,7107370000;3,1595120000
202200041870;26;9;2022;21:35;5;59;59650;2;6;2;2;JAURES (RUE JEAN);50,7060590000;3,2235850000
202200041871;12;1;2022;19:10;3;38;38144;1;1;1;1;475 Route de Cremieu;45,6108550000;5,0823350000
202200041872;26;9;2022;12:30;1;59;59512;2;1;2;6;MONTESQUIEU (BOULEVARD);50,6849665364;3,1609189510
202200041873;26;9;2022;10:45;1;59;59009;2;1;2;6;GUESDE JULES RUE;50,6392257496;3,1303900480
202200041874;13;1;2022;01:55;3;01;01451;1;1;1;2;A39;46,2562020000;5,2488040000
202200041875;30;8;2022;19:25;1;59;59350;2;3;1;3;WATTIGNIES RUE;50,6236323764;3,0658534169
202200041876;13;1;2022;17:30;2;44;44026;1;1;7;2;L'océane;47,3093540000; -1,4160560000
202200041877;8;1;2022;01:00;5;987;98722;1;1;1;6;PK 29,500 c/mont - District de Tiarei; -17,5481660000; -149,3371580000
202200041878;24;9;2022;10:45;1;57;57672;2;1;1;2;RAYMOND POINCARE (ALLEE) - PAIR;49,3568200000;6,1630500000
202200041879;23;9;2022;23:30;5;57;57672;2;1;1;3;DE GAULLE (AVENUE CHARLES);49,3601800000;6,1712000000
202200041880;9;9;2022;13:09;1;56;56098;2;1;1;7;1 Rue Etienne Dolet;47,7588600000; -3,3376200000
202200041881;8;1;2022;22:00;3;974;97412;2;1;1;1;Rue Marcel Pagnol; -21,3711290000;55,6751810000
202200041882;9;9;2022;17:15;1;52;52448;1;1;3;1;TROIS FONTAINES (ROUTE DE);48,6611400000;4,9442900000
202200041883;13;1;2022;17:30;2;971;97128;2;1;7;6;Boulevard Hegesipe Ibene;16,2241797332; -61,3818812370
202200041884;24;9;2022;19:55;2;51;51454;2;2;1;3;boulevard Pommery;49,2533000000;4,0540900000
202200041885;1;1;2022;15:55;1;44;44020;2;6;1;3;Ront-Point Jules Vallès;47,1706440000; -1,5749410000
202200041886;24;9;2022;19:55;5;51;51108;2;5;1;3;Rue Lafayette;48,9479000000;4,3414700000
202200041887;12;1;2022;18:45;2;95;95241;1;1;1;6;RD 10;49,0488622735;2,4415934086
202200041888;24;9;2022;18:00;1;50;50129;2;2;1;3;POLLE (RUE DE LA);49,6399400000; -1,6340800000
202200041889;13;1;2022;13:30;1;71;71176;2;1;1;6;76 Rue Titus Bartoli;46,4790020000;3,9858220000
202200041890;25;9;2022;21:17;3;49;49246;2;1;1;7;PETIT POUILLE CHEMIN ET SQUARE;47,4381100000; -0,5468100000
202200041891;14;1;2022;16:22;1;10;10216;2;9;1;7;Allée des peupliers;48,6644870000;4,2041370000
202200041892;13;1;2022;20:05;3;67;67474;1;1;1;6;RD 264;48,9287730000;7,8721440000
202200041893;13;1;2022;18:10;3;88;88044;1;1;1;3;D74;48,3098660000;5,6679150000
202200041894;25;9;2022;16:15;1;49;49007;2;2;1;3;STRASBOURG BOULEVARD;47,4570900000; -0,5540700000
202200041895;12;1;2022;02:30;5;38;38557;2;1;1;7;Avenue des Cèdres;45,7909850000;5,1316450000
202200041896;25;9;2022;06:25;5;49;49007;2;1;8;6;GASNIER AVENUE;47,4887900000; -0,5746500000
202200041897;14;1;2022;08:20;1;81;81117;1;1;5;6;3319 Ancienne Route d Albi;43,7999380000;2,0118710000
202200041898;25;9;2022;03:00;5;45;45234;2;6;1;6;3 Rue Gustave Eiffel;47,9238700000;1,9407500000
202200041899;4;1;2022;12:30;1;31;31395;1;1;1;3;Route d Eaunes;43,4407750000;1,3402570000
202200041900;12;9;2022;11:35;1;45;45234;2;3;1;3;Boulevard Marie Stuart;47,9114400000;1,9241300000
202200041901;13;1;2022;07:15;3;72;72154;1;2;1;3;RD 323;47,7087510000; -0,0416920000
202200041902;26;9;2022;17:05;1;45;45068;2;3;3;6;D740 PK 5 + 315;48,0156300000;2,7387000000
202200041903;25;9;2022;06:05;3;45;45068;1;1;1;6;D2007 PK 16 + 29;48,0257600000;2,7406100000
202200041904;14;1;2022;17:15;1;50;50058;1;4;1;3;651;49,0667190000; -1,5953110000
202200041905;26;9;2022;09:00;1;37;37122;2;1;1;2;CHINON (BOULEVARD DE);47,3550500000;0,6967700000
202200041906;13;1;2022;16:40;2;76;76250;1;1;1;6;384 Route du Ponant;49,5641210000;0,3063810000