Num_Acc;jour;mois;an;hrmn;lum;dep;com;agg;int;atm;col;adr;lat;long
202200041907;13;9;2022;01:22;5;37;37261;2;6;1;6;EIFFEL (AVENUE GUSTAVE);47,4258305121;0,6970122457
202200041908;12;9;2022;16:45;1;37;37122;2;1;1;7;JEAN JAURES;47,3480499955;0,6577929854
202200041909;14;1;2022;16:30;1;60;60575;2;1;1;6;D 125;49,2975180000;2,1893160000
202200041910;13;1;2022;18:00;5;62;62865;2;1;8;6;Rue de la Grande Chapelle;50,3273890000;2,9803960000
202200041911;12;9;2022;08:30;1;37;37122;2;2;1;6;BORDEAUX (AVENUE DE);47,3556294605;0,6986993551
202200041912;10;9;2022;17:35;1;37;37261;2;2;1;6;MARCEAU (RUE);47,3918100000;0,6858800000
202200041913;26;9;2022;13:35;1;35;35278;1;1;3;6;GRAVELLE  (LIEU DIT);48,1729500000; -1,6796000000
202200041914;26;9;2022;07:05;1;35;35238;2;3;1;3;SAUVAIE (DE LA);48,0946600000; -1,6341200000
202200041915;26;9;2022;22:30;5;33;33063;2;6;2;6;Place Ravezies;44,8659500000; -0,5756900000
202200041916;13;1;2022;01:20;5;59;59092;2;1;1;6;164 Rue des Frères Régnier;50,2866780000;3,3170300000
202200041917;26;9;2022;17:52;1;33;33069;2;3;1;3;Avenue de la Libération Charles de Gaulle;44,8661000000; -0,6057400000
202200041918;26;9;2022;07:20;2;33;33162;2;2;1;3;A630;44,8795423737; -0,6269529462
202200041919;26;9;2022;07:10;5;33;33162;1;6;1;3;D1215;44,8846100000; -0,6642100000
202200041920;12;9;2022;14:30;1;33;33063;2;2;1;3;Cours Edouard Vaillant;44,8645800000; -0,5638600000
202200041921;25;9;2022;08:25;1;31;31555;2;1;1;1;SEYSSES (RTE DE) DU 263 AU 311;43,5732900000;1,4191300000
202200041922;26;9;2022;07:40;2;29;29232;1;6;2;6;Rond-Point de Kerustum;47,9794100000; -4,0952200000
202200041923;25;9;2022;11:35;1;29;29151;2;4;1;1;12 Cours Beaumont;48,5879110000; -3,8370840000
202200041924;26;9;2022;06:40;5;27;27681;2;1;1;6;FOCH (AVENUE DU MARECHAL);49,0967635255;1,4753222466
202200041925;24;9;2022;21:30;5;27;27229;2;2;8;4;NORMANDIE (BOULEVARD DE);49,0217541690;1,1374711990
202200041926;26;9;2022;19:55;5;26;26281;2;1;1;6;DIDIER (COURS PIERRE);45,0455700000;5,0479630000
202200041927;26;9;2022;03:25;3;25;25056;1;1;8;6;MORRE ROUTE DE;47,2256600000;6,0489400000
202200041928;12;9;2022;16:50;1;25;25056;2;7;7;2;BELFORT RUE DE BELFORT (sup 144)4;47,2525800000;6,0365100000
202200041929;20;9;2022;18:05;1;22;22113;2;1;1;2;PARK NEVEZ (AVENUE DE);48,7296700000; -3,4471030000
202200041930;26;9;2022;14:10;1;21;21054;2;1;1;6;FERRY (BOULEVARD JULES);47,0216500000;4,8407300000
202200041931;22;9;2022;15:50;1;15;15014;1;1;1;7;D35 route des crêtes;44,9423940000;2,4477440000
202200041932;25;9;2022;13:21;1;14;14327;1;1;3;6;D515;49,2105900000; -0,3218300000
202200041933;25;9;2022;20:50;3;13;13117;1;1;1;6;EUROCOPTER CD 20;43,4301900000;5,2345300000
202200041934;24;9;2022;05:00;3;13;13117;1;1;2;5;CD 9 ESTROUBLANS;43,4275400000;5,2552500000
202200041935;12;9;2022;19:30;1;13;13071;1;1;1;3;D 543;43,4182800000;5,3669500000
202200041936;12;9;2022;18:30;1;13;13117;1;1;1;3;ROUTE NATIONALE 113-L'ANJOLY;43,4201100000;5,2701200000
202200041937;14;5;2022;21:40;5;13;13056;2;1;1;2;TURCAN FRANCIS;43,4116500000;5,0436700000
202200041938;26;9;2022;08:30;1;13;13203;2;1;1;3;CAMILLE PELLETAN (AVENUE);43,3059309179;5,3733182527
202200041939;25;9;2022;04:15;5;13;13203;2;1;2;1;NATIONAL (BOULEVARD);43,3150800000;5,3722800000
202200041940;12;9;2022;20:45;5;13;13209;2;9;1;3;MARÉCHAL DE LATTRE (AVENUE);43,2461267082;5,4178280816
202200041941;26;9;2022;15:30;1;13;13005;2;9;1;2;BARTHELEMY (RUE DU DR);43,2956547355;5,5659359749
202200041942;26;9;2022;09:17;1;13;13001;2;1;1;1;ST DONAT  (CH);43,5453300000;5,4524300000
202200041943;25;9;2022;19:51;2;10;10343;2;2;1;1;DIJON (RUE DE);48,2690190280;4,0880405903
202200041944;8;9;2022;07:35;1;10;10321;2;9;1;3;VICTOR HUGO (RUE);48,2820362839;4,0235602856
202200041945;24;9;2022;15:30;1;07;07281;1;1;1;2;;44,9285300000;4,8066500000
202200041946;26;9;2022;20:39;5;06;06088;2;3;1;3;ARIANE (BD DE L');43,7362400000;7,2959600000
202200041947;25;9;2022;12:00;1;06;06069;2;1;1;1;SAINT LAURENT (AVENUE);43,6802900000;6,9666400000
202200041948;24;9;2022;10:15;1;05;05061;2;1;2;3;CAPITAINE DE BRESSON ( RUE DU );44,5595630000;6,0832740000
202200041949;25;9;2022;05:51;5;75;75113;2;4;1;3;AVENUE D ITALIE;48,8244390000;2,3578220000
202200041950;25;9;2022;13:40;1;75;75105;2;2;1;3;AVENUE DES GOBELINS;48,8384620000;2,3506990000
202200041951;25;9;2022;12:25;1;75;75119;2;3;1;6;RUE MANIN;48,8830110000;2,3855460000
202200041952;25;9;2022;08:55;1;75;75119;2;3;1;3;RUE RIQUET;48,8886710000;2,3733290000
202200041953;24;9;2022;06:10;5;75;75119;2;7;1;3;PLACE AUGUSTE BARON;48,9001560000;2,3830200000
202200041954;26;9;2022;18:20;1;75;75118;2;1;8;3;BOULEVARD NEY;48,8977400000;2,3375110000
202200041955;25;9;2022;14:15;1;75;75118;2;6;1;3;RUE DE LA CHAPELLE;48,8950930000;2,3594820000
202200041956;25;9;2022;20:35;5;75;75117;2;3;1;3;AVENUE DE CLICHY;48,8924100000;2,3170940000
202200041957;14;8;2022;19:40;2;75;75117;2;4;2;3;RUE DE COURCELLES;48,8800830000;2,3021950000
202200041958;26;9;2022;20:10;5;75;75116;2;2;2;2;ALLEE DE LONGCHAMP;48,8725180000;2,2644240000
202200041959;26;9;2022;13:55;1;75;75116;2;2;3;2;AVENUE D IENA;48,8671220000;2,2954960000
202200041960;25;9;2022;19:00;1;75;75116;2;1;8;6;AVENUE RAPHAEL;48,8608630000;2,2679620000
202200041961;25;9;2022;16:00;1;75;75116;2;4;1;7;ROUTE D AUTEUIL AUX LACS;48,8522660000;2,2540560000
202200041962;26;9;2022;14:35;1;75;75115;2;2;3;3;BOULEVARD DE VAUGIRARD;48,8404580000;2,3150950000
202200041963;25;9;2022;00:30;5;75;75107;2;3;1;6;AVENUE DE SUFFREN;48,8480920000;2,3058380000
202200041964;25;9;2022;16:05;1;75;75113;2;4;1;6;BOULEVARD ARAGO;48,8367740000;2,3517740000
202200041965;25;9;2022;14:15;1;75;75113;2;2;1;3;BOULEVARD ARAGO;48,8349500000;2,3449920000
202200041966;25;9;2022;10:00;1;75;75112;2;3;1;3;COURS DE VINCENNES;48,8480920000;2,3991790000
202200041967;25;9;2022;13:30;1;75;75110;2;2;1;3;BOULEVARD DE STRASBOURG;48,8754880000;2,3578490000
202200041968;25;9;2022;05:20;5;75;75108;2;2;1;3;AVENUE MATIGNON;48,8717640000;2,3141760000
202200041969;25;9;2022;04:54;5;75;75103;2;2;1;2;RUE DE BRETAGNE;48,8628770000;2,3625680000
202200041970;26;9;2022;09:20;1;94;94041;2;2;1;6;JEAN LE GALLEU (R);48,8107300000;2,3799200000
202200041971;26;9;2022;09:10;1;94;94033;2;3;1;3;Avenue Parmentier / Rue d'Estienne d'Orves;48,8538560100;2,4532092874
202200041972;25;9;2022;12:20;1;94;94022;2;2;1;6;Rue Louise Michel / Rue Auguste Blanqui;48,7658000000;2,4055000000
202200041973;26;9;2022;10:05;1;93;93078;2;2;1;3;Avenue de la Plaine de France / Rue des Vanesses;48,9755200000;2,5065600000
202200041974;25;9;2022;09:05;1;93;93073;2;1;1;3;Avenue de la Resistance;48,9482491453;2,5659174944
202200041975;26;9;2022;17:30;1;93;93059;2;2;1;3;Avenue Elisée Reclus / Rue Nungesser et Coli;48,9518900000;2,3580100000
202200041976;26;9;2022;16:43;1;93;93051;2;1;2;6;Rue du Docteur Jean Vaquier;48,8478400000;2,5544100000
202200041977;26;9;2022;15:55;1;93;93051;2;1;2;6;VERDU;48,8476500000;2,5323500000
202200041978;26;9;2022;00:30;5;93;93008;2;2;1;3;Avenue du President Salvador Allende / Boulevard Maurice Thorez;48,9067266207;2,4456284098
202200041979;25;9;2022;12:15;1;93;93007;1;6;1;3;"""DESCARTES (AVENUE """"DU 43AU 180"""")Z2""";48,9500000000;2,4600000000
202200041980;26;9;2022;07:55;1;92;92077;2;3;1;3;MARNES (RUE DE);48,8276500000;2,1844500000
202200041981;25;9;2022;01:27;5;92;92064;2;1;8;7;ROUTE DE PARIS A VERSAILLES;48,8444028575;2,2096896172
202200041982;25;9;2022;15:00;1;92;92063;2;2;1;3;COLMAR (AVENUE DE);48,8871009549;2,1795646548
202200041983;25;9;2022;16:10;1;92;92051;2;1;1;7;GENERAL KOENIG (BOULEVARD DU);48,8859259822;2,2557962537
202200041984;26;9;2022;18:50;1;92;92020;2;1;2;6;VERDUN AVENUE DE N°2 A 28;48,8037800000;2,2882700000
202200041985;26;9;2022;20:45;5;92;92051;2;2;2;2;VILLIERS(RUE DE)  2A52;48,8883610000;2,2815590000
202200041986;26;9;2022;17:31;1;92;92024;2;1;1;6;JEAN JAURES (BD) DE (111 A 159);48,9053731457;2,3018926978
202200041987;25;9;2022;21:45;5;92;92024;2;2;1;3;HENRI BARBUSSE (RUE) DE (73 A 139);48,9000100000;2,3062300000
202200041988;25;9;2022;17:20;1;92;92012;2;1;2;6;ANATOLE FRANCE (BOULEVARD) 1/4BIS;48,8506656418;2,2360447347
202200041989;25;9;2022;18:53;1;92;92007;2;3;2;3;FROIDE (RUE);48,7990000000;2,3001600000
202200041990;25;9;2022;14:10;1;92;92007;2;1;1;1;SARRAZINE (RUE DE LA );48,7893900000;2,3128700000
202200041991;25;9;2022;16:17;1;57;57142;1;3;1;2;D2;49,1592360000;6,2186910000
202200041992;26;9;2022;08:00;1;974;97415;1;1;1;2;Route Nationale 1; -20,9969620000;55,2859070000
202200041993;25;9;2022;17:28;1;14;14458;1;1;1;6;D171;49,0309190000; -0,4307040000
202200041994;25;9;2022;12:00;1;18;18035;1;9;1;3;;47,1460300000;2,6737040000
202200041995;22;9;2022;17:12;1;31;31022;2;1;1;3;161 Route de Fronton;43,6730480000;1,4261140000
202200041996;27;9;2022;07:03;4;71;71384;1;1;8;6;aire de service de La Ferté autoroute A6 sens PARIS/LYON au PK 341+000;46,6923350000;4,8433510000
202200041997;12;9;2022;07:45;1;46;46262;1;1;1;1;lieu dit lacoste;44,3252990000;1,2868700000
202200041998;26;9;2022;08:45;1;86;86031;1;1;1;7;Route de la Puye;46,6099590000;0,6212880000
202200041999;26;9;2022;16:15;1;67;67214;1;1;1;1;D341;48,6202386669;7,6068735123
202200042000;25;9;2022;18:45;2;35;35012;1;1;1;4;RN137;47,8158640000; -1,6893630000
202200042001;25;9;2022;10:15;1;14;14412;1;1;2;3;D8;49,0472896873; -0,5969008883
202200042002;26;9;2022;19:20;2;14;14650;1;1;2;6;D107;49,0359765704; -0,7643206716
202200042003;26;9;2022;19:15;4;60;60448;2;1;2;6;Rue de Beauval;49,1045700000;3,0436100000
202200042004;2;12;2022;18:00;3;59;59360;1;1;1;2;AUTOROUTE A25;50,6182000000;2,9996600000
202200042005;26;9;2022;09:35;1;72;72124;1;1;8;3;lieu dit le soleil;47,8407390000;0,2622130000
202200042006;5;12;2022;17:40;3;91;91549;1;1;1;2;RN 104;48,6266200000;2,3461500000
202200042007;27;9;2022;16:15;1;44;44051;2;1;1;1;36 Rue de Châteaubriant;47,6676940000; -1,6645200000
202200042008;5;12;2022;07:45;5;91;91434;1;1;2;2;AUTOROUTE A6;48,6660000000;2,3610000000
202200042009;27;9;2022;04:55;3;63;63054;1;1;1;3;A75;45,4968960000;3,2545630000
202200042010;5;12;2022;18:06;3;92;92048;1;1;1;4;N118;48,7877617862;2,2219915291
202200042011;23;9;2022;15:00;1;15;15259;1;1;1;6;A75;45,1091650000;3,1343920000
202200042012;5;12;2022;17:15;3;95;95277;1;1;1;7;A3;48,9799824543;2,4966357228
202200042013;24;9;2022;09:15;1;62;62473;2;2;1;6;Rue Emile Basly;50,6174680000;2,4688390000
202200042014;5;12;2022;13:35;1;93;93078;1;1;1;7;AUTOROUTE A104;48,9647743991;2,5191569122
202200042015;27;9;2022;15:00;1;51;51237;1;1;1;5;N4;48,7230470000;3,5590980000
202200042016;5;12;2022;00:15;3;94;94069;1;1;2;4;A4;48,8172046066;2,4285178250
202200042017;17;11;2022;20:40;5;59;59447;2;1;2;6;JAURES (RUE JEAN);50,3855790000;3,5968910000
202200042018;28;8;2022;12:25;1;19;19066;1;2;1;3;48 Rue Marc Chadourne;45,1396760000;1,3116970000
202200042019;26;9;2022;21:00;5;76;76196;2;4;1;3;Place du Général Leclerc;49,6434950000;0,2659730000
202200042020;4;12;2022;06:21;5;75;75101;2;2;1;3;RUE DE RIVOLI;48,8627500000;2,3352680000
202200042021;26;9;2022;10:25;1;80;80509;1;1;2;6;D45;49,8399540000;2,8828700000
202200042022;25;9;2022;19:25;2;80;80308;2;1;1;3;rue Emile Zola - rue Jean Jacques Rousseau;50,0563850000;1,5988270000
202200042023;23;9;2022;03:20;3;65;65258;1;1;1;6;RD 717;43,0895668557;0,3796532750
202200042024;3;12;2022;06:35;5;75;75119;2;1;2;6;BOULEVARD PERIPHERIQUE EXTERIEUR NORD  ;48,8790320000;2,4081160000
202200042025;25;9;2022;20:35;2;33;33362;1;1;1;2;route départementale  674;45,0248730000; -0,1539910000
202200042026;3;12;2022;18:00;5;75;75106;2;3;1;2;RUE DE VAUGIRARD;48,8461050000;2,3236520000
202200042027;27;9;2022;17:15;1;11;11341;1;1;2;1;D509;42,8946190000;2,2288240000
202200042028;27;9;2022;14:30;1;89;89351;1;1;2;7;;47,4569510000;4,0605290000
202200042029;4;12;2022;13:10;1;75;75116;2;7;1;2;PLACE VICTOR HUGO;48,8698810000;2,2854020000
202200042030;26;9;2022;17:10;1;89;89134;1;4;3;3;;47,4746790000;4,0181640000
202200042031;4;12;2022;06:00;5;75;75116;2;7;1;3;PLACE DE LA PORTE MAILLOT;48,8781280000;2,2808750000
202200042032;25;9;2022;10:45;1;63;63426;1;2;2;1;D922;45,5858010000;2,6468040000
202200042033;4;12;2022;08:55;1;75;75114;2;3;8;6;BOULEVARD JOURDAN;48,8205480000;2,3374190000
202200042034;27;9;2022;08:45;1;63;63106;1;1;1;3;RD 4 - K 9+400 décroissant;45,7442500000;3,2728100000
202200042035;4;12;2022;19:55;5;75;75111;2;4;1;3;BOULEVARD VOLTAIRE;48,8528170000;2,3884980000
202200042036;4;12;2022;14:15;1;75;75111;2;2;8;6;RUE OBERKAMPF;48,8655930000;2,3777023000
202200042037;25;9;2022;15:30;1;61;61084;1;2;1;5;D909;48,7901570000; -0,2452910000
202200042038;4;12;2022;04:06;5;75;75108;2;2;1;6;RUE SAINT LAZARE;48,8755410000;2,3266680000
202200042039;26;9;2022;07:40;2;49;49155;2;1;1;3;Route d'Angers;47,6142420000; -0,7086100000
202200042040;24;9;2022;17:45;1;49;49125;1;1;8;6;;47,1284019930; -0,2713065071
202200042041;4;12;2022;20:25;5;75;75104;2;3;2;6;RUE DE RIVOLI;48,8580820000;2,3496850000
202200042042;26;9;2022;17:45;1;12;12162;1;1;1;1;RD 57;44,3194190000;2,4351020000
202200042043;4;12;2022;03:10;5;94;94081;2;1;1;1;CARRIERES (R DES);48,7993000000;2,3908200000
202200042044;4;12;2022;15:45;2;94;94076;2;1;1;2;MAXIME GORKI (BD);48,7873700000;2,3677400000
202200042045;26;9;2022;14:00;1;46;46208;1;1;1;1;D840;44,8831320000;1,6188260000
202200042046;3;12;2022;18:25;5;94;94018;2;2;8;3;Avenue de la Liberte / Avenue Winston Churchill;48,8245460000;2,4054720000
202200042047;25;9;2022;17:55;1;47;47206;1;2;1;3;Route de Monbahus;44,4991300000;0,5666490000
202200042048;4;12;2022;20:40;5;94;94071;2;3;2;3;BOISSY (R DE);48,7640700000;2,5254800000
202200042049;4;12;2022;00:30;5;94;94081;2;2;1;3;PAUL ARMANGOT (R);48,7807100000;2,3827300000
202200042050;26;9;2022;08:29;2;47;47100;2;9;7;6;Avenue de la Candélie;44,2372000000;0,6468520000
202200042051;26;9;2022;17:10;1;86;86245;1;1;2;7;La Poterie;46,8246090000;0,6243690000
202200042052;4;12;2022;22:30;3;93;93010;2;2;2;7;Route de Stains / Avenue Galliéni;48,9043100000;2,4706000000
202200042053;4;12;2022;19:45;5;93;93008;1;9;2;3;Rue Pierre Sémard;48,9081720000;2,4455400000
202200042054;25;9;2022;17:30;1;86;86097;1;1;1;1;D1;46,3152470000;0,3885920000
202200042055;4;12;2022;03:14;5;93;93005;2;6;1;2;Carrefour de l’Europe;48,9510000000;2,4850000000
202200042056;25;9;2022;14:50;1;39;39017;1;1;1;7;;46,7721510000;5,5236660000
202200042057;1;12;2022;21:00;5;93;93001;2;1;2;6;47 Rue de la Motte;48,9103000000;2,3967200000
202200042058;25;9;2022;18:30;1;29;29193;2;1;1;6;Rue d'Armor;48,5555811100; -4,0863420300
202200042059;4;12;2022;14:03;1;92;92050;2;2;8;7;PONS NOEL RUE;48,9040800000;2,2191300000
202200042060;26;9;2022;13:55;1;38;38175;2;1;1;5;966 Boulevard de la Republique;45,2671940000;5,9177790000
202200042061;4;12;2022;13:20;1;92;92048;2;1;1;7;TRIVAUX (AVENUE DE) N° 6BIS A 8;48,8038279905;2,2343224883
202200042062;12;9;2022;06:30;2;38;38501;2;2;1;3;D523;45,3084880000;5,9580150000
202200042063;5;12;2022;17:15;5;95;95487;2;1;2;1;Avenue Gaston Vermeire;49,1523840000;2,2735740000
202200042064;27;9;2022;05:20;3;02;02321;1;2;1;3;D960;49,8335640000;3,8736680000
202200042065;5;12;2022;17:50;3;95;95487;2;1;2;6;Avenue Gaston Vermeire;49,1494492826;2,2793921828
202200042066;26;9;2022;06:50;2;03;03254;2;1;1;6;Boulevard Ledru Rollin;46,3098520000;3,2886080000
202200042067;3;12;2022;15:55;1;972;97217;1;9;1;3;La Duprey;14,4574960000; -60,8915520000
202200042068;5;12;2022;11:00;1;35;35085;2;9;1;6;Rue des Champs;48,4083340000; -1,7501310000
202200042069;26;9;2022;09:30;1;26;26162;1;5;1;3;1466 Route de Manthes;45,3000280000;5,0301850000
202200042070;1;9;2022;18:00;1;26;26112;1;1;1;1;RD501;44,3878220000;5,2345670000
202200042071;3;12;2022;13:10;1;29;29086;1;1;1;3;N165;48,3503948773; -4,2357953910
202200042072;24;9;2022;16:00;1;58;58281;1;9;1;7;Fontenoy;47,3535180000;3,0398630000
202200042073;3;12;2022;20:15;5;84;84039;1;1;2;3;D907;44,0790150000;4,8809390000
202200042074;26;9;2022;17:35;1;58;58149;2;1;8;7;Rue de Pont;46,7978820000;3,9658230000
202200042075;5;12;2022;09:10;1;83;83049;1;1;1;1;D43 - PK 18+400;43,2821340000;6,0737070000
202200042076;25;9;2022;20:35;3;60;60647;1;1;1;1;N31;49,4026028622;2,9677593193
202200042077;27;9;2022;12:15;1;60;60104;2;1;1;6;rue de Paris;49,6313170000;2,2985430000
202200042078;1;12;2022;12:20;1;77;77116;1;1;1;1;D111;48,7553460000;3,2351510000
202200042079;5;12;2022;08:30;2;34;34270;2;1;7;3;767 Route de Sete;43,5771030000;3,8484660000
202200042080;26;9;2022;17:00;1;24;24535;1;1;1;1;Route Fénelon;44,9214200000;1,3439800000
202200042081;3;12;2022;14:40;1;56;56101;2;6;8;7;17 Rue Jean Moulin;47,8305700000; -3,1554170000
202200042082;25;9;2022;17:20;1;28;28302;1;1;1;6;D30;48,4879750000;1,1593180000
202200042083;4;12;2022;11:40;1;2B;2B238;1;1;1;6;D39;42,2863460000;9,2118640000
202200042084;26;9;2022;19:00;1;30;30214;1;1;1;1;RD6110;44,0476610000;4,0974070000
202200042085;5;12;2022;01:55;4;80;80519;2;1;4;6;6 Rue Nationale;49,7992940000;3,0094580000
202200042086;27;9;2022;05:45;3;30;30104;1;1;1;6;Chemin du Mas Floutier;43,9701170000;4,1627030000
202200042087;3;12;2022;14:15;1;82;82119;1;1;1;6;Route de Lapenche;44,1987860000;1,5533640000
202200042088;27;9;2022;11:40;1;52;52347;1;1;3;7;Bayard sur Marne;48,5687320361;5,0790524483
202200042089;23;9;2022;08:00;2;49;49092;1;2;1;3;Route Départementale 54 - PK : 017+900;47,2340020000; -0,5945600000
202200042090;5;12;2022;08:45;1;65;65460;1;1;7;4;RD935;43,3972680000;0,0581930000
202200042091;5;12;2022;15:00;1;81;81146;2;1;1;6;38 Route d Albi;44,0589990000;1,9665150000
202200042092;5;12;2022;15:45;1;71;71428;1;3;7;2;Grand Route du Botoret - RD83;46,1944930000;4,2951390000
202200042093;24;9;2022;09:55;1;78;78620;1;1;2;3;D361;48,7398830000;2,1255220000
202200042094;4;12;2022;17:40;5;71;71282;2;3;3;3;Chemin des Camuzeaux;46,8317040000;4,3628490000
202200042095;26;9;2022;17:32;1;38;38553;2;1;1;2;8 Rue Emile Zola;45,6078480000;5,1568960000
202200042096;27;9;2022;08:00;1;42;42279;1;1;8;7;Route du Chasseur;45,4948420000;4,2784770000
202200042097;5;12;2022;12:40;1;63;63055;1;1;1;1;Ganne D'Issert;45,8421335077;2,8045560120
202200042098;12;11;2022;17:00;1;61;61096;1;1;1;7;Le Cruchet;48,5320520000; -0,4583790000
202200042099;4;12;2022;17:50;3;61;61156;1;1;1;1;D42;48,5564010000;0,2199200000
202200042100;27;9;2022;08:00;1;53;53218;1;1;8;1;chemin de la carterie;48,1761741760; -0,3679347030
202200042101;4;12;2022;16:00;1;46;46073;1;1;1;7;rue du mas de nuc;44,4196050000;1,6306110000
202200042102;2;12;2022;22:40;5;29;29270;2;1;1;7;route de Landerneau;48,4032520000; -4,2282340000
202200042103;4;12;2022;05:15;3;35;35184;1;1;1;6;RN12;48,2078440000; -2,0615030000
202200042104;1;12;2022;11:30;1;29;29220;2;6;1;6;Place du Pont Guern;47,8653170000; -4,2266520000
202200042105;2;12;2022;10:55;1;01;01389;1;1;1;7;Lieu-dit la bruisse;46,0525500000;4,9208130000
202200042106;25;9;2022;18:00;2;38;38214;1;1;2;5;A41S PK 016.500;45,2896126014;5,9166072666
202200042107;28;11;2022;13:50;1;01;01040;1;3;1;6;;46,3723692955;5,0456640299
202200042108;4;12;2022;17:25;3;58;58189;1;1;2;7;La Reserve;47,2187930000;3,1280020000
202200042109;25;9;2022;04:00;3;38;38052;2;3;2;6;Mas du Plan;45,0492400000;6,0366600000
202200042110;4;12;2022;13:19;1;54;54042;1;1;2;6;RD112;48,4406182540;6,3031911851
202200042111;5;12;2022;16:50;1;14;14398;1;1;1;1;Chemin de la Fontaine Bazin;49,2045500000;0,1584900000
202200042112;25;8;2022;09:50;1;69;69027;2;1;1;6;8 Chemin de la Lande;45,6812820000;4,7625900000
202200042113;26;11;2022;18:40;4;43;43148;2;3;9;3;D4;45,2053810000;3,5070530000
202200042114;5;12;2022;12:15;1;85;85031;2;6;1;6;Route départementale 13;46,7943230000; -0,9369810000
202200042115;4;12;2022;13:30;1;37;37050;2;1;1;6;66 Rue Charles Coulomb;47,3310750000;0,7022280000
202200042116;23;9;2022;00:35;5;30;30189;1;1;1;6;;43,8114700000;4,3499800000
202200042117;5;12;2022;03:00;3;72;72320;1;1;1;6;A11 pk 171.500;48,0568250000;0,1655500000
202200042118;5;12;2022;09:10;1;45;45345;1;1;8;7;A77 PR 36 + 747;47,9196930000;2,6823590000
202200042119;26;9;2022;17:00;1;77;77431;1;1;3;3;Autoroute A6 au Point kilométrique 069.800 dans le sens PARIS vers LYON;48,2895750000;2,6840970000
202200042120;5;12;2022;19:00;2;31;31587;1;1;1;3;A62;43,7640670000;1,3778450000
202200042121;4;12;2022;16:45;3;67;67194;1;1;3;7;A35;48,7196544980;7,8795039654
202200042122;1;12;2022;22:28;5;987;98738;2;6;1;7;PK 15.100; -17,6382960000; -149,6093920000
202200042123;3;12;2022;03:10;5;987;98745;1;1;1;6;PATIO quartier PAHURE; -16,6200000000; -151,4960000000
202200042124;25;9;2022;14:48;1;77;77333;1;1;1;2;Aire de Darvault (Embranchement d'autoroute);48,2662120000;2,7198780000
202200042125;5;12;2022;05:42;3;30;30169;1;1;1;1;;43,7964690000;4,3068980000
202200042126;24;9;2022;10:30;1;69;69118;2;1;1;2;Rue de Provence;45,5602330000;4,8129340000
202200042127;2;12;2022;17:30;3;45;45032;1;1;2;4;A6 PR 94 + 800;48,1361660000;2,9231580000
202200042128;25;9;2022;16:20;1;988;98808;1;1;1;6;RT3 Tribu Karovin; -21,2972120000;165,4781340000
202200042129;4;12;2022;19:00;3;971;97116;2;3;1;3;Rue Lucie Julia;16,3306830000; -61,4548480000
202200042130;4;12;2022;16:30;1;971;97107;1;1;1;1;RN1 - SAINT SAUVEUR;16,0163020000; -61,5835510000
202200042131;25;9;2022;21:45;3;971;97125;1;9;9;3;Belle Allée;16,2572640000; -61,3080880000
202200042132;3;12;2022;10:00;1;971;97121;2;3;1;3;Rue de la Bataille Anse Guyonn;16,2278810000; -61,7865140000
202200042133;26;9;2022;14:35;1;77;77084;1;1;2;7;D53;48,9674840000;3,0336430000
202200042134;5;12;2022;06:30;1;971;97106;1;1;1;1;Malendure;16,1757840000; -61,7804460000
202200042135;4;12;2022;02:50;5;84;84092;1;2;1;3;D907;43,9898740000;4,8630380000
202200042136;24;9;2022;16:10;1;34;34128;2;9;1;6;Rue Carriere Obscure;43,9311767144;3,7153892219
202200042137;5;12;2022;13:50;1;89;89136;1;1;2;7;A19;48,2645310000;3,2907020000
202200042138;5;12;2022;12:09;1;54;54377;1;1;8;7;D992;48,5130934620;6,8099784852
202200042139;25;9;2022;18:50;1;84;84048;1;9;1;7;route de saint-christol D30;43,9272320000;5,5197290000
202200042140;4;12;2022;16:30;2;26;26347;1;1;3;3;route nationale 7;45,0783920000;4,8299560000
202200042141;4;12;2022;17:45;5;07;07324;2;1;2;6;Quai Marc Seguin;45,0677680000;4,8346010000
202200042142;26;9;2022;06:45;2;83;83023;1;1;1;6;;43,3979230000;6,1337400000
202200042143;5;12;2022;14:30;1;69;69107;1;1;1;1;Route de Lyon;46,0371840000;4,4914880000
202200042144;26;9;2022;15:55;1;13;13030;1;1;1;1;D8n;43,2657220000;5,6619500000
202200042145;5;12;2022;11:00;1;33;33051;2;1;1;3;151 Avenue de la Libération;44,6444709730; -0,9795011580
202200042146;5;12;2022;07:52;5;60;60341;2;3;4;3;174 Rue du Blanc Pignon;49,0884550000;2,7459600000
202200042147;25;9;2022;14:10;1;10;10091;2;2;1;3;D441;48,5028720000;4,2763210000
202200042148;4;12;2022;12:40;1;80;80485;1;1;1;1;route départementale 210;49,7782990000;2,1976520000
202200042149;22;9;2022;10:30;1;68;68296;1;1;1;3;D1B1 PK 1+500;48,2259910000;7,3867880000
202200042150;2;12;2022;15:40;1;59;59229;1;1;2;7;meubias;50,0338603240;4,0169488191
202200042151;26;9;2022;12:35;1;26;26367;1;1;1;6;D538;44,3820760000;5,0997380000