Num_Acc;jour;mois;an;hrmn;lum;dep;com;agg;int;atm;col;adr;lat;long
202200042152;4;12;2022;05:25;3;13;13211;1;1;3;4;A50-Sens Marseille vers Aubagne;43,2932881654;5,4741409421
202200042153;26;9;2022;05:00;3;26;26168;1;1;1;7;D1075;44,6850630000;5,6925650000
202200042154;4;12;2022;05:00;3;13;13216;1;1;3;5;A55-Sens Martigues vers Marseille;43,3666000000;5,3299860000
202200042155;4;12;2022;03:30;3;13;13019;1;1;3;5;A51-Sens Aix en Provence vers Marseille;43,4259390000;5,3785410000
202200042156;20;9;2022;13:04;1;69;69163;2;2;1;3;Route du Grand Veissieux;45,9210310000;4,7557660000
202200042157;26;9;2022;16:20;1;17;17318;1;2;3;3;D735;46,2264030000; -1,5362620000
202200042158;3;12;2022;04:00;3;69;69296;1;1;2;5;Autoroute 7;45,6445500000;4,8297100000
202200042159;16;8;2022;14:15;1;29;29058;1;1;1;1;Hent Kergador;47,8727200000; -4,0337100000
202200042160;4;12;2022;19:45;3;33;33013;1;1;1;2;ROUTE NATIONALE 89;44,8683500000; -0,4951600000
202200042161;4;12;2022;15:50;1;94;94034;1;1;1;4;AUTOROUTE A86;48,7602012934;2,3206169189
202200042162;26;9;2022;08:45;1;60;60360;2;4;1;6;Ruelle Niville;49,3268700000;2,4663980000
202200042163;4;12;2022;13:50;1;91;91589;1;1;1;4;AUTOROUTE A6;48,6736400000;2,3427600000
202200042164;12;7;2022;11:10;5;74;74012;2;9;1;6;LIBERATION (PLACE DE LA);46,1925700000;6,2363800000
202200042165;4;12;2022;07:40;3;95;95604;1;1;1;5;A1;49,1057930000;2,5513310000
202200042166;11;7;2022;09:50;1;73;73011;2;3;1;3;D105 - HUGUES (MONTEE ADOLPHE);45,6731281977;6,3968835620
202200042167;4;12;2022;01:00;4;95;95212;1;1;1;6; A1;49,0330100000;2,5397300000
202200042168;11;7;2022;21:10;2;71;71499;2;1;1;7;JEAN ZAY (RUE);46,6454163631;4,2943578958
202200042169;4;12;2022;08:45;1;77;77363;1;1;1;2;A104;48,9115000000;2,6360000000
202200042170;11;7;2022;18:30;1;71;71076;2;9;1;3;BARRAULT (RUE BATONNIER J);46,7891800000;4,8415100000
202200042171;2;12;2022;22:45;5;971;97113;1;1;1;6;RN4 - SECTION RIVIERA;16,2171058610; -61,4832258224
202200042172;1;12;2022;18:00;5;65;65440;2;1;8;6;Rue Jean Perrin;43,2204800000;0,0791020000
202200042173;11;7;2022;17:34;1;69;69290;2;1;1;2;26 Rue Jules Ferry;45,6959800000;4,9475600000
202200042174;30;11;2022;16:45;2;54;54547;2;2;1;6;FORET DE HAYE (RUE DE LA);48,6535100000;6,1353400000
202200042175;30;11;2022;16:00;1;50;50129;2;1;1;6;PARC DES ACTIVITES;49,6027600000; -1,6033700000
202200042176;12;7;2022;05:40;1;69;69290;2;3;1;3;Avenue Henri Germain;45,7061000000;4,9059100000
202200042177;2;12;2022;12:10;1;33;33522;2;2;8;6;Rue du Quatorze Juillet;44,8199249700; -0,5921099782
202200042178;2;12;2022;22:20;5;29;29232;2;1;1;6;Vieille Route de Rosporden;47,9870000000; -4,0591000000
202200042179;12;7;2022;11:10;1;67;67482;2;1;1;3;RHIN (ROUTE DU);48,5734700000;7,7669100000
202200042180;22;9;2022;18:00;1;34;34232;1;1;1;3;D14 PK 43+20;43,4829590000;3,0284930000
202200042181;20;9;2022;19:15;3;34;34118;1;1;1;7;D26;43,7455060000;3,9001250000
202200042182;11;7;2022;23:25;5;67;67482;2;3;1;3;ROMAINS (ROUTE DES);48,5780300000;7,7040400000
202200042183;18;9;2022;21:00;3;34;34253;1;1;1;6; A75 261+570;43,8342170000;3,3083440000
202200042184;11;7;2022;13:35;1;67;67482;2;1;1;3;HAGUENAU (PLACE DE);48,5918400000;7,7416100000
202200042185;12;9;2022;21:10;3;34;34019;1;3;8;7;D8 PR 35+520;43,7340690000;3,1203100000
202200042186;3;12;2022;10:00;1;976;97611;2;1;1;3;m'tsapere-Nationale 2 (route); -12,7932900000;45,2195800000
202200042187;10;7;2022;14:05;1;67;67482;2;9;1;6;KLEBSAU (RUE DE LA);48,5428800000;7,7715300000
202200042188;3;12;2022;11:25;1;974;97416;1;9;1;4;RN3 (3); -21,3309400000;55,4677000000
202200042189;12;7;2022;07:35;1;64;64348;1;1;1;3;FRERES WRIGHT DES;43,3495500000; -0,3854500000
202200042190;3;12;2022;15:30;1;974;97409;2;2;1;3;DU CENTRE(CHEMIN); -20,9466600000;55,6550500000
202200042191;11;7;2022;07:40;1;64;64445;2;2;1;2;PAIX;43,3195700000; -0,3486200000
202200042192;3;12;2022;15:50;1;973;97302;2;1;3;3;TIGRE (ROUTE DU);4,9202470519; -52,3203679919
202200042193;12;7;2022;10:45;1;64;64024;2;1;1;7;BAYONNE (AVENUE DE);43,4810900000; -1,5117500000
202200042194;3;12;2022;00:15;5;973;97302;2;6;2;7;LEBLOND (ROND POINT);4,9215266492; -52,3295331001
202200042195;2;12;2022;23:30;5;972;97209;2;1;1;6;BISHOP (Avenue Maurice);14,6093900000; -61,0561500000
202200042196;11;7;2022;07:46;1;63;63113;2;1;1;3;CLOS FOUR (RUE DU);45,7907612508;3,1090235710
202200042197;3;12;2022;15:30;1;69;69381;2;3;1;6;10 Quai Jean Moulin;45,7662167324;4,8380649089
202200042198;3;12;2022;15:55;1;69;69152;2;1;2;5;Rue Jules Guesde;45,6976000000;4,8229700000
202200042199;7;7;2022;12:41;1;63;63113;2;2;1;3;CLEMENTEL (BD ETIENNE)/Solayer;45,8096600000;3,1094500000
202200042200;3;12;2022;09:10;1;91;91657;2;2;2;3;RUE JULES VERNE;48,7032500000;2,4345400000
202200042201;7;7;2022;07:36;1;63;63113;2;5;1;6;JOUHAUX (BD LEON)/Forest;45,7997000000;3,1122000000
202200042202;3;12;2022;20:28;5;88;88160;2;1;1;3;BARRES (AV.MAURICE-);48,1754500000;6,4338600000
202200042203;3;12;2022;09:45;1;81;81284;2;6;1;3;BOURDES (DE);43,9185600000;2,1169600000
202200042204;12;7;2022;23:00;5;61;61001;2;6;1;3;GENERAL DE GAULLE (PLACE DU);48,4342100000;0,0940700000
202200042205;3;12;2022;08:50;1;77;77210;1;1;1;1;D605;48,4276800000;2,9054800000
202200042206;12;7;2022;08:26;1;60;60057;2;1;1;2;Av du Pdt J Fitzgerald Kennedy;49,4237300000;2,1053100000
202200042207;3;12;2022;10:25;1;77;77014;2;1;9;6;D210;48,4188659013;2,7318359981
202200042208;4;12;2022;00:50;3;69;69266;2;1;3;5;Boulevard Laurent Bonnevay;45,7849000000;4,8641300000
202200042209;3;12;2022;13:20;1;69;69256;1;1;1;6;Avenue Roger Salengro;45,7469000000;4,9268700000
202200042210;3;12;2022;20:50;5;69;69259;1;1;2;6;Allée des Savoies;45,7167000000;4,8562100000
202200042211;3;12;2022;03:20;5;64;64260;2;1;2;6;Boulevard de l'empereur;43,3560700000; -1,7664100000
202200042212;2;12;2022;15:44;1;64;64024;2;3;1;3;Avenue de Bayonne;43,4812908917; -1,5108239651
202200042213;2;12;2022;10:26;1;64;64102;2;1;1;6;Avenue de Marhum;43,4906500000; -1,4865600000
202200042214;3;7;2022;02:55;5;59;59350;2;2;1;3;BART JEAN RUE;50,6277800000;3,0646500000
202200042215;2;12;2022;12:55;1;62;62427;1;1;2;6;CD40E;50,3964900000;2,9644700000
202200042216;3;12;2022;13:30;1;59;59350;2;2;1;3;SEINE RUE DE LA;50,6126800000;3,0578200000
202200042217;3;12;2022;09:29;1;56;56121;2;1;1;6;14 Cours Louis de Chazelles;47,7554200000; -3,3634300000
202200042218;2;12;2022;16:05;1;56;56121;2;1;1;6;117bis Boulevard Léon Blum;47,7445000000; -3,3812000000
202200042219;29;6;2022;12:00;1;59;59009;2;1;1;6;BIZET GEORGES BOULEVARD;50,6190400000;3,1477400000
202200042220;2;12;2022;17:05;1;56;56098;2;2;1;3;61 Avenue Ambroise Croizat;47,7744340000; -3,3467280000
202200042221;11;7;2022;00:30;5;59;59178;2;1;1;6;FAIDHERBE (BOULEVARD);50,3679030964;3,0885529518
202200042222;4;12;2022;00:15;5;54;54395;2;2;8;3;MALZEVILLE (Rue de);48,7033310775;6,1818198860
202200042223;3;12;2022;05:25;5;54;54395;2;2;1;3;POINCARE (RUE RAYMOND 1-29-2-30);48,6900372462;6,1718004942
202200042224;3;12;2022;22:02;5;49;49007;2;2;1;3;CARNOT;47,4753500000; -0,5485400000
202200042225;12;7;2022;08:10;1;55;55545;1;1;1;2;D603;49,1397447385;5,3274357319
202200042226;2;12;2022;15:30;2;45;45234;2;1;2;4;Avenue Roger Secrétain;47,8859973320;1,8967829347
202200042227;3;12;2022;04:45;3;45;45338;1;1;2;7;D2060 PR 29 + 535;47,9721423414;2,7158842385
202200042228;12;7;2022;10:50;1;54;54395;2;2;1;1;TOMBLAINE (RUE DE);48,6876400000;6,2054900000
202200042229;3;12;2022;17:50;5;37;37261;2;1;8;2;Avenue André Malraux;47,3974777149;0,7021594048
202200042230;4;12;2022;23:00;5;34;34172;2;1;8;1;2040 Avenue du Père Soulas;43,6280500000;3,8461100000
202200042231;12;7;2022;20:45;1;51;51454;2;2;1;3;boulevard Lundy;49,2612940000;4,0331430000
202200042232;3;12;2022;18:15;5;34;34129;2;1;1;6;27 Avenue de Septimanie;43,5645000000;3,8790400000
202200042233;2;12;2022;15:10;1;27;27681;2;1;1;6;CAMERE (QUAI);49,0884500000;1,4958600000
202200042234;2;12;2022;21:30;5;22;22113;2;1;2;7;KERAMPONT (RUE DE);48,7284200000; -3,4646400000
202200042235;12;7;2022;20:30;1;51;51454;2;6;1;7;rue de Bétheny;49,2662246722;4,0452405810
202200042236;2;12;2022;18:25;5;18;18033;2;1;9;2;36 Chaussée de Chappe;47,0930400000;2,4223400000
202200042237;8;7;2022;13:50;1;50;50129;2;1;1;6;BOIS (RUE DU);49,6389200000; -1,6051800000
202200042238;3;12;2022;21:20;5;14;14327;2;1;1;6;avenue de la valeuse;49,2040200000; -0,3376000000
202200042239;3;12;2022;14:35;1;14;14118;2;1;1;3;Rue de Norrey;49,1890000000; -0,3871000000
202200042240;12;7;2022;22:08;5;38;38185;2;2;1;1;STALINGRAD (RUE DE)(ALLIES/AIME PUPIN);45,1669000000;5,7235000000
202200042241;4;12;2022;01:00;4;13;13117;1;1;3;2;CD 9 ESTROUBLANS;43,4262837372;5,2512100742
202200042242;20;8;2022;11:20;1;64;64445;2;1;1;3;avenue Trespoey;43,2987900000; -0,3522100000
202200042243;3;12;2022;19:50;5;13;13002;2;1;2;2;CANTON VERT (AVENUE DU);43,3414400000;5,4723510000
202200042244;2;12;2022;12:30;1;11;11262;2;1;1;6;8 Avenue Pompidor;43,1839300000;2,9792300000
202200042245;20;8;2022;17:30;1;51;51454;2;3;1;3;rue Clovis Chézel;49,2400337955;4,0321353078
202200042246;3;12;2022;08:35;2;11;11069;2;2;1;3;Avenue du Président Franklin Roosevelt ;43,2224000000;2,3374400000
202200042247;11;7;2022;17:50;1;35;35288;2;3;1;2;MARTIN LOUIS (AVENUE);48,6474200000; -2,0088900000
202200042248;20;8;2022;15:50;1;47;47201;2;1;1;2;MARNE (AV. DE LA);44,1942450000;0,6016890000
202200042249;3;12;2022;17:11;3;10;10357;1;1;1;2;ROCADE EST (RD 610);48,2944000000;4,1382000000
202200042250;2;12;2022;09:10;1;10;10387;2;2;8;3;GEORGES POMPIDOU (RUE);48,2865400000;4,0775000000
202200042251;20;8;2022;19:20;1;43;43157;2;3;1;2;Place Michelet;45,0418159901;3,8853889704
202200042252;2;12;2022;23:40;3;09;09225;2;1;1;6;ROUTE DE VERNIOLLE À CALMONT;43,1223000000;1,6526000000
202200042253;19;8;2022;11:09;1;38;38563;2;7;8;4;TEZIER (AVENUE R.);45,3675600000;5,5905600000
202200042254;20;8;2022;21:22;5;37;37122;2;9;1;6;MANSART (RUE);47,3422869838;0,6603491306
202200042255;3;12;2022;14:16;1;06;06088;2;1;2;6;LYAUTEY (AV. DU MAL);43,7106300000;7,2827600000
202200042256;12;7;2022;07:30;1;35;35115;2;1;7;6;COMBATTANTS D'AFRIQUE DU NORD (RUE DES);48,3481863645; -1,1811442673
202200042257;2;12;2022;23:10;5;06;06104;2;1;1;3;PEGLION (RUE ANTOINE);43,7675170000;7,4793190000
202200042258;20;8;2022;11:15;1;35;35051;1;1;1;2;RN157;48,1146197900; -1,5595060587
202200042259;2;12;2022;21:07;5;03;03098;2;1;2;3;Rue Ambroise Croizat;46,3452900000;2,6193800000
202200042260;20;8;2022;05:45;5;35;35238;2;1;1;4;RN24;48,1069559724; -1,7256635427
202200042261;25;6;2022;17:10;1;34;34003;2;1;1;2;LOUBATIERE (BD JEAN MONNET;43,3018500000;3,4837000000
202200042262;20;8;2022;05:50;2;34;34172;2;1;1;2;124bis Avenue de Toulouse;43,5940900000;3,8605500000
202200042263;3;12;2022;14:20;1;01;01451;1;3;8;1;BOURG  ( ROUTE DE );46,2404200000;5,2264620000
202200042264;20;8;2022;12:00;1;33;33063;2;3;1;3;Rue du Manège;44,8413300000; -0,5850500000
202200042265;22;8;2022;11:45;1;07;07229;2;3;1;3;;44,6066000000;4,4160300000
202200042266;12;7;2022;14:10;1;33;33192;2;1;1;3;Rue de Lahouneau;44,7798800000; -0,6128400000
202200042267;2;12;2022;10:45;1;988;98818;2;3;1;2;ROUTE DE L'ANSE VATA/RUE DU PASTEUR LEENDHARDT; -22,3003800000;166,4449800000
202200042268;19;8;2022;17:22;1;17;17142;1;1;1;4;D 9;46,1917500000; -1,0944400000
202200042269;2;12;2022;05:40;1;976;97611;1;1;1;1;passamanty-Bangali  (rue ); -12,7970300000;45,2007700000
202200042270;1;12;2022;07:25;1;974;97416;2;1;1;3;VERGES (AVENUE LAURENT); -21,2965100000;55,4604800000
202200042271;12;7;2022;15:15;1;31;31555;2;1;1;6;AV DE GRANDE BRETAGNE;43,5966218951;1,4226168394
202200042272;20;8;2022;05:00;5;13;13103;2;3;1;1;AVENUE DE LATTRE DE TASSIGNY-RD 17-;43,6400000000;5,0900000000
202200042273;30;11;2022;15:00;1;974;97416;1;1;1;4;RN1 (ROUTE NATIONALE); -21,3091600000;55,4330400000
202200042274;12;7;2022;16:55;1;28;28218;2;1;1;6;REPUBLIQUE (AVENUE DE LA);48,4370200000;1,4459200000
202200042275;20;8;2022;16:40;1;13;13215;2;9;1;5;VISTE (AVENUE DE LA);43,3571900000;5,3574200000
202200042276;2;12;2022;15:45;1;974;97411;2;1;1;6;MONTHYON (RUE); -20,8876000000;55,4638000000
202200042277;19;8;2022;16:10;1;13;13201;2;1;1;3;CANEBIERE     70 A FIN;43,2975500000;5,3813200000
202200042278;30;11;2022;13:45;1;974;97411;1;9;1;7;STADE DE L'EST (RUE DU); -20,8963000000;55,5028000000
202200042279;12;7;2022;18:00;1;27;27681;2;6;7;3;CLEMENCEAU (RUE);49,0948800000;1,4860800000
202200042280;20;8;2022;21:13;5;10;10387;2;1;1;2;PREIZE (RUE DE);48,3061600000;4,0695790000
202200042281;2;12;2022;17:15;2;69;69387;2;3;1;3;Avenue Tony Garnier;45,7262600000;4,8376500000
202200042282;12;7;2022;10:45;1;17;17299;2;1;1;6;RESISTANCE BOULEVARD DE LA;45,9308350000; -0,9625880000
202200042283;1;12;2022;10:30;1;69;69383;2;4;1;2;Avenue Félix Faure;45,7547000000;4,8677200000
202200042284;20;8;2022;07:35;1;75;75118;2;1;1;2;PORTE DE LA CHAPELLE;48,9008710000;2,3562180000
202200042285;2;12;2022;18:40;5;972;97213;1;1;1;1;Z I LES MANGLES;14,6134100000; -61,0129600000
202200042286;12;7;2022;20:40;1;13;13071;2;9;1;2;VERSAILLES (ROND POINT DIT DE);43,4091965588;5,3253617658
202200042287;19;8;2022;23:06;5;75;75105;2;3;1;1;QUAI DE MONTEBELLO;48,8526360000;2,3476430000
202200042288;30;11;2022;11:15;1;972;97213;1;1;1;4;AUTOROUTE A1;14,6183400000; -61,0273700000
202200042289;1;12;2022;08:25;1;972;97209;1;1;1;6;RD 41 (ROCADE);14,6052658479; -61,0893568397
202200042290;20;8;2022;18:45;1;75;75118;2;1;1;3;RUE ORDENER;48,8919300000;2,3475710000
202200042291;2;12;2022;10:05;1;69;69381;2;1;1;7;Rue Lucien Sportisse;45,7702200000;4,8308300000
202200042292;12;7;2022;19:00;1;13;13213;1;1;1;3;CHEMIN DU MERLAN A LA ROSE ;43,3304774268;5,4121858162
202200042293;1;12;2022;15:58;1;69;69149;2;1;8;6;Grande Rue;45,7155700000;4,8088400000
202200042294;20;8;2022;09:00;1;75;75114;2;2;1;3;AVENUE DE LA PORTE D ORLEANS;48,8207970000;2,3210670000
202200042295;12;7;2022;16:45;1;13;13203;2;9;1;3;LOUBON (RUE);43,3125300000;5,3801200000
202200042296;30;11;2022;13:30;1;69;69202;2;1;8;6;Rue de Chavril;45,7473671944;4,8024456203
202200042297;1;12;2022;01:46;5;2B;2B033;1;9;1;6;PIETRABUGNO - ROUTE DE;42,7070070000;9,4272570000
202200042298;20;8;2022;04:45;5;75;75114;2;2;1;6;RUE REMY DUMONCEL;48,8296880000;2,3310460000
202200042299;2;12;2022;12:00;1;971;97101;2;9;1;3;ROUTE DES ABYMES;16,2509000000; -61,5277000000
202200042300;20;8;2022;06:18;5;75;75108;2;1;1;6;RUE JEAN MERMOZ;48,8699440000;2,3108400000
202200042301;1;12;2022;18:50;5;971;97101;2;2;2;3;PALAIS ROYAL;16,2996100000; -61,4911500000
202200042302;12;7;2022;15:20;1;13;13205;2;1;1;2;BAILLE (BOULEVARD);43,2891700000;5,3954200000
202200042303;19;8;2022;17:44;1;75;75107;2;2;1;3;QUAI ANATOLE FRANCE;48,8595410000;2,3292850000
202200042304;30;11;2022;18:15;4;971;97101;2;6;1;1;ROND POINT IGNACE;16,2430358519; -61,5307813883
202200042305;30;11;2022;18:45;5;971;97101;2;9;1;6;ROUTE DES ABYMES;16,2546900000; -61,5225500000
202200042306;19;8;2022;15:19;1;75;75107;2;5;1;6;AVENUE DE TOURVILLE;48,8540980000;2,3064030000
202200042307;12;7;2022;06:15;2;13;13209;2;3;1;3;SAINTE MARGUERITE (BOULEVARD);43,2601800000;5,4158400000
202200042308;30;11;2022;07:05;1;971;97101;1;1;2;2;RN11;16,2767000000; -61,5216800000
202200042309;19;8;2022;11:54;1;94;94022;2;2;1;1;Boulevard des Alliés / Avenue Gambetta;48,7643300000;2,4053100000
202200042310;31;10;2022;07:30;1;971;97107;2;9;1;6;DUMANOIR ( ALLEE );16,0376500000; -61,5669500000
202200042311;11;7;2022;21:45;2;13;13210;2;1;1;3;SCHLOESING (BOULEVARD);43,2752147657;5,3997261822
202200042312;20;8;2022;09:55;1;94;94017;2;1;1;3;Avenue de la République;48,8190640000;2,5113910000
202200042313;2;12;2022;07:43;1;2A;2A004;2;1;1;1;CAROSACCIA (CHEMIN DE LA);41,9381300000;8,7344200000
202200042314;20;8;2022;19:55;1;94;94004;2;1;1;6;7 Boulevard Leon Revillon;48,7480162432;2,5127457082
202200042315;11;7;2022;16:00;1;09;09122;2;1;1;3;DE GAULLE (AVENUE DU GENERAL);42,9591790000;1,6101670000
202200042316;1;12;2022;17:50;3;2A;2A004;1;1;1;5;T20;41,9449900000;8,8112300000
202200042317;12;7;2022;01:00;5;06;06069;2;1;1;7;SIDI BRAHIM (AVENUE);43,6484000000;6,9390600000
202200042318;23;2;2022;18:45;2;13;13001;2;2;1;3;ENFANT (RTE DE L');43,4885600000;5,3874400000
202200042319;20;8;2022;03:50;5;93;93059;2;2;1;3;Avenue de la République / Rue de Paris;48,9677300000;2,3621200000
202200042320;1;12;2022;08:30;1;95;95268;2;1;1;1;RD 84A;48,9586753366;2,4110293199
202200042321;22;2;2022;09:33;1;10;10333;2;1;1;2;ROCADE OUEST (RD 610);48,2698367207;4,0496850014
202200042322;20;8;2022;19:45;1;93;93066;2;1;1;2;Rue Danielle Casanova;48,9290277542;2,3622500835
202200042323;1;12;2022;21:10;5;95;95268;2;3;1;3;AV DU HUIT MAI 1945;48,9743000000;2,4058700000
202200042324;11;7;2022;17:45;1;03;03094;1;2;1;6;Route de Paris;46,1562500000;3,4609000000
202200042325;22;2;2022;15:10;1;06;06088;2;9;1;3;VALOMBROSE (AV. DE);43,7255770000;7,2791040000
202200042326;20;8;2022;11:25;1;93;93066;2;1;1;2;Boulevard de la Libération;48,9284485679;2,3412194569
202200042327;12;7;2022;18:40;1;75;75113;2;1;1;3;PORTE DE GENTILLY;48,8168800000;2,3483260000
202200042328;1;12;2022;13:00;1;91;91521;2;1;1;6;REMY (RUE ALBERT);48,6573260000;2,4072140000
202200042329;23;2;2022;08:45;1;06;06069;2;6;1;2;Rd point des Quatre Chemins;43,6451460000;6,9401550000
202200042330;20;8;2022;13:15;1;93;93050;2;2;1;3;Rue Paul et Camille Thomoux / Avenue Léon Blum;48,8665000000;2,5289900000
202200042331;2;12;2022;05:00;5;87;87085;2;1;1;6;LEOBARDY (AVE DU PROF JOSEPH DE);45,8112730000;1,2393330000
202200042332;12;7;2022;16:00;1;75;75112;2;1;1;4;PORTE DE CHARENTON;48,8302760000;2,4020370000
202200042333;20;8;2022;17:30;1;93;93048;2;5;1;1;Boulevard Aristide Briand / Rue de Romainville;48,8682200000;2,4468000000
202200042334;1;12;2022;11:04;1;87;87085;2;1;1;3;QUINET (RUE EDGAR);45,8218100000;1,2390500000
202200042335;30;11;2022;08:08;1;87;87085;2;1;1;3;CHENIEUX (RUE FRANCOIS);45,8389900000;1,2570600000
202200042336;20;8;2022;08:25;1;93;93032;2;3;1;6;Allée de Montfermeil / Allée Laguilhonie;48,8993200000;2,5396300000
202200042337;22;2;2022;01:30;3;75;75101;2;4;1;3;RUE RAMBUTEAU;48,8629330000;2,3459000000
202200042338;11;7;2022;17:15;1;75;75112;2;4;1;2;PORTE DE VINCENNES;48,8443750000;2,4139000000
202200042339;20;8;2022;15:30;1;93;93008;2;1;1;1;Rue Voltaire;48,9128700000;2,4147200000
202200042340;30;11;2022;18:20;5;85;85194;2;9;1;3;MITTERAND (AVENUE FRANCOIS);46,5285900000; -1,7744300000
202200042341;23;2;2022;12:10;1;75;75120;2;2;1;3;RUE BELGRAND;48,8646690000;2,4046300000
202200042342;29;11;2022;09:50;1;85;85194;2;2;1;6;rond point boulevard du vendée globe;46,4926200000; -1,7503100000
202200042343;20;8;2022;06:30;2;93;93008;2;3;8;3;Rue du Chemin Vert / Avenue du President Salvador Allende;48,9048243893;2,4456237020
202200042344;11;7;2022;22:04;5;75;75115;2;2;1;3;RUE LOUIS ARMAND;48,8320560000;2,2805190000
202200042345;23;2;2022;16:00;1;75;75116;2;1;1;2;AVENUE HENRI MARTIN;48,8642510000;2,2764030000
202200042346;6;10;2022;07:30;4;84;84007;2;1;1;6;WETZLAR (Avenue de );43,9463800000;4,8283000000
202200042347;20;8;2022;19:05;1;93;93001;2;3;1;3;Avenue Victor Hugo / Rue de la Haie Coq;48,9036577631;2,3722560275
202200042348;12;7;2022;16:10;1;75;75120;2;3;1;3;RUE DE BAGNOLET;48,8567530000;2,3959850000
202200042349;1;12;2022;17:15;5;82;82121;2;1;8;2;ABBAYE (RUE DE L');44,0070000000;1,3559700000
202200042350;19;8;2022;21:48;5;92;92078;2;1;1;6;GALLIENI (BD) (153 ET 225);48,9314420000;2,3322770000
202200042351;23;2;2022;09:00;1;75;75116;2;7;1;3;PLACE DE LA PORTE DE SAINT CLOUD;48,8383985378;2,2570171952
202200042352;12;7;2022;11:35;1;75;75118;2;2;1;6;RUE VERSIGNY;48,8943350000;2,3453700000
202200042353;1;12;2022;16:45;1;81;81004;2;1;8;6;VIGAN (PL DU);43,9272600000;2,1481200000
202200042354;23;2;2022;10:00;2;75;75116;2;1;5;2;ALLEE DU BORD DE L EAU;48,8685560000;2,2356750000
202200042355;20;8;2022;16:53;1;92;92012;2;7;1;6;GENERAL LECLERC (AVENUE DU) 1/33 - 2/58;48,8336400000;2,2432200000
202200042356;22;2;2022;12:50;1;75;75116;2;1;1;6;RUE DE L ARIOSTE;48,8414300000;2,2555090000
202200042357;12;7;2022;12:05;1;75;75111;2;2;1;2;RUE DE CHARONNE;48,8535760000;2,3804150000
202200042358;28;11;2022;17:10;2;78;78586;2;9;1;3;CLOS;48,9471000000;2,1987000000
202200042359;21;8;2022;17:00;1;39;39228;1;1;1;5;;46,6462030000;6,0512460000
202200042360;12;7;2022;00:15;5;75;75109;2;1;1;6;RUE DE DUNKERQUE;48,8825010000;2,3453070000
202200042361;22;11;2022;18:15;5;78;78124;2;1;1;3;SAINT GERMAIN (ROUTE DE);48,9109400000;2,1650200000
202200042362;22;2;2022;23:20;5;75;75115;2;2;2;3;QUAI ANDRE CITROEN;48,8459110000;2,2773160000
202200042363;20;8;2022;16:00;1;976;97610;2;1;7;3;Majicavo Lamir - RN 1; -12,7450890000;45,2240230000
202200042364;2;12;2022;18:58;5;78;78440;2;6;2;3;EUROPE (AVENUE DE L');48,9783200000;1,9142500000
202200042365;22;2;2022;12:15;1;75;75115;2;1;1;3;BD PERIPHERIQUE EXTERIEUR;48,8337860000;2,2770520000
202200042366;11;7;2022;18:30;1;75;75109;2;2;1;3;RUE NOTRE DAME DE LORETTE;48,8802400000;2,3353200000
202200042367;20;8;2022;03:45;3;76;76517;1;1;1;6;A 28 - PK 093+400;49,5119330000;1,1885400000
202200042368;23;11;2022;11:40;1;78;78401;2;1;2;3;THIERS (BOULEVARD);49,0061400000;1,9183200000
202200042369;12;7;2022;17:50;1;75;75109;2;1;1;6;BOULEVARD POISSONNIERE;48,8712750000;2,3443310000
202200042370;21;8;2022;06:10;3;28;28261;1;1;1;1;PK 092+000 Autoroute A11;48,2724830000;1,1663530000
202200042371;22;2;2022;10:00;1;75;75113;2;2;1;3;RUE DU VAL DE MARNE;48,8167710000;2,3486100000
202200042372;2;12;2022;15:00;1;77;77307;2;1;2;7;RUE DU PUITS DU GUE;48,8696640000;2,7433760000
202200042373;12;7;2022;00:30;5;75;75104;2;2;1;3;RUE JACQUES COEUR;48,8517560000;2,3670120000
202200042374;21;8;2022;18:00;2;974;97412;2;3;1;3;Rue Aime Lucas; -21,3699460000;55,6025900000
202200042375;23;2;2022;20:45;5;75;75112;2;2;1;3;BOULEVARD DIDEROT;48,8480401693;2,3928496242
202200042376;1;12;2022;17:35;1;76;76351;2;1;1;3;LESUEUR (RUE);49,4948500000;0,1226400000
202200042377;12;7;2022;12:17;1;94;94046;2;1;1;6;Avenue du Général Leclerc;48,8063509375;2,4396729468
202200042378;20;8;2022;09:00;1;972;97216;1;1;1;3;N1;14,8263840000; -61,0420990000
202200042379;1;12;2022;18:00;3;74;74118;1;1;8;1;18 AOUT (RUE DU);46,1676680000;6,1993980000
202200042380;23;2;2022;09:25;1;75;75112;2;2;1;3;AVENUE DAUMESNIL;48,8393710000;2,4299640000
202200042381;12;7;2022;09:00;1;94;94046;2;1;1;2;JEAN JAURES (R);48,7950420000;2,4337390000
202200042382;21;8;2022;16:39;1;12;12063;1;1;1;2;Autoroute A75 Sens Nord-Sud;44,0103600000;3,1424440000
202200042383;12;7;2022;15:00;1;94;94071;2;1;1;7;27 Chemin du Bois Clary;48,7561500000;2,5532700000
202200042384;21;8;2022;14:20;1;76;76748;2;1;1;7;Rue de Janville;49,8216980000;0,6400660000
202200042385;2;12;2022;20:14;5;72;72181;2;1;1;3;TIRONNEAU ADRIEN (PL);47,9834300000;0,2112450000
202200042386;23;2;2022;22:00;5;75;75110;2;4;1;3;BOULEVARD DE MAGENTA;48,8720379205;2,3598678410
202200042387;16;8;2022;10:30;1;79;79239;1;1;1;7;la Satière;46,6851000000; -0,3025750000
202200042388;12;7;2022;16:55;1;93;93073;2;3;1;1;Route du Midi / Rue du Carnet;48,9930686782;2,5284750416
202200042389;21;8;2022;06:25;2;2B;2B343;2;1;1;6;Querciolo;42,4894330000;9,4788680000