Num_Acc;jour;mois;an;hrmn;lum;dep;com;agg;int;atm;col;adr;lat;long
202200042636;9;6;2022;11:45;1;13;13213;1;1;1;2;A507 sens Aubagne- Marseille;43,3300000000;5,4120100000
202200042637;22;2;2022;18:00;2;77;77209;1;2;1;3;D217E / D217B;48,8537700000;2,6907200000
202200042638;26;6;2022;08:10;1;55;55351;2;3;1;1;Avenue de Verdun;49,5153290000;5,3715630000
202200042639;12;6;2022;10:50;1;59;59029;1;1;1;1;AUTOROUTE A23;50,4854371384;3,2163119316
202200042640;22;2;2022;16:00;1;76;76217;2;1;1;2;AVE CHARLES NICOLLE;49,9250800000;1,1086500000
202200042641;12;7;2022;18:00;1;57;57683;2;1;1;2;Rue Sainte Barbe;49,3042040000;6,1526720000
202200042642;20;2;2022;03:10;5;72;72181;2;1;1;6;LEDRU ROLLIN QUAI N° 103 ET plus;48,0087810000;0,1993840000
202200042643;13;6;2022;16:50;1;78;78646;1;1;1;2;RN 12;48,7912290000;2,0717980000
202200042644;20;8;2022;02:30;5;64;64445;2;3;1;3;rue Carnot;43,3014600000; -0,3693700000
202200042645;11;7;2022;06:20;1;57;57355;1;1;1;6;83;49,0319840000;7,1369130000
202200042646;21;2;2022;12:05;1;71;71076;2;1;1;2;KENNEDY (AVENUE JOHN FITZGERALD);46,7873300000;4,8495200000
202200042647;12;7;2022;08:15;1;07;07232;2;3;1;1;D19;44,6511822177;3,9619302750
202200042648;13;6;2022;15:00;1;78;78117;1;1;1;1;RN12;48,7882100000;2,1413710000
202200042649;18;8;2022;11:30;1;64;64102;2;1;2;6;Avenue Henri Grenet;43,4995800000; -1,4808000000
202200042650;22;2;2022;10:10;1;69;69271;2;1;1;2;Boulevard des Droits de l'Homme;45,7380000000;4,9350000000
202200042651;11;7;2022;15:45;1;01;01043;2;1;1;6;Chemin des Malettes;45,8246390000;4,9969930000
202200042652;13;6;2022;12:50;1;78;78646;1;1;1;6;RN12 INT;48,7826010000;2,1609320000
202200042653;21;2;2022;12:15;1;65;65286;2;3;1;3;MARQUI (AVENUE ALEXANDRE);43,1051000000; -0,0415100000
202200042654;7;7;2022;18:40;1;17;17056;1;2;1;3;d134;45,6054630000; -0,5215340000
202200042655;13;6;2022;08:30;1;78;78217;1;1;1;3;A13;48,9656750000;1,8106850000
202200042656;12;7;2022;21:50;3;40;40123;1;1;1;6;D150;43,8000310000; -1,1557530000
202200042657;22;2;2022;15:30;1;64;64483;2;1;1;2;Avenue André Ithurralde;43,3964376040; -1,6459604711
202200042658;17;8;2022;16:55;1;60;60159;2;1;1;3;Carrefour de Shirakawa;49,3923000000;2,7893700000
202200042659;22;2;2022;21:24;5;64;64041;2;1;1;7;Rue du Village;43,2735200000; -0,3210700000
202200042660;13;7;2022;17:15;1;85;85247;1;1;1;6;VC rue du bocage;46,9628140000; -1,0550420000
202200042661;13;6;2022;07:40;1;92;92050;1;1;1;4;A86;48,9151866286;2,2202750559
202200042662;22;2;2022;13:55;1;64;64284;2;1;7;2;avenue Rauski;43,2665780000; -0,3894630000
202200042663;24;6;2022;16:50;1;44;44026;1;2;1;3;Route de Paris;47,2661900000; -1,4873100000
202200042664;11;6;2022;18:36;1;92;92050;1;1;1;2;A86;48,8934770765;2,1888457004
202200042665;19;8;2022;11:20;1;59;59421;2;8;1;6;MARNE (BOULEVARD DE LA);50,6967120000;3,1364290000
202200042666;21;2;2022;13:55;1;64;64445;2;1;8;4;Avenue Edouard VII;43,2965300000; -0,3586700000
202200042667;13;7;2022;16:50;1;14;14724;2;3;1;3;D514;49,2845220000; -0,1576040000
202200042668;13;6;2022;11:15;1;93;93005;1;1;1;4;AUTOROUTE A3;48,9559829274;2,4734293654
202200042669;13;7;2022;10:05;1;56;56007;2;1;1;7;3 Rue Lionel Huette;47,6670770000; -2,9827300000
202200042670;21;2;2022;08:15;2;64;64102;2;6;2;2;Avenue Capitaine Resplandy;43,4842200000; -1,4473800000
202200042671;19;8;2022;09:45;1;59;59599;2;3;8;3;GAND (RUE DE);50,7393023891;3,1628099084
202200042672;13;6;2022;07:10;1;95;95018;1;1;1;4; A15;48,9535300000;2,2792400000
202200042673;13;7;2022;09:00;1;29;29022;2;6;1;3;rue de Crozon;48,2717180000; -4,5874250000
202200042674;21;2;2022;17:45;1;62;62525;2;6;1;6;BUFFON (AVE....);50,7389630000;2,2721110000
202200042675;13;7;2022;06:45;2;22;22282;2;1;1;6;Boulevard de la Garde;48,6193780000; -2,2499230000
202200042676;28;3;2022;18:42;1;42;42207;1;1;1;4;A47;45,4923700000;4,5223900000
202200042677;18;2;2022;23:53;3;55;55545;2;6;1;3;SAINT VICTOR;49,1549738402;5,3897809982
202200042678;12;7;2022;17:45;1;27;27003;2;5;1;3;Rue du Moulin Potel;49,1686920000;1,1820390000
202200042679;12;6;2022;18:15;1;13;13208;2;1;1;1;DAVID (ROND-POINT);43,2618208201;5,3748627209
202200042680;8;7;2022;11:40;1;80;80721;2;1;1;6;833 Rue de Neuville;50,1803920000;1,6337930000
202200042681;22;2;2022;14:20;1;54;54395;2;1;2;4;FRANCE (AVENUE ANATOLE);48,6870696117;6,1620908976
202200042682;21;7;2022;18:05;1;59;59220;2;3;1;5;KLEBER RUE;50,5914402342;3,0727189778
202200042683;12;6;2022;20:35;3;974;97416;2;1;1;6;CD 29; -21,3425900000;55,5139800000
202200042684;28;1;2022;12:15;1;54;54395;2;1;1;7;MOLLEVAUT (RUE);48,7048600000;6,1707800000
202200042685;12;7;2022;16:25;1;13;13071;1;1;1;4;A7-Sens Marseille vers Lyon;43,4033800000;5,3052200000
202200042686;12;6;2022;13:35;1;69;69387;1;1;1;6;Place Docteurs Charles et Christophe Mérieux;45,7316760824;4,8248686059
202200042687;11;6;2022;02:40;5;972;97213;1;1;2;6;MORNE PITAULT (ROUTE DE);14,6239400000; -60,9511100000
202200042688;22;2;2022;05:45;5;54;54395;2;3;1;3;PINCHARD (AVENUE - OMBELLES);48,7010539001;6,1477410793
202200042689;16;8;2022;17:20;1;59;59017;2;1;1;6;LILLE (RUE DE );50,6844521802;2,8807193041
202200042690;11;7;2022;17:30;1;83;83129;1;1;1;4;A50;43,1206400000;5,8407700000
202200042691;12;6;2022;05:30;1;972;97209;2;1;1;2;LEOPOLD BISSOL (BOULEVARD);14,6113000000; -61,0733700000
202200042692;21;2;2022;15:00;1;54;54304;2;2;2;1;BEL AIR (RUE);48,6885500000;6,1548400000
202200042693;10;7;2022;04:40;3;69;69116;1;1;1;3;Autoroute 6;45,8376400000;4,7557900000
202200042694;18;8;2022;18:30;1;54;54395;2;1;1;6;CARRIERE (PLACE DE LA);48,6954300000;6,1819400000
202200042695;12;6;2022;00:25;5;972;97209;1;9;1;3;RD 41 (ROCADE);14,6163500000; -61,0710200000
202200042696;11;7;2022;18:45;1;69;69199;1;1;1;7;Autoroute 7;45,6942901515;4,8425352573
202200042697;22;2;2022;13:35;1;51;51454;2;3;2;3;Rue Camille Lenoir;49,2595800000;4,0404900000
202200042698;12;6;2022;22:43;5;2A;2A004;2;6;1;7;GEORGES POMPIDOU AVENUE;41,9299500000;8,7574800000
202200042699;13;8;2022;10:25;1;53;53130;2;1;1;7;GAVRE ( QUAI BEATRIX DE );48,0766800000; -0,7702500000
202200042700;12;7;2022;09:00;1;69;69256;1;1;1;4;Rocade Est;45,7943800000;4,9242300000
202200042701;19;2;2022;00:15;5;50;50129;2;2;2;3;MARQUISE (RUE);49,6448500000; -1,6262500000
202200042702;12;6;2022;17:00;1;95;95280;2;9;1;6;ROUTE DE GOUSSAINVILLE;49,0125900000;2,4719400000
202200042703;11;7;2022;08:40;1;69;69266;1;1;1;2;Boulevard Laurent Bonnevay;45,7834514921;4,8916734750
202200042704;20;2;2022;19:50;5;49;49099;2;4;8;6;PERRAULT (RUE CHARLES);47,0407700000; -0,8932800000
202200042705;12;7;2022;19:00;1;33;33249;1;1;1;6;ROCADE A 630;44,8812060000; -0,5239390000
202200042706;12;6;2022;09:15;1;91;91552;2;9;1;3;RUE SALVADOR ALLENDE;48,5929200000;2,2615880000
202200042707;18;8;2022;11:30;1;51;51172;2;3;1;3;rue Pierre Beregovoy;49,2137900000;4,0344900000
202200042708;20;2;2022;21:35;5;44;44184;2;1;2;6;Rue de la Côte de Nacre;47,2593000000; -2,2680400000
202200042709;12;7;2022;16:55;1;33;33090;1;1;1;2;AUTOROUTE A 63;44,7606120000; -0,6791520000
202200042710;22;2;2022;08:25;1;44;44109;2;1;1;6;2 Boulevard Vincent Gâche;47,2069230000; -1,5401120000
202200042711;12;7;2022;10:30;1;33;33013;1;1;1;2;ROUTE NATIONALE 230;44,8643010000; -0,5037970000
202200042712;18;2;2022;15:25;1;42;42127;2;1;9;6;Avenue Charles de Gaulle;46,0721200000;4,0659300000
202200042713;18;8;2022;20:55;1;50;50129;2;6;1;3;MALRAUX (ROND POINT ANDRE);49,5996800000; -1,5978200000
202200042714;8;7;2022;21:20;1;59;59491;1;1;1;1;AUTOROUTE A23;50,3871840131;3,4578824043
202200042715;20;2;2022;04:30;3;38;38516;1;1;1;3;VERDUN(AV. DE)EST PASSAGE RICOU;45,2008966783;5,7588083323
202200042716;12;7;2022;22:07;2;91;91689;1;1;1;7;AUTOROUTE A6A;48,7460800000;2,3254100000
202200042717;19;8;2022;20:30;1;47;47001;2;7;1;3;PELLETAN (PLACE EUGENE);44,2033900000;0,6245500000
202200042718;11;6;2022;02:00;5;69;69266;2;1;1;2;Cours André Philip;45,7725300000;4,8636900000
202200042719;22;2;2022;12:40;1;37;37261;2;1;1;6;PREUILLY (BOULEVARD);47,3923400000;0,6691000000
202200042720;19;8;2022;18:55;1;45;45234;2;6;2;7;Avenue des Droits de l'Homme;47,9245060000;1,9397900000
202200042721;12;7;2022;18:25;1;77;77251;1;1;1;6;A5A PARIS / RN104 INT;48,6319000000;2,5267500000
202200042722;22;2;2022;07:45;1;37;37122;1;1;1;7;RD 37;47,3330936690;0,6728629768
202200042723;19;8;2022;06:55;1;45;45147;2;1;1;6;40 Rue Marcelin Berthelot;47,9208000000;1,9146000000
202200042724;12;6;2022;23:55;5;69;69256;2;2;1;3;Avenue Pablo Picasso;45,7740400000;4,9210400000
202200042725;22;2;2022;18:25;2;31;31555;2;3;1;3;SAINT SIMON (RTE DE) DU 276 AU 389;43,5895400000;1,4142000000
202200042726;12;7;2022;11:00;1;91;91363;1;1;1;5;RN 104;48,6683800000;2,1923400000
202200042727;11;6;2022;09:30;1;60;60057;2;3;1;2;Rue de Tillé;49,4487200000;2,0850400000
202200042728;19;8;2022;19:52;1;45;45208;2;1;2;3;30 Rue du Faubourg de la Chaussee;47,9980300000;2,7416530000
202200042729;21;2;2022;16:30;1;31;31483;2;1;1;3;FRANCOIS MITTERAND ( AVENUE);43,1114210000;0,7411400000
202200042730;11;7;2022;09:30;1;92;92048;1;1;1;2;N118;48,8033612505;2,2143421769
202200042731;12;6;2022;00:40;5;59;59295;1;1;1;6;ROUTE DE BLARINGHEM;50,7154300000;2,5119300000
202200042732;22;2;2022;12:15;1;29;29019;2;1;1;3;Rue Claire de Duras;48,4141770000; -4,5085560000
202200042733;12;7;2022;18:30;1;95;95678;1;1;1;3;RN 184;49,0591800000;2,2105900000
202200042734;19;8;2022;22:55;5;37;37261;2;1;8;6;ALOUETTE (AVENUE);47,3623593892;0,6958803535
202200042735;12;6;2022;01:55;3;54;54149;1;1;1;7;D521;49,4365200000;5,9257500000
202200042736;12;7;2022;07:00;1;93;93005;1;1;1;3;AUTOROUTE A3;48,9602419884;2,4733228737
202200042737;22;2;2022;17:05;1;26;26362;1;3;1;6;MELIES RUE GEORGES (102);44,9259300000;4,9205400000
202200042738;12;6;2022;12:35;1;51;51454;2;2;1;7;boulevard Saint Marceaux;49,2514400000;4,0419600000
202200042739;9;8;2022;16:15;1;35;35093;2;2;1;6;FEART (BOULEVARD);48,6329000000; -2,0549900000
202200042740;12;7;2022;00:40;3;93;93066;1;1;1;2;AUTOROUTE A86;48,9227978068;2,3512841912
202200042741;11;7;2022;15:00;1;95;95241;1;1;1;2;RN 104;49,0503500000;2,4313200000
202200042742;19;8;2022;16:10;1;35;35278;1;1;2;1;RD 29;48,1608200000; -1,6931000000
202200042743;11;6;2022;19:38;1;51;51454;2;2;1;3;avenue d'Epernay;49,2408400000;4,0134900000
202200042744;22;2;2022;21:48;5;14;14118;2;2;8;1;Boulevard Dunois;49,1833200000; -0,3871000000
202200042745;11;7;2022;11:30;1;93;93078;1;1;1;3;AUTOROUTE A104;48,9712600000;2,4980500000
202200042746;16;4;2022;11:50;1;50;50165;2;6;1;3;COUTANCES (ROUTE DE);48,8538500000; -1,5650500000
202200042747;22;2;2022;21:45;5;13;13203;2;2;1;3;NATIONAL (BOULEVARD);43,3078300000;5,3816800000
202200042748;18;8;2022;15:10;1;35;35238;2;1;1;6;STATION DE METRO HENRI FREVILLE (AUX ABO;48,0874220000; -1,6743590000
202200042749;11;7;2022;23:00;4;95;95680;2;2;1;1;Boulevard Carnot;49,0051706661;2,3870547116
202200042750;22;2;2022;14:40;1;13;13206;2;2;1;3;BERLIOZ (RUE);43,2888000000;5,3830000000
202200042751;9;7;2022;20:35;1;92;92025;2;1;1;3;PDT S.ALLENDE 2   88 (RUE DU);48,9220768090;2,2424055934
202200042752;12;6;2022;23:00;4;37;37261;2;1;1;2;FRANCE (PLACE ANATOLE);47,3965771648;0,6856021285
202200042753;18;8;2022;08:20;1;31;31555;2;2;1;3;RUE DU PONT SAINT PIERRE;43,5988630000;1,4324180000
202200042754;21;2;2022;08:45;1;13;13209;2;2;1;3;CATHERINE BLUM (BOULEVARD);43,2677050842;5,4204565816
202200042755;10;7;2022;23:55;5;92;92078;2;1;1;3;VERDUN (AVENUE) (PAIRS 92 ET PLUS);48,9351520410;2,3276837468
202200042756;12;6;2022;18:30;1;37;37261;2;1;1;6;INDY (RUE VINCENT D');47,3676251777;0,7053505629
202200042757;9;7;2022;19:20;1;69;69387;2;2;1;3;Avenue Berthelot;45,7424677875;4,8507560678
202200042758;12;6;2022;03:50;3;35;35055;1;1;1;2;N136;48,0975964223; -1,6170796752
202200042759;17;8;2022;18:00;1;25;25462;2;2;2;3;BERLIOZ (DU 0 AU 24);46,9109180000;6,3522850000
202200042760;22;2;2022;12:50;1;06;06029;2;1;1;2;PERIER (LE CANNET);43,5663600000;6,9920000000
202200042761;9;7;2022;20:00;1;93;93001;2;2;1;6;95 Rue Henri Barbusse / Rue de Presles;48,9087287039;2,3905496299
202200042762;12;6;2022;15:15;1;31;31555;2;1;1;2;18 MONTAUDRAN (PERIPH EST A61);43,5727900000;1,4945300000
202200042763;22;2;2022;09:00;1;06;06027;2;2;1;3;NICE AVENUE DE (RN7);43,6595800000;7,1696100000
202200042764;9;7;2022;04:15;3;77;77372;1;1;1;6;A104;48,8816268717;2,6677850530
202200042765;12;6;2022;03:45;5;31;31555;2;3;1;3;BD DE STRASBOURG;43,6086000000;1,4457400000
202200042766;8;7;2022;10:00;1;57;57227;2;1;7;6;;49,1896251464;6,8818670511
202200042767;17;8;2022;04:35;5;13;13214;2;9;3;5;SAINTE MARTHE (chemin);43,3180600000;5,3902500000
202200042768;21;2;2022;15:23;1;05;05061;2;1;4;4;PROVENCE (AVENUE DE);44,5389200000;6,0551200000
202200042769;7;7;2022;11:30;1;75;75120;2;1;1;6;RUE DE BELLEVILLE;48,8745130000;2,3865770000
202200042770;17;2;2022;17:42;1;03;03310;2;1;1;6;Rue Jean Jaurès;46,1314800000;3,4234800000
202200042771;12;6;2022;05:20;3;31;31483;1;1;1;7;D 9  ROUTE DE LA SERRE DE NEROUS;43,1365300000;0,6986100000
202200042772;19;8;2022;07:10;2;13;13206;2;2;1;3;DRAGON (RUE);43,2879800000;5,3790700000
202200042773;7;7;2022;13:18;1;2B;2B033;2;9;1;3;AV DE LA LIBERATION;42,6821995451;9,4441701835
202200042774;22;2;2022;16:55;1;75;75116;2;1;1;3;BD PERIPHERIQUE INTERIEUR;48,8465750000;2,2548750000
202200042775;12;6;2022;10:30;1;25;25056;2;1;1;1;DOLE RUE DE (sup 200);47,2206200000;5,9568900000
202200042776;12;6;2022;07:00;1;22;22360;1;1;1;7;RN12;48,4859940000; -2,7156410000
202200042777;7;7;2022;18:43;1;81;81004;2;7;1;2;SAVARY (HIPPOLYTE);43,9254200000;2,1473700000
202200042778;19;8;2022;12:50;1;10;10357;1;1;1;2;ROCADE EST (RD 610);48,2908000000;4,1396000000
202200042779;22;2;2022;07:30;1;75;75112;2;1;1;2;BD PERIPHERIQUE INTERIEUR;48,8422540000;2,4136320000
202200042780;7;7;2022;17:13;1;77;77296;1;9;1;6;AV RENE CASSIN;48,6287580000;2,5676680000
202200042781;12;6;2022;18:50;1;13;13117;2;2;1;3;GLACIERE (RUE DE LA );43,4232270819;5,2410753071
202200042782;19;8;2022;10:35;1;07;07281;1;1;2;7;;44,9361180000;4,8269300000
202200042783;21;2;2022;20:15;5;75;75113;2;1;2;2;PORTE D IVRY;48,8210860000;2,3779980000
202200042784;7;7;2022;13:40;1;69;69264;2;6;1;6;Boulevard Burdeau;45,9960500000;4,7252600000
202200042785;12;6;2022;15:45;1;13;13209;1;1;1;1;COL DE LA GINESTE D559;43,2496877683;5,4453619259
202200042786;19;8;2022;18:32;1;06;06088;2;1;1;3;ANGLAIS (A PARTIR DU N° 351);43,6662400000;7,2110900000
202200042787;21;2;2022;19:55;3;75;75116;2;1;2;2;PORTE DAUPHINE;48,8704830000;2,2725290000
202200042788;7;7;2022;08:15;1;42;42044;2;9;7;6;Rue du Colonel Marey;45,3951200000;4,3236000000
202200042789;16;8;2022;14:18;1;06;06088;2;1;1;6;DIGUE DES FRANCAIS (TRAV. DE LA);43,6765000000;7,2003100000
202200042790;11;6;2022;11:40;1;13;13203;2;2;1;3;PEYSSONNEL (RUE);43,3091298639;5,3717649355
202200042791;22;2;2022;10:30;1;75;75120;2;1;1;3;BD PERIPHERIQUE EXTERIEUR;48,8769068867;2,4093908072
202200042792;7;6;2022;09:45;1;13;13005;2;1;1;7;PASSONS (CHEMIN DES );43,2945700000;5,5820100000
202200042793;22;2;2022;14:00;1;75;75118;2;3;2;6;RUE DES MARTYRS;48,8846690000;2,3397680000
202200042794;7;7;2022;11:30;1;75;75109;2;5;1;6;RUE DE LA CHAUSSEE D ANTIN;48,8729490000;2,3332440000
202200042795;18;8;2022;00:55;5;75;75117;2;1;1;4;PORTE DE CHAMPERRET;48,8858090000;2,2883020000
202200042796;11;6;2022;23:45;3;09;09013;1;1;1;1;20 (R.N.) COTE NORD DU TUNNEL;42,9775400000;1,6224100000
202200042797;22;2;2022;10:30;1;75;75118;2;1;2;3;BOULEVARD BARBES;48,8888038696;2,3495815694
202200042798;19;8;2022;19:15;2;75;75112;2;1;2;3;AVENUE DAUMESNIL;48,8468130000;2,3763580000
202200042799;22;2;2022;15:20;1;75;75116;2;1;1;3;BOULEVARD EXELMANS;48,8448829836;2,2585433722
202200042800;6;7;2022;15:15;1;81;81065;2;3;1;3;DE GAULLE RD 612 (AV. CHARLES);43,6014370000;2,2520880000
202200042801;12;6;2022;01:05;5;08;08409;2;6;1;6;GOULDEN (PLACE);49,7018860000;4,9442330000
202200042802;22;2;2022;05:00;5;75;75113;2;4;1;6;AVENUE DE LA PORTE D IVRY;48,8194370166;2,3734706640
202200042803;19;8;2022;10:02;1;75;75108;2;2;1;3;PLACE DE LA CONCORDE;48,8658560000;2,3198820000
202200042804;6;7;2022;08:50;1;33;33009;2;2;1;6;STE MARIE (AVE);44,6618100000; -1,1853400000
202200042805;12;6;2022;19:15;1;07;07116;2;3;8;3;RN 102;44,6434670000;4,3690300000
202200042806;21;2;2022;06:10;5;75;75113;2;3;2;3;RUE DE TOLBIAC;48,8258700000;2,3525900000
202200042807;6;7;2022;09:30;1;92;92023;2;1;1;3;PRESIDENT ROOSEVELT (RUE DU) N°1 A 45;48,8041650140;2,2579778284
202200042808;19;8;2022;22:32;5;75;75107;2;5;1;3;PLACE DE LA RESISTANCE;48,8624570000;2,3019440000
202200042809;11;6;2022;11:27;1;04;04112;2;1;1;7;Place du Terreau;43,8325042447;5,7814411819
202200042810;22;2;2022;17:10;1;75;75110;2;5;1;1;BOULEVARD DE MAGENTA;48,8804960000;2,3523130000
202200042811;18;8;2022;18:50;1;75;75107;2;1;1;6;PORT DES INVALIDES;48,8631280000;2,3141210000
202200042812;3;6;2022;16:20;1;04;04070;1;1;1;1;RN 85;44,0680489599;6,2085333467
202200042813;22;2;2022;09:55;1;75;75110;2;1;2;2;RUE DU FAUBOURG SAINT MARTIN;48,8800979193;2,3639233410
202200042814;18;8;2022;16:00;1;75;75107;2;1;1;7;ESPLANADE HABIB BOURGUIBA;48,8626560000;2,3034490000
202200042815;19;8;2022;18:15;1;75;75103;2;1;1;7;RUE BERANGER;48,8666240000;2,3633560000
202200042816;12;6;2022;08:10;1;01;01451;1;2;1;2;POLLIAT (ROUTE DE ) IMPAIR;46,2357360000;5,1834970000
202200042817;21;2;2022;13:00;1;75;75108;2;7;1;3;BOULEVARD MALESHERBES;48,8697590000;2,3234560000
202200042818;19;8;2022;11:00;1;75;75104;2;3;1;3;RUE SAINT ANTOINE;48,8535370000;2,3665410000
202200042819;22;2;2022;21:05;5;94;94081;2;2;2;3;Avenue Guy Môquet;48,7901400000;2,3971900000
202200042820;12;6;2022;15:10;1;75;75116;2;1;1;3;ECHANGEUR MUETTE;48,8635580000;2,2657610000
202200042821;22;2;2022;17:25;1;94;94081;2;3;1;3;Avenue Rouget de Lisle;48,7826500000;2,3938900000
202200042822;19;8;2022;01:55;5;75;75104;2;2;1;3;QUAI HENRI IV;48,8508190000;2,3614310000
202200042823;11;6;2022;05:45;2;75;75113;2;1;1;3;PORTE D ITALIE;48,8162240000;2,3639410000
202200042824;22;2;2022;21:00;5;94;94003;2;1;2;1;37 Av du President Salvador Allende;48,8103710000;2,3290750000
202200042825;23;7;2022;20:15;1;94;94028;2;2;1;3;Rue Amédéo Modigliani / Avenue des Compagnons de la Libération;48,7778600000;2,4603300000
202200042826;17;2;2022;18:30;5;94;94076;2;9;2;3;Avenue de Paris;48,8071000000;2,3629200000
202200042827;11;6;2022;04:25;5;75;75118;2;4;1;4;PORTE DE CLIGNANCOURT;48,9008180000;2,3402900000
202200042828;19;8;2022;17:20;1;94;94017;2;9;1;6;Avenue Maurice Thorez;48,8159347826;2,5384654105
202200042829;22;2;2022;07:30;2;94;94022;2;2;8;3;Boulevard de Stalingrad / A86;48,7728300000;2,4000800000
202200042830;10;6;2022;08:00;1;75;75119;2;1;1;7;PORTE DES LILAS;48,8807490000;2,4051640000
202200042831;19;8;2022;20:35;5;93;93078;2;1;2;3;Boulevard Robert Ballanger;48,9525700000;2,5300300000
202200042832;12;6;2022;21:35;1;75;75119;2;1;1;6;AVENUE SECRETAN;48,8805800000;2,3747740000
202200042833;22;2;2022;08:05;1;94;94071;2;2;1;2;Rue de Villeneuve / Avenue Albert Perrault;48,7679600000;2,5083900000
202200042834;12;6;2022;20:30;1;75;75119;2;1;1;3;RUE GASTON TESSIER;48,8961940000;2,3750620000
202200042835;22;2;2022;17:45;1;93;93070;2;9;8;3;DOCTEUR BAUER(RUE DU) :N°  75 AU 129;48,9088308380;2,3395227608
202200042836;19;8;2022;12:20;1;93;93077;2;2;1;3;Grande Rue / Rue de Neuilly;48,8828500000;2,5142900000
202200042837;12;6;2022;17:00;1;75;75113;2;1;1;2;AVENUE D IVRY;48,8237410000;2,3648990000
202200042838;23;2;2022;00:05;3;93;93066;2;1;2;6;"""PERI GABRIEL, NR 2  A 114 ET 1 A 133""";48,9394393769;2,3565034002
202200042839;11;2;2022;18:45;5;93;93039;2;1;1;6;THOREZ MAURICE;48,9421559352;2,3359352490
202200042840;12;6;2022;10:40;1;75;75109;2;7;1;3;PLACE DIAGHILEV;48,8730411545;2,3310783505
202200042841;19;8;2022;14:35;1;93;93055;2;3;8;6;Avenue de la Division Leclerc / Rue Racine;48,9109000000;2,4136700000
202200042842;22;2;2022;10:00;1;93;93055;2;1;1;3;Avenue Jean Lolive;48,8943929456;2,4194614292
202200042843;22;2;2022;12:50;1;93;93055;2;1;2;6;JEAN LOLIVE (AVENUE)(1/55 2/60);48,8903957135;2,3994354305
202200042844;12;6;2022;00:01;5;75;75109;2;2;1;3;BOULEVARD HAUSSMANN;48,8722420000;2,3383130000
202200042845;19;8;2022;17:20;1;93;93033;2;1;1;6;Avenue du Maréchal Joffre;48,8640500000;2,5755200000
202200042846;14;2;2022;06:20;5;92;92078;2;1;8;3;VERDUN (AVENUE) (IMPAIRS 1 A 25);48,9351970000;2,3293110000
202200042847;12;6;2022;18:10;1;75;75108;2;2;1;6;AVENUE PERCIER;48,8736850000;2,3145320000
202200042848;19;8;2022;16:25;1;93;93027;2;1;2;3;JAURES (AVENUE JEA;48,9231803542;2,4059256072
202200042849;21;2;2022;23:45;5;92;92046;2;1;1;6;GABRIEL PERI;48,8196263964;2,3065887093
202200042850;12;6;2022;01:45;5;94;94081;2;3;1;3;ROUGET DE L ISLE (AV);48,7793180000;2,3963730000
202200042851;22;2;2022;07:14;2;92;92073;2;2;1;6;GAMBETTA (RUE);48,8756800000;2,2271900000
202200042852;18;8;2022;22:03;5;93;93057;2;2;1;3;Avenue du Quatorze Juillet / Boulevard de Paris;48,9140475465;2,4917678533
202200042853;22;2;2022;08:45;1;92;92049;2;1;8;3;BASCH RUE VICTOR;48,8136136463;2,3212594539
202200042854;12;6;2022;19:45;1;94;94033;2;1;1;3;Avenue Victor Hugo;48,8555300000;2,4710100000
202200042855;19;8;2022;01:00;5;93;93005;2;3;8;6;Rue Blaise Pascal / Rue Henri Becquerel;48,9488945440;2,4782139904
202200042856;22;2;2022;12:45;1;92;92040;2;1;1;3;STALINGRAD (QUAI DE);48,8250400000;2,2578300000
202200042857;12;6;2022;21:21;1;94;94060;2;2;1;2;Rue du Général de Gaulle / Route de Villiers;48,7800000000;2,5780600000
202200042858;19;8;2022;20:05;1;92;92075;2;2;2;3;MARCEL MARTINIE (AVENUE);48,8229100000;2,2923300000
202200042859;22;2;2022;13:45;1;92;92024;2;1;8;3;HENRI BARBUSSE (RUE) DE (1 A 73)   (2 A;48,8994320000;2,3048990000
202200042860;12;6;2022;06:35;1;94;94070;2;3;1;6;Route Nationale 19;48,7178900000;2,5699400000
202200042861;22;2;2022;08:30;1;92;92023;2;6;1;2;FLEURY (RUE DE);48,8078320000;2,2503160000
202200042862;12;6;2022;06:28;1;94;94071;2;1;1;6;Rue du Pont de Chennevières;48,7816500000;2,5125900000
202200042863;19;8;2022;09:30;1;92;92024;1;1;1;2;GENNEVILLIERS (PONT DE);48,9130502795;2,3109835088
202200042864;22;2;2022;14:55;1;92;92012;2;2;1;3;THIERS (RUE) 1/65;48,8390644457;2,2468272820
202200042865;12;6;2022;17:50;1;94;94002;2;3;1;3;VOLTA (R)/ Rue Simone de Beauvoir;48,8076400000;2,4113800000
202200042866;19;8;2022;12:40;1;92;92012;2;1;1;3;REINE (ROUTE DE LA) 1/37- 6/80;48,8387000066;2,2514489293
202200042867;19;2;2022;14:45;1;33;33187;1;1;1;1;6 Lieu Dit Larroque;44,6001730000; -0,0869550000
202200042868;12;6;2022;19:30;1;93;93071;2;1;7;6;Avenue du General Leclerc;48,9394900000;2,5250900000
202200042869;23;2;2022;10:33;1;31;31435;1;1;1;6;lieu-dit Les Gariats - D7C;43,4310290000;1,1532000000
202200042870;12;6;2022;01:36;5;93;93001;2;9;1;2;Avenue Victor Hugo;48,9080260802;2,3774188758
202200042871;9;2;2022;04:00;3;76;76225;1;1;1;2;A29 pk063.500 direction le havre;49,6348550000;0,6701230000
202200042872;19;8;2022;16:44;1;92;92007;2;3;8;6;PASCAL (RUE BLAISE);48,7905713793;2,3114435077
202200042873;23;2;2022;14:00;1;62;62361;1;1;1;6;D916;50,2883660000;2,2912820000