Num_Acc;jour;mois;an;hrmn;lum;dep;com;agg;int;atm;col;adr;lat;long
202200042874;12;6;2022;19:40;1;93;93064;2;1;1;3;BOIS PERRIER (GARE SNCF);48,8829140000;2,4815870000
202200042875;16;8;2022;19:38;1;92;92002;2;1;8;2;DIVISION LECLERC (53 A 217 - 58 A 186);48,7411628094;2,3025380373
202200042876;22;2;2022;10:00;1;56;56124;2;1;1;6;Faubourg Saint Julien;47,8059530000; -2,3797740000
202200042877;12;6;2022;05:57;1;93;93032;2;1;1;6;Rue Hippolyte Pina;48,8700000000;2,5401800000
202200042878;19;2;2022;11:00;1;59;59135;2;6;1;3;Route Nationale;50,8009957441;2,5014393925
202200042879;9;8;2022;16:12;1;41;41032;2;1;1;1;Rue Nationale;47,5428020000;1,3099480000
202200042880;23;2;2022;01:15;3;79;79195;1;1;1;7;Les Roches Neulons;46,9326820000; -0,5778300000
202200042881;11;6;2022;22:15;5;93;93014;2;1;1;6;10 Boulevard Emile Zola;48,9061894432;2,5531652570
202200042882;19;8;2022;14:05;1;43;43088;1;1;8;5;D586;45,2950340000;3,2447650000
202200042883;22;2;2022;15:00;1;79;79281;1;3;1;3;;46,3909650000; -0,4518500000
202200042884;12;6;2022;14:20;1;93;93010;2;2;1;6;Pont de Bondy / Avenue Galliéni;48,9040860000;2,4708830000
202200042885;20;8;2022;14:55;1;41;41256;1;1;1;7;A71 - PK 167.000 - Sens ORLÉANS/VIERZON;47,3404220000;2,0476630000
202200042886;23;2;2022;07:45;2;80;80308;1;2;1;2;D29;50,0618290000;1,6218670000
202200042887;12;6;2022;21:50;2;93;93008;2;1;1;2;Rue de la République;48,9068100000;2,4307280000
202200042888;20;8;2022;14:25;1;67;67185;1;1;1;2;D116;48,7759970000;7,4449060000
202200042889;22;2;2022;17:15;1;33;33424;1;9;1;1;CD 1215;45,1453330000; -0,8136530000
202200042890;11;6;2022;22:50;5;93;93010;2;5;1;3;Avenue Galliéni / Chemin du Pont;48,9070000000;2,4886400000
202200042891;22;2;2022;16:25;1;71;71148;1;1;1;7;Route d'Arcinges;46,1585730000;4,2698680000
202200042892;12;6;2022;09:50;1;93;93074;1;1;1;3;Avenue du Maréchal de Lattre de Tassigny;48,9269050000;2,5695920000
202200042893;19;8;2022;13:25;1;71;71444;1;1;8;2;A6;46,7157200000;4,8397670000
202200042894;16;2;2022;18:00;1;63;63366;1;1;1;2;D214;45,5312750000;3,3587480000
202200042895;12;6;2022;09:00;1;92;92073;2;9;1;3;ROOSVELT (AVENUE FRANKLIN);48,8733702884;2,2214618325
202200042896;20;8;2022;20:30;1;72;72191;2;1;1;6;D30 - Route d'Ecommoy;47,7620120000;0,2750930000
202200042897;23;2;2022;11:40;1;55;55166;1;1;1;7;Rue de Saint Mihiel;49,0894590000;5,3948070000
202200042898;20;8;2022;16:00;1;56;56204;1;1;1;6;N24 sens Rennes/Lorient;47,9202018000; -2,7183916000
202200042899;11;6;2022;23:25;5;92;92033;2;3;1;2;MARCHE;48,8385914798;2,1718060970
202200042900;23;2;2022;08:45;1;45;45204;1;1;1;3;rue des Villeneuves;47,8023240000;1,7914470000
202200042901;19;8;2022;19:30;2;74;74288;2;9;1;2;164 Route de Saint-Julien-En-Genevois;46,1084770000;5,9693740000
202200042902;12;6;2022;13:25;1;92;92062;2;1;1;2;GENERAL DE GAULLE (AV) DU 63 AU 107;48,8874730444;2,2335230559
202200042903;22;2;2022;12:30;1;73;73191;2;1;1;6;D916 - 9 Route du Col de l Épine;45,5951239453;5,7707820833
202200042904;19;8;2022;18:30;1;79;79286;1;1;1;7;La Favrie;46,6349210000; -0,6067500000
202200042905;22;2;2022;22:50;3;16;16062;1;1;1;6;D58;45,4282520000; -0,0355020000
202200042906;12;6;2022;02:05;5;92;92026;2;2;1;2;VERDUN (DE 62 A FIN);48,9004106800;2,2608152032
202200042907;20;8;2022;04:15;3;80;80595;1;1;2;1;D935;49,7494420000;2,5170710000
202200042908;22;2;2022;11:25;1;07;07310;1;1;1;6;;45,3146230000;4,6358980000
202200042909;20;8;2022;03:00;3;80;80024;1;6;1;1;N1;49,9361200000;2,2436950000
202200042910;12;6;2022;18:20;1;92;92023;2;2;1;3;PAVE BLANC (ROUTE DU) N°1 A 135;48,7803719351;2,2390852868
202200042911;19;8;2022;22:05;3;63;63130;1;1;1;6;Lieu Dit Michelat;46,1892465909;2,7926744521
202200042912;23;2;2022;07:40;1;40;40273;1;3;5;3;4488 Avenue du Quartier-Neuf;43,5403750000; -1,3668860000
202200042913;19;8;2022;20:35;2;63;63262;1;9;8;3;Camping Le Clos Auroy;45,7011550000;3,1706070000
202200042914;23;2;2022;18:40;3;30;30046;1;1;1;3;;43,9869000000;4,1955000000
202200042915;20;8;2022;15:20;1;29;29160;1;2;1;1;Lieu Dit Lanorven;48,4910560000; -4,4213690000
202200042916;8;6;2022;20:00;1;60;60646;2;3;1;4;Rue de Calais;49,4777100000;2,0478450000
202200042917;22;2;2022;16:45;2;973;97309;1;1;1;2;D23;4,8924170000; -52,2895570000
202200042918;20;8;2022;14:40;1;38;38189;1;1;1;3;D518;45,6407780000;5,0387550000
202200042919;23;2;2022;12:45;1;68;68300;1;1;1;6;A35 ;47,7837390000;7,4024250000
202200042920;1;6;2022;16:20;1;37;37174;2;1;1;3;8 Rue Saint Jean du Bois;47,0513160000;0,5517950000
202200042921;19;8;2022;18:45;1;02;02419;1;1;2;1;7 Rue des Charbons;49,9542180000;3,7949040000
202200042922;23;2;2022;07:00;1;976;97608;1;1;1;6;47 c Route des Badamiers; -12,7788970000;45,2810470000
202200042923;12;6;2022;21:00;1;62;62768;1;1;1;1;D137e1;50,3613830000;1,8641140000
202200042924;20;8;2022;10:40;1;15;15187;2;1;1;-1;6 Avenue Léon Bélard;45,0384600000;3,0889500000
202200042925;22;2;2022;12:30;1;971;97128;1;1;1;3;Fonds Thezan;16,2181770000; -61,4084030000
202200042926;23;2;2022;11:15;1;28;28377;1;1;1;7;Route de Marcilly;48,8240010000;1,3838870000
202200042927;12;6;2022;20:00;1;24;24299;2;2;1;3;Rue Emile Bazillou;45,0359010000;0,3664000000
202200042928;23;2;2022;09:30;1;95;95298;1;1;5;6;RD 22;49,1755140000;2,0479150000
202200042929;19;8;2022;19:40;1;50;50487;1;3;7;1;route départementale 30- LA CROIX AVRANCHIN;48,5509280000; -1,4074160000
202200042930;23;2;2022;14:10;1;84;84129;1;1;7;2;Avenue d Avignon;43,9917720000;4,8637780000
202200042931;12;6;2022;12:05;1;91;91340;1;6;1;7;Lisses;48,5889850000;2,4302740000
202200042932;11;6;2022;12:35;1;49;49092;1;1;1;7;Le Moulin du Bois Oger (melay);47,1539630000; -0,7022290000
202200042933;22;2;2022;19:25;5;89;89077;2;1;1;3;4 Avenue du Docteur Schweitzer;47,7348430000;3,6033120000
202200042934;19;8;2022;15:40;1;09;09283;1;1;1;1;RN 20;42,7246640000;1,8269280000
202200042935;13;6;2022;10:28;1;69;69287;2;1;1;6;Chemin de Manissieux;45,6931866987;5,0091792855
202200042936;23;2;2022;17:50;1;71;71090;1;2;1;3;D 95;46,2238640000;4,7455140000
202200042937;12;6;2022;19:00;1;46;46023;1;1;1;7;D10 Saint genies;44,2935070000;1,5280440000
202200042938;20;8;2022;03:15;5;45;45037;2;1;8;6;5 Rue d Armonville le Guénard;48,2443960000;1,9730010000
202200042939;19;8;2022;11:00;1;45;45145;2;1;1;6;4 Rue de la Croix Poirier;48,0961300000;2,8005190000
202200042940;13;6;2022;08:25;1;52;52307;1;1;1;2;Autoroute A5 - Pk 224.150;47,9377048354;5,2009040481
202200042941;22;2;2022;09:25;1;57;57032;1;1;1;4;D11;49,0869930000;6,0385750000
202200042942;20;8;2022;16:25;1;21;21116;1;1;1;1;D959 - PK 9 + 830;47,7200840000;4,9305440000
202200042943;13;6;2022;08:25;1;52;52307;1;1;1;2;A5 PK 224+100;47,9378984158;5,2002418935
202200042944;11;2;2022;09:30;1;57;57620;2;6;1;6;Rue de Rombas;49,1932740000;6,0007080000
202200042945;11;6;2022;15:55;1;01;01354;2;6;1;3;Rue de Pouilly;46,2500790000;6,0300400000
202200042946;20;8;2022;10:50;1;40;40001;1;1;1;6;D824;43,7377710000; -0,2681780000
202200042947;22;2;2022;10:15;1;73;73303;1;1;1;7;D71;45,7472970000;6,4502350000
202200042948;13;6;2022;19:15;1;62;62307;1;1;1;3;D940;50,9227720000;1,7155840000
202200042949;11;2;2022;18:35;3;42;42285;1;1;1;4;Route de Montbrison;45,5764380000;4,1162150000
202200042950;19;8;2022;16:30;1;24;24002;1;1;1;1;D3E7 PK 6+000;45,2854550000;0,7422850000
202200042951;13;6;2022;09:20;1;91;91225;2;1;1;6;Avenue de la Fontaine au Soulier;48,6299250000;2,4694420000
202200042952;20;8;2022;10:00;1;30;30133;2;1;1;6;Rue du Commandant Marceau;43,5376840000;4,1372700000
202200042953;21;2;2022;19:00;5;14;14488;2;6;2;7;D514;49,2717490000; -0,2652870000
202200042954;12;6;2022;19:30;1;62;62268;2;1;1;6;3 Rue Jean Jaurès;50,6692350000;1,8308280000
202200042955;19;8;2022;22:05;5;24;24335;2;2;1;3;Route des Vergers;44,8423260000;0,1897340000
202200042956;11;6;2022;15:45;1;51;51364;1;1;1;7;D227;49,2348900000;3,8794180000
202200042957;15;5;2022;18:40;1;56;56172;1;1;1;6;Kerboyen;47,8157300000; -2,6502550000
202200042958;19;8;2022;10:45;1;67;67101;1;1;1;6;A352 PK 009.800 direction STRASBOURG;48,5201290000;7,5079970000
202200042959;12;6;2022;20:00;1;59;59663;2;7;1;6;Place du général de gaulle;50,8823999261;2,4683672190
202200042960;18;8;2022;08:05;1;06;06149;1;1;8;6;A8 PK 205+000 NORD;43,7430650000;7,3426220000
202200042961;13;6;2022;14:25;1;80;80579;2;1;1;3;Rue de Paris;49,7361510000;3,0682270000
202200042962;2;4;2022;17:25;1;77;77058;2;1;1;4;D35;48,8382500000;2,7057600000
202200042963;3;4;2022;02:15;5;76;76540;2;9;1;6;Avenue du Mont Riboudet;49,4493279208;1,0642649978
202200042964;20;8;2022;10:00;1;30;30169;1;1;1;4;A9 pk 58+600;43,7961350000;4,3083820000
202200042965;13;6;2022;11:10;1;80;80765;1;1;1;3;D29;50,0327830000;1,6725400000
202200042966;19;8;2022;20:45;3;973;97305;1;1;1;2;RN1 / Rue de l Ecole de 7eme;4,9458050000; -52,4195370000
202200042967;13;6;2022;10:05;1;80;80388;1;9;1;7;Rue Machu;50,0275040000;1,7191140000
202200042968;3;4;2022;18:15;1;74;74012;2;9;1;5;ILE DE FRANCE (RUE DE L');46,1900000000;6,2480000000
202200042969;11;6;2022;20:40;1;82;82112;2;1;1;6;Boulevard du Lycée;44,1036430000;1,0925440000
202200042970;19;8;2022;11:35;1;45;45226;1;2;1;3;1150 Rue du Val;47,8035180000;2,2380430000
202200042971;3;4;2022;17:30;1;59;59650;2;3;1;3;BEAULIEU (RUE DE);50,7015300000;3,2389600000
202200042972;20;8;2022;14:55;1;77;77177;1;1;1;2;D21;48,8023410000;2,7447800000
202200042973;12;6;2022;17:01;1;82;82172;1;1;1;5;d 19;44,3087370000;1,7966190000
202200042974;3;4;2022;11:40;1;59;59017;2;1;1;6;RESISTANTS (RUE DES );50,6914741234;2,8731236457
202200042975;13;6;2022;12:50;1;82;82018;1;1;1;1;Route de Caussade;44,0947136207;1,5337458543
202200042976;20;8;2022;19:15;2;34;34067;1;1;1;1;D25;43,9391460000;3,6889920000
202200042977;3;4;2022;20:55;5;37;37261;2;1;1;6;COLLON (RUE GEORGES);47,3815560438;0,7078671455
202200042978;19;8;2022;18:15;1;21;21038;2;1;1;2;2 Place d'Armes;47,1937530000;5,3893630000
202200042979;3;4;2022;02:45;5;33;33063;2;1;1;6;Boulevard du Président Wilson;44,8448500000; -0,5988900000
202200042980;3;4;2022;06:50;2;27;27681;1;1;8;6;IVRY (ROUTE D');49,0743200000;1,4747600000
202200042981;19;8;2022;02:00;5;88;88076;2;1;1;1;Rue de la Gare;48,2355320000;6,7313740000
202200042982;3;4;2022;22:18;5;17;17299;2;2;1;3;LOTI RUE PIERRE;45,9372010000; -0,9621050000
202200042983;19;8;2022;20:40;2;57;57683;2;3;1;1;Avenue des Tilleuls;49,2993820000;6,1496432000
202200042984;8;6;2022;15:45;1;33;33424;1;1;1;1;D 1215;45,1743980000; -0,8386300000
202200042985;2;4;2022;20:10;2;15;15014;1;1;4;7;CÔTE DE LASCANAUX (RN120);44,9330190000;2,4238290000
202200042986;2;4;2022;16:30;1;13;13213;2;1;1;3;ROSE (AVENUE DE LA);43,3267681326;5,4227472901
202200042987;12;6;2022;12:15;1;71;71302;1;1;1;5;D 977;46,7056900000;4,6832760000
202200042988;3;4;2022;19:20;2;06;06029;2;1;1;2;PICAUD (AVENUE DU DOCTEUR);43,5506500000;6,9957200000
202200042989;1;4;2022;08:19;1;75;75116;2;2;4;6;RUE BOISSIERE;48,8677370000;2,2884030000
202200042990;11;6;2022;19:50;1;63;63368;2;1;1;7;D118;45,6938230000;3,3150390000
202200042991;13;6;2022;09:15;1;61;61429;1;1;1;7;La Roberdiere;48,6497670000;0,7714250000
202200042992;3;4;2022;03:30;5;75;75105;2;7;1;6;BOULEVARD DE L HOPITAL;48,8437532676;2,3644798994
202200042993;9;6;2022;14:15;1;49;49369;1;1;1;6;CD 207;47,4318610000;0,0781490000
202200042994;3;4;2022;17:05;1;75;75117;2;3;1;3;BOULEVARD DES BATIGNOLLES;48,8827860000;2,3232410000
202200042995;13;6;2022;11:45;1;12;12199;2;1;1;6;06 avenue de la promenade;44,4102380000;2,2885040000
202200042996;3;4;2022;02:20;5;75;75117;2;7;1;3;AVENUE DE WAGRAM;48,8784070000;2,2983950000
202200042997;12;6;2022;16:50;1;42;42027;1;1;1;7;Route de Vitré;45,9183754419;3,9722950906
202200042998;3;4;2022;13:30;1;75;75115;2;7;1;6;PLACE DE LA PORTE DE VERSAILLES;48,8329420089;2,2872215509
202200042999;7;6;2022;14:16;1;46;46317;1;3;1;3;Chemin de Boulayrac;44,8318520000;1,7708240000
202200043000;3;4;2022;22:30;5;75;75113;2;1;1;7;BOULEVARD VINCENT AURIOL;48,8333730000;2,3629130000
202200043001;3;4;2022;03:50;5;75;75112;2;1;1;2;QUAI DE LA RAPEE;48,8463240000;2,3680040000
202200043002;12;6;2022;18:30;1;47;47271;1;1;1;1;456 Route de Marmande;44,6583500000;0,1900650000
202200043003;3;4;2022;02:55;5;75;75104;2;3;1;2;BOULEVARD HENRI IV;48,8515220000;2,3637170000
202200043004;12;6;2022;15:00;1;25;25036;2;3;1;3;Rue des Cerisiers;47,2129040000;5,9628240000
202200043005;2;4;2022;23:50;5;94;94074;2;1;1;3;Avenue Henri Barbusse;48,7704800000;2,4404100000
202200043006;12;6;2022;15:00;1;29;29184;1;1;1;7;Tail Ar Brezil;48,6056130000; -3,9906820000
202200043007;3;4;2022;16:00;1;94;94028;2;1;1;6;Avenue de Verdun;48,7994500000;2,4668900000
202200043008;3;4;2022;10:04;1;94;94028;2;3;1;3;Avenue de Verdun / Avenue du Vieux Moulin;48,7994500000;2,4668900000
202200043009;13;6;2022;16:40;1;38;38175;2;3;1;3;791 Boulevard de la Republique;45,2682760000;5,9189920000
202200043010;13;6;2022;06:10;1;13;13036;1;1;1;2;Route des Jardins;43,8332691537;4,8325207829
202200043011;3;4;2022;20:40;5;93;93008;2;2;1;3;Promenade Jean Rostand / Rue Marguerite Yourcenar;48,9088608669;2,4537867308
202200043012;3;4;2022;16:45;1;93;93005;2;1;1;6;Rue Robert Brémond;48,9571160000;2,4625020000
202200043013;12;6;2022;17:35;1;72;72115;1;1;1;1;D192;47,6518880000;0,4733030000
202200043014;3;4;2022;13:50;1;92;92050;2;3;1;3;PDT WILSON (Avenue);48,8853178058;2,2243979126
202200043015;11;6;2022;07:51;1;72;72331;2;1;1;6;D323;48,1013950000;0,5780430000
202200043016;3;4;2022;12:00;1;92;92051;2;1;1;3;CHARLES DE GAULLE (AVENUE, N°27 A 129);48,8792262413;2,2776959538
202200043017;1;4;2022;18:00;1;92;92024;2;2;1;3;GENERAL LECLERC (BD DU) (9 A 59)   (4 A;48,9021065883;2,3142740428
202200043018;12;6;2022;16:50;1;90;90005;1;1;1;5;Route Departementale 12;47,7256120000;6,7576750000
202200043019;13;6;2022;10:45;1;64;64436;1;1;1;6;D933, PR 47+200;43,2532010000; -1,3197650000
202200043020;3;4;2022;17:00;1;92;92007;2;1;1;3;MARIN-NAUDIN (RUE JEAN);48,8045764967;2,3245729208
202200043021;4;4;2022;08:50;1;95;95504;1;1;1;3;A16;49,1089390000;2,2565750000
202200043022;12;6;2022;03:50;3;64;64364;2;4;1;6;D252;43,3305320000; -1,3198830000
202200043023;3;4;2022;13:00;1;35;35120;1;1;1;6;D27;48,2427530000; -1,8117680000
202200043024;3;4;2022;18:43;1;62;62046;2;2;1;3;D349;50,3928300000;1,9717400000
202200043025;12;6;2022;17:00;1;10;10038;2;9;1;3;17 Rue Notre Dame;48,3428640000;3,5943720000
202200043026;12;6;2022;18:30;1;07;07098;1;1;1;2;;44,7547030000;4,4482080000
202200043027;3;4;2022;15:00;1;81;81204;2;1;1;6;D612;43,5467010000;2,3449160000
202200043028;12;6;2022;15:30;1;07;07030;1;1;1;1;RD 120 les chapelles;44,8821740000;4,5095390000
202200043029;31;3;2022;16:50;1;35;35085;1;2;1;3;Route la Chapelle aux Filtzméens;48,4031380000; -1,7597010000
202200043030;11;6;2022;22:30;5;28;28116;2;1;1;6;Intersection rue des canaux - avenue Thiers;48,4450500000;1,2414150000
202200043031;1;4;2022;08:40;1;23;23092;1;1;1;6;9 Le Pont;46,2302510000;1,9160570000
202200043032;12;6;2022;10:20;1;37;37203;2;2;1;5;D952;47,4086010000;0,7577510000
202200043033;4;4;2022;09:50;1;01;01238;2;1;1;6;Avenue Lavoisier;45,9046880000;4,8201710000
202200043034;4;4;2022;09:20;1;59;59123;1;1;2;1;D925;50,5188230000;2,9913280000
202200043035;29;10;2022;14:00;1;44;44162;2;1;1;3;106 Boulevard du Massacre;47,2318000000; -1,5924000000
202200043036;13;6;2022;19:50;1;76;76533;1;1;1;2;A29;49,4803240000;0,2641870000
202200043037;1;4;2022;18:30;2;36;36231;1;1;4;6;;46,7388900000;1,6131626000
202200043038;3;4;2022;19:25;1;30;30326;2;1;8;6;Rue des Carrières;44,0136740000;4,6965190000
202200043039;29;10;2022;20:55;3;35;35238;1;1;1;5;N136;48,1409100000; -1,6396250000
202200043040;29;10;2022;15:20;1;35;35238;2;1;1;3;GRIMAULT (BD LEON);48,0912224030; -1,6523775458
202200043041;13;6;2022;12:20;1;67;67348;1;1;1;2;A35;48,4736610000;7,5409980000
202200043042;29;10;2022;16:51;1;35;35238;2;7;1;2;HENRY (RECTEUR PAUL);48,1213600000; -1,7044800000
202200043043;3;4;2022;15:27;1;91;91617;1;1;1;7;Route Nationale 6;48,6547710000;2,5248810000
202200043044;13;6;2022;08:00;1;59;59085;1;1;7;3;Ramillies;50,2085055052;3,2284408808
202200043045;1;4;2022;03:30;3;2B;2B077;1;1;1;3;lieu dit piselle;42,4695960000;9,4878210000
202200043046;29;10;2022;16:00;1;35;35238;2;1;1;2;MONSIEUR VINCENT;48,0917562887; -1,6543355584
202200043047;12;6;2022;19:30;1;60;60612;1;1;1;6;A1-SENS PARIS LILLE;49,2038040000;2,6097680000
202200043048;4;4;2022;11:45;1;41;41135;2;9;7;6;1 Rue Pierre Loyau;47,2689840000;1,8657520000
202200043049;29;10;2022;20:30;5;33;33063;2;1;1;6;Rue Docteur Charles Nancel Pénard;44,8390400000; -0,5817600000
202200043050;29;10;2022;19:15;2;33;33063;2;1;1;2;Allée Haussmann;44,8639257879; -0,5669969916
202200043051;4;4;2022;14:00;1;39;39088;1;1;1;5;;46,6330930000;5,4925450000
202200043052;11;6;2022;10:00;1;77;77407;1;1;1;3;Autoroute A6, au point kilométrique 038.600 dans le sens LYON vers PARIS;48,5289370000;2,5019520000
202200043053;29;10;2022;11:50;1;33;33522;2;3;1;3;Avenue de Thouars;44,7973400000; -0,5921000000
202200043054;4;4;2022;09:00;1;29;29077;2;6;1;3;Rue de Kerlouan;48,6348050000; -4,4055740000
202200043055;29;10;2022;04:20;5;33;33063;2;3;1;2;Rue Lucien Faure;44,8641800000; -0,5585800000
202200043056;3;4;2022;17:30;1;31;31495;1;4;1;1;Route de Vénerque;43,4009320000;1,5460150000
202200043057;12;6;2022;00:30;3;987;98714;1;1;1;6;RT 101 - Baie de Vairupe - FAANUI; -16,3879110000; -151,7650980000
202200043058;29;10;2022;19:20;5;31;31555;2;1;8;3;AV DE CASTRES;43,5940900000;1,4899900000
202200043059;3;4;2022;16:20;1;02;02126;2;3;1;3;;49,7699330000;4,1808400000
202200043060;12;6;2022;18:15;3;987;98729;1;1;1;6;RT 91 PK 15 PLAGE DE TA'AHIAMAMANU; -17,5770000000; -150,2020000000
202200043061;28;10;2022;18:00;1;31;31149;2;1;1;6;MAROTS (AVENUE DES);43,5998900000;1,3227000000
202200043062;3;4;2022;15:30;1;03;03161;1;1;1;6;D1089;46,1439830000;2,6591310000
202200043063;29;10;2022;04:50;2;30;30243;2;1;1;6;;44,0712000000;4,0713000000
202200043064;4;4;2022;17:15;1;14;14494;1;2;2;2;D27;49,2584020000; -0,0948400000
202200043065;31;10;2022;20:30;5;29;29019;2;2;2;3;boulevard de l'Europe;48,4100897400; -4,5146204530
202200043066;11;6;2022;14:30;1;29;29002;1;1;1;3;D22 - Toul Tossec;47,8866904304; -3,4645299911
202200043067;29;10;2022;21:30;3;27;27562;2;1;1;6;ROUEN (ROUTE DE );49,1085000000;1,4548900000
202200043068;4;4;2022;07:25;2;14;14578;1;1;1;2;D17;49,3290310000;0,2451650000
202200043069;28;10;2022;23:40;5;27;27229;2;1;8;6;DUPONT DE L'EURE (PLACE);49,0295799000;1,1530445000
202200043070;12;6;2022;22:45;3;28;28185;1;1;1;6;N12;48,7752250000;1,5611390000
202200043071;28;10;2022;20:05;5;14;14118;2;1;1;3;125 Rue de la Délivrande;49,1968800000; -0,3601200000
202200043072;3;4;2022;18:30;1;07;07051;1;1;1;1;D86;45,2781890000;4,8002420000
202200043073;12;6;2022;18:23;1;05;05166;1;1;1;7;Route de Nyons;44,4209027845;5,6988143921
202200043074;30;10;2022;01:00;5;13;13208;2;6;1;1;MENDES FRANCE (AVENUE);43,2547952997;5,3761780248
202200043075;2;4;2022;12:20;1;53;53010;1;1;1;7;D143;48,1513280000; -0,3232010000
202200043076;3;4;2022;22:20;3;17;17055;1;1;1;7;Les Bruyeres;45,1983090000; -0,0896070000
202200043077;28;10;2022;17:15;1;13;13002;1;1;1;3;ALLAUCH A PICHAURIS (CHEMIN);43,3600000000;5,5200000000
202200043078;31;3;2022;20:05;5;37;37267;2;3;2;1;Quai Henri IV;47,3600386546;0,8068728447
202200043079;29;10;2022;01:20;5;13;13211;2;1;1;1;VALBARELLE (BOULEVARD DE LA );43,2874699024;5,4477802937
202200043080;13;6;2022;08:58;1;13;13072;1;1;1;1;D 908;43,4321510000;5,6254080000
202200043081;28;10;2022;16:40;1;13;13047;2;1;1;2;RADOLFZELL AVENUE DE;43,4993400000;4,9889100000
202200043082;24;3;2022;17:55;1;30;30212;2;1;1;6;Carrefour (Supermarché);43,9401270000;4,5746150000
202200043083;29;10;2022;11:30;1;13;13005;2;9;1;1;GARLABAN (AVENUE DU);43,3003211082;5,5715807281
202200043084;4;4;2022;09:40;1;10;10205;1;1;7;6;Autoroute A5, PK 164.250;48,1662710000;4,5293930000
202200043085;12;6;2022;20:30;2;74;74212;1;1;2;7;Route de la Douane;45,9387990000;6,4020570000
202200043086;28;10;2022;18:15;1;11;11069;1;1;1;1;ROCADE SUD RD 6161;43,1938800000;2,3456000000
202200043087;2;4;2022;07:15;2;31;31190;1;1;4;1;RN125;42,8561630000;0,7367490000
202200043088;4;4;2022;01:00;5;13;13091;2;1;1;1;D7n;43,6187650000;5,3057210000
202200043089;12;6;2022;05:30;2;42;42285;1;1;1;6;Chemin de la Coursière;45,5485400000;4,1574990000
202200043090;29;10;2022;12:30;1;09;09013;1;1;1;2;20 (R.N.) COTE NORD DU TUNNEL;42,9751110000;1,6225130000
202200043091;1;4;2022;07:30;2;18;18279;1;1;1;6;;47,2360920000;2,0372450000
202200043092;28;10;2022;17:30;1;06;06069;2;1;1;2;MARIGARDE (ROUTE DE LA);43,6541080000;6,9435410000
202200043093;4;4;2022;08:30;1;53;53059;1;1;1;1;RD 20;48,0900340000; -0,5310340000
202200043094;28;10;2022;21:10;3;03;03023;2;1;1;6;Route de Charmeil;46,1300100000;3,4018700000
202200043095;28;10;2022;14:46;1;03;03101;2;1;1;3;Avenue des Martyrs;46,3385400000;2,5727100000
202200043096;3;4;2022;19:50;2;13;13037;1;1;1;2;Autoroute A7 PK 245.600 sens MARSEILLE-LYON;43,5670210000;5,2239560000
202200043097;13;6;2022;08:10;1;01;01211;2;3;1;3;Grande Rue;46,1172920000;5,1945270000
202200043098;2;4;2022;06:00;2;987;98712;1;1;1;3;PK 7.8 Col TAHARAA; -17,5429770000; -149,5036460000
202200043099;29;10;2022;18:46;5;75;75112;2;1;1;3;QUAI DE BERCY;48,8311550000;2,3853280000
202200043100;29;10;2022;20:24;5;92;92026;2;1;1;6;COLOMBES;48,9002985401;2,2564238906
202200043101;1;4;2022;23:00;5;987;98725;2;1;1;3;PK 12.5 c/mer AHONU; -17,5625910000; -149,4760510000
202200043102;26;10;2022;10:30;1;75;75114;2;1;1;5;PORTE DE GENTILLY;48,8166390000;2,3416680000
202200043103;12;6;2022;17:45;1;69;69176;2;2;1;3;Route de Marjon;45,6669450000;4,6725150000
202200043104;29;10;2022;10:17;1;75;75106;2;5;1;6;RUE DAUPHINE;48,8560440000;2,3404590000
202200043105;3;4;2022;11:00;1;973;97304;1;3;2;5;RN1;5,1379260000; -52,7170590000
202200043106;29;10;2022;13:40;1;75;75120;2;1;1;7;RUE DE TLEMCEN;48,8651670000;2,3988450000
202200043107;12;6;2022;04:25;4;62;62233;1;1;1;6;A16;50,3657220000;1,6920660000
202200043108;29;10;2022;05:50;5;75;75120;2;1;1;6;RUE PELLEPORT;48,8720500000;2,3981490000
202200043109;3;4;2022;18:15;1;11;11198;1;1;1;6;D111;43,2707060000;2,5249670000
202200043110;29;10;2022;17:00;1;75;75118;2;1;1;6;RUE RAYMOND QUENEAU;48,8953800000;2,3607340000
202200043111;3;4;2022;15:40;1;13;13030;1;1;1;7;PK 61+900;43,2689090000;5,7243700000
202200043112;29;10;2022;15:30;1;75;75118;2;2;1;3;RUE DAMREMONT;48,8953100000;2,3375660000
202200043113;4;4;2022;08:30;1;32;32312;1;1;1;6;route departementale 626;43,6145780000;0,6778910000
202200043114;29;10;2022;10:07;1;75;75117;2;2;1;3;BOULEVARD DE COURCELLES;48,8808540000;2,3125420000
202200043115;28;10;2022;11:00;1;75;75117;2;1;1;6;RUE MARIOTTE;48,8840280000;2,3209620000
202200043116;17;3;2022;06:45;2;17;17240;2;9;1;1;Avenue de Onda;45,2760110000; -0,4059040000
202200043117;29;10;2022;11:00;1;75;75115;2;3;1;6;AVENUE FELIX FAURE;48,8382900000;2,2812890000
202200043118;11;6;2022;16:00;1;13;13055;1;1;1;4;A507 sens Marseille - Aubagne;43,2974080000;5,4249190000
202200043119;2;4;2022;13:40;1;64;64407;1;1;1;6;Route des Cimes;43,4467790000; -1,4202320000