Num_Acc;jour;mois;an;hrmn;lum;dep;com;agg;int;atm;col;adr;lat;long
202200043370;27;10;2022;15:00;1;76;76231;2;1;1;3;Rue du Port;49,2921800000;1,0209400000
202200043371;1;4;2022;17:30;1;94;94018;1;1;2;4;A4;48,8250000000;2,3932300000
202200043372;28;10;2022;06:20;5;76;76540;2;3;1;2;Quai du Havre (Haut);49,4408000000;1,0829700000
202200043373;28;10;2022;21:15;5;72;72181;2;9;1;6;DOUELLE (RUE DE LA) N° PAIRS 2 A 8;48,0104400000;0,1935400000
202200043374;29;3;2022;17:30;1;51;51454;2;1;1;6;Rue d’Estienne d’Orves;49,2388639856;4,0309926867
202200043375;28;10;2022;14:40;1;72;72181;2;1;1;6;GENESLAY FELIX (AV) N° IMP 385 ET plus;47,9692200000;0,2040700000
202200043376;28;10;2022;14:50;1;71;71153;2;9;1;3;96 Avenue de la République;46,7930800000;4,4481500000
202200043377;25;10;2022;08:00;1;69;69256;2;1;7;6;Rue François Rabelais;45,7776654901;4,9171999097
202200043378;28;10;2022;16:20;1;64;64249;2;3;1;3;Avenue Getaria;43,4234800000; -1,6050200000
202200043379;28;10;2022;21:20;5;64;64125;2;1;1;6;46 rue Erretegia;43,4423100000; -1,5865200000
202200043380;1;4;2022;12:50;1;86;86194;2;1;6;6;Avenue de Lafayette;46,5762830000;0,3729820000
202200043381;28;10;2022;10:50;1;64;64102;2;1;1;3;Avenue du 14 Avril 1814;43,5034907145; -1,4661843181
202200043382;27;10;2022;20:10;4;64;64102;2;1;1;3;Pont du Génie;43,4879200000; -1,4748350000
202200043383;26;10;2022;15:55;1;64;64024;2;1;1;3;Avenue de Maignon;43,4799700000; -1,5076800000
202200043384;23;10;2022;03:40;5;62;62498;2;1;1;6;D58E1;50,4273800000;2,8099350000
202200043385;28;10;2022;21:35;5;59;59599;2;2;1;3;FOREST (CHAUSSEE FERNAND);50,7363962890;3,1495893002
202200043386;28;10;2022;15:45;1;59;59352;1;1;1;6;VIGNE (CHEMIN DE LA);50,7361246817;3,0581367016
202200043387;28;10;2022;06:33;5;59;59368;2;6;1;3;REPUBLIQUE AVENUE DE LA;50,6436426291;3,0724033713
202200043388;27;10;2022;17:15;1;56;56098;2;9;1;3;2 Rue Andrei Sakharov;47,7775300000; -3,3439500000
202200043389;28;10;2022;10:30;1;54;54526;2;1;1;1;MILLENAIRE (Rond Point An 2000);48,6832000000;6,2211600000
202200043390;27;10;2022;15:46;1;49;49007;2;1;1;2;ARNAULD ( HENRI) BOULEVARD;47,4725500000; -0,5629000000
202200043391;25;10;2022;16:29;2;40;40192;2;3;1;6;GAMBETTA LEON (RUE);43,8890600000; -0,5008000000
202200043392;28;10;2022;19:50;5;37;37261;2;2;1;3;GRAMMONT (AVENUE DE);47,3759365506;0,6944721937
202200043393;28;10;2022;10:25;1;37;37261;2;1;1;6;FUYE( RUE DE LE );47,3840300000;0,7039400000
202200043394;28;10;2022;20:10;5;35;35238;2;2;1;6;VERN (DE);48,0941682607; -1,6489671171
202200043395;28;10;2022;14:30;1;35;35051;1;1;1;5;N136;48,1144395202; -1,5758594871
202200043396;28;10;2022;13:50;1;33;33063;2;1;1;3;Boulevard du Président Wilson;44,8436600000; -0,5993100000
202200043397;28;10;2022;10:50;1;29;29232;1;1;1;2;Boulevard President Allende;47,9956500000; -4,0730800000
202200043398;27;10;2022;12:10;1;25;25056;2;1;1;6;MARMIER RUE XAVIER;47,2418900000;6,0083200000
202200043399;28;10;2022;10:10;1;13;13103;2;9;1;2;AVENUE DE L' EUROPE;43,6445065872;5,1026022122
202200043400;28;10;2022;05:30;5;13;13210;2;2;1;1;MAURIAC (RUE);43,2750000000;5,4170000000
202200043401;27;10;2022;23:26;5;13;13208;2;1;1;3;RAYMOND TEISSERE (RUE);43,2728591257;5,3992685178
202200043402;27;10;2022;17:00;1;11;11069;2;1;1;2;3 Rue Alexandre Soumet;43,2176000000;2,3445000000
202200043403;28;10;2022;20:31;5;10;10325;1;6;1;3;;48,2674478788;4,0613526106
202200043404;21;10;2022;05:10;5;10;10343;2;1;1;2;CANAL (RUE DU);48,2728700000;4,0898900000
202200043405;29;10;2022;23:15;3;09;09225;2;8;1;1;9° R.C.P. AVENUE DU;43,1145490000;1,6202160000
202200043406;27;10;2022;18:05;2;06;06083;1;1;1;1;CABROLLES (ROUTE DES);43,7972900000;7,4826560000
202200043407;28;10;2022;21:00;3;06;06069;1;1;1;6;DRAGUIGNAN (ROUTE DE) - D2562-;43,6427560000;6,9064920000
202200043408;21;10;2022;18:55;5;05;05023;2;6;3;4;GRENOBLE (ROUTE DE);44,9056770000;6,6282090000
202200043409;28;10;2022;18:35;5;75;75113;2;1;1;3;BOULEVARD PERIPHERIQUE;48,8266350000;2,3889950000
202200043410;28;10;2022;09:45;1;75;75115;2;1;1;2;BOULEVARD PERIPHERIQUE;48,8256230000;2,3009650000
202200043411;13;5;2022;19:09;1;93;93001;2;1;1;6;Rue Waldeck Rochet;48,9115900000;2,3677400000
202200043412;13;5;2022;09:20;1;92;92064;2;4;1;7;CAMP CANADIEN;48,8578000000;2,2104000000
202200043413;25;10;2022;20:00;5;75;75116;2;4;1;3;ECHANGEUR MAILLOT;48,8772090000;2,2791590000
202200043414;13;5;2022;10:25;1;92;92049;2;2;1;6;VERDIER AVENUE N°1 A 23;48,8148529737;2,3192688525
202200043415;13;5;2022;20:00;1;92;92035;2;1;1;7;République ( boulevard de la );48,9065930000;2,2468070000
202200043416;13;5;2022;18:35;1;92;92026;2;1;1;6;BEZONS (DE 23 A FIN);48,8952968643;2,2498323619
202200043417;27;10;2022;22:40;5;75;75112;2;1;1;4;BOULEVARD PERIPHERIQUE;48,8275810000;2,3921450000
202200043418;13;5;2022;13:30;1;92;92026;2;1;1;6;MISSION MARCHAND (COTE IMPAIR);48,8985100870;2,2401391267
202200043419;12;5;2022;23:20;5;92;92023;2;1;1;7;CLAUDE TREBIGNAUD (AVENUE) BOIS S102;48,7921600000;2,2525400000
202200043420;13;5;2022;19:55;1;92;92012;2;1;1;3;REPUBLIQUE (BOULEVARD DE LA) 5/77BIS - 6;48,8313250000;2,2561780000
202200043421;12;5;2022;14:06;1;92;92012;2;1;1;6;BONTEMPS (rue Marcel);48,8278943450;2,2362613901
202200043422;18;4;2022;01:10;3;974;97411;1;1;1;7;rn1; -20,9858430000;55,2914640000
202200043423;13;5;2022;19:25;1;37;37009;1;1;1;1;;47,5416150000;0,9836380000
202200043424;14;5;2022;01:30;3;08;08342;1;1;1;6;rd 117;49,6984490000;5,0784840000
202200043425;13;5;2022;21:30;3;86;86276;1;1;1;7;D102;46,2905910000;0,5307770000
202200043426;14;5;2022;12:00;1;38;38238;1;1;1;7;D502;45,4995340000;5,0183700000
202200043427;14;5;2022;04:10;5;68;68112;2;1;1;6;21 Route de Colmar;47,9062270000;7,2191670000
202200043428;2;5;2022;15:45;1;06;06161;2;1;1;3;Boulevard des Italiens;43,6416440000;7,1424640000
202200043429;14;5;2022;11:00;1;49;49092;1;1;1;1;La Peignerie (st Georges-des-Gardes);47,1566190000; -0,7342550000
202200043430;14;5;2022;03:19;3;974;97412;2;1;1;7;14 Rue Aime Turpin; -21,3738280000;55,6317830000
202200043431;13;5;2022;15:00;1;62;62190;2;2;1;3;Rue de la Miquellerie;50,6010710000;2,5063960000
202200043432;13;5;2022;20:30;1;56;56184;1;1;1;7;Le Bas Mounouff;47,6882760000; -2,4079910000
202200043433;14;5;2022;11:30;1;79;79172;1;1;1;7;;46,5046770000; -0,3367890000
202200043434;13;5;2022;17:50;1;2A;2A362;2;3;1;5;D468 fiori;41,6609300000;9,3600190000
202200043435;13;5;2022;19:45;1;33;33296;1;2;1;3;;44,8457531677; -0,0490843816
202200043436;14;5;2022;18:00;1;63;63168;1;2;1;3;Place des Genestoux;45,7597390000;3,3879970000
202200043437;13;5;2022;20:00;1;49;49361;2;1;1;6;9 Rue de la Loire;47,2363180000;0,0519330000
202200043438;10;5;2022;18:25;1;42;42059;1;1;1;1;Route de Chevrieres;45,6142660000;4,3731270000
202200043439;14;5;2022;16:00;1;42;42287;2;1;1;7;16 Route de Burdignes;45,2663740000;4,4952300000
202200043440;14;5;2022;04:15;3;47;47026;1;1;1;6;D230;44,3207970000;0,0502220000
202200043441;14;5;2022;14:57;1;34;34064;1;1;1;6;d 609 - d 142 e5;43,8820420000;3,3099100000
202200043442;13;5;2022;22:45;3;34;34214;1;1;1;6;D15;43,4894200000;3,2927330000
202200043443;13;5;2022;17:50;1;29;29075;1;1;1;5;Rue de la Gare;48,3974470000; -4,4338700000
202200043444;13;5;2022;15:40;1;03;03083;2;2;1;3;RD2009 - PR 026.140;46,3439500000;3,2862640000
202200043445;14;5;2022;04:45;2;01;01266;1;1;1;6;Route d Etrez;46,3371660000;5,1338550000
202200043446;14;5;2022;13:05;1;26;26069;1;1;1;6;D518;44,8249060000;5,3845190000
202200043447;13;5;2022;21:30;3;26;26006;1;3;1;1;Chemin de Chanteperdrix;44,7620050000;4,8810520000
202200043448;13;5;2022;16:30;1;09;09138;1;1;1;7;D1;42,9784200000;1,6726470000
202200043449;14;5;2022;19:50;1;60;60026;2;3;1;3;Rue Boutillier;49,5753270703;2,1187139153
202200043450;14;5;2022;15:40;1;43;43051;1;3;1;3;Les Tavas;45,0514732343;4,3331408501
202200043451;13;5;2022;17:10;1;07;07134;1;1;1;6;Route de Blajoux;44,5003740000;4,2769650000
202200043452;13;5;2022;15:05;1;08;08214;1;1;1;7;D989;50,0054500000;4,7962620000
202200043453;7;5;2022;16:45;1;06;06084;2;1;1;6;314 Chemin Thomas et Pallanca;43,6056470000;6,9593570000
202200043454;13;5;2022;20:40;5;987;98715;2;6;1;1;PK 2 - ARATIA NELSON MANDELA; -17,5461170000; -149,5834270000
202200043455;13;5;2022;18:15;1;27;27065;1;1;1;6;A13;49,3255590000;0,3327550000
202200043456;13;5;2022;20:00;3;988;98828;1;1;1;6;Petit coulis - RPS5; -21,6423600000;165,8238000000
202200043457;13;5;2022;20:45;2;37;37110;1;1;1;1;D976;47,3212400000;1,0539360000
202200043458;10;5;2022;12:55;1;91;91115;2;-1;1;6;Route d Arpajon;48,5938530000;2,1969870000
202200043459;14;5;2022;03:00;3;73;73250;1;1;1;3;D1006;45,2662030000;6,3840010000
202200043460;14;5;2022;14:05;1;42;42299;2;1;1;6;Rue de Lyon;45,6083300000;4,0891940000
202200043461;14;5;2022;01:11;3;81;81038;1;1;1;1;D968;43,8758550000;1,9086330000
202200043462;14;5;2022;17:00;1;64;64315;2;1;1;3;Rue principale;43,3049480000; -0,4435680000
202200043463;14;5;2022;12:20;1;33;33269;2;1;1;6;route de Marmande;44,7611830000;0,2488820000
202200043464;14;5;2022;07:00;1;56;56046;1;1;1;1;Kergal, D18;47,6319810000; -2,9904480000
202200043465;13;5;2022;18:29;1;27;27517;1;3;1;1;Cote des Sables;49,1511054100;1,3763916492
202200043466;14;5;2022;10:18;1;60;60446;1;6;1;6;D136;49,1494198082;2,8116846082
202200043467;13;5;2022;18:10;1;60;60106;2;1;1;7;Rue de Nointel;49,3729650000;2,4575120000
202200043468;6;5;2022;14:25;1;69;69297;1;1;1;3;Autoroute 47;45,5883500000;4,7911600000
202200043469;10;5;2022;06:35;1;33;33065;1;1;1;6;;44,8106500000; -0,5218900000
202200043470;7;5;2022;04:55;5;33;33249;1;1;1;2;ROCADE A 630;44,8831400000; -0,5206800000
202200043471;30;4;2022;00:45;3;59;59378;1;1;1;6;ROUTE NATIONALE 356;50,6531492479;3,1051254272
202200043472;11;5;2022;20:45;1;62;62498;1;1;1;6;AUTOROUTE A21;50,4467200000;2,8387300000
202200043473;13;5;2022;16:55;1;91;91570;1;1;1;4;RN 104;48,6248500000;2,3112100000
202200043474;13;5;2022;12:40;1;91;91661;1;1;1;3;AUTOROUTE A10;48,6970000000;2,2379000000
202200043475;13;5;2022;10:05;1;94;94021;1;1;1;3;AUTOROUTE A106;48,7629172813;2,3443083828
202200043476;13;5;2022;08:20;1;94;94038;1;1;1;4;AUTOROUTE A6B;48,7732714467;2,3461107514
202200043477;13;5;2022;09:20;1;91;91064;1;1;1;3;RN 118;48,7409900000;2,1844300000
202200043478;13;5;2022;07:45;1;92;92002;1;1;1;5;N385;48,7605324566;2,2917869389
202200043479;13;5;2022;06:10;1;78;78466;1;1;1;7;A13;48,9322180000;1,9760140000
202200043480;12;5;2022;20:50;2;77;77121;1;1;1;7;A104;48,8323110000;2,6660870000
202200043481;5;5;2022;20:10;1;94;94017;1;1;1;3;A4;48,8267619877;2,5125233880
202200043482;12;4;2022;12:15;1;26;26078;1;1;1;6;D9, route de Cléon;44,5980270000;4,9506770000
202200043483;11;4;2022;16:10;1;68;68224;1;1;1;7;MARTIN (RUE JEAN);47,7543700000;7,3082000000
202200043484;28;3;2022;18:35;2;06;06083;1;1;1;3;CABROLLES (ROUTE DES);43,7980030000;7,4841690000
202200043485;12;5;2022;08:30;1;988;98818;2;2;1;3;RUE DUMONT D'URVILLE/Rue CALMETTE; -22,2621100000;166,4470200000
202200043486;12;5;2022;21:30;5;976;97611;2;1;1;3;tsoundzou-SIM ( rue de la ); -12,8170600000;45,1982300000
202200043487;12;5;2022;09:20;1;974;97411;2;1;1;6;BOIS ROUGE (CHEMIN DE); -20,9264200000;55,4869400000
202200043488;12;5;2022;07:30;1;974;97411;2;6;1;3;JAURES (BLD 2 JEAN); -20,9005400000;55,4874200000
202200043489;11;5;2022;22:50;5;973;97302;2;2;1;3;DE GAULLE (AVENUE);4,9393828518; -52,3293158412
202200043490;12;5;2022;20:50;2;69;69259;2;3;1;3;Route de Vienne;45,7246586208;4,8540875316
202200043491;11;5;2022;10:25;1;69;69381;2;1;1;1;Rue Bodin;45,7733000000;4,8354200000
202200043492;29;4;2022;13:00;1;971;97101;1;1;2;3;DOTHEMARE;16,2730400000; -61,5211400000
202200043493;11;5;2022;13:45;1;91;91570;2;2;1;3;ROSIERES (RUE);48,6255200000;2,3140600000
202200043494;12;5;2022;13:30;1;91;91027;2;2;1;3;RUE DU PLEIN MIDI;48,7018500000;2,3633400000
202200043495;11;5;2022;17:55;1;88;88160;2;1;1;3;CEDRES (AV. DES);48,1843400000;6,4613000000
202200043496;11;5;2022;13:30;1;84;84007;1;2;1;3;PIERRE SEMARD (avenue);43,9298000000;4,8383400000
202200043497;10;5;2022;09:50;1;84;84007;1;3;1;6;MONTFAVET (Route);43,9402100000;4,8296400000
202200043498;10;5;2022;07:50;1;30;30351;1;3;1;2;PERI AVENUE GABRIEL;43,9573700000;4,7948100000
202200043499;8;5;2022;03:30;5;84;84007;2;1;1;3;QUAI SAINT LAZARE (Bd du);43,9528800000;4,8154600000
202200043500;12;5;2022;12:00;1;83;83062;1;1;1;2;FABRI DE PEIRESC (AVENUE);43,1433953084;6,0320949554
202200043501;11;5;2022;11:47;1;79;79191;2;1;1;3;22 Boulevard de l’Atlantique;46,3164800000; -0,4781800000
202200043502;5;5;2022;17:30;1;78;78335;2;4;1;3;RUE NATIONALE;48,9958610000;1,7332800000
202200043503;11;5;2022;17:25;1;77;77468;1;1;1;6;D10P;48,8566200000;2,6386500000
202200043504;11;5;2022;13:32;1;77;77067;1;1;1;5;D346;48,5571200000;2,6004200000
202200043505;12;5;2022;17:50;1;77;77533;2;1;1;2;D227;48,4293488222;2,7569958980
202200043506;12;5;2022;06:15;1;77;77431;2;6;1;6;D403;48,2620900000;2,6926600000
202200043507;11;5;2022;08:40;1;76;76351;2;2;1;3;IRENE JOLIOT CURIE (RUE);49,5154100000;0,1053200000
202200043508;11;5;2022;14:00;1;71;71306;2;1;1;3;MARECHAL LECLERC (AVENUE DU);46,6797600000;4,3673400000
202200043509;12;5;2022;19:15;1;69;69029;2;1;1;2;Boulevard Pinel;45,7344906386;4,8895061016
202200043510;11;5;2022;18:30;1;69;69266;2;1;1;6;11 Rue Pierre Baratin;45,7652300000;4,9011000000
202200043511;12;5;2022;17:30;1;69;69264;2;2;1;7;Boulevard Général Leclerc;45,9984200000;4,7086100000
202200043512;11;5;2022;15:50;1;68;68224;2;2;1;3;BLUM (RUE LEON);47,7562300000;7,3547800000
202200043513;7;5;2022;19:50;1;67;67043;2;1;1;6;GUIRBADEN (RUE DU);48,6180200000;7,7635500000
202200043514;12;5;2022;18:35;1;64;64445;2;1;1;3;COMMANDANT RENE MOUCHOTTE DU;43,3051225543; -0,3281521797
202200043515;12;5;2022;14:20;1;64;64122;2;1;1;3;Avenue du Maréchal Foch;43,4753200000; -1,5576000000
202200043516;10;5;2022;17:55;1;64;64125;2;1;1;7;Avenue Atherbéa;43,4382890000; -1,5892390000
202200043517;11;5;2022;17:00;1;64;64024;2;6;1;6;ETCHECOPAR (ALLEE);43,4644000000; -1,5332900000
202200043518;11;5;2022;19:54;1;63;63113;2;1;1;2;BLUM (AVENUE LEON);45,7709000000;3,0945500000
202200043519;12;5;2022;16:20;1;59;59508;2;1;1;6;MALSENCE (RUE DE LA);50,7495368080;3,1231293082
202200043520;12;5;2022;10:30;1;59;59512;2;2;1;3;ROCROI (RUE DE);50,6823543653;3,1835970282
202200043521;12;5;2022;09:35;1;59;59368;2;1;1;3;DE GAULLE RUE DU GENERAL;50,6572700000;3,0737500000
202200043522;12;5;2022;08:05;1;59;59195;2;2;7;1;BERTHA IMPASSE;50,6234200000;2,9598200000
202200043523;12;5;2022;16:25;1;59;59295;2;1;1;6;DE MERVILLE;50,7179267970;2,5357523561
202200043524;11;5;2022;18:44;1;57;57019;2;2;1;3;;49,2561500000;6,1389300000
202200043525;12;5;2022;08:00;1;56;56121;2;6;1;3;MULLER ( DU COLONEL JEAN );47,7660100000; -3,4007400000
202200043526;11;5;2022;07:35;2;56;56098;2;1;7;3;GUILLEMOT (RUE  RAYMOND );47,7578900000; -3,3500400000
202200043527;12;5;2022;22:15;5;54;54431;2;1;1;2;THIERS (PLACE);48,9006510000;6,0513140000
202200043528;12;5;2022;10:05;1;54;54395;2;1;1;6;METZ (RUE DE);48,6990700000;6,1732800000
202200043529;11;5;2022;08:55;1;50;50218;2;3;1;3;VAUFLEURY (BD);48,8351400000; -1,6084300000
202200043530;12;5;2022;07:39;1;49;49007;2;1;1;7;DELAAGE;47,4670000000; -0,5563100000
202200043531;12;5;2022;02:05;5;49;49015;2;1;1;6;GRANDE PLANCHE ROND POINT DE LA;47,5018500000; -0,5963000000
202200043532;11;5;2022;17:30;1;49;49007;2;1;1;3;CHARLET;47,4737500000; -0,5766600000
202200043533;11;5;2022;14:33;1;49;49007;2;2;1;3;BESNADIERE;47,4789100000; -0,5450600000
202200043534;11;5;2022;11:00;1;47;47201;2;6;7;6;MARNE (AV. DE LA);44,1939100000;0,5977300000
202200043535;13;5;2022;01:50;5;45;45234;2;3;1;1;Boulevard de Québec;47,9142900000;1,9052000000
202200043536;12;5;2022;09:48;1;45;45232;2;1;1;3;Boulevard Victor Hugo;47,8561000000;1,9016200000
202200043537;5;5;2022;12:00;1;44;44184;2;1;1;1;17 Rue Pierre Mendès France;47,2732700000; -2,2156900000
202200043538;12;5;2022;17:15;1;44;44162;2;1;1;3;Boulevard Salvador Allende;47,2184800000; -1,6180100000
202200043539;10;5;2022;14:40;1;44;44109;2;1;1;2;Boulevard Général de Gaulle;47,2052880000; -1,5383460000
202200043540;12;5;2022;07:00;1;44;44020;1;1;1;3;route de pornic;47,1865500000; -1,5986200000
202200043541;11;5;2022;16:30;1;42;42207;2;1;1;6;Route de la chabure;45,4613800000;4,4973300000
202200043542;8;5;2022;16:55;1;42;42207;2;1;1;7;Route de la chabure;45,4602500000;4,4946700000
202200043543;12;5;2022;10:10;1;42;42187;2;6;1;3;Avenue de Lyon;46,0337458797;4,0775629878
202200043544;12;5;2022;17:55;1;37;37261;2;1;1;5;EIFFEL (AVENUE GUSTAVE);47,4248600000;0,6972300000
202200043545;12;5;2022;07:10;1;37;37122;2;1;1;6;COUBERTIN (RUE PIERRE DE);47,3442100000;0,6584000000
202200043546;12;5;2022;06:10;2;37;37261;2;6;1;3;SAINT-SAUVEUR (ROND POINT);47,3735607088;0,6786954403
202200043547;12;5;2022;19:41;1;35;35238;2;1;1;6;MERMOZ (BD JEAN);48,0970769187; -1,6904709488
202200043548;8;5;2022;13:30;1;34;34003;2;9;1;1;SETE ( ROUTE);43,3078427854;3,4938109893
202200043549;10;5;2022;18:45;1;33;33119;2;3;1;3;Avenue René Cassagne;44,8605100000; -0,5148000000
202200043550;4;5;2022;09:16;1;33;33063;2;3;1;3;Rue Jules Ferry;44,8422400000; -0,6037000000
202200043551;11;5;2022;10:00;1;29;29232;2;1;1;6;Avenue des Sports;47,9955000000; -4,0872800000
202200043552;11;5;2022;14:50;1;29;29039;2;6;1;7;Rue Max Jacob;47,8761000000; -3,9247500000
202200043553;12;5;2022;13:50;1;27;27229;2;1;1;6;MEUNIER (RUE ARSENE);49,0208200000;1,1450400000
202200043554;11;4;2022;07:30;2;22;22215;2;6;1;3;VILLES MOISAN (RUE DES);48,4981900000; -2,7724300000
202200043555;11;5;2022;08:00;1;22;22113;2;6;1;2;MARECHAL FOCH (QUAI DU);48,7313300000; -3,4650100000
202200043556;13;4;2022;12:15;1;16;16102;2;2;1;3;SAINT-FRANCOIS (RUE);45,6996800000; -0,3195000000
202200043557;12;5;2022;18:40;1;14;14536;2;1;1;6;7 Rue du Bourg;49,4075900000;0,2697600000
202200043558;12;5;2022;19:15;1;13;13043;2;1;1;3;LOUIS PASTEUR (AV );43,3923579906;5,2353146084
202200043559;12;5;2022;11:00;1;13;13071;1;2;1;1;RD 543;43,4135900000;5,3665700000
202200043560;11;5;2022;23:30;3;13;13056;2;1;1;1;VOLTA (Allée Alessandro);43,3950400000;5,0278000000
202200043561;12;5;2022;19:40;2;13;13002;1;1;1;7;DES TERMES (ROUTE) RD 908;43,3807500000;5,5440300000
202200043562;12;5;2022;17:33;1;13;13202;2;3;1;3;DAMES (BOULEVARD DES);43,3020900000;5,3713600000
202200043563;12;5;2022;12:30;1;13;13211;2;1;1;3;RAOUL FOLLEREAU (AV);43,2932600000;5,4454400000
202200043564;11;5;2022;16:50;1;13;13209;2;1;1;5;LÉON LACHAMP (ROUTE);43,2488133784;5,4417564095
202200043565;11;5;2022;14:25;1;11;11069;1;1;1;2;RD 6113;43,2315800000;2,3228400000
202200043566;12;5;2022;07:52;1;10;10387;2;6;1;3;Boulevard Georges Pompidou;48,2880000000;4,0811000000
202200043567;11;5;2022;13:30;1;10;10357;1;1;1;4;RN19;48,2930158985;4,1460514069
202200043568;11;5;2022;18:40;1;07;07331;2;1;1;3;;44,6843300000;4,3670700000
202200043569;12;5;2022;21:15;5;06;06083;2;1;1;7;DE GAULLE (AVENUE GENERAL);43,7660050000;7,4877950000
202200043570;12;5;2022;11:50;1;06;06029;2;1;1;6;ANTIBES (RUE D');43,5521400000;7,0275400000
202200043571;11;5;2022;07:30;1;06;06029;2;1;1;2;PICAUD (AVENUE DU DOCTEUR);43,5506600000;6,9986900000
202200043572;11;5;2022;17:00;1;06;06027;2;1;1;6;GAUDE AVENUE DE LA;43,6661000000;7,1535100000
202200043573;8;5;2022;21:00;2;02;02408;2;1;1;3;GAMBETTA (AVENUE);49,5655700000;3,6275000000
202200043574;11;5;2022;14:15;1;75;75114;2;1;1;4;ECHANGEUR ORLEANS;48,8174460000;2,3341620000
202200043575;11;5;2022;09:24;1;75;75106;2;2;1;7;RUE DU CHERCHE MIDI;48,8489832855;2,3254202306
202200043576;12;5;2022;01:00;5;75;75120;2;1;1;3;AVENUE DU PROFESSEUR ANDRE LEMIERE;48,8559740292;2,4150878191
202200043577;12;5;2022;18:20;1;75;75119;2;2;1;3;AVENUE DE FLANDRE;48,8883753287;2,3741277469
202200043578;12;5;2022;17:00;1;75;75119;2;2;1;2;AVENUE JEAN JAURES;48,8877755118;2,3892779664
202200043579;12;5;2022;16:50;1;75;75117;2;1;1;4;BOULEVARD DE COURCELLES;48,8784534736;2,2999011407
202200043580;10;5;2022;20:00;1;75;75117;2;5;1;3;BOULEVARD MALESHERBES;48,8852220000;2,3072160000
202200043581;12;5;2022;19:30;1;75;75116;2;2;1;3;AVENUE KLEBER;48,8668078280;2,2899656471
202200043582;12;5;2022;08:50;1;75;75116;2;2;1;3;RUE MICHEL ANGE;48,8452380000;2,2618930000
202200043583;11;5;2022;11:00;1;75;75116;2;1;1;6;RUE CLAUDE FARRERE;48,8425635078;2,2533465922
202200043584;4;5;2022;11:20;1;75;75116;2;1;1;7;ROUTE DES TRIBUNES;48,8549040000;2,2287640000
202200043585;12;5;2022;01:30;5;75;75115;2;2;1;3;RUE DU COMMERCE;48,8461880000;2,2951750000
202200043586;12;5;2022;16:23;1;75;75114;2;2;1;3;AVENUE DE LA PORTE DE CHATILLON;48,8223870084;2,3142100201
202200043587;12;5;2022;11:40;1;75;75114;2;1;1;6;RUE D ALESIA;48,8278200959;2,3312321392
202200043588;12;5;2022;11:50;1;75;75113;2;2;1;6;AVENUE D ITALIE;48,8261850000;2,3572650000
202200043589;12;5;2022;10:49;1;75;75113;2;2;1;7;BOULEVARD AUGUSTE BLANQUI;48,8306330000;2,3459450000
202200043590;12;5;2022;09:30;1;75;75113;2;3;1;6;BOULEVARD AUGUSTE BLANQUI;48,8296667469;2,3483102024
202200043591;12;5;2022;07:35;1;75;75113;2;1;1;6;BOULEVARD DE L HOPITAL;48,8387233685;2,3608830571
202200043592;12;5;2022;20:00;1;75;75112;2;1;1;3;RUE FABRE D EGLANTINE;48,8463610704;2,3955402452
202200043593;12;5;2022;13:42;1;75;75112;2;2;1;6;RUE DE LYON;48,8466414492;2,3720017168
202200043594;11;5;2022;13:04;1;75;75112;2;1;1;6;AVENUE LEDRU ROLLIN;48,8488732660;2,3729690909
202200043595;12;5;2022;14:20;1;75;75111;2;3;1;3;AVENUE DE LA REPUBLIQUE;48,8631730000;2,3855970000
202200043596;12;5;2022;11:00;1;75;75110;2;2;1;7;RUE DU FAUBOURG SAINT MARTIN;48,8838600000;2,3685890000
202200043597;12;5;2022;17:28;1;75;75101;2;7;8;6;RUE DE RIVOLI;48,8622257801;2,3370228874
202200043598;12;5;2022;08:40;1;75;75104;2;3;1;6;RUE SAINT ANTOINE;48,8539674449;2,3648701608
202200043599;11;5;2022;08:50;1;75;75101;2;7;1;4;PLACE VENDOME;48,8670767329;2,3290358484
202200043600;12;5;2022;19:50;1;94;94042;2;2;1;6;Avenue du Général Galliéni;48,8200500000;2,4673600000
202200043601;11;5;2022;15:20;1;94;94076;2;1;1;2;Boulevard Maxime Gorki;48,7894900000;2,3689500000
202200043602;11;5;2022;12:40;1;94;94076;2;1;1;6;Boulevard Maxime Gorki;48,7906800000;2,3694100000
202200043603;12;5;2022;08:25;1;94;94073;2;3;1;6;Rue Louis Duperrey;48,7676700000;2,3874100000
202200043604;9;1;2022;09:30;1;59;59471;2;5;7;6;D59;50,3121740000;3,5762830000
202200043605;12;1;2022;09:10;1;13;13203;1;1;1;2;A7-Sens Lyon vers Marseille;43,3050000000;5,3750000000
202200043606;12;1;2022;13:50;1;67;67482;1;1;1;2;M352;48,5705471083;7,7404019237
202200043607;13;1;2022;14:10;1;91;91174;1;1;1;3;RN 104;48,6212800000;2,4639400000
202200043608;13;1;2022;14:35;1;91;91161;1;1;1;2;AUTOROUTE A6;48,7111200000;2,3077800000
202200043609;13;1;2022;08:15;3;91;91103;1;1;1;2;RN 104;48,6239300000;2,2975200000
202200043610;13;1;2022;04:10;3;92;92002;1;1;1;6;AUTOROUTE A6;48,7362710685;2,3168528608
202200043611;12;1;2022;17:55;3;78;78297;1;1;1;4;RN12;48,7880830000;2,0665220000
202200043612;13;1;2022;17:20;3;95;95252;1;1;1;5; A15;48,9875584291;2,2070932388
202200043613;13;1;2022;18:40;3;95;95582;1;1;1;4;A15;48,9712511186;2,2489222884