Num_Acc;jour;mois;an;hrmn;lum;dep;com;agg;int;atm;col;adr;lat;long
202200043614;13;1;2022;13:10;1;93;93053;1;1;1;3;AUTOROUTE A86;48,9034600000;2,4666300000
202200043615;13;1;2022;12:00;1;95;95351;1;1;8;2;RN 104;49,0385300000;2,4844800000
202200043616;13;1;2022;03:00;4;95;95527;1;1;5;2;A1;49,0040500000;2,5253100000
202200043617;13;1;2022;21:10;3;77;77468;1;1;1;6;A104;48,8487201840;2,6617549074
202200043618;13;1;2022;18:15;5;93;93051;1;1;1;2;A4;48,8349123599;2,5763368607
202200043619;13;1;2022;08:50;1;77;77237;1;1;5;4;A4;48,8308000000;2,7570000000
202200043620;12;1;2022;22:00;3;94;94079;1;9;1;2;A4;48,8352511054;2,5387158104
202200043621;12;1;2022;20:10;5;2B;2B037;2;1;1;7;TOUTES RUES;42,6271700000;9,4372400000
202200043622;12;1;2022;08:10;5;61;61001;2;6;2;3;GENERAL DE GAULLE (PLACE DU);48,4343200000;0,0936400000
202200043623;11;1;2022;17:25;2;56;56121;2;2;1;6;CARNOT (RUE  LAZARE );47,7433900000; -3,3600400000
202200043624;11;1;2022;13:20;1;49;49099;2;1;1;6;LECLERC (AVENUE DU MARECHAL);47,0684200000; -0,8548500000
202200043625;11;1;2022;17:35;1;29;29019;2;2;2;6;Boulevard de l’Europe;48,4131600000; -4,4913870000
202200043626;10;1;2022;21:30;5;91;91174;2;1;1;6;BD HENRI DUNANT;48,6026500000;2,4815200000
202200043627;12;1;2022;07:45;2;974;97411;2;1;2;7;QUATRE VOIES GILLOT (ROUTE A); -20,8857900000;55,4958000000
202200043628;9;1;2022;13:00;1;974;97411;1;1;1;3;BOIS DE NEFLES (ROUTE DE); -20,9031100000;55,4780400000
202200043629;11;1;2022;18:00;1;974;97407;2;1;1;7;MONDON (AVENUE); -20,9340000000;55,3010000000
202200043630;3;1;2022;08:45;1;69;69276;2;1;5;3;Chemin sous le Fort;45,6701568529;4,8665302992
202200043631;3;1;2022;13:20;1;972;97213;1;2;1;3;ROUTE DEPARTEMENTALE 3 BIS;14,6215000000; -60,9881900000
202200043632;12;1;2022;08:14;1;972;97213;2;1;1;3;;14,6350779375; -60,9918880463
202200043633;12;1;2022;06:35;2;971;97101;2;1;1;6;PATRICK SAINT ELOI ( AVENUE );16,2542200000; -61,5228700000
202200043634;3;1;2022;17:30;5;95;95019;2;1;3;6;JAURES JEAN (RUE);48,9897550192;2,4183225632
202200043635;2;1;2022;20:00;5;95;95277;2;1;1;6;RD 370;48,9960954871;2,4207150936
202200043636;12;1;2022;06:10;5;95;95219;2;1;5;6;GRAND GRIL (RUE DU);48,9790246029;2,2707366943
202200043637;3;1;2022;17:14;4;91;91201;2;1;2;6;RUE EUGENE DELACROIX;48,6803900000;2,4269200000
202200043638;3;1;2022;16:00;1;91;91027;2;1;2;2;VC QUAI DE L'ORGE;48,7100190000;2,4029100000
202200043639;3;1;2022;17:30;5;91;91228;2;2;2;3;BOIS GUILLAUME (RUE DU);48,6386700000;2,4260000000
202200043640;2;1;2022;18:45;5;87;87085;2;3;1;3;JOURDAN (PLACE);45,8320600000;1,2638500000
202200043641;7;1;2022;08:50;1;86;86158;2;4;1;5;Rue des Entreprises;46,6149470000;0,3087270000
202200043642;11;1;2022;13:40;1;86;86041;2;3;1;1;Rue Maurice Ravel;46,5977858869;0,3532361984
202200043643;2;1;2022;19:05;5;84;84007;2;9;1;3;CAPDEVILLA (BOULEVARD);43,9480200000;4,8222400000
202200043644;6;1;2022;13:58;1;83;83118;2;9;1;1;ROUTE DE LA CORNICHE;43,4147030000;6,8071690000
202200043645;12;1;2022;07:40;5;82;82033;2;3;1;3;TOULOUSE RD 813 (ROUTE DE) ;44,0332900000;1,1214000000
202200043646;11;1;2022;14:00;1;81;81163;2;2;1;3;REPUBLIQUE;43,4895280223;2,3727989942
202200043647;3;1;2022;07:30;3;78;78551;1;2;1;3;RD 308;48,9394100000;2,0760400000
202200043648;3;1;2022;08:35;1;77;77058;2;9;1;3;GENERAL DE GAULLE  (AVENUE DU);48,8373700000;2,7080700000
202200043649;11;1;2022;20:25;3;77;77333;1;1;8;1;D225;48,2595800000;2,7240200000
202200043650;3;1;2022;17:40;5;77;77312;2;1;2;6;RUE RAOUL JACOBE;48,3362280000;2,7377510000
202200043651;3;1;2022;03:40;5;77;77016;1;1;1;6;D607;48,2116580000;2,7160090000
202200043652;12;1;2022;11:05;1;76;76157;1;1;2;7;Cote Guy de Maupassant;49,4454100000;1,0415600000
202200043653;11;1;2022;21:40;5;76;76351;2;2;1;3;ANATOLE FRANCE;49,4960300000;0,1191400000
202200043654;12;1;2022;07:20;2;69;69266;2;3;1;6;Rue Bourgchanin;45,7666400000;4,9025200000
202200043655;12;1;2022;12:28;2;67;67365;2;3;1;3;GENERAL LECLERC (RUE DU);48,5571800000;7,7130300000
202200043656;12;1;2022;10:15;1;67;67482;1;1;1;2;WACKEN (RUE DU);48,5950217377;7,7470725775
202200043657;11;1;2022;18:25;5;67;67482;2;3;1;3;ALTENHEIM (ROUTE D );48,5442837422;7,7656522393
202200043658;11;1;2022;13:00;1;67;67447;2;1;1;3;BISCHWILLER (ROUTE DE);48,5996988000;7,7429983000
202200043659;10;1;2022;18:33;2;66;66136;2;6;1;3;BROGLIE, Av de;42,7095100000;2,9077900000
202200043660;6;1;2022;08:48;1;66;66136;2;1;1;6;PAYRA (PLACE JEAN);42,6981800000;2,8883900000
202200043661;1;1;2022;05:28;5;66;66136;2;1;5;6;GUYNEMER (AVENUE GEORGES);42,6908732670;2,9045359790
202200043662;1;1;2022;04:00;3;66;66136;1;1;5;6;R D 900;42,7111000000;2,8706900000
202200043663;12;1;2022;15:30;1;64;64483;2;1;1;2;Boulevard du Commandant Passicot;43,3861000000; -1,6614000000
202200043664;12;1;2022;09:05;1;64;64445;2;1;8;7;DUFAU;43,3061326408; -0,3668349981
202200043665;11;1;2022;20:45;5;64;64024;2;1;1;6;BOULEVARD DU BAB;43,4894210000; -1,5347120000
202200043666;11;1;2022;17:16;2;63;63113;2;3;1;6;LIBERATION (AVENUE DE LA);45,7605300000;3,0820000000
202200043667;11;1;2022;18:15;5;59;59350;2;5;2;3;SAINT AMAND RUE;50,6225728194;3,0910795927
202200043668;2;1;2022;18:15;5;59;59350;2;1;2;3;REPUBLIQUE AV DE LA (N°512-832);50,6542550507;3,0855086446
202200043669;11;1;2022;15:35;1;59;59170;1;1;1;3;LOFFRE (RUE DE);50,3617400000;3,1517000000
202200043670;10;1;2022;07:45;5;57;57672;2;3;1;3;ROMAINS (ROUTE DS);49,3530702462;6,1343447864
202200043671;11;1;2022;16:25;1;56;56260;1;6;8;3;N166 Giratoire du Liziec;47,6651552000; -2,7267860000
202200043672;12;1;2022;10:00;1;56;56094;1;6;1;3;VANNES ( ROUTE DE );47,7981575000; -3,2512403280
202200043673;11;1;2022;08:35;5;56;56121;2;4;2;6;39 Cours de La Bôve;47,7477400000; -3,3590200000
202200043674;1;1;2022;16:10;1;56;56121;2;6;2;7;KENNEDY ( ET RD-PT DU PRESIDENT );47,7642600000; -3,3809300000
202200043675;3;1;2022;14:50;1;54;54525;1;1;1;2;Route nationale 52;49,4580278000;5,8638055500
202200043676;8;1;2022;09:00;2;54;54270;1;1;4;1;RD26;49,4857650000;5,8810940000
202200043677;12;1;2022;16:10;1;51;51172;2;1;1;7;Rue du Docteur Roux;49,2232200000;4,0490600000
202200043678;11;1;2022;12:13;1;51;51454;2;1;1;7;Rue Pierre Taittinger;49,2368200000;4,0047900000
202200043679;3;1;2022;08:30;5;50;50129;2;2;2;6;JOLIOT CURIE (RUE);49,6291800000; -1,6410600000
202200043680;11;1;2022;17:28;1;49;49246;2;1;1;2;LAMARTINE;47,4381600000; -0,4897000000
202200043681;9;1;2022;18:50;5;49;49007;2;3;2;1;POIREL BOULEVARD;47,4621800000; -0,5625800000
202200043682;2;1;2022;21:45;5;44;44184;2;1;1;5;88 Rue Ferdinand Buisson;47,2575100000; -2,2407400000
202200043683;12;1;2022;19:30;5;37;37261;2;1;1;4;MAGINOT (AV. ANDRE);47,4247216087;0,6993880123
202200043684;12;1;2022;19:30;5;37;37261;2;2;1;1;DEPORTES (RUE DES);47,3936843157;0,6861338764
202200043685;11;1;2022;12:35;1;37;37261;2;1;1;6;GRENADIERE (PLACE DE LA);47,3846800000;0,6964000000
202200043686;11;1;2022;08:05;1;37;37122;1;3;1;2;RD 86 DE MONTS à TOURS;47,3102300000;0,6529700000
202200043687;3;1;2022;22:00;5;37;37261;2;6;3;3;SALLE (AVENUE DE LA);47,4107894453;0,6957542896
202200043688;3;1;2022;20:32;5;37;37261;2;6;3;3;MAGINOT (AV. ANDRE);47,4185700000;0,6921900000
202200043689;3;1;2022;18:00;5;37;37109;1;1;2;6;;47,4043693187;0,6428289413
202200043690;3;1;2022;14:50;1;37;37122;2;1;2;3;HORTENSE (RUE DE LA REINE);47,3357998898;0,6458464265
202200043691;11;1;2022;03:45;3;35;35288;2;1;1;7;CD301;48,6210780000; -1,9891880000
202200043692;3;1;2022;19:00;5;35;35288;2;3;3;6;Boulevard des Talards;48,6448600000; -2,0086000000
202200043693;12;1;2022;08:50;2;35;35051;2;6;1;2;Boulevard des Alliés;48,1135800000; -1,6207800000
202200043694;3;1;2022;15:30;1;35;35281;1;1;2;3;Rue du Pâtis des Couasnes;48,0750300000; -1,7168300000
202200043695;12;1;2022;08:10;1;33;33162;2;2;1;6;Avenue du Taillan-Médoc;44,8832600000; -0,6550900000
202200043696;3;1;2022;18:40;5;33;33281;2;2;1;1;Avenue du Château d’Eau;44,8541300000; -0,6549900000
202200043697;3;1;2022;11:30;1;33;33522;2;3;1;1;Avenue de la Vieille Tour;44,8137200000; -0,6006800000
202200043698;12;1;2022;21:05;5;31;31555;2;2;1;3;BD PIERRE PAUL RIQUET;43,6050400000;1,4566000000
202200043699;12;1;2022;14:05;1;31;31555;2;1;1;6;AV LOUIS ARISTE PASSERIEU;43,5803765866;1,3909520209
202200043700;12;1;2022;14:30;1;31;31555;2;1;1;2;SEJOURNE (AV PAUL) DU 1AU 16;43,6068600000;1,4281700000
202200043701;12;1;2022;08:05;1;31;31555;2;1;1;6;CHE DU SANG DE SERP;43,6183000000;1,4269100000
202200043702;12;1;2022;15:55;1;31;31483;1;1;1;1;RD921;43,1026100000;0,7444200000
202200043703;12;1;2022;09:41;1;29;29232;2;1;8;6;Route de Brest;48,0125200000; -4,0765600000
202200043704;3;1;2022;16:00;1;27;27681;1;1;2;6;GISORS (ROUTE DE);49,1176900000;1,4952700000
202200043705;12;1;2022;07:40;4;27;27375;2;1;1;6;CLEMENCEAU (BOULEVARD GEORGES);49,2100000000;1,1670900000
202200043706;11;1;2022;13:05;1;25;25204;1;1;9;7;Route Départementale 437;46,9281100000;6,3598100000
202200043707;11;1;2022;14:55;1;17;17306;2;1;1;6;REGAZZONI (AVENUE CHARLES);45,6328700000; -1,0330000000
202200043708;3;1;2022;19:00;5;17;17291;2;1;2;2;Rue du Fief de la Mare;46,1814200000; -1,1244800000
202200043709;8;1;2022;15:00;1;16;16102;2;3;2;3;REPUBLIQUE (RUE DE LA);45,6938200000; -0,3177500000
202200043710;12;1;2022;15:00;1;15;15014;2;1;1;6;AMPERE (RUE);44,9125900000;2,4245600000
202200043711;10;1;2022;23:51;3;14;14118;1;1;1;6;N814;49,2015300000; -0,3508400000
202200043712;12;1;2022;13:50;1;13;13216;1;1;1;3;ROVE (ROUTE DU);43,3568900000;5,2865400000
202200043713;12;1;2022;08:45;1;13;13208;2;9;1;6;RABATAU (BOULEVARD);43,2761038135;5,3969859754
202200043714;11;1;2022;19:00;5;13;13209;2;3;1;3;SCHLOESING (BOULEVARD);43,2726936419;5,4008900705
202200043715;3;1;2022;17:45;2;13;13213;2;1;1;1;ALBERT EINSTEIN (RUE);43,3409200000;5,4426400000
202200043716;3;1;2022;20:00;5;13;13208;2;1;1;3;MAZARGUES (AVENUE DE);43,2594362695;5,3941460162
202200043717;3;1;2022;08:20;1;13;13213;2;7;1;5;CROIX ROUGE (AVENUE);43,3331928854;5,4381573905
202200043718;12;1;2022;12:55;1;13;13098;1;4;1;3;PORT DE BOUC ANCIEN ROUTE DE;43,4392311589;5,0171106179
202200043719;11;1;2022;14:45;1;10;10387;2;1;1;2;ST DOMINIQUE (MAIL);48,2947600000;4,0823100000
202200043720;12;1;2022;16:55;1;09;09225;2;8;1;6;9° R.C.P. AVENUE DU;43,1145700000;1,6200100000
202200043721;3;1;2022;18:15;5;06;06069;2;1;1;6;CARNOT (BOULEVARD ET TRAVERSE);43,6550250000;6,9215200000
202200043722;11;1;2022;13:10;1;05;05061;2;3;1;6;rue de Fontreyne;44,5451785279;6,0580131412
202200043723;11;1;2022;11:55;1;05;05061;2;3;1;3;contre allée Albert Laty;44,5487200000;6,0669600000
202200043724;12;1;2022;08:35;1;75;75110;2;2;1;3;RUE DU FAUBOURG DU TEMPLE;48,8699980000;2,3710400000
202200043725;10;1;2022;21:40;5;75;75105;2;2;1;2;RUE LAGRANGE;48,8523510000;2,3482520000
202200043726;10;1;2022;19:35;5;75;75106;2;7;1;6;QUAI DES GRANDS AUGUSTINS;48,8537770000;2,3443260000
202200043727;12;1;2022;20:15;5;75;75118;2;3;1;2;RUE DE LA CHAPELLE;48,8933150000;2,3596430000
202200043728;12;1;2022;18:45;5;75;75116;2;7;1;3;PLACE DE COLOMBIE;48,8627470000;2,2671430000
202200043729;12;1;2022;14:05;1;75;75116;2;2;1;3;RUE DU RANELAGH;48,8537150000;2,2774130000
202200043730;12;1;2022;09:40;1;75;75115;2;2;1;6;AVENUE DE LOWENDAL;48,8494280000;2,3037880000
202200043731;11;1;2022;16:30;1;75;75115;2;1;1;2;QUAI D ISSY LES MOULINEAUX;48,8375820000;2,2685430000
202200043732;12;1;2022;11:50;1;75;75113;2;2;1;6;RUE DE TOLBIAC;48,8304890000;2,3765810000
202200043733;12;1;2022;17:00;5;75;75112;2;2;1;6;QUAI DE LA RAPEE;48,8458380000;2,3676690000
202200043734;12;1;2022;12:13;1;94;94043;2;1;1;7;120 Avenue de Fontainebleau;48,8083700000;2,3625200000
202200043735;10;1;2022;09:40;1;94;94028;2;1;2;1;Av du Mal de Lattre de Tassigny;48,8013700000;2,4493200000
202200043736;12;1;2022;16:50;1;94;94077;2;2;1;3;Avenue Pasteur / Rue Marcel Risser;48,7374100000;2,4192100000
202200043737;12;1;2022;09:30;1;94;94017;2;5;1;3;Rue des Fauvettes / Place de la Chanson;48,8099500000;2,5497800000
202200043738;12;1;2022;07:30;5;93;93070;2;1;1;3;ALBERT-DHALENNE (RUE);48,9156770422;2,3310488462
202200043739;11;1;2022;13:45;1;93;93066;2;1;1;6;Rue Paul Lafargue;48,9175051809;2,3610574264
202200043740;12;1;2022;08:13;2;93;93074;2;1;5;6;Rue de la Somme;48,9382610000;2,5954680000
202200043741;11;1;2022;14:30;1;93;93061;2;3;1;6;DANTON RUE;48,8842945707;2,4056647397
202200043742;12;1;2022;16:50;1;93;93008;2;1;1;6;DIVISION LECLERC (AVENUE DE LA) A20;48,9090934077;2,4183554646
202200043743;12;1;2022;20:51;5;93;93007;2;3;1;3;Avenue du 8 Mai 1945 / Avenue Descartes;48,9505870000;2,4400820000
202200043744;12;1;2022;21:40;5;92;92072;2;1;1;3;VILLE D'AVRAY (RUE DE );48,8256318918;2,2068035603
202200043745;12;1;2022;18:45;5;92;92072;2;1;1;2;GRANDE RUE;48,8261240731;2,2181420624
202200043746;12;1;2022;11:40;1;92;92033;2;1;1;3;QUATRE VENTS;48,8490501943;2,1937759370
202200043747;11;1;2022;15:40;1;92;92063;2;1;1;3;SOLFERINO (BOULEVARD);48,8736786621;2,1828508973
202200043748;12;1;2022;08:00;1;92;92025;2;1;1;6;AUDRA (AV);48,9279270584;2,2498803735
202200043749;11;1;2022;20:20;5;92;92025;2;2;1;3;GABRIEL PERI (RUE);48,9146290000;2,2290730000
202200043750;12;1;2022;13:35;1;92;92012;2;1;8;3;ANDRE MORIZET (AVENUE) - 49/FIN - 54/FIN;48,8392070430;2,2316730022
202200043751;12;1;2022;13:35;1;66;66164;1;1;1;4;A9 Point Kilométrique 242+000 sens Espagne vers France;42,7743300000;2,8934810000
202200043752;13;1;2022;00:14;3;77;77505;1;1;5;6;Autoroute A4 - PK 047+200;48,9154490000;2,9802990000
202200043753;12;1;2022;12:30;1;79;79086;1;1;1;1;;46,4205010000; -0,3373310000
202200043754;12;1;2022;17:10;3;71;71483;1;1;1;1;la pouge;46,3143200000;4,2908530000
202200043755;8;1;2022;16:00;1;27;27065;1;1;3;3;Autoroute A13 - Pk 171+400;49,3205420000;0,3177160000
202200043756;12;1;2022;08:25;2;76;76424;1;1;5;1;Rue Bernard Leger;49,7658610000;1,4881970000
202200043757;12;1;2022;07:30;2;13;13043;1;1;1;6;A55-Sens Martigues vers Marseille;43,3913689291;5,2622759341
202200043758;9;1;2022;17:55;3;13;13215;1;1;1;2;A7-Sens Lyon vers Marseille;43,3815100000;5,3520900000
202200043759;1;1;2022;00:35;3;54;54571;1;1;1;2;Autoroute A 33;48,6183600000;6,2172200000
202200043760;7;1;2022;13:30;1;54;54265;1;1;8;6;Autoroute A 33;48,6403600000;6,1704200000
202200043761;11;1;2022;18:30;5;94;94037;1;1;1;7;AUTOROUTE A6A;48,8161900000;2,3367100000
202200043762;12;1;2022;10:45;1;91;91174;1;1;1;7;RN 104;48,6218000000;2,4628400000
202200043763;12;1;2022;10:00;1;91;91216;1;1;1;3;AUTOROUTE A6;48,6825500000;2,3296800000
202200043764;12;1;2022;02:51;3;78;78402;1;1;5;6;A13;48,9639900000;1,7914100000
202200043765;12;1;2022;01:15;3;78;78297;1;1;5;6;RN12;48,7909770000;2,0570350000
202200043766;12;1;2022;18:45;4;93;93064;1;1;1;3;AUTOROUTE A86;48,8822128144;2,4736136198
202200043767;11;1;2022;09:45;1;64;64260;2;2;1;3;Rue des Néfliers;43,3725900000; -1,7710900000
202200043768;11;1;2022;07:45;2;43;43157;2;1;1;6;1 Boulevard de Cluny;45,0482000000;3,8931870000
202200043769;10;1;2022;07:45;2;24;24037;2;1;2;6;SIMOUNET (RUE DOCTEUR);44,8532746420;0,4913538694
202200043770;10;1;2022;13:45;1;94;94081;2;1;1;3;2 Av du President Salvador Allende;48,7962200000;2,4156000000
202200043771;9;1;2022;18:30;5;59;59178;2;1;1;6;LATTRE DE TASSIGNY (AVENUE DU MARECHAL D;50,3810600000;3,0662600000
202200043772;11;1;2022;14:15;1;974;97407;2;1;1;6;LYON(RUE); -20,9370000000;55,2950000000
202200043773;11;1;2022;14:15;1;973;97302;2;9;1;3;CATAYEE (JUSTIN);4,9395663462; -52,3306368291
202200043774;11;1;2022;06:45;5;69;69388;2;2;1;1;Rue Stéphane Coignet;45,7247300000;4,8730500000
202200043775;10;1;2022;12:45;1;972;97209;2;1;1;1;BEAUSEJOUR JAMBETTE (ROUTE DE );14,6391900000; -61,0409100000
202200043776;10;1;2022;11:40;1;91;91021;2;1;1;6;RUE PASTEUR;48,5800000000;2,2400000000
202200043777;11;1;2022;20:10;5;91;91286;2;3;1;3;DAMIER (PLACE DU);48,6513100000;2,3813930000
202200043778;11;1;2022;15:47;1;91;91286;2;3;1;6;MERIDIEN (QUARTIER DU);48,6545200000;2,3735700000
202200043779;10;1;2022;18:27;5;91;91223;2;1;1;2;FARMAN (AVENUE HENRI);48,4397300000;2,1520100000
202200043780;10;1;2022;08:45;1;87;87085;2;1;2;2;GOUJAUD (QUAI LOUIS);45,8293500000;1,2697800000
202200043781;11;1;2022;09:00;2;82;82121;2;3;7;3;GUERRET (RUE MARCEL);44,0153170000;1,3741630000
202200043782;8;1;2022;21:50;5;80;80021;2;2;1;3;EDOUARD BRANLY (ESPLANADE);49,8899800000;2,2905600000
202200043783;8;1;2022;18:40;5;80;80021;2;1;1;6;CAGNY (RUE DE);49,8759700000;2,3284800000
202200043784;11;1;2022;07:58;2;79;79191;2;2;1;3;Route de Coulonges;46,3503600000; -0,4781200000
202200043785;4;1;2022;17:35;2;77;77122;2;1;1;6;AV DU PALOISEL;48,6605100000;2,5633600000
202200043786;11;1;2022;07:40;5;76;76351;2;1;1;6;Rue de la Cavée Verte;49,5072000000;0,1222500000
202200043787;10;1;2022;19:20;5;76;76351;1;1;1;6;route de l'estuaire;49,4617181021;0,1812580973
202200043788;7;1;2022;14:00;1;76;76351;2;2;1;4;Rue Louis Lumière;49,5241600000;0,1229400000
202200043789;11;1;2022;13:00;1;76;76217;2;2;1;6;AVENUE JEAN JAURES;49,9136400000;1,0724900000
202200043790;10;1;2022;14:24;1;72;72181;2;6;1;6;LOUIS BLANC (QUAI);48,0094000000;0,1956000000
202200043791;11;1;2022;18:30;5;71;71105;2;1;9;6;DAVAYE (ROUTE DE);46,3069800000;4,8047000000
202200043792;10;1;2022;20:40;5;67;67482;2;1;1;6;CLEMENCEAU (BOULEVARD);48,5909620000;7,7459990000
202200043793;3;1;2022;17:14;1;65;65100;2;1;1;6;CROIZAT (RUE A.);43,2548260000;0,0521810000
202200043794;10;1;2022;21:45;5;64;64102;2;3;8;2;Avenue Raymond de Martres;43,4854300000; -1,4827200000
202200043795;7;1;2022;07:39;5;63;63113;2;2;1;6;POURCHON (BD MAURICE);45,7925400000;3,0917900000
202200043796;11;1;2022;16:30;1;62;62457;1;1;8;1;D301;50,4628150000;2,5363850000
202200043797;23;9;2022;17:30;1;60;60322;1;2;1;3;RD153;49,3033420000;1,8840270000
202200043798;23;9;2022;13:45;1;80;80561;2;1;1;6;Route de Roye;49,6478930000;2,5813530000
202200043799;26;9;2022;07:30;1;13;13117;1;1;1;3;A7-Sens Lyon vers Marseille;43,4463202577;5,2422015501
202200043800;24;9;2022;22:20;5;13;13212;1;1;1;2;A507 sens Aubagne- Marseille;43,3032880000;5,4253660000
202200043801;26;9;2022;16:25;1;91;91377;1;1;2;4;RD 444;48,7272400000;2,2441200000
202200043802;26;9;2022;17:45;1;94;94034;1;1;2;2;AUTOROUTE A86;48,7606114652;2,3193595264
202200043803;26;9;2022;01:40;3;91;91570;1;1;1;2;RN 104;48,6254600000;2,3196900000
202200043804;25;9;2022;18:40;1;91;91377;1;9;1;3;RN20;48,7189900000;2,2988300000
202200043805;25;9;2022;13:20;1;94;94034;1;1;1;4;AUTOROUTE A86;48,7599957298;2,3212385676
202200043806;25;9;2022;17:50;1;78;78640;1;1;2;5;A86 INT;48,7776340000;2,2190130000
202200043807;25;9;2022;18:30;1;78;78158;1;1;1;3;A13;48,8334000000;2,1357120000
202200043808;24;9;2022;22:24;5;92;92047;1;1;2;6;A13;48,8325154834;2,1556807078
202200043809;26;9;2022;22:20;3;95;95241;1;1;1;6;RN 104;49,0534421357;2,4262672663
202200043810;26;9;2022;17:45;1;93;93066;1;1;2;5;A1;48,9104500000;2,3582600000
202200043811;25;9;2022;15:10;1;93;93053;1;1;1;4;AUTOROUTE A3;48,8945800000;2,4712500000
202200043812;25;9;2022;05:55;5;95;95212;1;1;1;6; A1;49,0275817117;2,5373321772
202200043813;25;9;2022;04:45;3;95;95682;1;1;1;2;RN 104;49,0683100000;2,3844500000
202200043814;24;9;2022;20:30;4;69;69091;2;1;3;6;27 Rue Honoré Pététin;45,5919700000;4,7729400000
202200043815;24;9;2022;21:10;3;974;97416;1;1;1;6;BADAMIER (CHEMIN); -21,3278600000;55,4591000000
202200043816;24;9;2022;09:30;1;974;97411;1;1;1;2;JAURES (BOULEVARD JEAN); -20,8990000000;55,4790000000
202200043817;23;9;2022;10:15;1;974;97411;2;1;1;7;TOPAZES(ALLEE DES); -20,8940200000;55,4440430000
202200043818;24;9;2022;16:40;1;974;97409;2;3;1;6;RN2 SENS ST BENOIT ST DENIS; -20,9422000000;55,6475200000
202200043819;24;9;2022;13:40;1;974;97409;1;1;1;6;RN2 SENS ST BENOIT ST DENIS; -20,9688000000;55,6560800000
202200043820;24;9;2022;17:52;2;973;97302;2;1;1;3;MIRZA (CITE);4,9348818798; -52,3250846565
202200043821;19;9;2022;15:30;1;973;97302;2;6;1;3;ROUTE NATIONALE 1;4,9076500000; -52,3226000000
202200043822;24;9;2022;15:00;1;69;69386;2;2;1;3;Rue Bossuet;45,7683600000;4,8564300000
202200043823;24;9;2022;12:20;1;69;69388;2;2;1;3;Avenue Jean Mermoz;45,7341300000;4,8763000000
202200043824;24;9;2022;11:15;1;69;69387;2;2;1;3;Avenue Félix Faure;45,7520900000;4,8466300000
202200043825;24;9;2022;20:45;3;69;69034;2;1;2;3;24 Avenue Pierre Terrasse;45,7981024884;4,8510135881
202200043826;24;9;2022;03:00;5;69;69382;2;4;2;6;Place Antonin Poncet;45,7558400000;4,8352100000
202200043827;24;9;2022;06:57;1;971;97113;2;9;1;6;DOCTEUR HELENE (IMPASSE);16,2078270291; -61,4842718840
202200043828;24;9;2022;12:30;1;971;97101;2;1;1;2;RN05;16,2640000000; -61,5123700000
202200043829;24;9;2022;11:28;1;2A;2A004;2;1;2;4;PRINCE IMPERIAL COURS;41,9342000000;8,7469200000
202200043830;24;9;2022;14:20;1;91;91514;2;1;1;1;RTE DE BOUSSY ST ANTOINE;48,6804200000;2,5357100000
202200043831;23;9;2022;15:30;1;83;83137;1;3;1;3;NICE (ROUTE DE);43,1321265015;5,9761954844
202200043832;24;9;2022;05:40;3;83;83069;2;1;2;6;AVENUE RITONDALE LEOPOLD;43,1196500000;6,1520800000
202200043833;24;9;2022;15:00;1;76;76540;2;1;8;6;Route de Darnetal;49,4410452402;1,1235746741
202200043834;24;9;2022;18:30;1;69;69266;2;3;3;1;Rue Jean Jaurès;45,7570300000;4,8806000000
202200043835;24;9;2022;06:25;5;69;69266;2;2;2;6;Avenue Roger Salengro;45,7766500000;4,8762300000
202200043836;23;9;2022;12:10;1;69;69264;2;1;1;6;Place Simone Veil;45,9901600000;4,7238000000
202200043837;24;9;2022;15:42;1;68;68224;2;4;1;3;KINGERSHEIM (RUE DE);47,7729500000;7,3272700000
202200043838;24;9;2022;21:51;4;65;65047;2;6;8;3;GUESDE (RUE JULES);43,2456120000;0,0898850000
202200043839;24;9;2022;02:30;5;64;64445;2;1;1;1;avenue de l'Europe;43,3288400000; -0,3477200000
202200043840;23;9;2022;18:20;1;62;62119;2;1;2;3;BERTHELOT ( RUE MARCELLIN );50,5296520000;2,6444610000
202200043841;24;9;2022;00:50;5;59;59365;2;1;1;6;LANDRECIES (ROUTE DE);50,2553022899;3,9479997754
202200043842;19;9;2022;18:30;1;59;59350;2;9;8;1;LANNOY RUE DE;50,6344360000;3,1009610000
202200043843;23;9;2022;17:00;1;59;59560;2;2;2;3;LILLE ROUTE DE;50,5648783096;3,0415338278
202200043844;24;9;2022;01:00;3;57;57606;1;1;1;2;RN 633;49,1440451218;6,7083106800
202200043845;24;9;2022;16:40;1;56;56098;2;1;1;2;Avenue Ambroise Croizat;47,7773200000; -3,3447600000
202200043846;24;9;2022;15:05;1;54;54395;2;1;2;2;ARC ( RUE JEANNE D'N;48,6815246378;6,1747804284
202200043847;22;9;2022;16:29;1;54;54395;2;1;1;4;LIBERATION (AVENUE DE LA);48,6972300000;6,1544100000
202200043848;24;9;2022;11:57;1;49;49007;2;1;8;7;GAULLE BOULEVARD CHARLES DE;47,4696200000; -0,5614600000
202200043849;24;9;2022;08:23;2;45;45234;2;1;1;6;32 Avenue de la Mouillère;47,8850624961;1,9080355950
202200043850;24;9;2022;03:43;5;44;44109;2;1;1;7;BOULEVARD ROBERT SCHUMAN;47,2360500000; -1,5683000000
202200043851;24;9;2022;13:20;1;43;43046;2;1;1;7;26 Avenue des Champs-elysees;45,0521920000;3,8971740000
202200043852;24;9;2022;22:21;5;38;38185;2;1;2;2;Boulevard Joseph Vallier;45,1801400000;5,7132800000
202200043853;24;9;2022;14:00;1;37;37233;2;9;1;2;DUCLOS (AVENUE JACQUES);47,3778218901;0,7166594267
202200043854;24;9;2022;01:20;5;37;37261;2;1;1;6;ROYER (BD JEAN);47,3815900000;0,6823100000