Num_Acc;jour;mois;an;hrmn;lum;dep;com;agg;int;atm;col;adr;lat;long
202200043855;24;9;2022;23:40;5;33;33318;2;1;1;6;Avenue de Noès;44,8122500000; -0,6427400000
202200043856;23;9;2022;17:05;1;33;33063;2;2;1;3;Rue Lagrange;44,8509700000; -0,5829000000
202200043857;24;9;2022;02:00;5;30;30007;2;1;3;6;;44,1378000000;4,1045000000
202200043858;24;9;2022;17:10;1;13;13211;2;9;1;3;MENARD (PIERRE) (BOULEVARD);43,2901100000;5,4379300000
202200043859;24;9;2022;12:10;1;13;13203;2;1;1;3;BRIANCON (BOULEVARD);43,3184988255;5,3705299144
202200043860;24;9;2022;01:40;5;13;13213;2;1;2;2;MERLAN (AVENUE DU);43,3370800000;5,4210000000
202200043861;23;9;2022;21:00;5;13;13210;2;1;1;3;TOULON (AVENUE DE);43,2838600000;5,3962200000
202200043862;23;9;2022;17:40;1;11;11069;1;2;1;3;Route de Saint Hilaire;43,1928100000;2,3395700000
202200043863;20;9;2022;15:18;1;03;03185;2;1;1;5;7 Rue Camille Desmoulins;46,3538410000;2,5901770000
202200043864;23;9;2022;10:27;1;03;03185;2;2;1;7;DESMOULINS ( RUE CAMILLE );46,3535000000;2,5895900000
202200043865;24;9;2022;12:10;1;75;75118;2;4;2;2;BD PERIPHERIQUE INTERIEUR;48,9009660000;2,3476870000
202200043866;23;9;2022;13:55;1;75;75119;2;1;1;2;BD PERIPHERIQUE INTERIEUR;48,8891280000;2,3962970000
202200043867;23;9;2022;08:15;1;75;75112;2;1;1;7;BD PERIPHERIQUE INTERIEUR;48,8431580000;2,4137070000
202200043868;22;9;2022;19:15;2;75;75115;2;1;1;4;BD PERIPHERIQUE EXTERIEUR;48,8260870000;2,2983060000
202200043869;22;9;2022;01:24;5;75;75107;2;1;1;6;QUAI BRANLY;48,8622740000;2,3000070000
202200043870;24;9;2022;02:50;3;75;75118;2;4;2;2;AVENUE DE LA PORTE DE LA CHAPELLE;48,9000230000;2,3586150000
202200043871;30;11;2022;18:45;5;72;72181;2;1;1;2;JAURES JEAN (AV) N° PAIRS 60 ET >;47,9840700000;0,2100800000
202200043872;30;11;2022;17:28;3;71;71153;2;2;1;7;MARECHAL FOCH (RUE);46,8058000000;4,4341000000
202200043873;24;9;2022;03:30;5;75;75118;2;2;2;7;AVENUE DE LA PORTE DE SAINT OUEN;48,8992200000;2,3294710000
202200043874;24;9;2022;03:00;5;75;75113;2;1;2;6;BOULEVARD VINCENT AURIOL;48,8317484612;2,3591637611
202200043875;24;9;2022;13:40;1;75;75111;2;3;2;6;RUE DE CHARONNE;48,8523470000;2,3741410000
202200043876;25;11;2022;06:20;5;71;71076;2;2;3;1;PARIS (AVENUE DE);46,8097291750;4,8431083560
202200043877;24;9;2022;01:45;5;75;75109;2;1;1;6;BOULEVARD DE CLICHY;48,8832740000;2,3339960000
202200043878;24;9;2022;07:20;2;75;75107;2;2;2;6;AVENUE DU MARECHAL GALLIENI;48,8610530000;2,3132450000
202200043879;2;12;2022;22:00;5;69;69266;2;1;3;2;Rue du 8 Mai 1945;45,7770250471;4,8923528194
202200043880;24;9;2022;19:30;5;94;94043;2;1;1;5;FONTAINEBLEAU (AV DE);48,8114210000;2,3620890000
202200043881;24;9;2022;07:37;1;93;93078;2;2;1;3;Boulevard Robert Ballanger / Avenue Martin Luther King;48,9519900000;2,5283800000
202200043882;2;12;2022;18:10;5;69;69282;2;2;2;6;Rue de la République;45,7667100000;5,0034800000
202200043883;24;9;2022;07:30;5;93;93070;2;1;2;6;Avenue Michelet;48,9081069457;2,3442151648
202200043884;24;9;2022;01:00;5;93;93066;2;2;2;6;Rue de Toul / Rue Traverse;48,9318419483;2,3575140116
202200043885;24;9;2022;20:45;5;93;93007;2;1;1;3;Avenue Paul Vaillant Couturier;48,9266931558;2,4714058541
202200043886;1;12;2022;09:55;1;69;69266;2;1;8;3;Cours Emile Zola;45,7704000000;4,8748700000
202200043887;2;12;2022;21:25;5;69;69264;2;1;2;6;Avenue Theodore Braun;45,9807900000;4,7401900000
202200043888;24;9;2022;12:21;1;93;93079;2;6;1;3;Avenue de la Division Leclerc / Rue Pablo Neruda;48,9561400000;2,3443500000
202200043889;24;9;2022;03:10;5;93;93010;2;2;2;3;Avenue Galliéni / Route d'Aulnay;48,9059945291;2,4803346891
202200043890;2;12;2022;19:55;5;69;69259;2;9;2;3;Rue Vaillant Couturier;45,7267200000;4,8598700000
202200043891;20;9;2022;05:25;5;93;93008;2;5;1;5;Avenue Paul Vaillant - Couturier / Rue Honore d'Estienne d'Orves;48,9073500000;2,4567300000
202200043892;24;9;2022;12:30;1;93;93005;2;5;1;1;Rue Jean Charcot / Avenue Anatole France / Boulevard de l'Hôtel de Ville;48,9358309021;2,4939300716
202200043893;1;12;2022;14:40;1;69;69276;1;1;1;3;Avenue Albert Ramboz;45,6778900000;4,8470400000
202200043894;24;9;2022;15:00;1;92;92047;2;1;1;4;JARDY;48,8200286130;2,1509666741
202200043895;24;9;2022;09:10;1;92;92002;2;1;2;2;ARISTIDE BRIAND (AVENUE);48,7588900000;2,3071200000
202200043896;30;11;2022;19:20;5;67;67365;2;3;1;3;23 NOVEMBRE (RUE DU);48,5343100000;7,6987300000
202200043897;25;9;2022;19:15;2;63;63345;1;1;2;3;RD 2089;45,7066290000;3,0348010000
202200043898;25;9;2022;14:00;1;25;25612;1;1;2;2;autoroute A36 PK 116+150 en direction de Dijon;47,3132970000;6,0727220000
202200043899;30;11;2022;16:30;2;67;67482;2;2;1;6;LA WANTZENAU (ROUTE DE);48,6113200000;7,7809700000
202200043900;23;9;2022;16:20;1;17;17194;2;1;1;3;Grande Rue de Grolleau;46,1154852820; -1,0182832181
202200043901;10;9;2022;22:03;3;22;22049;1;1;1;7;La Croix Janet;48,5305300000; -2,1830870000
202200043902;2;12;2022;04:20;5;66;66136;2;1;1;6;;42,6920462891;2,8908795118
202200043903;22;9;2022;22:00;5;41;41104;1;1;1;6;Rue de la Tonnelle;47,6018480000;1,4570400000
202200043904;23;9;2022;13:00;1;49;49070;1;1;1;6;D65;47,0691130618; -0,7243795487
202200043905;30;11;2022;20:30;3;66;66136;1;1;1;2;;42,7194930000;2,8740080000
202200043906;25;9;2022;15:30;1;83;83062;1;1;1;4;A57;43,1497320000;6,0355870000
202200043907;1;12;2022;18:35;1;64;64545;2;3;1;1;RD810;43,3618000000; -1,7045400000
202200043908;24;9;2022;19:20;1;28;28424;1;1;8;1;D15;48,1590330000;1,1514560000
202200043909;3;12;2022;01:30;5;64;64335;1;1;1;6;Avenue du Vert-Galant;43,3256340000; -0,4424870000
202200043910;24;9;2022;15:00;1;972;97210;1;1;1;3;Réunion Sud;14,6104020000; -60,9263130000
202200043911;25;9;2022;09:38;1;26;26339;1;1;1;6;Autoroute A7;44,5977560000;4,7966370000
202200043912;24;9;2022;06:50;3;57;57428;2;1;1;7;D 603;49,1090144734;6,7348867995
202200043913;24;9;2022;22:55;5;60;60176;2;1;1;6;Rue du Docteur Calmette;49,2318280000;2,8826800000
202200043914;22;11;2022;12:50;1;63;63113;2;2;1;3;Aubrac/charolais;45,7815000000;3,1153200000
202200043915;24;9;2022;23:40;3;65;65447;1;1;1;3;RD 817;43,1927440000;0,2291520000
202200043916;25;9;2022;15:19;1;48;48009;1;1;1;6;AUTOROUTE A75 - PK 135+130 - SENS NORD / SUD - DIRECTION MILLAU (12);44,7236000000;3,2794510000
202200043917;23;9;2022;23:25;3;34;34270;2;1;2;6;Route de Sete;43,5753200000;3,8487960000
202200043918;24;9;2022;21:45;3;59;59118;1;1;2;6;cd 98;50,0566543062;3,4481996298
202200043919;24;9;2022;21:00;5;76;76709;2;1;1;7;Rue Raymond Brétéché;49,4851630000;0,8060800000
202200043920;25;9;2022;01:30;3;2B;2B145;1;1;2;7;PICARELLI;42,4728290000;9,4248370000
202200043921;1;12;2022;21:20;5;62;62628;2;2;1;3;Rue Jean Jaures;50,4288610000;2,8765330000
202200043922;25;9;2022;18:30;1;32;32107;1;1;1;6;D114;43,9578770000;0,3520020000
202200043923;1;12;2022;22:00;5;62;62755;1;1;1;2;N416;50,6998200000;1,6139500000
202200043924;25;9;2022;08:29;1;71;71056;1;1;1;6;rd 460;46,6482210000;5,1670070000
202200043925;25;9;2022;15:50;1;42;42295;1;1;2;2;Route de Champoly;45,8564980000;3,8247330000
202200043926;2;12;2022;19:10;5;60;60159;2;1;1;6;Boulevard Gambetta;49,4131492027;2,8136694431
202200043927;20;9;2022;12:35;1;47;47171;1;1;7;6;Chemin de Lasjouettes;44,3171716605;0,7228704067
202200043928;25;9;2022;01:40;3;25;25255;1;1;1;6;D457;47,1664340000;6,7998930000
202200043929;25;9;2022;14:30;1;38;38060;1;1;1;6;Route de Saint Marcellin;45,2960000000;5,3438510000
202200043930;1;12;2022;16:15;1;59;59650;2;1;1;6;NEGRIER (RUE);50,6998400000;3,2156700000
202200043931;25;9;2022;14:05;1;38;38347;2;1;1;6;Route de Saint Antoine;45,2562650000;5,2451030000
202200043932;25;9;2022;16:05;1;02;02731;1;2;7;3;2 Rue Guthin;49,8724260000;3,7535500000
202200043933;24;9;2022;16:20;1;02;02449;1;1;1;6;;49,1574880000;3,2247660000
202200043934;25;9;2022;07:00;3;72;72358;1;1;1;6;Route des Haies;48,0181233361;0,5047309396
202200043935;2;12;2022;18:40;5;59;59350;2;2;1;3;CONDE RUE DE;50,6195233401;3,0612319708
202200043936;23;9;2022;17:57;1;43;43137;2;1;1;3;41 Rue des Moletons;45,2848360000;4,1583790000
202200043937;24;9;2022;16:00;1;43;43042;1;1;1;7;L'escarcelle;44,9335220000;3,8309780000
202200043938;25;11;2022;08:15;1;59;59378;2;9;3;6;NATIONALE RUE;50,6643800000;3,0756500000
202200043939;25;9;2022;04:25;3;24;24451;1;1;5;6;2078 Route de Mareuil;45,5025400000;0,6301290000
202200043940;16;11;2022;18:45;5;59;59350;2;1;1;6;FAUBOURG D'ARRAS RUE;50,6140400000;3,0626300000
202200043941;24;9;2022;21:50;3;04;04134;1;1;1;7;départementale  951;44,3462180000;6,0329800000
202200043942;25;9;2022;10:25;1;45;45060;1;1;1;7;A77 PK 55 + 900;47,7546530000;2,7198350000
202200043943;24;9;2022;21:15;3;976;97613;1;1;1;7;CCD 1 M'tsagamouji; -12,7582400000;45,0847620000
202200043944;1;12;2022;20:00;5;59;59122;2;2;1;3;POMPIDOU (AVENUE GEORGES);50,1759400000;3,2080500000
202200043945;24;9;2022;18:45;3;976;97613;1;1;1;1;CCD 1 M'tsagamouji; -12,7582400000;45,0847620000
202200043946;25;9;2022;03:15;3;55;55567;1;1;2;6;AUTOROUTE A4 PK 237+300;49,0889250000;5,1926710000
202200043947;30;11;2022;22:10;5;59;59122;2;1;5;7;LIBERTE (BOULEVARD DE LA);50,1694800000;3,2331000000
202200043948;25;9;2022;18:45;3;988;98825;1;1;1;1;RT1, lieu dit Belles Bosses; -21,2381100000;164,9057800000
202200043949;25;9;2022;16:13;1;974;97417;2;1;1;3;RN 2 Basse Vallée; -21,3568750000;55,7473030000
202200043950;30;11;2022;21:50;5;57;57306;2;1;1;5;VERDUN (RUE DE);49,3270100000;6,0554400000
202200043951;23;9;2022;16:20;1;971;97119;1;1;1;1;Dumaine;16,3808380000; -61,4558460000
202200043952;30;11;2022;18:30;5;57;57283;2;1;1;3;METZ (RUE DE);49,2450000000;6,1701900000
202200043953;23;9;2022;17:20;1;78;78087;1;1;1;1;PK26+250;48,6036590000;2,0081810000
202200043954;8;9;2022;10:45;1;2B;2B244;1;1;1;1;ROUTE DÉPARTEMENTALE 18;42,4257690000;9,1444230000
202200043955;1;12;2022;18:01;2;56;56260;2;6;1;6;34 Rue Aristide Boucicaut;47,6682530000; -2,7954300000
202200043956;24;9;2022;18:30;1;83;83112;2;1;1;7;Avenue du Littoral;43,1800520000;5,6788050000
202200043957;9;12;2022;00:50;3;56;56121;2;1;1;7;3 Rue de Belgique;47,7582200000; -3,3760900000
202200043958;25;9;2022;06:00;5;06;06099;2;1;5;-1;42 Avenue Alexandre Bottin;43,9549480000;6,8990530000
202200043959;25;9;2022;08:40;1;68;68123;1;1;5;6;Rue de l'Elsbourg;48,0112110000;7,3055270000
202200043960;1;12;2022;18:12;4;56;56098;1;1;1;2;N165 sens Lorient/Vannes;47,7779700000; -3,3557900000
202200043961;25;9;2022;20:00;5;54;54397;2;1;1;6;16 rue jean jaures;48,6176200000;6,1051800000
202200043962;30;11;2022;16:30;1;56;56121;2;1;1;6;ORADOUR (PONT D');47,7537200000; -3,3712400000
202200043963;23;9;2022;14:30;1;03;03298;2;1;1;1;81 Route de Moulins;46,3392640000;3,3826120000
202200043964;1;12;2022;17:00;5;55;55545;2;3;1;3;SAINT VICTOR;49,1541100000;5,3913200000
202200043965;24;9;2022;18:10;1;26;26220;1;9;1;3;Route de Gap;44,3712630000;5,1518580000
202200043966;24;9;2022;16:45;1;81;81038;1;1;1;2;474 Route de Lavaur;43,8942010000;1,8932210000
202200043967;3;11;2022;18:10;3;55;55545;2;6;3;7;MIRIBEL ( AVENUE );49,1676200000;5,3942100000
202200043968;24;9;2022;18:30;1;33;33080;1;6;1;1;rue des marguerites;44,7251757193; -0,5250518024
202200043969;2;12;2022;17:05;2;54;54431;2;9;8;6;COLOMBE (PLACE);48,9056700000;6,0512800000
202200043970;24;9;2022;19:45;2;85;85155;1;1;1;6;D763;46,7158900000; -1,4297940000
202200043971;1;12;2022;17:35;3;52;52125;1;1;1;1;RD 619;48,0792500000;5,1547100000
202200043972;24;9;2022;16:15;1;91;91340;1;1;8;2;RN 104;48,6082400000;2,4338000000
202200043973;3;12;2022;01:00;5;51;51573;2;1;1;7;Avenue Roger Salengro;49,2523300000;3,9945400000
202200043974;24;9;2022;13:50;1;91;91689;1;1;1;6;AUTOROUTE A6;48,7235100000;2,3122400000
202200043975;2;12;2022;17:28;5;51;51454;2;3;2;3;rue Turenne;49,2230700000;4,0309700000
202200043976;24;9;2022;06:55;3;91;91235;1;1;2;4;RN 104;48,6260700000;2,3548500000
202200043977;24;9;2022;08:45;1;91;91174;1;1;2;6;RN 104;48,6104700000;2,4446700000
202200043978;2;12;2022;10:50;1;51;51454;2;2;1;3;rue de la Garenne;49,2442469825;4,0072819591
202200043979;23;9;2022;16:40;1;91;91689;1;1;1;4;AUTOROUTE A6B;48,7443600000;2,3228000000
202200043980;24;9;2022;12:30;1;92;92072;1;1;1;6;N118;48,8270146574;2,2242258975
202200043981;1;12;2022;11:55;1;51;51454;2;2;1;1;rue de Courcelles;49,2593130000;4,0205100000
202200043982;1;12;2022;07:30;4;50;50129;1;2;1;3;CD 901;49,6490500000; -1,7184600000
202200043983;24;9;2022;12:30;1;92;92047;1;1;8;4;A13;48,8323157105;2,1543841825
202200043984;23;9;2022;18:00;1;78;78423;1;1;1;3;RN12;48,7967130000;2,0262530000
202200043985;29;11;2022;08:00;4;50;50129;2;1;1;4;LEMONNIER (AVENUE AMIRAL);49,6336800000; -1,6064500000
202200043986;23;9;2022;19:50;2;93;93064;1;1;1;2;AUTOROUTE A86;48,8840189593;2,4716019630
202200043987;23;9;2022;17:55;1;92;92036;1;1;1;3;AUTOROUTE A15;48,9441185317;2,2863882231
202200043988;30;11;2022;07:55;5;50;50129;2;5;2;3;MENDES FRANCE (BOULEVARD);49,6354900000; -1,6304500000
202200043989;23;9;2022;16:50;1;93;93010;1;1;1;2;AUTOROUTE A3;48,8899192541;2,4734257208
202200043990;2;12;2022;18:15;3;49;49007;1;1;1;6;BARANGE BOULEVARD;47,4570300000; -0,5722500000
202200043991;23;9;2022;16:40;1;95;95572;1;1;1;3;RN 184;49,0355304583;2,1172016859
202200043992;1;12;2022;16:05;1;49;49007;2;1;1;3;Rue du Val de Loire;47,4500000000; -0,5110000000
202200043993;23;9;2022;15:50;1;93;93066;1;1;1;3;A1;48,9189934371;2,3572939965
202200043994;1;12;2022;07:35;5;49;49246;2;1;1;7;PASTEUR;47,4144500000; -0,5231200000
202200043995;30;11;2022;20:14;5;49;49267;2;1;1;7;PAPERIE;47,4650645676; -0,5097457767
202200043996;23;9;2022;08:50;1;95;95678;1;1;1;4;RN 184;49,0603322284;2,2114652395
202200043997;30;11;2022;16:50;1;47;47215;1;1;1;2;RN 21;44,3801280000;0,7131159000
202200043998;24;9;2022;19:40;2;94;94073;1;1;1;4;A86 INT;48,7715541339;2,3934748629
202200043999;1;12;2022;17:15;5;45;45169;2;1;1;1;30 Avenue d'Huisseau;47,9202000000;1,8324000000
202200044000;23;9;2022;09:13;1;92;92025;2;1;1;2;G.PERI 2 A 192   1 A 247 (RUE);48,9210480000;2,2448010000
202200044001;1;12;2022;07:45;3;45;45284;2;1;8;6;16 Rue du Petit Vomimbert;47,9169000000;1,9717000000
202200044002;22;9;2022;11:40;1;29;29019;2;3;1;6;3 rue Malakoff;48,3955634723; -4,4817173481
202200044003;23;9;2022;19:35;1;27;27229;2;2;1;6;CHURCHILL (AVENUE WINSTON);49,0177954000;1,1671897287
202200044004;1;12;2022;18:00;5;44;44109;2;1;1;3;72ter Rue de la Contrie;47,2203870000; -1,5976240000
202200044005;21;9;2022;10:00;1;29;29019;2;3;1;6;boulevard Gambetta;48,3896200000; -4,4754600000
202200044006;1;12;2022;08:55;1;43;43157;2;3;2;6;23 Avenue Charles Dupuy;45,0428890000;3,8918910000
202200044007;21;9;2022;18:36;5;987;98735;2;3;1;3;CLEMENCEAU (RUE MAMAO AIVI); -17,5355600000; -149,5577900000
202200044008;2;12;2022;23:50;5;38;38053;2;2;1;1;LYON (ROUTE DE LYON COTE NORD);45,5926800000;5,2382600000
202200044009;2;12;2022;08:20;1;37;37261;2;1;1;2;POMPIDOU (AVENUE GEORGES);47,3860817160;0,7095676661
202200044010;17;9;2022;09:13;1;24;24138;1;9;1;6;ROOSVELT (AVENUE);45,1849600000;0,6996300000
202200044011;16;9;2022;07:45;1;976;97611;2;1;2;6;mamoudzou centre-Rassi Boina Kaïm (rue); -12,7845400000;45,2291800000
202200044012;1;12;2022;13:00;1;37;37122;2;6;1;2;CHINON (BOULEVARD DE);47,3510700000;0,6791000000
202200044013;2;12;2022;14:30;1;35;35278;1;6;8;6;ROUTE DE SAINT-MALO;48,1362200000; -1,6921470000
202200044014;2;12;2022;14:40;1;35;35334;1;1;1;2;N136;48,1427329499; -1,5862825513
202200044015;22;9;2022;18:00;5;974;97411;2;3;1;3;MOUFIA (ROUTE DE); -20,9017400000;55,4921300000
202200044016;1;12;2022;14:10;1;34;34172;2;1;8;3;Rond-Point Paul Fajon;43,5959300000;3,8368200000
202200044017;1;12;2022;18:54;3;34;34032;1;1;1;7;Chemin de Feynes;43,3568800000;3,1376700000
202200044018;22;9;2022;08:15;1;974;97411;2;1;1;7;CHAMP FLEURI; -20,8872200000;55,4656000000
202200044019;30;11;2022;12:00;1;34;34032;2;1;1;7;55 Boulevard Frédéric Mistral;43,3458700000;3,2194000000
202200044020;29;11;2022;16:20;1;34;34003;2;1;1;6;Avenue des Lavandieres;43,2895900000;3,5231900000
202200044021;22;9;2022;21:40;3;974;97407;2;3;1;1;GUADELOUPE(RUE); -20,9469500000;55,2955000000
202200044022;2;12;2022;15:00;1;33;33063;2;2;1;3;Quai de Bacalan;44,8603700000; -0,5537800000
202200044023;23;9;2022;09:07;1;973;97302;2;1;1;3;ZEPHIR (CITE);4,9380400000; -52,2952900000
202200044024;1;12;2022;18:10;5;33;33281;2;1;1;4;Avenue Marcel Dassault;44,8472800000; -0,7159000000
202200044025;2;12;2022;13:55;1;31;31555;1;1;1;4;21 DEMOISELLES  (PERIPH OUEST A620);43,5733250000;1,4716000000
202200044026;23;9;2022;08:00;1;973;97302;2;3;1;3;MONTABO (ROUTE DE) 4;4,9297900000; -52,2903300000
202200044027;30;11;2022;18:07;5;31;31069;2;9;1;6;CATALOGNE (PL DE);43,6417400000;1,3800410000
202200044028;30;11;2022;18:09;4;31;31555;2;3;8;3;RUE DES TRENTE-SIX PONTS;43,5896640000;1,4490640000
202200044029;24;9;2022;01:50;5;69;69387;2;2;2;1;Avenue Jean Jaurès;45,7482000000;4,8436300000
202200044030;23;9;2022;13:10;1;972;97209;2;1;1;3;VICTOR SEVERE (RUE);14,6066800000; -61,0715000000
202200044031;1;12;2022;13:05;1;29;29232;2;3;1;1;77 Rue de Benodet;47,9843400000; -4,1052400000
202200044032;23;9;2022;21:37;5;69;69382;2;9;3;6;Quai Rambaud;45,7509900000;4,8233100000
202200044033;23;9;2022;09:57;1;2B;2B033;2;9;1;6;LECLERC - ROND POINT;42,7022400000;9,4480900000
202200044034;1;12;2022;08:50;1;29;29232;1;1;1;2;Boulevard Louis le Guennec;47,9798840000; -4,1071450000
202200044035;23;9;2022;13:11;1;2A;2A004;2;1;1;3;ROSSINI PASCAL BD;41,9169700000;8,7367100000
202200044036;30;11;2022;08:00;3;29;29039;1;2;1;3;D783 - Beuzec;47,9161040000; -3,9270520000
202200044037;23;9;2022;10:45;1;2A;2A004;2;1;1;2;SAMPIERO BD;41,9236810010;8,7391286393
202200044038;23;9;2022;13:35;1;91;91339;2;1;1;6;RUE JULES FERRY;48,6314850000;2,2669170000
202200044039;1;12;2022;15:35;1;29;29019;2;6;1;5;D205;48,3954780000; -4,5383891000
202200044040;23;9;2022;20:05;5;91;91286;2;9;1;3;ENCLOS (RUE DES);48,6544600000;2,3736700000
202200044041;30;11;2022;17:25;1;29;29019;2;3;1;3;rue de Glasgow;48,3970410920; -4,4833185633
202200044042;23;9;2022;07:25;1;91;91479;2;2;1;3;AV PASTEUR;48,7065920000;2,3675320000
202200044043;1;12;2022;12:24;1;27;27681;1;3;1;3;EVREUX (ROUTE D');49,0767300000;1,4639700000
202200044044;1;12;2022;16:55;5;27;27229;2;1;1;6;BRIAND (AVENUE ARISTIDE);49,0169319513;1,1234078373
202200044045;28;11;2022;11:10;1;24;24557;1;9;3;6;POMPIDOU (AVENUE GEORGES);45,1981000000;0,7408200000
202200044046;22;9;2022;10:30;1;87;87113;2;1;1;4;MOULIN (AVENUE JEAN);45,8614900000;1,3214300000
202200044047;22;9;2022;17:05;1;87;87085;2;1;1;6;LATTRE-DE-TASSIGNY (AVENUE DU MARECHAL);45,8251300000;1,2734200000
202200044048;30;11;2022;11:10;1;21;21054;2;9;1;3;GAULLE (AVENUE DU GENERAL DE);47,0154350000;4,8380060000
202200044049;1;12;2022;07:45;1;19;19031;2;1;1;6;MICHELET (AVENUE EDMOND);45,1506700000;1,5317900000
202200044050;23;9;2022;10:05;1;86;86194;2;2;1;2;Avenue John Kennedy;46,5855710000;0,3662770000
202200044051;22;9;2022;20:35;3;84;84035;1;1;1;7;LAGNES-RD24 (ROUTE DE);43,8690228666;5,0645685196
202200044052;2;12;2022;08:15;2;17;17415;1;1;1;4;D137;45,7241250000; -0,6401690000
202200044053;22;9;2022;18:15;2;83;83062;2;6;7;3;PREMIER  DFL (AVENUE DE LA);43,1240700000;5,9981200000
202200044054;1;12;2022;18:15;5;14;14366;2;2;1;3;Place de la République;49,1441400000;0,2248600000
202200044055;23;9;2022;07:50;1;82;82121;2;1;1;3;VOLTAIRE (RUE);44,0374400000;1,3632200000
202200044056;2;12;2022;04:05;3;14;14271;2;1;1;2;D562A;49,1473700000; -0,3729800000
202200044057;22;9;2022;08:25;1;80;80632;2;1;1;2;ROUEN (ROUTE DE);49,8751600000;2,2489100000
202200044058;1;12;2022;09:15;1;14;14118;2;3;5;1;Avenue Georges Clemenceau;49,1881230000; -0,3517440000
202200044059;22;9;2022;07:50;1;80;80021;2;1;1;3;PAUL CLAUDEL (AVENUE);49,8752000000;2,2778500000
202200044060;2;12;2022;17:30;1;13;13071;2;9;1;3;ROUTE NATIONALE 113 - VILLAGE;43,3968426942;5,3423589597
202200044061;19;9;2022;17:55;1;80;80021;2;1;1;6;LEO LAGRANGE (RUE);49,9103700000;2,3092500000
202200044062;4;7;2022;08:45;1;57;57672;2;2;1;5;MERLIN (AVENUE) - PAIR;49,3580000000;6,1560000000
202200044063;1;12;2022;09:50;1;13;13103;2;1;8;3;AVENUE BOREL -GEORGES;43,6404870380;5,0788881801
202200044064;21;9;2022;10:20;1;78;78311;2;1;1;4;HENRI BARBUSSE (BOULEVARD) 44-174;48,9284460000;2,1893240000
202200044065;1;12;2022;18:50;5;13;13212;2;1;1;3;MONTOLIVET (AVENUE DE);43,3154581389;5,4149762749
202200044066;2;7;2022;21:00;1;78;78354;2;1;1;6;RUE DES TILLEULS;48,9756610000;1,6912030000
202200044067;30;8;2022;05:50;3;78;78168;2;1;8;6;Route nationale 10;48,7508300000;1,9299200000
202200044068;1;12;2022;09:45;1;13;13209;2;3;1;1;REDON (BOULEVARD DU);43,2456779637;5,4260754157
202200044069;25;6;2022;10:20;1;30;30189;2;3;1;7;CITE FOULC (RUE);43,8317000000;4,3609000000
202200044070;2;5;2022;19:00;1;95;95018;2;1;1;6;Avenue du Chateau;48,9341428289;2,2318366170
202200044071;1;12;2022;17:25;5;13;13005;2;1;2;1;SALENGRO (AVENUE ROGER);43,2984153120;5,5691194773
202200044072;29;3;2022;15:45;1;62;62108;2;9;8;6;BOUTONS D'OR;50,4111950000;1,5736780000
202200044073;30;11;2022;16:55;2;12;12145;2;4;1;3;Avenue Jean Jaurès;44,1035500000;3,0798100000
202200044074;25;1;2022;16:55;1;62;62108;2;1;1;2;HUIT MAI;50,4100300000;1,5777500000
202200044075;2;12;2022;08:30;1;11;11069;2;1;1;6;PAVANETTO;43,2284100000;2,3313100000
202200044076;24;4;2022;16:25;1;71;71076;2;2;1;3;ARNAL (RUE RAYMOND);46,7930000000;4,8570000000
202200044077;30;11;2022;15:30;1;11;11069;2;6;7;7;LIMOUX - ROUTE DE-;43,2050500000;2,3332200000
202200044078;30;11;2022;13:30;1;11;11069;2;2;1;6;31 Avenue Bunau Varilla;43,2113420000;2,3421840000
202200044079;23;9;2022;19:45;2;71;71486;2;1;1;3;ANATOLE FRANCE (RUE);46,6633700000;4,3762700000
202200044080;23;9;2022;09:50;1;71;71270;2;1;1;6;JAURES (QUAI);46,3062324901;4,8364628839
202200044081;29;11;2022;18:45;4;11;11069;2;3;1;6;25 Place Joseph Poux;43,2095500000;2,3496200000
202200044082;28;4;2022;15:05;1;52;52448;2;1;1;7;BAR LE DUC (ROUTE DE);48,6482900000;4,9587800000
202200044083;2;12;2022;13:50;1;10;10387;2;2;8;3;GENERAL DE GAULLE (RUE DU);48,2968100000;4,0678700000
202200044084;23;9;2022;22:30;5;69;69266;2;3;3;3;Rue Léon Blum;45,7645700000;4,9190900000
202200044085;11;4;2022;16:40;1;33;33529;1;1;1;6;CAZAUX (BD DE);44,6120300000; -1,1341700000
202200044086;30;11;2022;13:42;1;10;10325;2;6;8;3;CHENE (RUE);48,2649672692;4,0411502123
202200044087;23;9;2022;20:15;4;69;69266;2;9;8;6;Boulevard Laurent Bonnevay;45,7875000000;4,8813600000
202200044088;11;7;2022;18:20;5;974;97411;2;9;1;6;RAMBAUD (LEOPOLD); -20,8857270000;55,4738490000
202200044089;2;12;2022;19:30;3;09;09122;1;1;9;7;PERMILHAC;43,0032230000;1,6132420000
202200044090;23;9;2022;18:20;1;69;69275;2;1;1;6;Rue des Ruffinières;45,7663400000;4,9727600000
202200044091;30;11;2022;09:42;1;06;06088;2;2;1;6;AUBER (AV.);43,7004100000;7,2613700000
202200044092;1;12;2022;13:20;1;06;06029;2;1;1;3;MIDI (BOULEVARD DU);43,5483000000;7,0099300000
202200044093;11;7;2022;17:15;1;973;97302;2;1;1;5;MONTABO (ROUTE DE) 2;4,9384000000; -52,2995900000
202200044094;29;11;2022;17:15;5;03;03101;2;1;9;6;Avenue de la Republique;46,3854100000;2,5536800000