Num_Acc;jour;mois;an;hrmn;lum;dep;com;agg;int;atm;col;adr;lat;long
202200044338;10;6;2022;10:55;1;976;97611;2;1;1;3;kaweni-Mangrove (route de la); -12,7758200000;45,2266200000
202200044339;21;2;2022;12:15;1;973;97302;1;6;3;7;CRIQUE FOUILLEE (ROND POINT);4,8971300000; -52,3287000000
202200044340;17;8;2022;14:50;1;974;97416;2;1;1;3;LIGNE PARADIS(ROUTE DE LA); -21,3047600000;55,4622700000
202200044341;9;7;2022;19:45;2;92;92004;2;1;1;3;DOCTEUR DERVAUX  ( QUAI DU );48,9069408940;2,2912934124
202200044342;11;6;2022;21:49;5;974;97411;2;2;1;3;HOARAU (RUE MARCEL); -20,9040000000;55,4918200000
202200044343;18;8;2022;17:55;1;973;97302;1;1;1;3;ROUTE NATIONALE 1;4,9033800000; -52,3242400000
202200044344;12;7;2022;05:45;3;988;98812;2;1;1;6;RT1 - KOUMAC; -20,5559740000;164,2784040000
202200044345;11;6;2022;05:00;5;973;97302;2;1;1;7;BADUEL (ROUTE DE);4,9383900000; -52,3170900000
202200044346;21;2;2022;00:10;5;973;97302;2;1;2;7;BADUEL (ROUTE DE);4,9291400000; -52,2965800000
202200044347;15;8;2022;18:32;1;2B;2B037;2;1;1;3;MARANA (ROUTE);42,6289000000;9,4670000000
202200044348;10;7;2022;18:40;1;42;42331;1;1;1;6;Route du Col du Bouchet;45,9695420000;3,9493330000
202200044349;10;6;2022;23:30;5;69;69386;2;2;1;3;Avenue Thiers;45,7637000000;4,8618500000
202200044350;18;8;2022;11:23;1;95;95428;2;3;1;6;Rue de Luxembourg;48,9845180103;2,3205855489
202200044351;21;2;2022;16:50;1;69;69388;2;2;2;3;Rue Saint Mathieu;45,7414461571;4,8686426602
202200044352;11;6;2022;10:00;1;69;69384;2;1;1;7;15 Cours d'Herbouville;45,7757300000;4,8392900000
202200044353;11;7;2022;18:00;1;52;52312;1;1;1;4;Autoroute A31 PK 109.400 direction DIJON;47,8831140000;5,2216710000
202200044354;10;6;2022;22:55;5;971;97101;1;1;2;6;GRAND CAMP(SECTION);16,2512915953; -61,5304327011
202200044355;17;2;2022;20:53;5;972;97213;1;2;1;3;BELEME (VOIE COMMUNAL N°7 DE);14,6434700000; -61,0105500000
202200044356;17;8;2022;18:30;1;78;78440;2;2;1;6;PIERRE LEFAUCHEUX (RUE);48,9838910000;1,9152780000
202200044357;12;7;2022;14:00;1;74;74152;1;1;1;7;Route des Gorges;45,9004510000;6,0378560000
202200044358;10;6;2022;19:23;1;90;90010;2;9;1;3;LUXEMBOURG (RUE DE);47,6347900000;6,8398700000
202200044359;20;2;2022;17:51;1;972;97209;1;1;1;6;AUTOROUTE (A1);14,6183500000; -61,0363000000
202200044360;20;2;2022;04:30;2;972;97209;2;1;2;6;ENTRAIDE (ROUTE DE L');14,6197800000; -61,0562400000
202200044361;12;7;2022;12:20;1;42;42253;2;1;1;2;332 Route de Roanne;46,0395220000;4,0118930000
202200044362;11;6;2022;16:55;1;86;86214;1;1;1;7;Avenue du Onze Novembre;46,5610860000;0,3407730000
202200044363;18;8;2022;15:15;1;77;77268;2;1;1;2;D93;48,8608200000;2,8094500000
202200044364;11;7;2022;04:50;3;34;34304;1;1;1;6;A75;43,7771068017;3,3310331548
202200044365;6;6;2022;13:15;1;83;83137;2;1;1;2;PICOT (AVE DU COLONEL);43,1274400000;5,9627900000
202200044366;21;2;2022;07:50;5;69;69384;2;2;3;6;Montée de la Boucle;45,7792817838;4,8411619663
202200044367;18;8;2022;11:45;1;76;76540;2;1;1;6;Rampe Saint Hilaire;49,4461200000;1,1081700000
202200044368;2;7;2022;20:16;1;62;62060;1;1;7;7;D118;50,2139590000;2,1475160000
202200044369;10;6;2022;20:00;1;83;83137;2;1;1;6;;43,1281800000;5,9064200000
202200044370;21;2;2022;11:15;1;2A;2A004;2;1;1;6;NAPOLEON COURS AVANT BEVERINI;41,9221999186;8,7373894829
202200044371;17;8;2022;19:50;1;76;76322;1;1;2;3;N338 - Sud 3;49,4046900000;1,0348800000
202200044372;11;6;2022;16:00;1;83;83069;1;1;1;7;PIERREFEU (ROUTE DE) RD 12;43,1481230000;6,1493730000
202200044373;17;8;2022;02:25;5;76;76447;2;4;1;6;FAUBOURG ASSIQUET;49,5469700000;0,1957500000
202200044374;2;7;2022;09:42;1;62;62113;1;1;1;5;D939;50,3489930000;2,5411680000
202200044375;21;2;2022;21:41;5;95;95277;2;1;2;2;RD 370;48,9823669577;2,4423658848
202200044376;11;7;2022;17:00;1;27;27613;1;1;1;7;A28;49,0999220000;0,5046460000
202200044377;11;6;2022;10:15;1;74;74305;1;3;1;3;JUVIGNY (ROUTE DE);46,2133000000;6,2682500000
202200044378;19;2;2022;11:23;1;91;91377;2;2;1;1;VOIE DE LA VALLEE DE LA BIEVRE;48,7374300000;2,2697400000
202200044379;11;7;2022;15:45;1;57;57540;2;1;1;1;Rue des Calvaires;48,7489117675;7,2508693586
202200044380;18;8;2022;10:30;1;76;76217;2;4;1;3;Avenue Leon Gambetta;49,9177000000;1,0742800000
202200044381;10;6;2022;17:40;1;72;72181;2;9;1;1;LAIGNE RUE DE N° IMP 229 A 385;47,9622000000;0,2093500000
202200044382;16;2;2022;15:52;1;91;91228;2;1;1;6;RUE D ANTIN;48,6362490000;2,4408300000
202200044383;12;7;2022;01:55;3;51;51621;1;1;1;7;D63;49,1986720000;4,8883470000
202200044384;18;8;2022;13:45;1;69;69266;2;4;1;3;Rue Anatole France;45,7669200000;4,8699100000
202200044385;10;6;2022;19:00;1;71;71153;2;2;1;3;1 Route de Saint-sernin;46,8127900000;4,4311800000
202200044386;18;8;2022;17:30;1;69;69092;2;1;2;7;Avenue Alfred Gap;46,0071800000;4,7117000000
202200044387;10;6;2022;18:10;1;71;71153;2;1;1;7;MONTVALTIN (Avenue);46,7985800000;4,4566900000
202200044388;12;7;2022;17:11;1;56;56145;1;3;1;1;Penhouet;48,0251620000; -2,3179860000
202200044389;20;2;2022;05:45;5;83;83137;2;3;9;3;BROSSET (BD GENERAL);43,1282200000;5,9059900000
202200044390;11;6;2022;22:00;5;69;69275;2;1;1;2;Avenue Jean Jaurès;45,7719900000;4,9771100000
202200044391;17;8;2022;17:00;1;69;69029;2;1;3;2;Avenue Maréchal de Lattre de Tassigny;45,7317011585;4,9178490044
202200044392;21;2;2022;09:30;1;83;83069;1;1;1;3;GIENS (ROUTE DE );43,0740800000;6,1486500000
202200044393;12;7;2022;12:20;1;74;74311;2;9;1;1;Route du Fer à Cheval;46,1457120000;6,3875570000
202200044394;11;6;2022;02:30;5;69;69290;2;1;1;6;Rue du Maconnais;45,6955065778;4,9216336012
202200044395;21;2;2022;07:45;1;83;83069;2;1;1;3;DE LATTRE DE TASSIGNY(BLD);43,1241800000;6,1481200000
202200044396;18;8;2022;00:30;5;67;67482;2;4;3;3;ROMAINS (ROUTE DES);48,5800100000;7,6971500000
202200044397;11;7;2022;19:24;1;80;80523;1;1;1;6;route départementale 42;49,9735820000;2,6510100000
202200044398;11;6;2022;19:10;1;69;69266;2;1;1;6;Rue Frédéric Mistral;45,7564958843;4,8763354111
202200044399;16;8;2022;06:05;2;67;67482;2;1;1;3;JEAN GIRAUDOUX (RUE);48,5872200000;7,7009300000
202200044400;21;2;2022;11:22;1;81;81004;2;2;1;3;STALINGRAD (PL);43,9220200000;2,1381400000
202200044401;11;7;2022;23:30;5;65;65460;2;1;1;7;235 Chemin Dit de Saint Aunis;43,3738490000;0,0550120000
202200044402;11;6;2022;18:25;1;69;69266;2;2;1;3;Rue Magenta;45,7696600000;4,8710600000
202200044403;11;7;2022;19:00;1;65;65284;1;1;1;7;pk 6 D921a;43,1823990000;0,0125740000
202200044404;14;8;2022;02:30;5;67;67482;2;3;1;3;SCHIRMECK (ROUTE DE);48,5655700000;7,7073600000
202200044405;18;2;2022;07:25;2;76;76351;2;2;1;3;PONTS (DES);49,5209483681;0,1245074719
202200044406;10;7;2022;15:30;1;11;11304;1;1;1;7;;42,8764850000;2,1575770000
202200044407;11;6;2022;12:10;1;64;64445;2;3;1;3;EGLISE SAINT-JOSEPH DE L';43,3063000000; -0,3748700000
202200044408;21;2;2022;13:20;1;74;74133;2;1;2;2;INDUSTRIE (RUE DE L');46,1848900000;6,2168800000
202200044409;13;8;2022;18:00;1;67;67482;2;1;1;3;LOUIS LOUCHEUR (RUE);48,5495800000;7,7580000000
202200044410;12;7;2022;11:58;1;71;71523;2;1;1;7;6 Hameau les Duchamps;46,7056420000;5,1885560000
202200044411;12;6;2022;23:00;5;64;64122;2;1;1;7;MARECHAL JUIN (RUE DU);43,4718059491; -1,5408955514
202200044412;21;2;2022;04:30;5;74;74012;2;1;2;6;ETREMBIERES (ROUTE D');46,1857900000;6,2306000000
202200044413;12;7;2022;10:13;1;46;46092;1;1;7;6;D8;44,4450870000;1,5885040000
202200044414;13;8;2022;04:55;5;67;67482;2;1;1;6;RHIN (AVENUE DU);48,5706000000;7,7758200000
202200044415;11;6;2022;14:30;1;59;59352;2;2;1;3;PAUL (RUE SAINT VINCENT DE);50,7415927397;3,0799108744
202200044416;9;7;2022;15:15;1;41;41239;2;4;1;7;Quai des Cochards;47,2662530000;1,3823090000
202200044417;21;2;2022;15:10;1;69;69266;2;3;2;6;Rue du 8 Mai 1945;45,7801300000;4,8916200000
202200044418;16;8;2022;17:36;1;66;66136;2;9;1;6;;42,6797800000;2,8901800000
202200044419;11;6;2022;02:00;5;56;56260;2;1;1;2;16 Avenue du 4 Aout 1944;47,6705400000; -2,7571600000
202200044420;20;2;2022;17:34;1;67;67482;2;1;1;1;DANUBE (PONT DU);48,5740100000;7,7712600000
202200044421;11;7;2022;20:00;1;34;34317;1;2;1;2;D25;43,8036643094;3,4577778901
202200044422;11;6;2022;14:00;1;56;56083;2;1;1;3;BRUANT ( AV. ARISTIDE );47,8010900000; -3,2599770000
202200044423;16;8;2022;15:00;1;66;66136;2;3;1;1;;42,6945500000;2,9016910000
202200044424;11;7;2022;16:09;1;22;22079;1;1;1;7;La Haute Braize;48,4004420000; -2,7235790000
202200044425;19;2;2022;19:09;5;67;67447;2;1;1;6;ERSTEIN (RUE D );48,6110400000;7,7377900000
202200044426;10;6;2022;22:05;3;56;56121;2;2;1;3;10 Rue Olivier de Clisson;47,7505200000; -3,3629900000
202200044427;11;7;2022;14:30;1;39;39285;1;2;1;3;RD673;47,1463340000;5,6293990000
202200044428;18;8;2022;16:45;1;64;64545;2;1;2;4;RD810;43,3619046758; -1,7084887512
202200044429;18;2;2022;21:20;5;67;67447;2;3;1;3;GENERAL DE GAULLE (ROUTE DU);48,6066100000;7,7363200000
202200044430;11;7;2022;17:45;1;34;34192;2;1;7;6;D986;43,5321530000;3,9197630000
202200044431;11;6;2022;22:20;2;54;54395;2;6;1;1;MOLITOR (RUE);48,6860650517;6,1919894814
202200044432;18;2;2022;18:20;5;67;67482;2;1;2;3;RHIN (AVENUE DU);48,5729200000;7,7590700000
202200044433;17;8;2022;17:57;1;64;64102;2;1;1;4;HENRI DE NAVARRE (AVENUE);43,5095600000; -1,4437000000
202200044434;12;7;2022;13:00;1;15;15265;1;1;1;1;Le Réjeat;45,3421090000;2,4526120000
202200044435;11;6;2022;16:00;1;54;54526;2;1;1;6;FRATERNITE (RUE DE LA);48,6944069842;6,2149532139
202200044436;18;2;2022;22:44;5;66;66136;2;1;1;6;Départementale  617;42,7007200000;2,9358100000
202200044437;11;7;2022;16:05;1;06;06153;1;1;1;7;RM2665;44,0648900000;7,1446460000
202200044438;11;6;2022;13:29;1;54;54254;1;1;1;6;52 (ROUTE NATIONALE);49,4921600000;5,8112500000
202200044439;18;8;2022;11:15;1;60;60057;2;2;1;3;Rue de Rouen;49,4340600000;2,0519700000
202200044440;21;2;2022;16:30;1;64;64335;2;3;1;3;8 Chemin de Benéharnum;43,3305800000; -0,4352000000
202200044441;12;7;2022;08:25;1;06;06032;2;1;1;6;77 Avenue du Trois Septembre;43,7229930000;7,3977140000
202200044442;9;6;2022;18:43;1;50;50502;2;6;1;1;HOWIE (place du Major);49,1154800000; -1,0830200000
202200044443;18;8;2022;15:30;1;59;59163;2;3;1;6;JAURES (RUE JEAN);50,6776300000;3,1539100000
202200044444;20;2;2022;23:20;5;64;64348;2;1;1;6;Rue du Hameau du Luy;43,3297100000; -0,3996300000
202200044445;10;7;2022;07:45;1;14;14654;2;1;1;6;Place du Marche;49,0175990000; -0,0324370000
202200044446;11;6;2022;09:45;1;41;41018;2;1;1;3;PAPIN (RUE DENIS);47,5869800000;1,3345500000
202200044447;16;8;2022;18:40;1;56;56083;2;6;1;2;Avenue Georges Pompidou;47,7999000000; -3,2606700000
202200044448;21;2;2022;09:10;1;59;59599;2;1;1;2;GUERRE (RUE FIN DE LA);50,7293700000;3,1438700000
202200044449;11;6;2022;17:43;1;35;35238;2;1;1;6;Rue d'Echange;48,1148200000; -1,6815900000
202200044450;12;7;2022;10:30;1;05;05156;1;3;1;3;Impasse du Pied de Chanchore;44,5415909741;6,4976057410
202200044451;14;2;2022;16:30;1;58;58194;2;1;1;7;PREFECTURE;46,9934800000;3,1635900000
202200044452;12;8;2022;13:55;1;50;50129;2;1;1;3;MILLET (AVENUE JEAN-FRANCOIS);49,6336300000; -1,6200500000
202200044453;11;7;2022;19:20;1;05;05054;2;1;1;3;RN 85 - route de gap  hameau les barraques;44,6738410000;6,0734250000
202200044454;11;6;2022;10:00;1;33;33281;2;6;1;3;Avenue du Maréchal Leclerc;44,8370300000; -0,6470000000
202200044455;18;8;2022;15:05;1;45;45285;2;2;1;6;Avenue Pierre Mendès France;47,9043420000;1,8654520000
202200044456;11;6;2022;07:00;2;33;33550;2;1;1;6;Route de Toulouse;44,8034000000; -0,5716900000
202200044457;19;2;2022;12:30;1;56;56162;2;6;8;3;D 162;47,7411880000; -3,4060120000
202200044458;17;8;2022;17:10;1;44;44184;2;3;1;1;Route du Bois Joalland;47,2804100000; -2,2588500000
202200044459;11;7;2022;14:15;1;83;83028;1;2;1;3;RD 562 et RD 25;43,5729680000;6,5615200000
202200044460;21;2;2022;16:50;1;51;51454;2;1;2;2;Boulevard du Docteur Roux;49,2321726133;4,0212063011
202200044461;12;6;2022;00:10;5;33;33529;2;1;1;3;TRAMONTANE (AVE DE LA);44,6259717537; -1,2007740140
202200044462;19;8;2022;00:45;5;44;44162;2;1;1;6;18 Rue de Saint Nazaire;47,2112600000; -1,6117800000
202200044463;11;7;2022;14:25;1;60;60030;1;1;1;6;RD 927;49,3560760000;2,0988180000
202200044464;21;2;2022;09:10;1;51;51454;2;3;1;3;Rue du Général Koenig;49,2257062546;4,0205258225
202200044465;26;4;2022;18:20;1;31;31483;2;6;7;3;BOULOGNE (AVENUE DE);43,1128700000;0,7209700000
202200044466;18;8;2022;13:10;1;43;43157;2;2;1;3;Rue Jules Romains;45,0317000000;3,8826100000
202200044467;8;7;2022;13:00;1;60;60333;2;3;1;1;Place Auguste Delaherche;49,4493610000;1,9022600000
202200044468;11;6;2022;12:34;1;17;17028;2;1;1;7;GALILEE   RUE;46,1310800000; -1,0965800000
202200044469;21;2;2022;07:50;1;51;51230;2;2;1;7;Rue Godart Roger;49,0367046108;3,9641639718
202200044470;10;7;2022;09:59;1;45;45008;2;1;1;6;2 Place de l'Hôtel de Ville;48,0816590000;1,8782380000
202200044471;12;8;2022;09:45;1;35;35115;2;6;1;3;GAULLE (AVENUE DU GENERAL DE);48,3525600000; -1,1996200000
202200044472;11;6;2022;12:42;1;13;13213;2;1;1;3;SAINT JEROME (AVENUE DE);43,3295000000;5,4189900000
202200044473;19;2;2022;17:30;1;50;50129;2;1;2;6;Les Rouges Terres;49,6234600000; -1,6131900000
202200044474;18;8;2022;02:50;3;33;33529;2;1;2;3;LIGNON (BD LOUIS);44,6334500000; -1,1803100000
202200044475;11;6;2022;13:25;1;11;11069;2;1;1;3;RD 6161 - Rocade Ouest;43,2252600000;2,3294400000
202200044476;19;2;2022;12:40;1;50;50129;2;1;1;3;BECQUEREL (RUE);49,6288700000; -1,6402600000
202200044477;17;8;2022;15:50;1;29;29232;2;1;1;7;Avenue de Gourvily;48,0153900000; -4,0847700000
202200044478;11;6;2022;19:20;1;10;10325;2;6;1;3;LIBERTE (RUE DE LA );48,2594574803;4,0616342425
202200044479;12;7;2022;10:20;1;27;27198;2;1;1;6;Route de Chambray;48,8446950000;1,0020570000
202200044480;20;2;2022;20:25;5;49;49007;2;1;1;3;ANJOU;47,4656900000; -0,5560000000
202200044481;11;6;2022;19:20;1;06;06069;2;1;1;3;CLEMENCEAU (BOULEVARD GEORGES);43,6603700000;6,9186200000
202200044482;11;7;2022;13:40;1;87;87089;1;1;1;7;sivernon;46,2135160000;1,1459260000
202200044483;11;6;2022;06:45;1;06;06123;2;1;1;6;CURIE PIERRE ET MARIE AVENUE;43,6886830000;7,1864620000
202200044484;18;8;2022;05:30;5;29;29019;2;3;1;6;rue Faraday;48,3769435000; -4,5126317739
202200044485;20;2;2022;13:09;1;49;49007;2;3;1;3;CARNOT;47,4753400000; -0,5485800000
202200044486;11;7;2022;14:40;1;08;08289;1;1;1;7;Route Dépatementale D19;49,6801740000;5,1549810000
202200044487;11;6;2022;20:20;1;06;06004;2;1;1;3;CHATAIGNIERS AV.DU;43,5809100000;7,1129820000
202200044488;15;2;2022;08:15;1;47;47323;2;1;1;6;FUMEL(AVENUE DE );44,4077817394;0,7199571415
202200044489;11;7;2022;22:00;2;06;06018;1;1;1;7;Route des Lucioles;43,6170900000;7,0595660000
202200044490;10;6;2022;17:18;1;01;01053;2;1;1;6;CASSIN ( RUE RENE);46,2069600000;5,2263800000
202200044491;14;8;2022;21:25;2;18;18279;2;4;1;1;62 Rue du Bas de Grange;47,2253000000;2,0488000000
202200044492;21;2;2022;15:12;1;45;45302;1;1;1;2;D2060 PR 98 + 100;47,9445450000;1,9046150000
202200044493;12;7;2022;13:30;1;78;78010;1;1;1;1;D198;48,9049570000;1,9224570000
202200044494;10;6;2022;16:50;1;01;01053;2;1;1;1;Avenue Paul Barberot;46,2076600000;5,2302300000
202200044495;21;2;2022;20:40;5;37;37261;2;1;1;3;LOUIS XI (BOULEVARD);47,3750919402;0,6682375073
202200044496;10;7;2022;19:40;3;987;98747;1;1;2;1;Pueu RT 3 PK 6.300; -17,7426370000; -149,2188840000
202200044497;10;6;2022;19:05;1;75;75115;2;1;1;7;PORT DE JAVEL BAS;48,8426860000;2,2730940000
202200044498;12;7;2022;03:45;3;988;98826;1;1;1;7;Golone; -20,2854650000;164,0939430000
202200044499;18;8;2022;14:53;1;17;17306;2;1;1;3;BAILLET (BD COLONEL ROBERT);45,6320500000; -1,0333200000
202200044500;21;2;2022;09:46;1;37;37214;2;6;1;6;DE GAULLE (BD CHARLES);47,4197196848;0,6625431776
202200044501;11;7;2022;15:00;1;988;98817;2;1;3;7;ROUTE DE MOUIRANGE - RPS3; -22,2251010000;166,6347670000
202200044502;11;6;2022;16:55;1;75;75105;2;2;1;3;RUE GEOFFROY SAINT HILAIRE;48,8397040000;2,3566040000
202200044503;20;2;2022;07:00;2;34;34108;2;9;6;7;Avenue des Etangs;43,4514000000;3,8029300000
202200044504;11;7;2022;18:50;1;77;77153;1;1;1;6;nationale 2;49,0546610000;2,6994180000
202200044505;11;6;2022;02:10;5;75;75120;2;2;1;3;RUE DES PYRENEES;48,8699660000;2,3944920000
202200044506;21;2;2022;13:10;1;30;30007;2;1;1;2;Avenue Vincent d’Indy;44,1346700000;4,0945000000
202200044507;18;8;2022;02:54;5;15;15014;2;1;1;3;PONETIE (RUE DE LA);44,9086000000;2,4454600000
202200044508;10;7;2022;07:00;1;77;77486;1;1;1;7;Route nationale 4;48,6848980000;3,0590490000
202200044509;11;6;2022;20:00;1;75;75119;2;2;1;3;RUE DES CHAUFOURNIERS;48,8778330000;2,3740980000
202200044510;10;7;2022;15:45;1;11;11285;1;1;1;6;D6009;43,1076100000;2,9471680000
202200044511;17;8;2022;14:40;1;15;15014;2;1;1;3;Avenue des Volontaires;44,9136790000;2,4411070000
202200044512;21;2;2022;08:40;1;17;17300;2;1;1;1;JUSTICES  RUE DU MOULIN DES;46,1745800000; -1,1300400000
202200044513;11;6;2022;09:45;1;75;75119;2;1;1;3;BOULEVARD DE LA VILLETTE;48,8797370000;2,3704440000
202200044514;9;7;2022;15:15;1;83;83065;1;1;1;3;Route Départementale 559;43,2530560000;6,5741050000
202200044515;17;2;2022;16:20;1;13;13117;2;1;1;6;BEL AIR (RUE);43,4250700000;5,2702700000
202200044516;10;6;2022;03:35;5;75;75119;2;7;1;3;BOULEVARD DE LA VILLETTE;48,8784920000;2,3704170000
202200044517;19;8;2022;00:25;3;14;14167;2;2;1;3;Rue de la Cité Libérée;49,2054180000; -0,2946310000
202200044518;18;2;2022;18:20;1;13;13077;1;1;1;2;RN 568;43,4134700000;4,9984300000
202200044519;12;7;2022;08:30;1;13;13066;1;4;1;3;D30 / D30A;43,8210900000;4,8807510000
202200044520;11;6;2022;19:05;2;75;75118;2;3;1;6;RUE FRANCIS DE CROISSET;48,8994940000;2,3455700000
202200044521;18;8;2022;16:20;1;13;13117;2;1;1;1;CHEMIN DEPARTEMENTAL CD 20;43,4503800000;5,2308800000
202200044522;19;2;2022;20:00;5;11;11262;1;1;1;6;RD 6009 NARBONNE - BEZIERS;43,1860300000;2,9717800000
202200044523;11;7;2022;17:58;1;13;13041;1;9;7;5;Route Departemental 46a;43,4534290000;5,4927620000
202200044524;11;6;2022;11:35;1;75;75118;2;1;1;3;BOULEVARD NEY;48,8982870000;2,3484410000
202200044525;21;2;2022;05:55;5;06;06069;2;1;1;6;GRAND CHENE (CHEMIN DU);43,6368500000;6,9276600000
202200044526;18;8;2022;19:30;2;13;13214;2;9;1;3;PLOMBIERES (BOULEVARD DES);43,3164600000;5,3833700000
202200044527;11;7;2022;21:00;1;88;88101;2;1;1;6;21 Grande Rue;48,1400390000;6,6020800000
202200044528;31;3;2022;15:56;1;05;05061;2;1;1;6;COMMANDANT DUMONT ( AVENUE);44,5624800000;6,0839500000
202200044529;17;8;2022;16:40;1;13;13214;2;1;1;2;FRÉDÉRIC SAUVAGE (BOULEVARD);43,3339255021;5,3702499965
202200044530;11;6;2022;17:40;1;75;75116;2;2;1;2;AVENUE EDOUARD VAILLANT;48,8383890000;2,2541420000
202200044531;2;4;2022;09:35;1;988;98818;2;3;1;6;ROUTE DE L'ANSE-VATA/RUE MARCELLIN LACABANNE; -22,2936000000;166,4462500000
202200044532;21;2;2022;21:14;5;03;03185;2;2;8;3;GUESDE ( AVENUE JULES );46,3421500000;2,5893100000
202200044533;11;7;2022;22:45;3;74;74032;1;3;1;2;D26;46,2729100000;6,5451590000
202200044534;1;4;2022;08:25;1;974;97416;1;1;1;3;CD 26; -21,2984000000;55,4380800000
202200044535;18;8;2022;09:35;1;11;11262;2;1;1;1;RD 6009 NARBONNE - BEZIERS;43,1945800000;3,0282200000
202200044536;11;6;2022;10:58;1;75;75117;2;7;1;6;PLACE DU DOCTEUR FELIX LOBLIGEOIS;48,8871220000;2,3176830000
202200044537;21;2;2022;11:30;1;01;01289;1;1;2;7;Avenue de la Dombes;46,1799000000;5,1948000000
202200044538;3;7;2022;13:10;1;73;73099;1;1;1;3;D925 - Route du Lac;45,4500260000;6,0980720000
202200044539;1;4;2022;11:15;1;974;97411;2;1;1;3;LECLERC (DU MARECHAL); -20,8827200000;55,4621700000
202200044540;10;6;2022;13:10;1;75;75117;2;3;1;3;AVENUE DE LA PORTE D ASNIERES;48,8906320000;2,3031290000
202200044541;21;2;2022;08:40;1;75;75115;2;1;1;3;PORTE DE SEVRES;48,8309540000;2,2840240000
202200044542;11;7;2022;18:25;1;31;31433;2;1;1;3;999 Route de Seysses;43,5388660000;1,3711880000
202200044543;1;4;2022;19:15;3;974;97409;2;1;3;3;RN2 SENS STE SUZANNE ST BENOIT; -20,9459000000;55,6512800000
202200044544;20;2;2022;04:15;5;75;75115;2;1;1;2;PORTE DE SEVRES;48,8333170000;2,2782160000
202200044545;10;7;2022;15:02;1;17;17199;1;2;1;4;Avenue de la Double Saintonge;45,2842930000; -0,3357700000
202200044546;1;4;2022;13:30;1;973;97302;2;2;2;3;CESAIRE (CITE);4,9306124751; -52,3242203146
202200044547;9;6;2022;11:10;1;75;75117;2;2;1;5;RUE FRUCTIDOR;48,9009370000;2,3272620000
202200044548;16;8;2022;13:30;1;75;75112;2;4;1;4;PORTE DE VINCENNES;48,8443480000;2,4138880000
202200044549;10;7;2022;22:45;3;33;33492;2;1;1;6;22 Route du Pas de Meric;45,1524110000; -0,4128720000
202200044550;21;2;2022;19:50;5;75;75106;2;2;2;3;RUE BONAPARTE;48,8526470000;2,3331640000
202200044551;1;4;2022;09:20;1;973;97302;2;1;2;7;ZEPHIR (ROCADE);4,9414900000; -52,3043400000
202200044552;18;8;2022;16:45;1;75;75120;2;3;1;6;RUE DU CLOS;48,8562920000;2,4057770000
202200044553;12;7;2022;08:50;1;76;76558;2;1;1;1;17 Rue de l'Eglise;49,3664540000;1,1583710000
202200044554;11;6;2022;01:10;5;75;75116;2;2;1;3;AVENUE DU PRESIDENT WILSON;48,8649520000;2,2990610000
202200044555;1;4;2022;07:15;2;69;69387;2;1;3;3;Avenue Berthelot;45,7424803599;4,8503780365
202200044556;18;8;2022;10:00;1;75;75116;2;1;1;6;RUE DE LA POMPE;48,8603510000;2,2750150000
202200044557;21;2;2022;16:35;1;75;75106;2;2;2;3;RUE DE RENNES;48,8480910000;2,3279240000
202200044558;11;7;2022;10:45;1;59;59078;1;1;1;2;RD 962;50,1604700000;3,9954080000
202200044559;10;6;2022;13:00;1;75;75116;2;1;1;2;AVENUE DU PRESIDENT WILSON;48,8649980000;2,2967420000
202200044560;1;4;2022;07:30;1;972;97209;1;1;1;3;GODISSARD (BOULEVARD);14,6314000000; -61,0698300000
202200044561;18;8;2022;15:30;1;75;75114;2;3;1;6;AVENUE DU MAINE;48,8394510000;2,3222500000
202200044562;20;2;2022;23:10;5;75;75105;2;2;2;3;BOULEVARD DE L HOPITAL;48,8399750000;2,3617587984
202200044563;9;6;2022;12:19;1;75;75116;2;5;1;3;AVENUE KLEBER;48,8650350000;2,2887180000
202200044564;1;4;2022;21:00;5;2B;2B033;2;3;2;1;FRANCOIS VITTORI;42,6801500000;9,4393600000
202200044565;21;2;2022;14:50;1;75;75120;2;1;8;7;AVENUE GAMBETTA;48,8724790000;2,4047050000
202200044566;4;6;2022;18:37;1;69;69199;1;1;1;4;Autoroute 7;45,6845278074;4,8471030593
202200044567;18;8;2022;12:15;1;75;75113;2;2;1;6;AVENUE D IVRY;48,8249540000;2,3624400000
202200044568;1;4;2022;14:55;1;2B;2B033;2;1;1;7;FANGO - AVENUE DU;42,7031300000;9,4452300000
202200044569;11;6;2022;11:20;1;75;75115;2;7;1;7;RUE CAMBRONNE;48,8476380000;2,3016430000
202200044570;10;7;2022;21:56;2;54;54357;1;1;1;6;Autoroute A 31;48,7063500000;6,1393700000
202200044571;28;10;2022;17:20;1;75;75117;2;3;1;2;RUE DES ACACIAS;48,8768740000;2,2916560000
202200044572;18;8;2022;06:00;2;75;75112;2;2;8;1;ROUTE DE LA FERME;48,8237790000;2,4576570000
202200044573;21;2;2022;15:08;1;75;75119;2;3;8;3;BOULEVARD MACDONALD;48,8988550000;2,3781220000
202200044574;11;6;2022;00:15;5;75;75113;2;3;1;2;AVENUE D ITALIE;48,8283310000;2,3566200000
202200044575;1;4;2022;15:50;1;971;97107;2;2;1;2;REPUBLIQUE ( RUE DE LA );16,0476600000; -61,5639600000
202200044576;27;10;2022;10:20;1;75;75116;2;1;1;3;AVENUE GEORGES MANDEL;48,8639610000;2,2788600000
202200044577;11;7;2022;13:25;1;91;91689;1;1;1;5;AUTOROUTE A6;48,7263700000;2,3134200000