Num_Acc;jour;mois;an;hrmn;lum;dep;com;agg;int;atm;col;adr;lat;long
202200045310;12;5;2022;09:05;1;93;93006;2;1;7;6;Rue de l’Épine;48,8636300000;2,4253100000
202200045311;31;3;2022;15:00;1;59;59646;2;2;1;6;FLANDRE (AVENUE DE);50,6640150000;3,1302160000
202200045312;27;10;2022;17:15;1;94;94028;2;1;1;6;FRANCE LIBRE(AVENUE DE LA);48,7783300000;2,4551900000
202200045313;31;3;2022;04:20;5;59;59512;2;2;1;3;INKERMANN (RUE D');50,6875379336;3,1667546108
202200045314;31;3;2022;16:30;1;59;59350;2;1;1;6;ARRAS RUE D;50,6178383271;3,0635864138
202200045315;11;5;2022;17:41;1;93;93029;2;3;1;3;Rue Auguste Blanqui / Rue Edouard Liévin;48,9195730000;2,4597410000
202200045316;27;10;2022;15:51;1;92;92049;2;1;1;6;GINOUX AV. HENRI N°1 A 95 ET 2 A 104;48,8141800000;2,3203200000
202200045317;29;3;2022;17:50;1;59;59574;1;2;1;3;SALENGRO ROGER(RUE);50,3796400000;3,2837400000
202200045318;12;5;2022;10:40;1;93;93027;2;5;9;3;Avenue Roger Salengro / Rue de la Convention;48,9295700000;2,3859600000
202200045319;26;10;2022;22:48;5;75;75113;2;4;1;3;BOULEVARD SAINT MARCEL;48,8378520000;2,3553110000
202200045320;31;3;2022;14:30;1;54;54575;1;1;2;1;D26B;49,4779600000;5,8564400000
202200045321;12;5;2022;17:20;1;93;93008;2;1;1;3;Avenue Paul Vaillant - Couturier;48,9083902240;2,4516718090
202200045322;31;3;2022;09:50;1;51;51454;2;1;1;6;Allée des Provençeaux;49,2313800000;4,0072300000
202200045323;27;10;2022;07:20;5;75;75119;2;3;1;6;RUE EDOUARD PAILLERON;48,8805000000;2,3765360000
202200045324;14;4;2022;12:50;1;92;92078;1;1;1;2;VERDUN (AVENUE) (IMPAIRS 1 A 25);48,9355330000;2,3342200000
202200045325;31;3;2022;16:30;1;50;50218;2;1;1;3;AMERIQUES (BOULEVARD);48,8309000000; -1,5750900000
202200045326;10;5;2022;18:25;1;92;92078;2;9;1;3;MARECHAL LECLERC (AVENUE) (PAIRS);48,9390330000;2,3239790000
202200045327;27;10;2022;16:45;1;75;75118;2;3;1;3;RUE DE LA CHAPELLE;48,8920230000;2,3598380000
202200045328;29;3;2022;11:05;1;50;50129;2;1;2;4;BROSSOLETTE (RUE PIERRE);49,6334400000; -1,5920900000
202200045329;12;5;2022;13:50;1;92;92022;2;1;1;3;SALENGRO (AVENUE ROGER);48,8140500000;2,1926400000
202200045330;30;3;2022;17:50;1;49;49007;2;1;1;2;NID DE  PIE;47,4714800000; -0,6020400000
202200045331;12;5;2022;09:25;1;92;92062;2;9;1;3;DE DION BOUTON (QUAI) DU 29 AU 65;48,8809400000;2,2453680000
202200045332;27;10;2022;08:50;1;75;75109;2;3;1;6;BOULEVARD DE CLICHY;48,8846710000;2,3294110000
202200045333;12;5;2022;11:40;1;92;92048;2;1;1;1;TRONCHET (ROUTE DU);48,7931192599;2,2209602594
202200045334;26;10;2022;14:30;1;75;75114;2;7;1;3;PLACE DENFERT ROCHEREAU;48,8341200000;2,3333170000
202200045335;12;5;2022;17:45;1;92;92044;2;1;1;6;LORRAINE (RUE DE);48,8926584200;2,2959411442
202200045336;12;5;2022;09:20;1;92;92035;2;1;1;3;Général de Gaulle  ( avenue du );48,9098100000;2,2550300000
202200045337;25;10;2022;14:05;1;75;75112;2;2;1;3;BOULEVARD PONIATOWSKI;48,8333440000;2,4022730000
202200045338;31;3;2022;10:00;1;38;38151;2;3;8;3;AVENUE VICTOR HUGO;45,1545400000;5,7122100000
202200045339;12;5;2022;19:40;1;92;92062;1;1;1;7;CIRCULAIRE (BOULEVARD);48,8944404697;2,2397126555
202200045340;26;10;2022;22:13;5;75;75108;2;2;1;7;RUE DE COURCELLES;48,8791470000;2,3031300000
202200045341;12;5;2022;09:00;1;92;92026;2;1;1;2;GEORGES CLEMENCEAU;48,9029914141;2,2709158659
202200045342;11;5;2022;19:50;1;92;92025;2;2;1;1;MARCEAU (BD);48,9302689663;2,2616859823
202200045343;26;10;2022;01:29;5;75;75108;2;1;1;4;AVENUE DE MARIGNY;48,8685820000;2,3144260000
202200045344;10;5;2022;06:00;2;92;92025;2;1;1;6;STALINGRAD (AV DE);48,9312970000;2,2670040000
202200045345;27;10;2022;02:30;5;75;75104;2;3;1;6;RUE BEAUBOURG;48,8603240000;2,3530100000
202200045346;12;5;2022;12:40;1;92;92024;2;2;7;3;VICTOR HUGO (BD);48,8999117791;2,3144666254
202200045347;26;10;2022;13:50;1;75;75103;2;3;1;6;RUE DES FILLES DU CALVAIRE;48,8630750000;2,3667460000
202200045348;12;5;2022;13:00;1;92;92023;2;1;1;6;VICTOR HUGO (AVENUE);48,8023137196;2,2660034001
202200045349;26;10;2022;08:10;1;75;75104;2;2;1;3;RUE DES ARCHIVES;48,8593630000;2,3561420000
202200045350;12;5;2022;12:00;1;92;92032;2;4;1;7;DOLIVET J ET M (AVENUE);48,7920560094;2,2897998244
202200045351;27;10;2022;11:27;1;94;94080;2;1;1;2;PARIS (AV DE);48,8452800000;2,4330300000
202200045352;12;5;2022;13:05;1;92;92007;2;3;1;1;BLANCHARD (RUE);48,7959164740;2,2937978581
202200045353;27;10;2022;19:15;5;94;94046;2;1;1;3;GENERAL LECLERC (AV DU);48,8122900000;2,4287900000
202200045354;12;5;2022;14:20;1;92;92002;2;1;1;2;ARMAND GUILLEBAUD (AVENUE);48,7452367100;2,3151646703
202200045355;27;10;2022;10:50;1;94;94019;2;6;1;3;Route de la Libération / Avenue Maurice Thorez;48,8057000000;2,5335000000
202200045356;12;5;2022;09:40;1;92;92002;2;1;1;3;DIVISION LECLERC (1 A 29 -2 A 34);48,7519844440;2,3045203239
202200045357;13;5;2022;06:20;2;39;39372;1;1;1;1;;46,7809900000;6,0144500000
202200045358;26;10;2022;08:20;1;94;94055;2;2;1;3;Avenue Olivier d'Ormesson / Rue du Maréchal Galliéni;48,7815000000;2,5305000000
202200045359;13;5;2022;10:20;1;37;37074;2;1;1;6;13 Rue de la Perruche;47,2390716232;0,1277858019
202200045360;27;10;2022;17:50;2;93;93070;2;1;1;2;Avenue Gabriel Péri;48,9072516668;2,3322548335
202200045361;12;5;2022;22:50;5;02;02504;2;1;1;6;avenue de la victoire;49,7394580000;3,2517920000
202200045362;11;5;2022;19:45;1;31;31035;1;1;1;6;Route de Mervilla;43,5153620000;1,4791100000
202200045363;26;10;2022;21:00;5;93;93048;2;2;1;3;Rue Francois Arago / Rue du Colonel Delorme;48,8541400000;2,4277100000
202200045364;12;5;2022;15:25;1;28;28018;1;1;1;2;autoroute A11 - PK 110.600;48,2100390000;0,9322390000
202200045365;26;10;2022;05:58;5;93;93006;2;1;1;3;Avenue Raspail;48,8745018910;2,4315522078
202200045366;29;4;2022;23:30;3;84;84062;1;1;1;5;D24;43,8995200000;5,1062820000
202200045367;25;10;2022;08:30;1;93;93029;2;1;1;3;Avenue Henri Barbusse;48,9170901993;2,4456202846
202200045368;12;5;2022;18:50;2;50;50357;1;1;7;7;Le Besnard;48,8802610000; -1,0793850000
202200045369;12;5;2022;18:30;2;62;62779;1;2;1;3;D1;50,1094670000;2,4416660000
202200045370;13;5;2022;08:40;1;83;83021;1;4;1;6;D28;43,4709231986;5,9568214417
202200045371;12;5;2022;15:15;1;59;59601;2;1;1;3;Chemin Vert;50,0590815108;4,0925882847
202200045372;12;5;2022;17:30;1;19;19135;1;1;2;1;RD 982;45,5059619222;2,3076095581
202200045373;13;5;2022;07:41;1;65;65138;2;1;1;7;Route de Pierrefitte;42,8985070000; -0,1108100000
202200045374;13;5;2022;16:00;1;71;71018;1;1;1;6;La Commagne RD 971;46,6061200000;5,1033000000
202200045375;12;5;2022;22:40;3;71;71591;2;6;3;6;D906;46,4435790000;4,8835460000
202200045376;12;5;2022;00:00;3;61;61405;2;1;1;7;La Massuette;48,2977090000;0,7539100000
202200045377;13;5;2022;07:35;1;61;61476;2;3;1;3;le bourg;48,3689410000;0,3952990000
202200045378;13;5;2022;12:40;1;34;34086;1;3;1;1;D612;43,4796430000;2,6803210000
202200045379;13;5;2022;07:00;1;29;29229;1;1;1;6;Lieu dit Moulin de Pont de Lez;48,1252670000; -4,1289280000
202200045380;10;5;2022;18:35;1;38;38140;2;1;1;3;Avenue de l Abbaye;45,2763590000;5,8739130000
202200045381;30;4;2022;22:15;5;01;01096;1;2;1;3;Route de Bourg En Bresse;46,1778540000;5,0731300000
202200045382;13;5;2022;04:00;3;72;72221;2;1;1;6;7 Rue Pierre de Ronsard;47,6685460000;0,3962810000
202200045383;11;5;2022;03:20;3;72;72096;1;1;1;6;La Belle Etoile;48,0225800000;0,0365600000
202200045384;11;5;2022;17:15;1;72;72130;1;9;1;3;La Maison Neuve;48,0044110000;0,0781430000
202200045385;12;5;2022;22:45;3;60;60465;1;1;1;6;D1001;49,5458460000;2,2032310000
202200045386;13;5;2022;17:45;1;60;60264;1;3;1;2;RD927 pk 23+745;49,3803890000;2,1025300000
202200045387;13;5;2022;07:15;1;45;45053;1;1;1;1;D2007 PR 62 + 900;47,6205200000;2,7602930000
202200045388;13;5;2022;08:30;1;43;43030;1;1;1;7;D13;45,1047734866;3,8463735580
202200045389;13;5;2022;17:00;1;04;04160;1;1;1;1;RD 14;43,8752520000;5,6711660000
202200045390;18;3;2022;18:50;2;27;27090;1;2;1;3;RD 313;49,2962830000;0,9356190000
202200045391;13;5;2022;15:30;1;87;87117;1;1;1;7;D222;45,7966060000;1,8415730000
202200045392;11;5;2022;14:35;1;987;98734;1;1;1;2;PK 30+400; -17,7233790000; -149,5057300000
202200045393;12;5;2022;13:40;1;978;97801;2;4;1;6;R DES ECOLES;18,0995800000; -63,0550220000
202200045394;12;5;2022;22:20;3;89;89333;1;1;1;2;A6 PK 213+600 Sens Lyon-Paris;47,5045160000;4,0451440000
202200045395;13;5;2022;17:30;1;25;25219;1;1;1;5;D461;47,1428830000;6,3733790000
202200045396;12;5;2022;17:30;2;974;97418;2;1;1;7;Route de la Confiance; -20,9455290000;55,5232980000
202200045397;12;5;2022;01:30;4;971;97106;2;1;2;6;Rue Felicite Leandre;16,1474110000; -61,7703240000
202200045398;13;5;2022;10:30;1;18;18207;2;1;1;7;25 Avenue Gabriel Dordain;46,9939020000;2,2485360000
202200045399;13;5;2022;11:00;1;83;83112;2;1;1;6;Route Departementale 559;43,1804590000;5,6800710000
202200045400;11;5;2022;16:45;1;83;83099;2;6;1;3;;43,4556530000;6,6902820000
202200045401;11;5;2022;17:00;1;83;83107;2;1;1;3;Corniche des Issambres, RD559;43,3422186339;6,6974115372
202200045402;12;5;2022;11:57;1;83;83023;1;1;1;6;D35;43,4160920000;6,0157710000
202200045403;13;5;2022;15:50;1;06;06065;2;1;1;7;Route de Cagnes;43,7201560000;7,1483660000
202200045404;11;5;2022;16:35;1;13;13081;2;1;1;3;avenue de verdun;43,4833780000;5,2301760000
202200045405;12;5;2022;08:15;1;13;13081;1;1;1;2;rd 21;43,4928300000;5,2063930000
202200045406;12;5;2022;07:48;1;57;57209;2;1;1;6;47 Rue de Metz;49,0443490000;6,5989300000
202200045407;11;5;2022;09:30;1;38;38484;1;1;1;2;D75;45,5523960000;4,9399020000
202200045408;12;5;2022;15:40;1;81;81143;1;1;1;3;RD 622 PK 05+600;43,5296180000;2,0985170000
202200045409;13;5;2022;10:30;1;86;86115;1;1;1;1;VC5;46,6936270000;0,3448460000
202200045410;1;5;2022;11:30;1;33;33109;2;1;1;1;Route de Nadon;44,6978690000; -0,4380800000
202200045411;29;4;2022;16:57;1;61;61213;2;3;1;3;Champ Crepin;48,4768940000; -0,1502730000
202200045412;13;5;2022;08:45;1;60;60282;1;6;1;2;Rond point des Ripailles;49,2058920000;2,4616030000
202200045413;12;5;2022;17:30;1;13;13215;1;1;1;2;A7-Sens Lyon vers Marseille;43,3698600000;5,3609500000
202200045414;12;5;2022;07:50;1;13;13215;1;1;1;3;A7-Sens Marseille vers Lyon;43,3501120123;5,3687160532
202200045415;11;5;2022;23:45;3;13;13210;1;1;1;3;A50-Sens Aubagne vers Marseille;43,2843100000;5,4047200000
202200045416;12;5;2022;00:45;4;83;83123;1;1;1;6;A50;43,1271417286;5,8226251602
202200045417;11;5;2022;09:53;1;69;69281;1;1;1;2;Autoroute 46;45,6291400000;4,8934000000
202200045418;9;5;2022;07:35;1;54;54265;1;1;1;4;Autoroute A 33;48,6414300000;6,1689000000
202200045419;12;5;2022;09:05;1;94;94021;1;1;1;5;AUTOROUTE A6A;48,7704400000;2,3455100000
202200045420;12;5;2022;07:55;1;91;91521;1;1;1;4;AUTOROUTE A6;48,6413700000;2,3933000000
202200045421;11;5;2022;15:10;1;91;91549;1;1;1;2;RN 104;48,6258300000;2,3396500000
202200045422;11;5;2022;09:05;1;78;78158;1;1;1;3;A13;48,8316010000;2,1433150000
202200045423;12;5;2022;17:05;1;93;93027;1;1;8;6;AUTOROUTE A1;48,9342794840;2,3940796890
202200045424;12;5;2022;17:30;1;93;93064;1;1;1;2;AUTOROUTE A86;48,8816854527;2,4736058678
202200045425;12;5;2022;08:25;1;93;93039;1;9;1;3;AUTOROUTE A86;48,9266789645;2,3358397729
202200045426;11;5;2022;09:15;1;95;95018;1;1;1;2; A15;48,9601120000;2,2711210000
202200045427;11;5;2022;05:45;2;93;93053;1;1;1;3;AUTOROUTE A3;48,8952000000;2,4708000000
202200045428;12;5;2022;19:30;1;94;94044;1;1;1;3;RN406.W;48,7580900000;2,4799800000
202200045429;12;5;2022;13:40;1;94;94079;1;1;1;3;A4;48,8331000000;2,5339900000
202200045430;12;5;2022;12:20;1;94;94065;1;1;1;3;N186;48,7538424491;2,3542632476
202200045431;11;5;2022;22:25;3;94;94017;1;1;1;7;A4;48,8302741187;2,4916889276
202200045432;7;5;2022;16:10;1;94;94017;1;1;1;6;A4;48,8302008945;2,4957669959
202200045433;9;2;2022;12:00;1;07;07042;2;2;1;7;;44,3758610000;4,6461710000
202200045434;12;5;2022;07:55;1;988;98818;2;1;1;6;PARKING DUCOS CENTRE; -22,2363100000;166,4473200000
202200045435;11;5;2022;13:25;1;976;97611;2;9;1;7;mamoudzou centre-Cinema Alpajoe (rue du); -12,7796700000;45,2309200000
202200045436;11;5;2022;07:20;1;976;97611;2;1;1;6;tsoundzou-Cadjifouteni ( rue ); -12,8059100000;45,2101900000
202200045437;11;5;2022;14:15;1;974;97407;1;9;2;7;ROND POINT DES DANSEUSES; -20,9502000000;55,3017500000
202200045438;11;5;2022;13:50;1;973;97302;2;9;1;1;N'ZILA (CITE);4,9367097074; -52,3233009875
202200045439;11;5;2022;08:35;1;973;97302;2;1;1;6;PACHECO (LOTISSEMENT);4,9373038394; -52,2908905149
202200045440;11;5;2022;23:30;5;69;69259;2;3;1;3;Avenue Francis de Pressensé;45,7241300000;4,8646500000
202200045441;11;5;2022;16:30;1;69;69259;2;1;1;6;Boulevard Ambroise Croizat;45,7050100000;4,8875000000
202200045442;22;4;2022;16:00;1;69;69387;2;1;1;2;Avenue Debourg;45,7316400000;4,8249000000
202200045443;11;5;2022;12:24;1;972;97209;1;1;1;6;MARNE (BOULEVARD DE LA);14,6049900000; -61,0868400000
202200045444;11;5;2022;08:45;1;972;97209;1;1;1;2;AUTOROUTE (A1);14,6181080232; -61,0354578495
202200045445;11;5;2022;19:00;1;69;69202;2;1;1;2;131 Rue Commandant Charcot;45,7442486660;4,7837707400
202200045446;11;5;2022;08:30;1;69;69286;2;1;1;6;Avenue du Mont Blanc;45,8111300000;4,8948700000
202200045447;11;5;2022;09:15;1;2B;2B033;2;1;1;4;11 - RT;42,6971200000;9,4527200000
202200045448;11;5;2022;19:45;1;95;95280;2;3;1;3;Avenue Albert Sarraut;49,0378300000;2,4549300000
202200045449;11;5;2022;14:55;1;91;91425;2;9;1;6;RUE DES BOURGUIGNONS;48,6469300000;2,2745100000
202200045450;11;5;2022;18:36;1;88;88462;1;1;1;4;CD 417;48,0217300000;6,6768300000
202200045451;10;5;2022;08:59;1;87;87075;1;1;1;4;RD79;45,8204940000;1,1929350000
202200045452;29;4;2022;13:00;1;84;84031;2;3;1;3;SAINT GENS CHEMIN DE;44,0329888186;5,0427675247
202200045453;10;3;2022;16:45;1;84;84031;1;1;1;3;LEGUE CHEMIN DE LA;44,0410400000;5,0779600000
202200045454;11;5;2022;11:20;1;83;83009;2;9;1;6;MARSEILLE (BD DE);43,1421322745;5,7477644384
202200045455;26;4;2022;18:49;1;83;83069;2;1;1;6;BERRE (RUE EUGENE);43,1242300000;6,1461000000
202200045456;11;5;2022;13:55;1;78;78551;2;3;1;6;PEREIRE;48,9013100000;2,0703500000
202200045457;11;5;2022;08:50;1;77;77258;2;6;1;3;D10P;48,8333600000;2,6339000000
202200045458;10;5;2022;19:50;1;77;77186;1;2;1;6;D148 / D301;48,3765800000;2,7397200000
202200045459;8;5;2022;04:00;5;76;76165;2;1;1;6;Rue de la Porte Verte;49,2849700000;1,0276900000
202200045460;10;5;2022;17:40;1;76;76351;2;4;1;4;BERNARD LACHEVRE;49,5196400000;0,1106300000
202200045461;11;5;2022;18:25;1;69;69256;2;1;1;5;Rue Jacquard;45,7636708416;4,9206948280
202200045462;10;5;2022;18:25;1;67;67482;2;3;1;3;RACINE (AVENUE);48,5989000000;7,6948000000
202200045463;10;5;2022;13:50;1;67;67365;2;3;1;3;GENERAL LECLERC (RUE DU);48,5529200000;7,7124300000
202200045464;8;5;2022;22:04;5;67;67482;2;3;1;3;MONTAGNE VERTE (RUE DE LA);48,5700300000;7,7278400000
202200045465;7;5;2022;17:45;1;67;67482;2;1;1;3;BOSTON (RUE DE);48,5764500000;7,7712800000
202200045466;10;5;2022;21:58;5;66;66136;2;6;1;3;FRANCE LIBRE (BOULEVARD DE LA);42,7054400000;2,9018700000
202200045467;10;5;2022;08:55;1;66;66136;2;2;1;3;JOFFRE (AVENUE DU MARECHAL CD 88);42,7043900000;2,8926900000
202200045468;11;5;2022;08:10;1;64;64024;2;2;1;3;Avenue Eugène Bernain;43,4840400000; -1,5114000000
202200045469;9;5;2022;16:40;1;63;63245;1;3;1;3;Rue des Batignolles;45,8834580940;3,0818943679
202200045470;11;5;2022;10:24;1;63;63075;2;1;1;6;FONTMAURE (AVENUE DE);45,7765400000;3,0624400000
202200045471;11;5;2022;07:10;1;63;63113;2;9;1;6;THEURIET (RUE ANDRE);45,7667900000;3,0781700000
202200045472;8;5;2022;02:35;3;62;62400;1;6;1;1;BETHUNE ( CD 86 RUE DE );50,4821000000;2,5932000000
202200045473;17;4;2022;13:15;1;62;62132;2;3;1;3;DE GAULLE ( RUE DU GENERAL );50,5220700000;2,8722700000
202200045474;30;4;2022;14:25;1;62;62108;2;3;1;6;GABRIEL PERI;50,4079000000;1,5674700000
202200045475;11;5;2022;11:10;1;61;61001;2;1;1;3;COLBERT (BOULEVARD);48,4370900000;0,0778700000
202200045476;11;5;2022;17:40;1;59;59599;2;1;1;6;VIROLOIS (RUE DU);50,7247460000;3,1797400000
202200045477;9;5;2022;16:40;1;58;58194;2;1;1;2;MONTOTS;46,9901200000;3,1343000000
202200045478;11;5;2022;18:48;1;54;54431;2;1;1;2;CORDERIE (CHEMIN DE LA);48,9091600000;6,0435500000
202200045479;11;5;2022;14:30;1;54;54395;2;1;1;3;MEZIERES (RUE ALFRED);48,7011708455;6,1701563001
202200045480;11;5;2022;13:45;1;54;54395;2;2;7;3;GUERRIER DE DUMAST (RUE);48,6925922309;6,1771260202
202200045481;11;5;2022;12:30;1;54;54395;2;1;1;3;JACOB (RUE DU CHANOINE);48,6997000000;6,1708000000
202200045482;11;5;2022;09:37;1;54;54526;2;1;1;3;RM674;48,6848900000;6,2270800000
202200045483;11;5;2022;17:26;1;51;51454;2;1;1;7;avenue de Laon;49,2795400000;4,0139300000
202200045484;11;5;2022;17:05;1;51;51454;1;1;1;4;avenue de Champagne;49,2299200000;4,0333400000
202200045485;8;5;2022;09:30;1;50;50129;2;2;1;3;LEMONNIER (AVENUE AMIRAL);49,6343600000; -1,6023700000
202200045486;11;5;2022;08:48;1;45;45234;2;2;1;2;Avenue Roger Secrétain;47,8796300000;1,9085100000
202200045487;3;5;2022;14:05;1;42;42218;2;4;8;6;Boulevard Thiers;45,4506900000;4,3897200000
202200045488;11;5;2022;17:45;1;37;37261;2;2;1;3;EUROPE (AVENUE DE L');47,4233011560;0,6893666089
202200045489;11;5;2022;10:00;1;37;37261;2;1;1;6;POMPIDOU (AVENUE GEORGES);47,3836700000;0,7109500000
202200045490;9;5;2022;14:25;1;37;37233;2;3;1;3;DUCLOS (AVENUE JACQUES);47,3804608890;0,7307678461
202200045491;11;5;2022;08:45;1;35;35238;2;1;1;4;ARMORIQUE (BD D');48,1296100000; -1,6792200000
202200045492;28;4;2022;21:52;5;33;33063;2;1;1;2;Avenue Emile Counord;44,8634000000; -0,5754500000
202200045493;11;5;2022;10:25;1;33;33069;2;3;1;3;Avenue de Tivoli;44,8666200000; -0,5958900000
202200045494;11;5;2022;08:20;1;33;33063;2;1;1;3;Quai des Salinières;44,8357200000; -0,5640100000
202200045495;10;5;2022;13:15;1;33;33063;2;1;1;3;Cours Victor Hugo;44,8351500000; -0,5700100000
202200045496;11;5;2022;14:15;1;30;30007;2;3;1;3;Montée de Silhol;44,1261400000;4,0931900000
202200045497;11;5;2022;19:40;1;29;29019;2;2;1;2;Rue Yves Giloux;48,4154790000; -4,4807500000
202200045498;11;5;2022;14:20;1;29;29019;2;6;1;2;Rue de la Villeneuve;48,4091430000; -4,4664620000
202200045499;4;5;2022;17:45;1;29;29019;2;3;1;2;Rue Dupleix;48,3928850000; -4,4841890000
202200045500;11;5;2022;19:00;1;27;27229;2;6;1;3;NORMANDIE (BOULEVARD DE);49,0230967920;1,1361998320
202200045501;10;5;2022;12:35;1;22;22187;2;1;1;4;RN12;48,5387747362; -2,7622943915
202200045502;11;5;2022;21:10;2;16;16102;2;1;1;7;MOUSNIER (RUE ELYSEE);45,6912493993; -0,3291714191
202200045503;11;5;2022;17:40;1;16;16102;2;2;1;6;JAURES (RUE JEAN);45,6901783207; -0,3201270103
202200045504;11;5;2022;09:20;1;14;14118;2;2;1;3;D401;49,2027710000; -0,3911790000
202200045505;11;5;2022;00:50;3;13;13054;2;6;1;3;8 MAI 1945 (AV DU );43,4111500000;5,2152200000
202200045506;11;5;2022;10:15;1;13;13214;2;1;1;3;SAINTE MARTHE (chemin);43,3266761273;5,3877260946
202200045507;11;5;2022;08:30;1;13;13204;2;9;1;1;LIBERATION (BOULEVARD);43,3009191868;5,3908179022
202200045508;10;5;2022;11:06;1;11;11262;2;1;1;6;parking Carrefour Boone Source;43,1794200000;3,0275900000
202200045509;11;5;2022;13:20;1;06;06104;2;1;1;6;MONLEON (AVENUE SYLVIO DE);43,7562030000;7,4801160000
202200045510;6;5;2022;16:40;1;06;06029;2;1;1;6;JOURDAN (AVENUE MICHEL);43,5700020000;6,9549720000
202200045511;10;5;2022;14:49;1;06;06123;2;1;1;3;ST JEANNET ROUTE DE;43,6852670000;7,1775230000
202200045512;11;5;2022;18:50;1;75;75113;2;1;1;2;BD PERIPHERIQUE EXTERIEUR;48,8168800000;2,3483260000
202200045513;10;5;2022;09:00;1;75;75117;2;1;1;2;BD PERIPHERIQUE EXTERIEUR;48,9007330000;2,3288790000
202200045514;10;5;2022;08:30;1;75;75116;2;4;1;3;BD PERIPHERIQUE EXTERIEUR;48,8369120574;2,2554776073
202200045515;9;5;2022;09:20;1;75;75114;2;1;1;3;BD PERIPHERIQUE EXTERIEUR;48,8225610000;2,3141690000
202200045516;9;5;2022;08:20;1;75;75118;2;1;1;2;BD PERIPHERIQUE INTERIEUR;48,9009660000;2,3548600000
202200045517;9;5;2022;07:35;1;75;75119;2;1;1;3;BD PERIPHERIQUE EXTERIEUR;48,9003550000;2,3821030000
202200045518;11;5;2022;08:42;1;75;75106;2;3;1;3;QUAI MALAQUAIS;48,8578110000;2,3353030000
202200045519;10;5;2022;16:20;1;75;75105;2;2;1;3;RUE MONGE;48,8471200000;2,3512140000
202200045520;11;5;2022;15:40;1;75;75120;2;1;1;3;RUE DES PYRENEES;48,8532660000;2,4059430000
202200045521;11;5;2022;13:30;1;75;75120;2;2;1;3;AVENUE DE LA PORTE DE MONTREUIL;48,8534838761;2,4107976258
202200045522;11;5;2022;10:35;1;75;75118;2;3;1;6;RUE MARCADET;48,8915160000;2,3365030000
202200045523;11;5;2022;20:05;1;75;75117;2;2;1;3;BOULEVARD DE COURCELLES;48,8795511012;2,3049764335
202200045524;6;1;2022;18:55;3;59;59288;1;9;8;3;RTE NATIONALE 30;50,3133979853;3,4122204781
202200045525;10;1;2022;08:00;3;59;59178;2;2;1;6;CAMBRAI (RUE DE);50,3618500000;3,0784200000
202200045526;6;1;2022;17:25;1;58;58194;2;2;1;3;REPUBLIQUE (BOULEVARD);46,9899700000;3,1688200000
202200045527;4;1;2022;16:00;1;58;58194;2;1;1;6;RAVELIN;46,9881300000;3,1648400000
202200045528;4;1;2022;15:30;1;58;58194;2;1;1;6;COLBERT;46,9962500000;3,1572800000
202200045529;4;1;2022;13:20;1;58;58194;2;1;1;6;GENERAL DE GAULLE;46,9881200000;3,1538400000
202200045530;11;1;2022;18:37;5;54;54304;2;2;1;6;POINCARE (RUE RAYMOND);48,6809000000;6,1572000000
202200045531;11;1;2022;17:40;5;54;54357;2;1;1;2;MEURTHE (AVENUE DE LA);48,7092828281;6,1765898466
202200045532;11;1;2022;16:17;1;54;54265;2;1;1;3;ERABLES (AVENUE DES);48,6435200000;6,1849800000
202200045533;10;1;2022;17:30;5;54;54304;2;5;1;3;BOIS GRONEE (AVENUE DU);48,6793700000;6,1426300000
202200045534;10;1;2022;16:20;1;50;50129;2;1;1;4;ATLANTIQUE (BOULEVARD DE L');49,6294800000; -1,6332900000
202200045535;10;1;2022;20:45;5;49;49007;2;1;2;6;GENVRIE;47,4550200000; -0,5683300000
202200045536;10;1;2022;18:01;5;49;49007;2;1;2;3;MONTAIGNE AVENUE;47,4667800000; -0,5202700000
202200045537;8;1;2022;17:50;5;49;49007;2;5;2;6;BIRGE BOULEVARD;47,4793600000; -0,5214300000
202200045538;11;1;2022;12:40;1;46;46042;2;1;1;2;BOURTOUMIEUX (RUE PIERRE);44,4454500000;1,4350800000
202200045539;10;1;2022;13:45;1;35;35238;2;2;2;3;Avenue Gros Malhon;48,1277900000; -1,6835700000
202200045540;11;1;2022;11:15;1;34;34172;2;3;1;6;CAPITAINE CROIX DU;43,6040100000;3,8586500000
202200045541;3;1;2022;11:45;1;33;33063;2;2;1;3;Cours Pasteur;44,8350600000; -0,5749800000
202200045542;10;1;2022;19:40;3;33;33529;2;1;2;6;JUILLET (RUE DU 14);44,6311500000; -1,1478100000
202200045543;11;1;2022;19:05;5;31;31555;2;1;1;5;AV DE L URSS;43,5824100000;1,4486600000
202200045544;11;1;2022;20:30;5;31;31555;2;1;1;1;RUE DES SPORTS;43,6125948071;1,4156109095
202200045545;11;1;2022;16:00;1;31;31149;2;7;1;6;ESPLANADE FRANCOIS MITTERRAND ;43,6062700000;1,3350500000
202200045546;10;1;2022;18:36;5;31;31555;2;1;1;2;PONT SAINT MICHEL;43,5925100000;1,4376700000
202200045547;11;1;2022;09:20;1;30;30007;2;2;7;6;;44,1330000000;4,0934000000
202200045548;11;1;2022;14:30;1;25;25056;2;2;1;3;ARMEE FRANCAISE PL. DE LA 1ERE;47,2425070000;6,0295310000
202200045549;10;1;2022;21:10;5;14;14118;2;1;8;6;Rue de Vaucelles;49,1749300000; -0,3535400000
202200045550;11;1;2022;13:15;1;13;13208;2;1;1;1;PARADIS (RUE);43,2740700000;5,3851300000
202200045551;11;1;2022;12:40;1;13;13215;2;1;1;2;AYGALADES (AVENUE DES);43,3501496653;5,3656231119