Num_Acc;jour;mois;an;hrmn;lum;dep;com;agg;int;atm;col;adr;lat;long
202200046036;7;7;2022;08:50;1;69;69387;2;1;1;6;Boulevard Yves Farge;45,7420800000;4,8332200000
202200046037;3;12;2022;07:40;2;26;26367;1;9;2;3;D538;44,3762790000;5,1052090000
202200046038;21;9;2022;18:20;1;56;56098;1;1;1;7;N165 sens Vannes/Lorient;47,7820500000; -3,3418900000
202200046039;3;12;2022;17:40;5;64;64422;2;1;2;7;Boulevard des Pyrenees;43,1886840000; -0,6243650000
202200046040;6;7;2022;08:10;1;69;69382;2;1;1;3;35 Quai Docteur Gailleton;45,7517600000;4,8326700000
202200046041;3;12;2022;11:30;1;64;64422;1;1;2;6;pk 138 D918;43,1223500000; -0,5433910000
202200046042;21;9;2022;17:40;1;56;56121;2;1;1;3;MONISTROL (RUE);47,7337900000; -3,3850800000
202200046043;6;7;2022;06:45;1;69;69152;2;7;1;3;Chemin des Mûriers;45,6949200000;4,8262500000
202200046044;21;9;2022;11:15;1;55;55545;2;1;1;3;FERNAND BRAUDEL;49,1487100000;5,4064000000
202200046045;29;11;2022;19:15;3;33;33439;1;1;5;5;Lieu Dit l?Enclos;45,1225810000; -0,4208550000
202200046046;13;6;2022;20:00;1;69;69382;2;3;1;6;Rue de Brest;45,7628500000;4,8332900000
202200046047;2;12;2022;07:00;3;49;49023;1;1;1;7;D15;47,1650920000; -0,8926180000
202200046048;21;9;2022;07:50;1;54;54395;2;2;1;3;FUSILLES (PONT DES);48,6855730000;6,1813820000
202200046049;8;7;2022;14:10;1;971;97113;2;9;1;3;BAS DU FORT;16,2160722304; -61,5179550648
202200046050;2;12;2022;19:50;5;22;22003;2;3;2;7;2 Rue de la Mairie;48,4560500000; -2,1300440000
202200046051;21;9;2022;08:30;1;54;54395;2;3;1;3;BOUDONVILLE (RUE DU MOULIN DE);48,6982200000;6,1658800000
202200046052;1;7;2022;19:35;5;971;97113;1;9;3;3;SECTEUR DAMPIERRE;16,2088641370; -61,4705979824
202200046053;3;12;2022;01:30;3;35;35221;2;1;1;6;le Châtelier;47,8751065532; -1,6810195148
202200046054;7;7;2022;15:44;1;971;97120;1;1;1;6;CHANZY (BOULEVARD);16,2411216514; -61,5360975266
202200046055;22;9;2022;17:30;1;51;51058;2;6;1;3;Rue Louis Victor de Broglie;49,2178797583;3,9978083968
202200046056;5;7;2022;22:15;5;971;97113;1;9;2;6;SECTION PLIANE;16,2176300000; -61,4934500000
202200046057;3;12;2022;15:40;1;60;60504;1;1;1;4;RD 125;49,3431586227;2,2026181672
202200046058;3;12;2022;12:50;1;60;60411;1;1;8;6;22bis Rue de Marines;49,2031350000;1,9772040000
202200046059;5;7;2022;19:00;5;971;97101;1;9;1;3;RN1 ROCADE DE CHAUVEL;16,2471500000; -61,5264300000
202200046060;22;9;2022;12:40;1;51;51172;2;9;1;3;Route de Louvois;49,2140600000;4,0513900000
202200046061;30;11;2022;17:32;3;13;13210;1;1;1;2;A50-Sens Marseille vers Aubagne;43,2840000000;5,4189000000
202200046062;7;7;2022;13:00;1;2A;2A004;2;1;1;2;GEORGES POMPIDOU AVENUE;41,9329796933;8,7557073732
202200046063;6;7;2022;23:50;5;2A;2A004;2;9;1;7;LEVIE JEAN JEROME AVENUE;41,9258804449;8,7383282682
202200046064;30;11;2022;16:30;1;33;33162;1;1;1;2;ROCADE A 630;44,8688397820; -0,6463748217
202200046065;6;7;2022;14:10;1;2A;2A004;1;1;1;6;T40;41,9248300000;8,8098500000
202200046066;2;12;2022;18:30;3;94;94021;1;1;1;2;AUTOROUTE A6A;48,7602653239;2,3384393114
202200046067;13;6;2022;06:45;1;2A;2A004;2;1;1;3;MEZZAVIA ROUTE DE;41,9511200000;8,7800400000
202200046068;2;12;2022;14:56;2;78;78646;1;1;8;3;RN12;48,7899820000;2,1226660000
202200046069;8;7;2022;11:39;1;95;95268;2;1;1;6;BD DE LA MUETTE;48,9729824465;2,4186390638
202200046070;2;12;2022;14:45;1;93;93029;1;1;1;3;AUTOROUTE A86;48,9199700000;2,4282000000
202200046071;13;6;2022;13:45;1;95;95019;2;9;1;3;RD 84;48,9766491418;2,4233543873
202200046072;2;12;2022;06:50;2;95;95252;1;1;1;2;A15;48,9777820271;2,2320185499
202200046073;10;7;2022;18:10;1;95;95428;2;1;1;2;Avenue Charles de Gaulle;48,9810525751;2,3203092813
202200046074;2;12;2022;09:50;1;94;94004;1;1;1;2;RN19.Y;48,7437800000;2,5134700000
202200046075;2;12;2022;05:55;3;77;77083;1;1;1;3;A4.W;48,8342600000;2,5889000000
202200046076;5;7;2022;22:00;2;95;95427;2;3;1;3;Route de Saint-leu;48,9554656793;2,3332723975
202200046077;1;12;2022;01:33;3;77;77169;1;1;1;6;A4.Y;48,8310550000;2,6049930000
202200046078;25;11;2022;14:03;1;63;63113;2;1;2;6;EMINEE (RUE DE L');45,7592922691;3,1445923448
202200046079;6;7;2022;20:00;1;95;95197;2;1;1;6;Avenue de la Division Leclerc;48,9704118432;2,3127669096
202200046080;13;5;2022;19:35;1;73;73065;2;1;1;3;BELLEVUE (BOULEVARD DE);45,5605600000;5,9170200000
202200046081;6;7;2022;15:50;1;95;95555;2;1;1;6;Rue Berthie Albrecht;48,9675000000;2,2845000000
202200046082;29;11;2022;19:00;2;972;97209;2;2;2;3;CAPITAINE MANUEL (RUE DU);14,6075800000; -61,0671600000
202200046083;30;11;2022;11:55;1;2A;2A004;2;1;7;7;PAOLI DOMINIQUE  BD;41,9289852411;8,7374611994
202200046084;30;11;2022;18:00;5;95;95268;2;1;1;2;Avenue de Stalingrad;48,9659468799;2,4086890799
202200046085;6;5;2022;13:30;1;95;95063;2;1;1;3;RUE DE LA BERTHIE;48,9365520300;2,2048777342
202200046086;30;11;2022;13:30;1;95;95555;2;1;1;2;Boulevard du Maréchal Foch;48,9630420458;2,2917759418
202200046087;10;7;2022;16:15;1;91;91552;1;1;1;6;RTE NATIONALE 20;48,6037500000;2,2486200000
202200046088;8;7;2022;18:52;1;91;91377;2;3;1;3;VOIE DE LA VALLEE DE LA BIEVRE;48,7374870000;2,2602890000
202200046089;6;7;2022;16:50;1;91;91161;2;1;1;6;AV MAZARIN;48,7038040000;2,3180290000
202200046090;26;11;2022;06:00;5;89;89024;2;1;1;2;MARTINEAU DES CHESNEZ (RUE);47,7941700000;3,5701200000
202200046091;13;6;2022;14:20;1;91;91471;1;1;1;7;CD 128;48,7143300000;2,1841000000
202200046092;16;8;2022;09:50;1;06;06027;2;1;1;1;FRENES RUE DES;43,6594300000;7,1508300000
202200046093;29;11;2022;22:30;5;87;87114;2;3;1;1;FOLLEREAU (RUE RAOUL);45,8317800000;1,3099000000
202200046094;16;8;2022;09:10;1;75;75113;2;4;1;3;PORTE D ITALIE;48,8167180000;2,3560380000
202200046095;8;7;2022;21:38;2;91;91215;2;1;1;7;RTE DE QUINCY;48,6846050000;2,5154170000
202200046096;17;8;2022;11:30;1;75;75118;2;2;2;3;AVENUE DE LA PORTE DE LA CHAPELLE;48,8986890000;2,3590110000
202200046097;8;7;2022;14:55;1;91;91201;2;2;1;3;AV DES ORMES;48,6860900000;2,3991100000
202200046098;30;11;2022;08:52;1;79;79191;2;2;8;3;11 Rue Sainte Catherine;46,3175900000; -0,4384300000
202200046099;12;8;2022;23:35;5;94;94068;2;1;1;6;BAC (AV DU);48,7924700000;2,5172900000
202200046100;6;7;2022;11:00;1;91;91201;2;1;1;3;RUE DE CHATILLON;48,6849000000;2,4005000000
202200046101;16;8;2022;12:10;1;94;94068;2;1;1;3;FOCH (AV);48,8035800000;2,4884000000
202200046102;13;6;2022;07:35;1;91;91201;2;1;1;3;AV DU GENERAL DE GAULLE;48,6889500000;2,3885900000
202200046103;30;11;2022;19:40;5;77;77243;2;1;1;6;D10;48,8758591120;2,7013699732
202200046104;7;7;2022;08:53;1;91;91589;2;1;1;7;AV ROGER SALENGRO;48,6820800000;2,3402200000
202200046105;15;8;2022;13:00;1;94;94028;1;9;2;2;Avenue Bernard Halpern;48,7900960000;2,4507490000
202200046106;8;7;2022;14:36;1;91;91223;1;1;1;7;R.D.20;48,4130800000;2,1289200000
202200046107;30;11;2022;10:00;1;69;69266;2;3;1;3;200 Rue Léon Blum;45,7628137439;4,9128995741
202200046108;17;8;2022;19:30;1;94;94078;2;2;2;2;Rue de Paris / Rue de Crosne;48,7252500000;2,4458100000
202200046109;6;7;2022;14:00;1;91;91223;2;3;1;6;REVERSELEUX (RUE);48,4243500000;2,1374200000
202200046110;30;11;2022;17:00;2;69;69271;2;2;8;2;Avenue Charles de Gaulle;45,7449400000;4,9370500000
202200046111;17;8;2022;18:30;2;93;93048;2;1;2;6;Rue Robespierre;48,8534270319;2,4235657385
202200046112;17;5;2022;18:25;1;89;89387;2;1;1;6;ARISTIDE BRIAND (BOULEVARD);48,2053000000;3,2782300000
202200046113;30;11;2022;16:30;1;69;69271;2;1;8;3;Avenue des Frères Montgolfier;45,7249400000;4,9723400000
202200046114;17;8;2022;15:50;1;92;92049;2;2;1;3;GINOUX AV. HENRI N°1 A 95 ET 2 A 104;48,8131367971;2,3196499944
202200046115;6;6;2022;18:45;1;89;89024;2;2;1;3;Boulevard Vauban;47,7981800000;3,5655200000
202200046116;29;11;2022;12:30;1;67;67482;2;1;1;6;CHAMP DE MANOEUVRE (RUE DU);48,6015400000;7,7109100000
202200046117;17;8;2022;17:15;1;92;92048;2;1;2;6;FOSSES (AVENUE DES);48,8091587999;2,2454327345
202200046118;7;7;2022;16:52;1;87;87048;1;2;1;5;NEXON (ROUTE DE);45,7983700000;1,2519500000
202200046119;17;8;2022;12:35;1;92;92012;2;2;8;3;MEUDON (RUE DE) - COTE IMPAIR;48,8255529146;2,2418970465
202200046120;30;11;2022;13:12;1;66;66136;2;1;1;4;;42,6772737943;2,8906783462
202200046121;30;11;2022;09:07;1;66;66136;1;1;1;2;;42,6726440000;2,8908530000
202200046122;7;7;2022;15:52;1;87;87065;1;1;1;1;EYJEAUX (RUE D');45,8060500000;1,3359300000
202200046123;18;8;2022;14:20;1;80;80523;1;1;1;3;D42;49,9732090000;2,6507310000
202200046124;5;7;2022;22:29;2;87;87075;1;1;1;2;RD79;45,8200300000;1,1908500000
202200046125;30;11;2022;08:34;1;65;65440;2;4;1;3;Rue de Cronstadt;43,2288200000;0,0733360000
202200046126;5;7;2022;14:12;1;87;87085;2;1;1;7;LEVEUF (RUE DU PROFESSEUR JEAN);45,8456100000;1,2755200000
202200046127;18;8;2022;00:00;3;66;66214;1;1;1;2;;42,5573080000;2,8472821000
202200046128;7;7;2022;08:10;1;86;86194;2;2;1;1;Avenue du 8 Mai 1945;46,5560080000;0,3087110000
202200046129;17;8;2022;11:10;1;95;95487;2;1;1;3;40 rue Elie et Corentin Quideau;49,1458260000;2,2582220000
202200046130;28;11;2022;08:12;1;63;63113;2;1;1;4;BOURDON (RUE DE);45,7979800000;3,1522600000
202200046131;6;7;2022;14:50;1;86;86194;2;4;1;3;SAINT FORTUNAT (RUE);46,5806810000;0,3500080000
202200046132;17;8;2022;17:00;1;31;31113;2;1;1;2;Route de Labège;43,5258370000;1,5155120000
202200046133;18;11;2022;22:10;5;62;62277;2;1;1;6;Rue Haute;50,3983730000;2,9378350000
202200046134;5;7;2022;09:00;1;85;85194;2;1;1;3;EHPAD le logis des olonnes;46,4906500000; -1,7406060000
202200046135;12;8;2022;18:28;1;63;63248;2;2;1;3;D2089 - Récoleine;45,7044560000;2,9131150000
202200046136;30;11;2022;00:25;5;59;59512;2;1;5;6;METZ (BOULEVARD DE);50,7045600000;3,1805300000
202200046137;29;11;2022;18:25;5;56;56121;2;6;1;6;10 Rue président John Kennedy;47,7641100000; -3,3810100000
202200046138;18;8;2022;08:40;1;41;41018;1;6;1;7;RD 956;47,6109300000;1,3393340000
202200046139;6;7;2022;07:45;1;85;85191;2;3;1;6;8 Rue d'ulm;46,6805194000; -1,4283661500
202200046140;14;8;2022;13:00;1;26;26333;1;1;8;6;D51;45,1740050000;4,8256700000
202200046141;17;8;2022;15:55;1;34;34136;1;1;3;6;A75;43,4844580000;3,4387360000
202200046142;28;6;2022;09:45;1;84;84007;2;1;1;6;C.De GAULLE (Rocade);43,9287800000;4,8049000000
202200046143;29;11;2022;13:50;1;56;56121;2;6;1;3;DORDELIN (RUE DE L AMIRAL ALAIN );47,7328900000; -3,3724470000
202200046144;18;8;2022;11:45;1;62;62588;1;1;1;7;D 139;50,4616190000;1,7561180000
202200046145;7;7;2022;22:35;3;83;83098;2;1;1;6;FOUX (CHEMIN DE LA);43,1114790882;6,0323953629
202200046146;18;8;2022;15:25;1;59;59528;2;1;1;1;49 rue léon gambetta;50,2046716065;3,4126818180
202200046147;8;7;2022;00:15;5;83;83137;2;1;1;1;BAZEILLES (BD / ROND POINT DE);43,1133780000;5,9400140000
202200046148;30;11;2022;15:40;1;54;54578;2;1;1;3;MULLER (AVENUE PAUL);48,6594000000;6,1403600000
202200046149;17;8;2022;15:11;1;56;56132;1;1;1;7;D767;47,7240030000; -2,7574180000
202200046150;3;7;2022;03:00;5;83;83062;2;6;1;2;FABRI DE PEIRESC (AVENUE);43,1381000000;6,0266800000
202200046151;18;8;2022;15:30;1;76;76100;2;3;1;3;Route de Saint-Arnoult;49,4943540000;1,2876430000
202200046152;29;11;2022;20:00;5;50;50129;2;1;1;6;LEBAS (RUE JEAN);49,6403700000; -1,6489900000
202200046153;10;7;2022;21:10;1;83;83069;2;1;1;1;DEBUSSY (RUE CLAUDE);43,0379400000;6,1296100000
202200046154;10;6;2022;16:30;1;69;69383;2;1;1;2;16 Rue Lavoisier;45,7554100000;4,8588900000
202200046155;18;8;2022;14:35;1;80;80136;1;1;1;2;D329;49,9595550000;2,7172870000
202200046156;7;7;2022;16:15;1;83;83069;2;1;1;2;AEROPORT (AVENUE DE L');43,0897100000;6,1438100000
202200046157;10;6;2022;08:55;1;69;69388;2;3;1;1;Avenue des Frères Lumière;45,7433600000;4,8742600000
202200046158;30;11;2022;14:30;1;49;49099;2;1;1;6;FOUCAULD (RUE CHARLES DE);47,0563600000; -0,8662800000
202200046159;17;8;2022;19:15;1;80;80747;1;1;1;7;D184;49,9607660000;3,0233750000
202200046160;10;6;2022;17:50;1;972;97209;2;1;7;6;ERNEST DEPROGE (RUE);14,6036200000; -61,0716400000
202200046161;6;7;2022;12:10;1;83;83118;2;6;1;3;BOULEVARD JEAN MOULIN;43,4280900000;6,7804700000
202200046162;29;11;2022;18:00;4;49;49007;2;1;1;6;Rue du Château d'Orgemont;47,4541100000; -0,5468100000
202200046163;18;8;2022;08:00;1;33;33544;1;1;1;6;D1215;45,5389250000; -1,0985360000
202200046164;10;6;2022;15:00;1;69;69081;2;1;1;1;Chemin de Charrière Blanche;45,7803400000;4,7699900000
202200046165;17;8;2022;10:00;1;32;32452;1;1;1;6;RD 7;43,8633508101;0,7990407944
202200046166;12;6;2022;18:45;1;83;83141;1;1;1;5;ARCS(ROUTE DES);43,4957400000;6,4895300000
202200046167;30;11;2022;19:30;5;44;44109;2;1;1;2;Pont Georges Clemenceau;47,2015200000; -1,5351500000
202200046168;10;6;2022;17:40;1;2A;2A004;2;1;1;3;NAPOLEON COURS APRES BEVERINI;41,9281529822;8,7386848231
202200046169;18;8;2022;17:20;1;01;01245;1;1;2;6;Route de Neuville (D42);46,1479940000;5,3944850000
202200046170;1;7;2022;12:25;1;82;82121;1;3;1;3;VIGNARNAUD (ROUTE DE);43,9950800000;1,3590800000
202200046171;17;8;2022;22:21;3;72;72383;1;1;9;2;voie de la liberté;48,0898910000;0,5623630000
202200046172;12;6;2022;12:10;1;81;81163;1;1;1;7;RD 118;43,4425700000;2,3384500000
202200046173;30;11;2022;19:08;5;42;42186;2;3;1;6;Rue de Bourgogne;45,5207036733;4,6015915912
202200046174;31;7;2022;18:20;1;06;06010;1;1;1;7;Route de Gourdon;43,6981460000;6,9676490000
202200046175;10;6;2022;01:40;5;2A;2A004;2;3;1;3;STEPHANOPOLI NICEPHORE  DE COMENE BD;41,9186315189;8,7368848821
202200046176;30;11;2022;07:52;5;37;37261;2;1;1;1;VEDRINES (RUE);47,4232800000;0,7054600000
202200046177;13;6;2022;08:15;1;81;81257;2;1;1;6;SAINT ANTOINE ( CH );43,9406300000;2,2027800000
202200046178;30;11;2022;06:20;3;37;37122;1;9;5;6;BOULEVARD PERIPHERIQUE N 585;47,3560582829;0,6456130743
202200046179;10;6;2022;15:45;1;95;95018;2;1;1;6;Avenue du General de Gaulle;48,9402319746;2,2451457381
202200046180;27;7;2022;12:00;1;17;17053;2;9;1;3;Rue Port-Paradis;45,8944400000; -0,7979040000
202200046181;30;11;2022;20:45;5;35;35238;2;1;1;6;PATTON (AVENUE DU GENERAL SIR GEORGES);48,1263200000; -1,6657000000
202200046182;4;7;2022;19:15;1;80;80021;2;2;1;3;ABBAYE (RUE DE L');49,8957100000;2,2814200000
202200046183;10;6;2022;17:17;1;91;91339;2;3;1;6;RUE DE LA DIVISION LECLERC;48,6318100000;2,2661300000
202200046184;30;11;2022;12:15;1;35;35238;2;1;1;3;TILLON (AVENUE CHARLES);48,1246100000; -1,7090700000
202200046185;17;8;2022;08:05;1;37;37151;1;2;1;3;D938;47,4507520000;0,6298550000
202200046186;10;6;2022;18:20;1;91;91312;1;1;1;2;R.N 444;48,7350600000;2,2305500000
202200046187;5;7;2022;13:51;1;80;80379;1;1;1;3;CD 4029;49,8719100000;2,3999300000
202200046188;30;11;2022;11:55;1;33;33249;2;2;1;3;Rue des Cavailles;44,8650808575; -0,5219498277
202200046189;15;8;2022;17:45;1;48;48064;1;1;1;7;D70;44,8238860000;3,1290010000
202200046190;9;7;2022;19:00;1;78;78551;2;1;1;6;PONTOISE (DE);48,8996600000;2,0935800000
202200046191;10;6;2022;16:00;1;91;91201;2;1;1;3;AV DE VILLIERS;48,6827000000;2,4069600000
202200046192;29;11;2022;03:15;5;33;33063;2;1;2;3;Avenue de Labarde;44,8841188157; -0,5501237512
202200046193;7;7;2022;15:42;1;78;78238;2;9;1;6;RENAULT (ROUTE DE);48,9647960000;1,8639600000
202200046194;18;8;2022;11:00;1;52;52337;2;1;8;6;4 Place de la Mairie;48,4582670000;5,2377100000
202200046195;8;6;2022;11:10;1;88;88424;2;1;1;7;MEURTHE (RUE DE LA );48,2675300000;6,9789500000
202200046196;18;8;2022;13:30;1;34;34337;1;1;2;7;M185 Pk 14+390;43,5395890000;3,8913060000
202200046197;7;7;2022;12:25;1;78;78440;2;2;1;2;SEINE (RUE DE);48,9972670000;1,9111390000
202200046198;29;11;2022;18:10;5;19;19031;2;1;1;1;CLEMENCEAU (BOULEVARD);45,1534200000;1,5323100000
202200046199;10;6;2022;09:10;1;87;87085;2;1;1;6;GARIBALDI (AVENUE);45,8322600000;1,2622300000
202200046200;30;11;2022;21:00;5;17;17300;2;1;1;7;SARTRE   AVENUE JEAN-PAUL;46,1565220000; -1,1278260000
202200046201;18;2;2022;06:25;3;33;33392;1;1;1;6;D 10;44,5852710000; -0,2717610000
202200046202;17;8;2022;19:50;1;82;82123;1;1;1;6;BARRIÈRE DE PÉAGE MONTAUBAN SUD;43,9281900000;1,3118790000
202200046203;30;11;2022;14:03;1;13;13214;2;1;1;6;JEAN QUEILLAU (RUE);43,3386900000;5,3847800000
202200046204;10;6;2022;14:00;1;83;83069;2;1;1;3;SALINS ( ROUTE DES VIEUX);43,1150400000;6,1950700000
202200046205;21;2;2022;11:15;1;21;21331;1;1;8;2;A 39 PK 29.070;47,1571550000;5,3726580000
202200046206;30;11;2022;08:10;1;13;13208;2;1;1;3;PRADO (AVENUE DU);43,2682900000;5,3850300000
202200046207;18;8;2022;07:20;2;02;02085;1;1;1;2;;49,0807530000;3,4025000000
202200046208;16;4;2022;15:45;1;80;80001;2;1;1;3;SOLEIL LEVANT (du);50,1089006308;1,8509387961
202200046209;30;11;2022;07:50;1;13;13001;2;2;1;3;PETIT BARTHELEMY (AV DU);43,5192405194;5,4362621860
202200046210;17;8;2022;23:30;3;83;83116;1;1;3;6;Autoroute A8 - PK 56+500;43,4635100000;5,8563350000
202200046211;21;2;2022;15:45;1;68;68162;2;3;2;3;rue de bennwihr;48,1353990000;7,3056190000
202200046212;10;6;2022;11:00;1;78;78517;2;1;1;6;DUBUC (RUE);48,6468980000;1,8276510000
202200046213;30;11;2022;08:20;1;75;75112;2;1;1;7;ECHANGEUR BERCY;48,8266350000;2,3889950000
202200046214;16;8;2022;16:50;1;976;97616;1;1;1;7;Route Departementale 5; -12,8688110000;45,1160650000
202200046215;20;2;2022;19:45;3;35;35097;1;2;1;3;La Basse Tuillerie;48,0346970000; -1,2010660000
202200046216;10;6;2022;13:00;1;76;76484;2;2;1;1;Avenue du Général de Gaulle;49,3428330000;1,0903600000
202200046217;18;8;2022;13:15;1;77;77359;1;1;1;3;Auroute A6, PK43+200 en direction de LYON;48,4840160000;2,5132080000
202200046218;21;2;2022;07:10;2;67;67150;1;1;1;2;D1004;48,6127110000;7,5427150000
202200046219;29;11;2022;10:05;1;75;75119;2;1;1;5;PORTE DE PANTIN;48,8936100000;2,3952870000
202200046220;6;7;2022;13:45;1;77;77450;1;2;1;3;N 19;48,7114800000;2,5813100000
202200046221;10;6;2022;08:00;1;76;76322;2;6;1;2;Avenue Franklin Roosevelt;49,3996223985;1,0561949225
202200046222;17;8;2022;13:35;1;986;98613;1;1;1;1;Alele; -13,2394340000; -176,1814500000
202200046223;29;11;2022;09:15;1;75;75115;2;1;1;7;PORTE DE LA PLAINE;48,8300820000;2,2864170000
202200046224;18;2;2022;15:15;1;59;59260;1;1;6;6;route départementale 947, les moeres;51,0040140000;2,5516280000
202200046225;16;8;2022;08:21;1;11;11322;1;1;1;7;D205;43,0054595617;2,9270919177
202200046226;7;7;2022;02:08;5;77;77449;2;1;1;7;BD DU CHAMP DU MOULIN;48,8489000000;2,7827700000
202200046227;1;12;2022;06:13;5;75;75106;2;2;1;3;RUE DE TOURNON;48,8514650000;2,3370610000
202200046228;10;8;2022;22:40;3;83;83115;1;1;1;6;D25;43,3704920000;6,5963460000
202200046229;19;2;2022;11:40;1;66;66186;2;3;1;1;7 Rue Serrat de Madame;42,6696610000;2,9869860000
202200046230;1;12;2022;17:00;5;75;75119;2;2;1;6;RUE MANIN;48,8832080000;2,3879250000
202200046231;10;6;2022;14:35;1;74;74298;2;1;1;6;BONNEVILLE (ROUTE DE );46,1772500000;6,2438300000
202200046232;10;7;2022;08:08;1;76;76322;2;2;1;2;Boulevard Maurice Ravel;49,4080100000;1,0458500000
202200046233;17;8;2022;10:05;1;08;08081;1;1;1;1;ROUTE DÉPARTEMENTALE 1;49,8449850000;4,7646760000
202200046234;9;7;2022;18:15;1;76;76319;2;1;1;6;Rue des Mesliers;49,3578070000;1,0133770000
202200046235;21;2;2022;04:15;3;67;67325;1;1;3;6;D 392;48,5250890000;7,3542520000
202200046236;1;12;2022;19:45;5;75;75118;2;4;1;3;BOULEVARD DE CLICHY;48,8834290000;2,3342800000
202200046237;18;8;2022;10:15;1;68;68089;1;1;2;7;D13 bis 1;47,9194410000;6,9445720000
202200046238;21;2;2022;12:00;1;33;33236;2;1;1;6;43 Avenue du General de Gaulle;44,7418440000; -1,1844440000
202200046239;30;11;2022;19:30;5;75;75116;2;2;1;6;AVENUE KLEBER;48,8690040000;2,2915670000
202200046240;9;7;2022;06:15;1;76;76540;2;2;1;1;Rue du Vieux Palais;49,4418400000;1,0862200000
202200046241;9;6;2022;19:10;1;72;72181;2;3;1;2;BOLLEE (AV) N° PAIRS 154 A 222;47,9972858338;0,2173411844
202200046242;17;8;2022;18:50;1;67;67300;2;3;1;3;Avenue de la Gare;48,5375510000;7,4987380000
202200046243;21;2;2022;11:23;1;71;71014;1;1;2;1;Avenue du Commandant Neucheze;46,9582680000;4,2612230000
202200046244;1;12;2022;20:36;5;75;75110;2;2;1;3;BOULEVARD DE LA VILLETTE;48,8720180000;2,3768030000
202200046245;9;7;2022;09:00;1;76;76108;2;1;7;2;Route de Neufchâtel;49,4845400000;1,1354500000
202200046246;9;6;2022;15:40;1;72;72181;1;1;1;6;PATTON GENERAL RTE BAUGE A CHEMIN RONDE;48,0285900000;0,1782600000
202200046247;20;2;2022;17:43;2;89;89485;1;1;3;7;D606;47,5656750000;3,7805660000
202200046248;16;8;2022;21:00;2;42;42064;1;1;2;6;Route de Pélussin;45,4441520000;4,6971920000
202200046249;9;6;2022;11:35;1;72;72181;2;1;1;7;PREMARTINE (RUE) N° IMP 43 A 181;48,0087700000;0,2182200000
202200046250;13;8;2022;10:25;1;07;07075;1;1;1;6;Route des Vestides;44,7782430000;4,1183030000
202200046251;1;12;2022;19:20;5;75;75110;2;1;1;6;BOULEVARD DE MAGENTA;48,8825810000;2,3504240000
202200046252;10;6;2022;08:10;1;71;71153;2;1;1;7;PRES (RUE DES);46,8096552548;4,4304674864
202200046253;20;2;2022;08:20;2;12;12119;1;1;5;6;D15;44,6735360000;2,9100890000
202200046254;18;8;2022;11:30;1;65;65006;1;1;2;7;D113;42,9051580000;0,3011370000
202200046255;7;7;2022;18:15;1;76;76540;2;2;1;3;Avenue Jean Rondeaux;49,4389400000;1,0800200000
202200046256;1;12;2022;02:13;5;75;75110;2;5;1;3;BOULEVARD DE MAGENTA;48,8804960000;2,3523040000
202200046257;10;6;2022;06:30;1;69;69290;2;1;1;6;Route de Mions;45,6846600000;4,9476300000
202200046258;20;2;2022;14:30;1;68;68074;2;2;1;3;Rue de Dannemarie;47,4849610000;7,2410520000
202200046259;5;7;2022;18:00;1;76;76351;2;1;1;3;VERDUN (RUE DE);49,5024020000;0,1766700000
202200046260;30;11;2022;20:48;5;75;75108;2;1;1;6;VOIE GEORGES POMPIDOU;48,8647010000;2,3079630000
202200046261;3;2;2022;19:00;2;29;29030;1;1;2;6;D35 - Lieu Dit Peren;48,6313200000; -4,1203880000
202200046262;18;8;2022;01:15;3;60;60086;1;1;1;7;D603;49,1684460000;2,3441690000
202200046263;10;6;2022;12:39;1;66;66136;2;2;1;6;CLEMENCEAU (BOULEVARD);42,7006747133;2,8910739720
202200046264;12;6;2022;17:20;1;76;76351;2;6;1;3;VAUBAN;49,4889400000;0,1198700000
202200046265;16;8;2022;20:20;2;80;80395;2;1;3;6;6 Route d Andechy;49,7040520000;2,6631390000
202200046266;1;12;2022;08:25;1;94;94068;2;2;1;3;LOUIS BLANC (AV);48,7910000000;2,4960000000
202200046267;21;2;2022;13:15;1;29;29047;1;1;6;1;Moulin de Rivoalen;48,5175570000; -4,3592260000
202200046268;10;6;2022;13:10;1;76;76481;1;1;1;2;D6382;49,5329507937;0,1153805852
202200046269;10;6;2022;07:38;1;66;66136;2;6;1;3;DESNOYE (BOULEVARD DR. JOSEPH);42,7107600000;2,8847100000
202200046270;17;8;2022;20:55;5;59;59249;2;1;1;7;Route Forestière des Étangs (Pont);50,0050690000;4,0822400000
202200046271;18;2;2022;12:00;1;31;31424;2;9;1;7;route de Toulouse;43,5687470000;1,3041840000
202200046272;9;6;2022;20:34;1;66;66136;2;1;1;1;PAS-DE-LA-PAILLE (CHEMIN DU);42,6861700000;2,8662700000
202200046273;29;11;2022;12:00;1;94;94042;2;2;8;3;MARECHAL LECLERC (BD DU);48,8170600000;2,4671300000
202200046274;17;8;2022;02:27;3;13;13071;1;1;1;2;A7-Sens Lyon vers Marseille;43,4038035787;5,3036896884
202200046275;20;2;2022;11:15;1;03;03170;1;1;8;6;route de Cosne d'Allier;46,5246190000;3,1212970000
202200046276;8;6;2022;11:10;1;66;66136;1;1;1;3;D 616;42,7099200000;2,8695100000
202200046277;1;12;2022;12:00;1;94;94043;2;2;1;3;GABRIEL PERI (R);48,8061500000;2,3458400000
202200046278;17;8;2022;13:55;1;57;57498;1;1;1;6;Autoroute A30;49,3294200000;6,0189400000