Num_Acc;jour;mois;an;hrmn;lum;dep;com;agg;int;atm;col;adr;lat;long
202200046279;8;7;2022;18:15;1;74;74119;2;1;7;6;JAURES (BOULEVARD JEAN);46,3990000000;6,5930000000
202200046280;1;12;2022;19:00;5;93;93078;2;1;1;3;Robert Ballanger;48,9541846394;2,5214803219
202200046281;8;7;2022;19:25;1;74;74218;2;1;7;6;VIRY (RUE DU CLOS);46,3928000000;6,5365900000
202200046282;29;11;2022;09:15;1;93;93029;2;1;1;6;Avenue Henri Barbusse;48,9171105821;2,4456757307
202200046283;17;8;2022;14:40;1;33;33249;1;1;2;2;ROUTE NATIONALE 230;44,8751500000; -0,5078400000
202200046284;10;6;2022;11:20;1;64;64445;2;1;1;4;MARTYRS DU PONT LONG DES;43,3394010000; -0,3797270000
202200046285;21;2;2022;16:15;1;50;50008;2;1;1;7;Village aux Telliers;48,8427670000; -1,5332690000
202200046286;7;7;2022;17:20;1;74;74012;2;3;1;3;BARON DE LOE (RUE DU);46,1928800000;6,2288700000
202200046287;17;8;2022;10:35;1;33;33143;1;1;1;2;AUTOROUTE A 10;44,9736838814; -0,4341959953
202200046288;20;2;2022;22:45;3;50;50436;1;1;2;7;D977;48,6302280000; -0,9727620000
202200046289;1;12;2022;08:05;1;93;93057;2;3;1;3;Allée Cabrolier / Allée du Colonel Fabien;48,9115000000;2,5033200000
202200046290;9;6;2022;07:45;1;64;64125;1;1;1;3;Rue de la Chapelle;43,4331600000; -1,5859200000
202200046291;16;2;2022;01:20;5;18;18197;2;1;1;6;2 Avenue de la République;46,7250840000;2,5065620000
202200046292;4;8;2022;19:10;1;33;33063;1;1;1;2;ROCADE A 630;44,8836360000; -0,5561430000
202200046293;13;6;2022;07:10;1;74;74012;2;4;1;3;ROMAGNY (RUE DE);46,1972200000;6,2486400000
202200046294;1;12;2022;15:00;1;92;92064;2;1;1;3;CARNOT;48,8422209318;2,2224901914
202200046295;10;6;2022;16:00;1;64;64024;2;1;1;1;LAROCHEFOUCAULD (AVENUE DE);43,4875100000; -1,5353900000
202200046296;17;8;2022;20:00;1;91;91471;1;1;2;7;RN 118;48,6979200000;2,1915200000
202200046297;21;2;2022;15:15;1;36;36074;2;1;1;1;Route de Chatillon;47,0172120000;1,1106540000
202200046298;13;6;2022;11:35;1;74;74010;2;1;1;3;BROGNY (AVENUE DE) (SECTEUR 110);45,9061000000;6,1261300000
202200046299;30;11;2022;13:50;1;92;92064;2;7;1;3;PALAIS;48,8402446014;2,2198763788
202200046300;21;2;2022;14:00;1;40;40201;1;1;1;3;Route de Larbey;43,7353830000; -0,7414700000
202200046301;9;6;2022;13:11;1;63;63164;2;6;1;3;CHARME (RUE DE LA);45,8133767810;3,1361567974
202200046302;16;8;2022;21:30;5;75;75116;1;1;1;3;A13Y;48,8484800000;2,2455400000
202200046303;8;7;2022;13:30;1;72;72181;2;1;1;6;BOLLEE (AV) N° IMP 65 A 199;48,0013000000;0,2105600000
202200046304;1;12;2022;08:05;1;92;92063;2;3;1;3;DIX-HUIT JUIN 1940 (AVENUE DU) EST;48,8686600000;2,1887000000
202200046305;6;7;2022;10:52;1;72;72181;2;1;1;6;BOLLEE (AV) N° PAIRS 224 ET >;47,9968710297;0,2210203468
202200046306;7;6;2022;09:30;1;62;62193;2;3;8;6;LHEUREUX (RUE L.);50,9418230000;1,8693920000
202200046307;1;12;2022;11:15;1;92;92050;2;4;1;6;CASTEL MARLY RUE DU;48,8891786947;2,1954470873
202200046308;20;2;2022;19:35;3;40;40061;1;1;1;6;Route d Aurice;43,8547070000; -0,6261780000
202200046309;17;8;2022;08:00;1;93;93005;1;1;1;2;AUTOROUTE A3;48,9668839738;2,4759693423
202200046310;1;12;2022;09:32;1;92;92022;1;1;1;6;Etoile du Pavé de MEUDON;48,8023990000;2,2038540000
202200046311;5;7;2022;20:30;1;72;72181;2;1;1;3;REMBRANDT (AV);47,9751000000;0,2130200000
202200046312;9;6;2022;19:30;1;61;61169;2;1;1;1;JOSEPH MORIN (RUE);48,7457500000; -0,5525000000
202200046313;17;8;2022;01:50;3;77;77468;1;1;1;2;RN104;48,8477170259;2,6620253413
202200046314;1;12;2022;18:15;5;92;92044;2;1;1;6;ANA.FRANCE(RUE) 141+ ET 126 +;48,8929411927;2,2842716575
202200046315;21;2;2022;17:00;1;27;27407;1;2;6;3;D14b;49,3087600000;1,4588260000
202200046316;1;12;2022;18:10;5;92;92012;2;1;1;6;EDOUARD VAILLANT (AVENUE) DEBUT/56 - COT;48,8347500000;2,2468400000
202200046317;8;7;2022;15:10;1;71;71499;2;2;1;3;JEAN ZAY (RUE);46,6453860000;4,2942020000
202200046318;10;6;2022;16:15;1;61;61001;2;1;1;2;REPUBLIQUE (BOULEVARD DE LA);48,4245300000;0,0906600000
202200046319;6;4;2022;14:30;1;27;27602;2;3;1;1;Allée Léon Bourgeois;49,0128900000;1,0904520000
202200046320;1;12;2022;13:45;1;92;92009;2;3;8;6;CHARLES-DE-GAULLE ( AVENUE );48,9169270000;2,2730460000
202200046321;21;2;2022;15:34;1;27;27116;1;9;1;1;D438;49,1878960000;0,7099590000
202200046322;9;6;2022;17:00;1;59;59574;2;3;1;3;DEVEMY PHILIPPE(RUE);50,3660782844;3,2729639858
202200046323;5;7;2022;13:40;1;71;71499;2;2;1;3;JEAN LAVILLE (RUE);46,6465260000;4,2939830000
202200046324;16;8;2022;21:20;5;69;69388;2;1;1;6;Avenue Paul Santy;45,7279565468;4,8778398335
202200046325;21;2;2022;10:45;1;30;30152;1;1;1;7;D904;44,2319550000;4,1627450000
202200046326;30;11;2022;09:20;1;92;92004;1;1;1;6;BRETAGNE ( RUE DE );48,9046620000;2,2838270000
202200046327;11;6;2022;17:15;1;71;71306;2;1;1;6;MARIGNY (RUE DE);46,6773500000;4,3742600000
202200046328;21;2;2022;05:30;3;52;52391;1;1;1;7;D153a;48,5253880000;4,7991370000
202200046329;16;8;2022;08:15;1;63;63113;2;1;1;6;CLOS FOUR (RUE DU);45,7881100000;3,1009700000
202200046330;9;6;2022;15:06;1;57;57283;2;3;1;3;MARSEILLAISE (RUE DE LA);49,2443400000;6,1469400000
202200046331;16;8;2022;08:55;1;974;97411;1;1;1;7;GRENADINES (SENTIER DES); -20,9006900000;55,4061800000
202200046332;2;12;2022;20:30;5;974;97415;2;1;1;3;319 Chaussee Royale; -20,9942830000;55,2864060000
202200046333;7;7;2022;08:10;1;71;71153;2;4;1;3;SAINT FIRMIN (RUE DE);46,8116700000;4,4349100000
202200046334;10;6;2022;08:55;1;54;54578;2;3;1;2;AIGUILLETTES  (BD 5 A 73-2 A 94);48,6688562642;6,1609429121
202200046335;21;2;2022;01:00;5;31;31580;2;1;1;2;D19, PR 026+300;43,4580120000;1,3810590000
202200046336;10;7;2022;22:00;5;69;69256;2;1;1;6;Chemin de la Godille;45,7827900000;4,9144100000
202200046337;15;8;2022;09:45;1;974;97411;1;6;1;7;JAURES (BOULEVARD JEAN); -20,8993700000;55,4796500000
202200046338;10;6;2022;07:00;1;54;54578;2;2;1;3;HAUSSONVILLE (BD D');48,6761200000;6,1627700000
202200046339;20;2;2022;22:00;3;974;97418;1;1;6;2;RN2- PR 17+050; -20,8976260000;55,5751560000
202200046340;9;7;2022;19:54;1;69;69256;2;9;7;6;Avenue des Canuts;45,7610200000;4,9227300000
202200046341;1;12;2022;16:50;1;24;24449;1;2;1;3;Route départementale D6089;45,0220930000;0,2458410000
202200046342;16;8;2022;18:45;1;69;69386;2;2;1;3;Rue des Charmettes;45,7651900000;4,8671100000
202200046343;10;6;2022;19:15;1;51;51454;2;2;1;7;avenue du Général De Gaulle;49,2462500000;4,0184400000
202200046344;8;7;2022;19:45;1;69;69256;2;2;1;1;Chemin du Gabugy;45,7715200000;4,9169500000
202200046345;13;2;2022;11:50;1;973;97305;1;9;1;6;Macouria;4,9614960000; -52,4333450000
202200046346;1;12;2022;18:20;3;01;01443;1;1;1;6;;45,9952620000;5,0371670000
202200046347;10;6;2022;17:50;1;51;51454;2;1;1;2;avenue de Champagne;49,2281800000;4,0308300000
202200046348;16;8;2022;16:40;1;69;69081;2;1;1;5;Route de Champagne;45,7823600000;4,7800100000
202200046349;22;11;2022;17:30;3;22;22048;2;3;1;1;Rue de la Baye;48,4786820000; -2,1674560000
202200046350;8;7;2022;18:30;1;69;69256;2;3;1;3;Route de Genas;45,7466306441;4,9251635374
202200046351;19;2;2022;09:30;1;45;45335;1;1;1;5;D14 - PR 22 + 250;47,8043640000;2,1186230000
202200046352;10;6;2022;07:26;1;51;51454;2;1;1;7;rue Saint Thierry;49,2654000000;4,0215000000
202200046353;27;11;2022;05:54;2;49;49371;1;1;1;7;D960;47,1129630000; -0,7332730000
202200046354;15;8;2022;16:40;1;69;69034;2;1;1;3;Rue Pasteur;45,7917100000;4,8435600000
202200046355;19;2;2022;16:00;1;78;78548;1;9;1;3;La Haute Beauce;48,7111550000;1,9903650000
202200046356;6;7;2022;19:40;1;69;69266;2;3;1;3;Allée du Frère Benoit;45,7866200000;4,8875500000
202200046357;11;6;2022;02:26;5;49;49007;2;2;1;3;PLANTAGENET;47,4731700000; -0,5552400000
202200046358;15;8;2022;17:05;1;83;83137;2;1;1;6;REPUBLIQUE (AVE DE LA);43,1186000000;5,9353300000
202200046359;26;11;2022;11:30;1;972;97207;2;1;1;1;Route de Morne Vert;14,5881420000; -60,9551420000
202200046360;6;7;2022;07:00;1;69;69256;2;2;1;3;Route de Genas;45,7473146088;4,9232165423
202200046361;10;6;2022;08:45;1;49;49267;2;1;1;1;VILLECHIEN;47,4608000000; -0,5135900000
202200046362;20;2;2022;00:30;3;89;89298;1;1;2;2;A19;48,0445830000;3,1161380000
202200046363;2;12;2022;02:55;3;11;11203;1;1;1;6;;43,2233160000;2,7575040000
202200046364;15;8;2022;19:00;1;83;83123;2;1;1;6;JEAN JAURES (AVENUE);43,1172530000;5,8036070000
202200046365;6;7;2022;04:40;2;69;69271;2;2;1;3;Route de Lyon;45,7401900000;4,9520400000
202200046366;20;2;2022;19:40;5;57;57073;2;1;2;1;Route Nationale;49,1390560000;6,7983910000
202200046367;1;12;2022;18:25;3;86;86226;1;1;1;4;RD 951;46,5588440000;0,4867480000
202200046368;21;2;2022;11:15;1;42;42222;1;1;2;1;Route de Chazelles;45,6219320000;4,3395570000
202200046369;10;6;2022;13:00;1;47;47201;2;1;1;5;MARNE (AV. DE LA);44,1947800000;0,6076900000
202200046370;10;7;2022;17:15;1;69;69029;2;3;1;3;Route de Genas;45,7506900000;4,9092700000
202200046371;1;12;2022;17:40;2;56;56052;2;6;1;3;23 Rue du Loch;47,5182912000; -2,5686782000
202200046372;10;6;2022;09:25;1;44;44184;2;1;2;6;188 Rue de Pornichet;47,2646100000; -2,2271500000
202200046373;16;8;2022;00:35;5;79;79191;2;1;1;2;;46,3339600000; -0,4312900000
202200046374;8;7;2022;17:40;1;69;69259;2;1;1;3;Boulevard Laurent Bonnevay;45,7198300000;4,8801000000
202200046375;1;12;2022;21:30;5;31;31150;2;3;1;3;Avenue Jean Mermoz;43,6457730000;1,3156500000
202200046376;21;2;2022;12:20;1;79;79049;1;1;2;7;Lieu Dit Bel Air (Saint-Sauveur);46,8211210000; -0,4474600000
202200046377;16;8;2022;11:00;1;76;76322;2;1;1;6;Avenue des Provinces;49,4083400000;1,0507300000
202200046378;10;6;2022;16:10;1;44;44162;1;1;7;3;Chemin de la Gournerie;47,2487600000; -1,6343800000
202200046379;8;7;2022;19:15;1;69;69091;2;1;1;7;Chemin de la Lône;45,5728900000;4,7956700000
202200046380;2;12;2022;09:25;1;80;80410;2;1;8;6;59 rue allendé;49,7513830000;3,0665640000
202200046381;18;2;2022;22:00;3;35;35218;1;4;1;6;"""la Variais""";47,9377640000; -1,5887980000
202200046382;13;8;2022;13:50;1;76;76351;2;1;1;6;CLEMENCEAU (BD);49,4904100000;0,0973800000
202200046383;12;2;2022;11:50;1;60;60195;1;1;1;7;D915;49,2260620000;1,8299530000
202200046384;9;6;2022;08:13;1;41;41018;2;1;1;5;GUTEMBERG (RUE);47,6046860000;1,3121810000
202200046385;7;7;2022;14:15;1;69;69096;2;3;7;3;Avenue Marcelin Berthelot;45,5975500000;4,7820700000
202200046386;20;2;2022;17:00;1;59;59571;1;1;6;7;D113;50,1812430000;3,4800400000
202200046387;30;11;2022;13:40;1;89;89428;2;2;1;3;Route de Courtenay;48,2249050000;3,0306390000
202200046388;16;8;2022;18:35;1;73;73065;1;1;1;3;RN201;45,5836771494;5,9107736275
202200046389;8;7;2022;11:30;1;68;68376;2;2;1;2;KINGERSHEIM (RUE DE);47,8031800000;7,3373000000
202200046390;1;12;2022;18:15;3;89;89391;1;1;1;1;D976;48,3606400000;3,2325550000
202200046391;20;2;2022;12:20;1;13;13214;1;1;1;2;A7-Sens Lyon vers Marseille;43,3402600000;5,3777600000
202200046392;2;12;2022;13:15;1;89;89134;2;1;8;6;grande rue;47,4695280000;4,0304080000
202200046393;10;6;2022;18:00;1;37;37122;2;1;1;5;VOIE COMMUNALE 300 LIEUDIT BOUCHARDIERE;47,3373988656;0,6692808867
202200046394;16;8;2022;22:53;5;69;69266;2;1;1;6;Rue Racine;45,7665700000;4,8780500000
202200046395;6;7;2022;19:15;1;67;67482;2;3;1;3;ALPES (QUAI DES);48,5743100000;7,7711800000
202200046396;19;2;2022;23:33;3;13;13026;1;1;1;3;A55-Sens Martigues vers Marseille;43,4029480928;5,1094794273
202200046397;2;12;2022;18:10;3;61;61309;1;1;1;3;D955;48,3628430000;0,6583110000
202200046398;10;6;2022;08:45;1;37;37261;2;3;1;3;CHURCHILL (BOULEVARD WINSTON);47,3733699829;0,6912079453
202200046399;6;7;2022;01:37;3;67;67043;1;1;1;6;SOUFFEL (CHEMIN DE LA);48,6306600000;7,7786000000
202200046400;15;8;2022;16:00;1;67;67180;2;1;2;3;WINTERSHOUSE (ROUTE DE);48,8080500000;7,7700700000
202200046401;20;2;2022;17:45;5;69;69382;1;1;1;3;Route de Métropole 6;45,7494900000;4,8273000000
202200046402;20;2;2022;00:50;3;93;93027;1;1;1;6;AUTOROUTE A86;48,9258700000;2,3994400000
202200046403;10;6;2022;16:40;1;35;35238;2;2;1;3;NANTES (DE);48,1018400000; -1,6841300000
202200046404;30;11;2022;18:09;3;25;25305;1;1;1;5;N57;47,1784980000;6,2038850000
202200046405;14;8;2022;22:40;3;65;65440;2;1;1;2;N21;43,2222000000;0,0544000000
202200046406;5;7;2022;16:30;1;67;67482;2;3;1;3;MARCEL PROUST (RUE);48,5900200000;7,7155700000
202200046407;10;6;2022;01:45;3;35;35281;2;6;1;6;RD 634;48,0741509434; -1,7119748890
202200046408;1;12;2022;18:10;3;44;44102;1;1;1;1;les Landes;47,0595960000; -1,4460070000
202200046409;5;7;2022;14:00;1;67;67482;2;1;1;3;SCHIRMECK (ROUTE DE);48,5637900000;7,7045800000
202200046410;20;2;2022;00:30;5;93;93066;1;1;1;5;AUTOROUTE A1;48,9218000000;2,3573600000
202200046411;14;8;2022;01:40;5;63;63113;2;2;1;3;FLAUBERT (BD GUSTAVE);45,7645000000;3,1256400000
202200046412;1;11;2022;06:45;3;31;31106;1;1;3;6;LABARTHE;43,5474140000;1,7589590000
202200046413;10;6;2022;10:00;1;33;33192;2;3;1;3;Route de Pessac;44,7740100000; -0,6213200000
202200046414;19;2;2022;15:20;1;95;95018;1;1;1;6;A15;48,9623760000;2,2669930000
202200046415;5;7;2022;11:55;1;67;67482;2;1;1;2;TITE LIVE (RUE);48,5818400000;7,7012400000
202200046416;12;8;2022;10:40;1;63;63014;2;1;1;2;ROUSSILLON (AVENUE DU);45,7565775196;3,1280511618
202200046417;8;7;2022;08:14;1;66;66136;2;1;1;6;WILSON (BOULEVARD THOMAS);42,7021688446;2,8968138993
202200046418;29;11;2022;11:40;1;02;02010;1;3;5;1;;49,4601190000;3,4446000000
202200046419;18;2;2022;17:30;1;93;93066;1;1;1;2;AUTOROUTE A1;48,9308600000;2,3677500000
202200046420;9;6;2022;14:50;1;33;33550;2;3;1;3;Rue Raymond Poincaré;44,7674100000; -0,5706600000
202200046421;1;12;2022;14:00;1;03;03276;1;1;1;7;RD 37;46,1521040000;3,0610280000
202200046422;10;8;2022;09:00;1;63;63014;2;1;1;1;TURING (ALLEE ALAN);45,7585500000;3,1332700000
202200046423;6;7;2022;17:09;1;66;66136;2;3;1;3;LANGUEDOC (AVENUE DU CD 88);42,7361400000;2,8905800000
202200046424;20;2;2022;09:20;1;94;94069;1;1;1;2;A4;48,8175900000;2,4202400000
202200046425;9;6;2022;07:30;1;29;29232;2;1;1;6;Avenue des Glenan;47,9957300000; -4,1142100000
202200046426;1;12;2022;17:55;3;14;14034;1;2;1;3;D36;49,0851100000; -0,4798330000
202200046427;10;8;2022;22:30;4;63;63113;2;2;1;1;DE LATTRE DE TASSIGNY (RUE MAL);45,7758097328;3,0853933096
202200046428;5;7;2022;18:25;1;66;66136;2;1;1;6;place du canigou;42,6848400000;2,9022800000
202200046429;19;2;2022;20:20;3;77;77181;1;1;1;2;A4;48,8290000000;2,7199000000
202200046430;10;6;2022;19:45;1;29;29019;2;1;1;3;boulevard des Francais Libres;48,3850720000; -4,4941040000
202200046431;1;12;2022;18:00;5;14;14257;2;3;1;7;D8;49,0984010000; -0,5058670000
202200046432;19;2;2022;16:00;1;92;92051;2;1;1;6;GENERAL KOENIG (BOULEVARD DU);48,8791134366;2,2495335638
202200046433;16;8;2022;18:52;1;62;62270;2;3;1;3;D341;50,4685760000;2,5113520000
202200046434;10;6;2022;13:20;1;29;29019;2;1;1;6;boulevard Léon Blum;48,4049680000; -4,4846110000
202200046435;12;6;2022;20:55;2;66;66136;2;3;1;3;WALDECK-ROUSSEAU (RENE);42,6942424422;2,9019664228
202200046436;1;12;2022;19:15;5;64;64060;1;1;1;6;RD802;43,3181700000; -0,4632150000
202200046437;19;2;2022;06:00;2;974;97411;2;9;1;6;RIVIERE DES PLUIES (ROUTE DE LA); -20,9022900000;55,5031000000
202200046438;8;6;2022;12:30;1;28;28134;2;1;1;1;PASTRE (RUE);48,7346200000;1,3727000000
202200046439;15;8;2022;22:59;3;62;62263;1;1;1;6;RN 25;50,2903070000;2,7157070000
202200046440;8;7;2022;17:47;1;65;65440;1;1;1;6;ALSACE LORRAINE (AVENUE);43,2594440000;0,0718970000
202200046441;1;12;2022;19:00;3;10;10113;1;1;8;6;D4;48,2163270000;4,6806850000
202200046442;12;8;2022;20:35;1;57;57019;2;1;1;6;CLEMENCEAU (RUE);49,2565936492;6,1303264531
202200046443;19;2;2022;12:00;1;973;97302;2;1;1;3;BADUEL (ROUTE DE);4,9343000000; -52,3110000000
202200046444;27;11;2022;18:20;5;85;85234;2;1;2;7;8 Avenue de la forêt;46,7833630000; -2,0668460000
202200046445;13;6;2022;08:40;1;65;65440;2;1;1;6;PEREIRE (RUE EMILE);43,2385000000;0,0810920000
202200046446;3;6;2022;17:55;1;19;19031;2;1;1;6;ALVITRE (AVENUE ABBE);45,1531291973;1,5075184106
202200046447;15;8;2022;20:40;1;56;56121;2;1;1;6;D465 Desserte Portuaire;47,7470200000; -3,3866800000
202200046448;30;11;2022;12:25;1;85;85284;2;1;1;6;79 Route de massotte;46,8045601428; -1,8896082044
202200046449;19;2;2022;09:20;1;973;97302;2;1;1;6;DE GAULLE (AVENUE);4,9385255049; -52,3327115178
202200046450;9;7;2022;09:58;1;64;64260;2;6;1;6;Boulevard du Général Leclerc;43,3715300000; -1,7735300000
202200046451;10;6;2022;23:10;5;14;14118;2;1;1;1;Boulevard Yves Guillou;49,1719600000; -0,3860000000
202200046452;1;12;2022;18:00;3;38;38416;1;1;1;2;A49, pk 033+500;45,1364330000;5,3263250000
202200046453;13;8;2022;01:16;3;56;56121;2;1;1;2;D465 Desserte Portuaire;47,7601600000; -3,3833300000
202200046454;18;2;2022;14:00;1;69;69259;2;2;1;1;Boulevard Ambroise Croizat;45,7031100000;4,8874600000
202200046455;10;6;2022;16:35;1;13;13207;2;2;1;3;CORSE (AVENUE DE LA);43,2887800000;5,3606700000
202200046456;9;7;2022;04:20;3;64;64284;2;1;1;6;VIGNATS;43,2840800000; -0,3984200000
202200046457;24;11;2022;04:55;3;67;67043;1;1;2;2;Rue des Trois Maires;48,6354470000;7,7791300000
202200046458;18;2;2022;23:40;5;972;97209;2;1;2;7;BALATA (ROUTE DE);14,6494200000; -61,0778400000
202200046459;6;7;2022;09:05;1;64;64445;2;1;1;6;CORPS FRANC POMMIES DU;43,3068200000; -0,3346700000
202200046460;18;11;2022;04:30;5;69;69244;2;1;1;6;Boulevard des Hespérides;45,7646190000;4,7859890000
202200046461;14;8;2022;15:55;1;55;55545;2;1;1;1;VOIE SACREE;49,1585000000;5,3659900000
202200046462;10;6;2022;10:00;1;13;13206;2;3;1;2;PIERRE PUGET (COURS);43,2904700000;5,3756600000
202200046463;18;2;2022;19:30;5;69;69389;2;1;6;1;Pont Georges Clémenceau;45,7748568141;4,8093511322
202200046464;1;12;2022;19:25;3;986;98613;2;9;1;5;TEPA; -13,3193620000; -176,1899540000
202200046465;4;7;2022;16:45;1;64;64122;2;3;2;3;Avenue de la Marne;43,4840800000; -1,5490900000
202200046466;15;8;2022;16:20;1;54;54395;2;2;1;3;AUSTRASIE (BOULEVARD);48,6899295928;6,2028669119
202200046467;28;11;2022;04:05;3;977;97701;1;1;1;7;D209 - COUPE GORGE;17,9025260000; -62,8324410000
202200046468;10;6;2022;13:10;1;13;13047;1;1;1;5;;43,5497811605;4,9570588503
202200046469;9;7;2022;20:10;1;64;64102;2;1;1;6;Avenue Maréchal Soult;43,4842000000; -1,4987600000
202200046470;19;2;2022;14:10;1;2A;2A004;2;1;1;6;MARECHAL JUIN AVENUE;41,9372580631;8,7507924808
202200046471;2;12;2022;07:00;3;77;77352;1;1;2;1;Rue de Guignes;48,6532400000;2,7720250000
202200046472;16;8;2022;15:05;1;51;51454;2;2;1;3;rue Cérès;49,2569700000;4,0381100000
202200046473;10;6;2022;20:35;1;13;13005;2;2;1;3;VERRIERS (ALLEE DES);43,2954400000;5,5697000000
202200046474;19;2;2022;19:10;5;91;91027;2;1;1;3;RUE EDOUARD VAILLANT;48,7056800000;2,3932800000
202200046475;9;7;2022;22:58;3;64;64140;2;1;1;1;Rue Paul Biremont;43,5236000000; -1,4923000000
202200046476;2;12;2022;12:00;1;78;78513;1;9;1;1;Route de Galluis D155;48,8003090000;1,7824780000
202200046477;14;8;2022;15:15;1;50;50129;2;1;1;3;MEDERIC (RUE);49,6418600000; -1,5900700000
202200046478;10;6;2022;08:15;1;13;13005;2;1;1;1;NATIONALE 8 DE PARIS A TOULON (ROUTE);43,2841500000;5,5444100000
202200046479;16;8;2022;09:10;1;45;45004;1;1;1;1;D2060 PK 23 + 0;48,0049660000;2,8033810000
202200046480;19;2;2022;05:00;5;83;83034;2;1;1;1;RUE JEAN JAURES;43,0931200000;6,0763520000
202200046481;19;11;2022;09:45;1;2B;2B042;2;1;1;6;"Parking nord centre commercial ""Carrefour Market""";42,5515070000;9,4412360000
202200046482;8;7;2022;22:50;5;64;64024;2;3;1;3;BIARRITZ (AVENUE DE);43,4801900000; -1,5225600000
202200046483;9;6;2022;12:45;1;11;11069;2;1;1;3;MUSSET ALFRED -ET IMPASSE-;43,2213000000;2,3445000000
202200046484;30;11;2022;16:20;1;66;66180;2;1;1;6;;42,7718910729;3,0050477386
202200046485;16;8;2022;11:35;1;38;38185;2;3;1;1;AVENUE D'INNSBRUCK;45,1572100000;5,7338300000
202200046486;17;11;2022;21:15;3;06;06128;1;1;1;1;Route de Cagnes;43,6826850000;7,1317150000
202200046487;19;2;2022;19:50;3;78;78551;1;1;1;5;RD 308;48,9398800000;2,1006800000
202200046488;10;6;2022;08:30;1;10;10387;2;6;1;3;MAJOR GENERAL VANIER (AVENUE);48,3084700000;4,0685790000
202200046489;1;12;2022;22:40;3;05;05181;1;1;1;6;D1091;45,0458020000;6,3283930000
202200046490;8;7;2022;21:40;1;64;64024;2;1;1;2;Avenue de l' Adour;43,5105700000; -1,4998400000
202200046491;19;2;2022;19:05;5;78;78440;2;1;1;6;PAUL RAOULT (AVENUE);48,9814000000;1,9125000000
202200046492;1;12;2022;09:02;1;38;38111;2;9;1;6;Chemin des Violettes;45,1194570000;5,6913700000
202200046493;6;7;2022;15:20;1;64;64102;2;1;1;7;Avenue Maréchal Soult;43,4854970000; -1,4925650000
202200046494;16;8;2022;11:00;1;37;37122;1;6;1;2;RD 86 DE MONTS à TOURS;47,3231887636;0,6622481346
202200046495;2;12;2022;07:45;2;26;26179;2;6;2;3;Départementale 532;45,0703000000;4,8647550000
202200046496;10;6;2022;23:25;5;10;10362;2;2;1;2;GENERAL GALLIENI (RUE DU);48,2929873460;4,0472468734
202200046497;14;8;2022;20:42;1;34;34032;2;1;1;7;Avenue Colonel d'Ornano;43,3388300000;3,2099300000
202200046498;1;12;2022;13:45;1;69;69141;1;1;1;1;Route du Logis Neuf;45,6105780000;4,6981730000
202200046499;10;6;2022;05:05;5;07;07102;2;1;1;7;;44,9383200000;4,8689400000
202200046500;15;8;2022;02:30;5;29;29039;2;1;1;7;Avenue de la Gare;47,8787700000; -3,9200000000
202200046501;6;7;2022;13:50;1;64;64102;2;1;1;4;Avenue de l'Aquitaine;43,4874800000; -1,4615900000
202200046502;19;2;2022;13:30;1;77;77494;1;1;1;6;Route de Valence;48,4203200000;2,8795400000
202200046503;1;12;2022;18:00;3;33;33177;1;1;1;2;43 Route de Soulac;45,3359930000; -0,9765440000
202200046504;10;6;2022;18:55;1;06;06083;2;1;1;6;ALBERT 1ER (RUE, N° 13 ET +);43,7753100000;7,4952800000
202200046505;16;8;2022;15:00;1;27;27229;2;1;1;2;CITES UNIES (BOULEVARD DES);49,0183926442;1,1427186727
202200046506;6;7;2022;11:00;1;63;63113;2;1;1;6;78 COTE BLATIN (BD);45,7681000000;3,0881700000
202200046507;13;8;2022;11:00;1;19;19031;2;1;1;6;TILLEULS (PROMENADE DES);45,1635496429;1,5332453549
202200046508;8;6;2022;11:20;1;06;06083;2;1;1;3;COTY (COURS RENE, SENS MER/MONT);43,7768500000;7,4876500000
202200046509;1;12;2022;14:30;1;33;33182;1;2;1;3;D669;45,0610480000; -0,6092480000
202200046510;18;2;2022;17:35;1;77;77442;1;1;1;4;D210;48,4289400000;2,7492800000
202200046511;19;2;2022;13:25;1;74;74012;2;1;1;6;ROMAGNY (RUE DE);46,1970100000;6,2510600000
202200046512;6;7;2022;06:04;5;63;63113;2;5;1;3;FLAUBERT (BD GUSTAVE)/ Schumann;45,7645900000;3,1258300000
202200046513;9;6;2022;18:50;1;06;06104;2;1;1;3;VERDUN (AVENUE DE, N° 131 ET +);43,7626070000;7,4710380000
202200046514;2;12;2022;17:15;2;50;50025;2;2;1;6;Rue de la Constitution;48,6853760000; -1,3605130000
202200046515;16;8;2022;21:25;5;13;13211;2;1;1;7;MILLIERE (BOULEVARD DE LA );43,2835409625;5,5016040514
202200046516;18;2;2022;17:30;1;72;72181;2;1;1;3;JAURES JEAN (AV) N° IMP 1 A 25;47,9929400000;0,2045800000
202200046517;9;6;2022;16:10;1;06;06069;2;1;1;6;VICTOR HUGO  (BD);43,6504670000;6,9183790000
202200046518;2;7;2022;23:05;5;62;62178;2;3;1;3;BRIQUET ( RAOUL );50,4751670000;2,5441710000
202200046519;19;2;2022;17:30;1;69;69266;2;1;1;2;Place Jules Grandclément;45,7592253615;4,8895038656
202200046520;16;8;2022;11:10;1;13;13210;2;1;1;2;FLORIAN ( ROND POINT);43,2829272522;5,4271987806
202200046521;10;6;2022;16:45;1;06;06123;2;2;1;5;VESPINS ROUTE DES;43,6734100000;7,1898100000