Num_Acc;jour;mois;an;hrmn;lum;dep;com;agg;int;atm;col;adr;lat;long
202200047013;10;6;2022;00:30;4;95;95212;1;1;1;4;A1;49,0261536164;2,5367474556
202200047014;25;10;2022;17:00;1;76;76305;2;1;1;7;INDUSTRIELLE (ROUTE);49,4875700000;0,2081100000
202200047015;26;10;2022;07:15;3;71;71540;1;1;1;7;HUIT MAI (AVENUE DU);46,7775409494;4,4438049648
202200047016;25;10;2022;10:20;1;71;71153;2;1;7;7;MANBY (RUE);46,8115000000;4,4271600000
202200047017;1;4;2022;08:05;1;06;06150;2;2;1;1;Chemin des Revoires;43,7384140000;7,4080570000
202200047018;26;10;2022;09:00;1;69;69266;2;1;1;6;276 Cours Emile Zola;45,7671592791;4,8923975229
202200047019;26;10;2022;16:00;1;69;69029;2;9;1;6;Route de Genas;45,7495634544;4,9131638557
202200047020;18;2;2022;07:00;1;988;98818;2;2;1;2;RUE GEORGES CLEMENCEAU/RUE DE L'ALMA; -22,2696800000;166,4415700000
202200047021;10;6;2022;19:15;1;94;94022;1;1;1;2;A86 INT;48,7761089655;2,4141714752
202200047022;25;3;2022;16:05;1;06;06112;2;3;1;1;D2085;43,6771580000;7,0172780000
202200047023;18;2;2022;06:00;1;974;97416;1;1;1;7;RN1 (ROUTE NATIONALE); -21,3108700000;55,4352500000
202200047024;22;10;2022;10:45;1;69;69029;2;3;1;3;Avenue Pierre Mendès France;45,7217900000;4,9144600000
202200047025;1;4;2022;11:53;1;06;06079;2;1;1;6;122 Boulevard des Ecureuils;43,5400170000;6,9420640000
202200047026;25;10;2022;16:10;1;67;67447;2;1;1;1;KELLERMANN (RUE);48,6093000000;7,7327200000
202200047027;18;2;2022;14:15;1;974;97411;2;2;1;3;LECLERC (DU MARECHAL); -20,8805600000;55,4574000000
202200047028;1;4;2022;15:40;1;06;06090;1;1;1;1;799 Avenue Lord Astor;43,6078200000;6,9341860000
202200047029;9;6;2022;12:00;1;82;82121;2;1;1;6;CHROL (AVENUE DU PERE LEONID);44,0098100000;1,3748100000
202200047030;17;2;2022;07:35;1;973;97302;2;3;3;3;RABAN (ROUTE DE);4,9224500000; -52,3125700000
202200047031;25;10;2022;15:55;2;67;67482;2;8;1;3;RHIN (AVENUE DU);48,5726100000;7,7929500000
202200047032;1;4;2022;03:15;3;60;60509;1;6;2;6;d200;49,3241917214;2,6043959856
202200047033;19;2;2022;00:25;5;69;69259;2;2;1;3;Boulevard Ambroise Croizat;45,6970200000;4,8878000000
202200047034;21;10;2022;17:55;2;66;66136;2;3;1;6;;42,7117700000;2,8896500000
202200047035;18;2;2022;23:45;5;69;69388;2;1;1;2;Rue Henri Barbusse;45,7304500000;4,8573500000
202200047036;26;10;2022;15:05;1;64;64545;2;3;1;3;RD810;43,3755100000; -1,6776400000
202200047037;30;3;2022;17:50;1;73;73151;1;3;1;5;D1090 - 1056 Route du Grésivaudan;45,4901660000;5,9971800000
202200047038;26;10;2022;13:55;1;64;64335;2;1;1;2;Boulevard de l'Europe;43,3294690000; -0,4468560000
202200047039;25;10;2022;17:40;1;64;64348;2;1;1;3;Avenue Jean Mermoz;43,3213000000; -0,3791300000
202200047040;18;2;2022;07:20;1;972;97209;2;1;2;3;RD 41 (ROCADE);14,6157862233; -61,0536485910
202200047041;1;4;2022;11:30;1;10;10156;1;1;4;5;Autoroute A5;48,2744534037;3,8499784470
202200047042;26;10;2022;05:55;5;61;61001;2;6;1;3;GENERAL DE GAULLE (PLACE DU);48,4344000000;0,0936700000
202200047043;15;3;2022;20:30;5;67;67471;2;3;1;3;Route de Bischwiller;48,6337200000;7,7540790000
202200047044;19;2;2022;01:20;5;69;69382;2;3;1;3;Place Bellecour;45,7588300000;4,8309300000
202200047045;31;3;2022;11:45;1;13;13065;1;1;1;7;Cheminement Departemental 24;43,7245600000;4,9053960000
202200047046;25;10;2022;16:08;1;59;59350;2;7;1;2;LIBERTE BVD N°147 A FIN-96 A FIN;50,6317900000;3,0615400000
202200047047;18;2;2022;08:30;1;69;69286;1;1;1;1;Route de Fontaines;45,8267300000;4,8827900000
202200047048;26;10;2022;20:50;5;59;59183;2;3;1;1;VERLEY PAUL - BOULEVARD;51,0410200000;2,3856500000
202200047049;18;2;2022;02:10;5;69;69385;2;1;1;3;Chemin de Choulans;45,7521200000;4,8208900000
202200047050;25;10;2022;16:00;1;59;59178;2;1;1;6;METZ (RUE DE);50,3814454864;3,0681172013
202200047051;18;2;2022;17:33;1;2A;2A004;2;1;1;6;NAPOLEON COURS AVANT BEVERINI;41,9233600000;8,7376700000
202200047052;21;10;2022;17:45;1;59;59017;2;1;1;6;DUNKERQUE (RUE DE);50,6898100000;2,8790500000
202200047053;1;4;2022;14:50;1;38;38530;1;1;4;2;A43, PK : 025+900;45,6273340000;5,1710840000
202200047054;26;10;2022;13:00;1;51;51454;2;2;1;3;rue Gerbert;49,2510055424;4,0407881141
202200047055;31;3;2022;00:20;5;973;97305;1;1;2;7;CARREFOUR MATITI;5,0647973124; -52,5566196442
202200047056;18;2;2022;16:50;1;91;91692;1;1;8;4;R.N 446;48,6789020000;2,1911580000
202200047057;25;10;2022;22:04;5;50;50502;2;1;1;6;POTERNE;49,1153570000; -1,0981020000
202200047058;26;3;2022;12:44;1;45;45051;1;2;1;3;1700 route de sully;47,8113660000;2,3806880000
202200047059;18;2;2022;13:30;1;91;91692;2;1;8;6;CHAMPS LASNIERS (AVENUE);48,6851970000;2,1698490000
202200047060;31;3;2022;17:00;1;77;77318;2;1;8;6;D20E1;48,7899300000;2,9158940000
202200047061;17;2;2022;19:48;5;91;91345;2;9;1;6;RUE PDT FRANCOIS MITTERRAND;48,7003920000;2,2962700000
202200047062;24;10;2022;11:30;1;49;49328;2;3;1;7;PARE (RUE AMBROISE);47,2428131648; -0,0774192810
202200047063;18;2;2022;12:10;1;91;91514;2;1;8;6;RUE DE BRUNOY;48,6744100000;2,5341100000
202200047064;27;2;2022;10:45;1;77;77510;2;3;1;3;D21 / D88;48,8156560000;2,7927750000
202200047065;18;2;2022;11:55;1;91;91421;2;1;2;6;REPUBLIQUE (AVENUE DE LA);48,7011240000;2,4657730000
202200047066;26;10;2022;11:20;1;49;49099;2;2;1;3;MINEE(BOULEVARD DE LA);47,0525500000; -0,8693500000
202200047067;23;10;2022;17:57;1;48;48095;1;1;8;7;RD 42;44,5284200000;3,4360800000
202200047068;18;2;2022;13:08;1;90;90008;2;6;7;3;CHARMEUSE (RUE DE LA);47,6240000000;6,8410000000
202200047069;26;3;2022;18:42;1;78;78381;2;1;7;6;31 Avenue de la Republique;48,7941150000;1,6074910000
202200047070;16;2;2022;04:44;3;88;88462;1;1;2;3;CD 417;48,0220200000;6,6775200000
202200047071;26;10;2022;20:30;5;44;44109;2;1;1;3;38 Boulevard de l'Egalité;47,2086200000; -1,5871700000
202200047072;28;3;2022;14:15;1;21;21292;2;3;7;1;Place de l Espoir;47,2454627050;5,2284651252
202200047073;17;2;2022;14:45;1;85;85194;2;6;2;3;NICOT (RUE JEAN);46,4992760000; -1,7841670000
202200047074;1;4;2022;11:45;1;64;64422;2;9;1;6;Avenue Sadi Carnot;43,1925710000; -0,6100120000
202200047075;11;2;2022;16:15;1;30;30011;2;1;1;3;;43,9597800000;4,7457200000
202200047076;26;10;2022;15:17;1;42;42187;2;1;1;6;Rue Jean Jaurès;46,0349168741;4,0736487847
202200047077;31;3;2022;17:05;1;22;22098;1;1;4;1;Saint Maudez;48,4236300000; -2,5676140000
202200047078;17;2;2022;16:30;1;30;30011;2;1;1;6;Boulevard Victor Hugo;43,9563600000;4,7700300000
202200047079;25;10;2022;09:30;1;42;42187;2;6;1;3;Boulevard Maréchal Joffre;46,0533934364;4,0731779337
202200047080;31;3;2022;15:45;1;60;60398;1;2;1;3;D929;49,1878167408;2,2848032713
202200047081;1;4;2022;16:45;1;60;60218;2;1;2;7;Rue des Sources;49,2219910000;2,1686950000
202200047082;26;10;2022;13:55;1;35;35238;2;2;2;3;CHATEAUGIRON (DE);48,1004000000; -1,6499800000
202200047083;17;2;2022;15:10;1;83;83098;2;1;1;6;HERMINIER (BD DU COMMANDANT);43,0933829656;6,0246337652
202200047084;31;3;2022;14:30;1;13;13214;1;1;1;2;A507 sens Aubagne- Marseille;43,3300074720;5,3949428873
202200047085;30;3;2022;18:32;1;13;13202;1;1;8;2;Tunnel Joliette Marseille vers Aubagne;43,3104800000;5,3670500000
202200047086;25;10;2022;23:15;3;35;35137;1;1;1;1;RN12;48,3363817957; -1,1936017871
202200047087;31;3;2022;07:15;1;13;13071;1;1;1;6;A7-Sens Marseille vers Lyon;43,4036400000;5,3076000000
202200047088;26;10;2022;18:40;2;33;33063;2;3;1;6;Quai de Bacalan;44,8596232633; -0,5548685789
202200047089;26;10;2022;22:30;5;33;33529;2;1;1;6;LISIERE DU GOLF (ALL. DE LA);44,6365000000; -1,1582700000
202200047090;31;3;2022;07:45;1;13;13215;1;1;1;2;A7-Sens Marseille vers Lyon;43,3828000000;5,3513000000
202200047091;11;5;2022;10:15;1;75;75117;2;1;1;3;BOULEVARD PEREIRE;48,8812444540;2,2907365859
202200047092;30;3;2022;07:15;2;13;13215;1;1;1;2;A7-Sens Lyon vers Marseille;43,3517560873;5,3667940991
202200047093;26;10;2022;06:45;5;31;31555;2;3;5;3;VIALA (AV LEON) DU 2AU 199;43,5750000000;1,4529600000
202200047094;30;3;2022;22:08;3;33;33090;1;1;1;6;AUTOROUTE A 63;44,7702060000; -0,6626460000
202200047095;26;10;2022;08:35;2;29;29232;1;6;2;2;338 Route de Rosporden;47,9816900000; -4,0348800000
202200047096;11;5;2022;08:10;1;75;75117;2;3;1;3;AVENUE DE LA PORTE D ASNIERES;48,8906330000;2,3031290000
202200047097;31;3;2022;19:45;1;91;91161;1;1;1;3;AUTOROUTE A6;48,7130000000;2,3080000000
202200047098;26;10;2022;17:10;1;29;29019;2;1;1;6;165 rue Jean Jaurès;48,3972134790; -4,4753066610
202200047099;10;5;2022;16:40;1;75;75117;2;1;1;6;BOULEVARD GOUVION SAINT CYR;48,8827184475;2,2868111730
202200047100;31;3;2022;09:14;1;91;91570;1;1;1;2;RN 104;48,6250200000;2,3210000000
202200047101;26;10;2022;15:50;1;26;26058;2;2;1;3;MOULIN D'ALBON RUE DU;44,9517300000;4,9029200000
202200047102;11;5;2022;14:25;1;75;75116;2;2;1;3;AVENUE GEORGES LAFONT;48,8363170000;2,2563310000
202200047103;30;3;2022;14:10;1;78;78640;1;1;8;2;A86 EXT ;48,7770460771;2,2243153906
202200047104;26;10;2022;21:00;5;25;25056;2;2;1;6;FAURE AVENUE EDGAR;47,2446700000;6,0218400000
202200047105;30;3;2022;07:55;2;78;78090;1;1;2;2;A13;48,9702290000;1,9080340000
202200047106;26;10;2022;17:50;1;18;18279;2;3;1;3;Avenue de Chaillot;47,1988400000;2,0862900000
202200047107;11;5;2022;20:30;2;75;75115;2;2;1;3;RUE CAMBRONNE;48,8404070000;2,3042720000
202200047108;31;3;2022;17:20;1;95;95256;1;1;1;2;RN 184;49,0574200000;2,2076900000
202200047109;26;10;2022;21:08;5;17;17300;2;2;1;3;GRANDES GUIARDES   AVENUE DES;46,1695300000; -1,1869800000
202200047110;11;5;2022;07:45;1;75;75113;2;3;1;3;BOULEVARD MASSENA;48,8234020000;2,3750210000
202200047111;31;3;2022;10:15;1;92;92078;1;1;2;4;AUTOROUTE A86;48,9294615368;2,3279731880
202200047112;25;10;2022;09:30;1;13;13054;2;1;1;3;D9 (BRETELLE);43,3949000000;5,1960200000
202200047113;31;3;2022;01:30;4;95;95527;1;1;9;6;A3;48,9954200000;2,5151100000
202200047114;10;5;2022;19:20;1;75;75112;2;1;1;3;BOULEVARD DE BERCY;48,8395240000;2,3848170000
202200047115;26;10;2022;08:15;1;13;13215;2;1;1;2;MADRAGUE VILLE (chemin de la);43,3333959942;5,3585129208
202200047116;26;10;2022;09:20;1;13;13001;2;1;1;1;AURIENTIS FERNAND (AV DOCTEUR);43,5310800000;5,4564900000
202200047117;11;5;2022;04:45;5;75;75111;2;1;1;6;AVENUE PHILIPPE AUGUSTE;48,8571770000;2,3904560000
202200047118;30;3;2022;13:05;1;93;93005;1;1;8;2;AUTOROUTE A1;48,9684638479;2,4797080457
202200047119;26;10;2022;08:05;1;07;07316;1;1;1;6;LONES (PONT DES);44,9096900000;4,8645000000
202200047120;30;3;2022;13:20;1;94;94022;1;1;1;2;A86 EXT;48,7757800000;2,4138700000
202200047121;11;5;2022;13:07;1;75;75108;2;3;1;6;BOULEVARD MALESHERBES;48,8801061509;2,3134716600
202200047122;20;10;2022;21:10;5;05;05061;2;4;2;7;BELLEVUE (BOULEVARD);44,5594200000;6,0857100000
202200047123;29;3;2022;23:50;3;94;94069;1;1;2;4;A4;48,8173704442;2,4286139539
202200047124;25;10;2022;15:10;1;75;75112;2;1;1;2;PORTE DE VINCENNES;48,8413530000;2,4137880000
202200047125;11;5;2022;09:10;1;75;75108;2;4;1;3;RUE TRONCHET;48,8728035792;2,3264984787
202200047126;25;10;2022;12:45;1;75;75115;2;1;1;2;PORTE DE SEVRES;48,8318970000;2,2816900000
202200047127;30;3;2022;17:45;1;06;06029;2;1;2;6;ROUBINE (AVENUE DE LA);43,5481500000;6,9734500000
202200047128;10;5;2022;20:50;2;75;75107;2;2;1;6;BOULEVARD DE LA TOUR MAUBOURG;48,8599370000;2,3101750000
202200047129;25;10;2022;08:05;1;75;75116;2;1;1;3;PORTE MAILLOT;48,8777530000;2,2801840000
202200047130;29;3;2022;08:20;1;974;97407;1;9;1;7;ROUTE NATIONALE N° 1; -20,9573000000;55,3095200000
202200047131;26;10;2022;17:25;2;75;75113;2;1;1;2;BOULEVARD PERIPHERIQUE INTERIEUR SUD;48,8207980000;2,3766640000
202200047132;10;5;2022;12:15;1;75;75102;2;2;1;3;AVENUE DE L OPERA;48,8687042253;2,3331435926
202200047133;30;3;2022;12:30;1;973;97302;2;2;1;3;SAINT ANTOINE (CHEMIN);4,9321040532; -52,2971789539
202200047134;26;10;2022;16:00;1;75;75119;2;3;1;3;AVENUE JEAN JAURES;48,8881620000;2,3907120000
202200047135;11;5;2022;13:40;1;94;94081;2;1;1;3;14 Avenue Maximilien de Robespierre;48,7910000000;2,3880000000
202200047136;30;3;2022;09:30;1;69;69386;2;1;1;2;Avenue de Grande-Bretagne;45,7753700000;4,8432000000
202200047137;26;10;2022;00:30;5;75;75119;2;7;2;3;PLACE AUGUSTE BARON;48,9001030000;2,3883440000
202200047138;30;3;2022;18:00;1;972;97213;1;1;1;7;ROUTE DEPARTEMENTALE 14;14,6252900000; -61,0184600000
202200047139;11;5;2022;18:30;1;94;94067;2;1;1;6;Avenue Gambetta;48,8455400000;2,4224100000
202200047140;26;10;2022;17:30;1;75;75118;2;5;1;3;RUE DE CLIGNANCOURT;48,8917210000;2,3487340000
202200047141;30;3;2022;18:55;3;972;97209;2;1;1;6;RN9;14,6048900000; -61,0422200000
202200047142;11;5;2022;12:20;1;94;94078;2;2;1;7;ANATOLE FRANCE (AV);48,7392600000;2,4527300000
202200047143;26;10;2022;00:40;5;75;75117;2;5;1;3;AVENUE DE SAINT OUEN;48,8930110000;2,3274390000
202200047144;26;3;2022;12:38;1;69;69382;2;1;1;2;Pont Pasteur;45,7334047870;4,8204660416
202200047145;25;10;2022;17:00;1;75;75116;2;2;1;3;RUE DE LA MISSION MARCHAND;48,8497130000;2,2656060000
202200047146;11;5;2022;08:10;1;94;94068;2;6;1;6;Place de Rimini;48,7939000000;2,4957100000
202200047147;30;3;2022;06:40;5;69;69034;2;1;2;1;113 Quai Clémenceau;45,7928700000;4,8254100000
202200047148;25;10;2022;13:30;1;75;75114;2;1;1;2;RUE D ALESIA;48,8276470000;2,3337300000
202200047149;11;5;2022;16:20;1;94;94021;2;3;1;3;Boulevard Jean Mermoz;48,7689600000;2,3371900000
202200047150;29;3;2022;21:15;5;69;69389;2;1;2;3;107 Rue Marietton;45,7757000000;4,7951000000
202200047151;26;10;2022;10:40;1;75;75112;2;2;1;6;RUE CHARLES BAUDELAIRE;48,8497620000;2,3770130000
202200047152;11;5;2022;13:40;1;94;94073;2;1;1;1;42 Rue Paul Vaillant Couturier;48,7614600000;2,3936200000
202200047153;31;3;2022;01:30;5;2A;2A004;2;1;2;6;NICOLI JEAN COURS;41,9341200000;8,7451800000
202200047154;26;10;2022;08:05;1;75;75112;2;2;1;3;QUAI DE BERCY;48,8389040000;2,3761560000
202200047155;11;3;2022;19:30;5;95;95427;2;1;1;6;GALLIENI (RUE);48,9729850000;2,3486910000
202200047156;11;5;2022;12:03;1;94;94034;2;9;7;7;Avenue de la Division Leclerc;48,7607100000;2,3190000000
202200047157;26;10;2022;09:40;1;75;75111;2;2;1;3;RUE LEON FROT;48,8551130000;2,3871360000
202200047158;30;3;2022;01:05;5;91;91589;2;1;1;7;RUE MIREILLE;48,6857330000;2,3572900000
202200047159;25;10;2022;17:00;1;75;75101;2;7;1;7;PLACE DU CARROUSEL;48,8615120000;2,3345550000
202200047160;30;3;2022;18:05;1;90;90010;2;1;1;1;AUXELLES (VIA D');47,6408230000;6,8370400000
202200047161;11;5;2022;18:00;1;94;94022;2;2;1;3;Rue Georges Clémenceau / Rue Auguste Blanqui;48,7665474898;2,4050402640
202200047162;25;10;2022;16:00;1;94;94028;2;1;1;3;SARRAIL.(RUE DU GENERAL);48,7951700000;2,4545200000
202200047163;11;5;2022;16:20;1;94;94004;2;1;1;6;Avenue Charles de Gaulle;48,7526300000;2,5035400000
202200047164;26;10;2022;02:50;3;93;93073;1;1;8;6;Aeroport Charles de Gaulle;48,9861600000;2,5206200000
202200047165;23;2;2022;11:05;1;89;89387;2;2;1;3;INDUSTRIE (RUE DE L');48,2043300000;3,2718000000
202200047166;25;10;2022;10:15;1;93;93053;2;7;1;6;Place Jean Coquelin / Boulevard de la République;48,8962240104;2,4605736903
202200047167;11;5;2022;19:27;1;93;93072;2;3;1;3;Avenue Aristide Briand / Rue Jean Jaurés;48,9622900000;2,3797100000
202200047168;29;3;2022;18:20;1;87;87085;2;3;1;6;HALEVY (RUE);45,8533123218;1,2594487667
202200047169;26;10;2022;00:15;5;93;93008;2;1;2;6;Avenue Paul Vaillant - Couturier;48,9067461519;2,4598608494
202200047170;11;5;2022;18:40;1;93;93072;2;3;1;3;Avenue de Stalingrad / Rue du Globe;48,9483500000;2,3794700000
202200047171;25;3;2022;15:24;1;87;87085;2;1;1;2;BEL AIR (BOULEVARD DE);45,8197600000;1,2493000000
202200047172;25;10;2022;12:35;1;93;93029;2;2;1;4;Rue de Stalingrad / Rue Voltaire;48,9144600000;2,4325100000
202200047173;10;5;2022;09:45;1;93;93066;2;1;1;3;Boulevard Anatole France;48,9218250000;2,3458900000
202200047174;26;10;2022;11:50;1;92;92073;2;1;1;6;LOUCHEUR (BOULEVARD LOUIS);48,8601976229;2,2134025991
202200047175;29;3;2022;22:10;5;86;86194;2;9;1;6;Rocade Ouest;46,6054250000;0,3358180000
202200047176;10;5;2022;08:00;1;93;93066;2;1;1;3;Boulevard de la Libération;48,9283983267;2,3412459344
202200047177;26;10;2022;15:15;1;92;92062;2;1;1;2;LAVOISIER (RUE);48,8874200000;2,2348400000
202200047178;11;5;2022;20:12;1;93;93046;2;2;1;6;Allée Danton / Allée Ledru - Rollin;48,9168532948;2,5204570591
202200047179;26;10;2022;09:10;1;92;92040;2;1;1;6;MICHELET;48,8276680000;2,2823600000
202200047180;11;5;2022;20:40;2;93;93053;2;1;7;6;Rue Denfert-rochereau;48,8898191417;2,4628960491
202200047181;26;10;2022;20:30;5;92;92026;2;1;1;2;PAUL DOUMER;48,8911000000;2,2576400000
202200047182;24;3;2022;13:50;1;83;83050;2;7;1;6;AZEMAR(RUE DES ALLEES D');43,5363890000;6,4609900000
202200047183;25;10;2022;18:10;1;92;92004;2;1;1;2;AULAGNIER ( QUAI );48,9124681255;2,3032552600
202200047184;11;5;2022;14:50;1;93;93051;2;1;1;5;Avenue Aristide Briand;48,8484100000;2,5526100000
202200047185;28;2;2022;16:30;1;83;83050;1;9;1;3;SCAMARONI(AVENUE FRED);43,5033000000;6,4303400000
202200047186;25;10;2022;23:30;5;92;92002;2;3;2;3;ARISTIDE BRIAND (AVENUE);48,7617800000;2,3083900000
202200047187;11;5;2022;17:10;1;93;93048;2;1;1;6;Rue de Romainville;48,8704095153;2,4467794597
202200047188;30;3;2022;21:50;5;81;81004;2;2;1;3;THOMAS (AV ALBERT);43,9432000000;2,1500000000
202200047189;25;10;2022;19:50;5;92;92002;2;2;1;3;ARISTIDE BRIAND (AVENUE);48,7586360987;2,3069553673
202200047190;11;5;2022;16:15;1;93;93048;2;1;1;6;Rue de Rosny;48,8710863806;2,4703654647
202200047191;24;10;2022;12:33;1;22;22339;1;1;8;6;D166;48,4673720000; -2,0428820000
202200047192;30;3;2022;13:25;1;79;79191;2;6;1;7;Avenue de la Venise Verte;46,3177000000; -0,4934900000
202200047193;11;5;2022;16:25;1;93;93008;2;1;1;3;Avenue Paul Vaillant - Couturier;48,9066430000;2,4562320000
202200047194;30;3;2022;16:50;1;77;77333;2;1;1;6;RUE DE LA BARAUDE;48,2639365711;2,7119890000
202200047195;26;10;2022;16:15;1;12;12300;1;3;1;7;Route Basse de Farrou;44,3781760000;2,0421750000
202200047196;29;3;2022;22:05;5;76;76351;2;1;1;7;FRANCOIS 1ER (BD);49,4953400000;0,0961400000
202200047197;11;5;2022;16:40;1;92;92050;2;2;1;3;BARBET RAYMOND RUE;48,8938826106;2,2019892633
202200047198;27;10;2022;17:20;1;01;01004;2;3;1;1;Chemin de l Aviation;45,9662790000;5,3479390000
202200047199;26;10;2022;21:40;3;973;97353;2;1;1;7;Route de Sophie;3,6494810000; -54,0277630000
202200047200;29;3;2022;17:07;1;76;76351;2;9;1;3;CAVEE VERTE (RUE DE LA);49,5067600000;0,1200500000
202200047201;11;5;2022;22:00;5;92;92046;2;2;1;2;BROSSOLETTE AVENUE PIERRE;48,8119953698;2,3007453829
202200047202;26;10;2022;17:30;1;49;49110;1;1;1;2;Route départementale 323;47,5502170000; -0,3887490000
202200047203;30;3;2022;21:00;5;76;76026;2;1;1;6;CHAUSSEE (RUE DE LA);49,8805500000;1,1299900000
202200047204;11;5;2022;18:30;1;92;92020;2;9;1;3;LASSEGUE RUE N° PAIRS;48,8024847984;2,2804289237
202200047205;27;10;2022;11:00;1;68;68300;1;2;1;1;D55;47,7869000000;7,4331630000
202200047206;29;3;2022;20:10;1;72;72181;2;6;1;3;ROSTOV SUR LE DON (RUE) N° IMP;48,0077600000;0,1984900000
202200047207;11;5;2022;16:45;1;92;92049;2;3;1;3;PERI RUE GABRIEL AUTRES N°;48,8194900000;2,3140300000
202200047208;21;10;2022;07:15;3;54;54067;1;9;2;1;D643;49,4295308090;5,6861650938
202200047209;30;3;2022;06:20;5;67;67482;2;3;2;3;NEUHOF (ROUTE);48,5461900000;7,7655000000
202200047210;27;10;2022;20:30;5;83;83070;2;1;1;6;Boulevard de Lattre de Tassigny;43,1371640000;6,3680360000
202200047211;11;5;2022;18:45;1;92;92048;2;1;1;3;MAL DE LATTRE DE TASSIGNY (AVENUE);48,7872239860;2,2325825393
202200047212;25;3;2022;16:30;1;67;67482;2;3;1;6;DORDOGNE (BOULEVARD DE LA);48,5898000000;7,7672000000
202200047213;26;10;2022;15:53;1;51;51488;1;1;1;1;D71;49,1061290000;3,9873000000
202200047214;11;5;2022;11:20;1;92;92040;2;1;1;7;EGLISE (PLACE DE L');48,8229741000;2,2764398754
202200047215;26;10;2022;08:50;2;19;19022;1;1;7;6;impasse des roseaux;45,5196690000;1,4446220000
202200047216;25;3;2022;10:30;1;67;67482;2;1;1;6;COLMAR (AVENUE DE);48,5580100000;7,7478900000
202200047217;10;5;2022;20:40;1;92;92036;2;1;1;6;CLAUDE DEBUSSY (AVENUE);48,9252851378;2,2973358929
202200047218;26;10;2022;01:20;3;56;56101;1;1;1;6;N24 sens Rennes/Lorient;47,8393020000; -3,1457380000
202200047219;30;3;2022;12:20;1;64;64445;2;1;2;4;ST JOHN PERSE;43,3188500000; -0,3641400000
202200047220;27;10;2022;14:37;1;2B;2B150;1;1;1;7;RT 30;42,5879440000;8,8281480000
202200047221;11;5;2022;08:05;1;92;92023;2;3;1;3;PRESIDENT ROOSEVELT (RUE DU) N°1 A 45;48,8041900000;2,2580100000
202200047222;28;2;2022;17:45;1;64;64445;2;2;1;3;HENRI FAISANS;43,2989400000; -0,3630700000
202200047223;11;5;2022;19:00;1;92;92012;2;1;1;7;SEINE (RUE DE);48,8280480837;2,2507731871
202200047224;26;10;2022;15:15;1;80;80423;2;2;1;3;21 Rue de la Carrière;50,0388400000;2,2313140000
202200047225;30;3;2022;06:40;5;64;64102;2;1;2;7;HARGOUS (CHEMIN DE);43,5056500000; -1,4633700000
202200047226;11;5;2022;16:40;1;54;54192;1;2;1;3;RD112;48,5479570039;6,3008522982
202200047227;25;3;2022;12:35;1;59;59009;2;1;1;3;RUE DE L'HORIZON;50,6067600000;3,1556300000
202200047228;27;10;2022;15:30;1;89;89018;2;1;1;5;26 Rue de Bourgogne;48,0426220000;3,3255830000
202200047229;8;5;2022;14:05;1;22;22065;1;2;1;5;D9;48,6099020000; -3,0112440000
202200047230;26;10;2022;22:15;4;89;89018;2;1;1;6;19 Rue Ile de France;48,0460250000;3,3205930000
202200047231;12;5;2022;13:00;1;49;49355;1;1;1;1;D147;47,1378040000; -0,8160780000
202200047232;14;3;2022;17:10;1;58;58194;2;1;1;6;ROMAIN BARON;46,9822300000;3,1282200000
202200047233;27;10;2022;12:30;1;63;63199;1;1;1;6;chemin d'exploitation de vinzelle;45,6113810000;3,1261040000
202200047234;17;3;2022;17:07;1;56;56260;2;1;1;3;GAMBETTA(PLACE);47,6541100000; -2,7577800000
202200047235;23;8;2022;07:45;1;68;68355;2;3;1;3;rue du 19 novembre;47,5506990000;7,3162450000
202200047236;12;5;2022;07:50;1;59;59304;2;1;1;5;Rue Nationale;50,5430850000;2,9680840000
202200047237;27;10;2022;10:30;1;22;22340;1;1;1;7;37 Ker An Gwez;48,6902950000; -3,4008590000
202200047238;28;3;2022;19:10;1;56;56260;2;1;1;3;MURAILLES(RUE DES GRANDES);47,6658800000; -2,7672100000
202200047239;10;5;2022;11:50;1;59;59067;2;1;1;2;Porte de Cassel (Porte de la ville);50,9655265058;2,4321681261
202200047240;27;10;2022;02:35;5;25;25212;1;6;1;6;N57;47,2771140000;5,9934120000
202200047241;25;3;2022;20:35;3;54;54382;1;1;1;1;NATIONALE 52 (ROUTE);49,5490700000;5,7728390000
202200047242;12;5;2022;17:20;1;62;62767;2;2;1;6;Rue du Pont Simon;50,3808280000;2,3383670000
202200047243;26;10;2022;20:10;5;29;29047;2;1;1;1;rue des écoles;48,5321160000; -4,3676340000
202200047244;30;3;2022;09:55;1;51;51230;2;1;8;3;Avenue de Champagne;49,0427400000;3,9623000000
202200047245;24;10;2022;12:10;1;38;38560;1;1;3;3;Route de la Tour du Pin;45,4995190000;5,4603660000
202200047246;11;5;2022;17:40;1;74;74263;2;3;1;1;Avenue de Bonnatrait;46,3339510000;6,3905240000
202200047247;26;10;2022;18:30;1;02;02253;1;1;1;1;;49,4292730000;3,2535410000
202200047248;25;3;2022;15:00;1;50;50129;2;1;1;2;MILLET (AVENUE JEAN-FRANCOIS);49,6335300000; -1,6173800000
202200047249;24;1;2022;17:00;1;35;35251;2;7;1;3;Rue de Rennes;48,2611240000; -1,6061280000
202200047250;27;10;2022;15:00;1;84;84031;1;1;1;1;Route de Bedoin;44,0744720927;5,0881885936