Num_Acc;jour;mois;an;hrmn;lum;dep;com;agg;int;atm;col;adr;lat;long
202200047498;9;1;2022;08:15;2;13;13207;2;3;1;3;CHARLES LIVON (BOULEVARD);43,2922000000;5,3630600000
202200047499;3;1;2022;06:00;5;13;13207;2;2;1;3;CORSE (AVENUE DE LA);43,2897600000;5,3661000000
202200047500;8;1;2022;04:50;5;75;75120;2;1;1;7;ECHANGEUR BAGNOLET;48,8650280000;2,4129040000
202200047501;9;1;2022;14:55;1;75;75118;2;1;1;6;RUE DUHESME;48,8908400000;2,3385150000
202200047502;9;1;2022;02:35;5;75;75118;2;1;2;1;RUE ORDENER;48,8913260000;2,3508740000
202200047503;9;1;2022;16:00;1;75;75115;2;1;8;6;RUE LINOIS;48,8486740000;2,2827130000
202200047504;8;1;2022;20:35;5;75;75114;2;2;2;3;RUE DE L OUEST;48,8367600000;2,3207400000
202200047505;9;1;2022;20:10;5;75;75113;2;3;1;3;RUE JEANNE D ARC;48,8323930000;2,3649070000
202200047506;9;1;2022;18:45;5;75;75111;2;5;1;6;RUE DU CHEMIN VERT;48,8628330000;2,3871060000
202200047507;9;1;2022;22:10;5;75;75108;2;4;1;6;BOULEVARD HAUSSMANN;48,8751630000;2,3163870000
202200047508;9;1;2022;20:25;5;94;94018;2;4;2;7;Rue Arthur Croquette / A4;48,8173390000;2,4193260000
202200047509;8;1;2022;19:15;5;94;94075;2;3;3;3;Avenue du Mal de Lattre de Tassigny / Avenue Foreau;48,7274940000;2,5360110000
202200047510;9;1;2022;14:10;1;93;93071;2;1;2;2;JOHN F. KENNEDY (AVENUE);48,9366500000;2,5146300000
202200047511;9;1;2022;22:15;5;92;92078;2;6;3;6;VERDUN (AVENUE) (PAIRS 92 ET PLUS);48,9349410000;2,3256860000
202200047512;9;1;2022;20:30;5;37;37063;1;2;2;3;RD910;47,5938169497;0,9019598365
202200047513;10;1;2022;13:15;1;76;76624;2;9;1;6;rue robert le franc;49,8759400000;1,2382870000
202200047514;10;1;2022;06:45;4;21;21599;1;1;9;2;A31 - PK 82.159;47,6384730000;5,1801820000
202200047515;10;1;2022;05:10;3;57;57335;2;1;5;6;Rue de la Grotte;48,9456130000;6,9612120000
202200047516;10;1;2022;10:38;1;71;71591;1;1;1;2;Autoroute A6 PK371+600 sens LYON/PARIS;46,4477671209;4,8717237127
202200047517;2;1;2022;02:50;3;972;97210;2;1;1;6;Nationale 6;14,6126650000; -60,9055530000
202200047518;9;1;2022;18:55;5;972;97227;2;1;1;6;Quartier Gros Raisins;14,4665080000; -60,9280840000
202200047519;4;1;2022;17:30;3;68;68300;1;4;2;3;D55;47,7950030000;7,3811740000
202200047520;10;1;2022;10:14;1;30;30221;2;1;1;3;Route de Nimes;44,0462880000;4,7729640000
202200047521;9;1;2022;14:43;1;62;62214;2;1;1;1;Route de la Basse Ville;50,6539960000;1,7015620000
202200047522;7;1;2022;08:40;1;56;56120;1;3;1;3;Fesquel Tost;47,7812200000; -2,7734260000
202200047523;10;1;2022;08:00;1;77;77032;1;1;1;1;Fortail;48,6987220000;3,2715170000
202200047524;8;1;2022;18:15;3;76;76667;1;1;3;5;rn 27;49,8494330000;1,0712740000
202200047525;9;1;2022;18:10;3;33;33123;1;1;2;2;Avenue Charles de Gaulle;45,0872690000; -0,4082140000
202200047526;10;1;2022;10:45;1;63;63034;1;1;1;5;D2089;45,8015500000;3,3112840000
202200047527;9;1;2022;19:25;3;68;68291;1;1;1;6;D47;47,8529680000;7,5074060000
202200047528;7;1;2022;15:35;1;22;22216;1;3;2;1;D33;48,4971140000; -3,3716230000
202200047529;9;1;2022;14:10;1;39;39421;1;1;2;6;;46,7018770000;5,5682740000
202200047530;9;1;2022;14:30;1;66;66124;2;1;4;6;Avenue Emmanuel Brousse;42,5051160000;2,0444820000
202200047531;10;1;2022;15:30;1;72;72132;2;9;1;6;Avenue Pierre Brulé;48,1867600000;0,6615000000
202200047532;9;1;2022;23:00;3;14;14177;1;1;2;7;D48;49,2221670000;0,2145950000
202200047533;9;1;2022;15:00;1;45;45061;2;1;4;1;2 Rue des Vallees;48,0489560000;2,7430060000
202200047534;9;1;2022;16:50;2;43;43124;1;1;1;6;RN 102;45,0862300000;3,7528000000
202200047535;9;1;2022;18:31;3;21;21502;1;1;2;1;D973;47,0068252343;5,1294915675
202200047536;7;1;2022;11:05;1;40;40187;2;2;2;3;Avenue de l Océan;43,8508350000; -1,3799560000
202200047537;9;1;2022;13:15;1;85;85182;1;1;8;7;La Cacaudière;46,7968790000; -0,8230580000
202200047538;9;1;2022;08:55;1;68;68022;1;1;2;6;Autoroute A35, PK 096+255;47,8185150000;7,3930260000
202200047539;9;1;2022;18:45;5;978;97801;1;1;1;1;RN7;18,0994370000; -63,0552580000
202200047540;9;1;2022;17:45;1;978;97801;1;9;1;3;228 BD MAURICE LEONEL BERTIN;18,0992630000; -63,0621890000
202200047541;9;1;2022;16:10;1;976;97604;1;1;1;5;CCD6 Bambo Ouest; -12,9152260000;45,0821830000
202200047542;10;1;2022;13:30;1;45;45067;1;1;1;7;A10 PK 106+793;47,8838680000;1,7453460000
202200047543;10;1;2022;15:20;1;2B;2B148;2;1;1;1;T20;42,5267680000;9,4410700000
202200047544;9;1;2022;19:45;3;34;34081;2;1;2;1;D162;43,3174820000;3,1376800000
202200047545;6;1;2022;21:00;3;83;83112;1;1;1;1;Route Departementale 559;43,1701070000;5,7188240000
202200047546;5;1;2022;22:27;5;21;21292;1;1;1;6;1 Av de la 1ere Armee Francaise;47,2389409922;5,2128803729
202200047547;6;1;2022;08:27;1;73;73329;1;1;1;3;D 1201 - Route d'AIX LES BAINS;45,6392398992;5,8923764080
202200047548;10;1;2022;06:10;3;60;60035;1;1;5;1;D 934;49,6559347029;2,8747272486
202200047549;9;1;2022;16:30;1;13;13214;1;1;1;6;A507 sens Marseille - Aubagne;43,3325362971;5,3856288663
202200047550;8;1;2022;07:15;3;91;91689;1;1;1;2;AUTOROUTE A6A;48,7425910000;2,3220920000
202200047551;9;1;2022;16:00;1;92;92036;1;1;8;6;A86;48,9354217595;2,2605830961
202200047552;9;1;2022;01:45;5;92;92026;1;1;3;4;RN1014 Y;48,8892486093;2,2466463337
202200047553;9;1;2022;02:04;3;92;92036;1;1;2;6;A86;48,9335373784;2,2742431993
202200047554;9;1;2022;18:10;3;95;95424;1;1;2;6;A15;48,9908391977;2,1935212612
202200047555;9;1;2022;14:50;1;95;95218;1;1;1;6; A15;49,0350920209;2,0984745026
202200047556;9;1;2022;14:20;1;93;93005;1;1;8;6;AUTOROUTE A3;48,9508885757;2,4745512892
202200047557;9;1;2022;09:00;1;92;92036;1;1;2;6;AUTOROUTE A15;48,9384432213;2,2966712184
202200047558;9;1;2022;06:20;3;92;92036;1;1;3;6;AUTOROUTE A15;48,9378886633;2,2976672190
202200047559;9;1;2022;04:40;3;93;93007;1;1;2;2;AUTOROUTE A3;48,9421443682;2,4781664745
202200047560;8;1;2022;22:45;3;93;93073;1;1;2;6;AUTOROUTE A104;48,9685100000;2,5654100000
202200047561;9;1;2022;00:15;3;93;93027;1;1;8;6;BDL;48,9282600000;2,4032100000
202200047562;8;1;2022;21:05;3;95;95582;1;1;3;2; A15;48,9633942434;2,2643744946
202200047563;8;1;2022;13:00;1;93;93053;1;1;2;6;AUTOROUTE A103;48,8887500000;2,4727500000
202200047564;9;1;2022;02:55;5;94;94073;1;1;2;7;A86 EXT;48,7676700000;2,3786300000
202200047565;8;1;2022;23:50;3;94;94052;1;9;2;6;A86 INT;48,8343891811;2,4932068928
202200047566;8;1;2022;18:42;5;94;94046;2;2;2;6;158 Avenue Gambetta;48,8097800000;2,4526400000
202200047567;8;1;2022;14:10;1;974;97416;1;1;2;7;RECHERCHANT(RUE ADRIEN); -21,2943500000;55,4886900000
202200047568;8;1;2022;11:30;1;974;97416;1;1;1;2;RN1(BRETELLE ACCES); -21,3297200000;55,4539000000
202200047569;8;1;2022;20:00;3;974;97411;2;1;3;6;SAINT-FRANCOIS (BOULEVARD); -20,9001700000;55,4638200000
202200047570;7;1;2022;11:45;1;974;97411;2;1;1;4;MACE (BOULEVARD GABRIEL); -20,8726370000;55,4487760000
202200047571;8;1;2022;13:25;1;972;97213;1;2;1;3;ROUTE NATIONALE 1;14,6256000000; -60,9793100000
202200047572;6;1;2022;07:00;2;971;97105;2;2;1;3;MAURICE MARIE-CLAIRE(RUE);15,9962627992; -61,7307977378
202200047573;9;1;2022;01:45;5;2A;2A004;2;1;2;6;ROSSINI PASCAL BD;41,9164000000;8,7315000000
202200047574;8;1;2022;12:20;1;95;95210;2;2;3;3;LECLERC (AVENUE DE LA DIVISION);48,9755400000;2,3080300000
202200047575;9;1;2022;01:42;5;91;91514;2;2;2;3;RUE JEAN JAURES;48,6715600000;2,5336900000
202200047576;8;1;2022;09:20;1;91;91223;2;9;1;3;SAINT MARTIN (RUE);48,4291500000;2,1468800000
202200047577;8;1;2022;15:40;1;83;83062;2;1;1;3;HOUOT (AVENUE CDT);43,1075770000;5,9896770000
202200047578;7;1;2022;16:30;1;81;81033;2;1;2;5;ALBI (AV. D' );44,0351100000;2,1572600000
202200047579;7;1;2022;18:30;5;78;78440;2;6;2;6;EUROPE (AVENUE DE L');48,9786870000;1,9137550000
202200047580;8;1;2022;18:20;5;77;77014;2;3;2;1;D210;48,4239000000;2,7394000000
202200047581;8;1;2022;11:20;1;76;76005;2;1;2;6;Route de Paris;49,4182900000;1,1178900000
202200047582;7;1;2022;11:30;1;74;74012;2;1;1;6;18 AOUT 44 (RUE DU);46,1917400000;6,2506100000
202200047583;8;1;2022;09:00;1;71;71306;2;1;9;6;4 Quai Jules Chagot;46,6779408547;4,3641905246
202200047584;8;1;2022;11:30;1;71;71059;2;1;2;2;COUCHES (ROUTE DE);46,8129700000;4,4865700000
202200047585;8;1;2022;18:20;2;69;69266;2;6;2;6;52 Rue Gabriel Péri;45,7726700000;4,8657900000
202200047586;8;1;2022;10:25;1;69;69264;2;1;2;2;676 Boulevard Pierre Pasquier;45,9854300000;4,7303700000
202200047587;8;1;2022;21:29;5;65;65440;2;6;2;3;ALSACE LORRAINE (AVENUE);43,2409400000;0,0737000000
202200047588;8;1;2022;12:44;1;45;45338;2;2;2;3;Rue des Rosiers;47,9986100000;2,7098800000
202200047589;4;1;2022;17:25;2;42;42186;2;2;1;3;Cours du 11 Novembre;45,5270837314;4,6129353481
202200047590;8;1;2022;18:35;5;42;42071;2;1;1;6;Avenue Parmentier;46,0279600000;4,0890700000
202200047591;8;1;2022;18:20;5;37;37261;2;2;3;6;FOCH (RUE DU MARECHAL);47,3942397024;0,6847394630
202200047592;8;1;2022;16:25;1;35;35238;2;1;2;2;CHURCHILL (AVENUE SIR WINSTON);48,1226126300; -1,7088907957
202200047593;8;1;2022;17:10;2;35;35115;2;6;2;3;Boulevard de Groslay;48,3526100000; -1,1859700000
202200047594;8;1;2022;13:25;1;33;33119;2;1;8;2;Rue Jules Guesde;44,8583000000; -0,5379000000
202200047595;7;1;2022;23:50;3;33;33529;1;9;2;6;RD1250;44,6171540000; -1,1144400000
202200047596;8;1;2022;18:00;5;25;25056;2;1;2;6;PONT RUE DU;47,2186200000;6,0179900000
202200047597;7;1;2022;18:40;5;16;16102;2;1;2;6;BASSE DE CROUIN (RUE);45,6857810627; -0,3517998755
202200047598;8;1;2022;16:00;1;13;13203;2;1;1;2;GÉNÉRAL LECLERC (RUE);43,3044879556;5,3765196744
202200047599;8;1;2022;08:00;1;13;13205;2;1;1;6;SAINT PIERRE (RUE);43,2919800000;5,3936900000
202200047600;8;1;2022;01:50;5;13;13211;2;3;1;3;ROUGUIERE (ALLÉE DE LA );43,2933385026;5,4552878260
202200047601;8;1;2022;01:50;3;13;13044;1;1;1;5;R.N 569;43,6282023652;5,0178462266
202200047602;4;1;2022;14:00;1;13;13028;2;1;1;3;PEBRE D'AI (AVENUE );43,1780812262;5,5947521114
202200047603;8;1;2022;08:50;1;06;06069;2;6;7;3;Rd point des Quatre Chemins;43,6452660000;6,9402660000
202200047604;8;1;2022;20:00;5;01;01053;2;2;2;6;Boulevard Paul Bert;46,2018600000;5,2210100000
202200047605;7;1;2022;23:36;3;75;75105;2;2;1;2;BOULEVARD SAINT GERMAIN;48,8501690000;2,3481250000
202200047606;8;1;2022;20:15;5;75;75120;2;2;1;3;BOULEVARD DE CHARONNE;48,8530310000;2,3971830000
202200047607;8;1;2022;19:40;5;75;75119;2;3;2;6;AVENUE DE FLANDRE;48,8877770000;2,3730190000
202200047608;7;1;2022;21:50;5;75;75116;2;3;2;6;RUE MARBEAU;48,8755200000;2,2790770000
202200047609;8;1;2022;18:40;5;75;75115;2;2;3;6;QUAI DE GRENELLE;48,8493080000;2,2816470000
202200047610;7;1;2022;19:10;5;75;75115;2;4;2;7;AVENUE DE SUFFREN;48,8457610000;2,3096070000
202200047611;7;1;2022;08:20;2;75;75115;2;1;2;6;BOULEVARD PASTEUR;48,8436550000;2,3122920000
202200047612;8;1;2022;12:14;1;75;75114;2;1;2;2;RUE DU COMMANDANT RENE MOUCHOTTE;48,8387550000;2,3201570000
202200047613;7;1;2022;06:30;5;75;75114;2;2;1;6;RUE DE LA TOMBE ISSOIRE;48,8302670000;2,3340570000
202200047614;7;1;2022;23:00;5;75;75110;2;4;2;6;BOULEVARD DE MAGENTA;48,8732890000;2,3587440000
202200047615;8;1;2022;23:35;5;75;75108;2;2;1;3;AVENUE GEORGE V;48,8684380000;2,3012000000
202200047616;8;1;2022;19:15;5;75;75107;2;1;2;3;RUE DU BAC;48,8573140000;2,3277170000
202200047617;8;1;2022;11:32;1;75;75101;2;1;2;3;RUE DE L AMIRAL DE COLIGNY;48,8600970000;2,3404410000
202200047618;7;1;2022;23:00;5;94;94068;2;1;2;3;Avenue Foch;48,8003600000;2,4966200000
202200047619;8;1;2022;11:35;1;94;94018;2;1;2;1;7 Quai de Bercy;48,8219500000;2,3989400000
202200047620;8;1;2022;06:50;3;95;95527;1;1;1;2;route du Noyer au chat;48,9989720000;2,5221980000
202200047621;8;1;2022;17:40;5;93;93059;2;1;3;6;LENINE (AVENUE) N°36 AU 120 ET N°45 AU 1;48,9606118907;2,3587830300
202200047622;7;1;2022;22:39;5;93;93079;2;1;8;6;Avenue de la Division Leclerc;48,9504700000;2,3425600000
202200047623;8;1;2022;16:15;1;93;93014;2;1;2;4;GAGARINE (BOULEVARD);48,9050441048;2,5441315770
202200047624;8;1;2022;21:00;5;93;93010;2;1;2;6;QUATORZE-JUILLET (AV. DU);48,9118636653;2,4911659956
202200047625;8;1;2022;19:30;5;93;93008;2;3;3;6;VARSOVIE (RUE DE);48,9097097592;2,4673975776
202200047626;7;1;2022;08:45;1;93;93008;2;1;2;6;Rue Carnot;48,9066100000;2,4507680000
202200047627;8;1;2022;21:00;5;93;93005;2;3;2;3;MARECHAL DE LATTRE DE TASSIGNY (AVENUE D;48,9308171373;2,4905458176
202200047628;8;1;2022;15:45;1;93;93001;2;1;2;2;LANDY (RUE DU) 34/29 =>;48,9153166664;2,3701933219
202200047629;8;1;2022;16:10;1;92;92025;2;1;2;1;E.D'ORVES > 330   281 (RUE);48,9111630000;2,2364460000
202200047630;8;1;2022;07:25;3;54;54374;1;1;2;7;RD 674;48,7648349396;6,4315938958
202200047631;8;1;2022;19:45;3;84;84142;1;1;1;6;route de st saturnin les avignons;43,9656930000;5,0092830000
202200047632;7;1;2022;15:50;1;31;31285;1;3;1;3;D112;43,6438240000;1,6128230000
202200047633;22;9;2022;07:35;2;51;51454;2;2;1;1;boulevard Dauphinot;49,2628600000;4,0570600000
202200047634;21;9;2022;11:49;1;49;49007;2;2;1;3;Boulevard Charles Barangé;47,4541800000; -0,5679700000
202200047635;22;9;2022;17:05;1;47;47001;2;2;1;6;LIBERTE (BOULEVARD DE LA);44,1954000000;0,6171000000
202200047636;22;9;2022;16:05;1;44;44109;2;6;1;2;Rond-Point Abel Durand;47,2210000000; -1,6024500000
202200047637;21;9;2022;08:07;1;43;43041;2;6;1;7;Rond-point de Tireboeuf;45,0501000000;3,9037400000
202200047638;21;9;2022;08:44;1;42;42187;2;4;7;6;Rue Mulsant;46,0398200000;4,0525290000
202200047639;22;9;2022;11:30;1;38;38185;2;1;1;6;Rue Leon Jouhaux;45,1808600000;5,7414000000
202200047640;22;9;2022;19:05;2;33;33063;2;2;7;3;Rue Stehelin;44,8559300000; -0,6267400000
202200047641;22;9;2022;11:15;1;33;33063;2;2;1;3;Rue Docteur Charles Nancel Pénard;44,8401700000; -0,5809600000
202200047642;22;9;2022;09:00;1;33;33318;2;6;1;3;Rue Robert Escarpit;44,8048100000; -0,6104800000
202200047643;22;9;2022;09:12;1;33;33063;2;2;7;3;Quai Sainte-Croix;44,8316100000; -0,5588000000
202200047644;22;9;2022;08:25;1;33;33192;2;1;1;3;Rue du Marais;44,7739400000; -0,5989900000
202200047645;21;9;2022;16:15;1;33;33550;2;1;1;4;Route de Toulouse;44,7979568453; -0,5689314008
202200047646;22;9;2022;22:08;5;31;31555;2;9;1;3;Route de Narbonne;43,5669600000;1,4584100000
202200047647;22;9;2022;07:50;1;31;31555;1;1;1;2;16 SOUPETARD (PERIPH EST A61);43,6136370000;1,4837010000
202200047648;22;9;2022;07:15;2;31;31555;2;1;1;6;AV DES ETATS UNIS;43,6479100000;1,4253320000
202200047649;21;9;2022;07:15;1;31;31555;2;1;1;1;AV DES ETATS UNIS;43,6479100000;1,4221700000
202200047650;22;9;2022;18:05;1;28;28085;2;2;1;3;CHANZY (RUE ET ROND POINT);48,4416200000;1,4861240000
202200047651;22;9;2022;15:10;1;27;27681;2;1;1;6;ISAMBARD (BOULEVARD);49,0906040345;1,4719340801
202200047652;22;9;2022;16:10;1;27;27229;2;1;1;1;ROLLAND (RUE ROMAIN);49,0103200000;1,1666600000
202200047653;22;9;2022;08:10;1;27;27299;2;1;1;1;RN 154;49,0542600000;1,1770600000
202200047654;21;9;2022;17:25;1;26;26362;2;6;1;3;MONTELEGER ROUTE DE;44,8960000000;4,9160000000
202200047655;21;9;2022;06:06;5;17;17291;1;1;1;7;35 PK RN11 ROCADE NANTES;46,1742000000; -1,1120000000
202200047656;21;9;2022;18:33;1;17;17291;2;1;1;3;ONZE NOVEMBRE   RUE DU;46,1749500000; -1,1148500000
202200047657;12;9;2022;17:30;1;16;16166;1;1;1;1;D1000;45,6731750000;0,2022650000
202200047658;22;9;2022;15:20;1;14;14059;2;1;1;7;D513;49,3484513591;0,0497657061
202200047659;22;9;2022;19:00;1;13;13210;2;1;1;2;MAURIAC (RUE);43,2724580904;5,4210500592
202200047660;22;9;2022;17:30;1;13;13214;2;1;1;1;AVENUE RAIMU;43,3325304661;5,3989101887
202200047661;22;9;2022;08:30;1;13;13202;2;1;1;3;ROBERT SCHUMANN (AVENUE);43,3022594127;5,3663353622
202200047662;21;9;2022;19:30;2;13;13202;2;3;1;3;EVECHE (RUE DE L');43,3018900000;5,3671700000
202200047663;21;9;2022;20:55;5;13;13070;2;6;1;1;ANTONETTI (AVENUE);43,2869900000;5,5138100000
202200047664;22;9;2022;13:18;1;13;13001;2;6;1;3;ISAAC JULES (AV);43,5389400000;5,4534100000
202200047665;22;9;2022;07:15;2;13;13001;2;2;1;2;JUVENAL MAX (AV);43,5237500000;5,4371300000
202200047666;18;9;2022;19:00;1;12;12083;2;1;1;7;HUGO VICTOR (AVENUE);44,5241600000;2,2880700000
202200047667;22;9;2022;18:45;2;75;75117;2;1;1;5;BD PERIPHERIQUE INTERIEUR;48,9005010000;2,3248890000
202200047668;21;9;2022;08:55;1;75;75120;2;4;1;6;BD PERIPHERIQUE INTERIEUR;48,8685280000;2,4132110000
202200047669;21;9;2022;02:05;5;75;75120;2;4;1;6;ECHANGEUR LILAS;48,8752800000;2,4103760000
202200047670;22;9;2022;00:26;5;75;75120;2;4;1;6;AVENUE CARTELLIER;48,8647580000;2,4120800000
202200047671;22;9;2022;19:50;2;75;75119;2;1;1;3;BOULEVARD DE LA VILLETTE;48,8799040000;2,3704230000
202200047672;22;9;2022;13:20;1;75;75119;2;3;1;3;AVENUE DE LAUMIERE;48,8832450000;2,3810850000
202200047673;22;9;2022;09:00;1;75;75117;2;1;1;3;RUE BROCHANT;48,8902110000;2,3196780000
202200047674;22;9;2022;08:50;1;75;75117;2;4;1;7;RUE GEORGES BERGER;48,8804990000;2,3094580000
202200047675;22;9;2022;17:45;1;75;75115;2;2;1;7;AVENUE EMILE ZOLA;48,8465270000;2,2854160000
202200047676;22;9;2022;20:00;5;75;75114;2;2;1;3;AVENUE DE LA PORTE D ORLEANS;48,8230490000;2,3254900000
202200047677;22;9;2022;17:02;1;75;75113;2;1;1;6;RUE DES TERRES AU CURE;48,8243180000;2,3721010000
202200047678;22;9;2022;10:30;1;75;75110;2;2;1;5;BOULEVARD DE MAGENTA;48,8765180000;2,3558590000
202200047679;22;9;2022;17:30;1;75;75107;2;2;1;3;QUAI D ORSAY;48,8628270000;2,3134600000
202200047680;21;9;2022;22:40;5;75;75107;2;3;1;6;QUAI D ORSAY;48,8625551000;2,3092520000
202200047681;22;9;2022;18:05;1;75;75101;2;2;1;3;RUE DU LOUVRE;48,8616940000;2,3412260000
202200047682;21;9;2022;14:55;1;94;94043;2;1;1;3;FONTAINEBLEAU (AV DE);48,8075900000;2,3629500000
202200047683;22;9;2022;18:35;1;94;94073;2;1;1;2;ALOUETTES (R DES);48,7525700000;2,3763100000
202200047684;2;12;2022;05:15;3;62;62810;1;1;1;5;N17;50,3465360000;2,7850030000
202200047685;22;9;2022;13:15;1;94;94073;2;3;1;6;JEAN JAURES (R);48,7671472868;2,3929749218
202200047686;1;12;2022;09:00;1;13;13202;1;1;1;3;A5501DSens Lyon vers A55-Mlle Vieux Port;43,3130915342;5,3679352998
202200047687;1;12;2022;10:45;1;13;13071;1;1;1;7;A5502D-Sens Marseille vers A55-Martigues;43,4018800000;5,2969500000
202200047688;22;9;2022;12:05;1;94;94073;2;1;1;3;ALOUETTES (R DES);48,7525360000;2,3723640000
202200047689;1;12;2022;09:00;1;13;13028;1;1;1;4;A50-Sens Aubagne vers Toulon;43,2103891427;5,5833935738
202200047690;22;9;2022;13:10;1;93;93072;2;2;1;3;Avenue Marcel Cachin / Rue des Parouzets;48,9589400000;2,3821200000
202200047691;30;11;2022;18:15;5;69;69152;1;1;1;6;Autoroute 450 ;45,6947500000;4,8261300000
202200047692;30;11;2022;18:30;3;67;67482;1;1;1;2;M351;48,5869870000;7,7145310000
202200047693;1;12;2022;19:20;5;33;33063;2;1;1;7;ROCADE A 630;44,8840370000; -0,5587220000
202200047694;22;9;2022;11:30;1;93;93070;2;1;1;2;Quai de Seine;48,9164774091;2,3253995235
202200047695;1;12;2022;17:40;3;91;91363;1;1;1;3;RN 104;48,6332900000;2,2228300000
202200047696;1;12;2022;07:45;2;94;94038;1;1;1;3;AUTOROUTE A6A;48,7734212580;2,3459057506
202200047697;21;9;2022;17:08;1;93;93064;2;3;1;3;Avenue Lech Walesa / Rue du Docteur Seyer;48,8728500207;2,4865263871
202200047698;1;12;2022;07:45;4;94;94034;1;1;1;2;AUTOROUTE A6A;48,7545800000;2,3329500000
202200047699;1;12;2022;17:50;3;78;78423;1;1;1;3;RN12;48,7955000000;2,0462800000
202200047700;22;9;2022;09:27;1;93;93050;2;1;1;6;Rue Albert Camus;48,8627814176;2,5404509982
202200047701;1;12;2022;17:45;4;92;92036;1;1;1;4;AUTOROUTE A15;48,9407403854;2,2929114253
202200047702;22;9;2022;17:00;1;93;93048;2;1;1;7;Place du Général de Gaulle;48,8682500000;2,4340500000
202200047703;22;9;2022;09:15;1;93;93074;2;1;1;6;Rue Victor Hugo;48,9360000000;2,5851200000
202200047704;1;12;2022;13:55;1;93;93064;1;1;1;3;AUTOROUTE A103;48,8833346075;2,4918794632
202200047705;1;12;2022;09:30;1;93;93001;1;1;1;2;AUTOROUTE A86;48,9215357961;2,3685407639
202200047706;30;11;2022;18:40;3;93;93053;1;1;1;4;AUTOROUTE A86;48,9027800000;2,4673300000
202200047707;21;9;2022;19:30;1;93;93031;2;1;1;3;Avenue de Lattre de Tassigny;48,9540060000;2,3137120000
202200047708;27;11;2022;20:00;3;95;95277;1;1;1;2;RD 170 ;48,9781700000;2,4556500000
202200047709;22;9;2022;07:55;2;93;93027;2;2;1;6;Rue Parmentier / Rue Honoré de Balzac;48,9243765467;2,3835966788
202200047710;30;11;2022;10:00;1;95;95306;1;1;1;2; A15;49,0071131215;2,1624451876
202200047711;22;9;2022;18:12;1;93;93008;2;7;1;6;Place Normandie Niemen / Avenue Henri Barbusse;48,9126674395;2,4360452506
202200047712;1;12;2022;18:25;5;94;94022;1;1;2;4;A86 EXT;48,7733811508;2,4011395508
202200047713;1;12;2022;00:35;3;94;94004;1;1;1;6;RN19 .W;48,7518280000;2,5138070000
202200047714;22;9;2022;18:10;1;92;92033;2;1;1;2;SUISSES;48,8536100000;2,1966600000
202200047715;29;11;2022;12:03;1;75;75112;2;3;8;6;BOULEVARD DIDEROT;48,8473450000;2,3867850000
202200047716;30;11;2022;17:40;5;75;75116;2;1;1;5;ECHANGEUR MUETTE;48,8674120000;2,2691630000
202200047717;22;9;2022;14:10;1;92;92064;2;9;1;6;REPUBLIQUE;48,8514920000;2,2130130000
202200047718;30;11;2022;08:10;1;75;75112;2;1;1;5;PORTE DE CHARENTON;48,8308070000;2,4031540000
202200047719;22;9;2022;13:25;1;92;92051;2;3;1;2;PARMENTIER (RUE);48,8839862117;2,2815594077
202200047720;22;9;2022;17:30;1;92;92050;2;1;1;3;PICASSO PABLO AVENUE;48,8911967409;2,2153517604
202200047721;30;11;2022;06:40;2;75;75106;2;3;1;7;RUE AUGUSTE COMTE;48,8443680000;2,3328910000
202200047722;30;11;2022;16:15;1;75;75116;2;1;1;3;VOIE GEORGES POMPIDOU;48,8455750000;2,2731340000
202200047723;22;9;2022;13:37;1;92;92044;2;2;1;6;CHAPTAL(RUE) 81+ ET 66+;48,8903265202;2,2817340195
202200047724;30;11;2022;18:18;5;75;75115;2;1;1;6;AVENUE DE SUFFREN;48,8535950000;2,2971010000
202200047725;22;9;2022;12:50;1;92;92024;2;1;1;3;MARTRE (RUE) DE (59 A 109)   (58 A 120);48,9020600000;2,3071200000
202200047726;10;7;2022;18:30;1;62;62119;2;1;1;6;RABAT ( RUE DU );50,5457210000;2,6445580000
202200047727;29;11;2022;22:43;5;75;75114;2;4;1;7;AVENUE DU MAINE;48,8330950000;2,3247230000
202200047728;22;9;2022;15:40;1;92;92023;2;1;1;1;PORTE DE TRIVAUX (RUE DE) N°57 A 197 ET;48,7892000000;2,2516300000
202200047729;7;7;2022;20:30;1;61;61001;2;6;1;3;CAZAULT (RUE);48,4311500000;0,0898200000
202200047730;30;11;2022;17:00;2;75;75113;2;1;1;6;QUAI D IVRY;48,8254200000;2,3883590000
202200047731;2;7;2022;20:50;1;60;60057;2;1;1;6;Boulevard du Général de Gaulle;49,4302200000;2,0908500000
202200047732;22;9;2022;18:55;1;92;92007;2;2;1;5;BRIAND (AVENUE ARISTIDE) N° 162 A 300;48,7914100000;2,3197900000
202200047733;30;11;2022;06:20;5;75;75113;2;3;1;6;RUE DE TOLBIAC;48,8271093629;2,3671433330
202200047734;6;7;2022;18:18;1;60;60057;2;1;1;2;Av du Pdt J Fitzgerald Kennedy;49,4270247699;2,1006417273
202200047735;22;9;2022;09:35;1;92;92007;2;1;1;7;DE GAULLE (AVENUE CHARLES);48,7976024310;2,2972031236
202200047736;30;11;2022;10:30;1;75;75112;2;1;1;6;AVENUE DAUMESNIL;48,8376710000;2,4008090000
202200047737;11;6;2022;11:00;1;60;60057;2;9;1;6;Rue du Pont Laverdure;49,4255725837;2,1074813604
202200047738;23;9;2022;09:00;1;24;24011;1;1;1;3;Route de Limoges;45,2192240000;0,8379830000
202200047739;30;11;2022;06:00;5;75;75112;2;2;1;3;QUAI DE LA RAPEE;48,8432090000;2,3703550000
202200047740;22;9;2022;19:50;3;41;41204;1;1;1;1;D951;47,6348000000;1,4155630000