Num_Acc;jour;mois;an;hrmn;lum;dep;com;agg;int;atm;col;adr;lat;long
202200047741;30;11;2022;07:34;2;75;75107;2;2;1;6;AVENUE DU MARECHAL GALLIENI;48,8610560000;2,3132360000
202200047742;12;6;2022;20:20;1;59;59599;2;2;1;5;DOUMER (RUE PAUL);50,7239505282;3,1622117758
202200047743;8;7;2022;17:00;1;59;59512;2;1;7;6;MONTGOLFIER (RUE);50,6808968525;3,1851392984
202200047744;30;11;2022;19:10;5;75;75104;2;3;1;3;BOULEVARD HENRI IV;48,8520840000;2,3654080000
202200047745;19;9;2022;12:21;1;12;12131;1;1;1;1;Rue des Touroulis;44,3852633402;2,6376199723
202200047746;9;7;2022;10:30;1;59;59220;2;1;1;3;ARRAS ROUTE D     N°IMPAIR;50,6055848840;3,0587911604
202200047747;29;11;2022;18:15;5;75;75101;2;2;1;7;RUE DES CAPUCINES;48,8683560000;2,3303040000
202200047748;19;9;2022;22:50;5;91;91665;2;1;1;7;Rue du Grand Noyer;48,6609100000;2,2689930000
202200047749;30;11;2022;18:00;5;94;94067;2;1;1;7;GENERAL DE GAULLE (AV DU);48,8384910000;2,4175560000
202200047750;20;6;2022;13:25;1;59;59636;2;6;1;3;Abbé Pierre, rue;50,6887900000;3,0650800000
202200047751;22;9;2022;17:45;1;84;84056;1;1;1;7;D 977;44,1306940000;4,9341060000
202200047752;24;11;2022;20:45;5;94;94015;2;1;1;1;PASTEUR (BD);48,8334800000;2,5294400000
202200047753;22;9;2022;12:00;1;59;59107;2;1;1;7;95 Rue Auguste Coolen;51,0720440000;2,5305730000
202200047754;9;7;2022;08:15;1;59;59457;2;1;1;3;AGACHE EDOUARD RUE;50,6659200000;2,9699100000
202200047755;30;11;2022;21:25;5;94;94028;2;1;1;3;FRANCE LIBRE(AVENUE DE LA);48,7789400000;2,4551700000
202200047756;22;9;2022;20:50;5;30;30282;2;2;1;6;D6;44,1451840000;4,4892780000
202200047757;6;7;2022;20:10;1;59;59350;2;2;1;3;BELFORT BOULEVARD DE;50,6183400253;3,0735728145
202200047758;29;11;2022;16:30;1;94;94017;2;1;1;6;84 Avenue Roger Salengro;48,8181900000;2,4922400000
202200047759;13;6;2022;06:45;2;59;59350;2;1;7;3;ESPLANADE FACADE;50,6449300000;3,0511300000
202200047760;30;11;2022;16:25;2;93;93062;2;6;1;6;Rond - Point Thiers;48,8995900000;2,5176200000
202200047761;22;9;2022;18:50;1;30;30047;1;2;1;3;Chemin du Pont des Isles;43,8126400000;4,4169710000
202200047762;21;9;2022;10:30;1;76;76709;2;1;1;6;280 Rue Raymond Brétéché;49,4829460000;0,8079010000
202200047763;30;11;2022;06:10;3;93;93014;1;1;1;2;Route Strategique;48,9206400000;2,5587300000
202200047764;1;7;2022;16:35;1;59;59272;2;2;1;3;GRAVELINES (RUE DE);50,9884100000;2,1107400000
202200047765;17;9;2022;17:10;1;76;76312;2;1;1;6;Boulevard des Capucins;49,4845690000;1,7172570000
202200047766;29;11;2022;15:40;1;93;93045;2;1;8;6;Rue de Paris;48,8830217881;2,4265220761
202200047767;1;7;2022;17:55;1;59;59273;1;3;1;1;ENROCHEMENTS (ROUTE DES);51,0052130309;2,1339440346
202200047768;29;11;2022;16:00;1;93;93045;2;1;1;6;77 Rue de Paris;48,8788910000;2,4126320000
202200047769;21;9;2022;19:15;2;33;33320;1;1;1;6;Route du Camping;44,9913040000; -0,0641850000
202200047770;5;7;2022;16:40;1;57;57221;2;3;1;3;CD 952;49,3162862285;6,1254682390
202200047771;30;11;2022;20:00;5;93;93031;2;2;1;7;Avenue Salvador Allende / Avenue de Lattre de Tassigny;48,9573100000;2,3098100000
202200047772;12;6;2022;14:23;1;57;57672;2;1;1;6;;49,3593600000;6,1380600000
202200047773;29;11;2022;11:27;1;93;93008;2;1;5;6;Avenue Paul Vaillant - Couturier / Rue Pierre Sémard;48,9097000000;2,4472000000
202200047774;22;9;2022;20:45;3;69;69284;1;1;1;5;Route de Saint Trivier;45,8763710000;4,8830580000
202200047775;30;11;2022;13:20;1;92;92075;2;1;8;3;JEAN BLEUZEN (RUE);48,8230240000;2,2957860000
202200047776;19;9;2022;07:55;1;49;49368;1;1;7;2;D53;47,3986760000;0,0274600000
202200047777;30;11;2022;08:30;1;92;92073;2;3;1;7;GALLIENI (QUAI);48,8721053718;2,2335028052
202200047778;3;7;2022;15:05;1;57;57631;2;1;1;1;IPPLING (RUE);49,1100694466;7,0381025280
202200047779;22;9;2022;12:20;1;46;46128;1;1;1;5;route de combescure;44,7810510000;1,7322080000
202200047780;8;7;2022;21:10;1;56;56260;2;6;1;3;GIRATOIRE DU DR CADORET;47,6653300000; -2,7507900000
202200047781;22;9;2022;10:20;1;29;29078;2;1;1;6;route du Faou;48,3253130000; -4,1624420000
202200047782;30;11;2022;21:25;5;92;92049;2;2;1;3;BARBES RUE;48,8173090000;2,3288550000
202200047783;9;7;2022;11:00;1;56;56162;1;6;1;7;Giratoire de Kerlir D152;47,7086124600; -3,4217083000
202200047784;22;9;2022;09:00;1;44;44116;2;6;1;3;Rue des Floralies;47,2815440000; -2,0250250000
202200047785;30;11;2022;16:30;2;92;92049;2;1;1;6;JAURES AVENUE JEAN N°52 A FIN;48,8147400000;2,3088040000
202200047786;5;7;2022;15:35;1;56;56121;2;1;1;6;2 Rue du Ter;47,7342200000; -3,3890900000
202200047787;22;9;2022;19:15;1;29;29227;1;1;1;3;Lieu Dit les Chenes;48,3272320000; -3,6254980000
202200047788;30;11;2022;17:48;5;92;92048;2;1;1;3;rue du PETIT CLAMART;48,7821822852;2,2262804210
202200047789;11;6;2022;18:00;1;55;55545;2;1;7;7;METZ ( AVENUE DE );49,1481800000;5,4021200000
202200047790;23;9;2022;00:05;5;31;31006;2;1;1;6;en borie;43,5513940000;1,7837230000
202200047791;30;11;2022;11:20;1;92;92025;2;3;2;3;KLEBER (AV);48,9356580000;2,2608910000
202200047792;23;9;2022;07:30;2;03;03246;1;1;1;6;La tuilerie de bartillat;46,3252130000;2,4462010000
202200047793;9;7;2022;19:56;1;54;54395;2;1;1;3;AUSTRASIE (BOULEVARD);48,6920344578;6,2003177404
202200047794;26;11;2022;20:15;5;92;92025;2;2;1;3;VALMY (BD DE);48,9338777627;2,2555559277
202200047795;22;9;2022;15:29;1;01;01374;1;1;1;3;D64d - route de Saint-Martin;46,1001430000;5,3223190000
202200047796;30;11;2022;19:20;5;92;92019;2;1;1;3;MONNET JEAN (AVENUE DU);48,7708706361;2,2851642966
202200047797;8;7;2022;01:45;5;54;54395;2;5;1;3;FOLLER (RUE);48,6869300000;6,1950200000
202200047798;22;9;2022;13:50;1;01;01093;1;2;1;3;;46,1152380000;4,9363590000
202200047799;30;11;2022;07:50;2;57;57694;1;3;8;3;Route de Bouzonville;49,1486710000;6,2473050000
202200047800;30;11;2022;08:45;1;22;22206;2;1;1;6;RUE DE LA MAIRIE;48,5424200000; -2,9695270000
202200047801;22;9;2022;19:05;1;72;72080;1;1;1;6;RD 323 - Lieu dit Brisson;48,1681250000;0,6493090000
202200047802;6;7;2022;08:00;1;54;54547;2;1;1;2;FORET DE HAYE (RUE DE LA);48,6510616089;6,1410838366
202200047803;21;9;2022;18:45;1;64;64320;1;1;1;7;D934;42,8720261780; -0,3971524595
202200047804;24;11;2022;19:15;3;33;33254;1;3;1;3;Bois-majou-nord;44,5224200000; -0,0464240000
202200047805;5;7;2022;12:25;1;54;54549;2;4;1;5;PERI (RUE GABRIEL);48,6363700000;6,3117200000
202200047806;19;9;2022;17:30;1;16;16081;1;1;1;6;Les Sablons;45,8266010000;0,0539660000
202200047807;23;9;2022;09:00;1;16;16287;1;1;1;6;Berguille;45,5755330000;0,0360600000
202200047808;1;12;2022;12:30;1;21;21106;1;1;8;3;Autoroute A31 PK 034.000;47,2448040000;5,0986860000
202200047809;10;7;2022;08:25;1;54;54099;1;1;7;2;146D (RD);49,2738500000;5,9103000000
202200047810;23;9;2022;09:15;1;07;07020;1;1;2;7;;44,5722040000;4,6317670000
202200047811;30;11;2022;16:30;2;83;83148;1;1;1;3;2140 Route du Thoronet Rd 84;43,4265310000;6,3984330000
202200047812;9;6;2022;17:50;1;61;61001;2;9;1;7;JULIEN (RUE);48,4325800000;0,0825800000
202200047813;8;7;2022;17:40;1;54;54099;1;1;1;7;138 (RD);49,2554200000;5,9975400000
202200047814;30;11;2022;16:40;2;68;68254;1;1;1;6;1 Ferme Saint-martin;47,7420070000;7,5051480000
202200047815;22;9;2022;15:20;1;40;40266;1;1;1;6;route de mimizan RD 642;44,0970170000; -1,2323780000
202200047816;9;6;2022;20:30;1;35;35238;2;1;1;6;VILLIERS DE L'ISLE ADAM;48,0971455971; -1,6647545993
202200047817;10;7;2022;19:25;1;51;51454;2;2;1;7;boulevard Pommery;49,2560000000;4,0554000000
202200047818;22;9;2022;11:11;1;24;24007;1;3;1;7;D709;45,2687730000;0,3187970000
202200047819;1;12;2022;12:40;1;35;35338;1;3;1;3;rd108;48,0518510000; -1,2434940000
202200047820;9;6;2022;07:50;1;31;31555;2;1;7;3;PONT DES DEMOISELLES;43,5876300000;1,4606600000
202200047821;8;7;2022;23:00;5;51;51454;2;5;1;7;boulevard Saint Marceaux;49,2554870000;4,0464720000
202200047822;1;12;2022;00:45;3;06;06064;1;1;1;7;Chemin des Castellas;43,7710740000;7,1766300000
202200047823;9;6;2022;09:00;1;27;27229;2;2;1;6;LOMBARDS (RUE DES);49,0278100000;1,1494800000
202200047824;23;9;2022;16:50;1;04;04141;1;2;1;1;D112;44,0246240000;5,7169330000
202200047825;7;7;2022;19:45;1;51;51454;2;2;1;3;rue de Cernay;49,2575000000;4,0494700000
202200047826;18;2;2022;15:10;1;83;83034;2;1;1;4;RUE DES 3 PINS;43,0985400000;6,0653700000
202200047827;8;6;2022;18:30;1;29;29019;2;1;1;6;avenue Georges Clemenceau;48,3897580000; -4,4851940000
202200047828;22;9;2022;16:00;1;17;17233;1;1;1;7;125 Avenue de l Ocean;45,4455220000; -0,3813780000
202200047829;18;2;2022;21:35;5;83;83118;2;1;1;7;AVENUE DES GABIANS;43,4315400000;6,7877500000
202200047830;23;2;2022;17:30;1;30;30028;2;9;1;6;Boulevard Théodore Lacombe;44,1628000000;4,6224000000
202200047831;30;11;2022;07:30;3;79;79079;1;1;1;1;La Roche des Gats Loubland;46,9659660000; -0,8430990000
202200047832;7;7;2022;17:10;1;51;51454;2;1;1;2;boulevard du Président Wilson;49,2401201875;4,0205830336
202200047833;23;9;2022;05:50;3;37;37006;1;1;1;1;La Vallee;47,2744903425;0,5853062868
202200047834;17;2;2022;13:55;1;80;80164;2;2;6;3;RD929;49,9207500000;2,3679800000
202200047835;22;9;2022;14:35;1;08;08311;2;1;1;6;Rue de la Tour Saint Jerome;49,6048140000;5,0850710000
202200047836;25;11;2022;06:30;3;82;82025;1;1;2;6;Route de Trixe;43,9417340000;1,3249630000
202200047837;9;6;2022;18:15;5;974;97416;1;1;1;2;BADAMIER(CHEMIN); -21,3040800000;55,4595400000
202200047838;18;2;2022;10:05;1;79;79329;2;1;6;7;61 Avenue Emile Zola;46,9891600000; -0,2103400000
202200047839;9;6;2022;17:05;1;973;97302;2;1;1;3;CABASSOU (ROUTE DE);4,9192400000; -52,3176200000
202200047840;7;7;2022;13:50;1;51;51454;2;2;1;3;avenue de Laon;49,2633600000;4,0280700000
202200047841;22;9;2022;22:45;5;987;98738;1;1;1;2;RDO Sens FAA'A - PUNAAUIA; -17,6180000000; -149,5490000000
202200047842;18;2;2022;18:00;2;76;76391;1;1;6;1;Rue Frété;49,3021080000;0,9717720000
202200047843;2;10;2022;19:45;5;49;49218;2;2;1;3;Rue du Commerce (St Pierre-Montlimart);47,2705850000; -1,0283000000
202200047844;9;6;2022;18:42;1;973;97302;2;1;1;3;BADUEL (ROUTE DE);4,9309900000; -52,3055300000
202200047845;22;9;2022;17:10;1;31;31254;2;6;1;6;700 La Pyreneenne;43,5456010000;1,5059320000
202200047846;18;2;2022;01:00;5;76;76231;2;9;2;6;Rue Sevestre Aine;49,2899100000;1,0009400000
202200047847;6;7;2022;21:09;1;51;51454;2;2;1;1;rue de Vesle;49,2528730000;4,0272050000
202200047848;30;11;2022;22:00;3;39;39476;1;6;1;6;;47,0035700000;5,3548160000
202200047849;9;6;2022;09:30;1;973;97302;2;1;1;3;FELIX EBOUE(ROCADE);4,9289253714; -52,3161756992
202200047850;22;9;2022;15:50;1;971;97107;2;1;1;6;FOUR À CHAUX;16,1047720000; -61,5652050000
202200047851;6;7;2022;15:25;1;51;51454;2;1;1;2;boulevard Pommery;49,2501400000;4,0525600000
202200047852;22;9;2022;08:25;2;77;77382;2;1;8;7;D85P;48,9008340000;2,8585130000
202200047853;18;2;2022;21:00;5;74;74012;2;3;2;3;VALLEES (ROUTE DES);46,1918100000;6,2483800000
202200047854;9;6;2022;13:30;1;69;69388;2;2;8;3;Rue Rochambeau;45,7320800000;4,8677000000
202200047855;30;11;2022;13:50;1;29;29030;2;1;1;2;D10;48,6622712997; -4,1154718100
202200047856;21;9;2022;18:35;1;77;77349;1;1;1;7;Rue Saint-laurent;49,0915810000;2,6354800000
202200047857;6;7;2022;15:05;1;50;50129;2;1;1;3;;49,6482600000; -1,6436100000
202200047858;18;2;2022;10:30;1;74;74012;2;1;1;3;SALEVE (RUE DU);46,1917000000;6,2299000000
202200047859;20;9;2022;11:40;1;2B;2B182;1;1;1;1;Carrefour D71-Pisale;42,5715080000;9,0150820000
202200047860;1;7;2022;13:35;1;50;50129;2;1;1;3;PARIS (AVENUE DE);49,6299900000; -1,6178600000
202200047861;9;6;2022;19:45;5;972;97209;1;3;1;3;REDOUTE (ROUTE DE LA);14,6150200000; -61,0618600000
202200047862;18;2;2022;18:45;5;73;73008;2;4;1;1;D991D;45,7045600000;5,8909100000
202200047863;29;11;2022;08:25;2;31;31478;1;2;2;3;D43;43,4334600000;1,8954310000
202200047864;19;9;2022;03:00;3;34;34154;1;1;1;4;D62;43,5605690000;4,0336350000
202200047865;7;7;2022;12:58;1;49;49007;2;2;1;3;SAUMUROISE IMPASSE ET RUE;47,4556700000; -0,5300000000
202200047866;10;6;2022;00:45;5;69;69382;2;5;1;3;Quai Jean Moulin;45,7636700000;4,8384800000
202200047867;16;2;2022;15:40;1;72;72181;2;1;2;2;MOLIERE - ENTRE ROCADE ET MONTHEARD;47,9938900000;0,2170800000
202200047868;23;9;2022;10:10;1;83;83115;2;1;1;6;Avenue Charles de Gaulle;43,3067440000;6,6408710000
202200047869;30;11;2022;15:15;1;31;31234;1;2;8;3;Route de Toulouse;43,7212110000;1,0985680000
202200047870;6;7;2022;12:03;1;49;49353;2;6;1;3;BELLINIERE RUE;47,4568000000; -0,5112000000
202200047871;18;2;2022;18:10;5;68;68224;2;2;2;3;ILE NAPOLEON (RUE DE L');47,7529800000;7,3557200000
202200047872;9;6;2022;14:40;1;69;69149;2;3;1;4;Grande Rue;45,7179000000;4,8099000000
202200047873;5;7;2022;12:11;1;49;49007;2;1;1;7;EPINARD CHEMIN;47,4980700000; -0,5565000000
202200047874;23;9;2022;08:20;1;13;13097;2;9;1;3;Route Departementale 24;43,6302980000;4,8063580000
202200047875;18;2;2022;06:30;2;67;67204;1;1;1;2;FONTAINE (RUE DE LA);48,6237400000;7,7528400000
202200047876;23;9;2022;13:21;1;71;71571;1;1;1;6;route des janots;46,4010200000;4,4536580000
202200047877;5;7;2022;19:54;1;49;49353;2;1;1;6;VEST FERDINANT;47,4419400000; -0,4843500000
202200047878;30;11;2022;16:30;1;03;03158;1;9;1;6;RD 39;46,4407260000;2,7055440000
202200047879;6;7;2022;08:57;1;49;49007;2;1;1;7;MENDES FRANCE PLACE;47,4732400000; -0,5457800000
202200047880;9;6;2022;17:45;1;2B;2B033;2;1;1;3;MIOT - RUE;42,7000000000;9,4500000000
202200047881;17;2;2022;11:15;1;66;66136;2;3;1;6;DALBIEZ (AVENUE VICTOR);42,6895600000;2,8844700000
202200047882;15;8;2022;06:15;1;13;13071;2;1;1;3;PENNES AUX PINS ( CHEMIN DES );43,4137800000;5,3553000000
202200047883;23;9;2022;06:50;3;54;54532;1;1;1;1;RD907;48,7999665660;5,9470367431
202200047884;1;12;2022;16:45;2;01;01098;1;1;1;1;D1504;45,7949170000;5,6824950000
202200047885;9;6;2022;10:26;1;2B;2B033;2;9;1;2;11 - RT;42,6641400000;9,4425900000
202200047886;12;6;2022;21:14;1;49;49246;2;1;1;2;PYRAMIDE PLACE ET ROUTE;47,4484900000; -0,5119000000
202200047887;30;11;2022;17:34;3;01;01163;1;1;1;3;Route de Montrevel;46,3536780000;5,1429190000
202200047888;15;8;2022;07:00;1;13;13204;2;1;1;2;ALEX. FLEMING (BOULEVARD);43,3165533935;5,3970745754
202200047889;17;2;2022;00:45;5;66;66136;2;3;1;3;GAUGUIN (AVENUE PAUL);42,7153500000;2,8937500000
202200047890;22;5;2022;04:12;5;971;97101;1;1;1;6;AMEDEE ABARRE - SALLE D'ASILE (RUE);16,2621751190; -61,5019690990
202200047891;21;9;2022;18:20;1;01;01262;2;6;7;3;Place de la Gare;45,8480650000;5,0577620000
202200047892;6;7;2022;23:55;3;47;47323;1;1;1;7;PRADAL;44,4470300000;0,7389400000
202200047893;15;8;2022;15:00;1;13;13098;1;1;1;7;D.51A;43,4553800000;5,0047600000
202200047894;22;9;2022;12:30;1;01;01386;1;1;1;6;route de la chartreuse;45,8892540000;5,3710060000
202200047895;18;2;2022;21:30;5;64;64348;2;3;2;7;JEAN MERMOZ;43,3227200000; -0,3793700000
202200047896;9;6;2022;15:05;1;95;95051;2;1;1;6;Chaussee Jules Cesar;49,0106740929;2,1932959557
202200047897;6;7;2022;16:05;1;47;47323;2;1;1;6;FRATERNITE(RUE DE LA );44,4069700000;0,7080800000
202200047898;15;8;2022;23:20;5;13;13028;2;1;1;6;FRANCE (BOULEVARD ANATOLE);43,1762017989;5,6105964108
202200047899;18;2;2022;20:10;5;64;64024;2;1;2;6;ADOUR (AVENUE DE L');43,5024800000; -1,4931400000
202200047900;22;9;2022;18:25;1;33;33447;2;1;1;6;Rue de Châteaudun;45,0118660000; -0,0501680000
202200047901;15;8;2022;18:50;1;06;06069;2;1;1;7;SIDI BRAHIM (AVENUE);43,6516700000;6,9289500000
202200047902;1;12;2022;17:50;3;58;58035;2;1;1;1;D9;47,0748070000;3,4176980000
202200047903;7;7;2022;15:15;1;45;45234;2;1;1;3;Pont du Maréchal Joffre;47,8948426355;1,8956351280
202200047904;9;6;2022;14:00;1;95;95488;1;1;1;4;Chemin du Parc;49,0129900000;2,1718600000
202200047905;18;2;2022;14:05;1;64;64024;2;3;1;3;NUMA (RUE DE);43,4899200000; -1,5040200000
202200047906;22;9;2022;15:00;1;33;33519;1;2;1;3;Avenue de Soulac;44,9214140000; -0,6736480000
202200047907;9;6;2022;10:44;1;95;95063;2;1;1;6;RUE EDOUARD VAILLANT;48,9244400000;2,2088900000
202200047908;15;8;2022;13:45;1;06;06069;2;4;1;3;SAINT EXUPERY (AVENUE ANTOINE DE);43,6665400000;6,9405400000
202200047909;22;9;2022;06:40;2;22;22274;1;1;1;1;La Lindais;48,3790620000; -2,0184330000
202200047910;1;12;2022;06:55;3;50;50639;2;1;5;6;75 Rue Jules Tétrel;48,8415870000; -1,2273790000
202200047911;15;2;2022;21:22;5;63;63113;2;3;1;3;POURCHON (BD MAURICE);45,7924900000;3,0916400000
202200047912;21;9;2022;21:26;3;59;59357;1;1;1;6;Rue de Pont-sur-sambre;50,2694220000;3,8542270000
202200047913;9;6;2022;19:40;1;91;91027;2;6;1;3;AV HENRI DUNANT;48,7218800000;2,4047800000
202200047914;15;8;2022;13:20;1;75;75112;2;4;2;4;PORTE DE VINCENNES;48,8443760000;2,4139040000
202200047915;16;7;2022;16:25;1;21;21208;2;1;1;1;Rue de Moloy;47,5405200000;4,9673870000
202200047916;7;7;2022;08:25;1;45;45284;2;1;1;4;D2060 PR 92 + 915;47,9243800000;1,9611800000
202200047917;18;2;2022;18:30;2;59;59599;2;5;6;1;MARNE (AVENUE DE LA);50,7129500000;3,1561100000
202200047918;22;9;2022;10:58;1;59;59212;2;1;1;6;45 rue du general de gaulle;50,6441970000;2,7237890000
202200047919;1;12;2022;10:37;1;04;04123;1;1;1;6;D4075;44,2448920000;5,8906460000
202200047920;5;7;2022;18:30;1;44;44184;2;1;1;6;6 Avenue Ernest Renan;47,2985200000; -2,1863400000
202200047921;9;6;2022;14:30;1;91;91027;2;9;1;6;RUE ANDRE LAUNAY;48,7167900000;2,3885400000
202200047922;13;8;2022;15:40;1;75;75112;2;5;1;3;AVENUE DAUMESNIL;48,8341980000;2,4107640000
202200047923;1;12;2022;13:30;1;17;17218;2;7;1;6;Place Ernest Cognacq;46,3087810000; -0,9934470000
202200047924;18;2;2022;19:50;5;59;59183;2;1;6;6;MAGASIN GENERAL;51,0330630928;2,3684596717
202200047925;6;7;2022;10:00;1;43;43157;2;1;1;6;27 Place du Breuil;45,0420300000;3,8840600000
202200047926;9;6;2022;14:45;1;91;91687;2;9;1;2;PRESIDENT KENNEDY (AVENUE DU);48,6633400000;2,3686880000
202200047927;30;11;2022;15:00;1;30;30339;1;1;9;7;l esperou;44,0942490000;3,5482670000
202200047928;17;2;2022;03:45;3;57;57631;2;1;3;6;MONTAGNE (RUE DE LA);49,1002584000;7,0489860000
202200047929;15;8;2022;10:20;1;75;75113;2;2;1;3;BOULEVARD DU GENERAL JEAN SIMON;48,8256650000;2,3820670000
202200047930;29;11;2022;19:55;3;30;30212;1;1;1;6;;43,9473800000;4,5593800000
202200047931;21;9;2022;21:18;3;83;83062;1;1;1;2;A57;43,1464800000;6,0319800000
202200047932;8;7;2022;09:45;1;42;42218;2;2;1;6;Boulevard Valbenoite;45,4240100000;4,3974400000
202200047933;15;8;2022;17:00;1;75;75112;2;1;1;6;AVENUE DE NOGENT;48,8413730000;2,4510540000
202200047934;5;6;2022;01:10;5;89;89024;2;2;1;3;BRAZZA (RUE DE);47,8010600000;3,5813200000
202200047935;24;6;2022;11:15;1;42;42218;2;1;2;6;Rue Charles de Gaulle;45,4467300000;4,3849700000
202200047936;22;9;2022;16:25;1;69;69266;1;1;1;2;Boulevard Périphérique Laurent Bonnevay ;45,7588100000;4,9092900000
202200047937;19;11;2022;11:10;1;35;35352;1;1;1;2;D173;48,0485950000; -1,6084030000
202200047938;5;2;2022;12:50;1;57;57019;2;4;1;1;FERME (RUE DE LA VIEILLE);49,2581400000;6,1343400000
202200047939;8;6;2022;14:36;1;88;88209;2;9;2;3;EPINAL (RUE D');48,1956700000;6,4377000000
202200047940;15;8;2022;11:55;1;75;75110;2;2;1;2;BOULEVARD DE LA VILLETTE;48,8736390000;2,3750160000
202200047941;17;9;2022;03:00;3;57;57221;1;1;1;2;Autoroute A31;49,3467502903;6,1122769117
202200047942;30;11;2022;07:30;2;35;35210;1;6;1;3;D288;48,1367990000; -1,7718890000
202200047943;13;6;2022;23:05;5;42;42187;2;2;1;3;Avenue Centrale;46,0670800000;4,0788700000
202200047944;16;2;2022;08:00;3;56;56098;1;3;2;6;RUE DU BOIS DE ST-NUDEC;47,7806910000; -3,3088160000
202200047945;8;6;2022;13:50;1;87;87085;2;6;1;7;BEAUBREUIL (AVENUE DE);45,8808900000;1,2946300000
202200047946;14;8;2022;14:30;1;75;75107;2;2;2;3;PONT DE LA CONCORDE;48,8640670000;2,3201260000
202200047947;1;12;2022;08:12;2;42;42279;2;3;1;3;Place de la Tranchardière;45,5079900000;4,2693950000
202200047948;17;2;2022;16:15;1;54;54498;2;1;1;2;RD 674;48,7203381376;6,2670564651
202200047949;8;6;2022;12:20;1;86;86194;2;1;1;6;Boulevard Chasseigne;46,5900620000;0,3454846000
202200047950;22;9;2022;08:55;1;33;33119;1;1;1;4;ROUTE NATIONALE 230;44,8530720000; -0,5050910000
202200047951;9;6;2022;16:55;1;42;42187;2;9;1;3;Boulevard Jean-baptiste Clément;46,0483414902;4,0866325371
202200047952;14;8;2022;23:30;5;94;94077;2;6;2;2;REPUBLIQUE (VLA DE LA);48,7310590000;2,4184150000
202200047953;30;11;2022;17:55;3;77;77001;1;9;1;2;Autoroute A6, Pk 57+700 direction Paris;48,3642300000;2,5708000000
202200047954;18;2;2022;10:00;1;45;45284;2;1;2;3;Avenue Denis Papin;47,9174475872;1,9514223933
202200047955;19;9;2022;02:30;5;33;33249;1;1;1;3;ROCADE A 630;44,8837210000; -0,5199790000
202200047956;15;8;2022;01:30;5;93;93055;2;1;1;6;Avenue Jean Lolive;48,8906607029;2,4003671046
202200047957;29;11;2022;05:55;2;987;98725;2;1;1;3;PK 11.3; -17,5580060000; -149,4759840000
202200047958;9;6;2022;15:30;1;83;83069;2;1;6;3;COSTEBELLE (MONTEE DE);43,1078700000;6,1218800000
202200047959;18;2;2022;10:35;1;37;37261;2;2;1;3;BELVEDERE (RUE DU);47,3864626212;0,6860118359
202200047960;8;7;2022;23:20;5;41;41018;2;1;1;7;TOURVILLE (RUE DU MARECHAL DE);47,5923600000;1,3081100000
202200047961;22;9;2022;16:30;1;92;92019;1;1;1;4;RN 385 Extèrieure;48,7598940918;2,2783368620
202200047962;8;9;2022;12:00;1;77;77382;2;1;2;3;D436;48,9039800000;2,8797480000
202200047963;18;2;2022;13:55;1;35;35238;2;1;1;6;VOLTAIRE (BD);48,1050592427; -1,6942327917
202200047964;6;5;2022;07:35;1;82;82033;1;1;1;1;PONTINAUT (ROUTE DU);44,0416710000;1,1291400000
202200047965;8;7;2022;20:40;1;38;38185;2;3;1;3;RUE DE STALINGRAD;45,1709700000;5,7237600000
202200047966;15;8;2022;12:30;1;92;92051;2;9;8;4;CHARLES DE GAULLE (AVENUE, N° 18 A 116);48,8813097763;2,2715751529
202200047967;17;2;2022;12:07;1;34;34032;2;1;1;7;CLEMENCEAU GEORGES (AVENUE);43,3458000000;3,2166800000
202200047968;9;6;2022;07:00;1;78;78498;2;1;7;6;ROBESPIERRE BD;48,9352100000;2,0593600000
202200047969;1;12;2022;14:10;1;91;91338;1;9;8;1;D838;48,6548270000;2,0694880000
202200047970;22;9;2022;08:10;1;91;91103;1;1;1;5;RN 104;48,6232800000;2,2952300000
202200047971;6;7;2022;17:10;2;38;38185;2;1;1;3;RUE ANDRÉ MAGINOT;45,1819700000;5,7249100000
202200047972;15;8;2022;14:35;1;92;92020;2;2;1;6;CORDIER RUE ESTHER;48,8069670221;2,2935676575
202200047973;9;6;2022;17:20;1;76;76540;2;1;1;6;Rue d'Emendreville;49,4290400000;1,0951800000
202200047974;16;2;2022;20:53;5;33;33318;2;2;1;3;Avenue du Maréchal de Lattre de Tassigny (rd);44,7823478023; -0,6889736652
202200047975;1;12;2022;17:20;5;2B;2B148;2;1;1;1;Strada Di a Canonica;42,5451570000;9,4487810000
202200047976;6;7;2022;11:20;1;38;38179;1;1;1;6;D524;45,1654300000;5,8008700000
202200047977;22;9;2022;08:15;1;78;78551;1;1;1;4;A14;48,9125120000;2,1052610000
202200047978;5;7;2022;12:30;1;37;37122;2;1;1;7;VERDUN (RUE DE);47,3417451356;0,6639144570
202200047979;9;6;2022;06:55;1;74;74298;1;1;2;3;BONNEVILLE (ROUTE DE );46,1720500000;6,2520000000
202200047980;14;8;2022;11:45;1;92;92062;2;4;9;3;BOULEVARD CIRCULAIRE;48,8941219961;2,2373051047
202200047981;17;2;2022;20:25;5;33;33039;2;2;1;3;Rue Ferdinand Buisson;44,8041900000; -0,5584700000
202200047982;29;11;2022;12:45;1;66;66069;1;3;1;3;;42,8039630000;2,8384910000
202200047983;21;9;2022;19:35;2;92;92004;1;1;1;4;RN315 W;48,9149443909;2,3096857048
202200047984;9;6;2022;20:10;1;73;73065;2;6;8;6;D991 AIX LES BAINS (AVENUE D');45,5857980000;5,9232870000