Num_Acc;jour;mois;an;hrmn;lum;dep;com;agg;int;atm;col;adr;lat;long
202200047985;7;7;2022;10:25;1;37;37261;2;1;1;3;CHAUDRON (RUE DU);47,4067200000;0,7055300000
202200047986;15;8;2022;17:40;1;92;92024;2;1;1;2;GENERAL LECLERC (BD DU) (9 A 59)   (4 A;48,9034539645;2,3125740588
202200047987;30;11;2022;16:00;1;66;66182;2;1;1;7;;42,7283418459;3,0152159929
202200047988;17;2;2022;15:23;1;33;33063;2;1;2;6;Avenue Thiers;44,8433900000; -0,5545200000
202200047989;9;6;2022;09:40;1;71;71040;2;1;8;7;5 Rue André Gide;46,6891000000;4,3874400000
202200047990;21;9;2022;18:30;1;92;92036;1;1;1;2;AUTOROUTE A15;48,9465157059;2,2827709006
202200047991;7;7;2022;06:50;1;37;37261;2;6;1;3;AEROPORT (RUE DE L');47,4247200000;0,7120800000
202200047992;15;8;2022;18:30;1;44;44180;2;1;1;6;17 Rue de la Vigne;47,5196930000; -1,1876230000
202200047993;1;12;2022;14:15;1;34;34165;1;1;1;1;D2;43,5106820000;3,6833920000
202200047994;18;2;2022;16:00;1;31;31555;2;1;1;6;AV ALBERT BEDOUCE;43,5804000000;1,4609200000
202200047995;5;7;2022;15:00;1;37;37195;2;1;1;6;HAUTES MARCHES (RUE DES);47,3858819554;0,6577366590
202200047996;1;12;2022;08:30;1;13;13107;1;1;1;1;Route de Mimet;43,4290810000;5,4578550000
202200047997;8;6;2022;13:40;1;71;71270;2;3;1;3;CORPS EXPEDITIONNAIRE FRANCAIS EN ITALIE;46,3288300000;4,8394400000
202200047998;21;9;2022;18:20;1;93;93030;1;1;1;4;AUTOROUTE A1;48,9393811589;2,4190314011
202200047999;16;8;2022;08:35;1;67;67535;1;1;1;1;D919,;48,9039690000;7,4372940000
202200048000;18;2;2022;11:00;1;30;30007;2;6;1;2;Avenue Maurice Thorez;44,1388200000;4,0845500000
202200048001;1;12;2022;18:45;5;89;89257;2;1;1;7;2 Avenue Marcellin Berthelot;47,9641400000;3,5128230000
202200048002;9;6;2022;22:15;3;69;69266;2;2;1;6;Boulevard du 11 Novembre 1918;45,7790000000;4,8652000000
202200048003;13;6;2022;10:00;1;37;37214;2;1;1;3;LOIRE (QUAI DE LA);47,3992515357;0,6738406420
202200048004;21;9;2022;09:40;1;93;93005;1;1;1;2;AUTOROUTE A3;48,9538445287;2,4735206786
202200048005;14;8;2022;11:00;1;17;17094;2;1;1;1;Avenue d Angoulins;46,0879550000; -1,0964980000
202200048006;17;2;2022;10:06;1;29;29232;1;3;1;6;D34 - Moulin des Landes;47,9656800000; -4,0840900000
202200048007;31;10;2022;15:20;1;88;88270;2;1;1;2;D427;48,3223810000;5,5765810000
202200048008;10;7;2022;16:15;1;35;35238;2;1;1;6;BOSPHORE (DU);48,0828120748; -1,6768527031
202200048009;9;6;2022;23:30;5;69;69290;2;1;1;6;Avenue Pierre Cot;45,7073100000;4,8983400000
202200048010;21;9;2022;06:38;2;63;63113;2;1;1;6;PAULINES (AVENUE DES);45,7754700000;3,0962200000
202200048011;15;8;2022;07:45;2;28;28273;1;1;2;1;Autoroute Oceane - A11;48,2160380000;0,9505750000
202200048012;27;11;2022;17:50;2;33;33165;2;1;2;6;Route de Maison Rouge;44,8227410000; -0,4277210000
202200048013;21;9;2022;12:40;1;27;27229;2;1;1;6;QUATORZE JUILLET (BOULEVARD);49,0120000000;1,1680000000
202200048014;9;6;2022;19:05;1;69;69256;2;1;1;3;Rue des Frères Bertrand;45,7854800000;4,9129200000
202200048015;16;8;2022;19:15;2;68;68162;2;1;1;7;39 Route du Vin;48,1379670000;7,2686720000
202200048016;1;12;2022;18:50;5;27;27540;2;1;1;6;Route de Gasny;49,0832060000;1,5854320000
202200048017;9;7;2022;12:30;1;35;35238;1;1;1;2;N136;48,0827792311; -1,6978441292
202200048018;21;9;2022;09:00;1;31;31483;2;1;1;6;CRETES (AVENUE DES);43,1325700000;0,7036400000
202200048019;18;2;2022;15:15;1;17;17300;2;1;1;3;GUITON   AVENUE JEAN (167-341);46,1608400000; -1,1884300000
202200048020;13;8;2022;17:10;1;11;11172;1;1;1;2;RD 610;43,2654473457;2,7181726411
202200048021;9;6;2022;16:43;1;69;69266;2;2;7;3;Place Jules Grandclément;45,7593000000;4,8903000000
202200048022;16;11;2022;12:30;1;27;27016;2;3;1;3;Chemin des Bas Viviers;49,2442450000;1,4040130000
202200048023;21;9;2022;07:30;1;92;92012;2;1;1;2;GENERAL LECLERC (AVENUE DU) 35/FIN - 60/;48,8308207641;2,2342586517
202200048024;15;8;2022;22:10;5;41;41256;1;1;1;6;Autoroute A71;47,3500940000;2,0493900000
202200048025;18;2;2022;13:00;1;13;13206;2;9;1;3;VINCENT DELPUECH (BOULEVARD);43,2828800000;5,3924200000
202200048026;9;7;2022;10:30;1;35;35189;1;1;1;5;RD 137;48,1491996034; -1,6994516551
202200048027;8;6;2022;16:40;1;69;69264;2;4;8;2;Boulevard Louis Blanc;45,9896424331;4,7216094980
202200048028;1;12;2022;18:00;3;60;60148;1;1;1;3;D19;49,1255660000;2,8488030000
202200048029;8;7;2022;19:10;1;35;35281;2;1;1;6;VALLES (RUE JULES);48,0641300000; -1,7258090000
202200048030;21;9;2022;07:07;1;63;63113;2;2;1;6;COTE BLATIN (BD);45,7680000000;3,0866200000
202200048031;18;2;2022;08:35;1;13;13214;2;1;1;1;PLOMBIERES (BOULEVARD DES);43,3181437143;5,3802709464
202200048032;15;8;2022;17:45;1;28;28006;1;2;1;3;D24;48,4544170000;1,4042710000
202200048033;8;6;2022;17:00;1;67;67482;2;3;1;3;MARCHE GARE (RUE DU);48,5964800000;7,7387500000
202200048034;28;11;2022;07:40;2;60;60700;1;2;1;2;D1001, PR: 026+700;49,3819050000;2,1481600000
202200048035;20;9;2022;13:20;1;29;29019;2;2;1;6;rue Anatole France;48,3827476680; -4,5154096480
202200048036;18;2;2022;15:15;1;10;10387;2;3;3;3;QUENNEDEY (RUE);48,2928600000;4,0910200000
202200048037;8;7;2022;14:00;1;35;35238;2;3;1;7;ISLY (RUE D');48,1059720000; -1,6777510000
202200048038;15;8;2022;02:25;3;22;22084;1;1;1;6;RN12;48,3660850000; -2,3268700000
202200048039;7;6;2022;17:12;1;66;66136;2;1;1;6;ESPAGNE (ROUTE D');42,6814900000;2,8941200000
202200048040;18;2;2022;20:34;5;06;06069;2;1;1;-1;VICTOR HUGO  (BD);43,6544130000;6,9187600000
202200048041;1;12;2022;17:40;5;80;80672;2;1;1;1;Rue des Celtes;49,9639200000;2,5632320000
202200048042;7;7;2022;18:15;1;35;35238;2;1;1;3;PREVALAYE (QUAI DE LA);48,1081080000; -1,6897570000
202200048043;20;9;2022;17:25;1;973;97302;2;2;1;3;JADFARD (RENE);4,9339826615; -52,3330454528
202200048044;16;8;2022;09:55;1;34;34114;1;1;1;6;A750 PK 29+230;43,6456410000;3,5505730000
202200048045;1;12;2022;10:00;1;59;59400;2;6;1;3;Rue Faidherbe;50,6428302659;2,6411043074
202200048046;7;6;2022;14:11;1;66;66136;2;3;1;3;BRIAND BOULEVARD ARISTIDE;42,6953400000;2,9022500000
202200048047;20;9;2022;20:27;5;63;63113;2;1;1;6;ORADOU (RUE DE L');45,7650500000;3,1232400000
202200048048;17;2;2022;17:40;1;06;06123;2;2;1;3;PEINTRES ALLEE DES;43,6838160000;7,1875600000
202200048049;13;6;2022;18:15;1;35;35281;2;3;1;6;TILLION (AVENUE GERMAINE);48,0931512930; -1,7040463686
202200048050;15;8;2022;20:00;1;62;62361;2;1;1;3;Rue du Général de Gaulle;50,2758630000;2,2962900000
202200048051;25;11;2022;04:10;3;13;13071;1;1;1;2;A55 - Sens Marseille vers Martigues;43,3745800000;5,3195700000
202200048052;7;6;2022;11:11;1;66;66136;2;1;1;1;Chemin Fossella;42,6696300000;2,8980700000
202200048053;6;7;2022;21:15;1;34;34172;2;8;1;6;SAINT HILAIRE (RUE DE);43,5910400000;3,8908300000
202200048054;17;9;2022;16:20;1;75;75102;2;3;1;3;RUE DU CAIRE;48,8670310000;2,3529480000
202200048055;18;2;2022;08:40;1;75;75105;2;1;2;3;RUE BUFFON;48,8421970000;2,3599210000
202200048056;8;6;2022;16:30;1;64;64102;2;1;3;1;Avenue Paul Pras;43,4839000000; -1,4767200000
202200048057;15;8;2022;17:45;1;56;56112;1;1;1;6;D4;47,8792830000; -2,5048400000
202200048058;30;11;2022;12:50;1;33;33167;1;1;1;2;ROUTE NATIONALE 230;44,8382290000; -0,5009750000
202200048059;6;7;2022;20:30;1;34;34172;2;2;1;1;VERDANSON (QUAI DU);43,6152190000;3,8789190000
202200048060;18;2;2022;09:30;1;75;75117;2;2;2;3;RUE POUCHET;48,8962460000;2,3222250000
202200048061;27;5;2022;11:10;1;94;94075;2;3;1;3;Av du Mal de Lattre de Tassigny / Rue du Lieutenant Dagorno;48,7274169888;2,5310249627
202200048062;29;11;2022;08:02;1;33;33063;1;1;1;2;ROCADE A 630;44,8799600000; -0,5371900000
202200048063;8;6;2022;11:00;1;63;63075;2;1;1;2;BRIAND (AVENUE ARISTIDE);45,7741900000;3,0636700000
202200048064;16;8;2022;16:45;1;74;74275;1;1;1;5;D909a;45,8094180000;6,2316510000
202200048065;29;11;2022;10:23;1;59;59509;1;1;5;6;AUTOROUTE A21;50,3990761600;3,1108152866
202200048066;15;8;2022;23:32;3;82;82023;1;1;1;6;D928;43,9410460000;1,1322140000
202200048067;8;6;2022;13:30;1;59;59599;2;4;2;6;GRAMME (CHAUSSEE);50,7360430000;3,1733500000
202200048068;17;2;2022;10:45;1;75;75118;2;1;1;5;BOULEVARD PERIPHERIQUE INTERIEUR NORD  ;48,9007010000;2,3344520000
202200048069;30;11;2022;16:50;1;91;91689;1;1;1;7;AUTOROUTE A6A;48,7325800000;2,3154300000
202200048070;21;9;2022;17:10;1;974;97416;2;3;1;1;PAVE(RUE); -21,3413200000;55,4816100000
202200048071;10;7;2022;06:30;2;33;33063;2;3;1;3;Quai de Paludate;44,8315133664; -0,5586585402
202200048072;14;2;2022;17:35;2;75;75116;2;1;2;6;AVENUE DE VERSAILLES;48,8432036986;2,2694519162
202200048073;30;11;2022;10:50;1;91;91228;1;1;1;7;AUTOROUTE A6;48,6227400000;2,4218400000
202200048074;16;8;2022;16:15;1;61;61429;1;1;1;1;N12;48,6262930000;0,7304350000
202200048075;9;6;2022;09:00;1;59;59009;2;1;1;3;CD 700;50,6487960756;3,1784364581
202200048076;8;7;2022;21:20;1;33;33318;2;1;1;6;Allée Pissarro;44,8007700000; -0,6704600000
202200048077;21;9;2022;09:00;1;974;97416;2;1;1;2;LIGNE PARADIS(ROUTE DE LA); -21,3125900000;55,4744200000
202200048078;9;6;2022;07:00;1;59;59350;2;1;1;6;LIBERTE BVD N°2 - 90-51 - 145;50,6300799582;3,0647295713
202200048079;18;2;2022;10:30;1;75;75115;2;2;2;3;RUE DU THEATRE;48,8501800000;2,2849090000
202200048080;30;11;2022;07:45;3;92;92019;1;1;1;2;RN 385;48,7615359103;2,2503557508
202200048081;21;9;2022;09:50;1;974;97416;2;1;1;6;BANK (BOULEVARD); -21,3300000000;55,4731000000
202200048082;7;7;2022;18:10;1;33;33063;2;2;1;6;Boulevard GEORGE V;44,8265600000; -0,5911700000
202200048083;8;6;2022;19:45;1;59;59470;2;1;1;6;DE GAULLE CHARLES RUE;50,6566889937;2,9569745064
202200048084;16;8;2022;11:34;1;61;61339;2;2;1;3;Fromentel (La Fresnaye-au-Sauvage);48,7190840000; -0,2665040000
202200048085;18;2;2022;09:20;1;75;75115;2;1;1;3;RUE VIOLET;48,8462020000;2,2918450000
202200048086;30;11;2022;08:10;1;91;91692;1;1;1;2;RN 118;48,6748600000;2,1935900000
202200048087;6;7;2022;18:20;1;33;33063;2;2;1;3;Quai Louis XVIII;44,8482136869; -0,5709242821
202200048088;10;9;2022;01:15;3;973;97302;2;2;1;3;LALLOUETTE(RUE);4,9395783713; -52,3340405524
202200048089;15;8;2022;14:30;1;42;42293;2;3;1;6;Rue de la Gare;46,0036650000;4,2807250000
202200048090;29;11;2022;09:25;1;78;78158;1;1;1;3;A13;48,8399260000;2,1167560000
202200048091;8;6;2022;13:25;1;59;59648;2;1;2;3;CLEMENCEAU RUE;50,5895000000;3,0510000000
202200048092;18;2;2022;13:45;1;75;75114;2;2;8;3;RUE D ALESIA;48,8278270000;2,3303420000
202200048093;6;7;2022;13:35;1;33;33063;2;1;1;6;Avenue de Laroque;44,8741500000; -0,5736900000
202200048094;21;9;2022;18:00;1;69;69388;2;3;1;2;Avenue Jean Mermoz;45,7342300000;4,8763400000
202200048095;30;11;2022;19:00;3;93;93006;1;1;1;2;AUTOROUTE A3;48,8656415092;2,4185431419
202200048096;14;8;2022;23:35;3;34;34096;1;1;1;7;D909;43,5637410000;3,1765080000
202200048097;18;2;2022;14:20;1;75;75114;2;2;2;6;RUE FROIDEVAUX;48,8375520000;2,3229510000
202200048098;6;7;2022;09:40;1;33;33281;2;2;1;3;Rue Alphonse Daudet;44,8544205766; -0,6579566002
202200048099;21;9;2022;09:15;1;69;69387;2;1;1;2;Rue Challemel Lacour;45,7295900000;4,8436300000
202200048100;30;11;2022;16:45;2;94;94069;1;9;1;2;A4;48,8172046066;2,4285178250
202200048101;9;6;2022;14:55;1;57;57463;1;1;1;6;VOIE RAPIDE EST;49,1156000000;6,1973900000
202200048102;18;2;2022;10:35;1;75;75114;2;2;2;3;AVENUE DE LA PORTE DE MONTROUGE;48,8226523164;2,3226562142
202200048103;15;8;2022;19:45;1;68;68134;1;1;1;6;D1b;48,0184920000;7,3420860000
202200048104;8;6;2022;17:00;1;56;56107;2;1;1;1;Quelisoy Côte;47,7278400000; -3,3808700000
202200048105;21;9;2022;05:00;5;69;69383;2;3;1;6;Rue Général Mouton-Duvernet;45,7499400000;4,8605100000
202200048106;10;9;2022;11:00;1;81;81144;1;1;1;3;HERMET ( AVENUE DE L' );43,9615832095;2,1776694059
202200048107;18;2;2022;10:50;1;75;75112;2;1;2;3;BOULEVARD DIDEROT;48,8470490000;2,3841500000
202200048108;6;7;2022;07:30;1;33;33281;2;1;1;3;Pking Roady;44,8561000000; -0,6543500000
202200048109;15;8;2022;06:30;1;25;25084;1;2;2;3;D105;47,1444670000;5,8899810000
202200048110;21;9;2022;01:20;5;69;69387;2;1;1;6;Quai Claude Bernard;45,7487700000;4,8344000000
202200048111;9;6;2022;15:05;1;54;54547;2;1;1;2;BARTHOU (BD LOUIS);48,6676729835;6,1899751425
202200048112;17;9;2022;17:00;1;95;95610;2;1;1;1;Rue des Hyettes;49,0838158133;1,8957504630
202200048113;16;8;2022;08:40;1;31;31145;2;1;1;6;180 Avenue de Calmont;43,3137790000;1,5389700000
202200048114;9;6;2022;12:13;1;54;54136;2;9;1;3;VAL DE L'ORNE (ZAC DU );49,1652100000;5,8368200000
202200048115;17;2;2022;11:15;1;75;75112;2;3;1;3;BOULEVARD PONIATOWSKI;48,8292780000;2,3903650000
202200048116;15;8;2022;17:00;1;31;31024;1;1;1;7;Route de Venerque;43,4006820000;1,4855580000
202200048117;5;7;2022;06:30;1;33;33281;2;4;1;3;A630;44,8438711604; -0,6735523045
202200048118;25;2;2022;20:30;4;974;97414;2;4;1;6;Chemin Kerveguen; -21,2829610000;55,4375640000
202200048119;10;8;2022;18:10;1;38;38106;2;9;1;6;départementale 115;45,0028240000;5,7959640000
202200048120;21;9;2022;14:40;1;972;97213;1;1;1;4;ROUTE DEPARTEMENTALE 15 A;14,6114800000; -61,0005700000
202200048121;6;6;2022;09:55;1;49;49328;2;6;1;3;DELESSERT (BOULEVARD BENJAMIN);47,2600800000; -0,0899700000
202200048122;18;2;2022;09:10;1;75;75110;2;1;1;2;BOULEVARD DE STRASBOURG;48,8701100000;2,3546980000
202200048123;13;9;2022;03:10;5;59;59650;1;6;1;6;EGALITE (BOULEVARD DE L');50,7120132554;3,2011520863
202200048124;4;6;2022;08:20;1;49;49328;2;1;1;2;FOUCHARD (RUE DU PONT);47,2479000000; -0,0921000000
202200048125;21;9;2022;13:25;1;972;97209;2;1;1;3;SALVADOR ALLENDE (AVENUE);14,6104770000; -61,0477430000
202200048126;16;8;2022;10:00;1;58;58165;1;1;1;1;D280;47,3894520000;3,6483190000
202200048127;18;2;2022;22:15;5;75;75108;2;3;1;3;BOULEVARD HAUSSMANN;48,8752970000;2,3158010000
202200048128;7;7;2022;15:50;1;33;33529;1;1;1;6;BISCAROSSE (AVE DE) JUSQU'A DUNE;44,5688000000; -1,2269000000
202200048129;5;6;2022;10:35;1;49;49328;2;1;1;6;FOUCHARD (RUE DU PONT);47,2507000000; -0,0888100000
202200048130;15;8;2022;13:15;1;58;58109;1;1;2;6;D957;47,4626610000;3,2936610000
202200048131;20;9;2022;19:05;5;972;97209;2;1;1;6;REDOUTE (ROUTE DE LA);14,6227700000; -61,0607200000
202200048132;1;9;2022;16:50;1;64;64024;2;3;1;3;Promenade de la Barre;43,4988800000; -1,5277400000
202200048133;17;2;2022;12:00;1;75;75108;2;7;1;3;PLACE DE LA CONCORDE;48,8668270000;2,3221070000
202200048134;8;7;2022;19:45;1;32;32013;1;1;1;1;PESSAN (ROUTE DE);43,6357800000;0,6068000000
202200048135;21;9;2022;20:35;5;69;69081;2;1;1;6;Avenue Guy de Collongue;45,7856700000;4,7651700000
202200048136;3;6;2022;16:50;1;49;49328;2;1;1;1;Rue de Champigny;47,2494118133; -0,0643944740
202200048137;11;8;2022;09:20;1;66;66074;1;1;7;2;;42,6301672597;2,4552981555
202200048138;18;2;2022;09:50;1;974;97407;2;1;1;3;CARPAYE(AVENUE); -20,9482300000;55,2994200000
202200048139;17;2;2022;12:30;1;75;75108;2;5;1;3;RUE D AMSTERDAM;48,8778450000;2,3269430000
202200048140;7;7;2022;19:10;1;32;32013;2;1;1;7;BARONNE (RUE DE LA);43,6339800000;0,5822600000
202200048141;9;6;2022;22:58;5;45;45298;2;6;1;7;Rue Gaston Deffie;47,8928500000;1,8761400000
202200048142;21;9;2022;18:23;2;69;69389;2;6;1;2;Rue Marietton;45,7753400000;4,8053400000
202200048143;18;2;2022;16:50;1;75;75107;2;3;6;6;RUE DUROC;48,8482720000;2,3157700000
202200048144;16;8;2022;18:23;1;54;54040;1;1;7;1;Badonviller;48,5010238200;6,8696951860
202200048145;12;9;2022;10:35;1;59;59512;2;2;1;3;PIERRE DE ROUBAIX (RUE);50,6902955658;3,1867539883
202200048146;9;6;2022;12:05;1;45;45234;2;3;1;6;22 Avenue du Président John Kennedy;47,8387900000;1,9370500000
202200048147;10;7;2022;20:50;1;31;31555;2;3;1;3;AV PAUL OURLIAC;43,5619100000;1,3909100000
202200048148;16;8;2022;00:30;3;14;14345;1;1;1;6;D511;48,9701040000; -0,0979110000
202200048149;18;2;2022;09:30;1;75;75103;2;2;2;3;RUE DE TURBIGO;48,8654500000;2,3560940000
202200048150;21;9;2022;15:40;1;69;69382;2;2;1;3;Rue Grenette;45,7633700000;4,8342300000
202200048151;9;6;2022;19:35;1;45;45068;2;3;1;6;87 Rue de Villemandeur;48,0052700000;2,7132200000
202200048152;10;7;2022;05:41;3;31;31555;2;6;1;6;BOULINGRIN (ROND POINT DU) DU 1AU 4;43,5966600000;1,4520800000
202200048153;1;9;2022;02:33;5;06;06088;2;3;1;3;RAYNAUD (BD AUGUSTE);43,7100900000;7,2589900000
202200048154;15;8;2022;13:00;1;09;09139;1;1;1;3;Route Nationale 320;42,5765330000;1,7891620000
202200048155;14;9;2022;18:17;1;06;06088;2;1;1;7;CASSIN (BD RENE);43,6683200000;7,2108400000
202200048156;20;9;2022;18:00;1;95;95539;2;3;1;1;Rue de Paris;48,9958725751;2,3572701216
202200048157;8;6;2022;08:10;1;45;45338;1;1;3;3;Route de Lorris;47,9801170000;2,6745470000
202200048158;18;2;2022;03:10;5;75;75102;2;2;2;5;RUE REAUMUR;48,8663440000;2,3520510000
202200048159;8;7;2022;20:30;1;31;31555;2;4;1;3;RUE RAYMOND LIZOP;43,5675500000;1,3973000000
202200048160;10;8;2022;07:40;1;45;45093;1;1;7;3;Avenue du Château;48,0244330000;1,8644570000
202200048161;17;9;2022;17:05;1;85;85039;1;1;1;7;D62;47,0008280000; -1,2120260000
202200048162;9;6;2022;01:50;5;44;44184;2;1;1;7;117bis Route de l'Océan;47,2388050000; -2,2859190000
202200048163;18;2;2022;17:20;1;94;94078;2;1;1;6;Rue Henri Sellier;48,7513900000;2,4457300000
202200048164;15;8;2022;19:33;1;10;10426;1;1;1;7;pont;48,1116690000;4,7834940000
202200048165;21;9;2022;17:15;1;91;91161;2;1;1;2;PL DU 8 MAI 1945;48,7019200000;2,3139700000
202200048166;6;7;2022;19:45;1;31;31555;2;1;1;1;CHE DE BAGATELLE;43,5817069089;1,4090099931
202200048167;28;11;2022;06:52;1;971;97101;2;1;1;6;DE MARIE GALANTE - RAIZET (RUE);16,2542300000; -61,5288700000
202200048168;24;4;2022;09:00;1;44;44109;2;6;1;2;13 Boulevard du Tertre;47,2181700000; -1,6038000000
202200048169;18;2;2022;08:45;1;94;94068;2;1;1;3;Avenue du Bac;48,7948600000;2,5105800000
202200048170;21;9;2022;08:41;1;91;91027;2;6;7;6;AV BOURBONNAIS;48,7064000000;2,3953400000
202200048171;18;2;2022;09:50;1;94;94037;2;1;2;6;16 Rue Saint-Eloi;48,8131500000;2,3493700000
202200048172;13;8;2022;12:20;1;16;16280;2;1;1;6;Rue de la Maladrie;45,7456430000;0,3842370000
202200048173;29;11;2022;19:10;5;77;77284;2;1;2;3;JOFFRE (AV.DU ML.);48,9619100000;2,8971700000
202200048174;6;7;2022;16:15;1;31;31555;2;2;1;3;EISENHOWER (AVENUE DU GENERAL);43,5678200000;1,3768000000
202200048175;7;6;2022;09:25;1;43;43041;2;2;1;3;Cote de Tireboeuf;45,0498183273;3,9047464728
202200048176;1;9;2022;16:00;1;89;89387;2;9;1;6;GARIBALDI (BOULEVARD DES);48,1996600000;3,2815500000
202200048177;13;8;2022;10:30;1;04;04240;1;1;1;1;D 908;44,1624270000;6,6083620000
202200048178;18;2;2022;09:04;1;94;94059;2;2;8;5;Avenue Cintrât / Avenue Henri Barbusse;48,8057100000;2,5667800000
202200048179;9;6;2022;09:40;1;38;38185;2;1;1;3;REY (BOULEVARD E.);45,1923458274;5,7219350338
202200048180;8;7;2022;13:10;1;31;31483;1;1;1;3;D 5;43,1557100000;0,7516500000
202200048181;27;11;2022;22:55;5;54;54578;2;2;1;3;MALRAUX (AVENUE ANDRE);48,6717400000;6,1511300000
202200048182;12;8;2022;14:15;1;85;85246;1;1;1;7;RD60;46,7273700000; -1,1735670000
202200048183;17;2;2022;11:30;1;94;94055;2;1;1;3;Avenue de Pince Vent;48,7914000000;2,5535100000
202200048184;24;11;2022;18:15;5;24;24322;2;1;1;6;PORT (ALLEE DU);45,1845000000;0,7088400000
202200048185;18;6;2022;19:15;2;30;30189;2;1;1;6;Avenue Général Leclerc;43,8275000000;4,3746000000
202200048186;9;6;2022;08:15;1;38;38151;2;5;2;3;AVENUE DES ÉTATS GÉNÉRAUX;45,1576500000;5,7194000000
202200048187;21;9;2022;11:00;1;77;77307;2;1;1;6;D344A;48,8523000000;2,7636300000
202200048188;15;2;2022;18:20;5;94;94019;2;6;2;6;Rue d’Amboile / Rue de la République;48,7918800000;2,5324700000
202200048189;9;6;2022;15:10;1;33;33063;2;1;1;3;Quai des Chartrons;44,8565300000; -0,5616300000
202200048190;15;8;2022;18:30;1;37;37203;2;1;1;2;21 Quai de la Loire;47,4068309060;0,7443237305
202200048191;25;5;2022;08:00;1;30;30189;2;4;1;6;Avenue Jean-Jaurès;43,8251000000;4,3538000000
202200048192;18;2;2022;09:30;1;94;94017;2;3;1;3;Avenue du Général de Gaulle / Rue Floreal;48,8269200000;2,5090400000
202200048193;21;9;2022;08:25;1;77;77458;2;1;1;3;D607;48,1830000000;2,7359200000
202200048194;28;5;2022;20:30;1;30;30189;2;1;1;7;SALVADOR DALI (ALLEE);43,8289100000;4,3777400000
202200048195;18;2;2022;14:40;1;94;94002;2;1;1;2;17 Rue Victor Hugo;48,8048330000;2,4173880000
202200048196;28;11;2022;07:34;2;05;05061;2;6;1;3;VEYNES ( ROUTE DE );44,5578650000;6,0687660000
202200048197;9;6;2022;08:30;1;33;33318;2;3;1;2;Avenue de Noès;44,8122000000; -0,6472900000
202200048198;9;6;2022;20:04;1;30;30189;2;3;1;3;TALABOT (BOULEVARD);43,8337400000;4,3674300000
202200048199;21;9;2022;18:00;1;72;72181;1;2;1;6;VOLOS (AVENUE DE);47,9833057062;0,2215898035
202200048200;18;2;2022;16:40;1;93;93031;2;1;1;5;Boulevard Foch;48,9479400000;2,3319900000
202200048201;28;4;2022;08:10;1;91;91174;2;3;1;6;RUE FERAY;48,6050600000;2,4695600000
202200048202;16;8;2022;09:50;1;82;82169;1;1;1;2;A62;44,0412181575;1,0164541408
202200048203;7;6;2022;09:15;1;33;33039;2;1;1;6;Avenue du Maréchal Leclerc;44,8097433161; -0,5421870947
202200048204;8;7;2022;19:20;1;30;30027;2;1;1;6;;44,0716000000;4,0503000000
202200048205;19;9;2022;13:34;1;72;72181;2;9;1;6;RUBILLARD AV N° IMP 57 ET >;48,0120580000;0,1879010000
202200048206;18;2;2022;11:30;1;92;92025;2;2;2;6;CHARLES DE GAULLE (BD);48,9104410000;2,2347270000
202200048207;7;4;2022;17:30;1;91;91228;2;1;1;2;BD DE FRANCE;48,6266700000;2,4415700000
202200048208;7;6;2022;15:05;1;33;33032;2;1;1;6;Rue Toulouse-Lautrec;44,8994900559; -0,5097216368
202200048209;13;8;2022;18:00;1;06;06029;1;9;1;2;A8 SORTIE 41;43,5574550000;6,9573900000
202200048210;20;9;2022;08:10;1;71;71270;2;1;1;6;HERITAN (RUE DE L');46,3069200000;4,8293400000
202200048211;8;7;2022;16:30;1;30;30007;2;3;1;3;Route d'Uzes;44,1096000000;4,1124600000
202200048212;5;4;2022;16:50;1;91;91228;2;3;1;6;RUE AMBROISE CROIZAT;48,6257900000;2,4270500000
202200048213;16;2;2022;03:50;5;92;92024;2;1;2;2;MARTRE (RUE) DE (59 A 109)   (58 A 120);48,9027998516;2,3064296544
202200048214;15;8;2022;17:25;3;988;98808;1;1;3;6;"École élémentaire ""Houailou élém - Wani"""; -21,2769580000;165,6159350000
202200048215;8;6;2022;15:10;1;32;32013;1;1;1;1;ROCADE (RN 124 OUEST);43,6665100000;0,5430700000
202200048216;5;4;2022;08:20;1;91;91228;2;1;2;6;PL DES FEDERES;48,6203400000;2,4450600000
202200048217;21;9;2022;09:50;1;69;69264;2;1;1;4;Route de Beauregard;45,9993900000;4,7414800000
202200048218;9;7;2022;17:25;1;29;29051;1;6;1;3;Route de Coray;47,9937946271; -4,0670188665
202200048219;9;6;2022;15:30;1;31;31555;2;1;1;1;RTE DE SEYSSES;43,5755400000;1,4208400000
202200048220;4;4;2022;18:35;1;91;91521;1;1;1;7;RTE NATIONALE 7;48,6426800000;2,4248300000
202200048221;21;9;2022;18:50;1;69;69259;2;1;1;3;Rue Georges Marrane;45,7229664875;4,8611833155
202200048222;7;7;2022;16:00;1;29;29232;1;1;1;3;Boulevard Flandres Dunkerque1940;47,9801470000; -4,0824580000
202200048223;16;8;2022;05:30;5;988;98817;2;2;3;3;RPS1/Rue Jean GABIN; -22,2289450000;166,5230150000
202200048224;17;2;2022;19:00;5;92;92002;2;3;1;3;DIVISION LECLERC (1 A 29 -2 A 34);48,7513500000;2,3045600000
202200048225;8;6;2022;11:47;1;31;31555;1;1;1;2;33 B SESQUIERES  (PERIPH OUEST A620);43,6363200000;1,4212800000
202200048226;20;9;2022;01:55;5;69;69199;1;1;1;6;Rue Marcel Sembat;45,7111813791;4,8430341482
202200048227;25;3;2022;19:20;5;91;91228;1;1;1;1;RTE NATIONALE 7;48,6273200000;2,4428700000