Num_Acc;jour;mois;an;hrmn;lum;dep;com;agg;int;atm;col;adr;lat;long
202200048709;30;3;2022;16:22;1;92;92024;2;2;1;3;ALSACE (RUE D') DE (1 A 25)   (2 A 36);48,9011215544;2,3136688024
202200048710;9;6;2022;09:10;1;92;92050;2;1;1;6;PREMIER MAI RUE DU;48,9187000000;2,2226700000
202200048711;5;7;2022;08:40;1;06;06155;2;3;1;6;LIBERTE AV.DE LA;43,5686940000;7,0742080000
202200048712;17;2;2022;09:22;1;78;78311;2;2;1;6;GAMBETTA (RUE);48,9217700000;2,1877200000
202200048713;25;10;2022;14:00;1;47;47001;2;1;1;2;JAURES (AV. JEAN);44,2017100000;0,6319400000
202200048714;15;8;2022;19:35;1;76;76381;1;1;1;1;D7;49,7745483535;1,6181015968
202200048715;30;6;2022;08:25;1;05;05061;1;1;1;7;D994;44,5513070000;6,0303810000
202200048716;29;3;2022;08:50;1;92;92024;2;1;1;2;JEAN JAURES (BD) DE (111 A 159);48,9078000000;2,2999100000
202200048717;11;2;2022;19:40;5;78;78586;2;1;1;3;BERRY N° PAIR;48,9461400000;2,2039800000
202200048718;9;6;2022;07:45;1;92;92050;2;1;1;6;LENINE VLADIMIR ILITCH AVENUE;48,8874294379;2,1990490258
202200048719;14;8;2022;14:30;1;76;76245;1;1;1;7;Zone d'activité du Polen;49,5504050000;1,0474990000
202200048720;29;3;2022;21:10;4;92;92004;2;1;1;7;GAMBETTA (RUE);48,9095173244;2,2931331396
202200048721;25;10;2022;17:35;1;45;45169;2;3;1;3;5 Route de la Chapelle;47,9163700000;1,8301500000
202200048722;7;7;2022;10:47;1;05;05023;2;6;1;3;PETSCHE (AVENUE MAURICE);44,8957600000;6,6327700000
202200048723;9;6;2022;19:30;2;92;92020;2;1;8;2;PARIS AVENUE DE N°84 A FIN;48,8067799055;2,2932323813
202200048724;17;2;2022;17:00;1;78;78650;2;2;1;3;GRAND VENEUR (AVENUE DU);48,8980400000;2,1239300000
202200048725;6;7;2022;15:45;1;04;04112;2;1;1;6;Av Jean Giono;43,8312200000;5,7844200000
202200048726;30;3;2022;16:28;1;49;49244;2;3;8;3;Rue Jane Addams (la Pommeraye);47,3493130000; -0,8666590000
202200048727;9;6;2022;13:05;1;92;92049;2;1;1;6;GINOUX AVENUE HENRI AUTRES N°;48,8151833439;2,3206611871
202200048728;21;10;2022;17:50;1;44;44184;2;2;1;3;31 Boulevard de la Libération;47,2823600000; -2,2064200000
202200048729;15;8;2022;07:30;2;65;65007;1;1;1;6;D935 ;43,3177550000;0,0703600000
202200048730;7;7;2022;16:10;1;02;02059;2;1;1;2;15 Grande Rue;49,6529100000;3,3481800000
202200048731;17;2;2022;02:05;5;77;77296;1;1;6;3;D57;48,6257500000;2,5761600000
202200048732;6;7;2022;17:10;1;01;01053;2;1;1;6;CHAMP DE FOIRE ( AVENUE DU);46,2071300000;5,2298000000
202200048733;8;6;2022;18:54;1;92;92023;2;1;1;4;GENERAL DE GAULLE (AV DU) N°440 A 544 ET;48,7777900000;2,2327300000
202200048734;13;8;2022;13:15;1;38;38394;1;1;1;1;D1092;45,1029290000;5,2507220000
202200048735;30;3;2022;21:10;3;77;77505;1;1;1;2;Autoroute A4 pk 49+150 direction REIMS;48,9146030000;2,9772950000
202200048736;25;10;2022;09:20;1;37;37261;2;1;1;6;THALES DE MILET (RUE);47,4312082033;0,6905400753
202200048737;15;2;2022;19:45;5;76;76351;2;2;2;6;WINSTON CHURCHILL;49,4940800000;0,1384600000
202200048738;10;7;2022;18:40;1;75;75112;2;1;1;2;PORTE DE CHARENTON;48,8289990000;2,4001340000
202200048739;15;8;2022;01:30;3;70;70206;1;1;2;6;D130;47,6052480000;6,7722880000
202200048740;9;6;2022;19:50;1;92;92012;2;2;1;3;REINE (ROUTE DE LA) 82/FIN - 107TER/FIN;48,8400800000;2,2374500000
202200048741;30;3;2022;14:54;1;972;97221;1;1;1;3;Départementale 7;14,5246820000; -60,9842970000
202200048742;25;10;2022;22:40;5;33;33550;2;3;1;3;Rue Léon Blum;44,7933094720; -0,5674843490
202200048743;17;2;2022;13:15;1;74;74118;2;4;1;2;DEPORTES (ROUTE DES );46,1808000000;6,2297800000
202200048744;9;7;2022;13:30;1;75;75114;2;1;1;4;PORTE DE VANVES;48,8250360000;2,3035490000
202200048745;15;8;2022;06:00;2;26;26105;1;1;5;7;RD 61;44,4510530000;5,3706410000
202200048746;5;6;2022;19:15;1;33;33385;2;1;1;2;Lieu Dit Piece du Puits;45,0795360000;0,0151010000
202200048747;30;3;2022;16:20;1;88;88089;1;1;3;3;D60;48,1886790000;6,7921900000
202200048748;25;10;2022;10:00;1;33;33063;2;6;1;3;Boulevard Alfred Daney;44,8662024773; -0,5752345920
202200048749;14;8;2022;22:20;3;26;26065;1;1;1;7;Le Peyrou;44,7093780000;4,9544930000
202200048750;16;2;2022;13:20;1;71;71270;2;1;2;3;PILLET (RUE CHARLES);46,2978900000;4,8195300000
202200048751;9;7;2022;15:20;1;75;75114;2;1;1;2;PORTE DE CHATILLON;48,8219220000;2,3167330000
202200048752;30;3;2022;17:40;1;64;64061;2;1;8;6;D817;43,4016530000; -0,5860570000
202200048753;25;10;2022;08:55;1;32;32013;2;3;1;6;RACINE;43,6360300000;0,5836100000
202200048754;14;8;2022;15:40;1;26;26108;1;1;2;3;Départementale 538;44,7243490000;4,9962040000
202200048755;17;2;2022;16:15;1;71;71076;2;6;1;3;DUMOREY (RUE THOMAS);46,7725749136;4,8590678219
202200048756;10;6;2022;10:30;1;33;33287;1;9;1;3;Château de Guerre Sud;44,5699720000;0,0170640000
202200048757;9;7;2022;01:40;5;75;75116;2;1;1;2;PORTE DE PASSY;48,8572460000;2,2584890000
202200048758;25;10;2022;13:50;1;31;31555;2;1;1;6;RUE DELPECH;43,6015900000;1,4503590000
202200048759;31;3;2022;14:55;1;35;35006;2;1;1;6;rue du général leclerc;48,0568480000; -1,1534040000
202200048760;17;2;2022;18:03;2;69;69256;2;1;1;3;Avenue Maurice Thorez;45,7802900000;4,9140900000
202200048761;8;7;2022;18:30;1;75;75116;2;4;1;3;PORTE D AUTEUIL;48,8448280000;2,2548020000
202200048762;25;10;2022;10:23;1;31;31022;2;1;1;1;AV DE FRONTON;43,6653500000;1,4301800000
202200048763;15;8;2022;16:50;1;05;05036;1;1;1;5;RN 94;44,6361240000;6,5654900000
202200048764;8;7;2022;17:45;1;75;75117;2;1;1;6;PORTE D ASNIERES;48,8881980000;2,2923650000
202200048765;17;2;2022;17:55;1;69;69264;2;6;1;2;Boulevard Burdeau;45,9953700000;4,7208000000
202200048766;31;3;2022;21:30;5;62;62817;2;1;8;6;Route de Cambrai;50,2789310000;2,8191450000
202200048767;14;8;2022;20:25;1;73;73105;1;1;1;6;D1006 Route de LYON;45,4655100000;5,7365880000
202200048768;25;10;2022;15:15;1;29;29051;1;1;1;3;Avenue de Coray;48,0024800000; -4,0433800000
202200048769;9;6;2022;19:00;3;974;97422;2;1;1;3;Rue des Flamboyants; -21,2764680000;55,4972840000
202200048770;8;7;2022;16:20;1;75;75117;2;1;1;3;PORTE DE CLICHY;48,8950310000;2,3065890000
202200048771;9;2;2022;16:20;1;62;62133;2;6;1;6;HUIT MAI 1945 (R DU);50,4222550000;2,9113990000
202200048772;25;3;2022;14:00;1;34;34270;2;1;7;2;Route de Beziers;43,5743050000;3,8219170000
202200048773;14;8;2022;06:50;1;36;36143;1;1;1;6;;46,6574976961;1,9398808479
202200048774;24;10;2022;18:30;1;29;29232;2;1;1;6;3 Rue Armand Robin;48,0110000000; -4,0912500000
202200048775;9;6;2022;16:10;1;83;83048;2;6;1;6;Boulevard du Littoral;43,1884630000;6,5810810000
202200048776;12;2;2022;10:45;1;59;59378;2;1;7;6;NATIONALE RUE;50,6667963858;3,0776336789
202200048777;30;3;2022;18:00;1;35;35251;1;9;1;2;Mouazé/Les 4 Chemins (Arrêt de bus);48,2349500000; -1,6217000000
202200048778;28;9;2022;07:05;5;19;19031;2;1;1;2;SEMARD (AVENUE PIERRE) JUSQU'A N° 73 - 6;45,1565700000;1,5205900000
202200048779;8;7;2022;10:23;1;75;75117;2;1;1;3;PORTE DE CLICHY;48,8983510000;2,3146430000
202200048780;15;8;2022;17:00;1;07;07129;1;1;1;7;les bruyères;44,9795000000;4,6158560000
202200048781;17;2;2022;14:25;1;51;51573;2;1;1;3;Route de Dormans;49,2405100000;3,9909300000
202200048782;31;3;2022;04:00;3;74;74083;2;1;1;6;Route du Feug;45,8954260000;6,6415140000
202200048783;24;10;2022;22:50;5;17;17300;2;1;1;7;MOULIN   AVENUE JEAN;46,1427600000; -1,1392000000
202200048784;13;8;2022;13:50;1;07;07157;1;1;1;7;;44,6189740000;4,7359230000
202200048785;10;6;2022;08:00;1;974;97413;1;1;1;5;cd 12 - Rue Georges Pompidou; -21,1362510000;55,2791850000
202200048786;17;2;2022;09:45;1;49;49015;2;1;1;7;ARDENNE RUE ET CHEMIN;47,5203300000; -0,5898400000
202200048787;8;7;2022;07:55;1;75;75114;2;1;1;4;PORTE DE CHATILLON;48,8235200000;2,3103580000
202200048788;22;10;2022;14:23;1;14;14574;1;1;1;7;D182;49,1153200000;0,1957000000
202200048789;30;3;2022;17:00;1;80;80118;2;4;2;6;rue de l'église;50,2630370000;2,0151490000
202200048790;15;8;2022;16:08;1;24;24301;1;1;1;7;D60;45,0479440000;1,3774060000
202200048791;25;10;2022;08:38;1;13;13117;2;1;8;1;MONNET (AVENUE JEAN);43,4218900000;5,2868200000
202200048792;16;2;2022;19:10;5;49;49007;2;6;1;3;GANDHI;47,4678600000; -0,5207800000
202200048793;8;7;2022;08:30;5;75;75116;2;1;1;3;PORTE DAUPHINE;48,8705970000;2,2723520000
202200048794;31;3;2022;05:10;3;71;71064;1;1;1;1;Route de Cuiseaux;46,5789820000;5,2760020000
202200048795;17;2;2022;06:45;5;42;42103;1;1;8;2;A47;45,5046200000;4,5664600000
202200048796;25;10;2022;16:15;1;13;13213;2;1;1;1;CROIX ROUGE (AVENUE);43,3328700000;5,4363400000
202200048797;8;7;2022;05:50;5;75;75119;2;4;1;7;PORTE DE LA VILLETTE;48,9001930000;2,3810270000
202200048798;13;8;2022;20:00;1;17;17104;1;1;1;2;N10;45,2846550000; -0,2422360000
202200048799;30;3;2022;17:10;1;49;49261;1;1;1;1;lieu dit La Guignerie;47,3679840000; -0,2531150000
202200048800;10;6;2022;05:15;2;62;62465;1;2;1;3;INTERSECTION D1 / D26;50,1909150000;2,5653260000
202200048801;25;10;2022;12:35;1;13;13213;2;1;1;3;CROIX ROUGE (AVENUE);43,3334974806;5,4400308430
202200048802;17;2;2022;15:05;1;37;37214;2;1;1;1;LOIRE (QUAI DE LA);47,3977101124;0,6679451466
202200048803;13;8;2022;16:45;1;08;08448;2;3;1;6;Rue de la Butterie;49,8846640000;4,8213080000
202200048804;27;3;2022;16:35;1;42;42101;1;1;1;6;Route du col de l'Oeillon;45,3631820000;4,5533180000
202200048805;17;2;2022;18:30;2;35;35278;1;1;1;6;N136;48,1416948687; -1,6669794917
202200048806;25;10;2022;07:50;1;13;13212;2;1;1;3;SAINT JULIEN (AVENUE DE );43,3072744575;5,4238262773
202200048807;8;7;2022;00:15;5;75;75119;2;4;1;3;BOULEVARD PERIPHERIQUE;48,8922990000;2,3953520000
202200048808;4;6;2022;16:20;1;57;57089;1;1;1;5;D35;49,0501990000;7,5053410000
202200048809;31;3;2022;09:20;1;47;47210;1;3;1;3;D813;44,2619360000;0,3478770000
202200048810;17;2;2022;08:15;1;35;35238;2;6;1;3;Boulevard Villebois-Mareuil;48,1041600000; -1,6501800000
202200048811;24;10;2022;16:15;1;13;13201;2;1;1;2;ATHENES (BOULEVARD D');43,3003000000;5,3806700000
202200048812;9;6;2022;19:40;1;57;57169;2;1;1;6;Route de Lutzelbourg;48,7414250000;7,2339120000
202200048813;14;2;2022;17:50;1;34;34032;2;1;1;7;CLAPAREDE EMILE (AVENUE);43,3433600000;3,2250200000
202200048814;24;10;2022;15:57;1;10;10060;1;1;1;1;;48,2609842339;4,0948212147
202200048815;31;3;2022;10:50;1;68;68205;1;5;1;3;D3b;47,9045620000;7,4017810000
202200048816;6;6;2022;22:00;3;57;57727;1;1;1;7;RD20;48,8915500000;6,4132050000
202200048817;14;8;2022;18:40;2;976;97613;1;1;1;1;RN 1 commune de Mt'tsangamouji; -12,7516080000;45,0916240000
202200048818;17;2;2022;14:44;1;33;33281;2;2;2;3;Avenue Maurice Levy;44,8507300000; -0,6785000000
202200048819;25;10;2022;18:45;1;06;06069;2;9;1;3;CANNES (ROUTE DE)  -RD 6085-;43,6361424514;6,9513577223
202200048820;31;3;2022;12:19;1;68;68068;2;1;2;6;42 Rue de Belfort;47,6315580000;7,1105040000
202200048821;8;6;2022;12:30;1;56;56108;1;1;7;6;le Trainchy;47,7143400000; -2,5154010000
202200048822;25;10;2022;06:50;5;06;06069;2;1;1;3;CANNES (ROUTE DE)  -RD 6085-;43,6387669142;6,9501024485
202200048823;9;6;2022;17:30;1;56;56011;1;1;1;7;Bellion;47,6065170000; -2,2248330000
202200048824;15;2;2022;16:50;1;31;31555;2;1;1;5;AV CAMILLE PUJOL;43,6006220000;1,4645440000
202200048825;14;8;2022;04:25;3;28;28199;1;1;1;3;A10 pk 064.500;48,2037580000;1,8495550000
202200048826;9;6;2022;05:00;2;59;59318;1;1;1;6;15 Route Nationale;50,8837410000;2,5756820000
202200048827;30;3;2022;18:00;1;22;22015;1;2;1;3;La potence;48,3925950000; -2,5750280000
202200048828;6;10;2022;20:45;5;02;02722;2;3;1;3;27 Avenue de Laon;49,3888200000;3,3371200000
202200048829;17;2;2022;11:50;1;29;29051;2;1;1;1;D15 - Avenue de Coray;48,0062700000; -4,0308800000
202200048830;11;8;2022;08:08;1;30;30189;1;1;1;4;A9 PK 57 sens 1;43,8087340000;4,3394280000
202200048831;30;3;2022;18:00;1;44;44128;1;1;1;6;Le Pont Brunet;47,5741660000; -1,9188740000
202200048832;14;8;2022;21:15;3;988;98823;1;1;2;7;Col Téta - PONERIHOUEN; -21,0857010000;165,4174410000
202200048833;9;6;2022;17:25;1;74;74036;1;2;1;3;Route de Thônes;45,8731830000;6,2121220000
202200048834;17;2;2022;17:50;1;29;29039;1;9;8;1;D783 - Chemin de Keroulin;47,9157900000; -3,9425700000
202200048835;4;6;2022;19:35;1;78;78618;2;1;1;6;63 Rue de Saint Laurent;48,8842550000;1,5911520000
202200048836;30;3;2022;20:32;5;31;31375;2;1;1;2;Avenue Simon de la Loubère;43,2141570000;1,2238120000
202200048837;24;10;2022;18:27;2;75;75108;2;2;1;6;PLACE DE LA CONCORDE;48,8670500000;2,3206610000
202200048838;17;2;2022;15:55;1;27;27528;2;6;1;3;SABLONS (ROUTE DES);49,2530600000;1,1941500000
202200048839;10;6;2022;14:00;1;76;76086;1;1;1;1;Rue de la cailloutière;49,6656672821;0,9993106127
202200048840;29;3;2022;07:40;2;31;31403;1;1;1;1;route de pompignan;43,7873050000;1,3066200000
202200048841;24;10;2022;08:10;2;75;75101;2;2;1;7;RUE SAINT DENIS;48,8631130000;2,3497430000
202200048842;14;8;2022;16:40;1;83;83115;2;1;1;6;Avenue Charles de Gaulle;43,3079730000;6,6399320000
202200048843;17;2;2022;20:20;5;26;26362;1;1;1;7;DE FALLA COURS EMMANUEL;44,9368000000;4,9350000000
202200048844;24;10;2022;18:15;1;92;92025;2;1;8;6;VERDUN (RUE DE);48,9237661662;2,2524083555
202200048845;13;8;2022;09:30;1;83;83113;1;1;1;7;Route de Vinon;43,7128280000;5,8567540000
202200048846;25;3;2022;17:50;1;31;31202;2;1;1;5;Route de Toulouse;43,8314500000;1,3923450000
202200048847;10;6;2022;20:10;1;79;79003;1;3;1;7;Route du Buisson;46,2696580000; -0,4264010000
202200048848;17;2;2022;05:10;3;17;17028;1;6;3;6;GRASSET   AVENUE EDMOND;46,1315700000; -1,1023800000
202200048849;29;3;2022;18:25;1;02;02010;1;1;8;6;D26 PK2+530;49,4697870000;3,4474590000
202200048850;25;10;2022;16:30;1;75;75117;2;1;1;3;PORTE D IVRY;48,8785510000;2,2808110000
202200048851;15;8;2022;13:05;1;04;04171;1;1;1;1;Faucon;43,7958300000;6,3824720000
202200048852;10;6;2022;08:45;1;79;79109;1;2;1;7;;46,4237480000; -0,4083180000
202200048853;14;8;2022;18:35;1;13;13042;1;1;1;7;rd2;43,3060880000;5,6662630000
202200048854;17;2;2022;19:50;5;13;13210;2;1;1;1;CAPELETTE (AVENUE DE LA);43,2807690910;5,4072644368
202200048855;31;3;2022;06:50;2;03;03176;1;1;3;3;les plachis;46,3912350000;3,3067670000
202200048856;25;10;2022;16:45;2;75;75112;2;1;1;6;QUAI DE LA RAPEE;48,8440460000;2,3692400000
202200048857;10;6;2022;01:45;3;71;71326;1;1;5;6;15 route de dole;46,8601360000;5,3759120000
202200048858;17;3;2022;18:30;3;64;64105;1;1;2;7;Route d Amorots;43,3602900000; -1,0810270000
202200048859;24;10;2022;10:20;1;75;75106;2;2;1;6;BOULEVARD DU MONTPARNASSE;48,8431220000;2,3264260000
202200048860;14;8;2022;12:15;1;68;68296;2;1;1;2;2 Rue du Haut Koenigsbourg;48,2325400000;7,3660250000
202200048861;16;2;2022;14:56;1;13;13002;2;3;1;1;CANTON VERT (AVENUE DU);43,3418000000;5,4715900000
202200048862;25;10;2022;17:10;1;75;75115;2;3;1;7;RUE DE LA CROIX NIVERT;48,8446250000;2,2969000000
202200048863;14;8;2022;09:45;1;67;67257;1;1;1;7;Route départementale 114;48,9508870000;7,8246050000
202200048864;9;6;2022;14:45;1;89;89044;1;1;7;2;D951;47,5262140000;3,7805840000
202200048865;16;2;2022;15:20;1;13;13201;2;1;1;1;LIBERATION (BOULEVARD);43,2992500000;5,3858600000
202200048866;31;3;2022;12:08;1;68;68205;1;1;8;4;Autoroute 35;47,9079710000;7,3662900000
202200048867;14;8;2022;03:00;3;67;67348;1;1;1;1;pk 21 D426;48,4608880000;7,4458550000
202200048868;17;2;2022;08:30;1;13;13047;1;1;1;1;RN 569;43,5432160000;4,9557060000
202200048869;24;10;2022;08:21;1;75;75112;2;1;1;4;QUAI DE BERCY;48,8395430000;2,3752550000
202200048870;14;8;2022;05:30;2;74;74212;2;1;1;6;659 Rue Michel Carquillat;46,0156720000;6,3959820000
202200048871;22;5;2022;20:00;1;34;34221;1;1;1;7;RD 32;43,7117040000;3,6085800000
202200048872;31;3;2022;08:40;1;31;31192;2;3;2;3;Route de Revel;43,5020480000;1,6168950000
202200048873;15;8;2022;16:00;1;42;42193;1;1;1;1;Route de Bussières;45,8031170000;4,2738710000
202200048874;16;2;2022;12:55;1;12;12100;1;6;2;3;BORREDON (Giratoire);44,5425100000;2,3077600000
202200048875;10;6;2022;18:49;1;25;25370;2;1;1;7;Rue de l Europe;47,4404180000;6,7853770000
202200048876;24;10;2022;23:10;5;75;75108;2;3;1;1;AVENUE MONTAIGNE;48,8656160000;2,3035770000
202200048877;31;3;2022;04:20;5;987;98747;1;1;1;2;RT1 PK 58+800 AFAAHITI; -17,7278810000; -149,3257960000
202200048878;16;2;2022;09:29;1;10;10362;2;1;2;6;GEORGES GUYNEMER (RUE);48,2979200000;4,0534560000
202200048879;15;8;2022;07:55;1;26;26169;2;1;1;1;D133;44,4786870000;4,7392970000
202200048880;9;6;2022;11:50;1;25;25021;2;1;1;1;chemin communal;47,0338170000;5,7966880000
202200048881;24;10;2022;20:26;5;75;75107;2;3;1;3;RUE FABERT;48,8624260000;2,3116410000
202200048882;14;8;2022;15:45;1;19;19038;1;1;1;6;RD1089;45,2194780000;1,7018660000
202200048883;17;2;2022;17:10;1;06;06088;2;1;1;3;Promenade des Anglais;43,6949590000;7,2674420000
202200048884;24;10;2022;09:10;1;75;75104;2;3;1;3;RUE DE LA CITE;48,8546480000;2,3477230000
202200048885;14;8;2022;16:15;1;33;33240;2;6;1;3;D1215;45,3108350000; -0,9390470000
202200048886;17;2;2022;19:30;5;75;75117;2;3;1;6;AVENUE DE LA GRANDE ARMEE;48,8773880000;2,2840220000
202200048887;27;3;2022;15:15;1;68;68298;1;1;7;3;RD 416;48,2455860000;7,2181360000
202200048888;9;6;2022;10:30;1;29;29216;1;1;2;1;D40 - Rue de Pouldreuzic;47,9789780000; -4,2035150000
202200048889;24;10;2022;18:27;5;94;94078;2;6;2;3;PRESIDENT JOHN FITZGERALD KENNEDY (AV DU;48,7345300000;2,4638800000
202200048890;14;8;2022;10:55;1;76;76147;1;1;1;6;DEPARTEMENTALE 48 PK/PR20+150;49,7343836638;1,3802486658
202200048891;17;2;2022;01:00;5;75;75117;2;7;2;6;AVENUE GOURGAUD;48,8854010000;2,2972680000
202200048892;14;8;2022;13:55;1;13;13081;1;1;1;7;A7-Sens Marseille vers Lyon;43,4938500000;5,2401100000
202200048893;9;6;2022;22:45;3;38;38134;1;1;1;3;892 Route de Vienne;45,4449580000;4,9960700000
202200048894;16;2;2022;10:45;1;75;75116;2;2;2;6;AVENUE DE L HIPPODROME;48,8622844502;2,2383154929
202200048895;25;10;2022;18:00;1;94;94015;2;4;1;6;Rue Favier;48,8381820000;2,5213250000
202200048896;24;3;2022;15:00;1;74;74079;2;1;1;7;D12;45,8513980000;6,3286610000
202200048897;13;8;2022;20:00;1;13;13215;1;1;1;2;A7-Sens Marseille vers Lyon;43,3721500000;5,3613300000
202200048898;9;6;2022;23:25;3;01;01304;2;6;1;3;RD 984;46,0494930000;5,3289140000
202200048899;16;2;2022;09:55;1;75;75115;2;7;2;3;RUE DE VOUILLE;48,8335740000;2,3092430000
202200048900;25;10;2022;07:55;2;94;94076;2;2;8;3;AUGUSTE DELAUNE (R);48,7868800000;2,3618600000
202200048901;30;3;2022;10:35;1;40;40257;1;3;1;7;Route du Lac;44,3011240000; -1,1754300000
202200048902;10;6;2022;16:20;1;01;01058;1;1;1;1;D19;45,6538510000;5,6064500000
202200048903;14;8;2022;19:40;1;67;67482;1;1;1;6;M351;48,5885400000;7,7056200000
202200048904;17;2;2022;10:15;1;75;75113;2;4;1;6;RUE DE TOLBIAC;48,8261580000;2,3585770000
202200048905;30;3;2022;15:25;1;29;29124;2;1;1;6;Boulevard des Freres Lumiere;48,5759970000; -4,3185820000
202200048906;10;6;2022;14:30;1;14;14254;1;1;1;1;D8;49,1472731800; -0,4187382400
202200048907;17;2;2022;10:00;1;75;75113;2;1;1;6;QUAI D AUSTERLITZ;48,8406730000;2,3696340000
202200048908;14;8;2022;20:10;2;91;91235;1;1;2;1;RN 104;48,6254100000;2,3554700000
202200048909;24;10;2022;13:40;1;94;94028;2;9;3;3;FRANCE LIBRE(AVENUE DE LA);48,7809500000;2,4573300000
202200048910;10;6;2022;11:35;1;50;50243;2;1;1;6;Rue de la Campagne;49,0349560000; -1,5197830000
202200048911;26;3;2022;11:57;1;13;13215;1;1;1;2;A7-Sens Marseille vers Lyon;43,3664780000;5,3608340000
202200048912;16;2;2022;23:37;5;75;75113;2;2;1;3;RUE NEUVE TOLBIAC;48,8322340000;2,3797920000
202200048913;14;8;2022;09:30;1;94;94043;1;1;1;2;AUTOROUTE A6B;48,8156746590;2,3565021889
202200048914;6;6;2022;14:30;1;43;43172;1;1;1;7;RD 105;45,1420940000;4,4427250000
202200048915;25;10;2022;09:00;1;93;93066;2;1;1;3;Rue du Landy;48,9154409091;2,3594467694
202200048916;26;3;2022;10:57;1;13;13215;1;1;1;2;A7-Sens Lyon vers Marseille;43,3769100000;5,3585100000
202200048917;17;2;2022;08:56;1;75;75111;2;2;1;6;RUE RAMPON;48,8660110000;2,3662950000
202200048918;12;8;2022;11:22;1;91;91161;1;1;1;5;AUTOROUTE A126;48,7103800000;2,3021000000
202200048919;30;3;2022;07:50;1;13;13214;1;1;1;3;A7-Sens Marseille vers Lyon;43,3290000000;5,3780000000
202200048920;17;2;2022;21:10;5;75;75108;2;5;1;7;AVENUE DES CHAMPS ELYSEES;48,8689450000;2,3098510000
202200048921;25;10;2022;19:00;2;93;93051;2;2;1;3;Avenue Médéric / Avenue des Yvris;48,8294000000;2,5741000000
202200048922;6;6;2022;18:10;1;36;36126;1;3;1;3;La Folie;46,4978670000;1,7619740000
202200048923;14;8;2022;06:00;2;92;92064;1;1;1;6;A13;48,8377471332;2,1898883645
202200048924;17;2;2022;18:20;5;75;75108;2;3;1;7;AVENUE DES CHAMPS ELYSEES;48,8670910000;2,3160750000
202200048925;29;3;2022;08:16;1;33;33063;1;1;1;2;ROCADE A 630;44,8832200000; -0,5541000000
202200048926;10;6;2022;18:30;1;07;07181;2;6;1;7;D86;44,7479980000;4,7460080000
202200048927;14;8;2022;03:40;3;92;92050;1;1;1;6;A86;48,8923673365;2,1822202572
202200048928;25;10;2022;17:53;1;93;93048;2;2;1;2;Avenue Gabriel Péri / Rue Condorcet;48,8568300000;2,4431500000
202200048929;28;3;2022;20:22;5;59;59646;1;1;1;6;ROUTE DEPARTEMENTALE 656;50,6866885682;3,1364893913
202200048930;17;2;2022;02:07;5;75;75108;2;7;2;3;COURS LA REINE;48,8640870000;2,3201160000
202200048931;24;10;2022;12:55;1;93;93032;2;1;1;3;Avenue Jean Jaurès;48,8835217331;2,5293941204
202200048932;13;8;2022;23:40;3;95;95572;1;1;1;4;RN 184;49,0346875762;2,1135941148
202200048933;9;6;2022;12:25;1;21;21069;1;1;1;1;R.D. 970;47,3453284520;4,4847770029
202200048934;28;3;2022;13:34;1;59;59160;1;1;1;4;AUTOROUTE A2;50,4209010642;3,6344602704
202200048935;12;8;2022;22:54;4;77;77058;1;1;1;1;A4;48,8298618816;2,7470483846
202200048936;17;2;2022;14:35;1;75;75107;2;3;1;2;RUE DE GRENELLE;48,8556630000;2,3234150000
202200048937;10;6;2022;18:25;1;04;04116;2;1;7;6;RD 4 bd des Tilleuls;44,0304930000;5,9787080000
202200048938;25;10;2022;16:20;1;93;93027;2;1;1;6;Avenue Paul Vaillant Couturier;48,9200000000;2,4100000000
202200048939;13;8;2022;18:00;1;78;78440;2;6;1;6;EUROPE (AVENUE DE L');48,9745300000;1,9165800000
202200048940;17;2;2022;20:45;5;75;75104;2;3;1;6;BOULEVARD BEAUMARCHAIS;48,8548090000;2,3687390000
202200048941;30;3;2022;07:30;1;94;94034;1;1;2;2;N186;48,7560300000;2,3413200000
202200048942;25;10;2022;13:20;1;93;93027;2;2;1;3;Boulevard Pasteur / Rue de l'Union;48,9280400000;2,3853300000
202200048943;12;8;2022;23:55;5;988;98818;2;1;1;1;AVENUE JAMES COOK; -22,2657000000;166,4113700000
202200048944;9;6;2022;20:15;2;85;85135;2;2;1;1;RD746;46,5392300000; -1,2336400000
202200048945;17;2;2022;10:25;1;75;75104;2;2;1;3;RUE DE LA CITE;48,8535480000;2,3469290000
202200048946;30;3;2022;12:50;1;78;78490;1;1;1;2;RN12 EXT;48,7996750000;1,9651080000
202200048947;9;6;2022;19:00;1;30;30346;1;1;1;6;D112;43,9656032396;4,5039732455
202200048948;12;8;2022;17:20;1;974;97407;2;1;1;3;ROUTE DU SACRE COEUR; -20,9518000000;55,3050000000
202200048949;25;10;2022;10:15;1;93;93010;2;1;1;3;Rue Auguste Polissard;48,9053572127;2,4803306854
202200048950;17;2;2022;10:50;1;75;75104;2;2;1;3;RUE DE RIVOLI;48,8578750000;2,3502090000
202200048951;10;6;2022;10:45;1;08;08185;2;1;1;6;;49,9926345445;4,7010074258
202200048952;13;8;2022;17:47;1;973;97302;2;1;1;6;MORTIN (CITE);4,9148939176; -52,3266604543
202200048953;30;3;2022;07:50;1;92;92023;1;1;1;2;RN385;48,7768085494;2,2306989883