Num_Acc;jour;mois;an;hrmn;lum;dep;com;agg;int;atm;col;adr;lat;long
202200048954;17;2;2022;09:10;1;94;94081;2;2;1;3;Quai Jules Guesde;48,7947300000;2,4179500000
202200048955;24;10;2022;12:00;1;93;93007;2;1;1;1;Avenue Albert Einstein;48,9467000000;2,4690400000
202200048956;13;8;2022;15:16;1;973;97302;2;1;1;2;MADELEINE (ROUTE DE LA);4,9185900000; -52,3217100000
202200048957;4;6;2022;12:45;1;38;38197;1;1;1;5;A432;45,7548280000;5,0916480000
202200048958;17;2;2022;14:20;1;94;94067;2;1;1;6;PARIS (av. de);48,8462200000;2,4187300000
202200048959;25;10;2022;11:15;1;92;92073;2;1;1;6;BOMBIGER (RUE DU DOCTEUR MARC);48,8627191151;2,2123900652
202200048960;13;8;2022;15:55;1;69;69388;2;2;1;3;Avenue de Pressensé;45,7268742544;4,8627644777
202200048961;4;6;2022;21:45;3;976;97617;2;1;1;7;Combani; -12,7898830000;45,1303660000
202200048962;29;3;2022;09:00;1;78;78423;1;1;1;5;N12W;48,7944380000;2,0494870000
202200048963;17;2;2022;17:15;1;94;94078;2;1;1;3;Avenue du 8 Mai 1945;48,7280000000;2,4459000000
202200048964;13;8;2022;06:10;2;69;69387;2;2;1;3;Cours Gambetta;45,7516600000;4,8535000000
202200048965;25;10;2022;08:42;1;92;92076;2;2;1;3;RAYMOND POINCARE;48,8422751472;2,1670639515
202200048966;30;3;2022;07:45;1;95;95582;1;1;2;3;A15;48,9664899506;2,2561159730
202200048967;9;6;2022;06:00;2;84;84091;1;1;1;2;A7 PK162 SENS S/N;44,1729710000;4,7590110000
202200048968;25;10;2022;15:20;1;92;92051;2;1;8;6;ROULE (AVENUE DU, N° 29 A 91 ET 30 A 86);48,8826294035;2,2769682705
202200048969;30;3;2022;08:30;1;95;95018;1;1;1;2; A15;48,9615100000;2,2681600000
202200048970;25;10;2022;21:39;5;92;92012;2;3;2;6;POINT DU JOUR (RUE DU);48,8328760349;2,2544562220
202200048971;25;10;2022;15:00;1;92;92002;2;1;1;7;ADOLPHE PAJEAUD (RUE);48,7385559517;2,2760697305
202200048972;29;3;2022;23:30;3;95;95582;1;1;8;6;A15;48,9749965805;2,2427773476
202200048973;31;5;2022;20:25;1;83;83112;2;1;1;1;510 Chemin du Pont des Anges;43,1747930000;5,7095380000
202200048974;28;3;2022;15:30;1;93;93010;1;1;1;7;AUTOROUTE A86;48,8918257196;2,4732476664
202200048975;22;10;2022;08:40;1;37;37005;1;1;7;6;Tivoli;46,9770830000;0,5831020000
202200048976;28;3;2022;07:50;2;95;95500;1;1;1;3;A15;49,0363744984;2,0938557386
202200048977;25;10;2022;19:15;3;12;12281;1;1;1;6;Départementale 1;44,3784820000;2,0244620000
202200048978;28;3;2022;09:00;1;974;97407;2;1;1;6;LASSERVE ALEXANDRE(RUE); -20,9365100000;55,2897200000
202200048979;24;10;2022;15:45;1;16;16056;1;1;1;2;PK 98 sens cognac Angouleme RN 141;45,6647310000; -0,2186320000
202200048980;28;3;2022;20:30;5;973;97302;2;1;1;6;SPATULES (RUE DES) CITE EAU LISETTE;4,9270342779; -52,3221489787
202200048981;24;10;2022;11:48;1;06;06161;2;1;1;6;482 Chemin de l Abreuvoir;43,6499840000;7,1307850000
202200048982;29;3;2022;13:30;1;69;69388;2;9;1;3;Rue de Nice;45,7321000000;4,8605500000
202200048983;21;10;2022;10:35;1;81;81077;1;1;1;1;D127;43,9061330000;2,5376920000
202200048984;26;10;2022;14:00;1;91;91363;1;1;1;7;Route de Beauvert;48,6456130000;2,2094320000
202200048985;29;3;2022;12:33;1;69;69383;2;9;1;6;Rue Garibaldi;45,7586800000;4,8525700000
202200048986;25;10;2022;22:30;3;17;17407;1;1;1;6;RN 11 PK26+657;46,2028510000; -1,0235100000
202200048987;29;3;2022;10:05;1;69;69259;2;1;1;6;Boulevard Ambroise Croizat;45,7053900000;4,8875500000
202200048988;26;10;2022;13:30;1;89;89239;2;1;1;3;Rue Victor Hugo;48,1725130000;3,3397410000
202200048989;29;3;2022;16:25;1;972;97213;2;9;1;3;ROUTE DEPARTEMENTALE 3;14,6175800000; -60,9886500000
202200048990;26;10;2022;11:25;1;59;59624;2;3;1;3;rue curie;50,0366830000;3,3011880000
202200048991;26;10;2022;07:30;2;59;59349;1;1;1;6;Rue du Moulin;50,0968410000;3,3771220000
202200048992;25;10;2022;18:55;5;76;76675;2;1;1;7;1810 Route des Huniers;49,6045100000;1,0373070000
202200048993;28;3;2022;16:35;1;971;97101;1;1;1;3;BLD DES FRITES- LE RAIZET;16,2563300000; -61,5328400000
202200048994;24;10;2022;13:45;1;2B;2B096;2;6;1;3;rt50;42,3016980000;9,1653500000
202200048995;28;3;2022;16:00;1;971;97101;2;9;1;6;LES CANELLES (RESIDENCE);16,2494600000; -61,5348400000
202200048996;26;10;2022;08:45;1;80;80204;2;3;1;3;1 Rue du 110e Ri;50,0087530000;2,8684400000
202200048997;25;10;2022;16:24;1;82;82127;1;1;1;1;D7;44,1644137970;0,9994212760
202200048998;28;3;2022;07:15;1;971;97101;1;1;1;3;DE LA DOCUMENTATION - PETIT PEROU (RUE);16,2524900000; -61,5147500000
202200048999;25;10;2022;08:00;2;61;61345;1;1;1;1;D11;48,4476360000;0,7766600000
202200049000;29;3;2022;15:40;1;95;95680;2;1;2;1;HUIT MAI 1945 (AVENUE DU);49,0074556241;2,4014461040
202200049001;24;10;2022;20:00;3;49;49200;1;4;2;7;Route des Trois Communes (Le Plessis-Macé);47,5500510000; -0,7032430000
202200049002;29;3;2022;12:50;1;95;95680;2;1;1;3;RD 370;49,0011670454;2,4077948928
202200049003;22;10;2022;17:50;1;42;42019;2;2;1;3;11 Rue de Lyon;45,7446060000;4,0050560000
202200049004;27;3;2022;20:27;5;87;87085;2;3;1;3;GAMBETTA (BOULEVARD);45,8285900000;1,2561500000
202200049005;20;10;2022;23:30;3;42;42208;1;4;2;6;1757 Route de la Talaudiere;45,5305610000;4,4755610000
202200049006;25;10;2022;11:30;1;22;22351;1;1;1;7;Lieu Dit Kermest;48,2992110000; -3,5348080000
202200049007;25;10;2022;08:45;1;39;39056;2;1;1;6;38 Rue Louis le Grand;46,7460670000;5,4537720000
202200049008;25;3;2022;18:45;1;80;80021;2;1;1;1;FUSILLES (BOULEVARD DES );49,9020800000;2,2969900000
202200049009;25;10;2022;10:15;1;44;44061;2;1;1;6;2 Rue Antoine de Saint Exupery;47,2439900000; -1,9343290000
202200049010;26;10;2022;09:19;1;35;35188;2;1;7;6;Boulevard de la Duchesse Anne;48,1357565216; -1,9600899518
202200049011;28;3;2022;18:40;1;78;78423;2;1;1;2;PRES (AVENUE DES);48,7775640000;2,0181430000
202200049012;26;10;2022;12:55;1;29;29150;2;4;1;3;Rue de Quimperlé;47,8189000000; -3,6185150000
202200049013;26;10;2022;10:00;1;01;01374;2;1;1;6;340 Route du Farget;46,0990177138;5,3163769841
202200049014;29;3;2022;20:20;5;76;76231;2;1;6;3;Rue des Martyrs;49,2879900000;1,0071000000
202200049015;25;10;2022;20:30;3;01;01046;1;1;1;1;Route de Pont de Veyle;46,2316390000;4,9130670000
202200049016;29;3;2022;09:50;2;76;76575;1;6;2;1;Boulevard Lénine;49,3678760000;1,1067500000
202200049017;26;10;2022;11:15;1;54;54029;2;1;1;6;5 Rue Lucien Michel;49,3702800000;5,8961600000
202200049018;26;10;2022;16:33;1;05;05045;1;1;1;7;Route de Gap;44,5385880000;6,4751740000
202200049019;28;3;2022;19:20;1;76;76552;2;3;1;1;ALBERT DUBOSC;49,5050833758;0,0862517953
202200049020;28;3;2022;17:15;1;76;76351;2;1;1;6;CLEMENT MARICAL;49,4994000000;0,0947100000
202200049021;26;10;2022;11:53;1;18;18142;1;1;1;-1;;46,7426320000;2,5070710000
202200049022;25;10;2022;15:30;1;43;43036;2;1;1;3;RD902;45,0997680000;3,7993170000
202200049023;29;3;2022;14:35;1;74;74008;2;1;1;3;JURA (RUE DU);46,1988000000;6,2259000000
202200049024;25;10;2022;07:40;2;36;36042;1;1;1;6;;46,6561941794;1,5006551074
202200049025;26;10;2022;01:25;3;16;16119;1;1;1;6;D939;45,5642730000;0,2739090000
202200049026;29;3;2022;15:25;1;71;71306;2;1;1;6;PARAY (RUE DE);46,6604680000;4,3606770000
202200049027;25;10;2022;18:00;1;85;85206;2;1;1;6;Rue raoul de rochebrune;46,4602030000; -1,3378380000
202200049028;28;3;2022;17:30;1;71;71040;2;1;1;6;MARECHAL LECLERC (AVENUE DU);46,6918880782;4,3813320994
202200049029;26;10;2022;08:15;1;30;30276;1;1;1;6;;43,5961600000;4,1957720000
202200049030;28;3;2022;19:49;2;69;69264;2;1;1;3;Rue Grange Blazet;45,9822592254;4,7190517187
202200049031;25;10;2022;17:45;1;08;08365;2;1;1;3;Rue de la Gare;49,8417220000;4,5395050000
202200049032;20;10;2022;20:17;3;49;49323;1;1;1;2;Autoroute A11 - PK 257.000;47,5016050000; -0,4708670000
202200049033;29;3;2022;13:20;1;64;64024;2;1;8;2;BOIS BELIN (RUE DU);43,4936700000; -1,5109400000
202200049034;20;10;2022;23:10;3;01;01032;1;1;1;6;A42 - PK 024+200;45,8616460000;5,1659510000
202200049035;28;3;2022;15:35;1;62;62270;2;1;1;6;VISEUR (PLACE DES FRERES);50,4744000000;2,4890100000
202200049036;25;2;2022;14:30;1;59;59437;2;1;1;3;SECLIN RUE DE;50,5695580000;3,0212290000
202200049037;29;3;2022;08:45;1;56;56260;2;1;1;6;CHAPEAU ROUGE(RUE DU);47,6695000000; -2,7215060000
202200049038;26;10;2022;00:30;3;27;27517;1;1;2;4;A13 081+600;49,1338230000;1,3152270000
202200049039;28;3;2022;14:50;1;56;56036;1;1;1;6;N165 sens Lorient/Vannes;47,7859960000; -3,3333500000
202200049040;26;10;2022;15:10;1;77;77211;1;2;7;3;D619;48,5810930000;2,9642970000
202200049041;27;3;2022;20:30;1;56;56098;2;2;1;3;MAURICE (RUE  JEAN-MARIE );47,7570000000; -3,3379700000
202200049042;25;10;2022;12:08;1;91;91129;2;1;1;3;Place Henri Pigeolet;48,4840200000;2,3331680000
202200049043;26;3;2022;12:10;1;56;56121;2;1;1;6;MONISTROL (RUE);47,7375600000; -3,3822700000
202200049044;25;10;2022;08:30;1;30;30307;1;1;1;1;N106;44,1931070000;4,0434760000
202200049045;25;10;2022;23:50;3;83;83115;1;1;1;6;Av du Croiseur Leger le Malin;43,3304730000;6,6682130000
202200049046;24;3;2022;18:45;1;56;56121;2;1;1;3;3 Rue Charles Gounod;47,7644800000; -3,3738200000
202200049047;26;10;2022;13:50;1;67;67098;1;1;7;1;181 Rue du Général de Gaulle;48,5415790000;7,4116030000
202200049048;23;3;2022;17:25;1;55;55545;2;1;1;7;MIRIBEL ( AVENUE );49,1676600000;5,3939200000
202200049049;25;10;2022;17:25;1;57;57261;2;3;1;3;rue du moulin;49,0622640000;7,2112990000
202200049050;28;3;2022;15:35;1;54;54395;2;1;1;6;SONNINI (RUE);48,6824419619;6,1862924695
202200049051;26;10;2022;15:45;1;01;01049;2;1;1;6;D1084;45,8459390000;5,0389910000
202200049052;29;3;2022;10:50;1;51;51454;2;1;1;3;Rue Emile Zola;49,2659100000;4,0268400000
202200049053;25;10;2022;17:30;1;01;01376;1;6;1;2;Porte de la dombes;45,8210010000;4,9897080000
202200049054;23;10;2022;21:15;3;01;01099;1;1;1;1;D1084;45,9131380000;5,2530130000
202200049055;29;3;2022;09:45;1;51;51454;2;2;1;3;Avenue Paul Marchandeau;49,2440600000;4,0276400000
202200049056;23;10;2022;21:30;3;17;17199;1;1;1;7;d730 moulin de comble;45,2740110000; -0,3674840000
202200049057;26;10;2022;17:50;1;50;50294;2;3;1;3;Route des Pieux;49,6030860000; -1,6649120000
202200049058;25;10;2022;13:15;1;22;22076;1;1;1;2;La Basse Millière;48,5408510000; -2,3971440000
202200049059;28;3;2022;16:05;1;50;50129;2;3;1;3;TOURELLE (RUE DE LA);49,6375500000; -1,5755800000
202200049060;26;10;2022;12:08;1;80;80212;2;2;1;3;Rue Léon Curé;49,9115330000;2,5024150000
202200049061;28;3;2022;18:16;1;49;49007;2;3;1;3;LORRAINE PLACE;47,4704000000; -0,5476000000
202200049062;25;10;2022;09:00;1;13;13215;1;1;1;2;A7-Sens Lyon vers Marseille;43,3794464693;5,3541746529
202200049063;28;3;2022;16:39;1;49;49007;2;2;1;3;Rue des Ponts de Cé;47,4529500000; -0,5387100000
202200049064;25;10;2022;07:00;3;13;13071;1;1;1;4;A7-Sens Marseille vers Lyon;43,4053000000;5,3388800000
202200049065;23;10;2022;21:50;3;57;57463;1;1;3;6;RN 431;49,0912300000;6,2286300000
202200049066;24;10;2022;18:30;1;33;33162;1;1;1;2;ROCADE A 630;44,8584596871; -0,6619316339
202200049067;20;2;2022;18:18;1;42;42218;2;2;1;3;Rue de la Montat;45,4420900000;4,4083300000
202200049068;25;10;2022;12:15;1;94;94038;1;1;1;3;AUTOROUTE A6A;48,7802000000;2,3468000000
202200049069;25;10;2022;11:55;1;92;92036;1;1;1;3;A86;48,9348887042;2,2678495223
202200049070;24;3;2022;07:55;1;41;41018;2;1;1;3;DES ALLEES (ROND POINT);47,5825000000;1,2980000000
202200049071;25;10;2022;09:40;1;93;93064;1;1;1;5;AUTOROUTE A86;48,8775091635;2,4774153900
202200049072;23;3;2022;15:45;1;41;41018;2;1;1;6;WILSON (AVENUE DU PRESIDENT);47,5825000000;1,3415000000
202200049073;25;10;2022;14:40;1;75;75112;1;1;1;2;A4;48,8230000000;2,4629100000
202200049074;29;3;2022;21:20;3;38;38151;1;1;1;2;RN 87 (RONDEAU A J.DUCLOS);45,1552700000;5,7140000000
202200049075;24;10;2022;17:00;1;54;54395;2;1;1;6;LAXOU (Rue de);48,6859930042;6,1619299650
202200049076;24;10;2022;19:55;5;75;75119;2;3;1;6;AVENUE DE FLANDRE;48,8892580000;2,3748290000
202200049077;29;3;2022;11:39;1;37;37050;1;9;2;6;RD 37;47,3308226996;0,6820482016
202200049078;28;3;2022;16:15;1;37;37122;2;1;1;7;BRETONNIERES (BOULEVARD DES);47,3458400000;0,6424200000
202200049079;29;3;2022;09:25;1;33;33192;2;1;1;2;Rue Saint-François Xavier;44,7778800000; -0,5956700000
202200049080;29;3;2022;08:20;1;33;33318;2;1;1;1;Avenue Roger Chaumet;44,8044900000; -0,6311000000
202200049081;29;3;2022;16:10;1;31;31555;2;6;1;3;AV M BOURGES MAUNOURY;43,6292300000;1,4493200000
202200049082;26;3;2022;21:00;5;30;30189;2;3;1;3;Avenue Jean-Jaurès;43,8333000000;4,3516200000
202200049083;11;3;2022;13:55;1;30;30189;2;2;1;3;LE NOTRE ANDRE (RUE);43,8139400000;4,3509600000
202200049084;9;5;2022;19:25;1;21;21231;2;3;1;6;CHAPITRE (DU) (RUE);47,3121140000;5,0181080000
202200049085;26;3;2022;12:00;1;29;29232;2;1;1;6;Route de Brest;48,0016925822; -4,0851811320
202200049086;9;5;2022;12:20;1;19;19275;1;6;1;3;R.D. 982 NORD;45,5710200000;2,2960900000
202200049087;29;3;2022;07:25;1;26;26198;2;1;1;3;CATALINS (Chemin des );44,5705700000;4,7588700000
202200049088;4;5;2022;14:50;1;14;14327;1;9;1;3;D226 ;49,2100700000; -0,3236200000
202200049089;28;3;2022;19:30;1;25;25056;2;1;1;4;FOCH AVENUE MARECHAL;47,2428640000;6,0248280000
202200049090;10;5;2022;20:30;2;13;13210;2;3;1;3;CAPELETTE (AVENUE DE LA);43,2792972649;5,4116067765
202200049091;10;5;2022;11:40;1;13;13214;2;2;1;3;CAPITAINE GEZE (BOULEVARD);43,3313900000;5,3769100000
202200049092;10;5;2022;07:50;1;13;13213;2;1;1;2;CROIX ROUGE (AVENUE);43,3314000000;5,4331000000
202200049093;18;3;2022;15:36;1;15;15014;2;9;1;3;POMPIDOU (AVENUE GEORGES);44,9147200000;2,4584600000
202200049094;10;5;2022;08:15;1;13;13213;2;6;1;2;OLIVES (AVENUE DES);43,3231500000;5,4486700000
202200049095;29;3;2022;20:35;3;13;13117;1;1;1;2;ROUTE NATIONALE 113 - LA GARE;43,4698733692;5,2318020238
202200049096;9;5;2022;09:00;1;13;13209;2;1;1;3;GASTON RAMON (BOULEVARD);43,2670695509;5,3965239896
202200049097;30;4;2022;21:17;5;13;13206;2;2;1;3;PIERRE PUGET (COURS);43,2904100000;5,3757500000
202200049098;29;3;2022;17:30;1;13;13213;2;2;1;3;ESCADRILLE NORMANDIE NIEMEN;43,3297700000;5,4097600000
202200049099;10;5;2022;14:50;1;10;10387;2;2;1;3;PREMIER MAI (RUE DU);48,3054300000;4,0924300000
202200049100;29;3;2022;11:50;1;13;13211;2;1;1;6;WILLIAM BOOTH (AVENUE);43,2943673771;5,4422559960
202200049101;10;5;2022;14:45;1;08;08105;2;1;1;3;HACHETTE RUE;49,7638540000;4,7211570000
202200049102;3;5;2022;13:45;1;06;06029;2;1;1;3;VALLOMBROSA (BOULEBARD);43,5525600000;7,0061500000
202200049103;29;3;2022;12:15;1;13;13203;2;3;1;3;GUIGOU (BOULEVARD);43,3143300000;5,3928000000
202200049104;2;5;2022;00:07;3;06;06004;2;9;9;1;SABLES CH.ET ALLEE;43,5703870000;7,1238180000
202200049105;23;3;2022;14:50;1;13;13210;2;6;1;3;CAPELETTE (AVENUE DE LA);43,2835400000;5,3990600000
202200049106;28;3;2022;06:55;3;11;11069;1;1;1;3;Avenue du 3e Rpima;43,2067200000;2,3879700000
202200049107;26;4;2022;11:15;1;04;04112;2;1;1;2;RD 907;43,8195900000;5,7949800000
202200049108;29;3;2022;20:55;3;07;07070;1;1;1;7;SAINT ROMAINS DE LERPS (ROUTE DE);44,9713200000;4,8257700000
202200049109;9;5;2022;13:19;1;01;01344;2;6;1;6;DOMBES (AVENUE DE LA);46,2003700000;5,1982500000
202200049110;10;5;2022;14:40;1;75;75112;2;1;1;4;BD PERIPHERIQUE EXTERIEUR;48,8335690000;2,4053410000
202200049111;29;3;2022;16:05;1;06;06069;2;1;1;4;DE LATTRE DE TASSIGNY (AVENUE DU MARECHA;43,6488770000;6,9247010000
202200049112;10;5;2022;16:30;1;75;75113;2;3;1;6;BOULEVARD KELLERMANN;48,8208662257;2,3549174568
202200049113;29;3;2022;08:00;1;06;06069;2;2;1;3;MAUPASSANT (AVENUE GUY DE);43,6525290000;6,9146530000
202200049114;10;5;2022;18:30;1;75;75118;2;2;1;3;RUE MARX DORMOY;48,8902353148;2,3599764705
202200049115;14;2;2022;13:00;1;02;02691;2;6;1;3;14 Place du 8 Octobre;49,8418500000;3,2948500000
202200049116;10;5;2022;00:30;5;75;75118;2;2;1;3;RUE MARX DORMOY;48,8902354574;2,3599826233
202200049117;1;2;2022;07:40;5;02;02691;2;1;3;6;VERMAND (RUE DE);49,8496199000;3,2734679000
202200049118;10;5;2022;20:55;1;75;75113;2;5;1;3;BOULEVARD MASSENA;48,8215332836;2,3694513738
202200049119;29;3;2022;11:40;1;75;75113;2;1;1;4;BD PERIPHERIQUE EXTERIEUR;48,8161885418;2,3589411378
202200049120;10;5;2022;16:25;1;75;75113;2;2;1;2;AVENUE LEON BOLLEE;48,8180341581;2,3603714257
202200049121;10;5;2022;13:00;1;75;75113;2;3;1;6;RUE DE TOLBIAC;48,8256881244;2,3480255912
202200049122;29;3;2022;02:00;5;75;75113;2;1;1;3;BD PERIPHIQUE EXTERIEUR;48,8241170000;2,3833990000
202200049123;9;5;2022;19:30;1;75;75112;2;3;1;3;AVENUE DE NOGENT;48,8390240000;2,4603600000
202200049124;28;3;2022;15:30;1;75;75120;2;1;1;3;RUE DES PYRENEES;48,8544421849;2,4055860937
202200049125;10;5;2022;13:40;1;75;75120;2;3;1;2;BOULEVARD DE MENILMONTANT;48,8595550000;2,3891540000
202200049126;29;3;2022;12:40;1;75;75118;2;3;1;3;BOULEVARD BARBES;48,8842123870;2,3494803160
202200049127;10;5;2022;22:26;5;75;75110;2;1;1;6;RUE DU FAUBOURG SAINT DENIS;48,8774308015;2,3562978208
202200049128;10;5;2022;14:55;1;75;75108;2;3;1;3;COURS ALBERT 1ER;48,8642604535;2,3022275643
202200049129;29;3;2022;12:02;1;75;75118;2;2;1;3;AVENUE DE SAINT OUEN;48,8955574624;2,3283049464
202200049130;10;5;2022;13:30;1;75;75108;2;3;1;2;AVENUE DES CHAMPS ELYSEES;48,8710000000;2,3035700000
202200049131;29;3;2022;13:30;1;75;75117;2;4;1;2;AVENUE NIEL;48,8805479213;2,2951691592
202200049132;29;3;2022;15:15;1;75;75116;2;1;2;7;VOIE GEORGES POMPIDOU;48,8387115993;2,2664827108
202200049133;10;5;2022;18:40;1;75;75102;2;2;1;3;RUE D ABOUKIR;48,8691200000;2,3515540000
202200049134;10;5;2022;09:25;1;75;75101;2;3;1;6;PONT NEUF;48,8569320300;2,3411506925
202200049135;29;3;2022;07:40;1;75;75114;2;3;1;2;BOULEVARD JOURDAN;48,8214856020;2,3338933289
202200049136;9;5;2022;18:05;1;75;75104;2;2;1;2;RUE DES ARCHIVES;48,8593720000;2,3561380000
202200049137;29;3;2022;08:20;1;75;75114;2;7;1;3;AVENUE DU GENERAL LECLERC;48,8336782512;2,3319755495
202200049138;9;5;2022;12:18;1;75;75101;2;2;1;7;BOULEVARD DE SEBASTOPOL;48,8619910000;2,3501560000
202200049139;29;3;2022;16:00;1;75;75113;2;3;2;3;BOULEVARD KELLERMANN;48,8190870000;2,3579950000
202200049140;9;5;2022;08:20;1;75;75101;2;2;1;6;RUE DU LOUVRE;48,8617100000;2,3412070000
202200049141;10;5;2022;18:45;1;94;94081;2;2;1;6;Rue Talma;48,7926200000;2,3996000000
202200049142;28;3;2022;16:00;1;75;75120;2;3;1;5;RUE DES PYRENEES;48,8708730000;2,3933380000
202200049143;29;3;2022;13:10;1;75;75111;2;1;1;3;RUE DES BOULETS;48,8510019838;2,3900318083
202200049144;10;5;2022;21:48;5;94;94022;2;7;1;3;Avenue Léon Gourdault / Avenue Jean Jaurès;48,7643800000;2,4056400000
202200049145;10;5;2022;18:05;1;94;94018;2;1;1;3;31 Avenue de Gravelle;48,8274500000;2,4062200000
202200049146;29;3;2022;11:35;1;75;75111;2;1;1;3;BOULEVARD VOLTAIRE;48,8538191980;2,3867838085
202200049147;9;5;2022;09:55;1;94;94002;2;3;1;2;Rue Emile Zola/ Rue des Camélias;48,7997500000;2,4260700000
202200049148;29;3;2022;19:40;2;75;75109;2;2;1;1;RUE SAINT GEORGES;48,8751487996;2,3371455202
202200049149;28;3;2022;18:35;1;75;75101;2;2;1;6;RUE DE RIVOLI;48,8585417041;2,3482351005
202200049150;9;5;2022;20:05;1;93;93072;2;3;1;5;Boulevard Maxime Gorki / Rue Salvador Allende;48,9466800000;2,3865200000
202200049151;29;3;2022;15:20;1;75;75102;2;4;1;3;RUE DU LOUVRE;48,8657623647;2,3433246934
202200049152;10;5;2022;08:15;1;93;93074;2;3;1;3;Rue Robert Schumann / Rue de Montauban;48,9312250000;2,5729430000
202200049153;29;3;2022;02:30;5;75;75104;2;1;1;7;RUE SAINT LOUIS EN L ILE;48,8515763222;2,3572614044
202200049154;10;5;2022;12:37;1;93;93070;2;2;9;6;Rue du Docteur Bauer / Avenue Michelet;48,9052200000;2,3444500000
202200049155;10;5;2022;10:10;1;93;93048;2;2;1;6;Avenue du Président Wilson / Avenue Gabriel Péri;48,8572958062;2,4400176108
202200049156;9;5;2022;17:10;1;93;93006;2;1;1;6;Rue Louise Michel;48,8758884048;2,4318543077
202200049157;28;3;2022;14:05;1;94;94068;2;6;1;4;50 Boulevard Rabelais;48,8053300000;2,4840200000
202200049158;10;5;2022;17:00;1;93;93001;2;1;1;6;Avenue Jean Jaurès;48,9145229975;2,4038547277
202200049159;29;3;2022;14:25;1;94;94015;2;2;1;3;Rue des Ormes;48,8451500000;2,5276800000
202200049160;10;5;2022;09:15;1;92;92073;2;1;1;6;SELLIER (BOULEVARD HENRI);48,8666438994;2,2208264172
202200049161;10;5;2022;10:40;1;92;92072;2;1;1;6;BRUYERES (RUE DES);48,8181660000;2,2171540000
202200049162;27;3;2022;17:15;1;94;94052;2;1;1;3;Rue Jacques Kablé;48,8357456751;2,4913601874
202200049163;10;5;2022;18:10;1;92;92050;2;1;1;1;UNIVERSITE ALLEE DE L';48,9027500000;2,2126700000
202200049164;29;3;2022;11:30;1;94;94038;2;1;1;3;18 Avenue Henri Barbusse;48,7764300000;2,3264300000
202200049165;10;5;2022;12:15;1;92;92050;2;1;1;3;ARAGO FRANCOIS AVENUE;48,9023500000;2,2271700000
202200049166;29;3;2022;14:35;1;94;94018;2;1;1;6;58 Avenue de Gravelle;48,8247914002;2,4147592485
202200049167;29;3;2022;17:15;1;94;94070;2;1;2;6;26 Route de Marolles;48,7316800000;2,5672900000
202200049168;10;5;2022;19:20;1;92;92044;2;1;1;3;ANA.FRANCE(RUE)77A139 ET 74A124;48,8957338289;2,2817104161
202200049169;10;5;2022;15:40;1;92;92044;2;1;1;6;J. GUESDE(RUE)71A101ET80A120;48,8971400000;2,2892600000
202200049170;29;3;2022;12:15;1;93;93072;2;1;1;6;31 Avenue Louis Bordes;48,9553600000;2,3844200000
202200049171;9;5;2022;21:40;5;92;92040;2;2;1;3;JEANNE D'ARC;48,8310600000;2,2788900000
202200049172;29;3;2022;16:20;1;93;93066;2;3;2;1;Rue Jeumont / Rue du Parchemin;48,9125100000;2,3600700000
202200049173;10;5;2022;12:39;1;92;92025;2;1;1;3;CHARLES DE GAULLE (BD);48,9148740000;2,2286900000
202200049174;28;3;2022;09:25;1;93;93029;2;2;1;3;Rue Anatole France / Rue Sacco et Vanzetti;48,9248300000;2,4474900000
202200049175;10;5;2022;22:27;5;92;92023;2;1;1;7;GENERAL DE GAULLE (AV DU) N°130 A 340 ET;48,7875284724;2,2568157613
202200049176;29;3;2022;07:45;1;93;93030;2;1;1;1;Avenue du 8 Mai 1945;48,9480700000;2,4369700000
202200049177;10;5;2022;01:30;5;92;92012;2;1;1;4;EDOUARD VAILLANT (AVENUE) DEBUT/56 - COT;48,8355773947;2,2495759427
202200049178;9;5;2022;12:31;1;92;92012;2;3;1;3;REINE (ROUTE DE LA) 1/37- 6/80;48,8394598201;2,2425842285
202200049179;29;3;2022;18:00;1;93;93005;2;1;2;2;JEAN CHARCOT [CD115] (RUE);48,9321024651;2,4865823364
202200049180;7;5;2022;18:10;1;35;35136;1;1;1;3;Lieu Dit la Rougerais;47,9702778952; -1,4522277564
202200049181;11;5;2022;14:25;1;51;51442;1;1;1;1;D982;48,8940530000;4,8152950000
202200049182;11;5;2022;06:17;2;67;67347;1;1;1;1;D24;48,8391270000;7,5361920000
202200049183;10;5;2022;19:15;1;16;16343;1;1;7;6;La Métairie;45,6161500000; -0,1541890000
202200049184;11;5;2022;07:00;1;06;06161;1;4;1;3;Avenue Saint Andrieu;43,6470250000;7,1364230000
202200049185;10;5;2022;07:45;1;974;97404;1;3;1;3;N2001; -21,2711390000;55,3829120000
202200049186;10;5;2022;19:40;1;11;11353;2;1;1;6;36 Avenue de Saint Pons;43,2428640000;2,9228140000
202200049187;9;5;2022;17:10;1;64;64061;1;1;1;7;Avenue de Castille;43,3930110000; -0,5787780000
202200049188;29;3;2022;18:05;1;93;93001;2;3;2;3;EDOUARD VAILLANT (BLD);48,9182445911;2,4026477337
202200049189;11;5;2022;09:30;1;01;01354;2;6;1;7;;46,2640660000;6,0312040000
202200049190;10;5;2022;20:20;1;51;51078;2;1;1;1;Rue de la Gare;49,0912630000;4,3524500000
202200049191;11;5;2022;02:35;3;58;58298;1;9;1;1;A77 PK 137+180;47,1453060000;3,0457880000
202200049192;9;5;2022;18:30;1;74;74043;1;1;1;3;Avenue du Jura;46,2624060000;6,3586810000
202200049193;10;5;2022;18:10;1;19;19238;1;3;1;3;RD 982;45,6910838987;2,2711336613