Num_Acc;jour;mois;an;hrmn;lum;dep;com;agg;int;atm;col;adr;lat;long
202200049442;6;1;2022;17:40;1;49;49007;2;1;1;7;PAUL BERT;47,4658500000; -0,5516600000
202200049443;6;1;2022;08:47;2;45;45004;2;6;8;1;Avenue du Docteur Schweitzer;48,0015550000;2,7711520000
202200049444;6;1;2022;18:20;2;40;40088;2;3;1;3;RESIDENCE HONDELATTE, BD ROLAND GARROS;43,6981100000; -1,0622000000
202200049445;7;1;2022;15:10;1;38;38185;2;2;4;3;JOSEPH REY (RUE);45,1858000000;5,7170100000
202200049446;7;1;2022;19:50;5;35;35238;2;1;2;7;Rue de Châteaugiron;48,0965100000; -1,6405000000
202200049447;7;1;2022;13:10;1;35;35238;2;1;1;3;Rue d’Isly;48,1052079032; -1,6775232553
202200049448;6;1;2022;02:30;5;31;31555;2;1;1;6;CASTRES (AV DE) DU 1AU 85;43,6007709093;1,4706511796
202200049449;3;1;2022;08:03;3;29;29019;2;6;1;2;Avenue Georges Pompidou;48,4138440000; -4,4800140000
202200049450;2;1;2022;21:30;5;29;29019;2;6;1;3;Rue Paul Masson;48,4047830000; -4,4771060000
202200049451;7;1;2022;19:00;5;28;28134;2;1;2;6;MARCEAU (AVENUE DU GENERAL);48,7284300000;1,3666300000
202200049452;7;1;2022;21:10;5;27;27229;2;2;2;3;FAUVILLE (RUE DE);49,0240108000;1,1743128000
202200049453;7;1;2022;12:25;1;22;22187;2;1;1;6;EUROPE (Rdp de l');48,5359000000; -2,7615800000
202200049454;7;1;2022;16:37;1;17;17306;2;2;1;3;ROCHEFORT (DE)  (AVENUE);45,6356000000; -1,0263900000
202200049455;7;1;2022;00:10;3;17;17300;1;1;1;7;05 PK RN237 RE MOULIN JUSTICE;46,1736200000; -1,1792200000
202200049456;7;1;2022;10:34;1;14;14118;2;2;1;3;79 Rue du Chemin Vert;49,1948400000; -0,3955400000
202200049457;7;1;2022;22:10;5;13;13206;2;2;1;3;ROME (RUE DE);43,2908175459;5,3808930438
202200049458;6;1;2022;10:45;1;13;13201;2;1;1;1;JEAN BALLARD (COURS);43,2934477414;5,3742954788
202200049459;7;1;2022;10:35;1;11;11069;2;3;1;1;LANGEVIN PAUL - PAIRS APRES 46;43,2245200000;2,3367900000
202200049460;7;1;2022;09:04;1;10;10387;2;9;2;1;CHARMILLES (MAIL DES);48,2966000000;4,0860000000
202200049461;7;1;2022;08:00;5;10;10387;2;1;2;6;VOULDY (CHAUSSEE DU);48,2929400000;4,0849600000
202200049462;6;1;2022;14:28;1;10;10081;2;1;1;6;JEAN MOULIN (RUE);48,3068800000;4,0317300000
202200049463;7;1;2022;11:47;1;06;06088;2;1;1;6;MISTRAL (AV. ET CH. F.);43,7222560000;7,2532590000
202200049464;3;1;2022;19:17;5;06;06088;2;9;1;6;CALIFORNIE (AV.) (DU 23-25 AU 199-210);43,6841480000;7,2342580000
202200049465;7;1;2022;18:10;5;06;06069;2;1;1;1;CAPUCINS (CHEMIN ET IMPASSE DES);43,6512960000;6,9302710000
202200049466;7;1;2022;16:40;1;06;06069;2;1;1;6;RAYBAUD (AVENUE FELIX)  - D609-;43,6404770000;6,9116050000
202200049467;6;1;2022;12:00;1;05;05061;2;1;1;2;TOKORO ( RUE DE );44,5667410000;6,1008240000
202200049468;6;1;2022;10:35;1;05;05061;2;3;1;6;VILLAROBERT ( RUE DE );44,5698700000;6,0833300000
202200049469;6;1;2022;00:20;5;75;75120;2;5;1;1;RUE DES PYRENEES;48,8562410000;2,4048930000
202200049470;7;1;2022;12:55;1;75;75119;2;3;1;6;AVENUE JEAN JAURES;48,8865660000;2,3846460000
202200049471;7;1;2022;00:01;5;75;75119;2;2;1;2;AVENUE MATHURIN MOREAU;48,8784180000;2,3742460000
202200049472;7;1;2022;19:20;5;75;75117;2;5;1;6;RUE DE TOCQUEVILLE;48,8833261000;2,3126970000
202200049473;6;1;2022;11:10;1;75;75117;2;3;1;5;AVENUE DE LA PORTE D ASNIERES;48,8906240000;2,3031180000
202200049474;5;1;2022;21:00;5;75;75116;2;7;1;3;PLACE DE LA PORTE DE SAINT CLOUD;48,8384240000;2,2569920000
202200049475;7;1;2022;02:55;5;75;75113;2;2;2;3;PORTE D ITALIE;48,8164346279;2,3601990938
202200049476;7;1;2022;21:50;5;75;75110;2;7;2;3;BOULEVARD DE LA VILLETTE;48,8826570000;2,3698990000
202200049477;7;1;2022;13:45;1;75;75110;2;2;1;3;RUE LA FAYETTE;48,8773310000;2,3497730000
202200049478;7;1;2022;19:52;3;75;75108;2;2;2;6;RUE DE LISBONNE;48,8774330000;2,3081910000
202200049479;6;1;2022;22:40;5;94;94081;2;1;2;6;176 Avenue Rouget de Lisle;48,7834300000;2,3937300000
202200049480;7;1;2022;13:30;1;94;94003;2;1;1;2;Rue Camille Desmoulins;48,7977832946;2,3444094657
202200049481;6;1;2022;06:30;2;94;94028;2;3;1;3;Route de Choisy / Rue de la Basse Quinte;48,7752000000;2,4400800000
202200049482;5;1;2022;22:30;5;94;94073;2;1;1;4;Boulevard de Stalingrad;48,7729300000;2,3999300000
202200049483;6;1;2022;13:40;1;94;94059;2;2;1;1;Avenue de Chennevières / Avenue du général de gaulle;48,8106836685;2,5633978843
202200049484;7;1;2022;20:10;5;93;93049;2;1;2;6;PRESIDENT JOHN KENNEDY (AVENUE);48,8632255335;2,5129857659
202200049485;7;1;2022;12:40;1;93;93048;2;2;1;3;ARISTIDE BRIAND S2 (BOULEVARD);48,8763176356;2,4561792782
202200049486;7;1;2022;18:10;3;93;93074;2;1;1;3;Route de Courtry;48,9359752521;2,6017615199
202200049487;7;1;2022;16:44;1;93;93007;2;1;8;6;Place de la Libération;48,9434090000;2,4664270000
202200049488;7;1;2022;17:50;1;93;93001;2;2;1;6;Avenue Jean Jaurès / Avenue de la Division Leclerc;48,9144800000;2,4036230000
202200049489;6;1;2022;14:45;1;92;92063;2;1;1;3;COLMAR (AVENUE DE);48,8871274100;2,1800056100
202200049490;5;1;2022;17:25;2;92;92063;2;3;1;3;DIX-HUIT JUIN 1940 (AVENUE DU) EST;48,8673315673;2,1982285380
202200049491;7;1;2022;14:30;1;92;92040;2;3;1;3;ILES (BOULEVARD DES);48,8231265881;2,2492838502
202200049492;5;1;2022;21:00;5;92;92040;2;2;1;1;GENERAL LECLERC;48,8269631849;2,2791934311
202200049493;7;1;2022;18:10;3;34;34342;1;1;1;1;D986;43,7494510000;3,7593310000
202200049494;7;1;2022;18:20;3;39;39020;2;1;4;1;Rue d'Arsurette;46,7195860000;6,0761210000
202200049495;7;1;2022;16:30;1;974;97415;1;3;1;1;Rue Evariste de Parny (bdn); -21,0036430000;55,3230020000
202200049496;8;1;2022;12:15;1;974;97415;2;1;2;1;Rue Jean Albany; -21,0746990000;55,2675820000
202200049497;7;1;2022;19:20;3;54;54089;1;1;1;7;D913;48,7883329765;6,2788152696
202200049498;8;1;2022;16:25;1;41;41140;1;1;3;1;La Grenouillere;47,4360270000;1,7618470000
202200049499;8;1;2022;09:00;1;95;95134;1;1;2;6;RD 4;49,1272450000;2,2178650000
202200049500;8;1;2022;09:30;1;81;81036;2;1;2;6;Lieu Dit la Richarde;43,4978730000;2,3997350000
202200049501;7;1;2022;12:30;1;27;27289;1;1;1;7;A 28 pk 223+200;48,9699630000;0,4343030000
202200049502;7;1;2022;15:30;1;19;19160;1;1;5;3;D979;45,5708810000;2,0523390000
202200049503;7;1;2022;09:00;1;2B;2B050;2;3;1;3;route territoriale 30;42,5510095661;8,7659525883
202200049504;8;1;2022;04:00;3;44;44187;1;1;2;6;D86;47,1943020000; -2,0514390000
202200049505;7;1;2022;18:30;3;29;29269;1;1;2;6;Lieu dit  Quilos;47,9570225850; -3,6382091046
202200049506;8;1;2022;16:36;1;29;29068;1;1;3;1;Route de l Échangeur;48,5219480000; -3,9900380000
202200049507;7;1;2022;17:55;2;31;31338;1;4;2;1;Intersection D24 - D87;43,6668160000;1,1793240000
202200049508;8;1;2022;14:15;1;03;03173;1;1;2;5;N79;46,4581980000;3,9355190000
202200049509;7;1;2022;18:15;3;18;18011;1;1;2;1;;47,5733450000;2,4004590000
202200049510;7;1;2022;07:30;3;36;36179;1;1;2;1;;46,9315587262;1,9512909651
202200049511;7;1;2022;17:40;2;21;21230;2;1;2;6;Rue Léon Veil Picard;47,5213000000;5,0608100000
202200049512;8;1;2022;11:00;1;88;88161;1;1;8;6;D460;48,1175310000;6,1915680000
202200049513;7;1;2022;18:50;3;38;38399;1;1;8;1;RD 522;45,5084820000;5,1692500000
202200049514;8;1;2022;14:25;1;11;11202;2;1;1;6;Avenue du Bastion Montmorency;42,9054410000;3,0354130000
202200049515;8;1;2022;15:30;1;988;98803;1;1;1;6;Lieu-dit NEMEARA; -21,4978700000;165,4814900000
202200049516;7;1;2022;16:30;1;973;97305;1;1;1;3;Route nationale 1;4,9127440000; -52,3719660000
202200049517;7;1;2022;17:55;3;37;37072;1;1;2;2;D21;47,1655550000;0,2682100000
202200049518;8;1;2022;20:15;5;91;91659;2;1;3;6;Route de Villoison;48,5885460000;2,4525780000
202200049519;8;1;2022;14:15;1;84;84047;2;1;1;3;101 Avenue des Cordiers;43,8995350000;5,3570850000
202200049520;7;1;2022;19:30;3;84;84103;1;1;1;6;D179;43,9231670000;5,4670290000
202200049521;7;1;2022;20:35;5;05;05177;2;1;1;6;Cours Mentor Blasco;44,5773230000;6,6824700000
202200049522;7;1;2022;21:45;3;13;13024;1;1;1;3;RN561;43,7157750000;5,2499840000
202200049523;7;1;2022;12:20;1;14;14191;1;2;1;3;D35;49,3036789022; -0,4367280006
202200049524;8;1;2022;09:10;1;60;60022;1;1;8;2;D 1330;49,2402798954;2,5187745093
202200049525;8;1;2022;15:41;1;60;60138;1;1;3;7;;49,2220788101;2,5925858168
202200049526;7;1;2022;19:42;1;13;13106;1;1;1;7;A7-Sens Lyon vers Marseille;43,4005000000;5,3479500000
202200049527;1;1;2022;06:00;5;69;69283;1;1;5;2;Autoroute 46;45,6737679179;4,9489411712
202200049528;7;1;2022;07:15;3;91;91521;1;1;1;2;RN 104;48,6326520000;2,4058490000
202200049529;7;1;2022;06:10;3;94;94034;1;1;1;6;AUTOROUTE A86;48,7577200000;2,3350200000
202200049530;6;1;2022;10:35;1;92;92019;1;9;1;6;RN 385 Extèrieure;48,7712223777;2,2434182043
202200049531;7;1;2022;16:15;1;92;92026;1;1;1;5;RN1014 Y;48,8892486093;2,2466463337
202200049532;7;1;2022;13:30;1;93;93064;1;1;1;7;AUTOROUTE A103;48,8840659937;2,4915683270
202200049533;7;1;2022;10:30;1;92;92036;1;1;2;4;AUTOROUTE A15;48,9406783537;2,2926308104
202200049534;7;1;2022;15:30;1;77;77468;1;1;1;2;A104;48,8537209917;2,6629423098
202200049535;7;1;2022;08:40;1;94;94074;1;1;1;4;RN406.Y;48,7690354532;2,4499019295
202200049536;4;1;2022;12:15;1;91;91549;2;9;2;6;EPERON (AVENUE DE L');48,6411400000;2,3373910000
202200049537;5;1;2022;10:12;1;86;86194;2;1;1;6;Rue Raoul Follereau;46,5662270000;0,3869240000
202200049538;6;1;2022;13:20;1;976;97611;2;1;1;2;passamanty-Sada ( rue de ); -12,7994700000;45,2156000000
202200049539;6;1;2022;12:00;1;974;97411;2;9;1;3;WAGNER (AVENUE RICHARD); -20,8976200000;55,4834800000
202200049540;6;1;2022;21:05;5;974;97409;2;9;2;3;LAGOURGUE(CHEMIN); -20,9515810000;55,6558420000
202200049541;6;1;2022;19:45;3;974;97409;2;2;2;3;ROCADE SUD(RUE); -20,9688120000;55,6555570000
202200049542;5;1;2022;19:40;3;974;97409;2;3;1;3;PATELIN (chemin); -20,9688730000;55,6659600000
202200049543;6;1;2022;17:40;5;69;69387;2;2;1;6;Grande Rue de la Guillotière;45,7490800000;4,8534800000
202200049544;6;1;2022;01:05;5;69;69388;2;2;1;3;Rue Marius Berliet;45,7405600000;4,8638400000
202200049545;6;1;2022;20:05;3;972;97209;1;1;1;2;AUTOROUTE (A1);14,6183193307; -61,0358387232
202200049546;6;1;2022;12:40;1;972;97209;2;9;1;3;CHEVALIER SAINTE-MARTHE (BOULEVARD);14,6031271698; -61,0663488507
202200049547;6;1;2022;19:50;5;69;69382;2;2;1;3;Rue Smith;45,7432200000;4,8228200000
202200049548;6;1;2022;09:15;1;69;69382;2;1;1;3;Rue Grenette;45,7634500000;4,8357600000
202200049549;6;1;2022;14:43;1;971;97120;2;1;1;6;ZONE INDUSTRIELLE DE BERGEVIN;16,2471400000; -61,5383500000
202200049550;28;11;2022;15:30;1;17;17415;2;3;3;3;DOUMER 2 A 143 /ROC.OUEST COURS PAUL;45,7460010000; -0,6694630000
202200049551;29;11;2022;18:10;5;15;15014;2;2;2;3;PRADES (AVENUE DES);44,9165530000;2,4367500000
202200049552;7;7;2022;13:00;1;75;75119;2;1;1;3;PORTE DE PANTIN;48,8848550000;2,3980600000
202200049553;29;11;2022;15:20;1;13;13205;2;1;1;2;SAINT PIERRE (RUE);43,2923900000;5,3967900000
202200049554;6;7;2022;19:00;1;75;75113;2;1;1;2;QUAI D IVRY;48,8252370000;2,3855290000
202200049555;6;7;2022;00:45;5;75;75114;2;4;1;3;ECHANGEUR ORLEANS;48,8208300000;2,3217210000
202200049556;29;11;2022;08:00;1;13;13210;2;1;1;3;ROMAIN ROLLAND (BOULEVARD);43,2769500000;5,4191500000
202200049557;29;11;2022;07:30;2;13;13212;2;1;2;6;COMTESSE (BOULEVARD DE LA);43,3191293387;5,4472484540
202200049558;5;7;2022;14:55;1;75;75118;2;1;1;2;PORTE DE CLIGNANCOURT;48,9008680000;2,3426450000
202200049559;5;7;2022;11:30;1;75;75115;2;4;1;2;PORTE DE SEVRES;48,8353030000;2,2721510000
202200049560;28;11;2022;08:30;2;13;13212;2;4;2;3;COMTESSE (BOULEVARD DE LA);43,3130855623;5,4474476956
202200049561;6;7;2022;11:00;1;75;75116;2;1;1;7;ROUTE DES TRIBUNES;48,8546460000;2,2288660000
202200049562;5;7;2022;18:15;1;75;75114;2;1;1;6;RUE D ALESIA;48,8295480000;2,3219860000
202200049563;29;11;2022;08:00;1;13;13005;2;1;1;3;DELFIEU (AVENUE LOULOU);43,2926300000;5,5664400000
202200049564;8;7;2022;15:20;1;75;75105;2;2;1;6;RUE DES ECOLES;48,8499290000;2,3436560000
202200049565;29;11;2022;16:00;1;13;13001;2;1;1;6;GAMBETTA (COURS);43,5184800000;5,4634300000
202200049566;8;7;2022;12:34;1;75;75105;2;2;1;3;RUE DES FOSSES SAINT MARCEL;48,8396080000;2,3563080000
202200049567;29;11;2022;01:37;5;11;11069;2;1;1;6;55 Boulevard Jules Guesde;43,2082960457;2,3284471035
202200049568;28;11;2022;13:20;1;10;10333;1;1;8;7;;48,2692000000;4,0511300000
202200049569;6;7;2022;07:50;1;75;75113;2;2;1;3;BOULEVARD SAINT MARCEL;48,8383500000;2,3571110000
202200049570;28;11;2022;06:39;5;10;10333;2;6;1;3;ROBERT GALLEY (RUE);48,2896600000;4,0671100000
202200049571;10;7;2022;18:10;1;75;75119;2;4;1;3;RUE DE BELLEVILLE;48,8755400000;2,3992130000
202200049572;26;11;2022;10:55;1;06;06069;2;1;1;1;TETE DE LION (CHEMIN DE LA);43,6359000000;6,9167700000
202200049573;10;7;2022;07:07;1;75;75119;2;1;1;3;BOULEVARD MACDONALD;48,8987620000;2,3737200000
202200049574;29;11;2022;08:00;2;06;06069;2;6;2;7;CHASSEURS ALPINS (ROND-POINT);43,6503700000;6,9222100000
202200049575;7;7;2022;06:30;2;75;75119;2;3;1;6;AVENUE JEAN JAURES;48,8830970000;2,3714820000
202200049576;29;11;2022;10:05;1;94;94081;2;2;8;6;ANATOLE FRANCE (AV);48,8014700000;2,4024000000
202200049577;21;9;2022;20:19;2;44;44109;2;1;1;1;30 Boulevard Pasteur;47,2131060000; -1,5824400000
202200049578;21;9;2022;18:00;1;44;44109;2;1;7;3;151bis Route de Saint Joseph;47,2411350000; -1,5354440000
202200049579;9;7;2022;19:10;1;75;75118;2;3;1;3;AVENUE DE CLICHY;48,8845370000;2,3269600000
202200049580;21;9;2022;17:42;1;44;44109;2;1;1;1;11 Boulevard Gaston Doumergue;47,2080850000; -1,5451300000
202200049581;29;11;2022;18:20;4;75;75117;2;1;1;2;PORTE D ASNIERES;48,8896768504;2,2973603010
202200049582;6;7;2022;15:25;1;75;75118;2;1;1;2;BOULEVARD NEY;48,8978070000;2,3343580000
202200049583;21;9;2022;19:30;1;37;37261;2;6;1;6;MELIES (RUE GEORGES);47,4270300000;0,7081700000
202200049584;10;7;2022;19:40;1;75;75117;2;1;1;7;BOULEVARD PEREIRE;48,8824990000;2,2930070000
202200049585;28;11;2022;09:00;1;75;75115;2;1;1;4;PORTE DE SEVRES;48,8342560000;2,2758694000
202200049586;21;9;2022;13:45;1;37;37122;2;3;1;2;BORDEAUX (AVENUE DE);47,3567778244;0,6983157992
202200049587;27;11;2022;04:44;5;75;75108;2;2;2;6;BOULEVARD MALESHERBES;48,8783910000;2,3155550000
202200049588;9;7;2022;02:15;5;75;75117;2;3;1;3;RUE LECHAPELAIS;48,8862870000;2,3261560000
202200049589;21;9;2022;09:30;1;35;35238;2;4;1;3;VERN (DE);48,1018400000; -1,6599300000
202200049590;29;11;2022;17:10;5;75;75106;2;2;1;6;RUE DE RENNES;48,8515950000;2,3311230000
202200049591;21;9;2022;18:20;1;33;33075;2;1;1;2;Boulevard Jacques Chaban-Delmas;44,8771399760; -0,5779650807
202200049592;9;7;2022;02:40;5;75;75117;2;2;1;3;RUE JOUFFROY D ABBANS;48,8859710000;2,3095580000
202200049593;21;9;2022;12:50;1;33;33200;2;1;1;6;Avenue Pasteur;44,8749000000; -0,6792000000
202200049594;29;11;2022;10:15;1;75;75120;2;2;1;6;BOULEVARD DAVOUT;48,8534870000;2,4105330000
202200049595;21;9;2022;11:45;1;29;29019;2;1;1;6;rue de Penmarc'h;48,4056640000; -4,4608670000
202200049596;8;7;2022;07:15;1;75;75117;2;5;1;6;AVENUE DE LA PORTE D ASNIERES;48,8922670000;2,3010120000
202200049597;20;9;2022;07:35;2;29;29019;2;3;1;3;boulevard de l'Europe;48,4104600762; -4,5135800242
202200049598;29;11;2022;20:10;5;75;75119;2;2;1;3;RUE ARMAND CARREL;48,8828120000;2,3756590000
202200049599;29;11;2022;14:30;1;75;75117;2;3;1;6;AVENUE DE CLICHY;48,8849380000;2,3267940000
202200049600;7;7;2022;10:45;1;75;75117;2;2;1;6;RUE JOUFFROY D ABBANS;48,8859710000;2,3095580000
202200049601;21;9;2022;08:15;1;27;27299;2;1;7;3;INDUSTRIE (RUE DE L');49,0566200000;1,1671600000
202200049602;29;11;2022;06:30;2;75;75117;2;2;1;6;BOULEVARD BERTHIER;48,8864670281;2,2957684100
202200049603;21;9;2022;13:55;1;26;26198;1;3;1;2;ANDRE (Boulevard Charles);44,5261980000;4,7398450000
202200049604;29;11;2022;17:55;5;75;75112;2;3;1;6;BOULEVARD DE BERCY;48,8399630000;2,3823390000
202200049605;21;9;2022;19:20;2;22;22215;2;1;1;3;COUBERTIN (RUE PIERRE DE);48,4999000000; -2,7640200000
202200049606;6;7;2022;10:50;1;75;75117;2;4;1;3;AVENUE DE WAGRAM;48,8758560000;2,2965470000
202200049607;29;11;2022;13:37;1;75;75108;2;1;1;6;RUE VERNET;48,8720180000;2,2980320000
202200049608;20;9;2022;18:00;1;18;18279;1;1;1;2;;47,2132160000;2,1291400000
202200049609;6;7;2022;07:30;1;75;75117;2;2;1;3;AVENUE DE LA PORTE D ASNIERES;48,8910650000;2,3025350000
202200049610;21;9;2022;19:20;1;17;17415;1;6;1;2;GEMOZAC AVENUE DE;45,7198110000; -0,6443950000
202200049611;29;11;2022;09:15;1;75;75116;2;3;1;2;BOULEVARD SUCHET;48,8508841726;2,2604960203
202200049612;10;7;2022;19:50;2;75;75116;2;7;1;3;AVENUE DE LA GRANDE ARMEE;48,8740290000;2,2942430000
202200049613;21;9;2022;19:00;2;13;13209;2;1;1;4;MICHELET (BOULEVARD);43,2612912589;5,3976585588
202200049614;29;11;2022;08:50;1;94;94016;2;1;1;6;CARNOT (AV);48,7985523901;2,3271022389
202200049615;7;7;2022;23:40;5;75;75116;2;1;1;2;ALLEE DE LONGCHAMP;48,8649070000;2,2433190000
202200049616;21;9;2022;17:00;1;13;13216;2;3;1;3;ALBERT COHEN (RUE);43,3607000000;5,3370900000
202200049617;29;11;2022;21:05;5;94;94018;2;2;1;1;Quai des Carrieres / Pont de Charenton;48,8178269344;2,4195791781
202200049618;7;7;2022;17:40;1;75;75116;2;5;1;6;AVENUE KLEBER;48,8689870000;2,2915750000
202200049619;21;9;2022;12:20;1;13;13211;2;1;1;6;VALBARELLE (BOULEVARD DE LA );43,2885719874;5,4543149471
202200049620;7;7;2022;16:30;1;75;75116;2;1;1;3;ROUTE DE SEVRES A NEUILLY;48,8618220000;2,2373400000
202200049621;29;11;2022;08:00;1;94;94017;2;1;1;6;75 Avenue de la République;48,8225551802;2,5105013698
202200049622;17;2;2022;13:10;1;94;94017;2;1;1;6;20 Rue Jacques Richard;48,8140378678;2,5158973038
202200049623;18;9;2022;17:20;1;13;13209;2;3;1;2;ROMAIN ROLLAND (BOULEVARD);43,2700000000;5,4100000000
202200049624;7;7;2022;09:46;1;75;75116;2;1;1;3;AVENUE PRUDHON;48,8591000000;2,2692030000
202200049625;17;2;2022;17:20;1;93;93066;2;1;1;6;FRANCE ANATOLE (BOULEVARD) NR 2 A 24;48,9196101622;2,3433416312
202200049626;28;11;2022;19:10;5;93;93066;2;1;1;2;Avenue du Président Wilson;48,9147400000;2,3581200000
202200049627;21;9;2022;11:15;1;13;13063;2;1;1;3;NORD AVENUE DU;43,5997600000;5,0066700000
202200049628;5;7;2022;20:00;1;75;75116;2;7;1;3;AVENUE DE VERSAILLES;48,8512820000;2,2784130000
202200049629;17;2;2022;15:21;1;93;93031;2;2;1;2;Rue Claude Debussy / Avenue de la République;48,9473800000;2,3425800000
202200049630;21;9;2022;09:15;1;13;13001;2;9;1;3;LOQUI (ROUTE DE);43,5078400000;5,3844000000
202200049631;29;11;2022;17:40;2;93;93077;2;2;1;1;Rue Bernard Gante / Rue Robert Jumel;48,8898000000;2,5055000000
202200049632;5;7;2022;20:15;1;75;75116;2;1;1;3;ROUTE DES TRIBUNES;48,8604440000;2,2297140000
202200049633;17;2;2022;17:00;1;93;93005;2;9;1;3;CHARLES GOUPPY (RUE);48,9420226871;2,4976927015
202200049634;6;9;2022;09:10;1;11;11262;2;9;1;3;;43,1929570000;2,9809940000
202200049635;29;11;2022;15:45;1;93;93053;2;1;1;6;Rue de la Chasse;48,8799490058;2,4600165346
202200049636;17;2;2022;19:20;5;92;92049;2;1;1;7;VERDIER AVENUE N°25 A 79;48,8158466390;2,3156988323
202200049637;9;7;2022;13:45;1;75;75115;2;2;1;3;RUE DE VAUGIRARD;48,8429910000;2,3127880000
202200049638;9;6;2022;07:30;1;13;13092;2;1;7;1;Rue Gambetta;43,5500680000;5,0330420000
202200049639;20;9;2022;10:10;1;11;11069;2;1;1;6;Avenue du Président Franklin Roosevelt ;43,2262900000;2,3317200000
202200049640;29;11;2022;09:55;1;93;93049;2;1;1;2;Avenue du Maréchal Foch - Place Jean Mermoz;48,8608630000;2,5094580000
202200049641;16;2;2022;18:35;5;92;92025;2;4;2;6;ROUGET DE L'ISLE (RUE);48,9192040000;2,2496380000
202200049642;9;6;2022;11:20;1;13;13022;1;1;1;1;route de la gineste;43,2251140000;5,5326250000
202200049643;29;11;2022;19:15;5;93;93048;2;1;1;1;Avenue Gabriel Péri;48,8570820000;2,4417810000
202200049644;16;2;2022;06:20;5;92;92025;2;9;2;3;PRESIDENT SALVADOR ALLENDE (RUE DU);48,9221826874;2,2354917973
202200049645;8;7;2022;20:30;1;75;75115;2;2;1;3;AVENUE EMILE ZOLA;48,8467010000;2,2888900000
202200049646;21;9;2022;08:47;1;06;06104;2;9;1;2;FOCH (AVENUE MARECHAL);43,7644600000;7,4818200000
202200049647;10;6;2022;18:30;1;13;13062;1;2;1;3;D8;43,4168770000;5,5173600000
202200049648;14;2;2022;19:00;3;22;22172;1;1;2;1;La Petite Motte;48,4991040000; -2,2282290000
202200049649;29;11;2022;09:40;1;93;93048;2;1;1;3;Rue de Stalingrad;48,8556200000;2,4461400000
202200049650;27;5;2022;17:25;1;57;57433;2;1;1;6;75 Grand Rue;49,2128770000;6,1594900000
202200049651;6;7;2022;14:00;1;75;75115;2;2;1;2;RUE VASCO DE GAMA;48,8378990000;2,2817810000
202200049652;20;9;2022;20:56;5;06;06027;2;3;1;3;ST LAURENT CHEMIN DE;43,6646800000;7,1720200000
202200049653;10;6;2022;15:20;1;03;03165;2;1;1;1;24 Place de l Eglise;46,0728550000;3,6683370000
202200049654;17;2;2022;18:30;5;972;97232;1;1;1;2;Grand Case;14,5715440000; -60,8643380000
202200049655;29;11;2022;08:55;1;93;93008;2;7;5;6;Place Saint Just / Avenue Edouard Vaillant;48,9058457408;2,4699337107
202200049656;1;6;2022;14:30;1;03;03286;1;1;7;7;D12;46,5392780000;3,4225900000
202200049657;6;7;2022;08:55;1;75;75115;2;2;1;3;BOULEVARD GENERAL MARTIAL VALIN;48,8370610000;2,2744510000
202200049658;14;2;2022;12:05;1;29;29183;1;1;3;6;N12;48,5704927999; -3,6132516837
202200049659;20;9;2022;16:53;1;06;06004;1;3;1;3;CISTES RUE ET CARREFOUR DES;43,6081680000;7,0747510000
202200049660;29;11;2022;00:25;5;92;92046;2;1;1;6;GABRIEL PERI;48,8192100000;2,3014600000
202200049661;20;9;2022;12:00;1;06;06004;2;1;1;7;ALPES AV.DES;43,5844800000;7,1075400000
202200049662;9;6;2022;20:55;2;74;74018;2;3;1;3;Route de Bonneville;46,0828420000;6,3656090000
202200049663;6;7;2022;01:00;5;75;75114;2;2;1;3;RUE DE L OUEST;48,8367570000;2,3207400000
202200049664;29;11;2022;13:29;1;92;92063;2;2;1;6;HUGO (AVENUE VICTOR);48,8842800000;2,1783700000
202200049665;17;2;2022;15:30;1;85;85215;2;3;1;3;RD 11;46,8480120000; -1,1750700000
202200049666;9;6;2022;16:25;1;38;38230;1;1;1;6;route departementale 522 la combe de Meyrie;45,5544790000;5,2735230000
202200049667;12;8;2022;23:16;5;972;97213;1;1;1;4;ROUTE DEPARTEMENTALE 15;14,6252296800; -61,0072599500
202200049668;21;9;2022;13:50;1;01;01289;1;2;1;3;SAINT ANDRE SUR VIEUX JONC (ALLEE DE);46,1697300000;5,1908400000
202200049669;28;11;2022;20:50;5;92;92063;2;1;1;6;MARGUERITES (RUE DES);48,8687700000;2,2074500000
202200049670;9;7;2022;13:50;1;75;75113;2;2;1;6;RUE DAMESME;48,8229460000;2,3554280000
202200049671;18;2;2022;06:30;3;44;44103;1;1;2;6;N171;47,3300500000; -2,1248400000
202200049672;13;8;2022;09:45;1;972;97209;1;1;1;6;BEAUSEJOUR JAMBETTE (ROUTE);14,6436200000; -61,0438000000
202200049673;10;6;2022;15:25;1;26;26377;1;1;1;6;D94;44,3205600000;5,0659000000
202200049674;17;2;2022;15:46;1;66;66021;2;6;1;2;rond point des moissons;42,7265550000;2,9466320000
202200049675;9;7;2022;03:00;5;75;75113;2;3;1;6;BOULEVARD DE L HOPITAL;48,8357010000;2,3586490000
202200049676;29;11;2022;21:36;5;92;92049;2;2;1;6;VERDIER AVENUE N°25 A 79;48,8161800000;2,3060500000
202200049677;21;9;2022;07:25;2;75;75120;2;1;1;5;RUE DES PYRENEES;48,8727500000;2,3908310000
202200049678;13;8;2022;21:50;5;2B;2B033;1;1;1;2;SAMPIERO CORSO - AV;42,6729700000;9,4442800000
202200049679;9;6;2022;07:30;1;26;26197;2;3;1;3;Avenue de Provence;44,9391720000;5,0278120000
202200049680;8;7;2022;03:30;5;75;75113;2;4;1;6;PORTE D ITALIE;48,8164230000;2,3601550000