Num_Acc;jour;mois;an;hrmn;lum;dep;com;agg;int;atm;col;adr;lat;long
202200049681;29;11;2022;18:30;5;92;92048;2;7;1;3;STALINGRAD (PLACE);48,8147800000;2,2342400000
202200049682;17;2;2022;16:45;1;04;04205;2;1;1;6;RD 207 (Place d'armes);44,3527160000;6,3571570000
202200049683;13;8;2022;19:10;1;91;91100;2;1;1;3;RUE DE LA LONGUERAIE;48,4312000000;2,2624000000
202200049684;9;6;2022;11:30;1;32;32331;1;1;1;6;rn21;43,7318887947;0,6226452042
202200049685;21;9;2022;19:35;2;75;75119;2;1;1;1;QUAI DE LA GIRONDE;48,8977910000;2,3823610000
202200049686;29;11;2022;08:25;1;92;92032;2;1;1;6;JAURES JEAN (RUE);48,7910190000;2,2859270000
202200049687;18;2;2022;20:30;3;95;95026;1;6;1;6;RD 922;49,1383344885;2,3562079668
202200049688;7;7;2022;14:40;1;75;75113;2;3;1;6;AVENUE D IVRY;48,8233170000;2,3656810000
202200049689;13;8;2022;08:55;1;91;91191;2;1;1;6;Jean Jaures (Avenue);48,7147700000;2,4604200000
202200049690;9;6;2022;19:30;1;60;60133;1;1;1;3;Rue de Beauvais;49,5150120000;2,3651930000
202200049691;6;7;2022;14:50;1;75;75113;2;1;1;7;AVENUE D ITALIE;48,8289810000;2,3563960000
202200049692;21;9;2022;12:00;1;75;75119;2;3;1;3;AVENUE CORENTIN CARIOU;48,8951310000;2,3827540000
202200049693;7;11;2022;16:45;2;92;92012;2;3;1;3;QUATRE SEPTEMBRE (QUAI DU);48,8528113871;2,2264695168
202200049694;13;8;2022;19:09;1;83;83062;1;3;1;6;GANCE (AVENUE ABEL);43,1190900000;5,9948900000
202200049695;5;7;2022;23:35;5;75;75113;2;1;1;6;AVENUE DE FRANCE;48,8328770000;2,3743790000
202200049696;18;2;2022;00:21;3;74;74236;1;1;1;6;Route de Megève;45,8938350000;6,6928090000
202200049697;28;11;2022;21:20;5;92;92004;2;1;1;3;ARGENTEUIL AV D';48,9159091258;2,2825008630
202200049698;9;6;2022;16:10;1;13;13211;2;1;1;4;A50 sens Marseille-Aubagne;43,2863175679;5,5087664723
202200049699;21;9;2022;13:30;1;75;75118;2;4;1;6;RUE ORDENER;48,8908900000;2,3532050000
202200049700;13;8;2022;10:30;1;83;83137;2;1;1;6;GANTELME (AVE CHARLES);43,1416682445;5,8922671974
202200049701;17;2;2022;13:15;1;11;11206;2;1;1;6;Route de Carcassonne;43,0549190000;2,2129990000
202200049702;27;11;2022;20:35;5;92;92004;1;1;1;7;ARGENTEUIL AV D';48,9101200000;2,2860400000
202200049703;9;7;2022;19:30;1;75;75112;2;2;1;3;BOULEVARD PONIATOWSKI;48,8333430000;2,4022640000
202200049704;27;11;2022;20:30;5;92;92004;1;1;2;7;COLOMBES (RUE DE 1 A 29);48,9130096479;2,2832706570
202200049705;9;6;2022;22:19;5;33;33013;1;1;1;4;ROUTE NATIONALE 230;44,8558200000; -0,5051200000
202200049706;21;9;2022;20:00;2;75;75117;2;3;1;3;RUE DE TOCQUEVILLE;48,8866830000;2,3086270000
202200049707;13;8;2022;22:25;5;83;83009;2;1;1;6;ONZE NOVEMBRE 1945 (AV DU);43,1371900000;5,7522600000
202200049708;6;2;2022;18:50;3;61;61486;1;1;3;1;D 924;48,7650470000; -0,6997400000
202200049709;8;7;2022;11:30;1;75;75112;2;7;1;3;RUE DU FAUBOURG SAINT ANTOINE;48,8485210000;2,3950020000
202200049710;9;6;2022;02:40;3;33;33003;1;1;1;3;AUTOROUTE A 10;44,9238850000; -0,4736960000
202200049711;25;11;2022;19:50;5;92;92004;2;1;1;3;PIERRE BOUDOU;48,9158100000;2,3083600000
202200049712;21;9;2022;17:55;1;75;75117;2;3;1;6;RUE DE TOCQUEVILLE;48,8868680000;2,3083370000
202200049713;18;2;2022;16:00;1;34;34080;1;1;1;1;D908;43,5798230000;3,0239550000
202200049714;3;6;2022;18:00;1;59;59009;1;1;1;7;ROUTE NATIONALE 227;50,6143017819;3,1352049708
202200049715;28;11;2022;07:25;5;92;92004;2;2;1;1;MARNE   ( AVENUE DE LA );48,9069439792;2,2824048400
202200049716;21;9;2022;00:05;5;75;75117;2;4;1;7;AVENUE MAC MAHON;48,8773370000;2,2944930000
202200049717;8;7;2022;04:45;5;75;75112;2;6;1;3;CARREFOUR DE LA FERME DE LA FAISANDERIE;48,8237960000;2,4576770000
202200049718;9;6;2022;14:00;1;95;95277;1;1;1;6; A104;48,9742500000;2,4912600000
202200049719;16;2;2022;17:00;1;39;39368;2;3;2;1;;46,5105620000;6,0294660000
202200049720;12;8;2022;21:00;2;77;77083;2;3;1;5;AMPERE (AVENUE);48,8417500000;2,5839700000
202200049721;30;11;2022;05:57;3;51;51567;1;1;5;3;N4;48,6869440000;4,7307710000
202200049722;9;6;2022;06:50;1;93;93078;1;1;1;3;AUTOROUTE A104;48,9588647959;2,5347930193
202200049723;21;9;2022;16:50;1;75;75116;2;4;1;2;BOULEVARD LANNES;48,8645220000;2,2698140000
202200049724;6;7;2022;13:45;1;75;75112;2;4;1;3;QUAI DE LA RAPEE;48,8435510000;2,3705460000
202200049725;30;11;2022;09:00;1;06;06031;1;1;1;7;410 Chemin de Tardieu;43,7714918387;7,3291897774
202200049726;17;2;2022;17:30;1;25;25200;1;1;1;1;D108;47,3222140000;6,0036210000
202200049727;9;6;2022;07:30;1;95;95256;1;1;1;2;RN 184;49,0558500000;2,2036600000
202200049728;21;9;2022;12:20;1;75;75116;2;5;1;3;AVENUE DE LA GRANDE ARMEE;48,8761910000;2,2871670000
202200049729;5;7;2022;15:20;1;75;75112;2;1;1;3;RUE DE CHARENTON;48,8444370000;2,3839290000
202200049730;13;8;2022;08:20;1;69;69266;2;3;1;6;Rue Edouard Vaillant;45,7773100000;4,8797400000
202200049731;30;11;2022;02:05;3;84;84043;1;1;1;5;RD 942;44,0085430000;4,9419810000
202200049732;13;2;2022;23:00;3;44;44212;1;1;3;6;N249;47,1534700000; -1,2013160000
202200049733;9;6;2022;06:15;2;93;93064;1;1;1;2;AUTOROUTE A3;48,8849754641;2,4713546326
202200049734;10;7;2022;05:10;3;75;75111;2;2;1;6;BOULEVARD RICHARD LENOIR;48,8554570000;2,3704840000
202200049735;20;9;2022;15:45;1;75;75116;2;3;1;6;AVENUE DE NEW YORK;48,8633430000;2,2963250000
202200049736;9;6;2022;06:12;1;95;95252;1;1;1;7;A15;48,9859461268;2,2120660543
202200049737;18;2;2022;01:35;5;38;38297;1;1;1;6;Route de Concharbin;45,7143680000;5,4593250000
202200049738;29;11;2022;16:50;2;35;35125;2;1;1;6;Place du Champ de Foire;47,9420170000; -1,2330810000
202200049739;13;8;2022;12:00;1;69;69259;2;1;1;3;Avenue Jean Cagne;45,6976300000;4,8699800000
202200049740;21;9;2022;09:15;1;75;75115;2;1;1;6;BOULEVARD LEFEBVRE;48,8301220000;2,2950230000
202200049741;9;7;2022;08:05;1;75;75111;2;2;1;3;AVENUE PHILIPPE AUGUSTE;48,8506720000;2,3944950000
202200049742;17;2;2022;17:50;2;03;03048;2;4;3;1;8 rue de la croix blanche;46,6183010000;2,8241010000
202200049743;29;11;2022;15:15;1;971;97132;1;1;1;1;RN1;15,9953460000; -61,6379140000
202200049744;8;7;2022;00:45;5;75;75111;2;1;1;3;RUE DU CHEMIN VERT;48,8600040000;2,3776630000
202200049745;17;2;2022;17:55;2;01;01363;2;1;1;1;630 Route de Bourg;46,0295570000;5,3796160000
202200049746;29;11;2022;08:00;2;59;59056;2;1;5;6;Ruelle du Cristal;50,6072281212;2,9099822044
202200049747;8;6;2022;09:04;1;95;95572;1;1;2;4;RN 184;49,0471558506;2,1316212416
202200049748;20;9;2022;21:00;5;75;75114;2;2;1;3;RUE DIDOT;48,8287380000;2,3165820000
202200049749;13;8;2022;10:00;1;69;69199;2;2;7;6;Avenue Gabriel Péri;45,7076100000;4,8551700000
202200049750;16;2;2022;10:40;1;24;24520;2;3;2;6;Rue Lachambeaudie;44,8945260000;1,2155130000
202200049751;21;9;2022;16:15;1;75;75113;2;1;1;6;RUE BOBILLOT;48,8234300000;2,3479350000
202200049752;17;2;2022;21:05;3;85;85004;1;1;2;7;D747;46,4170200000; -1,3895400000
202200049753;7;7;2022;00:51;5;75;75112;2;2;1;3;QUAI DE BERCY;48,8335140000;2,3821030000
202200049754;9;6;2022;18:50;1;94;94028;1;1;1;6;A86 EXT;48,7916209426;2,4409774263
202200049755;12;8;2022;09:15;1;68;68066;2;3;1;3;REUBELL (RUE);48,0721000000;7,3585700000
202200049756;21;9;2022;12:30;1;75;75113;2;1;1;3;BD PERIPHERIQUE EXTERIEUR;48,8171990000;2,3490380000
202200049757;29;11;2022;15:15;1;85;85109;2;1;1;1;Rue Monseigneur MASSE;46,8496810000; -1,0038110000
202200049758;18;2;2022;18:00;1;85;85146;2;6;1;2;Rue des Grands Moulins;46,9432820000; -1,2876320000
202200049759;8;7;2022;17:15;1;75;75110;2;5;1;6;RUE DU FAUBOURG POISSONNIERE;48,8796880000;2,3495290000
202200049760;13;8;2022;08:00;1;64;64249;2;1;1;3;GETARIA(AVENUE);43,4218900000; -1,6048800000
202200049761;9;6;2022;15:00;1;94;94028;1;1;1;6;A86 INT;48,7861420858;2,4400137912
202200049762;7;2;2022;07:40;1;27;27112;2;3;1;6;Rue Sauve Qui Peut;48,8418600000;0,9035340000
202200049763;21;11;2022;08:50;1;30;30202;2;2;1;1;Boulevard Gambetta;44,2546880000;4,6480190000
202200049764;21;9;2022;09:00;1;75;75111;2;2;1;3;AVENUE DE LA REPUBLIQUE;48,8661970000;2,3696700000
202200049765;7;7;2022;13:30;1;75;75110;2;4;1;2;BOULEVARD DE MAGENTA;48,8755510000;2,3567150000
202200049766;13;8;2022;20:20;1;59;59599;2;3;1;6;LEVANT (RUE DU);50,7220126546;3,1770004705
202200049767;9;6;2022;08:30;1;77;77258;1;1;1;2;A4.Y;48,8300970000;2,6254260000
202200049768;17;2;2022;11:00;1;23;23120;1;1;2;6;La Loge;46,3472380000;2,1567580000
202200049769;29;11;2022;05:30;3;67;67099;1;1;2;3;D800;48,9475050000;7,1387100000
202200049770;10;7;2022;19:30;1;75;75109;2;1;1;6;RUE DE MOGADOR;48,8734390000;2,3311910000
202200049771;21;9;2022;18:30;1;75;75110;2;2;1;6;BOULEVARD SAINT DENIS;48,8693220000;2,3542660000
202200049772;8;6;2022;22:35;3;94;94069;1;1;1;2;A4;48,8171389327;2,4422619339
202200049773;13;8;2022;11:50;1;56;56162;2;3;1;3;1 Rue Abbe Morio;47,7271680000; -3,4330180000
202200049774;7;7;2022;13:15;1;75;75108;2;1;1;7;COURS ALBERT 1ER;48,8648860000;2,3083850000
202200049775;18;2;2022;07:10;1;13;13010;1;1;1;7;D 402;43,8986460000;4,7015960000
202200049776;29;11;2022;14:35;1;76;76355;1;1;1;1;Rue Paul Cauchy;49,7017970000;0,7034090000
202200049777;21;9;2022;13:45;1;75;75109;2;7;1;3;RUE SAINT LAZARE;48,8767040000;2,3323240000
202200049778;18;2;2022;06:44;3;52;52162;1;1;8;7;D35;47,9613070000;5,5962790000
202200049779;29;11;2022;14:00;1;76;76400;2;1;1;6;Rue du General de Gaulle;49,8284830000;0,9124530000
202200049780;12;8;2022;21:23;3;45;45004;2;1;1;6;D163 PR 6 + 200;47,9844700000;2,8219000000
202200049781;8;7;2022;01:45;5;75;75108;2;2;1;3;RUE FRANCOIS 1ER;48,8686520000;2,3037070000
202200049782;8;6;2022;17:30;1;77;77373;1;1;1;5;RN104;48,7786000000;2,6149200000
202200049783;29;11;2022;19:00;3;80;80143;1;1;5;7;D96a;49,8540530000;1,8206570000
202200049784;21;9;2022;11:50;1;75;75108;2;2;1;1;RUE TRONCHET;48,8737770000;2,3270250000
202200049785;18;2;2022;08:10;1;13;13044;2;1;1;2;Route départemental 19;43,5992430000;5,0839180000
202200049786;13;8;2022;13:25;1;37;37214;2;9;1;6;SAINT CYR (QUAI DE);47,3969584479;0,6634229422
202200049787;7;7;2022;08:50;1;75;75108;2;7;1;7;PLACE DE LA MADELEINE;48,8692930000;2,3239270000
202200049788;8;6;2022;11:45;1;94;94044;1;1;8;7;RN406.Y;48,7580093028;2,4707581809
202200049789;17;2;2022;12:30;1;987;98714;1;1;1;7;quartier povai; -16,4954170000; -151,7388890000
202200049790;21;9;2022;09:45;1;75;75108;2;2;1;6;RUE PIERRE CHARRON;48,8705180000;2,3052490000
202200049791;13;8;2022;18:00;1;35;35051;2;6;1;6;Boulevard des Alliés;48,1076100000; -1,6158600000
202200049792;7;7;2022;09:34;1;75;75108;2;3;1;6;BOULEVARD HAUSSMANN;48,8752380000;2,3143520000
202200049793;17;2;2022;09:30;1;987;98729;1;1;1;1;RT 91 - VARARI; -17,5382330000; -149,9007650000
202200049794;30;11;2022;19:15;3;89;89096;1;1;1;4;D80;47,8893850000;3,5625100000
202200049795;7;6;2022;23:10;5;92;92078;2;9;1;6;VERDUN (AVENUE) (IMPAIRS JJAURES>A86);48,9348420000;2,3207460000
202200049796;21;9;2022;07:00;5;75;75108;2;2;1;2;RUE D AMSTERDAM;48,8755440000;2,3266640000
202200049797;29;11;2022;21:00;3;61;61480;1;1;5;6;La Verrerie du Gast;48,5584820000;0,0355180000
202200049798;17;2;2022;16:06;1;28;28096;2;6;1;3;10 Rue des Yvelines;48,8827480000;1,4792490000
202200049799;8;7;2022;17:20;1;75;75114;2;4;1;3;AVENUE DU MAINE;48,8340410000;2,3243330000
202200049800;13;8;2022;20:25;2;33;33529;2;6;8;3;GRAILLY (RUE JEAN DE) DU 02 ET +;44,6266800000; -1,1415800000
202200049801;7;6;2022;09:35;1;42;42184;2;1;1;6;Rue de Saint-Romain;46,0427480000;4,0468040000
202200049802;21;9;2022;21:30;5;75;75104;2;7;1;6;PLACE SAINT GERVAIS;48,8560290000;2,3532350000
202200049803;16;2;2022;15:00;1;78;78366;1;1;1;3;RN 12 PK 41;48,7961500000;1,8681050000
202200049804;10;7;2022;12:10;1;75;75102;2;3;1;6;RUE DU CROISSANT;48,8691440000;2,3431770000
202200049805;7;6;2022;12:45;1;75;75116;2;1;1;6;RUE WILHEM;48,8461797720;2,2708627582
202200049806;12;8;2022;13:18;1;29;29232;2;1;1;5;Saint Herbot;48,0230800000; -4,0845800000
202200049807;14;2;2022;18:20;5;66;66172;2;6;1;6;D1;42,7259170000;2,8508290000
202200049808;29;11;2022;07:40;2;49;49248;1;1;1;5;D775;47,7289900000; -1,0908220000
202200049809;20;9;2022;00:30;5;75;75103;2;2;1;3;BOULEVARD DE SEBASTOPOL;48,8693310000;2,3542630000
202200049810;8;7;2022;20:05;1;75;75104;2;3;1;2;BOULEVARD BOURDON;48,8493270000;2,3665730000
202200049811;6;6;2022;14:15;1;13;13108;2;1;1;6;VICTOR HUGO (BOULEVARD);43,8032571516;4,6596946594
202200049812;18;2;2022;07:55;2;11;11076;1;1;5;1;RD 624;43,3290960000;1,9516130000
202200049813;8;7;2022;20:30;1;75;75101;2;1;1;6;BOULEVARD DE SEBASTOPOL;48,8591740000;2,3485890000
202200049814;24;10;2022;08:30;1;75;75119;2;1;1;3;BOULEVARD MACDONALD;48,8976200000;2,3890640000
202200049815;23;11;2022;16:15;1;03;03052;1;2;2;3;D37;46,3215040000;2,7218840000
202200049816;20;9;2022;13:40;1;75;75104;2;3;1;6;QUAI DE GESVRES;48,8565220000;2,3494820000
202200049817;28;5;2022;18:15;1;42;42218;2;1;1;6;Rue de la Visitation;45,4507000000;4,3796100000
202200049818;8;7;2022;10:00;1;75;75101;2;1;1;7;SOUTERRAIN LEMONNIER;48,8625860000;2,3312610000
202200049819;13;8;2022;02:29;5;17;17200;2;1;1;7;ROSE AVENUE DU FIEF;46,1749000000; -1,1667700000
202200049820;17;2;2022;15:20;1;21;21585;1;1;1;2;Départementale 109 F;47,2021650506;5,0821766852
202200049821;30;11;2022;07:20;2;01;01266;1;1;1;2;Route de Macon;46,3320710000;5,1093400000
202200049822;20;9;2022;12:45;1;75;75103;2;4;1;6;BOULEVARD DU TEMPLE;48,8645550000;2,3658100000
202200049823;13;2;2022;06:45;3;14;14762;1;1;1;3;D512;48,8392190000; -0,8576900000
202200049824;24;10;2022;07:52;1;974;97416;2;1;1;3;DELISLES (ROUTE HUBERT) CD3; -21,3187900000;55,5486100000
202200049825;7;7;2022;23:40;5;75;75101;2;1;1;2;QUAI DES TUILERIES;48,8612600000;2,3288370000
202200049826;13;8;2022;07:50;1;13;13054;2;3;7;1;MARCEL DASSAULT (RUE );43,4156100000;5,2167000000
202200049827;18;2;2022;14:00;1;21;21699;1;1;1;1;D905;47,1978947972;5,3640489577
202200049828;30;11;2022;17:00;1;60;60155;1;1;5;7;D929;49,2681370000;2,3508470000
202200049829;24;10;2022;13:20;1;974;97407;2;1;2;7;BOSSE (RUE); -20,9355100000;55,2882400000
202200049830;3;4;2022;13:45;1;69;69386;2;1;1;7;1 Quai Général Sarrail;45,7676414217;4,8412182927
202200049831;20;9;2022;07:40;2;75;75109;2;2;8;6;BOULEVARD POISSONNIERE;48,8714890000;2,3430650000
202200049832;17;2;2022;17:50;1;68;68368;1;1;1;3;D417;48,0431080000;7,1980030000
202200049833;30;11;2022;02:43;3;24;24038;1;1;5;6;351 Route Aliénor d'Aquitaine;45,2878520000;0,3499590000
202200049834;13;8;2022;05:00;5;13;13203;2;2;1;3;NATIONAL (BOULEVARD);43,3078400000;5,3816000000
202200049835;10;7;2022;17:37;1;94;94081;1;1;1;2;BRETELLE A86;48,7735500000;2,4040700000
202200049836;9;4;2022;04:55;3;31;31555;2;1;8;6;A621 (SEPT DENIERS-ANCELY);43,6219300000;1,4020000000
202200049837;20;9;2022;20:30;5;94;94067;2;1;1;6;Avenue du Général de Gaulle;48,8409800000;2,4175900000
202200049838;29;11;2022;20:42;3;24;24199;1;1;5;6;D708;45,4173610000;0,4019560000
202200049839;22;10;2022;22:10;5;973;97302;2;2;1;2;MONTABO (ROUTE DE) 1;4,9443800000; -52,3098400000
202200049840;18;2;2022;19:25;5;74;74211;2;1;1;1;route de la roche sur foron;46,1092130000;6,2755320000
202200049841;13;8;2022;12:45;1;13;13202;2;1;1;6;FAUCHIER (RUE);43,3034700000;5,3685700000
202200049842;10;7;2022;15:25;1;94;94081;2;1;1;6;COLONEL FABIEN (AV DU);48,7828300000;2,3807700000
202200049843;8;6;2022;08:00;1;976;97611;2;1;1;6;cavani-Baobab (ront point ); -12,7851000000;45,2250600000
202200049844;30;11;2022;08:00;2;24;24346;2;1;5;1;D83;45,4236590000;0,7033500000
202200049845;20;9;2022;16:15;1;94;94068;2;1;8;3;MAURICE BERTEAUX (BD);48,8116200000;2,4687600000
202200049846;18;2;2022;15:25;1;42;42147;2;1;1;6;Boulevard de la Madeleine;45,6113240000;4,0646810000
202200049847;24;10;2022;19:45;5;69;69383;2;2;1;3;Rue Villeroy;45,7560292554;4,8464874923
202200049848;9;7;2022;18:29;1;94;94081;2;1;1;2;EUGENE PELLETAN (AV);48,7936550000;2,3854710000
202200049849;13;8;2022;13:00;1;13;13209;2;3;1;3;LUDOVIC LEGRE (AVENUE);43,2501100000;5,3959700000
202200049850;8;6;2022;08:30;1;974;97416;1;1;1;2;RN3 (2); -21,3170030000;55,4907780000
202200049851;21;9;2022;18:40;1;94;94021;2;1;1;3;GEORGES GUYNEMER (AV);48,7655580000;2,3382210000
202200049852;30;11;2022;13:00;1;24;24259;1;1;1;1;D4e3;44,9359600000;0,4774550000
202200049853;18;2;2022;12:15;1;07;07324;2;1;1;7;RD 86;45,0677050000;4,8347510000
202200049854;24;10;2022;03:25;5;69;69388;2;2;1;7;Rue Professeur Beauvisage;45,7315700000;4,8738700000
202200049855;13;8;2022;07:30;1;13;13209;2;1;1;1;COLGATE (TRAVERSE);43,2335167908;5,4059297979
202200049856;10;7;2022;01:20;5;94;94078;2;2;1;1;HUIT MAI 1945 (AV DU);48,7277200000;2,4454700000
202200049857;16;2;2022;14:40;1;62;62901;1;1;3;7;1 Le Long du Canal;50,6715881071;2,4082266390
202200049858;7;6;2022;07:40;1;974;97411;2;2;1;6;GARROS (ROLAND); -20,8819300000;55,4539500000
202200049859;29;11;2022;14:00;1;85;85234;1;3;1;3;Route de challans;46,8049070000; -2,0267840000
202200049860;21;9;2022;18:20;1;94;94022;2;1;1;2;Avenue de la République;48,7609579349;2,4076259490
202200049861;24;10;2022;08:55;1;972;97213;1;1;1;4;ROUTE NATIONALE 6;14,6211250000; -60,9907550000
202200049862;29;11;2022;04:35;5;60;60081;1;1;5;6;Autoroute A16- Aire de repos du chene Peuquet;49,4635815970;2,1567642688
202200049863;15;2;2022;00:08;5;59;59449;2;1;1;6;Cd 938;50,4760790000;3,2369360000
202200049864;7;6;2022;09:10;1;973;97302;1;3;1;3;TROUBIRAN (CHEMIN DE);4,9212500000; -52,3040000000
202200049865;21;9;2022;09:20;1;94;94017;2;1;1;3;Avenue de la République;48,8219960000;2,5106740000
202200049866;6;7;2022;19:50;1;94;94044;2;9;1;2;TERTRE (R DU);48,7486500000;2,5007300000
202200049867;13;8;2022;13:45;1;13;13047;1;1;1;3;RN 1589 LA TRANSHUMANCE;43,5430800000;4,9557100000
202200049868;24;10;2022;23:00;5;69;69385;2;1;1;6;Montée du Chemin Neuf;45,7610600000;4,8251100000
202200049869;17;2;2022;13:26;1;59;59312;1;1;6;6;D16;50,0317420000;3,2100680000
202200049870;22;11;2022;07:40;2;35;35206;1;1;5;5;la Touche;48,0488000000; -1,6415070000
202200049871;8;7;2022;09:30;1;94;94068;2;1;1;3;FOCH (AV);48,8020000000;2,4909000000
202200049872;7;6;2022;10:22;1;973;97302;2;1;1;3;MANDELA  (BOULEVARD);4,9382300000; -52,3262000000
202200049873;21;9;2022;08:50;1;94;94071;2;1;1;4;1 Rue de Paris;48,7731200000;2,4982700000
202200049874;22;10;2022;21:20;5;971;97101;1;1;1;3;ALBERT LEOGANE - TERRASSON (RUE);16,2366751395; -61,5127462149
202200049875;17;2;2022;19:20;3;91;91161;1;1;1;2;AUTOROUTE A6;48,6951100000;2,3186600000
202200049876;12;8;2022;16:40;1;75;75120;2;4;1;4;PORTE DE MONTREUIL;48,8614515766;2,4139505625
202200049877;29;11;2022;16:20;1;82;82169;1;1;1;2;autoroute 62, pk 160+800;44,0435810000;0,9993160000
202200049878;6;7;2022;12:00;1;94;94068;2;1;1;1;BONNEUIL (AV DE);48,7887300000;2,5016100000
202200049879;8;6;2022;18:00;1;69;69259;2;3;2;6;Avenue du Docteur Georges Lévy;45,7193100000;4,8545100000
202200049880;24;10;2022;20:20;5;95;95268;2;1;1;4;Avenue du 8 Mai 1945;48,9744801432;2,4087712169
202200049881;21;9;2022;10:00;1;93;93059;2;2;1;6;Boulevard Jean Mermoz / Boulevard Pasteur;48,9657400000;2,3636300000
202200049882;17;2;2022;15:01;1;91;91174;1;1;1;7;RN 104;48,6116200000;2,4480000000
202200049883;12;8;2022;23:09;5;75;75114;2;2;1;3;RUE RAYMOND LOSSERAND;48,8339570000;2,3181280000
202200049884;8;6;2022;18:15;1;69;69383;2;1;3;6;Rue Viala;45,7438983217;4,8855204778
202200049885;10;7;2022;20:00;1;94;94042;2;5;1;3;CHAPSAL (R);48,8202000000;2,4671670000
202200049886;30;11;2022;05:53;3;68;68135;1;1;1;2;autoroute A35;47,5924640000;7,5445710000
202200049887;21;9;2022;10:23;1;93;93070;2;1;1;3;Rue la Clef des Champs;48,9149000000;2,3304400000
202200049888;24;10;2022;23:00;3;95;95127;1;1;1;5;RN 14;49,0555700000;2,0503000000
202200049889;8;6;2022;07:50;1;972;97213;1;1;1;2;AUTOROUTE A1;14,6183400000; -61,0293400000
202200049890;11;8;2022;19:45;2;75;75119;2;3;1;7;RUE BOTZARIS;48,8793100000;2,3843520000
202200049891;17;2;2022;16:35;1;91;91064;1;1;1;4;RN 118;48,7433700000;2,1892000000
202200049892;8;7;2022;10:30;1;94;94058;2;1;1;3;ALSACE LORRAINE (BD D);48,8490900000;2,4959500000
202200049893;21;9;2022;10:10;1;93;93066;2;1;1;6;Rue Guynemer;48,9475851690;2,3599530011
202200049894;7;6;2022;17:56;1;972;97209;2;9;1;6;BALATA (ROUTE DE);14,6404500000; -61,0745600000
202200049895;13;8;2022;13:05;1;75;75118;2;1;1;6;RUE MARCADET;48,8923780000;2,3309090000
202200049896;24;10;2022;19:22;5;91;91326;2;2;1;1;BD ARISTIDE BRIAND;48,6929500000;2,3647600000
202200049897;17;2;2022;10:10;1;91;91064;1;1;1;2;RN 118;48,7705400000;2,2291700000
202200049898;8;7;2022;15:05;1;94;94046;2;1;1;3;GENERAL DE GAULLE (AV DU);48,8070000000;2,4259000000
202200049899;24;11;2022;18:20;3;34;34270;1;1;1;3;Autoroute A709 PK 18 + 000  Sens Nord / Sud;43,5705600000;3,8573300000
202200049900;13;8;2022;19:10;1;75;75117;2;1;1;3;BOULEVARD DE DOUAUMONT;48,8942870000;2,3046430000
202200049901;20;9;2022;10:00;1;93;93066;2;3;1;3;Avenue du Président Wilson / Rue Francis de Pressensé;48,9181852156;2,3578873509
202200049902;22;10;2022;10:47;1;87;87085;2;1;1;6;LANDOUGE (AVENUE DE);45,8401500000;1,2018300000
202200049903;8;6;2022;17:30;1;69;69381;2;2;3;3;3 Quai Jean Moulin;45,7677700000;4,8378900000
202200049904;5;7;2022;09:10;1;94;94046;2;7;1;3;1 Avenue Gambetta;48,8100700000;2,4328600000
202200049905;16;2;2022;21:20;5;91;91377;1;1;1;3;RN20;48,7190000000;2,2980000000
202200049906;26;11;2022;22:38;5;971;97103;1;1;1;2;nationale 1;16,2430550000; -61,5884540000
202200049907;7;8;2022;02:30;5;75;75117;2;2;1;7;BOULEVARD DES BATIGNOLLES;48,8829840000;2,3241250000
202200049908;9;7;2022;00:30;5;94;94016;2;9;1;6;EUROPE (AV DE L);48,7860200000;2,3272500000
202200049909;17;2;2022;09:30;1;78;78640;1;1;1;7;N118;48,7731330000;2,2251090000
202200049910;21;9;2022;08:30;1;93;93051;2;2;1;3;Route de Neuilly / Rue Pierre Brossolette;48,8469900000;2,5403500000
202200049911;22;10;2022;23:00;5;85;85194;2;2;1;3;Rue des grands riaux;46,5018700000; -1,7592200000
202200049912;8;6;2022;07:25;1;69;69384;2;1;1;3;Montée de la Boucle;45,7798200000;4,8406200000
202200049913;8;7;2022;00:00;5;94;94043;2;1;1;2;FONTAINEBLEAU (AV DE);48,8126500000;2,3615000000
202200049914;12;8;2022;04:15;5;75;75116;2;1;1;3;BOULEVARD D AUTEUIL;48,8454540000;2,2537500000
202200049915;17;2;2022;16:55;1;95;95256;1;1;1;2;RN 184;49,0573800000;2,2078200000
202200049916;23;10;2022;09:50;1;83;83061;2;1;1;3;BOULEVARD DE LA MER;43,4232800000;6,7412700000
202200049917;21;9;2022;12:49;1;93;93048;2;2;1;3;Rue de la République / Rue Emile Zola;48,8529222237;2,4207281562
202200049918;27;11;2022;16:00;1;987;98733;2;1;1;1;pk 22.800 rt1; -17,6960000000; -149,5480000000
202200049919;8;6;2022;09:40;1;2B;2B033;2;3;1;3;IMPERIALE - ROUTE;42,6641600000;9,4363700000
202200049920;19;6;2022;17:45;1;73;73076;1;1;1;6;D914;45,6899630000;5,8551550000
202200049921;20;9;2022;20:10;5;93;93029;2;3;1;6;Rue Saint Stenay / Rue d’Estienne d’Orves;48,9197600000;2,4201900000
202200049922;6;7;2022;19:40;1;94;94076;2;1;1;2;PARIS (AV DE);48,8063400000;2,3636800000
202200049923;18;10;2022;17:20;1;78;78158;2;2;1;6;VERSAILLES (RUE DE);48,8191930000;2,1265580000
202200049924;12;8;2022;16:50;1;75;75114;2;1;1;3;BOULEVARD BRUNE;48,8252980000;2,3162600000
202200049925;27;11;2022;22:05;5;81;81140;2;6;1;6;Route du Pech;43,6898043996;1,8170077801