Num_Acc;jour;mois;an;hrmn;lum;dep;com;agg;int;atm;col;adr;lat;long
202200049926;17;2;2022;14:40;1;95;95572;1;1;1;2; A15;49,0302000000;2,1241600000
202200049927;29;11;2022;12:55;1;86;86055;1;1;8;6;D727;46,1883110000;0,4002340000
202200049928;24;10;2022;17:30;1;76;76540;2;2;1;3;Boulevard des Belges;49,4441100000;1,0854700000
202200049929;20;9;2022;23:32;5;93;93047;2;1;1;3;Boulevard Hardy;48,9030100000;2,5622000000
202200049930;13;8;2022;18:20;1;75;75110;2;1;1;6;BOULEVARD DE MAGENTA;48,8752580000;2,3569870000
202200049931;9;7;2022;17:55;1;94;94041;2;1;1;3;MAURICE THOREZ (AV);48,8160600000;2,3769500000
202200049932;6;6;2022;20:50;5;971;97113;1;9;1;3;ROUTE DE PERINET-RD 119;16,2106800000; -61,4779900000
202200049933;23;10;2022;21:55;5;76;76296;1;1;1;7;LIBERATION (RUE DE LA );49,5173300000;0,2463200000
202200049934;29;11;2022;08:48;1;24;24223;2;1;1;6;Allée Rivière Espérance;44,8354560000;0,7247060000
202200049935;16;2;2022;23:20;3;93;93027;1;1;2;6;AUTOROUTE A86;48,9283300000;2,4131900000
202200049936;20;9;2022;21:25;5;93;93008;2;1;1;3;Avenue Jean Jaures;48,9054319333;2,4393193389
202200049937;8;7;2022;15:50;1;94;94041;2;1;1;6;PAUL VAILLANT COUTURIER (BD);48,8175100000;2,3983600000
202200049938;24;10;2022;07:40;2;76;76414;2;1;1;3;LOUIS BLERIOT (RUE );49,9249581323;1,1216488481
202200049939;10;11;2022;07:15;5;72;72154;2;6;5;3;Boulevard du Québec;47,7051270000; -0,0885990000
202200049940;8;6;2022;18:20;1;95;95585;2;1;1;4;Avenue du 8 Mai 1945;48,9777054377;2,3706972599
202200049941;21;9;2022;13:00;1;93;93008;2;7;1;6;Rue de la République / Place de la Liberation;48,9064600000;2,4385000000
202200049942;8;7;2022;01:20;5;94;94041;2;1;1;1;Rue Louis Bertrand;48,8180000000;2,3765000000
202200049943;30;11;2022;05:15;3;44;44073;1;1;1;6;La Verrerie;47,4268350000; -1,6067240000
202200049944;17;2;2022;16:00;1;94;94028;1;1;8;4;A86 EXT;48,7856800000;2,4402400000
202200049945;24;10;2022;08:05;1;67;67482;2;1;1;6;SCHWEIGHAEUSER (RUE);48,5874300000;7,7665700000
202200049946;13;8;2022;22:00;5;94;94081;2;6;1;3;PAUL FROMANT (PL);48,7863840000;2,4026120000
202200049947;7;7;2022;08:40;1;94;94021;2;1;1;1;PERE MAZURIE (R DU);48,7709700000;2,3543770000
202200049948;20;9;2022;17:50;1;93;93008;2;3;1;3;Rue de la République / Rue Albert Einstein;48,9070555175;2,4294907539
202200049949;24;11;2022;09:23;1;13;13211;1;1;1;2;Sens Aubagne vers Marseille;43,2905620000;5,4884660000
202200049950;7;6;2022;09:00;1;95;95280;2;3;3;2;Avenue Albert Sarraut;49,0251100000;2,4638300000
202200049951;22;10;2022;11:30;1;67;67482;2;1;1;2;rue d'Ostwald;48,5631200000;7,7099000000
202200049952;17;2;2022;12:30;1;94;94028;1;1;1;3;A86 EXT;48,7967800000;2,4438200000
202200049953;13;8;2022;14:57;1;94;94078;2;1;1;6;Place Pierre Semard;48,7303771088;2,4468596072
202200049954;8;7;2022;16:15;1;94;94033;2;1;1;6;Avenue de la République;48,8526462628;2,4604968699
202200049955;21;9;2022;15:50;1;93;93001;2;2;1;6;Avenue Victor Hugo / Rue des Gardinoux;48,9062667829;2,3753411320
202200049956;7;6;2022;06:50;2;95;95428;2;1;2;2;Rue de Margency;48,9924200000;2,3152600000
202200049957;24;10;2022;08:48;1;64;64445;2;1;1;6;ALSACE LORRAINE D';43,3039100000; -0,3668060000
202200049958;29;11;2022;10:55;1;13;13202;2;9;1;2;Tunnel Prado Carénage;43,2933810000;5,3648120000
202200049959;17;2;2022;08:20;1;75;75112;1;1;1;2;A4;48,8195053043;2,4587488174
202200049960;13;8;2022;20:00;1;94;94052;2;1;1;2;GALLIENI (BD);48,8396740000;2,4850820000
202200049961;5;7;2022;19:20;1;94;94033;2;1;7;3;Avenue des Olympiades;48,8552400000;2,4845600000
202200049962;24;10;2022;13:37;1;64;64102;2;6;1;7;Avenue du 8 Mai 1945;43,4624100000; -1,4958600000
202200049963;21;9;2022;13:50;1;93;93001;2;1;1;6;Avenue du Président Roosevelt;48,9179700000;2,3792200000
202200049964;7;6;2022;18:30;1;91;91021;2;1;1;2;RUE DE CHANTELOUP;48,5970000000;2,2460200000
202200049965;12;8;2022;22:30;5;94;94052;2;1;1;2;CHARLES DE GAULLE (GRAND RUE);48,8363600000;2,4780000000
202200049966;16;2;2022;18:55;3;94;94022;1;1;1;2;A86 INT;48,7757700000;2,4134000000
202200049967;24;10;2022;07:30;5;62;62525;2;9;2;1;D928;50,7365020000;2,2548730000
202200049968;5;7;2022;09:10;1;94;94011;2;1;1;3;Avenue de Boissy;48,7721780000;2,4841460000
202200049969;20;9;2022;10:00;1;92;92063;2;9;1;3;COLMAR (AVENUE DE);48,8870078329;2,1781248450
202200049970;29;11;2022;17:50;3;69;69290;1;1;1;4;Rocade Est;45,7098800000;4,9681600000
202200049971;12;8;2022;23:30;5;94;94068;2;1;1;3;BAC (AV DU);48,7925900000;2,5173900000
202200049972;9;7;2022;21:59;5;94;94077;2;1;1;7;Cours de Verdun;48,7326380000;2,4073570000
202200049973;24;10;2022;18:15;1;61;61001;2;1;1;3;COLBERT (BOULEVARD);48,4329400000;0,0753900000
202200049974;16;2;2022;17:05;1;93;93051;1;1;1;5;A4;48,8364860000;2,5417780000
202200049975;20;9;2022;12:30;1;92;92051;2;9;1;3;ACHILLE PERETTI (AVENUE, N° 90 A 96 ET 9;48,8840333047;2,2708504199
202200049976;7;7;2022;23:38;5;94;94069;2;1;1;6;Rue du Maréchal Leclerc ;48,8179510000;2,4413040000
202200049977;13;8;2022;06:20;2;94;94017;2;6;1;6;Boulevard des Alliés / A4;48,8298000000;2,4900600000
202200049978;22;10;2022;13:10;1;50;50129;1;1;1;6;AMFREVILLE (RUE D');49,6613900000; -1,7136500000
202200049979;10;11;2022;16:50;1;69;69286;1;1;1;2;Autoroute 46;45,8519700000;4,9099100000
202200049980;7;6;2022;20:35;1;91;91692;2;6;1;3;MORVAN (RUE DU);48,6824230000;2,1695340000
202200049981;21;9;2022;08:05;1;92;92049;2;1;1;3;BARBES RUE;48,8171600450;2,3304094076
202200049982;6;7;2022;20:35;1;94;94018;2;1;1;6;112 Rue de Paris;48,8251100000;2,4081950000
202200049983;16;2;2022;12:20;1;77;77237;1;1;2;4;A4;48,8313600000;2,7678700000
202200049984;13;8;2022;21:20;5;93;93029;2;3;1;3;Rue Sadi Carnot / Rue Raymond Lefevre;48,9244300000;2,4429300000
202200049985;22;10;2022;10:50;1;50;50129;2;3;1;6;LE BRETTEVILLOIS (RUE JEAN);49,6239100000; -1,6459500000
202200049986;1;11;2022;01:15;3;42;42097;1;1;2;5;A72;45,4865500000;4,3261880000
202200049987;7;6;2022;15:50;1;91;91692;2;1;1;3;BERRY (AVENUE DU);48,6826200000;2,1685000000
202200049988;21;9;2022;16:45;1;92;92044;2;1;1;3;JEAN JAURES(RUE)101A+ ET 104A+;48,8958261411;2,2973082661
202200049989;4;2;2022;12:00;1;95;95127;2;1;1;6;OISE (BOULEVARD DE L');49,0414880000;2,0734040000
202200049990;9;7;2022;14:40;1;94;94002;2;2;1;3;VAILLANT COUTURIER (R);48,8102900000;2,4169500000
202200049991;22;10;2022;18:22;1;49;49007;2;1;1;3;FOCH BOULEVARD;47,4683900000; -0,5503100000
202200049992;13;8;2022;04:05;5;92;92012;2;2;1;3;REINE (ROUTE DE LA) 39/107 BIS;48,8390929784;2,2468505502
202200049993;29;11;2022;08:10;1;94;94065;1;1;1;4;AUTOROUTE A106;48,7550217788;2,3512798051
202200049994;28;9;2022;17:00;1;49;49007;2;1;1;6;ROI RENE BOULEVARD;47,4682100000; -0,5571800000
202200049995;16;5;2022;12:00;1;92;92044;2;2;1;3;ARISTIDE BRIAND(RUE)1A49 ET 2A52;48,8904154917;2,2836472392
202200049996;16;2;2022;12:20;1;988;98818;2;3;1;1;RUE TEYSSANDIER DE LAUBAREDE/VOIE PRIVE MENANT A LA TOUR MOBILIS; -22,2570600000;166,4550400000
202200049997;8;6;2022;13:40;1;91;91201;2;1;3;2;RUE DE RIS;48,6631800000;2,4179000000
202200049998;14;8;2022;13:30;1;35;35108;1;1;2;6;La Maladrie;47,9494440000; -1,4220750000
202200049999;24;10;2022;16:05;1;41;41269;2;1;1;6;EIFFEL (RUE GUSTAVE);47,7788500000;1,0788800000
202200050000;21;9;2022;17:59;1;92;92035;2;1;1;6;Yves Le Caignard ( rue );48,9078000000;2,2354800000
202200050001;28;11;2022;19:30;3;91;91689;1;1;1;2;AUTOROUTE A6B;48,7475200000;2,3258100000
202200050002;9;7;2022;04:18;5;93;93073;2;6;1;6;Avenue du Général de Gaulle / Rue Leon Tolstoi;48,9453990000;2,5667660000
202200050003;16;2;2022;06:50;1;976;97611;2;1;1;6;kaweni-SPPM ( rue de la ); -12,7702100000;45,2202000000
202200050004;12;8;2022;17:05;1;63;63345;1;3;1;3;D52 PK 23+350;45,7121050000;3,0167020000
202200050005;21;9;2022;18:45;1;92;92012;2;1;1;7;REINE (ROUTE DE LA) 1/37- 6/80;48,8386894143;2,2515787482
202200050006;15;10;2022;09:35;1;39;39198;2;2;1;6;20 Boulevard du President Wilson;47,0970700000;5,4948400000
202200050007;7;6;2022;15:40;1;91;91201;2;1;1;3;RUE EUGENE DELACROIX;48,6792140000;2,4251070000
202200050008;9;7;2022;11:10;1;93;93072;2;9;1;3;LOUIS BORDES (RUE);48,9558000000;2,3831300000
202200050009;28;11;2022;22:30;3;78;78140;1;1;1;2;A13;48,9624000000;1,9279300000
202200050010;13;8;2022;17:30;1;62;62364;1;1;7;2;Rue du 8 Mai 1945;50,5060580000;2,1307020000
202200050011;24;10;2022;14:09;1;38;38185;2;1;2;6;FOCH (BOULEVARD MAL) (1 A 37-56);45,1805600000;5,7206300000
202200050012;7;6;2022;22:00;2;91;91027;1;1;1;3;AV FRANCOIS MITTERRAND;48,7174800000;2,3709800000
202200050013;21;9;2022;15:35;1;92;92012;2;3;1;6;JEAN JAURES (BOULEVARD) 217/FIN - 210/FI;48,8303300000;2,2453400000
202200050014;28;11;2022;07:05;3;78;78043;1;1;1;7;A12 W;48,8283400000;2,0789100000
202200050015;17;2;2022;00:10;5;69;69387;2;2;1;3;Avenue Leclerc;45,7477700000;4,8336000000
202200050016;9;7;2022;10:45;1;93;93070;2;3;1;1;Rue des Rosiers / Rue Marceau;48,9020200000;2,3426900000
202200050017;28;5;2022;20:15;1;91;91027;2;1;1;6;ALL D'OZONVILLE;48,7086010000;2,3870210000
202200050018;21;9;2022;16:20;1;92;92014;2;1;1;3;GENERAL LECLERC (AV.) (135 A FIN - 134 A;48,7739700000;2,3132800000
202200050019;29;11;2022;19:30;3;93;93066;1;1;1;3;AUTOROUTE A1;48,9300324706;2,3648178577
202200050020;24;10;2022;15:45;1;35;35238;2;3;1;2;ALMA (DE L');48,0973115967; -1,6750529408
202200050021;16;2;2022;08:40;2;69;69388;2;2;2;6;Rue Thomas Blanchet;45,7373300000;4,8843000000
202200050022;13;8;2022;03:44;3;24;24442;1;1;1;3;D6089;45,1195380000;0,5161750000
202200050023;21;9;2022;07:55;1;92;92002;2;1;1;6;LEON JOUHAUX (AVENUE);48,7360859675;2,3025152385
202200050024;7;7;2022;19:35;1;93;93070;2;7;1;3;Place de la Republique;48,9122000000;2,3340000000
202200050025;29;11;2022;09:00;1;95;95154;1;1;2;2; A1;49,0517630000;2,5480150000
202200050026;7;6;2022;09:00;1;91;91589;2;2;1;3;AV GABRIEL PERI;48,6919280000;2,3484980000
202200050027;16;2;2022;07:00;5;69;69387;2;1;2;1;Cours Gambetta;45,7507800000;4,8560300000
202200050028;12;8;2022;20:35;1;24;24372;1;1;1;1;RD6089 - Route de Bordeaux;45,1357290000;0,5398540000
202200050029;6;6;2022;08:23;1;91;91433;1;1;1;6;RD 191;48,4399000000;2,2077000000
202200050030;24;10;2022;13:30;1;35;35051;2;1;1;2;RENNES (RUE DE);48,1142425358; -1,6185227036
202200050031;8;7;2022;12:20;1;93;93066;2;1;1;3;Avenue du Colonel Fabien;48,9453029059;2,3515307307
202200050032;28;5;2022;13:50;1;50;50066;1;3;1;1;Route des Carrieres;48,7603040000; -1,5502240000
202200050033;29;11;2022;08:00;1;93;93008;1;1;1;5;AUTOROUTE A86;48,9126927783;2,4369263299
202200050034;16;2;2022;04:55;3;972;97213;2;1;2;2;MAHAULT;14,6226743384; -61,0064435006
202200050035;24;10;2022;07:05;5;35;35055;1;6;2;6;173 RD;48,0781458459; -1,6328188777
202200050036;29;11;2022;01:00;3;93;93048;1;1;1;7;AUTOROUTE A3;48,8724000000;2,4344400000
202200050037;6;7;2022;19:30;1;93;93001;2;1;1;6;Rue du Moutier;48,9150113527;2,3802338540
202200050038;12;5;2022;13:20;1;89;89387;2;6;1;6;SALIGNY (RUE DE);48,2038100000;3,3141100000
202200050039;22;9;2022;12:15;1;08;08343;1;1;1;3;route nationale 8043;49,6755050000;5,0681630000
202200050040;16;2;2022;11:04;1;972;97209;2;1;1;3;RD 41 (ROCADE);14,6118700000; -61,0776500000
202200050041;24;10;2022;07:15;5;35;35238;2;1;1;6;FREVILLE (AVENUE HENRI);48,0874200000; -1,6743700000
202200050042;3;6;2022;21:18;1;87;87085;2;1;1;7;GUERIN (RUE CAMILLE);45,8187000000;1,2298500000
202200050043;14;9;2022;01:40;3;38;38160;1;1;1;6;impasse de beraud;45,4920218200;4,9782846198
202200050044;28;11;2022;23:00;5;95;95582;1;1;1;2;A15;48,9656566710;2,2585975521
202200050045;10;7;2022;01:30;5;93;93077;2;2;1;6;Avenue Francois Coppée / Rue Victor Hugo;48,8856100000;2,4960300000
202200050046;16;2;2022;18:45;5;95;95428;2;1;2;6;RD 124;49,0009600000;2,3200800000
202200050047;29;4;2022;22:00;5;84;84007;2;1;1;6;CHARLES DE GAULLE;43,9365300000;4,8320500000
202200050048;24;10;2022;05:00;5;34;34172;2;2;1;2;Rue d'Oxford;43,6269400000;3,8217870000
202200050049;29;11;2022;13:55;1;77;77059;1;1;1;7;A104;48,8405776335;2,6637614928
202200050050;13;8;2022;22:45;3;66;66190;1;1;1;4;;42,8443330000;2,9162690000
202200050051;22;9;2022;10:50;1;973;97362;2;2;1;3;Rue Akabou;3,8084080000; -54,1517290000
202200050052;9;7;2022;21:40;2;93;93062;2;2;1;3;Allée de Gagny / Allée de la Fontaine;48,8920700000;2,5200600000
202200050053;16;2;2022;18:35;3;88;88160;2;1;2;3;BLANCK (AV.PIERRE-);48,1963700000;6,4606900000
202200050054;7;6;2022;16:35;1;83;83137;2;1;1;6;CARNOT (AVE LAZARE);43,1270290000;5,9252120000
202200050055;24;10;2022;12:57;1;33;33063;2;1;1;3;Cours de l'Argonne;44,8239000000; -0,5793200000
202200050056;15;2;2022;17:22;1;87;87085;2;1;2;7;NOEL (RUE JULES);45,8141600000;1,2895300000
202200050057;21;9;2022;15:58;1;17;17131;2;3;1;3;Route de Talmont;45,5802830000; -0,8367780000
202200050058;25;11;2022;08:00;2;76;76259;2;9;1;6;VALMONT ( ROUTE DE);49,7541738429;0,4059219358
202200050059;2;7;2022;20:20;1;93;93062;2;2;1;3;Allee Valere Lefebvre / Boulevard de l'Ouest;48,8989300000;2,5103000000
202200050060;24;10;2022;12:30;1;33;33009;2;1;1;6;ALLEGRE (QUAI CNE);44,6579900000; -1,1484600000
202200050061;6;6;2022;17:45;1;83;83062;2;1;1;3;DE LATTRE DE TASSIGNY (AVENUE);43,1130600000;5,9935600000
202200050062;8;7;2022;16:25;1;93;93062;2;1;1;6;Allée Baratin;48,8992500000;2,5147900000
202200050063;15;2;2022;19:02;2;87;87085;2;1;2;6;DUTREIX (RUE ARMAND);45,8336500000;1,2306400000
202200050064;28;11;2022;16:15;1;64;64445;2;1;3;6;avenue de Saragosse;43,3078100000; -0,3609600000
202200050065;21;9;2022;08:10;1;18;18233;2;2;1;3;1 rue du commerce;47,3387020000;2,8581090000
202200050066;2;6;2022;14:05;1;80;80021;2;1;1;6;ABBEVILLE (RUE D');49,9061100000;2,2706000000
202200050067;14;8;2022;15:30;1;71;71383;1;1;1;5;A6 sens L/P PK374+300;46,4243210000;4,8675550000
202200050068;24;10;2022;18:25;1;29;29039;1;1;1;4;195 rue de Tregunc;47,8612100000; -3,8851000000
202200050069;15;2;2022;18:25;1;87;87085;2;1;2;6;GARIBALDI (AVENUE);45,8351800000;1,2605000000
202200050070;24;11;2022;09:55;1;63;63124;2;1;1;6;FERRY (AVENUE JULES);45,7433938260;3,2102018595
202200050071;22;9;2022;12:35;1;68;68172;2;1;1;7;Rue du Giessen;48,0782800000;7,5419100000
202200050072;8;7;2022;21:45;2;93;93055;2;9;1;2;Avenue Jean Lolive;48,8904504321;2,3993995786
202200050073;14;8;2022;03:30;3;83;83085;1;1;1;6;D47;43,4945180000;6,5185460000
202200050074;24;10;2022;14:35;1;28;28404;2;1;1;6;ROME (RUE DE);48,7182200000;1,3730200000
202200050075;26;11;2022;18:55;3;57;57283;2;1;1;6;CD 47 bis;49,2536176706;6,1501362920
202200050076;15;2;2022;16:52;1;87;87085;2;1;2;4;COMTE (RUE AUGUSTE);45,8735200000;1,2692600000
202200050077;7;7;2022;20:54;1;93;93055;2;1;1;3;Avenue Jean Lolive;48,8946770000;2,4210200000
202200050078;22;9;2022;07:00;1;971;97132;1;2;2;5;Intersection RN1 et D5;15,9828523356; -61,6319543123
202200050079;14;8;2022;02:00;3;26;26337;1;1;1;6;A7- PK 101+500-sens Nord/Sud;44,6754430000;4,7976030000
202200050080;8;6;2022;01:00;5;78;78551;2;2;1;6;GAMBETTA (AVENUE);48,8977600000;2,0983300000
202200050081;8;2;2022;21:20;5;86;86194;2;1;1;6;Rue Michel Colucchi dit Coluche;46,5681280000;0,3104350000
202200050082;31;8;2022;16:15;1;73;73132;1;1;1;3;D70;45,7509390000;6,5914370000
202200050083;13;8;2022;13:50;1;21;21449;1;1;1;6;A6;47,3976960000;4,3561860000
202200050084;8;7;2022;19:00;1;93;93051;2;2;7;3;Boulevard du Rempart / Porte de Paris;48,8376490000;2,5432530000
202200050085;22;9;2022;16:45;1;65;65010;1;2;1;3;rd 817;43,1970500000;0,1564800000
202200050086;31;8;2022;11:55;1;73;73303;1;1;1;7;D1212;45,7532710000;6,4545320000
202200050087;24;10;2022;16:45;1;22;22278;2;1;1;2;MERIMEE (PROSPER);48,4957300000; -2,7500300000
202200050088;16;2;2022;07:35;2;86;86194;2;1;2;3;Bd du Marechal de Lattre de Tassigny;46,5851290000;0,3509560000
202200050089;13;8;2022;23:23;4;22;22020;1;1;1;6;Route départementale 712 - PR 4;48,3081390000; -2,2373700000
202200050090;6;6;2022;16:46;1;78;78440;2;4;1;4;RHIN ET DANUBE (PONT);48,9978000000;1,9088100000
202200050091;20;10;2022;19:09;1;22;22187;2;1;1;2;D36;48,5338700000; -2,7583900000
202200050092;22;9;2022;19:15;1;41;41149;2;4;1;3;D917;47,7760140000;0,8012400000
202200050093;31;7;2022;21:20;2;73;73008;2;4;1;3;D991;45,6719820000;5,9084360000
202200050094;7;7;2022;19:30;1;93;93051;2;2;1;6;Rue de Malnoue / Rue du Marechal Juin;48,8418397345;2,5688146055
202200050095;13;8;2022;17:30;1;62;62202;2;1;1;1;D131E3;50,6075820000;1,9954820000
202200050096;16;2;2022;13:40;1;81;81065;2;3;2;3;BEL AIR  (CHEMIN DE);43,6088210000;2,2583100000
202200050097;30;8;2022;10:35;1;18;18033;2;1;3;6;Avenue Pierre Semard;47,0937200000;2,4010000000
202200050098;8;9;2022;17:30;1;57;57132;2;1;1;3;Rue Solvay;48,8201350000;6,5083940000
202200050099;22;9;2022;07:55;1;19;19140;1;3;1;3;Route de Vergnolles;45,0751551281;1,9128313062
202200050100;7;7;2022;07:20;2;93;93049;2;1;1;2;Boulevard Galliéni;48,8530000000;2,5144000000
202200050101;25;10;2022;01:25;5;17;17300;2;1;1;7;BRETIGNIERE   RUE;46,1617500000; -1,1394000000
202200050102;15;2;2022;12:15;1;80;80725;2;1;1;3;RD8;49,8669600000;2,2489400000
202200050103;13;8;2022;19:00;1;34;34270;1;1;1;3;M612;43,5647320000;3,8501820000
202200050104;18;9;2022;20:50;3;76;76033;2;1;1;6;D925;49,6810970000;0,3615190000
202200050105;24;10;2022;19:00;5;13;13209;2;9;1;6;MARÉCHAL DE LATTRE (AVENUE);43,2500000000;5,4200000000
202200050106;8;7;2022;08:15;1;93;93048;2;2;1;6;Rue Robespierre / Rue Cuvier;48,8509600000;2,4245300000
202200050107;21;9;2022;18:25;1;22;22106;2;3;1;3;DOUVENANT (RUE DE);48,5013247666; -2,7342197299
202200050108;22;9;2022;16:45;1;2B;2B277;2;3;1;7;Stop rue de l'église / D45;41,9841980000;9,3350400000
202200050109;14;8;2022;15:40;1;89;89171;1;1;2;3;D660;48,2268230000;3,5111270000
202200050110;8;6;2022;23:45;3;77;77517;1;1;1;6;D34;48,9282280000;2,6592040000
202200050111;5;8;2022;23:50;4;22;22106;2;6;1;-1;RENNES (RUE DE);48,4928000000; -2,7087300000
202200050112;24;10;2022;07:45;1;11;11069;2;1;1;3;ROND POINT DE LA 3ÈME DIA;43,2151600000;2,3668800000
202200050113;7;7;2022;19:20;1;93;93046;2;3;1;3;Avenue Jean Jacques Rousseau / Avenue Voltaire;48,9280500000;2,5428800000
202200050114;21;9;2022;23:20;3;2B;2B224;1;1;1;1;lieu dit Saint Léonard;42,8397430000;9,4585040000
202200050115;16;2;2022;18:20;5;77;77243;2;1;2;6;GOUVERNES  (CHEMIN DE);48,8712800000;2,7004800000
202200050116;25;7;2022;22:40;4;22;22106;2;1;1;6;58 Rue des Hauts Chemins;48,4882800000; -2,6926400000
202200050117;4;6;2022;17:00;1;77;77251;1;1;2;3;D50;48,6095100000;2,5551500000
202200050118;13;8;2022;13:30;1;51;51333;1;3;1;3;D9;49,1702263931;4,0754503012
202200050119;23;10;2022;18:00;1;11;11069;2;1;1;2;RD 6113;43,2278000000;2,3350500000
202200050120;22;9;2022;13:00;1;65;65031;2;1;1;3;D929;42,9110050000;0,3604460000
202200050121;8;7;2022;21:05;2;93;93063;2;1;1;3;Rue Carnot;48,8846396007;2,4383956789
202200050122;16;2;2022;17:10;1;76;76540;2;1;2;3;Avenue Jean Rondeaux;49,4371100000;1,0786400000
202200050123;7;6;2022;10:00;1;77;77438;2;1;1;6;GRAND POMMERAGE  (RUE DU  );48,8741300000;2,6748600000
202200050124;10;8;2022;14:05;1;56;56004;1;1;1;7;N165 sens Nantes/Vannes;47,5395090000; -2,4188700000
202200050125;26;10;2022;05:47;2;987;98736;2;6;1;6;AFARERII (RUE); -17,5291800000; -149,5529350000
202200050126;7;6;2022;17:05;1;77;77333;2;1;1;6;RUE DES HAUTEURS DU LOING;48,2760900000;2,7038000000
202200050127;21;9;2022;19:15;2;81;81063;1;1;1;2;D1;43,9416140000;2,0661490000
202200050128;25;10;2022;23:21;5;06;06088;2;2;1;3;CALIFORNIE (AV.) (A PARTIR DU N° 201-212;43,6824100000;7,2320500000
202200050129;16;2;2022;06:50;5;76;76575;2;1;2;3;Rue Julian Grimau;49,3892000000;1,0916410000
202200050130;8;7;2022;17:20;1;93;93063;2;3;1;6;Avenue du Président Wilson / Avenue Lénine;48,8839000000;2,4285000000
202200050131;28;11;2022;19:35;5;973;97302;2;1;1;6;MATOURY (RUE);4,9310200000; -52,3240200000
202200050132;14;8;2022;12:18;1;74;74275;2;1;3;1;D909a;45,8437790000;6,2112450000
202200050133;7;6;2022;08:35;1;77;77186;1;1;1;7;D116;48,4681700000;2,7388100000
202200050134;21;9;2022;19:20;1;22;22224;2;1;7;6;Rue des Freres Lagadec;48,7224490000; -3,4788480000
202200050135;22;10;2022;17:32;1;06;06069;2;1;1;2;SANTON (CHEMIN DU);43,6402720000;6,9491800000
202200050136;29;1;2022;18:50;5;73;73065;2;4;1;1;TURIN (AVENUE);45,5704400000;5,9373900000
202200050137;6;7;2022;18:55;1;93;93031;2;9;1;6;Avenue de la République;48,9495170000;2,3309670000
202200050138;22;7;2022;22:49;3;44;44131;2;1;1;6;43 Rue Jules Verne;47,1038500000; -2,0784100000
202200050139;14;8;2022;01:10;3;74;74123;1;1;1;2;D1508;45,7585110000;6,2654470000
202200050140;28;11;2022;01:00;5;69;69381;2;3;1;6;Pont Morand;45,7686100000;4,8382200000
202200050141;18;9;2022;22:50;3;38;38219;1;6;1;6;D73;45,3189760000;5,0711610000
202200050142;14;8;2022;20:12;1;76;76206;1;1;2;6;D74;49,6759459320;0,2506685257
202200050143;15;7;2022;19:00;1;93;93008;2;1;1;3;Avenue Louis Aragon;48,9144918463;2,4402153722
202200050144;11;2;2022;10:00;1;69;69290;2;1;2;1;Rue du Lyonnais;45,6970600000;4,9085500000
202200050145;4;6;2022;23:15;5;76;76351;2;2;1;5;VERDUN (RUE DE);49,5014100000;0,1500300000
202200050146;27;11;2022;18:00;5;69;69385;2;2;1;6;Rue Docteur Edmond Locard;45,7597600000;4,7959700000
202200050147;10;7;2022;10:30;1;93;93027;2;5;1;3;Avenue Roger Salengro / Avenue Henri Barbusse;48,9300200000;2,3852600000
202200050148;14;8;2022;03:40;3;65;65423;2;1;1;6;D11;43,2643417156;0,2948176861
202200050149;22;9;2022;20:10;5;38;38439;2;4;1;1;D525;45,3688470000;6,0466380000
202200050150;16;2;2022;10:00;1;69;69275;2;1;2;6;Avenue des Bruyères;45,7560198398;4,9428552389
202200050151;4;6;2022;15:20;1;76;76351;2;3;1;6;VALLEE (RUE DE LA);49,4936700000;0,1525600000
202200050152;28;11;2022;20:10;5;95;95680;2;1;1;2;Rue de Paris;49,0103503787;2,3839634657
202200050153;13;8;2022;19:30;2;11;11116;2;3;1;3;45 Boulevard de Vingré;43,2466700000;3,0007430000
202200050154;13;9;2022;21:30;5;38;38547;2;1;1;3;17 boulevard de la libération;45,2573410000;5,9071900000
202200050155;7;6;2022;15:00;1;76;76329;1;1;1;7;BEAUCHENE (RUE DE);49,5562300000;0,5013500000
202200050156;24;10;2022;21:50;5;75;75116;2;1;1;4;PORTE DE SAINT CLOUD;48,8414270000;2,2541480000
202200050157;15;2;2022;18:30;5;59;59599;2;1;2;6;TESTELIN (RUE ACHILLE);50,7346262861;3,1855362654
202200050158;10;7;2022;17:00;1;93;93046;2;2;1;3;Avenue Aristide Briand / Av du Pdt J Fitzgerald Kennedy;48,9164800000;2,5315100000
202200050159;5;9;2022;11:35;1;95;95306;2;1;1;3;Boulevard du Havre;49,0021911492;2,1793591976
202200050160;8;6;2022;07:30;1;74;74012;2;1;1;1;GELINE (RUE DE LA);46,1910710000;6,2440910000
202200050161;16;2;2022;18:40;5;57;57463;2;1;2;6;STRASBOURG (AVENUE DE );49,1083900000;6,2055600000
202200050162;13;8;2022;16:20;1;11;11042;1;1;1;5;route départementale 610;43,2103450502;2,5838683314
202200050163;24;10;2022;17:55;1;75;75119;2;1;1;4;BOULEVARD PERIPHERIQUE INTERIEUR NORD  ;48,8865140000;2,3970540000
202200050164;7;7;2022;21:30;1;93;93014;2;2;1;3;Boulevard Gagarine / Allée de Gagny;48,9045200000;2,5485600000
202200050165;11;9;2022;04:20;3;38;38042;1;4;1;6;3099 Route du Grand Lemps;45,3965360000;5,3983860000
202200050166;14;8;2022;15:40;1;71;71013;1;1;1;7;D29;46,9028930000;5,2840590000