Num_Acc;jour;mois;an;hrmn;lum;dep;com;agg;int;atm;col;adr;lat;long
202200050167;16;2;2022;15:20;1;57;57463;2;1;2;6;LOUIS LE DEBONNAIRE (AVENUE );49,1104700000;6,1828200000
202200050168;7;6;2022;17:10;1;72;72181;2;1;1;4;ESTIENNE D'ORVES (BD D');47,9826689590;0,1882946489
202200050169;20;9;2022;15:40;1;01;01273;2;1;1;3;Route de Pont d Ain;46,0705470000;5,3745250000
202200050170;13;8;2022;23:00;3;71;71070;1;1;1;6;67 Route de Chalon;46,7141650000;4,7443560000
202200050171;5;7;2022;22:21;2;93;93014;2;2;1;3;Boulevard Emile Zola / Allée Anatole France;48,9067130000;2,5561230000
202200050172;28;11;2022;17:20;5;91;91477;2;9;1;1;GUTEMBERG (RUE);48,7135100000;2,2510700000
202200050173;7;6;2022;08:00;1;72;72181;2;1;1;2;LEFAUCHEUX PIERRE (BD);47,9639460383;0,1767611501
202200050174;24;10;2022;11:30;1;75;75116;2;2;1;3;AVENUE FOCH;48,8713790000;2,2776160000
202200050175;14;8;2022;12:45;1;89;89341;1;1;1;1;D956;47,7381110000;3,7678170000
202200050176;16;2;2022;20:11;5;53;53130;2;2;2;3;PARADIS ( RUE DU );48,0692400000; -0,7651100000
202200050177;22;9;2022;18:00;1;01;01372;1;3;7;1;routes des combes;45,8613100000;5,6784510000
202200050178;24;10;2022;09:15;1;75;75116;2;1;1;7;VOIE GEORGES POMPIDOU;48,8483000000;2,2756100000
202200050179;14;8;2022;16:15;1;61;61345;1;1;8;6;La Croterie;48,4148460000;0,8059070000
202200050180;8;7;2022;23:35;3;93;93005;2;2;1;3;Cours Salvador Allende / Chemin du Moulin de la Ville;48,9532300000;2,5025800000
202200050181;22;9;2022;11:00;1;58;58285;1;1;1;6;D985;47,0525230000;3,7311030000
202200050182;28;11;2022;11:14;1;91;91345;2;2;8;3;RTE DE CORBEIL;48,6896700000;2,3004800000
202200050183;6;6;2022;19:30;1;72;72181;2;2;1;3;BATAILLE (RUE DE LA);47,9910250000;0,2086210000
202200050184;15;2;2022;18:30;5;38;38185;2;2;1;6;JOSEPH REY (RUE);45,1858500000;5,7171200000
202200050185;23;10;2022;18:05;1;75;75114;2;1;1;3;BOULEVARD ARAGO;48,8345030000;2,3346180000
202200050186;13;8;2022;10:00;1;42;42311;2;9;7;3;Route de Bayard;45,4819800000;4,3899120000
202200050187;21;9;2022;14:45;1;10;10317;2;6;1;3;Rue de la Presle;47,9920150000;4,3618300000
202200050188;6;6;2022;06:50;1;72;72181;2;1;1;6;OYON ALEXANDRE (BD);47,9945432412;0,1915991304
202200050189;15;2;2022;15:55;1;37;37261;2;1;1;6;HEURTELOUP (BOULEVARD);47,3915929951;0,6993725896
202200050190;14;8;2022;08:30;1;47;47140;2;1;2;6;Hameau de Saint-Julien;44,2755470000;0,6301980000
202200050191;8;7;2022;14:50;1;93;93005;2;5;1;1;Avenue Anatole France / Rue Jules Princet;48,9358200000;2,4939100000
202200050192;27;11;2022;18:03;5;87;87085;2;3;1;3;BUGEAUD (COURS);45,8345700000;1,2642200000
202200050193;23;10;2022;10:20;1;75;75114;2;4;1;3;AVENUE DU GENERAL LECLERC;48,8247620000;2,3259890000
202200050194;21;9;2022;18:05;1;40;40001;2;1;1;2;Avenue du 4 Septembre;43,7043670000; -0,2532970000
202200050195;8;6;2022;20:20;2;69;69282;2;1;2;6;Rue de la Gare;45,7714300000;4,9988700000
202200050196;15;2;2022;12:20;1;37;37261;2;1;1;6;CLARTE DIEU (RUE DE LA);47,4352900000;0,6906300000
202200050197;13;8;2022;04:00;3;26;26065;1;1;1;6;D104;44,7240410000;4,9553760000
202200050198;27;11;2022;15:12;1;87;87114;2;1;1;6;BLUM (AVENUE LEON-);45,8341900000;1,3088000000
202200050199;8;7;2022;10:00;1;93;93005;2;1;1;2;Rue Julien Mira;48,9319210000;2,4921140000
202200050200;24;10;2022;07:55;1;75;75113;2;1;6;6;BOULEVARD DU GENERAL JEAN SIMON;48,8263260000;2,3839010000
202200050201;19;9;2022;20:00;3;40;40181;2;1;1;3;route des lacs;43,8094740000; -1,3788160000
202200050202;13;8;2022;22:30;3;58;58134;1;1;1;6;D18;46,9540491529;3,2916095853
202200050203;3;6;2022;16:10;1;69;69290;2;1;1;3;Rue Michel Jacquet;45,6969000000;4,9190400000
202200050204;3;2;2022;08:35;1;36;36044;2;3;1;3;Rue des Fontaines;46,8169600000;1,6770500000
202200050205;7;6;2022;11:35;1;69;69029;2;3;1;2;Avenue Franklin Roosevelt;45,7376800000;4,8964500000
202200050206;25;11;2022;17:28;5;87;87085;2;2;1;3;PERRIN (RUE FRANCOIS);45,8272700000;1,2395100000
202200050207;9;8;2022;12:20;1;66;66149;2;4;1;6;;42,6183800000;2,4289600000
202200050208;24;10;2022;08:46;1;75;75113;2;2;8;6;RUE DES PEUPLIERS;48,8221560000;2,3526860000
202200050209;16;9;2022;20:00;2;27;27224;1;2;3;7;D133;49,1407290000;0,8917160000
202200050210;31;1;2022;17:08;1;36;36063;2;6;1;3;Le Grand Verger;46,8317150000;1,7206616000
202200050211;13;8;2022;09:10;1;72;72039;2;1;1;6;rue saint sulpice;48,1745070000;0,4277480000
202200050212;9;7;2022;21:20;2;93;93001;2;2;1;3;Avenue Jean Jaurès / Rue Emile Dubois;48,9135580000;2,4027830000
202200050213;13;2;2022;03:48;5;35;35115;2;1;1;6;Boulevard Michel Cointat;48,3468800000; -1,1871900000
202200050214;8;6;2022;23:55;5;69;69264;2;2;1;3;Rue Monplaisir;45,9892835615;4,7227357328
202200050215;22;9;2022;10:50;1;48;48027;1;1;1;1;Lieu dit MIRANDOL sur le D6;44,5486630000;3,8157210000
202200050216;14;8;2022;18:35;5;06;06049;1;1;1;7;RD 06;43,7361590000;6,9996400000
202200050217;24;10;2022;10:00;1;75;75111;2;2;1;3;BOULEVARD RICHARD LENOIR;48,8657730000;2,3699740000
202200050218;7;7;2022;16:00;1;93;93001;2;1;1;1;Rue de la Gare;48,9059302595;2,3766721486
202200050219;16;2;2022;19:45;5;33;33281;2;4;2;6;Avenue du Docteur Albert Schweitzer;44,8335777861; -0,6479519606
202200050220;8;6;2022;08:45;1;67;67482;2;1;1;2;BELGES (QUAI DES);48,5745800000;7,7762900000
202200050221;24;10;2022;08:55;1;94;94068;2;1;1;3;CRETEIL (BD DE);48,7990400000;2,4733200000
202200050222;19;9;2022;18:25;5;987;98738;1;9;2;3;PK 10, 900 RT1; -17,6180000000; -149,5490000000
202200050223;10;7;2022;17:52;1;92;92075;2;1;1;6;VERDUN (AVENUE DE);48,8209307409;2,2947248965
202200050224;27;11;2022;04:26;3;79;79191;1;1;1;7;120 Route de Coulonges;46,3400270000; -0,4740700000
202200050225;24;10;2022;09:45;1;94;94042;2;1;1;3;POLANGIS (BD DE);48,8200000000;2,4770000000
202200050226;7;6;2022;07:15;1;67;67365;2;3;1;3;23 NOVEMBRE (RUE DU);48,5336740000;7,6944330000
202200050227;11;8;2022;22:30;3;14;14709;1;1;1;6;D514;49,3379170000; -0,6313280000
202200050228;14;2;2022;13:45;1;33;33249;2;3;8;3;Rue Condorcet;44,8702700000; -0,5259700000
202200050229;7;7;2022;12:25;1;92;92064;2;1;1;3;BEARN;48,8465000000;2,2221600000
202200050230;24;10;2022;17:40;1;94;94043;2;1;1;6;FONTAINEBLEAU (AV DE);48,8100000000;2,3600000000
202200050231;21;9;2022;16:00;1;18;18138;1;1;1;2;;47,0670530000;2,2893190000
202200050232;28;11;2022;09:55;1;77;77291;2;9;8;1;GRANDE BORNE (RUE DE LA);49,0161885172;2,6013240442
202200050233;14;8;2022;18:00;1;50;50433;1;1;1;6;Route de la Saire;49,6176750000; -1,2649750000
202200050234;5;6;2022;03:50;5;67;67218;2;1;1;6;DOUBS (RUE DU);48,5510100000;7,7330400000
202200050235;16;2;2022;20:30;5;31;31555;2;9;1;3;CARNOT (BD LAZARE) DU 1AU 81;43,6043300000;1,4500400000
202200050236;22;9;2022;09:56;1;72;72045;1;1;1;7;A81 pk 189+750;48,0155470000; -0,0269330000
202200050237;23;10;2022;23:40;5;94;94071;2;7;1;3;BREVANNES (R DE);48,7702100000;2,5082600000
202200050238;6;7;2022;13:00;1;92;92064;2;3;1;2;MARCEL DASSAULT;48,8531334329;2,2227750420
202200050239;27;11;2022;23:08;5;77;77459;1;1;2;6;D619;48,5515780000;3,3202120000
202200050240;13;8;2022;05:10;3;50;50484;1;1;1;3;D976;48,5893830000; -1,1469130000
202200050241;4;6;2022;19:40;1;67;67482;2;3;1;3;STUTZHEIM (RUE DE);48,5965644512;7,7122461051
202200050242;14;8;2022;16:30;1;60;60064;1;1;1;6;D335;49,4192510000;3,0082580000
202200050243;22;9;2022;09:28;1;38;38401;1;1;1;2;047+900;45,5607890000;5,4256150000
202200050244;16;2;2022;12:05;1;31;31555;2;3;1;3;AV DES ETATS UNIS;43,6426000000;1,4284700000
202200050245;24;10;2022;08:38;1;93;93046;2;1;1;2;Rue Eugène Masse;48,9244411010;2,5447846891
202200050246;6;7;2022;08:00;1;92;92033;2;3;1;6;RUE MARIE CURIE;48,8512809905;2,1922686696
202200050247;3;6;2022;16:40;1;67;67482;2;1;1;6;ORPHELINS (RUE DES);48,5797000000;7,7562300000
202200050248;25;11;2022;16:30;2;77;77216;1;9;8;1;D104;48,3175730000;2,6760720000
202200050249;21;9;2022;09:20;1;988;98827;1;1;1;7;Col du bonhomme; -21,4348040000;165,2780410000
202200050250;4;6;2022;10:32;1;66;66136;2;1;1;6;GUYNEMER (AVENUE GEORGES);42,6866900000;2,9073500000
202200050251;14;8;2022;12:45;1;45;45040;2;3;8;1;27 Rue de Bon Coeur;47,5539500000;2,8522090000
202200050252;4;7;2022;17:00;1;92;92064;2;9;1;6;REPUBLIQUE;48,8445140000;2,2099560000
202200050253;15;2;2022;14:07;1;29;29232;1;1;3;4;D783 - Boulevard Flandres Dunkerque1940;47,9795300000; -4,0913000000
202200050254;23;10;2022;22:21;5;93;93066;2;2;1;3;Avenue du Stade de France / Rue Francis de Pressensé;48,9195600000;2,3613600000
202200050255;9;8;2022;20:00;2;43;43012;1;1;1;7;Route de Mons;45,3809700000;4,1833880000
202200050256;22;9;2022;16:10;1;976;97607;1;1;1;2;Hajangoua; -12,8608410000;45,1973570000
202200050257;27;11;2022;04:15;5;76;76178;2;2;2;3;Rue de Tourville;49,3087500000;1,0383300000
202200050258;8;7;2022;14:25;1;92;92062;2;1;1;3;DE DION BOUTON (QUAI) DU 29 AU 65;48,8795353727;2,2437796891
202200050259;7;6;2022;14:00;1;64;64545;2;6;1;3;ROUTE D' OLHETTE ;43,3361400000; -1,6679600000
202200050260;13;8;2022;21:00;3;17;17267;1;1;1;7;N11;46,2263060000; -0,9185280000
202200050261;23;10;2022;17:00;1;93;93066;2;4;1;3;Rue Mumia Abu-jamal / Avenue Henri Rol-tanguy;48,9177488797;2,3633347577
202200050262;11;2;2022;13:22;1;29;29019;1;1;1;4;D112 - Pen Ar Chleuz;48,4158460000; -4,4793761000
202200050263;21;9;2022;07:30;1;974;97420;1;1;1;1;Route Nationale 2; -20,9301880000;55,6321800000
202200050264;26;11;2022;11:20;1;76;76447;2;1;1;6; ECARTS (CHEM DES );49,5649200000;0,1994700000
202200050265;8;7;2022;15:00;1;92;92051;2;1;1;6;PARMENTIER (RUE);48,8853305488;2,2824563384
202200050266;8;6;2022;13:50;1;64;64102;2;1;2;4;Avenue Henri de Navarre;43,5069900000; -1,4450600000
202200050267;20;9;2022;03:05;3;2B;2B239;1;1;1;6;D 238;42,6709590000;9,3376880000
202200050268;13;8;2022;10:35;1;17;17041;1;1;1;6;D116;46,2283620000; -0,8118720000
202200050269;25;11;2022;09:15;1;76;76447;2;1;1;6;René Coty;49,5438100000;0,1913400000
202200050270;7;7;2022;14:50;1;92;92051;2;1;8;3;ACHILLE PERETTI (AVENUE,  N° 98 A 166 ET;48,8841832259;2,2701562643
202200050271;24;10;2022;17:30;1;93;93051;2;3;1;1;PLAINE;48,8401555059;2,5741335168
202200050272;8;6;2022;07:50;1;64;64024;2;1;2;1;SAINT PEE (ROUTE DE);43,4567900000; -1,5061400000
202200050273;4;9;2022;19:27;1;34;34023;2;3;1;3;9 Avenue de la Frigoule;43,4518400000;3,7025930000
202200050274;13;8;2022;19:03;3;976;97606;1;1;1;1;RN3; -12,9382239846;45,1349955797
202200050275;5;7;2022;20:05;1;92;92051;2;9;1;2;BINEAU (BOULEVARD, N°133 A 217 ET 134 A;48,8901731785;2,2715536952
202200050276;27;11;2022;14:35;1;71;71153;2;3;1;3;PRESIDENT WILSON (RUE DU);46,7964000000;4,4293200000
202200050277;16;2;2022;15:00;1;16;16015;2;3;1;6;GOND (RUE DU);45,6589500000;0,1613100000
202200050278;22;10;2022;22:20;5;93;93027;2;2;1;1;Avenue de la République / Rue de la Convention;48,9280900000;2,3906000000
202200050279;6;6;2022;15:07;1;64;64024;2;2;1;3;BAYONNE (AVENUE DE);43,4818300000; -1,5096100000
202200050280;13;8;2022;19:35;1;66;66008;2;1;1;7;;42,5722562825;3,0395865440
202200050281;9;7;2022;21:10;1;92;92050;2;1;1;6;ALLENDE SALVADOR RUE;48,8947571778;2,2233543992
202200050282;15;2;2022;12:45;1;14;14118;2;1;1;6;D401;49,1996300000; -0,3962700000
202200050283;28;11;2022;14:30;1;69;69264;2;1;2;6;Boulevard Jean Jaures;45,9882200000;4,7150300000
202200050284;24;10;2022;15:20;1;93;93005;2;3;1;6;Rue Jean Charcot / Rue Marcel Sembat;48,9342302874;2,4914403394
202200050285;7;6;2022;16:49;1;63;63113;2;1;1;3;CLEMENTEL (BD ETIENNE);45,8037581930;3,1101012826
202200050286;16;2;2022;15:06;1;13;13213;2;1;1;6;CHEMIN DU MERLAN A LA ROSE ;43,3303621033;5,4124255992
202200050287;8;7;2022;19:40;1;92;92050;2;1;1;1;MILLET FRANCOIS RUE;48,8890090000;2,2151640000
202200050288;10;8;2022;06:05;2;77;77071;1;1;1;2;Autoroute A6, PK 082+800, circulant vers Paris;48,1936710000;2,8133150000
202200050289;29;4;2022;08:10;1;62;62427;1;1;1;6;D40E1;50,3962005214;2,9698809385
202200050290;28;11;2022;18:00;5;69;69290;2;2;2;3;Boulevard de la Porte des Alpes;45,7048100000;4,9154800000
202200050291;20;10;2022;06:00;5;92;92078;2;1;3;7;CHARLES DE GAULLE (BD)(72 AU 308);48,9440076587;2,3136246800
202200050292;7;9;2022;13:15;1;83;83099;2;1;1;3;;43,4529030000;6,6914300000
202200050293;15;2;2022;10:10;1;11;11262;2;2;1;6;GAMBETTA (BOULEVARD);43,1819400000;3,0070800000
202200050294;8;7;2022;17:30;1;92;92050;2;1;1;1;GALLIENI GENERAL AVENUE DU;48,8975900000;2,1982700000
202200050295;29;3;2022;06:15;5;13;13001;1;1;1;2;A8;43,5226001344;5,4106954119
202200050296;3;6;2022;16:00;1;59;59090;2;1;1;6;POSTE (RUE DE LA);50,7042870000;3,0947560000
202200050297;14;8;2022;03:00;3;33;33229;1;1;3;6;cd106 Blagon;44,7811020000; -0,9490520000
202200050298;28;11;2022;18:30;5;69;69290;2;2;2;3;53 Chemin de Genas;45,7146300000;4,9596300000
202200050299;24;10;2022;20:06;5;92;92072;2;1;1;2;GRANDE RUE;48,8248400000;2,2136300000
202200050300;27;3;2022;20:50;5;77;77490;2;1;1;6;Trousse Vache;49,0337040000;3,1127040000
202200050301;22;9;2022;12:40;1;71;71011;1;3;1;2;D.982 - Les Champs Salières;46,3094330000;4,0390420000
202200050302;15;2;2022;08:42;1;10;10387;2;1;8;3;GENERAL CHARLES DELESTRAIN (RUE);48,2888661012;4,0735352039
202200050303;6;7;2022;16:30;1;92;92050;2;1;1;5;NERUDA PABLO RUE;48,8960000000;2,2170500000
202200050304;6;6;2022;16:45;1;59;59560;2;3;1;3;EPINETTE LIEU DIT L;50,5522300000;3,0539800000
202200050305;26;11;2022;15:35;1;67;67482;2;1;1;6;REUSS (ALLEE);48,5434400000;7,7720400000
202200050306;28;3;2022;17:00;1;95;95351;1;6;1;2;RD 317;49,0300880000;2,4996900000
202200050307;20;9;2022;17:15;1;21;21464;2;1;1;6;Rue Jean Jaurès;47,1355750000;4,9537610000
202200050308;14;8;2022;09:20;1;988;98802;2;3;1;3;RPS4/RT1 zone Tranduc; -21,8611780000;166,0429110000
202200050309;16;2;2022;16:30;1;06;06088;2;1;1;3;LYAUTEY (AV. DU MAL);43,7100440000;7,2825230000
202200050310;6;7;2022;13:45;1;92;92050;2;1;1;1;ARLEQUIN ALLEE DE L';48,8904400000;2,2267300000
202200050311;24;10;2022;17:06;1;92;92049;2;2;1;3;BROSSOLETTE AVENUE PIERRE;48,8198360000;2,3108650000
202200050312;3;6;2022;17:45;1;59;59178;2;6;1;3;DELCAMBRE (RUE);50,3791500000;3,0806200000
202200050313;26;11;2022;13:15;1;67;67482;2;3;1;3;SCHIRMECK (ROUTE DE);48,5663800000;7,7081400000
202200050314;9;7;2022;17:55;1;92;92048;2;9;1;7;VILLACOUBLAY (AVENUE DE);48,7837596384;2,2316984832
202200050315;16;12;2022;14:10;1;973;97311;1;1;2;1;Avenue Christophe Colomb;5,4576410000; -54,0409330000
202200050316;27;3;2022;09:10;1;91;91095;2;1;1;1;Route de Bouray;48,5144560000;2,3177140000
202200050317;10;4;2022;05:50;5;59;59122;2;1;1;6;NAVES (RUE DE);50,1836500000;3,2565500000
202200050318;16;2;2022;08:40;1;01;01053;2;2;3;6;LEVRIER ( BD ANDRE) IMPAIR;46,2096960000;5,2299080000
202200050319;26;11;2022;21:02;5;66;66136;2;1;1;6;VIVES (CHEMIN DEL);42,7108000000;2,8990800000
202200050320;23;10;2022;22:40;4;92;92044;2;2;1;3;GABRIEL PERI(RUE) 51+ ET 48+;48,8930200000;2,2868500000
202200050321;21;9;2022;18:10;1;31;31433;2;1;1;3;Route d'Espagne;43,5403440000;1,4139690000
202200050322;5;7;2022;13:45;1;92;92048;2;1;1;3;CHARLES INFROIT (RUE) N°2 A 14;48,8073860000;2,2427440000
202200050323;7;6;2022;20:10;1;58;58194;2;1;1;2;PERE DE FOUCAULD;46,9949200000;3,1284000000
202200050324;30;3;2022;13:45;1;73;73116;1;1;2;6;D926;45,2485910000;6,3153950000
202200050325;14;8;2022;02:45;5;973;97311;2;1;1;6;avenue christophe colomb;5,4827820000; -54,0358690000
202200050326;16;2;2022;10:25;1;75;75113;2;1;1;3;BD PERIPHERIQUE INTERIEUR;48,8170450000;2,3484020000
202200050327;21;9;2022;09:10;1;86;86121;2;1;7;6;Rue de la Verminette;46,6188530000;0,0802130000
202200050328;24;11;2022;21:26;5;63;63113;2;1;1;2;rue du Torpilleur Sirocco;45,8068757052;3,1067973375
202200050329;22;10;2022;10:53;1;92;92036;2;1;1;6;LAURENT CELY (AVENUE) (154/336);48,9246180000;2,3044000000
202200050330;9;7;2022;09:10;1;92;92040;2;1;1;3;CAMILLE DESMOULINS;48,8292000000;2,2639200000
202200050331;29;3;2022;19:55;2;38;38316;2;1;1;2;49 Rue Aimé Pinel;45,7543560000;5,1771820000
202200050332;6;6;2022;18:20;1;58;58194;2;3;2;3;GONZAGUE;46,9857100000;3,1527400000
202200050333;13;2;2022;10:50;1;75;75114;2;4;1;6;BD PERIPHERIQUE INTERIEUR;48,8247843551;2,3046344519
202200050334;14;8;2022;07:10;1;971;97107;1;1;1;1;167 Allee Saint Sauveur;16,0111510000; -61,5896750000
202200050335;21;9;2022;23:20;5;22;22176;2;1;1;6;Rue Roger Vercel;48,4611840000; -2,7410030000
202200050336;23;11;2022;08:02;2;63;63113;2;1;1;3;BLUM (AVENUE LEON);45,7688900000;3,0947200000
202200050337;21;10;2022;11:00;1;92;92036;2;4;1;6;LOUIS CALMEL (RUE) (1);48,9265909159;2,2945466637
202200050338;6;7;2022;09:36;1;92;92040;2;1;1;3;GENERAL DE GAULLE (AVE DU) 87 A 127;48,8192862537;2,2786325812
202200050339;30;3;2022;12:20;1;26;26317;2;1;1;1;D94;44,2985640000;5,0095750000
202200050340;16;2;2022;18:30;5;75;75106;2;7;2;6;QUAI DES GRANDS AUGUSTINS;48,8537903722;2,3442801833
202200050341;7;6;2022;03:30;5;57;57666;2;3;1;6;VERDUN (RUE DE);49,3457611642;6,1504204170
202200050342;14;8;2022;08:25;1;2B;2B140;1;1;1;1;TERRITORIALE 20;42,5029130000;9,3029520000
202200050343;22;9;2022;08:45;1;60;60589;1;1;1;2;Route Départementale 1016;49,2436740000;2,4744340000
202200050344;20;10;2022;10:40;1;92;92036;2;6;1;6;LAURENT CELY (AVENUE) (1/143);48,9328200000;2,3025700000
202200050345;23;11;2022;08:51;1;63;63014;2;1;1;3;MARGERIDE (AVENUE DE LA);45,7578900000;3,1261900000
202200050346;28;3;2022;16:15;1;64;64430;2;9;1;6;Avenue Adrien Planté;43,4827880000; -0,7564370000
202200050347;7;6;2022;14:20;1;56;56121;2;1;1;6;33 Rue du Bois-du-Château;47,7690000000; -3,3750000000
202200050348;16;2;2022;08:09;1;75;75105;2;1;1;3;QUAI DE LA TOURNELLE;48,8513430574;2,3506410420
202200050349;6;7;2022;12:15;1;92;92036;2;3;1;3;PRINCIPALE DU PORT (ROUTE) (1/17);48,9405627804;2,2915447354
202200050350;14;8;2022;09:20;1;2B;2B134;2;6;1;4;Place Pascal Paoli;42,6337650000;8,9398830000
202200050351;29;3;2022;22:20;3;40;40019;1;1;1;7;Piste forrestière n°34;44,1919130000; -1,1895280000
202200050352;24;10;2022;18:25;2;92;92024;2;1;1;3;MARTRE (RUE) DE (111 A 119)   (122 A 144;48,9042400000;2,3049300000
202200050353;7;6;2022;09:45;1;54;54431;2;1;1;2;DE GAULLE (AVENUE);48,9084420000;6,0393830000
202200050354;23;11;2022;15:20;1;63;63113;2;4;1;3;NIEPCE/ d'Alembert;45,7597900000;3,0939200000
202200050355;14;8;2022;03:00;3;2A;2A041;2;1;1;6;D258;41,3906950000;9,2242560000
202200050356;30;3;2022;14:20;1;76;76684;1;1;2;6;D39;49,4853010000;0,4633030000
202200050357;20;9;2022;20:35;3;33;33075;1;1;1;2;ROCADE A 630;44,8833890000; -0,6225220000
202200050358;5;7;2022;19:00;1;92;92036;2;3;1;3;GRESILLONS (AVENUE DES) (1/45);48,9145308856;2,3004947305
202200050359;24;10;2022;08:00;1;92;92012;2;1;1;1;EDOUARD VAILLANT (AVENUE) - DEBUT/55 - C;48,8350380000;2,2478700000
202200050360;8;6;2022;08:14;1;54;54304;2;1;1;4;BOIS GRONEE (AVENUE DU);48,6792683345;6,1425912380
202200050361;29;3;2022;09:19;1;13;13005;1;1;1;7;A50-Sens Marseille vers Aubagne;43,2745270000;5,5883930000
202200050362;22;11;2022;17:27;5;62;62193;2;2;8;3;Boulevard Lafayette;50,9454200000;1,8623940000
202200050363;16;2;2022;17:00;1;75;75119;2;3;2;4;AVENUE JEAN JAURES;48,8887950000;2,3931120000
202200050364;7;7;2022;02:35;5;92;92026;2;1;1;3;RUE HENRI REGNAULT;48,8944863184;2,2438550591
202200050365;24;10;2022;14:20;1;54;54289;2;1;1;3;voie sans nom;48,7400452650;6,2700015315
202200050366;15;9;2022;15:05;1;59;59094;1;1;1;5;AUTOROUTE A16;50,9659589453;2,2185301781
202200050367;29;3;2022;08:20;1;13;13005;1;1;1;7;A50-Sens Marseille vers Aubagne;43,2725000000;5,5888000000
202200050368;28;11;2022;10:10;1;61;61001;2;6;1;6;BASINGSTOKE (AVENUE DE);48,4340000000;0,0940000000
202200050369;13;8;2022;23:45;3;34;34299;1;1;8;1;D 64;43,2918420000;3,2906410000
202200050370;7;6;2022;16:45;1;54;54578;2;1;1;6;AIGUILLETTES  (BD 5 A 73-2 A 94);48,6707923760;6,1574144661
202200050371;21;9;2022;20:50;3;91;91589;1;1;1;7;AUTOROUTE A6;48,6704200000;2,3483800000
202200050372;6;7;2022;02:30;5;92;92062;2;1;1;2;GENERAL DE GAULLE (AVENUE DU);48,8876155920;2,2332034707
202200050373;16;2;2022;14:45;1;75;75119;2;3;1;6;RUE BOTZARIS;48,8795299339;2,3883180320
202200050374;28;11;2022;11:10;1;59;59350;2;1;1;6;REPUBLIQUE AVENUE DE LA N°76 - 292 ET N°;50,6564033208;3,0890625715
202200050375;28;3;2022;17:00;1;13;13081;1;1;1;2;A7-Sens Marseille vers Lyon;43,4798390000;5,2400250000
202200050376;13;8;2022;19:45;1;21;21585;1;1;1;7;pk 18 D31;47,2161331266;5,0800468773
202200050377;24;10;2022;17:45;2;62;62696;1;2;3;3;D104;50,5709370000;2,1729540000
202200050378;21;9;2022;15:00;1;91;91161;1;1;1;2;AUTOROUTE A126;48,7109800000;2,2975000000
202200050379;10;7;2022;00:45;5;92;92026;2;6;1;3;EUROPE ( ROND POINT DE L' );48,9051866170;2,2560440898
202200050380;16;2;2022;03:40;5;75;75118;2;3;2;3;RUE MARX DORMOY;48,8868244690;2,3596760631
202200050381;28;3;2022;14:30;1;13;13001;1;1;1;2;A51-Sens Marseille vers Aix en Provence;43,4725940000;5,4071780000
202200050382;14;8;2022;08:05;2;73;73051;2;1;3;1;D14 Rte de Chambéry;45,6436817480;5,8624059856
202200050383;25;11;2022;23:58;3;56;56107;1;1;1;2;Quélisoy les Bruyères;47,7220800000; -3,3823900000
202200050384;7;6;2022;07:55;1;54;54395;2;2;1;5;LECLERC (AV. DU GENE;48,6733954953;6,1739543080
202200050385;21;9;2022;09:00;1;91;91347;1;1;1;2;RN 104;48,6221300000;2,2807100000
202200050386;16;2;2022;06:50;5;75;75117;2;1;1;6;RUE DE COURCELLES;48,8868091838;2,2954384983
202200050387;18;10;2022;20:50;3;38;38238;1;2;1;1;D38;45,5009480000;5,0113530000
202200050388;11;8;2022;11:00;1;73;73179;1;6;1;3;D14A;45,6009420000;5,8762000000
202200050389;9;7;2022;11:22;1;92;92025;2;3;1;3;CHARLES DE GAULLE (BD);48,9118304365;2,2326957285
202200050390;28;3;2022;08:40;1;67;67482;1;1;1;3;M35;48,5848500000;7,7248700000
202200050391;8;6;2022;12:20;1;53;53130;2;1;1;3;GRAT ( BOULEVARD FELIX );48,0687700000; -0,7620000000
202200050392;13;8;2022;20:00;2;26;26037;2;1;1;6;Route de Valence;44,8726600000;4,9416580000
202200050393;21;9;2022;07:20;1;91;91687;1;1;1;3;AUTOROUTE A6;48,6622500000;2,3690100000
202200050394;25;10;2022;11:33;1;69;69277;1;1;1;2;Rue de la Fraternite;45,7203340000;5,0515710000
202200050395;15;2;2022;19:55;5;75;75117;2;2;2;6;AVENUE DE VILLIERS;48,8838164180;2,3047705740
202200050396;10;7;2022;14:52;1;92;92024;2;1;1;6;PIERRE BEREGOVOY (RUE);48,9038556402;2,2986588925
202200050397;8;6;2022;19:30;1;51;51055;2;6;1;3;Rue de la Potière;49,2763600000;4,0553700000
202200050398;14;8;2022;18:00;1;07;07245;1;1;1;6;3845 Route de Saint Felicien;45,0816150000;4,7777260000
202200050399;26;11;2022;19:15;5;54;54329;2;3;1;1;RUE DE LA POLOGNE;48,5818900000;6,5042400000
202200050400;21;9;2022;05:40;3;94;94038;1;1;1;3;AUTOROUTE A6B;48,7779408208;2,3466768615
202200050401;8;7;2022;15:30;1;92;92024;2;3;1;6;JEAN JAURES (BD) DE (111 A 159);48,9072855981;2,3003414422
202200050402;24;10;2022;19:00;2;42;42069;2;3;1;3;Rue Jules Ferry;45,9995930000;4,0613200000
202200050403;16;2;2022;17:50;5;75;75113;2;5;2;3;AVENUE DES GOBELINS;48,8367720000;2,3518510000
202200050404;14;8;2022;01:50;3;01;01441;2;1;1;6;rue très la croix;46,0765430000;5,5332790000
202200050405;27;3;2022;17:45;1;33;33013;1;1;1;5;ROUTE NATIONALE 89;44,8677300000; -0,4925800000
202200050406;8;6;2022;16:30;1;51;51454;2;2;2;3;rue Richelieu;49,2128852037;4,0222768486