Num_Acc;jour;mois;an;hrmn;lum;dep;com;agg;int;atm;col;adr;lat;long
202200050407;9;7;2022;20:51;1;92;92023;2;1;1;1;GENERAL DE GAULLE (AV DU) N°130 A 340 ET;48,7852168567;2,2511174083
202200050408;28;11;2022;23:25;5;49;49099;2;7;1;2;QUINZE AOUT 1944 (PLACE DU);47,0518700000; -0,8839100000
202200050409;16;2;2022;09:55;1;75;75111;2;1;1;6;RUE LEON FROT;48,8582628839;2,3839406669
202200050410;21;9;2022;19:00;1;92;92072;1;1;1;2;N118;48,8205945740;2,2186143918
202200050411;12;8;2022;21:20;3;16;16370;1;1;1;6;D699;45,6031120130;0,0193360440
202200050412;25;10;2022;19:10;3;77;77415;1;1;1;2;A4 PK 51.500 vers PARIS;48,9309480000;3,0234340000
202200050413;10;3;2022;06:05;3;62;62852;1;1;1;6;A16;50,9363500000;2,0654300000
202200050414;8;6;2022;11:45;1;51;51454;2;1;2;3;rue des Courtes Martin;49,2630134192;4,0575210750
202200050415;28;11;2022;07:40;5;49;49007;2;1;2;3;GAULLE BOULEVARD CHARLES DE;47,4689800000; -0,5594800000
202200050416;8;8;2022;20:50;2;29;29256;1;1;1;6;Lieu Dit Ruyen;48,2045590000; -4,3054930000
202200050417;8;7;2022;20:10;1;92;92019;2;1;1;2;VAILLANT EDOUARD (RUE);48,7648036413;2,2562651038
202200050418;12;2;2022;20:45;5;75;75104;2;3;1;3;RUE SAINT ANTOINE;48,8545820000;2,3629330000
202200050419;21;9;2022;09:13;1;78;78158;1;1;1;4;A13;48,8347590000;2,1321870000
202200050420;7;6;2022;10:20;1;51;51454;2;3;1;3;boulevard Robespierre;49,2696900000;4,0311100000
202200050421;26;11;2022;19:05;5;49;49007;2;1;1;6;CHAUMIN BOULEVARD;47,4504900000; -0,5556200000
202200050422;11;10;2022;12:30;1;01;01399;1;3;1;3;D1005;46,2921880000;6,0791090000
202200050423;15;2;2022;18:45;5;94;94081;2;1;2;3;Av du President Salvador Allende;48,7963000000;2,4165900000
202200050424;12;4;2022;08:35;1;50;50147;1;1;1;6;MOUSLEY;49,0569200000; -1,4618700000
202200050425;10;7;2022;18:45;1;92;92012;2;1;1;3;ISSY (RUE D');48,8291181122;2,2451578081
202200050426;29;3;2022;05:47;3;91;91228;1;1;1;4;RN 104;48,6124000000;2,4322000000
202200050427;25;10;2022;06:30;3;67;67534;1;1;1;2;RD 421  PR 11+900;48,7500740000;7,5225560000
202200050428;16;2;2022;08:20;1;94;94028;2;9;2;6;Avenue Bernard Halpern;48,7684100000;2,4651300000
202200050429;28;11;2022;13:50;1;47;47031;1;6;8;3;RIOLS (ALLEE DE);44,1787800000;0,6186400000
202200050430;4;6;2022;16:50;1;50;50129;1;3;1;3;GLACERIE (ROUTE DE LA);49,6202200000; -1,5822200000
202200050431;9;7;2022;18:40;1;92;92012;2;2;1;3;ANDRE MORIZET (AVENUE) - 49/FIN - 54/FIN;48,8369141833;2,2364829406
202200050432;28;11;2022;06:35;5;44;44109;2;7;2;6;21 Boulevard des Frères de Goncourt;47,2332400000; -1,5655800000
202200050433;20;9;2022;07:20;3;92;92023;1;1;1;4;RN385;48,7766292971;2,2331996201
202200050434;29;3;2022;17:25;1;78;78043;1;1;2;4;A12 Y;48,8419300000;2,1021950000
202200050435;24;10;2022;19:20;3;30;30202;1;6;1;1;N86;44,2475850000;4,6510680000
202200050436;16;2;2022;05:11;5;94;94054;2;3;3;2;Route Charles Tillon / Avenue de la Victoire;48,7447800000;2,3863200000
202200050437;8;6;2022;06:22;1;49;49007;2;6;1;3;DE LATTRE DE TASSIGNY;47,4481330634; -0,5382388830
202200050438;13;8;2022;15:20;1;91;91589;1;1;1;4;AUTOROUTE A6;48,6715800000;2,3463700000
202200050439;28;11;2022;09:05;1;43;43002;2;1;2;2;Avenue de Bonneville;45,0499120000;3,8816110000
202200050440;20;9;2022;19:04;1;93;93007;1;1;1;2;A1;48,9511831351;2,4502991194
202200050441;7;7;2022;17:30;1;92;92012;2;2;1;6;CHARLES DE GAULLE (AVENUE) COTE IMPAIR;48,8467281095;2,2368529513
202200050442;16;2;2022;04:40;5;93;93064;2;1;2;3;ALSACE-LORRAINE (BOULEVARD);48,8846667400;2,4835446327
202200050443;7;6;2022;12:10;1;44;44143;2;1;1;1;14 Rue de la Croix Médard;47,1882300000; -1,5736900000
202200050444;23;10;2022;10:45;1;51;51359;1;3;1;3;D41;48,8585530000;3,5101850000
202200050445;13;8;2022;10:48;1;91;91228;1;1;1;2;RN 104;48,6324100000;2,4066100000
202200050446;28;3;2022;17:30;1;95;95500;1;1;1;5;AUTOROUTE A15;49,0378000000;2,0895900000
202200050447;28;11;2022;08:15;1;35;35238;2;1;1;3;MANIEZ (AVENUE JULES);48,0984634285; -1,6978999972
202200050448;19;9;2022;19:30;1;95;95042;1;1;1;2;RN 104;49,0616820127;2,3148751259
202200050449;23;4;2022;06:30;2;44;44143;2;6;1;3;3 Rue de la Butte de Praud;47,1705800000; -1,5488900000
202200050450;7;7;2022;13:50;1;92;92012;2;1;1;2;EDOUARD VAILLANT (AVENUE) - DEBUT/55 - C;48,8364307367;2,2526494860
202200050451;24;10;2022;17:50;2;56;56122;1;1;8;1;La Saudraie;48,0097790000; -2,3936460000
202200050452;16;2;2022;18:15;5;93;93031;2;2;2;3;Avenue de Lattre de Tassigny / Avenue Jean Jaurès;48,9529800000;2,3159100000
202200050453;26;11;2022;14:35;1;34;34108;2;1;1;1;RD 612;43,4207300000;3,7362300000
202200050454;29;3;2022;17:10;1;94;94028;1;1;2;3;A86 INT;48,7893256603;2,4401932752
202200050455;25;10;2022;08:45;1;76;76452;2;9;1;6;Place de l Abbe Kerebel;49,5476030000;1,0735950000
202200050456;8;7;2022;00:45;5;92;92004;1;1;1;2;SABLIERE;48,9078646833;2,2731305659
202200050457;28;11;2022;19:45;5;33;33162;2;1;1;6;Avenue de Saint-Medard;44,8638400000; -0,6599500000
202200050458;16;4;2022;21:15;5;44;44109;2;1;1;4;29 Rue de Fleurus;47,2117000000; -1,5426100000
202200050459;16;2;2022;18:30;1;93;93031;2;9;2;6;Avenue du 18 Juin 1940;48,9529520000;2,3074690000
202200050460;29;3;2022;08:50;1;77;77122;1;1;1;7;RN104;48,6522206256;2,6132676949
202200050461;19;9;2022;18:50;1;93;93066;1;1;1;4; A1;48,9110682904;2,3581908480
202200050462;24;10;2022;20:00;3;33;33345;1;1;1;6;lieu dit reveillon;44,6705150000;0,0783850000
202200050463;13;8;2022;11:30;1;78;78140;1;1;1;7;A13;48,9593410000;1,9324770000
202200050464;28;11;2022;09:15;1;31;31069;2;1;2;3;BRASSENS (AV GEORGES);43,6488500000;1,3732000000
202200050465;16;2;2022;15:15;1;93;93013;2;1;1;6;LECLERC (AVENU DE LA DIVISION);48,9347109671;2,4255909554
202200050466;8;7;2022;12:30;1;92;92004;2;9;1;3;DOCTEUR DERVAUX  ( QUAI DU );48,9084686630;2,2929912507
202200050467;25;10;2022;11:40;1;32;32061;1;1;1;1;D626;43,5373920000;0,7721870000
202200050468;27;3;2022;19:30;1;76;76351;2;1;1;6;ALBERT 1ER;49,4974400000;0,0923300000
202200050469;13;8;2022;05:00;3;78;78640;1;1;1;2;N118;48,7763150000;2,2221270000
202200050470;7;6;2022;17:40;1;43;43157;2;1;1;5;10 Boulevard Gambetta;45,0445349394;3,8788497448
202200050471;28;11;2022;09:54;1;29;29232;2;2;3;1;Rue de l'Universite;47,9822200000; -4,0970800000
202200050472;16;2;2022;13:20;1;93;93010;2;2;8;3;Rue Louis Auguste Blanqui / Avenue Carnot;48,8998700000;2,4814800000
202200050473;28;3;2022;20:45;5;75;75110;2;1;1;6;BOULEVARD DE STRASBOURG;48,8699952246;2,3546368629
202200050474;13;8;2022;13:40;1;93;93039;1;9;1;2;AUTOROUTE A86;48,9268768080;2,3359794749
202200050475;24;10;2022;13:45;1;71;71509;1;1;1;5;Lieu-dit ''Le Polroy'';47,0042191670;4,2055964466
202200050476;15;2;2022;14:33;1;93;93007;2;1;1;6;PIERRE ET MARIE CURIE (AVENUE);48,9369680827;2,4608954807
202200050477;21;9;2022;17:30;1;77;77083;1;1;1;5;A4.W;48,8319150000;2,6012390000
202200050478;28;11;2022;22:30;5;25;25056;2;1;8;6;VOIRIN RUE;47,2425200000;6,0100800000
202200050479;28;2;2022;17:20;1;972;97209;2;4;1;6;ERNEST DEPROGE (RUE);14,6036400000; -61,0721900000
202200050480;24;10;2022;18:00;2;12;12047;1;1;1;7;D45- MAJAU;44,4365620000;3,0786520000
202200050481;8;7;2022;16:30;1;92;92014;2;2;1;3;GENERAL LECLERC (AV.) (1 A 55BIS - 2 A 4;48,7879282516;2,3187397867
202200050482;16;2;2022;12:15;1;93;93001;2;9;8;6;Rue Hemet;48,9168790000;2,3896330000
202200050483;12;8;2022;20:20;1;93;93064;1;1;1;4;AUTOROUTE A86;48,8813700000;2,4742000000
202200050484;20;9;2022;22:05;3;94;94028;1;1;1;7;A86 EXT;48,7760849626;2,4295495219
202200050485;28;11;2022;14:25;1;25;25056;2;4;2;3;SANATORIUM CHEMIN DU;47,2354070000;5,9616990000
202200050486;29;3;2022;09:30;1;988;98818;2;3;1;2;ROUTE DE LA BAIE DES DAMES/RUE FULTON; -22,2379100000;166,4473000000
202200050487;7;6;2022;21:00;2;42;42218;1;1;1;1;Avenue Léon Jouhaux;45,4242269092;4,4320159251
202200050488;16;2;2022;14:00;1;92;92073;2;1;1;2;SELLIER (BOULEVARD HENRI);48,8675992215;2,2267849445
202200050489;7;7;2022;19:10;1;92;92002;2;2;1;6;DIVISION LECLERC (1 A 29 -2 A 34);48,7513705728;2,3044534027
202200050490;28;11;2022;06:25;2;25;25056;2;1;1;2;BELFORT RUE DE (inf144);47,2584460000;6,0445750000
202200050491;20;9;2022;12:00;1;51;51454;2;1;1;7;rue Gerbert;49,2507102396;4,0400665998
202200050492;7;6;2022;08:27;1;41;41018;2;1;1;6;ALBERT 1ER (RUE);47,5821230000;1,3223610000
202200050493;24;10;2022;12:50;1;42;42150;1;3;1;6;Route de Boën;45,7246990000;4,0450640000
202200050494;28;3;2022;20:05;5;973;97302;2;3;1;3;MONTABO (ROUTE DE) 2;4,9395600000; -52,3010900000
202200050495;15;2;2022;19:25;5;92;92050;2;3;2;6;REPUBLIQUE AVENUE DE LA;48,9118365843;2,2228276804
202200050496;28;11;2022;19:20;3;22;22360;1;1;2;7;53 Rue du Guerneau;48,4832228737; -2,7727781832
202200050497;6;7;2022;19:34;1;92;92002;2;1;1;6;ESTEREL (ALLEE DE L');48,7351047860;2,2864882350
202200050498;25;10;2022;12:38;1;68;68155;2;1;1;6;46 Rue de la République;48,0968130000;7,3029670000
202200050499;20;9;2022;16:15;1;74;74305;2;1;1;6;POTTIERE (RUE DE);46,2017600000;6,2584900000
202200050500;29;3;2022;00:10;4;69;69387;2;1;1;6;Cours Gambetta;45,7499200000;4,8583200000
202200050501;26;11;2022;23:30;3;19;19031;1;1;1;7;;45,1507110000;1,5437820000
202200050502;7;6;2022;17:40;1;38;38185;2;2;1;3;AVENUE PAUL COCAT;45,1706800000;5,7399900000
202200050503;6;7;2022;20:10;1;35;35294;1;1;1;6;D177;47,6983030000; -2,0280770000
202200050504;20;9;2022;18:30;1;94;94081;2;1;1;1;MOULIN DE SAQUET (AV DU);48,7903200000;2,3801400000
202200050505;12;8;2022;20:00;2;973;97302;2;2;1;3;CATAYEE (JUSTIN);4,9389423761; -52,3283234239
202200050506;24;10;2022;18:53;1;39;39333;2;3;1;3;1 Route de Saint-Laurent;46,4345260000;5,7250250000
202200050507;28;3;2022;17:20;1;69;69386;1;2;1;3;Rue Bossuet;45,7675600000;4,8476200000
202200050508;25;11;2022;19:30;5;19;19031;1;1;1;2;MARQUISIE (IMPASSE DE LA);45,1575892565;1,4911783933
202200050509;6;7;2022;11:00;1;49;49063;2;6;1;6;Place de l Hôtel de Ville;47,3515810000; -0,7635610000
202200050510;16;2;2022;08:55;1;92;92020;2;2;1;5;PARIS AVENUE DE N°2 A82;48,8040179888;2,2885465622
202200050511;7;6;2022;13:40;1;37;37122;2;6;1;2;GALLIENI (RUE);47,3503215869;0,6564304233
202200050512;11;8;2022;12:55;1;973;97302;2;1;1;6;BADUEL (ROUTE DE);4,9322345493; -52,3078688979
202200050513;24;10;2022;18:18;2;25;25157;1;1;2;1;N57;46,8536280000;6,3729290000
202200050514;26;10;2022;12:45;1;13;13056;1;1;1;3;CD 49;43,3972800000;5,0325100000
202200050515;19;9;2022;08:05;1;92;92050;2;2;1;6;BOUVETS BOULEVARD DES;48,8982470505;2,2200429440
202200050516;28;3;2022;12:55;1;69;69199;2;1;1;4;Boulevard Yves Farge;45,6973650838;4,8580545187
202200050517;16;2;2022;08:00;1;92;92020;2;3;8;7;REPUBLIQUE AV. N°27 A 105 ET 26 A 178;48,8093547839;2,3010840118
202200050518;8;7;2022;11:55;1;37;37035;1;1;1;1;D749;46,9835240000;0,3452650000
202200050519;8;6;2022;06:15;2;37;37261;2;9;3;3;SAINT FRANCOIS (RUE);47,3805062939;0,6663921475
202200050520;11;8;2022;23:00;5;973;97302;2;2;1;3;PAYEE (MADAME);4,9415144118; -52,3289470375
202200050521;25;10;2022;14:30;1;25;25084;1;1;1;6;D105;47,1520880000;5,8953130000
202200050522;16;2;2022;14:10;1;92;92048;2;1;1;6;TRIVAUX (AVENUE DE) N° 1;48,7907923515;2,2328706086
202200050523;24;10;2022;08:10;3;44;44186;2;1;2;6;18 Avenue General de Gaulle;47,1053250000; -1,8124170000
202200050524;17;5;2022;15:50;1;62;62758;2;1;1;7;CROIX ABOT ( Rue );50,7162230000;1,6377830000
202200050525;28;3;2022;10:30;1;69;69387;2;1;1;6;Rue Crépet;45,7393300000;4,8345800000
202200050526;24;10;2022;21:50;3;35;35207;1;1;1;6;La Planche au Gaude;48,0989200000; -1,5188170000
202200050527;16;2;2022;12:55;1;92;92044;2;2;1;3;ED.VAILLANT(RUE) 47A73 ET 50A78;48,8956816331;2,2893729508
202200050528;11;8;2022;09:55;1;972;97213;1;3;1;5;ROUTE DEPARTEMENTALE 3;14,6461600000; -60,9903900000
202200050529;28;11;2022;19:00;5;13;13208;2;1;3;2;PARADIS (RUE);43,2734200000;5,3852900000
202200050530;28;3;2022;10:30;1;69;69388;2;1;1;6;Rue Professeur Beauvisage;45,7275500000;4,8627500000
202200050531;16;2;2022;17:06;1;33;33393;2;3;2;1;Route de l Europe;44,9872290000; -0,1680460000
202200050532;23;10;2022;17:55;2;35;35220;1;1;8;1;Attillé;48,0078340000; -1,4208300000
202200050533;28;4;2022;11:10;1;62;62108;1;1;1;1;CD940;50,4103870000;1,5939830000
202200050534;8;7;2022;16:00;1;37;37051;2;2;1;3;26 Rue de la Bonne-dame;47,0641400000;0,3167530000
202200050535;12;8;2022;06:00;2;971;97101;1;1;1;3;ROUTE DE BOISVINS;16,2671875168; -61,4755439758
202200050536;7;6;2022;16:55;1;37;37122;2;2;1;1;BORDEAUX (AVENUE DE);47,3555131691;0,6983399391
202200050537;23;10;2022;22:00;3;29;29108;2;1;8;6;20 Rue Armor;47,9974000000; -4,3384880000
202200050538;28;3;2022;06:55;2;69;69382;2;1;1;1;86 Quai Perrache;45,7316789947;4,8163487178
202200050539;28;11;2022;19:40;5;13;13047;2;1;8;1;RAYMOND FILIPPI AVENUE;43,4975400000;4,9807800000
202200050540;17;2;2022;06:40;3;33;33170;1;2;2;3;D9;44,5676180000; -0,0316930000
202200050541;7;6;2022;12:05;1;37;37261;2;1;2;7;ENTRAIGUES (RUE D');47,3864975789;0,6790924072
202200050542;7;7;2022;18:30;1;37;37051;1;2;1;3;D113;47,0794873121;0,3481131792
202200050543;24;3;2022;16:20;1;69;69034;2;1;1;6;55 Rue Jean Moulin;45,8002576427;4,8480954766
202200050544;12;8;2022;19:30;2;91;91657;2;3;7;3;RUE JULES VERNE;48,6925200000;2,4448900000
202200050545;23;4;2022;11:30;1;62;62108;1;6;1;3;EUROPE;50,4049300000;1,6027300000
202200050546;17;2;2022;15:35;1;28;28253;1;1;7;7;A11 - PK 071+200;48,3459820000;1,4142170000
202200050547;28;11;2022;05:35;5;13;13001;2;1;1;2;SOLARI PHILIPPE (AV);43,5398800000;5,4425300000
202200050548;25;10;2022;09:45;1;38;38384;1;9;1;3;Route de Chartreuse;45,3458120000;5,3644230000
202200050549;7;6;2022;09:08;1;37;37261;2;1;1;2;DANIEL MAYER;47,4185900000;0,6912400000
202200050550;9;7;2022;11:00;1;37;37155;1;1;1;6;Route de Saint Arnoult;47,6694150000;0,8478440000
202200050551;8;8;2022;11:23;1;88;88160;2;1;1;6;BOEGNER (RUE DU PASTEUR-);48,1726000000;6,4484700000
202200050552;28;3;2022;08:50;1;95;95555;2;1;1;2;RD 109;48,9670500000;2,2835300000
202200050553;16;2;2022;10:35;1;10;10191;1;1;2;3;Lavau;48,3311190000;4,1100880000
202200050554;20;9;2022;18:00;2;974;97411;2;2;1;6;LECONTE DE LISLE (AVENUE); -20,8920400000;55,4819100000
202200050555;24;10;2022;13:30;1;02;02284;2;1;2;1;;49,9101650000;3,8280700000
202200050556;7;6;2022;13:50;1;35;35055;2;1;1;6;STADE (ALLEE DU);48,0913616182; -1,6188636795
202200050557;26;11;2022;09:45;1;11;11069;2;1;1;3;34 Avenue du Général Leclerc;43,2100000000;2,3643000000
202200050558;10;8;2022;20:20;1;84;84007;2;1;1;6;VENUS D'ARLES (Rue de la);43,9295500000;4,8186100000
202200050559;27;6;2022;09:40;1;12;12136;1;2;2;3;D1;44,4227620000;2,1378060000
202200050560;5;2;2022;14:30;1;28;28081;1;1;1;3;D12;48,2992330000;1,2992240000
202200050561;17;3;2022;20:03;5;95;95637;2;1;1;3;MEND€S FRANCE (MAIL);49,0232668159;2,0264598727
202200050562;20;9;2022;07:20;1;973;97302;2;1;1;3;CATAYEE (JUSTIN);4,9399896745; -52,3307079077
202200050563;28;11;2022;17:20;5;06;06069;2;1;1;1;PEGOMAS (ROUTE DE);43,6364700000;6,9333500000
202200050564;9;7;2022;10:30;1;84;84007;2;1;1;2;QUAI SAINT LAZARE (Bd du);43,9532100000;4,8143100000
202200050565;8;7;2022;14:30;1;35;35245;2;1;1;6;Rue de Galerne;48,2200723198; -1,8940620124
202200050566;21;10;2022;09:50;1;72;72328;1;3;1;5;D301 intersection route de saint michel face N°2545 l'Esperance;48,0471800000;0,2580400000
202200050567;27;3;2022;17:25;1;95;95323;2;1;1;6;EGLISE (RUE DE L');49,0132100000;2,0433500000
202200050568;19;9;2022;13:43;1;973;97302;2;1;1;3;UNIVERSITE CHICAGO (RUE DE);4,9359694914; -52,2980010509
202200050569;7;6;2022;09:10;1;35;35206;1;1;1;4;RN136;48,0801134549; -1,6808947921
202200050570;14;2;2022;14:55;1;27;27355;2;3;2;3;Place Charles Henry Brasier;48,8831760000;1,4605380000
202200050571;24;11;2022;11:40;1;06;06004;2;1;1;2;CANNES(RN.7) AV.DE;43,5738500000;7,0900560000
202200050572;6;7;2022;18:15;1;30;30011;2;1;1;3;Avenue de la 2e Division Blindee;43,9590100000;4,7492300000
202200050573;24;10;2022;18:15;2;06;06079;1;1;1;3;3300 Avenue de Fréjus;43,5249660000;6,9032600000
202200050574;7;6;2022;06:30;1;35;35238;2;1;1;6;ALSACE (D');48,1237300000; -1,7036400000
202200050575;28;3;2022;13:25;1;91;91161;1;9;1;2;RUE HELENE BOUCHER;48,7150730000;2,3036320000
202200050576;20;9;2022;16:15;1;69;69386;2;2;1;7;Rue Vauban;45,7648800000;4,8435700000
202200050577;16;2;2022;12:00;1;12;12096;1;1;2;3;Quatre Routes;44,5030100000;2,7394150000
202200050578;9;7;2022;05:25;2;86;86153;1;1;1;5;N147;46,4161420000;0,6823810000
202200050579;2;8;2022;05:55;1;30;30011;1;1;1;2;;43,9501200000;4,7611300000
202200050580;18;11;2022;10:50;1;05;05061;2;1;1;3;VALSERRES ( RUE DE );44,5555900000;6,0789980000
202200050581;24;10;2022;19:45;3;64;64147;1;9;1;3;D 936;43,4666560000; -1,2892200000
202200050582;7;6;2022;03:20;5;35;35238;2;2;8;1;MITTERAND (MAIL FRANCOIS);48,1086100000; -1,6929700000
202200050583;28;3;2022;15:30;1;91;91657;2;1;1;3;AV HENRI BARBUSSE;48,7011000000;2,4231800000
202200050584;20;9;2022;17:15;1;69;69388;2;3;1;3;Rue Paul Cazeneuve;45,7320800000;4,8607300000
202200050585;6;7;2022;17:20;1;2A;2A090;1;1;1;1;RD 81;42,0859460000;8,7163640000
202200050586;1;8;2022;08:00;1;84;84007;2;4;1;6;MALPEIGNE (Chemin de);43,9514100000;4,8336200000
202200050587;6;6;2022;21:00;1;35;35238;2;1;8;6;PAYS-BAS (AVENUE DES);48,0896000000; -1,6601000000
202200050588;16;2;2022;21:00;3;38;38517;1;1;8;7;D73e;45,3203490000;5,4643250000
202200050589;28;11;2022;08:40;1;75;75116;2;1;1;2;PORTE DAUPHINE;48,8697840000;2,2716840000
202200050590;25;10;2022;14:10;1;73;73128;2;2;8;3;D1201;45,7225530000;5,9183480000
202200050591;30;6;2022;10:50;1;51;51455;1;1;2;7;D16;48,7235640000;4,6437840000
202200050592;28;3;2022;16:15;1;91;91027;2;3;1;2;AV DE MORANGIS;48,7057800000;2,3676400000
202200050593;25;10;2022;16:15;1;43;43183;1;1;1;7;RN102;45,1369780000;3,6053400000
202200050594;20;9;2022;16:30;1;69;69383;2;2;1;5;Cours Gambetta;45,7532700000;4,8490300000
202200050595;17;2;2022;08:30;1;72;72231;1;1;1;1;le grand frestay;47,8976430000;0,4059790000
202200050596;8;6;2022;06:25;1;34;34172;2;1;1;4;EUROPE (AVENUE DE L');43,6341300000;3,8226100000
202200050597;11;8;2022;18:03;1;83;83069;2;1;1;5;LOUBES (ROUTE DES);43,1134200000;6,1018100000
202200050598;27;11;2022;18:35;5;75;75120;2;2;8;3;RUE PELLEPORT;48,8707676775;2,3992721736
202200050599;6;7;2022;14:45;1;2A;2A276;1;1;1;1;Départementale 155;41,7354220000;8,8001560000
202200050600;25;3;2022;13:33;1;87;87085;2;3;1;3;BENEDICTINS (AVENUE DES);45,8329400000;1,2678000000
202200050601;16;2;2022;14:00;1;62;62473;2;8;1;6;Rue du 8 Mai;50,6128710000;2,4630560000
202200050602;20;9;2022;08:35;1;69;69386;2;4;1;2;Boulevard des Belges;45,7727700000;4,8527300000
202200050603;5;7;2022;18:00;1;01;01362;2;1;1;6;;45,9474940000;4,8717730000
202200050604;13;8;2022;00:20;5;81;81065;2;2;1;3;ALSACE LORRAINE (PLACE);43,6019610000;2,2414150000
202200050605;12;10;2022;16:41;1;85;85059;1;2;1;6;RD 949B;46,6499080000; -0,7539370000
202200050606;28;11;2022;05:10;5;75;75118;2;7;1;6;BOULEVARD DE CLICHY;48,8838778566;2,3327855766
202200050607;8;6;2022;13:10;1;33;33069;2;6;2;3;Rue Lamartine;44,8636100000; -0,6063800000
202200050608;14;2;2022;09:00;1;82;82125;2;3;1;1;14 Avenue André-Bonnet;43,9583560000;1,2331940000
202200050609;26;3;2022;16:22;1;87;87050;1;1;1;2;RN 147;45,9154029506;1,2135057652
202200050610;20;9;2022;08:25;1;69;69388;2;2;1;6;Avenue Rockefeller;45,7412400000;4,8851700000
202200050611;11;7;2022;08:30;1;25;25575;1;3;1;3;D683;47,2891300000;6,1457720000
202200050612;10;10;2022;16:00;1;28;28140;2;1;1;2;19 Rue de Cady;48,6125090000;1,6713170000
202200050613;12;8;2022;18:05;1;81;81065;2;3;1;3;PERIE (RUE THERON);43,6082370000;2,2452910000
202200050614;7;6;2022;17:00;1;33;33522;2;1;1;3;Avenue Paul Lapie;44,8021000000; -0,5881000000
202200050615;16;2;2022;13:00;1;82;82087;1;1;2;1;788 route de Montastruc - D78;44,1045070000;1,2775060000
202200050616;20;9;2022;08:50;1;69;69386;2;2;1;6;Rue Vendôme;45,7668100000;4,8453800000
202200050617;9;7;2022;10:55;1;17;17455;1;1;1;1;Chemin Poissonnier;45,8848100000; -0,8750870000
202200050618;28;11;2022;08:20;1;75;75117;2;4;8;3;RUE DE PRONY;48,8847440000;2,2985410000
202200050619;16;9;2022;17:30;1;13;13051;1;1;1;2;D113;43,5764770000;5,1509380000
202200050620;16;2;2022;11:35;1;32;32287;1;1;8;6;D171;43,3938220000;0,6600380000
202200050621;7;6;2022;05:43;2;33;33281;2;1;1;1;Avenue René Cassin;44,8320500000; -0,6707300000
202200050622;5;7;2022;18:50;1;22;22370;1;1;1;1;RE7C, lieu dit runales;48,6732500000; -3,0238390000
202200050623;20;9;2022;18:35;3;972;97213;1;1;1;6;DU ROCHER (CHEMIN);14,6215030000; -61,0181600000
202200050624;25;3;2022;18:15;1;80;80021;2;1;1;6;PAIX (AVENUE DE LA);49,9116600000;2,3041700000
202200050625;24;10;2022;20:45;3;57;57119;1;1;1;6;;48,7361390000;7,0857260000
202200050626;13;1;2022;08:00;2;41;41059;1;1;9;6;D30;47,3932930000;1,3444880000
202200050627;20;9;2022;06:15;1;972;97213;1;9;1;3;ROUTE DEPARTEMENTALE 15;14,6475300000; -61,0103900000
202200050628;13;2;2022;10:30;1;25;25147;1;1;7;7;RD 673;47,2111150000;5,9107730000
202200050629;8;7;2022;15:00;1;22;22302;1;3;1;3;La Ville Neuve;48,5826970000; -2,1892620000
202200050630;7;6;2022;02:00;5;33;33249;2;2;1;3;Rue Condorcet;44,8728800000; -0,5248400000
202200050631;28;11;2022;11:00;1;75;75116;2;1;1;4;VOIE GEORGES POMPIDOU;48,8476210000;2,2751430000
202200050632;25;3;2022;10:45;1;80;80021;2;1;1;1;ANDRE DUROUCHEZ (RUE);49,9270800000;2,2854700000
202200050633;25;10;2022;07:00;3;60;60680;1;1;1;2;Pk 51+700, sens Lille Paris;49,2678632369;2,6914777308
202200050634;10;8;2022;20:00;1;77;77122;2;1;1;6;D57;48,6584800000;2,5562000000
202200050635;20;9;2022;01:30;5;972;97209;2;1;1;2;NELSON MANDELA (BOULEVARD);14,6053500000; -61,0520700000
202200050636;16;2;2022;18:25;2;01;01380;1;1;3;6;D97;46,4506340000;5,1545900000
202200050637;10;7;2022;14:10;1;41;41034;1;1;1;5;D112;47,6297900000;1,5140600000
202200050638;26;3;2022;23:20;5;80;80674;1;1;1;7;RN 25;49,9065528975;2,3473334315
202200050639;27;11;2022;13:10;1;75;75116;2;3;2;6;RUE VITAL;48,8598650000;2,2795260000
202200050640;13;8;2022;00:10;5;76;76484;1;1;1;1;Route des Roches;49,3262800000;1,0418100000
202200050641;21;9;2022;23:30;5;69;69034;2;1;1;3;Avenue Général de Gaulle;45,8132700000;4,8604700000
202200050642;16;2;2022;12:35;1;01;01093;1;1;2;2;2501 Route de Sulignat;46,1513770000;4,9616800000
202200050643;8;6;2022;08:00;2;31;31149;2;1;1;3;BD DE L'EUROPE;43,5981800000;1,3614900000
202200050644;9;5;2022;23:40;5;27;27701;2;9;1;7;CLOUETS ( VOIE );49,2472600000;1,1872700000
202200050645;9;7;2022;00:00;3;95;95116;1;1;1;1;RD 924;49,1605270000;2,3276640000
202200050646;16;2;2022;18:30;2;14;14302;1;1;2;6;D118;49,2872320000;0,0824990000
202200050647;11;8;2022;14:15;1;76;76351;2;2;1;3;MARECHAL JOFFRE (RUE);49,5000000000;0,1298300000
202200050648;20;9;2022;15:50;1;69;69389;2;3;1;6;Rue Professeur Guérin;45,7658900000;4,8054500000
202200050649;28;11;2022;20:00;5;75;75115;2;5;2;3;BOULEVARD DU MONTPARNASSE;48,8450818580;2,3200866580
202200050650;5;6;2022;19:35;1;29;29232;1;6;1;3;Rond-Point d’Ergue-Armel;47,9836638132; -4,0747168065
202200050651;21;4;2022;06:50;2;22;22278;2;3;1;3;CORDERIE (DE LA);48,5162000000; -2,7759410000