Num_Acc;jour;mois;an;hrmn;lum;dep;com;agg;int;atm;col;adr;lat;long
202200050652;28;3;2022;18:35;1;77;77296;2;3;1;6;AV PHILIPPE BUR;48,6273800000;2,5912800000
202200050653;25;10;2022;02:40;3;27;27563;1;1;1;5;A13;49,3871470000;0,5077900000
202200050654;11;8;2022;14:30;1;74;74298;1;3;1;3;BONNEVILLE (ROUTE DE );46,1681440000;6,2713730000
202200050655;7;6;2022;10:00;1;29;29039;2;6;2;7;Giratoire de Keramperu.;47,8899768863; -3,9166259766
202200050656;20;9;2022;18:11;1;2B;2B120;1;1;1;4;11 - RT;42,6475200000;9,4402900000
202200050657;8;7;2022;02:50;3;11;11281;1;1;1;2;A61 PK 293.895;43,2632252477;2,0190653388
202200050658;28;3;2022;07:45;1;76;76552;2;1;1;6;PRESIDENT FELIX FAURE (BD);49,5048800000;0,0803500000
202200050659;9;5;2022;22:20;5;17;17300;2;2;1;3;FONDERIES   RUE DES;46,1601000000; -1,1465000000
202200050660;28;11;2022;09:30;1;75;75115;2;1;1;2;RUE BEAUGRENELLE;48,8476900000;2,2954210000
202200050661;4;2;2022;01:30;3;73;73240;1;1;1;1;D923 Route de la Savoyarde;45,4677460000;6,0437250000
202200050662;24;10;2022;07:40;1;13;13103;1;9;1;2;Autoroute 7 pk 228+400;43,6778360000;5,0956390000
202200050663;5;6;2022;18:25;1;29;29019;1;1;1;3;avenue de la Libération;48,3969350000; -4,5166450000
202200050664;8;7;2022;10:00;1;33;33001;1;1;1;1;Lieu Dit Tripoteau - D1089;44,9951820000; -0,1267750000
202200050665;20;9;2022;10:20;1;971;97113;2;1;1;6;MONTAUBAN (SECTEUR);16,2060800000; -61,4960400000
202200050666;25;3;2022;22:35;5;76;76447;2;1;1;1;D6382;49,5254504862;0,1830781402
202200050667;12;8;2022;13:00;1;72;72181;2;2;1;3;RUBILLARD AV N° PAIRS 118 ET >;48,0131000000;0,1853500000
202200050668;8;6;2022;08:05;1;27;27681;2;6;3;6;EVREUX (ROUTE D');49,0786355485;1,4468994139
202200050669;9;5;2022;07:35;1;17;17300;2;2;1;2;MULHOUSE  AVENUE DE;46,1543800000; -1,1460200000
202200050670;25;10;2022;01:10;3;13;13049;1;1;1;2;Autoroute A7 - PK 223,750 - sens Nord / Sud;43,7193720837;5,0908256887
202200050671;9;7;2022;22:30;3;31;31113;1;1;1;1;Route d Escalquens;43,5134640000;1,5267560000
202200050672;28;11;2022;12:45;1;75;75113;2;2;1;3;RUE DU MOULINET;48,8267970000;2,3532930000
202200050673;11;8;2022;19:15;1;69;69264;2;1;1;6;Rue Robert Schuman;45,9935200000;4,7316300000
202200050674;8;6;2022;00:40;3;27;27681;2;9;8;6;JAURES (BOULEVARD JAURES);49,0958700000;1,4640300000
202200050675;14;2;2022;20:25;3;88;88224;1;1;2;7;Rue des Tilleuls;48,3232440000;6,4448330000
202200050676;28;3;2022;19:35;1;74;74012;2;1;1;3;ILE DE FRANCE (RUE DE L');46,1904300000;6,2482200000
202200050677;8;5;2022;21:28;1;17;17300;2;9;1;1;CREPEAU   AVENUE MICHEL;46,1535940000; -1,1550260000
202200050678;25;10;2022;12:12;1;974;97414;1;3;1;3;route de Cilaos RN5; -21,2844260000;55,4253980000
202200050679;9;7;2022;08:40;1;71;71270;1;1;1;6;A6, Sennecé-Lès-Mâcon PK 381.800 (SENS LYON/PARIS);46,3617500000;4,8307350000
202200050680;11;9;2022;12:40;1;95;95218;2;5;1;1;boulevard jacques duclos;49,0184707455;2,0959907770
202200050681;12;8;2022;11:15;1;66;66136;2;3;1;3;;42,7327000000;2,8899100000
202200050682;6;6;2022;11:05;1;22;22113;1;9;1;3;TREGUIER (ROUTE DE);48,7366960000; -3,4345560000
202200050683;17;2;2022;07:05;3;31;31433;1;3;1;3;Route de Francazal;43,5355370000;1,3767240000
202200050684;28;11;2022;08:35;1;75;75113;2;3;1;3;AVENUE DE FRANCE;48,8355310000;2,3721390000
202200050685;9;5;2022;17:45;1;14;14327;2;9;1;3;D226A;49,2074600000; -0,3170400000
202200050686;8;6;2022;07:00;1;18;18033;2;1;3;7;Boulevard d'Auron;47,0807200000;2,3894600000
202200050687;27;3;2022;18:15;1;72;72181;2;2;1;3;CUGNOT NICOLAS (BD);47,9860700000;0,2251100000
202200050688;7;7;2022;15:50;1;972;97229;1;1;1;1;route Nationale RN2;14,6217330000; -61,1062950000
202200050689;27;11;2022;13:10;1;75;75113;2;1;8;6;RUE DES LONGUES RAIES;48,8212490000;2,3459300000
202200050690;7;6;2022;18:57;1;17;17333;2;1;1;6;JAURES (AVENUE);45,6117780000; -0,9869520000
202200050691;20;9;2022;16:25;1;91;91589;2;1;1;3;AV DE LA BELLE GABRIELLE;48,6851000000;2,3492000000
202200050692;13;10;2022;07:50;3;95;95199;2;1;2;3;Rue Louis Aragon;49,0319900000;2,3408820000
202200050693;17;2;2022;13:50;1;03;03186;1;1;1;6;A71 - PK 314+750;46,3235490000;2,9264400000
202200050694;11;8;2022;20:55;2;65;65286;2;3;1;6;FOCH (AVENUE MARECHAL);43,0922030000; -0,0461780000
202200050695;9;7;2022;06:00;2;83;83086;1;4;1;6;;43,4665570000;6,5454700000
202200050696;20;9;2022;16:28;1;88;88160;2;1;1;6;JEUXEY (RTE DE);48,1940500000;6,4560600000
202200050697;9;5;2022;18:00;1;13;13071;1;1;1;2;ROUTE NATIONALE 113 - MONTEE DE L'ASSASS;43,4062000000;5,3308900000
202200050698;25;10;2022;12:00;1;2B;2B350;1;1;1;3;Tribali;42,5225600000;9,4065100000
202200050699;16;2;2022;17:17;1;66;66213;2;9;8;3;Avenue du Père Pinya;42,6731240000;2,8354010000
202200050700;5;6;2022;20:15;1;14;14366;1;1;1;3;D579;49,1275000000;0,2250030000
202200050701;27;3;2022;12:00;1;64;64024;2;3;1;3;MONTBRUN (AVENUE DE);43,5018000000; -1,5205700000
202200050702;12;8;2022;17:10;1;64;64483;2;3;1;3;Avenue André Ithurralde;43,3924000000; -1,6530700000
202200050703;28;11;2022;19:35;5;75;75112;2;7;1;2;PLACE FELIX EBOUE;48,8397437469;2,3954674602
202200050704;7;7;2022;19:00;1;11;11172;1;3;7;3;D610;43,2660890000;2,7356410000
202200050705;9;5;2022;11:10;1;13;13201;2;1;1;2;FLAMMARION (BOULEVARD);43,3055143681;5,3919479364
202200050706;20;9;2022;10:30;1;87;87085;2;1;1;1;GROUSSIER (RUE ARTHUR);45,8626500000;1,2715100000
202200050707;25;10;2022;16:00;1;2A;2A247;1;1;1;1;ARRAGIO - CD 759;41,6416340000;9,2626490000
202200050708;17;2;2022;09:55;3;42;42334;1;1;1;4;A89;45,8591194820;4,3447914719
202200050709;27;3;2022;10:15;1;59;59352;2;1;1;6;BOUSBECQUE (RUE DE);50,7401720000;3,0798420000
202200050710;8;6;2022;10:45;1;13;13216;2;9;1;2;DELMONT (ROND-POINT);43,3648900000;5,3466000000
202200050711;11;8;2022;11:15;1;64;64249;2;1;1;3;Avenue du Général de Gaulle;43,4213800000; -1,6074400000
202200050712;14;2;2022;18:15;3;06;06149;1;1;2;5;A8 PK 204.200 sud;43,7411660000;7,3300050000
202200050713;9;5;2022;08:00;1;13;13206;2;2;1;3;PRADO (AVENUE DU);43,2839700000;5,3849400000
202200050714;19;9;2022;10:22;1;87;87050;2;1;1;2;LIMOGES (AVENUE DE);45,8669900000;1,2382200000
202200050715;30;9;2022;10:15;1;66;66171;2;1;7;2;Chemin d Al Roure;42,6291206857;3,0066677928
202200050716;28;3;2022;00:40;3;59;59648;1;1;1;6;HUGO VICTOR RUE;50,5809000000;3,0331400000
202200050717;7;6;2022;16:45;1;13;13203;2;1;1;1;ROGER SALENGRO (AVENUE);43,3133100000;5,3715800000
202200050718;28;11;2022;18:15;5;75;75112;2;1;1;2;PONT D AUSTERLITZ;48,8446490000;2,3653860000
202200050719;12;8;2022;16:05;1;64;64125;2;1;1;1;Avenue de la Milady;43,4596100000; -1,5718500000
202200050720;10;7;2022;03:05;3;26;26005;1;1;1;5;A7;44,5029950000;4,7696970000
202200050721;17;2;2022;07:20;2;21;21684;1;1;2;3;A31 PK 0+380 sens Beaune / Dijon;47,0219150000;4,8712620000
202200050722;12;9;2022;16:48;1;84;84087;2;1;1;3;FOCH (AVENUE MARECHAL);44,1327000000;4,8141000000
202200050723;8;5;2022;12:30;1;13;13207;2;1;1;5;CORSE (AVENUE DE LA);43,2896800000;5,3569400000
202200050724;24;10;2022;00:20;3;66;66164;1;1;1;6;;42,7774320000;2,9042320000
202200050725;27;3;2022;21:10;5;59;59378;2;1;1;3;ASTRID RUE DE LA REINE;50,6641800000;3,0896600000
202200050726;7;6;2022;14:50;1;13;13206;2;2;1;3;PARADIS (RUE);43,2843800000;5,3806100000
202200050727;7;7;2022;18:15;1;23;23033;1;1;1;1;montbut;46,1797313599;1,8012428284
202200050728;17;2;2022;07:30;1;34;34179;1;2;1;1;Route de Saint-georges-d'orques 34570 MURVIEL-LES-MONTPELLIER;43,6042350000;3,7409730000
202200050729;9;7;2022;17:20;1;62;62498;2;1;1;3;BLUM (R LEON);50,4412960000;2,8003000000
202200050730;9;5;2022;21:55;5;13;13001;2;1;1;3;JUIN MARECHAL (AV);43,5193700000;5,4333200000
202200050731;21;10;2022;07:30;2;83;83023;2;1;8;6;Route de Marseille;43,4074680000;6,0533170000
202200050732;20;9;2022;10:30;1;83;83137;2;1;1;3;PUY (RUE DOCTEUR LOUIS);43,1225500000;5,9390500000
202200050733;7;6;2022;12:30;1;13;13203;2;1;1;3;NATIONAL (BOULEVARD);43,3110800000;5,3784700000
202200050734;10;7;2022;04:30;3;88;88106;1;1;1;7;D73;48,1454440000;6,9780780000
202200050735;28;11;2022;20:00;5;75;75111;2;7;1;2;BOULEVARD VOLTAIRE;48,8490910000;2,3947220000
202200050736;27;3;2022;19:45;3;59;59588;2;6;1;3;PIERRES;51,0091440000;2,4531590000
202200050737;24;10;2022;20:15;3;13;13004;1;3;1;1;D24;43,5674020000;4,7422960000
202200050738;12;8;2022;11:00;1;56;56162;2;6;7;2;QUEVEN (RUE DE);47,7410600000; -3,4260300000
202200050739;16;2;2022;14:30;1;988;98827;1;1;8;6;lieu dit la moindah, après maison commune; -21,4241100000;165,2671500000
202200050740;8;5;2022;19:20;1;75;75119;2;1;1;2;BD PERIPHERIQUE EXTERIEUR;48,9004790000;2,3752800000
202200050741;19;9;2022;18:00;1;83;83137;2;9;1;1;SIDI BRAHIM (RUE DE);43,1401730000;5,9152720000
202200050742;6;6;2022;08:15;1;13;13211;2;1;1;3;SAINT MARCEL (BOULEVARD DE );43,2876143464;5,4649208678
202200050743;27;3;2022;19:27;1;57;57012;2;1;1;6;GENERAL DE GAULLE (RUE DU);49,3799400000;6,0729100000
202200050744;28;11;2022;08:00;1;75;75110;2;1;8;6;RUE DU FAUBOURG SAINT DENIS;48,8803184088;2,3575986922
202200050745;25;10;2022;11:30;1;89;89136;1;1;1;6;;48,2648200000;3,2905450000
202200050746;12;8;2022;19:20;1;50;50218;2;1;7;6;MATIGNON (AV DES);48,8379000000; -1,5678100000
202200050747;8;7;2022;16:30;1;46;46103;1;1;7;1;Départementale 4;44,2627350000;1,3976240000
202200050748;16;9;2022;07:45;1;80;80164;1;1;1;2;ROCADE RN25;49,8946000000;2,3746300000
202200050749;6;5;2022;17:30;1;75;75120;2;4;1;3;BD PERIPHERIQUE EXTERIEUR;48,8534840000;2,4143080000
202200050750;7;6;2022;22:45;5;13;13047;2;1;1;3;RAYMOND FILIPPI AVENUE;43,5009600000;4,9811600000
202200050751;12;8;2022;06:25;2;49;49007;2;1;1;7;PORTET BOULEVARD;47,4514800000; -0,5623100000
202200050752;25;3;2022;18:15;1;57;57306;2;1;1;6;SIX JUIN 1944 (RUE DU);49,3380021000;6,0783044000
202200050753;15;9;2022;18:25;1;80;80021;2;1;1;6;QUATORZE JUILLET 1789 (AVENUE DU);49,8788200000;2,2832300000
202200050754;23;10;2022;04:05;3;68;68359;1;1;1;6;D83;47,8282540000;7,2159150000
202200050755;6;5;2022;17:10;1;75;75113;2;1;1;3;BD PERIPHERIQUE EXTERIEUR;48,8260810000;2,3879370000
202200050756;27;11;2022;23:55;5;75;75110;2;5;2;2;BOULEVARD DE MAGENTA;48,8748280000;2,3574080000
202200050757;16;2;2022;15:15;1;971;97117;1;3;1;4;Route de l Ecluse;16,3126930000; -61,3655100000
202200050758;12;8;2022;00:30;5;45;45147;2;1;1;7;26 Boulevard de Lamballe;47,9218740000;1,9190850000
202200050759;7;6;2022;22:00;2;13;13001;2;1;1;4;R.N 7;43,5554300000;5,4200100000
202200050760;20;9;2022;17:10;1;77;77186;2;1;1;6;SAINT MERRY (RUE);48,4022600000;2,6899300000
202200050761;27;3;2022;08:04;1;54;54578;2;1;1;6;MULLER (AVENUE PAUL);48,6566900000;6,1297500000
202200050762;12;8;2022;22:50;5;44;44109;2;6;1;3;Place Pirmil;47,1979900000; -1,5412000000
202200050763;9;7;2022;08:30;1;41;41046;1;1;1;4;Autoroute A71 PK 129.000 sens 1;47,6570920000;1,9336370000
202200050764;25;10;2022;11:30;1;01;01142;2;6;1;3;D1084;45,8512137243;5,0661510229
202200050765;6;6;2022;10:35;1;12;12176;1;1;1;1;RN88;44,3706900000;2,6471300000
202200050766;20;9;2022;16:20;1;76;76322;2;1;1;6;Avenue Léon Blum;49,4072300000;1,0484900000
202200050767;16;2;2022;08:45;1;2B;2B087;1;1;1;2;Prunete;42,3197140000;9,5409910000
202200050768;27;11;2022;02:30;5;75;75110;2;2;1;3;BOULEVARD DE STRASBOURG;48,8748052920;2,3574069142
202200050769;8;5;2022;23:12;5;75;75107;2;3;1;5;AVENUE BOSQUET;48,8619020000;2,3020170000
202200050770;11;8;2022;11:45;1;44;44162;2;1;1;6;15 Place Magellan;47,2245280000; -1,6240170000
202200050771;25;10;2022;17:45;1;01;01249;1;1;1;2;D1083;45,8614150000;4,9113390000
202200050772;9;7;2022;09:35;1;01;01446;1;2;7;3;croisement D66/D70;46,0228260000;4,8984270000
202200050773;27;3;2022;15:30;1;51;51454;2;3;1;3;Rue de l’Adriatique;49,2487100000;4,0640500000
202200050774;16;2;2022;17:45;1;34;34145;2;1;1;6;Boulevard de Strasbourg;43,6766990000;4,1371460000
202200050775;28;11;2022;11:20;1;75;75109;2;1;1;6;RUE DE PROVENCE;48,8742870000;2,3335450000
202200050776;7;6;2022;18:00;1;11;11069;2;1;1;3;;43,2370100000;2,3712100000
202200050777;6;5;2022;19:35;2;75;75113;2;3;1;6;RUE DE LA REINE BLANCHE;48,8362180000;2,3532600000
202200050778;20;9;2022;17:30;1;31;31287;2;1;1;6;1654 Route de Bérat;43,3908490000;1,2248250000
202200050779;12;7;2022;17:30;1;42;42218;1;1;1;2;M201;45,4234000000;4,3650000000
202200050780;27;3;2022;10:10;1;51;51454;2;6;1;3;Avenue Christophe Colomb;49,2287700000;4,0367800000
202200050781;16;2;2022;18:31;5;67;67378;2;1;1;2;rue du Général-Leclerc;48,4689330000;7,7231310000
202200050782;19;9;2022;14:27;1;76;76341;2;6;1;4;RD 6015;49,5109900000;0,1995400000
202200050783;10;7;2022;09:50;1;68;68253;2;6;1;3;Rue du Général de Gaulle;47,7830800000;7,5025030000
202200050784;28;11;2022;15:50;1;94;94078;2;1;1;6;VIGNES (R DES);48,7316030000;2,4505510000
202200050785;7;6;2022;12:45;1;11;11069;2;1;1;3;BUFFON RUE A PARTIR DU 50 ET 39;43,2236300000;2,3553500000
202200050786;9;5;2022;14:30;1;75;75119;2;1;1;3;RUE GASTON TESSIER;48,8955260000;2,3727200000
202200050787;8;8;2022;15:06;1;42;42187;2;6;1;3;Rue de Charlieu;46,0663200000;4,0910500000
202200050788;10;7;2022;18:10;1;86;86165;1;1;1;6;D54;46,4430910000;0,8324290000
202200050789;24;10;2022;13:25;1;86;86115;2;9;1;3;69 Rue de Poitiers;46,6744200000;0,3739210000
202200050790;26;11;2022;22:10;5;94;94068;2;1;1;6;VARENNE (R DE LA);48,8074000000;2,4751900000
202200050791;19;9;2022;08:27;1;76;76351;2;1;1;3;Boulevard Jules Durand;49,4897400000;0,1549200000
202200050792;16;2;2022;18:15;5;42;42005;1;1;1;4;Rue Charles Nungesser;45,5324770000;4,3046670000
202200050793;25;3;2022;12:45;1;50;50129;2;1;1;4;ABBAYE (RUE DE L');49,6464500000; -1,6422200000
202200050794;7;6;2022;19:15;1;10;10333;2;1;1;2;MEDERIC (RUE);48,2800228605;4,0492504835
202200050795;12;8;2022;02:55;3;37;37233;2;9;1;6;FARGES (AVENUE YVES);47,3869679178;0,7479554415
202200050796;15;2;2022;14:15;1;85;85092;2;1;2;6;Rue Kléber;46,4612200000; -0,8003930000
202200050797;11;7;2022;16:35;1;71;71384;1;1;1;2;Autoroute A6 PK 342+900;46,6840510000;4,8453350000
202200050798;19;9;2022;11:55;1;71;71306;2;1;1;7;ALOUETTES (AVENUE DES);46,6814600000;4,3630100000
202200050799;28;11;2022;17:00;2;94;94046;2;1;8;3;EUGENE RENAULT (R);48,8152000000;2,4193600000
202200050800;7;6;2022;15:28;1;10;10357;2;1;1;2;RN19;48,2957000000;4,1388000000
202200050801;24;10;2022;17:34;1;33;33029;1;4;1;3;D5;44,5953110000; -0,7525100000
202200050802;6;7;2022;23:10;3;71;71202;1;1;1;6;A6, PR 322+700 direction Paris;46,8633010000;4,8219250000
202200050803;12;8;2022;20:39;2;34;34172;2;2;1;3;Avenue de la Liberté;43,6113500000;3,8287300000
202200050804;26;3;2022;11:55;1;49;49328;2;3;1;3;VAULANGLAIS (RUE DU);47,2499600000; -0,0936390000
202200050805;20;9;2022;12:45;1;69;69275;2;1;1;6;Rue de la Fraternité;45,7718500000;4,9574700000
202200050806;9;5;2022;20:00;1;75;75116;2;3;1;6;AVENUE DE NEW YORK;48,8633430000;2,2963310000
202200050807;8;7;2022;18:45;1;42;42231;1;1;1;1;N7;46,1090660000;3,9625120000
202200050808;28;11;2022;19:40;5;94;94037;2;2;2;2;Avenue Jean Jaurès;48,8142100000;2,3498200000
202200050809;8;6;2022;10:20;1;09;09207;2;9;1;2;PYRENEES (AV DES);42,9300370000;1,6358310000
202200050810;25;10;2022;07:45;4;85;85088;2;3;2;3;D754;46,7168570000; -1,9053390000
202200050811;13;2;2022;11:45;1;13;13015;1;1;1;6;A51-Sens Aix en Provence vers Marseille;43,4419800000;5,3959400000
202200050812;20;9;2022;18:44;1;69;69259;2;1;7;6;Avenue Marcel Houel;45,6965000000;4,8849000000
202200050813;10;8;2022;17:50;1;34;34032;2;2;1;3;Boulevard de la Liberté;43,3403000000;3,2230900000
202200050814;9;5;2022;13:15;1;75;75116;2;3;1;6;RUE DE LA POMPE;48,8615890000;2,2756490000
202200050815;10;7;2022;16:30;1;974;97414;1;1;1;7;Rue du Ouaki; -21,2773780000;55,4532870000
202200050816;25;3;2022;18:20;1;49;49328;2;2;1;1;MARAICHERS (AVENUE DES);47,2747300000; -0,0717200000
202200050817;30;5;2022;21:55;5;07;07102;2;1;1;7;Jean CHARCOT (Rue);44,9365670000;4,8675410000
202200050818;28;11;2022;19:10;5;94;94076;2;1;1;6;MOULIN DE SAQUET (R DU);48,7908500000;2,3667200000
202200050819;13;2;2022;16:30;1;13;13211;1;1;2;6;A50-Sens Aubagne vers Marseille;43,2939400000;5,4710700000
202200050820;27;3;2022;23:32;3;49;49267;2;1;1;6;Route de Beaufort;47,4697800000; -0,4642100000
202200050821;20;9;2022;10:15;1;69;69259;2;1;1;3;Boulevard Irène Joliot Curie;45,7189300000;4,8758500000
202200050822;7;7;2022;16:15;1;974;97414;1;1;1;3;Pln du Gol; -21,2830760000;55,3958340000
202200050823;9;5;2022;08:45;1;75;75116;2;1;1;3;ALLEE DU BORD DE L EAU;48,8681540000;2,2347630000
202200050824;12;8;2022;17:30;1;33;33522;2;3;1;3;Boulevard George V;44,8226100000; -0,5853400000
202200050825;7;6;2022;12:00;1;07;07281;2;1;1;3;PLOYE (CHEMIN DE);44,9287440000;4,8400783000
202200050826;28;11;2022;13:00;1;94;94073;2;9;1;6;VERSAILLES (AV DE);48,7590400000;2,3948300000
202200050827;16;2;2022;10:00;1;83;83137;1;1;1;2;A50 Accès Tunnel Tube Nord;43,1206889454;5,9513345361
202200050828;27;3;2022;17:18;1;49;49007;2;1;1;6;GERICAULT PLACE ET RUE;47,4591200000; -0,5246300000
202200050829;29;6;2022;16:20;1;58;58086;2;1;1;6;23 rue du Maréchal Leclerc;47,4139500000;2,9258070000
202200050830;12;8;2022;11:55;1;31;31555;2;1;1;6;AV ANTOINE DE ST EXUPERY;43,5800240000;1,4801850000
202200050831;23;10;2022;00:08;3;13;13088;1;1;1;2;A55-Sens Martigues vers Marseille;43,3885300000;5,2449600000
202200050832;9;5;2022;17:05;1;75;75115;2;3;1;3;BOULEVARD VICTOR;48,8326980000;2,2883600000
202200050833;19;9;2022;17:05;1;65;65433;2;6;1;3;Boulevard Joliot Curie;43,2138000000;0,0955100000
202200050834;7;6;2022;19:00;1;06;06104;2;6;1;3;CURIE (AVENUE PIERRE);43,7584150000;7,4695800000
202200050835;16;2;2022;20:05;3;91;91136;1;1;2;2;AUTOROUTE A126;48,7123000000;2,2866000000
202200050836;28;11;2022;15:00;1;93;93064;2;1;1;3;Avenue du Président John Kennedy;48,8788070000;2,4902160000
202200050837;27;3;2022;12:24;1;49;49246;2;1;1;3;D160;47,4426911912; -0,5351784825
202200050838;11;8;2022;19:25;1;29;29232;2;1;1;7;Rue du Frugy;47,9880090000; -4,1049111000
202200050839;6;7;2022;19:30;1;62;62408;2;1;1;3;Route de Guines;50,9040710000;1,8817100000
202200050840;9;5;2022;09:50;1;75;75115;2;2;1;2;ECHANGEUR ISSY ;48,8354160000;2,2668880000
202200050841;21;10;2022;08:30;1;69;69276;1;1;1;5;Boulevard Urbain Sud;45,6849100000;4,8571700000
202200050842;16;2;2022;14:10;1;92;92002;1;1;1;2;AUTOROUTE A10;48,7324200000;2,3114400000
202200050843;8;6;2022;17:07;1;06;06069;2;1;1;5;RAYBAUD (AVENUE FELIX)  - D609-;43,6402190000;6,9115740000
202200050844;20;9;2022;08:40;1;64;64445;2;6;1;2;rond point YITZHAK RABIN;43,3063200000; -0,3338400000
202200050845;28;3;2022;08:40;1;47;47001;2;1;1;6;SULLY (RUE);44,1989896146;0,6211797595
202200050846;11;7;2022;15:50;1;38;38030;2;1;1;6;Chemin des Blaches;45,3497860861;5,4720140507
202200050847;28;11;2022;18:45;5;93;93050;2;1;8;2;Avenue du General de Gaulle;48,8574000000;2,5322500000
202200050848;16;2;2022;06:45;3;78;78043;1;1;2;6;A12 Y;48,8392130000;2,0932500000
202200050849;9;5;2022;19:30;1;75;75105;2;1;1;6;RUE MONGE;48,8451860000;2,3521450000
202200050850;11;7;2022;09:20;1;06;06033;2;6;1;7;Avenue des Cigales;43,7666780000;7,1937220000
202200050851;3;6;2022;12:05;1;06;06069;2;1;1;3;Avenue General de Gaulle;43,6558800000;6,9181400000
202200050852;16;2;2022;05:09;3;78;78423;1;1;2;7;N12W;48,7988240000;1,9962920000
202200050853;7;6;2022;14:50;1;06;06030;2;1;1;3;CANNES (RUE DE);43,5702600000;7,0193600000
202200050854;9;7;2022;08:35;1;06;06033;1;1;1;6;1ère avenue LID De;43,7702840000;7,2070260000
202200050855;15;2;2022;16:20;1;78;78455;1;1;1;6;A13;48,8549840000;2,0590420000
202200050856;11;8;2022;18:10;1;29;29019;2;2;1;3;rue Docteur Roux;48,3854982426; -4,5165853500
202200050857;9;5;2022;18:30;1;75;75120;2;3;1;6;RUE DES RIGOLES;48,8724450000;2,3926930000
202200050858;25;3;2022;21:45;2;44;44184;1;1;1;5;Route bleue;47,2838150000; -2,2935480000
202200050859;18;10;2022;15:30;1;54;54304;1;1;1;3;Autoroute A 31;48,6945700000;6,1074800000
202200050860;8;6;2022;08:25;1;06;06123;2;1;1;3;LIBERATION AVENUE DE LA;43,6693200000;7,1894400000
202200050861;4;7;2022;13:30;1;06;06034;2;1;1;7;Chemin Roguez;43,7721510000;7,2235110000
202200050862;20;9;2022;11:50;1;64;64102;2;6;1;3;Rond Point de la Faiencerie;43,4937500000; -1,4915500000
202200050863;27;3;2022;06:40;5;44;44109;2;1;1;6;2 Avenue Carnot;47,2145070000; -1,5458520000
202200050864;9;5;2022;12:30;1;75;75111;2;4;1;3;AVENUE LEDRU ROLLIN;48,8565540000;2,3791880000
202200050865;12;8;2022;06:20;2;26;26198;2;2;1;3;FOURCHES (Chemin des );44,5425600000;4,7446300000
202200050866;10;5;2022;13:30;1;04;04112;2;1;1;4;RD 907;43,8247700000;5,7891000000
202200050867;20;9;2022;10:15;1;64;64102;2;1;1;7;Chemin de Saint-Bernard;43,5087000000; -1,4879900000
202200050868;24;10;2022;19:17;1;33;33023;1;1;1;2;AUTOROUTE A 62;44,6938731000; -0,4973328000
202200050869;14;2;2022;21:00;3;78;78640;1;1;2;4;A86 EXT;48,7774230000;2,2217780000
202200050870;14;3;2022;20:30;5;42;42218;2;1;2;1;Rue de la Talaudiére;45,4508700000;4,4061600000
202200050871;3;6;2022;20:00;1;03;03094;2;1;1;2;2209 (Route de Paris);46,1586100000;3,4601200000
202200050872;9;5;2022;00:55;5;75;75110;2;4;1;3;BOULEVARD DE MAGENTA;48,8814910000;2,3514140000
202200050873;12;8;2022;19:46;1;13;13205;2;1;1;3;JEAN MOULIN (BOULEVARD);43,2898100000;5,3999000000
202200050874;8;6;2022;14:25;1;75;75116;2;1;1;3;ECHANGEUR MUETTE;48,8357830000;2,2574790000
202200050875;24;10;2022;17:30;1;33;33075;1;1;1;2;ROCADE A 630;44,8824480000; -0,6236350000
202200050876;28;3;2022;08:30;2;38;38185;2;1;1;1;QUAI PERRIÈRE;45,1938500000;5,7298900000
202200050877;19;9;2022;12:30;1;64;64024;2;3;1;1;LABERTRANNE (RUE DE);43,4892000000; -1,5356400000
202200050878;9;5;2022;12:50;1;94;94074;2;3;1;1;VASCO DE GAMA ( avenue de);48,7669110000;2,4524460000
202200050879;14;2;2022;14:00;1;92;92036;1;1;1;4;RN315 W;48,9220443852;2,3057921983
202200050880;7;6;2022;19:20;1;75;75112;2;1;1;3;ECHANGEUR BERCY;48,8264910000;2,3891460000
202200050881;12;8;2022;20:30;1;11;11069;2;3;1;3;33 Boulevard Omer Sarraut;43,2164500000;2,3502500000
202200050882;9;5;2022;11:30;1;94;94078;2;1;1;2;108 Rue de Paris;48,7320210000;2,4468910000
202200050883;28;3;2022;15:15;1;35;35238;2;2;1;3;Rue de Coëtlogon;48,1226600000; -1,6854200000
202200050884;16;2;2022;18:15;1;93;93063;1;1;2;3;AUTOROUTE A3;48,8758391024;2,4415902774
202200050885;20;10;2022;11:50;1;59;59346;1;1;2;4;ROUTE NATIONALE 227;50,6027900000;3,1314200000
202200050886;16;9;2022;12:38;1;63;63113;2;6;1;3;DIESEL (RUE RODOLPHE) / Burdin;45,7777328349;3,1353279948
202200050887;7;6;2022;18:40;1;75;75112;2;1;1;5;PORTE DE CHARENTON;48,8283530000;2,3975960000
202200050888;12;8;2022;14:39;1;10;10362;2;1;1;6;GEORGES CUVIER (RUE);48,2906000000;4,0443000000
202200050889;8;5;2022;05:15;2;94;94028;2;9;1;1;Avenue du Maréchal Foch;48,7781100000;2,4383400000
202200050890;24;10;2022;16:00;1;91;91659;1;1;1;6;AUTOROUTE A6;48,5778400000;2,4636600000
202200050891;14;2;2022;18:40;5;05;05061;2;1;2;6;EMBRUN ( AVENUE D');44,5679200000;6,0983700000
202200050892;27;3;2022;20:20;5;34;34172;2;3;1;1;PONT JUVENAL (AVENUE DU);43,6059708427;3,8861371490
202200050893;7;6;2022;17:45;1;75;75118;2;1;1;2;PORTE DE CLIGNANCOURT;48,9008960000;2,3440140000