Num_Acc;jour;mois;an;hrmn;lum;dep;com;agg;int;atm;col;adr;lat;long
202200050894;9;5;2022;11:00;1;94;94054;2;1;1;2;Avenue de la Victoire;48,7447910836;2,3912335384
202200050895;10;8;2022;10:35;1;07;07316;1;1;1;6;;44,9120500000;4,8626000000
202200050896;20;9;2022;14:40;1;60;60057;2;1;1;3;Av du Pdt J Fitzgerald Kennedy;49,4305700000;2,0911100000
202200050897;7;6;2022;12:40;1;75;75116;2;1;1;3;PORTE DE PASSY;48,8572460000;2,2584890000
202200050898;28;3;2022;18:10;1;33;33065;2;6;1;3;Avenue de la Belle Etoile;44,8227100000; -0,4822600000
202200050899;15;2;2022;10:20;1;976;97610;2;1;3;3;Hauts Vallons - Majicavo ( rue des); -12,7552540000;45,2274100000
202200050900;24;10;2022;15:50;1;92;92002;1;1;1;2;AUTOROUTE A86;48,7628104586;2,3118862577
202200050901;9;5;2022;12:50;1;93;93077;2;3;1;6;Rue Lucien Berneux / Impasse Charles Perrault;48,8777300000;2,5157800000
202200050902;7;6;2022;05:50;5;75;75120;2;4;2;7;ECHANGEUR BAGNOLET;48,8635680000;2,4133210000
202200050903;10;8;2022;12:00;1;04;04070;2;6;1;7;;44,0911700000;6,2313500000
202200050904;20;9;2022;18:30;1;59;59650;2;1;1;2;LAINE (ROUTE DE LA);50,7001403299;3,2002870739
202200050905;8;6;2022;05:20;2;75;75116;2;1;3;7;PORTE DE SAINT CLOUD;48,8423240000;2,2541960000
202200050906;9;5;2022;07:10;2;93;93057;2;1;1;1;Chemin de Halage;48,9092900000;2,4911000000
202200050907;28;3;2022;06:55;2;31;31555;2;2;1;3;RTE DE SEYSSES;43,5655200000;1,4105500000
202200050908;12;2;2022;20:00;5;974;97411;2;3;1;3;VAUTHIER (RUE  MARCEL); -20,9122200000;55,5024300000
202200050909;23;10;2022;03:54;3;91;91312;1;1;1;1;RD 444;48,7329500000;2,2337900000
202200050910;19;9;2022;17:52;1;56;56098;2;6;1;3;Avenue Kesler Devillers;47,7671000000; -3,3394000000
202200050911;6;6;2022;11:05;1;75;75116;2;7;1;6;PLACE DU GENERAL PATTON;48,8761100000;2,2871150000
202200050912;8;5;2022;13:30;1;92;92050;2;3;1;3;MARTIN HENRI AVENUE;48,8927440000;2,1873720000
202200050913;15;2;2022;12:50;1;973;97302;2;9;8;7;TOUSSAINT LOUVERTURE (rue);4,9265933486; -52,3046019673
202200050914;28;3;2022;13:30;1;26;26198;2;1;1;3;BLUM (Rue Léon);44,5677000000;4,7540800000
202200050915;12;8;2022;00:45;5;75;75117;2;4;1;5;BOULEVARD DU FORT DE VAUX;48,8922660000;2,3010080000
202200050916;8;6;2022;10:15;1;75;75105;2;1;2;6;RUE BUFFON;48,8430670000;2,3633210000
202200050917;19;9;2022;09:00;1;56;56121;2;6;1;6;78 Avenue général Charles De Gaulle;47,7412800000; -3,3732800000
202200050918;8;5;2022;14:00;1;92;92007;2;1;1;6;DORMOY AVENUE MARX N°102 A FIN;48,8101279812;2,3141089529
202200050919;25;3;2022;15:00;1;21;21231;2;7;1;3;MARNE (DE LA) (BOULEVARD);47,3282600000;5,0515500000
202200050920;15;2;2022;08:05;1;973;97302;2;1;1;3;BADUEL (ROUTE DE);4,9344676788; -52,3114281893
202200050921;24;10;2022;18:25;1;78;78455;1;1;1;4;A13;48,8584280000;2,0518690000
202200050922;8;6;2022;09:55;1;75;75105;2;1;2;1;QUAI SAINT BERNARD;48,8478760000;2,3594380000
202200050923;9;5;2022;08:20;1;92;92048;2;2;1;6;SABLONS (AVENUE DES);48,8082800000;2,2338100000
202200050924;12;8;2022;17:30;1;75;75116;2;3;1;3;AVENUE DU PRESIDENT KENNEDY;48,8565700000;2,2861710000
202200050925;15;2;2022;19:50;5;69;69276;1;1;1;6;Rue Léon Blum;45,6739778251;4,8552542925
202200050926;25;3;2022;11:55;1;19;19031;2;1;1;1;POMPIDOU (AVENUE GEORGES);45,1575900000;1,5417100000
202200050927;19;9;2022;07:35;2;50;50129;2;6;1;6;VINDITS (RUE DES);49,6345800000; -1,6524700000
202200050928;7;6;2022;12:40;1;75;75105;2;2;1;2;RUE SOUFFLOT;48,8468120000;2,3433680000
202200050929;22;10;2022;22:15;3;78;78498;1;1;1;2;A13;48,9050150000;2,0051810000
202200050930;9;5;2022;09:35;1;92;92044;2;1;1;3;P.V.COUTURIER(RUE)1A39 ET2A26;48,8937160540;2,2777517438
202200050931;11;8;2022;23:40;5;75;75115;2;1;1;6;RUE SAINT CHARLES;48,8407510000;2,2804140000
202200050932;28;3;2022;13:45;1;14;14437;2;1;1;1;D675;49,1725140000; -0,3028990000
202200050933;7;5;2022;18:30;1;92;92036;2;1;1;6;BASSIN N°5 (ROUTE DU);48,9447776324;2,2929178923
202200050934;15;2;2022;09:25;1;69;69387;2;3;2;1;Cours Gambetta;45,7553443948;4,8426349347
202200050935;8;6;2022;17:00;1;75;75120;2;1;1;3;RUE D AVRON;48,8519890000;2,4021540000
202200050936;11;8;2022;18:25;1;75;75115;2;1;1;7;BOULEVARD DE GRENELLE;48,8485060000;2,3001660000
202200050937;7;5;2022;18:25;1;92;92036;2;1;1;6;GABRIEL PERI (AVENUE) (147/177);48,9228006153;2,2944029644
202200050938;28;3;2022;17:30;1;13;13204;2;6;1;3;CASSINI (BOULEVARD);43,3056000000;5,3979100000
202200050939;8;5;2022;20:25;1;92;92035;2;1;1;7;Sartoris ( rue );48,9076757398;2,2470840365
202200050940;28;3;2022;14:15;1;13;13210;2;1;1;3;RABATAU (BOULEVARD);43,2782110000;5,3994320000
202200050941;9;5;2022;19:50;1;92;92062;2;1;1;6;RUE PIERRE GAUDIN;48,8870100000;2,2488900000
202200050942;27;3;2022;20:30;1;13;13208;2;1;1;3;JOSEPH VIDAL (AVENUE);43,2515269216;5,3777964683
202200050943;9;5;2022;18:10;1;92;92024;2;1;1;1;VILLENEUVE (RUE) DE (1 A 45)   (2 A 44);48,9051137154;2,3094653785
202200050944;23;3;2022;21:10;5;13;13005;2;1;1;1;EOURES (ROUTE D');43,2971600000;5,5665200000
202200050945;9;5;2022;09:00;1;92;92002;2;9;1;3;SOURCES (RUE DES);48,7537554547;2,2838025391
202200050946;7;6;2022;08:05;1;75;75120;2;3;2;3;BOULEVARD DAVOUT;48,8633770000;2,4091110000
202200050947;9;5;2022;13:00;1;50;50027;1;1;1;6;La Trehenniere;48,6852198000; -1,4271662000
202200050948;27;3;2022;01:35;4;12;12176;1;6;1;6;GIRATOIRE DE PISSERATE;44,3788500000;2,5361200000
202200050949;7;6;2022;13:30;1;75;75119;2;4;1;3;RUE DE BELLEVILLE;48,8753040000;2,3940050000
202200050950;8;5;2022;16:30;1;49;49244;1;9;7;1;D210 ILE BIGEARD;47,3717770000; -0,9677840000
202200050951;24;10;2022;17:00;1;93;93007;1;1;1;2;AUTOROUTE A1;48,9546300000;2,4570900000
202200050952;16;3;2022;18:05;1;06;06029;2;1;1;6;FERRAGE (BOULEVARD DE LA);43,5534070000;7,0146600000
202200050953;18;9;2022;18:30;1;49;49328;2;9;1;2;RENAULT (BOULEVARD LOUIS);47,2533530000; -0,0847880000
202200050954;6;6;2022;23:30;5;75;75119;2;3;1;3;AVENUE DE FLANDRE;48,8858150000;2,3706180000
202200050955;15;2;2022;07:00;2;69;69259;2;1;2;2;Boulevard Ambroise Croizat;45,6997500000;4,8877300000
202200050956;24;10;2022;10:20;1;95;95212;1;1;1;6;RN 104;49,0283100000;2,5416600000
202200050957;18;9;2022;01:25;5;49;49007;2;1;1;7;Rue des petites Musses;47,4546200000; -0,5717700000
202200050958;12;8;2022;18:20;1;75;75113;2;3;1;6;RUE EUGENE OUDINE;48,8250500000;2,3725330000
202200050959;8;5;2022;18:00;1;37;37232;1;3;1;3;9 Route de la Loire;47,2749130000;0,3077780000
202200050960;24;3;2022;09:45;1;04;04112;2;2;1;3;Bd Mirabeau / Rue d’Aubette;43,8342400000;5,7854200000
202200050961;8;6;2022;09:50;1;75;75116;2;7;2;3;PLACE DU TROCADERO;48,8634300000;2,2874980000
202200050962;10;5;2022;08:45;1;37;37153;1;1;1;6;RD5 PK 017.300;47,4952645211;0,8119784296
202200050963;24;3;2022;17:40;1;03;03190;2;9;1;6;52 Route de Clermont;46,5564620000;3,3211950000
202200050964;22;10;2022;01:17;3;94;94018;1;1;1;2;A4;48,8187818956;2,4078014994
202200050965;7;6;2022;13:45;1;75;75116;2;2;1;3;AVENUE EDOUARD VAILLANT;48,8364670000;2,2559180000
202200050966;8;5;2022;18:40;1;62;62209;2;1;1;7;21 Rue du Petit Canlers;50,4874210000;2,1482010000
202200050967;12;8;2022;07:01;1;75;75110;2;1;1;2;BOULEVARD DE MAGENTA;48,8753220000;2,3569110000
202200050968;26;3;2022;18:00;1;02;02738;2;2;1;1;13 Rue Richer;49,6577974454;3,2898240834
202200050969;10;5;2022;03:05;3;69;69281;1;1;1;2;Autoroute 46;45,6444910000;4,9104860000
202200050970;22;10;2022;16:15;1;17;17306;2;1;1;6;BRIAND  ARISTIDE  (BD);45,6256400000; -1,0295700000
202200050971;12;8;2022;19:30;1;75;75107;2;1;1;2;BOULEVARD DES INVALIDES;48,8546840000;2,3146570000
202200050972;6;6;2022;12:05;1;75;75116;2;3;1;4;BD PERIPHERIQUE;48,8725850000;2,2736870000
202200050973;27;3;2022;21:55;5;75;75114;2;1;1;3;BD PERIPHERIQUE INTERIEUR;48,8214600000;2,3192260000
202200050974;9;5;2022;08:00;1;31;31573;2;3;7;1;Route de Toulouse;43,6554410000;1,6599230000
202200050975;7;6;2022;16:25;1;75;75115;2;3;1;2;QUAI DE GRENELLE;48,8536890000;2,2876750000
202200050976;26;3;2022;07:15;1;75;75118;2;4;1;2;PORTE DE CLIGNANCOURT;48,9009540000;2,3466670000
202200050977;12;8;2022;13:20;1;94;94081;2;1;1;3;GENERAL MALLERET JOINVILLE (R DU);48,7778100000;2,4054600000
202200050978;20;10;2022;19:05;5;25;25056;2;1;8;4;DOLE RUE DE (inf 82);47,2322880000;6,0008950000
202200050979;3;5;2022;08:55;1;51;51217;2;2;1;3;Rue de Chalons;49,0774330000;3,6414740000
202200050980;7;6;2022;21:25;2;75;75114;2;1;1;7;RUE BROUSSAIS;48,8289650000;2,3366010000
202200050981;28;3;2022;16:20;1;75;75105;2;2;1;6;RUE DE LA PARCHEMINERIE;48,8517083973;2,3448635638
202200050982;12;8;2022;17:45;1;94;94022;2;9;1;7;Avenue de la République;48,7599250000;2,4083350000
202200050983;7;5;2022;14:15;1;27;27256;1;2;1;3;Intersection D32, rue des authieux;48,9108940000;1,2404890000
202200050984;10;5;2022;07:30;1;34;34270;2;2;1;1;Route de Beziers;43,5742680000;3,8217540000
202200050985;11;8;2022;19:40;1;93;93053;2;1;1;6;Place des Decouvertes;48,8910100000;2,4555500000
202200050986;22;10;2022;15:29;1;988;98818;2;3;1;1;RUE ARMAND OHLEN/RUE JOSEHP LECLERE; -22,2658500000;166,4645300000
202200050987;28;3;2022;08:25;1;75;75105;2;2;1;3;BOULEVARD SAINT GERMAIN;48,8513930000;2,3431670000
202200050988;9;5;2022;11:15;1;19;19123;1;1;1;1;RD1089;45,1777312103;1,5967726707
202200050989;12;8;2022;11:00;1;93;93048;2;1;1;6;Rue Eugène Varlin / Rue Gaston Lauriau;48,8597100000;2,4467100000
202200050990;10;5;2022;15:50;1;76;76517;1;2;1;1;Route de la Mare aux Loups;49,5222000000;1,1363120000
202200050991;28;9;2022;19:50;3;972;97209;1;1;1;6;RD 41 (ROCADE);14,6169000000; -61,0723300000
202200050992;28;3;2022;09:20;1;75;75119;2;4;1;7;BOULEVARD MACDONALD;48,8970057597;2,3924003541
202200050993;9;5;2022;08:05;1;65;65057;1;2;1;3;d936;43,1930997201; -0,0110258907
202200050994;7;5;2022;21:00;2;33;33521;1;2;1;7;D1E4;45,4773610000; -1,0611680000
202200050995;23;10;2022;15:50;1;972;97209;2;1;1;6;BALATA (ROUTE DE);14,6207400000; -61,0703700000
202200050996;9;5;2022;20:45;3;71;71209;1;1;1;7;D972;46,5462750000;5,2942490000
202200050997;28;3;2022;17:40;1;75;75111;2;2;1;3;BOULEVARD VOLTAIRE;48,8553330000;2,3843100000
202200050998;12;8;2022;12:25;1;93;93001;2;3;1;5;Avenue de la République / Rue Sadi Carnot;48,9065685576;2,3891741035
202200050999;23;10;2022;16:05;1;2B;2B033;2;2;1;3;SEBASTIANI  - AVENUE;42,7022800000;9,4501800000
202200051000;4;8;2022;21:15;2;92;92024;2;1;1;6;DIX-NEUF-MARS-1962 (RUE DU);48,8989151085;2,3146600127
202200051001;21;10;2022;19:00;5;2B;2B033;2;3;1;2;AV DE LA LIBERATION;42,6807231826;9,4437239247
202200051002;6;5;2022;20:23;1;86;86076;1;2;1;3;D18A;46,6489500000;0,2745290000
202200051003;25;3;2022;14:55;1;75;75107;2;7;1;6;RUE DE GRENELLE;48,8584350000;2,3123950000
202200051004;12;8;2022;07:50;1;92;92024;2;1;7;3;CLICHY (QUAI DE) DE (104 A 202);48,9100500000;2,3029700000
202200051005;22;10;2022;18:15;5;95;95585;2;1;1;1;Rue des Bauves;48,9922050000;2,3848640000
202200051006;28;3;2022;23:15;5;75;75103;2;1;1;7;RUE DE BRETAGNE;48,8643112865;2,3602399975
202200051007;12;8;2022;19:00;1;24;24241;1;1;1;7;La Pinolie;45,1603290000;0,9920100000
202200051008;8;5;2022;18:35;1;25;25467;2;6;1;6;DEPARTEMENTALE 70;47,2552880000;5,9263680000
202200051009;6;1;2022;08:10;1;971;97120;1;3;1;6;VILLE D'ORLY (RUE DE LA);16,2459000000; -61,5418100000
202200051010;22;10;2022;13:50;1;88;88409;2;7;1;6;RUE DES CLOISIEURES;48,0277800000;6,6754000000
202200051011;27;3;2022;20:10;5;75;75101;2;5;1;3;RUE DES CAPUCINES;48,8699180000;2,3280100000
202200051012;5;1;2022;15:35;1;88;88209;2;3;8;3;LECLERC ( RUE GENERAL );48,1906622601;6,4322349429
202200051013;7;5;2022;15:50;1;44;44097;1;1;1;3;Route de Guerande;47,3854640000; -2,4602130000
202200051014;26;3;2022;04:40;5;75;75104;2;1;1;6;BOULEVARD BOURDON;48,8488000000;2,3663530000
202200051015;12;10;2022;17:04;1;88;88409;2;3;1;7;place de la mairie;48,0260000000;6,6680000000
202200051016;13;8;2022;10:30;1;24;24540;1;1;1;1;5477 Avenue de la Voie Romaine;45,2722850000;0,8370800000
202200051017;3;1;2022;11:10;1;83;83129;1;9;1;6;GUILLEMARD (AV ROBERT) N° IMPAIRS;43,0776000000;5,8166000000
202200051018;10;5;2022;10:50;1;38;38130;2;7;1;6;Place Hector Berlioz;45,3920080000;5,2607450000
202200051019;27;3;2022;06:30;2;94;94081;2;1;1;6;1 Avenue Ambroise Croizat;48,7913300000;2,3925200000
202200051020;6;1;2022;18:15;5;81;81004;2;1;1;3;PONT NEUF;43,9313700000;2,1471400000
202200051021;23;10;2022;15:50;1;83;83069;2;1;1;4;LOUBES (ROUTE DES);43,1134260000;6,1018130000
202200051022;10;5;2022;10:45;1;38;38483;1;9;1;2;d517;45,6922040000;5,3903930000
202200051023;27;3;2022;12:05;1;94;94080;2;1;1;6;Rue de Fontenay;48,8486800000;2,4310700000
202200051024;7;8;2022;16:08;1;974;97415;2;1;1;2;Route Nationale 1; -21,0268370000;55,2284440000
202200051025;10;5;2022;11:20;1;38;38042;2;1;1;1;Chemin du Bouvat;45,3992070000;5,3866430000
202200051026;28;3;2022;12:00;1;94;94068;2;2;1;3;Boulevard de Champigny;48,8095000000;2,5097100000
202200051027;12;8;2022;11:30;1;50;50066;1;1;1;6;la fontaine marie;48,7480820000; -1,5093970000
202200051028;6;1;2022;07:45;5;78;78551;1;1;1;6;POISSY (DE);48,9188920000;2,0612180000
202200051029;7;5;2022;12:45;1;02;02762;1;1;1;7;Le Mesnil;49,4850780000;3,1635050000
202200051030;22;10;2022;04:00;5;78;78382;2;1;1;6;OISE (RUE DE L');49,0060100000;2,0585300000
202200051031;28;3;2022;08:00;1;94;94033;2;2;1;3;Avenue de la Pepiniere / Avenue de la Dame Blanche;48,8445600000;2,4508400000
202200051032;12;8;2022;16:15;1;67;67063;1;1;1;3;Col du Kreuzweg;48,3774040000;7,2865960000
202200051033;23;10;2022;19:35;2;71;71076;2;1;1;1;134 EME RI  (RUE);46,7899700000;4,8439200000
202200051034;7;5;2022;19:20;1;03;03038;1;1;1;3;50 Route de Montmarault;46,3179180000;3,2454510000
202200051035;5;1;2022;15:52;1;77;77305;2;1;1;6;JAURES (RUE JEAN);48,3840900000;2,9569100000
202200051036;26;3;2022;18:38;2;94;94028;2;6;1;2;Avenue de la Brèche / Rue des Archives;48,7834800000;2,4546900000
202200051037;22;10;2022;05:00;5;69;69115;2;6;2;6;Avenue de la Liberation;45,9780700000;4,7077900000
202200051038;9;5;2022;09:30;1;03;03214;1;9;7;3;Impasse de Beaucotray;46,4330800000;3,0012630000
202200051039;5;1;2022;16:40;2;77;77186;1;1;1;2;D138;48,4591550698;2,6991236357
202200051040;23;10;2022;15:30;1;69;69259;2;1;6;7;Boulevard Ambroise Croizat;45,6993706615;4,8877894878
202200051041;12;8;2022;19:40;1;11;11421;2;3;1;2;D6113;43,2141530000;2,8619600000
202200051042;28;3;2022;17:00;1;94;94022;2;2;1;6;Avenue de Lugo / Rue du Docteur Roux;48,7715313647;2,4089627265
202200051043;10;5;2022;07:30;1;70;70267;2;3;1;3;Rue du Poiset;47,7895530000;5,9398380000
202200051044;6;1;2022;18:50;5;76;76402;2;1;1;1;Rue Georges Pellerin;49,5260700000;1,0362000000
202200051045;23;10;2022;09:55;1;69;69029;2;2;1;3;Route de Genas;45,7483690172;4,9176652730
202200051046;28;3;2022;17:30;1;94;94070;2;1;1;3;37 Chemin des Vignes;48,7288400000;2,5674100000
202200051047;12;8;2022;18:30;1;01;01143;1;1;1;1;D1005;46,4145030000;6,0605910000
202200051048;6;1;2022;15:05;1;76;76095;2;1;1;3;Route de Neufchatel;49,4576466867;1,1081765592
202200051049;8;5;2022;20:30;1;72;72237;1;1;1;6;LES CHAMPS;47,9224180000; -0,1152380000
202200051050;21;10;2022;09:15;1;67;67462;2;2;3;3;GENERAL DE GAULLE (PLACE DU);48,2595900000;7,4465300000
202200051051;23;10;2022;19:00;1;64;64545;1;1;1;7;Chemin de Mikelxobaita;43,3348500000; -1,6996700000
202200051052;8;5;2022;22:30;4;72;72341;1;6;1;7;RD 323 la belle inutile;48,0367810000;0,4270830000
202200051053;6;1;2022;10:35;1;71;71486;2;1;1;1;FRANKLIN ROOSEVELT (RUE);46,6468800000;4,3607800000
202200051054;28;3;2022;09:45;1;93;93059;2;2;1;6;Rue Etienne Dolet / Boulevard Charles de Gaulle;48,9664100000;2,3660800000
202200051055;12;8;2022;05:00;3;59;59526;1;1;1;3;Rue de Nivelle;50,4569757909;3,4403300285
202200051056;9;5;2022;12:20;1;10;10033;2;9;1;6;2 Boulevard du 14 Juillet;48,2308900000;4,7108280000
202200051057;27;3;2022;00:00;5;93;93066;2;1;1;6;Rue des Ursulines;48,9344030000;2,3535700000
202200051058;6;1;2022;17:45;3;71;71540;1;3;1;3;CENTRE A CENTRE (ROUTE);46,7621300000;4,4428500000
202200051059;10;5;2022;16:10;1;07;07334;1;1;1;7;;44,4089400000;4,1676120000
202200051060;23;10;2022;05:30;5;64;64269;2;6;1;1;route de Tarbes;43,2991758703; -0,3077768616
202200051061;28;3;2022;11:30;1;93;93064;2;3;1;2;Boulevard d'Alsace-lorraine / Allee de l’Esperance;48,8830030108;2,4953797460
202200051062;12;8;2022;21:20;2;35;35173;1;1;1;6;D137;48,1909000000; -1,7220100000
202200051063;8;5;2022;14:10;1;53;53040;1;1;7;7;La Lardais;48,1482790000; -1,0328650000
202200051064;6;1;2022;19:50;3;69;69275;2;1;1;1;Rue Michel Servet;45,7563204355;4,9711203575
202200051065;22;10;2022;09:50;1;62;62570;2;6;1;6;D262;50,4042800592;2,8750079423
202200051066;28;3;2022;17:10;1;93;93050;2;1;1;6;Rue Abel Tuffier;48,8577040000;2,5382180000
202200051067;13;8;2022;11:20;1;57;57089;2;4;1;7;Rue Jean-Jacques Kieffer;49,0428970000;7,4281100000
202200051068;23;10;2022;10:20;1;59;59512;2;1;2;6;FOCH (RUE DU MARECHAL);50,6910100000;3,1733500000
202200051069;28;3;2022;17:15;1;93;93048;2;3;1;6;Boulevard de Chanzy / Rue du Centenaire;48,8587811118;2,4269655346
202200051070;6;1;2022;12:15;1;69;69266;2;2;1;5;Cours Emile Zola;45,7655400000;4,9011700000
202200051071;13;8;2022;09:40;1;57;57079;1;1;1;6;D63;49,3465802104;6,4711618423
202200051072;23;10;2022;06:05;5;44;44109;2;1;1;2;76 Boulevard de Doulon;47,2256050000; -1,5223140000
202200051073;28;3;2022;19:40;2;93;93005;1;1;1;6;LEON JOUHAUX (RUE);48,9539394124;2,4825106864
202200051074;10;5;2022;06:50;1;63;63200;1;1;1;2;A89. PK 405.500;45,8271226806;3,2112586498
202200051075;22;10;2022;10:50;1;42;42170;1;9;7;6;Chemin du grand Couvert;46,0250431877;4,1660354733
202200051076;6;1;2022;08:15;1;69;69029;2;3;1;3;Rue Guy de Maupassant;45,7380400000;4,9227100000
202200051077;13;8;2022;11:20;1;04;04102;1;1;1;6;rd 954;44,4652510000;6,3558160000
202200051078;28;3;2022;10:30;1;92;92078;2;1;1;3;JEAN JAURES (RUE) (N° IMPAIRS);48,9345200000;2,3249300000
202200051079;10;5;2022;18:45;1;34;34154;1;1;1;5;A9;43,6048520000;3,9428780000
202200051080;23;10;2022;19:25;5;37;37122;2;2;8;6;JAURES (BOULEVARD JEAN);47,3487714635;0,6632459164
202200051081;5;1;2022;19:00;5;69;69264;1;1;1;4;Avenue de l’Europe;45,9919800000;4,7423100000
202200051082;28;3;2022;17:15;1;92;92072;2;3;1;6;EUROPE (AVENUE DE L');48,8233380000;2,2100970000
202200051083;11;8;2022;18:30;1;19;19093;1;1;1;1;;45,0868600000;1,5518700000
202200051084;30;4;2022;13:30;1;971;97116;2;1;1;2;Bosredon;16,3113150000; -61,4867450000
202200051085;23;10;2022;19:45;2;35;35238;2;5;2;3;LAENNEC (BD RENE);48,1057300000; -1,6660700000
202200051086;28;3;2022;08:45;1;92;92062;2;1;1;2;DE DION BOUTON (QUAI) DU 29 AU 65;48,8827682609;2,2479281276
202200051087;5;1;2022;17:45;2;67;67482;2;3;1;3;PORTE DE L HOPITAL (RUE DE LA);48,5757800000;7,7504600000
202200051088;13;8;2022;01:28;5;67;67544;2;1;1;6;35a Rue de la Vallée;49,0388450000;7,9109460000
202200051089;8;5;2022;15:25;1;77;77183;2;5;1;6;D80;48,9465610000;3,1281160000
202200051090;21;10;2022;18:15;1;35;35238;2;3;1;3;VITRE (BLD DE);48,1246900000; -1,6515700000
202200051091;28;3;2022;09:15;1;92;92062;2;6;1;3;ROND POINT DE LA LIBERTE;48,8868491900;2,2453182042
202200051092;2;1;2022;22:10;5;67;67267;2;1;1;1;MARECHAL FOCH (RUE DU);48,5569289276;7,6820048690
202200051093;13;8;2022;12:35;1;76;76456;1;1;1;1;Rue du Bois Saint-Jacques;49,6433527520;0,8429217337
202200051094;23;10;2022;19:18;2;33;33550;1;1;1;6;Chemin de Guiteronde;44,7723938820; -0,5212095380
202200051095;27;3;2022;23:40;5;92;92062;2;7;1;6;JAURES (RUE JEAN) DU 114 AU 2;48,8836200000;2,2437700000
202200051096;6;1;2022;09:35;1;64;64445;2;1;1;2;Cours Lyautey;43,3108200000; -0,3628300000
202200051097;10;5;2022;01:25;3;34;34243;2;1;1;6;240 Grand Rue;43,8969640000;3,7354770000
202200051098;23;10;2022;20:25;5;18;18279;2;1;1;2;84 Rue des Ponts;47,2184000000;2,0662000000
202200051099;12;8;2022;18:40;1;79;79309;1;1;1;7;;46,5957200000; -0,5682600000
202200051100;28;3;2022;16:50;1;92;92040;2;1;1;3;VICTOR CRESSON (AVENUE) DU 42 AU 94;48,8215600000;2,2629800000
202200051101;4;1;2022;19:19;1;63;63113;2;1;1;6;MICHELIN (AVENUE EDOUARD);45,7807500000;3,1092300000
202200051102;12;10;2022;16:03;1;18;18205;2;1;1;-1;103 Route d'Orléans;47,1032103528;2,3800238370
202200051103;10;5;2022;17:23;1;06;06078;1;1;1;5;D6202;43,9170740000;7,1710820000
202200051104;13;8;2022;05:15;5;2B;2B050;2;1;1;6;Guazzole;42,5505350000;8,7666390000
202200051105;21;10;2022;12:15;1;15;15014;2;1;1;3;ABBE DE PRADT (RUE DE);44,9080800000;2,4318700000
202200051106;27;3;2022;14:00;1;92;92036;2;2;1;2;MARCEL PAUL (AVENUE) (1/103);48,9461382588;2,3044598401
202200051107;1;1;2022;17:53;2;63;63113;2;2;1;3;SABLON (COURS);45,7763100000;3,0900800000
202200051108;9;5;2022;19:35;1;21;21021;1;1;1;1;D961 pk1+535;47,3441000000;5,2186000000
202200051109;13;8;2022;02:15;3;2B;2B050;1;1;1;6;D81;42,5305670000;8,7909510000
202200051110;22;10;2022;16:35;1;14;14059;2;3;1;2;D513;49,3476500000;0,0492750000
202200051111;25;3;2022;13:50;1;92;92036;2;3;1;6;JULIEN MOCQUARD (RUE);48,9238569286;2,2931060493
202200051112;1;1;2022;01:45;5;63;63113;2;1;1;3;DESDEVISES DU DEZERT (RUE);45,7657030000;3,0886950000
202200051113;9;5;2022;21:45;3;01;01313;1;1;1;2;D35;46,2541410000;6,0586380000
202200051114;23;10;2022;00:50;3;14;14437;1;1;1;7;Quai de Calix;49,1886090000; -0,3231740000
202200051115;28;3;2022;18:54;1;92;92026;2;9;1;3;SERPENTINE;48,8948347675;2,2417822480
202200051116;10;5;2022;11:05;1;46;46102;1;1;1;2;1895 LIEU DIT LA MONTAGNETTE;44,6224870000;2,0601080000
202200051117;23;10;2022;02:35;3;13;13103;2;1;1;3;BOULEVARD COREN -LEOPOLD;43,6437800000;5,0951300000
202200051118;1;1;2022;02:21;3;63;63113;2;2;1;3;BERGOUGNAN (AVENUE RAYMOND);45,7834600000;3,0700700000
202200051119;7;5;2022;19:58;1;44;44073;1;1;1;1;la bezardière;47,4406910000; -1,6385880000
202200051120;25;3;2022;18:40;1;92;92025;2;1;1;6;GABRIEL PERI (RUE);48,9185760000;2,2398550000
202200051121;23;10;2022;19:52;5;10;10387;2;1;9;7;MARTYRS DE LA RESISTANCE (RUE DES);48,3086250785;4,0946400922
202200051122;10;5;2022;11:50;1;29;29247;1;1;1;3;6 Route de Concarneau;47,9517069299; -4,0326701850
202200051123;1;1;2022;02:20;5;62;62193;2;1;1;3;EGALITE (BOULEVARD DE L');50,9457750000;1,8737200000
202200051124;27;3;2022;14:30;1;92;92025;2;1;7;3;MARECHAL JOFFRE (RUE DU);48,9218613834;2,2560057677
202200051125;23;10;2022;18:30;1;06;06069;2;1;1;6;DRAGUIGNAN (ROUTE DE) - D2562-;43,6411490000;6,9082620000
202200051126;6;1;2022;13:05;1;59;59368;2;1;1;6;POMPIDOU G. RUE DU PDT.149 - 301;50,6601600000;3,0626200000
202200051127;9;5;2022;13:35;1;35;35240;1;1;1;2;RN24;48,0828084912; -1,7884674668
202200051128;28;3;2022;12:40;1;92;92023;2;6;1;6;JEAN JAURES (AVENUE) N°57 A 259 ET 64 A;48,8111300000;2,2703500000
202200051129;4;1;2022;19:10;5;59;59295;2;1;8;6;NOTRE DAME;50,7336500000;2,5443900000
202200051130;7;5;2022;15:40;1;33;33162;1;1;1;2;;44,8684800000; -0,6472500000
202200051131;5;1;2022;11:30;1;56;56260;2;2;1;2;Boulevard de la Résistance;47,6478826000; -2,7817913890
202200051132;21;10;2022;21:45;5;75;75118;2;1;1;4;PORTE D AUBERVILLIERS;48,9008200000;2,3684450000