Num_Acc;jour;mois;an;hrmn;lum;dep;com;agg;int;atm;col;adr;lat;long
202200051133;28;3;2022;18:10;1;01;01434;1;1;1;6;D904;45,9796750000;5,1005740000
202200051134;6;5;2022;15:45;1;33;33550;1;1;1;6;ROCADE A 630;44,7784600000; -0,5552100000
202200051135;5;1;2022;17:20;2;56;56121;2;1;1;6;SAINT-CHRISTOPHE ( PONT );47,7612600000; -3,3643600000
202200051136;26;3;2022;02:45;3;91;91340;1;1;1;1;D26;48,5967340000;2,4369910000
202200051137;22;10;2022;02:50;5;75;75115;2;4;1;3;PORTE DE SEVRES;48,8348170000;2,2740400000
202200051138;7;5;2022;03:55;3;59;59386;1;1;1;2;ROUTE DEPARTEMENTALE 652;50,6823788384;3,0769175291
202200051139;5;1;2022;09:40;1;56;56121;2;1;1;2;JOFFRE ( BD MARECHAL );47,7526981000; -3,3621510000
202200051140;27;3;2022;17:50;2;38;38536;2;1;1;2;D37;45,4244460000;4,9181920000
202200051141;9;5;2022;17:50;1;91;91086;1;1;1;7;RN 104;48,6232100000;2,3857980000
202200051142;21;10;2022;20:33;5;75;75120;2;1;1;2;PORTE DE BAGNOLET;48,8608230000;2,4138320000
202200051143;5;1;2022;08:00;5;56;56162;1;6;1;2;Kerlir D152;47,7084300000; -3,4212900000
202200051144;27;3;2022;15:30;1;76;76728;1;1;1;3;A150 PK 006+500;49,4876430000;1,0018160000
202200051145;22;10;2022;13:30;1;75;75105;2;3;1;3;BOULEVARD DE L HOPITAL;48,8418460000;2,3631790000
202200051146;9;5;2022;12:40;1;92;92019;1;1;1;4;AUTOROUTE A86;48,7598940918;2,2783368620
202200051147;5;1;2022;07:50;2;54;54395;2;2;1;6;METZ (RUE DE);48,7016668369;6,1715161800
202200051148;23;10;2022;14:05;1;75;75118;2;3;1;3;BOULEVARD NEY;48,8975350000;2,3289000000
202200051149;9;5;2022;07:50;1;91;91340;1;1;1;2;AUTOROUTE A6;48,6008400000;2,4391200000
202200051150;28;3;2022;09:35;1;69;69289;1;1;1;5;Route d’Heyrieux;45,6591220000;5,0035430000
202200051151;6;1;2022;11:00;1;51;51454;2;1;1;2;Rue du Docteur Lemoine;49,2660251419;4,0385887027
202200051152;29;3;2022;00:00;3;49;49127;1;1;1;6;beauvallon;47,6531390000; -0,2591120000
202200051153;23;10;2022;02:00;5;75;75112;2;2;1;2;AVENUE DAUMESNIL;48,8486320000;2,3725420000
202200051154;9;5;2022;07:35;1;91;91617;1;1;1;2;RN 104 INT / A5A PROVINCE;48,6316800000;2,4973000000
202200051155;6;1;2022;08:20;1;51;51454;2;1;1;7;Rue de Louvois;49,2279270000;4,0383950000
202200051156;16;3;2022;17:40;1;76;76392;2;3;1;3;Rue du Maréchal Leclerc;49,8331754155;1,4021435380
202200051157;5;1;2022;13:54;1;49;49267;1;1;1;7;A87N;47,4812200000; -0,4989500000
202200051158;9;5;2022;15:40;1;78;78490;1;9;1;6;RN12 EXT;48,7999960000;1,9379890000
202200051159;23;10;2022;16:20;1;75;75107;2;2;1;3;PONT DES INVALIDES;48,8626050000;2,3104460000
202200051160;9;3;2022;13:50;1;81;81121;1;1;1;2;D612;43,4716710000;2,6116560000
202200051161;23;10;2022;09:15;1;75;75107;2;1;2;7;PORT DU GROS CAILLOU;48,8629180000;2,3063440000
202200051162;16;4;2022;16:00;1;94;94046;1;1;1;3;A86 EXT;48,8107024269;2,4491754571
202200051163;6;1;2022;11:50;1;44;44109;2;1;1;1;1 Rue André Tardieu;47,2096400000; -1,5382700000
202200051164;29;3;2022;14:45;1;77;77141;1;1;1;6;Pk 01+200 N36 direction Meaux;48,8535660000;2,8608710000
202200051165;1;1;2022;14:20;1;38;38544;2;1;1;2;DELATTRE DE TASSIGNY(PONT);45,5282900000;4,8729300000
202200051166;26;3;2022;18:10;1;59;59266;1;9;7;7;Rue du Marais;50,5582800000;2,9784380000
202200051167;6;1;2022;16:55;1;35;35278;2;6;8;6;Avenue d’Alphasis;48,1532593388; -1,6968619823
202200051168;22;4;2022;06:50;1;988;98818;1;6;1;3;Rond point Edouard MAGNIER/RUE ROGER GERVOLINO; -22,2676500000;166,4637200000
202200051169;21;3;2022;16:20;1;06;06064;2;6;1;6;M2210;43,7659960000;7,2013560000
202200051170;8;5;2022;13:20;1;974;97411;1;1;1;7;MONTAGNE (ROUTE DE LA); -20,8863000000;55,4371800000
202200051171;23;10;2022;16:45;1;94;94076;2;1;1;1;STALINGRAD (AV DE);48,7857500000;2,3668900000
202200051172;5;1;2022;19:20;5;35;35238;2;3;1;3;Rue du Bignon;48,0968600000; -1,6335500000
202200051173;18;3;2022;04:38;3;68;68260;1;1;2;3;D430;47,8784980000;7,2749340000
202200051174;8;5;2022;01:35;3;972;97209;1;1;1;1;RD 41 (ROCADE);14,6169900000; -61,0594500000
202200051175;5;1;2022;20:35;5;33;33162;2;3;1;3;Avenue du Médoc;44,8922900000; -0,6633600000
202200051176;8;5;2022;16:20;1;69;69286;2;1;1;1;Route de Genève;45,8065400000;4,8882700000
202200051177;27;3;2022;18:15;1;56;56233;2;1;1;7;Route de Quéhan;47,5906230000; -3,0160900000
202200051178;6;1;2022;08:43;1;29;29232;2;6;1;7;Route de Rosporden;47,9909500000; -4,0726500000
202200051179;26;3;2022;10:00;1;67;67448;1;1;1;7;D392;48,4847630000;7,1701400000
202200051180;6;5;2022;17:20;1;69;69382;2;9;1;3;Cours Charlemagne;45,7390800000;4,8175800000
202200051181;6;1;2022;08:37;2;29;29232;2;1;1;6;Rue Francois Marie Luzel;47,9970500000; -4,1002200000
202200051182;29;3;2022;10:39;1;12;12062;1;1;1;3;D30 PR10+943;44,1575170000;2,9326630000
202200051183;8;5;2022;17:40;1;2A;2A004;2;1;8;2;SAMPIERO BD;41,9254300000;8,7388400000
202200051184;1;1;2022;07:55;2;25;25388;2;3;1;1;Route de Grand-Charmont;47,5216857316;6,8173438311
202200051185;29;3;2022;11:40;1;47;47232;1;1;1;3;Larouquette;44,5002210000;0,3620070000
202200051186;4;1;2022;10:40;1;24;24322;2;1;1;5;BERNARD (RUE CLAUDE);45,1790500000;0,7114400000
202200051187;27;3;2022;20:30;2;44;44072;2;1;1;6;4 Rue de la Claie;47,4525580000; -2,2965660000
202200051188;8;5;2022;02:47;5;91;91425;2;1;1;4;RTE D ORLEANS RN 20;48,6427400000;2,2693100000
202200051189;28;3;2022;18:15;1;50;50523;2;1;1;7;Zone Artisanale les Crutelles;49,4034970000; -1,3239970000
202200051190;1;1;2022;04:45;5;19;19275;2;9;1;6;BEAUREGARD (AVENUE DE);45,5497964917;2,3173427582
202200051191;7;5;2022;23:45;5;78;78172;2;1;1;7;REPUBLIQUE (QUAI DE LA);48,9905500000;2,0867000000
202200051192;3;1;2022;10:10;1;19;19031;2;1;1;6;Avenue Jacques et Bernadette Chirac;45,1676001054;1,5514132977
202200051193;27;3;2022;18:00;1;45;45341;1;4;1;3;D136 - PR 1 + 820;48,0429720000;1,6727970000
202200051194;7;5;2022;17:25;1;74;74012;2;1;1;4;TANINGES (ROUTE DE );46,1913200000;6,2541500000
202200051195;1;1;2022;05:00;3;15;15014;2;1;1;6;VERNIOLS;44,9376170000;2,4279920000
202200051196;29;3;2022;11:44;1;04;04208;1;1;1;1;RD 30;43,9715770000;5,5345670000
202200051197;7;1;2022;00:10;5;13;13214;2;1;1;2;ARNAVON (AVENUE);43,3314600000;5,3772600000
202200051198;7;5;2022;16:20;1;69;69256;2;1;1;6;Avenue Jean Moulin;45,7890100000;4,9154400000
202200051199;28;3;2022;11:57;1;17;17253;1;1;1;2;D911;45,9753710000; -0,9140180000
202200051200;6;1;2022;20:45;5;13;13215;2;1;1;1;MARCHE D'IN (AVENUE);43,3411400000;5,3771500000
202200051201;29;3;2022;10:47;1;87;87061;1;1;8;1;Montaumarchand;46,1591600000;1,1320640000
202200051202;7;5;2022;14:05;1;59;59431;2;2;1;3;GAND (RUE );50,7006732011;2,8639045358
202200051203;6;1;2022;06:20;5;13;13004;2;1;1;1;AV STALINGRAD;43,6854500000;4,6341800000
202200051204;8;5;2022;23:30;5;47;47001;2;1;1;6;SCHUMANN (AV. ROBERT);44,2079500000;0,6320600000
202200051205;25;3;2022;15:30;1;30;30114;1;1;1;3;D6110;43,8145250000;4,0954540000
202200051206;5;1;2022;20:03;5;10;10333;2;1;1;4;ECHENILLY (CD);48,2796800000;4,0430000000
202200051207;8;5;2022;04:51;5;45;45302;2;1;1;6;D2020 PR 21 + 820;47,9654000000;1,8880200000
202200051208;29;3;2022;01:05;5;987;98715;1;9;1;7;Bretelle de sortie; -17,5845220000; -149,5685780000
202200051209;5;1;2022;18:20;4;10;10357;2;1;8;3;Av Lieutenant Michel Taittinger;48,3027513712;4,1007971764
202200051210;28;3;2022;07:40;2;22;22246;1;1;8;-1;RN12 ;48,4767620000; -2,6120850000
202200051211;8;5;2022;11:30;1;45;45147;2;1;1;3;14 Rue André Dessaux;47,9255640355;1,8998789191
202200051212;6;1;2022;10:15;1;09;09225;1;1;1;2;ROUTE NATIONALE 20 (VOIE RAPIDE);43,1282900000;1,6279700000
202200051213;8;5;2022;17:56;1;45;45068;2;1;1;3;9 Rue Albert Camus;48,0071800000;2,7141100000
202200051214;29;3;2022;08:30;1;25;25157;1;3;1;1;RN57;46,8459720000;6,3704400000
202200051215;5;1;2022;11:10;1;06;06123;2;1;1;1;TEISSEIRE FRANCIS RUE;43,6651790000;7,1964690000
202200051216;8;5;2022;13:10;1;45;45068;2;6;1;3;32 Rue Saint-Just;48,0068800000;2,7197200000
202200051217;27;3;2022;18:20;3;987;98725;2;3;1;1;RT2 bas de MAHINARAMA; -17,5610800000; -149,4775240000
202200051218;8;5;2022;18:05;1;37;37261;2;1;1;2;PROUDHON (AVENUE);47,3943300000;0,6678200000
202200051219;4;1;2022;10:00;1;05;05061;2;3;1;3;D942 A;44,5535000000;6,0786800000
202200051220;8;5;2022;14:00;1;37;37261;2;2;1;3;MICHELET (RUE);47,3866337779;0,6921923161
202200051221;28;3;2022;15:45;1;987;98723;1;1;1;1;RT413 Atuona; -9,7792680000; -139,0068320000
202200051222;5;1;2022;06:15;3;05;05061;1;1;1;7;RN 85;44,5922200000;6,0819300000
202200051223;8;5;2022;19:00;1;33;33063;2;1;1;3;Cours Victor Hugo;44,8349600000; -0,5729600000
202200051224;29;3;2022;12:30;1;971;97131;2;1;1;7;Route de l Anse Rodrigue;15,8639610000; -61,5809820000
202200051225;4;1;2022;21:05;5;75;75111;2;3;1;6;BOULEVARD BEAUMARCHAIS;48,8606910000;2,3673550000
202200051226;29;3;2022;13:30;1;13;13022;1;1;1;6;ROUTE DES CRÊTES;43,2087180000;5,5569360000
202200051227;8;5;2022;06:20;1;31;31555;1;1;1;6;CHE DU PONT DE RUPE;43,6562700000;1,4139600000
202200051228;6;1;2022;17:55;5;75;75119;2;1;1;6;BOULEVARD SERURIER;48,8947700000;2,3943390000
202200051229;28;3;2022;11:15;1;13;13015;2;6;1;1;Rond Point Hrant Dink - D8n;43,4326580000;5,3963580000
202200051230;4;5;2022;19:15;1;25;25388;2;9;3;3;PARDONNET ( RUE LOUIS);47,5125940000;6,7850580000
202200051231;6;1;2022;19:30;2;75;75115;2;2;1;3;ROND POINT DU PONT MIRABEAU;48,8458860000;2,2773420000
202200051232;28;3;2022;10:15;1;67;67282;1;1;1;1;D1004;48,6230560000;7,4737870000
202200051233;7;5;2022;12:40;1;13;13071;2;3;1;5;AVENUE BARREAU NORD-SUD;43,4166800000;5,3644900000
202200051234;28;3;2022;18:05;1;67;67080;2;1;1;1;8 rue principale;48,5611620000;7,5309080000
202200051235;8;5;2022;10:00;1;13;13214;1;1;2;1;MAHOUBI TIR ;43,3330934266;5,3955338169
202200051236;5;1;2022;13:10;1;75;75115;2;2;1;3;BOULEVARD DE GRENELLE;48,8544240000;2,2886570000
202200051237;28;3;2022;23:00;4;73;73006;1;1;1;7;Route de la Piaz;45,5455150000;6,6031640000
202200051238;6;1;2022;12:30;1;75;75113;2;1;1;6;BOULEVARD VINCENT AURIOL;48,8316820000;2,3590290000
202200051239;8;5;2022;05:27;1;13;13212;2;2;1;3;SAINT JULIEN (AVENUE DE );43,3075200000;5,4248400000
202200051240;26;3;2022;19:55;3;42;42147;1;3;1;3;Avenue de Saint Étienne;45,5848970000;4,1005610000
202200051241;8;5;2022;01:36;5;13;13208;2;1;9;6;PRADO (AVENUE DU);43,2798500000;5,3870800000
202200051242;6;1;2022;18:02;5;75;75111;2;3;1;3;BOULEVARD VOLTAIRE;48,8655920000;2,3670540000
202200051243;6;1;2022;09:00;1;75;75107;2;2;1;7;BOULEVARD DES INVALIDES;48,8494368928;2,3151272535
202200051244;23;4;2022;19:05;2;07;07072;1;1;3;3;;44,7370100000;4,6153400000
202200051245;25;3;2022;19:40;5;38;38374;2;4;1;6;310 Chemin de la Michallière;45,6311000000;5,3689720000
202200051246;8;5;2022;14:42;1;06;06069;1;1;1;6;SAINT LAURENT (AVENUE);43,6779110000;6,9503600000
202200051247;29;3;2022;03:00;5;38;38565;2;1;1;6;375 Avenue du 11 Novembre;45,2924710000;5,6319680000
202200051248;5;1;2022;22:35;5;75;75101;2;7;1;3;QUAI DE LA MEGISSERIE;48,8573210000;2,3468450000
202200051249;8;5;2022;23:00;5;01;01344;2;1;1;6;TREVOUX (AVENUE DE);46,1984000000;5,1764600000
202200051250;6;1;2022;14:00;1;94;94052;2;1;1;6;Rue des Héros Nogentais;48,8381000000;2,4848900000
202200051251;24;3;2022;18:00;1;17;17077;2;1;1;1;Route d Orignolles;45,1401610000; -0,1642090000
202200051252;6;5;2022;15:20;1;75;75116;2;1;1;2;BD PERIPHERIQUE INTERIEUR;48,8440890000;2,2546860000
202200051253;28;3;2022;09:30;1;33;33237;1;1;1;6;Route des Landes;44,5106350000; -0,3363330000
202200051254;6;1;2022;13:05;1;94;94081;2;1;1;2;Avenue du Colonel Fabien;48,7885110000;2,3753920000
202200051255;5;5;2022;17:15;1;75;75110;2;1;1;1;BOULEVARD SAINT MARTIN;48,8686830000;2,3574430000
202200051256;28;3;2022;14:00;1;85;85092;2;1;1;3;Rue du Docteur Audé;46,4658700000; -0,8036870000
202200051257;6;1;2022;08:50;2;94;94004;1;1;1;2;N19;48,7574200000;2,5040500000
202200051258;8;5;2022;19:30;1;75;75105;2;3;1;6;QUAI DE LA TOURNELLE;48,8512650000;2,3508710000
202200051259;5;1;2022;20:20;5;93;93049;2;1;1;3;MARECHAL FOCH (AVENUE) PL J.MERMOZ->2 CO;48,8611700000;2,5088200000
202200051260;29;3;2022;16:45;1;50;50121;1;2;1;3;Cimetière;48,8117740000; -1,1668570000
202200051261;22;1;2022;14:20;1;93;93032;2;3;8;3;PAUL VAILLANT COUTURIER (RUE);48,8749600000;2,5513000000
202200051262;27;3;2022;15:40;1;14;14044;1;2;1;3;D83;49,2685360000; -0,4367710000
202200051263;8;5;2022;15:26;1;75;75119;2;7;1;2;PLACE AUGUSTE BARON;48,9001600000;2,3872350000
202200051264;25;3;2022;17:00;1;14;14228;1;1;1;7;D7;49,2839180000; -0,3805950000
202200051265;4;1;2022;20:20;5;93;93047;2;3;2;3;GENERAL DE GAULLE (RUE DU);48,8992800000;2,5625500000
202200051266;8;5;2022;15:00;1;75;75119;2;1;1;6;AVENUE DE FLANDRE;48,8916960000;2,3783340000
202200051267;28;3;2022;16:20;1;22;22179;2;1;1;6;rue de la grenouillere;48,6287680000; -2,3586170000
202200051268;6;1;2022;17:18;2;93;93001;2;1;1;6;REPUBLIQUE (AVE DE LA ) 43/106 =>;48,9069100000;2,3888800000
202200051269;8;5;2022;14:20;1;75;75119;2;4;1;3;RUE MANIN;48,8804170000;2,3796220000
202200051270;6;1;2022;19:50;5;92;92046;2;1;1;3;DE STALINGRAD;48,8147460000;2,2867840000
202200051271;6;1;2022;12:30;1;92;92050;2;1;1;6;PONS NOEL RUE;48,9080358204;2,2282719612
202200051272;8;5;2022;00:30;5;75;75117;2;3;1;3;BOULEVARD DES BATIGNOLLES;48,8832170000;2,3253370000
202200051273;29;3;2022;11:00;1;60;60395;2;3;1;3;Rue Aristide Briand;49,2171749913;2,1284755468
202200051274;8;5;2022;20:00;1;75;75115;2;2;1;6;AVENUE DE LA PORTE DE LA PLAINE;48,8309240000;2,2923380000
202200051275;6;1;2022;20:30;5;92;92044;2;4;1;3;DANTON (RUE) ;48,8981600000;2,2770600000
202200051276;29;3;2022;18:41;1;59;59214;1;2;2;3;D135;50,3003090000;3,0557440000
202200051277;6;1;2022;16:53;2;92;92044;2;1;1;7;MARIUS AUFAN(RUE) 69+ ET 80+;48,8922140000;2,2831330000
202200051278;8;5;2022;22:40;5;75;75113;2;3;1;7;AVENUE DES GOBELINS;48,8346560000;2,3533310000
202200051279;28;3;2022;17:50;1;13;13212;2;1;1;6;A507 sens Aubagne- Marseille;43,3210010000;5,4224930000
202200051280;6;1;2022;20:25;3;25;25474;1;1;1;6;"autoroute A36, PK 104+400, sens de circulation ""vers MULHOUSE""";47,3379830000;6,2209290000
202200051281;8;5;2022;18:07;1;75;75113;2;3;1;3;QUAI FRANCOIS MAURIAC;48,8329630000;2,3787510000
202200051282;28;3;2022;14:30;1;13;13106;1;1;1;3;A51-Sens Aix en Provence vers Marseille;43,3900000000;5,3500000000
202200051283;7;1;2022;08:10;2;41;41045;1;1;2;6;D751;47,4833510000;1,1991620000
202200051284;28;3;2022;07:00;2;13;13071;1;1;1;3;A7-Sens Marseille vers Lyon;43,4152400000;5,2784100000
202200051285;8;5;2022;14:30;1;75;75107;2;1;1;2;PONT D IENA;48,8595100000;2,2925320000
202200051286;6;1;2022;20:26;3;28;28015;1;1;1;3;Autoroute A 11 PK 037+800;48,5100370000;1,7490580000
202200051287;8;5;2022;02:50;5;75;75112;2;1;1;3;AVENUE LEDRU ROLLIN;48,8489460000;2,3731110000
202200051288;25;3;2022;15:30;1;83;83144;1;1;1;2;A57;43,1343660753;5,9875059128
202200051289;7;1;2022;16:36;2;51;51183;1;1;2;1;D966;49,3042090000;4,0275190000
202200051290;28;3;2022;15:30;1;69;69297;1;1;1;7;A47;45,5880800000;4,7851200000
202200051291;8;5;2022;15:00;1;75;75111;2;2;1;3;BOULEVARD RICHARD LENOIR;48,8580360000;2,3716740000
202200051292;5;1;2022;08:30;2;19;19039;1;1;1;6;RD 10;45,2871940000;1,9811480000
202200051293;27;3;2022;18:15;1;33;33003;1;1;1;7;AUTOROUTE A 10;44,9301070000; -0,4692990000
202200051294;2;1;2022;00:30;3;79;79076;2;1;1;6;;46,7343310000; -0,4701700000
202200051295;8;5;2022;20:31;2;94;94080;2;1;1;6;REPUBLIQUE (AV DE LA);48,8523820000;2,4384200000
202200051296;24;3;2022;21:05;3;59;59581;1;1;1;6;AUTOROUTE A25;50,7067415016;2,7843559384
202200051297;8;5;2022;19:30;1;94;94073;2;3;1;1;REPUBLIQUE (AV DE LA);48,7736700000;2,3987800000
202200051298;6;1;2022;10:30;1;31;31351;1;6;1;3;N224;43,6719300000;1,2935060000
202200051299;26;3;2022;12:25;1;78;78402;1;1;1;6;A13;48,9652300000;1,8061200000
202200051300;6;1;2022;15:40;1;2B;2B207;2;1;8;3;Route de San Pellegrino;42,4451411541;9,5136129848
202200051301;8;5;2022;11:20;1;93;93072;2;1;1;3;Avenue Aristide Briand;48,9621509387;2,3799052835
202200051302;27;3;2022;18:20;1;95;95277;1;1;1;2;RD 170 ;48,9776000000;2,4605000000
202200051303;8;5;2022;18:30;1;93;93066;2;1;1;3;Avenue du Colonel Fabien;48,9451541590;2,3521551490
202200051304;6;1;2022;16:40;2;80;80571;1;1;1;5;D14;49,7662980000;2,4696600000
202200051305;26;3;2022;14:40;1;93;93005;1;1;1;3;AUTOROUTE A3;48,9620300000;2,4739600000
202200051306;8;5;2022;07:41;1;93;93079;2;1;1;2;Route de Saint-leu;48,9523890000;2,3379260000
202200051307;4;1;2022;12:10;1;81;81204;2;1;1;1;26 Chemin des Mûriers;43,5189279797;2,3583231568
202200051308;27;3;2022;03:30;3;75;75112;1;1;1;4;A4;48,8234210852;2,4630671740
202200051309;8;5;2022;13:00;1;92;92062;2;1;1;2;BERTHELOT (RUE MARCELIN);48,8877624160;2,2327209413
202200051310;6;1;2022;09:05;1;12;12052;2;8;1;6;Avenue de la république;44,5745040000;2,0825660000
202200051311;8;5;2022;22:25;5;92;92051;1;1;1;2;CHARLES DE GAULLE (AVENUE, N° 18 A 116);48,8815109461;2,2715373337
202200051312;27;3;2022;01:10;5;75;75113;2;4;1;3;AVENUE DE LA PORTE D IVRY;48,8197210961;2,3729221380
202200051313;7;1;2022;13:30;1;03;03043;2;1;1;6;15 Village d Escolles;46,1988260000;3,2649350000
202200051314;8;5;2022;21:30;2;92;92026;2;1;1;3;SAINT DENIS BD (120 A 174 / 199 A 315);48,8976213027;2,2625320852
202200051315;27;3;2022;22:15;5;13;13214;2;1;1;1;FRÉDÉRIC SAUVAGE (BOULEVARD);43,3339200000;5,3701700000
202200051316;7;1;2022;17:10;2;83;83060;1;1;1;6;D13;43,6187615517;6,0722284913
202200051317;9;5;2022;09:05;1;37;37005;2;1;7;6;26 Route de Richelieu;46,9642471512;0,5783580244
202200051318;27;3;2022;20:30;5;69;69387;2;3;1;3;Avenue Tony Garnier;45,7323200000;4,8238500000
202200051319;6;1;2022;09:25;1;67;67176;1;6;7;3;D1062;48,8924830000;7,6608820000
202200051320;4;5;2022;17:00;1;47;47238;1;1;1;6;1706 Route du Bois Noir;44,1636460000;0,5182800000
202200051321;27;3;2022;20:00;5;69;69387;2;1;1;6;Boulevard Yves Farge;45,7328094902;4,8244222999
202200051322;6;1;2022;07:25;5;67;67152;2;6;1;3;M222;48,5314480000;7,6918220000
202200051323;9;5;2022;17:10;1;54;54301;1;1;7;1;D32;48,8057399507;6,3177931303
202200051324;27;3;2022;16:40;1;69;69259;2;2;1;3;Rue Président Salvador Allende;45,6947600000;4,8896400000
202200051325;9;5;2022;07:00;1;08;08145;2;1;1;7;d 964;49,6672490000;5,0443550000
202200051326;6;1;2022;10:53;1;66;66195;1;6;1;3;Route Départementale 916;42,6875810000;2,8223600000
202200051327;8;5;2022;06:00;2;38;38131;1;1;1;7;Route de Reventin - Vaugris;45,4510580000;4,8501900000
202200051328;26;3;2022;21:40;5;972;97213;2;1;1;2;ROUTE DEPARTEMENTALE 3;14,6078925692; -60,9977674484
202200051329;7;1;2022;11:50;1;06;06085;1;1;1;2;D6185;43,6087060000;6,9745750000
202200051330;7;1;2022;13:02;1;25;25233;1;1;1;7;N57;47,1326440000;6,2834180000
202200051331;27;3;2022;16:27;1;972;97209;1;1;1;3;BALATA (ROUTE DE);14,6539994719; -61,0853871703
202200051332;9;5;2022;17:30;1;77;77382;1;1;1;2;Autoroute A4, PK 40.700 direction la province.;48,8859050000;2,8954770000
202200051333;6;5;2022;16:30;1;67;67478;2;1;1;3;rue de la gare;48,7625970000;7,4171290000
202200051334;27;3;2022;19:05;2;2A;2A004;2;1;1;3;ILES SANGUINAIRES ROUTE DES;41,9079500000;8,7046100000
202200051335;1;1;2022;02:00;3;69;69019;1;1;5;6;Autoroute 6;46,1063667018;4,7565972805
202200051336;9;5;2022;07:25;1;974;97414;1;1;1;3;Avenue du Rond Point du Gol; -21,2831160000;55,3958450000
202200051337;27;3;2022;11:15;1;2A;2A004;2;6;1;2;ILES SANGUINAIRES ROUTE DES;41,9087400000;8,7087300000
202200051338;9;5;2022;08:10;1;59;59309;1;1;1;7;Rue du Looweg;50,9708600000;2,5773670000
202200051339;2;1;2022;16:44;1;974;97415;2;-1;1;3;N1a; -21,1055980000;55,2502680000
202200051340;26;3;2022;14:45;1;95;95323;2;1;1;3;ECANCOURT (BOULEVARD D');49,0104911243;2,0408982038
202200051341;5;5;2022;12:15;1;83;83026;1;1;2;6;D33;43,4178080000;6,2619660000
202200051342;5;1;2022;15:13;1;973;97311;2;9;1;6;Boulevard du Général de Gaulle;5,4925430000; -54,0358690000
202200051343;26;3;2022;11:50;1;91;91645;2;1;1;2;GEORGES POMPIDOU (AVENUE);48,7504860000;2,2779590000
202200051344;6;1;2022;22:10;3;91;91098;1;1;2;1;D 191;48,4551360000;2,0680210000
202200051345;8;5;2022;23:05;3;56;56066;1;1;1;6;Kerbiquet;48,0949070000; -3,6342640000
202200051346;27;3;2022;09:13;1;91;91657;2;9;1;2;AV HENRI BARBUSSE;48,7040500000;2,4334400000
202200051347;7;1;2022;11:40;1;2B;2B205;2;1;1;6;D81;42,7002850816;9,3650937093
202200051348;6;5;2022;13:00;1;74;74131;1;1;1;1;RD 1508;46,0193950000;5,9162450000
202200051349;9;5;2022;17:15;1;67;67281;1;1;1;1;D468;48,1301540000;7,5401030000
202200051350;6;1;2022;17:45;5;34;34111;2;9;1;3;avenue du Mont Aigoual;43,9327100000;3,7033370000
202200051351;8;5;2022;18:00;1;76;76528;1;9;1;6;Rue du Poteau Maitre Jean;49,9174090000;1,5877390000
202200051352;26;3;2022;11:50;1;91;91514;1;1;1;4;CHE CD 33;48,6722370000;2,5252600000
202200051353;7;5;2022;11:16;3;2A;2A085;2;1;1;6;Bavitoli;41,9165789882;8,9203057772
202200051354;6;1;2022;19:45;5;06;06048;2;1;1;5;D 15;43,7866370000;7,3335460000
202200051355;7;1;2022;07:30;2;04;04242;1;1;1;6;Ch du pont vieux;43,8756850000;5,8629870000
202200051356;7;1;2022;07:45;3;89;89152;1;1;3;1;RD 606;47,9514840000;3,4638720000
202200051357;8;5;2022;15:15;1;32;32361;1;2;1;3;biron;43,4310530000;0,5156010000
202200051358;1;1;2022;07:35;1;57;57360;1;1;1;6;;49,1561800000;6,9734220000
202200051359;6;5;2022;08:35;1;32;32254;1;2;1;3;En Trouette;43,5402310000;0,4546530000
202200051360;6;1;2022;16:30;1;26;26313;2;1;1;7;118 Avenue de Provence;44,9672800000;4,9493680000
202200051361;8;5;2022;18:24;1;89;89313;1;1;1;1;Lieu Dit la Rue Chaude;47,9764930000;3,2326200000
202200051362;5;1;2022;18:25;5;22;22136;2;3;1;3;1 Boulevard des Priteaux;48,1796010391; -2,7504186631
202200051363;9;5;2022;01:00;5;89;89365;2;1;1;6;3 Rue du Matteroy ;47,6850350000;2,9968800000
202200051364;6;1;2022;22:10;5;27;27188;1;1;2;2;Route de la Breche aux Loups;49,3031320000;1,1121080000
202200051365;7;5;2022;19:15;1;61;61116;1;1;1;1;D623;48,3634990000;0,8391400000
202200051366;7;5;2022;19:40;1;61;61512;1;2;1;2;Impasse de la Pierre Hurel;48,7179580000; -0,2516560000
202200051367;7;1;2022;18:20;5;02;02684;2;1;2;6;5 Rue de la République;49,9187430000;4,1332210000
202200051368;1;1;2022;08:00;1;69;69389;1;1;1;2;Route de Métropole 6;45,7697900000;4,7930300000
202200051369;8;5;2022;20:00;2;42;42279;2;1;1;2;78 Route de Bonson;45,5044300000;4,2490160000
202200051370;5;1;2022;15:30;1;59;59278;1;1;1;6;ROUTE NATIONALE 41;50,6104463387;2,9522082210
202200051371;6;5;2022;14:15;1;68;68179;2;6;1;3;Rue Principale;47,7569330000;7,0183270000
202200051372;30;4;2022;20:55;2;44;44211;2;1;1;6;9 Rue du Pinker;47,3494080000; -2,5101290000
202200051373;7;5;2022;10:05;1;44;44182;1;1;1;1;10 Route Hamon;47,1565060000; -2,1461750000
202200051374;6;1;2022;15:20;1;94;94043;1;1;1;4;AUTOROUTE A6B;48,8052365839;2,3449436699
202200051375;8;5;2022;18:30;1;29;29302;1;1;1;6;D770;48,2703833296; -4,0822894872
202200051376;6;1;2022;20:03;3;78;78158;1;9;1;7;;48,8314720000;2,1474190000
202200051377;8;5;2022;01:00;3;29;29201;1;4;1;6;D67 - Croas Ar Bis;48,4101805494; -4,6569943426
202200051378;6;1;2022;17:10;2;92;92078;1;1;1;6;AUTOROUTE A86;48,9287532702;2,3303447346