Num_Acc;jour;mois;an;hrmn;lum;dep;com;agg;int;atm;col;adr;lat;long
202200051379;6;1;2022;18:15;3;94;94028;1;1;1;2;A86 INT;48,7920430655;2,4409096559
202200051380;8;5;2022;18:15;1;38;38095;2;1;1;3;rue de l'emeraude;45,1422980000;5,2895740000
202200051381;6;1;2022;07:00;3;94;94073;1;1;1;6;A86 INT;48,7620000000;2,3817000000
202200051382;7;5;2022;17:45;1;66;66048;2;1;1;3;Avenue General de Gaulle;42,4417974202;3,1654371321
202200051383;1;1;2022;05:50;5;94;94028;2;3;8;6;Avenue du Général de Gaulle / Rue Charles Gounod;48,7847200000;2,4510900000
202200051384;8;5;2022;21:00;2;14;14269;1;1;1;6;D51;49,2506080000;0,2240500000
202200051385;5;1;2022;16:00;1;973;97302;2;9;1;3;MANDELA  (BOULEVARD);4,9390799970; -52,3264861107
202200051386;7;5;2022;10:38;1;83;83149;1;1;1;6;2740 Route de Draguignan;43,5591750000;6,2691140000
202200051387;5;1;2022;14:30;1;973;97302;2;9;1;6;REPUBLIQUE (BD DE LA);4,9389365862; -52,3195418715
202200051388;4;1;2022;23:20;4;972;97213;1;4;2;7;AUTOROUTE A1;14,6146300000; -61,0128400000
202200051389;9;5;2022;16:50;1;73;73007;1;3;1;1;RD925;45,5819680000;6,2740730000
202200051390;5;1;2022;10:44;1;69;69286;2;1;7;6;Lieudit Vancia;45,8279900000;4,9093200000
202200051391;5;1;2022;17:50;5;95;95019;2;1;1;6;Rue Jean Jaurès;48,9898254210;2,4182420969
202200051392;3;1;2022;17:28;5;95;95476;2;1;3;6;WILLIAM THORNLEY (RUE);49,0632895194;2,0655369759
202200051393;7;5;2022;18:30;1;07;07183;1;1;1;4;;44,4848400000;4,3804000000
202200051394;9;5;2022;11:40;1;04;04157;1;1;1;7;RD 8;43,8946140000;6,0727470000
202200051395;5;1;2022;20:25;5;91;91103;2;6;1;7;AV DE LA COMMUNE DE PARIS;48,5947500000;2,3030700000
202200051396;9;5;2022;02:20;3;17;17337;2;1;1;7;Rue de la Maratte;45,9836970000; -1,3093530000
202200051397;5;1;2022;08:20;1;91;91345;2;1;1;6;RUE HENRI DUNANT;48,6909900000;2,2895200000
202200051398;5;5;2022;14:20;1;37;37014;1;1;1;5;d751;47,2645240000;0,4613400000
202200051399;5;1;2022;09:50;1;91;91421;2;1;1;6;SENART (AVENUE DE);48,7027400000;2,4541500000
202200051400;9;5;2022;10:42;1;30;30227;2;1;1;6;37 Boulevard du Portalet;44,2609000000;4,1983000000
202200051401;5;1;2022;06:45;5;91;91191;2;1;1;7;GLACIERE (RUE DE LA);48,7143300000;2,4640200000
202200051402;7;5;2022;14:05;1;35;35352;1;1;1;2;D173;48,0654369698; -1,6195473075
202200051403;5;1;2022;16:15;1;91;91479;2;1;7;6;AV DU GENERAL DE GAULLE;48,7056900000;2,3551500000
202200051404;6;5;2022;20:45;3;987;98738;2;1;1;1;TAAPUNA LOTISSEMENT; -17,6008910000; -149,6071390000
202200051405;5;1;2022;20:25;5;86;86194;2;1;1;1;Rue Victor Schoelcher;46,5598240000;0,3736260000
202200051406;9;5;2022;09:56;1;42;42066;1;1;1;2;A72;45,7302880000;4,1826130000
202200051407;6;5;2022;14:00;1;42;42295;1;1;1;6;Aire de repos du Haut Forez;45,8560650000;3,8135000000
202200051408;8;5;2022;16:10;1;11;11145;1;1;1;3;D718;43,2276940000;3,2064630000
202200051409;5;1;2022;16:00;1;83;83137;2;1;1;6;PASTOUREAU (RUE HENRI);43,1249400000;5,9309600000
202200051410;9;5;2022;18:00;1;74;74118;1;1;1;2;A40;46,1809450000;6,2302110000
202200051411;5;1;2022;15:00;1;83;83098;2;1;1;1;MOULIN (AVENUE JEAN);43,1080656669;6,0165174007
202200051412;8;5;2022;17:00;1;988;98831;1;3;1;1;Route de Boyen (Pont); -20,8263050000;164,6202160000
202200051413;5;1;2022;10:40;1;83;83137;2;1;1;2;CLEMENCEAU (BD GEORGES);43,1235390000;5,9373680000
202200051414;9;5;2022;10:15;1;974;97424;1;1;1;7;Route Nationale 5; -21,1785690000;55,4552290000
202200051415;3;1;2022;22:00;5;80;80021;2;9;2;6;ALPHONSE FIQUET (PLACE);49,8908200000;2,3064100000
202200051416;6;5;2022;14:15;1;971;97114;1;1;1;3;Morne Rouge;16,1188370000; -61,5725970000
202200051417;8;5;2022;15:30;1;77;77147;1;1;7;7;D76;48,5722910000;3,0805490000
202200051418;3;1;2022;22:14;5;77;77306;1;3;2;6;D57;48,5980320000;2,6861940000
202200051419;1;5;2022;09:50;1;77;77370;1;2;1;6;D225;48,2516840000;2,7616830000
202200051420;5;1;2022;09:35;1;77;77333;2;1;1;6;D607;48,2633200000;2,6997800000
202200051421;9;5;2022;08:25;1;91;91338;1;1;1;4;Rue d Orsay;48,6488430000;2,0727860000
202200051422;5;1;2022;16:35;1;76;76322;2;1;1;1;Chemin de la Voute;49,4080000000;1,0350000000
202200051423;9;5;2022;08:20;1;83;83068;2;1;1;1;Route du Littoral;43,2687100000;6,5737720000
202200051424;3;1;2022;22:20;5;76;76540;2;2;2;7;Quai Pierre Corneille;49,4381500000;1,0919300000
202200051425;3;1;2022;08:10;5;76;76447;2;1;1;6;CLAUDE DEBUSSY;49,5454700000;0,1674000000
202200051426;7;5;2022;16:00;1;06;06070;1;1;8;6;Route de Thorenc;43,8070700000;6,8921940000
202200051427;1;1;2022;13:15;1;72;72181;2;1;1;4;MESSIAEN OLIVIER (AV) PAIRS;48,0149000000;0,1601200000
202200051428;4;1;2022;12:45;1;67;67482;2;3;2;6;VOSGES (AVENUE DES);48,5879939988;7,7570900000
202200051429;4;1;2022;19:30;5;67;67482;2;1;2;3;ALTENHEIM (ROUTE D );48,5385974910;7,7687850000
202200051430;4;1;2022;12:20;1;67;67447;2;3;2;3;EUROPE (AVENUE DE L );48,6098100000;7,7115300000
202200051431;3;1;2022;06:45;5;67;67482;2;3;2;3;ROMAINS (ROUTE DES);48,5806684319;7,7232344449
202200051432;4;1;2022;19:35;5;62;62532;2;1;3;6;BRUYEZ- RUE JEAN -;50,5128720000;2,4867300000
202200051433;3;1;2022;17:55;3;60;60159;1;6;3;3;Carrefour de Mercières;49,3930390000;2,8024990000
202200051434;5;1;2022;12:04;1;49;49007;2;1;8;7;LETANDUERE;47,4547100000; -0,5536200000
202200051435;4;1;2022;09:37;1;49;49267;1;1;2;6;A87N;47,4667200000; -0,5160600000
202200051436;4;1;2022;07:33;5;49;49353;2;1;2;7;PASTEUR;47,4456900000; -0,4688900000
202200051437;4;1;2022;20:00;3;45;45004;2;1;8;6;Avenue du Docteur Schweitzer;48,0011200000;2,7686200000
202200051438;4;1;2022;08:30;5;45;45004;2;1;3;6;Route de Viroy;47,9904780000;2,7671850000
202200051439;5;1;2022;07:55;5;37;37122;2;1;1;6;JAURES (BOULEVARD JEAN);47,3491276506;0,6657806039
202200051440;5;1;2022;07:45;2;31;31555;2;1;5;6;RUE DU LOT;43,5805300000;1,4107600000
202200051441;2;1;2022;20:25;5;29;29019;1;1;1;6;route du Vieux Saint-Marc;48,3950930000; -4,4374711000
202200051442;5;1;2022;09:35;1;18;18279;2;1;1;-1;Rue Blanqui;47,2263400000;2,0492300000
202200051443;5;1;2022;05:50;3;14;14181;1;1;2;1;N814;49,1555000000; -0,3147300000
202200051444;5;1;2022;19:30;5;13;13210;2;1;1;3;PONT DE VIVAUX (BOULEVARD);43,2807400000;5,4215700000
202200051445;5;1;2022;10:53;1;13;13214;2;1;1;6;ROLAND DORGELES (BOULEVARD);43,3472200000;5,3784300000
202200051446;5;1;2022;14:15;1;13;13001;2;3;6;3;BROSSOLETTE PIERRE (AV);43,5149024408;5,4426914360
202200051447;4;1;2022;14:55;1;75;75120;2;1;1;4;PORTE DE VINCENNES;48,8473660000;2,4147480000
202200051448;4;1;2022;10:40;1;75;75120;2;4;2;7;ECHANGEUR BAGNOLET;48,8619080000;2,4140520000
202200051449;4;1;2022;07:30;5;75;75114;2;1;2;7;PORTE DE GENTILLY;48,8168510000;2,3362100000
202200051450;5;1;2022;16:20;1;75;75117;2;3;1;6;RUE DES DAMES;48,8849380000;2,3249930000
202200051451;5;1;2022;05:20;5;75;75117;2;5;1;6;RUE JOUFFROY D ABBANS;48,8873660000;2,3138520000
202200051452;4;1;2022;08:15;2;75;75117;2;2;2;6;RUE DE ROME;48,8840210000;2,3185010000
202200051453;5;1;2022;16:00;1;75;75116;2;1;1;6;AVENUE D EYLAU;48,8644620000;2,2846390000
202200051454;5;1;2022;08:00;2;75;75108;2;7;1;6;RUE DE COURCELLES;48,8781230000;2,3050880000
202200051455;5;1;2022;14:40;1;75;75115;2;2;1;3;RUE DE L ABBE GROULT;48,8371850000;2,3001440000
202200051456;5;1;2022;11:50;1;75;75115;2;3;1;7;BOULEVARD GARIBALDI;48,8473840000;2,3030250000
202200051457;5;1;2022;11:00;1;75;75109;2;2;1;3;RUE DES MATHURINS;48,8731400000;2,3267530000
202200051458;5;1;2022;17:45;5;75;75108;2;2;1;3;RUE ROYALE;48,8683750000;2,3232480000
202200051459;5;1;2022;15:15;1;75;75108;2;7;1;1;RUE DE SAINT PETERSBOURG;48,8791530000;2,3234930000
202200051460;4;1;2022;09:30;1;75;75101;2;3;2;1;RUE COQUILLIERE;48,8636520000;2,3427680000
202200051461;4;1;2022;08:00;2;75;75101;2;2;2;3;QUAI DE LA MEGISSERIE;48,8584730000;2,3425440000
202200051462;5;1;2022;17:00;1;94;94078;2;1;1;6;Avenue Anatole France;48,7404200000;2,4525200000
202200051463;5;1;2022;08:45;1;94;94046;2;1;1;3;Avenue Georges Clémenceau;48,8073300000;2,4433900000
202200051464;5;1;2022;09:30;1;94;94028;2;2;1;6;Avenue Pierre Brossolette / Rue de Joly;48,7906500000;2,4629000000
202200051465;5;1;2022;15:00;1;94;94055;2;1;1;3;Route de Provins;48,7930282012;2,5537590979
202200051466;5;1;2022;20:30;5;94;94004;2;3;1;1;Avenue du Général Leclerc/ Allée des F.f.i.;48,7544600000;2,5059800000
202200051467;4;1;2022;08:50;2;94;94071;2;1;1;1;Avenue Winston Churchill;48,7711910135;2,5211763380
202200051468;5;1;2022;14:20;1;94;94002;2;3;1;1;Quai de la Révolution / Digue d'Alfortville;48,7820932096;2,4196422100
202200051469;5;1;2022;13:04;1;93;93072;2;4;1;6;ALBERT MOREAU (RUE) DES N°2BIS AU 42;48,9515782795;2,3797964305
202200051470;5;1;2022;10:45;1;93;93071;2;9;1;3;PETITS PONTS (ROUTE DES);48,9499643728;2,5224030018
202200051471;5;1;2022;15:10;1;93;93070;2;1;1;1;MICHELET(AV):N°1AU 103;48,9033400000;2,3440500000
202200051472;5;1;2022;15:00;1;93;93070;2;9;1;1;MICHELET (AVE) : DU 1 AU 103;48,9115653106;2,3337346315
202200051473;5;1;2022;08:40;2;93;93064;2;3;1;6;ROSNY 2 (CENTRE COMMERCIAL);48,8810627214;2,4800077651
202200051474;5;1;2022;08:30;1;93;93031;2;3;1;6;Rue Leguillon / Avenue de la Marne;48,9519300000;2,3276900000
202200051475;5;1;2022;11:11;1;93;93047;2;1;1;6;BLEUETS (AVENUE DES);48,8891400000;2,5534000000
202200051476;5;1;2022;14:00;1;92;92073;2;1;1;6;SELLIER (BOULEVARD HENRI);48,8682678656;2,2246167809
202200051477;5;1;2022;17:57;5;92;92026;2;1;1;6;SAINT DENIS BD (120 A 174 / 199 A 315);48,8981587541;2,2641344368
202200051478;5;1;2022;19:45;5;92;92012;2;1;1;3;GENERAL LECLERC (AVENUE DU) 1/33 - 2/58;48,8328062501;2,2411016375
202200051479;4;1;2022;17:55;5;41;41104;2;1;2;2;336 Route de Chambord;47,5953300000;1,4647400000
202200051480;3;1;2022;20:00;3;83;83004;1;1;1;6;;43,4594530000;6,5228860000
202200051481;6;1;2022;14:00;1;64;64057;1;1;1;6;Route d Hagetaubin;43,4846960000; -0,6094750000
202200051482;5;1;2022;18:00;3;19;19234;1;1;1;5;autoroute A20 - pk 255.650 - sens 1 et 2;45,2884021550;1,5724324694
202200051483;4;1;2022;23:05;3;22;22305;2;1;1;6;Rue de la Boissiere;48,2666300000; -2,1598060000
202200051484;5;1;2022;12:30;1;62;62588;2;1;1;7;D349;50,4696650000;1,7697800000
202200051485;6;1;2022;13:30;1;62;62297;1;1;1;7;D219;50,8307840000;2,1357460000
202200051486;3;1;2022;16:50;1;2B;2B050;2;1;1;6;Route de Santore;42,5606990000;8,7556640000
202200051487;5;1;2022;22:35;5;80;80188;2;1;1;6;Rue Blanchard;49,7183230000;2,3426790000
202200051488;15;2;2022;13:25;1;972;97213;1;9;1;6;ROUTE DEPARTEMENTALE 14;14,6228100000; -61,0189300000
202200051489;14;2;2022;20:25;4;972;97213;2;1;1;7;ROUTE DEPARTEMENTALE 3;14,6398807054; -60,9920006990
202200051490;14;2;2022;21:25;5;972;97209;2;4;1;3;AUTOROUTE (A1);14,6145000000; -61,0482300000
202200051491;14;2;2022;17:48;5;972;97209;1;9;1;1;DILLON (AVENUE DE) EX RUE 15;14,6012700000; -61,0467200000
202200051492;15;2;2022;19:00;5;69;69389;2;2;1;2;Rue du Souvenir;45,7745100000;4,8016300000
202200051493;15;2;2022;08:55;1;2B;2B120;1;1;8;4;11 - RT;42,6498745872;9,4404600600
202200051494;15;2;2022;12:05;1;2A;2A004;2;1;8;5;ROUTE DU STILETTO;41,9463192725;8,7641425054
202200051495;15;2;2022;11:11;1;95;95680;2;1;1;6;RD 10;49,0076103063;2,4015104771
202200051496;15;2;2022;18:25;5;95;95268;2;1;2;3;AV DU GENERAL DE GAULLE;48,9761700000;2,3945900000
202200051497;15;2;2022;18:45;5;91;91457;2;1;2;6;RTE DE LA FERTE ALAIS;48,5845300000;2,2545500000
202200051498;15;2;2022;18:15;5;91;91692;2;1;2;6;CEVENNES (RUE DES);48,6812250000;2,1735980000
202200051499;14;2;2022;19:05;5;91;91687;2;3;2;6;CARNOT (RUE);48,6797300000;2,3839600000
202200051500;1;7;2022;17:30;1;06;06006;1;1;1;7;3637 Route de Nice;43,7583960000;7,2474520000
202200051501;8;7;2022;18:45;1;84;84037;1;1;1;1;D17 PK 5 + 700;44,0593930000;4,8065210000
202200051502;12;2;2022;15:40;1;91;91174;2;1;1;6;RUE FERAY;48,6067800000;2,4731900000
202200051503;8;7;2022;17:50;1;01;01033;2;1;1;1;26bis avenue maréchal leclerc  (Châtillon-en-Michaille);46,1163760000;5,8094610000
202200051504;9;7;2022;18:30;1;79;79180;1;1;1;7;Route de Voulême;46,1052490000;0,1827980000
202200051505;26;1;2022;21:00;3;91;91228;1;1;1;2;RN7;48,6309400000;2,4388600000
202200051506;8;7;2022;10:50;1;26;26010;2;3;1;3;6 Rue Victor Lafuma;45,2714020000;4,8786220000
202200051507;15;2;2022;10:20;1;91;91223;2;1;9;6;BERCHERE (BOULEVARD);48,4311800000;2,1597800000
202200051508;7;7;2022;14:00;1;42;42271;2;1;1;1;Route des Fabriques;45,4744461359;4,5847505629
202200051509;14;2;2022;19:45;3;78;78440;1;1;2;2;MEULAN ROUTE DE CD154;48,9924000000;1,9399700000
202200051510;7;6;2022;06:50;1;75;75114;2;7;2;6;PLACE DU VINGT CINQ AOUT 1944;48,8231630000;2,3255000000
202200051511;8;7;2022;14:00;1;83;83019;1;1;1;5;D98;43,1993570000;6,3962750000
202200051512;7;6;2022;16:48;1;75;75113;2;2;1;6;BOULEVARD MASSENA;48,8223920000;2,3716060000
202200051513;11;2;2022;10:10;1;76;76351;2;6;1;3;SOUVENIR FRANCAIS (ROND POINT);49,5200600000;0,0883900000
202200051514;9;7;2022;09:15;1;72;72047;1;9;1;3;D283;47,9159680000;0,3014159000
202200051515;8;6;2022;08:45;2;75;75112;2;1;3;4;AVENUE DE GRAVELLE;48,8260110000;2,4082900000
202200051516;9;7;2022;07:45;1;44;44149;2;1;1;1;14 Avenue du Mont Noël;47,5016910000; -1,5831130000
202200051517;7;6;2022;20:45;1;75;75112;2;1;1;6;BOULEVARD PONIATOWSKI;48,8301820000;2,3923680000
202200051518;14;2;2022;12:15;1;71;71153;2;6;2;3;MITTERRAND (AVENUE FRANCOIS);46,8073568230;4,4323343039
202200051519;7;7;2022;07:53;1;44;44137;1;1;1;7;N165;47,4012130000; -2,0072340000
202200051520;7;6;2022;19:21;1;75;75112;2;2;1;3;AVENUE DAUMESNIL;48,8443030000;2,3815820000
202200051521;15;2;2022;13:30;1;69;69256;2;2;1;3;Rue Alexandre Dumas;45,7534000000;4,9325000000
202200051522;9;7;2022;02:40;3;34;34064;1;1;1;2;A75;43,8720810000;3,3124530000
202200051523;7;6;2022;14:35;1;75;75112;2;1;1;2;AVENUE DAUMESNIL;48,8385760000;2,4274160000
202200051524;9;7;2022;09:20;1;15;15188;1;1;1;2;A75 PK 100+780;44,9984770000;3,1729840000
202200051525;14;2;2022;18:55;5;69;69256;2;1;1;4;Rue Cuzin;45,7748100000;4,9158200000
202200051526;7;6;2022;09:35;1;75;75110;2;2;8;5;RUE DU FAUBOURG SAINT MARTIN;48,8811000000;2,3651630000
202200051527;15;2;2022;17:04;1;64;64102;2;3;1;3;JEAN JAURES (BOULEVARD);43,4933052635; -1,4616671205
202200051528;6;7;2022;09:40;1;41;41283;1;2;1;2;croisement RD 957 RD 74 RD 111;47,7027480000;1,1752470000
202200051529;7;6;2022;15:50;1;75;75109;2;3;1;3;RUE SAINT LAZARE;48,8757000000;2,3278050000
202200051530;9;7;2022;12:10;1;38;38424;1;1;1;1;D1075;44,7649981765;5,6598754724
202200051531;15;2;2022;12:50;1;64;64024;2;6;8;3;avenue du maréchal soult;43,4836750000; -1,5022700000
202200051532;8;6;2022;09:06;1;75;75107;2;1;2;7;PORT DE SOLFERINO;48,8609360000;2,3255730000
202200051533;14;2;2022;15:00;1;45;45234;2;4;1;6;Route d’Olivet;47,8877500000;1,9050100000
202200051534;8;7;2022;23:30;3;47;47233;1;4;1;7;intersection d813 route du traversant;44,5456252706;0,0865232625
202200051535;7;6;2022;20:05;1;75;75114;2;2;1;3;RUE D ALESIA;48,8327240000;2,3115280000
202200051536;10;2;2022;09:50;1;43;43002;2;1;9;7;16 Chemin des Cités;45,0550000000;3,8840400000
202200051537;8;7;2022;19:30;1;87;87188;1;1;1;1;D32;45,8561320000;1,0885910000
202200051538;7;6;2022;15:19;1;75;75107;2;7;1;2;PLACE DES INVALIDES;48,8584100000;2,3126100000
202200051539;15;2;2022;08:30;1;37;37214;2;1;1;6;DE GAULLE (BD CHARLES);47,4182342147;0,6648284197
202200051540;8;7;2022;07:35;2;37;37216;1;9;1;6;Autoroute A10;47,1634870000;0,6287100000
202200051541;7;6;2022;19:00;1;75;75104;2;3;1;6;RUE DE RIVOLI;48,8551090000;2,3616970000
202200051542;14;2;2022;17:10;1;35;35288;2;3;1;7;Rue des Cordiers;48,6486900000; -2,0240800000
202200051543;7;7;2022;01:00;3;37;37179;1;1;1;6;A10;47,4485640000;0,7428970000
202200051544;15;2;2022;13:15;1;35;35238;2;1;2;6;HUCHET (JEAN-MARIE);48,1110020000; -1,6369290000
202200051545;7;6;2022;19:05;1;75;75104;2;2;1;6;RUE DES FRANCS BOURGEOIS;48,8564620000;2,3643490000
202200051546;28;11;2022;13:30;1;93;93048;2;9;1;6;ROSNY (RUE DE);48,8686205416;2,4611552821
202200051547;6;7;2022;10:00;1;44;44021;1;1;1;4;D758;47,0536450000; -1,9266680000
202200051548;28;11;2022;17:10;1;93;93031;2;1;1;6;Rue d'Ormesson;48,9616425504;2,3099988699
202200051549;7;6;2022;17:21;1;75;75104;2;3;1;6;RUE SAINT ANTOINE;48,8550940000;2,3616900000
202200051550;19;9;2022;16:40;1;49;49007;2;1;1;6;ALSACE;47,4703900000; -0,5505900000
202200051551;9;7;2022;15:00;1;62;62113;2;1;1;7;D82;50,3442070000;2,5415000000
202200051552;15;2;2022;23:00;5;33;33063;2;2;3;3;Avenue de Laroque;44,8741300000; -0,5764500000
202200051553;27;11;2022;14:30;1;93;93029;2;3;8;3;Rue de la Station / Rue Pierre Semard;48,9307807580;2,4290433526
202200051554;19;9;2022;07:48;1;49;49267;2;1;1;2;BRETONNIERES BOULEVARD;47,4775400000; -0,5108900000
202200051555;7;6;2022;19:45;1;94;94081;2;2;1;3;PUCCINI (R);48,7925500000;2,3821700000
202200051556;14;2;2022;17:50;2;33;33167;2;1;2;6;Parking déviation;44,8445100000; -0,5096400000
202200051557;28;11;2022;13:35;1;93;93007;2;9;1;6;Avenue Charles de Gaulle;48,9443602106;2,4669939280
202200051558;20;9;2022;12:20;1;47;47001;2;6;1;3;PONT DE PIERRE;44,1949500000;0,6123000000
202200051559;9;7;2022;19:40;1;62;62754;2;2;7;3;D9;50,1868140000;2,8581740000
202200051560;28;11;2022;00:50;3;92;92051;2;1;2;6;CHARLES DE GAULLE (AVENUE, N°27 A 129);48,8787023453;2,2789866328
202200051561;3;6;2022;09:05;1;94;94068;2;2;1;3;Avenue Faidherbe;48,8018200000;2,4885300000
202200051562;14;2;2022;10:36;1;31;31069;1;1;2;2;A621;43,6374800000;1,3769300000
202200051563;20;9;2022;17:50;1;45;45285;2;1;1;6;Avenue Pierre Mendès France;47,9031070000;1,8621580000
202200051564;28;11;2022;11:14;1;92;92050;2;1;1;3;ROUSSEAU JEAN JACQUES RUE;48,8870374626;2,2118005157
202200051565;7;7;2022;09:00;1;66;66050;2;9;1;6;Route du Barcares;42,7766120000;2,9141830000
202200051566;20;9;2022;09:35;1;45;45169;2;1;1;3;141 Route d'Orleans;47,9142000000;1,8529500000
202200051567;15;2;2022;11:25;1;27;27351;1;1;1;3;RD 6015;49,2640356282;1,1623960733
202200051568;28;11;2022;10:55;1;92;92050;2;2;1;6;GOULVENTS RUE DES;48,8888200000;2,1889200000
202200051569;11;7;2022;04:30;3;24;24029;1;1;1;7;A89;45,0091120000;0,3038400000
202200051570;8;6;2022;18:57;1;94;94076;2;3;2;2;PARIS (AV DE);48,8071300000;2,3637500000
202200051571;20;9;2022;08:05;1;45;45234;2;2;1;3;1 Rue Royale;47,8980800000;1,9042000000
202200051572;28;11;2022;09:30;1;92;92044;2;1;1;3;CHARLES PASQUA (QUAI) 32 A 58;48,8995272192;2,2798908055
202200051573;8;6;2022;14:20;1;94;94076;2;1;1;6;Rue de Chevilly;48,7837130000;2,3547580000
202200051574;9;7;2022;06:47;1;83;83140;1;1;1;1;;43,4077677600;5,9804141521
202200051575;20;9;2022;07:47;1;43;43157;2;1;1;7;32 Boulevard Carnot;45,0458700000;3,8796800000
202200051576;15;2;2022;18:30;3;25;25056;1;1;1;6;MARCHAUX ROUTE DE;47,2831900000;6,0623200000
202200051577;7;7;2022;11:10;1;57;57343;1;6;1;6;Route Departementale 654;49,3329180000;6,1921420000
202200051578;28;11;2022;14:20;1;92;92036;2;1;1;6;BAS (RUE DES) (78   +);48,9182400000;2,2916600000
202200051579;14;2;2022;23:55;5;25;25056;2;1;2;6;KENNEDY  BOULEVARD J.F.;47,2437300000;5,9953200000
202200051580;7;6;2022;11:20;1;94;94076;2;1;1;4;Boulevard Maxime Gorki;48,7857500000;2,3682200000
202200051581;11;9;2022;17:00;1;42;42207;2;1;1;2;Route de Lyon;45,4811350000;4,5292090000
202200051582;9;7;2022;17:30;1;04;04033;1;1;1;6;RD 900B, les champs longs;44,4627620000;6,2798560000
202200051583;7;6;2022;08:00;1;94;94021;2;1;1;3;STALINGRAD (AV DE);48,7759500000;2,3673800000
202200051584;28;11;2022;16:50;5;92;92035;2;2;1;3;National ( boulevard );48,9066800000;2,2391400000
202200051585;14;2;2022;13:15;1;14;14304;2;3;2;3;Chemin de l’Église;49,3888250000;0,2399010000
202200051586;26;8;2022;18:30;1;42;42207;1;1;1;3;Chemin de la bénéchère;45,4413400000;4,4792100000
202200051587;7;7;2022;05:50;2;51;51157;2;2;1;3;D43/D243;48,8265560000;3,8541360000
202200051588;28;11;2022;17:40;5;92;92012;2;1;1;7;REINE (ROUTE DE LA) 1/37- 6/80;48,8398400000;2,2388900000
202200051589;7;6;2022;19:50;1;94;94068;2;3;1;2;Rue de la Varenne / Passage Dartois-Bidot;48,8072700000;2,4749400000
202200051590;20;9;2022;11:20;1;37;37214;2;1;1;3;DE GAULLE (BD CHARLES);47,4292413059;0,6455111504
202200051591;15;2;2022;19:05;2;13;13211;2;1;1;3;LOUIS REGIS (RUE);43,2894431347;5,4961416583
202200051592;8;7;2022;10:00;1;19;19123;1;1;1;1;RD 921;45,1606320000;1,5950080000
202200051593;7;6;2022;15:50;1;94;94028;2;2;1;3;Avenue du Marechal de Lattre de Tassigny / Avenue Laferrière;48,7991300000;2,4536000000
202200051594;28;11;2022;08:35;1;92;92002;2;1;1;1;GEORGES SUANT (RUE);48,7438400000;2,2842500000
202200051595;20;9;2022;17:55;1;35;35238;2;2;1;3;TILLON (AVENUE CHARLES);48,1246768909; -1,7030753195
202200051596;15;2;2022;16:15;1;13;13208;2;1;1;2;MICHELET (BOULEVARD);43,2613075664;5,3976806221
202200051597;8;7;2022;16:30;1;19;19259;1;1;1;3;D1120;45,0483910000;1,9883970000
202200051598;28;11;2022;06:20;5;92;92002;2;1;1;6;LEON JOUHAUX (AVENUE);48,7342475079;2,3122288585
202200051599;6;6;2022;21:25;2;94;94017;2;1;1;3;34bis Rue Louis Talamoni;48,8130900000;2,5126600000
202200051600;20;9;2022;07:20;2;35;35238;1;1;1;3;N136;48,1077090000; -1,7176420000
202200051601;15;2;2022;13:00;1;13;13211;2;1;1;1;RAOUL FOLLEREAU (AV);43,2937200000;5,4452400000
202200051602;11;7;2022;08:05;1;56;56061;2;1;7;6;1 rue du menhir;47,7652480000; -2,1326460000
202200051603;8;6;2022;20:00;1;94;94004;2;1;1;2;Avenue du Général Leclerc;48,7595100000;2,4997000000
202200051604;20;9;2022;20:20;5;34;34172;2;4;1;7;28 Rue Aristide Ollivier;43,6064600000;3,8827200000
202200051605;28;11;2022;07:15;2;49;49092;2;2;3;3;D762;47,2870263654; -0,8491230011
202200051606;15;2;2022;14:45;1;13;13063;2;1;1;3;CONCORDE CHEMIN DE;43,5806617796;5,0105100805
202200051607;7;6;2022;08:00;1;94;94070;2;1;2;4;LESIGNY (R DE);48,7200000000;2,5700000000
202200051608;20;9;2022;20:45;3;34;34003;1;1;1;1;D612;43,2976200000;3,4807300000
202200051609;28;11;2022;18:16;3;28;28085;1;1;3;5;autoroute A11 pk058+400 sens Paris-province;48,4350950000;1,5218210000
202200051610;15;2;2022;15:30;1;13;13005;2;3;1;4;COMBES (BOULEVARD EMILE);43,2894620924;5,5675311677
202200051611;7;6;2022;08:20;1;93;93073;1;9;2;2;Aeroport Charles de Gaulle;49,0035964709;2,5655114651
202200051612;20;9;2022;19:20;1;33;33522;2;2;1;3;Boulevard George V;44,8253000000; -0,5893400000
202200051613;5;7;2022;19:45;1;56;56075;1;1;1;4;N24 sens Rennes/Lorient;47,9264420000; -2,1441350000
202200051614;28;11;2022;21:45;5;83;83019;1;6;2;3;D559;43,1517640000;6,3116350000
202200051615;7;6;2022;18:58;1;93;93072;2;1;1;2;Avenue de Stalingrad;48,9593200000;2,3985700000
202200051616;27;11;2022;11:30;1;72;72124;1;1;1;7;RD 32;47,8226720000;0,2744270000
202200051617;7;6;2022;22:07;5;93;93070;2;1;1;6;ALBERT-DHALENNE (RUE);48,9131800000;2,3340000000
202200051618;10;7;2022;16:20;1;56;56036;1;3;1;3;Lieu-Dit Senebret;47,8337280000; -3,3535120000
202200051619;12;2;2022;17:50;1;13;13004;1;1;1;3;RTE N570 AVIGNON STES MARIES;43,6636656206;4,6415150910
202200051620;20;9;2022;18:35;1;33;33281;2;6;1;3;Avenue Pierre Mendès-France;44,8240500000; -0,6371600000
202200051621;28;11;2022;05:20;3;22;22193;1;6;2;6;Carmoran;48,4177870000; -2,4428920000