Num_Acc;jour;mois;an;hrmn;lum;dep;com;agg;int;atm;col;adr;lat;long
202200051622;8;7;2022;05:30;3;56;56101;1;1;1;1;Route Jean d’Ormesson;47,8023680000; -3,1864750000
202200051623;20;9;2022;16:00;1;33;33063;2;3;1;2;Boulevard du Président Wilson;44,8507400000; -0,5956700000
202200051624;7;6;2022;08:50;1;93;93070;2;9;2;2;Quai de Seine;48,9144326147;2,3184944988
202200051625;15;2;2022;15:05;1;06;06069;2;1;1;6;BAUDOIN (AVENUE YVES EMMAUEL)  -D2085-;43,6570270000;6,9175190000
202200051626;29;11;2022;13:40;1;50;50095;1;1;1;7;la terrette;49,0874990000; -1,1859660000
202200051627;19;9;2022;22:10;5;33;33529;2;1;1;3;CARNOT (RUE DU PRESIDENT);44,6316800000; -1,1441500000
202200051628;23;5;2022;05:20;2;93;93066;2;1;1;3;Avenue du Président Wilson;48,9264200000;2,3572700000
202200051629;15;2;2022;16:50;1;75;75118;2;4;1;2;BD PERIPHERIQUE EXTERIEUR;48,9009060789;2,3637503386
202200051630;7;7;2022;17:25;1;56;56034;1;1;1;5;D768;47,6148280000; -3,0863860000
202200051631;2;11;2022;14:00;1;66;66028;2;6;1;3;;42,6856640000;2,9400930000
202200051632;7;6;2022;22:30;5;93;93064;2;1;1;6;Rue Lavoisier;48,8627788887;2,4946418703
202200051633;25;6;2022;13:12;1;56;56205;1;1;1;7;D780;47,5665910000; -2,7079150000
202200051634;28;11;2022;22:30;5;51;51099;1;6;5;7;D977;48,7807270000;4,2213890000
202200051635;20;9;2022;09:00;1;33;33529;2;1;1;2;CARNOT (RUE DU PRESIDENT);44,6289000000; -1,1433800000
202200051636;27;11;2022;18:15;3;56;56119;1;2;2;3;Lieu Dit Lann Rohan;47,6993070000; -3,0830600000
202200051637;15;2;2022;18:25;5;75;75119;2;4;2;3;BOULEVARD DE LA COMMANDERIE;48,9018830000;2,3851990000
202200051638;8;6;2022;13:40;1;93;93051;2;1;1;1;Pont de Neuilly;48,8529200000;2,5330500000
202200051639;28;11;2022;12:20;1;59;59655;1;1;1;7;Route de Watten;50,8083257731;2,4264281988
202200051640;11;7;2022;17:49;1;59;59094;1;1;1;6;Route de Loon Plage Rd 1;50,9679540000;2,2116640000
202200051641;8;6;2022;13:00;1;93;93033;2;1;8;6;Avenue du Maréchal Joffre;48,8646700000;2,5752300000
202200051642;29;11;2022;12:10;1;79;79355;1;3;8;7;;46,3355510000; -0,3750160000
202200051643;20;9;2022;19:05;1;31;31555;2;1;1;6;BAYARD (RUE DE) DU 1AU 76;43,6100400000;1,4497800000
202200051644;15;2;2022;07:40;1;75;75119;2;3;1;6;RUE BOTZARIS;48,8762474282;2,3813717812
202200051645;7;6;2022;19:45;1;93;93050;2;1;1;6;336 Avenue du 8 Mai 1945;48,8662590000;2,5342780000
202200051646;28;11;2022;15:55;1;49;49218;1;1;7;1;D17;47,2645170000; -1,0454230000
202200051647;10;7;2022;16:55;1;74;74174;1;1;1;6;D26;46,2165820000;6,5049950000
202200051648;20;9;2022;16:20;1;29;29232;2;1;1;6;Rue Pere Hardouin;47,9906617210; -4,1351465280
202200051649;26;11;2022;16:55;2;34;34186;1;1;1;6;D148;43,6533570000;3,3181500000
202200051650;15;2;2022;09:45;1;75;75118;2;3;1;6;RUE MARCADET;48,8926125402;2,3296889663
202200051651;8;6;2022;11:00;1;93;93032;2;3;2;6;Rue Rene Baschet / Rue Contant;48,8892110000;2,5330470000
202200051652;28;11;2022;13:54;1;25;25391;1;1;2;6;D41;47,1633030000;6,6520690000
202200051653;8;7;2022;11:30;1;74;74104;2;1;1;3;RD 1508;45,7915080000;6,2151400000
202200051654;19;9;2022;17:45;1;29;29019;2;7;1;1;LANREDEC;48,4005605563; -4,4983999729
202200051655;25;11;2022;10:55;1;29;29081;1;1;2;7;Le Petit Moulin;48,3597960000; -3,7657950000
202200051656;8;6;2022;19:35;1;93;93029;2;1;1;2;Rue Sadi Carnot;48,9246300000;2,4425000000
202200051657;13;2;2022;13:30;1;75;75117;2;5;8;6;BOULEVARD MALESHERBES;48,8852280000;2,3072010000
202200051658;20;9;2022;11:55;1;28;28134;2;1;1;3;BARTHOU (RUE LOUIS);48,7247700000;1,3729000000
202200051659;29;11;2022;10:25;1;29;29172;1;1;1;1;Bel-Air;48,1788140000; -4,1249160000
202200051660;7;6;2022;08:38;1;93;93029;2;3;8;1;Rue Anatole France / Rue Leon Bernard;48,9254910000;2,4486600000
202200051661;10;7;2022;17:00;1;74;74010;1;9;1;3;D16;45,9199450000;6,1815480000
202200051662;28;11;2022;21:30;3;29;29017;1;1;1;1;D27 - Castel Rouz;48,4680861406; -4,6934752463
202200051663;28;11;2022;14:25;1;38;38489;1;1;1;7;D114A;44,9061720000;5,8462070000
202200051664;13;2;2022;12:30;1;75;75116;2;2;1;3;RUE DE LA POMPE;48,8595470000;2,2751960000
202200051665;10;7;2022;08:00;1;74;74299;1;1;1;1;Route de Menthon;45,8665470000;6,1871480000
202200051666;7;6;2022;18:00;1;93;93014;2;4;1;4;Avenue Jean Moulin / Allée Anatole France;48,9074600000;2,5561530000
202200051667;28;11;2022;08:30;1;03;03076;1;1;2;6;D779;46,5792210000;3,3954030000
202200051668;13;8;2022;00:15;3;80;80271;1;1;1;6;D58;49,9958640000;3,1470040000
202200051669;20;9;2022;08:05;1;25;25056;1;1;1;3;RN 1057 (ROUTE DE GRAY-CH.EPITAPHE);47,2656600000;6,0047300000
202200051670;14;2;2022;17:00;1;75;75115;2;4;2;3;RUE LOUIS ARMAND;48,8333728091;2,2771900892
202200051671;9;7;2022;15:35;1;78;78192;1;1;1;3;D928;48,9291330000;1,6128340000
202200051672;8;6;2022;03:30;5;93;93008;2;6;1;2;PLACE ESCADRILLE N. NIEMEN;48,9130490000;2,4365480000
202200051673;28;11;2022;22:10;3;58;58245;1;1;2;7;RD 979 PR 45.200;46,7690170000;3,6259280000
202200051674;12;8;2022;17:30;1;80;80245;2;1;1;1;Route Nationale;50,1464260000;2,0900040000
202200051675;19;9;2022;16:35;1;15;15014;2;1;1;6;PUPILLES DE LA NATION (AVENUE DES);44,9204100000;2,4393300000
202200051676;28;11;2022;17:00;2;06;06010;1;1;2;7;Route de Grasse;43,6919640000;6,9801970000
202200051677;15;2;2022;20:05;5;75;75115;2;3;2;6;RUE OLIVIER DE SERRES;48,8339254285;2,2951246798
202200051678;13;8;2022;00:40;3;81;81220;1;1;1;6;Lieu Dit Randuries;43,8726610000;1,6946200000
202200051679;20;9;2022;12:00;1;13;13077;2;1;1;3;SEMARD PIERRE (bld);43,4076400000;4,9962900000
202200051680;8;7;2022;13:20;1;67;67325;1;1;1;5;RN 1420;48,5202808078;7,3636293411
202200051681;8;6;2022;09:13;1;92;92046;2;1;2;7;GABRIEL PERI (BOULEVARD);48,8192519921;2,2961356044
202200051682;13;8;2022;10:55;1;71;71237;1;1;1;7;D681;47,0524640000;4,3479900000
202200051683;29;11;2022;16:00;1;14;14110;2;2;1;3;D49;49,2456200000; -0,1009400000
202200051684;8;7;2022;22:00;2;76;76698;1;1;1;6;D915;49,8069000000;1,1843600000
202200051685;15;2;2022;09:15;1;75;75112;2;3;1;6;RUE DE REUILLY;48,8469061118;2,3871398717
202200051686;12;8;2022;14:00;1;71;71545;1;1;1;6;Les Seyves;46,2958990000;4,6132170000
202200051687;20;9;2022;14:30;1;13;13204;2;1;1;3;SEBASTOPOL (PLACE);43,2991272989;5,3972343131
202200051688;6;6;2022;18:00;1;92;92046;2;2;1;3;CAMELINAT;48,8147600000;2,2969700000
202200051689;7;7;2022;18:15;1;79;79265;2;1;1;7;16 Rue de la Sablonnière;46,9706540000; -0,1531000000
202200051690;13;8;2022;13:00;1;63;63283;1;1;1;7;RD987;45,8743090000;2,6764580000
202200051691;15;2;2022;17:45;1;75;75111;2;3;2;3;BOULEVARD DE MENILMONTANT;48,8598290000;2,3887520000
202200051692;19;9;2022;16:15;1;13;13214;2;1;1;6;Louis VILLECROZE (Bld);43,3190000000;5,3919000000
202200051693;28;11;2022;04:45;3;16;16066;1;1;1;3;Les Bergeons;45,3167050000; -0,0284100000
202200051694;7;6;2022;18:33;1;92;92064;2;1;1;3;PORTE JAUNE;48,8477509944;2,1987735629
202200051695;12;8;2022;13:15;1;61;61122;1;1;1;7;D438;48,7658140000;0,2861920000
202200051696;25;11;2022;16:45;1;04;04209;2;1;1;6;route de la motte du caire;44,1997010000;5,9448370000
202200051697;8;7;2022;21:20;3;2A;2A139;1;1;1;3;T10;41,6850840000;9,3209870000
202200051698;20;9;2022;09:15;1;13;13028;2;1;1;2;CD 559;43,1982000000;5,5975800000
202200051699;15;2;2022;10:50;1;75;75109;2;5;1;3;BOULEVARD HAUSSMANN;48,8737397604;2,3271804303
202200051700;7;6;2022;09:03;1;92;92063;2;9;2;3;MAISTRASSE (AVENUE ALEXANDRE);48,8635600000;2,2007900000
202200051701;13;8;2022;15:00;1;12;12090;1;1;1;6;D994;44,3699750000;2,4732010000
202200051702;29;11;2022;08:00;2;37;37050;2;1;8;6;Avenue du Professeur Alexandre Minkowski;47,3351330000;0,6906310000
202200051703;11;7;2022;02:50;3;2B;2B077;1;9;1;1;Corso;42,4642780000;9,4955780000
202200051704;19;9;2022;18:00;1;13;13070;2;1;1;3;GARE (BOULEVARD DE LA);43,2843813122;5,5141975162
202200051705;7;6;2022;11:40;1;92;92062;2;2;1;6;JAURES (RUE JEAN) DU 165 AU 99;48,8796118394;2,2364124656
202200051706;13;8;2022;10:15;1;47;47222;1;1;1;2;Route du Sendat;44,2875320000;0,1304630000
202200051707;15;2;2022;12:40;1;75;75108;2;3;1;2;AVENUE PERCIER;48,8752398483;2,3143561184
202200051708;27;11;2022;19:40;3;01;01283;1;1;1;7;A404, sortie 11;46,2622890000;5,6357330000
202200051709;6;7;2022;15:00;1;2B;2B046;1;1;1;1;Porticciolo;42,8606310000;9,4795760000
202200051710;16;9;2022;09:30;1;11;11262;2;1;1;6;LECLERC (AVENUE DU GENERAL);43,1771000000;2,9943000000
202200051711;8;6;2022;01:07;5;92;92051;2;1;1;6;BINEAU (BOULEVARD, N°53 A 131 ET 52 A 13;48,8885736000;2,2745781541
202200051712;8;7;2022;15:45;1;80;80368;1;1;1;7;D2;50,1000880000;1,5628530000
202200051713;27;11;2022;16:50;2;01;01357;1;1;1;6;A40 point kilométrique 106+880;46,1701160000;5,7492530000
202200051714;16;9;2022;14:35;1;11;11262;2;1;1;6;68 Boulevard Frederic Mistral;43,1888000000;3,0049000000
202200051715;13;8;2022;05:50;2;39;39458;1;1;1;6;;46,6225360000;5,6010410000
202200051716;6;6;2022;09:05;1;92;92051;2;1;1;2;GENERAL LECLERC (BOULEVARD DU, N° 1 A 27;48,8887801196;2,2586206197
202200051717;15;2;2022;12:30;1;75;75108;2;2;1;3;BOULEVARD MALESHERBES;48,8756194205;2,3189299554
202200051718;10;7;2022;17:20;1;80;80262;1;1;1;6;D901;50,0612990000;1,8932320000
202200051719;20;9;2022;07:45;1;09;09225;2;1;1;2;PAIX AVENUE DE LA;43,1111970000;1,6189040000
202200051720;12;8;2022;18:40;1;25;25592;1;1;1;1;D481;46,8150070000;6,2602600000
202200051721;13;4;2022;18:30;1;92;92050;2;6;1;1;FOCH MARECHAL PLACE DU;48,8885580801;2,1938715577
202200051722;14;2;2022;08:05;1;75;75107;2;3;1;3;BOULEVARD DE LA TOUR MAUBOURG;48,8549650000;2,3096680000
202200051723;29;11;2022;06:30;3;83;83001;1;1;2;3;Autoroute A8 point kilométrique 147.100;43,5463090000;6,8306640000
202200051724;11;7;2022;15:45;1;82;82002;2;9;1;2;d820;44,0886410000;1,4448630000
202200051725;20;9;2022;17:30;1;06;06069;1;1;1;3;LOUBONNIERES (CHEMIN DES);43,6441300000;6,9226500000
202200051726;13;6;2022;06:10;2;65;65218;1;1;3;6;Rebouc;42,9892360000;0,3748440000
202200051727;12;8;2022;20:15;1;38;38315;1;1;1;1;rd1006;45,5346470000;5,6390330000
202200051728;7;6;2022;09:50;1;92;92049;2;2;1;3;JAURES AVENUE JEAN N°53 A FIN;48,8136210000;2,3068460000
202200051729;15;2;2022;18:15;5;75;75102;2;3;2;7;RUE MONTMARTRE;48,8708558898;2,3428626359
202200051730;28;11;2022;17:00;3;13;13051;1;2;2;3;route des quatre termes D17;43,5921622599;5,2541990206
202200051731;4;7;2022;19:45;1;33;33236;1;1;1;1;Avenue de Bordeaux;44,6719720000; -1,2499950000
202200051732;7;6;2022;09:20;1;92;92040;2;1;2;2;GALLIENI (BOULEVARD);48,8319100000;2,2671700000
202200051733;19;9;2022;16:16;1;03;03185;2;3;7;3;Rue des Faucheroux;46,3323700000;2,6043300000
202200051734;14;2;2022;19:10;5;75;75103;2;2;2;3;BOULEVARD DES FILLES DU CALVAIRE;48,8624680000;2,3668890000
202200051735;9;11;2022;18:00;3;45;45075;1;1;1;3;A71 PK 99 + 50;47,9000608847;1,8475985182
202200051736;12;8;2022;18:15;1;02;02719;2;3;1;3;1 Rue Charles Fouquet;49,5982950000;3,2559070000
202200051737;8;7;2022;12:05;1;33;33505;1;3;7;3;D671;44,7721440000; -0,3221120000
202200051738;7;6;2022;20:00;1;92;92036;2;1;1;2;LOUIS CALMEL (RUE) (18/58);48,9260840000;2,2917410000
202200051739;12;8;2022;11:00;1;15;15101;1;1;1;1;Route communale de belle aigues;45,0971020000;2,7629860000
202200051740;14;2;2022;20:40;5;94;94081;2;2;2;3;Rue Andre Malraux;48,7955600000;2,3916000000
202200051741;29;11;2022;07:00;3;69;69193;1;9;2;2;Route Departementale 386;45,5127980000;4,8529310000
202200051742;20;9;2022;08:30;1;75;75118;2;4;1;2;ECHANGEUR CHAPELLE;48,9007280000;2,3629690000
202200051743;26;11;2022;21:30;5;987;98714;1;1;1;1;NUNUE; -16,3880000000; -151,7650000000
202200051744;12;8;2022;15:08;1;85;85064;1;1;1;6;A83;46,8388300000; -1,2349120000
202200051745;8;7;2022;12:33;1;81;81120;1;1;1;1;N112;43,5271290000;2,2927950000
202200051746;6;6;2022;02:00;5;92;92036;2;2;1;3;CHANDON (AVENUE) (1/63);48,9219281470;2,2998255193
202200051747;15;2;2022;10:15;1;94;94074;2;1;1;3;Avenue Henri Barbusse;48,7635500000;2,4419400000
202200051748;20;9;2022;09:25;1;75;75114;2;4;1;2;BD PERIPHERIQUE EXTERIEUR;48,8219220000;2,3167330000
202200051749;28;11;2022;07:30;1;988;98803;1;1;1;2;RT1 - TENE; -21,5912230000;165,5412570000
202200051750;8;7;2022;09:50;1;32;32107;2;1;1;6;32 Boulevard Monplaisir;43,9607500000;0,3720220000
202200051751;13;8;2022;12:25;1;26;26238;1;1;1;1;RD 94;44,3901420000;5,2026700000
202200051752;15;2;2022;09:50;1;94;94068;2;2;1;3;Rue de l’Ermitage;48,8094100000;2,4816600000
202200051753;3;6;2022;19:25;1;92;92036;2;3;1;3;GABRIEL PERI (AVENUE) (101/129);48,9219337868;2,2948392928
202200051754;6;7;2022;16:30;1;11;11130;1;1;1;7;D29;42,8213590000;2,0330610000
202200051755;19;9;2022;23:50;5;75;75118;2;4;1;2;ECHANGEUR CHAPELLE;48,9008780000;2,3642060000
202200051756;29;11;2022;20:15;5;988;98817;2;3;1;3;Intersection RPS1/Rue des thazards; -22,2320300000;166,5259200000
202200051757;7;6;2022;12:35;1;92;92035;2;1;1;3;République ( boulevard de la );48,9071418725;2,2424090803
202200051758;14;2;2022;08:45;1;94;94068;2;9;1;1;13 bis Avenue Foch;48,8043950101;2,4862360954
202200051759;19;9;2022;11:20;1;75;75119;2;1;1;2;BD PERIPHERIQUE INTERIEUR;48,8873610000;2,3968070000
202200051760;13;8;2022;00:56;3;54;54205;1;1;1;2;N4;48,6729734880;5,7744706881
202200051761;28;11;2022;17:45;2;971;97107;1;1;1;1;RN1 - Section Doyon;16,0731970000; -61,5630910000
202200051762;10;6;2022;18:00;1;11;11136;2;1;1;1;Route de Mirepoix;43,1828450000;2,0325460000
202200051763;14;2;2022;13:30;1;94;94058;2;1;1;3;Rue Victor Recourat;48,8492688645;2,5014109610
202200051764;7;6;2022;19:30;1;92;92026;2;2;1;2;MISSION MARCHAND (COTE IMPAIR);48,8999200000;2,2397400000
202200051765;10;7;2022;07:55;1;71;71266;2;1;1;6;22 Route d Autun;47,0790800000;4,2457970000
202200051766;28;11;2022;21:50;3;972;97230;2;1;2;6;bassignac;14,7398780000; -60,9516390000
202200051767;19;9;2022;10:30;1;75;75116;2;1;1;4;PORTE DAUPHINE;48,8743640000;2,2759550000
202200051768;13;8;2022;13:25;1;60;60518;1;2;1;3;rd 151;49,5743790000;2,1828460000
202200051769;8;6;2022;14:03;1;92;92012;2;1;1;6;SEVRES (RUE DE) 1/55 - 2/40;48,8345660000;2,2282470000
202200051770;27;11;2022;12:15;1;29;29234;1;1;2;2;N165;47,8402655740; -3,4950366845
202200051771;15;2;2022;10:10;1;94;94076;2;1;1;2;143 Boulevard Maxime Gorki;48,7902100000;2,3692800000
202200051772;18;9;2022;19:35;4;75;75114;2;2;1;7;BOULEVARD JOURDAN;48,8222340000;2,3303930000
202200051773;10;7;2022;03:45;3;89;89209;1;1;1;7;Route du Marchais des Pres;48,1541620000;2,9783200000
202200051774;12;8;2022;18:45;1;60;60044;2;1;1;1;84 Rue du Général de Gaulle;49,2892510000;2,3422220000
202200051775;22;10;2022;22:40;3;94;94003;2;7;1;6;ARISTIDE BRIAND (AV);48,8104200000;2,3266300000
202200051776;20;4;2022;17:50;1;92;92002;2;1;1;6;AUBEPINE (RUE DE L');48,7410122388;2,3123397678
202200051777;15;2;2022;08:30;1;94;94041;2;1;1;4;55 Rue Hoche;48,8116100000;2,3756200000
202200051778;23;11;2022;16:55;2;77;77274;1;2;1;4;D401 / D38;49,0330850000;2,8967430000
202200051779;23;10;2022;21:20;5;94;94022;2;1;1;3;Voie des Roses;48,7718662256;2,4065807257
202200051780;10;7;2022;10:15;1;89;89086;2;1;1;5;32 Route de Prunoy;47,8887050000;3,0980290000
202200051781;20;9;2022;18:15;1;75;75105;2;2;8;3;BOULEVARD SAINT MICHEL;48,8506310000;2,3427740000
202200051782;7;6;2022;05:45;1;76;76592;1;1;1;3;D 982;49,4907510000;0,4711460000
202200051783;14;2;2022;13:15;1;94;94011;2;1;1;3;19 Avenue de Boissy;48,7730700000;2,4831000000
202200051784;28;11;2022;16:45;2;13;13082;1;1;3;1;Route Départementale 543;43,6680270000;5,3530030000
202200051785;13;8;2022;18:25;1;73;73300;1;1;1;2;D1201 - Boulevard Jean Charcot;45,6795450000;5,8941570000
202200051786;9;7;2022;22:25;2;89;89076;1;1;1;7;;48,0644000000;3,6351010000
202200051787;23;10;2022;22:15;5;94;94071;2;3;1;2;Rue Maurice Berteaux / Rue du Grand Val;48,7738095095;2,5171941519
202200051788;7;6;2022;20:30;1;24;24444;2;3;1;1;Madillac;45,0584880000;0,3883410000
202200051789;28;11;2022;21:45;3;89;89257;1;1;3;6;Avenue Edouard Branly;47,9759390000;3,5536150000
202200051790;20;9;2022;10:55;1;75;75106;2;3;9;5;QUAI DE CONTI;48,8571750000;2,3386250000
202200051791;7;7;2022;17:40;1;61;61404;1;1;1;6;Lessard;48,5727740000;0,5674910000
202200051792;8;8;2022;07:35;1;10;10334;1;1;1;7;;48,4591772139;3,5419750214
202200051793;15;2;2022;16:55;2;94;94081;2;3;2;3;Rue Paul Armangot / Rue Julian Grimau;48,7773700000;2,3770700000
202200051794;22;10;2022;12:00;1;77;77291;1;5;1;3;Rue du Changeant;49,0076487588;2,6095318207
202200051795;8;6;2022;16:35;1;85;85158;1;9;1;7;A83 - PK 088.100;46,4803000000; -0,9456600000
202200051796;12;8;2022;19:00;2;10;10395;1;1;7;1;D443;48,0256390000;3,9767930000
202200051797;19;9;2022;20:30;5;75;75105;2;1;1;1;QUAI SAINT BERNARD;48,8462380000;2,3619330000
202200051798;7;7;2022;02:25;3;61;61168;2;1;1;1;22 Route de Bagnoles;48,5836840000; -0,3652900000
202200051799;29;11;2022;10:45;1;42;42094;2;2;1;6;Rue de la République;45,7436060000;4,2231810000
202200051800;13;2;2022;21:50;5;94;94017;2;2;1;3;Rue Eugéne Varlin / Rue Guy Môquet;48,8253607316;2,5169034003
202200051801;23;10;2022;19:14;5;93;93066;2;1;1;6;Rue Jean Jaures;48,9369300000;2,3587400000
202200051802;8;8;2022;12:30;1;04;04138;1;1;1;1;Route de Pierrerue;43,9404440000;5,8323240000
202200051803;8;6;2022;17:35;1;22;22177;1;9;1;3;D9;48,6335610000; -2,9709760000
202200051804;20;9;2022;08:55;1;75;75119;2;4;1;2;ECHANGEUR PANTIN;48,8904620000;2,3964810000
202200051805;11;7;2022;16:30;1;61;61287;1;3;1;3;Lieu Dit les Chapelles;48,8287000000; -0,5811430000
202200051806;15;8;2022;17:55;1;17;17337;2;9;7;6;279 route nationale;45,9704210000; -1,3495210000
202200051807;23;10;2022;11:20;1;93;93066;2;1;1;3;Route de la Courneuve;48,9328100000;2,3736000000
202200051808;7;6;2022;17:10;1;28;28088;2;1;1;1;45 rue de la République;48,0707450000;1,3331920000
202200051809;15;2;2022;09:00;1;93;93073;1;1;1;4;route périphérique sud;48,9915267706;2,5755938887
202200051810;2;11;2022;11:20;1;65;65123;1;3;1;7;Route des 2 Cols;42,9910820000;0,2247720000
202200051811;12;8;2022;10:10;1;88;88442;1;1;1;6;Route du Col;48,0383880000;6,8179090000
202200051812;8;7;2022;18:50;1;49;49331;2;1;1;2;Lieu Dit la Crete des Landes;47,7087870000; -0,9784910000
202200051813;20;9;2022;17:30;1;75;75117;2;2;1;7;AVENUE DE VILLIERS;48,8842540000;2,3026560000
202200051814;23;10;2022;03:00;5;93;93066;2;1;1;3;Fort de la Briche;48,9429577645;2,3418365423
202200051815;15;2;2022;01:00;5;93;93050;2;1;8;6;LOUIS VANNINI (RUE);48,8660500000;2,5241300000
202200051816;22;11;2022;18:15;5;33;33366;2;1;1;6;36 Avenue de la Gare;44,9914400000; -0,4407510000
202200051817;9;6;2022;05:45;1;11;11203;1;2;1;3;;43,2376960150;2,7609751754
202200051818;5;7;2022;19:28;1;49;49261;1;1;1;6;Lieu Dit Pompierre (Chênehutte-Trèves-Cunault);47,2899350000; -0,1837420000
202200051819;13;8;2022;16:40;1;10;10216;1;1;1;2;A26;48,6874191058;4,1805231571
202200051820;20;9;2022;22:15;5;75;75115;2;7;1;6;BOULEVARD GARIBALDI;48,8477950000;2,3016580000
202200051821;15;2;2022;00:15;5;93;93029;2;1;1;7;BARBUSSE (AVENUE HENRI);48,9164700000;2,4443300000
202200051822;23;10;2022;18:35;2;93;93048;2;3;1;3;Boulevard Théophile Sueur / Rue Pierre Jean de Beranger;48,8663500000;2,4695900000
202200051823;28;11;2022;16:45;1;60;60695;2;1;1;4;d44;49,2032940000;2,4693110000
202200051824;8;8;2022;19:50;2;69;69244;2;3;7;1;Chemin de la Raude;45,7579910000;4,7756950000
202200051825;7;6;2022;19:00;1;11;11067;1;3;1;6;D6113;43,2125730000;2,8437640000
202200051826;7;7;2022;07:30;2;49;49241;1;3;1;3;La Croix Mercier;47,4926200000; -0,4586470000
202200051827;14;2;2022;19:40;5;93;93010;2;1;2;6;Route d'Aulnay;48,9091400000;2,4801000000
202200051828;23;10;2022;19:40;5;93;93001;2;6;1;6;Rue Danielle Casanova / Rue Charles Tillon;48,9184567552;2,3933952894
202200051829;20;9;2022;13:00;1;75;75115;2;3;1;2;RUE DE LA CONVENTION;48,8408250000;2,2884960000
202200051830;28;11;2022;06:50;3;13;13015;1;1;2;2;A51-Sens Marseille vers Aix en Provence;43,4432707826;5,3961932659
202200051831;21;5;2022;23:00;3;12;12105;2;1;1;6;Route département ale 922;44,2345920000;2,0336720000
202200051832;8;6;2022;15:00;1;34;34114;1;1;1;2;A750;43,6434470000;3,5651390000
202200051833;28;11;2022;20:20;3;33;33080;1;1;1;6;AUTOROUTE A 62;44,7275114051; -0,5278721452
202200051834;12;8;2022;16:10;1;63;63265;1;9;1;2;A89;45,8512600000;3,4095280000
202200051835;9;7;2022;05:00;3;12;12006;1;1;1;6;D528 ;44,1281950000;2,6785080000
202200051836;15;2;2022;02:12;5;92;92026;2;3;1;2;MARCEAU;48,9005200000;2,2448400000
202200051837;20;9;2022;23:15;5;75;75111;2;2;1;3;RUE DE CHARONNE;48,8551200000;2,3871360000
202200051838;22;10;2022;21:15;5;93;93001;2;2;1;1;Rue Lautréamont / Rue Alfred Jarry;48,9218859365;2,4001693726
202200051839;8;6;2022;20:25;1;36;36230;1;1;1;6;;47,0305982885;1,7905569077
202200051840;28;11;2022;16:00;1;33;33065;1;1;2;5;ROUTE NATIONALE 230;44,8096200000; -0,5247300000
202200051841;15;2;2022;17:25;2;92;92050;2;1;2;2;SARTROUVILLE (RUE DE );48,9176307488;2,2235809788
202200051842;7;7;2022;09:45;1;12;12119;1;4;1;1;D921;44,7090560000;2,8583980000
202200051843;23;10;2022;17:00;1;92;92012;2;1;1;1;ABONDANCES (RUE DES);48,8455322645;2,2267484665
202200051844;8;6;2022;14:05;1;71;71157;1;9;2;6;rd 1083;46,5018150000;5,3846530000
202200051845;20;9;2022;10:40;1;75;75109;2;2;1;6;RUE DU HAVRE;48,8755820000;2,3265760000
202200051846;13;8;2022;11:35;1;62;62309;1;1;1;5;A 26;50,7146810000;2,1820080000
202200051847;8;6;2022;12:19;1;40;40297;2;1;3;7;D651;44,1470850000; -0,5438790000
202200051848;23;10;2022;19:45;5;37;37074;2;1;1;6;17 avenue de verdun;47,2466594415;0,1625418663
202200051849;28;11;2022;08:31;1;33;33550;1;1;2;4;ROCADE A 630;44,7785553097; -0,5576553941
202200051850;28;4;2022;00:50;3;76;76222;1;1;1;6;Route du Havre;49,4666600000;0,8538650000
202200051851;20;9;2022;07:25;2;75;75107;2;3;1;3;QUAI D ORSAY;48,8628870000;2,3151970000
202200051852;28;11;2022;18:05;3;91;91589;1;1;1;3;AUTOROUTE A6;48,6750000000;2,3416300000
202200051853;7;7;2022;16:30;1;42;42149;2;2;7;3;22 Route de Saint Etienne;45,6326720000;4,2408590000
202200051854;13;8;2022;09:00;1;27;27332;1;1;1;4;A13 PK 90.100 vers Rouen;49,1897540000;1,2337630000
202200051855;8;6;2022;19:15;1;79;79265;1;1;1;1;;46,9679680000; -0,1441960000
202200051856;15;2;2022;17:50;1;92;92024;2;3;1;3;JEAN JAURES (BD) DE 47 A 109)   (56 A 14;48,9036200000;2,3031300000
202200051857;9;7;2022;17:42;1;42;42318;1;1;1;1;Chemin de Danizet;45,4031810000;3,9645730000
202200051858;28;11;2022;16:50;2;91;91377;1;1;1;2;AUTOROUTE A10;48,7250300000;2,2998500000
202200051859;13;8;2022;03:40;3;62;62093;1;1;1;6;A1;50,0708030000;2,8716370000
202200051860;7;7;2022;15:20;1;42;42091;1;1;1;6;Route du Musée;45,4170920000;3,9988950000
202200051861;9;6;2022;12:20;1;80;80304;1;1;1;7;cd 164;49,8901140000;2,8082940000
202200051862;17;10;2022;09:15;1;33;33355;1;3;2;1;Jourdan-ouest;44,6699190000; -0,3211250000
202200051863;20;9;2022;08:55;1;94;94076;2;1;1;6;AUGUSTE DELAUNE (R);48,7837200000;2,3622100000
202200051864;27;11;2022;05:00;3;78;78640;1;1;1;3;;48,7817550000;2,1656720000
202200051865;11;2;2022;21:00;5;92;92024;2;2;1;5;HENRI BARBUSSE (RUE) DE (1 A 73)   (2 A;48,8995614700;2,3052214533
202200051866;13;8;2022;01:50;3;971;97118;1;1;1;6;route nationale 1;16,2334340000; -61,5900960000