Num_Acc;jour;mois;an;hrmn;lum;dep;com;agg;int;atm;col;adr;lat;long
202200052117;8;6;2022;16:35;1;26;26088;1;1;1;3;A49;45,0231590000;5,0781730000
202200052118;20;9;2022;18:30;1;35;35224;1;6;1;3;Le Mesnil des Aulnays;48,5437084017; -1,8603989482
202200052119;9;7;2022;17:20;1;38;38387;2;1;1;5;875 Route de Saint Marcellin;45,3201530000;5,3393390000
202200052120;10;8;2022;07:02;1;971;97101;2;1;1;2;MORNE CARUEL;16,2540300000; -61,5228200000
202200052121;7;5;2022;16:58;1;95;95268;2;1;1;6;Avenue Anatole France;48,9759600000;2,3902000000
202200052122;16;5;2022;02:00;3;13;13112;2;1;1;7;Chemin Departemental 20;43,5199330000;5,2329090000
202200052123;24;10;2022;19:35;3;31;31334;1;1;1;1;A64,  PK 263+000;43,3847940000;1,2816880000
202200052124;20;8;2022;10:45;1;29;29195;2;1;1;6;Place de l'Eglise;48,6063020000; -4,5068570000
202200052125;26;11;2022;18:00;2;09;09225;2;1;1;3;BELPECH ROUTE DE;43,1160400000;1,6315300000
202200052126;27;3;2022;19:20;1;91;91027;2;3;1;4;AV PASTEUR;48,7057800000;2,3676100000
202200052127;2;7;2022;17:30;1;38;38409;1;1;1;6;ROUTE DE PROVENCE;45,0641820000;5,2676330000
202200052128;15;2;2022;13:30;1;2B;2B029;1;1;1;1;Col de Teghime (Col de montagne);42,6762516771;9,3898344042
202200052129;7;5;2022;16:00;1;95;95500;1;1;1;6;Avenue Redouane Bougara;49,0612570000;2,0900770000
202200052130;8;6;2022;17:30;1;973;97302;2;1;1;3;Route de Suzini;4,9252230000; -52,2901420000
202200052131;23;10;2022;15:51;1;69;69204;1;3;1;3;Chemin des Loyes;45,7046660000;4,7679160000
202200052132;11;8;2022;16:00;1;95;95427;2;3;1;3;Avenue du 8 Mai 1945;48,9615134806;2,3378804326
202200052133;10;7;2022;19:00;1;38;38206;1;1;1;2;Route de Belledonne;45,2542150000;5,9470470000
202200052134;7;6;2022;18:45;1;69;69112;1;1;1;6;Autoroute 89;45,8285051211;4,6858406067
202200052135;21;9;2022;09:45;1;60;60074;1;1;1;6;D44;49,2282650000;2,3465700000
202200052136;26;11;2022;16:20;1;07;07102;2;4;1;3;Avenue Sadi Carnot;44,9326100000;4,8798400000
202200052137;24;10;2022;01:35;3;21;21442;1;1;1;6;autoroute A31 PK 22+400 vers BEAUNE;47,1966820000;4,9962900000
202200052138;27;3;2022;09:00;1;76;76540;2;1;1;6;Quai de la Bourse (Bas);49,4380600000;1,0912000000
202200052139;15;2;2022;20:00;5;68;68334;2;2;2;3;Bd Auguste Scheurer Kestner;47,8094830000;7,1032240000
202200052140;6;5;2022;20:47;2;91;91114;2;1;7;6;AV DU GENERAL GOUTTIERE;48,6933200000;2,4885500000
202200052141;10;8;2022;18:15;1;83;83137;2;1;1;6;DUTASTA (IMP);43,1193500000;5,9353000000
202200052142;20;9;2022;20:15;2;45;45134;1;1;1;6;6 Hameau de Poiseaux;47,9817930000;1,5794300000
202200052143;8;7;2022;17:25;1;38;38254;1;1;7;1;D529;44,9620200000;5,7093500000
202200052144;7;6;2022;10:13;1;06;06004;1;1;1;3;A8;43,6100110000;7,1013310000
202200052145;15;2;2022;18:30;5;67;67118;2;1;1;6;14 Rue Jean Monnet;48,5888470000;7,6874040000
202200052146;23;10;2022;19:50;3;76;76484;1;1;1;5;A13;49,3436350000;1,0565760000
202200052147;26;3;2022;22:45;5;74;74012;2;6;1;6;ARVE (RUE DE L');46,1864000000;6,2223000000
202200052148;27;11;2022;16:15;1;07;07019;2;4;8;1;SCHWARZENBECK (AVENUE);44,6204000000;4,3807600000
202200052149;9;7;2022;13:00;1;02;02339;1;1;1;7;;49,0949390000;3,1982610000
202200052150;8;6;2022;14:10;1;06;06123;1;1;1;7;A8 PK 185+151 chaussée sud;43,6669170000;7,1948860000
202200052151;21;9;2022;16:30;1;64;64405;1;3;1;3;Avenue de la Résistance;43,3305787536; -0,2759332560
202200052152;7;5;2022;14:00;1;91;91434;2;2;1;3;COMMANDANT BARRE (AVENUE DU);48,6629800000;2,3585600000
202200052153;25;3;2022;17:15;1;69;69290;2;1;1;6;Rue Juliette Récamier;45,6962800000;4,9339900000
202200052154;24;10;2022;05:20;3;988;98803;1;1;1;6;Col des Arabes; -21,6582400000;165,5345500000
202200052155;9;7;2022;06:00;2;02;02307;1;1;1;7;;49,1685450000;3,1480980000
202200052156;11;2;2022;10:45;1;44;44110;2;1;8;6;1 Rue aristide briand;47,4398660000; -1,4991670000
202200052157;10;8;2022;18:45;1;76;76351;2;2;1;3;BOIS AU COQ (AVENUE);49,5167200000;0,1191900000
202200052158;26;11;2022;16:40;1;04;04070;2;1;1;6;NAPOLEON (RTE);44,0910300000;6,2311200000
202200052159;8;6;2022;12:30;1;01;01099;1;4;2;1;intersection d77 et d77C;45,9073900000;5,2824930000
202200052160;26;3;2022;15:32;1;69;69275;2;8;1;3;Rue de la Fraternité;45,7723946677;4,9568563699
202200052161;11;9;2022;19:06;1;30;30075;2;1;1;1;;43,8217800000;4,2608180000
202200052162;7;5;2022;04:00;5;91;91687;2;2;1;7;MARMONT (AVENUE);48,6652230000;2,3761310000
202200052163;21;10;2022;18:00;2;13;13033;1;1;1;2;D9;43,3554220000;5,2041590000
202200052164;6;7;2022;17:00;1;02;02102;1;1;1;1;d19;49,4615240000;3,7789430000
202200052165;11;8;2022;15:05;1;76;76476;2;1;1;2;DUNANT HENRI (RUE);49,4856300000;0,5712600000
202200052166;22;4;2022;02:45;3;34;34213;1;1;1;6;A9;43,4810720000;3,6834750000
202200052167;21;9;2022;03:00;3;67;67106;1;1;1;6;A35;48,7739250000;7,9439740000
202200052168;15;2;2022;09:00;1;13;13071;1;1;1;4;A7-Sens Marseille vers Lyon;43,4100800000;5,2851200000
202200052169;24;10;2022;18:15;2;77;77327;2;1;6;3;D408;48,5572640000;3,0098760000
202200052170;26;3;2022;14:44;1;69;69290;2;1;1;3;Rue Aristide Briand;45,6945700000;4,9291900000
202200052171;8;7;2022;17:00;1;02;02080;1;1;1;6;;49,6019080000;3,5744400000
202200052172;27;11;2022;18:30;5;01;01053;2;2;1;3;avenue jean jaures;46,1967900000;5,2164000000
202200052173;6;5;2022;17:25;1;74;74012;2;1;1;3;BASTIN (RUE ALFRED);46,1919800000;6,2360700000
202200052174;10;8;2022;14:20;1;71;71076;2;1;1;1;ARNAL (RUE RAYMOND);46,7926300000;4,8550700000
202200052175;6;6;2022;15:15;1;73;73309;1;1;1;6;A43;45,5570873145;5,7212063162
202200052176;19;9;2022;21:30;5;976;97606;2;1;1;1;CCD 4; -12,9370490000;45,1391210000
202200052177;23;10;2022;03:10;3;2B;2B239;1;1;1;7;D238;42,6657280000;9,3551700000
202200052178;15;2;2022;09:00;1;13;13071;1;1;1;2;A55 - Sens Marseille vers Martigues;43,3804270630;5,3160572985
202200052179;26;3;2022;16:10;1;67;67462;2;9;1;3;HAUT-KOENIGSBOURG (RUE DU);48,2552100000;7,4260800000
202200052180;18;11;2022;09:15;1;69;69383;2;1;1;6;Avenue Lacassagne;45,7537500000;4,8678400000
202200052181;7;5;2022;10:45;1;71;71076;2;1;1;6;138 Rue Pierre Deliry;46,7986900000;4,8488000000
202200052182;10;7;2022;18:45;1;03;03118;2;2;1;3;D132;46,0822120000;3,1980940000
202200052183;7;6;2022;11:45;1;73;73008;1;1;1;2;Autoroute 41 Nord - PK 101+600;45,7078190000;5,9258430000
202200052184;24;10;2022;03:50;3;66;66140;1;1;1;7;D16a;42,6864100000;2,7529340000
202200052185;14;2;2022;12:00;1;13;13005;1;1;2;7;A50 - Sens Aubagne vers Marseille;43,2785000000;5,5862600000
202200052186;8;7;2022;23:35;5;69;69264;2;2;1;3;Rue Nationale;45,9938500000;4,7190200000
202200052187;26;3;2022;15:20;1;62;62765;2;7;1;6;CALAIS (RUE DE..N°01 A 33 ET 02 A 30);50,7507150000;2,2524210000
202200052188;20;9;2022;11:00;1;976;97606;2;1;1;5;avenue said vitta; -12,9354280000;45,1490500000
202200052189;14;2;2022;05:18;3;13;13070;1;1;3;7;A50-Sens Marseille vers Aubagne;43,2857223847;5,5119824409
202200052190;17;11;2022;07:40;2;68;68256;2;1;1;6;REPUBLIQUE (RUE DE LA);47,7674646551;7,3099417091
202200052191;31;5;2022;13:00;1;976;97617;2;1;1;6;Combani; -12,7897680000;45,1338800000
202200052192;23;10;2022;22:00;3;38;38344;1;1;8;3;A7;45,3749805448;4,8048019230
202200052193;27;3;2022;19:15;1;61;61497;2;3;1;3;FOURNEAUX (RUE DES );48,4555450000;0,0893420000
202200052194;17;11;2022;19:05;5;49;49328;2;1;2;6;DE LATTRE DE TASSIGNY (BLD);47,2625000000; -0,0902800000
202200052195;8;7;2022;11:45;1;03;03029;2;3;1;1;Route de Moulins;46,2381590000;3,4307280000
202200052196;7;5;2022;23:05;5;64;64102;2;1;1;5;Avenue de Pampelune;43,4884006216; -1,4782190323
202200052197;20;9;2022;22:00;3;49;49129;1;1;1;6;A11 - Bretelle n°1 - Echangeur des Gatignoles;47,5019970000; -0,5065780000
202200052198;26;3;2022;12:55;1;59;59350;2;1;1;3;BATELIERS RUE DES;50,6457300000;3,0631200000
202200052199;17;11;2022;18:00;5;44;44114;2;1;2;6;48 Avenue Alexandre Goupil;47,2539800000; -1,5988600000
202200052200;13;7;2022;04:47;3;66;66136;2;3;1;3;;42,6992600000;2,8889900000
202200052201;6;6;2022;16:00;1;987;98714;1;1;1;7;Haamaire; -16,4879420000; -151,7212340000
202200052202;13;2;2022;23:09;3;13;13005;1;1;1;2;A50-Sens Marseille vers Aubagne;43,2873575790;5,5620887876
202200052203;24;10;2022;11:50;1;21;21590;2;1;1;6;Rue de Bourgogne;47,0648420000;4,8138200000
202200052204;6;5;2022;17:39;1;56;56260;2;1;1;5;DECKER(RUE FRANCIS);47,6561900000; -2,7549800000
202200052205;16;11;2022;16:20;1;11;11262;2;1;1;6;HUBERT MOULY (AVENUE);43,1800700000;3,0179900000
202200052206;27;3;2022;10:56;1;54;54547;2;3;1;3;CHARMES (RUE DE);48,6598000000;6,1864100000
202200052207;17;9;2022;15:20;1;33;33130;1;1;1;6;A65;44,4882970000; -0,2005970000
202200052208;6;5;2022;17:30;1;50;50129;2;6;1;1;HOPITAL (AVENUE DE);49,6345600000; -1,6139700000
202200052209;11;8;2022;07:05;2;64;64122;2;1;1;6;BAB(BOULEVARD);43,4834000000; -1,5398300000
202200052210;27;3;2022;10:57;1;45;45234;2;6;1;6;Rond-point allée des Sapins;47,8234800000;1,9326800000
202200052211;8;7;2022;16:45;1;03;03127;1;1;1;2;Romagnier;46,4991160000;2,7082800000
202200052212;19;11;2022;19:15;5;75;75120;2;3;2;6;RUE DES PYRENEES;48,8554070000;2,4053110000
202200052213;7;5;2022;19:20;1;45;45285;2;1;1;6;6 Rue Antoine de Saint-Exupéry;47,9045900000;1,8685800000
202200052214;27;3;2022;03:21;4;45;45235;1;1;1;1;D2157 - PR 8 + 350;47,9404200000;1,7987500000
202200052215;7;5;2022;03:50;5;45;45234;2;2;1;3;Rue du Faubourg Saint-Jean;47,9054600000;1,8919600000
202200052216;22;10;2022;16:00;1;67;67433;2;9;1;3;12 Rue du Général Leclerc;48,3815260000;7,6150830000
202200052217;26;11;2022;18:51;5;94;94021;2;9;1;2;STALINGRAD (AV DE);48,7628900000;2,3681800000
202200052218;12;2;2022;20:20;5;83;83137;1;1;1;2;A57;43,1206521390;5,9513561725
202200052219;1;6;2022;14:30;1;976;97608;2;1;1;3;rue du four à chaux; -12,7894170000;45,2691700000
202200052220;19;9;2022;20:03;3;69;69013;1;1;1;2;Autoroute 6;46,0218650000;4,7251940000
202200052221;8;7;2022;16:15;1;03;03084;2;1;1;6;40 rue de la République;46,4749270000;2,8306040000
202200052222;27;3;2022;20:20;5;44;44184;2;1;1;1;73 Rue Antoine Parmentier;47,2622000000; -2,2317100000
202200052223;17;11;2022;17:30;5;93;93014;2;1;1;6;Chemin des Postes;48,9089400000;2,5371500000
202200052224;8;8;2022;12:10;1;64;64125;2;1;1;3;Avenue de Biarritz;43,4532200000; -1,5738000000
202200052225;7;5;2022;22:15;5;37;37261;2;2;1;3;MIRABEAU (RUE);47,3975300000;0,6994500000
202200052226;27;3;2022;19:00;1;44;44184;2;1;1;6;29 Rue de la Vecquerie;47,2570400000; -2,2555600000
202200052227;7;6;2022;14:29;1;974;97403;2;1;1;6;Route Departemental 26; -21,2537020000;55,4655880000
202200052228;4;6;2022;15:00;1;14;14685;2;2;1;1;Rue du Fresne;49,2580580000; -0,4579440000
202200052229;24;10;2022;12:50;1;73;73050;1;1;1;3;D1504 - 3132 route du tunnel;45,6752420000;5,8531490000
202200052230;7;5;2022;17:50;1;37;37261;2;1;1;2;BERANGER (BOULEVARD);47,3899369481;0,6877250969
202200052231;26;3;2022;18:25;1;44;44184;2;3;1;2;Rue Pitre Grenapin;47,2619600000; -2,2576000000
202200052232;15;2;2022;17:20;1;69;69029;1;1;1;3;Route Départementale 383;45,7255200000;4,8963000000
202200052233;8;8;2022;11:10;1;74;74010;1;1;1;7;Annecy;45,8992750000;6,0892690000
202200052234;19;9;2022;17:15;1;987;98712;2;1;1;3;arahiri; -17,2790000000; -149,5420000000
202200052235;29;1;2022;11:00;1;42;42218;2;1;8;6;Boulevard Fredo Krumnow;45,4398081377;4,3786954879
202200052236;7;5;2022;11:20;1;33;33318;2;2;1;3;Avenue de Magellan;44,7907400000; -0,6574800000
202200052237;8;7;2022;14:24;1;01;01204;1;1;1;1;D1084;46,1665860000;5,6911690000
202200052238;11;8;2022;19:20;1;64;64102;2;3;1;1;Chemin de Hargous;43,5055600000; -1,4632100000
202200052239;27;3;2022;04:34;5;37;37261;2;1;1;6;LIBERTE (PLACE DE LA);47,3797400000;0,6927900000
202200052240;7;5;2022;13:20;1;31;31555;1;9;1;3;VA007379 BAYLAC  A624 Sortie 1;43,6059100000;1,3942900000
202200052241;24;10;2022;20:40;5;42;42147;2;3;1;1;Rue des Claies;45,6146340000;4,0560900000
202200052242;26;11;2022;22:40;5;75;75112;2;1;1;2;BD PERIPHERIQUE INTERIEUR;48,8291100000;2,3999710000
202200052243;27;3;2022;22:30;5;35;35238;2;1;1;6;NANTES (RUE DE);48,0917156803; -1,6918998957
202200052244;6;5;2022;09:54;1;31;31555;2;6;1;5;ROND POINT LEON LAJAUNIE;43,5564900000;1,4062000000
202200052245;27;11;2022;18:45;5;75;75117;2;3;2;2;BOULEVARD DE COURCELLES;48,8790001612;2,3024216294
202200052246;12;2;2022;21:00;3;42;42207;1;1;1;4;N88;45,4626363046;4,4926020144
202200052247;27;3;2022;19:30;1;35;35278;1;1;1;6;Les Quatre Chênes;48,1429000000; -1,7020000000
202200052248;19;9;2022;16:00;1;988;98811;2;1;1;6;Route de l'internat - KONE; -21,0503800000;164,8548300000
202200052249;7;5;2022;20:00;1;25;25462;1;1;1;7;LAVAUX DES (DU 26 A LA FIN);46,9269200000;6,4061800000
202200052250;27;3;2022;19:10;1;33;33529;1;6;1;3;BISCAROSSE (AVE DE) JUSQU'A DUNE;44,5979500000; -1,1964800000
202200052251;27;11;2022;00:35;4;75;75116;2;2;1;2;AVENUE DE LA PORTE DE SAINT CLOUD;48,8386774686;2,2539702058
202200052252;6;5;2022;18:20;1;25;25056;2;3;1;3;CLEMENCEAU AVENUE G.;47,2394280000;6,0124040000
202200052253;27;11;2022;14:00;1;75;75115;2;1;8;6;RUE CASTAGNARY;48,8330260000;2,3086420000
202200052254;27;3;2022;17:45;1;31;31555;2;1;1;3;CHE DE LESTANG;43,5610690235;1,3949069381
202200052255;6;7;2022;22:00;2;01;01192;2;1;1;3;795 Zone Industrielle de la Plaine;46,2043510000;5,5496680000
202200052256;22;7;2022;13:42;1;62;62250;2;1;1;6;SALENGRO (R ROGER);50,4606900000;2,9593100000
202200052257;6;5;2022;12:10;1;18;18267;2;3;1;3;Allée Sainte Helene;47,0521400000;2,3767100000
202200052258;27;11;2022;18:00;5;75;75111;2;1;8;6;RUE DURANTI;48,8607970000;2,3844160000
202200052259;27;3;2022;08:35;1;31;31069;2;1;1;2;GRENADE (ROUTE DE);43,6442328831;1,3858276606
202200052260;9;6;2022;02:30;3;974;97418;1;1;1;5;RN2; -20,9027930000;55,5518910000
202200052261;24;10;2022;09:35;1;26;26250;1;1;3;1;Pont-de-l'Isère;44,9985230000;4,8740940000
202200052262;25;3;2022;17:00;1;31;31149;2;3;1;3;ADOUR (ALLEE DE L');43,6050335809;1,3214197755
202200052263;7;5;2022;19:15;1;13;13054;2;2;1;3;FIGUERES (RUE DES );43,4211000000;5,2077000000
202200052264;27;3;2022;16:30;1;13;13215;2;1;1;4;LE CHATELIER;43,3474800798;5,3696791926
202200052265;27;11;2022;10:30;1;75;75109;2;7;2;6;RUE HALEVY;48,8711880000;2,3323570000
202200052266;7;5;2022;23:15;5;13;13211;2;2;1;6;VIENNE (AVENUE DE);43,2858200000;5,4425300000
202200052267;29;8;2022;06:30;1;971;97126;2;3;1;3;Rue Gratien Candace;15,9568570000; -61,3157650000
202200052268;15;2;2022;07:00;3;91;91687;1;1;1;4;AUTOROUTE A6;48,6657100000;2,3627000000
202200052269;7;5;2022;20:00;2;13;13211;2;1;8;2;SAINT MARCEL (BOULEVARD DE );43,2876600000;5,4648200000
202200052270;27;11;2022;06:05;5;75;75107;2;3;2;6;AVENUE DE LA MOTTE PICQUET;48,8559560000;2,3080330000
202200052271;7;5;2022;11:35;1;13;13208;2;1;1;3;pointe rouge (ave);43,2475187541;5,3742476071
202200052272;6;6;2022;18:15;1;2B;2B168;2;1;7;1;Lieu-dit Galitello;42,6200930000;8,9443300000
202200052273;9;7;2022;21:00;2;01;01093;2;1;1;3;Avenue Clement Desormes;46,1166793826;4,9592381716
202200052274;22;10;2022;12:15;1;69;69204;2;1;1;1;43 Avenue Georges Clémenceau;45,6989320000;4,7950670000
202200052275;27;3;2022;17:00;1;13;13211;2;1;1;3;SAINT LOUP (BOULEVARD DE);43,2849130000;5,4387080000
202200052276;10;8;2022;22:45;5;62;62178;2;2;1;1;FESTEUX ( DES );50,4919500000;2,5477310000
202200052277;14;2;2022;17:26;1;92;92050;1;1;1;6;A86;48,9134858007;2,2184673820
202200052278;27;11;2022;06:03;5;94;94078;2;2;2;2;HUIT MAI 1945 (AV DU);48,7247353703;2,4451019275
202200052279;10;7;2022;20:40;1;54;54190;1;1;1;7;RD12;48,4127990000;6,0105130000
202200052280;19;9;2022;18:00;1;33;33199;2;1;1;3;Allée de Verdalle;44,6414461747; -1,1131395400
202200052281;27;3;2022;06:13;3;13;13208;2;1;1;1;MICHELET (BOULEVARD);43,2710100000;5,3921600000
202200052282;8;6;2022;12:15;1;2B;2B042;1;1;1;1;ROUTE DE LA GARE;42,5642550000;9,4504310000
202200052283;7;5;2022;01:30;5;13;13210;2;3;1;3;RABATAU (BOULEVARD);43,2793500000;5,3993100000
202200052284;6;7;2022;11:00;2;54;54288;1;1;1;7;D908;48,7390759158;5,8154368396
202200052285;23;10;2022;14:32;1;65;65059;2;2;1;1;Allées Jean Jaurès;43,0646470000;0,1530090000
202200052286;11;8;2022;09:40;1;59;59648;2;1;1;1;HUGO VICTOR RUE;50,5875500000;3,0341300000
202200052287;15;2;2022;21:32;3;93;93064;1;1;2;3;AUTOROUTE A3;48,8849800000;2,4711800000
202200052288;17;9;2022;17:20;1;77;77153;1;1;1;2;nationale 2;49,0549700000;2,6998900000
202200052289;6;5;2022;17:00;1;13;13005;2;1;8;3;VERDUN (AVENUE DE);43,2885100000;5,5738600000
202200052290;8;6;2022;16:20;1;66;66008;1;1;1;6;D914;42,5398670000;3,0207450000
202200052291;27;11;2022;19:30;5;94;94022;2;7;1;3;Boulevard des Alliés / Avenue Gambetta;48,7643600000;2,4056600000
202200052292;27;3;2022;07:00;2;13;13209;2;1;1;2;CATHERINE BLUM (BOULEVARD);43,2669600000;5,4199700000
202200052293;14;2;2022;20:15;5;93;93066;1;1;1;6;AUTOROUTE A1;48,9289500000;2,3593500000
202200052294;29;7;2022;19:45;1;59;59410;2;1;1;6;DE GAULLE RUE DU GENERAL;50,6463560543;3,1065720320
202200052295;24;10;2022;07:35;2;33;33165;1;3;1;3;;44,8257920070; -0,4528252780
202200052296;27;3;2022;14:40;1;13;13047;2;1;1;2;D.5;43,5577500000;4,9652100000
202200052297;21;9;2022;08:25;1;77;77001;1;2;1;3;D63;48,3509500000;2,5761950000
202200052298;10;7;2022;06:10;1;72;72230;1;2;1;1;Lieu Dit la Finarderie;47,8589220000;0,1051100000
202200052299;9;6;2022;14:50;1;30;30203;1;1;1;1;RD 906 - lieu dit mas du cerf;44,2622590000;4,0344720000
202200052300;9;8;2022;15:50;1;59;59507;2;1;1;1;CARNOT SADI RUE;50,6080088655;3,1069743633
202200052301;26;11;2022;19:20;3;95;95527;1;6;1;1;Route de l'Arpenteur;49,0061137518;2,5058966875
202200052302;24;10;2022;12:50;1;50;50025;2;1;1;1;18 RUE DES HAUTS VENTS;48,6677430000; -1,3309870000
202200052303;14;2;2022;19:00;2;93;93010;1;1;1;4;AUTOROUTE A3;48,9091000000;2,4742500000
202200052304;8;5;2022;23:40;5;06;06027;2;9;1;2;PROMENADE DE L HIPPODROME;43,6479630000;7,1489310000
202200052305;5;7;2022;14:55;1;06;06042;1;1;1;7;Viaduc de Bancairon - RM2205;44,0058420000;7,1366500000
202200052306;25;3;2022;13:00;1;13;13028;2;1;1;3;TAMARIS (AVENUE DES);43,2037900000;5,5991100000
202200052307;19;9;2022;17:50;1;78;78321;1;4;1;2;Route d'Elancourt;48,7887710000;1,9101300000
202200052308;11;8;2022;11:43;1;54;54395;2;1;1;6;SAINT NICOLAS (RUE RESTE N°);48,6880600000;6,1872700000
202200052309;8;6;2022;15:57;1;34;34157;2;1;1;1;Rue Édouard et Juliette Massal;43,4257500000;3,6001790000
202200052310;24;10;2022;07:00;3;14;14554;1;1;8;6;N158;49,0867400000; -0,3049000000
202200052311;7;5;2022;19:45;2;05;05061;2;1;8;2;JEAN JAURES ( AVENUE );44,5495100000;6,0680500000
202200052312;8;7;2022;05:45;2;14;14456;2;1;5;1;2 Rue Rembrandt Bugatti;49,1173400000; -0,1829600000
202200052313;26;3;2022;09:55;1;12;12145;2;4;1;3;BROCUEJOULS (BOULEVARD DE );44,0996100000;3,0629500000
202200052314;27;11;2022;00:25;5;93;93063;2;2;1;3;Av du Docteur David Rosenfeld / Rue Gabriel Husson;48,8824000000;2,4362600000
202200052315;2;5;2022;15:59;1;05;05061;2;1;1;6;HELIANTHES (RUE DES);44,5791100000;6,0978800000
202200052316;8;6;2022;14:15;1;84;84138;1;1;1;1;186 Chemin des Saffres;44,3856180000;5,0309500000
202200052317;4;7;2022;03:30;5;14;14119;1;1;1;7;D225A;49,1425180000; -0,2420430000
202200052318;10;8;2022;07:35;1;51;51344;1;3;7;3;Allee de Cumieres;49,0691000000;3,9320400000
202200052319;26;3;2022;15:35;1;03;03185;2;1;1;6;Avenue Albert Thomas;46,3573013458;2,5855410793
202200052320;20;9;2022;15:10;1;66;66182;2;1;7;6;;42,7316260000;3,0253170000
202200052321;9;7;2022;15:45;1;14;14231;1;1;1;6;D146;49,2086000000;0,0057880000
202200052322;14;2;2022;16:30;1;95;95394;1;1;1;2;RN 184;49,0528936261;2,1645373106
202200052323;5;1;2022;21:00;3;80;80570;2;1;1;6;D935;49,7841770000;2,4770150000
202200052324;27;11;2022;12:30;1;93;93029;2;2;2;3;Rue du 4 Septembre / Avenue Jean Jaurès;48,9181940000;2,4547320000
202200052325;8;6;2022;01:20;5;84;84074;1;1;1;6;Chemin des Tuillières, RD 973;43,7547520000;5,1727260000
202200052326;10;8;2022;17:40;1;51;51108;2;2;1;3;NOTRE DAME (QUAI);48,9585231335;4,3619987369
202200052327;27;3;2022;09:20;1;02;02168;2;1;1;6;77 Avenue de Paris;49,0450500000;3,3780100000
202200052328;21;9;2022;16:55;1;83;83119;2;1;1;2;Route des Plages;43,2597360000;6,6315450000
202200052329;5;5;2022;09:00;1;75;75118;2;1;1;4;BD PERIPHERIQUE EXTERIEUR;48,9008440000;2,3670720000
202200052330;10;7;2022;19:00;1;14;14191;1;1;1;1;D35;49,3035830000; -0,4362400000
202200052331;4;1;2022;14:00;1;80;80126;2;1;2;6;Rue d Abbeville;49,9358230000;1,6338410000
202200052332;23;10;2022;12:10;1;22;22162;2;1;2;2;Quai Duguay-Trouin;48,7793730000; -3,0439590000
202200052333;11;9;2022;12:34;1;05;05077;1;1;1;7;Route départementale D205T;44,6946810000;6,9582510000
202200052334;27;11;2022;18:10;2;92;92078;2;3;2;1;VIEUX CHEMIN DE ST DENIS (AVENUE);48,9297276750;2,3260293603
202200052335;14;2;2022;10:20;1;95;95351;1;1;1;5;RN 104;49,0381866451;2,4848520756
202200052336;27;3;2022;15:05;1;75;75117;2;4;1;2;BD PERIPHERIQUE INTERIEUR;48,8821899119;2,2831570580
202200052337;10;8;2022;15:20;1;49;49007;2;2;1;3;BORDIER JACQUES;47,4635400000; -0,5639700000
202200052338;7;5;2022;02:15;5;75;75106;2;2;1;3;BOULEVARD SAINT GERMAIN;48,8529040000;2,3370010000
202200052339;10;7;2022;20:15;1;05;05104;1;1;1;1;RN 85 Torrent du Riou Bel;44,7035890000;6,0453020000
202200052340;20;9;2022;13:10;1;71;71342;2;6;1;6;Avenue de Chalon sur Sâone;46,4631080000;4,1155600000
202200052341;6;6;2022;02:00;3;84;84132;1;1;1;1;1957 Route de Caumont;43,9137130000;4,9708530000
202200052342;5;1;2022;11:45;1;49;49129;1;1;1;1;26 Boulevard de l Industrie;47,5019180000; -0,5168240000
202200052343;14;2;2022;09:30;1;95;95527;1;1;1;3; A1;48,9864671385;2,5065296888
202200052344;27;11;2022;21:30;5;92;92048;2;1;2;6;VAUGIRARD (ROUTE DE);48,8223300000;2,2320900000
202200052345;19;7;2022;12:40;1;47;47323;1;3;1;3;TOURNON (ROUTE DE);44,3961880000;0,7467460000
202200052346;9;7;2022;08:45;2;50;50412;1;2;1;3;D650;49,3221500000; -1,6791110000
202200052347;27;3;2022;15:27;1;75;75116;2;1;1;2;BD PERIPHERIQUE INTERIEUR;48,8379042262;2,2548070550
202200052348;5;1;2022;22:15;3;46;46176;2;1;1;6;204 Route de Grèzes;44,6477620000;1,8343030000
202200052349;7;6;2022;17:20;1;84;84054;2;1;1;3;1228 Route de Carpentras;43,9359380000;5,0633910000
202200052350;15;2;2022;08:20;1;94;94052;1;1;1;2;A86 INT;48,8432096684;2,4926533177
202200052351;6;7;2022;21:30;2;50;50296;1;1;1;7;L Anse de Brick;49,6676350000; -1,4953210000
202200052352;24;10;2022;14:20;1;76;76473;1;1;1;5;D490;49,4941270000;0,7502870000
202200052353;5;1;2022;17:20;5;39;39013;2;1;1;6;8 Rue de l'Hôtel de Ville;46,9027720000;5,7725550000
202200052354;27;3;2022;14:40;1;75;75117;2;7;1;7;PLACE DU MARECHAL JUIN;48,8853453301;2,2975040663
202200052355;6;5;2022;18:42;2;75;75106;2;2;1;3;QUAI DE CONTI;48,8561710000;2,3403130000
202200052356;17;9;2022;10:40;1;73;73179;1;9;1;1;La Motte-Servolex;45,6054360000;5,8853780000
202200052357;7;6;2022;21:40;5;06;06157;2;1;1;3;9 Avenue de la Résistance;43,7227940000;7,1103400000
202200052358;7;7;2022;18:10;1;83;83046;1;9;1;1;3355 Route de Carces;43,5039550000;6,1607520000
202200052359;14;2;2022;17:59;2;59;59350;2;1;1;1;GHESQUIERE RUE DE;50,6104667639;3,0267521739