Num_Acc;jour;mois;an;hrmn;lum;dep;com;agg;int;atm;col;adr;lat;long
202200052360;26;11;2022;17:30;5;92;92025;2;2;1;3;PAUL BERT (RUE);48,9311460686;2,2443544865
202200052361;27;3;2022;05:30;5;75;75117;2;3;1;6;BOULEVARD PERSHING;48,8794100000;2,2823720000
202200052362;7;5;2022;08:45;1;75;75116;2;3;1;3;AVENUE DE NEW YORK;48,8621790000;2,2931270000
202200052363;10;8;2022;14:15;1;43;43157;2;2;1;3;8 Avenue de la Dentelle;45,0426400000;3,8890700000
202200052364;23;10;2022;11:00;1;59;59224;2;3;1;3;Rue Alfred Merliot;50,2663890000;3,2168610000
202200052365;8;6;2022;07:50;1;05;05052;1;1;1;1;N94;44,6668648395;6,6168594360
202200052366;6;1;2022;07:56;1;01;01272;1;1;1;5;D936;46,1453060000;4,9834590000
202200052367;14;2;2022;19:10;5;33;33249;2;3;8;6;Place de l’Eglise;44,8776300000; -0,5318100000
202200052368;21;11;2022;08:05;1;974;97415;2;1;1;3;Route nationale 1; -21,0075070000;55,2787480000
202200052369;6;7;2022;14:15;1;09;09328;1;1;1;1;N20 PK 63;42,7903930000;1,6853500000
202200052370;20;9;2022;18:30;1;53;53001;1;1;7;7;D545;48,0196220000; -0,8757840000
202200052371;7;5;2022;15:30;1;75;75115;2;2;8;6;ECHANGEUR VANVES;48,8258540000;2,3003060000
202200052372;27;3;2022;10:30;1;75;75116;2;1;1;3;BD PERIPHERIQUE INTERIEUR;48,8582350000;2,2608010000
202200052373;14;2;2022;15:55;1;976;97611;2;1;1;6;kaweni-Kaweni nord ( Z I ); -12,7682000000;45,2243700000
202200052374;8;6;2022;16:35;1;05;05173;1;1;1;2;route départementale 22;44,3051590000;5,8932100000
202200052375;5;1;2022;14:20;1;58;58223;2;1;1;1;Lieu-dit Granchamp;47,0447960000;3,5706640000
202200052376;8;7;2022;00:30;5;60;60680;2;1;1;6;Rue des Flandres;49,2743570000;2,6885710000
202200052377;10;8;2022;16:15;1;40;40192;1;1;1;2;ROCADE EST (RD 932 E);43,8771800000; -0,4646100000
202200052378;22;10;2022;11:35;1;13;13215;1;1;1;2;A7-Sens Marseille vers Lyon;43,3469600000;5,3725500000
202200052379;18;11;2022;23:00;3;43;43040;1;1;1;6;Avenue de la Gare;45,3042710000;3,3657540000
202200052380;7;5;2022;14:15;1;75;75113;2;3;1;6;BOULEVARD ARAGO;48,8355760000;2,3480380000
202200052381;20;9;2022;18:00;1;61;61228;2;2;1;3;le bourg;48,5182140000; -0,0642760000
202200052382;9;6;2022;17:45;1;04;04039;1;1;1;7;RD 952;43,8380750000;6,4940600000
202200052383;14;2;2022;09:10;1;974;97416;1;1;1;3;SAVANE (CHEMIN DE LA); -21,2971200000;55,4481500000
202200052384;10;8;2022;18:35;2;38;38185;2;1;1;6;VALLES (AVENUE J.)       1 A 42;45,1818755081;5,7484245300
202200052385;5;1;2022;17:45;2;72;72071;1;1;1;1;122 Rue Oscar Moneris;47,6868040000;0,4463950000
202200052386;26;3;2022;23:30;5;75;75113;2;2;1;3;RUE JEANNE D ARC;48,8313170000;2,3663340000
202200052387;24;11;2022;18:15;3;49;49257;1;1;1;3;D18;47,6455280000; -0,2163360000
202200052388;7;7;2022;16:15;1;60;60033;2;3;1;3;18 Chemin de la Porte du Rond;49,1909392782;2,5115159154
202200052389;22;10;2022;05:15;3;13;13085;1;1;1;5;A50-Sens Aubagne vers Toulon;43,2608675544;5,5912542342
202200052390;14;2;2022;23:30;5;974;97409;1;1;2;6;RN2 SENS STE SUZANNE ST BENOIT; -20,9436800000;55,6492100000
202200052391;5;1;2022;13:00;1;72;72217;1;1;1;1;la longueraie 72190;48,0536760000;0,2073560000
202200052392;20;9;2022;10:30;1;22;22272;1;2;1;6;Traou Maudez;48,5667470000; -3,1322300000
202200052393;10;8;2022;06:50;1;35;35238;2;2;1;3;METZ (BD DE);48,1161190000; -1,6582170000
202200052394;27;3;2022;21:00;5;75;75112;2;2;1;3;BOULEVARD SOULT;48,8442810000;2,4101410000
202200052395;10;7;2022;15:40;1;60;60265;1;1;1;3;Route de Noyers Saint Martin;49,5631630000;2,2359860000
202200052396;19;11;2022;15:50;1;31;31446;2;4;2;3;Avenue d'Occitanie;43,5474710000;1,4787880000
202200052397;8;6;2022;11:15;1;04;04019;2;4;1;6;RD 900 - Av Berwick;44,3877150000;6,6572000000
202200052398;7;5;2022;21:30;5;75;75112;2;2;1;3;AVENUE DE NOGENT;48,8408980000;2,4527570000
202200052399;14;2;2022;07:10;3;69;69259;1;1;2;6;Boulevard Irène Joliot Curie;45,7170819397;4,8774898052
202200052400;10;8;2022;16:30;1;35;35051;2;3;1;6;FOUGERES (ROUTE DE);48,1327500000; -1,6328900000
202200052401;5;1;2022;16:45;2;27;27117;1;1;1;1;Route de Bernay;49,0164670000;0,5392790000
202200052402;27;3;2022;15:49;1;75;75111;2;1;1;6;BOULEVARD DE BELLEVILLE;48,8681440000;2,3815340000
202200052403;7;6;2022;15:45;1;13;13105;1;1;1;1;départementale d7n;43,7409410000;5,1089110000
202200052404;10;2;2022;17:00;1;69;69199;1;1;1;3;Avenue Albert Ramboz;45,6927400000;4,8431700000
202200052405;7;5;2022;20:34;2;75;75110;2;3;1;1;QUAI DE VALMY;48,8742240000;2,3628620000
202200052406;5;1;2022;10:00;1;37;37050;2;1;1;6;41 Rue Augustin Fresnel;47,3425423434;0,7244418561
202200052407;9;7;2022;04:40;3;64;64110;1;1;1;7;RD918;42,9580400000; -0,2913520000
202200052408;10;8;2022;22:00;5;34;34172;2;4;1;3;1975 Avenue Albert Einstein;43,6113637153;3,9202986253
202200052409;21;10;2022;12:46;1;13;13215;1;1;1;5;A7-Sens Lyon vers Marseille;43,3500494962;5,3685711748
202200052410;14;2;2022;06:25;1;972;97213;1;1;2;7;ROUTE NATIONALE 1;14,6156858673; -61,0092473030
202200052411;27;3;2022;06:05;5;75;75110;2;1;1;1;RUE DU FAUBOURG SAINT MARTIN;48,8806540000;2,3646170000
202200052412;4;6;2022;14:25;1;13;13053;1;6;1;3;rond point des milles bouquets;43,7194200000;5,1758270000
202200052413;21;9;2022;07:35;1;62;62861;1;1;1;4;N17;50,3878770000;2,8096410000
202200052414;26;11;2022;14:18;1;31;31065;2;2;1;5;Route de Gratens;43,3789920000;1,1777260000
202200052415;10;8;2022;09:49;1;31;31555;2;6;1;3;BOULINGRIN (ROND POINT DU) DU 5AU 9;43,5948630000;1,4533170000
202200052416;9;7;2022;18:10;1;73;73018;2;3;1;3;Rue de la Déserte;45,5087080000;6,0721560000
202200052417;7;5;2022;14:56;1;75;75110;2;3;1;3;AVENUE PARMENTIER;48,8707890000;2,3705150000
202200052418;14;2;2022;09:50;1;2B;2B033;2;1;1;-1;Rue du Juge Falcone;42,7062800000;9,4424900000
202200052419;6;1;2022;08:00;1;74;74010;1;1;1;1;Route de Montagny;45,8643430000;6,0628760000
202200052420;27;3;2022;01:15;5;75;75109;2;2;1;3;RUE LA FAYETTE;48,8736230000;2,3353240000
202200052421;8;6;2022;15:15;1;67;67300;2;3;3;2;Rue de la Commanderie;48,5359240000;7,4986300000
202200052422;11;7;2022;07:35;2;18;18263;1;1;1;1;;47,2479690000;1,8977970000
202200052423;22;10;2022;19:15;5;69;69382;1;1;1;2;Route de Métropole 7;45,7465000000;4,8290000000
202200052424;11;8;2022;07:45;1;31;31483;2;1;1;4;ETANCELIN PHILIPPE (RUE);43,1038300000;0,7007300000
202200052425;14;2;2022;19:05;5;971;97120;2;2;2;7;CHEMIN NEUF;16,2346600000; -61,5327600000
202200052426;19;9;2022;20:20;3;13;13117;1;1;1;2;A7-Sens Marseille vers Lyon;43,4587600000;5,2356800000
202200052427;27;11;2022;17:10;1;81;81218;1;1;1;1;D612 PK 077+800;43,8838090000;2,1684210000
202200052428;27;3;2022;11:10;1;75;75108;2;1;1;3;BOULEVARD MALESHERBES;48,8797994692;2,3138401311
202200052429;6;5;2022;09:30;1;75;75109;2;2;1;2;BOULEVARD HAUSSMANN;48,8722430000;2,3383130000
202200052430;6;1;2022;00:15;3;49;49167;1;1;1;3;A87 NORD PK 011.800, sens CHOLET-ANGERS;47,4054370000; -0,5095770000
202200052431;3;7;2022;07:45;1;43;43012;2;6;1;1;188 Avenue du Pont;45,3697250000;4,1980430000
202200052432;23;10;2022;02:15;5;69;69389;1;1;1;6;Route de Métropole 6;45,7655100000;4,8002400000
202200052433;20;9;2022;00:18;3;13;13216;1;1;1;7;A55-Sens Martigues vers Marseille;43,3661994898;5,3349834681
202200052434;14;2;2022;15:10;1;971;97101;2;3;1;7;ALBERT LEOGANE - TERRASSON (RUE);16,2514769979; -61,4992278814
202200052435;10;8;2022;11:34;1;29;29232;2;1;1;2;Boulevard Flandres Dunkerque1940;47,9799900000; -4,0836800000
202200052436;7;5;2022;21:00;5;75;75108;2;2;1;3;RUE CHAUVEAU LAGARDE;48,8715090000;2,3231140000
202200052437;27;3;2022;16:45;1;75;75107;2;2;1;2;QUAI D ORSAY;48,8628510000;2,3134440000
202200052438;5;1;2022;14:30;1;78;78009;1;1;7;2;A10;48,4834920000;1,9128830000
202200052439;18;10;2022;17:30;1;67;67309;1;1;1;2;M35;48,6413900000;7,7305000000
202200052440;11;7;2022;09:10;1;43;43159;1;3;1;3;RD64;45,1690810000;4,2960350000
202200052441;27;11;2022;18:00;3;26;26337;1;1;1;5;autoroute a7;44,7039850000;4,7863910000
202200052442;13;2;2022;15:40;1;971;97120;1;1;1;1;MASSABIELLE;16,2352450239; -61,5311005712
202200052443;18;9;2022;21:50;3;13;13028;1;1;1;2;A50;43,2096200000;5,6264200000
202200052444;10;8;2022;17:25;1;25;25462;2;6;1;3;JUNOD AUGUSTE;46,9056690000;6,3359280000
202200052445;8;6;2022;19:45;2;54;54340;2;3;2;6;Route de Martincourt;48,8782604742;5,9610968836
202200052446;7;5;2022;10:13;1;75;75102;2;7;1;3;RUE DE LA PAIX;48,8702260000;2,3321900000
202200052447;27;3;2022;15:50;1;75;75104;2;3;1;6;RUE DE RIVOLI;48,8580530000;2,3496460000
202200052448;5;1;2022;23:45;5;973;97311;1;1;2;3;Avenue Christophe Colomb;5,4766157798; -54,0386098623
202200052449;10;8;2022;17:10;1;25;25462;2;1;1;7;GRANGES DES;46,9004230000;6,3469890000
202200052450;11;2;2022;21:55;5;971;97105;2;1;1;3;GOUVERNEUR DU LYON (AVE);16,0030394554; -61,7389047146
202200052451;23;10;2022;22:41;3;33;33122;1;1;1;6;AUTOROUTE A 63;44,7375200000; -0,7157300000
202200052452;7;5;2022;22:05;5;94;94043;2;1;1;6;27 Avenue de Fontainebleau;48,8140600000;2,3613000000
202200052453;10;7;2022;18:30;1;43;43268;1;1;1;1;RN88;45,1477580000;4,1183390000
202200052454;26;3;2022;21:10;5;75;75101;2;3;1;6;BOULEVARD DE SEBASTOPOL;48,8624620000;2,3504210000
202200052455;27;11;2022;01:50;3;35;35121;1;1;2;2;A84;48,2467190660; -1,4359232783
202200052456;19;9;2022;22:10;3;38;38487;1;1;1;2;A7N   22.950 A 25.770;45,5662289596;4,8172248347
202200052457;6;1;2022;10:15;1;977;97701;1;1;2;1;Quartier Marigot;17,9097750000; -62,8094820000
202200052458;7;6;2022;23:00;5;54;54397;2;2;1;1;Rue Aristide Briand;48,6081090000;6,1003330000
202200052459;14;2;2022;14:45;1;95;95598;2;1;1;2;DOCTEUR SCHWEITZER  RUE DU;48,9945069259;2,3041838408
202200052460;23;10;2022;05:45;4;33;33063;1;1;1;6;ROCADE A 630;44,8830900000; -0,5613800000
202200052461;10;8;2022;09:00;1;24;24256;1;2;1;3;CHATEAU (AVE DU);45,1939900000;0,6619300000
202200052462;20;9;2022;08:30;1;67;67482;1;1;1;6;M352;48,5707800000;7,7327300000
202200052463;7;5;2022;06:30;1;93;93071;2;2;1;3;Avenue John Fitzgerald Kennedy / Rue d'Aulnay;48,9396730000;2,5126990000
202200052464;9;7;2022;12:35;1;10;10089;2;2;1;3;avenue Jules ROZÉ;48,5004200000;3,8399800000
202200052465;28;11;2022;17:56;5;59;59278;2;1;1;6;51 Rue Emile Zola;50,6158700000;2,9674040000
202200052466;23;10;2022;04:16;3;91;91689;1;1;1;6;AUTOROUTE A6A;48,7415700000;2,3205500000
202200052467;25;3;2022;05:00;5;75;75101;2;2;1;3;RUE DE CASTIGLIONE;48,8659310000;2,3278930000
202200052468;9;6;2022;07:45;1;38;38381;1;2;2;3;Impasse des Ayes;45,5601770000;5,4775050000
202200052469;4;1;2022;09:50;1;971;97107;2;1;1;6;RN1;16,0811834057; -61,5622115135
202200052470;9;7;2022;17:40;1;10;10034;2;1;1;7;Chemin de la Sainte Fontaine;48,1131480000;4,3832870000
202200052471;10;8;2022;12:00;1;21;21166;2;3;1;3;EDOUARD BRANLY (BOULEVARD);47,2945200000;5,0048000000
202200052472;28;11;2022;16:00;1;51;51380;2;1;1;7;D23;48,8748240000;3,5459500000
202200052473;13;2;2022;18:00;5;91;91549;2;3;1;3;JACQUES DUCLOS (AVENUE);48,6368700000;2,3352700000
202200052474;5;6;2022;06:05;2;38;38162;1;1;1;7;D1075;45,5953180000;5,5374470000
202200052475;7;5;2022;17:00;1;93;93051;2;2;1;3;Rue de la Justice / Rue Rouget de Lisle;48,8470800000;2,5652300000
202200052476;23;10;2022;06:10;5;78;78545;1;1;1;3;A12 Y;48,8045450000;2,0496670000
202200052477;7;7;2022;19:35;1;07;07338;1;1;1;7;lieu dit barere;44,9072060000;4,6879860000
202200052478;6;1;2022;16:35;1;2B;2B148;1;9;2;3;Brancale;42,5387340000;9,4484570000
202200052479;11;8;2022;01:30;5;16;16102;2;1;1;6;DENFERT ROCHEREAU (BOULEVARD);45,6982006000; -0,3279188200
202200052480;28;5;2022;04:40;3;26;26302;1;1;1;7;Lieu Dit le Got;45,0531960000;5,3426170000
202200052481;27;11;2022;00:00;5;80;80342;2;1;8;6;Grand?Rue;49,8633120000;2,7155110000
202200052482;27;3;2022;17:05;1;94;94033;2;2;1;3;Boulevard Galliéni;48,8474500000;2,4786900000
202200052483;23;10;2022;09:40;1;95;95582;1;1;1;6;A115;48,9806298222;2,2409411038
202200052484;8;7;2022;05:35;2;07;07051;2;1;1;2;RUE LAMARTINE D86;45,2716950000;4,8002458000
202200052485;19;9;2022;16:05;1;33;33119;1;1;1;4;ROUTE NATIONALE 230;44,8655928770; -0,5041050911
202200052486;14;2;2022;09:30;1;91;91201;2;3;1;1;AV DE L EUROPE;48,6811500000;2,4278300000
202200052487;6;5;2022;18:40;1;93;93048;2;2;1;3;Avenue du Colonel Fabien / Avenue du Docteur Fernand Lamaze;48,8764700000;2,4546800000
202200052488;27;3;2022;04:00;5;94;94042;2;1;1;6;17 Boulevard de l’Europe;48,8135100000;2,4658100000
202200052489;6;1;2022;05:55;3;13;13027;1;1;1;1;RD571;43,8958510000;4,8188350000
202200052490;11;8;2022;10:25;1;13;13054;2;1;1;6;SAINT PIERRE (CHE );43,4113200000;5,2027900000
202200052491;1;6;2022;10:25;1;69;69291;2;2;1;3;Chemin du Petit Chantoire;45,6431370000;4,8750490000
202200052492;14;2;2022;08:10;1;91;91589;2;1;1;6;RUE TOULOUSE LAUTREC;48,6760200000;2,3389700000
202200052493;23;11;2022;00:35;3;80;80700;1;1;2;7;D2;50,1051670000;1,5661950000
202200052494;10;7;2022;09:50;1;07;07291;2;1;1;1;Route de Bourg;44,3916870000;4,5092760000
202200052495;20;9;2022;16:50;1;92;92036;1;1;8;2;A86;48,9348846198;2,2827304295
202200052496;27;3;2022;15:40;1;94;94021;2;1;1;6;Avenue du 11 novembre 1918;48,7631100000;2,3614700000
202200052497;4;1;2022;07:50;5;55;55122;2;1;2;6;Avenue des Artilleurs;48,7554960000;5,5873580000
202200052498;6;5;2022;11:35;1;93;93027;2;1;1;1;81 Avenue Jean Mermoz;48,9232790000;2,4057960000
202200052499;12;2;2022;11:40;1;88;88160;2;9;7;6;BOEGNER (RUE DU PASTEUR-);48,1728200000;6,4494500000
202200052500;23;10;2022;04:20;3;93;93007;1;1;1;3;AUTOROUTE A1;48,9536200000;2,4548900000
202200052501;4;6;2022;00:45;5;69;69143;2;1;2;2;Quai Pasteur;45,8766360000;4,8383890000
202200052502;2;7;2022;10:00;1;07;07304;1;3;1;3;Route de Barjac;44,3899510000;4,3766640000
202200052503;6;1;2022;01:00;3;38;38205;1;1;1;1;Route départementale 531;45,1146470000;5,5726430000
202200052504;25;11;2022;19:50;5;71;71263;2;3;1;6;Rue du Capitaine Vic;46,6280440000;5,2232320000
202200052505;20;9;2022;10:50;1;92;92036;1;1;1;2;RN315 W;48,9221909685;2,3058025650
202200052506;11;8;2022;14:45;1;13;13103;2;6;1;3;AVENUE PASTEUR-LOUIS;43,6382163123;5,0830591169
202200052507;14;2;2022;14:30;1;83;83137;2;7;3;6;BONNIER (PLACE DU COLONEL);43,1290700000;5,9097200000
202200052508;7;5;2022;16:00;1;93;93057;2;3;9;3;Avenue Franklin / Allée Lavoisier;48,8994200000;2,5048860000
202200052509;23;10;2022;00:40;3;93;93007;1;1;1;2;AUTOROUTE A1;48,9515600000;2,4512600000
202200052510;27;3;2022;15:00;1;94;94022;2;2;1;6;Boulevard des Alliés / Avenue Léon Gourdault;48,7642700000;2,4055600000
202200052511;19;6;2022;03:00;3;07;07346;1;1;1;7;D107;44,4916880000;4,6652800000
202200052512;8;6;2022;10:40;1;40;40202;2;4;1;1;2 Rue de la Cité;43,6976320000; -1,0205850000
202200052513;19;9;2022;09:35;1;78;78158;1;1;1;2;A13;48,8317220000;2,1436500000
202200052514;5;1;2022;18:40;3;69;69009;1;1;1;2;Route de Villefranche;45,9411950000;4,7161230000
202200052515;7;5;2022;18:10;1;93;93007;2;1;1;6;Avenue Gambetta;48,9360900000;2,4806400000
202200052516;11;8;2022;09:40;1;13;13206;2;1;1;1;LIEUTAUD (COURS);43,2869200000;5,3855200000
202200052517;27;11;2022;17:30;2;89;89349;1;1;2;2;D55;47,3982980000;4,0599520000
202200052518;14;2;2022;21:50;5;83;83129;2;1;1;6;DE GAULLE (PROMENADE CHARLES);43,1105057839;5,8125849366
202200052519;22;10;2022;11:00;1;93;93053;1;4;1;2;AUTOROUTE A3;48,8982400000;2,4697100000
202200052520;4;6;2022;00:10;3;33;33174;1;1;1;6;D670;44,9205830342; -0,2589565516
202200052521;27;3;2022;14:50;1;93;93053;2;3;1;1;Rue de Brément / Chemin de Montreuil à Claye;48,8867900000;2,4701900000
202200052522;8;7;2022;14:06;1;53;53101;1;1;1;1;Lieu-dit Les Trois Marchands;47,8719440000; -0,6870290000
202200052523;12;8;2022;00:12;5;10;10387;2;9;1;6;CARNOT (RUE);48,2960000000;4,0670700000
202200052524;28;11;2022;06:50;2;55;55157;1;1;2;6;D154;49,0138710000;5,6023890000
202200052525;19;9;2022;05:18;3;92;92047;1;9;1;3;A13;48,8323311443;2,1536945403
202200052526;7;5;2022;10:09;1;93;93007;2;1;1;4;Rue Pierre Sémard;48,9350000000;2,4760000000
202200052527;5;1;2022;17:40;3;69;69122;1;1;1;4;Route de Lyon;45,9137826438;4,7327835559
202200052528;7;6;2022;17:47;1;85;85070;1;1;1;3;D6;46,7008450000; -1,7308460000
202200052529;12;2;2022;21:35;5;82;82121;2;9;1;5;TOULOUSE (AVENUE DE);43,9992810000;1,3394300000
202200052530;8;7;2022;18:45;1;53;53063;2;3;1;1;Rue Principale;47,8090380000; -0,5971770000
202200052531;28;11;2022;07:40;3;12;12259;1;1;5;6;Lieu Dit Aujals;44,2851820000;2,0514930000
202200052532;20;9;2022;16:50;1;93;93063;1;1;1;2;A3;48,8752873790;2,4400415833
202200052533;26;3;2022;09:20;1;93;93005;2;2;1;3;SUZANNE LENGLEN (AVENUE);48,9513565095;2,5138368983
202200052534;11;8;2022;17:34;1;06;06088;2;2;1;3;LEPANTE (R. DE);43,7053700000;7,2692100000
202200052535;22;4;2022;17:15;1;92;92078;2;1;1;6;MOULIN CAGE (QUAI);48,9245918781;2,3296426982
202200052536;20;10;2022;23:00;4;93;93053;1;1;1;5;AUTOROUTE A3;48,8937300000;2,4722800000
202200052537;8;7;2022;08:00;1;40;40194;1;1;1;6;Route de Tartas;43,7184660000; -0,8413230000
202200052538;5;1;2022;18:00;5;33;33051;2;1;1;6;Route de Bordeaux;44,6637310000; -0,9119190000
202200052539;28;11;2022;09:40;1;12;12076;1;1;2;6;D46;44,5539062564;2,4494558573
202200052540;7;6;2022;13:15;1;56;56146;1;3;1;6;Auquignan;48,1312001000; -3,0011183000
202200052541;27;3;2022;10:15;1;92;92073;2;1;1;6;FUSILLES DE LA RESISTANCE 1940-1945 (ROU;48,8787631140;2,2174210846
202200052542;10;8;2022;16:20;1;06;06069;2;1;1;1;SAINT LAURENT (AVENUE);43,6799000000;6,9580000000
202200052543;9;7;2022;03:00;3;24;24511;2;1;1;6;Le bourg;45,2010340000;0,1911610000
202200052544;20;9;2022;18:15;1;93;93048;1;1;1;4;AUTOROUTE A3;48,8712300000;2,4325800000
202200052545;9;6;2022;08:10;1;60;60446;1;1;1;7;N2;49,1304583432;2,7947115897
202200052546;25;11;2022;08:30;1;42;42336;1;1;1;6;Lieu-dit They;45,6807950000;4,3339460000
202200052547;6;5;2022;10:05;1;92;92078;2;2;1;3;VIEUX CHEMIN DE ST DENIS (AVENUE);48,9297450000;2,3259860000
202200052548;11;8;2022;16:40;1;05;05061;2;1;1;2;Avenue d'Embrun (Gap);44,5690852314;6,1019638181
202200052549;23;10;2022;17:20;1;77;77121;1;1;1;6;A104;48,8367110000;2,6649010000
202200052550;27;3;2022;17:42;1;92;92064;2;2;1;3;REPUBLIQUE;48,8444481047;2,2107598185
202200052551;7;7;2022;15:44;1;24;24100;1;1;1;7;Impasse de Chèvre Morte;45,6604830000;0,7329890000
202200052552;14;2;2022;07:50;2;81;81004;2;2;2;6;CARNOT (BD);43,9228700000;2,1472200000
202200052553;19;9;2022;15:05;1;93;93029;1;1;1;2;AUTOROUTE A86;48,9255741862;2,4245448560
202200052554;24;11;2022;17:45;3;47;47325;1;1;9;3;D120;44,3701720000;0,2848810000
202200052555;6;5;2022;18:10;1;92;92046;2;2;1;3;NICOMEDES PASCUAL (RUE);48,8129306276;2,2987216562
202200052556;23;10;2022;13:00;1;94;94017;1;1;1;4;A4;48,8268960991;2,5128994984
202200052557;8;6;2022;11:25;1;80;80302;1;3;1;3;D930;49,6474030000;2,6277280000
202200052558;7;5;2022;15:45;1;92;92064;2;1;1;3;GOUNOD;48,8424280840;2,2079598606
202200052559;19;9;2022;09:15;1;93;93007;1;1;1;4;AUTOROUTE A3;48,9364742070;2,4801918824
202200052560;27;11;2022;17:45;4;34;34335;1;3;1;1;D922;43,6240690000;3,1188990000
202200052561;10;8;2022;19:20;1;03;03190;2;3;7;3;Rue du Vert Galant;46,5674383744;3,3279804277
202200052562;27;3;2022;19:28;1;92;92062;2;1;1;6;EICHENBERGER (RUE);48,8818524301;2,2380166948
202200052563;9;7;2022;23:15;3;04;04121;2;1;1;6;RD 907;43,9975059456;6,1965546012
202200052564;5;1;2022;08:50;2;22;22093;2;3;1;6;Rue des Boucouëts;48,4678670000; -2,5144900000
202200052565;13;2;2022;20:30;5;78;78646;2;1;1;5;RD 10 (BRETELLE ACCES INRA);48,8008920000;2,1200480000
202200052566;22;10;2022;12:00;1;974;97416;2;3;1;3;GANDHI (RUE DU MAHATMA); -21,3385200000;55,4617500000
202200052567;7;5;2022;12:15;1;92;92050;2;1;1;3;CLEMENCEAU GEORGES AVENUE N° PAIR;48,8863423494;2,2121820599
202200052568;18;9;2022;19:40;1;93;93006;1;1;1;2;AUTOROUTE A3;48,8696867693;2,4301216006
202200052569;28;11;2022;18:00;3;39;39283;1;1;2;1;;46,3496900000;5,6926350000
202200052570;25;3;2022;10:35;1;11;11150;1;1;1;6;D62;43,3562330000;2,2587200000
202200052571;5;1;2022;17:46;5;59;59264;2;1;1;6;27 Rue Pasteur;50,3375400000;3,9412790000
202200052572;9;7;2022;16:20;1;04;04054;1;1;1;1;RN 85;44,0154570000;6,2309220000
202200052573;7;6;2022;19:00;1;13;13214;1;1;1;7;A507 sens Aubagne- Marseille;43,3300288947;5,3931641578
202200052574;14;2;2022;20:00;5;78;78551;2;1;2;2;ROUTE NATIONALE 13;48,8975550000;2,0774120000
202200052575;28;11;2022;15:40;1;05;05132;2;1;8;6;Avenue du 11 Novembre;44,6822620000;6,0770150000
202200052576;11;8;2022;12:10;1;75;75119;2;1;1;4;PORTE DE PANTIN;48,8849220000;2,3982760000
202200052577;20;9;2022;14:30;1;94;94028;1;1;1;7;A86 INT;48,7850362713;2,4401708400
202200052578;5;1;2022;11:35;1;33;33167;1;1;1;2;ROUTE NATIONALE 230;44,8409100000; -0,5018300000
202200052579;22;10;2022;00:20;3;974;97407;1;1;1;3;ROUTE DU SACRE COEUR; -20,9568140000;55,3136670000
202200052580;7;5;2022;12:25;1;92;92020;2;3;1;6;LOUVEAU RUE;48,8043353135;2,2974146157
202200052581;27;3;2022;17:10;1;06;06161;2;3;1;6;Casino (Supermarché);43,6577500000;7,1233680000
202200052582;7;6;2022;12:45;1;13;13215;1;1;1;2;A7-Sens Marseille vers Lyon;43,3665080000;5,3605890000
202200052583;6;7;2022;20:00;1;04;04094;1;1;1;1;Ch d’Aurabelle, lieu-dit PIGETTE;43,7381820000;5,8683510000
202200052584;19;9;2022;15:20;1;77;77372;1;1;1;3;A104;48,8962000000;2,6628000000
202200052585;6;5;2022;22:30;5;92;92049;2;7;1;7;REPUBLIQUE AVENUE DE LA N°1 A 79;48,8155390000;2,3177510000
202200052586;5;1;2022;03:46;3;33;33063;1;1;1;7;ROCADE A 630;44,8838980000; -0,5580580000
202200052587;11;8;2022;08:45;1;75;75119;2;4;1;2;PORTE DE PANTIN;48,8856810000;2,3977270000
202200052588;22;10;2022;20:00;5;973;97302;2;9;1;3;MADELEINE (ROUTE DE LA);4,9164300000; -52,3215000000
202200052589;24;3;2022;18:15;1;42;42068;2;3;1;6;Rue de Montagny;46,0311410000;4,2672950000
202200052590;28;11;2022;15:05;1;60;60021;1;2;1;3;ROUTE DÉPARTEMENTALE 1032;49,5950200000;3,1213300000
202200052591;7;5;2022;18:18;1;92;92048;2;1;1;6;MAL DE LATTRE DE TASSIGNY (AVENUE);48,7873579390;2,2328743637
202200052592;9;7;2022;16:15;1;04;04046;1;1;1;3;RD 12;44,0396060000;6,1510510000
202200052593;7;6;2022;10:45;1;13;13117;1;1;1;6;A7-Sens Marseille vers Lyon;43,4321921217;5,2577385306
202200052594;26;3;2022;23:23;5;83;83148;1;6;1;7;Dn7;43,4147055898;6,4192289114
202200052595;14;2;2022;06:30;5;77;77390;2;6;1;6;D1021 / D361;48,7939265693;2,6460273257
202200052596;11;8;2022;07:10;1;75;75120;2;1;1;3;AVENUE DU PROFESSEUR ANDRE LEMIERE;48,8584050000;2,4146180000
202200052597;22;10;2022;10:33;1;973;97302;2;2;1;6;BARTHELEMY (RENE);4,9355500000; -52,3309400000
202200052598;31;5;2022;18:30;1;62;62688;1;3;7;3;MERLIMONT (ROUTE DE);50,4281700000;1,6272300000
202200052599;25;11;2022;17:05;3;60;60636;2;3;8;3;Rue Jean Jaurès;49,4773160000;2,8804510000
202200052600;5;1;2022;12:55;1;95;95582;1;1;1;4;A15;48,9666859939;2,2556734085
202200052601;6;7;2022;22:40;3;85;85251;1;1;1;7;pk 34.80 D30;46,5928800000; -0,7328730000
202200052602;7;5;2022;18:50;1;92;92035;2;1;1;1;Verdun 1916 ( avenue de );48,9064521074;2,2376516461
202200052603;7;6;2022;08:30;1;13;13211;1;1;1;6;A50-Sens Aubagne vers Marseille;43,2948046412;5,4642511904