Num_Acc;jour;mois;an;hrmn;lum;dep;com;agg;int;atm;col;adr;lat;long
202200052604;23;10;2022;02:00;5;69;69388;2;1;1;6;Rue de l'Epargne;45,7422306985;4,8585641384
202200052605;11;8;2022;21:30;5;75;75119;2;2;1;6;AVENUE DE FLANDRE;48,8843720000;2,3691950000
202200052606;14;2;2022;20:00;3;76;76540;2;2;9;3;Pont Boieldieu;49,4379900000;1,0919200000
202200052607;26;3;2022;19:00;3;23;23068;1;3;1;3;D990;46,1522190000;2,0978520000
202200052608;27;11;2022;16:50;1;64;64037;1;1;1;1;D2;43,3455610000; -0,5176660000
202200052609;4;1;2022;23:50;3;93;93066;1;1;1;1;AUTOROUTE A86;48,9255649061;2,3388911783
202200052610;29;6;2022;13:40;1;85;85084;2;1;1;6;Rue du Foyer Rural;46,7973771000; -1,1503189800
202200052611;8;6;2022;17:10;1;69;69290;1;1;8;2;Autoroute 43;45,6983500000;4,9754800000
202200052612;6;5;2022;04:45;3;13;13211;1;1;5;2;A50-Sens Marseille vers Aubagne;43,2914300000;5,4514000000
202200052613;11;8;2022;14:30;1;75;75116;2;7;1;6;PLACE DE LA PORTE DE SAINT CLOUD;48,8376220000;2,2566000000
202200052614;23;10;2022;01:50;5;69;69387;2;1;1;3;Avenue Berthelot;45,7476852084;4,8340407014
202200052615;17;9;2022;20:10;3;988;98818;2;1;1;7;AVENUE JAMES COOK; -22,2591000000;166,3929400000
202200052616;26;3;2022;00:30;3;29;29080;1;1;1;2;N165;48,3235423780; -4,2237504478
202200052617;11;7;2022;17:30;1;85;85135;1;1;1;6;La Bargouillerie;46,5529400000; -1,2053800000
202200052618;5;1;2022;18:10;3;77;77468;1;1;1;2;A104;48,8487201840;2,6617549074
202200052619;6;5;2022;17:25;1;67;67482;1;1;1;6;M35;48,5559400000;7,7326100000
202200052620;13;2;2022;03:20;5;76;76351;2;2;1;2;PAUL VERLAINE (AVENUE);49,5093600000;0,1589000000
202200052621;27;11;2022;17:45;3;43;43039;1;3;8;3;Route d'Ussel;44,9214480000;3,8763560000
202200052622;4;6;2022;01:10;3;69;69204;1;1;1;2;Autoroute 450;45,6814539652;4,7988957167
202200052623;10;7;2022;07:00;1;85;85008;1;1;1;6;RD 4;46,6198700000; -1,5072500000
202200052624;25;3;2022;07:15;2;22;22034;1;1;1;2;RD767 PR 44+500;48,6780410000; -3,3547350000
202200052625;19;9;2022;17:45;1;973;97302;2;2;1;3;FELIX EBOUE(ROCADE);4,9295400000; -52,3151300000
202200052626;22;10;2022;20:00;5;69;69388;2;2;1;3;Rue Jean Desparmet;45,7366300000;4,8779200000
202200052627;10;8;2022;05:20;5;75;75116;2;3;1;3;AVENUE DE VERSAILLES;48,8415160000;2,2665810000
202200052628;7;5;2022;13:00;1;92;92002;1;1;1;4;AUTOROUTE A10;48,7319320000;2,3105850000
202200052629;8;7;2022;23:15;3;27;27065;2;1;1;6;1093 Rue des Estingants;49,3334480000;0,3389590000
202200052630;22;10;2022;17:55;1;972;97209;1;1;1;7;Bretelle sortie A1;14,6176900000; -61,0385200000
202200052631;27;3;2022;18:40;2;57;57037;2;1;1;7;Rue de l Exirue;49,0279570000;6,3411500000
202200052632;5;1;2022;08:30;1;75;75112;1;1;1;4;A4;48,8231200000;2,4630000000
202200052633;12;2;2022;20:30;5;76;76351;2;2;1;3;CHATEAUDUN (DE);49,5125400000;0,1170100000
202200052634;18;9;2022;10:25;1;973;97302;2;1;1;5;MADELEINE (ROUTE DE LA);4,9230445252; -52,3237931728
202200052635;7;6;2022;16:50;1;69;69029;1;1;1;2;Boulevard Laurent Bonnevay;45,7442200000;4,9062000000
202200052636;28;11;2022;10:40;1;07;07199;2;1;3;7;Route route de Joyeuse D104;44,4817350000;4,2524170000
202200052637;7;5;2022;07:35;1;94;94038;1;1;1;6;AUTOROUTE A6A;48,7780600000;2,3460400000
202200052638;28;3;2022;13:57;1;51;51191;1;1;7;7;D67;49,1255920000;4,7654970000
202200052639;5;1;2022;08:10;1;94;94065;1;1;1;6;A86 INT;48,7537000000;2,3554000000
202200052640;9;7;2022;17:15;1;27;27151;2;1;1;3;Route de Perriers;49,3766590000;1,3802970000
202200052641;11;8;2022;08:50;1;75;75114;2;3;1;7;AVENUE DU GENERAL LECLERC;48,8332300000;2,3315350000
202200052642;7;10;2022;21:30;5;69;69034;1;1;1;1;Route de Strasbourg;45,7938600000;4,8717600000
202200052643;6;5;2022;21:45;3;91;91086;1;1;1;7;RN 104;48,6240160000;2,3749930000
202200052644;19;9;2022;12:35;1;69;69383;2;2;1;1;Rue Duguesclin;45,7548200000;4,8499600000
202200052645;12;2;2022;14:20;1;76;76351;2;2;1;4;BERTHELOT (RUE);49,4970400000;0,1362100000
202200052646;22;10;2022;11:05;1;2A;2A004;2;1;1;3;SARTENE ANCIENNE ROUTE;41,9294443357;8,7721812326
202200052647;5;6;2022;23:35;5;69;69081;1;1;1;2;Route de Métropole 6;45,7796000000;4,7808100000
202200052648;27;11;2022;17:35;5;07;07349;2;3;1;3;croismement RD86E / RD120;44,8149670000;4,7922280000
202200052649;26;3;2022;17:45;1;67;67432;2;2;1;1;Rue Principale;48,9773690000;8,0741200000
202200052650;7;7;2022;19:15;1;27;27129;1;1;1;5;départementale 131;49,0749340000;0,5261850000
202200052651;9;8;2022;21:15;5;75;75112;2;2;1;3;PONT D AUSTERLITZ;48,8458300000;2,3676560000
202200052652;6;5;2022;20:35;1;91;91174;1;1;1;3;RD 444;48,6122400000;2,4493000000
202200052653;4;1;2022;16:40;1;27;27306;2;9;2;6;NATIONALE 13 (ROUTE);49,0144352388;1,1745087057
202200052654;18;9;2022;05:20;2;972;97209;1;1;2;6;POSTE COLON (VOIE COMMUNALE DE);14,6559800000; -61,0671600000
202200052655;22;10;2022;20:04;5;91;91549;2;9;1;3;SEQUIGNY (RUE DE);48,6405700000;2,3210400000
202200052656;8;7;2022;19:23;1;27;27427;1;1;1;7;D830;48,8673400000;0,7404400000
202200052657;6;5;2022;22:40;3;95;95641;1;1;1;6; A1;49,0721900000;2,5519200000
202200052658;4;1;2022;15:50;1;974;97416;2;3;1;6;D28 LIGNE DES BAMBOUS; -21,2995100000;55,4907100000
202200052659;9;2;2022;13:18;1;69;69029;2;1;1;3;Avenue du Doyen Jean Lépine;45,7483702454;4,9032685161
202200052660;27;3;2022;15:30;1;2B;2B305;2;9;1;3;Grigione;42,7299440000;9,4593500000
202200052661;11;8;2022;12:55;1;75;75120;2;3;1;6;RUE DE MENILMONTANT;48,8691170000;2,3914490000
202200052662;19;9;2022;18:50;1;69;69389;2;4;1;1;18 Rue du Chapeau Rouge;45,7726300000;4,8078400000
202200052663;5;5;2022;16:45;1;988;98818;2;2;1;3;RUE DU DOCTEUR LE SCOUR/EUGENE PORCHERON; -22,2752500000;166,4456300000
202200052664;14;2;2022;00:45;5;69;69271;2;6;1;6;Avenue du Progrès;45,7345000000;4,9659600000
202200052665;27;11;2022;18:00;3;24;24064;1;1;8;4;lieu dit les andrivaux D78;45,3556550000;0,6358820000
202200052666;4;1;2022;17:40;2;974;97411;2;1;1;3;VICTOIRE (AVENUE DE LA); -20,8779500000;55,4483300000
202200052667;26;3;2022;18:55;2;82;82167;2;1;1;1;Route d Albi;43,9634000000;1,4302600000
202200052668;7;7;2022;06:30;2;17;17337;2;1;1;1;Avenue de la Durandière;45,9977960000; -1,3227800000
202200052669;21;10;2022;16:30;1;82;82121;1;1;1;4;AUTOROUTE A20;44,0526094367;1,4110374095
202200052670;19;9;2022;10:34;1;69;69389;2;1;1;1;Rue Berjon;45,7772520948;4,7992350161
202200052671;28;11;2022;03:20;3;30;30348;1;1;2;6;;44,0648200000;4,1184620000
202200052672;4;1;2022;16:00;1;974;97409;2;1;1;7;MORIN(CHEMIN); -20,9690240000;55,6465430000
202200052673;6;5;2022;11:00;1;976;97611;2;9;1;6;kaweni-Mangrove (route de la); -12,7758000000;45,2271900000
202200052674;28;3;2022;13:20;1;65;65450;1;1;1;6;D929;42,7988020000;0,2824900000
202200052675;25;5;2022;15:30;1;54;54265;1;1;1;4;Autoroute A 33;48,6300300000;6,1791800000
202200052676;11;8;2022;17:40;1;94;94073;2;1;1;7;Boulevard de Stalingrad;48,7709320000;2,4011600000
202200052677;12;2;2022;00:25;3;67;67482;1;1;1;1;PAUL DOPFF (RUE) ;48,5565700000;7,7745100000
202200052678;21;10;2022;18:29;1;78;78440;2;1;1;6;GIROFLÉES (ALLEE DES);48,9830790000;1,9133580000
202200052679;15;6;2022;07:50;1;17;17246;1;3;1;3;D 739;45,9603540000; -0,8132030000
202200052680;19;9;2022;16:40;1;971;97101;2;2;1;2;CENTRE HOSPITALIER;16,2387250110; -61,5276002884
202200052681;7;6;2022;07:25;1;67;67137;1;1;1;6;Route Départementale 1083;48,5044400000;7,6944100000
202200052682;6;5;2022;09:30;1;974;97411;2;1;1;6;LECONTE DE LISLE (AVENUE); -20,8928000000;55,4833500000
202200052683;3;1;2022;14:23;1;973;97302;2;2;2;3;ROBERT VIGNON (RUE);4,9304980123; -52,3222991824
202200052684;24;11;2022;18:06;4;68;68375;2;3;2;7;216 Rue de Reiningue;47,7803800000;7,2244070000
202200052685;27;3;2022;13:45;1;81;81123;1;1;1;3;D922;44,1180420000;1,9699850000
202200052686;5;7;2022;14:40;1;17;17110;1;1;1;7;La Pierrière de la Vallade;45,1957040000; -0,2143350000
202200052687;22;10;2022;10:50;1;77;77449;2;1;1;6;AV DE SARIA;48,8426900000;2,7892100000
202200052688;13;2;2022;17:20;1;66;66136;2;1;1;6;COTE RADIEUSE (DE LA);42,6742900000;2,9060900000
202200052689;11;8;2022;11:45;1;94;94054;2;1;1;2;Route Charles Tillon;48,7388129480;2,3910662090
202200052690;19;9;2022;17:00;1;91;91514;2;1;1;6;RUE DE LA GARE;48,6700000000;2,5334000000
202200052691;5;5;2022;19:34;5;974;97411;2;1;2;6;CHAUDRON  (BLD 1 DU); -20,8908500000;55,4909600000
202200052692;28;3;2022;11:10;1;42;42208;1;1;1;7;Route de Marcenod;45,5585580000;4,4948140000
202200052693;8;6;2022;17:16;1;33;33281;1;1;1;3;ROCADE A 630;44,8545600000; -0,6644300000
202200052694;10;7;2022;11:15;1;87;87097;1;1;1;3;D951;46,1167250000;0,9115220000
202200052695;3;1;2022;14:40;1;973;97302;2;3;2;3;MONTABO (ROUTE DE) 2;4,9417798541; -52,3041104525
202200052696;13;2;2022;08:50;1;65;65286;2;1;1;6;CHAMP COMMUN (PLACE);43,0935200000; -0,0462000000
202200052697;26;11;2022;20:20;3;76;76684;1;1;1;2;RN 182;49,4798080000;0,4516410000
202200052698;26;3;2022;20:15;3;29;29302;1;1;1;6;Lieu-Dit le Bot;48,2707150000; -4,1364710000
202200052699;4;5;2022;20:20;3;974;97411;2;2;1;3;MONDON (RUE MONSEIGNEUR); -20,8945800000;55,4601300000
202200052700;22;10;2022;12:10;1;77;77186;1;6;1;2;D606 / D301;48,3904790000;2,7544180000
202200052701;19;9;2022;09:50;1;91;91514;2;6;1;3;RUE DE BOISSY ST LEGER;48,6765900000;2,5368100000
202200052702;11;4;2022;10:20;1;37;37006;2;2;1;3;La Baudinière;47,2782390871;0,5882687867
202200052703;9;8;2022;23:45;5;94;94077;2;2;1;3;Avenue le Foll / Rue du Colonel Brossolette;48,7306662149;2,4260619940
202200052704;3;1;2022;15:00;1;973;97302;1;1;1;3;ZONE COLLERY I OU II;4,9046801304; -52,3207086325
202200052705;27;3;2022;10:30;1;29;29235;2;1;1;2;Boulevard Gambetta;48,4026250000; -4,3868190000
202200052706;8;6;2022;15:50;1;33;33075;1;1;2;2;ROCADE A 630;44,8901170000; -0,6120150000
202200052707;14;2;2022;09:50;1;64;64445;2;1;1;6;Rue du Pasteur Alphonse Cadier;43,3065400000; -0,3609500000
202200052708;6;5;2022;18:50;1;69;69199;2;1;1;6;Rue de la République;45,7119900000;4,8531900000
202200052709;27;11;2022;18:55;3;13;13069;1;1;1;1;Vieille Route de Salon;43,6340720000;5,1330720000
202200052710;9;7;2022;11:05;1;52;52250;2;1;1;6;Rue Aristide BRIAND;48,4427960000;5,1419990000
202200052711;2;8;2022;20:00;1;94;94002;2;3;1;6;ECLUSE (R DE L)/ Quai Jean-baptiste Clément;48,7961172361;2,4220481515
202200052712;22;10;2022;13:50;1;76;76212;2;3;1;1;Boulevard de la Paix;49,4443000000;1,1557300000
202200052713;3;1;2022;13:50;1;973;97302;2;1;2;3;TIGRE (ROUTE DU);4,9104700000; -52,3082900000
202200052714;19;9;2022;18:42;1;91;91479;2;2;1;3;RTE DE FONTAINEBLEAU;48,7087430000;2,3713320000
202200052715;26;3;2022;09:30;1;29;29158;1;1;1;3;D53 - Kerigou;47,8182340000; -4,3075200000
202200052716;8;6;2022;09:40;1;33;33550;1;1;1;3;AUTOROUTE A 62;44,7738340000; -0,5563210000
202200052717;25;11;2022;17:20;1;37;37273;1;1;1;1;D140;47,3811960000;0,7730660000
202200052718;10;7;2022;18:00;1;52;52423;2;1;1;6;Rue du Général Leclerc (Pont);48,2481190000;5,3293050000
202200052719;13;2;2022;19:38;5;63;63113;2;2;1;3;AURIOL (BOULEBARD VINCENT);45,7956800000;3,1233200000
202200052720;11;8;2022;17:55;1;93;93066;2;3;1;3;Rue du Landy / Avenue George Sand;48,9153600000;2,3651300000
202200052721;4;1;2022;20:00;5;69;69383;2;3;1;7;Rue Paul Bert;45,7570900000;4,8563400000
202200052722;27;3;2022;18:45;1;38;38074;1;1;1;6;D153;45,2470130000;5,4452760000
202200052723;18;10;2022;16:30;1;69;69286;1;1;1;6;Route du Mas-Rillier;45,8233894724;4,9153894186
202200052724;19;9;2022;18:47;1;90;90008;1;1;1;2;LIBERATION (RUE DE LA);47,6260000000;6,8240000000
202200052725;15;4;2022;18:00;1;33;33063;1;1;1;3;ROCADE A 630;44,8875900000; -0,5748000000
202200052726;10;7;2022;02:30;2;08;08193;1;1;1;6;;49,4918170000;4,5386040000
202200052727;6;5;2022;16:55;1;69;69386;2;2;1;5;Rue Duquesne;45,7725900000;4,8457600000
202200052728;11;2;2022;17:23;1;63;63113;2;1;1;6;JOUHAUX (BD LEON);45,7919800000;3,1165900000
202200052729;24;11;2022;15:06;1;06;06027;1;1;1;3;Autoroute A8 pk 181.900 sud;43,6609180000;7,1672060000
202200052730;18;9;2022;19:25;2;90;90010;2;1;1;2;RACINE (RUE);47,6240000000;6,8510000000
202200052731;11;8;2022;12:31;1;93;93049;2;1;7;3;Boulevard Ferdinand Buisson;48,8550469508;2,5162466010
202200052732;6;6;2022;07:00;1;59;59507;1;1;1;6;AUTOROUTE A1;50,6158337504;3,0827969313
202200052733;22;10;2022;09:40;1;69;69264;2;6;1;6;Boulevard Gambetta;45,9960100000;4,7148600000
202200052734;28;3;2022;15:30;1;58;58204;1;1;1;3;Les Carjots;47,0481580000;3,2983120000
202200052735;4;1;2022;21:10;5;69;69387;1;3;1;3;Avenue Berthelot;45,7477700000;4,8336700000
202200052736;14;9;2022;11:58;1;87;87048;1;1;2;6;NEXON (ROUTE DE);45,7708400000;1,2240200000
202200052737;10;2;2022;17:35;2;62;62178;2;9;2;3;LIBERATION ( AVENUE );50,4926720000;2,5691530000
202200052738;6;5;2022;15:30;1;69;69386;2;2;1;3;Rue Duguesclin;45,7671100000;4,8476100000
202200052739;4;1;2022;17:30;5;69;69388;2;1;1;6;Avenue Jean Mermoz;45,7324400000;4,8815500000
202200052740;22;10;2022;19:10;2;69;69290;2;6;1;2;Route de Grenoble;45,7129500000;4,9703900000
202200052741;27;11;2022;19:30;3;60;60172;1;1;3;1;Route de Lamorlaye;49,1431080000;2,4616930000
202200052742;10;8;2022;22:40;5;93;93046;2;2;1;3;Avenue Vauban / Avenue Gambetta;48,9176138357;2,5230359812
202200052743;4;6;2022;19:00;1;59;59009;1;1;1;5;ROUTE NATIONALE 227;50,6483600000;3,1452000000
202200052744;27;3;2022;17:55;1;50;50371;1;3;7;3;D246;48,6625520000; -0,9407690000
202200052745;3;1;2022;21:45;3;972;97209;2;1;1;7;RN9;14,5964900000; -61,0553000000
202200052746;14;2;2022;10:20;1;61;61397;2;1;1;3;GRAND PRE (RUE DU);48,4172000000;0,0717700000
202200052747;18;9;2022;17:35;1;87;87085;2;3;1;2;LATTRE-DE-TASSIGNY (AVENUE DU MARECHAL);45,8249200000;1,2747100000
202200052748;6;5;2022;13:30;1;69;69199;2;3;1;3;52 Avenue Jean Jaurès;45,7109600000;4,8551000000
202200052749;11;7;2022;16:25;1;68;68066;1;1;1;7;AUTOROUTE A35 PK 069+000;48,0588070000;7,3786930000
202200052750;11;8;2022;13:30;1;93;93027;2;1;1;6;Avenue Paul Vaillant Couturier;48,9212963075;2,4113441302
202200052751;27;3;2022;03:15;4;45;45275;2;1;1;6;Rue de la Salle des Fêtes;47,9668820000;2,9095100000
202200052752;7;11;2022;11:30;1;987;98714;1;1;1;1;RT 101 - Anau; -16,3880000000; -151,7650000000
202200052753;4;1;2022;07:40;5;69;69149;2;1;1;6;Rue Francisque Jomard;45,7169421875;4,7949206829
202200052754;3;6;2022;12:45;1;59;59383;1;1;1;2;AUTOROUTE A2;50,3360258830;3,5503824055
202200052755;22;10;2022;11:00;1;69;69199;1;9;1;3;Boulevard Pierre Sémard;45,6944600000;4,8442000000
202200052756;18;9;2022;06:54;5;87;87085;2;3;1;3;BLANC LOUIS (BOULEVARD);45,8295800000;1,2625300000
202200052757;6;5;2022;11:45;1;69;69387;2;2;1;1;Boulevard Yves Farge;45,7434200000;4,8344200000
202200052758;11;8;2022;12:15;1;93;93013;2;3;1;6;Place du 11 Novembre 1918 / Avenue de la Division Leclerc;48,9363100000;2,4270400000
202200052759;28;3;2022;13:50;1;64;64419;2;6;1;3;D817;43,2734729921; -0,2132130040
202200052760;27;11;2022;22:45;3;973;97303;2;6;1;7;RN1 PK 146;5,4804110000; -53,2118620000
202200052761;14;2;2022;14:00;1;59;59299;2;2;1;3;TROIS FERMES (RUE DES);50,6652719718;3,1987649202
202200052762;8;6;2022;12:50;1;92;92002;1;1;1;2;AUTOROUTE A86;48,7628656965;2,3041263744
202200052763;11;7;2022;08:30;1;63;63370;1;1;1;2;A 89 Pk 304.500;45,6617470000;2,6564600000
202200052764;22;10;2022;15:10;1;64;64249;2;3;1;3;Avenue Getaria;43,4211309139; -1,6056561470
202200052765;3;1;2022;16:30;1;69;69381;2;3;1;3;2 Rue Duroc;45,7692491965;4,8170489073
202200052766;26;11;2022;02:10;3;971;97117;2;1;1;7;rue de la  solitude;16,3267910000; -61,3487090000
202200052767;17;9;2022;18:06;1;87;87050;1;3;1;7;Rue de l'Hermiterie;45,8709900000;1,1963100000
202200052768;27;3;2022;20:00;2;73;73019;1;1;1;6;D1006;45,4846880000;6,2941680000
202200052769;6;5;2022;00:15;5;69;69387;2;2;1;3;Rue Marcel Mérieux;45,7312800000;4,8299900000
202200052770;3;1;2022;19:07;5;95;95280;2;1;3;6;Avenue Albert Sarraut;49,0319478176;2,4590036273
202200052771;7;6;2022;19:50;1;91;91235;1;1;1;1;RN 104;48,6250000000;2,3543000000
202200052772;14;2;2022;23:35;5;59;59350;2;9;1;3;JUSSIEU RUE;50,6167091464;3,0619897842
202200052773;11;8;2022;19:30;1;93;93001;2;1;1;2;Rue Charles Tillon;48,9178000000;2,3931400000
202200052774;27;3;2022;18:30;1;73;73268;2;1;1;6;Rue de la fontaine;45,5986270000;6,4390150000
202200052775;17;9;2022;09:33;1;87;87085;2;1;1;7;COMTE (RUE AUGUSTE);45,8727900000;1,2683900000
202200052776;27;11;2022;17:58;5;971;97112;2;1;1;6;section les basses;15,8703080000; -61,2821670000
202200052777;6;5;2022;09:47;1;972;97209;1;1;1;3;AUTOROUTE (A1);14,6164100000; -61,0421900000
202200052778;23;10;2022;00:20;5;64;64445;2;2;1;3;avenue Jean Mermoz;43,3118500000; -0,3773100000
202200052779;9;7;2022;11:40;1;60;60082;1;1;1;7;autoroute A16 PK 099+400 sens PARIS-BOULOGNE;49,6648575983;2,2086448018
202200052780;4;1;2022;06:45;5;91;91339;2;1;2;2;RTE NATIONALE 20;48,6197230000;2,2585160000
202200052781;27;3;2022;16:50;1;36;36018;1;1;1;6;22 rue du terrier;46,6313300000;1,1486350000
202200052782;7;6;2022;07:35;1;91;91534;1;1;1;2;RN 118;48,7378200000;2,1673100000
202200052783;11;8;2022;19:25;1;93;93001;2;2;1;6;Rue Henri Barbusse / Rue de Presles;48,9087672907;2,3905607232
202200052784;12;2;2022;09:55;1;56;56121;2;6;1;3;TY-LANN ( RP DE );47,7659000000; -3,4009000000
202200052785;11;7;2022;08:45;1;77;77194;1;1;1;6;A5 PR031.900 direction Province;48,4162070000;2,9460950000
202200052786;16;9;2022;17:23;1;87;87085;2;2;1;3;PUY LAS RODAS (RUE DU);45,8282100000;1,2323500000
202200052787;28;11;2022;15:45;1;34;34341;1;3;1;2;D2;43,5072110000;3,6341520000
202200052788;26;3;2022;13:00;1;07;07079;1;1;1;7;;44,9989820000;4,5072980000
202200052789;6;5;2022;16:34;1;2B;2B120;1;1;2;1;LAGUNE (Route de la) D107;42,6496600000;9,4527300000
202200052790;4;1;2022;07:50;5;91;91201;2;3;2;6;RUE ALPHONSE DAUDET;48,6619000000;2,4260400000
202200052791;7;6;2022;07:59;1;91;91687;1;1;8;2;AUTOROUTE A6;48,6677600000;2,3583100000
202200052792;11;2;2022;15:50;1;56;56121;2;1;1;6;CLAIRAMBAULT (RUE CHARLES);47,7480500000; -3,3583800000
202200052793;22;10;2022;20:10;5;64;64122;2;1;1;5;Boulevard Augusta;43,4771600000; -1,5524800000
202200052794;11;8;2022;17:55;1;93;93001;2;1;1;3;Rue Edgar Quinet;48,9164700000;2,3780000000
202200052795;28;3;2022;15:52;1;07;07129;1;1;1;3;;44,9881800000;4,5771120000
202200052796;27;11;2022;16:55;2;34;34344;2;1;1;3;192 Avenue Jean Bene;43,5619900000;4,0845700000
202200052797;3;1;2022;07:50;5;87;87085;2;3;2;3;GAGNANT (AVENUE JEAN);45,8332000000;1,2689200000
202200052798;6;5;2022;15:20;1;2B;2B033;2;1;2;4;11 - RT;42,6623900000;9,4421600000
202200052799;11;8;2022;21:00;5;92;92051;2;5;1;6;BINEAU (BOULEVARD, N°53 A 131 ET 52 A 13;48,8875150000;2,2784740000
202200052800;21;10;2022;17:50;1;61;61001;2;2;1;3;EUGENE LECOINTRE ( RUE);48,4282000000;0,0829800000
202200052801;14;2;2022;15:49;1;51;51454;2;2;1;3;LAURENT (RUE GUSTAVE);49,2546400000;4,0482400000
202200052802;6;6;2022;18:45;1;91;91363;1;1;1;2;RN 104;48,6320650000;2,2275350000
202200052803;8;7;2022;23:30;5;987;98738;2;1;1;3;RT1, PK 8.9, Marina Taina; -17,6180000000; -149,5490000000
202200052804;27;3;2022;21:20;3;23;23069;1;1;1;6;départementale 996;45,8603090000;2,3687980000
202200052805;7;5;2022;02:25;5;2A;2A004;1;9;1;7;T21;41,9290500000;8,7642600000
202200052806;19;9;2022;12:15;1;83;83144;1;6;1;3;BIGUE (CAR);43,1416000000;6,0011000000
202200052807;27;11;2022;15:00;1;13;13023;1;1;1;1;Départementale 559A;43,2338930000;5,5906840000
202200052808;27;3;2022;18:20;1;23;23229;1;1;1;7;la borde;46,0756940000;2,1242880000
202200052809;10;8;2022;21:54;5;92;92035;2;9;1;7;Souvenir Français ( rond point du );48,9063604318;2,2479062676
202200052810;8;6;2022;17:40;1;78;78206;1;1;1;6;A13;48,9690980000;1,9161510000
202200052811;21;10;2022;16:50;1;61;61001;2;2;1;3;KOUTIALA (AVENUE DE);48,4280000000;0,0750700000
202200052812;14;2;2022;08:20;1;42;42187;2;9;2;3;Avenue de Paris;46,0480100000;4,0685900000
202200052813;6;5;2022;18:10;1;2A;2A004;2;2;1;3;PIETRI FRANCOIS RUE;41,9351193564;8,7508255739
202200052814;11;8;2022;05:10;5;92;92002;2;1;1;7;DOCTEUR TENINE (AVENUE DU);48,7636900000;2,3095300000
202200052815;16;9;2022;14:15;1;80;80021;2;1;1;3;VERRIER LEBEL (RUE);49,9020100000;2,2762300000
202200052816;27;3;2022;07:30;2;48;48190;1;1;1;1;CD 989;44,8167630000;3,1576680000
202200052817;28;11;2022;07:40;3;71;71481;1;2;2;3;RD 906;46,1979530000;4,7636030000
202200052818;4;1;2022;12:05;1;83;83137;2;1;8;6;SAINT JEAN (PARC);43,1226700000;5,9529800000
202200052819;10;7;2022;00:15;3;13;13069;1;1;1;1;route de cazan;43,6421470000;5,1811050000
202200052820;7;6;2022;18:00;1;92;92050;1;1;1;4;A86;48,9017975965;2,2030876279
202200052821;22;10;2022;06:20;5;59;59350;2;1;1;6;POSTES RUE N° RESTE;50,6222600000;3,0532900000
202200052822;9;8;2022;04:45;5;33;33081;2;1;1;6;D11, PR:26+200, Dir: CERONS;44,6360740000; -0,3238820000
202200052823;14;2;2022;21:09;5;35;35238;1;1;2;2;N136;48,0996600163; -1,7148569226
202200052824;6;5;2022;16:10;1;2A;2A004;2;3;1;1;ALBERT 1ER BD;41,9129280187;8,7256603739
202200052825;4;1;2022;08:15;1;83;83137;2;1;2;6;BARNIER (BD DU DR CHARLES);43,1305500000;5,9284100000
202200052826;19;9;2022;08:30;1;78;78372;2;1;1;6;FONTENELLE (RUE);48,8713700000;2,0993100000
202200052827;26;11;2022;19:45;3;21;21331;1;1;5;7;Rue Rosieres;47,1693810000;5,3942660000
202200052828;22;10;2022;19:00;5;51;51454;2;1;1;7;rue Dumont d'Urville;49,2280000000;4,0377100000
202200052829;7;6;2022;19:00;1;92;92050;1;1;1;3;A86;48,8919171813;2,1781326813
202200052830;9;7;2022;23:20;5;973;97309;2;1;3;3;Route de Rémire;4,9057530000; -52,2731370000
202200052831;3;1;2022;15:00;1;83;83144;2;1;1;1;TREMOLIERE (AVE);43,1360700000;5,9819900000
202200052832;11;2;2022;14:00;1;34;34032;2;2;1;3;MISTRAL FREDERIC (BD);43,3440000000;3,2205200000
202200052833;11;8;2022;15:20;1;972;97222;1;1;1;5;Augrain;14,6694770000; -60,9603020000
202200052834;7;6;2022;06:10;2;78;78090;1;1;1;6;A13;48,9703620000;1,8973520000
202200052835;11;9;2022;01:40;5;78;78362;2;2;1;1;BOULEVARD ROGER SALENGRO;48,9869580000;1,7063450000
202200052836;5;5;2022;16:15;1;95;95063;1;3;1;3;RD 311;48,9250800000;2,2250000000
202200052837;22;10;2022;01:20;5;45;45234;2;2;1;3;Avenue Roger Secrétain;47,8855380000;1,8971540000
202200052838;7;7;2022;17:35;1;69;69244;1;6;1;3;Place Pierre Vauboin;45,7640950000;4,7815040000
202200052839;4;1;2022;09:04;1;82;82121;1;1;1;2;boulevard d' Occitanie;44,0421700000;1,3647600000
202200052840;24;3;2022;13:30;1;13;13044;1;6;1;3;Route de Lancon;43,6018810000;5,0749860000
202200052841;27;11;2022;20:30;5;88;88118;2;1;1;2;Grande Rue;48,4018860000;5,6864200000
202200052842;11;8;2022;14:00;1;35;35231;1;1;1;6;RN137;47,8886817989; -1,6900763251
202200052843;6;6;2022;16:00;1;92;92036;1;1;1;3;A86;48,9348050525;2,2815014855
202200052844;22;10;2022;20:45;5;44;44109;2;1;1;3;16 Boulevard Emile Gabory;47,1961810000; -1,5308400000
202200052845;5;5;2022;14:52;1;91;91223;1;9;1;2;R.D.20;48,4253100000;2,1447300000
202200052846;8;7;2022;06:45;2;68;68297;2;1;1;7;plate formE douanière;47,5765260000;7,5639580000
202200052847;4;1;2022;20:38;5;78;78358;2;1;2;6;ALBINE (AVENUE);48,9553600000;2,1386200000