Num_Acc;jour;mois;an;hrmn;lum;dep;com;agg;int;atm;col;adr;lat;long
202200052848;14;2;2022;22:14;5;33;33063;2;2;2;3;SOURDIS (RUE FRANCOIS DE);44,8353200000; -0,5888200000
202200052849;15;3;2022;15:35;1;01;01049;1;1;1;6;A42;45,8400420000;5,0504550000
202200052850;18;9;2022;11:10;1;77;77495;2;6;1;6;D306;48,5657100000;2,6288500000
202200052851;12;8;2022;07:50;1;67;67418;1;1;1;1;Rue du Moulin;48,8231520000;7,9954940000
202200052852;6;5;2022;09:14;1;87;87085;2;2;1;6;BENEDICTINS (AVENUE DES);45,8322600000;1,2646900000
202200052853;7;6;2022;17:30;1;95;95351;1;1;1;2;RN 104;49,0394200000;2,4837200000
202200052854;18;9;2022;02:49;5;77;77487;2;1;1;6;D82E2;48,5328900000;2,6722000000
202200052855;26;3;2022;21:15;5;74;74264;2;1;1;1;avenue des lacs;46,0667250000;6,5548150000
202200052856;28;11;2022;10:00;1;01;01249;2;1;2;6;1174 Grande Rue;45,8247490000;4,9548820000
202200052857;21;10;2022;22:40;3;42;42223;1;1;8;5;Rocade Ouest;45,4392466734;4,3414573073
202200052858;8;7;2022;20:45;2;31;31220;1;1;1;6;A66, sens Pamiers - Narbonne PK014+700;43,3262911724;1,6340661049
202200052859;11;8;2022;20:00;2;62;62184;1;1;1;1;D14;50,2002540000;3,0264540000
202200052860;5;5;2022;15:54;1;87;87065;2;1;1;6;LEGRAND (RUE FREDERIC-);45,8122900000;1,3226800000
202200052861;28;3;2022;17:40;1;06;06149;1;1;1;6;A8 PK 204.500 Nord;43,7434600000;7,3369900000
202200052862;27;11;2022;19:00;5;01;01249;2;1;8;6;588 Grande Rue;45,8220710000;4,9483270000
202200052863;19;9;2022;07:46;2;77;77186;1;1;1;6;D138;48,4514680000;2,7088800000
202200052864;7;6;2022;07:20;1;93;93001;1;1;2;3;AUTOROUTE A86;48,9212115236;2,3692000928
202200052865;4;1;2022;08:25;1;77;77114;2;1;2;6;D216;48,7235200000;2,6549900000
202200052866;27;3;2022;16:08;1;30;30117;1;1;1;7;;43,7056064823;4,5297338962
202200052867;9;7;2022;17:00;1;987;98738;1;1;1;3;outumaoro - PK 8+200; -17,6180000000; -149,5490000000
202200052868;14;2;2022;14:00;1;33;33063;2;3;1;3;Rue Blanqui;44,8743400000; -0,5491100000
202200052869;6;8;2022;18:30;1;57;57390;2;1;1;1;49 Grand Rue;49,0033010000;7,3792240000
202200052870;22;10;2022;11:12;1;35;35238;2;2;1;3;VANEAU;48,1085800000; -1,6929900000
202200052871;7;6;2022;09:10;1;93;93053;1;1;1;7;AUTOROUTE A3;48,8972100000;2,4696700000
202200052872;24;11;2022;17:40;3;22;22170;1;1;2;6;Les Noyers;48,4540220000; -2,8388610000
202200052873;26;3;2022;20:00;3;987;98729;1;1;1;1;RT 91 PK 4.800 AFAREAITU; -17,5312350000; -149,7728780000
202200052874;6;5;2022;22:55;5;83;83137;2;3;1;3;15EME CORPS (AVE DU);43,1285540000;5,9128200000
202200052875;12;9;2022;18:00;1;76;76410;2;3;1;6;Rue du Moulin à Poudre;49,4837800000;1,0456500000
202200052876;11;8;2022;23:38;3;59;59130;1;1;1;6;D300;50,8613718801;2,2125434875
202200052877;22;10;2022;08:30;2;35;35334;1;1;2;6;;48,1381652357; -1,5783244371
202200052878;6;7;2022;17:30;1;38;38229;1;1;1;2;A41 pk 003.900 direction GRENOBLE;45,2107020000;5,8067840000
202200052879;4;1;2022;17:25;1;77;77186;2;2;1;6;D417;48,4037800000;2,6921100000
202200052880;14;2;2022;14:11;1;33;33318;2;1;2;3;Avenue Pasteur;44,8024300000; -0,6506600000
202200052881;28;11;2022;11:45;1;59;59105;1;1;1;6;Rue du Fief;50,4332480000;3,2302940000
202200052882;6;5;2022;07:50;1;83;83098;2;9;1;6;GANZIN (AVENUE DE);43,1070340000;6,0270730000
202200052883;21;3;2022;05:00;2;986;98613;2;9;1;3;Gahi; -13,3367020000; -176,1880590000
202200052884;19;9;2022;10:00;1;74;74008;2;1;1;3;MARTINIERE (RUE DE LA);46,1993400000;6,2247500000
202200052885;22;10;2022;07:30;5;35;35238;2;6;1;3;VERN (DE);48,0862100000; -1,6441500000
202200052886;4;1;2022;15:40;1;76;76429;2;1;1;6;Rue de Normandie;49,4111000000;1,1478000000
202200052887;6;2;2022;23:20;5;30;30189;2;1;1;6;Boulevard Gambetta;43,8404200000;4,3602200000
202200052888;27;11;2022;06:59;3;13;13005;1;1;1;6;A50-Sens Marseille vers Aubagne;43,2800500000;5,5833200000
202200052889;10;7;2022;18:20;1;21;21173;1;2;1;3;RD974 intersection D2A;47,0492000000;4,8542300000
202200052890;12;8;2022;13:00;1;74;74267;2;1;1;4;3621 Route d Albertville;45,8513020000;6,1451010000
202200052891;6;5;2022;03:05;5;83;83062;2;1;1;6;DIGNE (AVENUE DE );43,1444600000;6,0327000000
202200052892;6;6;2022;02:30;5;93;93066;1;1;1;2;AUTOROUTE A1;48,9281462699;2,3577354704
202200052893;28;3;2022;17:00;1;45;45252;2;3;1;3;Rue Rene Cassin;48,1878100000;2,2452450000
202200052894;4;1;2022;15:45;1;76;76114;2;1;3;1;Avenue Louis Debray;49,5789687391;0,4709064960
202200052895;22;10;2022;20:40;5;33;33075;2;1;1;3;Boulevard Jacques Chaban-Delmas;44,8771600000; -0,5780200000
202200052896;19;9;2022;19:35;2;73;73008;2;6;1;6;D991 - WILSON BOULEVARD;45,6900300000;5,9094500000
202200052897;9;2;2022;13:20;1;30;30189;2;1;1;3; boulevard gambetta;43,8401000000;4,3637000000
202200052898;25;11;2022;15:30;1;13;13005;1;1;1;4;A50-Sens Aubagne vers Marseille;43,2849500000;5,5242500000
202200052899;7;7;2022;00:10;3;53;53146;1;3;1;6;N162;48,2285260071; -0,6562760865
202200052900;5;5;2022;15:15;1;81;81033;2;3;1;3;MALROUX (AV. AUGUSTIN);44,0290400000;2,1300100000
202200052901;27;3;2022;19:30;1;11;11266;2;3;1;3;1466 Avenue de la Mer;43,0149210000;3,0621120000
202200052902;3;1;2022;18:15;2;74;74012;2;1;1;4;LECLERC (AVENUE DU MARECHAL);46,1911200000;6,2505700000
202200052903;8;6;2022;10:25;1;94;94018;1;1;1;2;A4;48,8205076244;2,4018322324
202200052904;18;9;2022;19:25;1;72;72181;2;1;1;6;MESSIAEN OLIVIER (AV) PAIRS;48,0147000000;0,1620100000
202200052905;14;2;2022;18:40;2;30;30007;2;9;8;6;Avenue du General de Gaulle;44,1263300000;4,0800400000
202200052906;22;10;2022;00:30;5;33;33162;2;1;1;3;Avenue Jean Mermoz;44,8629100000; -0,6659300000
202200052907;11;8;2022;15:10;1;76;76307;2;2;1;3;D74;49,6390870000;0,2232670000
202200052908;27;3;2022;11:48;1;67;67160;2;1;1;1;1a Rue Principale;48,9515500000;7,7730100000
202200052909;3;5;2022;12:05;1;80;80021;2;2;1;3;RESISTANCE (RUE DE LA);49,8980400000;2,2952000000
202200052910;3;1;2022;19:50;5;72;72181;2;2;2;1;LEDRU ROLLIN QUAI N° 1 A 99;48,0069200000;0,1916100000
202200052911;22;10;2022;08:25;5;33;33529;2;1;1;6;BAOU (RUE DU);44,6310722407; -1,1543342471
202200052912;14;9;2022;16:20;1;71;71306;2;6;3;3;MARECHAL LECLERC (AVENUE DU);46,6811400000;4,3702900000
202200052913;7;6;2022;17:00;1;77;77249;1;1;1;3;N104;48,7597650000;2,6155970000
202200052914;26;11;2022;05:30;5;83;83144;1;1;1;2;A57;43,1424000000;6,0078600000
202200052915;14;2;2022;12:15;1;27;27229;2;1;1;2;ALLENDE (BOULEVARD DU PRESIDENT);49,0035000000;1,1478700000
202200052916;12;8;2022;15:00;1;80;80116;2;6;1;3;30 Chaussee Brunehaut;49,7469430000;2,6721670000
202200052917;3;1;2022;11:55;1;71;71270;2;3;1;6;PARE (RUE AMBROISE);46,3208770774;4,8158962997
202200052918;3;5;2022;18:30;1;80;80131;1;3;1;3;CD 4935;49,8573100000;2,3816000000
202200052919;17;9;2022;18:00;1;71;71306;2;1;1;7;JULES GUESDE (RUE);46,6777200000;4,3660500000
202200052920;12;8;2022;07:50;1;80;80211;2;1;1;6;Rue du Hamel;49,7423700000;2,1564480000
202200052921;22;10;2022;17:00;1;31;31555;2;2;7;3;PL DU PARLEMENT;43,5930320677;1,4444285631
202200052922;3;1;2022;20:35;5;67;67482;2;1;2;6;RHIN (AVENUE DU);48,5708400000;7,7754200000
202200052923;12;2;2022;18:45;2;24;24102;1;9;1;3;RIBERAC (ROUTE DE);45,1959100000;0,6482700000
202200052924;26;3;2022;17:00;1;03;03298;2;3;7;1;2 Rue du Moulin Vaque;46,3131750000;3,4207660000
202200052925;27;11;2022;18:42;3;91;91534;1;1;2;2;RN 118;48,7287400000;2,1646300000
202200052926;6;5;2022;01:10;5;77;77305;2;1;1;6;SURVILLE (AVENUE DE);48,3922200000;2,9539500000
202200052927;7;6;2022;07:45;1;77;77294;1;1;2;4;A104;48,9732900000;2,5775050000
202200052928;8;8;2022;11:30;1;82;82126;1;1;1;2;Route du Causse;44,1638130000;1,5534930000
202200052929;4;1;2022;22:30;5;65;65433;2;1;3;2;MOULIN (RUE JEAN);43,2053650000;0,0970090000
202200052930;19;9;2022;20:50;5;69;69199;2;1;1;2;Rue Carnot;45,7080100000;4,8589400000
202200052931;28;3;2022;19:06;1;03;03102;1;1;1;3;Route de Diou;46,5174620000;3,6920390000
202200052932;21;10;2022;07:30;5;29;29039;2;6;8;3;Keramperu.;47,8898920000; -3,9161753600
202200052933;6;5;2022;15:00;1;77;77131;2;1;1;6;DOCTEUR ARBELTIER (RUE DU);48,8149600000;3,0837500000
202200052934;11;8;2022;20:35;1;65;65319;2;1;1;6;Cote Carrau;43,0661680000;0,5027260000
202200052935;7;6;2022;07:25;2;77;77468;1;1;1;6;A4;48,8326400000;2,6604000000
202200052936;4;1;2022;19:25;5;65;65440;2;1;3;3;LAFORGUE (AVENUE JULES);43,2242320000;0,0678980000
202200052937;27;11;2022;01:00;5;94;94003;1;1;1;6;AUTOROUTE A6A;48,8082384632;2,3401175825
202200052938;28;3;2022;19:30;1;74;74146;2;1;1;7;Route du Montet;46,3669090000;6,5668680000
202200052939;16;9;2022;17:20;1;67;67218;2;3;1;3;CEINTURE (RUE DE LA);48,5210700000;7,7257300000
202200052940;10;2;2022;18:15;5;14;14366;2;1;2;6;D613;49,1451500000;0,2667500000
202200052941;12;8;2022;07:30;1;61;61281;1;1;1;1;Le Taillis;48,8412700000; -0,6752400000
202200052942;21;10;2022;20:00;5;27;27681;2;2;1;1;GREVARIN (RUE DU);49,0895500000;1,4880300000
202200052943;6;5;2022;19:00;1;69;69290;2;3;1;3;Rue du Grisard;45,6972700000;4,9445900000
202200052944;27;11;2022;04:50;3;93;93066;1;1;1;6;AUTOROUTE A86;48,9228077205;2,3498623726
202200052945;15;9;2022;23:30;5;67;67482;2;1;1;6;KOENIGSHOFFEN (RUE DE);48,5807100000;7,7273000000
202200052946;4;1;2022;06:15;5;62;62457;2;2;3;3;GALLIENI (RUE DU MARECHAL);50,4598510000;2,5494040000
202200052947;27;3;2022;15:50;1;38;38374;2;1;1;2;Route de Versin;45,6420000000;5,3378840000
202200052948;6;6;2022;18:00;1;77;77237;1;1;1;2;A4;48,8310240000;2,7623090000
202200052949;16;1;2022;16:30;1;13;13056;1;1;7;3;RD 49;43,3761900000;5,0644800000
202200052950;11;8;2022;19:10;1;12;12133;1;2;1;1;"Zone Artisanale ""Les Amourals"" (Zone commerciale)";44,3130550000;2,5599220000
202200052951;6;5;2022;09:00;1;69;69266;2;1;1;1;Rue de Verdun;45,7842400000;4,8969000000
202200052952;22;10;2022;19:04;5;26;26362;2;1;1;2;MISTRAL PONT;44,9314500000;4,8845600000
202200052953;3;1;2022;16:27;1;61;61001;2;1;3;6;MANS (RUE DU );48,4262400000;0,0890760000
202200052954;15;9;2022;17:12;1;67;67482;2;3;1;3;JEAN JAURES (AVENUE);48,5695070215;7,7631631494
202200052955;6;6;2022;14:45;1;93;93064;1;1;1;2;A86.EXT;48,8612242569;2,4841007475
202200052956;27;3;2022;10:35;1;26;26079;2;4;1;1;D102;44,9370460000;5,0957040000
202200052957;21;10;2022;11:45;1;19;19272;1;1;1;7;Evariste Gallois (Avenue);45,2733449683;1,7895587683
202200052958;11;8;2022;23:55;5;47;47004;2;1;1;1;Allées Charles de Gaulle;44,3006410000;0,3366490000
202200052959;14;2;2022;10:50;1;06;06069;1;1;2;3;PAOUTE (ROUTE ET TRAVERSE DE LA);43,6321710000;6,9576900000
202200052960;26;11;2022;03:10;4;93;93066;1;1;1;5;AUTOROUTE A1;48,9202730000;2,3570130000
202200052961;6;5;2022;11:30;1;69;69264;1;3;1;3;Route de Tarare;45,9853100000;4,7027400000
202200052962;4;1;2022;17:20;5;59;59599;2;2;2;6;HALOT (RUE DU);50,7109896604;3,1519389153
202200052963;19;9;2022;09:45;1;64;64260;2;1;1;2;Avenue de lissardy;43,3734500000; -1,7553700000
202200052964;6;6;2022;05:20;2;94;94052;1;1;1;7;A86 INT;48,8344649607;2,4932511256
202200052965;28;3;2022;18:40;1;01;01418;2;1;1;1;14 Rue de la Mairie;45,8113890000;5,0224420000
202200052966;22;10;2022;14:30;1;18;18279;2;9;1;3;Chemin de l’Ardillat;47,2366000000;2,0924000000
202200052967;4;5;2022;18:20;1;66;66136;1;1;1;2;R D 900;42,7132764582;2,8721389174
202200052968;12;8;2022;03:13;5;44;44131;2;1;1;7;69 Rue des Gâts;47,1198330000; -2,1047270000
202200052969;12;2;2022;23:15;5;75;75116;2;1;1;2;PORTE DE PASSY;48,8594960000;2,2627270000
202200052970;1;1;2022;00:30;5;59;59178;2;1;1;1;MOTTE JULIEN (RUE DE LA);50,3917168776;3,0638739467
202200052971;27;11;2022;19:10;3;75;75112;1;1;1;2;A86 EXT;48,8171410884;2,4549669027
202200052972;17;10;2022;18:50;2;14;14701;1;1;1;7;Chemin du Solier;49,3246610000;0,0639450000
202200052973;27;3;2022;16:35;1;69;69067;1;1;1;6;Route de Malval;45,7476570000;4,5727370000
202200052974;29;3;2022;15:58;1;36;36044;2;1;1;6;86 Avenue Charles de Gaulle;46,8089356286;1,6903227568
202200052975;11;8;2022;23:50;3;70;70433;2;1;1;7;Grande Rue;47,6076530000;6,1900450000
202200052976;3;1;2022;13:45;1;56;56121;2;1;2;6;BELGIQUE (RUE  DE );47,7621643000; -3,3901070000
202200052977;6;5;2022;23:45;5;64;64445;2;6;1;3;rue d'Étigny;43,2962000000; -0,3763800000
202200052978;19;9;2022;13:45;1;64;64445;2;6;1;7;avenue Dufau;43,3110000000; -0,3630000000
202200052979;3;1;2022;15:55;1;49;49267;2;1;2;7;;47,4666600000; -0,5155500000
202200052980;21;10;2022;22:20;5;13;13117;2;1;1;3;Boulevard Marcel Pagnol;43,4222834165;5,2867503767
202200052981;28;3;2022;04:30;3;79;79201;1;1;1;6;lieu-dit La Guitière;46,4186450000; -0,0510910000
202200052982;12;2;2022;21:10;5;75;75120;2;4;1;3;PORTE DE MONTREUIL;48,8521100000;2,4150570000
202200052983;12;8;2022;05:50;2;58;58074;1;3;9;7;ROUTE DES BOIS DES CURES;46,8420460000;3,9422790000
202200052984;5;5;2022;12:00;1;62;62215;2;1;1;3;COURRIERES (RTE DE);50,4773500000;2,9388600000
202200052985;3;1;2022;23:14;5;47;47001;2;1;1;6;DUMON (BD SYLVAIN);44,2080000000;0,6200300000
202200052986;31;3;2022;15:44;1;31;31485;1;3;2;3;D79;43,4746020000;1,7171980000
202200052987;18;9;2022;09:25;1;64;64122;2;4;1;3;Rue de Madrid;43,4669365482; -1,5717208385
202200052988;21;10;2022;05:15;5;13;13071;1;6;8;3;ZOLA ( AVENUE EMILE );43,4171600000;5,2895900000
202200052989;24;7;2022;17:50;1;66;66149;1;1;1;7;Route de Marquixanes;42,6243980000;2,4445440000
202200052990;14;2;2022;08:40;1;75;75120;2;5;1;7;RUE DE LA DUEE;48,8723110000;2,3977750000
202200052991;25;11;2022;19:00;5;94;94017;1;1;1;5;A4;48,8270194777;2,5116058458
202200052992;24;3;2022;17:57;1;85;85080;1;2;1;5;D938t;46,4287890000; -0,8350940000
202200052993;4;1;2022;15:09;1;45;45232;2;2;1;3;Boulevard Victor Hugo;47,8586065223;1,9066640139
202200052994;22;10;2022;01:45;5;13;13207;2;1;1;6;Corniche John Fitzgérald Kennedy;43,2844300000;5,3496800000
202200052995;19;9;2022;18:30;1;64;64024;1;1;1;2;Allée du Parc Montaury;43,4787900000; -1,5092600000
202200052996;6;5;2022;13:55;1;59;59350;2;2;1;3;ARRAS RUE D;50,6166000000;3,0630500000
202200052997;4;1;2022;07:40;5;45;45234;2;1;3;6;6 Boulevard Lamartine;47,9151740000;1,9128570000
202200052998;26;3;2022;15:40;1;49;49301;1;1;1;7;D63;47,1427520000; -1,1295530000
202200052999;28;11;2022;07:45;5;59;59009;2;2;1;1;MONS BOULEVARD DE;50,6438500000;3,1356400000
202200053000;21;10;2022;12:15;1;13;13005;2;1;1;2;AVELANEDE (CHEMIN DE L');43,2864636782;5,5872865766
202200053001;8;8;2022;12:00;1;14;14527;2;2;1;3;Route de Saint-Pierre-sur-Dives;49,1091210000;0,0069520000
202200053002;6;5;2022;11:50;1;59;59378;2;9;1;1;MAGNOLIAS AVENUE DES;50,6825709944;3,1069157123
202200053003;2;6;2022;17:30;1;37;37240;1;2;1;3;RN10;47,5899300000;0,9310080000
202200053004;4;1;2022;18:20;5;44;44109;2;1;8;1;139bis Route de Carquefou;47,2769100000; -1,5095700000
202200053005;19;9;2022;11:35;1;64;64024;2;3;7;3;Avenue de Biarritz;43,4801900000; -1,5210900000
202200053006;27;3;2022;18:45;1;29;29103;2;1;1;6;Rue de la Libération;48,4496710000; -4,2462320000
202200053007;22;10;2022;18:05;2;10;10357;1;1;1;3;;48,2888500000;4,1574900000
202200053008;26;11;2022;22:20;5;44;44109;2;8;1;6;1bis Rue Paul Bellamy;47,2205000000; -1,5550890000
202200053009;5;5;2022;21:00;1;56;56121;2;1;1;6;Parking du CHU CHOISEUL;47,7518300000; -3,3555400000
202200053010;11;8;2022;17:10;1;14;14491;1;1;1;3;D675;49,1003370000; -0,6096940000
202200053011;4;1;2022;19:56;5;44;44109;2;1;1;6;270 Boulevard Robert Schuman;47,2468400000; -1,5773000000
202200053012;23;3;2022;02:45;3;27;27439;1;1;1;6;Normanville;49,0692900000;1,1809340000
202200053013;18;10;2022;18:35;2;05;05061;1;1;1;7;Route de la Luye;44,5105336463;6,0714800886
202200053014;17;9;2022;06:55;4;64;64024;2;1;1;2;ESPAGNE (AVENUE D');43,4758800000; -1,5280100000
202200053015;8;8;2022;22:00;3;09;09138;1;1;1;1;Lieu Dit Monlaur;42,9767170000;1,6651260000
202200053016;29;4;2022;13:35;1;54;54328;2;6;1;3;TECHNOLOGIES (BOULEVARD DES);48,6184937910;6,1766874790
202200053017;26;11;2022;08:30;1;33;33009;2;6;1;6;DEGANNE (BD) DU 34 ET +;44,6572800000; -1,1584200000
202200053018;4;1;2022;13:20;1;42;42184;2;1;8;3;Avenue Charles de Gaulle;46,0565349981;4,0624359308
202200053019;13;2;2022;20:25;5;75;75120;2;1;1;4;BD PERIPHERIQUE INTERIEUR;48,8501052353;2,4151280522
202200053020;7;6;2022;17:15;1;95;95134;2;1;1;4;RD 301;49,1420110000;2,2517520000
202200053021;26;6;2022;19:00;1;74;74042;2;1;1;3;Quai des Francs Tireurs;46,0767190000;6,4064190000
202200053022;28;3;2022;08:20;1;60;60338;2;3;1;6;Rue de la Ramée;49,3550511589;2,7763170004
202200053023;11;8;2022;22:30;3;45;45025;1;1;1;7;D97 PR 32 + 476;48,1557131582;2,0522546768
202200053024;4;1;2022;13:00;1;37;37261;2;1;1;7;PROUDHON (AVENUE);47,3941514129;0,6668829918
202200053025;18;9;2022;21:41;5;63;63113;2;5;1;3;CLEMENTEL (BD ETIENNE);45,8003267717;3,1115582585
202200053026;6;5;2022;18:30;1;51;51454;2;2;1;7;avenue Georges Clemenceau;49,2505491645;4,0524691343
202200053027;7;8;2022;02:30;5;73;73011;2;1;1;6;PASTEUR (RUE);45,6610000000;6,3810000000
202200053028;6;6;2022;16:30;1;95;95134;1;1;1;6;RD 301;49,1385216664;2,2535276413
202200053029;3;6;2022;16:15;1;74;74309;1;4;1;3;Route de Frangy;46,1126500000;6,0402700000
202200053030;4;1;2022;15:10;1;33;33522;2;1;2;3;Place Charles de Gaulle;44,7911400000; -0,5874800000
202200053031;21;3;2022;08:45;1;13;13043;1;1;1;4;A55-Sens Marseille vers Martigues;43,3837700000;5,2312300000
202200053032;2;9;2022;15:00;1;60;60382;2;1;1;6;Avenue Octave Butin;49,4274860000;2,8161310000
202200053033;4;6;2022;16:05;1;59;59657;1;1;1;7;1455 Route de Bambecque;50,9192255072;2,5235348940
202200053034;24;7;2022;18:00;1;62;62160;2;9;1;6;Allee Dominique Ingres;50,7381600000;1,6092080000
202200053035;17;5;2022;17:40;1;74;74197;1;3;1;3;D903;46,1384260000;6,3148100000
202200053036;19;9;2022;19:10;1;59;59279;2;1;1;2;LILLE (RUE DE);50,7768233092;3,1240922213
202200053037;4;1;2022;06:30;5;33;33200;2;3;1;3;Avenue Pasteur;44,8678800000; -0,6700900000
202200053038;12;8;2022;10:20;1;73;73096;1;3;1;3;D1006;45,5139200000;6,0916900000
202200053039;27;3;2022;00:45;3;69;69297;1;1;1;2;Autoroute 7;45,6072600000;4,8022400000
202200053040;7;6;2022;06:45;1;42;42271;1;1;1;7;Route de la Barollière;45,4663310000;4,5498630000
202200053041;6;5;2022;17:10;1;51;51454;2;1;1;4;avenue Henri Farman;49,2381140000;4,0652560000
202200053042;21;10;2022;19:55;5;75;75117;2;1;1;3;PORTE DE CLICHY;48,8945610000;2,3054090000
202200053043;19;9;2022;08:30;1;59;59648;1;3;1;3;HUGO VICTOR RUE;50,5861771853;3,0343347788
202200053044;31;7;2022;11:00;1;73;73171;1;1;1;3;D1006;45,4997300000;6,0429100000
202200053045;26;3;2022;05:25;3;42;42218;1;1;1;6;A72;45,4583700000;4,4073800000
202200053046;3;1;2022;11:05;1;33;33063;2;4;1;6;Rue Emile Combes;44,8369609445; -0,6068095565
202200053047;25;8;2022;08:00;1;976;97611;2;3;1;2;kaweni-Kaweni sud  (Z I); -12,7726400000;45,2231200000
202200053048;6;5;2022;07:41;1;49;49267;2;1;1;3;CRESSONNIERE;47,4732800000; -0,4938300000
202200053049;6;6;2022;14:15;1;74;74263;2;1;1;6;Route de Marignan;46,3306910000;6,3719470000
202200053050;22;10;2022;09:30;1;75;75119;2;4;1;3;BOULEVARD SERURIER;48,8882580000;2,3958480000
202200053051;3;1;2022;12:10;1;31;31555;2;1;1;3;AV DES ETATS UNIS;43,6336300000;1,4313300000
202200053052;11;8;2022;19:13;1;10;10323;2;1;1;2;Avenue Pierre Brossolette;48,5115460000;3,7248100000
202200053053;6;5;2022;20:40;1;45;45308;2;1;1;7;Route de Saint-Jean de Braye;47,9235100000;1,9566000000
202200053054;19;9;2022;06:30;5;59;59350;2;3;1;2;TOURNAI RUE DE;50,6354571822;3,0708852410
202200053055;25;3;2022;17:00;1;67;67482;1;1;1;4;M351;48,5872500000;7,7127700000
202200053056;16;8;2022;11:40;1;976;97611;2;1;1;6;m'tsapere-Nationale 2 (route); -12,7900100000;45,2204600000
202200053057;7;6;2022;14:00;1;31;31157;2;1;1;6;4 Rue Alfred Sauvy;43,5363460000;1,3621970000
202200053058;4;1;2022;18:10;4;27;27681;1;1;1;1;MADELEINE (RUE DE LA);49,1130400000;1,5185000000
202200053059;12;8;2022;12:00;1;40;40117;1;1;1;1;cdcd824;43,7719930000; -0,4181670000
202200053060;18;9;2022;15:37;1;51;51108;2;1;1;3;Rue du Commandant Derrien;48,9698695345;4,3708151579
202200053061;26;3;2022;19:00;2;91;91228;1;1;1;7;RN 104;48,6177200000;2,4284100000
202200053062;21;10;2022;22:00;5;75;75117;2;2;1;3;AVENUE DE VILLIERS;48,8842550000;2,3026760000
202200053063;6;5;2022;14:20;1;45;45234;2;3;1;3;2 Rue de la Sente aux Veneurs;47,9249615949;1,9275568575
202200053064;7;6;2022;11:30;1;89;89240;1;1;1;7;Malay-le-Petit;48,1699780000;3,3765310000
202200053065;26;11;2022;16:24;1;976;97611;2;9;1;3;kaweni-Mangrove ( rue de la ); -12,7757900000;45,2252800000
202200053066;8;8;2022;18:00;1;24;24237;1;6;1;6;Chemin de la Ribeyrie;44,8888290000;0,5512050000
202200053067;3;1;2022;17:45;3;27;27229;2;1;2;6;Rue Hélène Boucher;49,0026300000;1,1581300000
202200053068;17;9;2022;07:20;2;50;50129;2;1;1;6;MOULIN (RUE JEAN);49,6557500000; -1,6749500000
202200053069;6;5;2022;10:45;1;45;45234;2;1;1;6;18 Boulevard Alexandre Martin;47,9052833529;1,9119231552
202200053070;3;1;2022;16:20;1;27;27229;2;1;2;7;BART (RUE JEAN);49,0245400000;1,1720300000
202200053071;26;3;2022;21:00;4;93;93066;1;9;1;4;AUTOROUTE A86;48,9228102258;2,3450229211
202200053072;12;8;2022;01:40;3;27;27017;1;1;1;6;départementale 51;48,9748678233;1,1460371017
202200053073;22;10;2022;18:15;1;75;75115;2;7;1;6;RUE DE L ARRIVEE;48,8439460000;2,3229090000
202200053074;19;9;2022;19:25;1;47;47001;2;2;1;3;BARBUSSE (AV. HENRI);44,2053700000;0,6277500000
202200053075;3;1;2022;18:20;5;26;26362;2;3;1;1;CHABEUIL AVENUE DE (102);44,9244600000;4,9278900000
202200053076;22;10;2022;16:35;1;75;75112;2;1;1;2;BOULEVARD PONIATOWSKI;48,8329130000;2,4005960000
202200053077;6;6;2022;12:00;1;56;56240;1;3;2;1;Kervarin D780;47,5368900000; -2,7408860000
202200053078;6;5;2022;16:00;1;37;37261;2;1;1;6;SEVIGNE (AVENUE DE);47,3606000000;0,7019200000
202200053079;12;8;2022;09:50;1;30;30234;1;1;1;1;;43,9981200000;4,1238750000
202200053080;26;11;2022;10:00;1;974;97416;1;1;1;5;RN1 (ROUTE NATIONALE); -21,3266900000;55,4496400000
202200053081;26;3;2022;13:10;1;93;93066;1;9;1;4;AUTOROUTE A1;48,9200600000;2,3575600000
202200053082;3;1;2022;13:00;1;25;25462;2;2;2;3;GARE (DE LA);46,9023300000;6,3545400000
202200053083;19;9;2022;19:45;1;45;45234;2;2;1;3;Boulevard de Québec;47,9147400000;1,9020900000
202200053084;22;10;2022;10:20;1;75;75108;2;2;1;3;RUE DE PONTHIEU;48,8702120000;2,3110700000
202200053085;6;5;2022;11:05;1;37;37261;2;3;1;6;DE GAULLE (AVENUE DU GENERAL);47,3799795949;0,6951749325
202200053086;27;3;2022;14:40;1;94;94058;1;1;1;2;A86.EXT;48,8434004838;2,4931471702
202200053087;17;9;2022;19:15;1;45;45208;2;1;1;6;12 Rue de la Sirene;48,0011700000;2,7272200000
202200053088;4;1;2022;18:00;5;25;25056;2;3;3;3;RUSSEL RUE BERTRAND;47,2195300000;5,9756000000
202200053089;26;11;2022;07:15;1;974;97411;1;1;1;1;MONTAGNE (ROUTE DE LA); -20,8890900000;55,4369900000
202200053090;11;8;2022;23:52;3;06;06085;2;6;1;3;Avenue de Tournamy;43,6004820000;6,9861080000
202200053091;5;5;2022;09:00;1;37;37261;2;1;1;3;VAILLANT (RUE EDOUARD);47,3902184071;0,6941235065
202200053092;21;10;2022;21:15;5;75;75115;2;2;1;3;RUE DE VAUGIRARD;48,8414900000;2,3079400000
202200053093;27;3;2022;07:00;1;94;94046;1;1;1;2;A86 EXT;48,8107024269;2,4491754571
202200053094;19;9;2022;22:44;5;44;44109;2;1;1;1;85 Boulevard des Anglais;47,2279860000; -1,5806120000