Num_Acc;jour;mois;an;hrmn;lum;dep;com;agg;int;atm;col;adr;lat;long
202200053095;1;1;2022;03:58;5;24;24557;2;6;1;6;GRANDOU (AVENUE MICHEL);45,1893800000;0,7497900000
202200053096;6;5;2022;22:00;2;35;35238;2;1;1;6;MAIRIE (PLACE DE LA);48,1113800000; -1,6792600000
202200053097;26;11;2022;08:30;1;974;97411;2;1;1;6;BRASSENS (AVENUE GEORGES); -20,9043300000;55,4876600000
202200053098;21;10;2022;18:12;1;75;75107;2;3;1;6;RUE CLER;48,8592300000;2,3051390000
202200053099;27;3;2022;03:10;3;77;77018;1;1;1;6;A4;48,8357847289;2,8087362763
202200053100;14;9;2022;11:00;1;42;42110;2;9;1;6;Rue de la Libération;45,4872900000;4,5525800000
202200053101;6;5;2022;21:35;2;35;35238;2;1;1;3;SAINT-BRIEUC (DE);48,1138200000; -1,7052600000
202200053102;4;1;2022;09:00;1;21;21054;2;1;8;4;DIJON (ROUTE DE);47,0410800000;4,8483800000
202200053103;22;10;2022;15:00;1;75;75103;2;7;1;3;PLACE DE LA REPUBLIQUE;48,8665650000;2,3648290000
202200053104;26;11;2022;07:00;1;974;97411;2;1;1;2;JAURES (BLD 2 JEAN); -20,8934000000;55,4700400000
202200053105;26;3;2022;19:30;2;77;77294;1;1;1;6;A104;48,9661856923;2,6068511155
202200053106;12;8;2022;11:50;1;11;11262;1;1;1;1;D168;43,1692540000;3,1160830000
202200053107;18;9;2022;12:40;1;41;41295;2;6;1;2;POINT DU JOUR (RUE DU);47,5698500000;1,3732700000
202200053108;3;1;2022;16:36;1;21;21054;2;1;1;6;STADES (AVENUE DES);47,0345251472;4,8346012831
202200053109;6;5;2022;13:45;1;35;35238;2;1;1;6;GRALL (XAVIER);48,1310100000; -1,6337000000
202200053110;22;10;2022;11:10;1;75;75104;2;2;1;6;QUAI DE GESVRES;48,8560700000;2,3506930000
202200053111;26;3;2022;19:30;1;93;93051;1;1;1;3;A4;48,8360617958;2,5586780697
202200053112;19;9;2022;19:30;1;37;37233;2;1;1;6;Quai de la Loire;47,3968604040;0,7093477249
202200053113;11;8;2022;15:30;1;17;17226;1;1;1;7;A10;45,9185720000; -0,5820820000
202200053114;3;1;2022;19:30;5;14;14366;2;2;3;3;4 Rue Alexandre Piel;49,1520530000;0,2242850000
202200053115;26;3;2022;18:40;1;77;77121;1;1;1;6;A4;48,8319679504;2,6729113959
202200053116;6;5;2022;20:30;1;33;33281;2;3;1;1;Rue Arthur Rubinstein;44,8310800000; -0,6481900000
202200053117;22;10;2022;04:45;5;75;75101;2;2;1;6;RUE DE RIVOLI;48,8591070000;2,3464290000
202200053118;19;1;2022;17:15;1;33;33005;1;6;1;7;Querquillas;44,7769610000; -1,0510830000
202200053119;26;3;2022;12:45;1;75;75116;2;1;1;6;ROUTE DE L ETOILE;48,8742020000;2,2617560000
202200053120;4;1;2022;08:30;1;13;13213;2;7;1;3;OLIVES (AVENUE DES);43,3264250296;5,4385691885
202200053121;22;10;2022;02:40;5;75;75102;2;2;1;7;BOULEVARD DE SEBASTOPOL;48,8644440000;2,3515380000
202200053122;19;9;2022;18:55;1;37;37122;2;3;7;3;JAURES (BOULEVARD JEAN);47,3480800000;0,6583700000
202200053123;6;5;2022;19:00;1;33;33281;2;3;1;3;Avenue de l'Argonne;44,8188092270; -0,6991365552
202200053124;11;8;2022;10:27;1;11;11202;2;1;1;6;Rue du Veyret;42,8570320000;3,0375480000
202200053125;26;3;2022;10:00;1;33;33281;2;1;1;6;Rue du Jard;44,8442300000; -0,6396500000
202200053126;3;1;2022;09:50;1;13;13210;2;1;1;2;ROMAIN ROLLAND (BOULEVARD);43,2745089681;5,4150978180
202200053127;19;9;2022;08:10;2;35;35238;2;1;1;6;SERGENT MAGINOT (AVENUE);48,1099800000; -1,6621800000
202200053128;19;3;2022;12:45;1;33;33063;2;1;1;3;Rue Malbec;44,8274200000; -0,5612600000
202200053129;22;10;2022;10:20;1;94;94068;2;2;1;2;EST (AV DE L);48,8075900000;2,5058900000
202200053130;12;8;2022;09:40;1;2A;2A247;1;1;1;3;Armentajo;41,5435450000;9,2808510000
202200053131;17;9;2022;10:00;1;34;34172;2;1;1;6;PEDRO DE LUNA (BOULEVARD);43,5945430000;3,8716270000
202200053132;2;1;2022;19:20;5;13;13207;2;2;1;3;CÉSAR ALEMAN (RUE);43,2902200000;5,3574000000
202200053133;12;8;2022;12:45;1;13;13085;1;1;1;1;D559a;43,2417520000;5,5939830000
202200053134;6;5;2022;09:15;1;30;30028;2;6;1;3;MALRAUX (ROND POINT);44,1550000000;4,6162900000
202200053135;21;10;2022;22:30;5;94;94068;2;2;1;3;LOUIS BLANC (AV);48,7962100000;2,5002900000
202200053136;26;3;2022;12:58;1;69;69386;2;2;1;6;Cours Vitton;45,7703500000;4,8616600000
202200053137;3;1;2022;12:10;2;13;13005;2;1;8;6;GOUMS (AVENUE DES);43,2917988062;5,5614422283
202200053138;8;8;2022;13:54;1;13;13015;2;1;1;6;D8n en face du N°826;43,4301170000;5,3928750000
202200053139;19;9;2022;19:20;1;33;33069;2;3;1;3;Boulevard Godard;44,8625600000; -0,5844500000
202200053140;22;10;2022;11:50;1;94;94043;2;1;1;3;DANTON (R);48,8117740000;2,3598800000
202200053141;25;3;2022;21:05;5;93;93063;2;1;1;6;Avenue des Bretagnes;48,8923127112;2,4264684319
202200053142;26;4;2022;16:45;1;30;30243;2;3;1;3;SOMMIERES (ANCIEN CHEMIN);44,0742000000;4,0907700000
202200053143;3;1;2022;12:02;1;10;10387;2;1;1;7;GENERAL PATTON (NATIONALE);48,2949000000;4,0671300000
202200053144;11;8;2022;23:20;4;13;13048;2;1;1;1;350 Ch. du Couloubleau;43,6333340000;5,6425200000
202200053145;4;1;2022;15:40;1;06;06069;2;1;1;6;ROUQUIER (BOULEVARD EMMANUEL);43,6288610000;6,9378800000
202200053146;22;10;2022;08:40;1;94;94021;2;1;1;6;TROIS MARCHES (AV) / MIN RUNGIS;48,7607600726;2,3536232808
202200053147;14;4;2022;09:00;1;22;22278;2;1;1;6;ATLANTIQUE (BD) N°58/71 A FIN;48,5177300000; -2,7991300000
202200053148;24;3;2022;23:40;5;93;93013;2;9;1;1;Rue Jules Guesde;48,9363380000;2,4315210000
202200053149;19;9;2022;19:20;1;33;33281;1;6;1;3;Avenue François Mitterrand;44,8171260784; -0,6749390066
202200053150;11;8;2022;17:12;1;26;26362;1;1;7;6;A7 gare de peage de valence sud;44,9051050000;4,8800160000
202200053151;22;10;2022;14:10;1;93;93051;2;1;1;7;Avenue Victor Basch;48,8420135780;2,5596572320
202200053152;5;5;2022;18:15;1;14;14327;1;1;1;2;N814;49,1966300000; -0,3395700000
202200053153;11;8;2022;11:35;1;89;89059;2;1;1;6;Rue de la Forêt;48,0196580000;3,5122510000
202200053154;26;3;2022;11:34;1;973;97302;2;1;1;3;CONSTANT CHLORE(RUE);4,9343403002; -52,3206549883
202200053155;4;1;2022;18:50;5;04;04112;2;3;1;2;RD 4096 / ch des Vannades;43,8341600000;5,7991600000
202200053156;19;9;2022;13:10;1;33;33318;2;6;1;3;Avenue de Noès;44,8131700000; -0,6351600000
202200053157;12;8;2022;16:30;1;89;89390;1;1;1;6;A5;48,3319740000;3,2142150000
202200053158;6;5;2022;20:30;2;13;13203;2;1;8;2;STRASBOURG (BOULEVARD);43,3067504491;5,3746903713
202200053159;22;10;2022;14:10;1;93;93027;2;1;1;2;Avenue Roger Salengro;48,9310200000;2,3862900000
202200053160;18;9;2022;13:20;1;33;33063;2;1;1;6;Quai des Queyries;44,8487901937; -0,5628266931
202200053161;4;1;2022;12:20;1;75;75120;2;4;2;6;PORTE DE BAGNOLET;48,8648260000;2,4129960000
202200053162;22;10;2022;17:05;1;93;93010;2;1;1;6;Rue de la Liberté;48,8945083200;2,4815263036
202200053163;11;8;2022;15:50;1;52;52380;1;1;1;3;Fort de Peigney (Château);47,8744085026;5,3624010086
202200053164;3;5;2022;16:55;1;13;13211;2;1;1;2;VALBARELLE (BOULEVARD DE LA );43,2876617210;5,4488022947
202200053165;26;3;2022;23:00;5;69;69259;2;3;1;3;Boulevard Irène Joliot Curie;45,7159400000;4,8782700000
202200053166;4;1;2022;10:30;1;75;75106;2;1;2;6;BOULEVARD RASPAIL;48,8491920000;2,3276150000
202200053167;22;10;2022;15:05;1;92;92051;2;3;1;3;GENERAL KOENIG (BOULEVARD DU);48,8849600000;2,2551600000
202200053168;12;7;2022;19:20;1;88;88243;2;2;1;3;Rue des Grands Jardins;48,3126310000;6,7159300000
202200053169;25;3;2022;17:40;2;972;97209;2;1;1;6;GENERAL DE GAULLE (BLD DU);14,6078000000; -61,0696400000
202200053170;27;4;2022;20:10;1;13;13004;1;1;1;1;RTE N570 AVIGNON STES MARIES;43,7188300000;4,6463500000
202200053171;4;1;2022;07:00;5;75;75118;2;3;2;7;AVENUE DE LA PORTE DE MONTMARTRE;48,9005210000;2,3354350000
202200053172;22;10;2022;19:40;5;92;92040;2;1;1;2;ARISTIDE BRIAND;48,8211300000;2,2570500000
202200053173;5;5;2022;18:21;1;10;10333;1;1;1;2;;48,2721500000;4,0478400000
202200053174;11;8;2022;20:30;2;74;74032;1;1;1;6;Route de la Côte;46,2561060000;6,5190770000
202200053175;4;1;2022;19:55;5;75;75116;2;3;2;3;CARREFOUR DES TRIBUNES;48,8622240000;2,2293270000
202200053176;23;10;2022;07:15;3;41;41194;1;1;1;7;Rue de la Garenne du Puits;47,3709030000;1,7719320000
202200053177;26;3;2022;09:05;1;91;91421;1;1;1;2;NATIONALE 6 (PARTIE FORET);48,6913400000;2,4522300000
202200053178;6;5;2022;16:10;1;03;03190;2;3;1;6;Rue de Lyon;46,5600200000;3,3334000000
202200053179;4;1;2022;07:05;3;75;75116;2;1;2;3;BOULEVARD PERIPHERIQUE INTERIEUR OUEST;48,8690670000;2,2708500000
202200053180;26;3;2022;13:52;1;91;91223;2;1;1;2;REPUBLIQUE (RUE DE LA);48,4349100000;2,1638200000
202200053181;10;8;2022;18:35;1;42;42134;1;2;1;2;Route de Montbrison;45,6896940000;4,0368480000
202200053182;6;5;2022;23:25;3;01;01053;2;1;1;6;allee de challes;46,2092700000;5,2342800000
202200053183;23;10;2022;02:15;3;988;98812;1;9;2;3;RT1 - Karem Bay; -20,6057900000;164,3229500000
202200053184;26;3;2022;06:01;2;84;84087;2;1;1;1;CHATEAUNEUF (RUE DE);44,1236400000;4,8190600000
202200053185;3;1;2022;19:15;5;75;75115;2;3;2;6;AVENUE DE SUFFREN;48,8574690000;2,2910530000
202200053186;23;10;2022;00:10;3;28;28006;1;6;1;7;N1154;48,4370310000;1,4309260000
202200053187;11;8;2022;07:45;1;38;38087;2;1;1;1;254 Avenue Francois Mitterrand;45,5835190000;4,7987910000
202200053188;5;5;2022;09:00;1;75;75120;2;4;1;2;BD PERIPHERIQUE EXTERIEUR;48,8688270000;2,4134740000
202200053189;25;3;2022;13:38;1;83;83137;2;1;1;6;AYRAL (RUE JEAN);43,1474200000;5,9020900000
202200053190;4;1;2022;06:08;5;75;75112;2;3;3;3;AVENUE DAUMESNIL;48,8344090000;2,4098910000
202200053191;23;10;2022;07:20;3;35;35124;1;1;1;6;RN137;47,7672320000; -1,7102510000
202200053192;6;5;2022;17:15;1;75;75112;2;2;7;6;AVENUE DAUMESNIL;48,8375340000;2,4253510000
202200053193;25;3;2022;19:45;1;81;81004;2;1;1;6;CASTRES;43,9067000000;2,1412000000
202200053194;11;8;2022;18:30;1;26;26313;2;3;1;1;Rue des Petits Eynards;44,9652000000;4,9671200000
202200053195;14;10;2022;16:10;1;84;84037;1;1;1;1;D68;44,0760240000;4,8326970000
202200053196;3;1;2022;08:00;2;75;75112;2;3;8;2;RUE DE CHARENTON;48,8432410000;2,3853510000
202200053197;12;8;2022;12:15;1;01;01249;2;1;1;6;10 Rue de la Gare;45,8238340000;4,9549230000
202200053198;6;5;2022;09:15;1;75;75109;2;2;1;6;RUE GLUCK;48,8721910000;2,3328140000
202200053199;4;1;2022;02:05;3;75;75107;2;2;3;7;QUAI D ORSAY;48,8625667771;2,3104065657
202200053200;6;5;2022;18:50;1;75;75120;2;1;1;6;RUE PIXERECOURT;48,8745770000;2,3957380000
202200053201;22;10;2022;20:50;3;37;37005;1;1;1;1;Autoroute A10 PK 257+800 en direction de BORDEAUX;46,9624770000;0,5485010000
202200053202;26;3;2022;10:30;1;78;78672;2;9;1;2;POISSY RUE DE;48,9281650000;2,0046320000
202200053203;10;8;2022;17:13;1;01;01405;1;3;7;3;D22;46,1509660000;5,1942320000
202200053204;6;5;2022;14:45;1;75;75120;2;2;1;6;AVENUE GAMBETTA;48,8696770000;2,4026340000
202200053205;4;1;2022;05:00;5;75;75108;2;2;3;3;AVENUE DES CHAMPS ELYSEES;48,8719070000;2,3009320000
202200053206;26;3;2022;18:00;1;77;77014;2;3;1;3;D210;48,4239060000;2,7393730000
202200053207;6;5;2022;18:00;1;75;75119;2;1;1;6;BOULEVARD MACDONALD;48,8987830000;2,3751390000
202200053208;12;8;2022;08:55;1;09;09249;1;1;1;2;D117;42,9294050000;1,7362150000
202200053209;22;10;2022;16:00;1;83;83140;1;1;1;1;;43,4114700000;5,9089280000
202200053210;26;3;2022;05:05;3;77;77216;1;1;1;6;D607;48,3036400000;2,6804800000
202200053211;3;1;2022;18:40;4;75;75108;2;3;3;6;AVENUE MATIGNON;48,8721350000;2,3129300000
202200053212;22;10;2022;17:40;1;51;51639;2;1;1;7;D42;48,9617960000;3,6772820000
202200053213;10;8;2022;18:45;1;33;33203;2;1;1;6;13 Rue d'Aquitaine;45,1845720000; -1,0570270000
202200053214;6;5;2022;13:25;1;75;75119;2;3;1;3;AVENUE SIMON BOLIVAR;48,8768600000;2,3744030000
202200053215;4;1;2022;10:00;1;75;75101;2;1;2;7;QUAI FRANCOIS MITTERRAND;48,8595870000;2,3355990000
202200053216;26;3;2022;17:00;1;76;76575;2;1;1;2;Avenue des Canadiens;49,4023600000;1,0655100000
202200053217;23;10;2022;15:10;1;56;56055;2;1;1;6;4 Cours des quais;47,6584940000; -3,2060440000
202200053218;5;5;2022;21:30;5;75;75119;2;4;1;3;AVENUE CORENTIN CARIOU;48,8954580000;2,3831410000
202200053219;4;1;2022;21:30;5;94;94076;2;1;2;3;Boulevard de Stalingrad;48,7844620000;2,3671970000
202200053220;11;8;2022;16:00;1;44;44176;2;2;7;3;6 Rue Jouhaux;47,3502310000; -2,1814610000
202200053221;26;3;2022;21:30;5;69;69290;2;1;1;3;Boulevard de la Porte des Alpes;45,7167700000;4,9280700000
202200053222;23;10;2022;17:25;1;80;80008;2;2;2;6;rue des chasses maree;50,0361490000;1,5979640000
202200053223;4;1;2022;07:30;3;94;94028;2;1;2;3;Avenue Pompadour;48,7728809244;2,4344560504
202200053224;4;8;2022;16:45;1;44;44172;2;1;1;3;4 Rue Louis Bréguet;47,2720730000; -1,4658390000
202200053225;6;5;2022;18:30;1;75;75118;2;3;1;3;RUE ORDENER;48,8908800000;2,3532450000
202200053226;25;3;2022;16:40;1;69;69092;2;1;1;6;Chemin des Rousses;45,9941400000;4,7047500000
202200053227;22;10;2022;21:30;3;71;71208;1;9;1;7;D 996;46,8984140000;5,1576300000
202200053228;4;1;2022;15:00;1;94;94017;2;1;8;3;313 Avenue du Général de Gaulle;48,8272600000;2,5206000000
202200053229;6;5;2022;06:20;1;75;75118;2;2;1;3;RUE DE TORCY;48,8912660000;2,3632940000
202200053230;12;8;2022;10:10;1;22;22343;2;1;1;3;21ter Rue de Kerellec;48,7771210000; -3,5814300000
202200053231;22;10;2022;15:45;1;63;63291;1;1;1;6;Terre Dieu;45,9436380000;3,4918770000
202200053232;26;3;2022;16:10;1;64;64445;2;1;1;5;boulevard Olof Palme;43,3401600000; -0,3759600000
202200053233;4;1;2022;14:03;1;93;93066;2;4;8;3;COMMUNE DE PARIS;48,9361497479;2,3645432515
202200053234;21;10;2022;07:45;2;55;55353;2;1;2;6;Route de Richecourt;48,8885010000;5,7207230000
202200053235;5;5;2022;21:13;5;75;75118;2;2;1;3;BOULEVARD BARBES;48,8894830000;2,3496010000
202200053236;26;3;2022;00:40;5;62;62863;2;1;1;6;WANDHOFFEN ( RUE );50,5362000000;2,7709000000
202200053237;10;8;2022;20:50;1;22;22143;2;6;1;3;route de dinard;48,5995440000; -2,2875600000
202200053238;22;10;2022;19:30;3;49;49310;1;1;1;7;Le Val Rossi;47,1067800000; -0,5181660000
202200053239;4;1;2022;07:50;2;93;93053;2;2;2;6;Rue Anatole France / Rue Paul Vaillant Couturier;48,8900300000;2,4527600000
202200053240;5;5;2022;11:40;1;75;75118;2;1;1;2;RUE DE TOMBOUCTOU;48,8846350000;2,3564550000
202200053241;25;3;2022;16:10;1;60;60159;1;1;1;6;Rue Jeanne d’Arc;49,4174400000;2,8233100000
202200053242;22;10;2022;19:20;3;49;49228;1;9;1;6;route de maupertuis (Breil);47,4841102227;0,1700305939
202200053243;1;1;2022;06:54;5;93;93029;2;1;1;2;Avenue Henri Barbusse;48,9169200000;2,4454800000
202200053244;26;3;2022;17:20;1;59;59350;2;1;1;6;LANNOY RUE;50,6333700000;3,0913400000
202200053245;6;5;2022;18:25;1;75;75117;2;2;1;3;RUE POUCHET;48,8942280000;2,3206170000
202200053246;22;10;2022;17:50;1;12;12270;1;3;1;6;Château;44,3439650000;3,0190790000
202200053247;6;5;2022;06:20;1;75;75116;2;1;1;6;BOULEVARD LANNES;48,8702260000;2,2744160000
202200053248;22;10;2022;04:15;3;12;12199;1;1;8;6;les Plos;44,4205590000;2,3036420000
202200053249;4;1;2022;12:50;1;93;93008;2;7;2;6;Place de la Liberation;48,9063650000;2,4387980000
202200053250;25;3;2022;10:30;1;59;59043;1;2;1;1;HAZEBROUCK (ROUTE D');50,7359028679;2,7114611864
202200053251;22;10;2022;20:10;3;46;46280;1;1;1;6;3209-3453 Route de Bergerac;44,5264930911;1,3156797904
202200053252;6;5;2022;10:20;1;75;75113;2;3;1;3;AVENUE D IVRY;48,8259400000;2,3604390000
202200053253;26;3;2022;09:40;1;54;54439;2;1;1;3;VERVAUX (RUE DE LA);48,6971600000;6,2551100000
202200053254;4;1;2022;09:55;1;93;93008;2;1;2;2;Rue de Paris;48,8998190000;2,4485690000
202200053255;23;10;2022;10:20;1;47;47301;1;1;1;6;RD 933, route de marmande;44,5417117011;0,2991277544
202200053256;6;5;2022;15:35;1;75;75111;2;3;1;6;RUE SAINT MAUR;48,8676280000;2,3756390000
202200053257;26;3;2022;14:59;1;47;47001;2;1;1;2;GAMBETTA (COURS);44,2011200000;0,6120300000
202200053258;4;1;2022;12:30;1;92;92073;2;1;8;7;ROOSVELT (AVENUE FRANKLIN);48,8724324096;2,2209341079
202200053259;22;10;2022;21:15;3;34;34013;1;1;1;2;D609;43,5757570000;3,4635580000
202200053260;6;5;2022;12:07;1;75;75110;2;1;1;3;QUAI DE JEMMAPES;48,8695950000;2,3670220000
202200053261;17;10;2022;13:30;1;25;25228;2;1;1;6;33 Av du General Charles de Gaulle;47,5066460000;6,8589220000
202200053262;26;3;2022;17:55;1;44;44184;2;3;1;3;53bis Route de l’Etang;47,2904200000; -2,2659000000
202200053263;6;5;2022;14:40;1;75;75108;2;2;1;6;RUE DU FAUBOURG SAINT HONORE;48,8687820000;2,3218320000
202200053264;3;1;2022;15:15;1;92;92062;2;3;2;2;WALLACE (BD RICHARD) DU 2 AU 28 ET DU 1;48,8783231787;2,2424675524
202200053265;23;10;2022;11:30;1;44;44188;1;2;1;3;D65;47,0142530000; -1,6505560000
202200053266;26;3;2022;18:50;1;37;37261;2;2;1;3;MARCHANT DU PLESSIS (BOULEVARD);47,3826200000;0,6833000000
202200053267;23;3;2022;20:10;5;75;75107;2;3;1;7;RUE SAINT DOMINIQUE;48,8598290000;2,3088410000
202200053268;6;5;2022;00:05;5;75;75107;2;4;1;6;BOULEVARD SAINT GERMAIN;48,8601150000;2,3216100000
202200053269;26;3;2022;14:40;1;37;37261;2;2;1;3;CALAIS (RUE DE);47,4214473871;0,6860554218
202200053270;22;10;2022;18:30;2;44;44119;1;1;1;1;1 les Lierres;46,9537560000; -1,7616750000
202200053271;2;1;2022;08:20;2;92;92051;2;5;1;3;BINEAU (BOULEVARD, N°53 A 131 ET 52 A 13;48,8867300000;2,2830900000
202200053272;26;3;2022;06:30;1;33;33522;2;1;1;6;Cours de la Libération;44,8015003964; -0,5943946965
202200053273;6;5;2022;11:15;1;75;75102;2;2;1;1;RUE DU QUATRE SEPTEMBRE;48,8695370000;2,3367950000
202200053274;12;10;2022;00:28;3;35;35324;2;1;1;6;Rue Louis Lumière;48,3341119672; -1,1667468399
202200053275;22;10;2022;10:05;1;38;38075;1;1;1;7;Route de Col Granier (Informations);45,4774630000;5,9383090000
202200053276;26;3;2022;14:05;1;29;29019;2;6;1;2;Rue de Quimper;48,4012620000; -4,4497050000
202200053277;5;5;2022;08:20;1;75;75103;2;2;1;6;RUE RAMBUTEAU;48,8619900000;2,3501570000
202200053278;4;1;2022;13:25;1;92;92050;2;5;1;6;PROVINCES FRANCAISES BD DES;48,9017075874;2,2189593315
202200053279;23;10;2022;06:30;3;02;02238;1;3;1;3;;49,5920420000;3,5412880000
202200053280;6;5;2022;15:03;1;94;94080;2;9;1;6;26-28 Rue de Fontenay;48,8478600000;2,4445000000
202200053281;26;3;2022;11:00;1;26;26198;1;1;1;7;GOURNIER (Avenue de);44,5313400000;4,7443300000
202200053282;3;1;2022;21:20;5;92;92040;2;6;2;5;ILES (BOULEVARD DES);48,8232417264;2,2496239543
202200053283;23;10;2022;17:45;1;15;15208;2;1;1;6;route des estives;45,0855570000;2,5289910000
202200053284;6;5;2022;18:00;1;94;94068;2;1;1;7;RABELAIS (BD);48,8063400000;2,4795330000
202200053285;3;1;2022;18:10;5;92;92036;2;1;3;6;LUCIEN LANTERNIER (AVENUE) (19/65);48,9319020000;2,2895660000
202200053286;26;3;2022;07:10;1;26;26198;2;2;1;3;TEIL (Avenue du);44,5570100000;4,7279000000
202200053287;22;10;2022;15:15;1;15;15083;1;1;1;7;D6;45,0008290000;2,4046300000
202200053288;5;5;2022;19:10;1;94;94068;2;1;1;3;Boulevard de la Marne;48,7908400000;2,5066000000
202200053289;26;3;2022;13:45;1;22;22278;2;1;7;2;GALLOIS (DES);48,4971900000; -2,7471100000
202200053290;4;1;2022;07:30;5;92;92071;2;3;3;6;VOLTAIRE (RUE);48,7773022943;2,2898340225
202200053291;19;10;2022;11:45;1;26;26337;2;9;1;6;Avenue du Dauphiné;44,7073940000;4,8010150000
202200053292;6;5;2022;09:30;1;94;94042;2;9;1;3;Rue de Paris;48,8174520000;2,4674270000
202200053293;25;3;2022;12:15;1;19;19272;2;1;1;3;Brive (Route);45,2475591142;1,7466866970
202200053294;3;1;2022;18:50;5;92;92012;2;4;2;6;MOLIERE (RUE);48,8289178795;2,2464238107
202200053295;23;10;2022;02:20;3;05;05153;2;1;1;6;Route départementale 143;44,6844906174;6,1563549974
202200053296;26;3;2022;02:50;5;13;13117;2;1;1;7;ROUTE NATIONALE 113 - CARREFOUR;43,4310000000;5,2584600000
202200053297;4;1;2022;12:10;1;92;92002;2;2;2;3;GENERAL DE GAULLE (AVENUE DU);48,7625369927;2,3035676032
202200053298;23;10;2022;05:45;3;64;64317;1;1;1;6;D88;43,3679410000; -1,4643680000
202200053299;26;3;2022;19:14;2;13;13208;2;1;1;3;MENDES FRANCE (AVENUE);43,2589000000;5,3757900000
202200053300;3;1;2022;13:35;1;92;92014;2;1;1;3;MONTROUGE (AVENUE DE);48,7867205102;2,3120172322
202200053301;23;10;2022;13:20;1;18;18036;1;1;1;7;Village du Buisson Long;47,1555500000;2,1531700000
202200053302;26;3;2022;06:50;2;13;13213;2;1;1;1;CROIX ROUGE (AVENUE);43,3332443872;5,4382803054
202200053303;5;5;2022;19:27;1;94;94076;2;3;1;3;Rue Paul Eluard;48,7857500000;2,3705500000
202200053304;4;1;2022;16:10;1;06;06114;1;4;8;1;Route de Levens;43,7543690000;7,2783300000
202200053305;25;3;2022;16:40;1;13;13208;2;1;1;1;MAZARGUES (AVENUE DE);43,2494000000;5,3965200000
202200053306;4;5;2022;15:40;1;94;94065;2;1;1;2;Avenue Charles Lindbergh;48,7526900000;2,3495700000
202200053307;25;3;2022;19:35;3;13;13039;1;1;1;7;RN 569;43,4707100000;4,9477700000
202200053308;22;10;2022;16:45;1;53;53051;1;1;1;7;La Clairiere;48,3453690000; -0,5364420000
202200053309;5;1;2022;07:40;2;31;31445;2;1;1;6;Route de Castres;43,5856600000;1,5306400000
202200053310;6;5;2022;10:10;1;94;94017;2;3;1;6;Boulevard de Stalingrad / Rue Gaston Soufflay;48,8169400000;2,5105000000
202200053311;26;3;2022;12:25;1;11;11069;2;1;1;6;Parc commandant Roumens -PAIRS;43,2106497966;2,3536437750
202200053312;4;1;2022;14:45;1;10;10260;1;3;1;3;D444;48,2216325939;4,1139284301
202200053313;6;5;2022;20:15;1;93;93078;2;2;1;3;Avenue Georges Clémenceau / Allee Louis Breguet;48,9534000000;2,5627000000
202200053314;26;3;2022;14:10;1;07;07281;1;1;1;7;;44,9357500000;4,8254000000
202200053315;5;5;2022;21:15;1;93;93066;2;1;1;6;WILSON (AVENUE DU PRESIDENT);48,9091501852;2,3578628985
202200053316;25;3;2022;17:45;1;06;06069;1;1;1;2;ALOUETTES (CHEMIN DES);43,6387980000;6,9339220000
202200053317;6;5;2022;20:50;2;93;93062;2;2;1;3;Allée de Montfermeil / Allee Notre Dame des Anges;48,8966800000;2,5301800000
202200053318;4;1;2022;19:50;3;30;30127;1;1;1;3;D6086;44,0716150000;4,5814490000
202200053319;25;3;2022;16:55;1;75;75112;2;1;1;5;ECHANGEUR BERCY;48,8275810000;2,3921450000
202200053320;5;1;2022;15:20;1;34;34095;2;9;1;6;1 chemin de la fabrique;43,5508290000;3,7840720000
202200053321;6;5;2022;09:04;1;93;93077;2;3;1;3;Rue Laënnec / Parking Plateforme du Batiment;48,8798741858;2,4966276437
202200053322;5;1;2022;06:00;3;51;51535;1;1;1;2;N4;48,7270110000;3,6905690000
202200053323;23;3;2022;17:30;1;75;75117;2;1;1;4;BD PERIPHERIQUE INTERIEUR;48,8870350000;2,2902900000
202200053324;6;5;2022;21:20;5;93;93006;2;3;1;6;Rue Descartes / Rue Condorcet;48,8694600000;2,4261900000
202200053325;5;1;2022;08:30;1;95;95527;1;1;1;6;RD 902a;49,0055280000;2,5052480000
202200053326;26;3;2022;12:15;1;75;75105;2;3;1;7;QUAI SAINT BERNARD;48,8468520000;2,3609690000
202200053327;5;5;2022;18:35;1;93;93047;2;9;1;3;Rue du Génèral Leclerc;48,8974451099;2,5752941519
202200053328;5;1;2022;07:50;2;74;74131;2;1;1;3;Rue du Stade;46,0179130000;5,9366730000
202200053329;25;3;2022;13:29;1;75;75106;2;2;1;2;RUE DU FOUR;48,8524560000;2,3319300000
202200053330;6;5;2022;21:15;5;93;93008;2;3;1;1;Rue Robespierre / Rue de Vienne;48,9117000000;2,4680600000
202200053331;5;1;2022;17:30;2;81;81128;2;7;1;6;place du theron;43,6627606145;2,3484715819
202200053332;26;3;2022;15:50;1;75;75119;2;3;1;7;AVENUE SIMON BOLIVAR;48,8764220000;2,3768450000
202200053333;4;1;2022;21:40;3;54;54589;1;1;2;6;D657;48,9741327200;6,0493040086
202200053334;6;5;2022;17:10;1;92;92020;2;1;1;6;VERDUN AVENUE DE AUTRES N°;48,8001880277;2,2826706469
202200053335;25;3;2022;14:40;1;75;75119;2;1;1;2;RUE MANIN;48,8835330000;2,3892850000