Num_Acc;jour;mois;an;hrmn;lum;dep;com;agg;int;atm;col;adr;lat;long
202200053829;8;5;2022;14:40;1;31;31574;2;1;1;6;807 Avenue de Toulouse;43,4399170000;1,4241210000
202200053830;19;9;2022;11:45;1;93;93066;2;1;1;2;Avenue Paul Vaillant-couturier;48,9306500000;2,3628300000
202200053831;20;10;2022;06:10;1;974;97411;1;1;1;7;MONTAGNE (ROUTE DE LA); -20,8879100000;55,4410000000
202200053832;26;11;2022;01:50;5;2B;2B033;2;1;3;6;MARTYRS - QUAI DES;42,6994993572;9,4520577192
202200053833;10;8;2022;06:15;1;30;30243;2;1;1;1;Avenue du General de Gaulle;44,0873538394;4,0777838229
202200053834;10;7;2022;17:05;1;88;88086;2;1;1;5;10 Rue de la Vologne;48,1898050000;6,7202970000
202200053835;15;2;2022;09:45;1;66;66069;2;1;1;1;Départementale 117;42,7676670000;2,8395370000
202200053836;19;9;2022;18:10;1;93;93045;2;3;1;3;Boulevard Eugène Decros;48,8826722094;2,4154736129
202200053837;9;7;2022;09:10;1;54;54215;2;9;1;7;Rue du 15 Septembre 1944;48,7540243310;6,1445546145
202200053838;7;5;2022;08:05;1;31;31230;2;1;1;1;Rue de Pechbonnieu;43,7194220000;1,4434950000
202200053839;6;6;2022;17:30;1;93;93073;2;1;1;3;Avenue Henri Barbusse;48,9617400000;2,5706100000
202200053840;26;3;2022;12:40;1;93;93055;2;2;1;3;Avenue Jean Lolive / Rue de Palestro;48,8943400000;2,4186500000
202200053841;20;10;2022;20:20;5;973;97302;2;2;1;3;BARTHELEMY (RENE);4,9346400000; -52,3306900000
202200053842;9;8;2022;18:10;1;29;29039;2;9;1;2;Rue des Sables Blancs;47,8807400000; -3,9311300000
202200053843;25;11;2022;07:10;5;95;95280;2;1;8;6;Avenue Albert Sarraut;49,0259300000;2,4628600000
202200053844;8;2;2022;07:30;2;11;11410;2;3;1;3;;43,2584560000;2,4147980000
202200053845;19;9;2022;11:35;1;93;93051;2;1;1;6;Rue de la Butte Verte;48,8387000000;2,5724200000
202200053846;8;5;2022;15:00;1;38;38561;1;1;1;3;d156d;45,2955850000;5,1953100000
202200053847;21;10;2022;13:40;1;69;69383;2;1;1;6;Cours Gambetta;45,7554700000;4,8426100000
202200053848;26;3;2022;09:10;1;93;93051;2;1;1;3;Avenue Médéric;48,8293356480;2,5657212139
202200053849;7;7;2022;10:55;1;57;57582;1;4;1;3;RD 953;49,2928820000;6,1673530000
202200053850;25;11;2022;07:00;1;95;95427;2;1;1;2;Avenue Maurice Utrillo;48,9773838567;2,3645979166
202200053851;10;8;2022;18:23;1;25;25056;2;2;1;1;FONTAINE ECU RUE DE;47,2462050000;6,0340620000
202200053852;6;6;2022;00:18;5;92;92044;2;2;1;1;VIC. HUGO(RUE)091A113 ET 112A146;48,8955200000;2,2968800000
202200053853;8;5;2022;00:00;5;03;03236;2;1;1;6;69 Rue Pierre Semard;46,2032960000;3,4331550000
202200053854;27;9;2022;13:14;1;93;93032;2;1;1;6;Avenue Jean Jaurès;48,8835800000;2,5298300000
202200053855;14;2;2022;08:40;1;05;05134;1;1;4;5;N94;44,6553392252;6,5943074226
202200053856;21;10;2022;13:20;1;972;97213;2;1;1;2;ROUTE DEPARTEMENTALE 3;14,6281200000; -60,9893800000
202200053857;10;8;2022;15:20;1;17;17306;2;1;1;6;AUDOUIN (DOCTEUR);45,6221320000; -1,0354210000
202200053858;25;3;2022;20:45;5;93;93048;2;1;1;3;Boulevard Théophile Sueur;48,8688900000;2,4708300000
202200053859;6;6;2022;16:58;1;92;92012;2;1;1;7;ANDRE MORIZET (AVENUE) - 49/FIN - 54/FIN;48,8394296326;2,2312084436
202200053860;9;7;2022;23:15;3;74;74280;1;4;1;3;D909;45,8992520000;6,3489580000
202200053861;7;5;2022;17:50;1;15;15120;1;1;1;6;D122;45,2129580000;2,3658800000
202200053862;14;2;2022;18:30;3;71;71583;1;1;8;6;Route de Julienas;46,2698510000;4,7748360000
202200053863;25;3;2022;11:55;1;93;93048;2;2;7;6;Rue des Platrières / Rue Colmet Lépinay;48,8538100000;2,4461000000
202200053864;8;5;2022;11:00;1;01;01272;1;1;1;7;Route de Chanoz;46,1717920000;5,0135500000
202200053865;22;3;2022;17:30;1;93;93032;2;1;1;1;JULES GUESDES  (RUE, DU 2 AU 96 ET DE 1;48,8774800000;2,5489400000
202200053866;18;9;2022;23:15;5;93;93053;2;9;1;7;Rue de Paris;48,8997098272;2,4486164916
202200053867;25;11;2022;11:30;1;91;91691;2;6;9;3;HENRI BARBUSSE(RUE)DU N°1 AU N°38;48,7096270000;2,4917050000
202200053868;6;6;2022;15:30;1;59;59320;2;1;1;6;Hameau de Ligny le Grand;50,5707000000;2,8261260000
202200053869;25;3;2022;09:55;1;93;93014;2;1;1;6;GAGNY (ALLEE DE);48,9014800000;2,5468800000
202200053870;10;8;2022;10:40;1;13;13001;2;1;1;3;ROI RENE (BD DU);43,5240140179;5,4499604957
202200053871;21;10;2022;19:10;2;69;69381;2;3;1;3;Rue Thimonnier;45,7674800000;4,8290300000
202200053872;7;5;2022;17:45;1;01;01457;1;1;1;3;Route de Mezeriat;46,2321870000;5,0061830000
202200053873;10;6;2022;08:00;1;73;73303;1;1;1;1;D1212;45,7531520000;6,4535020000
202200053874;12;2;2022;15:30;1;67;67151;1;1;1;3;D468;48,7002570000;7,8893720000
202200053875;26;3;2022;18:30;1;93;93057;2;1;1;7;Avenue Aristide Briand;48,9083710000;2,4973840000
202200053876;5;6;2022;07:13;1;33;33318;1;1;8;6;ROCADE A 630;44,7981400000; -0,6535400000
202200053877;27;10;2022;11:00;1;89;89387;2;3;1;3;PEPINIERE (RUE DE LA);48,2008400000;3,2892100000
202200053878;7;5;2022;19:00;1;72;72262;2;1;1;6;Lieu Dit le Perray;47,7908000000;0,6973000000
202200053879;19;10;2022;12:10;1;69;69389;2;1;8;1;Rue du Chapeau Rouge;45,7725551686;4,8078100383
202200053880;10;8;2022;07:50;1;11;11069;2;1;1;3;1060 Chemin de la Madeleine;43,2207300000;2,3974200000
202200053881;10;7;2022;15:00;1;38;38110;1;3;1;3;ROUTE NATIONALE 7;45,5764860000;4,8577430000
202200053882;26;3;2022;16:05;1;93;93008;2;1;1;6;Rue Racine;48,9126128493;2,4158484934
202200053883;15;2;2022;09:55;1;88;88008;1;1;1;5;D435;48,3740800000;6,6761360000
202200053884;21;10;2022;13:15;1;2B;2B120;2;1;1;7;AMANDIER (Allée de);42,6549100000;9,4354300000
202200053885;6;6;2022;15:10;1;91;91689;1;1;1;2;AUTOROUTE A6;48,7318500000;2,3154300000
202200053886;24;11;2022;07:45;2;89;89387;2;1;8;2;PONT NEUF (BOULEVARD DU);48,2043000000;3,2722900000
202200053887;8;5;2022;11:00;1;50;50487;1;2;1;6;Nid de Chien;48,5165870000; -1,3773950000
202200053888;10;8;2022;19:50;1;06;06088;2;3;1;3;CHATEAUNEUF (RUE);43,7008500000;7,2541500000
202200053889;25;3;2022;11:58;1;93;93005;2;1;1;6;BONDY (ROUTE DE);48,9263342943;2,4909190522
202200053890;23;11;2022;18:20;5;89;89387;2;1;8;6;PIERRE DE COUBERTIN (AVENUE);48,1955000000;3,3016600000
202200053891;21;10;2022;14:58;1;2A;2A004;2;3;1;3;NICOLI JEAN COURS;41,9331400000;8,7427100000
202200053892;5;6;2022;21:20;1;92;92051;1;1;1;3;RN13;48,8865400000;2,2552100000
202200053893;8;5;2022;14:45;1;60;60703;1;1;1;7;Rue de l'Eglise;49,4106041630;2,0528104305
202200053894;14;2;2022;15:00;1;73;73132;1;4;4;1;D218b;45,7432470000;6,5506680000
202200053895;5;8;2022;18:12;1;06;06088;1;1;1;2;GRENOBLE (ROUTE DE);43,7146100000;7,1871800000
202200053896;25;3;2022;15:10;1;92;92064;2;2;1;2;MARCEL DASSAULT;48,8529640932;2,2228123248
202200053897;19;9;2022;13:40;1;93;93001;2;9;1;6;Rue Henri Manigart;48,9129189248;2,3984936657
202200053898;8;5;2022;14:47;1;43;43221;1;1;1;6;D589;44,9930440000;3,6934210000
202200053899;7;7;2022;08:50;1;38;38565;2;1;1;1;Rue Jean Achard;45,2959700000;5,6373970000
202200053900;21;10;2022;14:20;1;95;95598;2;1;1;3;Avenue Kellermann;48,9819830000;2,2929470000
202200053901;9;8;2022;02:50;5;06;06029;2;1;1;6;ALSACE PROLONGEE (RUE);43,5542300000;7,0194400000
202200053902;2;1;2022;15:15;1;62;62261;2;6;1;3;Boulevard de France;50,4783090000;1,5947870000
202200053903;5;6;2022;20:10;1;92;92048;1;1;1;2;N118;48,8049786919;2,2133407573
202200053904;24;11;2022;18:05;5;87;87050;2;1;1;4;LIMOGES (AVENUE DE);45,8771000000;1,2392700000
202200053905;18;9;2022;22:40;5;92;92046;2;1;1;3;PIERRE BROSSOLETTE (AVENUE);48,8204853965;2,3115679622
202200053906;13;2;2022;16:52;1;38;38488;1;1;1;1;D52;45,7359460000;5,2921540000
202200053907;8;7;2022;15:00;1;07;07156;1;1;1;1;Route Départementale;44,6763210000;4,2861910000
202200053908;25;3;2022;10:25;1;92;92064;2;3;1;3;MARECHAL DE LATTRE;48,8518443548;2,2199007869
202200053909;6;5;2022;13:20;1;53;53135;1;2;1;2;Le Pont Vien;47,9213300000; -0,9881040000
202200053910;20;10;2022;13:20;1;95;95428;2;2;1;1;Rue Notre Dame;48,9856656699;2,3238793015
202200053911;9;8;2022;11:30;1;75;75112;2;1;1;2;PORTE DE CHARENTON;48,8308070000;2,4031540000
202200053912;25;11;2022;21:00;5;85;85194;2;6;1;6;VENDEE GLOBE (BOULEVARD);46,5073020000; -1,7567920000
202200053913;8;7;2022;13:00;1;01;01219;1;9;1;7;D 94;45,8199233625;5,5377101898
202200053914;4;1;2022;16:30;1;85;85109;2;9;1;6;Avenue de la Maine;46,8748500000; -1,0248280000
202200053915;6;6;2022;15:10;1;95;95241;1;1;1;3;RN 104;49,0468200000;2,4722000000
202200053916;19;9;2022;11:16;1;92;92073;2;1;1;6;BLUM (QUAI LEON);48,8658772643;2,2271473110
202200053917;7;5;2022;02:00;3;53;53048;1;1;1;7;Le Petit Val;48,2195260000; -0,8597660000
202200053918;26;3;2022;13:00;1;92;92051;2;3;1;3;MADRID (AVENUE DE);48,8837622108;2,2600341439
202200053919;15;2;2022;15:42;1;79;79088;1;2;2;3;;46,8147390000; -0,3968600000
202200053920;23;11;2022;20:05;5;85;85194;2;6;1;3;rond point de la vannerie;46,5154200000; -1,7584400000
202200053921;8;7;2022;07:20;1;69;69234;2;3;1;3;Route de Pontcharra;45,8486030000;4,5303640000
202200053922;19;9;2022;07:45;2;92;92050;2;2;1;3;VAILLANT COUTURIER PAUL RUE;48,8839200000;2,2034300000
202200053923;25;3;2022;10:10;1;92;92050;2;1;1;3;COMMUNE DE PARIS AVENUE DE LA;48,9030043729;2,2041017711
202200053924;14;2;2022;17:50;2;27;27213;1;1;1;7;D 181 - FOUR EN VEXIN;49,1907630000;1,5807870000
202200053925;7;5;2022;19:15;2;28;28350;1;1;1;1;D923;48,4492290000;1,3000090000
202200053926;5;6;2022;17:55;1;83;83137;2;4;1;1;JOFFRE (BD MARECHAL);43,1246500000;5,9559100000
202200053927;10;8;2022;13:05;1;75;75117;2;2;1;3;RUE GUSTAVE CHARPENTIER;48,8825980000;2,2827600000
202200053928;19;9;2022;12:25;1;92;92035;2;9;1;3;République ( boulevard de la );48,9062791578;2,2492071390
202200053929;7;5;2022;16:30;1;48;48034;1;3;1;3;;44,4172850000;3,2313260000
202200053930;4;1;2022;07:30;5;76;76087;2;1;2;3;338 Route d Yvetot;49,7067770000;0,8286410000
202200053931;10;7;2022;00:55;3;69;69074;1;1;1;3;90 Route de Montmelas;46,0035830000;4,6779710000
202200053932;26;3;2022;13:45;1;92;92049;2;3;7;3;DORMOY AVENUE MARX N°2 A 100;48,8096709709;2,3225615323
202200053933;18;9;2022;21:30;5;92;92012;2;6;1;3;RHIN ET DANUBE (ROND POINT);48,8407816986;2,2288904786
202200053934;5;6;2022;17:50;1;35;35238;2;1;1;6;BEAULIEU (ALLEE DE);48,1208400000; -1,6363900000
202200053935;10;8;2022;09:50;1;75;75105;2;2;1;3;QUAI SAINT BERNARD;48,8493960000;2,3569100000
202200053936;14;2;2022;16:35;1;33;33039;1;1;3;2;ROUTE NATIONALE 230;44,8063680000; -0,5295210000
202200053937;8;5;2022;10:10;1;48;48061;1;1;1;3;D907;44,3160800000;3,5980550000
202200053938;26;3;2022;04:10;5;92;92020;2;1;1;1;VANVES BOULEVARD N° IMPAIRS;48,8063680000;2,2861480000
202200053939;1;1;2022;15:00;1;76;76367;1;1;1;1;D121;49,4842760000;1,0955000000
202200053940;8;7;2022;12:55;1;69;69028;1;3;1;1;Chemin des Pannetieres;45,7091815091;4,7040261273
202200053941;25;11;2022;12:20;1;83;83069;1;1;1;3;AEROPORT (AVENUE DE L');43,0891030145;6,1443965435
202200053942;5;6;2022;12:30;1;29;29019;2;3;2;6;boulevard de Plymouth;48,3873700000; -4,5226380000
202200053943;9;8;2022;20:37;2;75;75118;2;1;1;2;RUE STEPHENSON;48,8893590000;2,3559480000
202200053944;19;9;2022;18:30;1;92;92007;2;2;1;3;PETIT (AVENUE ALBERT) N° 39 A FIN;48,7962690000;2,3217680000
202200053945;14;2;2022;13:15;1;91;91363;1;1;1;2;AUTOROUTE A10;48,6692400000;2,1935200000
202200053946;20;10;2022;09:15;1;91;91421;1;1;2;4;NATIONALE 6 (PARTIE FORET);48,6925600000;2,4501600000
202200053947;29;4;2022;14:05;1;78;78143;2;9;1;2;9 Route de Chevreuse;48,7327690000;2,0922630000
202200053948;3;1;2022;16:59;3;46;46251;1;1;1;6;le pigeonnier;44,8486600000;1,8996460000
202200053949;26;3;2022;20:15;5;92;92035;2;2;1;3;Voltaire ( rue );48,9039705930;2,2497254759
202200053950;26;11;2022;01:20;5;81;81004;2;6;1;2;MILLAU (RTE DE) DU N° 1 AU N° 12;43,9313126000;2,1772968000
202200053951;22;6;2022;12:52;1;13;13056;1;1;1;6;CD 49;43,3491000000;5,0569900000
202200053952;7;7;2022;09:15;1;46;46175;1;3;1;3;clavies;44,6165070000;1,9994050000
202200053953;7;5;2022;20:20;2;33;33122;2;1;1;6;;44,7599920000; -0,6873950000
202200053954;9;8;2022;18:55;1;75;75118;2;2;1;3;RUE DE LA CHAPELLE;48,8951410000;2,3596390000
202200053955;14;2;2022;08:00;1;94;94021;1;1;1;3;AUTOROUTE A6A;48,7624500000;2,3411100000
202200053956;20;9;2022;09:43;1;39;39487;1;1;1;3;;46,5730850000;5,9880960000
202200053957;21;10;2022;08:20;2;91;91589;2;1;2;6;AV CHARLES DE GAULLE;48,6792800000;2,3453800000
202200053958;25;3;2022;15:05;1;92;92025;2;1;1;6;PRESIDENT SALVADOR ALLENDE (RUE DU);48,9222140000;2,2359070000
202200053959;3;1;2022;17:10;5;68;68042;2;3;1;3;15 rue jean moulin/rue de la Gare;47,6033490000;7,4959270000
202200053960;7;7;2022;08:00;1;31;31417;1;2;1;1;Avenue François Verdier;43,6273620000;1,2506070000
202200053961;21;10;2022;08:11;2;91;91223;1;1;3;7;R.D.20;48,4177930000;2,1315840000
202200053962;5;6;2022;17:00;1;75;75120;2;3;1;3;RUE DE MENILMONTANT;48,8679270000;2,3866210000
202200053963;20;9;2022;10:45;1;976;97610;2;9;1;7;Montlegun; -12,7410490399;45,2103391225
202200053964;13;2;2022;12:15;1;92;92051;1;1;1;2;RN13;48,8807745046;2,2728250856
202200053965;25;11;2022;14:15;1;78;78123;2;2;1;3;REINE BLANCHE RUE;48,9387600000;2,0320100000
202200053966;3;1;2022;13:15;1;29;29024;2;1;2;6;Rue Ricou;48,2765560000; -3,5652730000
202200053967;10;8;2022;04:00;5;75;75107;2;3;1;3;BOULEVARD SAINT GERMAIN;48,8569740000;2,3245990000
202200053968;24;3;2022;13:15;1;92;92012;2;1;1;6;COURS DE L'ILE SEGUIN;48,8283205315;2,2352457047
202200053969;20;9;2022;00:45;3;91;91533;2;1;1;7;Voie Romaine;48,3641480000;2,1235750000
202200053970;5;6;2022;00:05;3;69;69256;1;1;1;6;Autoroute 42;45,8034300000;4,9259700000
202200053971;8;5;2022;07:45;1;44;44163;1;1;1;7;L'Océane;47,4215030000; -1,0574520000
202200053972;14;2;2022;13:00;1;93;93006;1;1;1;2;AUTOROUTE A3;48,8657400000;2,4200400000
202200053973;11;7;2022;09:08;1;79;79049;1;2;7;3;;46,8358770000; -0,4244270000
202200053974;4;1;2022;17:05;1;29;29174;1;1;2;1;Lieu Dit Keravel;47,9170400000; -4,2628460000
202200053975;9;8;2022;16:40;1;75;75107;2;4;1;6;BOULEVARD SAINT GERMAIN;48,8620850000;2,3197220000
202200053976;26;3;2022;22:40;5;92;92004;2;1;1;7;ARGENTEUIL AV D';48,9179333195;2,2815073728
202200053977;20;9;2022;16:15;1;41;41142;1;1;1;3;RD 766;47,5804700000;1,2393790000
202200053978;4;6;2022;16:23;1;90;90010;2;9;1;-1;JOFFRE (BOULEVARD MARECHAL);47,6415000000;6,8536800000
202200053979;7;7;2022;14:00;1;17;17155;2;1;1;2;98 Rue Charles Hérve;45,7299930000; -1,0953140000
202200053980;10;8;2022;12:00;1;75;75104;2;4;1;7;RUE DE RIVOLI;48,8550510000;2,3616540000
202200053981;24;3;2022;13:27;1;92;92004;1;1;1;6;JULES FERRY;48,9260852272;2,2789820731
202200053982;7;5;2022;18:45;5;987;98748;1;1;1;1;PK 04 Toahotu; -17,7634410000; -149,3166450000
202200053983;14;2;2022;10:10;1;95;95678;1;1;1;3;RN 184;49,0650000000;2,2144400000
202200053984;21;10;2022;15:35;1;83;83129;2;1;1;5;LAENNEC (AVENUE DE) N° PAIRS;43,0921400000;5,8314200000
202200053985;4;1;2022;17:55;5;01;01093;1;2;1;1;D936;46,1289540000;4,9597320000
202200053986;19;9;2022;17:55;1;21;21452;1;1;1;4;A 39;47,2823000000;5,1171000000
202200053987;25;11;2022;08:00;1;77;77186;1;4;1;2;D606 / D142;48,4840500000;2,6658700000
202200053988;10;8;2022;01:00;5;75;75101;2;1;1;3;QUAI FRANCOIS MITTERRAND;48,8604860000;2,3315980000
202200053989;7;5;2022;20:30;5;971;97119;2;1;2;6;Les Mangles;16,3917080000; -61,4607920000
202200053990;24;3;2022;08:55;1;92;92004;2;1;1;3;VOLTAIRE ( BD );48,9181503814;2,2838540375
202200053991;8;7;2022;20:15;1;17;17161;1;1;1;2;D735;46,1807220000; -1,2932540000
202200053992;5;10;2022;18:40;2;83;83118;2;1;1;1;BOULEVARD DE L'ASPÉ;43,4400223777;6,8134492636
202200053993;3;1;2022;15:40;1;05;05054;1;1;1;2;Route de Grenoble;44,6708010000;6,0758740000
202200053994;14;2;2022;06:00;3;77;77514;1;1;2;2;A104;48,9354120000;2,6279210000
202200053995;25;11;2022;09:15;1;76;76322;2;1;1;3;Boulevard de Verdun;49,4141700000;1,0498600000
202200053996;4;6;2022;19:00;1;59;59566;1;1;1;5;MARAIS RUE DU;50,6200000000;2,9920000000
202200053997;18;9;2022;19:19;2;28;28088;2;1;1;1;Rue Saint-médard;48,0703520000;1,3227090000
202200053998;26;3;2022;16:45;1;60;60587;2;1;1;3;Rue de Paris;49,3396190000;2,6055350000
202200053999;8;7;2022;12:15;1;86;86295;2;1;1;2;Route de Nieuillet;46,0995340000;0,2325580000
202200054000;20;10;2022;08:25;1;80;80021;2;1;2;6;LOUIS THUILLIER (RUE);49,8797900000;2,3027500000
202200054001;13;2;2022;20:40;5;976;97611;2;1;1;6;kaweni-Kakal (rue); -12,7751800000;45,2196000000
202200054002;10;8;2022;03:40;5;94;94033;2;2;1;3;Boulevard du 25 Aout 1944 / Rue de Neuilly;48,8474000000;2,4787000000
202200054003;3;1;2022;18:57;2;50;50031;2;7;2;6;Place du Docteur Auvret;49,3815350000; -1,7529090000
202200054004;7;5;2022;13:00;1;978;97801;2;1;1;3;Boulevard de France;18,0681060000; -63,0854920000
202200054005;10;8;2022;02:05;5;94;94018;2;1;1;7;32 Avenue Jean Jaurès;48,8242200000;2,4128800000
202200054006;17;9;2022;12:10;1;64;64048;1;1;1;7;D276;43,4581640000; -0,5395960000
202200054007;4;6;2022;18:46;1;29;29019;2;1;1;6;Rue Anatole France;48,3831290000; -4,5093470000
202200054008;13;2;2022;04:40;5;974;97416;2;1;1;6;RN3 (1); -21,3307000000;55,4684100000
202200054009;21;10;2022;07:30;2;77;77487;1;6;3;6;D39;48,5195300000;2,6736100000
202200054010;4;1;2022;15:50;1;60;60577;1;3;1;3;;49,4608300000;1,7716210000
202200054011;7;5;2022;14:15;1;83;83042;2;1;1;4;D559;43,2666200000;6,5745930000
202200054012;20;9;2022;13:30;1;21;21210;1;1;1;6;AUTOROUTE A6 PK 265+920;47,2458891014;4,5733644351
202200054013;9;7;2022;18:30;1;40;40123;1;2;1;3;Route de l Hippodrome;43,7910320000; -1,1200480000
202200054014;26;3;2022;12:00;1;31;31285;1;2;1;3;D59;43,6316020000;1,5999700000
202200054015;19;10;2022;18:15;1;73;73065;2;6;1;3;D1 - CARTIER (AVENUE DU GENERAL);45,5767861254;5,8981418609
202200054016;16;8;2022;20:35;1;94;94071;2;3;9;2;Rue du Général Leclerc / Rue Arago;48,7756840000;2,5111760000
202200054017;21;10;2022;05:59;3;77;77251;2;6;2;6;RUE DE L ESPACE SCHENGEN;48,6475900000;2,5447800000
202200054018;13;2;2022;10:20;1;974;97411;2;1;1;3;LORY LES HAUTS (RUE); -20,8961090000;55,4811530000
202200054019;4;1;2022;17:30;3;10;10401;1;1;2;3;D619;48,2369609566;4,4279624444
202200054020;8;7;2022;17:50;1;40;40179;2;3;1;3;route de patesse;43,7053012135; -1,1102172915
202200054021;18;9;2022;21:00;5;59;59135;1;6;1;6;D916;50,8009440000;2,5010960000
202200054022;27;3;2022;08:35;1;10;10412;1;1;1;6;Département 172;48,3173690000;4,1377890000
202200054023;10;8;2022;17:50;1;93;93073;2;1;1;3;D40 Circuit Carole ;48,9765500000;2,5139600000
202200054024;25;11;2022;17:50;5;72;72181;2;3;1;3;LEFAUCHEUX PIERRE (BD);47,9684600000;0,1751000000
202200054025;4;1;2022;10:50;1;21;21501;1;1;2;6;RUE DE BELLEVUE;47,2787700000;4,5731990000
202200054026;4;6;2022;18:50;1;01;01344;2;2;1;5;BRESSE (AVENUE DE);46,2100900000;5,2042500000
202200054027;12;2;2022;19:30;2;974;97411;2;2;1;3;LATTRE DE TASSIGNY (AVENUE MARECHAL DE); -20,8910100000;55,4801800000
202200054028;8;5;2022;05:40;3;13;13035;1;1;1;4;Route de Miramas;43,6651550000;5,0222110000
202200054029;10;8;2022;20:30;2;93;93005;2;1;1;6;Avenue Dumont;48,9287216548;2,4953038439
202200054030;7;7;2022;15:00;1;33;33177;1;1;1;1;17 Route du Pin Sec;45,3126840000; -0,9810020000
202200054031;19;9;2022;19:45;2;77;77080;1;1;1;1;D204;48,6690710000;3,2912900000
202200054032;26;3;2022;20:00;3;28;28012;1;1;1;1;D17;48,1029030000;1,1694750000
202200054033;25;11;2022;13:10;1;72;72181;2;1;1;3;PADERBORN (AV) N° IMP 5 ET plus;48,0098500000;0,2016000000
202200054034;4;1;2022;14:45;1;40;40161;1;1;1;6;d933n;44,0931140000; -0,0199820000
202200054035;17;10;2022;17:20;1;77;77431;2;1;9;3;D607;48,2802100000;2,6833800000
202200054036;4;6;2022;12:30;1;93;93031;2;1;1;6;Rue de l'Yser;48,9473328224;2,3364516199
202200054037;10;8;2022;13:30;1;93;93064;2;1;1;6;Avenue du Général de Gaulle;48,8793412802;2,4782016335
202200054038;1;7;2022;13:30;1;85;85243;1;1;1;1;La Duptière;46,6089540000; -1,7946450000
202200054039;7;5;2022;03:45;3;13;13014;1;3;1;3;Intersection voie jean-pierre Lyon et Nationale 113;43,5343920000;5,1933790000
202200054040;19;9;2022;11:50;1;2B;2B343;2;1;1;3;Querciolo;42,4990370000;9,4672210000
202200054041;4;1;2022;11:30;1;24;24547;2;2;1;1;rue général de gaulle;45,1276380000;1,3029740000
202200054042;13;2;2022;12:30;1;974;97407;2;3;1;3;COMMUNE DE PARIS (AVENUE); -20,9387000000;55,2908200000
202200054043;24;11;2022;16:15;5;72;72181;1;1;1;2;TOURS (RTE) LIGNE DROITE DES HUNAUDIERES;47,9607800000;0,2241700000
202200054044;27;3;2022;10:21;1;35;35337;1;9;7;3;Le Perray;48,2968380000; -1,8078710000
202200054045;3;6;2022;17:45;1;64;64445;2;3;1;6;ALSACE LORRAINE D';43,3023700000; -0,3605200000
202200054046;7;5;2022;05:45;2;69;69291;2;1;1;6;Route d’Heyrieux;45,6372780000;4,8749580000
202200054047;8;7;2022;18:15;1;85;85226;2;2;1;1;40 Avenue de l'Isle De Riez;46,7184500000; -1,9495660000
202200054048;10;8;2022;18:00;1;93;93029;2;1;1;3;Avenue Jean Jaurès;48,9209537519;2,4492770178
202200054049;19;9;2022;18:58;1;65;65284;2;1;1;1;Rue la Bernede;43,1791310000;0,0195910000
202200054050;26;3;2022;18:00;2;974;97410;1;1;7;7;D3; -21,1059010000;55,7200380000
202200054051;20;10;2022;16:15;1;76;76341;1;1;1;4;RD 6015;49,5113000000;0,1994900000
202200054052;3;1;2022;11:40;1;27;27146;1;2;8;2;D87 / D27;49,2852200000;0,4074170000
202200054053;8;7;2022;23:30;3;53;53009;1;1;1;7;L Éclèche;47,9931640000; -0,5657500000
202200054054;13;2;2022;14:04;1;69;69383;2;3;1;3;Rue Servient;45,7601600000;4,8444700000
202200054055;25;11;2022;13:00;1;69;69264;2;9;1;5;Avenue Theodore Braun;45,9794800000;4,7393100000
202200054056;3;6;2022;19:10;1;30;30007;2;3;1;3;BAGNOLS (ROUTE DE);44,1292600000;4,1034500000
202200054057;19;9;2022;08:42;1;65;65344;1;1;1;7;Route de Pontacq;43,1868080000; -0,0543340000
202200054058;8;5;2022;16:45;1;69;69203;1;1;1;1;Route Départementale 389;45,7151750000;4,4845010000
202200054059;10;8;2022;20:30;2;93;93001;2;1;1;6;Avenue Jean Jaurès;48,9048233865;2,3932228064
202200054060;25;3;2022;17:40;1;59;59202;2;1;1;2;Rue Delpierre;50,6664266773;2,8452365398
202200054061;22;10;2022;00:40;5;72;72181;2;2;1;7;GOUGEARD (RUE) N° PAIRS;48,0000000000;0,2024400000
202200054062;9;7;2022;07:30;1;49;49138;1;1;1;6;RD 60;47,4703710000; -0,1638080000
202200054063;2;1;2022;13:00;1;87;87047;1;3;8;3;Les Trois Sapins;45,9775830000;1,2600430000
202200054064;12;2;2022;02:55;5;972;97213;1;1;1;3;AUTOROUTE A1;14,6186290000; -61,0223750000
202200054065;3;6;2022;13:40;1;27;27229;2;1;1;6;BRIAND (AVENUE ARISTIDE);49,0204500000;1,1332000000
202200054066;6;5;2022;18:57;1;32;32279;1;1;1;3;Route de Preignan;43,7017690000;0,6549690000
202200054067;20;9;2022;09:10;1;71;71133;2;1;7;6;Route de la promenade;46,2909240000;4,3155780000
202200054068;26;3;2022;07:30;1;34;34123;1;1;1;7;RN.109 - PK 07+180;43,6163210000;3,7975620000
202200054069;19;10;2022;23:55;3;72;72181;2;1;1;1;CUGNOT NICOLAS (BD);47,9822410000;0,2197540000
202200054070;25;11;2022;08:55;1;69;69290;2;2;1;3;Rue Jules Ferry;45,6973600000;4,9475700000
202200054071;9;8;2022;22:50;5;92;92072;2;2;1;3;GRANDE RUE;48,8264300009;2,2192715406
202200054072;6;7;2022;15:20;1;49;49021;1;3;1;3;D59;47,4501260000; -0,2224620000
202200054073;4;1;2022;11:30;1;52;52265;1;1;2;3;route nationale 67 - PR16+800;48,5410640000;5,0853020000