Num_Acc;jour;mois;an;hrmn;lum;dep;com;agg;int;atm;col;adr;lat;long
202200054074;5;5;2022;15:32;1;50;50099;1;9;1;6;Rue de la Mare;49,3019080000; -1,2312680000
202200054075;2;6;2022;11:00;1;71;71076;2;1;1;3;37 Avenue Nicéphore Niepce;46,7822400000;4,8475500000
202200054076;21;10;2022;09:30;1;69;69266;2;1;1;3;Boulevard Laurent Bonnevay ;45,7852600000;4,8707600000
202200054077;19;9;2022;17:20;1;61;61376;1;1;1;5;le rocher;48,6926780000; -0,6179000000
202200054078;25;11;2022;16:45;1;68;68224;2;1;1;7;BOUCHERS (RUE DES);47,7472500000;7,3372300000
202200054079;10;8;2022;17:10;1;92;92050;2;1;1;3;ZOLA EMILE BOULEVARD;48,8950025106;2,2118246555
202200054080;2;1;2022;04:20;3;31;31503;1;1;1;6;A64, PK 222+100 sens TOULOUSE vers BAYONNE;43,1275180000;0,9395350000
202200054081;7;5;2022;01:50;3;35;35249;2;1;1;6;Rue de la Chapelle;47,7283860000; -1,8264450000
202200054082;26;3;2022;21:02;3;63;63411;1;1;1;5;autoroute a75 pk 21.800;45,6036480749;3,2174856664
202200054083;11;7;2022;12:15;1;44;44103;2;2;1;3;3bis Rue des Pâtures;47,3294180000; -2,1772960000
202200054084;19;9;2022;17:15;1;12;12238;1;3;1;7;intersection D911 et D36;44,2208300000;2,9956630000
202200054085;13;2;2022;17:30;1;77;77307;2;3;1;3;D934 / D5;48,8781000000;2,7493400000
202200054086;21;10;2022;09:10;1;66;66136;2;3;1;3;;42,6927200000;2,8739800000
202200054087;25;11;2022;10:50;1;67;67180;1;1;2;3;RD 72;48,8599800000;7,6601100000
202200054088;10;8;2022;15:40;1;92;92024;2;1;1;2;GENERAL LECLERC (RUE DU) DE (81 A 109)  ;48,9105251539;2,3060769439
202200054089;7;7;2022;06:30;1;44;44110;2;9;7;6;Route d Héric;47,4360160000; -1,5078150000
202200054090;8;5;2022;14:30;1;27;27136;1;1;1;1;N13;49,0136600000;1,4448520000
202200054091;2;1;2022;17:45;1;01;01067;1;1;1;4;A40 PK : 129+600;46,1237350000;5,4978810000
202200054092;28;5;2022;00:50;5;78;78118;1;1;1;6;RUE DU GERS;48,9873200000;1,6637300000
202200054093;21;10;2022;20:50;5;64;64348;2;1;1;7;boulevard de l'europe;43,3300300000; -0,3853100000
202200054094;26;3;2022;16:35;1;30;30334;1;1;1;6;;44,0211470000;4,4375860000
202200054095;25;11;2022;07:57;2;66;66136;2;6;1;3;;42,6982000000;2,8654200000
202200054096;10;8;2022;14:30;1;92;92007;2;1;1;3;VERDUN (RUE DE) N° IMPAIRS;48,8020140000;2,3180850000
202200054097;12;2;2022;17:15;1;71;71309;1;2;1;2;R.N.80;46,7828800000;4,4122800000
202200054098;11;7;2022;09:30;1;44;44026;1;1;7;1;Route de Paris;47,2963130000; -1,4080360000
202200054099;21;10;2022;03:15;5;64;64140;2;1;1;1;Rue Paul Biremont;43,5258190000; -1,4910760000
202200054100;4;5;2022;16:50;1;92;92004;2;1;1;6;DOCTEUR DERVAUX  ( QUAI DU );48,9079170000;2,2925360000
202200054101;3;1;2022;18:25;3;64;64300;1;1;1;2;A64 PK 77+900;43,4278820000; -0,6243018545
202200054102;8;5;2022;13:20;1;60;60446;2;1;7;1;Rue de la Croix Verte;49,1380036499;2,7984216213
202200054103;24;11;2022;17:59;3;66;66136;1;1;1;2;;42,7005910000;2,9242600000
202200054104;27;3;2022;15:45;1;76;76257;1;1;1;7;La Haumarderie;49,8582010000;1,5954050000
202200054105;4;1;2022;08:40;2;62;62043;1;1;8;6;Autoroute A26 CALAIS REIMS;50,9115230000;1,9403210000
202200054106;6;7;2022;19:45;1;50;50041;1;6;1;3;rond point de la croix bézuel;49,6641280000; -1,8484300000
202200054107;10;10;2022;19:00;1;62;62413;2;1;1;1;Rue des Fusillés;50,4437110000;2,9036190000
202200054108;25;11;2022;07:03;5;65;65440;2;1;2;6;Quai de l'Adour;43,2312800000;0,0877100000
202200054109;7;5;2022;10:35;1;62;62560;2;1;7;3;D191;50,8271820000;1,6983690000
202200054110;9;8;2022;12:55;1;92;92025;2;1;1;2;STALINGRAD (AVENUE);48,9287900000;2,2688700000
202200054111;26;3;2022;05:45;2;71;71267;2;1;1;6;666 Rue des Charmes;46,4787770000;4,8131010000
202200054112;19;9;2022;12:30;1;29;29240;1;1;1;7;D47 - Lieu dit Roz Avel ;48,2637980000; -4,2020450000
202200054113;13;2;2022;16:00;1;69;69264;2;2;1;3;Rue Jules Ferry;45,9822600000;4,7350300000
202200054114;8;7;2022;12:35;1;50;50034;1;1;1;6;La Maison du Pont;49,0863960000; -1,0914660000
202200054115;3;1;2022;17:25;3;57;57512;1;1;2;6;A314;49,1268310000;6,2453410000
202200054116;20;10;2022;00:15;3;62;62178;2;1;1;6;Rue de Philippeville;50,4927440000;2,5399640000
202200054117;25;11;2022;18:35;5;64;64445;2;1;1;3;boulevard d'Alsace Lorraine;43,3039000000; -0,3659300000
202200054118;6;5;2022;00:47;3;13;13071;1;1;1;2;A7-Sens Marseille vers Lyon;43,4061120076;5,3363115509
202200054119;26;3;2022;20:45;3;89;89200;1;1;1;6;D84;47,9270980000;3,6051030000
202200054120;3;1;2022;18:30;3;2B;2B188;1;1;1;6;D82;42,6041628148;9,3570631755
202200054121;10;8;2022;22:20;3;60;60194;1;1;1;6;RD 108;49,6988130000;1,9902530000
202200054122;30;1;2022;18:50;2;64;64260;2;1;1;3;boulevard du Général de Gaulle;43,3598897903; -1,7755194128
202200054123;19;9;2022;17:57;1;38;38117;2;4;1;1;Rue de Malleval;45,1714110000;5,4153590000
202200054124;9;7;2022;19:30;1;14;14663;1;2;1;1;D516;49,2988626651; -0,6858887793
202200054125;21;10;2022;06:55;5;59;59650;2;3;1;6;CARNOT (RUE);50,6983730000;3,2079890000
202200054126;25;11;2022;14:55;1;64;64348;2;6;1;7;Chemin Salié;43,3357100000; -0,3851100000
202200054127;4;6;2022;21:30;2;60;60013;2;1;8;6;44 Rue Bontemps;49,3076440000;2,5073400000
202200054128;27;3;2022;18:30;1;63;63047;1;1;1;7;D645;45,5637180000;2,7569680000
202200054129;3;1;2022;10:05;1;2B;2B298;2;1;1;2;D81 route de Bastia;42,6879480000;9,3130640000
202200054130;11;8;2022;19:57;2;06;06044;2;4;1;7;167 Boulevard Alex Roubert;43,6848810000;7,1014860000
202200054131;17;8;2022;02:40;3;26;26124;1;1;2;7;N7;44,8515490000;4,8528990000
202200054132;10;7;2022;04:40;3;29;29179;1;1;1;6;D770 - Kerbiquet;48,5520900000; -4,3092260000
202200054133;13;2;2022;19:20;5;64;64445;2;1;1;3;pont du 14 JUILLET ;43,2934200000; -0,3776700000
202200054134;22;4;2022;16:20;1;69;69266;2;1;1;5;Boulevard Laurent Bonnevay;45,7538200000;4,9082700000
202200054135;25;11;2022;10:00;1;64;64445;2;1;3;6;rue Bayard;43,2973766988; -0,3747823834
202200054136;27;3;2022;16:30;1;61;61036;1;1;1;6;D748;48,5985510000;0,1046490000
202200054137;10;8;2022;01:30;3;84;84044;1;1;1;7;chemin de l'ancienne voie ferré;44,2314780000;5,1394020000
202200054138;4;1;2022;06:40;3;04;04242;1;1;1;3;RD 4096;43,9082430000;5,8840050000
202200054139;21;10;2022;22:30;5;59;59122;2;4;1;3;VICTOIRE (AVENUE DE LA);50,1726900000;3,2326700000
202200054140;4;6;2022;17:20;1;76;76556;2;1;3;1;D81 - route de lillebonne;49,5304087299;0,4929498476
202200054141;26;3;2022;16:00;1;42;42126;1;1;1;6;Route de Saint-Jean;45,4518220000;4,0696410000
202200054142;11;9;2022;01:15;3;36;36058;1;6;1;7;;46,6018648793;0,9781748056
202200054143;13;2;2022;23:45;5;64;64102;2;1;6;1;Chemin de Saint-Etienne;43,4986900000; -1,4607200000
202200054144;4;5;2022;15:45;1;42;42237;1;1;8;2;A72;45,4442229157;4,4283526044
202200054145;8;7;2022;09:10;1;29;29124;2;1;1;3;Rue de la Marne;48,5640490000; -4,3125630000
202200054146;25;11;2022;07:30;5;64;64102;2;1;3;3;Avenue de Plantoun;43,4944200000; -1,4579200000
202200054147;24;5;2022;11:30;1;34;34078;2;1;1;6;place de l'ancienne mairie;43,8622196849;3,9058355928
202200054148;3;1;2022;16:00;1;13;13097;1;4;1;6;D453;43,6346310000;4,7765850000
202200054149;11;8;2022;15:00;1;42;42332;1;2;7;3;Route de Villerest;45,9921430000;3,9969500000
202200054150;20;10;2022;15:45;1;57;57672;2;1;1;6;BEL AIR (ALLEE) - IMPAIR;49,3684300000;6,1491800000
202200054151;19;9;2022;11:47;1;30;30259;2;1;1;6;412 Route d Uzes;44,1082730000;4,1169390000
202200054152;27;3;2022;06:30;2;47;47095;1;1;1;2;RD813;44,4096866545;0,2948049178
202200054153;6;5;2022;18:30;1;92;92002;1;1;1;3;AUTOROUTE A86;48,7617103727;2,2988497317
202200054154;25;11;2022;02:15;3;64;64024;2;1;2;1;Place du Général Leclerc;43,4947600000; -1,5290100000
202200054155;9;7;2022;15:30;1;22;22093;1;1;1;3;Le Vieux Chemin Saint-Aaron;48,4957740000; -2,4737640000
202200054156;6;6;2022;17:00;1;39;39424;1;1;1;7;;46,6635470000;5,9990290000
202200054157;2;1;2022;07:30;5;58;58160;2;1;1;6;Rue des Charrons;46,9829640000;3,0931740000
202200054158;13;2;2022;02:45;5;59;59368;2;6;1;2;SCHUMAN ROBERT BOULEVARD;50,6486214686;3,0692571402
202200054159;11;8;2022;16:07;1;28;28252;1;1;1;6;A11;48,2276460000;0,9907440000
202200054160;19;10;2022;12:20;1;57;57306;2;1;1;1;METROPOLE (AVENUE DE LA);49,3487300000;6,0593600000
202200054161;15;9;2022;20:00;2;52;52197;1;1;1;3;N19;47,7741750000;5,6566180000
202200054162;10;11;2022;18:45;5;62;62895;2;1;1;6;LOTI (R PIERRE);50,4961310000;2,8690370000
202200054163;6;5;2022;17:09;1;91;91174;1;1;1;2;RN 104;48,6122400000;2,4493000000
202200054164;5;6;2022;15:00;1;11;11333;1;1;1;7;La Leude;43,0043780000;2,0591800000
202200054165;3;1;2022;18:55;5;01;01376;2;1;1;6;Chemin de Thil;45,8252030000;4,9850840000
202200054166;9;7;2022;05:20;2;35;35164;1;1;5;1;D794;48,3830590000; -1,5980650000
202200054167;13;2;2022;18:55;4;49;49007;2;1;8;2;BOUCHEMAINE ROUTE;47,4524900000; -0,5706500000
202200054168;21;10;2022;21:30;5;54;54498;2;1;1;3;RD 674;48,7179060000;6,2609600000
202200054169;6;5;2022;19:00;1;92;92036;1;1;1;2;A86;48,9351292754;2,2839515454
202200054170;25;11;2022;13:25;1;61;61497;2;3;1;6;MENIL HATTON  (LIEUDIT LE );48,4510500000;0,1109400000
202200054171;25;3;2022;14:40;1;29;29043;1;1;1;5;D770;48,3693510000; -4,2585750000
202200054172;10;8;2022;22:25;5;23;23001;2;5;1;6;13 Place de la Liberté;46,0855500000;2,0452750000
202200054173;4;1;2022;12:15;1;59;59590;1;1;2;6;d122;50,6589600000;2,4572470000
202200054174;19;9;2022;20:30;3;13;13080;1;2;1;3;Route de Saint Canadet D13;43,6582050000;5,4465470000
202200054175;7;7;2022;17:53;1;76;76057;2;1;1;1;Rue Pierre et Marie Curie;49,5419200000;0,9541400000
202200054176;6;5;2022;10:00;1;92;92050;1;1;1;7;A14;48,9042100404;2,1968193725
202200054177;4;6;2022;17:30;1;44;44207;1;1;1;1;La métairie;47,4704110000; -1,3772120000
202200054178;11;2;2022;12:14;1;49;49007;2;1;1;6;PATTON AVENUE;47,4730800000; -0,6024300000
202200054179;25;11;2022;13:54;1;60;60057;2;9;1;6;Boulevard Saint - André;49,4307300000;2,0906300000
202200054180;21;10;2022;18:22;2;54;54578;2;3;1;2;AIGUILLETTES  (BD 5 A 73-2 A 94);48,6717300000;6,1558100000
202200054181;9;7;2022;16:12;1;60;60619;1;1;1;7;Projet de route;49,1146800000;2,7728410000
202200054182;27;3;2022;15:20;1;25;25050;1;2;1;2;D461;47,1029620000;6,6212100000
202200054183;21;10;2022;08:55;1;54;54395;2;1;2;6;LIBERATION (AVENUE DE LA);48,6957900000;6,1407800000
202200054184;25;11;2022;21:20;5;59;59508;2;1;1;3;TOURCOING (RUE DE);50,7391300000;3,1182400000
202200054185;4;6;2022;06:20;2;47;47175;1;1;8;7;Figeac;44,5322850000;0,7122000000
202200054186;3;5;2022;20:30;1;92;92078;1;1;1;4;AUTOROUTE A86;48,9311292993;2,3235279586
202200054187;26;3;2022;03:47;5;35;35018;2;9;1;6;8 Rue de Lesquen;48,4443510000; -1,1059610000
202200054188;5;7;2022;14:55;1;60;60338;1;1;1;2;D200;49,3780980000;2,7820190000
202200054189;3;6;2022;04:50;3;2A;2A065;1;1;1;6;Chiuni;42,1730600429;8,6101765931
202200054190;19;9;2022;15:40;1;18;18126;1;1;1;6;;46,9388980000;2,4196050000
202200054191;13;2;2022;01:50;3;35;35238;2;2;1;3;Rue de Paris;48,1124700000; -1,6662800000
202200054192;22;10;2022;01:20;5;51;51454;2;1;1;7;rue de la 12ème Escadre d'Aviation;49,2750000000;4,0331900000
202200054193;3;1;2022;13:15;1;69;69199;1;1;1;2;Autoroute 7;45,6864083825;4,8466980457
202200054194;24;11;2022;13:30;1;57;57221;2;3;1;3;79 Rue des Romains;49,3306400000;6,1347100000
202200054195;9;8;2022;17:50;1;65;65156;1;1;1;6;N21;43,3245450000;0,1267930000
202200054196;6;5;2022;17:30;1;94;94042;1;1;1;4;A4;48,8283679668;2,4755835633
202200054197;26;3;2022;08:40;1;38;38519;2;9;1;1;544 Chemin de Pillery;45,6145270000;5,0315930000
202200054198;21;10;2022;16:30;1;51;51454;1;1;1;7;route de Châlons;49,2348523318;4,0757614374
202200054199;5;7;2022;17:52;1;80;80182;2;1;1;3;124 Rue du Maréchal Foch;50,1772870000;1,4937170000
202200054200;12;2;2022;14:25;1;31;31555;2;1;1;2;AV DE REYNERIE;43,5706100000;1,4087300000
202200054201;19;9;2022;18:00;1;67;67067;1;9;1;2;Autoroute A4, PK 473, sens Strasbourg-Paris;48,6886940000;7,7278520000
202200054202;4;6;2022;16:05;1;24;24264;1;1;1;3;D6089;45,0081650000;0,1347220000
202200054203;24;11;2022;17:20;1;57;57463;2;1;1;7;GUYENNE (BOULEVARD DE );49,1112300000;6,2189200000
202200054204;3;1;2022;15:45;1;77;77251;1;1;2;2;RN 104;48,6320070000;2,5276840000
202200054205;5;5;2022;18:00;5;976;97611;2;1;1;3;tsoundzou-Abdallah Soula (rue); -12,8074000000;45,2060000000
202200054206;13;2;2022;17:00;1;26;26057;2;1;1;7;Allée du Nyonsais;45,0138700000;5,0284700000
202200054207;11;8;2022;05:55;2;44;44131;1;1;1;1;La Route Bleue;47,1034330000; -2,0445080000
202200054208;9;7;2022;10:35;1;62;62318;2;9;1;3;D940;50,5149654328;1,6348862062
202200054209;18;9;2022;05:55;3;38;38046;1;1;1;7;A48;45,4531470000;5,4003600000
202200054210;21;10;2022;17:40;1;51;51172;2;2;1;3;Rue Gabriel Peri;49,2227000000;4,0562000000
202200054211;3;6;2022;10:15;1;26;26045;1;1;1;1;CD540;44,5521150000;4,9004710000
202200054212;25;11;2022;20:30;5;54;54304;2;3;1;2;SAPINIERE (RUE DE LA);48,6945483441;6,1280322075
202200054213;2;1;2022;22:40;3;93;93078;1;1;1;6;AUTOROUTE A104;48,9634800000;2,5505600000
202200054214;27;3;2022;09:05;1;84;84051;1;1;1;1;CD900;43,8604630000;5,2148800000
202200054215;5;5;2022;19:03;5;974;97416;2;1;1;7;POUDRIERE(RUE DE LA); -21,3344000000;55,4571100000
202200054216;10;8;2022;10:45;1;56;56248;2;1;1;3;44 Rue Général Henri de Virel;47,5858742000; -2,6283556200
202200054217;8;7;2022;00:10;3;62;62356;1;1;1;6;D57e3;50,4246170000;2,5916740000
202200054218;21;10;2022;08:45;1;51;51454;2;1;2;7;rue Joséphine Baker;49,2807500000;4,0228100000
202200054219;20;9;2022;05:55;2;988;98811;2;1;1;7;Route de TIEOU; -20,9743030000;164,9926110000
202200054220;27;3;2022;04:00;2;15;15121;1;1;1;6;RECOULES;44,8647190000;3,0794820000
202200054221;4;5;2022;20:45;4;974;97411;2;1;2;6;BRASSENS (AVENUE GEORGES); -20,9016200000;55,4878100000
202200054222;11;8;2022;15:55;1;74;74275;2;1;1;6;D909a;45,8448310000;6,2130580000
202200054223;25;11;2022;15:15;1;54;54395;2;3;1;6;LEOPOLD (COURS);48,6938828702;6,1762744188
202200054224;5;6;2022;17:50;1;26;26231;1;1;1;2;Route de Mours;45,0858810000;5,0477780000
202200054225;20;10;2022;23:48;3;49;49267;2;1;1;6;MONTAIGNE AVENUE;47,4658900000; -0,5182000000
202200054226;12;2;2022;20:57;5;14;14118;2;9;1;3;Rue de Rosel;49,1912200000; -0,3813000000
202200054227;2;7;2022;00:50;4;59;59283;2;1;1;6;26 Rue de Coutant;50,2598603245;3,8406684995
202200054228;1;1;2022;04:30;5;78;78396;1;1;1;5;A14;48,9177530000;2,1187950000
202200054229;26;3;2022;16:15;1;15;15260;1;1;1;6;D141;44,6422160000;2,4407240000
202200054230;19;9;2022;16:30;1;45;45283;1;2;7;3;D39 PK 22 + 905;47,9009120000;2,6932600000
202200054231;10;8;2022;20:00;1;76;76728;1;1;1;7;D47;49,4933780000;0,9637770000
202200054232;21;10;2022;09:00;1;45;45234;2;1;1;6;12 Place de l'Indien;47,8399400000;1,9350900000
202200054233;5;5;2022;18:40;4;973;97302;2;9;1;3;BADUEL (ROUTE DE);4,9347600000; -52,3117400000
202200054234;8;7;2022;15:10;1;59;59080;1;1;1;7;Rue du Bon Ballon;50,4377390000;3,2708470000
202200054235;25;11;2022;18:31;5;51;51454;2;1;1;7;rue Edouard Mignot;49,2599200000;4,0214900000
202200054236;13;2;2022;18:00;5;13;13212;2;1;1;3;PIERRE CHEVALIER (avenue);43,2948900000;5,4271800000
202200054237;26;3;2022;14:25;1;01;01036;2;1;1;6;Route du Puits des Tines;45,9627810000;5,6749590000
202200054238;2;1;2022;12:20;1;974;97416;2;9;1;3;PASTEUR(RUE); -21,3371900000;55,4623500000
202200054239;5;5;2022;15:15;1;973;97302;1;1;1;7;ROUTE NATIONALE 1;4,9223800000; -52,3297000000
202200054240;21;10;2022;08:55;1;37;37195;1;1;1;7;PROUDHON (AVENUE);47,3888092810;0,6466752291
202200054241;11;8;2022;08:50;1;2A;2A269;1;1;1;3;cala D'ORE;41,8188240000;9,4023660000
202200054242;20;9;2022;11:30;1;66;66133;1;4;1;3;;42,5622960000;2,9646460000
202200054243;4;6;2022;18:35;1;17;17045;1;2;1;1;D 137;45,8652250000; -0,8413340000
202200054244;1;1;2022;16:50;1;974;97411;2;1;1;7;BOIS DE NEFLES (ROUTE DE); -20,9150200000;55,4756100000
202200054245;13;2;2022;07:25;2;13;13211;2;1;1;2;QUATRE SAISONS (ROUTE DES);43,2988741532;5,4999000860
202200054246;26;3;2022;20:00;3;72;72044;1;9;1;3;La Garenne des Sars;47,7394100000; -0,0545020000
202200054247;25;11;2022;16:00;1;51;51172;2;1;1;3;Route de Louvois;49,2140500000;4,0509900000
202200054248;5;5;2022;08:15;1;69;69388;1;3;1;6;Rue Antoine Lumière;45,7424000000;4,8693200000
202200054249;30;6;2022;17:05;1;59;59146;2;1;2;5;Rue du Marequaix;50,6128927629;3,2159310579
202200054250;10;8;2022;23:10;3;80;80360;1;6;1;1;D925;50,0734270000;1,5885110000
202200054251;2;1;2022;17:40;5;69;69259;2;1;1;6;Chemin de Feyzin;45,6902100000;4,8806900000
202200054252;19;9;2022;13:45;1;83;83143;1;1;1;3;départementale 562;43,4533280000;6,1160020000
202200054253;25;11;2022;13:20;2;50;50502;1;1;2;1;route de Saint-lô;49,1271000000; -1,0751900000
202200054254;10;8;2022;18:45;1;65;65004;1;1;1;6;D821;43,0253120000; -0,0832070000
202200054255;27;3;2022;01:55;3;14;14578;1;1;1;1;D74;49,3576970000;0,1616190000
202200054256;12;2;2022;15:00;1;13;13210;2;1;1;1;ROMAIN ROLLAND (BOULEVARD);43,2738549270;5,4140652716
202200054257;3;6;2022;23:00;3;52;52365;1;9;1;7;Départementale 105;48,0751540000;4,9423240000
202200054258;21;10;2022;02:05;5;37;37195;2;3;2;2;PROUDHON (AVENUE);47,3872000000;0,6484500000
202200054259;5;5;2022;06:50;1;69;69386;2;2;2;3;Rue Tête d’Or;45,7651100000;4,8531800000
202200054260;9;7;2022;15:30;1;59;59436;1;1;1;7;D55;50,7796093126;2,3849853873
202200054261;19;9;2022;13:30;1;05;05097;1;1;1;6;Route des Princes d'Orange;44,3154197336;5,7092968580
202200054262;2;1;2022;03:55;5;69;69389;2;1;1;2;Pont Georges Clémenceau;45,7748768032;4,8093777895
202200054263;12;2;2022;09:00;1;13;13209;2;1;1;1;CONCORDE (BOULEVARD DE LA);43,2498400000;5,4022700000
202200054264;21;10;2022;07:20;5;35;35055;1;6;8;7;173 RD;48,0776300000; -1,6326900000
202200054265;11;8;2022;10:25;1;32;32344;1;1;1;3;Route de Balembitz;43,6231271497; -0,0702685118
202200054266;26;3;2022;17:00;1;50;50591;1;1;1;2;D32;48,5026410000; -0,8643420000
202200054267;25;11;2022;18:32;5;49;49007;2;1;1;3;BOISNET RUE;47,4741400000; -0,5536500000
202200054268;5;5;2022;16:50;1;972;97213;2;1;1;2;PELLETIER (ROUTE DE);14,6546819000; -61,0115337000
202200054269;4;6;2022;22:44;3;73;73085;2;1;1;6;D991 Route d Aix;45,8025120000;5,8565010000
202200054270;1;1;2022;16:00;1;91;91201;2;1;1;7;AV DES ORMES;48,6868000000;2,3944500000
202200054271;13;2;2022;06:32;5;06;06088;2;1;1;6;ANGLAIS (DU N° 265 AU N° 350);43,6816700000;7,2324700000
202200054272;19;9;2022;12:15;1;04;04096;1;1;1;7;route de la bonette;44,3430620000;6,7840630000
202200054273;10;7;2022;19:15;1;13;13056;1;1;1;5;A55-Sens Martigues vers Marseille;43,3976430000;5,0790480000
202200054274;26;3;2022;18:50;2;83;83028;1;1;1;6;5150 RD25 Les 4 chemins;43,5731780000;6,5613060000
202200054275;4;5;2022;22:04;3;972;97213;1;1;1;7;ROUTE DEPARTEMENTALE 3;14,6744300000; -60,9907600000
202200054276;2;1;2022;03:30;5;79;79329;2;1;1;6;73 Avenue Emile Zola;46,9896600000; -0,2096800000
202200054277;21;10;2022;23:38;5;33;33249;2;1;1;6;Voie Ctre Cial Quatre Pavillons;44,8662000000; -0,5141000000
202200054278;5;6;2022;07:45;2;74;74002;1;1;1;6;A41;45,8171880000;6,0071070000
202200054279;25;11;2022;16:50;1;49;49007;2;1;1;6;KING MARTIN-LUTHER RUE ET SQUARE;47,4502000000; -0,5621000000
202200054280;19;9;2022;18:45;2;13;13086;1;1;1;3;Route de Saint Vincent;43,3583430000;5,6097170000
202200054281;8;2;2022;08:47;1;03;03013;2;1;7;3;Route de Paris;46,5829100000;3,3192400000
202200054282;10;7;2022;10:10;1;13;13210;1;1;1;6;A507 sens Aubagne- Marseille;43,2878180921;5,4246074118
202200054283;2;1;2022;23:12;5;76;76540;1;1;1;6;N28;49,4383300000;1,1297400000
202200054284;5;5;2022;17:40;1;972;97209;2;4;1;6;GENERAL DE GAULLE (BLD DU);14,6076000000; -61,0720900000
202200054285;10;8;2022;21:00;2;11;11009;1;1;1;7;;43,2551195134;2,1813855969
202200054286;26;3;2022;23:45;5;64;64231;2;9;1;6;RD 918;43,2081710000; -0,9058360000
202200054287;24;11;2022;22:05;5;49;49007;2;9;1;3;LETANDUERE;47,4575600000; -0,5541200000
202200054288;21;10;2022;23:40;5;33;33063;2;3;1;2;Quai Louis XVIII;44,8452400000; -0,5707600000
202200054289;12;2;2022;18:55;5;01;01053;2;1;1;6;Boulevard John Kennedy;46,2073453044;5,2378123999
202200054290;4;6;2022;21:50;3;57;57286;1;1;8;6;;49,3897799902;6,4787304552
202200054291;11;8;2022;11:50;1;89;89176;1;1;1;7;;47,4083700000;3,7211470000
202200054292;4;5;2022;15:15;1;972;97209;2;1;1;3;SOLEIL LEVANT (BOULEVARD DU);14,6268100000; -61,0396200000
202200054293;19;9;2022;21:25;5;71;71150;2;2;1;3;726 Route Nationale;46,2442360000;4,7873140000
202200054294;2;1;2022;21:25;5;73;73008;2;4;1;6;CORSUET CHEMIN DE;45,7096700000;5,8961600000
202200054295;12;2;2022;15:45;1;75;75116;2;1;1;6;RUE DE LA TOUR;48,8592890000;2,2829240000
202200054296;9;7;2022;17:30;1;13;13215;1;1;1;2;A7-Sens Lyon vers Marseille;43,3514900000;5,3669300000
202200054297;24;11;2022;20:13;5;49;49007;2;2;1;1;ESTIENNE D'ORVES BOULEVARD;47,4556400000; -0,5300900000
202200054298;26;3;2022;21:30;5;18;18242;2;2;1;3;5 Rue de l'Hotel de Ville;46,8307690000;2,9183020000
202200054299;2;4;2022;20:00;5;971;97107;2;1;1;6;FRONT DE MER ( BOULEVARD);16,0502300000; -61,5579500000
202200054300;21;10;2022;10:00;1;33;33529;2;1;1;3;CAZAUX (BD DE);44,6095473807; -1,1325091124
202200054301;1;6;2022;11:28;1;06;06161;2;1;1;3;1375 Route Départementale 6007;43,6343130000;7,1338580000
202200054302;10;8;2022;19:40;1;63;63195;2;2;1;1;rue des augustins / Square Lopick;45,8278610000;3,3777270000
202200054303;20;9;2022;08:50;1;08;08081;2;4;1;6;27 Rue Bernisseaux;49,8549474292;4,7365088761
202200054304;26;3;2022;13:50;1;36;36143;1;1;1;6;Les Aucheres;46,6218610000;1,9540800000
202200054305;2;1;2022;11:55;1;64;64445;2;2;1;3;Place Gramont;43,2963300000; -0,3751300000
202200054306;24;11;2022;17:36;5;49;49007;2;1;2;3;BLANCHOIN BOULEVARD;47,4481000000; -0,5407800000
202200054307;9;7;2022;10:20;1;13;13215;1;1;1;2;A7-Sens Marseille vers Lyon;43,3671190869;5,3608571433
202200054308;10;8;2022;20:00;1;63;63066;2;1;1;6;La Grande Bergère;45,8695950000;3,6536140000
202200054309;12;2;2022;22:30;5;75;75120;2;4;1;4;BOULEVARD PERIPHERIQUE INTERIEUR NORD  ;48,8664810000;2,4126720000
202200054310;5;5;2022;15:00;1;95;95280;2;2;1;3;Boulevard Cognacq Jay;49,0361150000;2,4665460000
202200054311;20;10;2022;15:28;1;32;32013;2;3;1;3;VICTOR HUGO (RUE);43,6557300000;0,5638300000
202200054312;4;6;2022;08:50;1;49;49343;1;3;1;1;D258;47,0138540000; -0,8513760000
202200054313;18;9;2022;18:30;1;67;67169;2;1;1;2;8 Rue de Bischwiller;48,7532690000;7,8164170000
202200054314;2;1;2022;23:55;5;64;64024;2;1;1;7;Avenue de l’Adour;43,5014950000; -1,4929430000
202200054315;26;3;2022;10:35;1;37;37218;1;1;1;4;6 Bois Feraud;46,9918400975;1,0364779830
202200054316;8;7;2022;23:43;5;13;13202;1;1;1;3;A55-Sens Marseille vers Martigues;43,3099900000;5,3684400000
202200054317;24;11;2022;12:45;1;45;45208;2;1;1;3;18 Avenue Adolphe Cochery;48,0021690000;2,7381500000
202200054318;21;10;2022;18:15;1;29;29039;2;2;2;3;BERNHARDT (RUE SARAH);47,8902700000; -3,9230400000
202200054319;10;8;2022;13:50;1;42;42205;1;1;1;7;Route de la Pelletière;45,6712690000;3,9598420000