Num_Acc;jour;mois;an;hrmn;lum;dep;com;agg;int;atm;col;adr;lat;long
202200054567;9;7;2022;12:00;1;91;91689;1;1;1;2;AUTOROUTE A6;48,7224000000;2,3117900000
202200054568;2;8;2022;11:20;1;986;98613;1;1;1;3;Tepa; -13,3240130000; -176,1910490000
202200054569;5;5;2022;08:05;1;61;61077;2;9;1;3;L'EXPANSION(RUE DE);48,4460400000;0,1143300000
202200054570;24;11;2022;17:05;1;22;22360;2;1;1;2;MONCONTOUR (RUE DE);48,4822700000; -2,7294900000
202200054571;13;2;2022;19:10;3;18;18266;1;1;1;1;Les Berrys;46,6826340000;2,2109450000
202200054572;3;1;2022;08:45;1;12;12238;1;4;1;3;Départementale 911;44,2408180000;2,9441430000
202200054573;20;10;2022;08:45;1;972;97209;2;9;1;1;CHEVALIER DE SAINTE-MARTHE (BLD);14,6027500000; -61,0666100000
202200054574;12;5;2022;19:00;1;74;74309;1;1;1;2;rd1206;46,1249500000;6,0420080000
202200054575;5;5;2022;20:15;1;59;59599;2;1;1;6;GAMBETTA (BOULEVARD);50,7076514980;3,1599533558
202200054576;9;7;2022;11:45;1;91;91689;1;1;1;4;AUTOROUTE A6;48,7222200000;2,3114900000
202200054577;13;7;2022;18:30;5;971;97125;1;2;1;3;Bragelogne;16,2781560000; -61,3017850000
202200054578;25;3;2022;20:30;4;93;93064;1;1;1;5;AUTOROUTE A86;48,8792314598;2,4763003551
202200054579;4;6;2022;11:30;1;56;56044;1;1;1;5;16 Rue du Bout du Pont;47,7597300000; -2,1292320000
202200054580;22;11;2022;18:08;3;22;22113;1;1;2;2;TREGUIER (ROUTE DE);48,7422000000; -3,4159800000
202200054581;14;2;2022;11:10;1;43;43239;1;1;2;6;Route de Langeac;45,0929840000;3,6263470000
202200054582;5;5;2022;19:45;1;59;59599;2;1;1;6;GUERRE (RUE FIN DE LA);50,7289491503;3,1456679106
202200054583;10;5;2022;17:44;1;74;74225;2;9;1;3;avenue de l'europe;45,8650610000;5,9397200000
202200054584;14;2;2022;07:50;2;43;43215;1;1;2;6;RN88;44,8005430000;3,8855450000
202200054585;2;1;2022;13:50;1;12;12288;1;2;1;2;RD840;44,4538180000;2,4258540000
202200054586;26;3;2022;16:15;1;77;77294;1;1;1;2;A104;48,9540652051;2,6277766474
202200054587;8;8;2022;14:45;1;2B;2B134;2;1;1;6;Bollaccia;42,6317250000;8,9493670000
202200054588;9;7;2022;10:30;1;91;91363;1;1;1;2;RN 104;48,6514000000;2,1833000000
202200054589;25;11;2022;16:27;1;17;17415;2;1;8;3;SAINTONGE AVENUE DE;45,7408400000; -0,6292800000
202200054590;20;10;2022;19:50;5;69;69389;2;1;1;6;36 Avenue Sidoine Apollinaire;45,7721900000;4,7959800000
202200054591;5;6;2022;19:40;1;56;56078;1;3;1;3;Manecohal;47,7585700000; -3,4744260000
202200054592;5;5;2022;17:30;1;59;59599;2;1;1;2;GRAMME (CHAUSSEE);50,7368263309;3,1696200371
202200054593;26;3;2022;06:00;3;94;94046;1;9;1;6;A86 EXT;48,8107024269;2,4491754571
202200054594;9;7;2022;09:30;1;91;91521;1;1;1;7;AUTOROUTE A6;48,6340900000;2,4036100000
202200054595;14;2;2022;08:20;1;16;16131;1;1;8;1;;46,0297610000;0,7133390000
202200054596;28;4;2022;18:00;1;74;74049;1;9;1;1;D186;46,0543809526;6,4515593283
202200054597;10;8;2022;23:00;5;2B;2B042;1;1;1;1;Route des Marines de Borgo;42,5642430000;9,5205060000
202200054598;25;11;2022;18:50;2;17;17300;2;3;1;6;BRIDAULT   RUE FELIX;46,1393200000; -1,1425000000
202200054599;3;1;2022;12:35;1;12;12264;2;6;1;2;Rue du Tremblant;44,3955230000;2,5979770000
202200054600;20;10;2022;06:50;1;971;97101;1;2;1;3;PALAIS ROYAL;16,2878000000; -61,4949300000
202200054601;11;2;2022;17:50;2;24;24234;1;9;1;1;Bas Tresseroux, RD709;44,9801680000;0,3996060000
202200054602;25;3;2022;22:50;4;94;94073;1;1;1;6;A86 EXT;48,7658023001;2,3793952200
202200054603;12;3;2022;23:25;3;74;74241;2;1;1;1;Route de Pouilly;46,1399990000;6,4591460000
202200054604;8;7;2022;01:52;3;91;91161;1;1;1;3;AUTOROUTE A6;48,7058700000;2,3058700000
202200054605;5;6;2022;17:45;1;56;56090;1;1;1;7;Kerlen D102;47,8740440000; -3,2066670000
202200054606;25;4;2022;10:15;1;59;59350;2;1;1;3;REDUIT RUE DU;50,6300300000;3,0714500000
202200054607;11;8;2022;17:30;1;66;66221;1;1;1;7;;42,5363380000;2,5295160000
202200054608;13;2;2022;19:15;5;85;85059;1;6;1;3;ROND POINT - RD 949B;46,6541200000; -0,7525210000
202200054609;2;1;2022;10:30;1;31;31315;2;1;1;1;Avenue Tolosane;43,0864110000;0,9514650000
202200054610;8;9;2022;13:45;1;95;95585;2;1;1;2;Avenue Paul Langevin;48,9827471831;2,3791301250
202200054611;8;7;2022;00:40;3;91;91689;1;1;1;7;AUTOROUTE A6A;48,7422300000;2,3217400000
202200054612;14;2;2022;12:45;1;42;42268;1;1;2;2;A89;45,8570660000;4,0447010000
202200054613;10;8;2022;15:00;1;66;66017;2;1;1;3;;42,8127410000;3,0301560000
202200054614;25;11;2022;18:51;3;15;15012;1;1;8;2;RD 920;44,8681420000;2,4460370000
202200054615;4;6;2022;12:45;1;56;56168;1;1;1;6;D768;47,5823130000; -3,1347830000
202200054616;4;5;2022;09:45;1;55;55029;2;1;1;6;ROCHELLE ( BOULEVARD DE LA );48,7720695261;5,1633105241
202200054617;7;7;2022;22:01;2;91;91228;1;1;1;7;AUTOROUTE A6;48,6314500000;2,4070600000
202200054618;20;10;2022;19:30;5;95;95280;2;1;3;6;Route de la Gare;49,0156562103;2,4698692560
202200054619;5;3;2022;09:49;1;74;74081;2;6;1;3;Avenue du Mont Blanc;46,0580750000;6,5721850000
202200054620;25;3;2022;08:20;1;72;72181;2;1;1;6;ISAAC (RUE) N° PAIRS 126 ET >;48,0153000000;0,2278000000
202200054621;20;10;2022;18:20;2;95;95424;2;1;1;6;Rue Auguste Renoir;48,9964497972;2,2073346376
202200054622;11;8;2022;10:35;1;66;66065;1;1;1;2;;42,6204257454;2,9779574275
202200054623;4;5;2022;16:10;1;49;49007;2;1;1;6;ROI RENE BOULEVARD;47,4675500000; -0,5553800000
202200054624;12;2;2022;12:10;1;35;35210;1;1;1;5;Lieu-dit Le BEUCHAIS;48,1358220000; -1,8030350000
202200054625;3;6;2022;18:45;1;14;14220;2;6;2;6;D513;49,3607898461;0,0845539570
202200054626;7;7;2022;12:03;1;91;91549;1;1;1;2;RN 104;48,6250000000;2,3380000000
202200054627;2;1;2022;19:40;5;31;31356;1;2;1;1;551 Route de Toulouse;43,6874370000;1,2414280000
202200054628;25;3;2022;09:36;1;51;51454;2;1;1;7;Boulevard Foch;49,2587400000;4,0276160000
202200054629;5;6;2022;18:15;1;56;56223;2;1;1;1;4 Aucfer;47,6361600000; -2,1040210000
202200054630;24;11;2022;16:10;1;15;15012;2;1;1;1;COUFFINS (LIEU-DIT);44,8834100000;2,4941000000
202200054631;19;10;2022;12:55;1;95;95427;2;1;1;6;Rue Jules Ferry;48,9623160000;2,3383730000
202200054632;7;7;2022;00:45;3;94;94034;1;1;1;7;AUTOROUTE A6B;48,7562900000;2,3340300000
202200054633;11;8;2022;07:37;1;83;83065;2;1;1;3;Route du Bourrian;43,2531620000;6,5842040000
202200054634;13;2;2022;21:35;3;57;57693;1;1;1;3;A314  Pk 1+400;49,1257640000;6,2425730000
202200054635;25;3;2022;08:20;1;76;76351;2;9;1;6;BIGNE A FOSSE;49,5260700000;0,1122100000
202200054636;3;6;2022;16:45;1;59;59089;1;1;1;7;5 Route de Watten;50,8764010000;2,3461350000
202200054637;26;5;2022;19:30;1;14;14715;2;6;8;3;;49,3613000000;0,0860000000
202200054638;5;5;2022;07:12;1;45;45147;2;2;1;2;Rue du Colonel Fabien;47,9362900000;1,9132000000
202200054639;25;11;2022;18:20;2;14;14181;1;1;1;2;N814;49,1538780000; -0,3148780000
202200054640;6;7;2022;18:40;1;91;91589;1;1;1;3;AUTOROUTE A6;48,6779000000;2,3365000000
202200054641;4;2;2022;02:00;5;38;38191;2;1;1;6;rue du coulet;45,0919060000;6,0645500000
202200054642;9;8;2022;16:15;1;06;06066;2;1;1;7;piste cyclable;43,8373090000;7,1910860000
202200054643;25;3;2022;10:00;1;64;64129;2;1;1;7;MARNIERES DES;43,3042700000; -0,3799900000
202200054644;1;1;2022;14:00;1;70;70114;1;1;5;6;D46;47,8338430000;5,9467580000
202200054645;5;6;2022;16:15;1;59;59094;2;1;1;6;26 RUE MOZART;50,9388630000;2,1978610000
202200054646;5;5;2022;09:00;1;44;44143;1;6;1;3;Rond-Point des Marguyonnes;47,1926700000; -1,5632100000
202200054647;24;5;2022;19:55;1;14;14220;2;6;1;6;D513;49,3601220000;0,0810180000
202200054648;6;7;2022;17:25;1;91;91347;1;1;1;3;RN 104;48,6228000000;2,2916000000
202200054649;23;3;2022;16:05;1;89;89024;2;1;1;6;VERDUN (BOULEVARD DE) N° PAIRS;47,8053600000;3,5558300000
202200054650;12;2;2022;21:50;5;976;97605;2;1;1;1;D7A; -12,8329490000;45,1129100000
202200054651;22;11;2022;05:00;5;13;13071;1;6;8;2;VERSAILLES (ROND POINT DIT DE);43,4097700000;5,3247600000
202200054652;4;6;2022;01:23;3;59;59463;1;1;1;7;Route de la Colme;50,9605644307;2,3315450549
202200054653;5;5;2022;01:50;5;35;35238;2;1;1;7;CHEZY (BD DE);48,1178300000; -1,6855500000
202200054654;25;3;2022;09:30;1;973;97302;2;1;1;3;BADUEL (ROUTE DE);4,9319100000; -52,3071600000
202200054655;2;1;2022;17:10;5;70;70433;2;2;8;3;Grande rue;47,6077220000;6,1899860000
202200054656;31;5;2022;13:55;1;14;14514;2;6;1;3;D677;49,2903560000;0,1909533000
202200054657;6;7;2022;13:20;1;92;92019;1;1;1;5;RN 385 Extèrieure;48,7723095382;2,2428001395
202200054658;19;10;2022;17:50;5;91;91657;2;2;1;2;RUE VICTOR HUGO;48,7076900000;2,4285100000
202200054659;13;2;2022;20:00;3;988;98831;1;1;1;1;RT1  sens Sud/Nord; -20,8722160000;164,6358450000
202200054660;11;8;2022;16:15;1;26;26166;1;1;1;5;A7 sens N/S PK 091.850;44,7619180000;4,7963260000
202200054661;25;11;2022;08:10;1;13;13103;2;1;1;2;AVENUE JUIN - DU 18 ... 1940;43,6281745450;5,1111425694
202200054662;4;5;2022;19:10;1;35;35238;2;1;1;3;PATTON (AVENUE DU GENERAL SIR GEORGES);48,1255500000; -1,6662000000
202200054663;3;1;2022;15:40;1;45;45062;2;1;2;6;107 route nationale;47,9761050000;1,8851640000
202200054664;25;3;2022;03:40;5;69;69383;2;3;1;6;Cours Lafayette;45,7636200000;4,8619400000
202200054665;4;6;2022;16:00;1;76;76240;1;1;1;1;Route du Havre;49,7155030000;0,3661540000
202200054666;9;7;2022;15:20;1;78;78029;1;1;1;3;A13Y;48,9641020000;1,8439250000
202200054667;12;2;2022;13:30;1;973;97311;1;1;1;7;Route de Mana;5,5460130000; -53,9413050000
202200054668;20;10;2022;08:40;1;91;91589;2;1;1;6;RUE VAN GOGH;48,6753780000;2,3396600000
202200054669;23;5;2022;08:45;1;14;14059;2;1;2;3;D513;49,3460600000;0,0440300000
202200054670;25;11;2022;19:15;5;13;13211;2;1;1;3;CAMOINS (AVENUE DES);43,3060309465;5,5107238510
202200054671;6;5;2022;01:05;5;33;33063;2;3;1;3;Quai Richelieu;44,8389700000; -0,5678600000
202200054672;2;1;2022;11:10;1;36;36215;1;1;7;3;;46,8649128585;2,0859164000
202200054673;2;6;2022;17:05;1;76;76101;2;1;1;6;14 Rue du Chant des Oiseaux;49,9285990000;1,6272470000
202200054674;25;3;2022;10:06;1;972;97213;2;1;1;2;ROUTE DEPARTEMENTALE 15;14,6125230000; -60,9978920000
202200054675;14;2;2022;10:00;1;973;97304;1;1;2;3;Route Nationale 1;5,1173610000; -52,6470420000
202200054676;10;8;2022;15:00;1;89;89257;2;1;1;5;78 Avenue Jean Jaures;47,9637030000;3,5115480000
202200054677;19;10;2022;14:11;1;87;87085;2;3;1;6;ALSACE LORRAINE (RUE D');45,8431700000;1,2568300000
202200054678;8;7;2022;13:18;1;92;92025;1;1;1;4;A86;48,9274239062;2,2374158506
202200054679;25;11;2022;15:39;1;13;13201;2;1;1;3;VOLTAIRE    IMPAIRS (BOULEVARD);43,3027800000;5,3818800000
202200054680;3;6;2022;21:30;5;2A;2A362;2;1;1;6;Pinarello à Zonza;41,6863740000;9,3682910000
202200054681;14;5;2022;15:30;1;14;14220;2;2;1;3;Avenue Charles de Gaulle;49,3572743056;0,0718279481
202200054682;23;3;2022;14:35;1;972;97213;1;9;1;1;ROUTE DEPARTEMENTALE 3;14,5985104831; -60,9972470999
202200054683;5;5;2022;11:15;1;33;33063;2;2;1;3;Rue Richelieu;44,8457900000; -0,6177800000
202200054684;8;7;2022;11:15;1;78;78646;1;1;1;6;RN12;48,7918870000;2,0973940000
202200054685;13;2;2022;00:58;3;45;45034;1;1;1;7;D124 PR 11 + 1535;47,9326980000;2,0433110000
202200054686;7;8;2022;16:30;1;68;68247;1;1;1;1;départemental 13bis 1;47,9174100000;6,9488630000
202200054687;7;5;2022;19:20;1;14;14715;2;9;1;6;Avenue de la Marinière;49,3713086456;0,1145437360
202200054688;19;10;2022;17:41;1;87;87114;2;3;1;3;JOURDAN (MARECHAL);45,8413000000;1,3063400000
202200054689;3;6;2022;04:30;3;2A;2A085;1;1;1;6;Route Territoriale 40;41,9128170000;8,8296820000
202200054690;2;1;2022;08:40;2;27;27516;1;1;1;7;Vallee de la Mercerie;49,0631710000;0,6256820000
202200054691;14;2;2022;10:40;1;95;95523;2;6;1;7;RD 913;49,0803643156;1,6272962093
202200054692;25;11;2022;20:00;5;13;13001;2;1;1;2;R.I.C.M. (RUE);43,5283700000;5,4592000000
202200054693;8;7;2022;09:00;1;92;92047;1;1;1;3;A13;48,8358697507;2,1822146526
202200054694;25;4;2022;03:05;5;14;14220;2;1;1;6;Rue du Général Leclerc;49,3591700000;0,0719200000
202200054695;5;5;2022;08:40;1;33;33318;2;3;1;3;Avenue du Maréchal de Lattre de Tassigny (rd);44,7808100000; -0,6923200000
202200054696;12;10;2022;16:35;1;83;83061;2;1;1;1;AVENUE ANDRE LEOTARD;43,4371400000;6,7563110000
202200054697;7;8;2022;14:10;1;54;54318;2;3;1;2;Route de Saizerais;48,7697320080;6,0543626555
202200054698;12;2;2022;13:35;1;78;78265;2;1;1;3;33 Rue du General Leclerc;48,8211260000;1,7565150000
202200054699;25;3;2022;09:15;1;69;69385;2;3;1;3;Rue des Aqueducs;45,7589900000;4,7925400000
202200054700;3;1;2022;03:00;3;87;87097;1;1;1;6;Les Mergleries;46,0521200000;0,8660690000
202200054701;7;7;2022;19:45;1;92;92047;1;1;1;3;A13;48,8342831945;2,1690612144
202200054702;7;5;2022;14:50;1;2B;2B286;2;1;1;2;Suale;42,4847540000;9,4798820000
202200054703;5;5;2022;09:30;1;33;33281;2;1;1;2;Avenue de Magudas;44,8562200000; -0,6451500000
202200054704;25;11;2022;16:02;1;12;12145;1;1;1;5;CAVALERIE (COTE DE LA );44,0882300000;3,0876500000
202200054705;14;2;2022;10:15;1;78;78337;2;1;7;6;114 Route des Vignes;49,0572620000;1,5371650000
202200054706;20;10;2022;19:00;1;79;79191;2;2;1;2;65 Avenue de la Venise Verte;46,3194300000; -0,4863300000
202200054707;17;9;2022;20:35;3;91;91421;2;1;1;4;NATIONALE 6 (REVEIL MATIN);48,7051170000;2,4436530000
202200054708;24;3;2022;16:15;1;971;97113;1;9;1;7;SECTION MOREAU;16,2520332049; -61,4531207085
202200054709;10;8;2022;20:10;1;73;73303;1;1;1;1;D1508;45,7624560000;6,3867100000
202200054710;7;7;2022;17:20;1;92;92019;1;1;1;3;RN385;48,7760956953;2,2294016542
202200054711;1;1;2022;02:15;3;72;72308;1;1;5;7;Autoroute A.28 - PK = 156+400 - vers Rouen;48,4297700000;0,1386170000
202200054712;3;6;2022;15:20;1;2B;2B309;2;1;1;1;42 Route du Bord de Mer;42,7433090000;9,4621410000
202200054713;4;5;2022;13:50;1;33;33192;2;3;1;3;Rue des Fauvettes;44,7816700000; -0,6079500000
202200054714;19;10;2022;19:20;1;79;79191;2;1;1;3;9 Quai de la Préfecture;46,3244600000; -0,4674000000
202200054715;13;2;2022;10:22;1;06;06128;1;3;1;3;Chemin des Blaquieres;43,6843760000;7,1293650000
202200054716;24;11;2022;15:38;1;10;10333;2;6;1;3;TILLEULS (AVENUE DES);48,2821500000;4,0595000000
202200054717;11;8;2022;09:45;1;42;42147;2;1;1;1;Avenue Alsace Lorraine;45,6041960000;4,0695470000
202200054718;23;3;2022;16:45;1;971;97113;1;1;1;6;SECTION GRANDE RAVINE;16,2145578315; -61,4783763885
202200054719;16;9;2022;10:25;1;81;81060;2;1;1;6;JAURES ( PLACE JEAN );44,0503600000;2,1559800000
202200054720;5;5;2022;19:40;1;28;28134;2;1;1;1;POIRIER (RUE LEOPOLD);48,7264400000;1,3794890000
202200054721;20;10;2022;17:38;1;78;78440;2;1;1;3;avenue de la République;48,9861130000;1,9151250000
202200054722;13;2;2022;08:17;1;06;06122;2;6;1;6;Route de Gattières;43,7454740000;7,1567510000
202200054723;5;6;2022;01:10;5;82;82072;2;6;2;6;Avenue du Midi;44,1131800000;0,8557700000
202200054724;5;5;2022;15:50;1;27;27681;2;1;1;6;ANCIENNE HALLE (PLACE DE L');49,0912900000;1,4851500000
202200054725;13;2;2022;18:30;3;13;13100;1;1;2;2;Route de Tarascon;43,7949470000;4,8073610000
202200054726;3;1;2022;07:40;3;17;17062;1;1;2;1;RD739 - PR01+120;45,8773270000; -0,1447530000
202200054727;18;9;2022;14:15;1;974;97416;1;1;1;7;ANCIENNE RN 1; -21,3174000000;55,4443000000
202200054728;2;6;2022;11:30;1;82;82094;1;1;1;3;Marty Paga;44,2439080000;1,1383620000
202200054729;6;7;2022;19:35;1;92;92025;1;1;1;2;A86;48,9354125442;2,2611899740
202200054730;10;8;2022;23:10;3;85;85113;2;2;1;2;94 Rue du Pinier;46,7128810000; -2,3444810000
202200054731;25;11;2022;00:11;5;06;06088;2;1;1;2;NAPOLEON III (PONT);43,6644300000;7,2006200000
202200054732;4;5;2022;11:00;1;27;27554;2;1;1;2;ROUEN (AVENUE DE);49,1097300000;1,4535300000
202200054733;19;10;2022;15:35;2;77;77373;1;1;1;1;RUE JEAN COCTEAU;48,7804400000;2,6165100000
202200054734;14;2;2022;13:20;1;67;67131;2;3;2;3;Rue du Tramway;48,4830280000;7,7180730000
202200054735;18;9;2022;20:00;5;69;69383;2;1;1;3;Avenue Lacassagne;45,7458700000;4,8869600000
202200054736;3;6;2022;22:15;3;82;82148;1;1;1;6;954 Route de Bonnecourse;44,2520200000;1,6215520000
202200054737;1;1;2022;19:20;5;67;67397;2;3;1;3;Rue de Boofzheim;48,3253130000;7,6964160000
202200054738;18;9;2022;09:00;1;972;97213;1;1;1;7;ROUTE NATIONALE 1;14,6186800000; -61,0054000000
202200054739;10;7;2022;00:00;3;93;93053;1;1;1;2;AUTOROUTE A3;48,8929272680;2,4724485870
202200054740;10;8;2022;16:30;1;22;22168;2;1;1;1;Boulevard de la Corniche;48,8165500000; -3,4692820000
202200054741;4;5;2022;14:00;1;27;27681;2;1;1;2;FOCH (AVENUE DU MARECHAL);49,0981200000;1,4765100000
202200054742;24;11;2022;09:40;1;01;01053;2;1;1;3;boulevard voltaire;46,2005630000;5,2240290000
202200054743;3;1;2022;04:45;5;01;01043;2;6;5;3;Chemin des Malettes;45,8210390000;4,9905450000
202200054744;20;10;2022;12:30;1;77;77307;2;3;1;3;D344A;48,8554000000;2,7686800000
202200054745;27;7;2022;23:55;3;60;60575;1;1;1;6;Rue du 11 Novembre 1918;49,2957330000;2,2040190000
202200054746;17;9;2022;14:40;1;69;69382;1;9;1;3;Cours de Verdun Perrache;45,7485500000;4,8283500000
202200054747;21;3;2022;14:10;1;95;95210;2;1;1;6;Rue de Malleville;48,9676350000;2,3054860000
202200054748;24;1;2022;18:35;3;31;31395;2;1;1;6;Chemin des Lacs;43,4419480000;1,3065310000
202200054749;5;5;2022;11:45;1;25;25056;2;2;1;6;GRANDE RUE (sup 133);47,2348250000;6,0294700000
202200054750;26;11;2022;19:50;5;75;75113;2;1;1;2;BD PERIPHERIQUE EXTERIEUR;48,8206740000;2,3767840000
202200054751;2;1;2022;16:20;1;22;22179;1;1;1;1;Rue de la cotière;48,6206370180; -2,3414343590
202200054752;18;9;2022;11:30;1;2B;2B033;2;1;1;6;11 - RT;42,6906200000;9,4491350000
202200054753;9;7;2022;18:45;1;95;95018;1;1;1;5; A15;48,9523000000;2,2794900000
202200054754;10;8;2022;11:50;1;83;83027;1;1;1;6;A50;43,1680000000;5,7688000000
202200054755;24;3;2022;23:30;5;95;95018;2;1;1;1;RD 909;48,9562030000;2,2559710000
202200054756;20;10;2022;13:15;1;77;77186;1;9;1;4;D607;48,4021500000;2,6871720000
202200054757;13;2;2022;08:15;3;33;33164;1;1;1;1;D 8, lieu dit la Tuillerie;44,5423200000; -0,3029290000
202200054758;26;11;2022;02:00;5;75;75114;2;1;1;2;BD PERIPHERIQUE EXTERIEUR;48,8234250000;2,3102740000
202200054759;1;1;2022;12:00;1;35;35124;2;6;1;3;Rue de Pierric;47,7205180000; -1,7324640000
202200054760;8;7;2022;22:45;5;92;92036;1;1;1;6;AUTOROUTE A15;48,9458291540;2,2833738855
202200054761;18;9;2022;07:10;1;2A;2A004;2;8;1;1;NICOLI JEAN COURS;41,9321196840;8,7405813237
202200054762;25;3;2022;17:20;1;91;91657;2;7;1;6;PL AMBROISE PARE;48,7036680000;2,4189490000
202200054763;4;5;2022;17:00;1;13;13071;1;1;1;3;ROUTE NATIONALE 368 (PLAN DES PENNES);43,4040200000;5,2799700000
202200054764;10;8;2022;18:05;1;33;33550;1;1;1;4;ROCADE A 630;44,7821764601; -0,5840322375
202200054765;8;7;2022;22:40;4;93;93078;1;1;1;6;AUTOROUTE A104;48,9710900000;2,4984500000
202200054766;26;11;2022;15:00;1;75;75120;2;3;1;3;RUE DES PYRENEES;48,8535360000;2,4058670000
202200054767;5;5;2022;16:40;1;13;13213;2;1;3;3;VALDONNE (AVENUE DE);43,3269500000;5,4178900000
202200054768;18;9;2022;13:50;1;91;91421;2;1;1;3;JEAN JAURES (AVENUE);48,7181700000;2,4449300000
202200054769;23;3;2022;10:05;1;90;90010;2;2;1;3;Rue de Roubaix;47,6470000000;6,8500000000
202200054770;2;1;2022;14:10;1;13;13214;1;1;1;2;A507 sens Aubagne- Marseille;43,3367700000;5,3794700000
202200054771;8;7;2022;18:35;1;95;95351;1;1;1;2;RN 104;49,0279600000;2,5224100000
202200054772;26;11;2022;17:00;5;75;75117;2;3;1;2;AVENUE DE LA PORTE D ASNIERES;48,8910680000;2,3025530000
202200054773;5;5;2022;16:55;1;13;13209;2;1;2;3;MARÉCHAL DE LATTRE (AVENUE);43,2457816827;5,4162895914
202200054774;25;3;2022;07:50;1;88;88413;2;6;1;6;ROND POINT G. BRAQUE;48,2847900000;6,9490100000
202200054775;18;9;2022;20:00;5;90;90010;2;1;1;3;JAURES (AVENUE JEAN) A 150 ET 117;47,6530000000;6,8500000000
202200054776;2;1;2022;10:36;1;13;13071;1;1;1;7;A55-Sens Martigues vers Marseille;43,3756400000;5,3188200000
202200054777;10;8;2022;18:05;1;33;33080;1;1;1;4;AUTOROUTE A 62;44,7518800000; -0,5423760000
202200054778;8;7;2022;19:10;1;93;93053;1;1;1;2;AUTOROUTE A3;48,8809700000;2,4524600000
202200054779;5;5;2022;10:40;1;13;13098;1;1;1;6;D.5;43,4582100000;5,0068200000
202200054780;17;9;2022;09:05;1;83;83061;2;1;7;6;AVENUE ANDRÉ LÉOTARD;43,4399000000;6,7443400000
202200054781;6;6;2022;15:25;1;33;33514;2;2;2;3;Route de Bordeaux;45,5083920000; -1,1091950000
202200054782;25;3;2022;07:09;1;87;87038;1;1;1;1;BOURDELAS (RUE DE);45,9007250000;1,2279280000
202200054783;26;11;2022;11:15;1;75;75117;2;2;1;6;RUE LEGENDRE;48,8853150000;2,3162130000
202200054784;2;1;2022;19:15;4;33;33143;1;1;1;2;AUTOROUTE A 10;44,9592830000; -0,4464360000
202200054785;8;7;2022;16:50;1;95;95351;1;1;1;2;RN 104;49,0398200000;2,4835100000
202200054786;18;9;2022;02:10;3;82;82121;2;1;1;7;SAINT-MARTIAL (ROUTE DE);44,0052600000;1,3948500000
202200054787;4;5;2022;23:30;3;11;11069;2;9;3;3;Route de Limoux;43,1992500000;2,3271400000
202200054788;19;10;2022;11:30;1;77;77186;1;2;1;3;D142 / D115;48,4808200000;2,6669700000
202200054789;29;7;2022;14:25;1;62;62274;1;1;1;5;AUTOROUTE A21;50,4285600000;2,9805300000
202200054790;26;11;2022;17:00;2;75;75116;2;1;1;6;ALLEE DU BORD DE L EAU;48,8545380000;2,2261790000
202200054791;1;6;2022;12:15;1;33;33395;1;1;1;3;Boulevard Maritime;45,2611340000; -0,7568750000
202200054792;12;2;2022;15:15;1;22;22327;2;2;1;1;La Hisse (Gare);48,4960050000; -2,0031810000
202200054793;24;3;2022;17:26;2;87;87048;1;3;1;3;SOLIGNAC (RUE DE);45,7954200000;1,2631900000
202200054794;5;5;2022;10:45;1;09;09122;1;1;2;7;RD 117;42,9658390000;1,5956910000
202200054795;18;9;2022;04:15;5;78;78372;2;1;1;6;CHAMPS DES OISEAUX (RUE DU);48,8740330000;2,0865240000
202200054796;8;8;2022;17:35;1;59;59560;1;1;1;2;AUTOROUTE A1;50,5494466229;3,0589574575
202200054797;2;1;2022;18:35;5;92;92047;1;1;1;2;A13;48,8327145937;2,1569510289
202200054798;4;6;2022;16:00;1;81;81069;1;1;1;7;D600;44,0592580000;1,9711180000
202200054799;26;11;2022;15:37;1;75;75116;2;3;1;6;AVENUE DE LA GRANDE ARMEE;48,8768540000;2,2854350000
202200054800;8;7;2022;13:10;1;93;93007;1;1;1;5;AUTOROUTE A1;48,9481600000;2,4443100000
202200054801;24;3;2022;14:30;1;86;86194;2;1;1;3;Avenue Jacques Coeur;46,5674200000;0,3756560000
202200054802;1;6;2022;19:15;1;32;32160;2;1;1;6;Rue Elie Cester;43,6099290000;1,0905000000
202200054803;14;2;2022;15:20;1;60;60204;1;2;1;3;D934;49,6377320000;2,9055830000
202200054804;2;1;2022;20:00;3;93;93027;1;1;1;6;AUTOROUTE A1;48,9351300000;2,4021600000
202200054805;5;5;2022;11:20;1;07;07102;2;6;8;3;;44,9159300000;4,8567500000
202200054806;18;9;2022;00:50;5;77;77284;2;9;1;6;SADI-CARNOT (QUAI);48,9561700000;2,8807700000
202200054807;1;8;2022;15:40;1;59;59343;1;1;1;2;AUTOROUTE A27;50,6007900000;3,1221000000
202200054808;20;10;2022;11:55;1;71;71153;2;1;1;3;CHANZY (RUE DE);46,7968700000;4,4413800000
202200054809;8;7;2022;09:25;1;95;95241;1;1;1;2;RN 104;49,0457822316;2,4508631229
202200054810;26;11;2022;17:15;2;75;75113;2;2;1;3;BOULEVARD ARAGO;48,8349600000;2,3449890000
202200054811;5;6;2022;16:30;1;11;11055;1;1;1;6;;42,8786840000;2,3730250000
202200054812;18;9;2022;18:05;1;77;77464;2;1;7;6;D105B;48,8829900000;2,7147400000
202200054813;12;2;2022;12:10;1;13;13071;1;1;1;2;A51-Sens Marseille vers Aix en Provence;43,4160696296;5,3651768567
202200054814;10;8;2022;08:50;1;91;91228;1;1;1;2;RN 104;48,6249200000;2,4185800000