Num_Acc;jour;mois;an;hrmn;lum;dep;com;agg;int;atm;col;adr;lat;long
202200054815;6;5;2022;00:40;3;06;06069;1;1;1;7;PEGOMAS (ROUTE DE);43,6398350000;6,9360210000
202200054816;2;1;2022;17:20;3;95;95582;1;1;1;2; A15;48,9661084270;2,2572612762
202200054817;19;10;2022;15:15;1;69;69266;2;1;1;1;Rue Pierre Baratin;45,7661500000;4,9015300000
202200054818;3;6;2022;22:55;3;11;11325;1;6;1;6;D118;43,1180580000;2,2852850000
202200054819;18;9;2022;11:15;1;77;77186;2;1;1;6;Place de la République;48,4063106773;2,7007765040
202200054820;8;7;2022;09:30;1;93;93063;1;1;1;2;AUTOROUTE A3;48,8766908331;2,4428673511
202200054821;26;11;2022;16:45;2;75;75113;2;2;1;3;BOULEVARD DU GENERAL JEAN SIMON;48,8259350000;2,3827220000
202200054822;21;3;2022;07:50;1;84;84007;1;1;1;4;C.De GAULLE (Rocade);43,9328300000;4,8300300000
202200054823;12;4;2022;22:40;5;05;05061;2;1;1;7;PACIFIQUE (RUE DU);44,5588380000;6,0633010000
202200054824;3;2;2022;08:30;1;13;13043;1;1;1;2;A55-Sens Martigues vers Marseille;43,3914900000;5,2647130000
202200054825;9;8;2022;21:45;3;91;91312;1;1;1;1;RD 444;48,7428500000;2,2236900000
202200054826;20;10;2022;07:50;2;66;66136;2;3;1;3;;42,6799463402;2,9034590721
202200054827;3;6;2022;14:10;1;71;71410;1;1;1;7;Narbonne (RD978);46,6991560000;5,0816170000
202200054828;18;9;2022;08:50;1;69;69199;1;1;1;3;Boulevard Laurent Bonnevay;45,6951131527;4,8445147276
202200054829;2;1;2022;13:50;1;93;93066;1;1;1;4;AUTOROUTE A1;48,9098772560;2,3580158369
202200054830;7;7;2022;20:30;1;95;95351;1;1;1;2;RN 104;49,0415439320;2,4815583229
202200054831;12;2;2022;07:50;1;13;13213;1;9;1;1;;43,3269477662;5,4201263517
202200054832;10;8;2022;17:17;1;78;78073;1;1;1;6;A12 W;48,7996400000;2,0451230000
202200054833;26;4;2022;18:15;1;05;05061;1;1;1;3;RN85;44,6091600000;6,0804700000
202200054834;19;3;2022;19:00;1;84;84007;2;1;1;3;TARASCON ( Avenue de);43,9404900000;4,8096500000
202200054835;26;11;2022;12:30;1;75;75112;2;3;1;3;AVENUE DAUMESNIL;48,8480260000;2,3738320000
202200054836;19;10;2022;17:50;1;66;66136;1;1;1;2;;42,7026350000;2,8853270000
202200054837;18;9;2022;05:00;3;64;64249;2;1;1;1;Avenue Getaria;43,4183000000; -1,6079100000
202200054838;10;8;2022;03:30;5;92;92064;1;1;1;6;A13;48,8424465609;2,2222865027
202200054839;17;3;2022;10:40;1;30;30011;2;1;1;6;Boulevard Jean Rey;43,9581000000;4,7751000000
202200054840;4;5;2022;19:50;1;75;75117;2;1;1;3;BD PERIPHERIQUE INTERIEUR;48,8864230000;2,2892970000
202200054841;4;6;2022;17:23;1;71;71490;1;1;1;5;N70;46,5160980000;4,1630290000
202200054842;7;7;2022;10:30;1;95;95500;1;1;1;5; A15;49,0364448345;2,0936089754
202200054843;19;10;2022;07:30;2;66;66136;2;1;1;6;;42,7025492708;2,8956109285
202200054844;26;11;2022;17:45;5;75;75111;2;4;1;3;RUE SAINT MAUR;48,8593710000;2,3828260000
202200054845;10;8;2022;09:20;1;75;75112;1;1;1;7;A4;48,8243200000;2,4635300000
202200054846;2;1;2022;03:30;3;93;93066;1;1;1;4;AUTOROUTE A1;48,9217500000;2,3567400000
202200054847;12;2;2022;00:40;3;69;69259;1;1;1;4;Route Départementale 301;45,6865000000;4,8741000000
202200054848;18;9;2022;14:00;1;64;64102;2;6;1;3;Avenue Interne Jacques Loeb;43,4814500000; -1,4826600000
202200054849;2;5;2022;16:35;1;75;75117;2;1;1;3;BD PERIPHERIQUE INTERIEUR;48,8809920000;2,2823330000
202200054850;24;3;2022;16:33;1;83;83069;2;1;1;3;LECLERC (AVENUE MARECHAL);43,1213000000;6,1108000000
202200054851;4;6;2022;11:40;1;89;89364;1;1;1;1;D957;47,4647970000;3,7902590000
202200054852;7;7;2022;09:00;1;93;93066;1;1;1;3;AUTOROUTE A1;48,9161800000;2,3578300000
202200054853;20;10;2022;13:20;1;65;65440;2;2;1;3;Bd du Mal de Lattre de Tassigny;43,2280970000;0,0565090000
202200054854;10;8;2022;08:05;1;77;77121;1;1;1;3;A104;48,8395179423;2,6641993077
202200054855;2;1;2022;02:30;3;93;93001;1;1;1;3;AUTOROUTE A86;48,9219500000;2,3767300000
202200054856;26;11;2022;11:10;1;75;75111;2;2;1;3;BOULEVARD VOLTAIRE;48,8587200000;2,3785800000
202200054857;13;2;2022;14:05;1;92;92050;1;1;1;3;A86;48,8946528951;2,1920543957
202200054858;3;5;2022;19:55;2;75;75116;2;4;1;6;AVENUE DE LA PORTE D AUTEUIL;48,8480213421;2,2468368709
202200054859;24;3;2022;08:40;1;80;80021;2;1;1;3;MAIGNAN LARIVIERE (BOULEVARD);49,8895300000;2,2930700000
202200054860;17;10;2022;08:12;1;63;63113;2;1;1;2;POCHET LAGAYE (BD PAUL);45,7658700000;3,1052300000
202200054861;6;7;2022;14:14;1;93;93064;1;1;1;3;AUTOROUTE A86;48,8831836735;2,4720209511
202200054862;18;9;2022;03:15;3;61;61077;1;1;1;6;PONT DU LONDEAU (RUE DU);48,4517000000;0,1189600000
202200054863;4;6;2022;01:30;4;89;89272;1;1;1;6;Rue des Gerbeaux;47,7086280000;3,3372100000
202200054864;9;8;2022;11:25;1;12;12145;2;1;1;6;Rue Etienne Delmas;44,1040700000;3,0842700000
202200054865;1;1;2022;06:00;3;93;93010;1;1;1;2;AUTOROUTE A3;48,9134628024;2,4771070008
202200054866;24;3;2022;20:13;5;77;77079;2;1;1;6;RUE GEORGES CLEMENCEAU;48,3985300000;2,7971900000
202200054867;26;11;2022;03:30;5;75;75120;2;7;1;3;AVENUE DE LA PORTE DE MONTREUIL;48,8537565027;2,4120223448
202200054868;18;9;2022;17:00;1;51;51454;2;1;1;2;avenue Brébant;49,2591400000;4,0095300000
202200054869;4;5;2022;11:15;1;75;75120;2;4;1;1;RUE MARYSE HILSZ;48,8510040000;2,4126930000
202200054870;13;2;2022;19:05;5;93;93064;1;1;1;4;AUTOROUTE A3;48,8837955465;2,4715590477
202200054871;15;10;2022;22:00;5;63;63113;2;4;1;2;LIONDARDS (RUE NOUVELLE DES);45,7588100000;3,0872300000
202200054872;17;5;2022;21:15;5;42;42218;2;2;1;3;Rue Ampére;45,4484900000;4,3859400000
202200054873;10;7;2022;18:00;1;93;93051;1;1;1;4;A4;48,8346467665;2,5847656546
202200054874;24;3;2022;17:30;1;77;77053;2;7;1;6;RUE PASTEUR;48,6940300000;2,6178400000
202200054875;1;1;2022;19:45;5;91;91326;2;1;1;2;COUR DE FRANCE (AVENUE DE LA);48,6874850000;2,3719540000
202200054876;18;9;2022;07:04;5;49;49007;2;1;1;7;Pont Jean Moulin;47,4892400000; -0,5462400000
202200054877;26;11;2022;02:55;5;75;75110;2;2;1;3;RUE DU FAUBOURG DU TEMPLE;48,8700060000;2,3710560000
202200054878;3;6;2022;12:15;1;63;63037;1;3;1;3;D67;45,6355150000;3,6878600000
202200054879;3;5;2022;12:50;1;75;75116;2;1;1;2;AVENUE DU PRESIDENT WILSON;48,8635200000;2,2889850000
202200054880;13;2;2022;15:55;1;92;92036;1;1;1;2;AUTOROUTE A86;48,9390477042;2,3061190135
202200054881;23;3;2022;19:40;5;77;77058;2;1;1;6;D5;48,8359900000;2,7222800000
202200054882;10;7;2022;13:20;1;94;94017;1;1;1;3;A4;48,8267840801;2,5141683324
202200054883;1;10;2022;18:50;2;62;62570;2;2;1;3;TAVERNE (FERDINAND);50,4100300000;2,8577200000
202200054884;1;1;2022;09:50;1;41;41018;2;1;1;6;COLOMB (RUE CHRISTOPHE);47,5924100000;1,3032300000
202200054885;3;6;2022;21:30;2;61;61230;2;1;1;7;14 Rue Abbe Brionne;48,5290180000;0,7525470000
202200054886;9;8;2022;16:40;1;976;97611;2;2;1;3;m'tsapere-Nationale 2 (route); -12,7875200000;45,2253700000
202200054887;25;11;2022;20:35;5;75;75108;2;7;2;6;AVENUE DE MESSINE;48,8755610000;2,3147960000
202200054888;18;9;2022;12:40;1;45;45234;1;1;1;3;D2060 PK 94 + 720;47,9268430000;1,9397380000
202200054889;1;1;2022;10:20;1;988;98818;2;1;1;6;ROUTE DE LA BAIE DES DAMES; -22,2326700000;166,4310100000
202200054890;6;6;2022;16:30;1;55;55535;1;1;1;7;D618;49,3075954398;5,6552804868
202200054891;8;7;2022;20:00;1;94;94017;1;1;1;2;A4;48,8285362143;2,4768465370
202200054892;5;5;2022;10:20;1;75;75115;2;3;1;3;RUE DE LA CONVENTION;48,8364540000;2,2991630000
202200054893;19;10;2022;10:00;1;62;62193;2;6;2;2;Boulevard de la Resistance;50,9599800000;1,8442860000
202200054894;8;8;2022;13:50;1;974;97416;1;1;1;7;RN03; -21,3310000000;55,4668000000
202200054895;25;3;2022;10:00;1;77;77243;2;1;1;2;D231;48,8731300000;2,7259500000
202200054896;13;2;2022;18:00;2;93;93027;1;1;1;4;AUTOROUTE A86;48,9240700000;2,3849500000
202200054897;26;11;2022;18:30;5;75;75103;2;3;1;6;RUE SAINT MARTIN;48,8667400000;2,3542680000
202200054898;4;6;2022;09:10;1;55;55142;1;1;1;7;D10;48,4639690000;5,5058400000
202200054899;19;10;2022;17:20;1;60;60175;2;1;1;6;Rue de Chatillon;49,2582700000;2,4790300000
202200054900;8;8;2022;11:15;1;974;97411;2;1;1;2;RAMBAUD (LEOPOLD); -20,8856500000;55,4814300000
202200054901;2;1;2022;03:45;5;976;97611;2;1;1;2;m'tsapere-Nationale 2 (route); -12,7861200000;45,2256400000
202200054902;8;7;2022;18:30;1;93;93051;1;1;1;3;A4;48,8365999172;2,5423853344
202200054903;24;3;2022;09:20;1;72;72181;2;1;1;1;YOKEL (RUE);47,9665657397;0,2197730539
202200054904;4;5;2022;18:20;1;75;75114;2;2;1;3;BOULEVARD JOURDAN;48,8212140000;2,3342960000
202200054905;18;9;2022;11:50;1;45;45234;2;2;1;2;D951 PK 92 + 290;47,8943200000;1,9009200000
202200054906;4;6;2022;15:17;1;49;49367;1;1;1;7;D770;47,5950870000; -0,8601310000
202200054907;12;2;2022;11:35;1;95;95241;1;1;1;3;RN 104;49,0465000000;2,4387000000
202200054908;7;7;2022;13:35;1;77;77514;1;1;1;7;A104;48,9458000000;2,6288000000
202200054909;19;10;2022;17:45;1;59;59378;2;1;1;2;MARNE AVENUE DE LA;50,6736700000;3,1067500000
202200054910;25;11;2022;22:15;3;75;75104;2;3;1;3;BOULEVARD HENRI IV;48,8504470000;2,3601140000
202200054911;25;3;2022;14:35;1;69;69290;2;3;1;3;Boulevard de Parilly;45,7147400000;4,9058500000
202200054912;1;1;2022;19:35;5;976;97611;2;9;1;1;m'tsapere-M'tsapéré- M'tsangani ( rue ); -12,7924800000;45,2179500000
202200054913;8;8;2022;14:00;1;974;97407;2;9;1;5;COMPAGNIE DES INDES (BD DE LA) ; -20,9449000000;55,3193000000
202200054914;5;5;2022;17:35;1;75;75101;2;2;1;2;QUAI DE LA MEGISSERIE;48,8584920000;2,3424830000
202200054915;18;9;2022;01:45;4;44;44009;1;1;1;1;N844;47,2299200000; -1,4695970000
202200054916;20;10;2022;09:50;1;56;56083;2;6;7;6;BRUANT ( AV. ARISTIDE );47,8025900000; -3,2597900000
202200054917;3;6;2022;16:20;1;49;49112;1;1;1;1;D347;47,1701110000; -0,1389600000
202200054918;6;7;2022;22:15;3;94;94018;1;1;1;6;A4;48,8176187265;2,4186579611
202200054919;13;2;2022;17:05;1;94;94073;1;1;1;2;A86 INT;48,7661514738;2,3793425559
202200054920;9;8;2022;11:20;1;973;97302;2;1;1;6;RABAN (ROUTE DE);4,9267087028; -52,3139709234
202200054921;1;1;2022;23:00;3;974;97407;2;9;1;7;ROUTE DU SACRE COEUR; -20,9538300000;55,3083800000
202200054922;5;5;2022;12:00;1;75;75104;2;3;1;6;QUAI DE L HOTEL DE VILLE;48,8560350000;2,3507610000
202200054923;24;3;2022;12:10;1;67;67482;2;3;1;6;SLEIDAN (RUE);48,5856500000;7,7691600000
202200054924;2;6;2022;17:15;1;49;49002;2;1;1;1;Rue du Bellay;47,2947490000;0,0219940000
202200054925;20;10;2022;08:32;1;56;56121;2;2;1;3;1 Rue Victor Massé;47,7501500000; -3,3618500000
202200054926;26;11;2022;16:58;5;94;94046;2;1;1;3;REPUBLIQUE (AV DE LA);48,8062400000;2,4419800000
202200054927;17;9;2022;16:50;1;41;41018;1;1;1;3;RD 952;47,5425000000;1,2835400000
202200054928;6;7;2022;11:30;1;94;94017;1;1;1;4;A4;48,8268050000;2,5124020000
202200054929;12;2;2022;16:30;1;973;97302;2;3;2;6;BOUDINOT (AUGUSTE) CITE THEMIRE;4,9332526860; -52,3195418715
202200054930;23;3;2022;09:44;1;66;66136;2;1;1;6;FARINES (DES);42,6984700000;2,8993700000
202200054931;1;1;2022;00:30;5;973;97302;2;1;1;3;MERE THERESA (rue);4,9251369436; -52,3125198483
202200054932;26;11;2022;15:40;1;94;94076;2;1;1;6;REPUBLIQUE (AV DE LA);48,7883840202;2,3577469051
202200054933;18;9;2022;09:01;1;38;38563;2;1;7;6;D1075;45,3673700000;5,5910400000
202200054934;9;8;2022;15:00;1;69;69386;2;2;1;3;Rue Masséna;45,7636800000;4,8552500000
202200054935;20;10;2022;22:05;3;54;54482;2;7;3;6;BARROIS (PLACE GERARD);48,7000000000;6,2046600000
202200054936;5;5;2022;07:30;1;75;75104;2;2;1;3;RUE DES ARCHIVES;48,8575020000;2,3542500000
202200054937;1;1;2022;03:55;4;972;97209;2;1;1;6;MARNE (BOULEVARD DE LA);14,6049400000; -61,0847200000
202200054938;12;2;2022;11:20;1;64;64483;2;1;1;6;SAINT PEE (VIEILLE ROUTE DE);43,3907296207; -1,6378748417
202200054939;13;2;2022;00:45;3;74;74281;1;1;1;2;RD 1005;46,3541500000;6,4710400000
202200054940;6;6;2022;14:10;1;12;12103;1;1;1;1;la cambuse haute;44,6054900000;2,6078050000
202200054941;9;8;2022;11:15;1;69;69387;2;7;1;6;Cours Gambetta;45,7548970083;4,8440553228
202200054942;18;9;2022;11:20;1;38;38185;2;1;1;6;Cours Liberation Gal de Gaulle;45,1796300000;5,7161100000
202200054943;26;11;2022;05:40;5;94;94065;2;1;1;1;CHARLES LINDBERGH (AV);48,7502900000;2,3548000000
202200054944;25;3;2022;17:10;1;64;64445;2;2;1;1;HENRI D'ALBRET;43,3016764227; -0,3838562965
202200054945;20;10;2022;12:05;1;54;54439;2;3;2;3;SABLES (RUE DES);48,7072500000;6,2526900000
202200054946;5;5;2022;14:00;1;94;94076;2;2;1;3;PAUL VAILLANT COUTURIER (AV);48,7945600000;2,3602700000
202200054947;3;6;2022;08:55;1;12;12090;1;1;1;7;D67;44,3572270000;2,5243880000
202200054948;12;2;2022;14:30;1;42;42044;2;1;1;6;Rue du 11 Novembre;45,3971600000;4,3300700000
202200054949;1;1;2022;06:52;1;971;97101;2;2;1;3;JEAN  IGNACE (RUE) ;16,2509482571; -61,5203154087
202200054950;18;9;2022;20:08;1;37;37261;2;2;1;3;PLAT D'ETAIN (RUE DU);47,3836400000;0,6720900000
202200054951;9;8;2022;16:45;1;69;69389;2;2;1;3;Quai Paul Sédallian;45,7952400000;4,8250700000
202200054952;25;3;2022;16:25;1;64;64348;2;1;1;3;CHARLES DE GAULLE;43,3118141866; -0,4140257835
202200054953;20;10;2022;13:45;1;51;51454;2;3;1;3;avenue du Général Giraud;49,2408000000;4,0529300000
202200054954;26;11;2022;15:45;1;94;94033;2;1;1;3;Avenue Louison Bobet;48,8516831096;2,4919691560
202200054955;12;2;2022;21:30;3;974;97411;1;1;1;2;LITTORAL (ROUTE 1 DU); -20,8755300000;55,4309500000
202200054956;1;1;2022;03:50;5;2A;2A004;2;1;1;6;ILES SANGUINAIRES ROUTE DES;41,9090692853;8,7189479471
202200054957;5;7;2022;16:35;1;29;29039;2;1;1;6;Rue de Kerneac'H;47,8849058620; -3,9200261230
202200054958;4;5;2022;23:40;5;94;94033;2;2;1;1;Rue Emile Zola / Avenue Victor Hugo;48,8573692076;2,4711942673
202200054959;6;6;2022;06:00;2;42;42001;1;1;1;6;Route de Montcoudiol;45,4075500000;4,1227910000
202200054960;8;8;2022;17:55;2;971;97101;1;9;1;6;DOTHEMARE;16,2707407488; -61,5104126930
202200054961;25;3;2022;13:45;1;64;64102;2;1;1;2;RESPLANDY (AVENUE DU CAPITAINE);43,4841000000; -1,4506500000
202200054962;5;5;2022;09:15;1;94;94054;2;1;1;6;Rue Christophe Colomb;48,7498200000;2,4184600000
202200054963;20;10;2022;08:40;1;51;51454;2;4;2;3;chemin des Charbonniers;49,2325600000;4,0242000000
202200054964;5;7;2022;09:51;1;27;27229;2;1;1;6;ORLEANS (RUE D');49,0032703653;1,1519765854
202200054965;1;1;2022;01:51;5;91;91549;2;2;1;3;BOIS CLAIRS (AVENUE DES);48,6423390000;2,3399720000
202200054966;2;6;2022;12:45;1;46;46128;2;6;1;6;Rond-point intersection RD840-RD807-R15;44,7767170000;1,7330290000
202200054967;25;3;2022;00:50;5;64;64102;2;9;1;7;Giratoire de Hargous;43,5031900000; -1,4637500000
202200054968;26;11;2022;17:00;5;94;94055;1;1;1;5;Avenue Maurice Schumann;48,7805900000;2,5371800000
202200054969;18;9;2022;04:20;5;33;33063;2;1;1;2;Rue Jean Hameau;44,8667800000; -0,5678000000
202200054970;9;8;2022;14:17;1;2A;2A004;2;6;1;3;SEBASTIANU COSTA BD;41,9388600000;8,7420700000
202200054971;12;2;2022;20:00;3;973;97302;2;2;1;6;BARTHELEMY (RENE);4,9336800000; -52,3304400000
202200054972;1;1;2022;07:20;5;76;76410;2;1;1;2;Route de Dieppe;49,4789300000;1,0470100000
202200054973;20;10;2022;07:25;2;51;51454;2;1;2;7;avenue Georges Clemenceau;49,2511351017;4,0491405129
202200054974;2;6;2022;16:30;1;47;47041;1;1;1;7;D213;44,2102070000;0,4098750000
202200054975;5;7;2022;09:38;1;27;27229;2;1;1;6;COLBERT (RUE);49,0110000000;1,1700000000
202200054976;5;5;2022;06:15;2;94;94002;2;2;1;3;Rue Marcel Bourdarias/ Rue Louis Blanc;48,8079000000;2,4221000000
202200054977;24;3;2022;17:56;1;63;63014;2;6;1;3;GERGOVIE (RUE DE);45,7503937182;3,1065874547
202200054978;26;11;2022;08:05;1;93;93072;2;3;1;3;Boulevard Maxime Gorki / Avenue Gaston Monmousseau;48,9476300000;2,3864700000
202200054979;12;2;2022;20:15;5;971;97113;2;1;1;6;GENERAL DE GAULLE (AVENUE);16,2060100000; -61,4902100000
202200054980;8;8;2022;12:17;1;2A;2A004;2;1;1;3;RECCO ABBE BOULEVARD;41,9385300000;8,7411700000
202200054981;4;6;2022;14:00;1;47;47298;1;1;2;7;Bique;44,4132160000;0,2252870000
202200054982;1;1;2022;20:20;5;69;69266;2;2;1;3;Cours Docteur Jean Damidot;45,7616837498;4,8820415139
202200054983;19;10;2022;08:00;2;51;51454;2;2;8;3;place du Général Gouraud;49,2441900000;4,0495500000
202200054984;5;7;2022;20:20;1;75;75110;2;3;1;7;RUE DU FAUBOURG SAINT DENIS;48,8780530000;2,3564750000
202200054985;14;3;2022;15:10;1;62;62193;2;1;1;3;MOLLIEN;50,9561340000;1,8659980000
202200054986;18;9;2022;15:30;1;27;27681;2;1;1;7;GISORS (ROUTE DE);49,1097200000;1,4893600000
202200054987;5;5;2022;15:30;1;93;93070;2;3;1;6;Rue du Docteur Bauer / Rue Berthe;48,9088000000;2,3394400000
202200054988;26;11;2022;08:20;1;93;93048;2;3;1;3;MARCHE (PLACE DU);48,8577295822;2,4340242351
202200054989;9;8;2022;13:30;1;95;95210;2;1;1;3;Rue du Départ;48,9745106601;2,3049777746
202200054990;20;10;2022;17:40;1;50;50502;2;1;1;2;TORIGNI;49,1079450000; -1,0714150000
202200054991;2;6;2022;15:08;1;47;47100;1;1;1;7;D302;44,2359180000;0,6355010000
202200054992;1;1;2022;19:15;5;69;69282;2;4;8;6;88 Rue de la République;45,7657600000;5,0075700000
202200054993;10;2;2022;17:40;1;971;97101;1;1;1;2;RN1 ROCADE DE CHAUVEL;16,2339100000; -61,5280100000
202200054994;18;9;2022;09:00;1;22;22278;2;1;1;7;REPUBLIQUE (DE LA);48,5207900000; -2,7308300000
202200054995;5;7;2022;08:35;1;92;92012;2;1;1;6;REINE (ROUTE DE LA) 39/107 BIS;48,8399810377;2,2368778288
202200054996;26;11;2022;20:40;5;93;93030;2;1;1;3;212 Avenue du 8 Mai 1945;48,9522900000;2,4414900000
202200054997;25;3;2022;13:40;1;59;59350;2;3;1;2;MITTERIE RUE DE LA;50,6472000000;3,0027600000
202200054998;1;1;2022;11:35;1;64;64102;2;1;1;7;Rue du Moulin d’Aritxague;43,4776734306; -1,4928424358
202200054999;4;5;2022;21:33;5;93;93048;2;2;8;3;Rue de Stalingrad / Rue des 4 Ruelles;48,8533491988;2,4484000504
202200055000;12;2;2022;13:30;1;91;91692;2;1;1;2;CHAMPS LASNIERS (AVENUE);48,6841300000;2,1697400000
202200055001;18;10;2022;11:55;1;50;50129;1;1;1;5;GRANCHETTE (LA);49,6285400000; -1,6719900000
202200055002;26;3;2022;17:05;1;14;14543;2;6;1;7;D613;49,1984620000; -0,4573760000
202200055003;25;11;2022;13:35;1;92;92049;2;1;1;3;PERI RUE GABRIEL N°2 A 36;48,8187150000;2,3181340000
202200055004;9;8;2022;11:45;1;91;91421;2;2;1;5;NATIONALE 6 (PARTIE FORET);48,6836600000;2,4896000000
202200055005;1;1;2022;14:45;1;54;54482;2;1;1;3;BARTHOU (RUE LOUIS);48,6977807356;6,2068526746
202200055006;4;5;2022;17:57;1;93;93029;2;6;1;3;Rue Charles Gide / Rue de la République;48,9214900000;2,4443100000
202200055007;25;3;2022;20:45;5;57;57480;2;2;1;3;MONSEIGNEUR HEINTZ (RUE );49,0992064315;6,1574842036
202200055008;11;2;2022;22:15;5;81;81065;2;1;1;6;JULIEN ( RUE LUDOVIC);43,5925600000;2,2011000000
202200055009;14;10;2022;07:55;2;50;50129;2;2;2;3;MILLET (AVENUE JEAN-FRANCOIS);49,6334700000; -1,6174700000
202200055010;20;1;2022;13:15;1;14;14726;1;2;1;3;D55;48,8840500000; -0,7895990000
202200055011;1;1;2022;14:12;1;54;54274;2;1;1;2;DE GAULLE (AVENUE DU GAL);48,6618222664;6,2071785629
202200055012;26;11;2022;18:30;4;92;92025;2;2;1;1;STALINGRAD (AV DE);48,9357509335;2,2607803345
202200055013;5;5;2022;16:45;1;93;93030;2;1;1;6;2 Avenue du 8 Mai 1945;48,9538610864;2,4429591896
202200055014;23;3;2022;12:00;1;56;56260;2;1;1;6;HUGO(AVENUE VICTOR) 33 A 63 ET 40 A 66;47,6628600000; -2,7562500000
202200055015;6;8;2022;13:46;1;87;87085;1;9;1;3;TOULOUSE (RUE DE);45,7985770000;1,2956720000
202200055016;17;9;2022;17:35;1;17;17415;1;6;1;3;GATERAT LE GRAND;45,7456500000; -0,6917000000
202200055017;20;10;2022;11:04;1;49;49007;2;1;1;6;FAIDHERBE;47,4649300000; -0,5599900000
202200055018;28;4;2022;14:19;1;973;97302;2;1;1;3;MONTABO (ROUTE DE) 3;4,9372481674; -52,2979715466
202200055019;24;3;2022;00:40;4;56;56098;2;1;1;6;ROHU (ZONE INDUSTRIELLE ET PORTUAIRE);47,7495500000; -3,3230900000
202200055020;1;1;2022;02:05;5;51;51230;2;1;8;7;Rue de l’Hôpital Auban Moët;49,0363088513;3,9541420341
202200055021;26;11;2022;10:15;1;92;92024;2;2;1;6;HENRI BARBUSSE (RUE) DE (1 A 73)   (2 A;48,8995610732;2,3052317798
202200055022;20;10;2022;13:05;1;43;43157;2;1;8;7;Rue Louis Pascal;45,0498700000;3,8994900000
202200055023;6;8;2022;10:27;1;87;87085;2;1;1;3;GORDINI ( RUE AMEDEE);45,8968300000;1,2829900000
202200055024;18;9;2022;22:00;5;13;13207;2;3;1;2;Corniche John Fitzgérald Kennedy;43,2883800000;5,3530900000
202200055025;4;5;2022;12:45;1;93;93027;2;4;1;3;Boulevard Pasteur / Avenue Michelet;48,9271647328;2,3850712180
202200055026;25;3;2022;14:45;1;54;54526;1;1;1;6;BRIGACHTAL (AVENUE DE);48,6962741753;6,2194767594
202200055027;27;11;2022;00:35;5;80;80595;2;1;1;6;23 Grande Rue;49,7436910000;2,5157200000
202200055028;28;4;2022;10:20;1;973;97302;2;2;2;6;DE GAULLE (AVENUE);4,9390800000; -52,3305100000
202200055029;6;8;2022;11:57;1;87;87085;2;1;1;6;CARMES (PLACE DES);45,8299500000;1,2496400000
202200055030;5;10;2022;12:15;1;42;42218;2;2;1;3;Boulevard Fredo Krumnow;45,4416800000;4,3789600000
202200055031;1;1;2022;05:00;5;38;38185;2;2;1;3;PLACE GUSTAVE RIVET ;45,1817700000;5,7275800000
202200055032;5;5;2022;14:50;1;93;93010;2;3;1;6;Route d'Aulnay / Rue Paul Renaud;48,9103390000;2,4802450000
202200055033;25;3;2022;13:00;1;54;54395;2;1;1;6;BOUFFLERS (AV. DE 74 A 334 - 53 A 399);48,6887848540;6,1636385322
202200055034;18;9;2022;14:00;1;13;13211;2;1;1;3;RTE D' ALLAUCH;43,3077733786;5,5011658077
202200055035;26;11;2022;22:30;3;35;35084;1;1;2;6;quaranquer;47,8769721747; -2,1091832221
202200055036;29;4;2022;21:00;1;78;78481;2;1;1;1;LATTRE DE TASSIGNY (AVE DU MARECHAL DE);48,8979000000;2,1077000000
202200055037;8;8;2022;23:45;5;83;83123;2;1;1;1;ROUTE DE BANDOL;43,1341600000;5,7796600000
202200055038;12;2;2022;15:35;1;77;77374;1;1;1;6;D21;48,7960300000;2,7186200000
202200055039;1;1;2022;00:50;5;35;35238;2;1;1;6;SAINT-HELIER;48,1073000000; -1,6717000000
202200055040;20;10;2022;12:14;1;38;38185;2;2;8;3;Boulevard Marechal Foch;45,1804700000;5,7196300000
202200055041;5;5;2022;09:05;1;92;92046;2;1;8;6;Charles de gaulle;48,8224482022;2,2987639010
202200055042;18;9;2022;18:04;1;06;06088;2;1;1;3;VEIL (AV. SIMONE);43,6909800000;7,2003700000
202200055043;25;3;2022;19:00;5;51;51454;2;1;1;1;Avenue Jean Jaurès;49,2613750397;4,0502053499
202200055044;25;11;2022;15:30;1;01;01443;1;1;1;6;D2;45,9814860000;5,0444410000
202200055045;1;1;2022;04:50;5;31;31555;2;1;1;6;BD PIERRE ET MARIE CURIE;43,6251660000;1,4412530000
202200055046;6;5;2022;13:27;1;63;63113;2;1;1;3;PUY DE DOME (AVENUE DU);45,7879000000;3,0575900000
202200055047;5;5;2022;11:15;1;92;92062;2;1;1;7;POMPIDOU (AV GEORGES) N°2 A 18;48,8739800000;2,2362600000
202200055048;19;10;2022;17:00;1;38;38421;2;1;1;3;Avenue Jules Vallès;45,1766700000;5,7522600000
202200055049;18;9;2022;10:35;1;03;03013;2;1;1;6;Rue de la Laïcité;46,5872460000;3,3089580000
202200055050;8;8;2022;17:45;1;83;83069;1;1;1;1;PIERREFEU (ROUTE DE) RD 12;43,1615000000;6,1246000000
202200055051;26;11;2022;17:15;2;83;83072;1;1;1;6;Route de Saint-antonin;43,4978083746;6,3401255792
202200055052;24;3;2022;08:02;1;51;51230;2;2;7;3;Boulevard de la Motte;49,0461098172;3,9571152627
202200055053;1;1;2022;23:55;5;14;14220;2;6;2;6;Place Morny;49,3595700000;0,0770750000
202200055054;4;5;2022;07:43;1;63;63075;2;2;1;3;THERMES (AVENUE DES);45,7758600000;3,0679400000
202200055055;20;10;2022;20:20;5;37;37261;2;1;1;2;BASTIE (RUE MARYSE);47,3800300000;0,6717200000
202200055056;12;2;2022;21:25;5;77;77217;1;1;1;2;D319;48,6828500000;2,6393100000